cik,filing_date,ticker,accession_number,filing_url,supporting_text,t_0,t_pre,days_since_prev_event,event_date
0001815442,2024-01-05,KYMR,0001193125-24-003373,https://www.sec.gov/Archives/edgar/data/1815442/0001193125-24-003373.txt,"the Company agreed to issue and sell an aggregate of (a) 2,250,495 shares (the ""Shares"") of its common stock, par value $0.0001 per share (the ""Common Stock""), at a price to the public of $25.25 per share, and (b) pre-funded warrants to purchase up to 8,640,594 shares of the Company's Common Stock (the ""Pre-Funded Warrants""), at a price to the public of $25.2499 per warrant",2024-01-08,2024-01-04,,2024-01-05
0001640266,2024-01-08,VYGR,0001104659-24-002271,https://www.sec.gov/Archives/edgar/data/1640266/0001104659-24-002271.txt,"On January 4, 2024, Voyager Therapeutics, Inc. (the ""Company"") entered into an underwriting agreement (the ""Underwriting Agreement"") with Citigroup Global Markets Inc. and Guggenheim Securities, LLC, as representatives of the several underwriters named therein (the ""Underwriters""), relating to an underwritten public offering (the ""Offering"") of 7,777,778 shares (the ""Firm Stock"") of the Company's common stock, par value $0.001 per share (the ""Common Stock""), and, in lieu of Common Stock to certain investors, pre-funded warrants (the ""Pre-Funded Warrants"") to purchase up to 3,333,333 shares of Common Stock (the ""Warrant Stock""). The public offering price of the Firm Stock is $9.00 per share, and the public offering price of the Pre-Funded Warrants is $8.999 per share underlying each Pre-Funded Warrant.",2024-01-09,2024-01-05,,2024-01-08
0001604464,2024-01-09,ATRA,0001193125-24-005188,https://www.sec.gov/Archives/edgar/data/1604464/0001193125-24-005188.txt,"the Company agreed to issue and sell to the Purchasers in a registered direct offering (the ""Registered Offering"") pre-funded warrants...The aggregate gross proceeds to the Company from the Registered Offering are expected to be approximately $15.0 million, before deducting estimated offering expenses payable by the Company.",2024-01-10,2024-01-08,,2024-01-09
0001653087,2024-01-19,ALEC,0001193125-24-010647,https://www.sec.gov/Archives/edgar/data/1653087/0001193125-24-010647.txt,"On January 17, 2024, Alector, Inc. (the ""Company"") entered into an underwriting agreement (the ""Underwriting Agreement"") with Cantor Fitzgerald & Co. (the ""Underwriter""), relating to the issuance and sale (the ""Offering"") of 10,869,566 shares of the Company's common stock, par value $0.0001 per share, at a price per share of $6.57 to be paid by the Underwriter (the ""Underwritten Shares""). The gross proceeds from the Offering are expected to be approximately $75 million before deducting underwriting discounts and commissions and estimated offering expenses payable by the Company.",2024-01-22,2024-01-18,,2024-01-19
0001833214,2024-01-26,SABS,0000950170-24-007941,https://www.sec.gov/Archives/edgar/data/1833214/0000950170-24-007941.txt,"On January 26, 2024, SAB Biotherapeutics, Inc. (the ""Company"") entered into a Controlled Equity Offering℠ Sales Agreement (the ""Agreement"") with Cantor Fitzgerald & Co. (the ""Agent"")... the Company may offer and sell from time to time through or to the Agent, as sales agent, the Company's common stock, par value $0.0001 per share, having an aggregate offering price of up to $20,000,000 (the ""Placement Shares""). The Placement Shares are registered under the Securities Act of 1933, as amended (the ""Securities Act""), and will be offered and sold pursuant to the Company's shelf registration statement on Form S-3.",2024-01-29,2024-01-25,,2024-01-26
0001991792,2024-01-30,CGON,0001193125-24-018715,https://www.sec.gov/Archives/edgar/data/1991792/0001193125-24-018715.txt,"On January 29, 2024, the Company completed its IPO of 23,000,000 shares of its common stock, which includes the exercise in full by the underwriters of their option to purchase 3,000,000 additional shares, at a public offering price of $19.00 per share. The gross proceeds to the Company from the IPO were $437.0 million, before deducting underwriting discounts and commissions and estimated offering expenses payable by the Company.",2024-01-31,2024-01-29,,2024-01-30
0001649094,2024-01-31,PCVX,0001193125-24-021084,https://www.sec.gov/Archives/edgar/data/1649094/0001193125-24-021084.txt,"Vaxcyte entered into an underwriting agreement relating to the issuance and sale of 10,937,500 shares of its common stock at a price to the public of $64.00 per share, and pre-funded warrants to purchase 781,250 shares at a price to the public of $63.999 per pre-funded warrant. The net proceeds to Vaxcyte from the Offering, including the exercise by the Underwriters of their 30-day option to purchase additional shares, is expected to be $816.5 million.",2024-02-01,2024-01-30,,2024-01-31
0001750149,2024-02-01,IKT,0001193125-24-021850,https://www.sec.gov/Archives/edgar/data/1750149/0001193125-24-021850.txt,"On February 1, 2024, Inhibikase Therapeutics, Inc. (the ""Company"") entered into an At The Market Offering Agreement (the ""Agreement"") with H.C. Wainwright & Co., LLC, as sales agent (the ""Agent""), pursuant to which the Company may, from time to time, issue and sell shares of its common stock, par value $0.001 per share, in an aggregate offering price of up to $5,659,255 (the ""Shares"") through the Agent.",2024-02-02,2024-01-31,,2024-02-01
0000876343,2024-02-06,LCTX,0001493152-24-005046,https://www.sec.gov/Archives/edgar/data/876343/0001493152-24-005046.txt,"Lineage entered into a stock purchase agreement relating to the purchase and sale in a registered direct offering of an aggregate of 13,461,540 common shares of the Company. The offering price was $1.04 per common share. The aggregate gross proceeds to Lineage from the offering are expected to be $14.0 million before deducting estimated offering expenses.",2024-02-07,2024-02-05,,2024-02-06
0001788028,2024-02-06,JSPR,0001213900-24-010267,https://www.sec.gov/Archives/edgar/data/1788028/0001213900-24-010267.txt,"On February 6, 2024, Jasper Therapeutics, Inc. (the ""Company"") entered into an underwriting agreement (the ""Underwriting Agreement"") with Cowen and Company, LLC and Evercore Group L.L.C., as the representatives of the several underwriters named therein (the ""Underwriters""), relating to an underwritten offering (the ""Offering"") of 3,900,000 shares of the Company's voting common stock (""Common Stock""). The offering price is $12.95 per share of Common Stock and the Underwriters have agreed to purchase the shares of Common Stock pursuant to the Underwriting Agreement at a price of $12.17 per share of Common Stock.",2024-02-07,2024-02-05,,2024-02-06
0001770121,2024-02-08,SANA,0001193125-24-028506,https://www.sec.gov/Archives/edgar/data/1770121/0001193125-24-028506.txt,"The net proceeds to the Company from the Offering are expected to be approximately $156.6 million, after deducting underwriting discounts and commissions and estimated offering expenses payable by the Company and assuming no exercise of the Underwriters' option to purchase additional shares. The Offering is expected to close on February 12, 2024, subject to the satisfaction of customary closing conditions.",2024-02-09,2024-02-07,,2024-02-08
0001730463,2024-02-08,AUTL,0001193125-24-028372,https://www.sec.gov/Archives/edgar/data/1730463/0001193125-24-028372.txt,"On February 8, 2024, Autolus Therapeutics plc (the ""Company"") entered into an underwriting agreement (the ""Underwriting Agreement"") with Jefferies LLC and Truist Securities, Inc. as representatives of the several underwriters named therein (the ""Underwriters""), in connection with the issuance and sale by the Company in an underwritten registered direct offering (the ""Offering"") by the Company of 58,333,336 American Depositary Shares (""ADSs"") representing 58,333,336 ordinary shares of the Company at an offering price of $6.00 per ADS. Gross proceeds from the Offering, before deducting underwriting discounts and commissions and offering expenses payable by the Company, are expected to be $350 million.",2024-02-09,2024-02-07,,2024-02-08
0001858848,2024-02-08,TNYA,0001193125-24-027611,https://www.sec.gov/Archives/edgar/data/1858848/0001193125-24-027611.txt,"On February 7, 2024, Tenaya Therapeutics, Inc. (the ""Company"") entered into an underwriting agreement (the ""Underwriting Agreement"") with Leerink Partners LLC and Cowen and Company, LLC, as representatives (the ""Representatives"") of the underwriters listed therein (the ""Underwriters""), relating to the issuance and sale in an underwritten registered direct offering (the ""Offering"") of 8,888,890 shares (the ""Shares"") of the Company's common stock, par value $0.0001 per share, at an offering price of $4.50 per share and pre-funded warrants (the ""Pre-Funded Warrants"") to purchase 2,222,271 shares of the Company's common stock at an offering price of $4.499 per underlying share.",2024-02-09,2024-02-07,,2024-02-08
0001382101,2024-02-09,STRO,0001193125-24-030094,https://www.sec.gov/Archives/edgar/data/1382101/0001193125-24-030094.txt,"on February 9, 2024, the Company filed a prospectus supplement to the 2023 Form S-3 Shelf Registration Statement pursuant to Rule 424(b) under the Securities Act of 1933, as amended, to increase the aggregate dollar amount of Shares available to be sold from to time pursuant to the Sales Agreement by $100,000,000 from and including the date hereof.",2024-02-12,2024-02-08,,2024-02-09
0001650648,2024-02-09,FDMT,0001193125-24-030203,https://www.sec.gov/Archives/edgar/data/1650648/0001193125-24-030203.txt,"the Company agreed to issue and sell (the ""Offering"") 6,586,015 shares of its common stock (the ""Shares""), par value $0.0001 per share (""Common Stock""), at a price to the public of $29.50 per share, and pre-funded warrants to purchase 3,583,476 shares of Common Stock (the ""Pre-Funded Warrants"") at a price to the public of $29.4999 per Pre-Funded Warrant",2024-02-12,2024-02-08,,2024-02-09
0001994702,2024-02-12,KYTX,0001193125-24-032161,https://www.sec.gov/Archives/edgar/data/1994702/0001193125-24-032161.txt,"On February 12, 2024, the Company completed its initial public offering of 16,675,000 shares of its common stock at a price to the public of $22.00 per share, which includes the exercise by the underwriters of their option to purchase an additional 2,175,000 shares of the Company's common stock. The gross proceeds to the Company from the initial public offering were $366.9 million.",2024-02-13,2024-02-09,,2024-02-12
0000725363,2024-02-13,CVM,0001654954-24-001679,https://www.sec.gov/Archives/edgar/data/725363/0001654954-24-001679.txt,"The Offering closed on February 13, 2024. The gross proceeds from the Offering were $7,750,000 before deducting underwriting discounts and other offering expenses payable by the Company. The Shares are being offered and sold by the Company pursuant to the Company's effective registration statement on Form S-3.",2024-02-14,2024-02-12,,2024-02-13
0001425205,2024-02-20,IOVA,0001104659-24-025617,https://www.sec.gov/Archives/edgar/data/1425205/0001104659-24-025617.txt,"On February 20, 2024, Iovance Biotherapeutics, Inc. (the ""Company"") entered into an underwriting agreement (the ""Underwriting Agreement"") with Jefferies LLC, Barclays Capital Inc. and Goldman Sachs & Co. LLC (collectively, the ""Underwriters""), pursuant to which the Company agreed to issue and sell up to 23,014,000 shares of common stock (the ""Shares"") (the ""Offering""). The Shares were offered and sold in the Offering at the offering price of $9.15 per share.",2024-02-21,2024-02-16,,2024-02-20
0001425205,2024-02-22,IOVA,0001104659-24-026578,https://www.sec.gov/Archives/edgar/data/1425205/0001104659-24-026578.txt,"On February 22, 2024, Iovance Biotherapeutics, Inc. (the ""Company"") closed the sale of an aggregate of 23,014,000 shares of its common stock, $0.000041666 par value per share (the ""Shares""), in its previously disclosed offering at an offering price of $9.15 per share before underwriting discounts and commissions (the ""Offering""). The total net proceeds to the Company from the Offering are expected to be approximately $197.1 million after deducting the underwriting discounts and commissions and estimated Offering expenses payable by the Company.",2024-02-23,2024-02-21,2.0,2024-02-22
0001820190,2024-02-29,SCLX,0001193125-24-053683,https://www.sec.gov/Archives/edgar/data/1820190/0001193125-24-053683.txt,"the Company has entered into an underwriting agreement with Rodman & Renshaw LLC and StockBlock Securities LLC, as underwriters, pursuant to which the underwriters have agreed to purchase on a firm commitment basis 5,882,353 shares of common stock of the Company and accompanying common warrants...at a price to the public of $1.70 per share and accompanying Common Warrant, less underwriting discounts and commissions. The closing of the offering is expected to occur on or about March 5, 2024",2024-03-01,2024-02-28,,2024-02-29
0001357874,2024-03-01,DTIL,0001104659-24-029636,https://www.sec.gov/Archives/edgar/data/1357874/0001104659-24-029636.txt,"On March 1, 2024, Precision BioSciences, Inc. (the ""Company"") entered into an underwriting agreement (the ""Underwriting Agreement"") with Guggenheim Securities, LLC (the ""Underwriter""), in connection with the offering (the ""Offering""), issuance and sale by the Company of 2,500,000 shares of the Company's common stock, $0.000005 par value per share (the ""Common Stock""), and warrants accompanying the Common Stock to purchase up to an aggregate of 2,500,000 shares of Common Stock. The price to the public in the Offering is $16.00 per share of Common Stock and accompanying warrant.",2024-03-04,2024-02-29,,2024-03-01
0001819790,2024-03-01,TARS,0001193125-24-056209,https://www.sec.gov/Archives/edgar/data/1819790/0001193125-24-056209.txt,"The price to the public in the Offering is $32.00 per share and $31.9999 per pre-funded warrant, which is the price to the public of each share of common stock sold in the Offering, minus the $0.0001 exercise price per pre-funded warrant. The net proceeds to the Company from the Offering are expected to be approximately $93.7 million, after deducting underwriting discounts and commissions and estimated Offering expenses payable by the Company, assuming no exercise by the Underwriters of their option to purchase additional shares of common stock.",2024-03-04,2024-02-29,,2024-03-01
0001818382,2024-03-04,HUMA,0001818382-24-000026,https://www.sec.gov/Archives/edgar/data/1818382/0001818382-24-000026.txt,"On February 29, 2024, Humacyte, Inc. (the ""Company"") entered into an underwriting agreement (the ""Underwriting Agreement"") with Cowen and Company, LLC and Cantor Fitzgerald & Co. as representatives of the several underwriters named therein (collectively, the ""Underwriters""), relating to the issuance and sale in an underwritten offering (the ""Offering"") of 13,400,000 shares of the Company's common stock, $0.0001 par value per share, at a price to the public of $3.00 per share (the ""Firm Shares""). The Company also granted the Underwriters a 30-day option to purchase up to an additional 2,010,000 shares of the Company's common stock at the same price as the Firm Shares (the ""Option Shares"" and, together with the Firm Shares, the ""Shares"").",2024-03-05,2024-03-01,,2024-03-04
0001819790,2024-03-05,TARS,0001819790-24-000024,https://www.sec.gov/Archives/edgar/data/1819790/0001819790-24-000024.txt,"On March 5, 2024, the Offering closed, and the Company completed the sale and issuance of an aggregate of 3,281,250 shares of common stock, including the exercise in full of the underwriters' option to purchase additional shares, and pre-funded warrants to purchase 312,500 shares of common stock. The Company received net proceeds of approximately $107.8 million, after deducting underwriting discounts and commissions and estimated Offering expenses payable by the Company.",2024-03-06,2024-03-04,4.0,2024-03-05
0001820190,2024-03-05,SCLX,0001193125-24-059255,https://www.sec.gov/Archives/edgar/data/1820190/0001193125-24-059255.txt,"Pursuant to the Underwriting Agreement, the Company agreed to sell, in an underwritten offering (the ""Offering""), 5,882,353 shares (the ""Firm Shares"") of the Company's common stock, par value $0.0001 per share (the ""Common Stock""), and accompanying common warrants to purchase up to an aggregate of 5,882,353 shares of Common Stock (the ""Firm Warrants""). Each Firm Share was sold together with a Firm Warrant at a combined public offering price of $1.70.",2024-03-06,2024-03-04,5.0,2024-03-05
0001590877,2024-03-11,RGNX,0001193125-24-064353,https://www.sec.gov/Archives/edgar/data/1590877/0001193125-24-064353.txt,"entered into an underwriting agreement relating to the offer and sale of 4,565,260 shares of the Company's common stock at a price to the public of $23.00 per share, and 1,521,740 pre-funded warrants at a price of $22.9999 per Pre-funded Warrant. The net proceeds to the Company from the offering are expected to be approximately $131.2 million, after deducting underwriting discounts and commissions and estimated offering expenses, or $150.9 million if the Underwriters exercise in full their option to purchase the Optional Shares.",2024-03-12,2024-03-08,,2024-03-11
0001455365,2024-03-13,CGTX,0001104659-24-033923,https://www.sec.gov/Archives/edgar/data/1455365/0001104659-24-033923.txt,"On March 11, 2024, Cognition Therapeutics, Inc. (the ""Company"") entered into an underwriting agreement (the ""Underwriting Agreement"") with Titan Partners Group LLC...pursuant to which the Company agreed to issue and sell to the Underwriter, in a public offering (the ""Offering""), 6,571,428 shares of the Company's common stock at a public offering price of $1.75 per share.",2024-03-14,2024-03-12,,2024-03-13
0001434316,2024-03-21,FATE,0001193125-24-072871,https://www.sec.gov/Archives/edgar/data/1434316/0001193125-24-072871.txt,"On March 19, 2024, Fate Therapeutics, Inc. (the ""Company"") entered into an underwriting agreement (the ""Underwriting Agreement"") with BofA Securities, Inc., Jefferies LLC and Leerink Partners LLC, as representatives of the several underwriters (the ""Underwriters""), pursuant to which the Company agreed to issue and sell 14,545,454 shares of the Company's common stock, par value $0.001 per share (the ""Shares""), at an offering price of $5.50 per Share (the ""Offering""). The Company estimates that net proceeds from the Offering will be approximately $74.7 million, after deducting the Underwriters' discounts and commissions and estimated offering expenses payable by the Company.",2024-03-22,2024-03-20,,2024-03-21
0001382101,2024-04-02,STRO,0000950170-24-040345,https://www.sec.gov/Archives/edgar/data/1382101/0000950170-24-040345.txt,"On April 2, 2024, Sutro Biopharma, Inc. (the ""Company"") entered into an underwriting agreement (the ""Underwriting Agreement"") with BofA Securities, Inc., as representative of the several underwriters named therein (the ""Underwriter""), pursuant to which the Company agreed to issue and sell 14,478,764 shares of its common stock (the ""Shares"") to the Underwriter (the ""Offering""). The Shares will be sold at an offering price of $5.18 per share.",2024-04-03,2024-04-01,53.0,2024-04-02
0001649989,2024-04-12,OTLK,0001104659-24-046752,https://www.sec.gov/Archives/edgar/data/1649989/0001104659-24-046752.txt,"the Company is offering shares of its Common Stock having an aggregate offering price of up to $93,731,868. The Prospectus Supplement supersedes, and the Company has ceased the use of and the offering of Common Stock under, the Prior Registration Statement.",2024-04-15,2024-04-11,,2024-04-12
0001783328,2024-04-17,TCRX,0001193125-24-098509,https://www.sec.gov/Archives/edgar/data/1783328/0001193125-24-098509.txt,"the Company agreed to issue and sell an aggregate of (a) 2,472,581 shares (the ""Firm Shares"") of its voting common stock, par value $0.0001 per share (the ""Voting Common Stock""), at a price to the public of $7.1300 per share, and (b) pre-funded warrants to purchase up to 18,577,419 shares of the Company's Voting Common Stock (the ""Pre-Funded Warrants""), at a price to the public of $7.1299 per warrant with an exercise price of $0.0001 per share (the ""Offering"").",2024-04-18,2024-04-16,,2024-04-17
0001855485,2024-04-19,CLDI,0001493152-24-015390,https://www.sec.gov/Archives/edgar/data/1855485/0001493152-24-015390.txt,"On April 16, 2024, Calidi Biotherapeutics, Inc. agreed to sell in a public offering an aggregate of 13,232,500 Common Stock Units and 1,965,000 Pre-Funded Warrant Units at an effective combined purchase price of $0.40 per Common Stock Unit or PFW Unit for aggregate gross proceeds of approximately $6.077 million before deducting placement agent fees and offering expenses.",2024-04-22,2024-04-18,,2024-04-19
0001711754,2024-04-22,INMB,0001213900-24-034982,https://www.sec.gov/Archives/edgar/data/1711754/0001213900-24-034982.txt,"INmune Bio, Inc. (the ""Company""), entered into a securities purchase agreement (the ""Purchase Agreement"") with the purchasers set forth on the signature page thereto (the ""Purchasers"") for the purchase and sale of an aggregate of 571,592 shares of the Company's common stock (the ""Shares"") and common stock warrants to purchase 571,592 shares of its common stock (""Warrants"") in a registered direct offering. The Shares were sold at a purchase price of $8.32 per Share and Warrant, for aggregate gross proceeds to the Company of approximately $4,771,289.",2024-04-23,2024-04-19,,2024-04-22
0001820190,2024-04-25,SCLX,0001193125-24-114000,https://www.sec.gov/Archives/edgar/data/1820190/0001193125-24-114000.txt,"On April 23, 2024, Scilex Holding Company (the ""Company"") entered into a securities purchase agreement (the ""Purchase Agreement"") with the investor named therein, pursuant to which the Company agreed to sell and issue, in a registered direct offering (the ""Offering""): (i) an aggregate of 15,000,000 shares of its common stock (the ""Shares""), and (ii) common warrants to purchase up to 15,000,000 shares of its common stock (the ""Common Warrants""). The offering price per Share and accompanying Common Warrant to purchase one share of common stock is $1.00, for aggregate gross proceeds to the Company from the Offering of $15,000,000.",2024-04-26,2024-04-24,51.0,2024-04-25
0001711754,2024-04-26,INMB,0001213900-24-036668,https://www.sec.gov/Archives/edgar/data/1711754/0001213900-24-036668.txt,"INmune Bio, Inc. (the ""Company""), entered into a securities purchase agreement (the ""Purchase Agreement"") with the purchaser set forth on the signature page thereto (the ""Purchasers) for the purchase and sale of an aggregate of 986,000 shares of the Company's common stock (the ""Shares"") and common stock warrants to purchase 986,000 shares of its common stock (""Warrants"") in a registered direct offering. The Shares were sold at a purchase price of $9.84 per Share and accompanying Warrant, for aggregate gross proceeds to the Company of approximately $9,702,240.",2024-04-29,2024-04-25,4.0,2024-04-26
0000876343,2024-05-14,LCTX,0000950170-24-059689,https://www.sec.gov/Archives/edgar/data/876343/0000950170-24-059689.txt,"The Prospectus Supplement relates to the offer and sale of the Company's common shares, from time to time, having an aggregate offering price of up to $39,966,424 (the ""ATM Shares"") through B. Riley Securities, Inc. (""B. Riley"") acting as sales agent, pursuant to that sales agreement dated March 22, 2024.",2024-05-15,2024-05-13,98.0,2024-05-14
0001737287,2024-05-14,ALLO,0001193125-24-138316,https://www.sec.gov/Archives/edgar/data/1737287/0001193125-24-138316.txt,"entered into (i) an underwriting agreement (the ""Underwriting Agreement"") with Goldman Sachs & Co. LLC (the ""Underwriter"") and (ii) a securities purchase agreement (the ""Securities Purchase Agreement"") with certain of its directors and executive officers, relating to the issuance and sale in a registered offering of an aggregate of 37,931,035 shares of the Company's common stock, par value $0.001 per share. The offering price was $2.90 per share... The gross proceeds to the Company from the offering are expected to be approximately $110.0 million, before deducting the underwriting discount and commissions and estimated offering expenses payable by the Company.",2024-05-15,2024-05-13,,2024-05-14
0001826457,2024-05-16,GLUE,0001193125-24-140533,https://www.sec.gov/Archives/edgar/data/1826457/0001193125-24-140533.txt,"On May 15, 2024, Monte Rosa Therapeutics, Inc. (the ""Company"") entered into an Underwriting Agreement with TD Securities (USA) LLC, as representative of the several underwriters listed on Schedule 1 thereto, related to an underwritten public offering of 10,638,476 shares of the Company's common stock at a public offering price of $4.70 per share.",2024-05-17,2024-05-15,,2024-05-16
0001750149,2024-05-20,IKT,0001193125-24-142317,https://www.sec.gov/Archives/edgar/data/1750149/0001193125-24-142317.txt,"Pursuant to the Securities Purchase Agreement, the Company agreed to sell in the Registered Direct Offering 714,527 shares of the Company's common stock, par value $0.001 ('Common Stock'), and pre-funded warrants ('Pre-Funded Warrants') to purchase up to 957,925 shares of Common Stock. The Company expects to receive gross proceeds from the Registered Direct Offering, before deducting placement agent fees and other estimated offering expenses payable by the Company, of approximately $2.8 million.",2024-05-21,2024-05-17,109.0,2024-05-20
0001650648,2024-06-07,FDMT,0001193125-24-157521,https://www.sec.gov/Archives/edgar/data/1650648/0001193125-24-157521.txt,"On June 7, 2024, 4D Molecular Therapeutics, Inc. (the ""Company"") entered into a Sales Agreement (the ""Sales Agreement"") with Leerink Partners LLC (the ""Agent""), under which the Company may, from time to time, sell shares of the Company's common stock, par value $0.0001 per share. Pursuant to the prospectus supplement relating to the offering, the Company may sell up to $250.0 million of common stock through the Agent. Sales of the shares of common stock, if any, will be made in sales deemed to be an ""at the market offering"" as defined in Rule 415(a)(4) of the Securities Act of 1933.",2024-06-10,2024-06-06,119.0,2024-06-07
0000925741,2024-06-10,BCDA,0001437749-24-019813,https://www.sec.gov/Archives/edgar/data/925741/0001437749-24-019813.txt,"BioCardia, Inc. (the Company) sold an aggregate of 335,112 shares of its common stock at then-market prices for total gross proceeds of approximately $1.85 million under the Company's previously disclosed At The Market Offering Agreement (the Sales Agreement).",2024-06-11,2024-06-07,,2024-06-10
0001850270,2024-06-13,PROK,0001193125-24-160339,https://www.sec.gov/Archives/edgar/data/1850270/0001193125-24-160339.txt,"On June 11, 2024, ProKidney Corp. (the ""Company"") entered into an underwriting agreement (the ""Underwriting Agreement"") with Jefferies LLC, J.P. Morgan Securities LLC and Guggenheim Securities, LLC, as representatives of the several underwriters named therein (the ""Underwriters""), relating to the public offering of 42,744,220 shares of the Company's Class A ordinary shares, $0.0001 par value per share (the ""Ordinary Shares""), at an offering price to the public of $2.42 per share (the ""Public Offering"").",2024-06-14,2024-06-12,,2024-06-13
0001708527,2024-06-18,ELUT,0001104659-24-072818,https://www.sec.gov/Archives/edgar/data/1708527/0001104659-24-072818.txt,"the Company agreed to sell, in a registered direct offering (the ""Offering""), an aggregate of (i) 3,175,000 shares (the ""Shares"") of Class A common stock, par value $0.001 per share (the ""Class A Common Stock""), of the Company, and (ii) prefunded warrants (the ""Prefunded Warrants"") to purchase up to an aggregate of 725,000 shares of Class A Common Stock. The public offering price for each share of Class A Common Stock was $3.40, and the public offering price for each Prefunded Warrant was $3.399.",2024-06-20,2024-06-17,,2024-06-18
0001806310,2024-06-26,TSHA,0001193125-24-168479,https://www.sec.gov/Archives/edgar/data/1806310/0001193125-24-168479.txt,"On June 25, 2024, Taysha Gene Therapies, Inc. (the ""Company"") issued a press release announcing that it had commenced an underwritten public offering of shares of its common stock and pre-funded warrants (the ""Offering"") pursuant to an effective shelf registration statement on Form S-3.",2024-06-27,2024-06-25,,2024-06-26
0001601830,2024-06-27,RXRX,0001601830-24-000091,https://www.sec.gov/Archives/edgar/data/1601830/0001601830-24-000091.txt,"On June 26, 2024, Recursion Pharmaceuticals, Inc. entered into an underwriting agreement with Goldman Sachs & Co. LLC and J.P. Morgan Securities LLC, as representatives of the several underwriters, relating to the public offering of 30,769,230 shares of its Class A common stock at a price to the public of $6.50 per share. The gross proceeds to the Company from the offering are expected to be approximately $200 million, or $230 million if the Underwriters exercise in full their option to purchase additional shares.",2024-06-28,2024-06-26,,2024-06-27
0001567264,2024-07-03,INTS,0001628280-24-031098,https://www.sec.gov/Archives/edgar/data/1567264/0001628280-24-031098.txt,"On July 3, 2024, Intensity Therapeutics, Inc. (the ""Company"") entered into an At The Market Offering Agreement (the ""Sales Agreement"") with H.C. Wainwright & Co., LLC (""Wainwright""), pursuant to which the Company may sell and issue, from time to time, up to $15,000,000 of shares of its common stock (the ""Shares"") through Wainwright as the Company's sales agent (the ""ATM Offering"").",2024-07-05,2024-07-02,,2024-07-03
0000725363,2024-07-29,CVM,0001654954-24-009564,https://www.sec.gov/Archives/edgar/data/725363/0001654954-24-009564.txt,"On July 26, 2024, CEL-SCI Corporation entered into a Placement Agency Agreement with ThinkEquity LLC relating to the sale and issuance of 3,715,000 shares of the Company's common stock, at an offering price of $1.00 per share, and pre-funded warrants to purchase up to 7,130,000 shares of common stock, at an offering price of $0.99 per Pre-Funded Warrant.",2024-07-30,2024-07-26,167.0,2024-07-29
0001372299,2024-08-01,OCGN,0001104659-24-084689,https://www.sec.gov/Archives/edgar/data/1372299/0001104659-24-084689.txt,"On July 31, 2024, Ocugen, Inc. (the ""Company"") entered into an underwriting agreement (the ""Underwriting Agreement"") with Titan Partners Group LLC, a division of American Capital Partners, LLC (the ""Underwriter""), pursuant to which the Company agreed to issue and sell to the Underwriter, in a public offering (the ""Offering"") 30,434,783 shares of the Company's common stock, par value $0.01 per share (the ""Common Stock""), at a public offering price of $1.15 per share (the ""Offering Price"").",2024-08-02,2024-07-31,,2024-08-01
0001098972,2024-08-08,AGEN,0001193125-24-197046,https://www.sec.gov/Archives/edgar/data/1098972/0001193125-24-197046.txt,"On August 8, 2024, Agenus filed a prospectus supplement with the U.S. Securities and Exchange Commission in connection with the offer and sale of up to 13,843,015 shares (the 'Placement Shares') from time to time in 'at the market' offerings pursuant to an At Market Issuance Sales Agreement with B. Riley Securities, Inc.",2024-08-09,2024-08-07,,2024-08-08
0001735438,2024-08-13,MGTX,0001104659-24-089011,https://www.sec.gov/Archives/edgar/data/1735438/0001104659-24-089011.txt,"On August 12, 2024, MeiraGTx Holdings plc entered into an underwriting agreement with BofA Securities, Inc., in connection with the issuance and sale by the Company in a public offering of 12,500,000 shares of the Company's ordinary shares at a public offering price of $4.00 per share, less underwriting discounts and commissions, pursuant to an effective shelf registration statement on Form S-3.",2024-08-14,2024-08-12,,2024-08-13
0001815442,2024-08-20,KYMR,0001193125-24-203755,https://www.sec.gov/Archives/edgar/data/1815442/0001193125-24-203755.txt,"the Company agreed to issue and sell an aggregate of (a) 2,002,313 shares (the ""Shares"") of its common stock, par value $0.0001 per share (""Common Stock""), at a price to the public of $40.75 per share, and (b) pre-funded warrants to purchase up to 3,519,159 shares of Common Stock (the ""Pre-Funded Warrants""), at a price to the public of $40.7499 per warrant",2024-08-21,2024-08-19,228.0,2024-08-20
0000925741,2024-08-30,BCDA,0001437749-24-028087,https://www.sec.gov/Archives/edgar/data/925741/0001437749-24-028087.txt,"issued a press release announcing the pricing of its upsized public offering with participation from management, directors, institutional investors and certain existing investors of the Company for a purchase and sale of common stock and warrants.",2024-09-03,2024-08-29,81.0,2024-08-30
0000925741,2024-09-03,BCDA,0001437749-24-028190,https://www.sec.gov/Archives/edgar/data/925741/0001437749-24-028190.txt,"the Company agreed to issue, and sell and the purchasers, in the aggregate to buy, in a public offering (the ""Registered Offering"") (i) 1,377,990 shares of the Company's common stock, $0.001 par value per share (the ""Common Stock""), and accompanying warrants to purchase up to 1,377,990 shares of Common Stock (the ""Common Warrants""), at an offering price of $3.00 per share of Common Stock and accompanying Common Warrant, and (ii) pre-funded warrants (the ""Pre-Funded Warrants"") to purchase up to 1,022,010 shares of Common Stock and accompanying Common Warrants to purchase up to 1,022,010 shares of Common Stock, at an offering price of $2.999 per Pre-Funded Warrant and accompanying Common Warrant",2024-09-04,2024-08-30,4.0,2024-09-03
0001604464,2024-09-03,ATRA,0001193125-24-212168,https://www.sec.gov/Archives/edgar/data/1604464/0001193125-24-212168.txt,"On September 3, 2024, the Company entered into a securities purchase agreement (the ""Purchase Agreement"") with certain purchasers (the ""Purchasers"") pursuant to which the Company agreed to issue and sell to the Purchasers in a registered direct offering (the ""Registered Offering"") an aggregate of (i) 758,900 shares (the ""Shares"") of the Company's common stock, par value $0.0001 per share (the ""Common Stock"") and (ii) pre-funded warrants (each, a ""Pre-Funded Warrant,"" and together, the ""Pre-Funded Warrants"") to purchase up to 3,604,780 shares of Common Stock, at a purchase price of $8.25 per Share and $8.2499 per share underlying the Pre-Funded Warrants. The aggregate gross proceeds to the Company from the Registered Offering are expected to be approximately $36.0 million, before deducting estimated offering expenses payable by the Company.",2024-09-04,2024-08-30,238.0,2024-09-03
0001649094,2024-09-06,PCVX,0001193125-24-214711,https://www.sec.gov/Archives/edgar/data/1649094/0001193125-24-214711.txt,"On September 4, 2024, Vaxcyte, Inc. entered into an underwriting agreement relating to the issuance and sale of 10,194,175 shares of its common stock at a price to the public of $103.00 per share, and pre-funded warrants to purchase 2,427,184 shares of its common stock at a price to the public of $102.999 per pre-funded warrant.",2024-09-09,2024-09-05,219.0,2024-09-06
0000925741,2024-09-09,BCDA,0001437749-24-028756,https://www.sec.gov/Archives/edgar/data/925741/0001437749-24-028756.txt,"BioCardia, Inc. (the ""Company"") issued a press release announcing the closing of its $7.2 million public offering on September 3, 2024.",2024-09-10,2024-09-06,6.0,2024-09-09
0001812364,2024-09-11,RLAY,0001193125-24-217296,https://www.sec.gov/Archives/edgar/data/1812364/0001193125-24-217296.txt,"On September 10, 2024, Relay Therapeutics, Inc. (the ""Company"") entered into an Underwriting Agreement with Goldman Sachs & Co. LLC and TD Securities (USA) LLC, as representatives of the several underwriters, relating to an underwritten public offering of 28,571,429 shares of the Company's common stock at a price to the public of $7.00 per share. The Company estimates net proceeds from the Offering, after deducting the underwriting discounts and commissions and other estimated offering expenses payable by the Company, will be approximately $189.5 million.",2024-09-12,2024-09-10,,2024-09-11
0001711754,2024-09-16,INMB,0001213900-24-078783,https://www.sec.gov/Archives/edgar/data/1711754/0001213900-24-078783.txt,"entered into securities purchase agreements (the ""Purchase Agreements"") with certain investors (the ""Investors""), and directors officers and employees of the Company (the ""Insiders"") for the purchase and sale of an aggregate of 2,341,260 shares of the Company's common stock (the ""Shares"") and common stock warrants (the ""Warrants"") to purchase 2,341,260 shares of its common stock in a registered direct offering (the ""Offering""). The Shares were sold at a purchase price of $5.50 per share and related Warrant for Investors and $6.50 per share and related Warrant for Insiders, for aggregate gross proceeds to the Company of approximately $13,000,000.",2024-09-17,2024-09-13,143.0,2024-09-16
0000946644,2024-10-01,AIM,0001493152-24-039011,https://www.sec.gov/Archives/edgar/data/946644/0001493152-24-039011.txt,"On September 30, 2024, AIM ImmunoTech Inc. (the ""Company"") entered into a Securities Purchase Agreement (the ""Purchase Agreement"") to complete an offering (the ""Transactions"") with a single accredited investor (the ""Purchaser""), pursuant to which the Company will issue to the Purchaser, (i) in a registered direct offering, 4,653,036 shares of the Company's common stock (the ""Shares""), par value $0.001 per share (""Common Stock"").",2024-10-02,2024-09-30,,2024-10-01
0001818382,2024-10-07,HUMA,0001104659-24-106404,https://www.sec.gov/Archives/edgar/data/1818382/0001104659-24-106404.txt,"On October 4, 2024, Humacyte, Inc. (the ""Company"") entered into a securities purchase agreement (the ""Purchase Agreement""), pursuant to which the Company agreed to issue and sell to an investor in a registered direct offering (the ""Offering"") (i) 5,681,820 shares (the ""Shares"") of the Company's common stock, par value $0.0001 per share (the ""Common Stock""), and (ii) warrants to purchase up to 5,681,820 shares of Common Stock (the ""Warrants""). The offering price per Share and accompanying Warrant is $5.28.",2024-10-08,2024-10-04,217.0,2024-10-07
0001727196,2024-10-10,SRRK,0001104659-24-107447,https://www.sec.gov/Archives/edgar/data/1727196/0001104659-24-107447.txt,"On October 8, 2024, Scholar Rock Holding Corporation (the ""Company"") entered into an underwriting agreement (the ""Underwriting Agreement"") with J.P. Morgan Securities LLC, Jefferies LLC and Piper Sandler & Co., as representatives of the several underwriters named therein (the ""Underwriters""), relating to the issuance and sale of an aggregate of (i) 10,265,488 shares (the ""Firm Shares"") of the Company's common stock, par value $0.001 per share (the ""Common Stock""), at a price to the public of $28.25 per share and (ii) pre-funded warrants to purchase up to 353,983 shares of Common Stock (the ""Pre-Funded Warrants"") at a price to the public of $28.2499 per warrant.",2024-10-11,2024-10-09,,2024-10-10
0001855485,2024-10-11,CLDI,0001493152-24-040953,https://www.sec.gov/Archives/edgar/data/1855485/0001493152-24-040953.txt,"On October 11, 2024, Calidi Biotherapeutics, Inc. (the ""Company"") entered into an At The Market Offering Agreement (the ""Sales Agreement"") with Ladenburg Thalmann & Co. Inc. (the ""Ladenburg""), under which the Company may, from time to time, in its sole discretion, issue and sell through Ladenburg, acting as agent or principal, shares of the Company's common stock, par value $0.0001 per share (the ""Shares""), initially having an aggregate offering price of up to $5,100,000.",2024-10-14,2024-10-10,175.0,2024-10-11
0001187953,2024-10-23,CELZ,0001477932-24-006644,https://www.sec.gov/Archives/edgar/data/1187953/0001477932-24-006644.txt,"On October 22, 2024, Creative Medical Technology Holdings, Inc. (the ""Company"") entered into a securities purchase agreement (the ""Purchase Agreement"") with certain institutional investors (the ""Investors""), pursuant to which the Company agreed to sell and issue in a registered direct offering (the ""Registered Offering"") 418,552 shares (the ""Shares"") of the Company's common stock, par value $0.001 per share (the ""Common Stock"") at a purchase price per share of $4.42.",2024-10-24,2024-10-22,,2024-10-23
0001855485,2024-10-24,CLDI,0001493152-24-042406,https://www.sec.gov/Archives/edgar/data/1855485/0001493152-24-042406.txt,"the Company agreed to issue to the Purchasers, (i) in a registered offering, 2,050,000 shares of the Company's common stock (the ""Shares""), par value $0.0001 per share (""Common Stock""), at a purchase price of $1.00 per Share",2024-10-25,2024-10-23,13.0,2024-10-24
0001108205,2024-10-30,CRIS,0001108205-24-000068,https://www.sec.gov/Archives/edgar/data/1108205/0001108205-24-000068.txt,"the Company agreed to sell and issue: (i) in a registered direct offering (the ""Registered Offering""), 2,398,414 shares (the ""Shares"") of common stock... The Shares are being offered by the Company pursuant to an effective shelf registration statement on Form S-3... The aggregate gross proceeds to the Company from the Offerings are expected to be approximately $12.1 million, before deducting fees payable to the placement agents and other estimated offering expenses payable by the Company.",2024-10-31,2024-10-29,,2024-10-30
0001818382,2024-11-14,HUMA,0001104659-24-119013,https://www.sec.gov/Archives/edgar/data/1818382/0001104659-24-119013.txt,"On November 13, 2024, Humacyte, Inc. (the ""Company"") entered into a securities purchase agreement (the ""Purchase Agreement""), pursuant to which the Company agreed to issue and sell to an investor in a registered direct offering (the ""Offering"") (i) 2,808,988 shares (the ""Shares"") of the Company's common stock, par value $0.0001 per share (the ""Common Stock""), and (ii) warrants to purchase up to 2,808,988 shares of Common Stock (the ""Warrants""). The offering price per Share and accompanying Warrant is $5.34.",2024-11-15,2024-11-13,38.0,2024-11-14
0001855485,2024-11-15,CLDI,0001493152-24-046330,https://www.sec.gov/Archives/edgar/data/1855485/0001493152-24-046330.txt,"On November 14, 2024, Calidi Biotherapeutics, Inc. (the ""Company"") entered into a Placement Agency Agreement (the ""Agreement"") with Ladenburg Thalmann & Co. Inc. (the ""Placement Agent""), pursuant to which the Company agreed to issue in a public offering 4,437,869 shares of the Company's common stock (the ""Shares""), par value $0.0001 per share (""Common Stock""), a purchase price of $1.69 per Share. The closing of the offering took place on November 15, 2024. The gross proceeds from the offering were approximately $7.5 million.",2024-11-18,2024-11-14,22.0,2024-11-15
0001567264,2024-11-22,INTS,0001628280-24-048910,https://www.sec.gov/Archives/edgar/data/1567264/0001628280-24-048910.txt,"the Company agreed to issue and sell, in a registered direct offering by the Company directly to the Investor (the ""Registered Offering""), 1,237,113 shares (the ""Shares"") of common stock, par value $0.0001 per share, of the Company (""Common Stock"") to the Investor, at a price of $2.425 per share, for aggregate gross proceeds to the Company of approximately $3.0 million before deducting the placement agents' fees and related offering expenses.",2024-11-25,2024-11-21,142.0,2024-11-22
0001737953,2024-11-27,REPL,0001104659-24-123451,https://www.sec.gov/Archives/edgar/data/1737953/0001104659-24-123451.txt,"On November 25, 2024, Replimune Group, Inc. (the ""Company"") entered into an underwriting agreement (the ""Underwriting Agreement"") with Leerink Partners LLC (the ""Underwriter""), relating to the issuance and sale of an aggregate of 6,923,000 shares of the Company's common stock (the ""Firm Shares"") and pre-funded warrants to purchase 3,846,184 shares of the Company's common stock (the ""Pre-Funded Warrants"") to the Underwriter (the ""Offering"").",2024-11-29,2024-11-26,,2024-11-27
0001628171,2024-12-05,RVMD,0001193125-24-271540,https://www.sec.gov/Archives/edgar/data/1628171/0001193125-24-271540.txt,"The price to the public in the Offering is $46.00 per Share and $45.9999 per Pre-Funded Warrant, which is the price per share at which the Shares are being sold to the public in the Offering, minus the $0.0001 exercise price per Pre-Funded Warrant. Pursuant to the Underwriting Agreement, the Underwriters have agreed to purchase the Shares from the Company at a price of $43.93 per Share and the Pre-Funded Warrants from the Company at a price of $43.9299 per Pre-Funded Warrant.",2024-12-06,2024-12-04,,2024-12-05
0001590877,2024-12-09,RGNX,0001193125-24-273467,https://www.sec.gov/Archives/edgar/data/1590877/0001193125-24-273467.txt,"On December 9, 2024, REGENXBIO Inc. (the ""Company"") entered into a Sales Agreement (the ""Sales Agreement"") with Leerink Partners LLC (the ""Agent""), as sales agent, under which the Company may offer and sell shares of its common stock, par value $0.0001 per share, from time to time having an aggregate offering price of up to $150.0 million (the ""Shares"").",2024-12-10,2024-12-06,273.0,2024-12-09
0001213037,2024-12-10,CRDF,0000950170-24-134970,https://www.sec.gov/Archives/edgar/data/1213037/0000950170-24-134970.txt,"On December 10, 2024, Cardiff Oncology, Inc. (the ""Company"") entered into an underwriting agreement (the ""Underwriting Agreement"") with TD Securities (USA) LLC, as representative (the ""Representative"") of the several underwriters listed therein (collectively, the ""Underwriters""), with respect to the sale of an aggregate of 15,384,619 shares (the ""Shares"") of the Company's common stock, par value $0.0001 (the ""Common Stock""), which is expected to result in gross proceeds to the Company of approximately $40 million, before deducting underwriting discounts and commissions and estimated offering expenses payable by the Company.",2024-12-11,2024-12-09,,2024-12-10
0001359931,2024-12-11,TARA,0001213900-24-107906,https://www.sec.gov/Archives/edgar/data/1359931/0001213900-24-107906.txt,"On December 9, 2024, Protara Therapeutics, Inc. (the ""Company"") entered into an Underwriting Agreement with TD Securities (USA) LLC, Cantor Fitzgerald & Co. and LifeSci Capital LLC, as representatives of the several underwriters named therein, pursuant to which the Company agreed to sell and issue to the Underwriters an aggregate of 13,690,000 shares of common stock of the Company and, for certain purchasers, pre-funded warrants to purchase an aggregate of 2,325,372 shares of Common Stock. The price to the public in the Offering was $6.25 per Share and $6.249 per Pre-Funded Warrant.",2024-12-12,2024-12-10,,2024-12-11
0001326110,2024-12-11,IBRX,0001193125-24-274871,https://www.sec.gov/Archives/edgar/data/1326110/0001193125-24-274871.txt,"On December 10, 2024, ImmunityBio, Inc. (the ""Company"") entered into an underwriting agreement (the ""Underwriting Agreement"") with Jefferies LLC and Piper Sandler & Co., as representatives (the ""Representatives"") of the several underwriters listed in Schedule A thereto (the ""Underwriters""), pursuant to which the Company agreed to issue and sell 33,333,334 shares (the ""Firm Shares"") of the Company's common stock, $0.0001 par value per share (the ""Common Stock""). The Firm Shares were sold at a price to the public of $3.00 per share.",2024-12-12,2024-12-10,,2024-12-11
0001841387,2024-12-13,CADL,0001193125-24-278717,https://www.sec.gov/Archives/edgar/data/1841387/0001193125-24-278717.txt,"The Company agreed to issue and sell an aggregate of (a) 10,000,001 shares of its common stock, par value $0.01 per share, at a price to the public of $6.00 per share, and (b) pre-funded warrants to purchase up to 3,333,333 shares of the Company's Common Stock at a price to the public of $5.99 per warrant with an exercise price of $0.01 per share.",2024-12-16,2024-12-12,,2024-12-13
0001820190,2024-12-13,SCLX,0001193125-24-278311,https://www.sec.gov/Archives/edgar/data/1820190/0001193125-24-278311.txt,"On December 11, 2024, Scilex Holding Company (the ""Company"") entered into a securities purchase agreement (the ""Purchase Agreement"") with the investors named therein, pursuant to which the Company agreed to sell and issue, in a registered direct offering (the ""Offering""): (i) an aggregate of 26,355,347 shares (the ""Shares"") of its common stock, par value $0.0001 per share (the ""Common Stock""), (ii) pre-funded warrants to purchase up to 2,401,132 shares of Common Stock (the ""Pre-Funded Warrants"") and (iii) common warrants to purchase up to 57,512,958 shares of Common Stock (the ""Common Warrants""). The combined offering price (a) per share of Common Stock and accompanying Common Warrants is $0.590 and (b) per Pre-Funded Warrant and accompanying Common Warrants is $0.5899. The aggregate gross proceeds to the Company from the Offering is approximately $17.0 million.",2024-12-16,2024-12-12,232.0,2024-12-13
0001357459,2024-12-16,PALI,0001493152-24-050203,https://www.sec.gov/Archives/edgar/data/1357459/0001493152-24-050203.txt,"The Public Offering closed on December 13, 2024. The net proceeds to the Company, after deducting the underwriting discounts and commissions and estimated offering expenses payable by the Company, were approximately $4.10 million. The Company intends to use the net proceeds from the Public Offering to fund the Phase 1 clinical trial of PALI-2108, pre-clinical studies, research and development, and working capital.",2024-12-17,2024-12-13,,2024-12-16
0001783328,2024-12-26,TCRX,0001193125-24-284671,https://www.sec.gov/Archives/edgar/data/1783328/0001193125-24-284671.txt,"the Company agreed to sell and issue, in a registered direct offering, pre-funded warrants to purchase up to 7,500,000 shares...for aggregate gross proceeds of approximately $30.0 million, before deducting offering expenses. The Company estimates that the net proceeds of the Registered Offering, after deducting estimated offering expenses, will be approximately $29.8 million.",2024-12-27,2024-12-24,253.0,2024-12-26
0000725363,2024-12-31,CVM,0001654954-24-016019,https://www.sec.gov/Archives/edgar/data/725363/0001654954-24-016019.txt,"On December 29, 2024, CEL-SCI Corporation entered into a Placement Agency Agreement with ThinkEquity LLC relating to the sale and issuance of 7,552,500 shares of the Company's common stock, at an offering price of $0.31 per share, and pre-funded warrants to purchase up to 8,577,500 shares of common stock, at an offering price of $0.3099 per Pre-Funded Warrant. The Offering closed on December 31, 2024. The gross proceeds from the Offering were approximately $5,000,000.",2025-01-02,2024-12-30,155.0,2024-12-31
0001855485,2025-01-10,CLDI,0001493152-25-001567,https://www.sec.gov/Archives/edgar/data/1855485/0001493152-25-001567.txt,"On January 9, 2025, Calidi Biotherapeutics, Inc. (the ""Company"") entered into a Placement Agency Agreement (the ""Agreement"") with Ladenburg Thalmann & Co. Inc. (the ""Placement Agent""), pursuant to which the Company agreed to issue and sell in a public offering 5,000,000 shares of the Company's common stock (the ""Shares""), par value $0.0001 per share (""Common Stock""), a purchase price of $0.85 per Share. The gross proceeds from the offering will be $4.25 million, before deducting placement agent fees and other offering expenses payable by the Company.",2025-01-13,2025-01-08,56.0,2025-01-10
0001359931,2025-01-13,TARA,0001213900-25-003026,https://www.sec.gov/Archives/edgar/data/1359931/0001213900-25-003026.txt,"On December 11, 2024, the Company completed a public offering of an aggregate of 13,690,000 shares of common stock of the Company, par value $0.001 per share (the ""Common Stock"") and, for certain purchasers, pre-funded warrants (the ""Pre-Funded Warrants"") to purchase an aggregate of 2,325,372 shares of Common Stock (the ""Offering""). The price to the public in the Offering was $6.25 per share of Common Stock and $6.249 per Pre-Funded Warrant.",2025-01-14,2025-01-10,33.0,2025-01-13
0002022416,2025-01-17,SLXN,0001178913-25-000143,https://www.sec.gov/Archives/edgar/data/2022416/0001178913-25-000143.txt,"On January 15, 2025, Silexion Therapeutics Corp (the ""Company"" or ""Silexion"") offered and sold in a public offering on a best efforts basis (the ""Offering"") (i) 2,145,998 of the Company's ordinary shares (the ""Shares""), par value $0.0009 per share (""Ordinary Shares""), (ii) 1,557,705 pre-funded warrants to purchase up to 1,557,705 Ordinary Shares (the ""Pre-Funded Warrants""), and (iii) 3,703,703 warrants to purchase up to 3,703,703 Ordinary Shares (the ""Investor Warrants"" and together with the Pre-Funded Warrants, the ""Warrants""), at a purchase price of $1.35 per Share and accompanying Investor Warrant, and $1.3499 per Pre-Funded Warrant and accompanying Investor Warrant. Aggregate gross proceeds from the Offering (without taking into account any proceeds from any future exercises of Warrants) are expected to be approximately $5 million.",2025-01-21,2025-01-16,,2025-01-17
0001855485,2025-01-28,CLDI,0001493152-25-003916,https://www.sec.gov/Archives/edgar/data/1855485/0001493152-25-003916.txt,"in the fourth quarter of fiscal year 2024, through two public offerings, it raised $9.5 million in gross proceeds, before deducting expenses, supplemented by $2.0 million from warrant exercises and $3.1 million from its at-the-market (""ATM"") program. In January 2025, the Company announced a subsequent public offering, that raised an additional $4.25 million in gross proceeds, before deducting expenses.",2025-01-29,2025-01-27,18.0,2025-01-28
0001708527,2025-02-04,ELUT,0001104659-25-009187,https://www.sec.gov/Archives/edgar/data/1708527/0001104659-25-009187.txt,"the Company agreed to sell, in a registered direct offering (the ""Offering""), an aggregate of (i) 5,520,000 shares (the ""Shares"") of Class A common stock, par value $0.001 per share (the ""Class A Common Stock""), of the Company, and (ii) prefunded warrants (the ""Prefunded Warrants"") to purchase up to an aggregate of 480,000 shares of Class A Common Stock. The public offering price for each share of Class A Common Stock was $2.50, and the public offering price for each Prefunded Warrant was $2.499.",2025-02-05,2025-02-03,231.0,2025-02-04
0001855485,2025-02-05,CLDI,0001493152-25-004887,https://www.sec.gov/Archives/edgar/data/1855485/0001493152-25-004887.txt,"On February 4, 2025, Calidi Biotherapeutics, Inc. (the ""Company"") increased the maximum aggregate offering amount of the shares of the Company's common stock, par value $0.0001 per share (the ""Common Stock"") issuable under the At The Market Offering Agreement (the ""Sales Agreement"") with Ladenburg Thalmann & Co. Inc., dated October 11, 2024, from $5,100,000 to $11,200,000, and filed a prospectus supplement (the ""Current Prospectus Supplement"") under the Sales Agreement for an aggregate of $6,100,000.",2025-02-06,2025-02-04,8.0,2025-02-05
0001707502,2025-02-18,SLDB,0001193125-25-028691,https://www.sec.gov/Archives/edgar/data/1707502/0001193125-25-028691.txt,"entered into an underwritten public offering of 35,739,810 shares of the Company's common stock...and, in lieu of Common Stock to certain investors, pre-funded warrants to purchase 13,888,340 shares of Common Stock. The offering price of the Shares is $4.03 per share and the offering price of the Pre-Funded Warrants is $4.029 per share underlying each Pre-Funded Warrant.",2025-02-19,2025-02-14,,2025-02-18
0001858848,2025-03-04,TNYA,0001193125-25-045628,https://www.sec.gov/Archives/edgar/data/1858848/0001193125-25-045628.txt,"Gross proceeds from the Offering before deducting underwriting discounts and commissions and other offering expenses are expected to be approximately $52.5 million. The Offering is expected to close on March 5, 2025, subject to the satisfaction of customary closing conditions. The Offering consists of 75,000,000 units at a public offering price of $0.70 per Unit, consisting of one share of the Company's common stock, one Series A Warrant and one Series B Warrant.",2025-03-05,2025-03-03,390.0,2025-03-04
0001737953,2025-03-07,REPL,0001104659-25-021756,https://www.sec.gov/Archives/edgar/data/1737953/0001104659-25-021756.txt,"In November 2024, the BBA Funds participated in the Company's underwritten public offering of its securities, pursuant to which the Company issued and sold (a) 8,538,377 shares of Common Stock at a public offering price of $13.00 per share, and (b) to the BBA Funds pre-funded warrants to purchase 3,846,184 shares of Common Stock at a public offering price of $12.9999 per pre-funded warrant. The offering resulted in net proceeds to the Company of approximately $156.0 million after deducting fees and expenses.",2025-03-10,2025-03-06,100.0,2025-03-07
0001745999,2025-03-10,BEAM,0001193125-25-051072,https://www.sec.gov/Archives/edgar/data/1745999/0001193125-25-051072.txt,"The offering price of the Shares is $28.48 per share and the offering price of the Pre-funded Warrants is $28.47 per share of Common Stock underlying each Pre-funded Warrant, and the Underwriters have agreed to purchase the Shares from the Company pursuant to the Underwriting Agreement at a price of $26.7712 per share and the Pre-funded Warrants from the Company pursuant to the Underwriting Agreement at a price of $26.7612 per share of Common Stock underlying each Pre-funded Warrant. After underwriting discounts and commissions and estimated offering expenses, the Company expects to receive net proceeds from the offering of approximately $469.7 million.",2025-03-11,2025-03-07,,2025-03-10
0001006281,2025-03-17,PLX,0001558370-25-003143,https://www.sec.gov/Archives/edgar/data/1006281/0001558370-25-003143.txt,"On March 17, 2025, the Company entered into a letter agreement amending that certain At The Market Offering Agreement...pursuant to which the Company may offer and sell from time to time shares of its common stock...The Amendment increases the aggregate gross sales price of Common Stock available for offer and sale under the Sales Agreement by $20,000,000.",2025-03-18,2025-03-14,,2025-03-17
0001819790,2025-03-18,TARS,0001819790-25-000035,https://www.sec.gov/Archives/edgar/data/1819790/0001819790-25-000035.txt,"The Company completed the sale and issuance of an aggregate of 3,230,336 shares of common stock, including the exercise in full of the Underwriters' option to purchase additional shares. The Company received net proceeds of approximately $134.8 million, after deducting underwriting discounts and commissions and estimated Offering expenses payable by the Company.",2025-03-19,2025-03-17,378.0,2025-03-18
0000725363,2025-03-18,CVM,0001654954-25-002970,https://www.sec.gov/Archives/edgar/data/725363/0001654954-25-002970.txt,"On March 17, 2025, CEL-SCI Corporation entered into a Placement Agency Agreement with ThinkEquity LLC relating to the sale and issuance of 4,012,500 shares of the Company's common stock, at an offering price of $0.16 per share, and pre-funded warrants to purchase up to 11,987,500 shares of common stock, at an offering price of $0.1599 per Pre-Funded Warrant. The Offering closed on March 18, 2025. The gross proceeds from the Offering were $2,560,000.",2025-03-19,2025-03-17,77.0,2025-03-18
0001818382,2025-03-26,HUMA,0001104659-25-028274,https://www.sec.gov/Archives/edgar/data/1818382/0001104659-25-028274.txt,"On March 25, 2025, Humacyte, Inc. (the ""Company"") entered into an underwriting agreement (the ""Underwriting Agreement"") with TD Securities (USA) LLC, Barclays Capital Inc. and BTIG, LLC, as representatives of the several underwriters named therein (collectively, the ""Underwriters""), relating to the issuance and sale in an underwritten offering (the ""Offering"") of 25,000,000 shares of the Company's common stock, $0.0001 par value per share, at a price to the public of $2.00 per share (the ""Firm Shares""). The Company also granted the Underwriters a 30-day option to purchase up to an additional 3,750,000 shares of the Company's common stock at the same price as the Firm Shares (the ""Option Shares"" and, together with the Firm Shares, the ""Shares"").",2025-03-27,2025-03-25,132.0,2025-03-26
0001108205,2025-03-28,CRIS,0001108205-25-000022,https://www.sec.gov/Archives/edgar/data/1108205/0001108205-25-000022.txt,"the Company agreed to sell and issue: (i) in a registered direct offering (the ""Registered Offering""), 1,974,432 shares (the ""Shares"") of common stock, $0.01 par value per share, of the Company (the ""Common Stock"")... The aggregate gross proceeds to the Company from the Offerings are expected to be approximately $10.0 million, before deducting fees payable to the placement agent, advisory fees and other estimated offering expenses payable by the Company.",2025-03-31,2025-03-27,149.0,2025-03-28
0001855485,2025-04-01,CLDI,0001641172-25-001969,https://www.sec.gov/Archives/edgar/data/1855485/0001641172-25-001969.txt,"the Company agreed to issue to the Purchaser, (i) in a registered offering, 3,325,000 shares of the Company's common stock (the ""Shares""), par value $0.0001 per share (""Common Stock""), at a purchase price of $0.65 per Share",2025-04-02,2025-03-31,55.0,2025-04-01
0001815776,2025-04-04,LENZ,0001628280-25-016824,https://www.sec.gov/Archives/edgar/data/1815776/0001628280-25-016824.txt,"On April 4, 2025, LENZ Therapeutics, Inc. (the ""Company"") entered into a Sales Agreement (the ""Sales Agreement"") with TD Securities (USA) LLC (""TD Cowen"") to sell shares of the Company's common stock, par value $0.00001 per share (the ""Common Stock""), having aggregate sales proceeds of up to $150,000,000, from time to time, through an ""at the market"" offering program under which TD Cowen will act as sales agent.",2025-04-07,2025-04-03,,2025-04-04
0001567264,2025-04-25,INTS,0001628280-25-020057,https://www.sec.gov/Archives/edgar/data/1567264/0001628280-25-020057.txt,"On April 24, 2025, Intensity Therapeutics, Inc., a Delaware corporation (the ""Company""), commenced a best efforts public offering (the ""Offering"") of an aggregate of (i) 3,133,333 shares (the ""Shares"") of the Company's common stock, $0.0001 par value per share (the ""Common Stock""), (ii) 3,133,333 Series B-1 Common Warrants (the ""Series B-1 Common Warrants"") to purchase up to 3,133,333 shares of Common Stock (the ""Series B-1 Common Warrant Shares""), (iii) 3,133,333 Series B-2 Common Warrants (the ""Series B-2 Common Warrants"" and together with the Series B-1 Warrants, the ""Warrants"") to purchase up to 3,133,333 shares of Common Stock. The combined offering price for each Share and accompanying Warrants was $0.75.",2025-04-28,2025-04-24,154.0,2025-04-25
0001770121,2025-05-08,SANA,0000950170-25-066933,https://www.sec.gov/Archives/edgar/data/1770121/0000950170-25-066933.txt,"On May 8, 2025, the Company entered into a sales agreement (""Sales Agreement"") with TD Securities (USA) LLC (""TD Cowen"") to sell shares of the Company's common stock, $0.0001 par value per share (""Common Stock""), having an aggregate offering price of up to $119.0 million, from time to time, through an ""at the market offering"" program.",2025-05-09,2025-05-07,455.0,2025-05-08
0001604464,2025-05-15,ATRA,0001193125-25-120345,https://www.sec.gov/Archives/edgar/data/1604464/0001193125-25-120345.txt,"In connection with the Company's offer and sale of 834,237 shares of common stock at an offering price of $6.61 per share and pre-funded warrants to purchase 1,587,108 shares of common stock at an offering price of $6.6099 per share in an underwritten registered direct offering to a limited number of existing institutional investors, including entities affiliated with Panacea Venture (""Panacea""), Redmile Group (""Redmile""), EcoR 1 Capital and Adiumentum Capital Management pursuant to an underwriting agreement entered into with TD Securities (USA) LLC, as representative to the underwriters, dated as of May 14, 2025.",2025-05-16,2025-05-14,254.0,2025-05-15
0001707502,2025-05-15,SLDB,0000950170-25-072792,https://www.sec.gov/Archives/edgar/data/1707502/0000950170-25-072792.txt,"filed a prospectus supplement relating to the offer and sale of a total of up to $85.0 million of shares of the Company's common stock, par value $0.001 per share (the ""Shares""), pursuant to an Amended and Restated Sales Agreement, dated March 13, 2024, with Jefferies LLC",2025-05-16,2025-05-14,86.0,2025-05-15
0001501796,2025-05-16,AURA,0001193125-25-121677,https://www.sec.gov/Archives/edgar/data/1501796/0001193125-25-121677.txt,"The Company received net proceeds from the Offering, after deducting the underwriting discounts and commissions and estimated offering expenses payable by the Company, of approximately $69.9 million. The Common Stock and Pre-Funded Warrants were sold in combination with an accompanying Common Stock Warrant to purchase 0.25 of a share of Common Stock for each share of Common Stock or Pre-Funded Warrant sold. Each Share was offered and sold together with an accompanying Common Stock Warrant at a combined offering price of $4.90.",2025-05-19,2025-05-15,,2025-05-16
0001604464,2025-05-16,ATRA,0001193125-25-121824,https://www.sec.gov/Archives/edgar/data/1604464/0001193125-25-121824.txt,"The Company agreed to issue and sell to the Underwriters in an underwritten registered direct offering (the ""Offering"") an aggregate of (i) 834,237 shares (the ""Shares"") of the Company's common stock, par value $0.0001 per share (the ""Common Stock"") and (ii) pre-funded warrants (each, a ""Pre-Funded Warrant,"" and together, the ""Pre-Funded Warrants"") to purchase up to 1,587,108 shares of Common Stock, at a purchase price of $6.61 per Share and $6.6099 per share underlying the Pre-Funded Warrants.",2025-05-19,2025-05-15,1.0,2025-05-16
0001649989,2025-05-23,OTLK,0001104659-25-052452,https://www.sec.gov/Archives/edgar/data/1649989/0001104659-25-052452.txt,"On May 22, 2025, Outlook Therapeutics, Inc. (the ""Company"") entered into an underwriting agreement (the ""Underwriting Agreement"") with BTIG, LLC (the ""Underwriter""), relating to the issuance and sale (the ""Offering"") of (i) 9,285,714 shares of the Company's common stock, par value $0.01 per share (the ""Common Stock""), and (ii) accompanying warrants to purchase up to an aggregate of 18,571,428 shares of Common Stock (the ""Warrants""). The combined offering price of each share of Common Stock and accompanying Warrant to purchase two shares of Common Stock is $1.40. The Company estimates that gross proceeds from the Offering, excluding the proceeds, if any, from the exercise of the Warrants, will be approximately $13.0 million, before deducting the underwriting discounts and commissions and estimated offering expenses payable by the Company.",2025-05-27,2025-05-22,406.0,2025-05-23
0000725363,2025-05-23,CVM,0001654954-25-006091,https://www.sec.gov/Archives/edgar/data/725363/0001654954-25-006091.txt,"The Offering closed on May 23, 2025. The gross proceeds from the Offering were $5,000,000 (excluding the over-allotment option) before deducting underwriting discounts and other offering expenses payable by the Company. The Company intends to use the net proceeds from the Offering to fund the continued development of Multikine, for general corporate purposes, and working capital.",2025-05-27,2025-05-22,66.0,2025-05-23
0001806310,2025-05-29,TSHA,0001193125-25-130709,https://www.sec.gov/Archives/edgar/data/1806310/0001193125-25-130709.txt,"The offering price to the public is $2.75 per share of Common Stock and $2.749 per pre-funded warrant. The Underwriters have agreed to purchase the shares and the pre-funded warrants from the Company pursuant to the Underwriting Agreement at a price of $2.585 per share and $2.584 per pre-funded warrant, respectively. The Company estimates that the net proceeds from the Offering will be approximately $187.4 million, or approximately $215.6 million if the Underwriters exercise in full their option to purchase additional shares of Common Stock.",2025-05-30,2025-05-28,337.0,2025-05-29
0001759138,2025-06-12,CABA,0001193125-25-139517,https://www.sec.gov/Archives/edgar/data/1759138/0001193125-25-139517.txt,"The Company estimates that the net proceeds from the Offering will be approximately $94.0 million, after deducting underwriting discounts and commissions and estimated offering expenses payable by the Company, or $108.1 million, if the underwriters exercise their option in full. The Shares and the Warrants were issued pursuant to a shelf registration statement on Form S-3 (File No. 333-278126).",2025-06-13,2025-06-11,,2025-06-12
0001567264,2025-06-13,INTS,0001628280-25-031311,https://www.sec.gov/Archives/edgar/data/1567264/0001628280-25-031311.txt,"On June 11, 2025, Intensity Therapeutics, Inc. (the ""Company"") entered into an underwriting agreement (the ""Underwriting Agreement"") by and between ThinkEquity LLC (the ""Underwriter"") relating to the issuance and sale of an aggregate of 6,675,000 shares (the ""Firm Shares"") of the Company's common stock, par value $0.0001 per share (the ""Common Stock""), to the Underwriter at a price to the public of $0.30 per share (the ""Offering""). Pursuant to the terms of the Underwriting Agreement, the Company granted to the Underwriter a 45-day option to purchase up to an additional 1,001,250 shares of Common Stock in the Offering (the ""Option Shares"" and together with the Firm Shares, the ""Shares""). The Underwriter exercised its option in full to purchase the 1,001,250 Option Shares at the public offering price on June 12, 2025. The Offering, including the exercise of the Underwriter's over-allotment option, closed on June 13, 2025.",2025-06-16,2025-06-12,49.0,2025-06-13
0001841387,2025-06-24,CADL,0001193125-25-145405,https://www.sec.gov/Archives/edgar/data/1841387/0001193125-25-145405.txt,"On June 23, 2025, Candel Therapeutics, Inc. entered into a securities purchase agreement relating to the issuance and sale, in a registered direct offering, of 3,221,395 shares of the Company's common stock, at a price per Share of $4.67. The Company estimates that the gross proceeds from the Offering will be approximately $15.0 million, before deducting estimated offering expenses.",2025-06-25,2025-06-23,193.0,2025-06-24
0001815442,2025-06-27,KYMR,0001193125-25-151393,https://www.sec.gov/Archives/edgar/data/1815442/0001193125-25-151393.txt,"the Company agreed to issue and sell an aggregate of (a) 5,044,500 shares (the ""Shares"") of its common stock, par value $0.0001 per share (""Common Stock""), at a price to the public of $44.00 per share, and (b) pre-funded warrants to purchase up to 655,500 shares of Common Stock (the ""Pre-Funded Warrants""), at a price to the public of $43.9999 per warrant",2025-06-30,2025-06-26,311.0,2025-06-27
0001711754,2025-06-30,INMB,0001213900-25-059690,https://www.sec.gov/Archives/edgar/data/1711754/0001213900-25-059690.txt,"On June 27, 2025, INmune Bio, Inc. (the ""Company"") entered into a Securities Purchase Agreement (the ""Purchase Agreement"") with two healthcare-focused institutional investors for the sale of an aggregate of 3,000,000 shares of common stock, par value $0.001 per share (the ""Shares""), in a registered direct offering (the ""Offering"") at a purchase price of $6.30 per share, priced at-the-market under Nasdaq rules, for aggregate gross proceeds to the Company of approximately $18.9 million.",2025-07-01,2025-06-27,287.0,2025-06-30
0001108205,2025-07-02,CRIS,0001108205-25-000072,https://www.sec.gov/Archives/edgar/data/1108205/0001108205-25-000072.txt,"On July 2, 2025, Curis, Inc. (the ""Company"") entered into a securities purchase agreement (the ""Purchase Agreement"") with certain institutional investors (the ""Purchasers""), pursuant to which the Company agreed to sell and issue: (i) in a registered direct offering (the ""Registered Offering""), 1,538,460 shares (the ""Shares"") of common stock, $0.01 par value per share, of the Company (the ""Common Stock"")... The aggregate gross proceeds to the Company from the Offerings are expected to be approximately $7.0 million, before deducting fees payable to the placement agents and other estimated offering expenses payable by the Company.",2025-07-03,2025-07-01,96.0,2025-07-02
0000725363,2025-07-14,CVM,0001654954-25-008033,https://www.sec.gov/Archives/edgar/data/725363/0001654954-25-008033.txt,"On July 11, 2025, CEL-SCI Corporation entered into a Placement Agency Agreement with ThinkEquity LLC relating to the sale and issuance of 1,500,000 shares of the Company's common stock, at an offering price of $3.82 per share. The Offering closed on July 14, 2025. The gross proceeds from the Offering were approximately $5,730,000 before deducting Placement Agent fees and other offering expenses.",2025-07-15,2025-07-11,52.0,2025-07-14
0001840229,2025-07-15,INKT,0001193125-25-159017,https://www.sec.gov/Archives/edgar/data/1840229/0001193125-25-159017.txt,"MiNK Therapeutics, Inc. entered into an At Market Issuance Sales Agreement with B. Riley Securities, Inc., as sales agent to sell shares of the Company's common stock from time to time through the Sales Agent, having a maximum aggregate offering price of $50,000,000. The issuances and sales under the Sales Agreement are pursuant to the Company's registration statement on Form S-3.",2025-07-16,2025-07-14,,2025-07-15
0000946644,2025-07-31,AIM,0001641172-25-021762,https://www.sec.gov/Archives/edgar/data/946644/0001641172-25-021762.txt,"On July 31, 2025, the Company announced the closing of its previously announced public offering of an aggregate of 2,000,000 shares of its common stock (or pre-funded warrants in lieu thereof), Class E warrants to purchase up to 2,000,000 shares of common stock, and Class F warrants to purchase up to 2,000,000 shares of common stock, at a combined public offering price of $4.00 per share (or $3.999 per pre-funded warrant) and accompanying warrants. Gross proceeds, before deducting placement agent fees and offering expenses, were approximately $8.0 million.",2025-08-01,2025-07-30,303.0,2025-07-31
0001894562,2025-07-31,PRME,0001628280-25-037076,https://www.sec.gov/Archives/edgar/data/1894562/0001628280-25-037076.txt,"On July 30, 2025, Prime Medicine, Inc. (the ""Company"") entered into an Underwriting Agreement with TD Securities (USA) LLC and BMO Capital Markets Corp., as representatives of the several underwriters listed on Schedule 1 thereto (collectively, the ""Underwriters""), related to an underwritten public offering (the ""Offering"") of 38,000,000 shares of the Company's common stock, par value $0.00001 per share (""Common Stock""), at a public offering price of $3.30 per share.",2025-08-01,2025-07-30,,2025-07-31
0001213809,2025-08-01,DYAI,0001641172-25-021911,https://www.sec.gov/Archives/edgar/data/1213809/0001641172-25-021911.txt,"On July 30, 2025, Dyadic International, Inc. (the ""Company"") entered into an underwriting agreement (the ""Underwriting Agreement"") with Craig-Hallum Capital Group LLC, in its capacity as underwriter (the ""Underwriter""), relating to the issuance and sale (the ""Offering"") of 6,052,000 shares of the Company's common stock, par value $0.001 per share (""Common Stock""). The public offering price in the Offering is $0.95 per share of Common Stock. The net proceeds to the Company from the Offering are expected to be approximately $5.3 million, after deducting underwriting discounts and commissions and estimated offering expenses payable by the Company.",2025-08-04,2025-07-31,,2025-08-01
0001567264,2025-08-04,INTS,0001567264-25-000071,https://www.sec.gov/Archives/edgar/data/1567264/0001567264-25-000071.txt,the Company announced that it raised approximately $6.6 million in July 2025 from the sale of shares of common stock pursuant to its previously announced At-the-Market offering.,2025-08-05,2025-08-01,52.0,2025-08-04
0001770121,2025-08-06,SANA,0001193125-25-174506,https://www.sec.gov/Archives/edgar/data/1770121/0001193125-25-174506.txt,"Between April 1, 2025 and the date of this Report, the Company sold an aggregate of 7,441,376 shares of its common stock pursuant to its sales agreement dated May 8, 2025 with TD Securities (USA) LLC, as sales agent, in ""at-the-market"" offerings, for net proceeds of $29.1 million.",2025-08-07,2025-08-05,90.0,2025-08-06
0001770121,2025-08-07,SANA,0001193125-25-175571,https://www.sec.gov/Archives/edgar/data/1770121/0001193125-25-175571.txt,"The Offering is being made pursuant to the Company's effective registration statement on Form S-3 (File No. 333-277584) (the ""Registration Statement"") and a related prospectus and prospectus supplement, in each case filed with the Securities and Exchange Commission (the ""SEC""). The net proceeds to the Company from the Offering are expected to be approximately $70.0 million, after deducting underwriting discounts and commissions and estimated offering expenses payable by the Company and assuming no exercise of the Underwriters' option to purchase additional shares.",2025-08-08,2025-08-06,1.0,2025-08-07
0001108205,2025-08-08,CRIS,0001108205-25-000087,https://www.sec.gov/Archives/edgar/data/1108205/0001108205-25-000087.txt,"On August 8, 2025, Curis, Inc. (the ""Company"") filed a prospectus supplement (the ""Prospectus Supplement"") under the Company's universal shelf registration statement on Form S-3 relating to the offer and sale of a total of up to $8,137,047 of shares of the Company's common stock, par value $0.01 per share (the ""Shares""), pursuant to an Amended and Restated Sales Agreement, dated February 8, 2024, between the Company and Cantor Fitzgerald & Co. (""Cantor"") and JonesTrading Institutional Services LLC (""Jones""), as agents (the ""Sales Agreement"").",2025-08-11,2025-08-07,37.0,2025-08-08
0001372299,2025-08-11,OCGN,0001104659-25-075956,https://www.sec.gov/Archives/edgar/data/1372299/0001104659-25-075956.txt,"entered into a Securities Purchase Agreement with an institutional investor relating to the issuance of 20,000,000 shares of the Company's common stock and warrants to purchase up to an aggregate of 20,000,000 shares of Common Stock, to such investor at a purchase price of $1.00 per share in a registered direct offering. The gross proceeds from the Offering will be approximately $20.0 million, before paying the placement agent fees and other estimated offering expenses.",2025-08-12,2025-08-08,375.0,2025-08-11
0001567264,2025-08-12,INTS,0001567264-25-000081,https://www.sec.gov/Archives/edgar/data/1567264/0001567264-25-000081.txt,The Company raised approximately $6.6 million in July 2025 from the sale of shares of common stock pursuant to its previously announced At-the-Market offering (the 'ATM').,2025-08-13,2025-08-11,8.0,2025-08-12
0001738021,2025-08-13,CMPX,0001193125-25-179958,https://www.sec.gov/Archives/edgar/data/1738021/0001193125-25-179958.txt,"The Company agreed to issue and sell an aggregate of (a) 33,290,000 shares (the ""Firm Shares"") of its common stock, par value $0.0001 per share (the ""Common Stock""), at a price to the public of $3.00 per share, and (b) pre-funded warrants to purchase up to 6,710,000 shares of the Company's Common Stock (the ""Pre-Funded Warrants""), at a price to the public of $2.9999 per warrant with an exercise price of $0.0001 per share (the ""Offering"").",2025-08-14,2025-08-12,,2025-08-13
0001855485,2025-08-22,CLDI,0001641172-25-025273,https://www.sec.gov/Archives/edgar/data/1855485/0001641172-25-025273.txt,"On August 20, 2025, Calidi Biotherapeutics, Inc. (the ""Company"") entered into an underwriting agreement (the ""Underwriting Agreement"") with Ladenburg Thalmann & Co. Inc., as representative of the various underwriters named under Schedule I therein (""Representative"" or ""Underwriter""), in connection with the issuance and sale (the ""Offering"") of: (i) 1,922,764 common stock units (""Common Stock Unit""), which includes the 450,000 Common Stock Units purchased pursuant to the exercise, in full, of the Over-Allotment Option and (ii) 1,528,000 pre-funded warrant units (""Pre-Funded Unit""), resulting in gross proceeds of approximately $6.9 million.",2025-08-25,2025-08-21,143.0,2025-08-22
0001832038,2025-08-22,IVVD,0000950170-25-110952,https://www.sec.gov/Archives/edgar/data/1832038/0000950170-25-110952.txt,"On August 20, 2025, Invivyd, Inc. (the ""Company"") entered into an underwriting agreement (the ""Underwriting Agreement"") with Cantor Fitzgerald & Co., as representative of the underwriters named therein (the ""Underwriters""), in connection with its previously announced underwritten public offering (the ""Offering"") of 74,811,404 shares (the ""Shares"") of the Company's common stock, par value $0.0001 per share (the ""Common Stock""), and, to certain investors, in lieu of Common Stock, pre-funded warrants (the ""Pre-Funded Warrants"") to purchase 21,342,442 shares of Common Stock. The price to the public for the Shares in the Offering was $0.52 per Share, and the price to the public for the Pre-Funded Warrants was $0.5199 per Pre-Funded Warrant.",2025-08-25,2025-08-21,,2025-08-22
0001425205,2025-08-22,IOVA,0001104659-25-081953,https://www.sec.gov/Archives/edgar/data/1425205/0001104659-25-081953.txt,"On August 22, 2025, Iovance Biotherapeutics, Inc. (the ""Company"") entered into an Amended and Restated Open Market Sale Agreement (the ""Agreement"") with Jefferies LLC (""Jefferies"") with respect to an at the market offering program, under which the Company may, from time to time in its sole discretion, issue and sell through Jefferies, acting as sales agent, up to $350.0 million of shares of the Company's common stock.",2025-08-25,2025-08-21,547.0,2025-08-22
0001817229,2025-08-27,VOR,0001193125-25-189169,https://www.sec.gov/Archives/edgar/data/1817229/0001193125-25-189169.txt,"On August 27, 2025, in connection with the Company's existing at-the-market sales program, the Company filed a prospectus supplement (""Prospectus Supplement"") to its effective shelf registration statement on Form S-3 for the purpose of registering the offer and sale of shares of its Common Stock having an aggregate offering price of up to $119,699,305 from time to time through or to Stifel, Nicolaus & Company, Incorporated (""Stifel"") acting as agent.",2025-08-28,2025-08-26,,2025-08-27
0001455365,2025-08-28,CGTX,0001104659-25-084845,https://www.sec.gov/Archives/edgar/data/1455365/0001104659-25-084845.txt,"entered into Securities Purchase Agreements with two institutional investors relating to the issuance of an aggregate of 14,700,000 shares of the Company's common stock at a purchase price of $2.05 per share in a registered direct offering. The gross proceeds from the Offering will be approximately $30.1 million, before paying the placement agent fees and other estimated offering expenses.",2025-08-29,2025-08-27,533.0,2025-08-28
0000725363,2025-08-29,CVM,0001654954-25-010184,https://www.sec.gov/Archives/edgar/data/725363/0001654954-25-010184.txt,"On August 27, 2025, CEL-SCI Corporation, a Colorado corporation (the ""Company""), entered into a Placement Agency Agreement with ThinkEquity LLC (the ""Placement Agent"") relating to the sale and issuance of 1,111,200 shares of the Company's common stock, at an offering price of $9.00 per share (the ""Shares""). The Offering closed on August 29, 2025. The gross proceeds from the Offering were approximately $10,000,800 before deducting Placement Agent fees and other offering expenses payable by the Company.",2025-09-02,2025-08-28,46.0,2025-08-29
0001824893,2025-08-29,SRZN,0000950170-25-112253,https://www.sec.gov/Archives/edgar/data/1824893/0000950170-25-112253.txt,"On August 29, 2025, Surrozen, Inc. entered into a Sales Agreement with TD Securities (USA) LLC. Under the Sales Agreement, we may offer and sell, from time to time, through TD Cowen as our sales agent and/or principal, shares of our common stock, par value $0.0001 per share, having an aggregate offering amount of up to $50.0 million.",2025-09-02,2025-08-28,,2025-08-29
0001613780,2025-09-05,DBVT,0001193125-25-197277,https://www.sec.gov/Archives/edgar/data/1613780/0001193125-25-197277.txt,"DBV Technologies S.A. entered into a sales agreement with Citizens JMP Securities, LLC with respect to an equity offering program pursuant to which the Company may offer and sell American Depositary Shares (ADS), each ADS representing five ordinary shares, from time to time, through Citizens as its sales agent. The Company may offer and sell ADSs having an aggregate offering price of up to $150.0 million.",2025-09-08,2025-09-04,,2025-09-05
0002022416,2025-09-12,SLXN,0001178913-25-003309,https://www.sec.gov/Archives/edgar/data/2022416/0001178913-25-003309.txt,"On September 11, 2025, Silexion Therapeutics Corp (the ""Company"" or ""Silexion"") offered and sold in a public offering on a best efforts basis (the ""Offering""), and on September 12, 2025, Silexion consummated the Offering with respect to, (i) 1,392,250 of the Company's ordinary shares (the ""Shares""), par value $0.0135 per share (""Ordinary Shares""), (ii) 107,750 pre-funded warrants to purchase up to 107,750 Ordinary Shares (the ""Pre-Funded Warrants""), (iii) 1,500,000 Series A ordinary warrants, each to purchase one Ordinary Share (a ""Series A Ordinary Warrant"") and (iv) 1,500,000 Series B ordinary warrants, each to purchase one Ordinary Share (a ""Series B Ordinary Warrant""), at a purchase price of $4.00 per Share and accompanying Ordinary Warrants, and $3.9999 per Pre-Funded Warrant and accompanying Ordinary Warrants. Aggregate gross proceeds from the Offering (without taking into account any future exercises of Warrants) were approximately $6.0 million.",2025-09-15,2025-09-11,238.0,2025-09-12
0002022416,2025-09-15,SLXN,0001178913-25-003329,https://www.sec.gov/Archives/edgar/data/2022416/0001178913-25-003329.txt,"On September 12, 2025, the Company sold in a public offering, (i) 1,392,250 ordinary shares and (ii) 107,750 pre-funded warrants to purchase up to 107,750 ordinary shares, with each such ordinary share and/or pre-funded warrant accompanied by (iii) two ordinary warrants to purchase two ordinary shares. The purchase price per ordinary share and accompanying two ordinary warrants was $4.00. Aggregate gross proceeds from the September 2025 Public Offering were approximately $6.0 million.",2025-09-16,2025-09-12,3.0,2025-09-15
0000925741,2025-09-18,BCDA,0001437749-25-029353,https://www.sec.gov/Archives/edgar/data/925741/0001437749-25-029353.txt,"On September 18, 2025, BioCardia, Inc. (the ""Company"") issued a press release announcing the pricing of a public offering for the purchase and sale of common stock and warrants.",2025-09-19,2025-09-17,374.0,2025-09-18
0000925741,2025-09-19,BCDA,0001437749-25-029457,https://www.sec.gov/Archives/edgar/data/925741/0001437749-25-029457.txt,"On September 19, 2025, BioCardia, Inc. (the ""Company"") consummated the sale of 4,800,000 shares of the Company's common stock, $0.001 par value per share (the ""Common Stock""), and accompanying warrants to purchase up to 4,800,000 shares of Common Stock (the ""Warrants"" and, together with such shares of Common Stock, the ""Securities""), at a combined offering price of $1.25 per share and Warrant pursuant to securities purchase agreements (the ""Purchase Agreements"") by and between the Company and certain purchasers and pursuant to the Company's Registration Statement (No. 333-290283) on Form S-1, declared effective by the Securities and Exchange Commission on September 18, 2025 (such offering, the ""Offering"").",2025-09-22,2025-09-18,1.0,2025-09-19
0001788028,2025-09-19,JSPR,0001213900-25-089584,https://www.sec.gov/Archives/edgar/data/1788028/0001213900-25-089584.txt,"On September 18, 2025, Jasper Therapeutics, Inc. (the ""Company"") entered into an underwriting agreement (the ""Underwriting Agreement"") with TD Securities (USA) LLC as the representative of the several underwriters named therein (the ""Underwriters""), relating to an underwritten public offering (the ""Offering"") of (i) an aggregate of 11,670,707 shares of the Company's voting common stock (""Common Stock"") and accompanying warrants (the ""Common Warrants"") to purchase up to an aggregate of 11,670,707 shares of Common Stock and (ii) pre-funded warrants to purchase up to an aggregate of 675,000 shares of Common Stock (the ""Pre-Funded Warrants"") and accompanying Common Warrants to purchase up to an aggregate of 675,000 shares of Common Stock. The public offering price is $2.43 per share of Common Stock and accompanying Common Warrant.",2025-09-22,2025-09-18,591.0,2025-09-19
0000925741,2025-09-24,BCDA,0001437749-25-029768,https://www.sec.gov/Archives/edgar/data/925741/0001437749-25-029768.txt,"On September 19, 2025, we consummated the sale of 4,800,000 shares of our common stock and accompanying warrants to purchase up to 4,800,000 shares of common stock at a combined offering price of $1.25 per share and warrant pursuant to securities purchase agreements by and between us and certain purchasers and pursuant to our Registration Statement (No. 333-290283) on Form S-1. The net proceeds from such financing were approximately $5.1 million after deducting placement agent fees and other offering expenses.",2025-09-25,2025-09-23,5.0,2025-09-24
0002022416,2025-09-26,SLXN,0001178913-25-003385,https://www.sec.gov/Archives/edgar/data/2022416/0001178913-25-003385.txt,"On September 26, 2025, Silexion Therapeutics Corp (the ""Company""), entered into an At The Market Offering Agreement, (the ""Offering Agreement""), with H.C. Wainwright & Co., LLC, as agent (""Wainwright""), pursuant to which the Company may offer and sell, from time to time through Wainwright ordinary shares of the Company, par value $0.0135 per share (the ""Ordinary Shares""), having an aggregate offering price of up to $13.17 million (the ""Shares"").",2025-09-29,2025-09-25,11.0,2025-09-26
0001655923,2025-10-02,ACOG,0001213900-25-094911,https://www.sec.gov/Archives/edgar/data/1655923/0001213900-25-094911.txt,"On September 30, 2025, Alpha Cognition Inc. (the ""Company"") entered into an underwriting agreement (the ""Underwriting Agreement"") with Titan Partners Group LLC, a division of American Capital Partners, LLC, (the ""Underwriter""), relating to the Company's sale of 4,651,516 common shares, no par value, at a public offering price of $6.25 per share, and pre-funded warrants of the Company to purchase up to 948,484 common shares (the ""Pre-Funded Warrants"") at a public offering price of $6.249 per Pre-Funded Warrants, with an exercise price of $0.001 per share (the ""Offering"").",2025-10-03,2025-10-01,,2025-10-02
0001818382,2025-10-07,HUMA,0001104659-25-097591,https://www.sec.gov/Archives/edgar/data/1818382/0001104659-25-097591.txt,"On October 6, 2025, Humacyte, Inc. (the ""Company"") entered into a securities purchase agreement (the ""Purchase Agreement""), pursuant to which the Company agreed to issue and sell to certain investors in a registered direct offering (the ""Offering"") (i) 28,436,018 shares (the ""Shares"") of the Company's common stock, par value $0.0001 per share (the ""Common Stock""), and (ii) warrants to purchase up to 28,436,018 shares of Common Stock (the ""Warrants""). The offering price per Share and accompanying Warrant is $2.11.",2025-10-08,2025-10-06,195.0,2025-10-07
0001674416,2025-10-15,CRSP,0001193125-25-240282,https://www.sec.gov/Archives/edgar/data/1674416/0001193125-25-240282.txt,"On October 15, 2025, the Company filed a prospectus supplement with the U.S. Securities and Exchange Commission (the ""SEC"") to offer and sell from time to time at its sole discretion through Jefferies, as its sales agent, additional Common Shares having an aggregate offering price of up to $600,000,000 (the ""Offering"").",2025-10-16,2025-10-14,,2025-10-15
0001662579,2025-10-16,CCCC,0001193125-25-241591,https://www.sec.gov/Archives/edgar/data/1662579/0001193125-25-241591.txt,"The Company estimates that the net proceeds from the Offering, after deducting the underwriting discounts and commissions and estimated offering expenses payable by the Company and excluding any cash proceeds received from the exercise of the Warrants, will be approximately $117.0 million. These net proceeds will extend the Company's cash runway to the end of 2028. The Offering is expected to close on October 17, 2025, subject to customary closing conditions.",2025-10-17,2025-10-15,,2025-10-16
0001907108,2025-10-17,LXEO,0001193125-25-242652,https://www.sec.gov/Archives/edgar/data/1907108/0001193125-25-242652.txt,"On October 16, 2025, Lexeo Therapeutics, Inc. (the ""Company"") entered into an underwriting agreement (the ""Underwriting Agreement"") with Leerink Partners LLC, as representative (the ""Representative"") of the several underwriters named therein (collectively, the ""Underwriters""), relating to the issuance and sale in a public offering (the ""Public Offering"") of 15,625,000 shares (the ""Firm Shares"") of the Company's common stock, par value $0.0001 per share (the ""Common Stock""), at a price to the public of $8.00 per share.",2025-10-20,2025-10-16,,2025-10-17
0001501697,2025-10-27,XFOR,0001501697-25-000032,https://www.sec.gov/Archives/edgar/data/1501697/0001501697-25-000032.txt,"On October 23, 2025, X4 Pharmaceuticals, Inc. (the ""Company"") entered into an underwriting agreement (""Underwriting Agreement"") with Leerink Partners LLC, Stifel, Nicolaus & Company, Incorporated and Guggenheim Securities, LLC, as the representatives of the underwriters named therein (the ""Underwriters""), to issue and sell 45,860,000 shares of the Company's common stock at a public offering price of $2.90 per share and, in lieu of common stock to certain investors, pre-funded warrants to purchase 700,000 shares of the Company's common stock (the ""Pre-Funded Warrants"") at a public offering price of $2.899 per share.",2025-10-28,2025-10-24,,2025-10-27
0001567264,2025-10-31,INTS,0001628280-25-047855,https://www.sec.gov/Archives/edgar/data/1567264/0001628280-25-047855.txt,"the Company agreed to issue and sell, in a registered direct offering by the Company directly to the Investor (the ""Offering""), 5,000,000 shares (the ""Shares"") of common stock, par value $0.0001 per share, of the Company (""Common Stock"") to the Investor, at a price of $0.80 per share, for aggregate gross proceeds to the Company of $4.0 million before deducting the placement agent's fees and related offering expenses.",2025-11-03,2025-10-30,80.0,2025-10-31
0001650648,2025-11-07,FDMT,0001193125-25-272286,https://www.sec.gov/Archives/edgar/data/1650648/0001193125-25-272286.txt,"On November 6, 2025, 4D Molecular Therapeutics, Inc. (the ""Company"") entered into an underwriting agreement (the ""Underwriting Agreement"") with Leerink Partners LLC and Evercore Group L.L.C., as representatives of the several underwriters named therein (the ""Underwriters""), pursuant to which the Company agreed to issue and sell (the ""Offering"") 8,385,809 shares of its common stock (the ""Shares""), par value $0.0001 per share (""Common Stock""), at an offering price of $10.51 per share.",2025-11-10,2025-11-06,518.0,2025-11-07
0001357874,2025-11-12,DTIL,0001628280-25-051382,https://www.sec.gov/Archives/edgar/data/1357874/0001628280-25-051382.txt,"On November 10, 2025, Precision BioSciences, Inc. (the ""Company"") entered into an underwriting agreement (the ""Underwriting Agreement"") with Guggenheim Securities, LLC (the ""Underwriter""), in connection with the offering (the ""Offering""), issuance and sale by the Company of 10,815,000 shares of its common stock, $0.000005 par value per share (the ""Common Stock"") and accompanying one-half warrants to purchase up to 5,407,500 shares of Common Stock at a combined price of $6.14 and, in lieu of common stock to certain investors, pre-funded warrants to purchase up to 1,400,000 shares of its Common Stock and accompanying one-half warrants to purchase up to 700,000 shares of Common Stock at a combined price of $6.139995.",2025-11-13,2025-11-11,621.0,2025-11-12
0001817229,2025-11-12,VOR,0001193125-25-275862,https://www.sec.gov/Archives/edgar/data/1817229/0001193125-25-275862.txt,"On November 10, 2025, Vor Biopharma Inc. (the ""Company"") entered into an underwriting agreement relating to the issuance and sale in a public offering of 10,000,000 shares of the Company's common stock at a public offering price of $10.00 per share. The net proceeds to the Company from the Equity Offering are expected to be approximately $93.7 million (or $107.8 million if the Underwriters exercise the Underwriters' Option in full), after deducting the underwriting discounts and commissions and estimated offering expenses.",2025-11-13,2025-11-11,77.0,2025-11-12
0001980845,2025-11-14,ENGN,0001193125-25-283182,https://www.sec.gov/Archives/edgar/data/1980845/0001193125-25-283182.txt,"enGene Holdings Inc. entered into an underwriting agreement relating to the issuance and sale by the Company, in an underwritten public offering of 12,558,823 common shares at a public offering price of $8.50 per Common Share, and pre-funded warrants to purchase 2,735,295 Common Shares at an offering price of $8.4999 per Pre-Funded Warrant. The aggregate gross proceeds to the Company from the Offering are approximately $130 million.",2025-11-17,2025-11-13,,2025-11-14
0001727196,2025-11-14,SRRK,0001104659-25-111956,https://www.sec.gov/Archives/edgar/data/1727196/0001104659-25-111956.txt,"On November 14, 2025, the Company filed a prospectus supplement (the ""Prospectus Supplement"") with the Securities and Exchange Commission (the ""SEC"") under the Company's previously filed shelf registration statement on Form S-3ASR...relating to the offer and sale from time to time at its sole discretion through Jefferies, as its sales agent, additional shares of Common Stock having an aggregate offering price of up to $200,000,000 (the ""Shares"").",2025-11-17,2025-11-13,400.0,2025-11-14
0001211583,2025-11-17,FENC,0001104659-25-112912,https://www.sec.gov/Archives/edgar/data/1211583/0001104659-25-112912.txt,"On November 13, 2025, Fennec Pharmaceuticals Inc. (the ""Company"") entered into an underwriting agreement (the ""Underwriting Agreement"") with Piper Sandler & Co. and Craig-Hallum Capital Group LLC, as representatives of the several underwriters named therein (collectively, the ""Underwriters""), pursuant to which the Company agreed to issue and sell an aggregate of 4,666,667 common shares, no par value (the ""Shares""), to the Underwriters (the ""Offering""). The Shares are to be sold at a public offering price of $7.50 per share, and will be purchased by the Underwriters from the Company at a price of $6.975 per Share.",2025-11-18,2025-11-14,,2025-11-17
0001832038,2025-11-19,IVVD,0001193125-25-288347,https://www.sec.gov/Archives/edgar/data/1832038/0001193125-25-288347.txt,"The net proceeds to the Company from the Offering were approximately $117.2 million, after deducting underwriting discounts and commissions and estimated offering expenses payable by the Company. The Offering closed on November 19, 2025.",2025-11-20,2025-11-18,89.0,2025-11-19
0001750149,2025-11-21,IKT,0001193125-25-291443,https://www.sec.gov/Archives/edgar/data/1750149/0001193125-25-291443.txt,"On November 20, 2025, Inhibikase Therapeutics, Inc. entered into an underwriting agreement relating to an underwritten public offering of (i) 46,091,739 shares of the Company's common stock and (ii) pre-funded warrants to purchase up to an aggregate of 22,873,779 shares of Common Stock. Each Share was offered and sold at an offering price of $1.45, and each Pre-Funded Warrant was offered and sold at an offering price of $1.449.",2025-11-24,2025-11-20,550.0,2025-11-21
0001567264,2025-12-04,INTS,0001567264-25-000109,https://www.sec.gov/Archives/edgar/data/1567264/0001567264-25-000109.txt,"On December 4, 2025, Intensity Therapeutics, Inc. (the ""Company"") filed a prospectus supplement to increase the capacity of its existing ""at-the-market"" offering program (the ""ATM"") to $30 million... the amount of shares of the Company's common stock, par value $0.0001 per share, that the Company may issue under the Offering Agreement has been increased to an aggregate of $30 million of Shares.",2025-12-05,2025-12-03,34.0,2025-12-04
0001359931,2025-12-08,TARA,0001213900-25-119242,https://www.sec.gov/Archives/edgar/data/1359931/0001213900-25-119242.txt,"On December 4, 2025, Protara Therapeutics, Inc. entered into an Underwriting Agreement with J.P. Morgan Securities LLC, TD Securities (USA) LLC and Piper Sandler & Co., as representatives of the several underwriters, pursuant to which the Company agreed to sell and issue to the Underwriters an aggregate of 13,043,479 shares of common stock. The price to the public in the Offering was $5.75 per Share.",2025-12-09,2025-12-05,329.0,2025-12-08
0001714899,2025-12-10,DNLI,0001628280-25-056363,https://www.sec.gov/Archives/edgar/data/1714899/0001628280-25-056363.txt,"On December 9, 2025, Denali Therapeutics Inc. (the ""Company"") entered into an underwriting agreement (the ""Underwriting Agreement"") with Goldman Sachs & Co. LLC, J.P. Morgan Securities LLC and Morgan Stanley & Co. LLC as representatives of the several underwriters named therein (collectively, the ""Underwriters""), relating to the public offering of 9,142,857 shares of the Company's common stock, par value $0.01 per share (the ""Common Stock""), at a price to the public of $17.50 per share (the ""Firm Shares""), and pre-funded warrants (the ""Pre-Funded Warrants"") to purchase 2,285,714 shares of Common Stock at a price to the public of $17.49 per underlying share.",2025-12-11,2025-12-09,,2025-12-10
0001815442,2025-12-10,KYMR,0001193125-25-314422,https://www.sec.gov/Archives/edgar/data/1815442/0001193125-25-314422.txt,"On December 9, 2025, Kymera Therapeutics, Inc. (the ""Company"") entered into an underwriting agreement (the ""Underwriting Agreement"") with Morgan Stanley & Co. LLC, J.P. Morgan Securities LLC, Jefferies LLC, Stifel, Nicolaus & Company, Incorporated, Guggenheim Securities, LLC and Wells Fargo Securities, LLC, as representatives (the ""Representatives"") of the underwriters listed in Schedule II thereto (the ""Underwriters""), pursuant to which the Company agreed to issue and sell an aggregate of 7,000,000 shares (the ""Shares"") of its common stock, par value $0.0001 per share (""Common Stock""), at a price to the public of $86.00 per share (the ""Offering"").",2025-12-11,2025-12-09,166.0,2025-12-10
0001764013,2025-12-11,IMVT,0001193125-25-314994,https://www.sec.gov/Archives/edgar/data/1764013/0001193125-25-314994.txt,"On December 10, 2025, Immunovant, Inc. (the ""Company"") announced the pricing of an underwritten offering of its common stock, with anticipated gross proceeds to the Company of approximately $550 million, before deducting underwriting discounts and commissions and other expenses payable by the Company in connection with the transaction.",2025-12-12,2025-12-10,,2025-12-11
0001764013,2025-12-12,IMVT,0001193125-25-317577,https://www.sec.gov/Archives/edgar/data/1764013/0001193125-25-317577.txt,"On December 10, 2025, Immunovant, Inc. (the ""Company"") entered into an underwriting agreement (the ""Underwriting Agreement"") with Leerink Partners LLC (""Leerink Partners""), relating to the issuance and sale in an underwritten offering by the Company of 26.2 million shares (the ""Shares"") of the Company's common stock, par value $0.0001 per share (the ""Common Stock""), at an offering price of $21.00 per share.",2025-12-15,2025-12-11,1.0,2025-12-12
0001359931,2025-12-15,TARA,0001213900-25-121687,https://www.sec.gov/Archives/edgar/data/1359931/0001213900-25-121687.txt,"On December 8, 2025, Protara Therapeutics, Inc. (the ""Company"") completed a public offering of an aggregate of 13,043,479 shares of common stock of the Company, par value $0.001 per share. The price to the public in the Offering was $5.75 per Firm Share.",2025-12-16,2025-12-12,7.0,2025-12-15
0001818382,2025-12-16,HUMA,0001104659-25-121674,https://www.sec.gov/Archives/edgar/data/1818382/0001104659-25-121674.txt,"On December 16, 2025, Humacyte, Inc. (the ""Company"") entered into a Sales Agreement (the ""Agreement"") with TD Securities (USA) LLC, as agent (""TD Cowen""), under which the Company may offer and sell its common stock, par value $0.0001 per share, from time to time having an aggregate offering price of up to $60,000,000 (the ""Shares"") during the term of the Agreement through TD Cowen, acting as agent.",2025-12-17,2025-12-15,70.0,2025-12-16
0001994702,2025-12-18,KYTX,0001213900-25-123033,https://www.sec.gov/Archives/edgar/data/1994702/0001213900-25-123033.txt,"On December 17, 2025, Kyverna Therapeutics, Inc. (the ""Company"") entered into an underwriting agreement (the ""Underwriting Agreement"") with J.P. Morgan Securities LLC, Leerink Partners LLC and Morgan Stanley & Co. LLC as the representatives of the several underwriters named therein, relating to the issuance and sale in an underwritten public offering (the ""Offering"") of an aggregate of 13,333,333 shares of common stock. The public offering price is $7.50 per share of Common Stock and the Underwriters have agreed to purchase the shares of Common Stock pursuant to the Underwriting Agreement at a price of $7.05 per share of Common Stock.",2025-12-19,2025-12-17,675.0,2025-12-18
0001468748,2025-12-18,KOD,0001193125-25-324882,https://www.sec.gov/Archives/edgar/data/1468748/0001193125-25-324882.txt,"On December 16, 2025, Kodiak Sciences Inc. (the ""Company"") entered into an underwriting agreement relating to the public offering, issuance and sale (the ""Offering"") of 6,956,522 shares of its common stock. The price to the public in the Offering was $23.00 per share of Common Stock, and the Underwriters agreed to purchase the shares from the Company pursuant to the Underwriting Agreement at a price of $21.62 per share.",2025-12-19,2025-12-17,,2025-12-18
0001711754,2025-12-19,INMB,0001213900-25-123880,https://www.sec.gov/Archives/edgar/data/1711754/0001213900-25-123880.txt,"The shares of Common Stock will be offered and sold pursuant to the Company's effective shelf registration statement on Form S-3 (File No. 279036) (the ""Registration Statement"") filed by the Company with the U.S. Securities and Exchange Commission (the ""SEC"") on May 1, 2024, and declared effective by the SEC on August 7, 2024, and the accompanying base prospectus included therein, as supplemented by the prospectus supplement, dated December 19, 2025, filed with the SEC.",2025-12-22,2025-12-18,172.0,2025-12-19
0001326110,2025-12-29,IBRX,0001193125-25-331244,https://www.sec.gov/Archives/edgar/data/1326110/0001193125-25-331244.txt,"Amendment No. 1 authorizes the issuance of an additional $459,972,480 of Shares, which were registered under the Company's prospectus supplement dated December 23, 2025, as filed with the SEC on December 23, 2025, relating to the sale and issuance of shares of its common stock from time to time through an 'at the market' offering program.",2025-12-30,2025-12-26,383.0,2025-12-29
0001833214,2025-12-29,SABS,0001193125-25-335267,https://www.sec.gov/Archives/edgar/data/1833214/0001193125-25-335267.txt,"On December 29, 2025, SAB Biotherapeutics, Inc. (the ""Company"") entered into a Sales Agreement (the ""Agreement"") with UBS Securities LLC (the ""Agent"") with respect to an at-the-market offering program under which the Company may offer and sell from time to time through or to the Agent, as sales agent or principal, the Company's common stock, par value $0.0001 per share, having an aggregate offering price of up to $75,000,000 (the ""Placement Shares""). The Placement Shares will be registered under the Securities Act of 1933, as amended (the ""Securities Act""), and will be offered and sold pursuant to a shelf registration statement on Form S-3.",2025-12-30,2025-12-26,703.0,2025-12-29
