ticker,name,sic_code,industry
A,Agilent Technologies Inc.,3826,LABORATORY ANALYTICAL INSTRUMENTS
AA,Alcoa Corporation,3334,PRIMARY PRODUCTION OF ALUMINUM
AAAU,Goldman Sachs Physical Gold ETF Shares,6221,COMMODITY CONTRACTS BROKERS & DEALERS
AAC,Ares Acquisition Corporation III,6770,BLANK CHECKS
AACB,,,UNKNOWN
AACI,Armada Acquisition Corp. III Class A Ordinary Share,6770,BLANK CHECKS
AACIU,Armada Acquisition Corp. III Units,6770,BLANK CHECKS
AACO,Abony Acquisition Corp. I Class A Ordinary Share,6770,BLANK CHECKS
AACOU,Abony Acquisition Corp. I Units,6770,BLANK CHECKS
AACP,Apogee Acquisition Corp Class A Ordinary Shares,6770,BLANK CHECKS
AACPU,Apogee Acquisition Corp Units,6770,BLANK CHECKS
AACT,,,UNKNOWN
AADI,,,UNKNOWN
AADX,"Applied Aerospace & Defense, Inc.",3728,"AIRCRAFT PARTS & AUXILIARY EQUIPMENT, NEC"
AAGR,AFRICAN AGRI HLDGS INC,,UNKNOWN
AAIN,,,UNKNOWN
AAL,American Airlines Group Inc.,4512,"AIR TRANSPORTATION, SCHEDULED"
AAM,,,UNKNOWN
AAMC,,,UNKNOWN
AAME,Atlantic American Corp,6311,LIFE INSURANCE
AAMI,Acadian Asset Management Inc.,6282,INVESTMENT ADVICE
AAMPA,,,UNKNOWN
AAN,,,UNKNOWN
AAOI,"Applied Optoelectronics, Inc.",3674,SEMICONDUCTORS & RELATED DEVICES
AAON,Aaon Inc,3585,AIR-COND & WARM AIR HEATG EQUIP & COMM & INDL REFRIG EQUIP
AAP,ADVANCE AUTO PARTS INC,5531,RETAIL-AUTO & HOME SUPPLY STORES
AAPL,Apple Inc.,3571,ELECTRONIC COMPUTERS
AAQC,,,UNKNOWN
AARD,"Aardvark Therapeutics, Inc. Common Stock",2834,PHARMACEUTICAL PREPARATIONS
AAT,"AMERICAN ASSETS TRUST, INC.",6798,REAL ESTATE INVESTMENT TRUSTS
AATC,AUTOSCOPE TECHS CORP,,UNKNOWN
AAWW,,,UNKNOWN
AB,"AllianceBernstein Holding, L.P.",6282,INVESTMENT ADVICE
ABAT,American Battery Technology Company Common Stock,1400,MINING & QUARRYING OF NONMETALLIC MINERALS (NO FUELS)
ABBV,ABBVIE INC.,2834,PHARMACEUTICAL PREPARATIONS
ABCB,Ameris Bancorp,6022,STATE COMMERCIAL BANKS
ABCL,AbCellera Biologics Inc. Common Shares,2834,PHARMACEUTICAL PREPARATIONS
ABEO,Abeona Therapeutics Inc. Common Stock,2834,PHARMACEUTICAL PREPARATIONS
ABG,"Asbury Automotive Group, Inc.",5500,RETAIL-AUTO DEALERS & GASOLINE STATIONS
ABGI,,,UNKNOWN
ABL,,,UNKNOWN
ABM,"ABM Industries, Inc.",7340,SERVICES-TO DWELLINGS & OTHER BUILDINGS
ABMD,,,UNKNOWN
ABNB,"Airbnb, Inc. Class A Common Stock",7340,SERVICES-TO DWELLINGS & OTHER BUILDINGS
ABOS,"Acumen Pharmaceuticals, Inc. Common Stock",2836,"BIOLOGICAL PRODUCTS, (NO DIAGNOSTIC SUBSTANCES)"
ABP,,,UNKNOWN
ABR,"Arbor Realty Trust, Inc.",6798,REAL ESTATE INVESTMENT TRUSTS
ABSI,Absci Corporation Common Stock,8731,SERVICES-COMMERCIAL PHYSICAL & BIOLOGICAL RESEARCH
ABT,Abbott Laboratories,2834,PHARMACEUTICAL PREPARATIONS
ABTC,American Bitcoin Corp. Class A Common Stock,6199,FINANCE SERVICES
ABTX,,,UNKNOWN
ABUS,Arbutus Biopharma Corporation Common Stock,2834,PHARMACEUTICAL PREPARATIONS
ABVC,"ABVC BioPharma, Inc. Common Stock",2834,PHARMACEUTICAL PREPARATIONS
ABX,"Abacus Global Management, Inc.",6282,INVESTMENT ADVICE
AC,,,UNKNOWN
ACA,"Arcosa, Inc. Common Stock",3440,FABRICATED STRUCTURAL METAL PRODUCTS
ACAA,Averin Capital Acquisition Corp. Class A Ordinary Shares,6770,BLANK CHECKS
ACAAU,Averin Capital Acquisition Corp. Units,6770,BLANK CHECKS
ACAC,,,UNKNOWN
ACAD,Acadia Pharmaceuticals Inc.,2834,PHARMACEUTICAL PREPARATIONS
ACAH,,,UNKNOWN
ACAQ,,,UNKNOWN
ACBA,,,UNKNOWN
ACBI,,,UNKNOWN
ACC,,,UNKNOWN
ACCD,,,UNKNOWN
ACCO,Acco Brands Corporation,2780,"BLANKBOOKS, LOOSELEAF BINDERS & BOOKBINDG & RELATD WORK"
ACCS,ACCESS Newswire Inc.,8742,SERVICES-MANAGEMENT CONSULTING SERVICES
ACDC,ProFrac Holding Corp. Class A Common Stock,1389,"OIL & GAS FIELD SERVICES, NEC"
ACDI,,,UNKNOWN
ACEL,"Accel Entertainment, Inc.",7900,SERVICES-AMUSEMENT & RECREATION SERVICES
ACER,,,UNKNOWN
ACET,"Adicet Bio, Inc. Common Stock",2834,PHARMACEUTICAL PREPARATIONS
ACFN,"Acorn Energy, Inc. Common Stock",8711,SERVICES-ENGINEERING SERVICES
ACGC,ACP Holdings Acquisition Corp. Class A Ordinary Shares,6770,BLANK CHECKS
ACGCU,ACP Holdings Acquisition Corp. Units,6770,BLANK CHECKS
ACGL,Arch Capital Group Ltd,6331,"FIRE, MARINE & CASUALTY INSURANCE"
ACGN,,,UNKNOWN
ACGO,Hartford Alpha Capture Growth ETF,,UNKNOWN
ACH,"Accendra Health, Inc.",5047,"WHOLESALE-MEDICAL, DENTAL & HOSPITAL EQUIPMENT & SUPPLIES"
ACHC,"Acadia Healthcare Company, Inc.",8093,"SERVICES-SPECIALTY OUTPATIENT FACILITIES, NEC"
ACHR,Archer Aviation Inc.,3721,AIRCRAFT
ACHV,"Achieve Life Sciences, Inc.",2835,IN VITRO & IN VIVO DIAGNOSTIC SUBSTANCES
ACI,"Albertsons Companies, Inc.",5411,RETAIL-GROCERY STORES
ACIC,American Coastal Insurance Corporation Common Stock,6331,"FIRE, MARINE & CASUALTY INSURANCE"
ACII,Innovator Index Autocallable Income Strategy ETF,6770,BLANK CHECKS
ACIW,"ACI Worldwide, Inc.",7372,SERVICES-PREPACKAGED SOFTWARE
ACKIT,,,UNKNOWN
ACLS,Axcelis Technologies Inc,3559,"SPECIAL INDUSTRY MACHINERY, NEC"
ACLX,,,UNKNOWN
ACM,Aecom,8711,SERVICES-ENGINEERING SERVICES
ACMR,"ACM Research, Inc. Class A Common Stock",3559,"SPECIAL INDUSTRY MACHINERY, NEC"
ACN,Accenture PLC,7389,"SERVICES-BUSINESS SERVICES, NEC"
ACNB,ACNB Corp,6022,STATE COMMERCIAL BANKS
ACNT,Ascent Industries Co. Common Stock,2800,CHEMICALS & ALLIED PRODUCTS
ACOG,Alpha Cognition Inc. Common Stock,2836,"BIOLOGICAL PRODUCTS, (NO DIAGNOSTIC SUBSTANCES)"
ACON,"Aclarion, Inc. Common Stock",8071,SERVICES-MEDICAL LABORATORIES
ACOR,,,UNKNOWN
ACP,abrdn Income Credit Strategies Fund,,UNKNOWN
ACQR,,,UNKNOWN
ACR,ACRES Commercial Realty Corp.,6798,REAL ESTATE INVESTMENT TRUSTS
ACRE,Ares Commercial Real Estate Corporation,6798,REAL ESTATE INVESTMENT TRUSTS
ACRO,,,UNKNOWN
ACRS,"Aclaris Therapeutics, Inc.",2834,PHARMACEUTICAL PREPARATIONS
ACRV,"Acrivon Therapeutics, Inc. Common Stock",2834,PHARMACEUTICAL PREPARATIONS
ACT,"Enact Holdings, Inc. Common Stock",6411,"INSURANCE AGENTS, BROKERS & SERVICE"
ACTG,Acacia Research Corporation,6794,PATENT OWNERS & LESSORS
ACTU,"Actuate Therapeutics, Inc. Common stock",2834,PHARMACEUTICAL PREPARATIONS
ACU,Acme United Corporation,3420,"CUTLERY, HANDTOOLS & GENERAL HARDWARE"
ACVA,ACV Auctions Inc.,7389,"SERVICES-BUSINESS SERVICES, NEC"
ACXP,"Acurx Pharmaceuticals, Inc. Common Stock",2834,PHARMACEUTICAL PREPARATIONS
AD,"Array Digital Infrastructure, Inc.",4812,RADIOTELEPHONE COMMUNICATIONS
ADAC,American Drive Acquisition Company Class A Ordinary Shares,6770,BLANK CHECKS
ADACU,American Drive Acquisition Company Units,6770,BLANK CHECKS
ADAL,,,UNKNOWN
ADAM,"Adamas Trust, Inc. Common Stock",6798,REAL ESTATE INVESTMENT TRUSTS
ADAP,,,UNKNOWN
ADBE,Adobe Inc.,7372,SERVICES-PREPACKAGED SOFTWARE
ADC,Agree Realty Corporation,6798,REAL ESTATE INVESTMENT TRUSTS
ADCT,ADC Therapeutics SA,2834,PHARMACEUTICAL PREPARATIONS
ADEA,Adeia Inc. Common Stock,4841,CABLE & OTHER PAY TELEVISION SERVICES
ADER,,,UNKNOWN
ADGM,"Adagio Medical Holdings, Inc Common Stock",3841,SURGICAL & MEDICAL INSTRUMENTS & APPARATUS
ADI,"Analog Devices, Inc.",3674,SEMICONDUCTORS & RELATED DEVICES
ADIL,"Adial Pharmaceuticals, Inc",2834,PHARMACEUTICAL PREPARATIONS
ADM,Archer Daniels Midland Company,2070,FATS & OILS
ADMA,"ADMA Biologics, Inc.",2836,"BIOLOGICAL PRODUCTS, (NO DIAGNOSTIC SUBSTANCES)"
ADN,,,UNKNOWN
ADNT,Adient plc Ordinary Shares,3714,MOTOR VEHICLE PARTS & ACCESSORIES
ADOC,,,UNKNOWN
ADP,Automatic Data Processing,7374,SERVICES-COMPUTER PROCESSING & DATA PREPARATION
ADPT,Adaptive Biotechnologies Corporation Common Stock,2836,"BIOLOGICAL PRODUCTS, (NO DIAGNOSTIC SUBSTANCES)"
ADRT,,,UNKNOWN
ADSK,Autodesk Inc,7372,SERVICES-PREPACKAGED SOFTWARE
ADT,ADT Inc.,7381,"SERVICES-DETECTIVE, GUARD & ARMORED CAR SERVICES"
ADTH,,,UNKNOWN
ADTN,"ADTRAN Holdings, Inc. Common Stock",3661,TELEPHONE & TELEGRAPH APPARATUS
ADTX,ADITXT INC,,UNKNOWN
ADUS,Addus HomeCare Corp.,8082,SERVICES-HOME HEALTH CARE SERVICES
ADV,Advantage Solutions Inc. Class A Common Stock,7389,"SERVICES-BUSINESS SERVICES, NEC"
ADVB,Advanced Biomed Inc. Common Stock,8071,SERVICES-MEDICAL LABORATORIES
ADVM,,,UNKNOWN
ADX,"Adams Diversified Equity Fund, Inc",,UNKNOWN
ADXS,,,UNKNOWN
AE,,,UNKNOWN
AEAC,,,UNKNOWN
AEAE,ALTENERGY ACQ CORP A,,UNKNOWN
AEAQ,Activate Energy Acquisition Corp. Class A Ordinary Share,6770,BLANK CHECKS
AEAQU,Activate Energy Acquisition Corp. Unit,6770,BLANK CHECKS
AEBI,Aebi Schmidt Holding AG Common Stock,3531,CONSTRUCTION MACHINERY & EQUIP
AEE,Ameren Corporation,4931,ELECTRIC & OTHER SERVICES COMBINED
AEF,"abrdn Emerging Markets ex-China Fund, Inc.",,UNKNOWN
AEHR,Aehr Test Systems,3825,INSTRUMENTS FOR MEAS & TESTING OF ELECTRICITY & ELEC SIGNALS
AEI,Alset Inc. Common Stock (TX),6500,REAL ESTATE
AEIS,Advanced Energy Industries Inc,3679,"ELECTRONIC COMPONENTS, NEC"
AEMD,AETHLON MEDICAL INC,3841,SURGICAL & MEDICAL INSTRUMENTS & APPARATUS
AENT,Alliance Entertainment Holding Corporation Class A Common Stock,5099,"WHOLESALE-DURABLE GOODS, NEC"
AEO,American Eagle Outfitters,5651,RETAIL-FAMILY CLOTHING STORES
AEON,"AEON Biopharma, Inc.",2834,PHARMACEUTICAL PREPARATIONS
AEP,"American Electric Power Company, Inc.",4911,ELECTRIC SERVICES
AERI,,,UNKNOWN
AERT,"Aeries Technology, Inc. Class A Ordinary Share",8742,SERVICES-MANAGEMENT CONSULTING SERVICES
AES,AES Corporation,4991,COGENERATION SERVICES & SMALL POWER PRODUCERS
AESI,Atlas Energy Solutions Inc.,1311,CRUDE PETROLEUM & NATURAL GAS
AESPU,Aeon Acquisition I Corp. Units,6770,BLANK CHECKS
AEVA,"Aeva Technologies, Inc.",3714,MOTOR VEHICLE PARTS & ACCESSORIES
AEXA,American Exceptionalism Acquisition Corp. A,6770,BLANK CHECKS
AEY,,,UNKNOWN
AEYE,"AudioEye, Inc. Common Stock",7372,SERVICES-PREPACKAGED SOFTWARE
AFAC,,,UNKNOWN
AFAQ,,,UNKNOWN
AFAR,,,UNKNOWN
AFBI,,,UNKNOWN
AFCG,Advanced Flower Capital Inc. Common Stock,,UNKNOWN
AFG,"American Financial Group, Inc.",6331,"FIRE, MARINE & CASUALTY INSURANCE"
AFH,,,UNKNOWN
AFI,,,UNKNOWN
AFIB,ACUTUS MEDICAL INC,,UNKNOWN
AFJK,"Aimei Health Technology Co., Ltd Ordinary Share",6770,BLANK CHECKS
AFL,Aflac Inc.,6321,ACCIDENT & HEALTH INSURANCE
AFRI,Forafric Global PLC Ordinary Shares,,UNKNOWN
AFRM,"Affirm Holdings, Inc. Class A Common Stock",6141,PERSONAL CREDIT INSTITUTIONS
AFTR,,,UNKNOWN
AGAC,,,UNKNOWN
AGAE,,,UNKNOWN
AGCB,,,UNKNOWN
AGCO,AGCO Corporation,3523,FARM MACHINERY & EQUIPMENT
AGD,abrdn Global Dynamic Dividend Fund,,UNKNOWN
AGEN,Agenus Inc.,2836,"BIOLOGICAL PRODUCTS, (NO DIAGNOSTIC SUBSTANCES)"
AGFS,,,UNKNOWN
AGFY,,,UNKNOWN
AGGR,,,UNKNOWN
AGH,,,UNKNOWN
AGIG,Abundia Global Impact Group Inc.,1311,CRUDE PETROLEUM & NATURAL GAS
AGIL,,,UNKNOWN
AGIO,"Agios Pharmaceuticals, Inc.",2834,PHARMACEUTICAL PREPARATIONS
AGL,"agilon health, inc.",8090,"SERVICES-MISC HEALTH & ALLIED SERVICES, NEC"
AGM,Federal Agricultural Mortgage Corporation,6111,FEDERAL & FEDERALLY-SPONSORED CREDIT AGENCIES
AGNC,AGNC Investment Corp. Common Stock,6798,REAL ESTATE INVESTMENT TRUSTS
AGNT,"AGNT, Inc. Common Stock",6531,REAL ESTATE AGENTS & MANAGERS (FOR OTHERS)
AGO,"Assured Guaranty, LTD",6351,SURETY INSURANCE
AGPU,Axe Compute Inc. Common Stock,6199,FINANCE SERVICES
AGQ,ProShares Ultra Silver,6221,COMMODITY CONTRACTS BROKERS & DEALERS
AGR,,,UNKNOWN
AGRI,,,UNKNOWN
AGRX,,,UNKNOWN
AGS,,,UNKNOWN
AGTC,,,UNKNOWN
AGTI,,,UNKNOWN
AGX,"Argan, Inc",1700,CONSTRUCTION - SPECIAL TRADE CONTRACTORS
AGYS,"Agilysys, Inc. Common Stock (DE)",7373,SERVICES-COMPUTER INTEGRATED SYSTEMS DESIGN
AHCO,AdaptHealth Corp. Common Stock,8082,SERVICES-HOME HEALTH CARE SERVICES
AHH,,,UNKNOWN
AHPI,,,UNKNOWN
AHR,"American Healthcare REIT, Inc.",6798,REAL ESTATE INVESTMENT TRUSTS
AHRN,,,UNKNOWN
AHRT,"AH Realty Trust, Inc.",6500,REAL ESTATE
AHT,"Ashford Hospitality Trust, Inc.",6798,REAL ESTATE INVESTMENT TRUSTS
AI,"C3.ai, Inc.",7372,SERVICES-PREPACKAGED SOFTWARE
AIB,AIB Data Centers Inc.,6221,COMMODITY CONTRACTS BROKERS & DEALERS
AIDX,"20/20 Biolabs, Inc. Common Stock",8734,SERVICES-TESTING LABORATORIES
AIEV,THUNDER POWER HOLDINGS,,UNKNOWN
AIFA,"All In FutureTech Alliance, Inc. Common Stock",7900,SERVICES-AMUSEMENT & RECREATION SERVICES
AIFC,AI Financial Corporation Common Stock,6221,COMMODITY CONTRACTS BROKERS & DEALERS
AIFF,"Firefly Neuroscience, Inc. Common Stock",7372,SERVICES-PREPACKAGED SOFTWARE
AIG,"American International Group, Inc.",6331,"FIRE, MARINE & CASUALTY INSURANCE"
AIHS,,,UNKNOWN
AII,"American Integrity Insurance Group, Inc.",6331,"FIRE, MARINE & CASUALTY INSURANCE"
AIIA,AI Infrastructure Acquisition Corp.,6770,BLANK CHECKS
AILE,,,UNKNOWN
AIM,AIM ImmunoTech Inc.,2836,"BIOLOGICAL PRODUCTS, (NO DIAGNOSTIC SUBSTANCES)"
AIMAU,,,UNKNOWN
AIMC,,,UNKNOWN
AIMD,"Ainos, Inc. Common Stock",3577,"COMPUTER PERIPHERAL EQUIPMENT, NEC"
AIN,Albany International Corp Class A,2221,"BROADWOVEN FABRIC MILLS, MAN MADE FIBER & SILK"
AINC,,,UNKNOWN
AIOT,"PowerFleet, Inc. Common Stock",3669,"COMMUNICATIONS EQUIPMENT, NEC"
AIP,"Arteris, Inc. Common Stock",3674,SEMICONDUCTORS & RELATED DEVICES
AIR,AAR Corp.,3720,AIRCRAFT & PARTS
AIRC,,,UNKNOWN
AIRE,reAlpha Tech Corp. Common Stock,6500,REAL ESTATE
AIRG,"Airgain, Inc. Common Stock",3663,RADIO & TV BROADCASTING & COMMUNICATIONS EQUIPMENT
AIRI,Air Industries Group,3728,"AIRCRAFT PARTS & AUXILIARY EQUIPMENT, NEC"
AIRJ,AirJoule Technologies Corporation Class A Common Stock,3585,AIR-COND & WARM AIR HEATG EQUIP & COMM & INDL REFRIG EQUIP
AIRO,"AIRO Group Holdings, Inc. Common Stock",3721,AIRCRAFT
AIRS,"AirSculpt Technologies, Inc. Common Stock",8011,SERVICES-OFFICES & CLINICS OF DOCTORS OF MEDICINE
AIRT,Air T Inc,4513,AIR COURIER SERVICES
AISP,"Airship AI Holdings, Inc. Class A Common Stock",7372,SERVICES-PREPACKAGED SOFTWARE
AIT,"Applied Industrial Technologies, Inc.",5080,"WHOLESALE-MACHINERY, EQUIPMENT & SUPPLIES"
AITR,,,UNKNOWN
AIV,Apartment Investment and Management Company,6798,REAL ESTATE INVESTMENT TRUSTS
AIXC,,,UNKNOWN
AIZ,"Assurant, Inc.",6399,"INSURANCE CARRIERS, NEC"
AJG,Arthur J. Gallagher & Co.,6411,"INSURANCE AGENTS, BROKERS & SERVICE"
AJRD,,,UNKNOWN
AJX,,,UNKNOWN
AKA,a.k.a. Brands Holding Corp.,5961,RETAIL-CATALOG & MAIL-ORDER HOUSES
AKAM,Akamai Technologies Inc,7389,"SERVICES-BUSINESS SERVICES, NEC"
AKBA,"Akebia Therapeutics, Inc.",2834,PHARMACEUTICAL PREPARATIONS
AKIC,,,UNKNOWN
AKLI,,,UNKNOWN
AKR,Acadia Realty Trust,6798,REAL ESTATE INVESTMENT TRUSTS
AKRO,,,UNKNOWN
AKTS,"Aktis Oncology, Inc. Common stock",2834,PHARMACEUTICAL PREPARATIONS
AKTX,Akari Therapeutics plc ADR (0.01 USD),2834,PHARMACEUTICAL PREPARATIONS
AKU,,,UNKNOWN
AKUS,,,UNKNOWN
AKYA,,,UNKNOWN
AL,,,UNKNOWN
ALAB,"Astera Labs, Inc. Common Stock",3674,SEMICONDUCTORS & RELATED DEVICES
ALAC,,,UNKNOWN
ALB,Albemarle Corporation,2821,"PLASTIC MATERIALS, SYNTH RESINS & NONVULCAN ELASTOMERS"
ALBO,,,UNKNOWN
ALBT,,,UNKNOWN
ALCE,,,UNKNOWN
ALCO,Alico Inc,0100,UNKNOWN
ALCY,,,UNKNOWN
ALDF,Aldel Financial II Inc. Class A Ordinary Shares,6770,BLANK CHECKS
ALDX,"Aldeyra Therapeutics, Inc.",2834,PHARMACEUTICAL PREPARATIONS
ALE,,,UNKNOWN
ALEC,"Alector, Inc. Common Stock",2836,"BIOLOGICAL PRODUCTS, (NO DIAGNOSTIC SUBSTANCES)"
ALEX,,,UNKNOWN
ALF,Centurion Acquisition Corp. Class A Ordinary Shares,6770,BLANK CHECKS
ALFIW,,,UNKNOWN
ALG,"Alamo Group, Inc.",3523,FARM MACHINERY & EQUIPMENT
ALGM,"Allegro MicroSystems, Inc. Common Stock",3674,SEMICONDUCTORS & RELATED DEVICES
ALGN,Align Technology Inc,3842,"ORTHOPEDIC, PROSTHETIC & SURGICAL APPLIANCES & SUPPLIES"
ALGR,,,UNKNOWN
ALGS,"Aligos Therapeutics, Inc. Common Stock",2836,"BIOLOGICAL PRODUCTS, (NO DIAGNOSTIC SUBSTANCES)"
ALGT,Allegiant Travel Company,4512,"AIR TRANSPORTATION, SCHEDULED"
ALH,Alliance Laundry Holdings Inc.,3580,REFRIGERATION & SERVICE INDUSTRY MACHINERY
ALHC,"Alignment Healthcare, Inc. Common Stock",6324,HOSPITAL & MEDICAL SERVICE PLANS
ALIM,,,UNKNOWN
ALIS,Calisa Acquisition Corp Ordinary shares,7374,SERVICES-COMPUTER PROCESSING & DATA PREPARATION
ALIT,"Alight, Inc.",7389,"SERVICES-BUSINESS SERVICES, NEC"
ALJJ,,,UNKNOWN
ALK,"Alaska Air Group, Inc.",4512,"AIR TRANSPORTATION, SCHEDULED"
ALKS,Alkermes Inc. plc,2834,PHARMACEUTICAL PREPARATIONS
ALKT,"Alkami Technology, Inc. Common Stock",7372,SERVICES-PREPACKAGED SOFTWARE
ALL,The Allstate Corporation,6331,"FIRE, MARINE & CASUALTY INSURANCE"
ALLE,Allegion Public Limited Company,7381,"SERVICES-DETECTIVE, GUARD & ARMORED CAR SERVICES"
ALLK,,,UNKNOWN
ALLO,"Allogene Therapeutics, Inc. Common Stock",2836,"BIOLOGICAL PRODUCTS, (NO DIAGNOSTIC SUBSTANCES)"
ALLR,"Allarity Therapeutics, Inc. Common Stock",2834,PHARMACEUTICAL PREPARATIONS
ALLY,Ally Financial Inc.,6022,STATE COMMERCIAL BANKS
ALMR,"Alamar Biosciences, Inc. Common Stock",3826,LABORATORY ANALYTICAL INSTRUMENTS
ALMS,Alumis Inc. Common Stock,2834,PHARMACEUTICAL PREPARATIONS
ALMU,"Aeluma, Inc. Common Stock",3674,SEMICONDUCTORS & RELATED DEVICES
ALNA,,,UNKNOWN
ALNT,Allient Inc. Common Stock,3825,INSTRUMENTS FOR MEAS & TESTING OF ELECTRICITY & ELEC SIGNALS
ALNY,"Alnylam Pharmaceuticals, Inc.",2834,PHARMACEUTICAL PREPARATIONS
ALOR,,,UNKNOWN
ALOT,,,UNKNOWN
ALOVU,"Aldabra 4 Liquidity Opportunity Vehicle, Inc. Units",6770,BLANK CHECKS
ALOY,REalloys Inc. Common Stock,1000,METAL MINING
ALPN,,,UNKNOWN
ALPP,ALPINE 4 HOLDINGS INC A,,UNKNOWN
ALPS,ALPS Group Inc Ordinary Share,,UNKNOWN
ALPXU,Alpex Acquisition Corporation Unit,6770,BLANK CHECKS
ALPPQ,,,UNKNOWN
ALR,,,UNKNOWN
ALRM,"Alarm.com Holdings, Inc.",7372,SERVICES-PREPACKAGED SOFTWARE
ALRN,,,UNKNOWN
ALRS,Alerus Financial Corporation Common Stock,6021,NATIONAL COMMERCIAL BANKS
ALSA,,,UNKNOWN
ALSN,"ALLISON TRANSMISSION HOLDINGS, INC.",3714,MOTOR VEHICLE PARTS & ACCESSORIES
ALT,"Altimmune, Inc. Common Stock",2834,PHARMACEUTICAL PREPARATIONS
ALTG,Alta Equipment Group Inc.,5084,WHOLESALE-INDUSTRIAL MACHINERY & EQUIPMENT
ALTI,"AlTi Global, Inc. Class A Common Stock",6282,INVESTMENT ADVICE
ALTM,,,UNKNOWN
ALTO,"Alto Ingredients, Inc. Common Stock",2860,INDUSTRIAL ORGANIC CHEMICALS
ALTR,,,UNKNOWN
ALTS,,,UNKNOWN
ALTU,,,UNKNOWN
ALUB,Alussa Energy Acquisition Corp. II,6770,BLANK CHECKS
ALUB.U,"Alussa Energy Acquisition Corp. II Units, each consisting of one Class A ordinary share and one-third of one redeemable warrant",6770,BLANK CHECKS
ALUR,ALLURION TECHNOLOGIES,,UNKNOWN
ALV,"Autoliv, Inc.",3714,MOTOR VEHICLE PARTS & ACCESSORIES
ALVR,,,UNKNOWN
ALX,Alexander's Inc.,6798,REAL ESTATE INVESTMENT TRUSTS
ALXO,ALX Oncology Holdings Inc. Common Stock,2834,PHARMACEUTICAL PREPARATIONS
ALZN,"Alzamend Neuro, Inc. Common Stock",2834,PHARMACEUTICAL PREPARATIONS
AM,Antero Midstream Corporation Common Stock,4922,NATURAL GAS TRANSMISSION
AMAL,Amalgamated Financial Corp. Common Stock (DE),6022,STATE COMMERCIAL BANKS
AMAM,,,UNKNOWN
AMAN,Amanat Acquisition Corp Class A Ordinary Shares,6770,BLANK CHECKS
AMAT,Applied Materials Inc,3674,SEMICONDUCTORS & RELATED DEVICES
AMBA,"Ambarella, Inc. Ordinary Shares",3674,SEMICONDUCTORS & RELATED DEVICES
AMBC,,,UNKNOWN
AMBO,Ambow Education Holding Ltd. American Depository Shares (each representing twenty (20) Class A Ordinary Shares),8200,SERVICES-EDUCATIONAL SERVICES
AMBQ,"Ambiq Micro, Inc.",3674,SEMICONDUCTORS & RELATED DEVICES
AMC,"AMC ENTERTAINMENT HOLDINGS, INC.",7830,SERVICES-MOTION PICTURE THEATERS
AMCI,AMC Robotics Corporation Common Stock,5700,"RETAIL-HOME FURNITURE, FURNISHINGS & EQUIPMENT STORES"
AMCR,Amcor plc Ordinary Shares,3990,MISCELLANEOUS MANUFACTURING INDUSTRIES
AMCX,AMC Global Media Inc. Class A Common Stock,4841,CABLE & OTHER PAY TELEVISION SERVICES
AMD,Advanced Micro Devices,3674,SEMICONDUCTORS & RELATED DEVICES
AMDI,,,UNKNOWN
AME,"Ametek, Inc.",3823,"INDUSTRIAL INSTRUMENTS FOR MEASUREMENT, DISPLAY, AND CONTROL"
AMED,,,UNKNOWN
AMG,Affiliated Managers Group,6282,INVESTMENT ADVICE
AMGN,Amgen Inc,2836,"BIOLOGICAL PRODUCTS, (NO DIAGNOSTIC SUBSTANCES)"
AMH,AMERICAN HOMES 4 RENT,6798,REAL ESTATE INVESTMENT TRUSTS
AMIX,"Autonomix Medical, Inc. Common Stock",3841,SURGICAL & MEDICAL INSTRUMENTS & APPARATUS
AMJB,Alerian MLP Index ETNs due January 28 2044,6021,NATIONAL COMMERCIAL BANKS
AMK,,,UNKNOWN
AMKR,Amkor Technology Inc,3674,SEMICONDUCTORS & RELATED DEVICES
AMLX,"Amylyx Pharmaceuticals, Inc. Common Stock",2834,PHARMACEUTICAL PREPARATIONS
AMN,AMN Healthcare Services,7363,SERVICES-HELP SUPPLY SERVICES
AMNB,,,UNKNOWN
AMOD,"Alpha Modus Holdings, Inc. Class A Common Stock",6794,PATENT OWNERS & LESSORS
AMP,"Ameriprise Financial, Inc.",6282,INVESTMENT ADVICE
AMPE,AMPIO PHARMS INC,,UNKNOWN
AMPG,AMPLITECH GROUP INC. COM,3669,"COMMUNICATIONS EQUIPMENT, NEC"
AMPH,"Amphastar Pharmaceuticals, Inc.",2834,PHARMACEUTICAL PREPARATIONS
AMPI,,,UNKNOWN
AMPL,"Amplitude, Inc. Class A Common Stock",7372,SERVICES-PREPACKAGED SOFTWARE
AMPS,,,UNKNOWN
AMPX,"Amprius Technologies, Inc.",3690,"MISCELLANEOUS ELECTRICAL MACHINERY, EQUIPMENT & SUPPLIES"
AMPY,Amplify Energy Corp.,1311,CRUDE PETROLEUM & NATURAL GAS
AMR,"Alpha Metallurgical Resources, Inc.",1221,BITUMINOUS COAL & LIGNITE SURFACE MINING
AMRC,"Ameresco, Inc.",1700,CONSTRUCTION - SPECIAL TRADE CONTRACTORS
AMRK,,,UNKNOWN
AMRN,Amarin Corp Plc,2834,PHARMACEUTICAL PREPARATIONS
AMRS,,,UNKNOWN
AMRX,"Amneal Pharmaceuticals, Inc. Class A Common Stock",2834,PHARMACEUTICAL PREPARATIONS
AMRZ,Amrize Ltd,3241,"CEMENT, HYDRAULIC"
AMS,American Shared Hospital Services,8071,SERVICES-MEDICAL LABORATORIES
AMSC,American Superconductor Corp,3621,MOTORS & GENERATORS
AMSF,"AMERISAFE, Inc.",6331,"FIRE, MARINE & CASUALTY INSURANCE"
AMSS,AMASS Brands Inc. Common Stock,2080,BEVERAGES
AMST,Amesite Inc.,7372,SERVICES-PREPACKAGED SOFTWARE
AMT,American Tower Corporation,6798,REAL ESTATE INVESTMENT TRUSTS
AMTB,Amerant Bancorp Inc.,6021,NATIONAL COMMERCIAL BANKS
AMTI,,,UNKNOWN
AMTM,"Amentum Holdings, Inc.",7389,"SERVICES-BUSINESS SERVICES, NEC"
AMTX,"Aemetis, Inc. (DE) Common Stock",2860,INDUSTRIAL ORGANIC CHEMICALS
AMWD,,,UNKNOWN
AMWL,American Well Corporation,7389,"SERVICES-BUSINESS SERVICES, NEC"
AMZE,AMAZE HOLDINGS INC,,UNKNOWN
AMZN,Amazon.Com Inc,5961,RETAIL-CATALOG & MAIL-ORDER HOUSES
AN,"AutoNation, Inc.",5500,RETAIL-AUTO DEALERS & GASOLINE STATIONS
ANAB,"AnaptysBio, Inc. Common Stock",2834,PHARMACEUTICAL PREPARATIONS
ANAC,,,UNKNOWN
ANAT,,,UNKNOWN
ANDE,Andersons Inc/The,5150,WHOLESALE-FARM PRODUCT RAW MATERIALS
ANDG,Andersen Group Inc.,7389,"SERVICES-BUSINESS SERVICES, NEC"
ANEB,ANEBULO PHARMAC INC,,UNKNOWN
ANET,Arista Networks,3576,COMPUTER COMMUNICATIONS EQUIPMENT
ANF,Abercrombie & Fitch Co.,5651,RETAIL-FAMILY CLOTHING STORES
ANGI,Angi Inc. Class A Common Stock,7310,SERVICES-ADVERTISING
ANGO,"AngioDynamics, Inc.",3841,SURGICAL & MEDICAL INSTRUMENTS & APPARATUS
ANGX,"Angel Studios, Inc.",7812,SERVICES-MOTION PICTURE & VIDEO TAPE PRODUCTION
ANGPA,,,UNKNOWN
ANGPD,,,UNKNOWN
ANIK,Anika Therapeutics Inc,3841,SURGICAL & MEDICAL INSTRUMENTS & APPARATUS
ANIP,"ANI Pharmaceuticals, Inc.",2834,PHARMACEUTICAL PREPARATIONS
ANIX,"Anixa Biosciences, Inc.",2834,PHARMACEUTICAL PREPARATIONS
ANNA,"AleAnna, Inc. Class A Common Stock",1311,CRUDE PETROLEUM & NATURAL GAS
ANNX,"Annexon, Inc. Common Stock",2834,PHARMACEUTICAL PREPARATIONS
ANRO,Alto Neuroscience Inc.,2834,PHARMACEUTICAL PREPARATIONS
ANSC,,,UNKNOWN
ANSS,,,UNKNOWN
ANTX,"AN2 Therapeutics, Inc. Common Stock",2834,PHARMACEUTICAL PREPARATIONS
ANVS,"Annovis Bio, Inc.",2834,PHARMACEUTICAL PREPARATIONS
ANY,,,UNKNOWN
AOGO,AROGO CAPITAL ACQ CRP A,,UNKNOWN
AOMD,"Angel Oak Mortgage REIT, Inc. 9.750% Senior Notes due 2030",6500,REAL ESTATE
AOMN,"Angel Oak Mortgage REIT, Inc. 9.500% Senior Notes due 2029",6500,REAL ESTATE
AON,Aon plc Class A,6411,"INSURANCE AGENTS, BROKERS & SERVICE"
AONC,AMER ONCOLOGY NETWORK A,,UNKNOWN
AORT,"Artivion, Inc.",3841,SURGICAL & MEDICAL INSTRUMENTS & APPARATUS
AOS,A.O. Smith Corporation,3630,HOUSEHOLD APPLIANCES
AOSL,Alpha and Omega Semiconductor Limited,3674,SEMICONDUCTORS & RELATED DEVICES
AOUT,"American Outdoor Brands, Inc. Common Stock",3949,"SPORTING & ATHLETIC GOODS, NEC"
AP,Ampco-Pittsburgh Corp.,3561,PUMPS & PUMPING EQUIPMENT
APA,APA Corporation Common Stock,1311,CRUDE PETROLEUM & NATURAL GAS
APAC,StoneBridge Acquisition II Corporation Class A Ordinary Shares,6770,BLANK CHECKS
APAD,,,UNKNOWN
APAM,ARTISAN PARTNERS ASSET MANAGEMENT INC.,6282,INVESTMENT ADVICE
APC,ARKO Petroleum Corp. Class A Common Stock,5172,WHOLESALE-PETROLEUM & PETROLEUM PRODUCTS (NO BULK STATIONS)
APCA,,,UNKNOWN
APCX,APPTECH PAYMENTS CORP,,UNKNOWN
APD,"Air Products & Chemicals, Inc.",2810,INDUSTRIAL INORGANIC CHEMICALS
APDN,,,UNKNOWN
APEI,"American Public Education, Inc.",8200,SERVICES-EDUCATIONAL SERVICES
APEN,,,UNKNOWN
APG,APi Group Corporation,7340,SERVICES-TO DWELLINGS & OTHER BUILDINGS
APGB,,,UNKNOWN
APGE,,,UNKNOWN
APGN,,,UNKNOWN
APH,Amphenol Corporation,3678,ELECTRONIC CONNECTORS
APLD,Applied Digital Corporation Common Stock,7374,SERVICES-COMPUTER PROCESSING & DATA PREPARATION
APLE,"Apple Hospitality REIT, Inc.",6798,REAL ESTATE INVESTMENT TRUSTS
APLS,,,UNKNOWN
APLT,,,UNKNOWN
APMCU,AmperCap Acquisition Company Unit,6770,BLANK CHECKS
APMI,Corgi AMAT 2x Daily ETF,,UNKNOWN
APN,,,UNKNOWN
APO,"Apollo Global Management, Inc.",6282,INVESTMENT ADVICE
APOG,Apogee Enterprises Inc,3231,"GLASS PRODUCTS, MADE OF PURCHASED GLASS"
APP,Applovin Corporation Class A Common Stock,7370,"SERVICES-COMPUTER PROGRAMMING, DATA PROCESSING, ETC."
APPF,"AppFolio, Inc. Class A",7372,SERVICES-PREPACKAGED SOFTWARE
APPH,,,UNKNOWN
APPN,Appian Corporation Class A Common Stock,7372,SERVICES-PREPACKAGED SOFTWARE
APPS,"Digital Turbine, Inc.",6794,PATENT OWNERS & LESSORS
APR,,,UNKNOWN
APRE,"Aprea Therapeutics, Inc. Common stock",2834,PHARMACEUTICAL PREPARATIONS
APRN,,,UNKNOWN
APT,"Alpha Pro Tech, Ltd.",3842,"ORTHOPEDIC, PROSTHETIC & SURGICAL APPLIANCES & SUPPLIES"
APTO,,,UNKNOWN
APTS,,,UNKNOWN
APTV,Aptiv PLC,3714,MOTOR VEHICLE PARTS & ACCESSORIES
APTX,,,UNKNOWN
APUR,Aperture AC Class A Ordinary Shares,6770,BLANK CHECKS
APURU,,,UNKNOWN
APUS,"Apimeds Pharmaceuticals US, Inc.",2834,PHARMACEUTICAL PREPARATIONS
APVO,Aptevo Therapeutics Inc,2834,PHARMACEUTICAL PREPARATIONS
APXI,,,UNKNOWN
APXT,Apex Treasury Corporation Class A Ordinary Share,6770,BLANK CHECKS
APYX,Apyx Medical Corporation Common Stock,3841,SURGICAL & MEDICAL INSTRUMENTS & APPARATUS
AQB,"AquaBounty Technologies, Inc.",0900,UNKNOWN
AQMS,"Aqua Metals, Inc. Common Stock",3341,SECONDARY SMELTING & REFINING OF NONFERROUS METALS
AQST,"Aquestive Therapeutics, Inc. Common Stock",2834,PHARMACEUTICAL PREPARATIONS
AQU,,,UNKNOWN
AQUA,,,UNKNOWN
AR,ANTERO RESOURCES CORPORATION,1311,CRUDE PETROLEUM & NATURAL GAS
ARAI,Arrive AI Inc. Common Stock,7340,SERVICES-TO DWELLINGS & OTHER BUILDINGS
ARAV,,,UNKNOWN
ARAY,Accuray Incorporated,3841,SURGICAL & MEDICAL INSTRUMENTS & APPARATUS
ARBG,,,UNKNOWN
ARC,,,UNKNOWN
ARCB,ArcBest Corporation,4213,TRUCKING (NO LOCAL)
ARCC,Ares Capital Corporation,,UNKNOWN
ARCH,,,UNKNOWN
ARCI,Archimedes Tech SPAC Partners III Co. Ordinary Share,6770,BLANK CHECKS
ARCIU,Archimedes Tech SPAC Partners III Co. Units,6770,BLANK CHECKS
ARCK,,,UNKNOWN
ARCL,ARC Group Acquisition I Corp Class A Ordinary Shares,6770,BLANK CHECKS
ARCT,Arcturus Therapeutics Holdings Inc. Common Stock,2834,PHARMACEUTICAL PREPARATIONS
ARDS,ARIDIS PHARMACEUTICAL INC,,UNKNOWN
ARDT,"Ardent Health, Inc.",8062,"SERVICES-GENERAL MEDICAL & SURGICAL HOSPITALS, NEC"
ARDX,"Ardelyx, Inc.",2834,PHARMACEUTICAL PREPARATIONS
ARE,"Alexandria Real Estate Equities, Inc.",6798,REAL ESTATE INVESTMENT TRUSTS
AREB,AMERICAN REBEL HLDGS INC,,UNKNOWN
AREC,AMERICAN RESOURCES CORP,1220,BITUMINOUS COAL & LIGNITE MINING
AREN,,,UNKNOWN
ARES,Ares Management Corporation Class A Common Stock,6282,INVESTMENT ADVICE
ARGD,,,UNKNOWN
ARGU,,,UNKNOWN
ARHS,"Arhaus, Inc. Class A Common Stock",5712,RETAIL-FURNITURE STORES
ARI,"APOLLO COMMERCIAL REAL ESTATE FINANCE, INC.",6798,REAL ESTATE INVESTMENT TRUSTS
ARIS,Aris Mining Corporation,,UNKNOWN
ARIZ,,,UNKNOWN
ARKB,ARK 21Shares Bitcoin ETF,6221,COMMODITY CONTRACTS BROKERS & DEALERS
ARKO,ARKO Corp. Common Stock,5412,RETAIL-CONVENIENCE STORES
ARKR,Ark Restaurants Corp,5812,RETAIL-EATING PLACES
ARL,"American Realty Investors, Inc.",6510,REAL ESTATE OPERATORS (NO DEVELOPERS) & LESSORS
ARLO,"Arlo Technologies, Inc.",7381,"SERVICES-DETECTIVE, GUARD & ARMORED CAR SERVICES"
ARLP,Alliance Resource Partners LP,1221,BITUMINOUS COAL & LIGNITE SURFACE MINING
ARMK,ARAMARK,5812,RETAIL-EATING PLACES
ARMP,"Armata Pharmaceuticals, Inc. Common Stock",2836,"BIOLOGICAL PRODUCTS, (NO DIAGNOSTIC SUBSTANCES)"
ARNA,,,UNKNOWN
ARNC,,,UNKNOWN
AROC,Archrock Inc,4922,NATURAL GAS TRANSMISSION
AROW,Arrow Financial Corp,6021,NATIONAL COMMERCIAL BANKS
ARQ,"Arq, Inc. Common Stock",2890,MISCELLANEOUS CHEMICAL PRODUCTS
ARQT,"Arcutis Biotherapeutics, Inc. Common Stock",2834,PHARMACEUTICAL PREPARATIONS
ARR,"ARMOUR Residential REIT, Inc.",6798,REAL ESTATE INVESTMENT TRUSTS
ARRY,"Array Technologies, Inc. Common Stock",3674,SEMICONDUCTORS & RELATED DEVICES
ARTA,,,UNKNOWN
ARTC,Art Technology Acquisition Corp. Class A Ordinary Shares,6770,BLANK CHECKS
ARTCU,Art Technology Acquisition Corp. Units,6770,BLANK CHECKS
ARTE,,,UNKNOWN
ARTL,"Artelo Biosciences, Inc. Common Stock",2834,PHARMACEUTICAL PREPARATIONS
ARTNA,Artesian Resources Corp,4941,WATER SUPPLY
ARTV,"Artiva Biotherapeutics, Inc. Common Stock",2836,"BIOLOGICAL PRODUCTS, (NO DIAGNOSTIC SUBSTANCES)"
ARTW,Arts-Way Manufacturing Co Inc,3523,FARM MACHINERY & EQUIPMENT
ARVN,"Arvinas, Inc",2834,PHARMACEUTICAL PREPARATIONS
ARW,"Arrow Electronics, Inc.",5065,"WHOLESALE-ELECTRONIC PARTS & EQUIPMENT, NEC"
ARWR,Arrowhead Research Corporation,2834,PHARMACEUTICAL PREPARATIONS
ARX,Accelerant Holdings,6411,"INSURANCE AGENTS, BROKERS & SERVICE"
ARXS,"Arxis, Inc. Class A Common Stock",3728,"AIRCRAFT PARTS & AUXILIARY EQUIPMENT, NEC"
ARYD,,,UNKNOWN
ARYE,,,UNKNOWN
ASA,ASA GOLD AND PRECIOUS METALS LIMITED,,UNKNOWN
ASAN,"Asana, Inc. Class A Common Stock",7372,SERVICES-PREPACKAGED SOFTWARE
ASAP,,,UNKNOWN
ASAQ,,,UNKNOWN
ASAX,,,UNKNOWN
ASB,Associated Banc-Corp,6022,STATE COMMERCIAL BANKS
ASBP,"Aspire-Lakewood Holdings, Inc. Common Stock",2834,PHARMACEUTICAL PREPARATIONS
ASCA,,,UNKNOWN
ASCB,,,UNKNOWN
ASGN,,,UNKNOWN
ASH,Ashland Inc.,5160,WHOLESALE-CHEMICALS & ALLIED PRODUCTS
ASHR,Xtrackers Harvest CSI 300 China A-Shares ETF,,UNKNOWN
ASIC,Ategrity Specialty Insurance Company Holdings,6331,"FIRE, MARINE & CASUALTY INSURANCE"
ASIX,AdvanSix Inc.,2821,"PLASTIC MATERIALS, SYNTH RESINS & NONVULCAN ELASTOMERS"
ASLE,AerSale Corporation Common Stock,5080,"WHOLESALE-MACHINERY, EQUIPMENT & SUPPLIES"
ASMB,"Assembly Biosciences, Inc",2834,PHARMACEUTICAL PREPARATIONS
ASNS,ACTELIS NETWORKS INC,,UNKNOWN
ASO,"Academy Sports and Outdoors, Inc.",5940,RETAIL-MISCELLANEOUS SHOPPING GOODS STORES
ASPC,A SPAC III Acquisition Corp. Class A Ordinary Shares,6770,BLANK CHECKS
ASPCU,A SPAC III Acquisition Corp. Unit,6770,BLANK CHECKS
ASPI,ASP Isotopes Inc. Common Stock,2890,MISCELLANEOUS CHEMICAL PRODUCTS
ASPN,"Aspen Aerogels, Inc.",5030,WHOLESALE-LUMBER & OTHER CONSTRUCTION MATERIALS
ASPPU,,,UNKNOWN
ASPS,Altisource Portfolio Solutions S.A.,7380,SERVICES-MISCELLANEOUS BUSINESS SERVICES
ASPU,ASPEN GROUP INC,,UNKNOWN
ASRT,,,UNKNOWN
ASRV,AmeriServ Financial Inc,6021,NATIONAL COMMERCIAL BANKS
ASST,"Strive, Inc. Class A Common Stock",6199,FINANCE SERVICES
ASTC,Astrotech Corporation (DE) Common Stock,3826,LABORATORY ANALYTICAL INSTRUMENTS
ASTE,Astec Industries Inc,3531,CONSTRUCTION MACHINERY & EQUIP
ASTH,Astrana Health Inc. Common Stock,8742,SERVICES-MANAGEMENT CONSULTING SERVICES
ASTI,"Ascent Solar Technologies, Inc. Common Stock",3674,SEMICONDUCTORS & RELATED DEVICES
ASTR,,,UNKNOWN
ASTS,"AST SpaceMobile, Inc. Class A Common Stock",4899,"COMMUNICATIONS SERVICES, NEC"
ASUR,"Asure Software, Inc",7373,SERVICES-COMPUTER INTEGRATED SYSTEMS DESIGN
ASXC,,,UNKNOWN
ASYS,Amtech Systems Inc,3559,"SPECIAL INDUSTRY MACHINERY, NEC"
ASZ,,,UNKNOWN
ATA,,,UNKNOWN
ATAI,,,UNKNOWN
ATAQ,,,UNKNOWN
ATCH,"AtlasClear Holdings, Inc.",6199,FINANCE SERVICES
ATCX,Atlas Critical Minerals Corporation Common Stock,,UNKNOWN
ATEC,"Alphatec Holdings, Inc.",3841,SURGICAL & MEDICAL INSTRUMENTS & APPARATUS
ATEK,ATHENA TECH ACQ CP II A,,UNKNOWN
ATEN,A10 NETWORKS INC,3576,COMPUTER COMMUNICATIONS EQUIPMENT
ATER,"Aterian, Inc. Common Stock",3634,ELECTRIC HOUSEWARES & FANS
ATEX,Anterix Inc. Common Stock,4813,TELEPHONE COMMUNICATIONS (NO RADIOTELEPHONE)
ATGE,,,UNKNOWN
ATHA,,,UNKNOWN
ATHR,"Aether Holdings, Inc. Common Stock",7372,SERVICES-PREPACKAGED SOFTWARE
ATHS,Athene Holding Ltd. 7.250% Fixed-Rate Reset Junior Subordinated Debentures due 2064,6311,LIFE INSURANCE
ATHX,,,UNKNOWN
ATI,ATI Inc.,3317,STEEL PIPE & TUBES
ATIF,,,UNKNOWN
ATII,Archimedes Tech SPAC Partners II Co. Ordinary Shares,6770,BLANK CHECKS
ATIP,,,UNKNOWN
ATKR,Atkore Inc.,3690,"MISCELLANEOUS ELECTRICAL MACHINERY, EQUIPMENT & SUPPLIES"
ATLC,Atlanticus Holdings Corporation,6141,PERSONAL CREDIT INSTITUTIONS
ATLN,,,UNKNOWN
ATLO,AMES National Corp,6021,NATIONAL COMMERCIAL BANKS
ATLX,Atlas Lithium Corporation Common Stock,1400,MINING & QUARRYING OF NONMETALLIC MINERALS (NO FUELS)
ATMC,,,UNKNOWN
ATMU,Atmus Filtration Technologies Inc.,3714,MOTOR VEHICLE PARTS & ACCESSORIES
ATMV,,,UNKNOWN
ATNF,,,UNKNOWN
ATNI,"ATN International, Inc",4813,TELEPHONE COMMUNICATIONS (NO RADIOTELEPHONE)
ATNM,"Actinium Pharmaceuticals, Inc",2834,PHARMACEUTICAL PREPARATIONS
ATNX,,,UNKNOWN
ATO,Atmos Energy Corporation,4924,NATURAL GAS DISTRIBUTION
ATOM,Atomera Incorporated Common Stock,3674,SEMICONDUCTORS & RELATED DEVICES
ATOS,"Atossa Therapeutics, Inc. Common Stock",2834,PHARMACEUTICAL PREPARATIONS
ATPC,Agape ATP Corporation Common Stock,8000,SERVICES-HEALTH SERVICES
ATR,"AptarGroup, Inc.",3089,"PLASTICS PRODUCTS, NEC"
ATRA,"Atara Biotherapeutics, Inc",2836,"BIOLOGICAL PRODUCTS, (NO DIAGNOSTIC SUBSTANCES)"
ATRC,"AtriCure, Inc.",3841,SURGICAL & MEDICAL INSTRUMENTS & APPARATUS
ATRI,,,UNKNOWN
ATRO,Astronics Corp,3728,"AIRCRAFT PARTS & AUXILIARY EQUIPMENT, NEC"
ATRS,,,UNKNOWN
ATSG,,,UNKNOWN
ATUS,,,UNKNOWN
ATVI,,,UNKNOWN
ATXG,Addentax Group Corp. Common Stock,7330,"SERVICES-MAILING, REPRODUCTION, COMMERCIAL ART & PHOTOGRAPHY"
ATXI,AVENUE THERAPEUTICS INC,,UNKNOWN
ATXS,,,UNKNOWN
ATYR,"aTyr Pharma, Inc. Common Stock",2836,"BIOLOGICAL PRODUCTS, (NO DIAGNOSTIC SUBSTANCES)"
AUB,Atlantic Union Bankshares Corporation,6022,STATE COMMERCIAL BANKS
AUBN,Auburn National Bancorporation,6022,STATE COMMERCIAL BANKS
AUD,,,UNKNOWN
AUGX,,,UNKNOWN
AUID,authID Inc. Common Stock,7372,SERVICES-PREPACKAGED SOFTWARE
AUMN,GOLDEN MINERALS CO,,UNKNOWN
AUPH,Aurinia Pharmaceuticals Inc,2834,PHARMACEUTICAL PREPARATIONS
AUR,"Aurora Innovation, Inc. Class A Common Stock",7373,SERVICES-COMPUTER INTEGRATED SYSTEMS DESIGN
AURA,"Aura Biosciences, Inc. Common Stock",2836,"BIOLOGICAL PRODUCTS, (NO DIAGNOSTIC SUBSTANCES)"
AUS,,,UNKNOWN
AUTL,Autolus Therapeutics plc American Depositary Share,2836,"BIOLOGICAL PRODUCTS, (NO DIAGNOSTIC SUBSTANCES)"
AUTO,,,UNKNOWN
AUUD,Auddia Inc. Common Stock,7374,SERVICES-COMPUTER PROCESSING & DATA PREPARATION
AUVI,APPLIED UV INC,,UNKNOWN
AVA,Avista Corporation,4931,ELECTRIC & OTHER SERVICES COMBINED
AVAC,,,UNKNOWN
AVAH,Aveanna Healthcare Holdings Inc. Common Stock,8082,SERVICES-HOME HEALTH CARE SERVICES
AVAN,,,UNKNOWN
AVAT,Avalanche Treasury Corporation Class A Common Stock,6199,FINANCE SERVICES
AVAV,"AeroVironment, Inc.",3721,AIRCRAFT
AVB,,,UNKNOWN
AVBC,"Avidia Bancorp, Inc.",6036,"SAVINGS INSTITUTIONS, NOT FEDERALLY CHARTERED"
AVBH,"Avidbank Holdings, Inc. Common stock",6022,STATE COMMERCIAL BANKS
AVBP,"ArriVent BioPharma, Inc. Common Stock",2834,PHARMACEUTICAL PREPARATIONS
AVCT,,,UNKNOWN
AVD,American Vanguard Corporation,2870,AGRICULTURAL CHEMICALS
AVDL,,,UNKNOWN
AVDX,,,UNKNOWN
AVEO,,,UNKNOWN
AVEX,AEVEX Corp.,3721,AIRCRAFT
AVGO,Broadcom Inc. Common Stock,3674,SEMICONDUCTORS & RELATED DEVICES
AVGR,,,UNKNOWN
AVHI,,,UNKNOWN
AVID,,,UNKNOWN
AVIR,"Atea Pharmaceuticals, Inc. Common Stock",2834,PHARMACEUTICAL PREPARATIONS
AVK,Advent Convertible and Income Fund,,UNKNOWN
AVLN,Avalyn Pharma Inc. Common Stock,2834,PHARMACEUTICAL PREPARATIONS
AVLR,,,UNKNOWN
AVNS,,,UNKNOWN
AVNT,Avient Corporation,2821,"PLASTIC MATERIALS, SYNTH RESINS & NONVULCAN ELASTOMERS"
AVNW,"Aviat Networks, Inc.",3663,RADIO & TV BROADCASTING & COMMUNICATIONS EQUIPMENT
AVO,"Mission Produce, Inc. Common Stock",0700,UNKNOWN
AVP,,,UNKNOWN
AVPT,"AvePoint, Inc. Class A Common Stock",7372,SERVICES-PREPACKAGED SOFTWARE
AVR,Anteris Technologies Global Corp. Common Stock,3842,"ORTHOPEDIC, PROSTHETIC & SURGICAL APPLIANCES & SUPPLIES"
AVT,"Avnet, Inc.",5065,"WHOLESALE-ELECTRONIC PARTS & EQUIPMENT, NEC"
AVTA,,,UNKNOWN
AVTE,,,UNKNOWN
AVTR,"Avantor, Inc.",3826,LABORATORY ANALYTICAL INSTRUMENTS
AVTX,"Avalo Therapeutics, Inc. Common Stock",2834,PHARMACEUTICAL PREPARATIONS
AVX,Avax One Technology Ltd. Common Shares,6199,FINANCE SERVICES
AVXL,Anavex Life Sciences,2836,"BIOLOGICAL PRODUCTS, (NO DIAGNOSTIC SUBSTANCES)"
AVY,Avery Dennison Corp.,2670,CONVERTED PAPER & PAPERBOARD PRODS (NO CONTANERS/BOXES)
AVYA,,,UNKNOWN
AWH,,,UNKNOWN
AWI,"Armstrong World Industries, Inc.",3089,"PLASTICS PRODUCTS, NEC"
AWIN,AERWINS TECHNOLOGIES INC,,UNKNOWN
AWK,"American Water Works Company, Inc",4941,WATER SUPPLY
AWP,abrdn Global Premier Properties Fund,,UNKNOWN
AWR,American States Water Company,4941,WATER SUPPLY
AWRE,Aware Inc,7372,SERVICES-PREPACKAGED SOFTWARE
AWX,Avalon Holdings Corp.,4953,REFUSE SYSTEMS
AX,"Axos Financial, Inc. Common Stock",6035,"SAVINGS INSTITUTION, FEDERALLY CHARTERED"
AXAC,AXIOS SUSTANBLE GRWTH A,,UNKNOWN
AXDX,,,UNKNOWN
AXGN,"Axogen, Inc. Common Stock",3845,ELECTROMEDICAL & ELECTROTHERAPEUTIC APPARATUS
AXH,,,UNKNOWN
AXIL,"AXIL Brands, Inc.",2844,"PERFUMES, COSMETICS & OTHER TOILET PREPARATIONS"
AXIN,Axiom Intelligence Acquisition Corp 1 Class A Ordinary Shares,6770,BLANK CHECKS
AXL,,,UNKNOWN
AXLA,,,UNKNOWN
AXNX,,,UNKNOWN
AXON,"Axon Enterprise, Inc. Common Stock",3480,"ORDNANCE & ACCESSORIES, (NO VEHICLES/GUIDED MISSILES)"
AXP,American Express Company,6199,FINANCE SERVICES
AXR,AMREP Corporation,6552,LAND SUBDIVIDERS & DEVELOPERS (NO CEMETERIES)
AXS,Axis Capital Holders Limited,6331,"FIRE, MARINE & CASUALTY INSURANCE"
AXSM,"Axsome Therapeutics, Inc",2834,PHARMACEUTICAL PREPARATIONS
AXTA,Axalta Coating Systems Ltd.,2851,"PAINTS, VARNISHES, LACQUERS, ENAMELS & ALLIED PRODS"
AXTI,AXT Inc,3674,SEMICONDUCTORS & RELATED DEVICES
AYI,Acuity Inc.,3640,ELECTRIC LIGHTING & WIRING EQUIPMENT
AYLA,,,UNKNOWN
AYR,,,UNKNOWN
AYRO,,,UNKNOWN
AYTU,"AYTU BioPharma, Inc. Common Stock",2834,PHARMACEUTICAL PREPARATIONS
AYX,,,UNKNOWN
AZEK,,,UNKNOWN
AZO,"AutoZone, Inc.",5531,RETAIL-AUTO & HOME SUPPLY STORES
AZPN,,,UNKNOWN
AZTA,"Azenta, Inc.",3559,"SPECIAL INDUSTRY MACHINERY, NEC"
AZTR,Azitra Inc,2834,PHARMACEUTICAL PREPARATIONS
AZZ,AZZ Inc.,3470,"COATING, ENGRAVING & ALLIED SERVICES"
B,Barrick Mining Corporation,,UNKNOWN
BA,Boeing Company,3721,AIRCRAFT
BABY,,,UNKNOWN
BAC,Bank of America Corporation,6021,NATIONAL COMMERCIAL BANKS
BACA,,,UNKNOWN
BACC,Blue Acquisition Corp. Class A Ordinary Shares,6770,BLANK CHECKS
BACK,IMAC HOLDINGS INC,,UNKNOWN
BACQ,,,UNKNOWN
BAER,"Bridger Aerospace Group Holdings, Inc. Common Stock",7389,"SERVICES-BUSINESS SERVICES, NEC"
BAFN,BayFirst Financial Corp. Common Stock,6022,STATE COMMERCIAL BANKS
BAH,Booz Allen Hamilton Holding Corporation,8742,SERVICES-MANAGEMENT CONSULTING SERVICES
BALL,Ball Corporation,3411,METAL CANS
BALY,Bally's Corporation,7011,HOTELS & MOTELS
BAM,Brookfield Asset Management Ltd.,6282,INVESTMENT ADVICE
BANC,"Banc of California, Inc.",6021,NATIONAL COMMERCIAL BANKS
BAND,Bandwidth Inc. Class A Common Stock,7372,SERVICES-PREPACKAGED SOFTWARE
BANF,Bancfirst Corp,6021,NATIONAL COMMERCIAL BANKS
BANR,Banner Corp.,6022,STATE COMMERCIAL BANKS
BANX,ArrowMark Financial Corp. Common Stock,,UNKNOWN
BAR,GraniteShares Gold Shares,6221,COMMODITY CONTRACTS BROKERS & DEALERS
BARK,"BARK, Inc.",5990,"RETAIL-RETAIL STORES, NEC"
BASE,,,UNKNOWN
BATL,Battalion Oil Corporation,1311,CRUDE PETROLEUM & NATURAL GAS
BATRA,"Atlanta Braves Holdings, Inc. Series A Common Stock",7900,SERVICES-AMUSEMENT & RECREATION SERVICES
BAX,Baxter International Inc.,3841,SURGICAL & MEDICAL INSTRUMENTS & APPARATUS
BAYA,,,UNKNOWN
BB,BlackBerry Limited,7372,SERVICES-PREPACKAGED SOFTWARE
BBAI,"BigBear.ai Holdings, Inc.",7372,SERVICES-PREPACKAGED SOFTWARE
BBBY,,,UNKNOWN
BBCP,"Concrete Pumping Holdings, Inc. Common Stock",1700,CONSTRUCTION - SPECIAL TRADE CONTRACTORS
BBCQ,,,UNKNOWN
BBDC,"Barings BDC, Inc.",,UNKNOWN
BBGI,Beasley Broadcasting Group Inc,4832,RADIO BROADCASTING STATIONS
BBIG,VINCO VENTURES INC,,UNKNOWN
BBIO,"BridgeBio Pharma, Inc. Common Stock",2834,PHARMACEUTICAL PREPARATIONS
BBLG,Bone Biologics Corp Common Stock,3842,"ORTHOPEDIC, PROSTHETIC & SURGICAL APPLIANCES & SUPPLIES"
BBLN,,,UNKNOWN
BBN,BlackRock Taxable Municipal Bond Trust,,UNKNOWN
BBNX,"Beta Bionics, Inc. Common Stock",3841,SURGICAL & MEDICAL INSTRUMENTS & APPARATUS
BBOT,"BridgeBio Oncology Therapeutics, Inc. Common Stock",2834,PHARMACEUTICAL PREPARATIONS
BBQ,,,UNKNOWN
BBSI,Barrett Business Services,7363,SERVICES-HELP SUPPLY SERVICES
BBT,Beacon Financial Corporation,6036,"SAVINGS INSTITUTIONS, NOT FEDERALLY CHARTERED"
BBW,"Build-A-Bear Workshop, Inc.",5945,"RETAIL-HOBBY, TOY & GAME SHOPS"
BBWI,"Bath & Body Works, Inc.",5990,"RETAIL-RETAIL STORES, NEC"
BBY,"Best Buy Company, Inc.",5731,"RETAIL-RADIO, TV & CONSUMER ELECTRONICS STORES"
BC,Brunswick Corporation,3510,ENGINES & TURBINES
BCAB,BIOATLA INC,,UNKNOWN
BCAL,California BanCorp Common Stock,6021,NATIONAL COMMERCIAL BANKS
BCAR,,,UNKNOWN
BCAT,BlackRock Capital Allocation Term Trust,,UNKNOWN
BCAX,Bicara Therapeutics Inc. Common Stock,2834,PHARMACEUTICAL PREPARATIONS
BCBP,BCB Bancorp Inc (NJ),6035,"SAVINGS INSTITUTION, FEDERALLY CHARTERED"
BCC,Boise Cascade Company,5030,WHOLESALE-LUMBER & OTHER CONSTRUCTION MATERIALS
BCDA,"BioCardia, Inc. Common Stock",2836,"BIOLOGICAL PRODUCTS, (NO DIAGNOSTIC SUBSTANCES)"
BCDF,Horizon Kinetics Blockchain Development ETF,,UNKNOWN
BCEL,,,UNKNOWN
BCG,"Binah Capital Group, Inc. Common Stock",6199,FINANCE SERVICES
BCHT,Birchtech Corp.,3829,"MEASURING & CONTROLLING DEVICES, NEC"
BCIC,BCP Investment Corporation Common Stock,,UNKNOWN
BCLI,BRAINSTORM CELL THERAPUTC,,UNKNOWN
BCML,BayCom Corp Common Stock,6022,STATE COMMERCIAL BANKS
BCO,The Brink's Company,4731,ARRANGEMENT OF TRANSPORTATION OF FREIGHT & CARGO
BCOV,,,UNKNOWN
BCOW,1895 BANCORP OF WISC,,UNKNOWN
BCPC,Balchem Corporation,2800,CHEMICALS & ALLIED PRODUCTS
BCRX,BioCryst Pharmaceuticals Inc,2836,"BIOLOGICAL PRODUCTS, (NO DIAGNOSTIC SUBSTANCES)"
BCSA,,,UNKNOWN
BCSF,"Bain Capital Specialty Finance, Inc.",,UNKNOWN
BCSS,Bain Capital GSS Investment Corp.,6770,BLANK CHECKS
BCTF,BANCORP 34 INC,,UNKNOWN
BCTX,Briacell Therapeutics Corp. Common Shares,2834,PHARMACEUTICAL PREPARATIONS
BCX,BLACKROCK RESOURCES & COMMODITIES STRATEGY TRUST,,UNKNOWN
BCYC,Bicycle Therapeutics plc American Depositary Shares,2834,PHARMACEUTICAL PREPARATIONS
BDC,Belden Inc.,3357,DRAWING & INSULATING OF NONFERROUS WIRE
BDCI,BTC Development Corp. Class A Ordinary Shares,6770,BLANK CHECKS
BDJ,BlackRock Enhanced Equity Dividend Trust,,UNKNOWN
BDL,Flanigan's Enterprises Inc,5812,RETAIL-EATING PLACES
BDN,Brandywine Realty Trust,6798,REAL ESTATE INVESTMENT TRUSTS
BDR,,,UNKNOWN
BDRY,Breakwave Dry Bulk Shipping ETF,6221,COMMODITY CONTRACTS BROKERS & DEALERS
BDSX,"Biodesix, Inc. Common Stock",8071,SERVICES-MEDICAL LABORATORIES
BDTX,"Black Diamond Therapeutics, Inc. Common Stock",2836,"BIOLOGICAL PRODUCTS, (NO DIAGNOSTIC SUBSTANCES)"
BDX,"Becton, Dickinson and Co.",3841,SURGICAL & MEDICAL INSTRUMENTS & APPARATUS
BE,Bloom Energy Corporation,3620,ELECTRICAL INDUSTRIAL APPARATUS
BEAG,Bold Eagle Acquisition Corp. Class A Ordinary Shares,6770,BLANK CHECKS
BEAM,Beam Therapeutics Inc. Common Stock,2836,"BIOLOGICAL PRODUCTS, (NO DIAGNOSTIC SUBSTANCES)"
BEAT,"Heartbeam, Inc. Common Stock",3841,SURGICAL & MEDICAL INSTRUMENTS & APPARATUS
BEBE,TGE Value Creative Solutions Corp,6770,BLANK CHECKS
BEBE.U,"TGE Value Creative Solutions Corp Units, each consisting of one Class A ordinary share and one-half of one redeemable warrant",6770,BLANK CHECKS
BECN,,,UNKNOWN
BEEM,Beam Global Common Stock,3690,"MISCELLANEOUS ELECTRICAL MACHINERY, EQUIPMENT & SUPPLIES"
BEEP,Mobile Infrastructure Corporation Common Stock,6500,REAL ESTATE
BELFA,Bel Fuse Inc,3677,"ELECTRONIC COILS, TRANSFORMERS & OTHER INDUCTORS"
BEN,"Franklin Templeton, Inc.",6282,INVESTMENT ADVICE
BENE,,,UNKNOWN
BENF,Beneficient Class A Common Stock,6199,FINANCE SERVICES
BERY,,,UNKNOWN
BESS,Bimergen Energy Corporation,4911,ELECTRIC SERVICES
BETA,"Beta Technologies, Inc.",3721,AIRCRAFT
BETR,Better Home & Finance Holding Company Class A Common Stock,6163,LOAN BROKERS
BF.A,Brown-Forman Corporation Class A,2080,BEVERAGES
BFAC,,,UNKNOWN
BFAM,BRIGHT HORIZONS FAMILY SOLUTIONS INC.,8351,SERVICES-CHILD DAY CARE SERVICES
BFC,Bank First Corporation Common Stock,6021,NATIONAL COMMERCIAL BANKS
BFH,"Bread Financial Holdings, Inc.",6141,PERSONAL CREDIT INSTITUTIONS
BFI,,,UNKNOWN
BFIN,,,UNKNOWN
BFK,,,UNKNOWN
BFLY,"Butterfly Network, Inc.",3844,X-RAY APPARATUS & TUBES & RELATED IRRADIATION APPARATUS
BFRG,"Bullfrog AI Holdings, Inc. Common Stock",2834,PHARMACEUTICAL PREPARATIONS
BFRI,Biofrontera Inc. Common Stock,2834,PHARMACEUTICAL PREPARATIONS
BFS,"Saul Centers, Inc.",6798,REAL ESTATE INVESTMENT TRUSTS
BFST,"Business First Bancshares, Inc. Common Stock",6022,STATE COMMERCIAL BANKS
BFX,,,UNKNOWN
BFZ,,,UNKNOWN
BG,Bunge Global SA,2070,FATS & OILS
BGC,"BGC Group, Inc. Class A Common Stock",6200,"SECURITY & COMMODITY BROKERS, DEALERS, EXCHANGES & SERVICES"
BGDE,"Big Digital Energy, Inc. Common Stock",6199,FINANCE SERVICES
BGFV,,,UNKNOWN
BGLC,BioNexus Gene Lab Corp Common stock,8071,SERVICES-MEDICAL LABORATORIES
BGMS,"Bio Green Med Solution, Inc. Common Stock",5099,"WHOLESALE-DURABLE GOODS, NEC"
BGNE,,,UNKNOWN
BGR,Blackrock Energy and Resources Trust,,UNKNOWN
BGRY,,,UNKNOWN
BGS,"B&G Foods, Inc.",2000,FOOD AND KINDRED PRODUCTS
BGSF,"BGSF, Inc.",7363,SERVICES-HELP SUPPLY SERVICES
BGSX,,,UNKNOWN
BGT,BlackRock Floating Rate Income Trust,,UNKNOWN
BGXX,,,UNKNOWN
BGY,BlackRock Enhanced International Dividend Trust,,UNKNOWN
BH,Biglari Holdings Inc. Class B Common Stock,5812,RETAIL-EATING PLACES
BHAC,,,UNKNOWN
BHAV,BHAV Acquisition Corp Class A Ordinary Shares,6770,BLANK CHECKS
BHAVU,BHAV Acquisition Corp Units,6770,BLANK CHECKS
BHB,Bar Harbor Bankshares,6022,STATE COMMERCIAL BANKS
BHC,Bausch Health Companies Inc,2834,PHARMACEUTICAL PREPARATIONS
BHE,Benchmark Electronics,3672,PRINTED CIRCUIT BOARDS
BHF,"Brighthouse Financial, Inc.",6311,LIFE INSURANCE
BHIL,,,UNKNOWN
BHK,BLACKROCK CORE BD TR,,UNKNOWN
BHLB,,,UNKNOWN
BHM,"Bluerock Homes Trust, Inc.",6798,REAL ESTATE INVESTMENT TRUSTS
BHR,Braemar Hotels & Resorts Inc. Common Stock,6798,REAL ESTATE INVESTMENT TRUSTS
BHRB,Burke & Herbert Financial Services Corp. Common Stock,6021,NATIONAL COMMERCIAL BANKS
BHV,BlackRock Virginia Muni Bond Trust,,UNKNOWN
BHVN,Biohaven Ltd.,2834,PHARMACEUTICAL PREPARATIONS
BIAF,"bioAffinity Technologies, Inc. Common Stock",8731,SERVICES-COMMERCIAL PHYSICAL & BIOLOGICAL RESEARCH
BIDWU,Tribeca Strategic Acquisition Corp. Unit,6770,BLANK CHECKS
BIG,,,UNKNOWN
BIGC,,,UNKNOWN
BIIB,Biogen Inc. Common Stock,2836,"BIOLOGICAL PRODUCTS, (NO DIAGNOSTIC SUBSTANCES)"
BIII,Black Spade Acquisition III Co,6770,BLANK CHECKS
BILL,"BILL Holdings, Inc.",7372,SERVICES-PREPACKAGED SOFTWARE
BIMI,BIMI INTL MEDICAL INC,,UNKNOWN
BINI,BOLLINGER INNOVATIONS NEW,,UNKNOWN
BIO,"Bio-Rad Laboratories, Inc.Class A",3826,LABORATORY ANALYTICAL INSTRUMENTS
BIOA,"BioAge Labs, Inc. Common Stock",2834,PHARMACEUTICAL PREPARATIONS
BIOC,,,UNKNOWN
BIOL,,,UNKNOWN
BIOR,,,UNKNOWN
BIOS,,,UNKNOWN
BIOT,Instinct Bio Technical Company Holdings Inc. Ordinary Shares,,UNKNOWN
BIRD,"Smartbird, Inc. Class A Common Stock",2300,APPAREL & OTHER FINISHD PRODS OF FABRICS & SIMILAR MATL
BIT,BLACKROCK MULTI-SECTOR INCOME TRUST,,UNKNOWN
BITB,Bitwise Bitcoin ETF,6221,COMMODITY CONTRACTS BROKERS & DEALERS
BITE,,,UNKNOWN
BITF,,,UNKNOWN
BITW,Bitwise 10 Crypto Index ETF,6221,COMMODITY CONTRACTS BROKERS & DEALERS
BIVI,"BioVie, Inc. Common Stock",2834,PHARMACEUTICAL PREPARATIONS
BIXI,Bitcoin Infrastructure Acquisition Corp Ltd. Class A Ordinary Shares,6770,BLANK CHECKS
BJ,"BJs Wholesale Club Holdings, Inc. Common Stock",5331,RETAIL-VARIETY STORES
BJDX,"Bluejay Diagnostics, Inc. Common Stock",3841,SURGICAL & MEDICAL INSTRUMENTS & APPARATUS
BJRI,"BJ's Restaurants, Inc.",5812,RETAIL-EATING PLACES
BK,,,UNKNOWN
BKCC,,,UNKNOWN
BKD,"Brookdale Senior Living, Inc.",8050,SERVICES-NURSING & PERSONAL CARE FACILITIES
BKE,"The Buckle, Inc.",5651,RETAIL-FAMILY CLOTHING STORES
BKEP,,,UNKNOWN
BKH,Black Hills Corporation,4911,ELECTRIC SERVICES
BKHA,Black Hawk Acquisition Corporation Class A Ordinary Shares,2836,"BIOLOGICAL PRODUCTS, (NO DIAGNOSTIC SUBSTANCES)"
BKI,,,UNKNOWN
BKKT,"Bakkt, Inc.",6199,FINANCE SERVICES
BKLN,Invesco Senior Loan ETF,6282,INVESTMENT ADVICE
BKN,,,UNKNOWN
BKNG,Booking Holdings Inc. Common Stock,4700,TRANSPORTATION SERVICES
BKR,Baker Hughes Company,3533,OIL & GAS FIELD MACHINERY & EQUIPMENT
BKSC,BANK OF SO CAROLINA CORP,,UNKNOWN
BKSY,BlackSky Technology Inc.,3663,RADIO & TV BROADCASTING & COMMUNICATIONS EQUIPMENT
BKT,BlackRock Income Trust Inc.,,UNKNOWN
BKTI,BK Technologies Corporation,3663,RADIO & TV BROADCASTING & COMMUNICATIONS EQUIPMENT
BKU,"Bankunited, Inc.",6035,"SAVINGS INSTITUTION, FEDERALLY CHARTERED"
BKV,BKV Corporation,1311,CRUDE PETROLEUM & NATURAL GAS
BKYI,"BIO-key International, Inc. Common Stock",7372,SERVICES-PREPACKAGED SOFTWARE
BL,"BlackLine, Inc. Common Stock",7372,SERVICES-PREPACKAGED SOFTWARE
BLAC,,,UNKNOWN
BLBD,Blue Bird Corporation Common Stock,3713,TRUCK & BUS BODIES
BLBX,,,UNKNOWN
BLCM,,,UNKNOWN
BLCO,Bausch + Lomb Corporation,3851,OPHTHALMIC GOODS
BLD,,,UNKNOWN
BLDE,,,UNKNOWN
BLDR,"Builders FirstSource, Inc.",5211,RETAIL-LUMBER & OTHER BUILDING MATERIALS DEALERS
BLE,,,UNKNOWN
BLEU,,,UNKNOWN
BLFS,BioLife Solutions Inc.,3845,ELECTROMEDICAL & ELECTROTHERAPEUTIC APPARATUS
BLFY,,,UNKNOWN
BLIN,Bridgeline Digital Inc.,7372,SERVICES-PREPACKAGED SOFTWARE
BLK,"Blackrock, Inc.",6211,"SECURITY BROKERS, DEALERS & FLOTATION COMPANIES"
BLKB,"Blackbaud, Inc.",7372,SERVICES-PREPACKAGED SOFTWARE
BLLN,"BillionToOne, Inc. Class A Common Stock",8071,SERVICES-MEDICAL LABORATORIES
BLMN,"Bloomin' Brands, Inc. Common Stock",5812,RETAIL-EATING PLACES
BLND,"Blend Labs, Inc.",7370,"SERVICES-COMPUTER PROGRAMMING, DATA PROCESSING, ETC."
BLNE,"Beeline Holdings, Inc. Common Stock",6162,MORTGAGE BANKERS & LOAN CORRESPONDENTS
BLNG,,,UNKNOWN
BLNK,Blink Charging Co. Common Stock,3690,"MISCELLANEOUS ELECTRICAL MACHINERY, EQUIPMENT & SUPPLIES"
BLPH,,,UNKNOWN
BLRK,Bluerock Acquisition Corp. Class A Ordinary Shares,6770,BLANK CHECKS
BLRKU,Bluerock Acquisition Corp. Unit,6770,BLANK CHECKS
BLSA,,,UNKNOWN
BLTS,,,UNKNOWN
BLUA,,,UNKNOWN
BLUE,,,UNKNOWN
BLUW,Blue Water Acquisition Corp. III Class A Ordinary Shares,6770,BLANK CHECKS
BLW,Blackrock Limited Duration Income Trust,,UNKNOWN
BLZE,"Backblaze, Inc. Class A Common Stock",7372,SERVICES-PREPACKAGED SOFTWARE
BLZR,Trailblazer Acquisition Corp. Class A Ordinary Shares,6770,BLANK CHECKS
BMAC,,,UNKNOWN
BMAQ,,,UNKNOWN
BMBL,Bumble Inc. Class A Common Stock,7370,"SERVICES-COMPUTER PROGRAMMING, DATA PROCESSING, ETC."
BME,Blackrock Health Sciences Trust,,UNKNOWN
BMEA,"Biomea Fusion, Inc. Common Stock",2834,PHARMACEUTICAL PREPARATIONS
BMI,"Badger Meter, Inc.",3824,TOTALIZING FLUID METERS & COUNTING DEVICES
BMN,BlackRock 2037 Municipal Target Term Trust,,UNKNOWN
BMNP,"BitMine Immersion Technologies, Inc. 9.5% Series A Perpetual Preferred Stock",6199,FINANCE SERVICES
BMNR,"BitMine Immersion Technologies, Inc.",6199,FINANCE SERVICES
BMRA,BIOMERICA INC,2835,IN VITRO & IN VIVO DIAGNOSTIC SUBSTANCES
BMRC,Bank of Marin Bancorp,6022,STATE COMMERCIAL BANKS
BMRN,BioMarin Pharmaceuticals Inc,2834,PHARMACEUTICAL PREPARATIONS
BMTX,,,UNKNOWN
BMY,Bristol-Myers Squibb Co.,2834,PHARMACEUTICAL PREPARATIONS
BNAI,Brand Engagement Network Inc. Common Stock,7373,SERVICES-COMPUTER INTEGRATED SYSTEMS DESIGN
BNBX,BNB PLUS CORP,,UNKNOWN
BNC,BNB Standard Corporation Common Stock,0700,UNKNOWN
BNED,"Barnes & Noble Education, Inc",5940,RETAIL-MISCELLANEOUS SHOPPING GOODS STORES
BNFT,,,UNKNOWN
BNGO,"Bionano Genomics, Inc. Common Stock",3826,LABORATORY ANALYTICAL INSTRUMENTS
BNIX,,,UNKNOWN
BNKK,"Bonk, Inc. Common Stock",2844,"PERFUMES, COSMETICS & OTHER TOILET PREPARATIONS"
BNL,"Broadstone Net Lease, Inc.",6798,REAL ESTATE INVESTMENT TRUSTS
BNNR,,,UNKNOWN
BNO,"United States Brent Oil Fund, LP",6221,COMMODITY CONTRACTS BROKERS & DEALERS
BNOX,,,UNKNOWN
BNTC,Benitec Biopharma Inc. Common Stock,2834,PHARMACEUTICAL PREPARATIONS
BNY,Bank of New York Mellon Corporation,6022,STATE COMMERCIAL BANKS
BNZI,,,UNKNOWN
BOAC,,,UNKNOWN
BOAS,,,UNKNOWN
BOBS,"Bobs Discount Furniture, Inc.",5712,RETAIL-FURNITURE STORES
BOC,Boston Omaha Corporation,6510,REAL ESTATE OPERATORS (NO DEVELOPERS) & LESSORS
BOCN,,,UNKNOWN
BODI,"The Beachbody Company, Inc. Class A Common Stock",5960,RETAIL-NONSTORE RETAILERS
BOE,BlackRock Enhanced Global Dividend Trust,,UNKNOWN
BOF,BranchOut Food Inc. Common Stock,2000,FOOD AND KINDRED PRODUCTS
BOH,Bank of Hawaii Corp.,6022,STATE COMMERCIAL BANKS
BOKF,BOK Financial Corp,6021,NATIONAL COMMERCIAL BANKS
BOLD,"Boundless Bio, Inc. Common Stock",2834,PHARMACEUTICAL PREPARATIONS
BOLT,"Bolt Biotherapeutics, Inc. Common Stock",2834,PHARMACEUTICAL PREPARATIONS
BOOM,DMC Global Inc. Common Stock,3390,MISCELLANEOUS PRIMARY METAL PRODUCTS
BOOT,"Boot Barn Holdings, Inc.",5661,RETAIL-SHOE STORES
BOTJ,"Bank of the James Financial Group, Inc",6022,STATE COMMERCIAL BANKS
BOW,Bowhead Specialty Holdings Inc.,6331,"FIRE, MARINE & CASUALTY INSURANCE"
BOWL,,,UNKNOWN
BOWN,,,UNKNOWN
BOX,"BOX, INC.",7372,SERVICES-PREPACKAGED SOFTWARE
BOXD,,,UNKNOWN
BOXL,Boxlight Corporation Class A Common Stock,8200,SERVICES-EDUCATIONAL SERVICES
BPAC,Blueport Acquisition Ltd Class A Ordinary Shares,6770,BLANK CHECKS
BPACU,Blueport Acquisition Ltd Units,6770,BLANK CHECKS
BPMC,,,UNKNOWN
BPMP,,,UNKNOWN
BPOP,Popular Inc,6022,STATE COMMERCIAL BANKS
BPRN,"Princeton Bancorp, Inc. Common Stock (PA)",6022,STATE COMMERCIAL BANKS
BPT,,,UNKNOWN
BPTH,BIO-PATH HOLDINGS INC,,UNKNOWN
BR,Broadridge Financial Solutions Inc,7389,"SERVICES-BUSINESS SERVICES, NEC"
BRAC,,,UNKNOWN
BRBR,"BellRing Brands, Inc.",2000,FOOD AND KINDRED PRODUCTS
BRBS,"Blue Ridge Bankshares, Inc.",6022,STATE COMMERCIAL BANKS
BRC,Brady Corporation,3990,MISCELLANEOUS MANUFACTURING INDUSTRIES
BRCB,"Black Rock Coffee Bar, Inc. Class A Common Stock",5810,RETAIL-EATING & DRINKING PLACES
BRCC,BRC Inc.,2080,BEVERAGES
BRD,,,UNKNOWN
BRDG,,,UNKNOWN
BRDS,,,UNKNOWN
BREZ,Breeze Acquisition Corp. II Ordinary Shares,6770,BLANK CHECKS
BREZU,,,UNKNOWN
BRFH,Barfresh Food Group Inc. Common Stock,2030,"CANNED, FROZEN & PRESERVD FRUIT, VEG & FOOD SPECIALTIES"
BRG,,,UNKNOWN
BRID,Bridgford Foods Corp,2013,SAUSAGES & OTHER PREPARED MEAT PRODUCTS
BRIV,,,UNKNOWN
BRK.A,Berkshire Hathaway Inc.,6331,"FIRE, MARINE & CASUALTY INSURANCE"
BRKH,Burtech Acquisition Corp II Class A Ordinary Shares,6770,BLANK CHECKS
BRKHU,Burtech Acquisition Corp II Unit,6770,BLANK CHECKS
BRKL,Corgi BRKB 2x Daily ETF,,UNKNOWN
BRKR,Bruker Corporation,3826,LABORATORY ANALYTICAL INSTRUMENTS
BRLS,Borealis Foods Inc. Class A Common Shares,2000,FOOD AND KINDRED PRODUCTS
BRLT,"Brilliant Earth Group, Inc. Class A Common Stock",3910,"JEWELRY, SILVERWARE & PLATED WARE"
BRMK,,,UNKNOWN
BRN,"Barnwell Industries, Inc.",1311,CRUDE PETROLEUM & NATURAL GAS
BRNS,,,UNKNOWN
BRO,"Brown & Brown, Inc.",6411,"INSURANCE AGENTS, BROKERS & SERVICE"
BROS,Dutch Bros Inc.,5810,RETAIL-EATING & DRINKING PLACES
BRR,,,UNKNOWN
BRRR,Coinshares Bitcoin ETF Common Shares of Beneficial Interest,6221,COMMODITY CONTRACTS BROKERS & DEALERS
BRRWW,,,UNKNOWN
BRSP,"BrightSpire Capital, Inc.",6798,REAL ESTATE INVESTMENT TRUSTS
BRT,BRT Apartments Corp,6798,REAL ESTATE INVESTMENT TRUSTS
BRTX,"BioRestorative Therapies, Inc. Common Stock (NV)",8090,"SERVICES-MISC HEALTH & ALLIED SERVICES, NEC"
BRUN,Boost Run Inc. Class A Common Stock,7374,SERVICES-COMPUTER PROCESSING & DATA PREPARATION
BRW,Saba Capital Income & Opportunities Fund,,UNKNOWN
BRX,BRIXMOR PROPERTY GROUP INC.,6798,REAL ESTATE INVESTMENT TRUSTS
BRY,,,UNKNOWN
BRZE,"Braze, Inc. Class A Common Stock",7372,SERVICES-PREPACKAGED SOFTWARE
BSAA,BEST SPAC I Acquisition Corp. Class A Ordinary Shares,8200,SERVICES-EDUCATIONAL SERVICES
BSAQ,,,UNKNOWN
BSBK,Bogota Financial Corp. Common Stock,6036,"SAVINGS INSTITUTIONS, NOT FEDERALLY CHARTERED"
BSET,Bassett Furniture Industries I,2511,"WOOD HOUSEHOLD FURNITURE, (NO UPHOLSTERED)"
BSFC,BLUE STAR FOODS CORP,,UNKNOWN
BSGA,,,UNKNOWN
BSGM,,,UNKNOWN
BSIG,,,UNKNOWN
BSII,,,UNKNOWN
BSIN,Big Sky Industrial Inc. Common Stock,1311,CRUDE PETROLEUM & NATURAL GAS
BSKY,,,UNKNOWN
BSLK,BOLT PROJECTS HLDGS INC,,UNKNOWN
BSM,"Black Stone Minerals, L.P.",1311,CRUDE PETROLEUM & NATURAL GAS
BSQR,,,UNKNOWN
BSRR,Sierra Bancorp,6022,STATE COMMERCIAL BANKS
BST,BlackRock Science and Technology Trust,,UNKNOWN
BSTZ,BlackRock Science and Technology Term Trust,,UNKNOWN
BSVN,Bank7 Corp. Common stock,6022,STATE COMMERCIAL BANKS
BSX,Boston Scientific Corp.,3841,SURGICAL & MEDICAL INSTRUMENTS & APPARATUS
BSY,"Bentley Systems, Incorporated Class B Common Stock",7372,SERVICES-PREPACKAGED SOFTWARE
BTA,Beacon Tactical Alternatives Risk ETF,,UNKNOWN
BTAI,,,UNKNOWN
BTAQ,,,UNKNOWN
BTBD,"BT Brands, Inc. Common Stock",5812,RETAIL-EATING PLACES
BTBT,"Bit Digital, Inc. Ordinary Shares",6199,FINANCE SERVICES
BTC,Grayscale Bitcoin Mini Trust ETF,6221,COMMODITY CONTRACTS BROKERS & DEALERS
BTCK,7RCC Spot Bitcoin and Carbon Credit Futures ETF,6221,COMMODITY CONTRACTS BROKERS & DEALERS
BTCO,Invesco Galaxy Bitcoin ETF,6221,COMMODITY CONTRACTS BROKERS & DEALERS
BTCS,BTCS Inc. Common Stock,6199,FINANCE SERVICES
BTCT,BTC Digital Ltd. Ordinary Shares,6199,FINANCE SERVICES
BTCW,WisdomTree Bitcoin Fund,6221,COMMODITY CONTRACTS BROKERS & DEALERS
BTCY,BIOTRICITY INC,,UNKNOWN
BTGO,"BitGo Holdings, Inc.",6199,FINANCE SERVICES
BTM,,,UNKNOWN
BTMD,Biote Corp. Class A Common Stock,2833,MEDICINAL CHEMICALS & BOTANICAL PRODUCTS
BTNB,,,UNKNOWN
BTOC,Armlogi Holding Corp. common stock,4220,PUBLIC WAREHOUSING & STORAGE
BTRS,,,UNKNOWN
BTSG,"BrightSpring Health Services, Inc. Common Stock",8082,SERVICES-HOME HEALTH CARE SERVICES
BTT,BlackRock Municipal 2030 Target Term Trust,,UNKNOWN
BTTR,,,UNKNOWN
BTTX,BETTER THERAPEUTICS INC,,UNKNOWN
BTU,Peabody Energy Corporation,1221,BITUMINOUS COAL & LIGNITE SURFACE MINING
BTWN,,,UNKNOWN
BTZ,BlackRock Credit Allocation Income Trust,,UNKNOWN
BUDA,"Buda Juice, Inc.",2080,BEVERAGES
BUI,"BlackRock Utilities, Infrastructure & Power Opportunities Trust",,UNKNOWN
BUJA,,,UNKNOWN
BUR,Burford Capital Limited,6199,FINANCE SERVICES
BURL,"BURLINGTON STORES, INC.",5311,RETAIL-DEPARTMENT STORES
BURU,"Nuburu, Inc.",3690,"MISCELLANEOUS ELECTRICAL MACHINERY, EQUIPMENT & SUPPLIES"
BUSE,First Busey Corporation Class A Common Stock,6022,STATE COMMERCIAL BANKS
BV,"BrightView Holdings, Inc. Common Stock",0700,UNKNOWN
BVFL,"BV Financial, Inc. Common Stock",6035,"SAVINGS INSTITUTION, FEDERALLY CHARTERED"
BVH,,,UNKNOWN
BVS,Bioventus Inc. Class A Common Stock,3841,SURGICAL & MEDICAL INSTRUMENTS & APPARATUS
BW,"Babcock & Wilcox Enterprises, Inc.",3433,"HEATING EQUIPMENT, EXCEPT ELECTRIC & WARM AIR FURNACES"
BWA,BorgWarner Inc.,3714,MOTOR VEHICLE PARTS & ACCESSORIES
BWAC,,,UNKNOWN
BWAQ,,,UNKNOWN
BWB,"Bridgewater Bancshares, Inc. Common Stock",6022,STATE COMMERCIAL BANKS
BWC,,,UNKNOWN
BWEN,"Broadwind, Inc. Common Stock",3360,NONFERROUS FOUNDRIES (CASTINGS)
BWFG,Bankwell Financial Group Inc,6022,STATE COMMERCIAL BANKS
BWG,BrandywineGLOBAL Global Income Opportunities Fund Inc.,,UNKNOWN
BWIN,"The Baldwin Insurance Group, Inc. Class A Common Stock",6411,"INSURANCE AGENTS, BROKERS & SERVICE"
BWIV,Blue Water Acquisition Corp. IV,6770,BLANK CHECKS
BWIV.U,"Blue Water Acquisition Corp. IV Units, each consisting of one Class A ordinary share and one-half of one redeemable warrant",6770,BLANK CHECKS
BWMN,Bowman Consulting Group Ltd. Common Stock,8742,SERVICES-MANAGEMENT CONSULTING SERVICES
BWXT,"BWX Technologies, Inc.",3510,ENGINES & TURBINES
BX,Blackstone Inc.,6282,INVESTMENT ADVICE
BXC,BlueLinx Holdings Inc.,5031,"WHOLESALE-LUMBER, PLYWOOD, MILLWORK & WOOD PANELS"
BXDC,Blackstone Digital Infrastructure Trust Inc.,6500,REAL ESTATE
BXMT,"Blackstone Mortgage Trust, Inc. (NEW)",6798,REAL ESTATE INVESTMENT TRUSTS
BXMX,,,UNKNOWN
BXP,"BXP, Inc.",6798,REAL ESTATE INVESTMENT TRUSTS
BXRX,,,UNKNOWN
BXSL,Blackstone Secured Lending Fund,,UNKNOWN
BY,"Byline Bancorp, Inc. Common Stock",6022,STATE COMMERCIAL BANKS
BYD,Boyd Gaming Corporation,7011,HOTELS & MOTELS
BYFC,Broadway Financial Corp/Del,6035,"SAVINGS INSTITUTION, FEDERALLY CHARTERED"
BYM,,,UNKNOWN
BYND,"Beyond Meat, Inc. Common Stock",2000,FOOD AND KINDRED PRODUCTS
BYNO,BYNORDIC ACQ CORP A,,UNKNOWN
BYON,,,UNKNOWN
BYRN,"Byrna Technologies, Inc. Common Stock",3690,"MISCELLANEOUS ELECTRICAL MACHINERY, EQUIPMENT & SUPPLIES"
BYSI,BeyondSpring Inc. Ordinary Shares,2834,PHARMACEUTICAL PREPARATIONS
BYU,,,UNKNOWN
BZAI,"Blaize Holdings, Inc. Common Stock",3674,SEMICONDUCTORS & RELATED DEVICES
BZFD,"BuzzFeed, Inc. Class A Common Stock",4899,"COMMUNICATIONS SERVICES, NEC"
BZH,"Beazer Homes USA, Inc. New",1531,OPERATIVE BUILDERS
C,Citigroup Inc.,6021,NATIONAL COMMERCIAL BANKS
CAAS,"China Automotive Systems, Inc. Ordinary Share",,UNKNOWN
CABA,"Cabaletta Bio, Inc. Common Stock",2836,"BIOLOGICAL PRODUCTS, (NO DIAGNOSTIC SUBSTANCES)"
CABO,"Cable One, Inc.",4841,CABLE & OTHER PAY TELEVISION SERVICES
CABR,"Caring Brands, Inc. Common Stock",2844,"PERFUMES, COSMETICS & OTHER TOILET PREPARATIONS"
CAC,Camden National Corporation,6021,NATIONAL COMMERCIAL BANKS
CACC,Credit Acceptance Corp,6141,PERSONAL CREDIT INSTITUTIONS
CACI,CACI INTERNATIONAL CLA,7373,SERVICES-COMPUTER INTEGRATED SYSTEMS DESIGN
CADL,"Candel Therapeutics, Inc. Common Stock",2836,"BIOLOGICAL PRODUCTS, (NO DIAGNOSTIC SUBSTANCES)"
CAEP,,,UNKNOWN
CAES,"Cantor Equity Partners VII, Inc. Class A Ordinary Shares",6770,BLANK CHECKS
CAG,"Conagra Brands, Inc.",2000,FOOD AND KINDRED PRODUCTS
CAH,"Cardinal Health, Inc.",5122,"WHOLESALE-DRUGS, PROPRIETARIES & DRUGGISTS' SUNDRIES"
CAI,"Caris Life Sciences, Inc. Common Stock",8071,SERVICES-MEDICAL LABORATORIES
CAII,Collective Acquisition Corp. II Class A Ordinary Shares,6770,BLANK CHECKS
CAIIU,Collective Acquisition Corp. II Units,6770,BLANK CHECKS
CAKE,Cheesecake Factory (The),5812,RETAIL-EATING PLACES
CAL,Caleres Inc,3140,"FOOTWEAR, (NO RUBBER)"
CALA,CALITHERA BIOSCIENCES INC,,UNKNOWN
CALB,,,UNKNOWN
CALC,"CalciMedica, Inc. Common Stock",2834,PHARMACEUTICAL PREPARATIONS
CALM,Cal-Maine Foods Inc,0200,UNKNOWN
CALX,"CALIX, INC.",4899,"COMMUNICATIONS SERVICES, NEC"
CALY,Callaway Golf Company,3949,"SPORTING & ATHLETIC GOODS, NEC"
CAMP,CAMP4 Therapeutics Corporation Common Stock,2834,PHARMACEUTICAL PREPARATIONS
CANB,,,UNKNOWN
CANE,Teucrium Sugar Fund,6221,COMMODITY CONTRACTS BROKERS & DEALERS
CANO,,,UNKNOWN
CAPL,CrossAmerica Partners LP Common units representing limited partner interests,5172,WHOLESALE-PETROLEUM & PETROLEUM PRODUCTS (NO BULK STATIONS)
CAPN,Cayson Acquisition Corp Ordinary shares,6770,BLANK CHECKS
CAPR,Capricor Therapeutics Inc,2834,PHARMACEUTICAL PREPARATIONS
CAPS,Capstone Holding Corp. Common Stock,5030,WHOLESALE-LUMBER & OTHER CONSTRUCTION MATERIALS
CAQ,Cambridge Acquisition Corp. Class A Ordinary Shares,6770,BLANK CHECKS
CAR,"Avis Budget Group, Inc.",7510,SERVICES-AUTO RENTAL & LEASING (NO DRIVERS)
CARA,,,UNKNOWN
CARE,"Carter Bankshares, Inc. Common Stock",6021,NATIONAL COMMERCIAL BANKS
CARG,"CarGurus, Inc. Class A Common Stock",7374,SERVICES-COMPUTER PROCESSING & DATA PREPARATION
CARL,"Carlsmed, Inc. Common Stock",3841,SURGICAL & MEDICAL INSTRUMENTS & APPARATUS
CARM,CARISMA THERAPEUTICS INC,,UNKNOWN
CARR,Carrier Global Corporation,3585,AIR-COND & WARM AIR HEATG EQUIP & COMM & INDL REFRIG EQUIP
CARS,Cars.com Inc. Common Stock,7374,SERVICES-COMPUTER PROCESSING & DATA PREPARATION
CART,Maplebear Inc. Common Stock,7389,"SERVICES-BUSINESS SERVICES, NEC"
CARV,CARVER BANCORP INC,,UNKNOWN
CAS,Simplify China A Shares PLUS Income ETF,6770,BLANK CHECKS
CASA,,,UNKNOWN
CASH,"Pathward Financial, Inc. Common Stock",6021,NATIONAL COMMERCIAL BANKS
CASK,,,UNKNOWN
CASS,Cass Information Systems Inc,7389,"SERVICES-BUSINESS SERVICES, NEC"
CAST,"FreeCast, Inc. Class A Common Stock",7374,SERVICES-COMPUTER PROCESSING & DATA PREPARATION
CASY,Casey's General Stores Inc,5500,RETAIL-AUTO DEALERS & GASOLINE STATIONS
CAT,Caterpillar Inc.,3531,CONSTRUCTION MACHINERY & EQUIP
CATC,,,UNKNOWN
CATO,CATO CORP,5621,RETAIL-WOMEN'S CLOTHING STORES
CATX,"Perspective Therapeutics, Inc.",2834,PHARMACEUTICAL PREPARATIONS
CATY,Cathay General Bancorp,6022,STATE COMMERCIAL BANKS
CAUD,COLLECTIVE AUDIENCE INC,,UNKNOWN
CAVA,"CAVA Group, Inc.",5812,RETAIL-EATING PLACES
CB,Chubb Limited,6331,"FIRE, MARINE & CASUALTY INSURANCE"
CBAN,Colony Bankcorp Inc.,6022,STATE COMMERCIAL BANKS
CBAT,CBAK Energy Technology Limited Ordinary Shares,,UNKNOWN
CBAY,,,UNKNOWN
CBB,,,UNKNOWN
CBC,"Central Bancompany, Inc. Class A Common Stock",6022,STATE COMMERCIAL BANKS
CBFV,"CB Financial Services, Inc. (PA)",6022,STATE COMMERCIAL BANKS
CBIO,"Crescent Biopharma, Inc. Common Stock",2834,PHARMACEUTICAL PREPARATIONS
CBK,"Commercial Bancgroup, Inc. Common Stock",6022,STATE COMMERCIAL BANKS
CBL,"CBL & Associates Properties, Inc.",6798,REAL ESTATE INVESTMENT TRUSTS
CBLL,"CeriBell, Inc. Common Stock",3845,ELECTROMEDICAL & ELECTROTHERAPEUTIC APPARATUS
CBNA,"Chain Bridge Bancorp, Inc.",6021,NATIONAL COMMERCIAL BANKS
CBNK,"Capital Bancorp, Inc.",6021,NATIONAL COMMERCIAL BANKS
CBOE,"Cboe Global Markets, Inc.",6200,"SECURITY & COMMODITY BROKERS, DEALERS, EXCHANGES & SERVICES"
CBRE,"CBRE GROUP, INC.",6500,REAL ESTATE
CBRG,Leverage Shares 2X Long CBRS Daily ETF,,UNKNOWN
CBRL,"Cracker Barrel Old Country Store, Inc,.",5812,RETAIL-EATING PLACES
CBRS,Cerebras Systems Inc. Class A Common Stock,3674,SEMICONDUCTORS & RELATED DEVICES
CBSH,Commerce Bancshares Inc,6022,STATE COMMERCIAL BANKS
CBT,Cabot Corporation,2890,MISCELLANEOUS CHEMICAL PRODUCTS
CBU,"Community Financial System, Inc.",6021,NATIONAL COMMERCIAL BANKS
CBUS,"Cibus, Inc. Class A Common Stock",2870,AGRICULTURAL CHEMICALS
CBZ,"CBIZ, Inc.",7389,"SERVICES-BUSINESS SERVICES, NEC"
CC,The Chemours Company,2800,CHEMICALS & ALLIED PRODUCTS
CCAI,,,UNKNOWN
CCAP,"Crescent Capital BDC, Inc. Common stock",,UNKNOWN
CCB,Coastal Financial Corporation,6022,STATE COMMERCIAL BANKS
CCBG,Capital City Bank Group Inc,6022,STATE COMMERCIAL BANKS
CCC,CCC Intelligent Solutions Holdings Inc. Common Stock,7372,SERVICES-PREPACKAGED SOFTWARE
CCCC,"C4 Therapeutics, Inc.",2836,"BIOLOGICAL PRODUCTS, (NO DIAGNOSTIC SUBSTANCES)"
CCCS,,,UNKNOWN
CCCX,,,UNKNOWN
CCD,Calamos Dynamic Convertible & Income Fund,,UNKNOWN
CCEL,Cryo-Cell International Inc.,8090,"SERVICES-MISC HEALTH & ALLIED SERVICES, NEC"
CCF,,,UNKNOWN
CCI,Crown Castle Inc.,6798,REAL ESTATE INVESTMENT TRUSTS
CCIA,,,UNKNOWN
CCID,Carlyle Credit Income Fund 7.375% Series D Term Preferred Shares due 2028,,UNKNOWN
CCII,Cohen Circle Acquisition Corp. II Class A Ordinary Shares,6770,BLANK CHECKS
CCIR,,,UNKNOWN
CCIX,,,UNKNOWN
CCK,Crown Holdings Inc.,3411,METAL CANS
CCL,Carnival Corporation Ltd.,4400,WATER TRANSPORTATION
CCLD,"CareCloud, Inc. Common Stock",7372,SERVICES-PREPACKAGED SOFTWARE
CCLP,,,UNKNOWN
CCMP,,,UNKNOWN
CCNE,CNB Financial Corp/PA,6022,STATE COMMERCIAL BANKS
CCO,"Clear Channel Outdoor Holdings, Inc. Common Stock",7310,SERVICES-ADVERTISING
CCOI,"Cogent Communications Holdings, Inc.",4899,"COMMUNICATIONS SERVICES, NEC"
CCRD,,,UNKNOWN
CCRN,,,UNKNOWN
CCS,"CENTURY COMMUNITIES, INC.",1531,OPERATIVE BUILDERS
CCSI,"Consensus Cloud Solutions, Inc. Common Stock",7372,SERVICES-PREPACKAGED SOFTWARE
CCTS,,,UNKNOWN
CCV,,,UNKNOWN
CCVI,,,UNKNOWN
CCXI,Churchill Capital Corp XI Class A Ordinary Shares,3569,"GENERAL INDUSTRIAL MACHINERY & EQUIPMENT, NEC"
CCXIU,Churchill Capital Corp XI Units,3569,"GENERAL INDUSTRIAL MACHINERY & EQUIPMENT, NEC"
CCZ,"Comcast Holdings Corp. 2.0% Exchangeable Subordinated Debentures due October 15, 2029 (ZONES)",4841,CABLE & OTHER PAY TELEVISION SERVICES
CD,Chaince Digital Holdings Inc. Ordinary Shares,6199,FINANCE SERVICES
CDAK,,,UNKNOWN
CDAQ,,,UNKNOWN
CDE,"Coeur Mining, Inc.",1040,GOLD AND SILVER ORES
CDIO,Cardio Diagnostics Holdings Inc. Common stock,2835,IN VITRO & IN VIVO DIAGNOSTIC SUBSTANCES
CDK,,,UNKNOWN
CDLX,"Cardlytics, Inc. Common Stock",7370,"SERVICES-COMPUTER PROGRAMMING, DATA PROCESSING, ETC."
CDMO,,,UNKNOWN
CDNA,"CareDx, Inc.",8071,SERVICES-MEDICAL LABORATORIES
CDNL,Cardinal Infrastructure Group Inc. Class A Common Stock,1600,HEAVY CONSTRUCTION OTHER THAN BLDG CONST - CONTRACTORS
CDNS,Cadence Design Systems,7372,SERVICES-PREPACKAGED SOFTWARE
CDOR,,,UNKNOWN
CDP,COPT Defense Properties,6798,REAL ESTATE INVESTMENT TRUSTS
CDRE,"Cadre Holdings, Inc.",3842,"ORTHOPEDIC, PROSTHETIC & SURGICAL APPLIANCES & SUPPLIES"
CDRPB,,,UNKNOWN
CDT,CDT Equity Inc. Common Stock,2834,PHARMACEUTICAL PREPARATIONS
CDTX,,,UNKNOWN
CDW,CDW Corporation,5961,RETAIL-CATALOG & MAIL-ORDER HOUSES
CDXC,,,UNKNOWN
CDXS,"Codexis, Inc.",2860,INDUSTRIAL ORGANIC CHEMICALS
CDZI,"CADIZ, Inc.",4941,WATER SUPPLY
CE,Celanese Corporation Common Stock,2820,"PLASTIC MATERIAL, SYNTH RESIN/RUBBER, CELLULOS (NO GLASS)"
CEAD,,,UNKNOWN
CECO,Ceco Environmental Corp,3564,INDUSTRIAL & COMMERCIAL FANS & BLOWERS & AIR PURIFYING EQUIP
CEE,"The Central and Eastern Europe Fund, Inc.",,UNKNOWN
CEG,Constellation Energy Corporation Common Stock,4911,ELECTRIC SERVICES
CEI,,,UNKNOWN
CEIX,,,UNKNOWN
CELC,Celcuity Inc. Common Stock,8071,SERVICES-MEDICAL LABORATORIES
CELH,"Celsius Holdings, Inc. Common Stock",2086,BOTTLED & CANNED SOFT DRINKS & CARBONATED WATERS
CELL,,,UNKNOWN
CELP,,,UNKNOWN
CELU,Celularity Inc. Class A Common Stock,2834,PHARMACEUTICAL PREPARATIONS
CELZ,"Creative Medical Technology Holdings, Inc. Common Stock",2836,"BIOLOGICAL PRODUCTS, (NO DIAGNOSTIC SUBSTANCES)"
CEM,,,UNKNOWN
CEMI,,,UNKNOWN
CENN,Cenntro Inc. Common Stock,3711,MOTOR VEHICLES & PASSENGER CAR BODIES
CENT,Central Garden and Pet Co,5190,WHOLESALE-MISCELLANEOUS NONDURABLE GOODS
CENX,Century Aluminum Co,3334,PRIMARY PRODUCTION OF ALUMINUM
CEP,,,UNKNOWN
CEPF,"Cantor Equity Partners IV, Inc. Class A Ordinary Shares",6770,BLANK CHECKS
CEPO,"Cantor Equity Partners I, Inc. Class A Ordinary Shares",6770,BLANK CHECKS
CEPS,"Cantor Equity Partners VI, Inc. Class A Ordinary Shares",6770,BLANK CHECKS
CEPT,,,UNKNOWN
CEPV,"Cantor Equity Partners V, Inc. Class A Ordinary Shares",6770,BLANK CHECKS
CEQP,,,UNKNOWN
CERE,,,UNKNOWN
CERN,,,UNKNOWN
CERO,CERO TERAPEUTICS HLDG INC,,UNKNOWN
CERS,Cerus Corp,3841,SURGICAL & MEDICAL INSTRUMENTS & APPARATUS
CERT,"Certara, Inc. Common Stock",7372,SERVICES-PREPACKAGED SOFTWARE
CETH,,,UNKNOWN
CETU,,,UNKNOWN
CETX,CEMTREX INC.,1700,CONSTRUCTION - SPECIAL TRADE CONTRACTORS
CETY,"Clean Energy Technologies, Inc. Common Stock",4924,NATURAL GAS DISTRIBUTION
CEV,Eaton Vance California Municipal Income Trust,,UNKNOWN
CEVA,CEVA Inc.,7370,"SERVICES-COMPUTER PROGRAMMING, DATA PROCESSING, ETC."
CF,"CF Industries Holding, Inc.",2870,AGRICULTURAL CHEMICALS
CFB,,,UNKNOWN
CFBK,CF Bankshares Inc. Common Stock,6021,NATIONAL COMMERCIAL BANKS
CFFI,C&F Financial Corp,6022,STATE COMMERCIAL BANKS
CFFN,"Capitol Federal Financial, Inc.",6035,"SAVINGS INSTITUTION, FEDERALLY CHARTERED"
CFFS,,,UNKNOWN
CFFVU,,,UNKNOWN
CFG,"Citizens Financial Group, Inc.",6022,STATE COMMERCIAL BANKS
CFIV,,,UNKNOWN
CFLT,,,UNKNOWN
CFMS,,,UNKNOWN
CFND,C1 Fund Inc.,,UNKNOWN
CFR,Cullen/Frost Bankers Inc.,6021,NATIONAL COMMERCIAL BANKS
CFRX,,,UNKNOWN
CFSB,,,UNKNOWN
CFTRPA,,,UNKNOWN
CG,The Carlyle Group Inc. Common Stock,6282,INVESTMENT ADVICE
CGA,,,UNKNOWN
CGBD,"Carlyle Secured Lending, Inc. Common Stock",,UNKNOWN
CGC,Canopy Growth Corporation Common Shares,2833,MEDICINAL CHEMICALS & BOTANICAL PRODUCTS
CGCFU,Cartesian Growth Corporation IV Unit,6770,BLANK CHECKS
CGCT,,,UNKNOWN
CGEM,"Cullinan Therapeutics, Inc. Common Stock",2836,"BIOLOGICAL PRODUCTS, (NO DIAGNOSTIC SUBSTANCES)"
CGNX,Cognex Corp,3823,"INDUSTRIAL INSTRUMENTS FOR MEASUREMENT, DISPLAY, AND CONTROL"
CGO,Calamos Global Total Return Fund,,UNKNOWN
CGON,"CG Oncology, Inc. Common stock",2836,"BIOLOGICAL PRODUCTS, (NO DIAGNOSTIC SUBSTANCES)"
CGRN,,,UNKNOWN
CGTX,"Cognition Therapeutics, Inc. Common Stock",2836,"BIOLOGICAL PRODUCTS, (NO DIAGNOSTIC SUBSTANCES)"
CHAA,,,UNKNOWN
CHAC,,,UNKNOWN
CHAR,Charlton Aria Acquisition Corporation Class A Ordinary Shares,6770,BLANK CHECKS
CHCI,"Comstock Holding Companies, Inc. Class A",6500,REAL ESTATE
CHCO,City Holding Co,6021,NATIONAL COMMERCIAL BANKS
CHCT,"Community Healthcare Trust Incorporated Common Stock, $0.01 par value per share",6798,REAL ESTATE INVESTMENT TRUSTS
CHD,"Church & Dwight Co., Inc.",2840,"SOAP, DETERGENTS, CLEANG PREPARATIONS, PERFUMES, COSMETICS"
CHDN,Churchill Downs Inc,7948,"SERVICES-RACING, INCLUDING TRACK OPERATION"
CHE,Chemed Corporation,8082,SERVICES-HOME HEALTH CARE SERVICES
CHEA,,,UNKNOWN
CHEB,,,UNKNOWN
CHEC,Chenghe Acquisition III Co. Class A Ordinary Share,6770,BLANK CHECKS
CHEF,The Chef's Warehouse Inc,5141,"WHOLESALE-GROCERIES, GENERAL LINE"
CHGG,"CHEGG, INC.",8200,SERVICES-EDUCATIONAL SERVICES
CHH,Choice Hotels Intnl.,7011,HOTELS & MOTELS
CHI,Calamos Convertible Opportunities and Income Fund,,UNKNOWN
CHMG,Chemung Financial Corp,6022,STATE COMMERCIAL BANKS
CHMI,CHERRY HILL MORTGAGE INVESTMENT CORPORATION,6798,REAL ESTATE INVESTMENT TRUSTS
CHN,,,UNKNOWN
CHNG,,,UNKNOWN
CHPG,ChampionsGate Acquisition Corporation Class A Ordinary Share,6770,BLANK CHECKS
CHPM,,,UNKNOWN
CHPT,"ChargePoint Holdings, Inc.",3690,"MISCELLANEOUS ELECTRICAL MACHINERY, EQUIPMENT & SUPPLIES"
CHRA,,,UNKNOWN
CHRD,Chord Energy Corporation Common Stock,1311,CRUDE PETROLEUM & NATURAL GAS
CHRN,ChronoScale Holdings Corporation Common Stock,3569,"GENERAL INDUSTRIAL MACHINERY & EQUIPMENT, NEC"
CHRO,,,UNKNOWN
CHRS,"Coherus Oncology, Inc. Common Stock",2836,"BIOLOGICAL PRODUCTS, (NO DIAGNOSTIC SUBSTANCES)"
CHRW,"C.H. Robinson Worldwide, Inc.",4731,ARRANGEMENT OF TRANSPORTATION OF FREIGHT & CARGO
CHS,,,UNKNOWN
CHTR,Charter Comm Inc Del CL A New,4841,CABLE & OTHER PAY TELEVISION SERVICES
CHUY,,,UNKNOWN
CHW,Calamos Global Dynamic Income Fund,,UNKNOWN
CHWY,"Chewy, Inc.",5961,RETAIL-CATALOG & MAIL-ORDER HOUSES
CHX,,,UNKNOWN
CHY,Calamos Convertible and High Income Fund,,UNKNOWN
CHYM,"Chime Financial, Inc. Class A Common Stock",6199,FINANCE SERVICES
CI,The Cigna Group,6324,HOSPITAL & MEDICAL SERVICE PLANS
CIA,"Citizens, Inc.",6311,LIFE INSURANCE
CICB,CION Investment Corporation 7.50% Notes due 2029,,UNKNOWN
CIEN,Ciena Corporation,3661,TELEPHONE & TELEGRAPH APPARATUS
CIFR,Cipher Digital Inc. Common Stock,6199,FINANCE SERVICES
CII,"BlackRock Enhanced Large Cap Core Fund, Inc.",,UNKNOWN
CIIG,,,UNKNOWN
CIIT,"Tianci International, Inc. Common Stock",3576,COMPUTER COMMUNICATIONS EQUIPMENT
CIK,"UBS Asset Management Income Fund, Inc.",,UNKNOWN
CIM,Chimera Investment Corp.,6798,REAL ESTATE INVESTMENT TRUSTS
CINC,,,UNKNOWN
CINF,Cincinnati Financial Corp,6331,"FIRE, MARINE & CASUALTY INSURANCE"
CING,Cingulate Inc. Common Stock,2834,PHARMACEUTICAL PREPARATIONS
CIO,,,UNKNOWN
CIR,Corgi CRCL 2x Daily ETF,,UNKNOWN
CISO,"CISO Global, Inc. Common Stock",8742,SERVICES-MANAGEMENT CONSULTING SERVICES
CIT,,,UNKNOWN
CITE,,,UNKNOWN
CITR,CitroTech Inc.,2800,CHEMICALS & ALLIED PRODUCTS
CIVB,"Civista Bancshares, Inc.",6022,STATE COMMERCIAL BANKS
CIVI,,,UNKNOWN
CIX,Comp X International Inc.,3420,"CUTLERY, HANDTOOLS & GENERAL HARDWARE"
CIZN,CITZNS HOLDINGS CO MISS,,UNKNOWN
CJMB,Callan JMB Inc. Common Stock,7389,"SERVICES-BUSINESS SERVICES, NEC"
CKPT,,,UNKNOWN
CKX,"CKX Lands, Inc.",1311,CRUDE PETROLEUM & NATURAL GAS
CL,Colgate-Palmolive Company,2844,"PERFUMES, COSMETICS & OTHER TOILET PREPARATIONS"
CLAA,,,UNKNOWN
CLAR,Clarus Corporation Common Stock,3949,"SPORTING & ATHLETIC GOODS, NEC"
CLAS,,,UNKNOWN
CLB,Core Laboratories Inc.,1389,"OIL & GAS FIELD SERVICES, NEC"
CLBK,"Columbia Financial, Inc. Common Stock",6035,"SAVINGS INSTITUTION, FEDERALLY CHARTERED"
CLBR,Colombier Acquisition Corp. III,6770,BLANK CHECKS
CLBR.U,"Colombier Acquisition Corp. III Units, each consisting of one Class A ordinary share and one-eighth of one redeemable warrant",6770,BLANK CHECKS
CLDI,"Calidi Biotherapeutics, Inc.",2836,"BIOLOGICAL PRODUCTS, (NO DIAGNOSTIC SUBSTANCES)"
CLDT,CHATHAM LODGING TRUST,6798,REAL ESTATE INVESTMENT TRUSTS
CLDX,"Celldex Therapeutics, Inc",2835,IN VITRO & IN VIVO DIAGNOSTIC SUBSTANCES
CLF,Cleveland-Cliffs Inc.,1000,METAL MINING
CLFD,"Clearfield, Inc.",3661,TELEPHONE & TELEGRAPH APPARATUS
CLH,"Clean Harbors, Inc",4955,HAZARDOUS WASTE MANAGEMENT
CLIM,Climate Global - Climate Resilient REIT Index ETF,,UNKNOWN
CLIR,ClearSign Technologies Corporation Common Stock (DE),3823,"INDUSTRIAL INSTRUMENTS FOR MEASUREMENT, DISPLAY, AND CONTROL"
CLMB,"Climb Global Solutions, Inc. Common Stock",5045,WHOLESALE-COMPUTERS & PERIPHERAL EQUIPMENT & SOFTWARE
CLMT,"Calumet, Inc. Common Stock",2911,PETROLEUM REFINING
CLNE,Clean Energy Fuels Corp.,4932,GAS & OTHER SERVICES COMBINED
CLNN,Clene Inc. Common Stock,2834,PHARMACEUTICAL PREPARATIONS
CLOE,,,UNKNOWN
CLOV,"Clover Health Investments, Corp",6324,HOSPITAL & MEDICAL SERVICE PLANS
CLPR,Clipper Realty Inc. Common Stock,6798,REAL ESTATE INVESTMENT TRUSTS
CLPT,"ClearPoint Neuro, Inc. Common Stock",3841,SURGICAL & MEDICAL INSTRUMENTS & APPARATUS
CLR,,,UNKNOWN
CLRB,Cellectar Biosciences INC NEW,2834,PHARMACEUTICAL PREPARATIONS
CLRC,,,UNKNOWN
CLRM,,,UNKNOWN
CLRO,"ClearOne, Inc. Common Stock",3661,TELEPHONE & TELEGRAPH APPARATUS
CLS,"Celestica, Inc.",3672,PRINTED CIRCUIT BOARDS
CLSD,,,UNKNOWN
CLSK,CLEANSPARK INC,6199,FINANCE SERVICES
CLST,"Catalyst Bancorp, Inc. Common Stock",6035,"SAVINGS INSTITUTION, FEDERALLY CHARTERED"
CLVR,CLEVER LEAVES HLDGS INC,,UNKNOWN
CLVS,,,UNKNOWN
CLVT,Clarivate Plc,7374,SERVICES-COMPUTER PROCESSING & DATA PREPARATION
CLW,Clearwater Paper Corporation,2631,PAPERBOARD MILLS
CLX,Clorox Company,2842,"SPECIALTY CLEANING, POLISHING AND SANITATION PREPARATIONS"
CLYM,"Climb Bio, Inc. Common Stock",2834,PHARMACEUTICAL PREPARATIONS
CMA,,,UNKNOWN
CMAX,,,UNKNOWN
CMBM,,,UNKNOWN
CMC,Commercial Metals Company,3312,"STEEL WORKS, BLAST FURNACES & ROLLING MILLS (COKE OVENS)"
CMCA,,,UNKNOWN
CMCO,Columbus McKinnon Corp/NY,3531,CONSTRUCTION MACHINERY & EQUIP
CMCT,Creative Media & Community Trust Corporation Common stock,6798,REAL ESTATE INVESTMENT TRUSTS
CME,CME Group Inc.,6200,"SECURITY & COMMODITY BROKERS, DEALERS, EXCHANGES & SERVICES"
CMG,"Chipotle Mexican Grill, Inc.",5812,RETAIL-EATING PLACES
CMI,Cummins Inc.,3510,ENGINES & TURBINES
CMII,,,UNKNOWN
CMLS,,,UNKNOWN
CMMB,Chemomab Therapeutics Ltd. American Depositary Share,2834,PHARMACEUTICAL PREPARATIONS
CMP,"Compass Minerals International, Inc.",1400,MINING & QUARRYING OF NONMETALLIC MINERALS (NO FUELS)
CMPI,,,UNKNOWN
CMPO,,,UNKNOWN
CMPR,Cimpress PLC Ordinary Shares (Ireland),2750,COMMERCIAL PRINTING
CMPS,COMPASS Pathways Plc American Depository Shares,2834,PHARMACEUTICAL PREPARATIONS
CMPX,"Compass Therapeutics, Inc. Common Stock",2836,"BIOLOGICAL PRODUCTS, (NO DIAGNOSTIC SUBSTANCES)"
CMRA,COMERA LIFE SCIENCES HLDG,,UNKNOWN
CMRC,"Commerce.com, Inc. Series 1 Common Stock",7372,SERVICES-PREPACKAGED SOFTWARE
CMRX,,,UNKNOWN
CMS,CMS Energy Corporation,4931,ELECTRIC & OTHER SERVICES COMBINED
CMSA,CMS Energy Corporation 5.625% Junior Subordinated Notes due 2078,4931,ELECTRIC & OTHER SERVICES COMBINED
CMT,"Core Molding Technologies, Inc.",3089,"PLASTICS PRODUCTS, NEC"
CMTG,"Claros Mortgage Trust, Inc.",6500,REAL ESTATE
CMTL,Comtech Telecommunications,3663,RADIO & TV BROADCASTING & COMMUNICATIONS EQUIPMENT
CMTV,Community Bancorp. Common Stock,6021,NATIONAL COMMERCIAL BANKS
CNA,CNA Financial Corporation,6331,"FIRE, MARINE & CASUALTY INSURANCE"
CNC,Centene Corporation,6324,HOSPITAL & MEDICAL SERVICE PLANS
CNCE,,,UNKNOWN
CND,,,UNKNOWN
CNDA,CONCORD ACQ CORP II A,,UNKNOWN
CNDT,Conduent Incorporated Common Stock,7389,"SERVICES-BUSINESS SERVICES, NEC"
CNET,ZW Data Action Technologies Inc. Common Stock,7370,"SERVICES-COMPUTER PROGRAMMING, DATA PROCESSING, ETC."
CNFR,,,UNKNOWN
CNGL,,,UNKNOWN
CNH,CNH INDUSTRIAL N.V.,3531,CONSTRUCTION MACHINERY & EQUIP
CNK,"Cinemark Holdings, Inc.",7830,SERVICES-MOTION PICTURE THEATERS
CNM,"Core & Main, Inc.",5099,"WHOLESALE-DURABLE GOODS, NEC"
CNMD,CONMED Corporation,3845,ELECTROMEDICAL & ELECTROTHERAPEUTIC APPARATUS
CNNB,,,UNKNOWN
CNNE,"Cannae Holdings, Inc. Common Stock",5810,RETAIL-EATING & DRINKING PLACES
CNO,"CNO Financial Group, Inc.",6321,ACCIDENT & HEALTH INSURANCE
CNOB,Center Bancorp Inc,6022,STATE COMMERCIAL BANKS
CNP,"CenterPoint Energy, Inc.",4911,ELECTRIC SERVICES
CNR,"Core Natural Resources, Inc.",1220,BITUMINOUS COAL & LIGNITE MINING
CNS,Cohen & Steers Inc.,6282,INVESTMENT ADVICE
CNSL,,,UNKNOWN
CNSP,"CNS Pharmaceuticals, Inc. Common Stock",2834,PHARMACEUTICAL PREPARATIONS
CNTA,,,UNKNOWN
CNTB,Connect Biopharma Holdings Limited Ordinary Shares,2834,PHARMACEUTICAL PREPARATIONS
CNTM,CONNECTM TECH SLTNS,,UNKNOWN
CNTN,"Canton Strategic Holdings, Inc. Common Stock",6199,FINANCE SERVICES
CNTX,Context Therapeutics Inc. Common Stock,2834,PHARMACEUTICAL PREPARATIONS
CNTY,Century Casinos Inc,7011,HOTELS & MOTELS
CNVS,Cineverse Corp. Class A Common Stock,7841,SERVICES-VIDEO TAPE RENTAL
CNVY,,,UNKNOWN
CNX,CNX Resources Corporation,1311,CRUDE PETROLEUM & NATURAL GAS
CNXC,Concentrix Corporation Common Stock,7389,"SERVICES-BUSINESS SERVICES, NEC"
CNXN,PC Connection Inc,5045,WHOLESALE-COMPUTERS & PERIPHERAL EQUIPMENT & SOFTWARE
CNXU,Conexeu Sciences Inc. Common Stock,3842,"ORTHOPEDIC, PROSTHETIC & SURGICAL APPLIANCES & SUPPLIES"
COAG,"Hemab Therapeutics Holdings, Inc. Common Stock",2836,"BIOLOGICAL PRODUCTS, (NO DIAGNOSTIC SUBSTANCES)"
COCH,"Envoy Medical, Inc. Class A Common Stock",3842,"ORTHOPEDIC, PROSTHETIC & SURGICAL APPLIANCES & SUPPLIES"
COCO,"The Vita Coco Company, Inc. Common Stock",2080,BEVERAGES
COCP,"Cocrystal Pharma, Inc. Common Stock",2834,PHARMACEUTICAL PREPARATIONS
CODA,"Coda Octopus Group, Inc. Common stock",3812,"SEARCH, DETECTION, NAVIGATION, GUIDANCE, AERONAUTICAL SYS"
CODI,Compass Diversified,2510,HOUSEHOLD FURNITURE
CODX,"Co-Diagnostics, Inc. Common Stock",3841,SURGICAL & MEDICAL INSTRUMENTS & APPARATUS
COEP,,,UNKNOWN
COF,Capital One Financial,6021,NATIONAL COMMERCIAL BANKS
COFS,CHOICEONE FINANCIAL,6022,STATE COMMERCIAL BANKS
COGT,"Cogent Biosciences, Inc. Common Stock",2834,PHARMACEUTICAL PREPARATIONS
COHN,Cohen & Company Inc,6211,"SECURITY BROKERS, DEALERS & FLOTATION COMPANIES"
COHR,Coherent Corp.,3827,OPTICAL INSTRUMENTS & LENSES
COHU,Cohu Inc,3825,INSTRUMENTS FOR MEAS & TESTING OF ELECTRICITY & ELEC SIGNALS
COIN,"Coinbase Global, Inc. Class A Common Stock",6199,FINANCE SERVICES
COKE,"Coca-Cola Consolidated, Inc. Common Stock",2086,BOTTLED & CANNED SOFT DRINKS & CARBONATED WATERS
COLA,,,UNKNOWN
COLB,Columbia Banking Systems Inc,6022,STATE COMMERCIAL BANKS
COLD,"Americold Realty Trust, Inc.",6798,REAL ESTATE INVESTMENT TRUSTS
COLI,,,UNKNOWN
COLL,"Collegium Pharmaceutical, Inc. Common Stock",2834,PHARMACEUTICAL PREPARATIONS
COLM,Columbia Sportswear Co,2300,APPAREL & OTHER FINISHD PRODS OF FABRICS & SIMILAR MATL
COMM,,,UNKNOWN
COMP,"Compass, Inc.",6531,REAL ESTATE AGENTS & MANAGERS (FOR OTHERS)
COMS,COMSOVEREIGN HOLDING CP,,UNKNOWN
CON,"Concentra Group Holdings Parent, Inc.",8093,"SERVICES-SPECIALTY OUTPATIENT FACILITIES, NEC"
CONN,,,UNKNOWN
CONX,Direxion Daily COIN Bull 2X ETF,,UNKNOWN
COO,"The Cooper Companies, Inc. Common Stock",3851,OPHTHALMIC GOODS
COOK,"Traeger, Inc.",3630,HOUSEHOLD APPLIANCES
COOL,"VegaShares AI Thermal, Cooling & Power Management ETF",6770,BLANK CHECKS
COOP,,,UNKNOWN
COOT,Australian Oilseeds Holdings Limited Ordinary Shares,2070,FATS & OILS
COP,ConocoPhillips,2911,PETROLEUM REFINING
COPL,Copley Acquisition Corp,6770,BLANK CHECKS
COR,"Cencora, Inc.",5122,"WHOLESALE-DRUGS, PROPRIETARIES & DRUGGISTS' SUNDRIES"
CORR,,,UNKNOWN
CORS,,,UNKNOWN
CORT,Corcept Therapeutics Inc.,2834,PHARMACEUTICAL PREPARATIONS
CORZ,"Core Scientific, Inc. Common Stock",6199,FINANCE SERVICES
COSM,Cosmos Holdings Inc. Common Stock,5122,"WHOLESALE-DRUGS, PROPRIETARIES & DRUGGISTS' SUNDRIES"
COSO,"CoastalSouth Bancshares, Inc.",6022,STATE COMMERCIAL BANKS
COST,Costco Wholesale Corp,5331,RETAIL-VARIETY STORES
COTY,COTY INC,2844,"PERFUMES, COSMETICS & OTHER TOILET PREPARATIONS"
COUP,,,UNKNOWN
COUR,"Coursera, Inc.",7372,SERVICES-PREPACKAGED SOFTWARE
COVA,,,UNKNOWN
COWN,,,UNKNOWN
COYA,"Coya Therapeutics, Inc. Common Stock",2834,PHARMACEUTICAL PREPARATIONS
CP,Canadian Pacific Kansas City Limited,4011,"RAILROADS, LINE-HAUL OPERATING"
CPAA,,,UNKNOWN
CPAQ,,,UNKNOWN
CPAR,,,UNKNOWN
CPAY,"Corpay, Inc.",7389,"SERVICES-BUSINESS SERVICES, NEC"
CPB,The Campbell's Company Common Stock,2000,FOOD AND KINDRED PRODUCTS
CPBI,"Central Plains Bancshares, Inc. Common Stock",6035,"SAVINGS INSTITUTION, FEDERALLY CHARTERED"
CPE,,,UNKNOWN
CPER,United States Copper Index Fund,6221,COMMODITY CONTRACTS BROKERS & DEALERS
CPF,Central Pacific Financial Corporation,6022,STATE COMMERCIAL BANKS
CPHC,Canterbury Park Holding Corporation 'New' Common Stock,7948,"SERVICES-RACING, INCLUDING TRACK OPERATION"
CPHI,"China Pharma Holdings, Inc.",2834,PHARMACEUTICAL PREPARATIONS
CPIX,Cumberland Pharmaceuticals Inc,2834,PHARMACEUTICAL PREPARATIONS
CPK,Chesapeake Utilities,4923,NATURAL GAS TRANSMISSION & DISTRIBUTION
CPLG,,,UNKNOWN
CPNG,"Coupang, Inc.",5961,RETAIL-CATALOG & MAIL-ORDER HOUSES
CPRI,Capri Holdings Limited,3100,LEATHER & LEATHER PRODUCTS
CPRT,Copart Inc,5500,RETAIL-AUTO DEALERS & GASOLINE STATIONS
CPRX,,,UNKNOWN
CPS,Cooper-Standard Automotive Inc.,3714,MOTOR VEHICLE PARTS & ACCESSORIES
CPSH,CPS Technologies Corp. Common Stock,3260,POTTERY & RELATED PRODUCTS
CPSL,Calamos Laddered S&P 500 Structured Alt Protection ETF,6770,BLANK CHECKS
CPSS,Consumer Portfolio Services,6199,FINANCE SERVICES
CPT,Camden Property Trust,6798,REAL ESTATE INVESTMENT TRUSTS
CPTK,,,UNKNOWN
CPTN,,,UNKNOWN
CPUH,,,UNKNOWN
CPZ,Calamos Long/Short Equity & Dynamic Income Trust Common Stock,,UNKNOWN
CQP,"Cheniere Energy Partners, LP",4924,NATURAL GAS DISTRIBUTION
CR,Crane Company,3490,MISCELLANEOUS FABRICATED METAL PRODUCTS
CRAC,Crown Reserve Acquisition Corp. I Class A Ordinary Shares,6770,BLANK CHECKS
CRAI,"CRA International, Inc.",8111,SERVICES-LEGAL SERVICES
CRAN,Crane Harbor Acquisition Corp. II Class A Ordinary Shares,6770,BLANK CHECKS
CRANU,Crane Harbor Acquisition Corp. II Units,6770,BLANK CHECKS
CRAQ,Cal Redwood Acquisition Corp. Class A Ordinary Shares,6770,BLANK CHECKS
CRBD,"Corebridge Financial, Inc. 6.375% Junior Subordinated Notes due 2064",6311,LIFE INSURANCE
CRBP,"Corbus Pharmaceuticals Holdings, Inc.",2834,PHARMACEUTICAL PREPARATIONS
CRBU,"Caribou Biosciences, Inc. Common Stock",2836,"BIOLOGICAL PRODUCTS, (NO DIAGNOSTIC SUBSTANCES)"
CRC,California Resources Corporation,1311,CRUDE PETROLEUM & NATURAL GAS
CRCG,Leverage Shares 2X Long CRCL Daily ETF,7389,"SERVICES-BUSINESS SERVICES, NEC"
CRCL,"Circle Internet Group, Inc.",6199,FINANCE SERVICES
CRCT,"Cricut, Inc. Class A Common Stock",3559,"SPECIAL INDUSTRY MACHINERY, NEC"
CRD.A,Crawford & Company Class A,6411,"INSURANCE AGENTS, BROKERS & SERVICE"
CRDF,"Cardiff Oncology, Inc. Common Stock",2836,"BIOLOGICAL PRODUCTS, (NO DIAGNOSTIC SUBSTANCES)"
CRDO,Credo Technology Group Holding Ltd Ordinary Shares,3674,SEMICONDUCTORS & RELATED DEVICES
CREC,,,UNKNOWN
CREG,SMART POWERR CORP,,UNKNOWN
CREX,"CREATIVE REALITIES, INC.",7373,SERVICES-COMPUTER INTEGRATED SYSTEMS DESIGN
CRGE,,,UNKNOWN
CRGX,,,UNKNOWN
CRGY,Crescent Energy Company,1311,CRUDE PETROLEUM & NATURAL GAS
CRH,CRH Public Limited Company,3241,"CEMENT, HYDRAULIC"
CRHC,,,UNKNOWN
CRI,Carter's Inc.,2300,APPAREL & OTHER FINISHD PRODS OF FABRICS & SIMILAR MATL
CRIS,Curis Inc,2836,"BIOLOGICAL PRODUCTS, (NO DIAGNOSTIC SUBSTANCES)"
CRK,"Comstock Resources, Inc.",1311,CRUDE PETROLEUM & NATURAL GAS
CRKN,CROWN ELECTROKINETICS CRP,,UNKNOWN
CRL,"Charles River Laboratories International, Inc.",8731,SERVICES-COMMERCIAL PHYSICAL & BIOLOGICAL RESEARCH
CRM,"Salesforce, Inc.",7372,SERVICES-PREPACKAGED SOFTWARE
CRMD,CorMedix Inc.,2834,PHARMACEUTICAL PREPARATIONS
CRMT,America's Car Mart Inc,5500,RETAIL-AUTO DEALERS & GASOLINE STATIONS
CRNC,Cerence Inc. Common Stock,7372,SERVICES-PREPACKAGED SOFTWARE
CRNX,,,UNKNOWN
CRON,Cronos Group Inc. Common Share,2833,MEDICINAL CHEMICALS & BOTANICAL PRODUCTS
CROX,"Crocs, Inc.",3021,RUBBER & PLASTICS FOOTWEAR
CRS,Carpenter Technology Corp,3312,"STEEL WORKS, BLAST FURNACES & ROLLING MILLS (COKE OVENS)"
CRSP,CRISPR Therapeutics AG,2836,"BIOLOGICAL PRODUCTS, (NO DIAGNOSTIC SUBSTANCES)"
CRSR,"Corsair Gaming, Inc. Common Stock",3577,"COMPUTER PERIPHERAL EQUIPMENT, NEC"
CRT,Cross Timbers Royalty Trust,6792,OIL ROYALTY TRADERS
CRTD,CREATD INC,,UNKNOWN
CRTO,Criteo S.A. Ordinary Shares,7311,SERVICES-ADVERTISING AGENCIES
CRU,,,UNKNOWN
CRUS,Cirrus Logic Inc,3674,SEMICONDUCTORS & RELATED DEVICES
CRVL,Corvel Corp,6411,"INSURANCE AGENTS, BROKERS & SERVICE"
CRVO,CervoMed Inc. Common Stock,2834,PHARMACEUTICAL PREPARATIONS
CRVS,"Corvus Pharmaceuticals, Inc.",2834,PHARMACEUTICAL PREPARATIONS
CRWD,"CrowdStrike Holdings, Inc. Class A Common Stock",7372,SERVICES-PREPACKAGED SOFTWARE
CRWS,Crown Crafts Inc,2211,"BROADWOVEN FABRIC MILLS, COTTON"
CRWV,"CoreWeave, Inc. Class A Common Stock",7372,SERVICES-PREPACKAGED SOFTWARE
CRXT,,,UNKNOWN
CRZN,,,UNKNOWN
CSAI,"Cloudastructure, Inc. Class A Common Stock",7370,"SERVICES-COMPUTER PROGRAMMING, DATA PROCESSING, ETC."
CSBR,"Champions Oncology, Inc.",2836,"BIOLOGICAL PRODUCTS, (NO DIAGNOSTIC SUBSTANCES)"
CSCO,"Cisco Systems, Inc. Common Stock (DE)",3576,COMPUTER COMMUNICATIONS EQUIPMENT
CSGP,CoStar Group Inc,7389,"SERVICES-BUSINESS SERVICES, NEC"
CSGS,,,UNKNOWN
CSII,,,UNKNOWN
CSL,"Carlisle Companies, Inc.",3060,"FABRICATED RUBBER PRODUCTS, NEC"
CSLM,,,UNKNOWN
CSLR,,,UNKNOWN
CSLT,,,UNKNOWN
CSPI,CSP Inc.,7373,SERVICES-COMPUTER INTEGRATED SYSTEMS DESIGN
CSPR,,,UNKNOWN
CSQ,Calamos Strategic Total Return Fund,,UNKNOWN
CSR,Centerspace,6798,REAL ESTATE INVESTMENT TRUSTS
CSSE,,,UNKNOWN
CSTA,,,UNKNOWN
CSTL,"Castle Biosciences, Inc. Common Stock",8071,SERVICES-MEDICAL LABORATORIES
CSTM,Constellium SE Class A Ordinary shares,3341,SECONDARY SMELTING & REFINING OF NONFERROUS METALS
CSTR,,,UNKNOWN
CSV,"Carriage Services, Inc.",7200,SERVICES-PERSONAL SERVICES
CSW,"CSW Industrials, Inc.",2891,ADHESIVES & SEALANTS
CSWC,Capital Southwest Corp,,UNKNOWN
CSWI,,,UNKNOWN
CSX,CSX Corporation,4011,"RAILROADS, LINE-HAUL OPERATING"
CTA,Simplify Managed Futures Strategy ETF,2820,"PLASTIC MATERIAL, SYNTH RESIN/RUBBER, CELLULOS (NO GLASS)"
CTAA,ClearThink 1 Acquisition Corp. Class A Ordinary Shares,6770,BLANK CHECKS
CTAAU,ClearThink 1 Acquisition Corp. Units,6770,BLANK CHECKS
CTAQ,,,UNKNOWN
CTAS,Cintas Corp,2320,"MEN'S & BOYS' FURNISHGS, WORK CLOTHG, & ALLIED GARMENTS"
CTBB,,,UNKNOWN
CTBI,Community Trust Bancorp Inc,6022,STATE COMMERCIAL BANKS
CTCX,,,UNKNOWN
CTEK,,,UNKNOWN
CTEV,Claritev Corporation,7389,"SERVICES-BUSINESS SERVICES, NEC"
CTG,,,UNKNOWN
CTGG,Qwest Corporation 6.500% Senior Notes due 2051 (denominations of $25),4813,TELEPHONE COMMUNICATIONS (NO RADIOTELEPHONE)
CTGO,Contango Silver & Gold Inc.,1040,GOLD AND SILVER ORES
CTHR,,,UNKNOWN
CTIC,,,UNKNOWN
CTKB,"Cytek Biosciences, Inc. Common Stock",3826,LABORATORY ANALYTICAL INSTRUMENTS
CTLP,,,UNKNOWN
CTLT,,,UNKNOWN
CTM,"Castellum, Inc.",8742,SERVICES-MANAGEMENT CONSULTING SERVICES
CTMX,"CytomX Therapeutics, Inc.",2834,PHARMACEUTICAL PREPARATIONS
CTNM,"Contineum Therapeutics, Inc. Class A Common Stock",2834,PHARMACEUTICAL PREPARATIONS
CTNT,Cheetah Net Supply Chain Service Inc. Class A Common Stock,5010,WHOLESALE-MOTOR VEHICLES & MOTOR VEHICLE PARTS & SUPPLIES
CTO,"CTO Realty Growth, Inc.",6798,REAL ESTATE INVESTMENT TRUSTS
CTOR,"Citius Oncology, Inc. Common Stock",2834,PHARMACEUTICAL PREPARATIONS
CTOS,"Custom Truck One Source, Inc.",7359,"SERVICES-EQUIPMENT RENTAL & LEASING, NEC"
CTR,,,UNKNOWN
CTRA,,,UNKNOWN
CTRE,"CareTrust REIT, Inc",6798,REAL ESTATE INVESTMENT TRUSTS
CTRI,"Centuri Holdings, Inc.",4923,NATURAL GAS TRANSMISSION & DISTRIBUTION
CTRN,"Citi Trends, Inc.",5600,RETAIL-APPAREL & ACCESSORY STORES
CTS,CTS Corporation,3672,PRINTED CIRCUIT BOARDS
CTSH,Cognizant Technology Solutions,7371,SERVICES-COMPUTER PROGRAMMING SERVICES
CTSO,Cytosorbents Corp.,3841,SURGICAL & MEDICAL INSTRUMENTS & APPARATUS
CTT,,,UNKNOWN
CTV,,,UNKNOWN
CTVA,"Corteva, Inc. Common Stock",0100,UNKNOWN
CTXR,Citius Pharmaceuticals Inc. Common,2834,PHARMACEUTICAL PREPARATIONS
CTXS,,,UNKNOWN
CUB,Lionheart Holdings Class A Ordinary Shares,6770,BLANK CHECKS
CUBB,"Customers Bancorp, Inc. 5.375% Subordinated Notes Due 2034",6022,STATE COMMERCIAL BANKS
CUBE,CubeSmart,6798,REAL ESTATE INVESTMENT TRUSTS
CUE,"Cue Biopharma, Inc.",2834,PHARMACEUTICAL PREPARATIONS
CUEN,CUENTAS INC,,UNKNOWN
CUK,,,UNKNOWN
CULL,CULLMAN BANCORP INC MD,,UNKNOWN
CULP,"Culp, Inc. Common Stock",2211,"BROADWOVEN FABRIC MILLS, COTTON"
CURB,Curbline Properties Corp.,6500,REAL ESTATE
CURI,CuriosityStream Inc. Class A Common Stock,7812,SERVICES-MOTION PICTURE & VIDEO TAPE PRODUCTION
CURO,,,UNKNOWN
CURR,Currenc Group Inc. Ordinary Shares,7389,"SERVICES-BUSINESS SERVICES, NEC"
CURV,Torrid Holdings Inc.,5600,RETAIL-APPAREL & ACCESSORY STORES
CURX,Curanex Pharmaceuticals Inc Common Stock,2834,PHARMACEUTICAL PREPARATIONS
CUTR,,,UNKNOWN
CUZ,Cousins Properties Inc.,6798,REAL ESTATE INVESTMENT TRUSTS
CV,"CapsoVision, Inc. Common Stock",3845,ELECTROMEDICAL & ELECTROTHERAPEUTIC APPARATUS
CVBF,CVB Financial Corp,6022,STATE COMMERCIAL BANKS
CVCO,Cavco Industries Inc.,2451,MOBILE HOMES
CVEO,Civeo Corporation,7000,"HOTELS, ROOMING HOUSES, CAMPS & OTHER LODGING PLACES"
CVET,,,UNKNOWN
CVGI,"Commercial Vehicle Group, Inc.",3714,MOTOR VEHICLE PARTS & ACCESSORIES
CVGW,,,UNKNOWN
CVI,"CVR ENERGY, INC.",2911,PETROLEUM REFINING
CVII,,,UNKNOWN
CVKD,"Cadrenal Therapeutics, Inc. Common Stock",2834,PHARMACEUTICAL PREPARATIONS
CVLG,"Covenant Logistics Group, Inc.",4213,TRUCKING (NO LOCAL)
CVLT,"Commault Systems, Inc.",7372,SERVICES-PREPACKAGED SOFTWARE
CVLY,,,UNKNOWN
CVM,Cel-Sci Corporation,2836,"BIOLOGICAL PRODUCTS, (NO DIAGNOSTIC SUBSTANCES)"
CVNA,Carvana Co.,5500,RETAIL-AUTO DEALERS & GASOLINE STATIONS
CVR,Chicago Rivet & Machine Co.,3540,METALWORKG MACHINERY & EQUIPMENT
CVRX,"CVRx, Inc. Common Stock",3841,SURGICAL & MEDICAL INSTRUMENTS & APPARATUS
CVS,CVS HEALTH CORPORATION,5912,RETAIL-DRUG STORES AND PROPRIETARY STORES
CVSA,Covista Inc.,8200,SERVICES-EDUCATIONAL SERVICES
CVT,,,UNKNOWN
CVU,"CPI Aerostructures, Inc.",3728,"AIRCRAFT PARTS & AUXILIARY EQUIPMENT, NEC"
CVV,CVD Equipment Corp.,3559,"SPECIAL INDUSTRY MACHINERY, NEC"
CVX,Chevron Corporation,2911,PETROLEUM REFINING
CW,Curtiss-Wright Corp.,3590,MISC INDUSTRIAL & COMMERCIAL MACHINERY & EQUIPMENT
CWAN,,,UNKNOWN
CWBC,Community West Bancshares Common Stock,6022,STATE COMMERCIAL BANKS
CWBR,,,UNKNOWN
CWCO,Consolidated Water Co Inc,4941,WATER SUPPLY
CWD,CaliberCos Inc. Class A Common Stock,6500,REAL ESTATE
CWEN,"Clearway Energy, Inc. Class C Common Stock",4911,ELECTRIC SERVICES
CWH,"Camping World Holdings, Inc.",5500,RETAIL-AUTO DEALERS & GASOLINE STATIONS
CWK,Cushman & Wakefield Ltd.,6500,REAL ESTATE
CWST,Casella Waste Systems Inc,4953,REFUSE SYSTEMS
CWT,California Water Service,4941,WATER SUPPLY
CXAC,,,UNKNOWN
CXAI,CXApp Inc. Class A Common Stock,7372,SERVICES-PREPACKAGED SOFTWARE
CXDC,,,UNKNOWN
CXDO,CREXENDO INC,4813,TELEPHONE COMMUNICATIONS (NO RADIOTELEPHONE)
CXII,Churchill Capital Corp XII Class A Ordinary Shares,6770,BLANK CHECKS
CXIIU,Churchill Capital Corp XII Units,6770,BLANK CHECKS
CXM,"Sprinklr, Inc.",7372,SERVICES-PREPACKAGED SOFTWARE
CXT,"Crane NXT, Co.",3490,MISCELLANEOUS FABRICATED METAL PRODUCTS
CXW,"CoreCivic, Inc.",6798,REAL ESTATE INVESTMENT TRUSTS
CYAB,"Cyabra, Inc. Common Stock",7372,SERVICES-PREPACKAGED SOFTWARE
CYAN,CYANOTECH CORP,,UNKNOWN
CYBE,,,UNKNOWN
CYCC,,,UNKNOWN
CYCN,,,UNKNOWN
CYCU,"Cycurion, Inc. Common Stock",7371,SERVICES-COMPUTER PROGRAMMING SERVICES
CYH,"Community Health Systems, Inc.",8062,"SERVICES-GENERAL MEDICAL & SURGICAL HOSPITALS, NEC"
CYN,Cyngn Inc. Common Stock,7371,SERVICES-COMPUTER PROGRAMMING SERVICES
CYPH,Cypherpunk Technologies Inc. Common Stock,2834,PHARMACEUTICAL PREPARATIONS
CYRN,,,UNKNOWN
CYRX,"CryoPort, Inc. Common Stock",2834,PHARMACEUTICAL PREPARATIONS
CYT,,,UNKNOWN
CYTH,,,UNKNOWN
CYTK,Cytokinetics Inc.,2834,PHARMACEUTICAL PREPARATIONS
CYXT,,,UNKNOWN
CZFS,"Citizens Financial Services, Inc. Common Stock",6022,STATE COMMERCIAL BANKS
CZNC,Citizens & Northern Corporation,6022,STATE COMMERCIAL BANKS
CZR,"Caesars Entertainment, Inc. Common Stock",7011,HOTELS & MOTELS
CZWI,"Citizens Community Bancorp, Inc.",6035,"SAVINGS INSTITUTION, FEDERALLY CHARTERED"
D,"Dominion Energy, Inc Common Stock",4911,ELECTRIC SERVICES
DAAQ,Digital Asset Acquisition Corp. Class A Ordinary shares,6022,STATE COMMERCIAL BANKS
DAIC,"CID HoldCo, Inc. Common Stock",7373,SERVICES-COMPUTER INTEGRATED SYSTEMS DESIGN
DAIO,Data I/O Corp,3825,INSTRUMENTS FOR MEAS & TESTING OF ELECTRICITY & ELEC SIGNALS
DAKT,Daktronics Inc,3990,MISCELLANEOUS MANUFACTURING INDUSTRIES
DAL,"Delta Air Lines, Inc.",4512,"AIR TRANSPORTATION, SCHEDULED"
DALN,,,UNKNOWN
DALS,,,UNKNOWN
DAN,Dana Incorporated,3714,MOTOR VEHICLE PARTS & ACCESSORIES
DAOO,,,UNKNOWN
DAR,DARLING INGREDIENTS INC.,2070,FATS & OILS
DARE,"Dare Bioscience, Inc. Common Stock",2834,PHARMACEUTICAL PREPARATIONS
DASH,"DoorDash, Inc. Class A Common Stock",7389,"SERVICES-BUSINESS SERVICES, NEC"
DATS,,,UNKNOWN
DAVE,Dave Inc. Class A Common Stock,6199,FINANCE SERVICES
DAWN,,,UNKNOWN
DAY,,,UNKNOWN
DBA,Invesco DB Agriculture Fund,6221,COMMODITY CONTRACTS BROKERS & DEALERS
DBB,Invesco DB Base Metals Fund,6221,COMMODITY CONTRACTS BROKERS & DEALERS
DBC,Invesco DB Commodity Index Tracking Fund,6221,COMMODITY CONTRACTS BROKERS & DEALERS
DBCA,D. Boral Acquisition I Corp. Class A Ordinary Shares,6770,BLANK CHECKS
DBD,"Diebold Nixdorf, Incorporated",3578,CALCULATING & ACCOUNTING MACHINES (NO ELECTRONIC COMPUTERS)
DBE,Invesco DB Energy Fund,6221,COMMODITY CONTRACTS BROKERS & DEALERS
DBGI,"Digital Brands Group, Inc. Common Stock",5600,RETAIL-APPAREL & ACCESSORY STORES
DBI,Designer Brands Inc.,5661,RETAIL-SHOE STORES
DBO,Invesco DB Oil Fund,6221,COMMODITY CONTRACTS BROKERS & DEALERS
DBP,Invesco DB Precious Metals Fund,6221,COMMODITY CONTRACTS BROKERS & DEALERS
DBRG,,,UNKNOWN
DBS,,,UNKNOWN
DBTX,,,UNKNOWN
DBV,,,UNKNOWN
DBVT,DBV Technologies S.A. American Depositary Shares,2836,"BIOLOGICAL PRODUCTS, (NO DIAGNOSTIC SUBSTANCES)"
DBX,"Dropbox, Inc. Class A",7372,SERVICES-PREPACKAGED SOFTWARE
DC,Dakota Gold Corp.,1000,METAL MINING
DCBG,"Dime Commercial Bancshares, Inc. 9.000% Junior Subordinated Notes",6021,NATIONAL COMMERCIAL BANKS
DCGO,DocGo Inc. Common Stock,8000,SERVICES-HEALTH SERVICES
DCH,Dauch Corporation,3714,MOTOR VEHICLE PARTS & ACCESSORIES
DCI,"Donaldson Company, Inc.",3564,INDUSTRIAL & COMMERCIAL FANS & BLOWERS & AIR PURIFYING EQUIP
DCO,Ducommun Incorporated,3728,"AIRCRAFT PARTS & AUXILIARY EQUIPMENT, NEC"
DCOM,"Dime Commercial Bancshares, Inc.",6021,NATIONAL COMMERCIAL BANKS
DCOY,Decoy Therapeutics Inc. Common Stock,2834,PHARMACEUTICAL PREPARATIONS
DCPH,,,UNKNOWN
DCPPC,,,UNKNOWN
DCRD,,,UNKNOWN
DCT,,,UNKNOWN
DCTH,Delcath Systems Inc,3841,SURGICAL & MEDICAL INSTRUMENTS & APPARATUS
DD,"DuPont de Nemours, Inc. Common Stock",2821,"PLASTIC MATERIALS, SYNTH RESINS & NONVULCAN ELASTOMERS"
DDD,3D Systems Corporation,7372,SERVICES-PREPACKAGED SOFTWARE
DDOG,"Datadog, Inc. Class A Common Stock",7372,SERVICES-PREPACKAGED SOFTWARE
DDS,Dillards Inc.,5311,RETAIL-DEPARTMENT STORES
DE,Deere & Company,3523,FARM MACHINERY & EQUIPMENT
DEA,"Easterly Government Properties, Inc.",6798,REAL ESTATE INVESTMENT TRUSTS
DEC,Diversified Energy Company,1311,CRUDE PETROLEUM & NATURAL GAS
DECA,,,UNKNOWN
DECK,Deckers Outdoor Corp,3021,RUBBER & PLASTICS FOOTWEAR
DEFI,,,UNKNOWN
DEI,"Douglas Emmett, Inc.",6798,REAL ESTATE INVESTMENT TRUSTS
DELL,Dell Technologies Inc.,3571,ELECTRONIC COMPUTERS
DEN,,,UNKNOWN
DENN,,,UNKNOWN
DERM,Journey Medical Corporation Common Stock,2834,PHARMACEUTICAL PREPARATIONS
DEVS,,,UNKNOWN
DFDV,DeFi Development Corp. Common Stock,6199,FINANCE SERVICES
DFH,"Dream Finders Homes, Inc.",1531,OPERATIVE BUILDERS
DFIN,"Donnelley Financial Solutions, Inc.",7380,SERVICES-MISCELLANEOUS BUSINESS SERVICES
DFLI,Dragonfly Energy Holdings Corp. Common Stock (NV),3690,"MISCELLANEOUS ELECTRICAL MACHINERY, EQUIPMENT & SUPPLIES"
DFNS,T3 Defense Inc. Common Stock,8742,SERVICES-MANAGEMENT CONSULTING SERVICES
DFS,,,UNKNOWN
DFTX,"Definium Therapeutics, Inc. Common Shares",2833,MEDICINAL CHEMICALS & BOTANICAL PRODUCTS
DG,Dollar General Corp.,5331,RETAIL-VARIETY STORES
DGAC.U,"Disciplined Growth Acquisition Corporation Units, each consisting of one Class A Ordinary Share and one Right",6770,BLANK CHECKS
DGICA,Donegal Group Inc,6331,"FIRE, MARINE & CASUALTY INSURANCE"
DGII,Digi International Inc,3576,COMPUTER COMMUNICATIONS EQUIPMENT
DGL,,,UNKNOWN
DGLY,,,UNKNOWN
DGNU,,,UNKNOWN
DGX,Quest Diagnostics Inc.,8071,SERVICES-MEDICAL LABORATORIES
DGXX,Digi Power X Inc. Subordinate Voting Shares,6199,FINANCE SERVICES
DH,Definitive Healthcare Corp. Class A Common Stock,7372,SERVICES-PREPACKAGED SOFTWARE
DHAI,DIH HOLDINGS US INC A,,UNKNOWN
DHBC,,,UNKNOWN
DHC,Diversified Healthcare Trust Common Shares of Beneficial Interest,6798,REAL ESTATE INVESTMENT TRUSTS
DHI,D.R. Horton Inc.,1531,OPERATIVE BUILDERS
DHIL,,,UNKNOWN
DHR,Danaher Corporation,3823,"INDUSTRIAL INSTRUMENTS FOR MEASUREMENT, DISPLAY, AND CONTROL"
DHX,"DHI Group, Inc.",7389,"SERVICES-BUSINESS SERVICES, NEC"
DHY,UBS Asset Management High Yield Credit Fund,,UNKNOWN
DIAX,,,UNKNOWN
DIBS,"1stdibs.com, Inc. Common Stock",5961,RETAIL-CATALOG & MAIL-ORDER HOUSES
DICE,Tema Trading & Prediction Markets ETF,,UNKNOWN
DILA,,,UNKNOWN
DIN,"Dine Brands Global, Inc.",5812,RETAIL-EATING PLACES
DINO,HF Sinclair Corporation,4610,PIPE LINES (NO NATURAL GAS)
DIOD,Diodes Inc,3674,SEMICONDUCTORS & RELATED DEVICES
DIS,The Walt Disney Company,7990,SERVICES-MISCELLANEOUS AMUSEMENT & RECREATION
DISA,,,UNKNOWN
DISH,,,UNKNOWN
DIST,,,UNKNOWN
DIT,AMCON Distributing Co.,5141,"WHOLESALE-GROCERIES, GENERAL LINE"
DJCO,Daily Journal Corp,2711,NEWSPAPERS: PUBLISHING OR PUBLISHING & PRINTING
DJT,Trump Media & Technology Group Corp. Common Stock,7370,"SERVICES-COMPUTER PROGRAMMING, DATA PROCESSING, ETC."
DK,"Delek US Holdings, Inc.",2911,PETROLEUM REFINING
DKL,"DELEK LOGISTICS PARTNERS, LP",4610,PIPE LINES (NO NATURAL GAS)
DKNG,DraftKings Inc. Class A Common Stock,7990,SERVICES-MISCELLANEOUS AMUSEMENT & RECREATION
DKNGW,,,UNKNOWN
DKS,"Dick's Sporting Goods, Inc.",5940,RETAIL-MISCELLANEOUS SHOPPING GOODS STORES
DLA,,,UNKNOWN
DLB,"Dolby Laboratories, Inc.Class A",6794,PATENT OWNERS & LESSORS
DLCA,,,UNKNOWN
DLHC,DLH Holdings Corp.,7363,SERVICES-HELP SUPPLY SERVICES
DLPN,"Dolphin Entertainment, Inc.",7200,SERVICES-PERSONAL SERVICES
DLR,"Digital Realty Trust, Inc.",6798,REAL ESTATE INVESTMENT TRUSTS
DLTH,Duluth Holdings Inc. Class B Common Stock,5600,RETAIL-APPAREL & ACCESSORY STORES
DLTR,Dollar Tree Inc.,5331,RETAIL-VARIETY STORES
DLX,Deluxe Corporation,2780,"BLANKBOOKS, LOOSELEAF BINDERS & BOOKBINDG & RELATD WORK"
DM,,,UNKNOWN
DMA,Destra Multi-Alternative Fund,,UNKNOWN
DMAA,Drugs Made In America Acquisition Corp. Ordinary Shares,6770,BLANK CHECKS
DMAC,DiaMedica Therapeutics Inc. Common Stock,2834,PHARMACEUTICAL PREPARATIONS
DMII,Drugs Made In America Acquisition II Corp. Ordinary Shares,6770,BLANK CHECKS
DMK,,,UNKNOWN
DMLP,Dorchester Minerals LP,1311,CRUDE PETROLEUM & NATURAL GAS
DMN,,,UNKNOWN
DMO,Western Asset Mortgage Opportunity Fund Inc.,,UNKNOWN
DMRA,"Damora Therapeutics, Inc. Ordinary Shares",2834,PHARMACEUTICAL PREPARATIONS
DMRC,Digimarc Corporation Common Stock,7373,SERVICES-COMPUTER INTEGRATED SYSTEMS DESIGN
DMS,,,UNKNOWN
DMTK,,,UNKNOWN
DMYS,,,UNKNOWN
DMYY,,,UNKNOWN
DNA,"Ginkgo Bioworks Holdings, Inc.",2836,"BIOLOGICAL PRODUCTS, (NO DIAGNOSTIC SUBSTANCES)"
DNAB,,,UNKNOWN
DNAD,,,UNKNOWN
DNB,,,UNKNOWN
DNLI,Denali Therapeutics Inc. Common Stock,2836,"BIOLOGICAL PRODUCTS, (NO DIAGNOSTIC SUBSTANCES)"
DNMR,,,UNKNOWN
DNMX,Dynamix Corporation III Class A Ordinary Shares,6770,BLANK CHECKS
DNOW,DNOW Inc.,3533,OIL & GAS FIELD MACHINERY & EQUIPMENT
DNTH,"Dianthus Therapeutics, Inc. Common Stock",2834,PHARMACEUTICAL PREPARATIONS
DNUT,"Krispy Kreme, Inc. Common Stock",5400,RETAIL-FOOD STORES
DNZ,,,UNKNOWN
DO,,,UNKNOWN
DOC,"Healthpeak Properties, Inc.",6798,REAL ESTATE INVESTMENT TRUSTS
DOCN,"DigitalOcean Holdings, Inc.",7370,"SERVICES-COMPUTER PROGRAMMING, DATA PROCESSING, ETC."
DOCS,"Doximity, Inc.",7371,SERVICES-COMPUTER PROGRAMMING SERVICES
DOCU,"DocuSign, Inc. Common Stock",7372,SERVICES-PREPACKAGED SOFTWARE
DOLE,Dole plc,0100,UNKNOWN
DOMA,,,UNKNOWN
DOMH,Dominari Holdings Inc. Common Stock,6211,"SECURITY BROKERS, DEALERS & FLOTATION COMPANIES"
DOMO,,,UNKNOWN
DOOR,,,UNKNOWN
DORM,"Dorman Products, Inc. New",3714,MOTOR VEHICLE PARTS & ACCESSORIES
DOUG,Douglas Elliman Inc.,6531,REAL ESTATE AGENTS & MANAGERS (FOR OTHERS)
DOV,Dover Corporation,3530,"CONSTRUCTION, MINING & MATERIALS HANDLING MACHINERY & EQUIP"
DOW,Dow Inc.,2821,"PLASTIC MATERIALS, SYNTH RESINS & NONVULCAN ELASTOMERS"
DPCS,,,UNKNOWN
DPSI,,,UNKNOWN
DPZ,Domino's Pizza Inc.,5140,WHOLESALE-GROCERIES & RELATED PRODUCTS
DRAY,YieldMax DKNG Option Income Strategy ETF,6770,BLANK CHECKS
DRCT,"Direct Digital Holdings, Inc. Class A Common Stock",7310,SERVICES-ADVERTISING
DRDB,Roman DBDR Acquisition Corp. II Ordinary shares,6770,BLANK CHECKS
DRDBU,Roman DBDR Acquisition Corp. II Unit,6770,BLANK CHECKS
DRE,,,UNKNOWN
DRH,Diamondrock Hospitality Company Common Stock,6798,REAL ESTATE INVESTMENT TRUSTS
DRI,"Darden Restaurants, Inc.",5812,RETAIL-EATING PLACES
DRIO,DarioHealth Corp. Common Stock,3841,SURGICAL & MEDICAL INSTRUMENTS & APPARATUS
DRMA,"Dermata Therapeutics, Inc. Common Stock",2834,PHARMACEUTICAL PREPARATIONS
DRRX,,,UNKNOWN
DRS,"Leonardo DRS, Inc. Common Stock",3812,"SEARCH, DETECTION, NAVIGATION, GUIDANCE, AERONAUTICAL SYS"
DRTT,,,UNKNOWN
DRVN,Driven Brands Holdings Inc. Common Stock,7500,"SERVICES-AUTOMOTIVE REPAIR, SERVICES & PARKING"
DS,,,UNKNOWN
DSAC,Daedalus Special Acquisition Corp. Class A Ordinary Shares,6770,BLANK CHECKS
DSACU,Daedalus Special Acquisition Corp. Unit,6770,BLANK CHECKS
DSAQ,,,UNKNOWN
DSEY,,,UNKNOWN
DSGN,"Design Therapeutics, Inc. Common Stock",2834,PHARMACEUTICAL PREPARATIONS
DSGR,"Distribution Solutions Group, Inc. Common Stock",5080,"WHOLESALE-MACHINERY, EQUIPMENT & SUPPLIES"
DSKE,,,UNKNOWN
DSL,DOUBLELINE INCOME SOLUTIONS FUND,,UNKNOWN
DSP,Viant Technology Inc. Class A Common Stock,7370,"SERVICES-COMPUTER PROGRAMMING, DATA PROCESSING, ETC."
DSS,"DSS, Inc.",2650,PAPERBOARD CONTAINERS & BOXES
DSU,"Blackrock Debt Strategies Fund, Inc.",,UNKNOWN
DT,"Dynatrace, Inc.",7372,SERVICES-PREPACKAGED SOFTWARE
DTB,DTE Energy Company 2020 Series G 4.375% Junior Subordinated Debentures due 2080,4911,ELECTRIC SERVICES
DTC,,,UNKNOWN
DTCX,"Datacentrex, Inc. Common Stock",7374,SERVICES-COMPUTER PROCESSING & DATA PREPARATION
DTEA,,,UNKNOWN
DTI,Drilling Tools International Corporation Common Stock,3533,OIL & GAS FIELD MACHINERY & EQUIPMENT
DTIL,"Precision BioSciences, Inc. Common Stock",2836,"BIOLOGICAL PRODUCTS, (NO DIAGNOSTIC SUBSTANCES)"
DTLAP,BROOKFIELD DTLA 7.625A PR,,UNKNOWN
DTM,"DT Midstream, Inc.",4922,NATURAL GAS TRANSMISSION
DTRT,,,UNKNOWN
DTSQ,DT Cloud Star Acquisition Corporation Ordinary Shares,6770,BLANK CHECKS
DTSS,Datasea Intelligent Technology Ltd. Class A Ordinary Shares,,UNKNOWN
DTST,Data Storage Corporation Common Stock,7374,SERVICES-COMPUTER PROCESSING & DATA PREPARATION
DUET,,,UNKNOWN
DUK,Duke Energy Corporation,4931,ELECTRIC & OTHER SERVICES COMBINED
DUKR,DUKE Robotics Corp. Common Stock,3721,AIRCRAFT
DUOL,"Duolingo, Inc. Class A Common Stock",7372,SERVICES-PREPACKAGED SOFTWARE
DUOT,"Duos Technologies Group, Inc. Common Stock",7372,SERVICES-PREPACKAGED SOFTWARE
DV,"DoubleVerify Holdings, Inc.",7370,"SERVICES-COMPUTER PROGRAMMING, DATA PROCESSING, ETC."
DVA,DaVita Inc.,8090,"SERVICES-MISC HEALTH & ALLIED SERVICES, NEC"
DVAX,,,UNKNOWN
DVLT,Datavault AI Inc. Common Stock,7389,"SERVICES-BUSINESS SERVICES, NEC"
DVN,Devon Energy Corporation,1311,CRUDE PETROLEUM & NATURAL GAS
DWSN,Dawson Geophysical Company New Common Stock,1382,OIL & GAS FIELD EXPLORATION SERVICES
DWTX,"Dogwood Therapeutics, Inc. Common Stock",2834,PHARMACEUTICAL PREPARATIONS
DX,"Dynex Capital, Inc.",6798,REAL ESTATE INVESTMENT TRUSTS
DXC,DXC Technology Company,7374,SERVICES-COMPUTER PROCESSING & DATA PREPARATION
DXCM,"DexCom, Inc.",3841,SURGICAL & MEDICAL INSTRUMENTS & APPARATUS
DXLG,"Destination XL Group, Inc. Common Stock",5651,RETAIL-FAMILY CLOTHING STORES
DXPE,DXP Enterprises Inc,5084,WHOLESALE-INDUSTRIAL MACHINERY & EQUIPMENT
DXR,Daxor Corporation Common Stock,3841,SURGICAL & MEDICAL INSTRUMENTS & APPARATUS
DXYN,DIXIE GROUP INC,,UNKNOWN
DY,"Dycom Industries, Inc.",1623,"WATER, SEWER, PIPELINE, COMM & POWER LINE CONSTRUCTION"
DYAI,"Dyadic International, Inc.",2836,"BIOLOGICAL PRODUCTS, (NO DIAGNOSTIC SUBSTANCES)"
DYCQ,,,UNKNOWN
DYN,"Dyne Therapeutics, Inc. Common Stock",2834,PHARMACEUTICAL PREPARATIONS
DYNT,,,UNKNOWN
DYNX,,,UNKNOWN
DYOR,Insight Digital Partners II Class A Ordinary Shares,6770,BLANK CHECKS
DZSI,,,UNKNOWN
EA,,,UNKNOWN
EAC,,,UNKNOWN
EAD,Allspring Income Opportunities Fund,,UNKNOWN
EAF,GrafTech International Ltd.,3620,ELECTRICAL INDUSTRIAL APPARATUS
EAI,"Entergy Arkansas, LLC First Mortgage Bonds, 4.875% Series due September 1, 2066",4911,ELECTRIC SERVICES
EAR,,,UNKNOWN
EARN,Ellington Credit Company,6798,REAL ESTATE INVESTMENT TRUSTS
EAST,,,UNKNOWN
EAT,"Brinker International, Inc.",5812,RETAIL-EATING PLACES
EB,,,UNKNOWN
EBAC,,,UNKNOWN
EBAY,eBay Inc,7389,"SERVICES-BUSINESS SERVICES, NEC"
EBC,"Eastern Bankshares, Inc. Common Stock",6035,"SAVINGS INSTITUTION, FEDERALLY CHARTERED"
EBET,EBET INC,,UNKNOWN
EBF,"Ennis, Inc.",2761,MANIFOLD BUSINESS FORMS
EBIX,,,UNKNOWN
EBMT,"Eagle Bancorp Montana, Inc",6022,STATE COMMERCIAL BANKS
EBS,"Emergent Biosolutions, Inc.",2834,PHARMACEUTICAL PREPARATIONS
EBTC,,,UNKNOWN
ECBK,"ECB Bancorp, Inc. Common Stock",6036,"SAVINGS INSTITUTIONS, NOT FEDERALLY CHARTERED"
ECC,Eagle Point Credit Company,,UNKNOWN
ECDA,,,UNKNOWN
ECF,Ellsworth Growth and Income Fund Ltd,,UNKNOWN
ECG,"Everus Construction Group, Inc.",1531,OPERATIVE BUILDERS
ECHO,EchoStar Corporation,4899,"COMMUNICATIONS SERVICES, NEC"
ECL,"Ecolab, Inc.",2840,"SOAP, DETERGENTS, CLEANG PREPARATIONS, PERFUMES, COSMETICS"
ECOL,,,UNKNOWN
ECOM,,,UNKNOWN
ECOR,"electroCore, Inc. Common Stock",3845,ELECTROMEDICAL & ELECTROTHERAPEUTIC APPARATUS
ECPG,"Encore Capital Group, Inc.",6153,SHORT-TERM BUSINESS CREDIT INSTITUTIONS
ECT,,,UNKNOWN
ECVT,Ecovyst Inc.,2800,CHEMICALS & ALLIED PRODUCTS
ED,"Consolidated Edison, Inc.",4931,ELECTRIC & OTHER SERVICES COMBINED
EDAP,,,UNKNOWN
EDBL,Edible Garden AG Incorporated Common Stock,0100,UNKNOWN
EDGE,MRBL Enhanced Equity ETF,2834,PHARMACEUTICAL PREPARATIONS
EDIT,"Editas Medicine, Inc. Common Stock",2836,"BIOLOGICAL PRODUCTS, (NO DIAGNOSTIC SUBSTANCES)"
EDNC,,,UNKNOWN
EDR,,,UNKNOWN
EDSA,"Edesa Biotech, Inc. Common Shares",2834,PHARMACEUTICAL PREPARATIONS
EDTX,,,UNKNOWN
EDUC,Educational Development Corp,5190,WHOLESALE-MISCELLANEOUS NONDURABLE GOODS
EE,"Excelerate Energy, Inc.",4924,NATURAL GAS DISTRIBUTION
EEA,"The European Equity Fund, Inc.",,UNKNOWN
EEFT,Euronet Worldwide Inc,6099,"FUNCTIONS RELATED TO DEPOSITORY BANKING, NEC"
EEX,,,UNKNOWN
EFC,Ellington Financial Inc. Common Stock,6500,REAL ESTATE
EFL,,,UNKNOWN
EFOI,"Energy Focus, Inc.",3640,ELECTRIC LIGHTING & WIRING EQUIPMENT
EFOR,"Everforth, Inc.",7363,SERVICES-HELP SUPPLY SERVICES
EFR,Eaton Vance Senior Floating-Rate Fund,,UNKNOWN
EFSC,Enterprise Financial Services Corporation,6022,STATE COMMERCIAL BANKS
EFSH,,,UNKNOWN
EFSI,Eagle Financial Services Inc Common Stock,6022,STATE COMMERCIAL BANKS
EFT,Eaton Vance Floating-Rate Income Trust,,UNKNOWN
EFTR,EFFECTOR THERAPUTCS  INC,,UNKNOWN
EFX,"Equifax, Incorporated",7320,"SERVICES-CONSUMER CREDIT REPORTING, COLLECTION AGENCIES"
EG,"Everest Group, Ltd.",6331,"FIRE, MARINE & CASUALTY INSURANCE"
EGAN,eGain Corporation,7372,SERVICES-PREPACKAGED SOFTWARE
EGBN,Eagle Bancorp Inc,6022,STATE COMMERCIAL BANKS
EGF,,,UNKNOWN
EGHA,EGH Acquisition Corp. Class A Ordinary Shares,6770,BLANK CHECKS
EGHT,"8x8, Inc. Common Stock",7374,SERVICES-COMPUTER PROCESSING & DATA PREPARATION
EGIO,,,UNKNOWN
EGLE,Global X S&P 500 U.S. Revenue Leaders ETF,,UNKNOWN
EGP,EastGroup Properties Inc.,6798,REAL ESTATE INVESTMENT TRUSTS
EGRX,EAGLE PHARMS INC,,UNKNOWN
EGY,"Vaalco Energy, Inc.",1311,CRUDE PETROLEUM & NATURAL GAS
EHAB,,,UNKNOWN
EHC,Encompass Health Corporation Common Stock,8060,SERVICES-HOSPITALS
EHI,"Western Asset Global High Income Fund, Inc",,UNKNOWN
EHTH,"eHealth, Inc.",6411,"INSURANCE AGENTS, BROKERS & SERVICE"
EIC,Eagle Point Income Company,,UNKNOWN
EIG,"Employers Holdings, Inc.",6331,"FIRE, MARINE & CASUALTY INSURANCE"
EIGR,,,UNKNOWN
EIKN,"Eikon Therapeutics, Inc. Common Stock",2836,"BIOLOGICAL PRODUCTS, (NO DIAGNOSTIC SUBSTANCES)"
EIM,Eaton Vance Municipal Bond Fund,,UNKNOWN
EIX,Edison International,4911,ELECTRIC SERVICES
EJFA,,,UNKNOWN
EKSO,,,UNKNOWN
EL,The Estee Lauder Companies Inc. Class A,2844,"PERFUMES, COSMETICS & OTHER TOILET PREPARATIONS"
ELA,Envela Corporation,5944,RETAIL-JEWELRY STORES
ELAB,PMGC Holdings Inc. Common Stock,2834,PHARMACEUTICAL PREPARATIONS
ELAN,Elanco Animal Health Incorporated Common Stock,2834,PHARMACEUTICAL PREPARATIONS
ELC,"Entergy Louisiana, LLC Collateral Trust Mortgage Bonds, 4.875 % Series due September 1, 2066",4911,ELECTRIC SERVICES
ELDN,"Eledon Pharmaceuticals, Inc. Common Stock",2834,PHARMACEUTICAL PREPARATIONS
ELEV,,,UNKNOWN
ELF,"e.l.f. Beauty, Inc.",2844,"PERFUMES, COSMETICS & OTHER TOILET PREPARATIONS"
ELIQ,,,UNKNOWN
ELMD,"Electromed, Inc.",3845,ELECTROMEDICAL & ELECTROTHERAPEUTIC APPARATUS
ELME,Elme Communities,6798,REAL ESTATE INVESTMENT TRUSTS
ELMS,,,UNKNOWN
ELMT,The Elmet Group Co. Common Stock,3490,MISCELLANEOUS FABRICATED METAL PRODUCTS
ELOX,"Eloxx Pharmaceuticals, Inc. Common Stock",2836,"BIOLOGICAL PRODUCTS, (NO DIAGNOSTIC SUBSTANCES)"
ELS,"Equity Lifestyle Properties, Inc.",6798,REAL ESTATE INVESTMENT TRUSTS
ELSE,,,UNKNOWN
ELTX,"Elicio Therapeutics, Inc. Common Stock",2834,PHARMACEUTICAL PREPARATIONS
ELUT,Elutia Inc. Class A Common Stock,2836,"BIOLOGICAL PRODUCTS, (NO DIAGNOSTIC SUBSTANCES)"
ELV,"Elevance Health, Inc.",6324,HOSPITAL & MEDICAL SERVICE PLANS
ELVN,"Enliven Therapeutics, Inc. Common Stock",2834,PHARMACEUTICAL PREPARATIONS
ELVT,,,UNKNOWN
ELWT,"Elauwit Connection, Inc. Common Stock",4899,"COMMUNICATIONS SERVICES, NEC"
ELYS,ELYS BMG GROUP INC,,UNKNOWN
EMAN,,,UNKNOWN
EMAT,Evolution Metals & Technologies Corp. Common Stock,3690,"MISCELLANEOUS ELECTRICAL MACHINERY, EQUIPMENT & SUPPLIES"
EMBC,Embecta Corp. Common Stock,3841,SURGICAL & MEDICAL INSTRUMENTS & APPARATUS
EMBK,,,UNKNOWN
EMCF,,,UNKNOWN
EMCG,,,UNKNOWN
EMD,"Western Asset Emerging Markets Debt Fund, Inc",,UNKNOWN
EME,"EMCOR Group, Inc.",1731,ELECTRICAL WORK
EMIS,Emmis Acquisition Corp. Class A Ordinary Shares,6770,BLANK CHECKS
EMKR,,,UNKNOWN
EML,Eastern Company,3420,"CUTLERY, HANDTOOLS & GENERAL HARDWARE"
EMN,Eastman Chemical Company,2821,"PLASTIC MATERIALS, SYNTH RESINS & NONVULCAN ELASTOMERS"
EMO,ClearBridge Energy Midstream Opportunity Fund Inc.,,UNKNOWN
EMP,"Entergy Mississippi, LLC First Mortgage Bonds, 4.90% Series due October 1, 2066",4911,ELECTRIC SERVICES
EMPD,Empery Digital Inc. Common stock,6199,FINANCE SERVICES
EMR,Emerson Electric Co.,3600,ELECTRONIC & OTHER ELECTRICAL EQUIPMENT (NO COMPUTER EQUIP)
EMSF,Matthews Emerging Markets Sustainable Future Active ETF,6199,FINANCE SERVICES
ENB,"Enbridge, Inc",4610,PIPE LINES (NO NATURAL GAS)
ENDP,,,UNKNOWN
ENER,,,UNKNOWN
ENFN,,,UNKNOWN
ENFY,ENLIGHTIFY INC,,UNKNOWN
ENG,,,UNKNOWN
ENGN,enGene Therapeutics Inc. Common Stock,2836,"BIOLOGICAL PRODUCTS, (NO DIAGNOSTIC SUBSTANCES)"
ENHA,Enhanced Group Inc.,7990,SERVICES-MISCELLANEOUS AMUSEMENT & RECREATION
ENJ,"Entergy New Orleans, LLC First Mortgage Bonds, 5.0% Series due December 1, 2052",4931,ELECTRIC & OTHER SERVICES COMBINED
ENJY,,,UNKNOWN
ENLC,,,UNKNOWN
ENOV,Enovis Corporation,3842,"ORTHOPEDIC, PROSTHETIC & SURGICAL APPLIANCES & SUPPLIES"
ENPC,,,UNKNOWN
ENPH,"Enphase Energy, Inc.",3674,SEMICONDUCTORS & RELATED DEVICES
ENR,"Energizer Holdings, Inc",3690,"MISCELLANEOUS ELECTRICAL MACHINERY, EQUIPMENT & SUPPLIES"
ENS,"EnerSys, Inc.",3690,"MISCELLANEOUS ELECTRICAL MACHINERY, EQUIPMENT & SUPPLIES"
ENSC,"Ensysce Biosciences, Inc. Common Stock",2834,PHARMACEUTICAL PREPARATIONS
ENSG,"The Ensign Group, Inc.",8051,SERVICES-SKILLED NURSING CARE FACILITIES
ENSV,ENSERVCO CORP,,UNKNOWN
ENTA,"Enanta Pharmaceuticals, Inc",2834,PHARMACEUTICAL PREPARATIONS
ENTF,,,UNKNOWN
ENTG,Entegris Inc,3089,"PLASTICS PRODUCTS, NEC"
ENTO,,,UNKNOWN
ENTX,Entera Bio Ltd. Ordinary Shares,2836,"BIOLOGICAL PRODUCTS, (NO DIAGNOSTIC SUBSTANCES)"
ENV,,,UNKNOWN
ENVA,"Enova International, Inc.",6141,PERSONAL CREDIT INSTITUTIONS
ENVB,"Enveric Biosciences, Inc. Common Stock",2834,PHARMACEUTICAL PREPARATIONS
ENVX,Enovix Corporation Common Stock,3690,"MISCELLANEOUS ELECTRICAL MACHINERY, EQUIPMENT & SUPPLIES"
ENX,,,UNKNOWN
ENZ,,,UNKNOWN
EOCW,,,UNKNOWN
EOD,Allspring Global Dividend Opportunity Fund,,UNKNOWN
EOG,"EOG Resources, Inc.",1311,CRUDE PETROLEUM & NATURAL GAS
EOI,Eaton Vance Enhanced Equity Income Fund,,UNKNOWN
EOLS,"Evolus, Inc. Common Stock",2834,PHARMACEUTICAL PREPARATIONS
EONR,EON Resources Inc.,1311,CRUDE PETROLEUM & NATURAL GAS
EOS,Eaton Vance Enhance Equity Income Fund II,,UNKNOWN
EOSE,"Eos Energy Enterprises, Inc. Class A Common Stock",3690,"MISCELLANEOUS ELECTRICAL MACHINERY, EQUIPMENT & SUPPLIES"
EOT,EATON VANCE NATIONAL MUNICIPAL OPPORTUNITIES TRUST,,UNKNOWN
EP,Empire Petroleum Corporation,1311,CRUDE PETROLEUM & NATURAL GAS
EPAC,Enerpac Tool Group Corp.,3590,MISC INDUSTRIAL & COMMERCIAL MACHINERY & EQUIPMENT
EPAM,"EPAM SYSTEMS, INC.",7371,SERVICES-COMPUTER PROGRAMMING SERVICES
EPC,Edgewell Personal Care Company,2844,"PERFUMES, COSMETICS & OTHER TOILET PREPARATIONS"
EPD,Enterprise Products Partners L.P.,4922,NATURAL GAS TRANSMISSION
EPHY,,,UNKNOWN
EPIX,,,UNKNOWN
EPM,Evolution Petroleum Corporation,1311,CRUDE PETROLEUM & NATURAL GAS
EPR,EPR Properties,6798,REAL ESTATE INVESTMENT TRUSTS
EPRT,"Essential Properties Realty Trust, Inc.",6798,REAL ESTATE INVESTMENT TRUSTS
EPSN,Epsilon Energy Ltd.,1311,CRUDE PETROLEUM & NATURAL GAS
EPWR,,,UNKNOWN
EPZM,,,UNKNOWN
EQ,"Equillium, Inc. Common Stock",2834,PHARMACEUTICAL PREPARATIONS
EQBK,"Equity Bancshares, Inc.",6022,STATE COMMERCIAL BANKS
EQC,,,UNKNOWN
EQD,,,UNKNOWN
EQH,"Equitable Holdings, Inc.",6411,"INSURANCE AGENTS, BROKERS & SERVICE"
EQHA,,,UNKNOWN
EQIX,"Equinix, Inc. Common Stock REIT",6798,REAL ESTATE INVESTMENT TRUSTS
EQPT,EquipmentShare.com Inc Class A Common Stock,7359,"SERVICES-EQUIPMENT RENTAL & LEASING, NEC"
EQR,,,UNKNOWN
EQRX,,,UNKNOWN
EQS,"Equus Total Return, Inc.",,UNKNOWN
EQT,EQT CORP,1311,CRUDE PETROLEUM & NATURAL GAS
EQV,,,UNKNOWN
ERAS,"Erasca, Inc. Common Stock",2834,PHARMACEUTICAL PREPARATIONS
ERC,Allspring Multi-Sector Income Fund,,UNKNOWN
ERH,Allspring Utilities and High Income Fund,,UNKNOWN
ERIE,Erie Indemnity Co,6411,"INSURANCE AGENTS, BROKERS & SERVICE"
ERII,"Energy Recovery, Inc.",3559,"SPECIAL INDUSTRY MACHINERY, NEC"
ERNA,Ernexa Therapeutics Inc. Common Stock,2834,PHARMACEUTICAL PREPARATIONS
EROC,"ERock, Inc.",3620,ELECTRICAL INDUSTRIAL APPARATUS
EROK,"EagleRock Land, LLC",6792,OIL ROYALTY TRADERS
ES,Eversource Energy,4911,ELECTRIC SERVICES
ESAB,ESAB Corporation,3569,"GENERAL INDUSTRIAL MACHINERY & EQUIPMENT, NEC"
ESBA,"EMPIRE STATE REALTY OP, L.P.  SERIES ES",6798,REAL ESTATE INVESTMENT TRUSTS
ESCA,Escalade Inc,3949,"SPORTING & ATHLETIC GOODS, NEC"
ESE,"ESCO Technologies, Inc.",3669,"COMMUNICATIONS EQUIPMENT, NEC"
ESGR,,,UNKNOWN
ESHA,,,UNKNOWN
ESI,Element Solutions Inc.,2890,MISCELLANEOUS CHEMICAL PRODUCTS
ESLA,"Estrella Immunopharma, Inc. Common Stock",2836,"BIOLOGICAL PRODUCTS, (NO DIAGNOSTIC SUBSTANCES)"
ESM,,,UNKNOWN
ESMT,,,UNKNOWN
ESNT,Essent Group LTD,6351,SURETY INSURANCE
ESOA,Energy Services of America Corporation Common Stock,1623,"WATER, SEWER, PIPELINE, COMM & POWER LINE CONSTRUCTION"
ESP,Espey Mfg. & Electronics Corp,3679,"ELECTRONIC COMPONENTS, NEC"
ESPR,,,UNKNOWN
ESQ,"Esquire Financial Holdings, Inc. Common Stock",6029,"COMMERCIAL BANKS, NEC"
ESRT,"EMPIRE STATE REALTY TRUST, INC.",6798,REAL ESTATE INVESTMENT TRUSTS
ESS,"Essex Property Trust, Inc",6798,REAL ESTATE INVESTMENT TRUSTS
ESSA,,,UNKNOWN
ESSC,Eventide Small Cap ETF,,UNKNOWN
ESTA,Establishment Labs Holdings Inc.,3842,"ORTHOPEDIC, PROSTHETIC & SURGICAL APPLIANCES & SUPPLIES"
ESTC,Elastic N.V.,7372,SERVICES-PREPACKAGED SOFTWARE
ESTE,,,UNKNOWN
ET,Energy Transfer LP Common Units representing limited partner interests,4922,NATURAL GAS TRANSMISSION
ETAC,,,UNKNOWN
ETB,Eaton Vance Tax-Managed Buy-Write Income Fund,,UNKNOWN
ETD,Ethan Allen Interiors Inc,2511,"WOOD HOUSEHOLD FURNITURE, (NO UPHOLSTERED)"
ETG,Eaton Vance Tax-Advantaged Global Dividend Income Fund,,UNKNOWN
ETH,Grayscale Ethereum Staking Mini ETF Shares,6221,COMMODITY CONTRACTS BROKERS & DEALERS
ETHA,iShares Ethereum Trust ETF,6221,COMMODITY CONTRACTS BROKERS & DEALERS
ETHB,iShares Staked Ethereum Trust ETF Shares of Fractional Undivided Beneficial Interest,6221,COMMODITY CONTRACTS BROKERS & DEALERS
ETHE,Grayscale Ethereum Staking ETF Shares,6221,COMMODITY CONTRACTS BROKERS & DEALERS
ETHM,,,UNKNOWN
ETHV,VanEck Ethereum ETF,6221,COMMODITY CONTRACTS BROKERS & DEALERS
ETHZ,,,UNKNOWN
ETIP,,,UNKNOWN
ETJ,Eaton Vance Risk - Managed Diversified Equity Income Fund,,UNKNOWN
ETN,"Eaton Corporation, plc Ordinary Shares",3590,MISC INDUSTRIAL & COMMERCIAL MACHINERY & EQUIPMENT
ETNB,,,UNKNOWN
ETO,Eaton Vance Tax-Advantaged Global Div Oppor. Fund,,UNKNOWN
ETON,"Eton Pharmaceutcials, Inc. Common Stock",2834,PHARMACEUTICAL PREPARATIONS
ETR,Entergy Corporation,4911,ELECTRIC SERVICES
ETRN,,,UNKNOWN
ETS,Elite Express Holding Inc. Class A Common Stock,4210,TRUCKING & COURIER SERVICES (NO AIR)
ETSS,Energy Transition Special Opportunities,6770,BLANK CHECKS
ETSS.U,"Energy Transition Special Opportunities Units, each consisting of one Class A ordinary share and one-half of one redeemable warrant",6770,BLANK CHECKS
ETSY,"Etsy, Inc.",7389,"SERVICES-BUSINESS SERVICES, NEC"
ETTX,,,UNKNOWN
ETV,Eaton Vance Tax-Managed Buy-Write Opportunities Fund,,UNKNOWN
ETW,Eaton Vance Tax-Managed Global Buy-Write Opportunities Fund,,UNKNOWN
ETWO,,,UNKNOWN
ETX,EATON VANCE MUNICIPAL INCOME 2028 TERM TRUST,,UNKNOWN
ETY,Eaton Vance Tax-Managed Diversified Equity Income Fund,,UNKNOWN
EU,enCore Energy Corp.,1090,MISCELLANEOUS METAL ORES
EUCR,,,UNKNOWN
EUDA,EUDA Health Holdings Limited Ordinary Shares,8000,SERVICES-HEALTH SERVICES
EURK,Eureka Acquisition Corp Class A Ordinary Share,4400,WATER TRANSPORTATION
EVA,,,UNKNOWN
EVAC,EQV Ventures Acquisition Corp. II,6770,BLANK CHECKS
EVBG,,,UNKNOWN
EVBN,,,UNKNOWN
EVC,Entravision Communication,4833,TELEVISION BROADCASTING STATIONS
EVCM,EverCommerce Inc. Common Stock,7372,SERVICES-PREPACKAGED SOFTWARE
EVE,,,UNKNOWN
EVER,"EverQuote, Inc. Class A Common Stock",7370,"SERVICES-COMPUTER PROGRAMMING, DATA PROCESSING, ETC."
EVEX,"Eve Holding, Inc.",3721,AIRCRAFT
EVF,Eaton Vance Senior Income Trust,,UNKNOWN
EVFM,EVOFEM BIOSCIENCE INC,,UNKNOWN
EVG,Eaton Vance Short Duration Diversified Income Fund,,UNKNOWN
EVGO,EVgo Inc. Class A Common Stock,7500,"SERVICES-AUTOMOTIVE REPAIR, SERVICES & PARKING"
EVGR,,,UNKNOWN
EVH,"Evolent Health, Inc Class A Common Stock",8741,SERVICES-MANAGEMENT SERVICES
EVI,"EVI Industries, Inc.",7200,SERVICES-PERSONAL SERVICES
EVK,,,UNKNOWN
EVLO,EVELO BIOSCIENCES INC,,UNKNOWN
EVLV,"Evolv Technologies Holdings, Inc. Class A Common Stock",3577,"COMPUTER PERIPHERAL EQUIPMENT, NEC"
EVM,,,UNKNOWN
EVMN,"Evommune, Inc.",2834,PHARMACEUTICAL PREPARATIONS
EVN,Eaton Vance Municipal Income Trust,,UNKNOWN
EVOJ,,,UNKNOWN
EVOK,,,UNKNOWN
EVOL,SYMBOLIC LOGIC INC,,UNKNOWN
EVOP,,,UNKNOWN
EVOX,Evolution Global Acquisition Corp Class A Ordinary Shares,6770,BLANK CHECKS
EVR,Evercore Inc.,6282,INVESTMENT ADVICE
EVRG,"Evergy, Inc.",4931,ELECTRIC & OTHER SERVICES COMBINED
EVRI,,,UNKNOWN
EVT,Eaton Vance Tax-Advantaged Dividend Income Fund,,UNKNOWN
EVTC,"EVERTEC, INC.",7374,SERVICES-COMPUTER PROCESSING & DATA PREPARATION
EVTV,,,UNKNOWN
EVV,Eaton Vance Limited Duration Income Fund,,UNKNOWN
EW,Edwards Lifesciences Corp,3842,"ORTHOPEDIC, PROSTHETIC & SURGICAL APPLIANCES & SUPPLIES"
EWBC,East-West Bancorp Inc,6022,STATE COMMERCIAL BANKS
EWCZ,,,UNKNOWN
EWTX,"Edgewise Therapeutics, Inc. Common Stock",2834,PHARMACEUTICAL PREPARATIONS
EXAS,,,UNKNOWN
EXC,Exelon Corporation,4931,ELECTRIC & OTHER SERVICES COMBINED
EXD,,,UNKNOWN
EXE,Expand Energy Corporation Common Stock,1311,CRUDE PETROLEUM & NATURAL GAS
EXEL,Exelixis Inc,2836,"BIOLOGICAL PRODUCTS, (NO DIAGNOSTIC SUBSTANCES)"
EXFY,"Expensify, Inc. Class A Common Stock",7372,SERVICES-PREPACKAGED SOFTWARE
EXG,Eaton Vance Tax-Managed Global Diversified Equity Income Fund,,UNKNOWN
EXLS,"ExlService Holdings, Inc.",7389,"SERVICES-BUSINESS SERVICES, NEC"
EXOD,"Exodus Movement, Inc.",6199,FINANCE SERVICES
EXOZ,eXoZymes Inc. Common Stock,2836,"BIOLOGICAL PRODUCTS, (NO DIAGNOSTIC SUBSTANCES)"
EXP,"Eagle Materials, Inc.",3241,"CEMENT, HYDRAULIC"
EXPD,"Expeditors International of Washington, Inc.",4731,ARRANGEMENT OF TRANSPORTATION OF FREIGHT & CARGO
EXPE,"Expedia Group, Inc. Common Stock",4700,TRANSPORTATION SERVICES
EXPI,,,UNKNOWN
EXPO,Exponent Inc,8742,SERVICES-MANAGEMENT CONSULTING SERVICES
EXPR,,,UNKNOWN
EXR,"Extra Space Storage, Inc.",6798,REAL ESTATE INVESTMENT TRUSTS
EXTN,,,UNKNOWN
EXTR,Extreme Networks,3576,COMPUTER COMMUNICATIONS EQUIPMENT
EXYN,"Exyn Technologies, Inc. Common Stock",7372,SERVICES-PREPACKAGED SOFTWARE
EYE,"National Vision Holdings, Inc. Common Stock",3851,OPHTHALMIC GOODS
EYEG,AB Corporate Bond ETF,2834,PHARMACEUTICAL PREPARATIONS
EYEGW,,,UNKNOWN
EYEN,,,UNKNOWN
EYES,Corgi Data & Surveillance ETF,3845,ELECTROMEDICAL & ELECTROTHERAPEUTIC APPARATUS
EYPT,"EyePoint, Inc. Common Stock",3826,LABORATORY ANALYTICAL INSTRUMENTS
EZBC,Franklin Bitcoin ETF,6221,COMMODITY CONTRACTS BROKERS & DEALERS
EZET,Franklin Ethereum ETF,6221,COMMODITY CONTRACTS BROKERS & DEALERS
EZFL,,,UNKNOWN
EZPW,Ezcorp Inc,5900,RETAIL-MISCELLANEOUS RETAIL
EZPZ,Franklin Crypto Index ETF,6221,COMMODITY CONTRACTS BROKERS & DEALERS
EZRA,"Reliance Global Group, Inc. Common Stock",6411,"INSURANCE AGENTS, BROKERS & SERVICE"
F,Ford Motor Company,3711,MOTOR VEHICLES & PASSENGER CAR BODIES
FA,First Advantage Corporation Common Stock,7374,SERVICES-COMPUTER PROCESSING & DATA PREPARATION
FAAS,,,UNKNOWN
FABC,"Fabric.AI, Inc. Common Stock",4899,"COMMUNICATIONS SERVICES, NEC"
FACA,,,UNKNOWN
FACT,FACT II Acquisition Corp. Class A Ordinary Shares,3728,"AIRCRAFT PARTS & AUXILIARY EQUIPMENT, NEC"
FAF,First American Financial Corporation,6361,TITLE INSURANCE
FAM,,,UNKNOWN
FANG,"Diamondback Energy, Inc.",1311,CRUDE PETROLEUM & NATURAL GAS
FARM,,,UNKNOWN
FARO,,,UNKNOWN
FAST,Fastenal Co,5200,"RETAIL-BUILDING MATERIALS, HARDWARE, GARDEN SUPPLY"
FAT,,,UNKNOWN
FATE,"Fate Therapeutics, Inc.",2836,"BIOLOGICAL PRODUCTS, (NO DIAGNOSTIC SUBSTANCES)"
FATH,,,UNKNOWN
FATN,"FatPipe, Inc. Common Stock",7372,SERVICES-PREPACKAGED SOFTWARE
FATP,,,UNKNOWN
FAX,"abrdn Asia-Pacific Income Fund, Inc",,UNKNOWN
FAZE,,,UNKNOWN
FBC,,,UNKNOWN
FBIN,"Fortune Brands Innovations, Inc.",2430,"MILLWOOD, VENEER, PLYWOOD, & STRUCTURAL WOOD MEMBERS"
FBIO,"Fortress Biotech, Inc.",2834,PHARMACEUTICAL PREPARATIONS
FBIZ,"First Business Financial Services, Inc.",6022,STATE COMMERCIAL BANKS
FBK,FB Financial Corporation,6022,STATE COMMERCIAL BANKS
FBLA,"FB Bancorp, Inc. Common Stock",6036,"SAVINGS INSTITUTIONS, NOT FEDERALLY CHARTERED"
FBLG,"FibroBiologics, Inc. Common Stock",2834,PHARMACEUTICAL PREPARATIONS
FBMS,,,UNKNOWN
FBNC,First Bancorp/NC,6022,STATE COMMERCIAL BANKS
FBP,First BanCorp.,6022,STATE COMMERCIAL BANKS
FBRT,"Franklin BSP Realty Trust, Inc.",6798,REAL ESTATE INVESTMENT TRUSTS
FBRX,,,UNKNOWN
FBTC,Fidelity Wise Origin Bitcoin Fund,6221,COMMODITY CONTRACTS BROKERS & DEALERS
FBYD,"Falcon's Beyond Global, Inc. Class A Common Stock",7990,SERVICES-MISCELLANEOUS AMUSEMENT & RECREATION
FC,Franklin Covey Company,8741,SERVICES-MANAGEMENT SERVICES
FCAP,First Capital Inc,6035,"SAVINGS INSTITUTION, FEDERALLY CHARTERED"
FCAX,,,UNKNOWN
FCBC,"First Community Bankshares, Inc. (VA)",6022,STATE COMMERCIAL BANKS
FCBM,"First Carolina Financial Services, Inc.",6022,STATE COMMERCIAL BANKS
FCCO,First Community Corp,6022,STATE COMMERCIAL BANKS
FCCY,,,UNKNOWN
FCEL,FuelCell Energy Inc  NEW (DE),3620,ELECTRICAL INDUSTRIAL APPARATUS
FCF,First Commonwealth Financial Corporation,6021,NATIONAL COMMERCIAL BANKS
FCFS,"FirstCash Holdings, Inc. Common Stock",5900,RETAIL-MISCELLANEOUS RETAIL
FCN,"FTI Consulting, Inc.",8742,SERVICES-MANAGEMENT CONSULTING SERVICES
FCNCA,First Citizens BancShares Inc,6022,STATE COMMERCIAL BANKS
FCPT,"Four Corners Property Trust, Inc.",6798,REAL ESTATE INVESTMENT TRUSTS
FCRD,,,UNKNOWN
FCRS,FutureCrest Acquisition Corp.,6770,BLANK CHECKS
FCT,,,UNKNOWN
FCUV,Focus Universal Inc. Common Stock,3823,"INDUSTRIAL INSTRUMENTS FOR MEASUREMENT, DISPLAY, AND CONTROL"
FCX,Freeport-McMoran Inc.,1000,METAL MINING
FDBC,"Fidelity D & D Bancorp, Inc. Common Stock",6021,NATIONAL COMMERCIAL BANKS
FDEU,,,UNKNOWN
FDMT,"4D Molecular Therapeutics, Inc. Common Stock",2836,"BIOLOGICAL PRODUCTS, (NO DIAGNOSTIC SUBSTANCES)"
FDP,,,UNKNOWN
FDS,Factset Research Systems,7370,"SERVICES-COMPUTER PROGRAMMING, DATA PROCESSING, ETC."
FDSB,"Fifth District Bancorp, Inc. Common Stock",6035,"SAVINGS INSTITUTION, FEDERALLY CHARTERED"
FDUS,Fidus Investment Corp.,,UNKNOWN
FDX,FedEx Corporation,4513,AIR COURIER SERVICES
FDXF,"FedEx Freight Holding Company, Inc.",4513,AIR COURIER SERVICES
FDXFW,,,UNKNOWN
FE,FirstEnergy Corp.,4911,ELECTRIC SERVICES
FEAM,"5E Advanced Materials, Inc. Common Stock",1400,MINING & QUARRYING OF NONMETALLIC MINERALS (NO FUELS)
FEED,ENVUE MEDICAL INC NEW,,UNKNOWN
FEI,,,UNKNOWN
FEIM,"Frequency Electronics, Inc.",3825,INSTRUMENTS FOR MEAS & TESTING OF ELECTRICITY & ELEC SIGNALS
FELE,Franklin Electric Co Inc,3621,MOTORS & GENERATORS
FEMY,Femasys Inc. Common Stock,3841,SURGICAL & MEDICAL INSTRUMENTS & APPARATUS
FEN,,,UNKNOWN
FENC,Fennec Pharmaceuticals Inc. Common Stock,2836,"BIOLOGICAL PRODUCTS, (NO DIAGNOSTIC SUBSTANCES)"
FEO,,,UNKNOWN
FEPI,REX FANG & Innovation Equity Premium Income ETF,6798,REAL ESTATE INVESTMENT TRUSTS
FERA,Fifth Era Acquisition Corp I Class A Ordinary Shares,6770,BLANK CHECKS
FERG,Ferguson Enterprises Inc.,5070,WHOLESALE-HARDWARE & PLUMBING & HEATING EQUIPMENT & SUPPLIES
FET,"Forum Energy Technologies, Inc.",3533,OIL & GAS FIELD MACHINERY & EQUIPMENT
FETH,Fidelity Ethereum Fund,6199,FINANCE SERVICES
FEXD,,,UNKNOWN
FF,Future Fuel Corporation,2860,INDUSTRIAL ORGANIC CHEMICALS
FFA,First Trust Enhanced Equity Income Fund.,,UNKNOWN
FFAI,Faraday Future Intelligent Electric Inc. Common Stock,3711,MOTOR VEHICLES & PASSENGER CAR BODIES
FFBC,First Financial Bancorp,6021,NATIONAL COMMERCIAL BANKS
FFBW,FFBW INC,,UNKNOWN
FFIC,,,UNKNOWN
FFIE,,,UNKNOWN
FFIN,First Financial Bankshares Inc,6022,STATE COMMERCIAL BANKS
FFIV,"F5, Inc. Common Stock",3576,COMPUTER COMMUNICATIONS EQUIPMENT
FFNW,,,UNKNOWN
FFWM,,,UNKNOWN
FG,"F&G Annuities & Life, Inc.",6311,LIFE INSURANCE
FGB,,,UNKNOWN
FGBI,FIRST GUARANTY BANCSHARES INC,6035,"SAVINGS INSTITUTION, FEDERALLY CHARTERED"
FGDL,Franklin Responsibly Sourced Gold ETF,6221,COMMODITY CONTRACTS BROKERS & DEALERS
FGEN,,,UNKNOWN
FGF,,,UNKNOWN
FGH,,,UNKNOWN
FGI,FGI Industries Ltd. Ordinary Shares,3430,"HEATING EQUIP, EXCEPT ELEC & WARM AIR; & PLUMBING FIXTURES"
FGIIU,FG Imperii Acquisition Corp. Units,6770,BLANK CHECKS
FGMC,,,UNKNOWN
FGNX,,,UNKNOWN
FGP,,,UNKNOWN
FHB,"First Hawaiian, Inc. Common Stock",6022,STATE COMMERCIAL BANKS
FHI,"Federated Hermes, Inc.",6282,INVESTMENT ADVICE
FHLT,,,UNKNOWN
FHN,First Horizon Corporation,6021,NATIONAL COMMERCIAL BANKS
FHTX,Foghorn Therapeutics Inc. Common Stock,2834,PHARMACEUTICAL PREPARATIONS
FI,,,UNKNOWN
FIBK,"First Interstate BancSystem, Inc. Common Stock (DE)",6022,STATE COMMERCIAL BANKS
FICO,Fair Isaac Corporation,7389,"SERVICES-BUSINESS SERVICES, NEC"
FICV,,,UNKNOWN
FIEE,"FiEE, Inc Common Stock",3661,TELEPHONE & TELEGRAPH APPARATUS
FIF,,,UNKNOWN
FIG,"Figma, Inc.",7372,SERVICES-PREPACKAGED SOFTWARE
FIGR,"Figure Technology Solutions, Inc. Class A Common Stock",6163,LOAN BROKERS
FIGS,"FIGS, Inc.",2300,APPAREL & OTHER FINISHD PRODS OF FABRICS & SIMILAR MATL
FIGX,FIGX Capital Acquisition Corp. Class A Ordinary Share,6770,BLANK CHECKS
FINM,,,UNKNOWN
FINS,Angel Oak Financial Strategies Income Term Trust,,UNKNOWN
FINW,FinWise Bancorp Common,6022,STATE COMMERCIAL BANKS
FIP,FTAI Infrastructure Inc. Common Stock,4011,"RAILROADS, LINE-HAUL OPERATING"
FIRY,Firy Inc.,7374,SERVICES-COMPUTER PROCESSING & DATA PREPARATION
FIS,"Fidelity National Information Services, Inc.",7389,"SERVICES-BUSINESS SERVICES, NEC"
FISI,Financial Institutions Inc,6021,NATIONAL COMMERCIAL BANKS
FISN,"Deep Fission, Inc. Common Stock",4911,ELECTRIC SERVICES
FISV,"Fiserv, Inc. Common Stock",7389,"SERVICES-BUSINESS SERVICES, NEC"
FITB,Fifth Third Bancorp,6022,STATE COMMERCIAL BANKS
FIVE,"Five Below, Inc. Common Stock",5331,RETAIL-VARIETY STORES
FIVN,"FIVE9, INC.",7374,SERVICES-COMPUTER PROCESSING & DATA PREPARATION
FIX,"Comfort Systems USA, Inc.",1731,ELECTRICAL WORK
FIZZ,National Beverage Corp.,2086,BOTTLED & CANNED SOFT DRINKS & CARBONATED WATERS
FJET,"Starfighters Space, Inc.",4512,"AIR TRANSPORTATION, SCHEDULED"
FKWL,Franklin Wireless Corp. Common Stock,3661,TELEPHONE & TELEGRAPH APPARATUS
FL,,,UNKNOWN
FLAC,,,UNKNOWN
FLD,"Fold Holdings, Inc. Class A Common Stock",6199,FINANCE SERVICES
FLEX,Flex Ltd. Ordinary Shares,3672,PRINTED CIRCUIT BOARDS
FLG,"Flagstar Bank, National Association",6036,"SAVINGS INSTITUTIONS, NOT FEDERALLY CHARTERED"
FLGC,,,UNKNOWN
FLGT,"Fulgent Genetics, Inc. Common Stock",8071,SERVICES-MEDICAL LABORATORIES
FLIC,,,UNKNOWN
FLL,"Full House Resorts, Inc.",7011,HOTELS & MOTELS
FLMN,,,UNKNOWN
FLNA,"Filana Therapeutics, Inc. Common Stock",2834,PHARMACEUTICAL PREPARATIONS
FLNC,"Fluence Energy, Inc. Class A Common Stock",3690,"MISCELLANEOUS ELECTRICAL MACHINERY, EQUIPMENT & SUPPLIES"
FLNT,"Fluent, Inc. Common Stock",7310,SERVICES-ADVERTISING
FLO,"Flowers Foods, Inc.",2000,FOOD AND KINDRED PRODUCTS
FLOC,Flowco Holdings Inc.,3533,OIL & GAS FIELD MACHINERY & EQUIPMENT
FLR,Fluor Corporation,1600,HEAVY CONSTRUCTION OTHER THAN BLDG CONST - CONTRACTORS
FLS,Flowserve Corporation,3561,PUMPS & PUMPING EQUIPMENT
FLUT,Flutter Entertainment plc,7370,"SERVICES-COMPUTER PROGRAMMING, DATA PROCESSING, ETC."
FLUX,"Flux Power Holdings, Inc. Common Stock",3690,"MISCELLANEOUS ELECTRICAL MACHINERY, EQUIPMENT & SUPPLIES"
FLWS,1-800-FLOWERS.COM Inc,5990,"RETAIL-RETAIL STORES, NEC"
FLXS,Flexsteel Industries,2510,HOUSEHOLD FURNITURE
FLY,Firefly Aerospace Inc. Common Stock,3760,GUIDED MISSILES & SPACE VEHICLES & PARTS
FLYA,,,UNKNOWN
FLYE,"Fly-E Group, Inc. Common Stock",3711,MOTOR VEHICLES & PASSENGER CAR BODIES
FLYW,Flywire Corporation Voting Common Stock,7389,"SERVICES-BUSINESS SERVICES, NEC"
FLYX,"flyExclusive, Inc.",4522,"AIR TRANSPORTATION, NONSCHEDULED"
FLYY,,,UNKNOWN
FLZH,FLASH SPORTS & MEDIA HLDG,,UNKNOWN
FMAC,Future Money Acquisition Corporation Ordinary Shares,6770,BLANK CHECKS
FMACU,Future Money Acquisition Corporation Units,6770,BLANK CHECKS
FMAO,"Farmers & Merchants Bancorp, Inc.",6035,"SAVINGS INSTITUTION, FEDERALLY CHARTERED"
FMBH,"First Mid Bancshares, Inc. Common Stock",6022,STATE COMMERCIAL BANKS
FMBI,,,UNKNOWN
FMC,FMC Corporation,2800,CHEMICALS & ALLIED PRODUCTS
FMIV,,,UNKNOWN
FMNB,Farmers National Banc Corp,6022,STATE COMMERCIAL BANKS
FMTX,,,UNKNOWN
FMY,FIRST TRUST MORTGAGE INCOME FUND,,UNKNOWN
FN,Fabrinet,3661,TELEPHONE & TELEGRAPH APPARATUS
FNA,,,UNKNOWN
FNB,F.N.B. Corp,6021,NATIONAL COMMERCIAL BANKS
FNCB,,,UNKNOWN
FNCH,,,UNKNOWN
FND,"Floor & Decor Holdings, Inc.",5211,RETAIL-LUMBER & OTHER BUILDING MATERIALS DEALERS
FNF,"Fidelity National Financial, Inc.",6361,TITLE INSURANCE
FNGR,"FingerMotion, Inc. Common Stock",7372,SERVICES-PREPACKAGED SOFTWARE
FNHC,,,UNKNOWN
FNKO,"Funko, Inc. Class A Common Stock",3944,"GAMES, TOYS & CHILDREN'S VEHICLES (NO DOLLS & BICYCLES)"
FNLC,"First Bancorp, Inc. (ME)",6021,NATIONAL COMMERCIAL BANKS
FNRN,First Northern Community Bancorp Common stock,6035,"SAVINGS INSTITUTION, FEDERALLY CHARTERED"
FNVT,,,UNKNOWN
FNWB,First Northwest Bancorp Common Stock,6036,"SAVINGS INSTITUTIONS, NOT FEDERALLY CHARTERED"
FNWD,Finward Bancorp Common Stock,6035,"SAVINGS INSTITUTION, FEDERALLY CHARTERED"
FOA,Finance of America Companies Inc.,6162,MORTGAGE BANKERS & LOAN CORRESPONDENTS
FOCS,,,UNKNOWN
FOE,,,UNKNOWN
FOF,Cohen & Steers Closed End Opportunity Fund,,UNKNOWN
FOLD,,,UNKNOWN
FONR,,,UNKNOWN
FOR,Forestar Group Inc.,6500,REAL ESTATE
FORA,,,UNKNOWN
FORD,,,UNKNOWN
FORG,,,UNKNOWN
FORL,FOUR LEAF ACQ CORP A,,UNKNOWN
FORM,FormFactor Inc.,3674,SEMICONDUCTORS & RELATED DEVICES
FORR,Forrester Research Inc,8700,"SERVICES-ENGINEERING, ACCOUNTING, RESEARCH, MANAGEMENT"
FOSL,"Fossil Group, Inc.",3873,"WATCHES, CLOCKS, CLOCKWORK OPERATED DEVICES/PARTS"
FOUR,"Shift4 Payments, Inc.",7389,"SERVICES-BUSINESS SERVICES, NEC"
FOX,Fox Corporation Class B Common Stock,4833,TELEVISION BROADCASTING STATIONS
FOXF,Fox Factory Holding Corp. Common Stock,3751,"MOTORCYCLES, BICYCLES & PARTS"
FOXO,FOXO TECHNOLOGIES A,,UNKNOWN
FOXW,,,UNKNOWN
FOXX,Foxx Development Holdings Inc. Common Stock,3576,COMPUTER COMMUNICATIONS EQUIPMENT
FPAC,,,UNKNOWN
FPAY,,,UNKNOWN
FPF,FIRST TRUST INTERMEDIATE DURATION PREFERRED & INCOME FUND,,UNKNOWN
FPH,"Five Point Holdings, LLC Class A Common Shares",6500,REAL ESTATE
FPI,Farmland Partners Inc.,6798,REAL ESTATE INVESTMENT TRUSTS
FPL,,,UNKNOWN
FPS,"Forgent Power Solutions, Inc.",3620,ELECTRICAL INDUSTRIAL APPARATUS
FR,"First Industrial Realty Trust, Inc.",6798,REAL ESTATE INVESTMENT TRUSTS
FRA,"Blackrock Floating Rate Income Strategies Fund, Inc.",,UNKNOWN
FRAF,Franklin Financial Services Corporation Common Stock,6022,STATE COMMERCIAL BANKS
FRBK,,,UNKNOWN
FRBN,,,UNKNOWN
FRBT,"Forbright, Inc. Class A Common Stock",6022,STATE COMMERCIAL BANKS
FRD,Friedman Industries Inc. Common Stock,3310,"STEEL WORKS, BLAST FURNACES & ROLLING & FINISHING MILLS"
FREE,,,UNKNOWN
FRES,,,UNKNOWN
FREY,,,UNKNOWN
FRGE,,,UNKNOWN
FRGI,,,UNKNOWN
FRGT,"Freight Technologies, Inc. Ordinary Shares",4731,ARRANGEMENT OF TRANSPORTATION OF FREIGHT & CARGO
FRHC,Freedom Holding Corp.,6211,"SECURITY BROKERS, DEALERS & FLOTATION COMPANIES"
FRLA,,,UNKNOWN
FRME,First Merchants Corp,6021,NATIONAL COMMERCIAL BANKS
FRMI,Fermi Inc. Common Stock,6798,REAL ESTATE INVESTMENT TRUSTS
FRMM,"Forum Markets, Incorporated Common Stock",6199,FINANCE SERVICES
FROG,JFrog Ltd. Ordinary Shares,7372,SERVICES-PREPACKAGED SOFTWARE
FRON,,,UNKNOWN
FRPH,"FRP Holdings, Inc.",6500,REAL ESTATE
FRPT,"Freshpet, Inc.",2040,GRAIN MILL PRODUCTS
FRSG,,,UNKNOWN
FRSH,Freshworks Inc. Class A Common Stock,7372,SERVICES-PREPACKAGED SOFTWARE
FRST,Primis Financial Corp. Common Stock,6022,STATE COMMERCIAL BANKS
FRT,Federal Realty Investment Trust,6798,REAL ESTATE INVESTMENT TRUSTS
FRTA,,,UNKNOWN
FRTX,,,UNKNOWN
FRVO,Fervo Energy Company Class A common stock,4911,ELECTRIC SERVICES
FRW,,,UNKNOWN
FRXB,,,UNKNOWN
FRZA,,,UNKNOWN
FSBC,Five Star Bancorp Common Stock,6022,STATE COMMERCIAL BANKS
FSBW,"FS Bancorp, Inc. Common Stock",6036,"SAVINGS INSTITUTIONS, NOT FEDERALLY CHARTERED"
FSCO,FS Credit Opportunities Corp.,,UNKNOWN
FSD,,,UNKNOWN
FSEA,,,UNKNOWN
FSFG,,,UNKNOWN
FSHP,Flag Ship Acquisition Corp. Ordinary Shares,6770,BLANK CHECKS
FSI,"Flexible Solutions International, Inc.",2890,MISCELLANEOUS CHEMICAL PRODUCTS
FSK,FS KKR Capital Corp. Common Stock,,UNKNOWN
FSLR,"First Solar, Inc.",3674,SEMICONDUCTORS & RELATED DEVICES
FSLY,"Fastly, Inc. Class A Common Stock",7372,SERVICES-PREPACKAGED SOFTWARE
FSNB,,,UNKNOWN
FSOL,Fidelity Solana Fund,6221,COMMODITY CONTRACTS BROKERS & DEALERS
FSP,Franklin Street Properties Corp,6798,REAL ESTATE INVESTMENT TRUSTS
FSR,,,UNKNOWN
FSRD,,,UNKNOWN
FSRX,,,UNKNOWN
FSS,Federal Signal Corp.,3711,MOTOR VEHICLES & PASSENGER CAR BODIES
FSSI,,,UNKNOWN
FSSL,FS Specialty Lending Fund,,UNKNOWN
FST,,,UNKNOWN
FSTR,Foster (Lb) Co,5051,WHOLESALE-METALS SERVICE CENTERS & OFFICES
FSTX,,,UNKNOWN
FSUN,FirstSun Capital Bancorp Common Stock,6021,NATIONAL COMMERCIAL BANKS
FTAA,,,UNKNOWN
FTAI,FTAI Aviation Ltd. Common Stock,7350,SERVICES-MISCELLANEOUS EQUIPMENT RENTAL & LEASING
FTCI,"FTC Solar, Inc. Common Stock",3674,SEMICONDUCTORS & RELATED DEVICES
FTCV,,,UNKNOWN
FTDR,"Frontdoor, Inc. Common Stock",7340,SERVICES-TO DWELLINGS & OTHER BUILDINGS
FTEK,"Fuel Tech, Inc.",3564,INDUSTRIAL & COMMERCIAL FANS & BLOWERS & AIR PURIFYING EQUIP
FTEV,,,UNKNOWN
FTFT,Future FinTech Group Inc.,7389,"SERVICES-BUSINESS SERVICES, NEC"
FTH,"Faeth Therapeutics, Inc. Common Stock",2834,PHARMACEUTICAL PREPARATIONS
FTHA,Forefront Tech Holdings Acquisition Corp Class A Ordinary Shares,6770,BLANK CHECKS
FTHAU,Forefront Tech Holdings Acquisition Corp Unit,6770,BLANK CHECKS
FTHM,Fathom Holdings Inc. Common Stock,6531,REAL ESTATE AGENTS & MANAGERS (FOR OTHERS)
FTHY,First Trust High Yield Opportunities 2027 Term Fund,,UNKNOWN
FTI,TechnipFMC plc Ordinary Share,3533,OIL & GAS FIELD MACHINERY & EQUIPMENT
FTII,FUTURETECH II ACQ CRP A,,UNKNOWN
FTK,"Flotek Industries, Inc.",2890,MISCELLANEOUS CHEMICAL PRODUCTS
FTLF,"FitLife Brands, Inc. Common Stock",2833,MEDICINAL CHEMICALS & BOTANICAL PRODUCTS
FTNT,"Fortinet, Inc.",3577,"COMPUTER PERIPHERAL EQUIPMENT, NEC"
FTPA,Franklin Pennsylvania Municipal Income ETF,,UNKNOWN
FTRA.U,"FutureCorp Space Acquisition 1 Units, each consisting of one Class A ordinary share and one-half of one redeemable warrant",6770,BLANK CHECKS
FTRE,Fortrea Holdings Inc. Common Stock,8071,SERVICES-MEDICAL LABORATORIES
FTSI,,,UNKNOWN
FTV,Fortive Corporation,3823,"INDUSTRIAL INSTRUMENTS FOR MEASUREMENT, DISPLAY, AND CONTROL"
FTVI,,,UNKNOWN
FTW,Presidio Production Company,1311,CRUDE PETROLEUM & NATURAL GAS
FUBO,FuboTV Inc.,7812,SERVICES-MOTION PICTURE & VIDEO TAPE PRODUCTION
FUL,H.B. Fuller Company,2891,ADHESIVES & SEALANTS
FULC,"Fulcrum Therapeutics, Inc. Common Stock",2834,PHARMACEUTICAL PREPARATIONS
FULT,Fulton Financial Corp,6021,NATIONAL COMMERCIAL BANKS
FUN,Six Flags Entertainment Corporation,7900,SERVICES-AMUSEMENT & RECREATION SERVICES
FUNC,First United Corp,6021,NATIONAL COMMERCIAL BANKS
FUSB,"First US Bancshares, Inc. Common Stock",6022,STATE COMMERCIAL BANKS
FUSE,Fusemachines Inc. Common stock,7373,SERVICES-COMPUTER INTEGRATED SYSTEMS DESIGN
FUSN,,,UNKNOWN
FUV,,,UNKNOWN
FVAM,,,UNKNOWN
FVAV,Fortress Value Acquisition Corp. V Class A Ordinary Shares,6770,BLANK CHECKS
FVCB,"FVCBankcorp, Inc. Common Stock",6022,STATE COMMERCIAL BANKS
FVIV,,,UNKNOWN
FVN,Future Vision II Acquisition Corporation Ordinary shares,7373,SERVICES-COMPUTER INTEGRATED SYSTEMS DESIGN
FVR,"FrontView REIT, Inc.",6798,REAL ESTATE INVESTMENT TRUSTS
FVT,,,UNKNOWN
FWACU,Futurewave Acquisition Corporation Units,6770,BLANK CHECKS
FWDI,"Forward Industries, Inc. Common Stock",6199,FINANCE SERVICES
FWONK,Liberty Media Corporation Series C Common Stock,4833,TELEVISION BROADCASTING STATIONS
FWRD,Forward Air Corp,4731,ARRANGEMENT OF TRANSPORTATION OF FREIGHT & CARGO
FWRG,"First Watch Restaurant Group, Inc. Common Stock",5812,RETAIL-EATING PLACES
FXA,Invesco CurrencyShares Australian Dollar Trust,6221,COMMODITY CONTRACTS BROKERS & DEALERS
FXACU,FortuneX Acquisition Corporation Units,6770,BLANK CHECKS
FXB,Invesco CurrencyShares British Pound Sterling Trust,6221,COMMODITY CONTRACTS BROKERS & DEALERS
FXC,Invesco CurrencyShares Canadian Dollar Trust,6221,COMMODITY CONTRACTS BROKERS & DEALERS
FXCO,,,UNKNOWN
FXE,Invesco CurrencyShares Euro Currency Trust,6221,COMMODITY CONTRACTS BROKERS & DEALERS
FXF,Invesco CurrencyShares Swiss Franc Trust,6221,COMMODITY CONTRACTS BROKERS & DEALERS
FXLV,,,UNKNOWN
FXNC,FIRST NATL CORP STRASBURG VA,6022,STATE COMMERCIAL BANKS
FXY,Invesco CurrencyShares Japanese Yen Trust,6221,COMMODITY CONTRACTS BROKERS & DEALERS
FYBR,,,UNKNOWN
FZT,,,UNKNOWN
G,GENPACT LIMITED,8742,SERVICES-MANAGEMENT CONSULTING SERVICES
GAB,The Gabelli Equity Trust Inc.,,UNKNOWN
GABC,"German American Bancorp, Inc.",6022,STATE COMMERCIAL BANKS
GACQ,,,UNKNOWN
GAIA,"Gaia, Inc. Class A Common Stock",7812,SERVICES-MOTION PICTURE & VIDEO TAPE PRODUCTION
GAIN,Gladstone Investment Corporation,,UNKNOWN
GALT,Galectin Therapeutics Inc.,2834,PHARMACEUTICAL PREPARATIONS
GAME,"GameSquare Holdings, Inc. Common Stock",7900,SERVICES-AMUSEMENT & RECREATION SERVICES
GAN,,,UNKNOWN
GANX,"Gain Therapeutics, Inc. Common Stock",2834,PHARMACEUTICAL PREPARATIONS
GAP,"The Gap, Inc.",5651,RETAIL-FAMILY CLOTHING STORES
GAPA,,,UNKNOWN
GAQ,,,UNKNOWN
GATE,,,UNKNOWN
GATO,,,UNKNOWN
GATX,GATX Corporation,4700,TRANSPORTATION SERVICES
GAVA,Grayscale Avalanche Staking ETF Common Units of Fractional Undivided Beneficial Interest,6221,COMMODITY CONTRACTS BROKERS & DEALERS
GBAB,Guggenheim Taxable Municipal Bond & Investment Grade Debt Trust,,UNKNOWN
GBBK,,,UNKNOWN
GBCI,Glacier Bancorp Inc,6022,STATE COMMERCIAL BANKS
GBDC,"Golub Capital BDC, Inc.",,UNKNOWN
GBFH,GBank Financial Holdings Inc. Common Stock,6022,STATE COMMERCIAL BANKS
GBIL,Goldman Sachs Access Treasury 0-1 Year ETF,,UNKNOWN
GBIO,,,UNKNOWN
GBL,,,UNKNOWN
GBLI,"Global Indemnity Group, LLC Class A Common Stock",6331,"FIRE, MARINE & CASUALTY INSURANCE"
GBNH,,,UNKNOWN
GBNY,,,UNKNOWN
GBR,New Concept Energy Inc,1311,CRUDE PETROLEUM & NATURAL GAS
GBRG,,,UNKNOWN
GBT,,,UNKNOWN
GBTC,Grayscale Bitcoin Trust ETF,6221,COMMODITY CONTRACTS BROKERS & DEALERS
GBTG,,,UNKNOWN
GBX,"The Greenbrier Companies, Inc.",3743,RAILROAD EQUIPMENT
GCBC,Greene County Bancorp Inc,6036,"SAVINGS INSTITUTIONS, NOT FEDERALLY CHARTERED"
GCGR,General Catalyst Global Resilience Merger Corp. Class A Ordinary Shares,6770,BLANK CHECKS
GCGRU,General Catalyst Global Resilience Merger Corp. Units,6770,BLANK CHECKS
GCI,,,UNKNOWN
GCMG,GCM Grosvenor Inc. Class A Common Stock,6282,INVESTMENT ADVICE
GCO,Genesco Inc.,5661,RETAIL-SHOE STORES
GCP,,,UNKNOWN
GCT,GigaCloud Technology Inc Class A Ordinary Shares,5961,RETAIL-CATALOG & MAIL-ORDER HOUSES
GCTK,"GlucoTrack, Inc. Common Stock",3841,SURGICAL & MEDICAL INSTRUMENTS & APPARATUS
GCTS,"GCT Semiconductor Holding, Inc.",3674,SEMICONDUCTORS & RELATED DEVICES
GCV,"The Gabelli Convertible and Income Securities Fund, Inc.",,UNKNOWN
GD,General Dynamics Corporation,3730,SHIP & BOAT BUILDING & REPAIRING
GDC,GD Culture Group Limited Common Stock,5050,WHOLESALE-METALS & MINERALS (NO PETROLEUM)
GDDY,GoDaddy Inc,7373,SERVICES-COMPUTER INTEGRATED SYSTEMS DESIGN
GDEN,,,UNKNOWN
GDL,The GDL Fund,,UNKNOWN
GDLC,Grayscale CoinDesk Crypto 5 ETF,6221,COMMODITY CONTRACTS BROKERS & DEALERS
GDNR,,,UNKNOWN
GDO,Western Asset Global Corporate Opportunity Fund Inc.,,UNKNOWN
GDOG,Grayscale Dogecoin Trust ETF,6221,COMMODITY CONTRACTS BROKERS & DEALERS
GDOT,Green Dot Corporation,6199,FINANCE SERVICES
GDRX,"GoodRx Holdings, Inc. Class A Common Stock",7374,SERVICES-COMPUTER PROCESSING & DATA PREPARATION
GDST,GOLDENSTONE ACQ LTD,,UNKNOWN
GDV,The Gabelli Dividend & Income Trust,,UNKNOWN
GDYN,"Grid Dynamics Holdings, Inc. Class A Common Stock",7372,SERVICES-PREPACKAGED SOFTWARE
GE,GE Aerospace,3600,ELECTRONIC & OTHER ELECTRICAL EQUIPMENT (NO COMPUTER EQUIP)
GEAR,,,UNKNOWN
GECC,Great Elm Capital. Corp. Common Stock,,UNKNOWN
GEEX,,,UNKNOWN
GEF,"Greif, Inc.",3412,"METAL SHIPPING BARRELS, DRUMS, KEGS & PAILS"
GEG,"Great Elm Group, Inc. Common Stock",7372,SERVICES-PREPACKAGED SOFTWARE
GEHC,GE HealthCare Technologies Inc. Common Stock,3844,X-RAY APPARATUS & TUBES & RELATED IRRADIATION APPARATUS
GEL,"Genesis Energy, L.P.",4610,PIPE LINES (NO NATURAL GAS)
GEMI,"Gemini Space Station, Inc. Class A Common Stock",6199,FINANCE SERVICES
GEN,Gen Digital Inc. Common Stock,7372,SERVICES-PREPACKAGED SOFTWARE
GENB,"Generate Biomedicines, Inc. Common Stock",2834,PHARMACEUTICAL PREPARATIONS
GENC,"Gencor Industries, Inc.",3531,CONSTRUCTION MACHINERY & EQUIP
GENK,"GEN Restaurant Group, Inc. Class A Common Stock",5812,RETAIL-EATING PLACES
GENQ,,,UNKNOWN
GEO,"The GEO Group, Inc.",1520,GENERAL BLDG CONTRACTORS - RESIDENTIAL BLDGS
GEOS,Geospace Technologies Corporation Common Stock,3829,"MEASURING & CONTROLLING DEVICES, NEC"
GER,,,UNKNOWN
GERN,Geron Corp,2834,PHARMACEUTICAL PREPARATIONS
GES,,,UNKNOWN
GETR,GETAROUND INC,,UNKNOWN
GETY,GETTY IMAGES HLDGS INC A,,UNKNOWN
GEV,GE Vernova Inc.,3600,ELECTRONIC & OTHER ELECTRICAL EQUIPMENT (NO COMPUTER EQUIP)
GEVO,"Gevo, Inc.",2860,INDUSTRIAL ORGANIC CHEMICALS
GF,NEW GERMANY FUND Inc,,UNKNOWN
GFED,,,UNKNOWN
GFF,Griffon Corp,3442,"METAL DOORS, SASH, FRAMES, MOLDINGS & TRIM"
GFGD,,,UNKNOWN
GFX,,,UNKNOWN
GGAA,,,UNKNOWN
GGE,,,UNKNOWN
GGG,Graco Inc,3561,PUMPS & PUMPING EQUIPMENT
GGGV,,,UNKNOWN
GGMC,,,UNKNOWN
GGPI,,,UNKNOWN
GGRP,,,UNKNOWN
GGT,THE GABELLI MULTIMEDIA TRUST INC.,,UNKNOWN
GGZ,The Gabelli Global Small and Mid Cap Value Trust,,UNKNOWN
GH,"Guardant Health, Inc. Common Stock",8071,SERVICES-MEDICAL LABORATORIES
GHAC,,,UNKNOWN
GHC,GRAHAM HOLDINGS COMPANY,8200,SERVICES-EDUCATIONAL SERVICES
GHI,Greystone Housing Impact Investors LP Beneficial Unit Certificates representing assignments of limited partnership interests,6199,FINANCE SERVICES
GHIX,,,UNKNOWN
GHL,,,UNKNOWN
GHLD,,,UNKNOWN
GHM,Graham Corporation,3560,GENERAL INDUSTRIAL MACHINERY & EQUIPMENT
GHSI,,,UNKNOWN
GHXIU,"Gores Holdings XI, Inc. Units",6770,BLANK CHECKS
GIAC,,,UNKNOWN
GIC,Global Industrial Company,5084,WHOLESALE-INDUSTRIAL MACHINERY & EQUIPMENT
GIFI,,,UNKNOWN
GIFT,"Giftify, Inc. Common Stock",5961,RETAIL-CATALOG & MAIL-ORDER HOUSES
GIG,,,UNKNOWN
GIII,G-Iii Apparel Group Ltd,2300,APPAREL & OTHER FINISHD PRODS OF FABRICS & SIMILAR MATL
GIIX,,,UNKNOWN
GILD,Gilead Sciences Inc,2836,"BIOLOGICAL PRODUCTS, (NO DIAGNOSTIC SUBSTANCES)"
GIPR,Generation Income Properties Inc. Common Stock,6798,REAL ESTATE INVESTMENT TRUSTS
GIS,"General Mills, Inc.",2040,GRAIN MILL PRODUCTS
GITS,"Global Interactive Technologies, Inc. Common Stock",7370,"SERVICES-COMPUTER PROGRAMMING, DATA PROCESSING, ETC."
GIW,GigCapital8 Corp. Class A Ordinary Shares,6770,BLANK CHECKS
GIX,GigCapital9 Corp. Class A Ordinary Share,6770,BLANK CHECKS
GJH,"Synthetic Fixed-Income Sec STRATS 2004-06, 6.375% US Cellular Corp.",6189,ASSET-BACKED SECURITIES
GJO,"Synthetic Fixed-Income Securities, Inc. 4.65% Floating Rate STRATS Certificates, Series 2005-4",6189,ASSET-BACKED SECURITIES
GJP,Synthetic Fixed Income Securities on the behalf of STRATS for Dominion Resources  Series 2005-6,6189,ASSET-BACKED SECURITIES
GKOS,Glaukos Corporation,3841,SURGICAL & MEDICAL INSTRUMENTS & APPARATUS
GL,Globe Life Inc.,6311,LIFE INSURANCE
GLAC,,,UNKNOWN
GLAD,Gladstone Capital Corp,,UNKNOWN
GLAQ,,,UNKNOWN
GLBZ,GLEN BURNIE BANCORP,,UNKNOWN
GLD,"SPDR Gold Trust, SPDR Gold Shares",6221,COMMODITY CONTRACTS BROKERS & DEALERS
GLDD,,,UNKNOWN
GLDM,SPDR Gold MiniShares,6221,COMMODITY CONTRACTS BROKERS & DEALERS
GLED,GalaxyEdge Acquisition Corporation,6770,BLANK CHECKS
GLED.U,"GalaxyEdge Acquisition Corporation Units, each consisting of one Ordinary Share and one Right entitling the holder to receive 1/4th of one ordinary share",6770,BLANK CHECKS
GLHA,,,UNKNOWN
GLIBR,,,UNKNOWN
GLLI,,,UNKNOWN
GLND,Greenland Energy Company Common Stock,1381,DRILLING OIL & GAS WELLS
GLNK,Grayscale Chainlink Trust ETF,6221,COMMODITY CONTRACTS BROKERS & DEALERS
GLO,Clough Global Opportunities Fund,,UNKNOWN
GLOO,"Gloo Holdings, Inc. Class A Common Stock",7374,SERVICES-COMPUTER PROCESSING & DATA PREPARATION
GLP,Global Partners LP,5171,WHOLESALE-PETROLEUM BULK STATIONS & TERMINALS
GLPI,"Gaming and Leisure Properties, Inc.",6798,REAL ESTATE INVESTMENT TRUSTS
GLQ,Clough Global Equity Fund,,UNKNOWN
GLRE,"Greenlight Captial RE, LTD. Class A",6331,"FIRE, MARINE & CASUALTY INSURANCE"
GLS,,,UNKNOWN
GLSI,"Greenwich LifeSciences, Inc.",2834,PHARMACEUTICAL PREPARATIONS
GLST,,,UNKNOWN
GLTO,,,UNKNOWN
GLTR,abrdn Physical Precious Metals Basket Shares ETF,6221,COMMODITY CONTRACTS BROKERS & DEALERS
GLU,The Gabelli Utility & Income Trust,,UNKNOWN
GLUE,"Monte Rosa Therapeutics, Inc. Common Stock",2836,"BIOLOGICAL PRODUCTS, (NO DIAGNOSTIC SUBSTANCES)"
GLV,Clough Global Dividend and Income Fund,,UNKNOWN
GLW,Corning Incorporated,3357,DRAWING & INSULATING OF NONFERROUS WIRE
GLXY,Galaxy Digital Inc. Class A Common Stock,6211,"SECURITY BROKERS, DEALERS & FLOTATION COMPANIES"
GLYC,,,UNKNOWN
GM,General Motors Company,3711,MOTOR VEHICLES & PASSENGER CAR BODIES
GMBL,ESPORTS ENTMNT GRP INC,,UNKNOWN
GMBT,,,UNKNOWN
GMDA,,,UNKNOWN
GME,GameStop Corp. Class A,5734,RETAIL-COMPUTER & COMPUTER SOFTWARE STORES
GMED,GLOBUS MEDICAL INC,3841,SURGICAL & MEDICAL INSTRUMENTS & APPARATUS
GMFI,,,UNKNOWN
GMGI,,,UNKNOWN
GMRE,,,UNKNOWN
GMRS,GMR Solutions Inc.,4700,TRANSPORTATION SERVICES
GMS,,,UNKNOWN
GNAC,,,UNKNOWN
GNCA,,,UNKNOWN
GNE,GENIE ENERGY LTD,4931,ELECTRIC & OTHER SERVICES COMBINED
GNK,GENCO SHIPPING & TRADING LTD,4412,DEEP SEA FOREIGN TRANSPORTATION OF FREIGHT
GNL,"Global Net Lease, Inc.",6798,REAL ESTATE INVESTMENT TRUSTS
GNLN,"Greenlane Holdings, Inc. Class A Common Stock",5099,"WHOLESALE-DURABLE GOODS, NEC"
GNLX,Genelux Corporation Common Stock,2834,PHARMACEUTICAL PREPARATIONS
GNOG,,,UNKNOWN
GNPX,"Genprex, Inc. Common Stock",2834,PHARMACEUTICAL PREPARATIONS
GNRC,GENERAC HOLDINGS INC,3621,MOTORS & GENERATORS
GNRS,,,UNKNOWN
GNSS,Genasys Inc. Common Stock,3651,HOUSEHOLD AUDIO & VIDEO EQUIPMENT
GNT,"GAMCO Natural Resources, Gold & Income Trust",,UNKNOWN
GNTX,Gentex Corp,3714,MOTOR VEHICLE PARTS & ACCESSORIES
GNTY,,,UNKNOWN
GNW,"Genworth Financial, Inc.",6311,LIFE INSURANCE
GO,Grocery Outlet Holding Corp. Common Stock,5411,RETAIL-GROCERY STORES
GOAC,,,UNKNOWN
GOAI,Eva Live Inc. Common Stock,7370,"SERVICES-COMPUTER PROGRAMMING, DATA PROCESSING, ETC."
GOBI,,,UNKNOWN
GOCO,,,UNKNOWN
GODN,,,UNKNOWN
GOEV,,,UNKNOWN
GOF,Guggenheim Strategic Opportunities Fund,,UNKNOWN
GOGN,,,UNKNOWN
GOGO,Gogo Inc.,4899,"COMMUNICATIONS SERVICES, NEC"
GOLD,"Gold.com, Inc.",5094,"WHOLESALE-JEWELRY, WATCHES, PRECIOUS STONES & METALS"
GOLF,Acushnet Holdings Corp.,3949,"SPORTING & ATHLETIC GOODS, NEC"
GOOD,Gladstone Commercial Corporation - REIT,6519,"LESSORS OF REAL PROPERTY, NEC"
GOOG,Alphabet Inc. Class C Capital Stock,7370,"SERVICES-COMPUTER PROGRAMMING, DATA PROCESSING, ETC."
GORO,Goldgroup Mining Inc.,,UNKNOWN
GORV,,,UNKNOWN
GOSS,"Gossamer Bio, Inc. Common Stock",2834,PHARMACEUTICAL PREPARATIONS
GOVX,"GeoVax Labs, Inc. New",2834,PHARMACEUTICAL PREPARATIONS
GPAC,General Purpose Acquisition Corp. Class A Ordinary Shares,6770,BLANK CHECKS
GPACU,General Purpose Acquisition Corp. Units,6770,BLANK CHECKS
GPAK,GAMER PAKISTAN INC,,UNKNOWN
GPAT,GP-Act III Acquisition Corp. Class A Ordinary Share,6770,BLANK CHECKS
GPC,Genuine Parts Company,5013,WHOLESALE-MOTOR VEHICLE SUPPLIES & NEW PARTS
GPCR,Structure Therapeutics Inc. American Depositary Shares,2834,PHARMACEUTICAL PREPARATIONS
GPGI,"GPGI, Inc.",6199,FINANCE SERVICES
GPI,"Group 1 Automotive, Inc.",5500,RETAIL-AUTO DEALERS & GASOLINE STATIONS
GPJA,"Georgia Power Company Series 2017A 5.00 Percent Junior Subordinated Notes due October 1, 2077",4911,ELECTRIC SERVICES
GPK,Graphic Packaging Holding Company,2650,PAPERBOARD CONTAINERS & BOXES
GPMT,Granite Point Mortgage Trust Inc. Common Stock,6798,REAL ESTATE INVESTMENT TRUSTS
GPN,"Global Payments, Inc.",7389,"SERVICES-BUSINESS SERVICES, NEC"
GPOR,Gulfport Energy Corporation,1311,CRUDE PETROLEUM & NATURAL GAS
GPP,,,UNKNOWN
GPRE,"Green Plains, Inc.",2860,INDUSTRIAL ORGANIC CHEMICALS
GPRO,"GoPro, Inc.",3861,PHOTOGRAPHIC EQUIPMENT & SUPPLIES
GPUS,"Hyperscale Data, Inc.",3533,OIL & GAS FIELD MACHINERY & EQUIPMENT
GRAF,,,UNKNOWN
GRAL,"GRAIL, Inc. Common Stock",8071,SERVICES-MEDICAL LABORATORIES
GRBK,"Green Brick Partners, Inc",1531,OPERATIVE BUILDERS
GRC,The Gorman-Rupp Company Common Shares,3561,PUMPS & PUMPING EQUIPMENT
GRCE,"Grace Therapeutics, Inc. Common Stock",2834,PHARMACEUTICAL PREPARATIONS
GRCY,,,UNKNOWN
GRDI,,,UNKNOWN
GRDN,"Guardian Pharmacy Services, Inc.",5912,RETAIL-DRUG STORES AND PROPRIETARY STORES
GRDX,GridAI Technologies Corp. Common Stock,4931,ELECTRIC & OTHER SERVICES COMBINED
GREE,,,UNKNOWN
GRF,"Eagle Capital Growth Fund, Inc.",,UNKNOWN
GRI,"GRI Bio, Inc. Common Stock",2834,PHARMACEUTICAL PREPARATIONS
GRML,Greenland Mines Ltd. Common Stock,2836,"BIOLOGICAL PRODUCTS, (NO DIAGNOSTIC SUBSTANCES)"
GRMN,Garmin Ltd,3812,"SEARCH, DETECTION, NAVIGATION, GUIDANCE, AERONAUTICAL SYS"
GRNA,,,UNKNOWN
GRND,Grindr Inc.,7370,"SERVICES-COMPUTER PROGRAMMING, DATA PROCESSING, ETC."
GRNQ,Greenpro Capital Corp. Common Stock,8742,SERVICES-MANAGEMENT CONSULTING SERVICES
GRNT,"Granite Ridge Resources, Inc.",1311,CRUDE PETROLEUM & NATURAL GAS
GROM,GROM SOCIAL ENTERPRS  INC,,UNKNOWN
GROV,"Grove Collaborative Holdings, Inc.",5961,RETAIL-CATALOG & MAIL-ORDER HOUSES
GROW,US Global Investors Inc,6282,INVESTMENT ADVICE
GRPN,"Groupon, Inc.Common Stock",7311,SERVICES-ADVERTISING AGENCIES
GRTS,,,UNKNOWN
GRTX,,,UNKNOWN
GRWG,GROW GENERATION CORP,5200,"RETAIL-BUILDING MATERIALS, HARDWARE, GARDEN SUPPLY"
GRX,The Gabelli Healthcare & Wellness Trust,,UNKNOWN
GRYP,,,UNKNOWN
GS,Goldman Sachs Group Inc.,6211,"SECURITY BROKERS, DEALERS & FLOTATION COMPANIES"
GSAQ,,,UNKNOWN
GSAT,"Globalstar, Inc. Common Stock",4899,"COMMUNICATIONS SERVICES, NEC"
GSBC,Great Southern Bancorp Inc,6022,STATE COMMERCIAL BANKS
GSBD,"Goldman Sachs BDC, Inc.",,UNKNOWN
GSD,,,UNKNOWN
GSEV,,,UNKNOWN
GSG,iShares S&P  GSCI Commodity-Indexed Trust,6221,COMMODITY CONTRACTS BROKERS & DEALERS
GSHD,"Goosehead Insurance, Inc. Class A Common Stock",6411,"INSURANCE AGENTS, BROKERS & SERVICE"
GSHR,Gesher Acquisition Corp. II Class A Ordinary Shares,6770,BLANK CHECKS
GSIT,GSI Technology,3674,SEMICONDUCTORS & RELATED DEVICES
GSKY,,,UNKNOWN
GSOL,Grayscale Solana Staking ETF Shares,6221,COMMODITY CONTRACTS BROKERS & DEALERS
GSQB,,,UNKNOWN
GSQD,,,UNKNOWN
GSRF,GSR IV Acquisition Corp. Class A ordinary share,6770,BLANK CHECKS
GSRT,,,UNKNOWN
GSRVU,GSR V Acquisition Corp. Units,6770,BLANK CHECKS
GT,Goodyear Tire & Rubber,3011,TIRES & INNER TUBES
GTAC,,,UNKNOWN
GTBP,GT Biopharma Inc. Common Stock,2834,PHARMACEUTICAL PREPARATIONS
GTE,Gran Tierra Energy Inc.,1311,CRUDE PETROLEUM & NATURAL GAS
GTEC,Greenland Technologies Holding Corporation Class A Ordinary Shares,3560,GENERAL INDUSTRIAL MACHINERY & EQUIPMENT
GTEN,"Gores Holdings X, Inc. Class A ordinary shares",6770,BLANK CHECKS
GTERA,Globa Terra Acquisition Corporation Class A Ordinary Shares,6770,BLANK CHECKS
GTES,Gates Industrial Corporation Ltd.,3560,GENERAL INDUSTRIAL MACHINERY & EQUIPMENT
GTHX,,,UNKNOWN
GTI,,,UNKNOWN
GTIM,Good Times Restaurants Inc.,5812,RETAIL-EATING PLACES
GTLB,GitLab Inc. Class A Common Stock,7372,SERVICES-PREPACKAGED SOFTWARE
GTLS,,,UNKNOWN
GTM,ZoomInfo Technologies Inc Common Stock,7372,SERVICES-PREPACKAGED SOFTWARE
GTN,"Gray Media, Inc.",4833,TELEVISION BROADCASTING STATIONS
GTPA,,,UNKNOWN
GTPB,,,UNKNOWN
GTS,,,UNKNOWN
GTX,Garrett Motion Inc. Common Stock,3714,MOTOR VEHICLE PARTS & ACCESSORIES
GTY,Getty Realty Corp.,6500,REAL ESTATE
GTYH,,,UNKNOWN
GUACU,Berto Acquisition Corp. II Unit,6770,BLANK CHECKS
GUG,Guggenheim Active Allocation Fund,,UNKNOWN
GURE,"Gulf Resources, Inc. (NV) Common Stock",2800,CHEMICALS & ALLIED PRODUCTS
GUT,GABELLI UTILITY TRUST,,UNKNOWN
GUTS,"Fractyl Health, Inc. Common Stock",3841,SURGICAL & MEDICAL INSTRUMENTS & APPARATUS
GVA,Granite Construction Inc.,1600,HEAVY CONSTRUCTION OTHER THAN BLDG CONST - CONTRACTORS
GVCI,,,UNKNOWN
GVP,,,UNKNOWN
GWAV,"Greenwave Technology Solutions, Inc. Common Stock",5051,WHOLESALE-METALS SERVICE CENTERS & OFFICES
GWB,,,UNKNOWN
GWGH,,,UNKNOWN
GWH,"ESS Tech, Inc.",3690,"MISCELLANEOUS ELECTRICAL MACHINERY, EQUIPMENT & SUPPLIES"
GWII,,,UNKNOWN
GWRE,"GUIDEWIRE SOFTWARE, INC.",7372,SERVICES-PREPACKAGED SOFTWARE
GWRS,"Global Water Resources, Inc.",4941,WATER SUPPLY
GWW,"W.W. Grainger, Inc.",5000,WHOLESALE-DURABLE GOODS
GXAI,Gaxos.ai Inc. Common Stock,7372,SERVICES-PREPACKAGED SOFTWARE
GXII,,,UNKNOWN
GXO,"GXO Logistics, Inc.",4700,TRANSPORTATION SERVICES
GXRP,Grayscale XRP Trust ETF,6221,COMMODITY CONTRACTS BROKERS & DEALERS
GYRE,"Gyre Therapeutics, Inc. Common Stock",2834,PHARMACEUTICAL PREPARATIONS
GYRO,"Gyrodyne, LLC Common Stock",6512,OPERATORS OF NONRESIDENTIAL BUILDINGS
H,Hyatt Hotels Corporation,7011,HOTELS & MOTELS
HA,,,UNKNOWN
HAAC,,,UNKNOWN
HACQ,HCM IV Acquisition Corp. Class A Ordinary Share,6770,BLANK CHECKS
HACQU,HCM IV Acquisition Corp. Unit,6770,BLANK CHECKS
HAE,Haemonetics Corporation,3841,SURGICAL & MEDICAL INSTRUMENTS & APPARATUS
HAFC,Hanmi Financial Corp,6021,NATIONAL COMMERCIAL BANKS
HAIA,,,UNKNOWN
HAIN,Hain Celestial Group Inc,2000,FOOD AND KINDRED PRODUCTS
HAL,Halliburton Company,1389,"OIL & GAS FIELD SERVICES, NEC"
HALL,,,UNKNOWN
HALO,"Halozyme Therapeutics, Inc.",2836,"BIOLOGICAL PRODUCTS, (NO DIAGNOSTIC SUBSTANCES)"
HAPN,"Happen, Inc. Common Stock",6141,PERSONAL CREDIT INSTITUTIONS
HARP,,,UNKNOWN
HAS,"Hasbro, Inc.",3944,"GAMES, TOYS & CHILDREN'S VEHICLES (NO DOLLS & BICYCLES)"
HASI,"HA Sustainable Infrastructure Capital, Inc.",6799,"INVESTORS, NEC"
HAVA,Harvard Ave Acquisition Corporation Class A Ordinary Share,6770,BLANK CHECKS
HAWK,"HawkEye 360, Inc.",7374,SERVICES-COMPUTER PROCESSING & DATA PREPARATION
HAYN,,,UNKNOWN
HAYW,"Hayward Holdings, Inc.",3580,REFRIGERATION & SERVICE INDUSTRY MACHINERY
HBAN,Huntington Bancshares Inc,6021,NATIONAL COMMERCIAL BANKS
HBB,Hamilton Beach Brands Holding Company Class A Common Stock,3634,ELECTRIC HOUSEWARES & FANS
HBCP,"Home Bancorp, Inc.",6036,"SAVINGS INSTITUTIONS, NOT FEDERALLY CHARTERED"
HBI,,,UNKNOWN
HBIO,Harvard Bioscience Inc,3826,LABORATORY ANALYTICAL INSTRUMENTS
HBNC,"Horizon Bancorp, Inc. Common Stock",6022,STATE COMMERCIAL BANKS
HBP,,,UNKNOWN
HBT,"HBT Financial, Inc. Common Stock",6022,STATE COMMERCIAL BANKS
HCA,"HCA Healthcare, Inc.",8062,"SERVICES-GENERAL MEDICAL & SURGICAL HOSPITALS, NEC"
HCAC,Hall Chadwick Acquisition Corp Class A Ordinary Shares,3341,SECONDARY SMELTING & REFINING OF NONFERROUS METALS
HCACU,Hall Chadwick Acquisition Corp. Unit,3341,SECONDARY SMELTING & REFINING OF NONFERROUS METALS
HCAR,,,UNKNOWN
HCAT,"Health Catalyst, Inc Common Stock",7370,"SERVICES-COMPUTER PROGRAMMING, DATA PROCESSING, ETC."
HCC,"Warrior Met Coal, Inc.",1220,BITUMINOUS COAL & LIGNITE MINING
HCCC,,,UNKNOWN
HCCI,,,UNKNOWN
HCDI,,,UNKNOWN
HCI,"HCI Group, Inc.",6331,"FIRE, MARINE & CASUALTY INSURANCE"
HCIC,Hennessy Capital Investment Corp. VIII Class A Ordinary Shares,6770,BLANK CHECKS
HCICU,Hennessy Capital Investment Corp. VIII Units,6770,BLANK CHECKS
HCII,,,UNKNOWN
HCKT,Hackett Group Inc (The).,8742,SERVICES-MANAGEMENT CONSULTING SERVICES
HCMA,HCM III Acquisition Corp. Class A Ordinary Share,6770,BLANK CHECKS
HCNE,,,UNKNOWN
HCOM,,,UNKNOWN
HCP,,,UNKNOWN
HCSG,Healthcare Services Group,8050,SERVICES-NURSING & PERSONAL CARE FACILITIES
HCTI,"Healthcare Triangle, Inc. Common Stock",7373,SERVICES-COMPUTER INTEGRATED SYSTEMS DESIGN
HCVI,,,UNKNOWN
HCWB,HCW Biologics Inc. Common Stock,2834,PHARMACEUTICAL PREPARATIONS
HCWC,,,UNKNOWN
HCXY,"Hercules Capital, Inc. 6.25% Notes due 2033",,UNKNOWN
HD,"Home Depot, Inc.",5211,RETAIL-LUMBER & OTHER BUILDING MATERIALS DEALERS
HDRN,"Hadron Energy, Inc. Common Stock",4911,ELECTRIC SERVICES
HDSN,Hudson Technologies Inc,5080,"WHOLESALE-MACHINERY, EQUIPMENT & SUPPLIES"
HE,"Hawaiian Electric Industries, Inc.",4911,ELECTRIC SERVICES
HEAR,,,UNKNOWN
HEES,,,UNKNOWN
HEI,HEICO Corporation,3724,AIRCRAFT ENGINES & ENGINE PARTS
HELE,Helen Of Troy Ltd,3634,ELECTRIC HOUSEWARES & FANS
HEP,,,UNKNOWN
HEPA,HEPION PHARMS INC,,UNKNOWN
HERA,,,UNKNOWN
HERZ,"Herzfeld Credit Income Fund, Inc. Common Stock",,UNKNOWN
HES,,,UNKNOWN
HESM,Hess Midstream LP Class A Share representing a limited partner Interest,1311,CRUDE PETROLEUM & NATURAL GAS
HFBL,"Home Federal Bancorp, Inc. of Louisiana",6035,"SAVINGS INSTITUTION, FEDERALLY CHARTERED"
HFC,,,UNKNOWN
HFFG,HF Foods Group Inc. Common Stock,5140,WHOLESALE-GROCERIES & RELATED PRODUCTS
HFRO,Highland Opportunities and Income Fund,,UNKNOWN
HFWA,Heritage Financial Corp,6036,"SAVINGS INSTITUTIONS, NOT FEDERALLY CHARTERED"
HG,"Hamilton Insurance Group, Ltd. Class B Common Shares",6331,"FIRE, MARINE & CASUALTY INSURANCE"
HGAS,GLOBAL GAS CORPORATION A,,UNKNOWN
HGBL,HERITAGE GLOBAL INC,7389,"SERVICES-BUSINESS SERVICES, NEC"
HGEN,,,UNKNOWN
HGLB,Highland Global Allocation Fund,,UNKNOWN
HGTY,"Hagerty, Inc.",6411,"INSURANCE AGENTS, BROKERS & SERVICE"
HGV,Hilton Grand Vacations Inc. Common Stock,7000,"HOTELS, ROOMING HOUSES, CAMPS & OTHER LODGING PLACES"
HHC,,,UNKNOWN
HHGC,,,UNKNOWN
HHH,Howard Hughes Holdings Inc.,6798,REAL ESTATE INVESTMENT TRUSTS
HHLA,,,UNKNOWN
HHS,"Harte-Hanks, Inc. Common Stock",7331,SERVICES-DIRECT MAIL ADVERTISING SERVICES
HI,,,UNKNOWN
HIBB,,,UNKNOWN
HIG,"The Hartford Insurance Group, Inc.",6331,"FIRE, MARINE & CASUALTY INSURANCE"
HIGA,,,UNKNOWN
HII,"Huntington Ingalls Industries, Inc.",3730,SHIP & BOAT BUILDING & REPAIRING
HIII,,,UNKNOWN
HIL,,,UNKNOWN
HIMS,"Hims & Hers Health, Inc.",8011,SERVICES-OFFICES & CLINICS OF DOCTORS OF MEDICINE
HIND,"Vyome Holdings, Inc. Common Stock",2834,PHARMACEUTICAL PREPARATIONS
HIO,"Western Asset High Income Opportunity Fund, Inc.",,UNKNOWN
HIPO,Hippo Holdings Inc.,6331,"FIRE, MARINE & CASUALTY INSURANCE"
HIT,"Health In Tech, Inc. Class A Common Stock",6411,"INSURANCE AGENTS, BROKERS & SERVICE"
HIVE,HIVE Digital Technologies Ltd. Common Shares,6199,FINANCE SERVICES
HIW,Highwoods Properties Inc.,6798,REAL ESTATE INVESTMENT TRUSTS
HIX,"Western Asset High Income Fund II, Inc.",,UNKNOWN
HL,Hecla Mining Company,1400,MINING & QUARRYING OF NONMETALLIC MINERALS (NO FUELS)
HLAH,,,UNKNOWN
HLF,Herbalife Ltd.,5122,"WHOLESALE-DRUGS, PROPRIETARIES & DRUGGISTS' SUNDRIES"
HLGN,,,UNKNOWN
HLI,"Houlihan Lokey, Inc.",6282,INVESTMENT ADVICE
HLIO,"Helios Technologies, Inc.",3490,MISCELLANEOUS FABRICATED METAL PRODUCTS
HLIT,Harmonic Inc,3663,RADIO & TV BROADCASTING & COMMUNICATIONS EQUIPMENT
HLLY,Holley Inc.,3714,MOTOR VEHICLE PARTS & ACCESSORIES
HLMN,Hillman Solutions Corp. Common Stock,3420,"CUTLERY, HANDTOOLS & GENERAL HARDWARE"
HLNE,Hamilton Lane Incorporated Class A Common Stock,6282,INVESTMENT ADVICE
HLT,Hilton Worldwide Holdings Inc.,7011,HOTELS & MOTELS
HLTH,Tema Healthcare AI ETF,3826,LABORATORY ANALYTICAL INSTRUMENTS
HLVX,,,UNKNOWN
HLX,,,UNKNOWN
HLXB,,,UNKNOWN
HLXC,Helix Acquisition Corp. III Class A Ordinary Shares,6770,BLANK CHECKS
HMA,,,UNKNOWN
HMAC,,,UNKNOWN
HMCO,,,UNKNOWN
HMG,,,UNKNOWN
HMH,HMH Holding Inc. Class A Common Stock,3533,OIL & GAS FIELD MACHINERY & EQUIPMENT
HMHC,,,UNKNOWN
HMN,Horace Mann Educators Corporation,6331,"FIRE, MARINE & CASUALTY INSURANCE"
HMNF,,,UNKNOWN
HMPT,,,UNKNOWN
HMST,,,UNKNOWN
HMTV,,,UNKNOWN
HNGE,"Hinge Health, Inc.",7374,SERVICES-COMPUTER PROCESSING & DATA PREPARATION
HNGR,,,UNKNOWN
HNI,HNI Corporation,2522,OFFICE FURNITURE (NO WOOD)
HNNA,"Hennessy Advisors, Inc.",6282,INVESTMENT ADVICE
HNRG,Hallador Energy Company,4911,ELECTRIC SERVICES
HNST,"The Honest Company, Inc. Common Stock",5961,RETAIL-CATALOG & MAIL-ORDER HOUSES
HNVR,"Hanover Bancorp, Inc. Common Stock",6022,STATE COMMERCIAL BANKS
HNW,,,UNKNOWN
HODL,VanEck Bitcoin ETF,6221,COMMODITY CONTRACTS BROKERS & DEALERS
HOFT,Hooker Furnishings Corporation Common Stock,2510,HOUSEHOLD FURNITURE
HOFV,,,UNKNOWN
HOG,"Harley-Davidson, Inc.",3751,"MOTORCYCLES, BICYCLES & PARTS"
HOLO,MicroCloud Hologram Inc. Ordinary Shares,7370,"SERVICES-COMPUTER PROGRAMMING, DATA PROCESSING, ETC."
HOLX,,,UNKNOWN
HOMB,"Home BancShares, Inc.",6022,STATE COMMERCIAL BANKS
HON,"Honeywell International, Inc.",3724,AIRCRAFT ENGINES & ENGINE PARTS
HONAV,,,UNKNOWN
HOND,,,UNKNOWN
HONE,,,UNKNOWN
HOOD,"Robinhood Markets, Inc. Class A Common Stock",6211,"SECURITY BROKERS, DEALERS & FLOTATION COMPANIES"
HOOK,,,UNKNOWN
HOPE,"Hope Bancorp, Inc.",6021,NATIONAL COMMERCIAL BANKS
HORI,,,UNKNOWN
HOTH,,,UNKNOWN
HOUR,"Hour Loop, Inc. Common Stock",5961,RETAIL-CATALOG & MAIL-ORDER HOUSES
HOUS,,,UNKNOWN
HOV,"Hovnanian Enterprises, Inc. Class A",1531,OPERATIVE BUILDERS
HOVR,New Horizon Aircraft Ltd. Class A Ordinary Share,3721,AIRCRAFT
HOWL,"Werewolf Therapeutics, Inc. Common Stock",2834,PHARMACEUTICAL PREPARATIONS
HP,"Helmerich & Payne, Inc.",1381,DRILLING OIL & GAS WELLS
HPCO,HEMPACCO CO INC,,UNKNOWN
HPE,Hewlett Packard Enterprise Company,3570,COMPUTER & OFFICE EQUIPMENT
HPK,"HighPeak Energy, Inc. Common Stock",1381,DRILLING OIL & GAS WELLS
HPLT,,,UNKNOWN
HPP,"Hudson Pacific Properties, Inc.",6500,REAL ESTATE
HPQ,HP Inc.,3570,COMPUTER & OFFICE EQUIPMENT
HPX,,,UNKNOWN
HQH,abrdn Healthcare Investors,,UNKNOWN
HQI,"HireQuest, Inc. Common Stock (DE)",7363,SERVICES-HELP SUPPLY SERVICES
HQL,abrdn Life Sciences Investors,,UNKNOWN
HQY,"HealthEquity, Inc",7389,"SERVICES-BUSINESS SERVICES, NEC"
HR,Healthcare Realty Trust Incorporated,6798,REAL ESTATE INVESTMENT TRUSTS
HRB,"H&R Block, Inc.",7200,SERVICES-PERSONAL SERVICES
HRI,Herc Holdings Inc.,7350,SERVICES-MISCELLANEOUS EQUIPMENT RENTAL & LEASING
HRL,Hormel Foods Corporation,2011,MEAT PACKING PLANTS
HRMY,"Harmony Biosciences Holdings, Inc. Common Stock",2834,PHARMACEUTICAL PREPARATIONS
HROW,"Harrow, Inc. Common Stock",2834,PHARMACEUTICAL PREPARATIONS
HRT,,,UNKNOWN
HRTG,HERITAGE INSURANCE HOLDINGS INC,6331,"FIRE, MARINE & CASUALTY INSURANCE"
HRTX,"Heron Therapeutics, Inc.",2834,PHARMACEUTICAL PREPARATIONS
HRZN,Horizon Technology Finance Corporation,,UNKNOWN
HSCS,HeartSciences Inc. Common Stock,6199,FINANCE SERVICES
HSDT,Solana Company Class A Common Stock (DE),6199,FINANCE SERVICES
HSIC,Henry Schein Inc,5047,"WHOLESALE-MEDICAL, DENTAL & HOSPITAL EQUIPMENT & SUPPLIES"
HSII,,,UNKNOWN
HSKA,,,UNKNOWN
HSON,,,UNKNOWN
HSPO,,,UNKNOWN
HSPT,,,UNKNOWN
HSPTU,,,UNKNOWN
HST,"Host Hotels & Resorts, Inc.",6798,REAL ESTATE INVESTMENT TRUSTS
HSTM,HealthStream Inc,7370,"SERVICES-COMPUTER PROGRAMMING, DATA PROCESSING, ETC."
HSTO,,,UNKNOWN
HSY,The Hershey Company,2060,SUGAR & CONFECTIONERY PRODUCTS
HT,,,UNKNOWN
HTAQ,,,UNKNOWN
HTB,"HomeTrust Bancshares, Inc.",6035,"SAVINGS INSTITUTION, FEDERALLY CHARTERED"
HTBI,,,UNKNOWN
HTBK,,,UNKNOWN
HTCR,"Heartcore Enterprises, Inc. Common Stock",7374,SERVICES-COMPUTER PROCESSING & DATA PREPARATION
HTFL,"Heartflow, Inc. Common Stock",3841,SURGICAL & MEDICAL INSTRUMENTS & APPARATUS
HTGM,,,UNKNOWN
HTH,HILLTOP HOLDINGS INC.,6022,STATE COMMERCIAL BANKS
HTIA,,,UNKNOWN
HTLD,Heartland Express Inc,4213,TRUCKING (NO LOCAL)
HTLF,,,UNKNOWN
HTO,H2O America Common Stock,4941,WATER SUPPLY
HTPA,,,UNKNOWN
HTZ,"Hertz Global Holdings, Inc Common Stock",7510,SERVICES-AUTO RENTAL & LEASING (NO DRIVERS)
HUBB,Hubbell Incorporated,3670,ELECTRONIC COMPONENTS & ACCESSORIES
HUBG,HUB Group Inc,4731,ARRANGEMENT OF TRANSPORTATION OF FREIGHT & CARGO
HUBS,"HUBSPOT, INC.",7372,SERVICES-PREPACKAGED SOFTWARE
HUDA,,,UNKNOWN
HUGS,,,UNKNOWN
HUM,Humana Inc.,6324,HOSPITAL & MEDICAL SERVICE PLANS
HUMA,"Humacyte, Inc. Common Stock",2836,"BIOLOGICAL PRODUCTS, (NO DIAGNOSTIC SUBSTANCES)"
HUN,Huntsman Corporation,2800,CHEMICALS & ALLIED PRODUCTS
HURA,"TuHURA Biosciences, Inc. Common Stock",2834,PHARMACEUTICAL PREPARATIONS
HURC,Hurco Cos Inc,3823,"INDUSTRIAL INSTRUMENTS FOR MEASUREMENT, DISPLAY, AND CONTROL"
HURN,Huron Consulting Group Inc.,8742,SERVICES-MANAGEMENT CONSULTING SERVICES
HUSA,,,UNKNOWN
HUT,Hut 8 Corp. Common Stock,6199,FINANCE SERVICES
HVBC,,,UNKNOWN
HVII,,,UNKNOWN
HVMC,Highview Merger Corp. Class A Ordinary Share,6770,BLANK CHECKS
HVT,"Haverty Furniture Companies, Inc.",5712,RETAIL-FURNITURE STORES
HWBK,Hawthorn Bancshars Inc.,6021,NATIONAL COMMERCIAL BANKS
HWC,Hancock Whitney Corporation Common Stock,6022,STATE COMMERCIAL BANKS
HWEL,,,UNKNOWN
HWH,,,UNKNOWN
HWKN,Hawkins Inc,5160,WHOLESALE-CHEMICALS & ALLIED PRODUCTS
HWKZ,,,UNKNOWN
HWM,Howmet Aerospace Inc.,3350,ROLLING DRAWING & EXTRUDING OF NONFERROUS METALS
HXL,Hexcel Corporation,2821,"PLASTIC MATERIALS, SYNTH RESINS & NONVULCAN ELASTOMERS"
HY,"Hyster-Yale, Inc.",3537,"INDUSTRIAL TRUCKS, TRACTORS, TRAILERS & STACKERS"
HYAC,,,UNKNOWN
HYB,,,UNKNOWN
HYFM,"Hydrofarm Holdings Group, Inc. Common Stock",5190,WHOLESALE-MISCELLANEOUS NONDURABLE GOODS
HYI,Western Asset High Yield Opportunity Fund Inc.,,UNKNOWN
HYLN,Hyliion Holdings Corp.,3713,TRUCK & BUS BODIES
HYMC,Hycroft Mining Holding Corporation Class A Common Stock,1040,GOLD AND SILVER ORES
HYNE,"Hoyne Bancorp, Inc. Common Stock",6036,"SAVINGS INSTITUTIONS, NOT FEDERALLY CHARTERED"
HYPD,"Hyperion DeFi, Inc. Common Stock",2834,PHARMACEUTICAL PREPARATIONS
HYPR,"Hyperfine, Inc. Class A Common Stock",3845,ELECTROMEDICAL & ELECTROTHERAPEUTIC APPARATUS
HYRE,,,UNKNOWN
HYT,BLACKROCK CORPORATE HIGH YIELD FUND INC.,,UNKNOWN
HYZN,,,UNKNOWN
HZN,,,UNKNOWN
HZNP,,,UNKNOWN
HZO,"MarineMax, Inc.",5531,RETAIL-AUTO & HOME SUPPLY STORES
HZON,,,UNKNOWN
I,,,UNKNOWN
IAA,,,UNKNOWN
IAC,,,UNKNOWN
IACC,,,UNKNOWN
IACO,Idea Acquisition Corp. Class A Ordinary Shares,6770,BLANK CHECKS
IACOU,Idea Acquisition Corp. Units,6770,BLANK CHECKS
IACQ,Irenic Acquisition Corp. Class A Ordinary Shares,6770,BLANK CHECKS
IACQU,Irenic Acquisition Corp. Unit,6770,BLANK CHECKS
IART,Integra LifeSciences Holdings,3841,SURGICAL & MEDICAL INSTRUMENTS & APPARATUS
IAS,,,UNKNOWN
IAU,iShares Gold Trust,6221,COMMODITY CONTRACTS BROKERS & DEALERS
IAUM,iShares Gold Trust Micro,6221,COMMODITY CONTRACTS BROKERS & DEALERS
IAUX,i-80 Gold Corp.,1040,GOLD AND SILVER ORES
IBAC,IB Acquisition Corp. Common Stock,8731,SERVICES-COMMERCIAL PHYSICAL & BIOLOGICAL RESEARCH
IBCP,Independent Bank Corp.,6022,STATE COMMERCIAL BANKS
IBER,,,UNKNOWN
IBEX,IBEX Limited Common Shares,7374,SERVICES-COMPUTER PROCESSING & DATA PREPARATION
IBIO,"iBio, Inc. Common Stock",2834,PHARMACEUTICAL PREPARATIONS
IBIT,iShares Bitcoin Trust ETF,6221,COMMODITY CONTRACTS BROKERS & DEALERS
IBKR,"Interactive Brokers Group, Inc. Class A Common Stock",6211,"SECURITY BROKERS, DEALERS & FLOTATION COMPANIES"
IBM,International Business Machines Corporation,3570,COMPUTER & OFFICE EQUIPMENT
IBO,"Impact BioMedical, Inc.",2834,PHARMACEUTICAL PREPARATIONS
IBOC,International Bancshares Corp,6022,STATE COMMERCIAL BANKS
IBP,"INSTALLED BUILDING PRODUCTS, INC.",1520,GENERAL BLDG CONTRACTORS - RESIDENTIAL BLDGS
IBRX,"ImmunityBio, Inc. Common Stock",2836,"BIOLOGICAL PRODUCTS, (NO DIAGNOSTIC SUBSTANCES)"
IBTA,"Ibotta, Inc.",7310,SERVICES-ADVERTISING
IBTX,,,UNKNOWN
ICAD,,,UNKNOWN
ICCC,Immucell Corp,2835,IN VITRO & IN VIVO DIAGNOSTIC SUBSTANCES
ICCH,,,UNKNOWN
ICCT,,,UNKNOWN
ICD,,,UNKNOWN
ICE,Intercontinental Exchange  Inc.,6200,"SECURITY & COMMODITY BROKERS, DEALERS, EXCHANGES & SERVICES"
ICFI,"ICF International, Inc.",8742,SERVICES-MANAGEMENT CONSULTING SERVICES
ICHR,Ichor Holdings,3674,SEMICONDUCTORS & RELATED DEVICES
ICMB,"Investcorp Credit Management BDC, Inc. Common Stock",,UNKNOWN
ICNC,,,UNKNOWN
ICPT,,,UNKNOWN
ICRPA,,,UNKNOWN
ICU,SeaStar Medical Holding Corporation Common Stock,3841,SURGICAL & MEDICAL INSTRUMENTS & APPARATUS
ICUI,ICU Medical Inc,3841,SURGICAL & MEDICAL INSTRUMENTS & APPARATUS
ICVX,,,UNKNOWN
ID,,,UNKNOWN
IDA,"IDACORP, Inc.",4911,ELECTRIC SERVICES
IDACU,Iron Dome Acquisition I Corp. Units,6770,BLANK CHECKS
IDAI,T Stamp Inc. Class A Common Stock,7372,SERVICES-PREPACKAGED SOFTWARE
IDCC,"InterDigital, Inc.",6794,PATENT OWNERS & LESSORS
IDEX,,,UNKNOWN
IDIV,,,UNKNOWN
IDN,"Intellicheck, Inc. Common Stock",7372,SERVICES-PREPACKAGED SOFTWARE
IDR,"Idaho Strategic Resources, Inc.",1040,GOLD AND SILVER ORES
IDT,IDT Corporation Class B,4813,TELEPHONE COMMUNICATIONS (NO RADIOTELEPHONE)
IDW,,,UNKNOWN
IDXG,INTERPACE BIOSCIENCES NEW,,UNKNOWN
IDXX,Idexx Laboratories Inc,2835,IN VITRO & IN VIVO DIAGNOSTIC SUBSTANCES
IDYA,"IDEAYA Biosciences, Inc. Common Stock",2834,PHARMACEUTICAL PREPARATIONS
IE,Ivanhoe Electric Inc.,1000,METAL MINING
IEA,,,UNKNOWN
IEAG,Infinite Eagle Acquisition Corp. Class A Ordinary Shares,6770,BLANK CHECKS
IEAGU,Infinite Eagle Acquisition Corp. Unit,6770,BLANK CHECKS
IEP,Icahn Enterprises L.P,2911,PETROLEUM REFINING
IESC,"IES Holdings, Inc. Common Stock",1731,ELECTRICAL WORK
IEX,IDEX Corporation,3561,PUMPS & PUMPING EQUIPMENT
IFF,International Flavors & Fragrances Inc.,2860,INDUSTRIAL ORGANIC CHEMICALS
IFMK,IFRESH INC.,,UNKNOWN
IFN,"Aberdeen India Fund, Inc.",,UNKNOWN
IGAC,Invest Green Acquisition Corporation Class A Ordinary Shares,6770,BLANK CHECKS
IGC,"IGC Pharma, Inc.",2834,PHARMACEUTICAL PREPARATIONS
IGI,Western Asset Investment Grade Defined Opportunity Trust Inc.,,UNKNOWN
IGMS,,,UNKNOWN
IGR,CBRE Global Real Estate Income Fund,,UNKNOWN
IGTA,INCEPTION GROWTH ACQ LTD,,UNKNOWN
IHC,,,UNKNOWN
IHRT,"iHeartMedia, Inc. Class A Common Stock",4832,RADIO BROADCASTING STATIONS
IHT,InnSuites Hospitality Trust,6798,REAL ESTATE INVESTMENT TRUSTS
III,"Information Services Group, Inc.",8742,SERVICES-MANAGEMENT CONSULTING SERVICES
IIII,,,UNKNOWN
IIIN,"Insteel Industries, Inc.",3310,"STEEL WORKS, BLAST FURNACES & ROLLING & FINISHING MILLS"
IIIV,"i3 Verticals, Inc. Class A Common Stock",7372,SERVICES-PREPACKAGED SOFTWARE
IIN,,,UNKNOWN
IIPR,"Innovative Industrial Properties, Inc. Common stock",6500,REAL ESTATE
IKNA,,,UNKNOWN
IKT,"Inhibikase Therapeutics, Inc. Common Stock",2836,"BIOLOGICAL PRODUCTS, (NO DIAGNOSTIC SUBSTANCES)"
ILLR,Triller Group Inc. Common Stock,6282,INVESTMENT ADVICE
ILLU,Illumination Acquisition Corp I Class A Ordinary Shares,6770,BLANK CHECKS
ILLUU,Illumination Acquisition Corp I Units,6770,BLANK CHECKS
ILMN,Illumina Inc,3826,LABORATORY ANALYTICAL INSTRUMENTS
ILPT,Industrial Logistics Properties Trust Common Shares of Beneficial Interest,6798,REAL ESTATE INVESTMENT TRUSTS
IMA,"ImageneBio, Inc. Common Stock",2836,"BIOLOGICAL PRODUCTS, (NO DIAGNOSTIC SUBSTANCES)"
IMAQ,INTL MEDIA ACQ CORP A,,UNKNOWN
IMAX,Imax Corp,3861,PHOTOGRAPHIC EQUIPMENT & SUPPLIES
IMBI,,,UNKNOWN
IMCR,Immunocore Holdings plc American Depositary Shares,2836,"BIOLOGICAL PRODUCTS, (NO DIAGNOSTIC SUBSTANCES)"
IMDX,Insight Molecular Diagnostics Inc. Common Stock,2835,IN VITRO & IN VIVO DIAGNOSTIC SUBSTANCES
IMG,,,UNKNOWN
IMGN,,,UNKNOWN
IMGO,,,UNKNOWN
IMH,,,UNKNOWN
IMKTA,Ingles Markets Inc,5411,RETAIL-GROCERY STORES
IMMR,Immersion Corp,3577,"COMPUTER PERIPHERAL EQUIPMENT, NEC"
IMMX,"Immix Biopharma, Inc. Common Stock",2834,PHARMACEUTICAL PREPARATIONS
IMNM,"Immunome, Inc.",2834,PHARMACEUTICAL PREPARATIONS
IMNN,"Imunon, Inc. Common Stock",2834,PHARMACEUTICAL PREPARATIONS
IMO,Imperial Oil Limited,2911,PETROLEUM REFINING
IMPL,,,UNKNOWN
IMPX,,,UNKNOWN
IMRX,Immuneering Corporation Class A Common Stock,2834,PHARMACEUTICAL PREPARATIONS
IMSR,Terrestrial Energy Inc. Common Stock,3443,FABRICATED PLATE WORK (BOILER SHOPS)
IMUX,"Immunic, Inc. Common Stock",2834,PHARMACEUTICAL PREPARATIONS
IMVT,"Immunovant, Inc. Common Stock",2836,"BIOLOGICAL PRODUCTS, (NO DIAGNOSTIC SUBSTANCES)"
IMXI,"International Money Express, Inc.",7389,"SERVICES-BUSINESS SERVICES, NEC"
INAB,"IN8bio, Inc. Common Stock",2836,"BIOLOGICAL PRODUCTS, (NO DIAGNOSTIC SUBSTANCES)"
INAC,Indigo Acquisition Corp. Ordinary Shares,6770,BLANK CHECKS
INBK,First Internet Bancorp,6022,STATE COMMERCIAL BANKS
INBS,Intelligent Bio Solutions Inc. Common Stock,3841,SURGICAL & MEDICAL INSTRUMENTS & APPARATUS
INBX,"Inhibrx Biosciences, Inc. Common Stock",2836,"BIOLOGICAL PRODUCTS, (NO DIAGNOSTIC SUBSTANCES)"
INBXV,,,UNKNOWN
INCY,Incyte Genomics Inc,8731,SERVICES-COMMERCIAL PHYSICAL & BIOLOGICAL RESEARCH
INDB,Independent Bank Corp/MA,6022,STATE COMMERCIAL BANKS
INDI,"indie Semiconductor, Inc. Class A Common Stock",3674,SEMICONDUCTORS & RELATED DEVICES
INDP,"Indaptus Therapeutics, Inc. Common Stock",2834,PHARMACEUTICAL PREPARATIONS
INDT,,,UNKNOWN
INDV,"Indivior Pharmaceuticals, Inc. Common Stock",2834,PHARMACEUTICAL PREPARATIONS
INFA,,,UNKNOWN
INFI,,,UNKNOWN
INFN,,,UNKNOWN
INFQ,"Infleqtion, Inc.",7374,SERVICES-COMPUTER PROCESSING & DATA PREPARATION
INFU,"InfuSystem Holdings, Inc.",3841,SURGICAL & MEDICAL INSTRUMENTS & APPARATUS
INGM,Ingram Micro Holding Corporation,5045,WHOLESALE-COMPUTERS & PERIPHERAL EQUIPMENT & SOFTWARE
INGN,Inogen Inc,3842,"ORTHOPEDIC, PROSTHETIC & SURGICAL APPLIANCES & SUPPLIES"
INGR,Ingredion Incorporated,2040,GRAIN MILL PRODUCTS
INHD,Inno Holdings Inc. Common Stock,5990,"RETAIL-RETAIL STORES, NEC"
INKT,"MiNK Therapeutics, Inc. Common Stock",2836,"BIOLOGICAL PRODUCTS, (NO DIAGNOSTIC SUBSTANCES)"
INLX,"Intellinetics, Inc.",7372,SERVICES-PREPACKAGED SOFTWARE
INM,InMed Pharmaceuticals Inc. Common Shares,2834,PHARMACEUTICAL PREPARATIONS
INMB,INmune Bio Inc. Common stock,2836,"BIOLOGICAL PRODUCTS, (NO DIAGNOSTIC SUBSTANCES)"
INN,"Summit Hotel Properties, Inc.",6798,REAL ESTATE INVESTMENT TRUSTS
INNO,,,UNKNOWN
INNV,InnovAge Holding Corp. Common Stock,8000,SERVICES-HEALTH SERVICES
INO,"Inovio Pharmaceuticals, Inc.",2834,PHARMACEUTICAL PREPARATIONS
INOD,Innodata Inc.,7374,SERVICES-COMPUTER PROCESSING & DATA PREPARATION
INR,"Infinity Natural Resources, Inc.",1311,CRUDE PETROLEUM & NATURAL GAS
INSE,"Inspired Entertainment, Inc.",7372,SERVICES-PREPACKAGED SOFTWARE
INSG,Inseego Corp. Common Stock,3669,"COMMUNICATIONS EQUIPMENT, NEC"
INSI,,,UNKNOWN
INSM,"Insmed, Inc.",2834,PHARMACEUTICAL PREPARATIONS
INSP,"Inspire Medical Systems, Inc.",3841,SURGICAL & MEDICAL INSTRUMENTS & APPARATUS
INST,,,UNKNOWN
INSW,"International Seaways, Inc. Common Stock",4400,WATER TRANSPORTATION
INTA,"Intapp, Inc. Common Stock",7372,SERVICES-PREPACKAGED SOFTWARE
INTC,Intel Corp,3674,SEMICONDUCTORS & RELATED DEVICES
INTE,INTEGRAL ACQ CP 1 CL A,,UNKNOWN
INTG,Intergroup Corporation (The),6513,OPERATORS OF APARTMENT BUILDINGS
INTS,"Intensity Therapeutics, Inc. Common stock",2836,"BIOLOGICAL PRODUCTS, (NO DIAGNOSTIC SUBSTANCES)"
INTT,inTEST Corporation,3825,INSTRUMENTS FOR MEAS & TESTING OF ELECTRICITY & ELEC SIGNALS
INTU,Intuit Inc,7372,SERVICES-PREPACKAGED SOFTWARE
INTZ,Intrusion Inc New,3576,COMPUTER COMMUNICATIONS EQUIPMENT
INUV,"Inuvo, Inc.",7310,SERVICES-ADVERTISING
INV,"Innventure, Inc. Common Stock",6770,BLANK CHECKS
INVA,"Innoviva, Inc. Common Stock",2834,PHARMACEUTICAL PREPARATIONS
INVE,"INVE Technologies, Inc. Common Stock",3577,"COMPUTER PERIPHERAL EQUIPMENT, NEC"
INVH,Invitation Homes Inc. Common Stock,6510,REAL ESTATE OPERATORS (NO DEVELOPERS) & LESSORS
INVX,"Innovex International, Inc.",3533,OIL & GAS FIELD MACHINERY & EQUIPMENT
INZY,,,UNKNOWN
IO,,,UNKNOWN
IOBT,,,UNKNOWN
IONM,ASSURE HLDGS CORP,,UNKNOWN
IONQ,"IonQ, Inc.",7373,SERVICES-COMPUTER INTEGRATED SYSTEMS DESIGN
IONS,"Ionis Pharmaceuticals, Inc. Common Stock",2834,PHARMACEUTICAL PREPARATIONS
IOR,"Income Opportunity Realty Investors, Inc.",6798,REAL ESTATE INVESTMENT TRUSTS
IOSP,Innospec Inc.,2800,CHEMICALS & ALLIED PRODUCTS
IOT,Samsara Inc.,7373,SERVICES-COMPUTER INTEGRATED SYSTEMS DESIGN
IOVA,"Iovance Biotherapeutics, Inc. Common Stock",2836,"BIOLOGICAL PRODUCTS, (NO DIAGNOSTIC SUBSTANCES)"
IP,International Paper Co.,2621,PAPER MILLS
IPAR,"Interparfums, Inc. Common Stock",2844,"PERFUMES, COSMETICS & OTHER TOILET PREPARATIONS"
IPB,Merrill Lynch Depositor Inc. 6.0518% Index Plus Trust Certificates Series 2003-1,6189,ASSET-BACKED SECURITIES
IPCX,,,UNKNOWN
IPDN,"Professional Diversity Network, Inc.",7370,"SERVICES-COMPUTER PROGRAMMING, DATA PROCESSING, ETC."
IPEX,,,UNKNOWN
IPFX,Inflection Point Acquisition Corp. VI Class A Ordinary Shares,6770,BLANK CHECKS
IPFXU,Inflection Point Acquisition Corp. VI Units,6770,BLANK CHECKS
IPG,,,UNKNOWN
IPGP,IPG Photonics Corporation,3674,SEMICONDUCTORS & RELATED DEVICES
IPI,"Intrepid Potash, Inc",1400,MINING & QUARRYING OF NONMETALLIC MINERALS (NO FUELS)
IPLDP,,,UNKNOWN
IPM,Intelligent Protection Management Corp. Common Stock,7370,"SERVICES-COMPUTER PROGRAMMING, DATA PROCESSING, ETC."
IPOD,,,UNKNOWN
IPOF,,,UNKNOWN
IPSC,"Century Therapeutics, Inc. Common Stock",2836,"BIOLOGICAL PRODUCTS, (NO DIAGNOSTIC SUBSTANCES)"
IPST,"IP Strategy Holdings, Inc. Common Stock",2080,BEVERAGES
IPVF,,,UNKNOWN
IPVI,,,UNKNOWN
IPVVU,"InterPrivate Investment Partners V, Inc. Units",6770,BLANK CHECKS
IPW,"iPower, Inc. Common Stock",5200,"RETAIL-BUILDING MATERIALS, HARDWARE, GARDEN SUPPLY"
IPWR,Ideal Power Inc.,3674,SEMICONDUCTORS & RELATED DEVICES
IPXX,,,UNKNOWN
IQMD,,,UNKNOWN
IQST,IQSTEL INC. Common Stock,4813,TELEPHONE COMMUNICATIONS (NO RADIOTELEPHONE)
IQV,IQVIA Holdings Inc.,8731,SERVICES-COMMERCIAL PHYSICAL & BIOLOGICAL RESEARCH
IR,Ingersoll Rand Inc. Common Stock,3560,GENERAL INDUSTRIAL MACHINERY & EQUIPMENT
IRAA,,,UNKNOWN
IRAB,Iris Acquisition Corp II,6770,BLANK CHECKS
IRBT,,,UNKNOWN
IRD,"Opus Genetics, Inc. Common Stock",2834,PHARMACEUTICAL PREPARATIONS
IRDM,Iridium Communications Inc.,4899,"COMMUNICATIONS SERVICES, NEC"
IREN,IREN Limited Ordinary Shares,6199,FINANCE SERVICES
IRHO,Iron Horse Acquisitions II Corp. Common Stock,7389,"SERVICES-BUSINESS SERVICES, NEC"
IRHOU,Iron Horse Acquisitions II Corp. Units,7389,"SERVICES-BUSINESS SERVICES, NEC"
IRIX,Iridex Corp,3845,ELECTROMEDICAL & ELECTROTHERAPEUTIC APPARATUS
IRM,Iron Mountain Inc.,6798,REAL ESTATE INVESTMENT TRUSTS
IRMD,iRadimed Corporation,3841,SURGICAL & MEDICAL INSTRUMENTS & APPARATUS
IRNT,,,UNKNOWN
IROH,,,UNKNOWN
IRON,"Disc Medicine, Inc. Common Stock",2834,PHARMACEUTICAL PREPARATIONS
IROQ,,,UNKNOWN
IRRX,,,UNKNOWN
IRT,Independence Realty Trust Inc.,6798,REAL ESTATE INVESTMENT TRUSTS
IRTC,"iRhythm Holdings, Inc. Common Stock",3841,SURGICAL & MEDICAL INSTRUMENTS & APPARATUS
IRWD,"Ironwood Pharmaceuticals, Inc. - Class A",2834,PHARMACEUTICAL PREPARATIONS
ISAA,,,UNKNOWN
ISBA,Isabella Bank Corporation Common stock,6022,STATE COMMERCIAL BANKS
ISDR,,,UNKNOWN
ISEE,,,UNKNOWN
ISLE,,,UNKNOWN
ISNRU,Snow Rothschild Acquisition Corp. Units,6770,BLANK CHECKS
ISO,,,UNKNOWN
ISPC,iSpecimen Inc. Common Stock,8731,SERVICES-COMMERCIAL PHYSICAL & BIOLOGICAL RESEARCH
ISPO,,,UNKNOWN
ISPR,Ispire Technology Inc. Common Stock,2111,CIGARETTES
ISRG,Intuitive Surgical Inc.,3842,"ORTHOPEDIC, PROSTHETIC & SURGICAL APPLIANCES & SUPPLIES"
ISRL,Defiance KSM Israel 120 ETF,6770,BLANK CHECKS
ISSC,,,UNKNOWN
ISTR,Investar Holding Corporation,6022,STATE COMMERCIAL BANKS
ISUN,,,UNKNOWN
IT,"Gartner, Inc.",8741,SERVICES-MANAGEMENT SERVICES
ITAQ,,,UNKNOWN
ITCI,,,UNKNOWN
ITGR,Integer Holdings Corporation,3845,ELECTROMEDICAL & ELECTROTHERAPEUTIC APPARATUS
ITHA,ITHAX Acquisition Corp III Class A Ordinary Shares,6770,BLANK CHECKS
ITHAU,ITHAX Acquisition Corp III Units,6770,BLANK CHECKS
ITI,,,UNKNOWN
ITIC,Investors Title Co,6361,TITLE INSURANCE
ITOS,,,UNKNOWN
ITP,"IT Tech Packaging, Inc.",2670,CONVERTED PAPER & PAPERBOARD PRODS (NO CONTANERS/BOXES)
ITQ,,,UNKNOWN
ITRI,Itron Inc,3825,INSTRUMENTS FOR MEAS & TESTING OF ELECTRICITY & ELEC SIGNALS
ITRM,,,UNKNOWN
ITT,ITT Inc.,3561,PUMPS & PUMPING EQUIPMENT
ITW,Illinois Tool Works Inc.,3560,GENERAL INDUSTRIAL MACHINERY & EQUIPMENT
IVAC,,,UNKNOWN
IVC,,,UNKNOWN
IVCA,,,UNKNOWN
IVCB,,,UNKNOWN
IVDA,"Iveda Solutions, Inc. Common Stock",7372,SERVICES-PREPACKAGED SOFTWARE
IVF,"INVO Fertility, Inc. Common Stock",3841,SURGICAL & MEDICAL INSTRUMENTS & APPARATUS
IVP,,,UNKNOWN
IVR,Invesco Mortgage Capital Inc.,6798,REAL ESTATE INVESTMENT TRUSTS
IVT,InvenTrust Properties Corp.,6798,REAL ESTATE INVESTMENT TRUSTS
IVVD,"Invivyd, Inc. Common Stock",2836,"BIOLOGICAL PRODUCTS, (NO DIAGNOSTIC SUBSTANCES)"
IXAQ,,,UNKNOWN
IXHL,Incannex Healthcare Limited Common Stock,2834,PHARMACEUTICAL PREPARATIONS
IZEA,"IZEA Worldwide, Inc. Common Stock",7310,SERVICES-ADVERTISING
IZTC,,,UNKNOWN
J,Jacobs Solutions Inc.,1600,HEAVY CONSTRUCTION OTHER THAN BLDG CONST - CONTRACTORS
JABRU,,,UNKNOWN
JACK,Jack in the Box Inc.,5812,RETAIL-EATING PLACES
JACS,Jackson Acquisition Company II,6770,BLANK CHECKS
JACS.U,"Jackson Acquisition Company II Units, each consisting of one Class A ordinary share and one right to acquire one-tenth (1/10) of one Class A ordinary share",6770,BLANK CHECKS
JAGU,Jaguar Uranium Corp.,1000,METAL MINING
JAGX,"Jaguar Health, Inc.",2834,PHARMACEUTICAL PREPARATIONS
JAKK,Jakks Pacific Inc,3944,"GAMES, TOYS & CHILDREN'S VEHICLES (NO DOLLS & BICYCLES)"
JAMF,,,UNKNOWN
JAN,"Janus Living, Inc.",6798,REAL ESTATE INVESTMENT TRUSTS
JANX,"Janux Therapeutics, Inc. Common Stock",2834,PHARMACEUTICAL PREPARATIONS
JAQC,,,UNKNOWN
JATT,JATT II Acquisition Corp Ordinary Shares,6770,BLANK CHECKS
JAZZ,"Jazz Pharmaceuticals, Inc.",2834,PHARMACEUTICAL PREPARATIONS
JBGS,JBG SMITH Properties Common Shares,6798,REAL ESTATE INVESTMENT TRUSTS
JBHT,JB Hunt Transport Services Inc,4213,TRUCKING (NO LOCAL)
JBI,"Janus International Group, Inc.",3442,"METAL DOORS, SASH, FRAMES, MOLDINGS & TRIM"
JBIO,"Jade Biosciences, Inc. Common Stock",2834,PHARMACEUTICAL PREPARATIONS
JBK,Lehman ABS Corp 3.50 Adj Corp Backed Tr Cert Goldman Cap I,6189,ASSET-BACKED SECURITIES
JBL,Jabil Inc.,3672,PRINTED CIRCUIT BOARDS
JBLU,JetBlue Airways Corp,4512,"AIR TRANSPORTATION, SCHEDULED"
JBSS,John B. Sanfilippo & SON,2060,SUGAR & CONFECTIONERY PRODUCTS
JBT,,,UNKNOWN
JBTM,JBT Marel Corporation,3550,SPECIAL INDUSTRY MACHINERY (NO METALWORKING MACHINERY)
JCAP,"Jefferson Capital, Inc. Common Stock",6153,SHORT-TERM BUSINESS CREDIT INSTITUTIONS
JCE,Nuveen Core Equity Alpha Fund,,UNKNOWN
JCI,Johnson Controls International plc,3585,AIR-COND & WARM AIR HEATG EQUIP & COMM & INDL REFRIG EQUIP
JCIC,,,UNKNOWN
JCO,,,UNKNOWN
JCTC,Jewett-Cameron Trading,5211,RETAIL-LUMBER & OTHER BUILDING MATERIALS DEALERS
JE,,,UNKNOWN
JEF,Jefferies Financial Group Inc.,6211,"SECURITY BROKERS, DEALERS & FLOTATION COMPANIES"
JELD,"JELD-WEN Holding, Inc.",2430,"MILLWOOD, VENEER, PLYWOOD, & STRUCTURAL WOOD MEMBERS"
JEMD,,,UNKNOWN
JENA,Jena Acquisition Corporation II,6770,BLANK CHECKS
JEWL,ADAMAS ONE CORP,,UNKNOWN
JFB,,,UNKNOWN
JFR,Nuveen Floating Rate Income Fund,,UNKNOWN
JGGC,,,UNKNOWN
JGH,NUVEEN GLOBAL HIGH INCOME FUND,,UNKNOWN
JHAA,,,UNKNOWN
JHG,,,UNKNOWN
JHX,James Hardie Industries plc,3272,"CONCRETE PRODUCTS, EXCEPT BLOCK & BRICK"
JILL,"J.Jill, Inc. Common Stock",2330,"WOMEN'S, MISSES', AND JUNIORS OUTERWEAR"
JJSF,J&J Snack Foods Corp,2052,COOKIES & CRACKERS
JKHY,Henry (Jack) & Associates,7373,SERVICES-COMPUTER INTEGRATED SYSTEMS DESIGN
JLL,"Jones Lang LaSalle, Inc.",6531,REAL ESTATE AGENTS & MANAGERS (FOR OTHERS)
JLS,Nuveen Mortgage and Income Fund,,UNKNOWN
JMAC,,,UNKNOWN
JMM,"NUVEEN MULTI-MARKET INCOME FUND, INC",,UNKNOWN
JMSB,"John Marshall Bancorp, Inc. Common Stock",6022,STATE COMMERCIAL BANKS
JNCE,,,UNKNOWN
JNJ,Johnson & Johnson,2834,PHARMACEUTICAL PREPARATIONS
JNPR,,,UNKNOWN
JNVR,,,UNKNOWN
JOAN,,,UNKNOWN
JOB,GEE Group Inc.,7361,SERVICES-EMPLOYMENT AGENCIES
JOBY,"Joby Aviation, Inc.",3721,AIRCRAFT
JOE,St. Joe Company,6552,LAND SUBDIVIDERS & DEVELOPERS (NO CEMETERIES)
JOF,JAPAN SMALLER CAPITALIZATION FUND,,UNKNOWN
JOFF,,,UNKNOWN
JOUT,Johnson Outdoors Inc,3949,"SPORTING & ATHLETIC GOODS, NEC"
JPC,Nuveen Preferred & Income Opportunities Fund,,UNKNOWN
JPI,,,UNKNOWN
JPS,,,UNKNOWN
JPT,,,UNKNOWN
JQC,Nuveen Credit Strategies Income Fund,,UNKNOWN
JRI,NUVEEN REAL ASSET INCOME AND GROWTH FUND,,UNKNOWN
JRO,,,UNKNOWN
JRS,Nuveen Real Estate Income Fund,,UNKNOWN
JRSH,"Jerash Holdings (US), Inc. Common Stock",2300,APPAREL & OTHER FINISHD PRODS OF FABRICS & SIMILAR MATL
JRVR,"James River Group Holdings, Inc. Common Stock",6331,"FIRE, MARINE & CASUALTY INSURANCE"
JSD,,,UNKNOWN
JSM,"Navient Corporation 6% Senior Notes due December 15, 2043",6211,"SECURITY BROKERS, DEALERS & FLOTATION COMPANIES"
JSPR,"Jasper Therapeutics, Inc. Common Stock",2836,"BIOLOGICAL PRODUCTS, (NO DIAGNOSTIC SUBSTANCES)"
JTAI,Jet.AI Inc. Common Stock,4522,"AIR TRANSPORTATION, NONSCHEDULED"
JUGG,,,UNKNOWN
JUN,,,UNKNOWN
JUNS,"Jupiter Neurosciences, Inc. Common Stock",2834,PHARMACEUTICAL PREPARATIONS
JVA,"Coffee Holding Co., Inc.",2090,MISCELLANEOUS FOOD PREPARATIONS & KINDRED PRODUCTS
JVSA,,,UNKNOWN
JWAC,,,UNKNOWN
JWN,,,UNKNOWN
JWSM,,,UNKNOWN
JXN,Jackson Financial Inc.,6311,LIFE INSURANCE
JYAC,,,UNKNOWN
JYNT,The Joint Corp.,6794,PATENT OWNERS & LESSORS
K,,,UNKNOWN
KA,,,UNKNOWN
KACL,,,UNKNOWN
KAHC,,,UNKNOWN
KAI,Kadant Inc.,3550,SPECIAL INDUSTRY MACHINERY (NO METALWORKING MACHINERY)
KAIR,,,UNKNOWN
KAL,,,UNKNOWN
KALA,"KALA BIO, Inc. Common Stock",2834,PHARMACEUTICAL PREPARATIONS
KALU,Kaiser Aluminum Corporation,3350,ROLLING DRAWING & EXTRUDING OF NONFERROUS METALS
KALV,,,UNKNOWN
KAMN,,,UNKNOWN
KAPA,"Kairos Pharma, Ltd.",2834,PHARMACEUTICAL PREPARATIONS
KAR,,,UNKNOWN
KARD,"Kardigan, Inc. Common Stock",2834,PHARMACEUTICAL PREPARATIONS
KAVL,KAIVAL BRANDS INNVTNS GRP,,UNKNOWN
KBAL,,,UNKNOWN
KBDC,"Kayne Anderson BDC, Inc.",,UNKNOWN
KBH,KB Home,1531,OPERATIVE BUILDERS
KBNT,KUBIENT INC,,UNKNOWN
KBON,Karbon Capital Partners Corp. Class A Ordinary Shares,6770,BLANK CHECKS
KBONU,Karbon Capital Partners Corp. Units,6770,BLANK CHECKS
KBR,"KBR, Inc.",1600,HEAVY CONSTRUCTION OTHER THAN BLDG CONST - CONTRACTORS
KCA.U,"Kensington Capital Acquisition Corp. VI New Units, each consisting of one Class A Ordinary Share and three-quarters of one Class 2 Redeemable Warrant",2810,INDUSTRIAL INORGANIC CHEMICALS
KCAC.U,"Kensington Capital Acquisition Corp. VI Units, each consisting of one Class A ordinary share, one-quarter of one Class 1 redeemable warrant and three-quarters of one Class 2 redeemable warrant",2810,INDUSTRIAL INORGANIC CHEMICALS
KCGI,,,UNKNOWN
KCHV,Kochav Defense Acquisition Corp. Class A Ordinary Shares,6770,BLANK CHECKS
KD,"Kyndryl Holdings, Inc.",7373,SERVICES-COMPUTER INTEGRATED SYSTEMS DESIGN
KDK,"Kodiak AI, Inc. Common Stock",7373,SERVICES-COMPUTER INTEGRATED SYSTEMS DESIGN
KDLY,,,UNKNOWN
KDNY,,,UNKNOWN
KDP,Keurig Dr Pepper Inc.,2080,BEVERAGES
KE,"Kimball Electronics, Inc.",3672,PRINTED CIRCUIT BOARDS
KEEL,Keel Infrastructure Corp. Common Stock,6199,FINANCE SERVICES
KELYA,Kelly Services Inc,7363,SERVICES-HELP SUPPLY SERVICES
KEQU,Kewaunee Scientific Corp,3821,LABORATORY APPARATUS & FURNITURE
KEX,Kirby Corporation,4400,WATER TRANSPORTATION
KEY,KeyCorp,6021,NATIONAL COMMERCIAL BANKS
KEYS,"Keysight Technologies, Inc.",3823,"INDUSTRIAL INSTRUMENTS FOR MEASUREMENT, DISPLAY, AND CONTROL"
KEYY,Keystone Acquisition Corp. Class A Ordinary Shares,6770,BLANK CHECKS
KFFB,Kentucky First Federal Bancorp,6035,"SAVINGS INSTITUTION, FEDERALLY CHARTERED"
KFII,K&F Growth Acquisition Corp. II Class A Ordinary shares,6770,BLANK CHECKS
KFRC,Kforce Inc.,7363,SERVICES-HELP SUPPLY SERVICES
KFS,,,UNKNOWN
KFY,Korn Ferry,7361,SERVICES-EMPLOYMENT AGENCIES
KG,"Kestrel Group, Ltd.",6331,"FIRE, MARINE & CASUALTY INSURANCE"
KGS,"Kodiak Gas Services, Inc.",4922,NATURAL GAS TRANSMISSION
KHC,The Kraft Heinz Company,2030,"CANNED, FROZEN & PRESERVD FRUIT, VEG & FOOD SPECIALTIES"
KIDS,OrthoPediatrics Corp. Common Stock,3841,SURGICAL & MEDICAL INSTRUMENTS & APPARATUS
KIDZ,KIDZ AI Inc. Class B Common Stock,8200,SERVICES-EDUCATIONAL SERVICES
KIII,,,UNKNOWN
KIM,Kimco Realty Corp.,6798,REAL ESTATE INVESTMENT TRUSTS
KIND,,,UNKNOWN
KINS,"Kingstone Companies, Inc.",6331,"FIRE, MARINE & CASUALTY INSURANCE"
KIO,KKR INCOME OPPORTUNITIES FUND,,UNKNOWN
KIRK,,,UNKNOWN
KITT,"Nauticus Robotics, Inc. Common stock",3569,"GENERAL INDUSTRIAL MACHINERY & EQUIPMENT, NEC"
KKR,KKR & Co. Inc.,6282,INVESTMENT ADVICE
KLAC,KLA Corporation Common Stock,3827,OPTICAL INSTRUMENTS & LENSES
KLAQ,,,UNKNOWN
KLC,"KinderCare Learning Companies, Inc.",8351,SERVICES-CHILD DAY CARE SERVICES
KLDO,KALEIDO BIOSCIENCES INC,,UNKNOWN
KLG,,,UNKNOWN
KLIC,Kulicke & Soffa Industries Inc,3674,SEMICONDUCTORS & RELATED DEVICES
KLR,,,UNKNOWN
KLRA,"Kailera Therapeutics, Inc. Common Stock",2834,PHARMACEUTICAL PREPARATIONS
KLRS,"Kalaris Therapeutics, Inc. Common Stock",2836,"BIOLOGICAL PRODUCTS, (NO DIAGNOSTIC SUBSTANCES)"
KLTO,,,UNKNOWN
KLTR,"Kaltura, Inc. Common Stock",7372,SERVICES-PREPACKAGED SOFTWARE
KLXE,"KLX Energy Services Holdings, Inc. Common Stock",1389,"OIL & GAS FIELD SERVICES, NEC"
KMB,Kimberly-Clark Corp.,2670,CONVERTED PAPER & PAPERBOARD PRODS (NO CONTANERS/BOXES)
KMF,,,UNKNOWN
KMI,"Kinder Morgan, Inc.",4922,NATURAL GAS TRANSMISSION
KMPB,Kemper Corporation 5.875% Fixed-Rate Reset Junior Subordinated Debentures due 2062,6331,"FIRE, MARINE & CASUALTY INSURANCE"
KMT,Kennametal Inc.,3541,"MACHINE TOOLS, METAL CUTTING TYPES"
KMTS,"Kestra Medical Technologies, Ltd. Common Stock",3841,SURGICAL & MEDICAL INSTRUMENTS & APPARATUS
KMX,CarMax Inc.,5500,RETAIL-AUTO DEALERS & GASOLINE STATIONS
KN,KNOWLES CORPORATION,3651,HOUSEHOLD AUDIO & VIDEO EQUIPMENT
KNBE,,,UNKNOWN
KNF,Knife River Corporation,1400,MINING & QUARRYING OF NONMETALLIC MINERALS (NO FUELS)
KNSA,"Kiniksa Pharmaceuticals International, plc Class A Ordinary Shares",2834,PHARMACEUTICAL PREPARATIONS
KNSL,"Kinsale Capital Group, Inc.",6331,"FIRE, MARINE & CASUALTY INSURANCE"
KNSW,,,UNKNOWN
KNTE,,,UNKNOWN
KNTK,Kinetik Holdings Inc.,4922,NATURAL GAS TRANSMISSION
KNW,,,UNKNOWN
KNX,Knight-Swift Transportation Holdings Inc. Class A Common Stock,4213,TRUCKING (NO LOCAL)
KO,Coca-Cola Company,2080,BEVERAGES
KOD,Kodiak Sciences Inc Common Stock,2836,"BIOLOGICAL PRODUCTS, (NO DIAGNOSTIC SUBSTANCES)"
KODK,EASTMAN KODAK COMPANY,3861,PHOTOGRAPHIC EQUIPMENT & SUPPLIES
KOP,"Koppers Holdings, Inc.",2400,LUMBER & WOOD PRODUCTS (NO FURNITURE)
KOPN,Kopin Corp,3674,SEMICONDUCTORS & RELATED DEVICES
KOR,,,UNKNOWN
KORE,,,UNKNOWN
KOS,Kosmos Energy Ltd.,1311,CRUDE PETROLEUM & NATURAL GAS
KOSS,Koss Corp,3651,HOUSEHOLD AUDIO & VIDEO EQUIPMENT
KOYN,CSLM Digital Asset Acquisition Corp III Class A Ordinary Shares,6770,BLANK CHECKS
KPET,KPET Ultra Paceline Corporation,6770,BLANK CHECKS
KPET.U,"KPET Ultra Paceline Corporation Units, each consisting of one Class A Ordinary Share and one-sixth of one Warrant",6770,BLANK CHECKS
KPLT,"Katapult Holdings, Inc. Common Stock",7359,"SERVICES-EQUIPMENT RENTAL & LEASING, NEC"
KPTI,Karyopharm Therapeutics Inc.,2834,PHARMACEUTICAL PREPARATIONS
KR,The Kroger Co.,5411,RETAIL-GROCERY STORES
KRA,,,UNKNOWN
KRAQ,KRAKacquisition Corp Class A Ordinary Shares,6770,BLANK CHECKS
KRAQU,KRAKacquisition Corp Unit,6770,BLANK CHECKS
KRBP,,,UNKNOWN
KRC,Kilroy Realty Corp.,6798,REAL ESTATE INVESTMENT TRUSTS
KREF,KKR Real Estate Finance Trust Inc.,6798,REAL ESTATE INVESTMENT TRUSTS
KRG,Kite Realty Group Trust,6798,REAL ESTATE INVESTMENT TRUSTS
KRMD,"KORU Medical Systems, Inc. Common Stock (DE)",3841,SURGICAL & MEDICAL INSTRUMENTS & APPARATUS
KRMN,Karman Holdings Inc.,3728,"AIRCRAFT PARTS & AUXILIARY EQUIPMENT, NEC"
KRNL,,,UNKNOWN
KRNY,Kearny Financial Corporation,6035,"SAVINGS INSTITUTION, FEDERALLY CHARTERED"
KRO,"Kronos Worldwide, Inc.",2810,INDUSTRIAL INORGANIC CHEMICALS
KRON,,,UNKNOWN
KROS,"Keros Therapeutics, Inc. Common Stock",2834,PHARMACEUTICAL PREPARATIONS
KRP,"Kimbell Royalty Partners, LP Common Units representing Limited Partner Interests",1311,CRUDE PETROLEUM & NATURAL GAS
KRRO,"Korro Bio, Inc. Common Stock",2834,PHARMACEUTICAL PREPARATIONS
KRSP,Rice Acquisition Corporation 3,6770,BLANK CHECKS
KRT,Karat Packaging Inc. Common Stock,3089,"PLASTICS PRODUCTS, NEC"
KRTX,,,UNKNOWN
KRUS,"Kura Sushi USA, Inc. Class A Common Stock",5812,RETAIL-EATING PLACES
KRYS,"Krystal Biotech, Inc. Common Stock",2836,"BIOLOGICAL PRODUCTS, (NO DIAGNOSTIC SUBSTANCES)"
KSCP,"Knightscope, Inc. Class A Common Stock",3669,"COMMUNICATIONS EQUIPMENT, NEC"
KSI,,,UNKNOWN
KSM,,,UNKNOWN
KSPN,,,UNKNOWN
KSS,Kohls Corporation,5311,RETAIL-DEPARTMENT STORES
KSU,,,UNKNOWN
KTB,"Kontoor Brands, Inc. Common Stock",2320,"MEN'S & BOYS' FURNISHGS, WORK CLOTHG, & ALLIED GARMENTS"
KTCC,KEY Tronic Corp,3672,PRINTED CIRCUIT BOARDS
KTF,DWS Municipal Income Trust,,UNKNOWN
KTH,"Structured Products CorTS PECO Energy Cap Trust III, 8% Cert.",6189,ASSET-BACKED SECURITIES
KTN,"Structured Products CorTS Aon Capital A, 8.205% Cert.",6189,ASSET-BACKED SECURITIES
KTOS,"Kratos Defense & Security Solutions, Inc.",3760,GUIDED MISSILES & SPACE VEHICLES & PARTS
KTTA,Pasithea Therapeutics Corp. Common Stock,2834,PHARMACEUTICAL PREPARATIONS
KTWO,K2 Capital Acquisition Corporation Class A Ordinary Share,6770,BLANK CHECKS
KULR,"KULR Technology Group, Inc.",3670,ELECTRONIC COMPONENTS & ACCESSORIES
KURA,"Kura Oncology, Inc.",2834,PHARMACEUTICAL PREPARATIONS
KUST,"Kustom Entertainment, Inc. Common Stock",3663,RADIO & TV BROADCASTING & COMMUNICATIONS EQUIPMENT
KVAC,,,UNKNOWN
KVHI,KVH Industries Inc,4899,"COMMUNICATIONS SERVICES, NEC"
KVSA,,,UNKNOWN
KVSC,,,UNKNOWN
KVUE,Kenvue Inc.,2844,"PERFUMES, COSMETICS & OTHER TOILET PREPARATIONS"
KVYO,"Klaviyo, Inc.",7372,SERVICES-PREPACKAGED SOFTWARE
KW,,,UNKNOWN
KWAC,,,UNKNOWN
KWR,Quaker Houghton,2990,MISCELLANEOUS PRODUCTS OF PETROLEUM & COAL
KYCH,,,UNKNOWN
KYMR,"Kymera Therapeutics, Inc. Common Stock",2836,"BIOLOGICAL PRODUCTS, (NO DIAGNOSTIC SUBSTANCES)"
KYN,"Kayne Anderson Energy Infrastructure Fund, Inc.",,UNKNOWN
KYNB,"Kyntra Bio, Inc. Common Stock",2834,PHARMACEUTICAL PREPARATIONS
KYTX,"Kyverna Therapeutics, Inc. Common Stock",2836,"BIOLOGICAL PRODUCTS, (NO DIAGNOSTIC SUBSTANCES)"
KZR,,,UNKNOWN
L,Loews Corporation,6331,"FIRE, MARINE & CASUALTY INSURANCE"
LAAA,,,UNKNOWN
LAB,Standard BioTools Inc. Common Stock,2834,PHARMACEUTICAL PREPARATIONS
LABP,,,UNKNOWN
LABT,Lakewood-Amedex Biotherapeutics Inc. Common Stock,2834,PHARMACEUTICAL PREPARATIONS
LAC,Lithium Americas Corp.,1000,METAL MINING
LAD,"Lithia Motors, Inc.",5500,RETAIL-AUTO DEALERS & GASOLINE STATIONS
LADR,LADDER CAPITAL CORP,6798,REAL ESTATE INVESTMENT TRUSTS
LAFA,LaFayette Acquisition Corp. Ordinary Share,6770,BLANK CHECKS
LAKE,Lakeland Industries Inc,3842,"ORTHOPEDIC, PROSTHETIC & SURGICAL APPLIANCES & SUPPLIES"
LAMR,Lamar Advertising Co,6798,REAL ESTATE INVESTMENT TRUSTS
LANC,,,UNKNOWN
LAND,Gladstone Land Corporation,6798,REAL ESTATE INVESTMENT TRUSTS
LARK,Landmark Bancorp Inc,6021,NATIONAL COMMERCIAL BANKS
LASE,Laser Photonics Corporation Common Stock,3690,"MISCELLANEOUS ELECTRICAL MACHINERY, EQUIPMENT & SUPPLIES"
LASR,"nLIGHT, Inc. Common Stock",3674,SEMICONDUCTORS & RELATED DEVICES
LATA,Galata Acquisition Corp. II Class A Ordinary Shares,6770,BLANK CHECKS
LATG,,,UNKNOWN
LAUR,"Laureate Education, Inc. Common Stock",8200,SERVICES-EDUCATIONAL SERVICES
LAW,"CS Disco, Inc.",7372,SERVICES-PREPACKAGED SOFTWARE
LAZ,"Lazard, Inc.",6282,INVESTMENT ADVICE
LAZR,Tema Photonics & Optical ETF,3714,MOTOR VEHICLE PARTS & ACCESSORIES
LB,LandBridge Company LLC,6792,OIL ROYALTY TRADERS
LBAI,,,UNKNOWN
LBBB,,,UNKNOWN
LBC,,,UNKNOWN
LBPH,,,UNKNOWN
LBRDA,,,UNKNOWN
LBRT,Liberty Energy Inc.,1389,"OIL & GAS FIELD SERVICES, NEC"
LBRX,LB Pharmaceuticals Inc Common Stock,2834,PHARMACEUTICAL PREPARATIONS
LBTYA,Liberty Global Ltd. Class A Common Shares,4841,CABLE & OTHER PAY TELEVISION SERVICES
LC,,,UNKNOWN
LCA,,,UNKNOWN
LCAA,,,UNKNOWN
LCAP,Principal Capital Appreciation Select ETF,7374,SERVICES-COMPUTER PROCESSING & DATA PREPARATION
LCCC,Lakeshore Acquisition III Corp. Ordinary Shares,6770,BLANK CHECKS
LCI,,,UNKNOWN
LCID,"Lucid Group, Inc. Common Stock",3711,MOTOR VEHICLES & PASSENGER CAR BODIES
LCII,LCI Industries,3714,MOTOR VEHICLE PARTS & ACCESSORIES
LCLN,"Lincoln International, Inc.",6282,INVESTMENT ADVICE
LCNB,LCNB Corporation,6021,NATIONAL COMMERCIAL BANKS
LCTX,"Lineage Cell Therapeutics, Inc.",2836,"BIOLOGICAL PRODUCTS, (NO DIAGNOSTIC SUBSTANCES)"
LCUT,"Lifetime Brands, Inc.",3420,"CUTLERY, HANDTOOLS & GENERAL HARDWARE"
LCW,,,UNKNOWN
LDHA,,,UNKNOWN
LDI,"loanDepot, Inc.",6199,FINANCE SERVICES
LDOS,"Leidos Holdings, Inc.",7373,SERVICES-COMPUTER INTEGRATED SYSTEMS DESIGN
LDP,COHEN & STEERS LIMITED DURATION PREFERRED AND INCOME FUND INC,,UNKNOWN
LDWY,,,UNKNOWN
LE,"Lands' End, Inc. Common Stock",5651,RETAIL-FAMILY CLOTHING STORES
LEA,Lear Corporation,3714,MOTOR VEHICLE PARTS & ACCESSORIES
LEAP,,,UNKNOWN
LECO,Lincoln Electric Holdings Inc,3540,METALWORKG MACHINERY & EQUIPMENT
LEDS,SemiLEDS Corporation,3674,SEMICONDUCTORS & RELATED DEVICES
LEE,"Lee Enterprises, Inc.",2711,NEWSPAPERS: PUBLISHING OR PUBLISHING & PRINTING
LEG,,,UNKNOWN
LEGA,,,UNKNOWN
LEGH,Legacy Housing Corporation Common Stock,2451,MOBILE HOMES
LEGO.U,"Legato Merger Corp. IV Units, each consisting of one ordinary share and one-third of one redeemable warrant",6770,BLANK CHECKS
LEGT,,,UNKNOWN
LEN,Lennar Corporation Class A,1520,GENERAL BLDG CONTRACTORS - RESIDENTIAL BLDGS
LENZ,"LENZ Therapeutics, Inc. Common Stock",2836,"BIOLOGICAL PRODUCTS, (NO DIAGNOSTIC SUBSTANCES)"
LESL,"Leslie's, Inc. Common Stock",5990,"RETAIL-RETAIL STORES, NEC"
LEU,Centrus Energy Corp.,1400,MINING & QUARRYING OF NONMETALLIC MINERALS (NO FUELS)
LEVI,Levi Strauss & Co. Class A Common Stock,2300,APPAREL & OTHER FINISHD PRODS OF FABRICS & SIMILAR MATL
LEVL,,,UNKNOWN
LEXX,Lexaria Bioscience Corp. Common Stock,2834,PHARMACEUTICAL PREPARATIONS
LFAC,Leapfrog Acquisition Corporation Class A Ordinary Shares,6770,BLANK CHECKS
LFACU,Leapfrog Acquisition Corporation Units,6770,BLANK CHECKS
LFCR,"Lifecore Biomedical, Inc. Common Stock",2834,PHARMACEUTICAL PREPARATIONS
LFG,,,UNKNOWN
LFLY,,,UNKNOWN
LFMD,"LifeMD, Inc. Common Stock",8011,SERVICES-OFFICES & CLINICS OF DOCTORS OF MEDICINE
LFST,"LifeStance Health Group, Inc. Common Stock",8000,SERVICES-HEALTH SERVICES
LFT,"Lument Finance Trust, Inc.",6798,REAL ESTATE INVESTMENT TRUSTS
LFTO,"Liftoff Mobile, Inc. Common Stock",7374,SERVICES-COMPUTER PROCESSING & DATA PREPARATION
LFTR,,,UNKNOWN
LFUS,Littelfuse Inc,3613,SWITCHGEAR & SWITCHBOARD APPARATUS
LFVN,Lifevantage Corporation Common Stock (Delaware),2834,PHARMACEUTICAL PREPARATIONS
LFWD,Lifeward Ltd. Ordinary Shares,3842,"ORTHOPEDIC, PROSTHETIC & SURGICAL APPLIANCES & SUPPLIES"
LGAC,,,UNKNOWN
LGCY,Legacy Education Inc.,8200,SERVICES-EDUCATIONAL SERVICES
LGF.A,,,UNKNOWN
LGI,Lazard Global Total Return & Income Fund,,UNKNOWN
LGIH,"LGI Homes, Inc.",1531,OPERATIVE BUILDERS
LGL,"The LGL Group, Inc.",3679,"ELECTRONIC COMPONENTS, NEC"
LGMK,LOGICMARK INC,,UNKNOWN
LGN,Legence Corp. Class A Common stock,1700,CONSTRUCTION - SPECIAL TRADE CONTRACTORS
LGND,Ligand Pharmaceuticals Inc.,2834,PHARMACEUTICAL PREPARATIONS
LGTY,,,UNKNOWN
LGV,,,UNKNOWN
LGVC,,,UNKNOWN
LGVN,Longeveron Inc. Common Stock,2834,PHARMACEUTICAL PREPARATIONS
LH,Labcorp Holdings Inc.,8071,SERVICES-MEDICAL LABORATORIES
LHAA,,,UNKNOWN
LHAI,Linkhome Holdings Inc. Common stock,6531,REAL ESTATE AGENTS & MANAGERS (FOR OTHERS)
LHC,,,UNKNOWN
LHCG,,,UNKNOWN
LHDX,,,UNKNOWN
LHX,"L3Harris Technologies, Inc.",3812,"SEARCH, DETECTION, NAVIGATION, GUIDANCE, AERONAUTICAL SYS"
LIAN,,,UNKNOWN
LIBY,,,UNKNOWN
LICY,,,UNKNOWN
LIDR,"AEye, Inc. Class A Common Stock",3714,MOTOR VEHICLE PARTS & ACCESSORIES
LIEN,"Chicago Atlantic BDC, Inc. Common Stock",,UNKNOWN
LIF,"Life360, Inc. Common Stock",7374,SERVICES-COMPUTER PROCESSING & DATA PREPARATION
LIFE,Ethos Technologies Inc. Class A Common Stock,6411,"INSURANCE AGENTS, BROKERS & SERVICE"
LIFW,,,UNKNOWN
LII,Lennox International Inc.,3585,AIR-COND & WARM AIR HEATG EQUIP & COMM & INDL REFRIG EQUIP
LILA,Liberty Latin America Ltd. Class A Common Stock,4841,CABLE & OTHER PAY TELEVISION SERVICES
LIMN,"Liminatus Pharma, Inc. Class A Common Stock",2836,"BIOLOGICAL PRODUCTS, (NO DIAGNOSTIC SUBSTANCES)"
LIN,Linde plc Ordinary Share,2810,INDUSTRIAL INORGANIC CHEMICALS
LINC,Lincoln Educational Services,8200,SERVICES-EDUCATIONAL SERVICES
LIND,Lindblad Expeditions Holdings Inc. Common Stock,4700,TRANSPORTATION SERVICES
LINE,"Lineage, Inc. Common Stock",6798,REAL ESTATE INVESTMENT TRUSTS
LINK,"Interlink Electronics, Inc. Common Stock",3577,"COMPUTER PERIPHERAL EQUIPMENT, NEC"
LION,Lionsgate Studios Corp.,7812,SERVICES-MOTION PICTURE & VIDEO TAPE PRODUCTION
LIONU,,,UNKNOWN
LIPO,LIPELLA PHARMS INC,,UNKNOWN
LIQT,"LiqTech International, Inc.",3590,MISC INDUSTRIAL & COMMERCIAL MACHINERY & EQUIPMENT
LITE,Lumentum Holdings Inc. Common Stock,3669,"COMMUNICATIONS EQUIPMENT, NEC"
LITS,"Lite Strategy, Inc. Common Stock",2834,PHARMACEUTICAL PREPARATIONS
LITT,,,UNKNOWN
LIVB,,,UNKNOWN
LIVE,Live Ventures Inc,5900,RETAIL-MISCELLANEOUS RETAIL
LIVN,LivaNova PLC Ordinary Shares,3845,ELECTROMEDICAL & ELECTROTHERAPEUTIC APPARATUS
LIXT,,,UNKNOWN
LJAQ,,,UNKNOWN
LJPC,,,UNKNOWN
LKFN,Lakeland Financial Corp,6022,STATE COMMERCIAL BANKS
LKQ,LKQ Corporation,5010,WHOLESALE-MOTOR VEHICLES & MOTOR VEHICLE PARTS & SUPPLIES
LKSP,Lake Superior Acquisition Corp. Class A Ordinary Shares,6770,BLANK CHECKS
LL,,,UNKNOWN
LLAP,,,UNKNOWN
LLY,Eli Lilly & Co.,2834,PHARMACEUTICAL PREPARATIONS
LMACA,,,UNKNOWN
LMAT,"LeMaitre Vascular, Inc.",3841,SURGICAL & MEDICAL INSTRUMENTS & APPARATUS
LMB,"Limbach Holdings, Inc Common Stock",1700,CONSTRUCTION - SPECIAL TRADE CONTRACTORS
LMFA,,,UNKNOWN
LMND,"Lemonade, Inc.",6331,"FIRE, MARINE & CASUALTY INSURANCE"
LMNR,Limoneira Co,0100,UNKNOWN
LMPX,LMP AUTOMOTIVE HLDGS INC,,UNKNOWN
LMRI,"Lumexa Imaging Holdings, Inc. Common Stock",8071,SERVICES-MEDICAL LABORATORIES
LMST,,,UNKNOWN
LMT,Lockheed Martin Corp.,3760,GUIDED MISSILES & SPACE VEHICLES & PARTS
LNAI,Lunai Bioworks Inc. Common Stock,2834,PHARMACEUTICAL PREPARATIONS
LNC,Lincoln National Corp.,6311,LIFE INSURANCE
LNG,Cheniere Energy Inc,4924,NATURAL GAS DISTRIBUTION
LNKB,,,UNKNOWN
LNN,Lindsay Corporation,3523,FARM MACHINERY & EQUIPMENT
LNSR,"LENSAR, Inc. Common Stock",3841,SURGICAL & MEDICAL INSTRUMENTS & APPARATUS
LNT,Alliant Energy Corporation Common Stock,4931,ELECTRIC & OTHER SERVICES COMBINED
LNTH,"Lantheus Holdings, Inc",2835,IN VITRO & IN VIVO DIAGNOSTIC SUBSTANCES
LNW,,,UNKNOWN
LNZA,"LanzaTech Global, Inc. Common Stock",2860,INDUSTRIAL ORGANIC CHEMICALS
LOAN,"Manhattan Bridge Capital, Inc",6798,REAL ESTATE INVESTMENT TRUSTS
LOAR,Loar Holdings Inc.,3728,"AIRCRAFT PARTS & AUXILIARY EQUIPMENT, NEC"
LOB,"Live Oak Bancshares, Inc.",6022,STATE COMMERCIAL BANKS
LOCC,,,UNKNOWN
LOCL,Local Bounti Corporation,0100,UNKNOWN
LOCO,"El Pollo Loco Holdings, Inc.",5812,RETAIL-EATING PLACES
LODE,Comstock Inc.,2860,INDUSTRIAL ORGANIC CHEMICALS
LOGC,CONTEXTLOGIC HOLDINGS INC,,UNKNOWN
LOGI,Logitech International SA,3577,"COMPUTER PERIPHERAL EQUIPMENT, NEC"
LOKM,,,UNKNOWN
LOKV,,,UNKNOWN
LONA,"LeonaBio, Inc. Common Stock",2836,"BIOLOGICAL PRODUCTS, (NO DIAGNOSTIC SUBSTANCES)"
LOOP,"Loop Industries, Inc. Common Stock",2800,CHEMICALS & ALLIED PRODUCTS
LOPE,"Grand Canyon Education, Inc",8200,SERVICES-EDUCATIONAL SERVICES
LOTZ,,,UNKNOWN
LOV,,,UNKNOWN
LOVE,The Lovesac Company Common Stock,5712,RETAIL-FURNITURE STORES
LOW,Lowe's Companies Inc.,5211,RETAIL-LUMBER & OTHER BUILDING MATERIALS DEALERS
LPAA,Launch One Acquisition Corp. Class A Ordinary shares,6770,BLANK CHECKS
LPBB,Launch Two Acquisition Corp. Class A Ordinary Shares,3443,FABRICATED PLATE WORK (BOILER SHOPS)
LPCN,Lipocine Inc.,2834,PHARMACEUTICAL PREPARATIONS
LPCV,Launchpad Cadenza Acquisition Corp I Class A Ordinary Share,6770,BLANK CHECKS
LPCVU,Launchpad Cadenza Acquisition Corp I Unit,6770,BLANK CHECKS
LPG,DORIAN LPG LTD,4412,DEEP SEA FOREIGN TRANSPORTATION OF FREIGHT
LPLA,LPL Financial Holdings Inc.,6200,"SECURITY & COMMODITY BROKERS, DEALERS, EXCHANGES & SERVICES"
LPRO,,,UNKNOWN
LPSN,,,UNKNOWN
LPTH,Lightpath Technologies Inc,3674,SEMICONDUCTORS & RELATED DEVICES
LPTV,,,UNKNOWN
LPTX,,,UNKNOWN
LPX,Louisiana-Pacific Corp.,2400,LUMBER & WOOD PRODUCTS (NO FURNITURE)
LQDA,Liquidia Corporation Common Stock,2834,PHARMACEUTICAL PREPARATIONS
LQDT,"Liquidity Services, Inc.",7389,"SERVICES-BUSINESS SERVICES, NEC"
LRCX,Lam Research Corp,3559,"SPECIAL INDUSTRY MACHINERY, NEC"
LRFC,,,UNKNOWN
LRHC,La Rosa Holding Corp. Common Stock,6531,REAL ESTATE AGENTS & MANAGERS (FOR OTHERS)
LRMR,"Larimar Therapeutics, Inc. Common Stock",2834,PHARMACEUTICAL PREPARATIONS
LRN,"Stride, Inc.",8200,SERVICES-EDUCATIONAL SERVICES
LSAK,"Lesaka Technologies, Inc. Common Stock",6099,"FUNCTIONS RELATED TO DEPOSITORY BANKING, NEC"
LSBK,"Lake Shore Bancorp, Inc.",6035,"SAVINGS INSTITUTION, FEDERALLY CHARTERED"
LSCC,Lattice Semiconductor Corp,3674,SEMICONDUCTORS & RELATED DEVICES
LSDI,,,UNKNOWN
LSEA,,,UNKNOWN
LSF,"Laird Superfood, Inc.",2000,FOOD AND KINDRED PRODUCTS
LSH,,,UNKNOWN
LSI,,,UNKNOWN
LSTA,"Lisata Therapeutics, Inc. Common Stock",2834,PHARMACEUTICAL PREPARATIONS
LSTR,Landstar System Inc,4213,TRUCKING (NO LOCAL)
LTBR,Lightbridge Corp.,2810,INDUSTRIAL INORGANIC CHEMICALS
LTC,"LTC Properties, Inc.",6798,REAL ESTATE INVESTMENT TRUSTS
LTCH,LATCH INC,,UNKNOWN
LTGRU,Long Table Growth Corp. Units,6770,BLANK CHECKS
LTH,"Life Time Group Holdings, Inc.",7997,SERVICES-MEMBERSHIP SPORTS & RECREATION CLUBS
LTHM,,,UNKNOWN
LTRN,Lantern Pharma Inc. Common Stock,2834,PHARMACEUTICAL PREPARATIONS
LTRPA,,,UNKNOWN
LTRX,Lantronix Inc,3576,COMPUTER COMMUNICATIONS EQUIPMENT
LTRY,,,UNKNOWN
LTRYW,Sports Entertainment Gaming Global Corporation Warrants,7372,SERVICES-PREPACKAGED SOFTWARE
LUB,,,UNKNOWN
LUCD,Lucid Diagnostics Inc. Common Stock,3841,SURGICAL & MEDICAL INSTRUMENTS & APPARATUS
LUCK,Lucky Strike Entertainment Corporation,7900,SERVICES-AMUSEMENT & RECREATION SERVICES
LUCY,"Innovative Eyewear, Inc. Common Stock",3851,OPHTHALMIC GOODS
LULU,lululemon athletica inc.,2300,APPAREL & OTHER FINISHD PRODS OF FABRICS & SIMILAR MATL
LUMN,"Lumen Technologies, Inc.",4813,TELEPHONE COMMUNICATIONS (NO RADIOTELEPHONE)
LUMO,,,UNKNOWN
LUNA,,,UNKNOWN
LUNG,Pulmonx Corporation Common Stock,3841,SURGICAL & MEDICAL INSTRUMENTS & APPARATUS
LUNR,"Intuitive Machines, Inc. Class A Common Stock",3812,"SEARCH, DETECTION, NAVIGATION, GUIDANCE, AERONAUTICAL SYS"
LUV,Southwest Airlines Co.,4512,"AIR TRANSPORTATION, SCHEDULED"
LUXA,,,UNKNOWN
LUXH,,,UNKNOWN
LVAC,,,UNKNOWN
LVLU,"Lulu's Fashion Lounge Holdings, Inc. Common Stock",5961,RETAIL-CATALOG & MAIL-ORDER HOUSES
LVO,"LiveOne, Inc. Common Stock",5812,RETAIL-EATING PLACES
LVOX,,,UNKNOWN
LVRA,,,UNKNOWN
LVS,Las Vegas Sands Corp.,7011,HOTELS & MOTELS
LVTX,,,UNKNOWN
LVWR,"LiveWire Group, Inc.",3751,"MOTORCYCLES, BICYCLES & PARTS"
LW,"Lamb Weston Holdings, Inc.",2030,"CANNED, FROZEN & PRESERVD FRUIT, VEG & FOOD SPECIALTIES"
LWAC,LightWave Acquisition Corp. Class A Ordinary Shares,6770,BLANK CHECKS
LWAY,Lifeway Foods Inc,2020,DAIRY PRODUCTS
LWLG,"Lightwave Logic, Inc. Common Stock",3080,MISCELLANEOUS PLASTICS PRODUCTS
LXEO,"Lexeo Therapeutics, Inc. Common Stock",2836,"BIOLOGICAL PRODUCTS, (NO DIAGNOSTIC SUBSTANCES)"
LXFR,Luxfer Holdings PLC Ordinary Shares,2810,INDUSTRIAL INORGANIC CHEMICALS
LXP,LXP Industrial Trust,6798,REAL ESTATE INVESTMENT TRUSTS
LXRX,"Lexicon Pharmaceuticals, Inc.",2834,PHARMACEUTICAL PREPARATIONS
LXU,LSB INDUSTRIES INC,2810,INDUSTRIAL INORGANIC CHEMICALS
LYB,LyondellBasell Industries N.V. Class A,2860,INDUSTRIAL ORGANIC CHEMICALS
LYEL,"Lyell Immunopharma, Inc. Common Stock",2834,PHARMACEUTICAL PREPARATIONS
LYFT,"Lyft, Inc. Class A Common Stock",7389,"SERVICES-BUSINESS SERVICES, NEC"
LYLT,,,UNKNOWN
LYRA,LYRA THERAPEUTICS INC,,UNKNOWN
LYTS,LSI Industries Inc,3640,ELECTRIC LIGHTING & WIRING EQUIPMENT
LYV,Live Nation Entertainment Inc.,7900,SERVICES-AMUSEMENT & RECREATION SERVICES
LZ,"LegalZoom.com, Inc. Common Stock",7374,SERVICES-COMPUTER PROCESSING & DATA PREPARATION
LZB,La-Z-Boy Incorporated,2510,HOUSEHOLD FURNITURE
M,Macy's Inc.,5311,RETAIL-DEPARTMENT STORES
MA,Mastercard Incorporated,7389,"SERVICES-BUSINESS SERVICES, NEC"
MAA,"Mid-America Apartment Communities, Inc.",6798,REAL ESTATE INVESTMENT TRUSTS
MAC,The Macerich Company,6798,REAL ESTATE INVESTMENT TRUSTS
MACA,,,UNKNOWN
MACC,,,UNKNOWN
MACI,Melar Acquisition Corp. I Class A Ordinary Shares,7389,"SERVICES-BUSINESS SERVICES, NEC"
MACK,,,UNKNOWN
MACU,,,UNKNOWN
MAGN,Magnera Corporation,2621,PAPER MILLS
MAIA,"MAIA Biotechnology, Inc.",2834,PHARMACEUTICAL PREPARATIONS
MAIN,Main Street Capital Corporation,,UNKNOWN
MAIR,Madison Air Solutions Corporation,3564,INDUSTRIAL & COMMERCIAL FANS & BLOWERS & AIR PURIFYING EQUIP
MAMA,"Mama's Creations, Inc. Common Stock",2013,SAUSAGES & OTHER PREPARED MEAT PRODUCTS
MAMO,Massimo Group Common Stock,3790,MISCELLANEOUS TRANSPORTATION EQUIPMENT
MAN,ManpowerGroup,7363,SERVICES-HELP SUPPLY SERVICES
MANE,"Veradermics, Incorporated",2834,PHARMACEUTICAL PREPARATIONS
MANH,Manhattan Associates Inc,7372,SERVICES-PREPACKAGED SOFTWARE
MANT,,,UNKNOWN
MAPS,WM TECHNOLOGY INC A,,UNKNOWN
MAQC,MAQUIA CAPITAL ACQ CO A,,UNKNOWN
MAR,Marriott International Class A Common Stock,7011,HOTELS & MOTELS
MARA,"MARA Holdings, Inc. Common Stock",6199,FINANCE SERVICES
MARK,REMARK HOLDINGS INC,,UNKNOWN
MARPS,Marine Petroleum Trust,6792,OIL ROYALTY TRADERS
MARX,,,UNKNOWN
MAS,Masco Corporation,3430,"HEATING EQUIP, EXCEPT ELEC & WARM AIR; & PLUMBING FIXTURES"
MASI,,,UNKNOWN
MASS,908 Devices Inc. Common Stock,3826,LABORATORY ANALYTICAL INSTRUMENTS
MAT,"Mattel, Inc.",3942,DOLLS & STUFFED TOYS
MATV,"Mativ Holdings, Inc.",2621,PAPER MILLS
MATW,Matthews International Corp,3360,NONFERROUS FOUNDRIES (CASTINGS)
MATX,"Matsons, Inc.",4400,WATER TRANSPORTATION
MAV,,,UNKNOWN
MAX,"MediaAlpha, Inc.",7389,"SERVICES-BUSINESS SERVICES, NEC"
MAXR,,,UNKNOWN
MAYS,Mays (J.W.) Inc,6512,OPERATORS OF NONRESIDENTIAL BUILDINGS
MAZE,"Maze Therapeutics, Inc. Common Stock",2836,"BIOLOGICAL PRODUCTS, (NO DIAGNOSTIC SUBSTANCES)"
MBAC,,,UNKNOWN
MBAV,,,UNKNOWN
MBBC,"Marathon Bancorp, Inc. Common Stock",6036,"SAVINGS INSTITUTIONS, NOT FEDERALLY CHARTERED"
MBC,"MasterBrand, Inc.",2511,"WOOD HOUSEHOLD FURNITURE, (NO UPHOLSTERED)"
MBCN,,,UNKNOWN
MBI,MBIA Inc.,6351,SURETY INSURANCE
MBII,,,UNKNOWN
MBIN,Merchants Bancorp Common Stock,6022,STATE COMMERCIAL BANKS
MBIO,"Mustang Bio, Inc.",2834,PHARMACEUTICAL PREPARATIONS
MBLY,Mobileye Global Inc. Class A Common Stock,7372,SERVICES-PREPACKAGED SOFTWARE
MBOT,"Microbot Medical, Inc. Common Stock",3841,SURGICAL & MEDICAL INSTRUMENTS & APPARATUS
MBRX,"Moleculin Biotech, Inc.",2834,PHARMACEUTICAL PREPARATIONS
MBSC,,,UNKNOWN
MBTC,,,UNKNOWN
MBUU,"Malibu Boats, Inc. Class A",3730,SHIP & BOAT BUILDING & REPAIRING
MBVI,M3-Brigade Acquisition VI Corp. Class A Ordinary Shares,6770,BLANK CHECKS
MBWM,Mercantile Bank Corp,6022,STATE COMMERCIAL BANKS
MBX,"MBX Biosciences, Inc. Common Stock",2834,PHARMACEUTICAL PREPARATIONS
MC,MOELIS & COMPANY,6282,INVESTMENT ADVICE
MCAA,,,UNKNOWN
MCAE,,,UNKNOWN
MCAF,,,UNKNOWN
MCAG,MOUNTAIN CREST ACQ V,,UNKNOWN
MCAH,Mountain Crest Acquisition 6 Corp. Ordinary Shares,6770,BLANK CHECKS
MCAHU,Mountain Crest Acquisition 6 Corp. Units,6770,BLANK CHECKS
MCB,"Metropolitan Bank Holding Corp. Common Stock, $0.01 par value per share",6022,STATE COMMERCIAL BANKS
MCBC,,,UNKNOWN
MCBS,METROCITY BANKSHARES INC,6022,STATE COMMERCIAL BANKS
MCD,McDonald's Corporation,5812,RETAIL-EATING PLACES
MCFE,,,UNKNOWN
MCFT,"MasterCraft Boat Holdings, Inc. Common Stock",3730,SHIP & BOAT BUILDING & REPAIRING
MCGA,Yorkville Acquisition Corp. Class A Ordinary Share,6199,FINANCE SERVICES
MCHB,Mechanics Bancorp Class A Common Stock,6022,STATE COMMERCIAL BANKS
MCHP,Microchip Technology Inc,3674,SEMICONDUCTORS & RELATED DEVICES
MCHX,"Marchex, Inc. Class B",7372,SERVICES-PREPACKAGED SOFTWARE
MCK,McKesson Corporation,5122,"WHOLESALE-DRUGS, PROPRIETARIES & DRUGGISTS' SUNDRIES"
MCN,XAI Madison Equity Premium Income Fund,,UNKNOWN
MCO,Moody's Corporation,7320,"SERVICES-CONSUMER CREDIT REPORTING, COLLECTION AGENCIES"
MCOM,MICROMOBILITY.COM INC A,,UNKNOWN
MCRB,"Seres Therapeutics, Inc.",2834,PHARMACEUTICAL PREPARATIONS
MCRI,Monarch Casino & Resort Inc,7011,HOTELS & MOTELS
MCS,The Marcus Corporation,7830,SERVICES-MOTION PICTURE THEATERS
MCVT,Miller Convertible Total Return ETF,6199,FINANCE SERVICES
MCW,,,UNKNOWN
MCY,Mercury General Corp.,6331,"FIRE, MARINE & CASUALTY INSURANCE"
MD,"Pediatrix Medical Group, Inc.",8060,SERVICES-HOSPITALS
MDAI,"Spectral AI, Inc. Class A Common Stock",3841,SURGICAL & MEDICAL INSTRUMENTS & APPARATUS
MDB,"MongoDB, Inc. Class A",7372,SERVICES-PREPACKAGED SOFTWARE
MDBH,"MDB Capital Holdings, LLC Class A common",6199,FINANCE SERVICES
MDC,,,UNKNOWN
MDCX,Medicus Pharma Ltd. Common Stock,2834,PHARMACEUTICAL PREPARATIONS
MDGL,"Madrigal Pharmaceuticals, Inc. Common Stock",2834,PHARMACEUTICAL PREPARATIONS
MDH,,,UNKNOWN
MDIA,Mediaco Holding Inc. Class A Common Stock,4832,RADIO BROADCASTING STATIONS
MDLN,Medline Inc. Class A common stock,3841,SURGICAL & MEDICAL INSTRUMENTS & APPARATUS
MDLZ,"Mondelez International, Inc. Class A",2000,FOOD AND KINDRED PRODUCTS
MDRR,"Medalist Diversified, Inc. Common Stock",6798,REAL ESTATE INVESTMENT TRUSTS
MDRX,VERADIGM INC,,UNKNOWN
MDT,Medtronic plc,3845,ELECTROMEDICAL & ELECTROTHERAPEUTIC APPARATUS
MDU,"MDU Resources Group, Inc.",1400,MINING & QUARRYING OF NONMETALLIC MINERALS (NO FUELS)
MDV,,,UNKNOWN
MDVL,,,UNKNOWN
MDWT,,,UNKNOWN
MDXG,"MiMedx Group, Inc",3841,SURGICAL & MEDICAL INSTRUMENTS & APPARATUS
ME,,,UNKNOWN
MEC,"Mayville Engineering Company, Inc.",3460,METAL FORGINGS & STAMPINGS
MED,"Medifast, Inc.",2090,MISCELLANEOUS FOOD PREPARATIONS & KINDRED PRODUCTS
MEDP,"Medpace Holdings, Inc. Common Stock",8731,SERVICES-COMMERCIAL PHYSICAL & BIOLOGICAL RESEARCH
MEG,,,UNKNOWN
MEGI,NYLIM CBRE Global Infrastructure Megatrends Term Fund,,UNKNOWN
MEHA,FUNCTIONAL BRANDS INC,,UNKNOWN
MEI,Methode Electronics,3678,ELECTRONIC CONNECTORS
MEIP,,,UNKNOWN
MEKA,,,UNKNOWN
MELI,"Mercado Libre, Inc",7389,"SERVICES-BUSINESS SERVICES, NEC"
MEOA,,,UNKNOWN
MERC,Mercer International Inc,2611,PULP MILLS
MESA,,,UNKNOWN
MESH,Meshflow Acquisition Corp. Class A Ordinary Shares,6770,BLANK CHECKS
MESHU,Meshflow Acquisition Corp. Units,6770,BLANK CHECKS
MET,"MetLife, Inc.",6311,LIFE INSURANCE
META,"Meta Platforms, Inc. Class A Common Stock",7370,"SERVICES-COMPUTER PROGRAMMING, DATA PROCESSING, ETC."
METC,"Ramaco Resources, Inc. Class A Common Stock",1220,BITUMINOUS COAL & LIGNITE MINING
MEVO,M Evo Global Acquisition Corp II Class A Ordinary Shares,6770,BLANK CHECKS
MFA,"MFA Financial, Inc",6798,REAL ESTATE INVESTMENT TRUSTS
MFD,,,UNKNOWN
MFIC,MidCap Financial Investment Corporation Common Stock,,UNKNOWN
MFIN,Medallion Financial Corp,6199,FINANCE SERVICES
MG,Mistras Group Inc.,8711,SERVICES-ENGINEERING SERVICES
MGAM,MOBILE GLOBAL ESPORTS INC,,UNKNOWN
MGEE,MGE Energy Inc,4900,"ELECTRIC, GAS & SANITARY SERVICES"
MGI,,,UNKNOWN
MGLD,"The Marygold Companies, Inc.",6199,FINANCE SERVICES
MGLN,,,UNKNOWN
MGM,MGM RESORTS INTERNATIONAL,7011,HOTELS & MOTELS
MGNI,"Magnite, Inc. Common Stock",7370,"SERVICES-COMPUTER PROGRAMMING, DATA PROCESSING, ETC."
MGNX,"MacroGenics, Inc.",2834,PHARMACEUTICAL PREPARATIONS
MGOL,,,UNKNOWN
MGP,,,UNKNOWN
MGPI,MGP Ingredients Inc,5180,"WHOLESALE-BEER, WINE & DISTILLED ALCOHOLIC BEVERAGES"
MGRC,Mcgrath Rentcorp,7359,"SERVICES-EQUIPMENT RENTAL & LEASING, NEC"
MGRM,,,UNKNOWN
MGRX,"Mangoceuticals, Inc. Common Stock",8090,"SERVICES-MISC HEALTH & ALLIED SERVICES, NEC"
MGTX,MeiraGTx Holdings plc Ordinary Shares,2836,"BIOLOGICAL PRODUCTS, (NO DIAGNOSTIC SUBSTANCES)"
MGX,"Metagenomi Therapeutics, Inc. Common Stock",2836,"BIOLOGICAL PRODUCTS, (NO DIAGNOSTIC SUBSTANCES)"
MGY,Magnolia Oil & Gas Corporation Class A Common Stock,1311,CRUDE PETROLEUM & NATURAL GAS
MGYR,"Magyar Bancorp, Inc.",6035,"SAVINGS INSTITUTION, FEDERALLY CHARTERED"
MH,"McGraw Hill, Inc.",2741,MISCELLANEOUS PUBLISHING
MHD,"Blackrock Muniholdings Fund, Inc.",,UNKNOWN
MHF,"Western Asset Municipal High Income Fund, Inc",,UNKNOWN
MHH,"Mastech Digital, Inc.",8742,SERVICES-MANAGEMENT CONSULTING SERVICES
MHI,,,UNKNOWN
MHK,"Mohawk Industries, Inc.",2273,CARPETS & RUGS
MHLA,"Maiden Holdings, Ltd.",6331,"FIRE, MARINE & CASUALTY INSURANCE"
MHN,,,UNKNOWN
MHO,"M/I Homes, Inc.",1531,OPERATIVE BUILDERS
MIAX,"Miami International Holdings, Inc.",6211,"SECURITY BROKERS, DEALERS & FLOTATION COMPANIES"
MIC,Corgi MU 2x Daily ETF,,UNKNOWN
MIDD,Middleby Corp,3580,REFRIGERATION & SERVICE INDUSTRY MACHINERY
MIGI,,,UNKNOWN
MILE,,,UNKNOWN
MIME,,,UNKNOWN
MIMO,,,UNKNOWN
MIND,"MIND Technology, Inc. Common Stock (DE)",3812,"SEARCH, DETECTION, NAVIGATION, GUIDANCE, AERONAUTICAL SYS"
MINM,,,UNKNOWN
MIO,,,UNKNOWN
MIR,"Mirion Technologies, Inc.",3829,"MEASURING & CONTROLLING DEVICES, NEC"
MIRA,"MIRA Pharmaceuticals, Inc. Common Stock",2834,PHARMACEUTICAL PREPARATIONS
MIRM,"Mirum Pharmaceuticals, Inc. Common Stock",2834,PHARMACEUTICAL PREPARATIONS
MIRO,,,UNKNOWN
MIST,Milestone Pharmaceuticals Inc. Common Shares,2834,PHARMACEUTICAL PREPARATIONS
MIT,,,UNKNOWN
MITA,,,UNKNOWN
MITK,"Mitek Systems, Inc.",3577,"COMPUTER PERIPHERAL EQUIPMENT, NEC"
MITN,"TPG Mortgage Investment Trust, Inc. 9.500% Senior Notes due 2029",6798,REAL ESTATE INVESTMENT TRUSTS
MITQ,"Moving iMage Technologies, Inc.",3861,PHOTOGRAPHIC EQUIPMENT & SUPPLIES
MIXT,,,UNKNOWN
MIY,"BLACKROCK MUNIYIELD MICHIGAN QUALITY FUND, INC. i",,UNKNOWN
MKC,"McCormick & Company, Incorporated Non-VTG CS",2090,MISCELLANEOUS FOOD PREPARATIONS & KINDRED PRODUCTS
MKFG,,,UNKNOWN
MKL,Markel Group Inc.,6331,"FIRE, MARINE & CASUALTY INSURANCE"
MKLY,McKinley Acquisition Corporation Class A Ordinary Shares,6770,BLANK CHECKS
MKSI,MKS Inc. Common Stock,3823,"INDUSTRIAL INSTRUMENTS FOR MEASUREMENT, DISPLAY, AND CONTROL"
MKTW,"MarketWise, Inc. Class A Common Stock",7372,SERVICES-PREPACKAGED SOFTWARE
MKTX,MarketAxess Holdings Inc.,6211,"SECURITY BROKERS, DEALERS & FLOTATION COMPANIES"
MKUL,,,UNKNOWN
MKZR,"MacKenzie Realty Capital, Inc. Common Stock",6798,REAL ESTATE INVESTMENT TRUSTS
ML,,,UNKNOWN
MLAA,Mountain Lake Acquisition Corp. II Class A Ordinary Shares,6770,BLANK CHECKS
MLAAU,Mountain Lake Acquisition Corp. II Units,6770,BLANK CHECKS
MLAB,Mesa Laboratories Inc,3823,"INDUSTRIAL INSTRUMENTS FOR MEASUREMENT, DISPLAY, AND CONTROL"
MLAC,,,UNKNOWN
MLACU,,,UNKNOWN
MLAI,,,UNKNOWN
MLCI,Mount Logan Capital Inc. Common Stock,6282,INVESTMENT ADVICE
MLGO,"MicroAlgo, Inc. Ordinary Shares",7371,SERVICES-COMPUTER PROGRAMMING SERVICES
MLI,"Mueller Industries, Inc.",3350,ROLLING DRAWING & EXTRUDING OF NONFERROUS METALS
MLKN,"MillerKnoll, Inc. Common Stock",2520,OFFICE FURNITURE
MLM,Martin Marietta Materials,1400,MINING & QUARRYING OF NONMETALLIC MINERALS (NO FUELS)
MLNK,,,UNKNOWN
MLP,Maui Land & Pineapple Co.,6500,REAL ESTATE
MLR,"Miller Industries, Inc.",3713,TRUCK & BUS BODIES
MLSS,"Milestone Scientific, Inc. Common Stock",3842,"ORTHOPEDIC, PROSTHETIC & SURGICAL APPLIANCES & SUPPLIES"
MLTX,MoonLake Immunotherapeutics Class A Ordinary Shares,2834,PHARMACEUTICAL PREPARATIONS
MLVF,,,UNKNOWN
MLYS,"Mineralys Therapeutics, Inc. Common Stock",2834,PHARMACEUTICAL PREPARATIONS
MMAT,,,UNKNOWN
MMC,,,UNKNOWN
MMD,NYLIM MacKay DefinedTerm Muni Opportunities Fund,,UNKNOWN
MMED,"MiniMed Group, Inc. Common Stock",3841,SURGICAL & MEDICAL INSTRUMENTS & APPARATUS
MMI,MARCUS & MILLICHAP,6531,REAL ESTATE AGENTS & MANAGERS (FOR OTHERS)
MMLP,Martin Midstream Partners LP,5171,WHOLESALE-PETROLEUM BULK STATIONS & TERMINALS
MMM,3M Company,3841,SURGICAL & MEDICAL INSTRUMENTS & APPARATUS
MMP,,,UNKNOWN
MMS,"MAXIMUS, Inc.",7389,"SERVICES-BUSINESS SERVICES, NEC"
MMSI,Merit Medical Systems Inc,3841,SURGICAL & MEDICAL INSTRUMENTS & APPARATUS
MMTX,Miluna Acquisition Corp Class A Ordinary Share,7371,SERVICES-COMPUTER PROGRAMMING SERVICES
MMU,"Western Asset Managed Municipals Fund, Inc",,UNKNOWN
MN,Corgi MANGOS ETF,,UNKNOWN
MNDT,,,UNKNOWN
MNK,,,UNKNOWN
MNKD,Mannkind Corporation,2834,PHARMACEUTICAL PREPARATIONS
MNMD,,,UNKNOWN
MNOV,"Medicinova, Inc.",2834,PHARMACEUTICAL PREPARATIONS
MNPR,Monopar Therapeutics Inc. Common Stock,2834,PHARMACEUTICAL PREPARATIONS
MNR,Mach Natural Resources LP Common Units representing Limited Partner Interests,1311,CRUDE PETROLEUM & NATURAL GAS
MNRL,,,UNKNOWN
MNRO,"Monro, Inc. Common Stock",7500,"SERVICES-AUTOMOTIVE REPAIR, SERVICES & PARKING"
MNRPC,,,UNKNOWN
MNSB,"MainStreet Bancshares, Inc. Common Stock",6022,STATE COMMERCIAL BANKS
MNST,Monster Beverage Corporation,2086,BOTTLED & CANNED SOFT DRINKS & CARBONATED WATERS
MNTK,"Montauk Renewables, Inc. Common Stock",4932,GAS & OTHER SERVICES COMBINED
MNTN,"MNTN, Inc.",7310,SERVICES-ADVERTISING
MNTS,Momentus Inc. Class A Common Stock,3760,GUIDED MISSILES & SPACE VEHICLES & PARTS
MNTV,,,UNKNOWN
MNTX,,,UNKNOWN
MO,"Altria Group, Inc.",2111,CIGARETTES
MOBI,"Mobia Medical, Inc. Common Stock",3841,SURGICAL & MEDICAL INSTRUMENTS & APPARATUS
MOBQ,MOBIQUITY TECH INC,,UNKNOWN
MOBV,,,UNKNOWN
MOBX,"Mobix Labs, Inc. Class A Common Stock",3674,SEMICONDUCTORS & RELATED DEVICES
MOD,Modine Manufacturing Co,3714,MOTOR VEHICLE PARTS & ACCESSORIES
MODD,"Modular Medical, Inc. Common Stock",3841,SURGICAL & MEDICAL INSTRUMENTS & APPARATUS
MODG,,,UNKNOWN
MODN,,,UNKNOWN
MODV,,,UNKNOWN
MOFG,,,UNKNOWN
MOG.A,Moog Inc.,3590,MISC INDUSTRIAL & COMMERCIAL MACHINERY & EQUIPMENT
MOH,"Molina Healthcare, Inc.",6324,HOSPITAL & MEDICAL SERVICE PLANS
MON,,,UNKNOWN
MOND,MONDEE HLDGS INC A,,UNKNOWN
MORF,,,UNKNOWN
MORN,"Morningstar, Inc.",6282,INVESTMENT ADVICE
MOS,The Mosaic Company,2870,AGRICULTURAL CHEMICALS
MOTS,MOTUS GI HOLDINGS INC,,UNKNOWN
MOV,"Movado Group, Inc.",3873,"WATCHES, CLOCKS, CLOCKWORK OPERATED DEVICES/PARTS"
MOVE,"Corvex, Inc. Common Stock",7374,SERVICES-COMPUTER PROCESSING & DATA PREPARATION
MP,MP Materials Corp.,1000,METAL MINING
MPA,BLACKROCK MUNIYIELD PENNSYLVANIA QUALITY FUND,,UNKNOWN
MPAA,"Motorcar Parts of America, Inc.",3714,MOTOR VEHICLE PARTS & ACCESSORIES
MPAC,,,UNKNOWN
MPB,"Mid Penn Bancorp, Inc.",6022,STATE COMMERCIAL BANKS
MPC,MARATHON PETROLEUM CORPORATION,2911,PETROLEUM REFINING
MPLN,,,UNKNOWN
MPLT,"MapLight Therapeutics, Inc. Common Stock",2834,PHARMACEUTICAL PREPARATIONS
MPLX,MPLX LP,4610,PIPE LINES (NO NATURAL GAS)
MPRA,,,UNKNOWN
MPT,"Medical Properties Trust, Inc.",6798,REAL ESTATE INVESTMENT TRUSTS
MPTI,"M-tron Industries, Inc.",3679,"ELECTRONIC COMPONENTS, NEC"
MPW,,,UNKNOWN
MPWR,"Monolithic Power Systems, Inc.",3674,SEMICONDUCTORS & RELATED DEVICES
MPX,,,UNKNOWN
MQ,"Marqeta, Inc. Class A Common Stock",7372,SERVICES-PREPACKAGED SOFTWARE
MQT,,,UNKNOWN
MQY,"Blackrock Muni Yield Quality Fund, Inc",,UNKNOWN
MRAI,MARPAI INC A,,UNKNOWN
MRAM,"Everspin Technologies, Inc",3674,SEMICONDUCTORS & RELATED DEVICES
MRBK,Meridian Corporation,6021,NATIONAL COMMERCIAL BANKS
MRC,,,UNKNOWN
MRCC,,,UNKNOWN
MRCY,Mercury Systems Inc.,3670,ELECTRONIC COMPONENTS & ACCESSORIES
MRDB,,,UNKNOWN
MRDN,Meridian Holdings Inc. Common Stock,7372,SERVICES-PREPACKAGED SOFTWARE
MREO,Mereo BioPharma Group plc American Depositary Shares,2834,PHARMACEUTICAL PREPARATIONS
MRIN,,,UNKNOWN
MRK,"Merck & Co., Inc.",2834,PHARMACEUTICAL PREPARATIONS
MRKR,"Marker Therapeutics, Inc. Common Stock",2834,PHARMACEUTICAL PREPARATIONS
MRLN,"Merlin, Inc. Common Stock",7373,SERVICES-COMPUTER INTEGRATED SYSTEMS DESIGN
MRNA,"Moderna, Inc. Common Stock",2836,"BIOLOGICAL PRODUCTS, (NO DIAGNOSTIC SUBSTANCES)"
MRNS,,,UNKNOWN
MRO,,,UNKNOWN
MRP,"Millrose Properties, Inc.",6500,REAL ESTATE
MRSH,Marsh,6411,"INSURANCE AGENTS, BROKERS & SERVICE"
MRSN,,,UNKNOWN
MRT,"Marti Technologies, Inc.",7510,SERVICES-AUTO RENTAL & LEASING (NO DRIVERS)
MRTN,Marten Transport Ltd,4213,TRUCKING (NO LOCAL)
MRTX,,,UNKNOWN
MRUS,,,UNKNOWN
MRVI,"Maravai LifeSciences Holdings, Inc. Class A Common Stock",2834,PHARMACEUTICAL PREPARATIONS
MRVL,"Marvell Technology, Inc. Common Stock",3674,SEMICONDUCTORS & RELATED DEVICES
MS,Morgan Stanley,6211,"SECURITY BROKERS, DEALERS & FLOTATION COMPANIES"
MSA,Mine Safety Incorporated,3842,"ORTHOPEDIC, PROSTHETIC & SURGICAL APPLIANCES & SUPPLIES"
MSAC,,,UNKNOWN
MSAI,"MultiSensor AI Holdings, Inc. Common Stock",3827,OPTICAL INSTRUMENTS & LENSES
MSB,Mesabi Trust,6795,MINERAL ROYALTY TRADERS
MSBI,"Midland States Bancorp, Inc. Common Stock",6022,STATE COMMERCIAL BANKS
MSBT,Morgan Stanley Bitcoin Trust,6221,COMMODITY CONTRACTS BROKERS & DEALERS
MSCI,"MSCI, Inc.",7389,"SERVICES-BUSINESS SERVICES, NEC"
MSDA,,,UNKNOWN
MSDL,Morgan Stanley Direct Lending Fund,,UNKNOWN
MSEX,Middlesex Water Co,4941,WATER SUPPLY
MSFT,Microsoft Corp,7372,SERVICES-PREPACKAGED SOFTWARE
MSGE,Madison Square Garden Entertainment Corp.,7990,SERVICES-MISCELLANEOUS AMUSEMENT & RECREATION
MSGM,Motorsport Games Inc. Class A Common Stock,7372,SERVICES-PREPACKAGED SOFTWARE
MSGS,Madison Square Garden Sports Corp.,7990,SERVICES-MISCELLANEOUS AMUSEMENT & RECREATION
MSI,"Motorola Solutions, Inc. New",3663,RADIO & TV BROADCASTING & COMMUNICATIONS EQUIPMENT
MSIF,"MSC Income Fund, Inc.",,UNKNOWN
MSM,"MSC Industrial Direct Co., Inc. Class A",5084,WHOLESALE-INDUSTRIAL MACHINERY & EQUIPMENT
MSN,Emerson Radio Corp.,3651,HOUSEHOLD AUDIO & VIDEO EQUIPMENT
MSP,,,UNKNOWN
MSS,Maison Solutions Inc. Class A Common Stock,5411,RETAIL-GROCERY STORES
MSSA,,,UNKNOWN
MSTR,Strategy Inc Common Stock Class A,6199,FINANCE SERVICES
MSVB,,,UNKNOWN
MTAL,Metals Acquisition Corp. II,6770,BLANK CHECKS
MTAL.U,"Metals Acquisition Corp. II Units, each consisting of one Class A ordinary share and one-third of one redeemable warrant",6770,BLANK CHECKS
MTB,M&T Bank Corp.,6022,STATE COMMERCIAL BANKS
MTBL,,,UNKNOWN
MTCH,"Match Group, Inc",7370,"SERVICES-COMPUTER PROGRAMMING, DATA PROCESSING, ETC."
MTCR,,,UNKNOWN
MTD,Mettler-Toledo International,3826,LABORATORY ANALYTICAL INSTRUMENTS
MTDR,MATADOR RESOURCES COMPANY,1311,CRUDE PETROLEUM & NATURAL GAS
MTEM,,,UNKNOWN
MTEX,Mannatech Inc.,2833,MEDICINAL CHEMICALS & BOTANICAL PRODUCTS
MTG,MGIC Investment Corp.,6351,SURETY INSURANCE
MTH,Meritage Homes Corporation,1531,OPERATIVE BUILDERS
MTMT,,,UNKNOWN
MTN,"Vail Resorts, Inc.",7990,SERVICES-MISCELLANEOUS AMUSEMENT & RECREATION
MTNB,"Matinas BioPharma Holdings, Inc.",2834,PHARMACEUTICAL PREPARATIONS
MTNE,CH4 Natural Solutions Corporation,6770,BLANK CHECKS
MTNE.U,"CH4 Natural Solutions Corporation Units, each consisting of one Class A ordinary share and one-half of one Warrant",6770,BLANK CHECKS
MTOR,,,UNKNOWN
MTR,Mesa Royalty Trust,6792,OIL ROYALTY TRADERS
MTRN,Materion Corporation,3460,METAL FORGINGS & STAMPINGS
MTRX,Matrix Service Co,1700,CONSTRUCTION - SPECIAL TRADE CONTRACTORS
MTRY,,,UNKNOWN
MTSI,"MACOM Technology Solutions Holdings, Inc",3674,SEMICONDUCTORS & RELATED DEVICES
MTSL,,,UNKNOWN
MTSR,,,UNKNOWN
MTTR,,,UNKNOWN
MTUS,Metallus Inc.,3312,"STEEL WORKS, BLAST FURNACES & ROLLING MILLS (COKE OVENS)"
MTVA,MetaVia Inc. Common Stock,2834,PHARMACEUTICAL PREPARATIONS
MTVC,,,UNKNOWN
MTW,"The Manitowoc Company, Inc.",3531,CONSTRUCTION MACHINERY & EQUIP
MTX,Minerals Technologies Inc,2810,INDUSTRIAL INORGANIC CHEMICALS
MTZ,"MasTec, Inc.",1623,"WATER, SEWER, PIPELINE, COMM & POWER LINE CONSTRUCTION"
MU,"Micron Technology, Inc.",3674,SEMICONDUCTORS & RELATED DEVICES
MUA,"Blackrock Muni Assets Fund, Inc.",,UNKNOWN
MUC,"BLACKROCK MUNIHOLDINGS CALIFORNIA QUALITY FUND, INC",,UNKNOWN
MUDS,,,UNKNOWN
MUE,,,UNKNOWN
MUI,,,UNKNOWN
MUJ,"BLACKROCK MUNIHOLDINGS NEW JERSEY QUALITY FUND, INC.",,UNKNOWN
MULN,,,UNKNOWN
MUR,Murphy Oil Corp.,1311,CRUDE PETROLEUM & NATURAL GAS
MURA,,,UNKNOWN
MUSA,MURPHY USA INC.,5500,RETAIL-AUTO DEALERS & GASOLINE STATIONS
MUX,McEwen Inc.,1040,GOLD AND SILVER ORES
MUZE,Muzero Acquisition Corp Class A Ordinary Shares,6770,BLANK CHECKS
MUZEU,Muzero Acquisition Corp Unit,6770,BLANK CHECKS
MVBF,MVB Financial Corp. Common Stock,6022,STATE COMMERCIAL BANKS
MVF,,,UNKNOWN
MVIS,Microvision Inc,3679,"ELECTRONIC COMPONENTS, NEC"
MVLA,MOVELLA HOLDINGS INC,,UNKNOWN
MVO,,,UNKNOWN
MVST,"Microvast Holdings, Inc. Common Stock",3690,"MISCELLANEOUS ELECTRICAL MACHINERY, EQUIPMENT & SUPPLIES"
MVT,,,UNKNOWN
MWA,"Mueller Water Products, Inc.",3490,MISCELLANEOUS FABRICATED METAL PRODUCTS
MWH,"SOLV Energy, Inc. Class A Common Stock",1600,HEAVY CONSTRUCTION OTHER THAN BLDG CONST - CONTRACTORS
MWYN,"Marwynn Holdings, Inc. Common stock",5141,"WHOLESALE-GROCERIES, GENERAL LINE"
MX,Magnachip Semiconductor Corp.,3674,SEMICONDUCTORS & RELATED DEVICES
MXC,Mexco Energy Corporation,1311,CRUDE PETROLEUM & NATURAL GAS
MXCT,"MaxCyte, Inc. Common Stock",8731,SERVICES-COMMERCIAL PHYSICAL & BIOLOGICAL RESEARCH
MXF,MEXICO FUND,,UNKNOWN
MXL,"MaxLinear, Inc. Common Stock",3674,SEMICONDUCTORS & RELATED DEVICES
MYD,,,UNKNOWN
MYE,"Myers Industries, Inc.",3089,"PLASTICS PRODUCTS, NEC"
MYFW,"First Western Financial, Inc.",6022,STATE COMMERCIAL BANKS
MYGN,Myriad Genetics Inc,2835,IN VITRO & IN VIVO DIAGNOSTIC SUBSTANCES
MYI,"BLACKROCK MUNIYIELD QUALITY FUND III, INC.",,UNKNOWN
MYN,"BLACKROCK MUNIYIELD NEW YORK QUALITY FUND, INC.",,UNKNOWN
MYNZ,,,UNKNOWN
MYO,Myomo Inc.,3842,"ORTHOPEDIC, PROSTHETIC & SURGICAL APPLIANCES & SUPPLIES"
MYOV,,,UNKNOWN
MYPS,"PLAYSTUDIOS, Inc. Class A Common Stock",7372,SERVICES-PREPACKAGED SOFTWARE
MYRG,"MYR Group, Inc.",1623,"WATER, SEWER, PIPELINE, COMM & POWER LINE CONSTRUCTION"
MYSE,"Myseum.AI, Inc. Common Stock",4822,TELEGRAPH & OTHER MESSAGE COMMUNICATIONS
MYSZ,"My Size, Inc",7372,SERVICES-PREPACKAGED SOFTWARE
MYX,Maywood Acquisition Corp. 2 Class A Ordinary Share,6770,BLANK CHECKS
MZTI,The Marzetti Company Common Stock,2030,"CANNED, FROZEN & PRESERVD FRUIT, VEG & FOOD SPECIALTIES"
MZYX,MOZAYYX Acquisition Corp.,6770,BLANK CHECKS
MZYX.U,"MOZAYYX Acquisition Corp. Units, each consisting of one Class A ordinary share and one-quarter of one redeemable warrant",6770,BLANK CHECKS
NAAC,,,UNKNOWN
NABL,"N-able, Inc.",7372,SERVICES-PREPACKAGED SOFTWARE
NAC,Nuveen California Quality Municipal Income Fund,,UNKNOWN
NAD,Nuveen Quality Municipal Income Fund,,UNKNOWN
NAGE,"Niagen Bioscience, Inc. Common Stock",2833,MEDICINAL CHEMICALS & BOTANICAL PRODUCTS
NAII,Natural Alternatives International Inc.,2833,MEDICINAL CHEMICALS & BOTANICAL PRODUCTS
NAKA,Nakamoto Inc. Common Stock,6199,FINANCE SERVICES
NAMS,NewAmsterdam Pharma Company N.V. Ordinary Shares,2834,PHARMACEUTICAL PREPARATIONS
NAN,Nuveen New York Quality Municipal Income Fund,,UNKNOWN
NAOV,,,UNKNOWN
NAPA,,,UNKNOWN
NARI,,,UNKNOWN
NATH,Nathan's Famous Inc,5812,RETAIL-EATING PLACES
NATI,,,UNKNOWN
NATL,NCR Atleos Corporation,3578,CALCULATING & ACCOUNTING MACHINES (NO ELECTRONIC COMPUTERS)
NATR,Nature's Sunshine Products Inc.,2834,PHARMACEUTICAL PREPARATIONS
NAUT,"Nautilus Biotechnolgy, Inc. Common Stock",3826,LABORATORY ANALYTICAL INSTRUMENTS
NAVB,,,UNKNOWN
NAVN,"Navan, Inc. Class A Common Stock",7372,SERVICES-PREPACKAGED SOFTWARE
NAYA,,,UNKNOWN
NAZ,Nuveen Arizona Quality Municipal Income Fund,,UNKNOWN
NB,NioCorp Developments Ltd. Common Stock,1000,METAL MINING
NBB,Nuveen Taxable Municipal Income Fund,,UNKNOWN
NBBK,"NB Bancorp, Inc. Common Stock",6036,"SAVINGS INSTITUTIONS, NOT FEDERALLY CHARTERED"
NBEV,,,UNKNOWN
NBHC,NATIONAL BANK HOLDINGS CORP.,6021,NATIONAL COMMERCIAL BANKS
NBIX,Neurocrine Biosciences Inc,2836,"BIOLOGICAL PRODUCTS, (NO DIAGNOSTIC SUBSTANCES)"
NBR,Nabors Industries Ltd.,1381,DRILLING OIL & GAS WELLS
NBRG,Newbridge Acquisition Limited Class A Ordinary Share,6770,BLANK CHECKS
NBRGU,Newbridge Acquisition Limited Unit,6770,BLANK CHECKS
NBRV,,,UNKNOWN
NBSE,,,UNKNOWN
NBST,,,UNKNOWN
NBTB,NBT Bancorp Inc,6021,NATIONAL COMMERCIAL BANKS
NBY,,,UNKNOWN
NC,"NACCO Industries, Inc.",1221,BITUMINOUS COAL & LIGNITE SURFACE MINING
NCA,Nuveen California Municipal Value Fund,,UNKNOWN
NCAC,,,UNKNOWN
NCDL,Nuveen Churchill Direct Lending Corp,,UNKNOWN
NCIQ,Hashdex Nasdaq CME Crypto Index ETF Shares of Beneficial Interest,6221,COMMODITY CONTRACTS BROKERS & DEALERS
NCL,,,UNKNOWN
NCLH,Norwegian Cruise Line Holdings Ltd. Ordinary Shares,4400,WATER TRANSPORTATION
NCMI,"National CineMedia, Inc.",7310,SERVICES-ADVERTISING
NCNO,"nCino, Inc. Common Stock",7372,SERVICES-PREPACKAGED SOFTWARE
NCPL,Netcapital Inc. Common Stock,6199,FINANCE SERVICES
NCRA,"Nocera, Inc. Common Stock",0200,UNKNOWN
NCSM,,,UNKNOWN
NDAC,,,UNKNOWN
NDAQ,"Nasdaq, Inc. Common Stock",6200,"SECURITY & COMMODITY BROKERS, DEALERS, EXCHANGES & SERVICES"
NDLS,Noodles & Company Class A,5812,RETAIL-EATING PLACES
NDMO,Nuveen Dynamic Municipal Opportunities Fund Common Shares of Beneficial Interest,,UNKNOWN
NDP,,,UNKNOWN
NDRA,ENDRA Life Sciences Inc. Common Stock,3845,ELECTROMEDICAL & ELECTROTHERAPEUTIC APPARATUS
NDSN,Nordson Corp,3569,"GENERAL INDUSTRIAL MACHINERY & EQUIPMENT, NEC"
NE,Noble Corporation plc,1381,DRILLING OIL & GAS WELLS
NEA,Nuveen AMT-Free Quality Municipal Income Fund,,UNKNOWN
NECB,"Northeast Community Bancorp, Inc.",6036,"SAVINGS INSTITUTIONS, NOT FEDERALLY CHARTERED"
NEE,"NextEra Energy, Inc.",4911,ELECTRIC SERVICES
NEHC,,,UNKNOWN
NEM,Newmont Corporation,1040,GOLD AND SILVER ORES
NEN,New England Realty Associates Limited Partnership,6513,OPERATORS OF APARTMENT BUILDINGS
NEO,"NeoGenomics, Inc.",8734,SERVICES-TESTING LABORATORIES
NEOG,Neogen Corp,2835,IN VITRO & IN VIVO DIAGNOSTIC SUBSTANCES
NEON,Neonode Inc. Common Stock,3679,"ELECTRONIC COMPONENTS, NEC"
NEOV,NeoVolta Inc. Common Stock,3690,"MISCELLANEOUS ELECTRICAL MACHINERY, EQUIPMENT & SUPPLIES"
NEP,,,UNKNOWN
NEPH,Nephros Inc.,3841,SURGICAL & MEDICAL INSTRUMENTS & APPARATUS
NEPT,,,UNKNOWN
NERV,"Minerva Neurosciences, Inc",2834,PHARMACEUTICAL PREPARATIONS
NES,,,UNKNOWN
NESR,National Energy Services Reunited Corp. Ordinary Shares,1389,"OIL & GAS FIELD SERVICES, NEC"
NET,"Cloudflare, Inc. Class A common stock, par value $0.001 per share",7372,SERVICES-PREPACKAGED SOFTWARE
NETC,,,UNKNOWN
NETD,,,UNKNOWN
NEU,NewMarket Corporation,2860,INDUSTRIAL ORGANIC CHEMICALS
NEUE,,,UNKNOWN
NEUP,Neuphoria Therapeutics Inc. Common Stock,2834,PHARMACEUTICAL PREPARATIONS
NEV,,,UNKNOWN
NEWR,,,UNKNOWN
NEWT,"NewtekOne, Inc. Common Stock",6021,NATIONAL COMMERCIAL BANKS
NEX,,,UNKNOWN
NEXI,NEXIMMUNE INC,,UNKNOWN
NEXM,NexMetals Mining Corp. Common Shares,1000,METAL MINING
NEXT,NextDecade Corporation Common Stock,4923,NATURAL GAS TRANSMISSION & DISTRIBUTION
NFBK,,,UNKNOWN
NFE,New Fortress Energy Inc. Class A Common Stock,4924,NATURAL GAS DISTRIBUTION
NFG,National Fuel Gas Co.,4924,NATURAL GAS DISTRIBUTION
NFLX,NetFlix Inc,7841,SERVICES-VIDEO TAPE RENTAL
NFNT,,,UNKNOWN
NFYS,,,UNKNOWN
NG,NovaGold Resources Inc.,1040,GOLD AND SILVER ORES
NGC,,,UNKNOWN
NGL,NGL ENERGY PARTNERS LP,4922,NATURAL GAS TRANSMISSION
NGM,,,UNKNOWN
NGNE,"Neurogene, Inc. Common Stock",2834,PHARMACEUTICAL PREPARATIONS
NGS,"Natural Gas Services Group, Inc.",1389,"OIL & GAS FIELD SERVICES, NEC"
NGVC,"NATURAL GROCERS BY VITAMIN COTTAGE, INC",5411,RETAIL-GROCERY STORES
NGVT,Ingevity Corporation,2800,CHEMICALS & ALLIED PRODUCTS
NH,,,UNKNOWN
NHC,National Healthcare Corp.,8051,SERVICES-SKILLED NURSING CARE FACILITIES
NHI,National Health Investors,6798,REAL ESTATE INVESTMENT TRUSTS
NHIC,,,UNKNOWN
NHIVU,NewHold Investment Corp IV Units,6770,BLANK CHECKS
NHP,"National Healthcare Properties, Inc. Class A Common Stock",6798,REAL ESTATE INVESTMENT TRUSTS
NHTC,Natural Health Trends Corp.,5190,WHOLESALE-MISCELLANEOUS NONDURABLE GOODS
NI,NiSource Inc.,4931,ELECTRIC & OTHER SERVICES COMBINED
NIC,"Nicolet Bankshares,Inc.",6021,NATIONAL COMMERCIAL BANKS
NID,,,UNKNOWN
NIM,Nuveen Select Maturities Municipal Fund,,UNKNOWN
NINE,"Nine Energy Service, Inc.",1389,"OIL & GAS FIELD SERVICES, NEC"
NIQ,NIQ Global Intelligence plc,7370,"SERVICES-COMPUTER PROGRAMMING, DATA PROCESSING, ETC."
NIR,,,UNKNOWN
NITO,,,UNKNOWN
NIXX,"Nixxy, Inc. Common Stock",7371,SERVICES-COMPUTER PROGRAMMING SERVICES
NJR,New Jersey Resources Corp,4924,NATURAL GAS DISTRIBUTION
NKE,"Nike, Inc.",3021,RUBBER & PLASTICS FOOTWEAR
NKG,,,UNKNOWN
NKGN,NKGEN BIOTECH INC,,UNKNOWN
NKLA,,,UNKNOWN
NKLR,Terra Innovatum Global N.V. Ordinary shares,3443,FABRICATED PLATE WORK (BOILER SHOPS)
NKSH,National Bankshares Inc/VA,6021,NATIONAL COMMERCIAL BANKS
NKTR,Nektar Therapeutics,2834,PHARMACEUTICAL PREPARATIONS
NKTX,"Nkarta, Inc. Common Stock",2834,PHARMACEUTICAL PREPARATIONS
NKX,Nuveen California AMT-Free Quality Municipal Income Fund,,UNKNOWN
NL,"NLI Holdings, Inc.",2810,INDUSTRIAL INORGANIC CHEMICALS
NLOP,Net Lease Office Properties,6798,REAL ESTATE INVESTMENT TRUSTS
NLSN,,,UNKNOWN
NLY,Annaly Capital Management. Inc.,6798,REAL ESTATE INVESTMENT TRUSTS
NMAI,Nuveen Multi-Asset Income Fund,,UNKNOWN
NMAX,"Newsmax, Inc.",4833,TELEVISION BROADCASTING STATIONS
NMCO,Nuveen Municipal Credit Opportunities Fund,,UNKNOWN
NMFC,NEW MOUNTAIN FINANCE CORPORATION,,UNKNOWN
NMHI,NATURE'S MIRACLE HLDG INC,,UNKNOWN
NMI,Nuveen Municipal Income,,UNKNOWN
NMIH,NMI Holdings Inc. Common Stock,6351,SURETY INSURANCE
NMMC,,,UNKNOWN
NMP,NMP Acquisition Corp. Class A Ordinary Shares,6770,BLANK CHECKS
NMRA,"Neumora Therapeutics, Inc. Common Stock",2836,"BIOLOGICAL PRODUCTS, (NO DIAGNOSTIC SUBSTANCES)"
NMRD,NEMAURA MEDICAL INC,,UNKNOWN
NMRK,"Newmark Group, Inc. Class A Common Stock",6531,REAL ESTATE AGENTS & MANAGERS (FOR OTHERS)
NMS,Nuveen Minnesota Quality Municipal Income Fund,,UNKNOWN
NMT,Nuveen Massachusetts Quality Municipal Income Fund,,UNKNOWN
NMTC,NeuroOne Medical Technologies Corporation Common Stock,3841,SURGICAL & MEDICAL INSTRUMENTS & APPARATUS
NMTR,,,UNKNOWN
NMZ,Nuveen Municipal High Income Opportunity Fund,,UNKNOWN
NN,NextNav Inc. Common Stock,3812,"SEARCH, DETECTION, NAVIGATION, GUIDANCE, AERONAUTICAL SYS"
NNAG,,,UNKNOWN
NNBR,NN Inc,3540,METALWORKG MACHINERY & EQUIPMENT
NNDM,Nano Dimension Ltd. American Depositary Shares,3672,PRINTED CIRCUIT BOARDS
NNE,Nano Nuclear Energy Inc. Common Stock,4911,ELECTRIC SERVICES
NNI,"Nelnet, Inc. Class A",6141,PERSONAL CREDIT INSTITUTIONS
NNN,"NNN REIT, Inc.",6798,REAL ESTATE INVESTMENT TRUSTS
NNVC,NanoViricides Inc.,2834,PHARMACEUTICAL PREPARATIONS
NNY,Nuveen New York Municipal Value Fund,,UNKNOWN
NOAC,,,UNKNOWN
NOC,Northrop Grumman Corp.,3812,"SEARCH, DETECTION, NAVIGATION, GUIDANCE, AERONAUTICAL SYS"
NODK,"NI Holdings, Inc.",6331,"FIRE, MARINE & CASUALTY INSURANCE"
NOEM,CO2 Energy Transition Corp. Common Stock,6770,BLANK CHECKS
NOEMU,CO2 Energy Transition Corp. Unit,6770,BLANK CHECKS
NOG,"Northern Oil and Gas, Inc.",1311,CRUDE PETROLEUM & NATURAL GAS
NOGN,,,UNKNOWN
NOM,,,UNKNOWN
NOMA,NOMADAR Corp. Class A Common Stock,7900,SERVICES-AMUSEMENT & RECREATION SERVICES
NOTE,FISCALNOTE HLDG INC A,,UNKNOWN
NOTV,,,UNKNOWN
NOV,NOV Inc.,3533,OIL & GAS FIELD MACHINERY & EQUIPMENT
NOVA,,,UNKNOWN
NOVN,,,UNKNOWN
NOVT,Novanta Inc. Common Stock,3690,"MISCELLANEOUS ELECTRICAL MACHINERY, EQUIPMENT & SUPPLIES"
NOVV,,,UNKNOWN
NOW,"SERVICENOW, INC.",7372,SERVICES-PREPACKAGED SOFTWARE
NP,Neptune Insurance Holdings Inc.,6411,"INSURANCE AGENTS, BROKERS & SERVICE"
NPAB,,,UNKNOWN
NPAC,New Providence Acquisition Corp. III Class A Ordinary Shares,6770,BLANK CHECKS
NPB,"Northpointe Bancshares, Inc.",6022,STATE COMMERCIAL BANKS
NPCE,"Neuropace, Inc. Common Stock",3841,SURGICAL & MEDICAL INSTRUMENTS & APPARATUS
NPCT,Nuveen Core Plus Impact Fund,,UNKNOWN
NPFD,Nuveen Variable Rate Preferred & Income Fund,,UNKNOWN
NPK,"National Presto Industries, Inc.",3480,"ORDNANCE & ACCESSORIES, (NO VEHICLES/GUIDED MISSILES)"
NPKI,NPK International Inc.,7350,SERVICES-MISCELLANEOUS EQUIPMENT RENTAL & LEASING
NPO,Enpro Inc.,3050,"GASKETS, PACKG & SEALG DEVICES & RUBBER & PLASTICS HOSE"
NPTN,,,UNKNOWN
NPV,Nuveen Virginia Quality Municipal Income Fund,,UNKNOWN
NPWR,NET Power Inc.,3620,ELECTRICAL INDUSTRIAL APPARATUS
NQP,,,UNKNOWN
NRAC,,,UNKNOWN
NRC,NRC Health Common Stock,8731,SERVICES-COMMERCIAL PHYSICAL & BIOLOGICAL RESEARCH
NRDS,"NerdWallet, Inc. Class A Common Stock",7374,SERVICES-COMPUTER PROCESSING & DATA PREPARATION
NRDY,Nerdy Inc.,8200,SERVICES-EDUCATIONAL SERVICES
NREF,"NexPoint Real Estate Finance, Inc.",6798,REAL ESTATE INVESTMENT TRUSTS
NRG,"NRG Energy, Inc.",4911,ELECTRIC SERVICES
NRGV,"Energy Vault Holdings, Inc.",3690,"MISCELLANEOUS ELECTRICAL MACHINERY, EQUIPMENT & SUPPLIES"
NRIM,Northrim BanCorp Inc,6035,"SAVINGS INSTITUTION, FEDERALLY CHARTERED"
NRIX,"Nurix Therapeutics, Inc. Common stock",2834,PHARMACEUTICAL PREPARATIONS
NRK,Nuveen New York AMT-Free Quality Municipal Income Fund,,UNKNOWN
NRP,Natural Resource Partners L.P.,1221,BITUMINOUS COAL & LIGNITE SURFACE MINING
NRT,North European Oil Royalty Trust,6792,OIL ROYALTY TRADERS
NRUC,National Rural Utilities Cooperative Finance Corporation 5.500% Subordinated Notes due 2064 (Subordinated Deferrable Interest Notes),6159,MISCELLANEOUS BUSINESS CREDIT INSTITUTION
NRXP,"NRX Pharmaceuticals, Inc. Common Stock",2834,PHARMACEUTICAL PREPARATIONS
NRXS,"Neuraxis, Inc.",3845,ELECTROMEDICAL & ELECTROTHERAPEUTIC APPARATUS
NSA,,,UNKNOWN
NSC,Norfolk Southern Corp.,4011,"RAILROADS, LINE-HAUL OPERATING"
NSEC,,,UNKNOWN
NSIT,Insight Enterprises Inc,5961,RETAIL-CATALOG & MAIL-ORDER HOUSES
NSL,,,UNKNOWN
NSP,"Insperity, Inc",7363,SERVICES-HELP SUPPLY SERVICES
NSPR,"InspireMD, Inc.",3841,SURGICAL & MEDICAL INSTRUMENTS & APPARATUS
NSS,,,UNKNOWN
NSSC,"Napco Security Technologies, Inc",3669,"COMMUNICATIONS EQUIPMENT, NEC"
NSTB,,,UNKNOWN
NSTC,,,UNKNOWN
NSTD,,,UNKNOWN
NSTG,,,UNKNOWN
NSTS,,,UNKNOWN
NSYS,Nortech Systems Inc,3679,"ELECTRONIC COMPONENTS, NEC"
NTAP,"NetApp, Inc",3572,COMPUTER STORAGE DEVICES
NTBL,,,UNKNOWN
NTCT,Netscout Systems Inc,7373,SERVICES-COMPUTER INTEGRATED SYSTEMS DESIGN
NTG,,,UNKNOWN
NTGR,"NETGEAR, Inc.",3576,COMPUTER COMMUNICATIONS EQUIPMENT
NTHI,"NeOnc Technologies Holdings, Inc. Common Stock",2834,PHARMACEUTICAL PREPARATIONS
NTIC,Northern Technologies International Corp.,3470,"COATING, ENGRAVING & ALLIED SERVICES"
NTIP,"Network-1 Technologies, Inc.",6794,PATENT OWNERS & LESSORS
NTLA,"Intellia Therapeutics, Inc",2835,IN VITRO & IN VIVO DIAGNOSTIC SUBSTANCES
NTNX,"Nutanix, Inc. Class A Common Stock",7372,SERVICES-PREPACKAGED SOFTWARE
NTRA,"Natera, Inc. Common Stock",8071,SERVICES-MEDICAL LABORATORIES
NTRB,Nutriband Inc. Common Stock,3842,"ORTHOPEDIC, PROSTHETIC & SURGICAL APPLIANCES & SUPPLIES"
NTRP,"NextTrip, Inc. Common Stock",4700,TRANSPORTATION SERVICES
NTRS,Northern Trust Corp,6022,STATE COMMERCIAL BANKS
NTSK,"Netskope, Inc. Class A Common Stock",7372,SERVICES-PREPACKAGED SOFTWARE
NTST,NetSTREIT Corp.,6798,REAL ESTATE INVESTMENT TRUSTS
NTUS,,,UNKNOWN
NTWK,"NetSol Technologies, Inc.",7372,SERVICES-PREPACKAGED SOFTWARE
NTWO,Newbury Street II Acquisition Corp Class A Ordinary Shares,6770,BLANK CHECKS
NUAI,"New Era Energy & Digital, Inc. Common Stock",1311,CRUDE PETROLEUM & NATURAL GAS
NUAN,,,UNKNOWN
NUCL,Eagle Nuclear Energy Corp. Common stock,1090,MISCELLANEOUS METAL ORES
NUE,Nucor Corporation,3312,"STEEL WORKS, BLAST FURNACES & ROLLING MILLS (COKE OVENS)"
NUKK,,,UNKNOWN
NUO,,,UNKNOWN
NURO,,,UNKNOWN
NUS,"NuSkin Enterprises, Inc.",5122,"WHOLESALE-DRUGS, PROPRIETARIES & DRUGGISTS' SUNDRIES"
NUTR,,,UNKNOWN
NUTX,Nutex Health Inc. Common Stock,7389,"SERVICES-BUSINESS SERVICES, NEC"
NUV,"Nuveen Municipal Value Fund, Inc.",,UNKNOWN
NUVA,,,UNKNOWN
NUVB,Nuvation Bio Inc.,2834,PHARMACEUTICAL PREPARATIONS
NUVL,,,UNKNOWN
NUW,Nuveen AMT-Free Municipal Value Fund,,UNKNOWN
NUWE,"Nuwellis, Inc. Common Stock",3845,ELECTROMEDICAL & ELECTROTHERAPEUTIC APPARATUS
NVA,Nova Minerals Corp,1040,GOLD AND SILVER ORES
NVAC,,,UNKNOWN
NVAX,Novavax Inc,2836,"BIOLOGICAL PRODUCTS, (NO DIAGNOSTIC SUBSTANCES)"
NVCR,NovoCure Limited Ordinary Shares,3841,SURGICAL & MEDICAL INSTRUMENTS & APPARATUS
NVCT,"Nuvectis Pharma, Inc. Common Stock",2834,PHARMACEUTICAL PREPARATIONS
NVDA,Nvidia Corp,3674,SEMICONDUCTORS & RELATED DEVICES
NVEC,NVE Corp,3674,SEMICONDUCTORS & RELATED DEVICES
NVEE,,,UNKNOWN
NVFY,,,UNKNOWN
NVG,Nuveen AMT-Free Municipal Credit Income Fund,,UNKNOWN
NVIV,,,UNKNOWN
NVNO,enVVeno Medical Corporation Common Stock,3841,SURGICAL & MEDICAL INSTRUMENTS & APPARATUS
NVOS,NOVO INTEGRATED SCIENCES,,UNKNOWN
NVR,"NVR, Inc.",1531,OPERATIVE BUILDERS
NVRI,Enviri Corporation,4953,REFUSE SYSTEMS
NVRO,,,UNKNOWN
NVSA,,,UNKNOWN
NVST,"Envista Holdings Corporation Common stock, $0.01 par value per share",3843,DENTAL EQUIPMENT & SUPPLIES
NVT,nVent Electric plc Ordinary Shares,3550,SPECIAL INDUSTRY MACHINERY (NO METALWORKING MACHINERY)
NVTA,,,UNKNOWN
NVTS,Navitas Semiconductor Corporation Common Stock,3674,SEMICONDUCTORS & RELATED DEVICES
NVVE,NUVVE HOLDING CORP NEW,,UNKNOWN
NWAX,New America Acquisition I Corp.,6770,BLANK CHECKS
NWAX.U,"New America Acquisition I Corp. Units, each consisting of one share of Class A common stock and one-half of one redeemable warrant",6770,BLANK CHECKS
NWBI,"Northwest Bancshares, Inc",6021,NATIONAL COMMERCIAL BANKS
NWE,"NorthWestern Energy Group, Inc. Common Stock",4931,ELECTRIC & OTHER SERVICES COMBINED
NWFL,Norwood Financial Corp,6022,STATE COMMERCIAL BANKS
NWL,Newell Brands Inc.,3089,"PLASTICS PRODUCTS, NEC"
NWLI,,,UNKNOWN
NWN,Northwest Natural Holding Company,4924,NATURAL GAS DISTRIBUTION
NWPX,"NWPX Infrastructure, Inc. Common Stock",3317,STEEL PIPE & TUBES
NWS,News Corporation Class B Common Stock,2711,NEWSPAPERS: PUBLISHING OR PUBLISHING & PRINTING
NWTG,"Newton Golf Company, Inc. Common Stock",3949,"SPORTING & ATHLETIC GOODS, NEC"
NX,Quanex Building Products Corporation,3350,ROLLING DRAWING & EXTRUDING OF NONFERROUS METALS
NXB,NextBoat Inc.,3730,SHIP & BOAT BUILDING & REPAIRING
NXC,,,UNKNOWN
NXDR,"Nextdoor Holdings, Inc.",7370,"SERVICES-COMPUTER PROGRAMMING, DATA PROCESSING, ETC."
NXDT,NexPoint Diversified Real Estate Trust,6798,REAL ESTATE INVESTMENT TRUSTS
NXG,NXG NextGen Infrastructure Income Fund,,UNKNOWN
NXGL,"NexGel, Inc Common Stock",3841,SURGICAL & MEDICAL INSTRUMENTS & APPARATUS
NXGN,,,UNKNOWN
NXJ,,,UNKNOWN
NXL,"Nexalin Technology, Inc. Common Stock",3845,ELECTROMEDICAL & ELECTROTHERAPEUTIC APPARATUS
NXN,,,UNKNOWN
NXP,NUVEEN SELECT TAX-FREE INC,,UNKNOWN
NXPI,NXP Semiconductors N.V.,3674,SEMICONDUCTORS & RELATED DEVICES
NXPL,NextPlat Corp Common Stock,4813,TELEPHONE COMMUNICATIONS (NO RADIOTELEPHONE)
NXRT,NexPoint Residential Trust Inc,6798,REAL ESTATE INVESTMENT TRUSTS
NXST,"Nexstar Media Group, Inc. Common Stock",4833,TELEVISION BROADCASTING STATIONS
NXT,Nextpower Inc. Common Stock,3674,SEMICONDUCTORS & RELATED DEVICES
NXTC,"NextCure, Inc. Common Stock",2834,PHARMACEUTICAL PREPARATIONS
NXTP,NEXTPLAY TECHS INC,,UNKNOWN
NXTS,Nexentis Technologies Inc. Common Stock,2834,PHARMACEUTICAL PREPARATIONS
NXTT,Next Technology Holding Inc. Ordinary Shares,7374,SERVICES-COMPUTER PROCESSING & DATA PREPARATION
NXU,,,UNKNOWN
NXXT,"NextNRG, Inc. Common Stock",5500,RETAIL-AUTO DEALERS & GASOLINE STATIONS
NYC,American Strategic Investment Co.,6798,REAL ESTATE INVESTMENT TRUSTS
NYMT,,,UNKNOWN
NYT,New York Times Co.,2711,NEWSPAPERS: PUBLISHING OR PUBLISHING & PRINTING
NYX,,,UNKNOWN
NZF,Nuveen Municipal Credit Income Fund,,UNKNOWN
O,Realty Income Corporation,6798,REAL ESTATE INVESTMENT TRUSTS
OABI,"OmniAb, Inc. Common Stock",8731,SERVICES-COMMERCIAL PHYSICAL & BIOLOGICAL RESEARCH
OACB,,,UNKNOWN
OACC,Oaktree Acquisition Corp. III Life Sciences Class A Ordinary Share,6770,BLANK CHECKS
OAKU,,,UNKNOWN
OAKPA,,,UNKNOWN
OB,,,UNKNOWN
OBA,Oxley Bridge Acquisition Limited Class A Ordinary Shares,6770,BLANK CHECKS
OBAI,"Our Bond, Inc. Common Stock",4899,"COMMUNICATIONS SERVICES, NEC"
OBCI,,,UNKNOWN
OBDC,Blue Owl Capital Corporation,,UNKNOWN
OBDE,,,UNKNOWN
OBIO,"Orchestra BioMed Holdings, Inc. Ordinary Shares",3841,SURGICAL & MEDICAL INSTRUMENTS & APPARATUS
OBK,"Origin Bancorp, Inc.",6022,STATE COMMERCIAL BANKS
OBLG,,,UNKNOWN
OBSV,,,UNKNOWN
OBT,"Orange County Bancorp, Inc. Common Stock",6022,STATE COMMERCIAL BANKS
OBTC,Osprey Bitcoin Trust Common Units of Beneficial Interest,6221,COMMODITY CONTRACTS BROKERS & DEALERS
OC,Owens Corning,3290,"ABRASIVE, ASBESTOS & MISC NONMETALLIC MINERAL PRODS"
OCA,,,UNKNOWN
OCAC.U,"Ocean Capital Acquisition Corporation Units, each consisting of one Class A Ordinary Share, one redeemable Warrant and one Right",6770,BLANK CHECKS
OCAX,,,UNKNOWN
OCC,Optical Cable Corp.,3357,DRAWING & INSULATING OF NONFERROUS WIRE
OCDX,,,UNKNOWN
OCEA,OCEAN BIOMEDICAL INC,,UNKNOWN
OCFC,OceanFirst Financial Corp,6021,NATIONAL COMMERCIAL BANKS
OCGN,"Ocugen, Inc. Common Stock",2836,"BIOLOGICAL PRODUCTS, (NO DIAGNOSTIC SUBSTANCES)"
OCSL,Oaktree Specialty Lending Corporation,,UNKNOWN
OCTO,,,UNKNOWN
OCTV,Octave Intelligence plc Class B Ordinary Shares,7372,SERVICES-PREPACKAGED SOFTWARE
OCUL,"Ocular Therapeutix, Inc.",2834,PHARMACEUTICAL PREPARATIONS
OCX,,,UNKNOWN
ODC,Oil-Dri Corporation of America,3990,MISCELLANEOUS MANUFACTURING INDUSTRIES
ODFL,Old Dominion Freight Line,4213,TRUCKING (NO LOCAL)
ODP,,,UNKNOWN
ODT,,,UNKNOWN
ODTX,"Odyssey Therapeutics, Inc. Common Stock",2836,"BIOLOGICAL PRODUCTS, (NO DIAGNOSTIC SUBSTANCES)"
ODYS,Odysight.ai Inc. Common Stock,7373,SERVICES-COMPUTER INTEGRATED SYSTEMS DESIGN
OEC,Orion S.A.,2890,MISCELLANEOUS CHEMICAL PRODUCTS
OEPW,,,UNKNOWN
OESX,"Orion Energy Systems, Inc.",3640,ELECTRIC LIGHTING & WIRING EQUIPMENT
OFAL,OFA Group Class A Ordinary Shares,8711,SERVICES-ENGINEERING SERVICES
OFED,OCONEE FEDERAL FINCL CORP,,UNKNOWN
OFG,OFG BANCORP,6022,STATE COMMERCIAL BANKS
OFIX,Orthofix Medical Inc. Common Stock (DE),3841,SURGICAL & MEDICAL INSTRUMENTS & APPARATUS
OFLX,"Omega Flex, Inc.",3430,"HEATING EQUIP, EXCEPT ELEC & WARM AIR; & PLUMBING FIXTURES"
OFRM,"Once Upon a Farm, PBC",2000,FOOD AND KINDRED PRODUCTS
OFS,OFS Capital Corporation,,UNKNOWN
OGE,OGE Energy Corp.,4911,ELECTRIC SERVICES
OGEN,Oragenics Inc.,2834,PHARMACEUTICAL PREPARATIONS
OGN,Organon & Co.,2834,PHARMACEUTICAL PREPARATIONS
OGS,"ONE GAS, INC.",4924,NATURAL GAS DISTRIBUTION
OHAA,,,UNKNOWN
OHAC,Oceanhawk Acquisition Corp. Class A Ordinary Shares,6770,BLANK CHECKS
OHACU,Oceanhawk Acquisition Corp. Units,6770,BLANK CHECKS
OHI,Omega Healthcare Investors Inc.,6798,REAL ESTATE INVESTMENT TRUSTS
OHPA,,,UNKNOWN
OI,"O-I Glass, Inc.",3221,GLASS CONTAINERS
OIG,Orion180 Insurance Group Inc. Class A common stock,,UNKNOWN
OII,Oceaneering International Inc.,1389,"OIL & GAS FIELD SERVICES, NEC"
OIM,OneIM Acquisition Corp. Class A Ordinary Shares,6770,BLANK CHECKS
OIS,"OIL STATES INTERNATIONAL, INC.",3533,OIL & GAS FIELD MACHINERY & EQUIPMENT
OKE,"Oneok, Inc.",4923,NATURAL GAS TRANSMISSION & DISTRIBUTION
OKLO,Oklo Inc.,4911,ELECTRIC SERVICES
OKTA,"Okta, Inc. Class A Common Stock",7372,SERVICES-PREPACKAGED SOFTWARE
OKUR,"OnKure Therapeutics, Inc. Class A Common Stock",2834,PHARMACEUTICAL PREPARATIONS
OLB,"The OLB Group, Inc. Common Stock",7389,"SERVICES-BUSINESS SERVICES, NEC"
OLED,Universal Display Corp,3670,ELECTRONIC COMPONENTS & ACCESSORIES
OLLI,"Ollie's Bargain Outlet Holdings, Inc. Common Stock",5331,RETAIL-VARIETY STORES
OLMA,"Olema Pharmaceuticals, Inc. Common Stock",2834,PHARMACEUTICAL PREPARATIONS
OLN,Olin Corp.,2800,CHEMICALS & ALLIED PRODUCTS
OLO,,,UNKNOWN
OLOX,Olenox Industries Inc. Common Stock,5030,WHOLESALE-LUMBER & OTHER CONSTRUCTION MATERIALS
OLP,"One Liberty Properties, Inc.",6798,REAL ESTATE INVESTMENT TRUSTS
OLPX,,,UNKNOWN
OM,"Outset Medical, Inc. Common Stock",3845,ELECTROMEDICAL & ELECTROTHERAPEUTIC APPARATUS
OMC,Omnicom Group Inc.,7311,SERVICES-ADVERTISING AGENCIES
OMCC,OLD MARKET CAPITAL CORP,,UNKNOWN
OMCL,Omnicell Inc,3571,ELECTRONIC COMPUTERS
OMDA,"Omada Health, Inc. Common Stock",8000,SERVICES-HEALTH SERVICES
OMEG,,,UNKNOWN
OMER,Omeros Corporation,2834,PHARMACEUTICAL PREPARATIONS
OMEX,"Odyssey Marine Exploration, Inc",4400,WATER TRANSPORTATION
OMF,"OneMain Holdings, Inc.",6141,PERSONAL CREDIT INSTITUTIONS
OMGA,,,UNKNOWN
OMI,,,UNKNOWN
OMIC,,,UNKNOWN
OMP,,,UNKNOWN
OMQS,OMNIQ CORP,,UNKNOWN
ON,ON Semiconductor Corp,3674,SEMICONDUCTORS & RELATED DEVICES
ONB,Old National Bancorp,6021,NATIONAL COMMERCIAL BANKS
ONC,BeOne Medicines Ltd. American Depositary Shares,2834,PHARMACEUTICAL PREPARATIONS
ONCH,1RT Acquisition Corp. Class A Ordinary Share,6770,BLANK CHECKS
ONCO,"Onconetix, Inc. Common Stock",2834,PHARMACEUTICAL PREPARATIONS
ONCR,,,UNKNOWN
ONCS,,,UNKNOWN
ONCT,,,UNKNOWN
ONCY,"Oncolytics Biotech, Inc. Common Shares",2834,PHARMACEUTICAL PREPARATIONS
ONDS,Ondas Inc. Common Stock,3663,RADIO & TV BROADCASTING & COMMUNICATIONS EQUIPMENT
ONEM,,,UNKNOWN
ONEW,OneWater Marine Inc. Class A Common Stock,5531,RETAIL-AUTO & HOME SUPPLY STORES
ONFO,Onfolio Holdings Inc. Common Stock,7374,SERVICES-COMPUTER PROCESSING & DATA PREPARATION
ONIT,Onity Group Inc.,6162,MORTGAGE BANKERS & LOAN CORRESPONDENTS
ONL,Orion Properties Inc.,6798,REAL ESTATE INVESTMENT TRUSTS
ONMD,OneMedNet Corp Class A Common Stock,8731,SERVICES-COMMERCIAL PHYSICAL & BIOLOGICAL RESEARCH
ONTF,,,UNKNOWN
ONTO,Onto Innovation Inc.,3829,"MEASURING & CONTROLLING DEVICES, NEC"
ONVO,,,UNKNOWN
ONYX,,,UNKNOWN
OOMA,"Ooma, Inc. Common Stock",7374,SERVICES-COMPUTER PROCESSING & DATA PREPARATION
OPA,,,UNKNOWN
OPAD,Offerpad Solutions Inc. Class A Common Stock,6531,REAL ESTATE AGENTS & MANAGERS (FOR OTHERS)
OPAL,OPAL Fuels Inc. Class A Common Stock,4932,GAS & OTHER SERVICES COMBINED
OPBK,OP Bancorp Common Stock,6022,STATE COMMERCIAL BANKS
OPCH,"Option Care Health, Inc. Common Stock",8082,SERVICES-HOME HEALTH CARE SERVICES
OPEN,Opendoor Technologies Inc Common Stock,6531,REAL ESTATE AGENTS & MANAGERS (FOR OTHERS)
OPFI,OppFi Inc.,6199,FINANCE SERVICES
OPGN,,,UNKNOWN
OPHC,"OptimumBank Holdings, Inc.",6021,NATIONAL COMMERCIAL BANKS
OPI,Office Properties Income Trust Common shares of beneficial interest,6500,REAL ESTATE
OPK,Opko Health Inc.,2834,PHARMACEUTICAL PREPARATIONS
OPLN,"OPENLANE, Inc",5500,RETAIL-AUTO DEALERS & GASOLINE STATIONS
OPNT,,,UNKNOWN
OPOF,,,UNKNOWN
OPRT,Oportun Financial Corporation Common Stock,6199,FINANCE SERVICES
OPRX,OptimizeRx Corporation Common Stock,7389,"SERVICES-BUSINESS SERVICES, NEC"
OPTN,,,UNKNOWN
OPTT,"Ocean Power Technologies, Inc.",4911,ELECTRIC SERVICES
OPTU,"Optimum Communications, Inc.",4841,CABLE & OTHER PAY TELEVISION SERVICES
OPTX,"Syntec Optics Holdings, Inc. Class A Common Stock",3827,OPTICAL INSTRUMENTS & LENSES
OPXS,"Optex Systems Holdings, INC",3827,OPTICAL INSTRUMENTS & LENSES
OPY,"Oppenheimer Holdings, Inc.",6211,"SECURITY BROKERS, DEALERS & FLOTATION COMPANIES"
ORA,"Ormat Technologies, Inc.",4911,ELECTRIC SERVICES
ORBS,Eightco Holdings Inc. Common Stock,6153,SHORT-TERM BUSINESS CREDIT INSTITUTIONS
ORC,"Orchid Island Capital, Inc.",6798,REAL ESTATE INVESTMENT TRUSTS
ORCL,Oracle Corp,7372,SERVICES-PREPACKAGED SOFTWARE
ORGN,,,UNKNOWN
ORGO,Organogenesis Holdings Inc. Class A Common Stock,2834,PHARMACEUTICAL PREPARATIONS
ORGS,ORGENESIS INC,,UNKNOWN
ORI,Old Republic International Corporation,6351,SURETY INSURANCE
ORIA,,,UNKNOWN
ORIC,"Oric Pharmaceuticals, Inc. Common Stock",2834,PHARMACEUTICAL PREPARATIONS
ORIQ,Origin Investment Corp I Ordinary Shares,6770,BLANK CHECKS
ORKA,"Oruka Therapeutics, Inc. Common Stock",2834,PHARMACEUTICAL PREPARATIONS
ORLY,"O'Reilly Automotive, Inc.",5531,RETAIL-AUTO & HOME SUPPLY STORES
ORMP,Oramed Pharmaceuticals Inc.,2834,PHARMACEUTICAL PREPARATIONS
ORN,"Orion Group Holdings, Inc",1600,HEAVY CONSTRUCTION OTHER THAN BLDG CONST - CONTRACTORS
ORRF,Orrstown Financial Services Inc,6022,STATE COMMERCIAL BANKS
ORTX,,,UNKNOWN
OS,,,UNKNOWN
OSA,,,UNKNOWN
OSBC,Old Second Bancorp Inc,6022,STATE COMMERCIAL BANKS
OSCR,"Oscar Health, Inc.",6324,HOSPITAL & MEDICAL SERVICE PLANS
OSG,"Octave Specialty Group, Inc.",6351,SURETY INSURANCE
OSH,,,UNKNOWN
OSI,,,UNKNOWN
OSIS,OSI Systems Inc,3674,SEMICONDUCTORS & RELATED DEVICES
OSK,Oshkosh Corp.,3711,MOTOR VEHICLES & PASSENGER CAR BODIES
OSPN,OneSpan Inc. Common Stock,7373,SERVICES-COMPUTER INTEGRATED SYSTEMS DESIGN
OSRH,OSR HEALTH INC,,UNKNOWN
OSS,"One Stop Systems, Inc. Common Stock",3571,ELECTRONIC COMPUTERS
OSTR,,,UNKNOWN
OSTX,OS Therapies Incorporated,2834,PHARMACEUTICAL PREPARATIONS
OSUR,OraSure Technologies Inc,3841,SURGICAL & MEDICAL INSTRUMENTS & APPARATUS
OSW,OneSpaWorld Holdings Limited Common Shares,7997,SERVICES-MEMBERSHIP SPORTS & RECREATION CLUBS
OTAI.U,"Starlink AI Acquisition Corporation Units, each consisting of one Ordinary Share, and one Right to receive one-fourth (1/4) of one ordinary share",6770,BLANK CHECKS
OTEC,,,UNKNOWN
OTEX,Open Text Corp,7373,SERVICES-COMPUTER INTEGRATED SYSTEMS DESIGN
OTF,Blue Owl Technology Finance Corp.,,UNKNOWN
OTGA,OTG Acquisition Corp. I Class A Ordinary Share,6770,BLANK CHECKS
OTH,,,UNKNOWN
OTIC,,,UNKNOWN
OTIS,Otis Worldwide Corporation,3600,ELECTRONIC & OTHER ELECTRICAL EQUIPMENT (NO COMPUTER EQUIP)
OTLK,"Outlook Therapeutics, Inc. Common Stock",2836,"BIOLOGICAL PRODUCTS, (NO DIAGNOSTIC SUBSTANCES)"
OTRA,,,UNKNOWN
OTRK,,,UNKNOWN
OTTR,Otter Tail Corp,4911,ELECTRIC SERVICES
OUNZ,VanEck Merk Gold ETF,6221,COMMODITY CONTRACTS BROKERS & DEALERS
OUST,"Ouster, Inc.",3569,"GENERAL INDUSTRIAL MACHINERY & EQUIPMENT, NEC"
OUT,OUTFRONT Media Inc.,6798,REAL ESTATE INVESTMENT TRUSTS
OVBC,Ohio Valley Banc Corp,6022,STATE COMMERCIAL BANKS
OVID,Ovid Therapeutics Inc. Common Stock,2834,PHARMACEUTICAL PREPARATIONS
OVLY,Oak Valley Bancorp,6022,STATE COMMERCIAL BANKS
OVV,Ovintiv Inc.,1311,CRUDE PETROLEUM & NATURAL GAS
OWL,Blue Owl Capital Inc.,6282,INVESTMENT ADVICE
OWLT,"Owlet, Inc.",3829,"MEASURING & CONTROLLING DEVICES, NEC"
OXBR,Oxbridge Re Holdings Limited,6331,"FIRE, MARINE & CASUALTY INSURANCE"
OXLC,Oxford Lane Capital Corp.,,UNKNOWN
OXM,"Oxford Industries, Inc.",2320,"MEN'S & BOYS' FURNISHGS, WORK CLOTHG, & ALLIED GARMENTS"
OXSQ,Oxford Square Capital Corp.,,UNKNOWN
OXY,Occidental Petroleum Corporation,1311,CRUDE PETROLEUM & NATURAL GAS
OYSE,Oyster Enterprises II Acquisition Corp Class A Ordinary Shares,6770,BLANK CHECKS
OYST,,,UNKNOWN
OZ,"Belpointe PREP, LLC Class A Units",6500,REAL ESTATE
P,"Everpure, Inc.",3572,COMPUTER STORAGE DEVICES
PAA,"Plains All American Pipeline, L.P. Common Units representing Limited Partner Interests",4610,PIPE LINES (NO NATURAL GAS)
PAAA,PGIM AAA CLO ETF,,UNKNOWN
PAAC,Proem Acquisition Corp I Ordinary Shares,6770,BLANK CHECKS
PAACU,Proem Acquisition Corp I Units,6770,BLANK CHECKS
PACB,"Pacific Biosciences of California, Inc.",3826,LABORATORY ANALYTICAL INSTRUMENTS
PACH,Pioneer Acquisition I Corp Class A Ordinary Shares,6770,BLANK CHECKS
PACK,Ranpak Holdings Corp.,2670,CONVERTED PAPER & PAPERBOARD PRODS (NO CONTANERS/BOXES)
PACS,"PACS Group, Inc.",8051,SERVICES-SKILLED NURSING CARE FACILITIES
PACW,,,UNKNOWN
PACX,,,UNKNOWN
PAE,,,UNKNOWN
PAFO,,,UNKNOWN
PAG,"Penske Automotive Group, Inc.",5500,RETAIL-AUTO DEALERS & GASOLINE STATIONS
PAGP,"Plains GP Holdings, L.P. Class A Units representing Limited Partner Interests",4610,PIPE LINES (NO NATURAL GAS)
PAHC,Phibro Animal Health Corporation Class A,2834,PHARMACEUTICAL PREPARATIONS
PAII,Pyrophyte Acquisition Corp. II,6770,BLANK CHECKS
PAL,"Proficient Auto Logistics, Inc. Common Stock",4700,TRANSPORTATION SERVICES
PALI,"Palisade Bio, Inc. Common Stock",2836,"BIOLOGICAL PRODUCTS, (NO DIAGNOSTIC SUBSTANCES)"
PALL,abrdn Physical Palladium Shares ETF,6221,COMMODITY CONTRACTS BROKERS & DEALERS
PALO,Paloma Acquisition Corp I Class A Ordinary Shares,6770,BLANK CHECKS
PALOU,Paloma Acquisition Corp I Units,6770,BLANK CHECKS
PALT,,,UNKNOWN
PAMT,PAMT CORP Common Stock,4213,TRUCKING (NO LOCAL)
PANA,,,UNKNOWN
PANL,Pangaea Logistics Solutions Ltd.,4412,DEEP SEA FOREIGN TRANSPORTATION OF FREIGHT
PANW,"Palo Alto Networks, Inc. Common Stock",3577,"COMPUTER PERIPHERAL EQUIPMENT, NEC"
PAPL,Pineapple Financial Inc.,6199,FINANCE SERVICES
PAQC,,,UNKNOWN
PAR,PAR Technology Corp.,3578,CALCULATING & ACCOUNTING MACHINES (NO ELECTRONIC COMPUTERS)
PARA,"Banzai International, Inc. Class A Common Stock",7372,SERVICES-PREPACKAGED SOFTWARE
PARK,"Park Dental Partners, Inc. Common Stock",8090,"SERVICES-MISC HEALTH & ALLIED SERVICES, NEC"
PARR,"Par Pacific Holdings, Inc. Common Stock",1311,CRUDE PETROLEUM & NATURAL GAS
PASG,"Passage Bio, Inc. Common Stock",2836,"BIOLOGICAL PRODUCTS, (NO DIAGNOSTIC SUBSTANCES)"
PATH,"UiPath, Inc.",7372,SERVICES-PREPACKAGED SOFTWARE
PATI,,,UNKNOWN
PATK,Patrick Industries Inc,3714,MOTOR VEHICLE PARTS & ACCESSORIES
PAVM,PAVmed Inc. Common Stock,3841,SURGICAL & MEDICAL INSTRUMENTS & APPARATUS
PAXS,PIMCO Access Income Fund,,UNKNOWN
PAY,"Paymentus Holdings, Inc.",7389,"SERVICES-BUSINESS SERVICES, NEC"
PAYA,,,UNKNOWN
PAYC,"PAYCOM SOFTWARE, INC.",7372,SERVICES-PREPACKAGED SOFTWARE
PAYM,TrueShares S&P Autocallable Defensive Income ETF,3990,MISCELLANEOUS MANUFACTURING INDUSTRIES
PAYO,Payoneer Global Inc. Common Stock,7389,"SERVICES-BUSINESS SERVICES, NEC"
PAYS,"Paysign, Inc. Common Stock",7389,"SERVICES-BUSINESS SERVICES, NEC"
PAYX,Paychex Inc,8700,"SERVICES-ENGINEERING, ACCOUNTING, RESEARCH, MANAGEMENT"
PB,Prosperity Bancshares Inc,6022,STATE COMMERCIAL BANKS
PBBK,,,UNKNOWN
PBCT,,,UNKNOWN
PBF,PBF ENERGY INC.,2911,PETROLEUM REFINING
PBFS,"Pioneer Bancorp, Inc. Common Stock",6036,"SAVINGS INSTITUTIONS, NOT FEDERALLY CHARTERED"
PBFX,,,UNKNOWN
PBH,Prestige Consumer Healthcare Inc.,2834,PHARMACEUTICAL PREPARATIONS
PBHC,Pathfinder Bancorp Inc,6022,STATE COMMERCIAL BANKS
PBI,Pitney Bowes Inc.,3579,"OFFICE MACHINES, NEC"
PBIP,,,UNKNOWN
PBLA,PANBELA THERAPEUTICS INC,,UNKNOWN
PBLS,"Parabilis Medicines, Inc. Common Stock",2834,PHARMACEUTICAL PREPARATIONS
PBPB,,,UNKNOWN
PBT,Permian Basin Royalty Trust,6792,OIL ROYALTY TRADERS
PBYI,PUMA BIOTECHNOLOGY INC,2834,PHARMACEUTICAL PREPARATIONS
PCAP,ProCap Acquisition Corp Class A Ordinary Shares,6770,BLANK CHECKS
PCAR,Paccar Inc,3711,MOTOR VEHICLES & PASSENGER CAR BODIES
PCB,PCB Bancorp Common Stock,6022,STATE COMMERCIAL BANKS
PCF,High Income Securities Fund,,UNKNOWN
PCG,PG&E Corporation,4931,ELECTRIC & OTHER SERVICES COMBINED
PCH,,,UNKNOWN
PCK,,,UNKNOWN
PCM,"PCM Fund, Inc.",,UNKNOWN
PCN,PIMCO Corporate & Income Strategy Fund,,UNKNOWN
PCOR,"Procore Technologies, Inc.",7372,SERVICES-PREPACKAGED SOFTWARE
PCPC,Porter & Company Property & Casualty Index ETF,,UNKNOWN
PCQ,Pimco California Municipal Income Fund,,UNKNOWN
PCRX,"Pacira BioSciences, Inc. Common Stock",2834,PHARMACEUTICAL PREPARATIONS
PCSA,"Processa Pharmaceuticals, Inc. Common",2834,PHARMACEUTICAL PREPARATIONS
PCSB,,,UNKNOWN
PCSC,,,UNKNOWN
PCT,"PureCycle Technologies, Inc. Common stock",2821,"PLASTIC MATERIALS, SYNTH RESINS & NONVULCAN ELASTOMERS"
PCTI,,,UNKNOWN
PCTY,Paylocity Holding Corporation Common Stock,7372,SERVICES-PREPACKAGED SOFTWARE
PCVX,"Vaxcyte, Inc. Common Stock",2836,"BIOLOGICAL PRODUCTS, (NO DIAGNOSTIC SUBSTANCES)"
PCX,,,UNKNOWN
PCYO,Pure Cycle Corporation,4941,WATER SUPPLY
PD,"PagerDuty, Inc.",7372,SERVICES-PREPACKAGED SOFTWARE
PDCC,Pearl Diver Credit Company Inc.,,UNKNOWN
PDCE,,,UNKNOWN
PDCO,,,UNKNOWN
PDEX,Pro-Dex Inc New,3841,SURGICAL & MEDICAL INSTRUMENTS & APPARATUS
PDFS,PDF Solutions Inc,7372,SERVICES-PREPACKAGED SOFTWARE
PDI,PIMCO Dynamic Income Fund,,UNKNOWN
PDLB,"Ponce Financial Group, Inc. Common Stock",6035,"SAVINGS INSTITUTION, FEDERALLY CHARTERED"
PDM,"Piedmont Realty Trust, Inc.",6512,OPERATORS OF NONRESIDENTIAL BUILDINGS
PDO,PIMCO Dynamic Income Opportunities Fund,,UNKNOWN
PDOT,,,UNKNOWN
PDSB,PDS Biotechnology Corporation Common Stock,2834,PHARMACEUTICAL PREPARATIONS
PDX,PIMCO Dynamic Income Strategy Fund,,UNKNOWN
PDYN,Palladyne AI Corp. Common Stock,7372,SERVICES-PREPACKAGED SOFTWARE
PEAR,,,UNKNOWN
PEB,Pebblebrook Hotel Trust,6798,REAL ESTATE INVESTMENT TRUSTS
PEBK,Peoples Bancorp of North Carol,6022,STATE COMMERCIAL BANKS
PEBO,Peoples Bancorp Inc/OH,6022,STATE COMMERCIAL BANKS
PECE,Peace Acquisition Corp Ordinary Shares,6770,BLANK CHECKS
PECEU,Peace Acquisition Corp Units,6770,BLANK CHECKS
PECO,"Phillips Edison & Company, Inc. Common Stock",6798,REAL ESTATE INVESTMENT TRUSTS
PED,PEDEVCO Corp.,1311,CRUDE PETROLEUM & NATURAL GAS
PEG,Public Service Enterprise Group Incorporated,4931,ELECTRIC & OTHER SERVICES COMBINED
PEGA,Pegasystems Inc,7374,SERVICES-COMPUTER PROCESSING & DATA PREPARATION
PEGR,,,UNKNOWN
PEI,,,UNKNOWN
PELI,,,UNKNOWN
PEN,"Penumbra, Inc.",3841,SURGICAL & MEDICAL INSTRUMENTS & APPARATUS
PENG,"Penguin Solutions, Inc. Ordinary Shares",3674,SEMICONDUCTORS & RELATED DEVICES
PENN,"PENN Entertainment, Inc. Common Stock",7011,HOTELS & MOTELS
PEO,"Adams Natural Resources Fund, Inc.",,UNKNOWN
PEP,"PepsiCo, Inc.",2080,BEVERAGES
PEPG,PepGen Inc. Common Stock,2834,PHARMACEUTICAL PREPARATIONS
PEPL,,,UNKNOWN
PESI,"Perma-Fix Environmental Services, Inc.",4955,HAZARDOUS WASTE MANAGEMENT
PET,,,UNKNOWN
PETQ,,,UNKNOWN
PETS,"PetMed Express, Inc.",5912,RETAIL-DRUG STORES AND PROPRIETARY STORES
PETV,PETVIVO HOLDINGS INC,,UNKNOWN
PEV,,,UNKNOWN
PEW,GrabAGun Digital Holdings Inc.,5940,RETAIL-MISCELLANEOUS SHOPPING GOODS STORES
PFC,,,UNKNOWN
PFE,Pfizer Inc.,2834,PHARMACEUTICAL PREPARATIONS
PFG,"Principal Financial Group, Inc.",6321,ACCIDENT & HEALTH INSURANCE
PFGC,Performance Food Group Company,5141,"WHOLESALE-GROCERIES, GENERAL LINE"
PFH,"Prudential Financial, Inc. 4.125% Junior Subordinated Notes due 2060",6311,LIFE INSURANCE
PFHD,,,UNKNOWN
PFIE,,,UNKNOWN
PFIN,,,UNKNOWN
PFIS,Peoples Financial Services Corp.,6021,NATIONAL COMMERCIAL BANKS
PFL,PIMCO Income Strategy  Fund,,UNKNOWN
PFLA,PennantPark Floating Rate Capital Ltd. 7.375% Notes Due 2031,,UNKNOWN
PFLT,PennantPark Floating Rate Capital Ltd.,,UNKNOWN
PFMT,,,UNKNOWN
PFN,PIMCO Income Strategy Fund II,,UNKNOWN
PFS,"Provident Financial Services, Inc.",6035,"SAVINGS INSTITUTION, FEDERALLY CHARTERED"
PFSA,"Profusa, Inc. Common Stock",3841,SURGICAL & MEDICAL INSTRUMENTS & APPARATUS
PFSI,"PennyMac Financial Services, Inc. Common Stock",6162,MORTGAGE BANKERS & LOAN CORRESPONDENTS
PFSW,,,UNKNOWN
PFTA,,,UNKNOWN
PFX,PhenixFIN Corporation Common Stock,,UNKNOWN
PG,Procter & Gamble Company,2840,"SOAP, DETERGENTS, CLEANG PREPARATIONS, PERFUMES, COSMETICS"
PGAC,Pantages Capital Acquisition Corporation Class A Ordinary Shares,6770,BLANK CHECKS
PGC,Peapack-Gladstone Financial Corp,6029,"COMMERCIAL BANKS, NEC"
PGEN,"Precigen, Inc. Common Stock",2834,PHARMACEUTICAL PREPARATIONS
PGNY,"Progyny, Inc. Common Stock",8090,"SERVICES-MISC HEALTH & ALLIED SERVICES, NEC"
PGP,PIMCO Global StockPLUS & Income Fund,,UNKNOWN
PGR,Progressive Corporation,6331,"FIRE, MARINE & CASUALTY INSURANCE"
PGRE,,,UNKNOWN
PGRW,,,UNKNOWN
PGSS,,,UNKNOWN
PGTI,,,UNKNOWN
PGY,Pagaya Technologies Ltd. Class A Ordinary Shares,6199,FINANCE SERVICES
PGZ,PRINCIPAL REAL ESTATE INCOME FUND,,UNKNOWN
PH,Parker-Hannifin Corporation,3490,MISCELLANEOUS FABRICATED METAL PRODUCTS
PHAS,,,UNKNOWN
PHAT,"Phathom Pharmaceuticals, Inc. Common Stock",2834,PHARMACEUTICAL PREPARATIONS
PHD,,,UNKNOWN
PHGE,,,UNKNOWN
PHIC,,,UNKNOWN
PHIN,PHINIA Inc.,3714,MOTOR VEHICLE PARTS & ACCESSORIES
PHIO,Phio Pharmaceuticals Corp. Common Stock,2834,PHARMACEUTICAL PREPARATIONS
PHK,PIMCO High Income Fund,,UNKNOWN
PHLT,,,UNKNOWN
PHM,"Pultegroup, Inc.",1531,OPERATIVE BUILDERS
PHR,"Phreesia, Inc.",7389,"SERVICES-BUSINESS SERVICES, NEC"
PHT,,,UNKNOWN
PHUN,"Phunware, Inc. Common Stock",7374,SERVICES-COMPUTER PROCESSING & DATA PREPARATION
PHX,,,UNKNOWN
PHXEP,,,UNKNOWN
PHYT,,,UNKNOWN
PI,"Impinj, Inc. Common Stock",3679,"ELECTRONIC COMPONENTS, NEC"
PIAI,,,UNKNOWN
PICC,,,UNKNOWN
PII,Polaris Inc.,3790,MISCELLANEOUS TRANSPORTATION EQUIPMENT
PIII,P3 Health Partners Inc. Common Stock,8000,SERVICES-HEALTH SERVICES
PIK,,,UNKNOWN
PIM,Franklin Master Intermediate Income Trust,,UNKNOWN
PINC,PGIM Securitized Income ETF,,UNKNOWN
PINE,"Alpine Income Property Trust, Inc",6798,REAL ESTATE INVESTMENT TRUSTS
PING,,,UNKNOWN
PINS,"Pinterest, Inc. Class A Common Stock",7370,"SERVICES-COMPUTER PROGRAMMING, DATA PROCESSING, ETC."
PIPP,,,UNKNOWN
PIPR,Piper Sandler Companies,6211,"SECURITY BROKERS, DEALERS & FLOTATION COMPANIES"
PIXY,,,UNKNOWN
PJT,PJT Partners Inc.,6282,INVESTMENT ADVICE
PK,Park Hotels & Resorts Inc. Common Stock,7011,HOTELS & MOTELS
PKBK,Parke Bancorp Inc.,6022,STATE COMMERCIAL BANKS
PKBO,,,UNKNOWN
PKE,Park Aerospace Corp. Common Stock,3728,"AIRCRAFT PARTS & AUXILIARY EQUIPMENT, NEC"
PKG,Packaging Corp of America,2650,PAPERBOARD CONTAINERS & BOXES
PKOH,Park-Ohio Holdings Corp,3460,METAL FORGINGS & STAMPINGS
PKST,,,UNKNOWN
PL,Planet Labs PBC,3663,RADIO & TV BROADCASTING & COMMUNICATIONS EQUIPMENT
PLAB,Photronics Inc,3674,SEMICONDUCTORS & RELATED DEVICES
PLAG,Planet Green Holdings Corp.,2030,"CANNED, FROZEN & PRESERVD FRUIT, VEG & FOOD SPECIALTIES"
PLAN,,,UNKNOWN
PLAO,,,UNKNOWN
PLAY,"Dave & Buster's Entertainment, Inc.",5812,RETAIL-EATING PLACES
PLBC,Plumas Bancorp,6153,SHORT-TERM BUSINESS CREDIT INSTITUTIONS
PLBY,"Playboy, Inc. Common Stock",5900,RETAIL-MISCELLANEOUS RETAIL
PLCE,"Children's Place, Inc.",5651,RETAIL-FAMILY CLOTHING STORES
PLD,"PROLOGIS, INC.",6798,REAL ESTATE INVESTMENT TRUSTS
PLL,,,UNKNOWN
PLMJ,,,UNKNOWN
PLMK,Plum Acquisition Corp. IV Class A Ordinary Shares,4911,ELECTRIC SERVICES
PLMR,"Palomar Holdings, Inc. Common stock",6331,"FIRE, MARINE & CASUALTY INSURANCE"
PLNT,"Planet Fitness, Inc.",7997,SERVICES-MEMBERSHIP SPORTS & RECREATION CLUBS
PLOW,"DOUGLAS DYNAMICS, INC.",3531,CONSTRUCTION MACHINERY & EQUIP
PLPC,Preformed Line Products Co,1623,"WATER, SEWER, PIPELINE, COMM & POWER LINE CONSTRUCTION"
PLRX,"Pliant Therapeutics, Inc. Common Stock",2834,PHARMACEUTICAL PREPARATIONS
PLSE,"Pulse Biosciences, Inc Common Stock (DE)",3841,SURGICAL & MEDICAL INSTRUMENTS & APPARATUS
PLTK,Playtika Holding Corp. Common Stock,7374,SERVICES-COMPUTER PROCESSING & DATA PREPARATION
PLTM,GraniteShares Platinum Shares,6221,COMMODITY CONTRACTS BROKERS & DEALERS
PLTN,,,UNKNOWN
PLTR,Palantir Technologies Inc. Class A Common Stock,7372,SERVICES-PREPACKAGED SOFTWARE
PLUG,Plug Power Inc.,3620,ELECTRICAL INDUSTRIAL APPARATUS
PLUN.U,"Plutonian Acquisition Corp II Units, each consisting of one Class A Ordinary Share and one Right entitling the holder to one-fourth of one Class A Ordinary Share",,UNKNOWN
PLUR,Pluri Inc. Common Stock,2836,"BIOLOGICAL PRODUCTS, (NO DIAGNOSTIC SUBSTANCES)"
PLUS,ePlus Inc,5045,WHOLESALE-COMPUTERS & PERIPHERAL EQUIPMENT & SOFTWARE
PLX,"Protalix BioTherapeutics, Inc. Common Stock",2836,"BIOLOGICAL PRODUCTS, (NO DIAGNOSTIC SUBSTANCES)"
PLXP,,,UNKNOWN
PLXS,Plexus Corp,3672,PRINTED CIRCUIT BOARDS
PLYA,,,UNKNOWN
PLYM,,,UNKNOWN
PLYX,"Polaryx Therapeutics, Inc. Common Stock",2834,PHARMACEUTICAL PREPARATIONS
PM,Philip Morris International Inc.,2111,CIGARETTES
PMCB,"PharmaCyte Biotech, Inc. Common Stock",2836,"BIOLOGICAL PRODUCTS, (NO DIAGNOSTIC SUBSTANCES)"
PMD,,,UNKNOWN
PMF,,,UNKNOWN
PMGM,,,UNKNOWN
PMI,"Picard Medical, Inc.",3841,SURGICAL & MEDICAL INSTRUMENTS & APPARATUS
PML,PIMCO MUNICIPAL INCOME FUND II COMMON SHARES OF BENEFICIAL INT.,,UNKNOWN
PMM,Franklin Managed Municipal Income Trust,,UNKNOWN
PMN,ProMIS Neurosciences Inc. Common Shares (ON),2834,PHARMACEUTICAL PREPARATIONS
PMNT,PERFECT MOMENT LTD,,UNKNOWN
PMO,Franklin Municipal Opportunities Trust,,UNKNOWN
PMT,PennyMac Mortgage Investment Trust,6798,REAL ESTATE INVESTMENT TRUSTS
PMTR,Perimeter Acquisition Corp. I Class A Ordinary Shares,6770,BLANK CHECKS
PMTS,CPI Card Group Inc. Common Stock,2750,COMMERCIAL PRINTING
PMVC,PMV CONSUMER ACQ CORP A,,UNKNOWN
PMVP,"PMV Pharmaceuticals, Inc",2834,PHARMACEUTICAL PREPARATIONS
PMX,,,UNKNOWN
PNAC,,,UNKNOWN
PNBK,Patriot National Bancorp Inc,6021,NATIONAL COMMERCIAL BANKS
PNC,PNC Financial Services Group,6021,NATIONAL COMMERCIAL BANKS
PNF,,,UNKNOWN
PNFP,"Pinnacle Financial Partners, Inc.",6021,NATIONAL COMMERCIAL BANKS
PNFPP,,,UNKNOWN
PNI,PIMCO NEW YORK MUNICIPAL INCOME FUND II COMMON SHARES OF BENEFICIAL INT.,,UNKNOWN
PNNT,Pennant Investment Corp,,UNKNOWN
PNR,Pentair plc,3550,SPECIAL INDUSTRY MACHINERY (NO METALWORKING MACHINERY)
PNRG,PrimeEnergy Resources Corporation Common Stock,1311,CRUDE PETROLEUM & NATURAL GAS
PNST,,,UNKNOWN
PNT,,,UNKNOWN
PNTG,"The Pennant Group, Inc. Common Stock",8000,SERVICES-HEALTH SERVICES
PNTM,,,UNKNOWN
PNW,Pinnacle West Capital Corporation,4911,ELECTRIC SERVICES
POAI,,,UNKNOWN
POCI,"Precision Optics Corporation, Inc. Common Stock",3845,ELECTROMEDICAL & ELECTROTHERAPEUTIC APPARATUS
PODC,"PodcastOne, Inc. Common Stock",7370,"SERVICES-COMPUTER PROGRAMMING, DATA PROCESSING, ETC."
PODD,Insulet Corporation,3841,SURGICAL & MEDICAL INSTRUMENTS & APPARATUS
POL,,,UNKNOWN
POLA,"Polar Power, Inc. Common Stock",3690,"MISCELLANEOUS ELECTRICAL MACHINERY, EQUIPMENT & SUPPLIES"
POLE,Andretti Acquisition Corp. II Class A Ordinary Shares,6770,BLANK CHECKS
POLY,,,UNKNOWN
POND,,,UNKNOWN
PONO,"Pono Capital Four, Inc. Class A Ordinary Shares",6770,BLANK CHECKS
PONOU,"Pono Capital Four, Inc. Units",6770,BLANK CHECKS
POOL,Pool Corporation,5090,WHOLESALE-MISC DURABLE GOODS
POR,Portland General Electric Company,4911,ELECTRIC SERVICES
PORT,,,UNKNOWN
POSH,,,UNKNOWN
POST,"POST HOLDINGS, INC.",2040,GRAIN MILL PRODUCTS
POW,VistaShares Electrification Supercycle ETF,,UNKNOWN
POWI,Power Integrations Inc,3674,SEMICONDUCTORS & RELATED DEVICES
POWL,Powell Industries Inc,3613,SWITCHGEAR & SWITCHBOARD APPARATUS
POWW,Outdoor Holding Company Common Stock,7389,"SERVICES-BUSINESS SERVICES, NEC"
PPBI,,,UNKNOWN
PPC,Pilgrims Pride Corporation,2015,POULTRY SLAUGHTERING AND PROCESSING
PPCB,"Propanc Biopharma, Inc. Common Stock",2834,PHARMACEUTICAL PREPARATIONS
PPG,"PPG Industries, Inc.",2851,"PAINTS, VARNISHES, LACQUERS, ENAMELS & ALLIED PRODS"
PPGH,,,UNKNOWN
PPHC,"Public Policy Holding Company, Inc. Common Stock",8742,SERVICES-MANAGEMENT CONSULTING SERVICES
PPHP,,,UNKNOWN
PPIH,"Perma-Pipe International Holdings, Inc.",3564,INDUSTRIAL & COMMERCIAL FANS & BLOWERS & AIR PURIFYING EQUIP
PPL,PPL Corporation,4911,ELECTRIC SERVICES
PPLT,abrdn Physical Platinum Shares ETF,6221,COMMODITY CONTRACTS BROKERS & DEALERS
PPSI,"Pioneer Power Solutions, Inc.",3690,"MISCELLANEOUS ELECTRICAL MACHINERY, EQUIPMENT & SUPPLIES"
PPT,Franklin Premier Income Trust,,UNKNOWN
PPTA,Perpetua Resources Corp. Common Shares,1040,GOLD AND SILVER ORES
PPYA,PAPAYA GRWTH OPP CP I A,,UNKNOWN
PR,Permian Resources Corporation,1311,CRUDE PETROLEUM & NATURAL GAS
PRA,,,UNKNOWN
PRAA,"PRA Group, Inc.",6153,SHORT-TERM BUSINESS CREDIT INSTITUTIONS
PRAX,"Praxis Precision Medicines, Inc. Common Stock",2834,PHARMACEUTICAL PREPARATIONS
PRBM,,,UNKNOWN
PRCH,"Porch Group, Inc. Common Stock",7372,SERVICES-PREPACKAGED SOFTWARE
PRCT,PROCEPT BioRobotics Corporation Common Stock,3841,SURGICAL & MEDICAL INSTRUMENTS & APPARATUS
PRDO,Perdoceo Education Corporation,8200,SERVICES-EDUCATIONAL SERVICES
PRDS,,,UNKNOWN
PRFT,,,UNKNOWN
PRG,"PROG Holdings, Inc.",7359,"SERVICES-EQUIPMENT RENTAL & LEASING, NEC"
PRGO,PERRIGO COMPANY PLC,2834,PHARMACEUTICAL PREPARATIONS
PRGS,Progress Software Corp (DE),7372,SERVICES-PREPACKAGED SOFTWARE
PRHI,"Presurance Holdings, Inc. Common Stock",6331,"FIRE, MARINE & CASUALTY INSURANCE"
PRI,"PRIMERICA, INC.",6311,LIFE INSURANCE
PRIFPD,,,UNKNOWN
PRIM,Primoris Services Corporation,1623,"WATER, SEWER, PIPELINE, COMM & POWER LINE CONSTRUCTION"
PRK,Park National Corporation,6021,NATIONAL COMMERCIAL BANKS
PRKS,United Parks & Resorts Inc.,7990,SERVICES-MISCELLANEOUS AMUSEMENT & RECREATION
PRLB,"PROTO LABS, INC.",3440,FABRICATED STRUCTURAL METAL PRODUCTS
PRLD,Prelude Therapeutics Incorporated,2834,PHARMACEUTICAL PREPARATIONS
PRLH,,,UNKNOWN
PRM,"Perimeter Solutions, Inc.",2800,CHEMICALS & ALLIED PRODUCTS
PRMB,Primo Brands Corporation,2080,BEVERAGES
PRME,"Prime Medicine, Inc. Common Stock",2836,"BIOLOGICAL PRODUCTS, (NO DIAGNOSTIC SUBSTANCES)"
PRMW,,,UNKNOWN
PRO,,,UNKNOWN
PROF,Profound Medical Corp. Common Stock,3841,SURGICAL & MEDICAL INSTRUMENTS & APPARATUS
PROK,ProKidney Corp. Class A Ordinary Shares,2836,"BIOLOGICAL PRODUCTS, (NO DIAGNOSTIC SUBSTANCES)"
PROP,Prairie Operating Co. Common Stock,1311,CRUDE PETROLEUM & NATURAL GAS
PROV,Provident Financial Hldgs,6035,"SAVINGS INSTITUTION, FEDERALLY CHARTERED"
PRPB,,,UNKNOWN
PRPC,,,UNKNOWN
PRPH,PROPHASE LABS INC,,UNKNOWN
PRPL,"Purple Innovation, Inc. Common Stock",2510,HOUSEHOLD FURNITURE
PRPO,"Precipio, Inc. Common Stock",3826,LABORATORY ANALYTICAL INSTRUMENTS
PRSO,"Peraso, Inc. Common Stock",3674,SEMICONDUCTORS & RELATED DEVICES
PRSR,,,UNKNOWN
PRST,PRESTO AUTOMATION INC,,UNKNOWN
PRSU,"Pursuit Attractions and Hospitality, Inc.",7990,SERVICES-MISCELLANEOUS AMUSEMENT & RECREATION
PRT,PermRock Royalty Trust Trust Unit,1311,CRUDE PETROLEUM & NATURAL GAS
PRTA,Prothena Corporation plc Ordinary Shares,2834,PHARMACEUTICAL PREPARATIONS
PRTH,"Priority Technology Holdings, Inc.",7389,"SERVICES-BUSINESS SERVICES, NEC"
PRTK,,,UNKNOWN
PRTO,RCN Pareto Strategic Allocation ETF,2836,"BIOLOGICAL PRODUCTS, (NO DIAGNOSTIC SUBSTANCES)"
PRTS,"CarParts.com, Inc. Common Stock",5531,RETAIL-AUTO & HOME SUPPLY STORES
PRTY,,,UNKNOWN
PRVA,"Privia Health Group, Inc. Common Stock",8000,SERVICES-HEALTH SERVICES
PRVB,,,UNKNOWN
PS,Pershing Square Inc.,6282,INVESTMENT ADVICE
PSA,Public Storage,6798,REAL ESTATE INVESTMENT TRUSTS
PSAG,,,UNKNOWN
PSBD,Palmer Square Capital BDC Inc.,,UNKNOWN
PSBPX,,,UNKNOWN
PSEC,Prospect Capital Corporation,,UNKNOWN
PSF,COHEN & STEERS SELECT PREFERRED AND INCOME FUND,,UNKNOWN
PSIX,"Power Solutions International, Inc. Common Stock",3510,ENGINES & TURBINES
PSKY,Paramount Skydance Corporation Class B Common Stock,4833,TELEVISION BROADCASTING STATIONS
PSMT,Pricesmart Inc,5331,RETAIL-VARIETY STORES
PSN,Parsons Corporation,7373,SERVICES-COMPUTER INTEGRATED SYSTEMS DESIGN
PSNL,"Personalis, Inc. Common Stock",8071,SERVICES-MEDICAL LABORATORIES
PSPC,,,UNKNOWN
PSQH,"PSQ Holdings, Inc.",7310,SERVICES-ADVERTISING
PSTG,,,UNKNOWN
PSTH,,,UNKNOWN
PSTL,"Postal Realty Trust, Inc",6798,REAL ESTATE INVESTMENT TRUSTS
PSTV,,,UNKNOWN
PSTX,,,UNKNOWN
PSX,PHILLIPS 66,2911,PETROLEUM REFINING
PSXP,,,UNKNOWN
PTA,Cohen & Steers Tax-Advantaged Preferred Securities and Income Fund,,UNKNOWN
PTACU,Patriot Acquisition Corp. Units,6770,BLANK CHECKS
PTC,"PTC, INC",7372,SERVICES-PREPACKAGED SOFTWARE
PTCT,"PTC Therapeutics, Inc.",2834,PHARMACEUTICAL PREPARATIONS
PTE,,,UNKNOWN
PTEN,Patterson-UTI Energy Inc,1381,DRILLING OIL & GAS WELLS
PTGX,"Protagonist Therapeutics, Inc",2834,PHARMACEUTICAL PREPARATIONS
PTHS,Pelthos Therapeutics Inc.,2836,"BIOLOGICAL PRODUCTS, (NO DIAGNOSTIC SUBSTANCES)"
PTIX,PROTAGENIC THERAPEUTICS,,UNKNOWN
PTLO,Portillo's Inc. Class A Common Stock,5812,RETAIL-EATING PLACES
PTMN,,,UNKNOWN
PTN,"Palatin Technologies, Inc. Common Stock",2834,PHARMACEUTICAL PREPARATIONS
PTOC,,,UNKNOWN
PTON,"Peloton Interactive, Inc. Class A Common Stock",3949,"SPORTING & ATHLETIC GOODS, NEC"
PTOR,Praetorian Acquisition Corp. Class A Ordinary Shares,6770,BLANK CHECKS
PTORU,Praetorian Acquisition Corp. Units,6770,BLANK CHECKS
PTPI,PETROS PHARM INC,,UNKNOWN
PTRA,,,UNKNOWN
PTRN,Pattern Group Inc. Series A Common Stock,5961,RETAIL-CATALOG & MAIL-ORDER HOUSES
PTRS,,,UNKNOWN
PTVE,,,UNKNOWN
PTY,PIMCO Corporate & Income Opportunity Fund,,UNKNOWN
PUBM,"PubMatic, Inc. Class A Common Stock",7370,"SERVICES-COMPUTER PROGRAMMING, DATA PROCESSING, ETC."
PUCK,GOAL ACQ CORP,,UNKNOWN
PULM,"Pulmatrix, Inc. Common Stock",2834,PHARMACEUTICAL PREPARATIONS
PUMP,ProPetro Holding Corp.,1389,"OIL & GAS FIELD SERVICES, NEC"
PURR,Hyperliquid Strategies Inc Common Stock,6199,FINANCE SERVICES
PV,,,UNKNOWN
PVBC,,,UNKNOWN
PVH,PVH Corp.,2320,"MEN'S & BOYS' FURNISHGS, WORK CLOTHG, & ALLIED GARMENTS"
PVL,Permianville Royalty Trust,1311,CRUDE PETROLEUM & NATURAL GAS
PVLA,"Palvella Therapeutics, Inc. Common Stock",2834,PHARMACEUTICAL PREPARATIONS
PW,Power REIT,6798,REAL ESTATE INVESTMENT TRUSTS
PWOD,,,UNKNOWN
PWP,Perella Weinberg Partners Class A Common Stock,6199,FINANCE SERVICES
PWR,"Quanta Services, Inc.",1731,ELECTRICAL WORK
PWSC,,,UNKNOWN
PWUP,,,UNKNOWN
PX,,,UNKNOWN
PXD,,,UNKNOWN
PXED,"Phoenix Education Partners, Inc.",8200,SERVICES-EDUCATIONAL SERVICES
PXLW,Pixelworks Inc,7372,SERVICES-PREPACKAGED SOFTWARE
PXMD,PAXMEDICA INC,,UNKNOWN
PYCR,,,UNKNOWN
PYN,,,UNKNOWN
PYPL,"PayPal Holdings, Inc. Common Stock",7389,"SERVICES-BUSINESS SERVICES, NEC"
PYT,Merrill Lynch Depositor PPLUS  Floating Rate Call TR Cert. Ser GSC-2(Goldman Sachs),6189,ASSET-BACKED SECURITIES
PYX,,,UNKNOWN
PYXS,"Pyxis Oncology, Inc. Common Stock",2834,PHARMACEUTICAL PREPARATIONS
PZC,,,UNKNOWN
PZG,Paramount Gold Nevada Corp.,1000,METAL MINING
PZN,,,UNKNOWN
PZZA,Papa John's International Inc,5812,RETAIL-EATING PLACES
Q,"Qnity Electronics, Inc.",3674,SEMICONDUCTORS & RELATED DEVICES
QADR,QDRO Acquisition Corp. Class A Ordinary Shares,6770,BLANK CHECKS
QADRU,QDRO Acquisition Corp. Units,6770,BLANK CHECKS
QBTS,D-Wave Quantum Inc. Common Stock,7374,SERVICES-COMPUTER PROCESSING & DATA PREPARATION
QCLS,"Q/C Technologies, Inc. Common Stock",2835,IN VITRO & IN VIVO DIAGNOSTIC SUBSTANCES
QCOM,Qualcomm Inc,3663,RADIO & TV BROADCASTING & COMMUNICATIONS EQUIPMENT
QCRH,QCR Holdings Inc,6022,STATE COMMERCIAL BANKS
QDEL,QuidelOrtho Corporation Common Stock,2835,IN VITRO & IN VIVO DIAGNOSTIC SUBSTANCES
QDRO,,,UNKNOWN
QETA,Quetta Acquisition Corporation Common Stock,6770,BLANK CHECKS
QETH,Invesco Galaxy Ethereum ETF,6221,COMMODITY CONTRACTS BROKERS & DEALERS
QFTA,,,UNKNOWN
QIPT,,,UNKNOWN
QLEP,Quantum Leap Acquisition Corp,6770,BLANK CHECKS
QLEP.U,,,UNKNOWN
QLGN,,,UNKNOWN
QLYS,"Qualys, Inc. Common Stock",7372,SERVICES-PREPACKAGED SOFTWARE
QMCO,Quantum Corporation,3572,COMPUTER STORAGE DEVICES
QNCX,"Quince Therapeutics, Inc. Common Stock",2836,"BIOLOGICAL PRODUCTS, (NO DIAGNOSTIC SUBSTANCES)"
QNGY,,,UNKNOWN
QNRX,"Quoin Pharmaceuticals, Ltd. American Depositary Shares",2834,PHARMACEUTICAL PREPARATIONS
QNST,"QuinStreet, Inc.",7389,"SERVICES-BUSINESS SERVICES, NEC"
QOMO,,,UNKNOWN
QQQX,Nuveen NASDAQ 100 Dynamic Overwrite Fund - Shares of Beneficial Interest,,UNKNOWN
QRED,QuasarEdge Acquisition Corporation,6770,BLANK CHECKS
QRED.U,"QuasarEdge Acquisition Corporation Units, each consisting of one Ordinary Share and one right entitling the holder to receive one-fourth (1/4) of one Ordinary Share",6770,BLANK CHECKS
QRHC,Quest Resource Holding Corporation,4953,REFUSE SYSTEMS
QRTEA,,,UNKNOWN
QRVO,"Qorvo, Inc.",3674,SEMICONDUCTORS & RELATED DEVICES
QS,QuantumScape Corporation Class A Common Stock,3690,"MISCELLANEOUS ELECTRICAL MACHINERY, EQUIPMENT & SUPPLIES"
QSEA,Quartzsea Acquisition Corporation Ordinary Shares,6770,BLANK CHECKS
QSI,Quantum-Si Incorporated Class A Common Stock,3829,"MEASURING & CONTROLLING DEVICES, NEC"
QSOL,Invesco Galaxy Solana ETF,6221,COMMODITY CONTRACTS BROKERS & DEALERS
QSR,Restaurant Brands International Inc.,5812,RETAIL-EATING PLACES
QTEK,,,UNKNOWN
QTI,"QT Imaging Holdings, Inc. Common Stock",3845,ELECTROMEDICAL & ELECTROTHERAPEUTIC APPARATUS
QTNT,,,UNKNOWN
QTRX,Quanterix Corporation Common Stock,3826,LABORATORY ANALYTICAL INSTRUMENTS
QTTB,Q32 Bio Inc. Common Stock,2834,PHARMACEUTICAL PREPARATIONS
QTWO,Q2 Holdings Inc,7372,SERVICES-PREPACKAGED SOFTWARE
QUAD,"QUAD/GRAPHICS, INC.",2750,COMMERCIAL PRINTING
QUBT,Quantum Computing Inc. Common,7372,SERVICES-PREPACKAGED SOFTWARE
QUCY,Quantum Cyber N.V. Ordinary Shares,2834,PHARMACEUTICAL PREPARATIONS
QUIK,QuickLogic Corp,3674,SEMICONDUCTORS & RELATED DEVICES
QUMS,Quantumsphere Acquisition Corp. Ordinary Shares,6770,BLANK CHECKS
QUMU,,,UNKNOWN
QUOT,,,UNKNOWN
QURE,uniQure N.V.,2834,PHARMACEUTICAL PREPARATIONS
QVCC,,,UNKNOWN
QVCGA,,,UNKNOWN
QXL,Quantum X Labs Inc. Common Stock,7372,SERVICES-PREPACKAGED SOFTWARE
QXO,"QXO, Inc.",5030,WHOLESALE-LUMBER & OTHER CONSTRUCTION MATERIALS
R,"Ryder System, Inc.",7510,SERVICES-AUTO RENTAL & LEASING (NO DRIVERS)
RAAQ,,,UNKNOWN
RAC,Rithm Acquisition Corp.,6770,BLANK CHECKS
RACB,,,UNKNOWN
RACC,Research Alliance Corporation III Class A Ordinary Shares,6770,BLANK CHECKS
RACY,,,UNKNOWN
RAD,,,UNKNOWN
RADI,,,UNKNOWN
RAIL,"FreightCar America, Inc.",3743,RAILROAD EQUIPMENT
RAIN,"Rain Enhancement Technologies Holdco, Inc. Class A Common Stock",3590,MISC INDUSTRIAL & COMMERCIAL MACHINERY & EQUIPMENT
RAL,Ralliant Corporation,3823,"INDUSTRIAL INSTRUMENTS FOR MEASUREMENT, DISPLAY, AND CONTROL"
RAM,Roundhill T-REX 2X Long DRAM Daily Target ETF,,UNKNOWN
RAMP,"LiveRamp Holdings, Inc. Common Stock",7374,SERVICES-COMPUTER PROCESSING & DATA PREPARATION
RAND,Rand Capital Corp,,UNKNOWN
RANG,Range Capital Acquisition Corp. Ordinary Shares,6770,BLANK CHECKS
RANGU,Range Capital Acquisition Corp. Units,6770,BLANK CHECKS
RANI,"Rani Therapeutics Holdings, Inc. Class A Common Stock",2834,PHARMACEUTICAL PREPARATIONS
RAPP,"Rapport Therapeutics, Inc. Common Stock",2834,PHARMACEUTICAL PREPARATIONS
RAPT,,,UNKNOWN
RARE,Ultragenyx Pharmaceutical Inc.,2834,PHARMACEUTICAL PREPARATIONS
RAVE,"Rave Restaurant Group, Inc.",5140,WHOLESALE-GROCERIES & RELATED PRODUCTS
RBA,"RB Global, Inc.",7389,"SERVICES-BUSINESS SERVICES, NEC"
RBAC,,,UNKNOWN
RBB,RBB Bancorp Common Stock,6022,STATE COMMERCIAL BANKS
RBBN,Ribbon Communications Inc. Common Stock,7373,SERVICES-COMPUTER INTEGRATED SYSTEMS DESIGN
RBC,RBC Bearings Incorporated,3562,BALL & ROLLER BEARINGS
RBCAA,Republic Bancorp Inc/KY,6022,STATE COMMERCIAL BANKS
RBCN,RUBICON TECH INC,,UNKNOWN
RBKB,"Rhinebeck Bancorp, Inc. Common Stock",6036,"SAVINGS INSTITUTIONS, NOT FEDERALLY CHARTERED"
RBLX,Roblox Corporation,7372,SERVICES-PREPACKAGED SOFTWARE
RBNC,,,UNKNOWN
RBOT,VICARIOUS SRGCL INC A,,UNKNOWN
RBRK,"Rubrik, Inc.",7372,SERVICES-PREPACKAGED SOFTWARE
RBT,,,UNKNOWN
RC,Ready Capital Corporation,6798,REAL ESTATE INVESTMENT TRUSTS
RCAC,,,UNKNOWN
RCAT,"Red Cat Holdings, Inc. Common Stock",7372,SERVICES-PREPACKAGED SOFTWARE
RCEL,"Avita Medical, Inc. Common Stock",3841,SURGICAL & MEDICAL INSTRUMENTS & APPARATUS
RCFA,,,UNKNOWN
RCG,RENN Fund Inc.,,UNKNOWN
RCHG,,,UNKNOWN
RCKT,"Rocket Pharmaceuticals, Inc. Common Stock",2834,PHARMACEUTICAL PREPARATIONS
RCKY,"Rocky Brands, Inc.",3140,"FOOTWEAR, (NO RUBBER)"
RCL,Royal Caribbean Group,4400,WATER TRANSPORTATION
RCM,,,UNKNOWN
RCMT,RCM Technologies Inc,7363,SERVICES-HELP SUPPLY SERVICES
RCOR,,,UNKNOWN
RCS,"PIMCO STRATEGIC INCOME FUND, INC.",,UNKNOWN
RCUS,"Arcus Biosciences, Inc.",2834,PHARMACEUTICAL PREPARATIONS
RDAC,Rising Dragon Acquisition Corp. Ordinary Shares,6770,BLANK CHECKS
RDAG,Republic Digital Acquisition Company Class A Ordinary Shares,6770,BLANK CHECKS
RDBX,,,UNKNOWN
RDDT,"Reddit, Inc.",7374,SERVICES-COMPUTER PROCESSING & DATA PREPARATION
RDFN,,,UNKNOWN
RDI,"Reading International, Inc Class A Common Stock",7830,SERVICES-MOTION PICTURE THEATERS
RDN,Radian Group Inc.,6351,SURETY INSURANCE
RDNT,"RadNet, Inc. Common Stock",8071,SERVICES-MEDICAL LABORATORIES
RDNW,"RideNow Group, Inc. Class B Common Stock",7371,SERVICES-COMPUTER PROGRAMMING SERVICES
RDUS,,,UNKNOWN
RDVT,"Red Violet, Inc. Common Stock",7372,SERVICES-PREPACKAGED SOFTWARE
RDW,Redwire Corporation,3760,GUIDED MISSILES & SPACE VEHICLES & PARTS
RDZN,"Roadzen, Inc. Ordinary Shares",6411,"INSURANCE AGENTS, BROKERS & SERVICE"
REA,"Rare Earths Americas, Inc.",1000,METAL MINING
REAL,"The RealReal, Inc. Common Stock",5900,RETAIL-MISCELLANEOUS RETAIL
REBN,"Reborn Coffee, Inc. Common Stock",5812,RETAIL-EATING PLACES
REED,"Reed's, Inc.",2086,BOTTLED & CANNED SOFT DRINKS & CARBONATED WATERS
REFI,"Chicago Atlantic Real Estate Finance, Inc. Common Stock",6798,REAL ESTATE INVESTMENT TRUSTS
REFR,Research Frontiers Inc,6794,PATENT OWNERS & LESSORS
REG,Regency Centers Corporation,6798,REAL ESTATE INVESTMENT TRUSTS
REGCO,Regency Centers Corporation 5.875% Series B Cumulative Redeemable Preferred Stock,6500,REAL ESTATE
REGI,,,UNKNOWN
REGN,Regeneron Pharmaceuticals Inc,2834,PHARMACEUTICAL PREPARATIONS
REI,Ring Energy Inc.,1311,CRUDE PETROLEUM & NATURAL GAS
REKR,"Rekor Systems, Inc. Common Stock",3669,"COMMUNICATIONS EQUIPMENT, NEC"
RELI,,,UNKNOWN
RELL,Richardson Electronics Ltd,5065,"WHOLESALE-ELECTRONIC PARTS & EQUIPMENT, NEC"
RELY,"Remitly Global, Inc. Common Stock",7389,"SERVICES-BUSINESS SERVICES, NEC"
RENB,,,UNKNOWN
RENE,,,UNKNOWN
RENO,RENOVARE ENVIRONMENTAL,,UNKNOWN
RENT,"Rent the Runway, Inc. Class A Common Stock",5990,"RETAIL-RETAIL STORES, NEC"
RENX,RenX Enterprises Corp. Common Stock,4953,REFUSE SYSTEMS
REPL,"Replimune Group, Inc.",2836,"BIOLOGICAL PRODUCTS, (NO DIAGNOSTIC SUBSTANCES)"
REPX,"Riley Exploration Permian, Inc.",1311,CRUDE PETROLEUM & NATURAL GAS
RES,"RPC, Inc.",1389,"OIL & GAS FIELD SERVICES, NEC"
RESN,,,UNKNOWN
RETA,,,UNKNOWN
REV,,,UNKNOWN
REVB,"Revelation Biosciences, Inc. Common Stock",2834,PHARMACEUTICAL PREPARATIONS
REVE,,,UNKNOWN
REVG,,,UNKNOWN
REVH,,,UNKNOWN
REX,REX American Resources Corp.,2860,INDUSTRIAL ORGANIC CHEMICALS
REXR,"REXFORD INDUSTRIAL REALTY, INC.",6798,REAL ESTATE INVESTMENT TRUSTS
REYN,Reynolds Consumer Products Inc. Common Stock,2673,"PLASTICS, FOIL & COATED PAPER BAGS"
REZI,"Resideo Technologies, Inc. Common Stock",5072,WHOLESALE-HARDWARE
RF,Regions Financial Corp.,6021,NATIONAL COMMERCIAL BANKS
RFAC,,,UNKNOWN
RFAI,RF Acquisition Corp II Ordinary Shares,6770,BLANK CHECKS
RFAM,RF Acquisition Corp III Ordinary Shares,6770,BLANK CHECKS
RFI,Cohen and Steers Total Return Realty Fund,,UNKNOWN
RFIL,RF Industries Ltd,3678,ELECTRONIC CONNECTORS
RFL,"Rafael Holdings, Inc. Class B Common Stock",2834,PHARMACEUTICAL PREPARATIONS
RFP,,,UNKNOWN
RGA,"Reinsurance Group of America, Incorporated",6311,LIFE INSURANCE
RGCO,RGC Resources Inc,4923,NATURAL GAS TRANSMISSION & DISTRIBUTION
RGEN,Repligen Corp,2836,"BIOLOGICAL PRODUCTS, (NO DIAGNOSTIC SUBSTANCES)"
RGF,,,UNKNOWN
RGLD,Royal Gold Inc,6795,MINERAL ROYALTY TRADERS
RGLS,,,UNKNOWN
RGNX,REGENXBIO Inc.,2836,"BIOLOGICAL PRODUCTS, (NO DIAGNOSTIC SUBSTANCES)"
RGP,Resources Connection,7389,"SERVICES-BUSINESS SERVICES, NEC"
RGR,"Sturm, Ruger & Company, Inc.",3480,"ORDNANCE & ACCESSORIES, (NO VEHICLES/GUIDED MISSILES)"
RGS,Regis Corporation,7200,SERVICES-PERSONAL SERVICES
RGT,"Royce Global Trust, Inc.",,UNKNOWN
RGTI,"Rigetti Computing, Inc. Common Stock",7371,SERVICES-COMPUTER PROGRAMMING SERVICES
RH,RH,5712,RETAIL-FURNITURE STORES
RHE,,,UNKNOWN
RHI,Robert Half Inc.,7363,SERVICES-HELP SUPPLY SERVICES
RHLD,"Resolute Holdings Management, Inc.",6199,FINANCE SERVICES
RHP,"Ryman Hospitality Properties, Inc",6798,REAL ESTATE INVESTMENT TRUSTS
RIBB,Ribbon Acquisition Corp Class A Ordinary Shares,6770,BLANK CHECKS
RIBT,RICEBRAN TECHS,,UNKNOWN
RICK,"RCI Hospitality Holdings, Inc.",5812,RETAIL-EATING PLACES
RICO,,,UNKNOWN
RIDE,,,UNKNOWN
RIG,Transocean LTD.,1381,DRILLING OIL & GAS WELLS
RIGL,Rigel Pharmaceuticals Inc. (New),2834,PHARMACEUTICAL PREPARATIONS
RILY,"BRC Group Holdings, Inc. Common Stock",6282,INVESTMENT ADVICE
RIME,"Algorhythm Holdings, Inc. Common Stock",7373,SERVICES-COMPUTER INTEGRATED SYSTEMS DESIGN
RIOT,"Riot Platforms, Inc. Common Stock",6199,FINANCE SERVICES
RITM,Rithm Capital Corp.,6798,REAL ESTATE INVESTMENT TRUSTS
RIV,"RiverNorth Opportunities Fund, Inc. Common Stock",,UNKNOWN
RIVN,"Rivian Automotive, Inc. Class A Common Stock",3711,MOTOR VEHICLES & PASSENGER CAR BODIES
RJAC,,,UNKNOWN
RJET,Republic Airways Holdings Inc. Common Stock,4512,"AIR TRANSPORTATION, SCHEDULED"
RJF,"Raymond James Financial, Inc.",6211,"SECURITY BROKERS, DEALERS & FLOTATION COMPANIES"
RKDA,"Arcadia Biosciences, Inc.",1311,CRUDE PETROLEUM & NATURAL GAS
RKLB,Rocket Lab Corporation Common Stock,3760,GUIDED MISSILES & SPACE VEHICLES & PARTS
RKLY,,,UNKNOWN
RKT,"Rocket Companies, Inc.",6162,MORTGAGE BANKERS & LOAN CORRESPONDENTS
RKTA,,,UNKNOWN
RKTO,Rocket One Inc. Common Stock,2834,PHARMACEUTICAL PREPARATIONS
RL,Ralph Lauren Corporation,2320,"MEN'S & BOYS' FURNISHGS, WORK CLOTHG, & ALLIED GARMENTS"
RLAY,"Relay Therapeutics, Inc. Common Stock",2836,"BIOLOGICAL PRODUCTS, (NO DIAGNOSTIC SUBSTANCES)"
RLGT,"Radiant Logistics, Inc.",4731,ARRANGEMENT OF TRANSPORTATION OF FREIGHT & CARGO
RLI,RLI Corp.,6331,"FIRE, MARINE & CASUALTY INSURANCE"
RLJ,RLJ Lodging Trust,6798,REAL ESTATE INVESTMENT TRUSTS
RLMD,"Relmada Therapeutics, Inc. Common Stock",2834,PHARMACEUTICAL PREPARATIONS
RLTY,Cohen & Steers Real Estate Opportunities and Income Fund,,UNKNOWN
RLYB,Rallybio Corporation Common Stock,2834,PHARMACEUTICAL PREPARATIONS
RM,REGIONAL MANAGEMENT CORP,6141,PERSONAL CREDIT INSTITUTIONS
RMAX,,,UNKNOWN
RMBI,"Richmond Mutual Bancorporation, Inc. Common Stock",6022,STATE COMMERCIAL BANKS
RMBL,,,UNKNOWN
RMBS,Rambus Inc,3674,SEMICONDUCTORS & RELATED DEVICES
RMCF,"Rocky Mountain Chocolate Factory, Inc. Common Stock",2060,SUGAR & CONFECTIONERY PRODUCTS
RMCO,Royalty Management Holding Corporation Class A Common Stock,6794,PATENT OWNERS & LESSORS
RMD,ResMed Inc.,3841,SURGICAL & MEDICAL INSTRUMENTS & APPARATUS
RMGC,,,UNKNOWN
RMIX,"Suncrete, Inc. Class A Common Stock",3272,"CONCRETE PRODUCTS, EXCEPT BLOCK & BRICK"
RMNI,"Rimini Street, Inc. (DE) Common Stock",7389,"SERVICES-BUSINESS SERVICES, NEC"
RMO,,,UNKNOWN
RMR,The RMR Group Inc. Class A Common Stock,8742,SERVICES-MANAGEMENT CONSULTING SERVICES
RMT,Royce Micro-Cap Trust Inc,,UNKNOWN
RMTI,"Rockwell Medical, Inc. (DE) Common Stock",2834,PHARMACEUTICAL PREPARATIONS
RNA,"Atrium Therapeutics, Inc. Common Stock",2834,PHARMACEUTICAL PREPARATIONS
RNAC,"Cartesian Therapeutics, Inc. Common Stock",2834,PHARMACEUTICAL PREPARATIONS
RNAZ,"TransCode Therapeutics, Inc. Common Stock",2834,PHARMACEUTICAL PREPARATIONS
RNDB,,,UNKNOWN
RNER,,,UNKNOWN
RNG,"RINGCENTRAL, INC.",7374,SERVICES-COMPUTER PROCESSING & DATA PREPARATION
RNGR,"Ranger Energy Services, Inc.",1389,"OIL & GAS FIELD SERVICES, NEC"
RNGT,Range Capital Acquisition Corp II Class A Ordinary Shares,6770,BLANK CHECKS
RNLX,,,UNKNOWN
RNP,"Cohen & Steers REIT and Preferred and Income Fund, Inc.",,UNKNOWN
RNR,RenaissanceRe Holdings Ltd.,6331,"FIRE, MARINE & CASUALTY INSURANCE"
RNST,Renasant Corporation,6022,STATE COMMERCIAL BANKS
RNTX,"Rein Therapeutics, Inc. Common Stock",2834,PHARMACEUTICAL PREPARATIONS
RNWK,,,UNKNOWN
RNXT,"RenovoRx, Inc. Common Stock",2834,PHARMACEUTICAL PREPARATIONS
ROAD,"Construction Partners, Inc. Class A Common Stock",1600,HEAVY CONSTRUCTION OTHER THAN BLDG CONST - CONTRACTORS
ROC,Rank One Computing Corporation Common stock,7372,SERVICES-PREPACKAGED SOFTWARE
ROCC,,,UNKNOWN
ROCK,"Gibraltar Industries, Inc.",3310,"STEEL WORKS, BLAST FURNACES & ROLLING & FINISHING MILLS"
ROCL,,,UNKNOWN
ROG,Rogers Corporation,2821,"PLASTIC MATERIALS, SYNTH RESINS & NONVULCAN ELASTOMERS"
ROI,,,UNKNOWN
ROIC,,,UNKNOWN
ROIV,Roivant Sciences Ltd. Common Shares,2834,PHARMACEUTICAL PREPARATIONS
ROK,"Rockwell Automation, Inc.",3829,"MEASURING & CONTROLLING DEVICES, NEC"
ROKU,"Roku, Inc. Class A Common Stock",4841,CABLE & OTHER PAY TELEVISION SERVICES
ROL,"Rollins, Inc.",7340,SERVICES-TO DWELLINGS & OTHER BUILDINGS
ROLR,"High Roller Technologies, Inc.",7900,SERVICES-AMUSEMENT & RECREATION SERVICES
ROOT,"Root, Inc. Class A Common Stock",6331,"FIRE, MARINE & CASUALTY INSURANCE"
ROP,"Roper Technologies, Inc. Common Stock",3823,"INDUSTRIAL INSTRUMENTS FOR MEASUREMENT, DISPLAY, AND CONTROL"
ROSE,,,UNKNOWN
ROSS,,,UNKNOWN
ROST,Ross Stores Inc,5651,RETAIL-FAMILY CLOTHING STORES
ROVR,,,UNKNOWN
ROYT,,,UNKNOWN
RPAY,Repay Holdings Corporation Class A Common Stock,7389,"SERVICES-BUSINESS SERVICES, NEC"
RPC,"Ridgepost Capital, Inc.",6282,INVESTMENT ADVICE
RPD,"Rapid7, Inc. Common Stock",7372,SERVICES-PREPACKAGED SOFTWARE
RPID,"Rapid Micro Biosystems, Inc. Class A Common Stock",3826,LABORATORY ANALYTICAL INSTRUMENTS
RPM,"RPM International, Inc.",2851,"PAINTS, VARNISHES, LACQUERS, ENAMELS & ALLIED PRODS"
RPRX,Royalty Pharma plc Class A Ordinary Shares,2834,PHARMACEUTICAL PREPARATIONS
RPT,Rithm Property Trust Inc.,6798,REAL ESTATE INVESTMENT TRUSTS
RPTX,,,UNKNOWN
RPTPD,,,UNKNOWN
RQI,"COHEN & STEERS QUALITY INCOME REALTY FUND, INC. COMMON SHARES",,UNKNOWN
RR,Richtech Robotics Inc. Class B Common Stock,3569,"GENERAL INDUSTRIAL MACHINERY & EQUIPMENT, NEC"
RRAC,,,UNKNOWN
RRBI,"Red River Bancshares, Inc. Common Stock",6022,STATE COMMERCIAL BANKS
RRC,Range Resources Corp,1311,CRUDE PETROLEUM & NATURAL GAS
RRD,,,UNKNOWN
RREV,RRE Ventures Acquisition Corp. Class A Ordinary Shares,6770,BLANK CHECKS
RRGB,Red Robin Gourmet Burgers Inc,5812,RETAIL-EATING PLACES
RRR,"Red Rock Resorts, Inc. Class A Common Stock",7011,HOTELS & MOTELS
RRX,Regal Rexnord Corporation,3569,"GENERAL INDUSTRIAL MACHINERY & EQUIPMENT, NEC"
RS,"Reliance, Inc.",5051,WHOLESALE-METALS SERVICE CENTERS & OFFICES
RSF,"RiverNorth Capital and Income Fund, Inc.",,UNKNOWN
RSG,Republic Services Inc.,4953,REFUSE SYSTEMS
RSI,"Rush Street Interactive, Inc.",7990,SERVICES-MISCELLANEOUS AMUSEMENT & RECREATION
RSLS,,,UNKNOWN
RSSS,RESEARCH SOLUTIONS INC,7389,"SERVICES-BUSINESS SERVICES, NEC"
RSVR,"Reservoir Media, Inc. Common Stock",7900,SERVICES-AMUSEMENT & RECREATION SERVICES
RTAC,Renatus Tactical Acquisition Corp I Class A Ordinary Shares,6770,BLANK CHECKS
RTB,"RTB Digital, Inc. Common Stock",8742,SERVICES-MANAGEMENT CONSULTING SERVICES
RTL,,,UNKNOWN
RTLR,,,UNKNOWN
RTX,RTX Corporation,3724,AIRCRAFT ENGINES & ENGINE PARTS
RUBY,,,UNKNOWN
RUM,RUM Group Inc. Class A Common Stock,7370,"SERVICES-COMPUTER PROGRAMMING, DATA PROCESSING, ETC."
RUN,Sunrun Inc,3690,"MISCELLANEOUS ELECTRICAL MACHINERY, EQUIPMENT & SUPPLIES"
RUSHA,Rush Enterprises Inc,5500,RETAIL-AUTO DEALERS & GASOLINE STATIONS
RUTH,,,UNKNOWN
RVAC,,,UNKNOWN
RVI,Robinhood Ventures Fund I,,UNKNOWN
RVLP,,,UNKNOWN
RVLV,"Revolve Group, Inc.",5961,RETAIL-CATALOG & MAIL-ORDER HOUSES
RVMD,"Revolution Medicines, Inc. Common Stock",2836,"BIOLOGICAL PRODUCTS, (NO DIAGNOSTIC SUBSTANCES)"
RVNC,,,UNKNOWN
RVP,"Retractable Technologies, Inc",3841,SURGICAL & MEDICAL INSTRUMENTS & APPARATUS
RVPH,REVIVA PHARMA HLDGS INC,,UNKNOWN
RVSB,Riverview Bancorp Inc,6035,"SAVINGS INSTITUTION, FEDERALLY CHARTERED"
RVT,"Royce Small-Cap Trust, Inc.",,UNKNOWN
RVTY,"Revvity, Inc.",3826,LABORATORY ANALYTICAL INSTRUMENTS
RVYL,,,UNKNOWN
RWAY,Runway Growth Finance Corp. Common Stock,,UNKNOWN
RWT,"Redwood Trust, Inc.",6798,REAL ESTATE INVESTMENT TRUSTS
RXDX,,,UNKNOWN
RXO,"RXO, Inc.",4700,TRANSPORTATION SERVICES
RXRA,,,UNKNOWN
RXRX,"Recursion Pharmaceuticals, Inc. Class A Common Stock",2836,"BIOLOGICAL PRODUCTS, (NO DIAGNOSTIC SUBSTANCES)"
RXST,"RxSight, Inc. Common Stock",3851,OPHTHALMIC GOODS
RXT,"Rackspace Technology, Inc. Common Stock",7370,"SERVICES-COMPUTER PROGRAMMING, DATA PROCESSING, ETC."
RYAM,Rayonier Advanced Materials Inc.,2611,PULP MILLS
RYAN,"Ryan Specialty Holdings, Inc.",6411,"INSURANCE AGENTS, BROKERS & SERVICE"
RYI,,,UNKNOWN
RYM,"RYTHM, Inc. Common Stock",0700,UNKNOWN
RYN,Rayonier Inc.,6798,REAL ESTATE INVESTMENT TRUSTS
RYTM,"Rhythm Pharmaceuticals, Inc. Common Stock",2834,PHARMACEUTICAL PREPARATIONS
RYZ,Ryerson Holding Corporation,5051,WHOLESALE-METALS SERVICE CENTERS & OFFICES
RYZB,,,UNKNOWN
RZLT,"Rezolute, Inc. Common Stock (NV)",2834,PHARMACEUTICAL PREPARATIONS
S,"SentinelOne, Inc.",7372,SERVICES-PREPACKAGED SOFTWARE
SAAQ,Space Asset Acquisition Corp. Class A Ordinary Shares,6770,BLANK CHECKS
SAAQU,Space Asset Acquisition Corp. Units,6770,BLANK CHECKS
SABA,Saba Capital Income & Opportunities Fund II,,UNKNOWN
SABR,Sabre Corporation,7370,"SERVICES-COMPUTER PROGRAMMING, DATA PROCESSING, ETC."
SABS,"SAB Biotherapeutics, Inc. Common Stock",2836,"BIOLOGICAL PRODUCTS, (NO DIAGNOSTIC SUBSTANCES)"
SAC,Safeguard Acquisition Corp.,6770,BLANK CHECKS
SAC.U,"Safeguard Acquisition Corp. Units, each consisting of one Class A ordinary share and one-half of one redeemable warrant",6770,BLANK CHECKS
SACH,Sachem Capital Corp. Common Shares,6798,REAL ESTATE INVESTMENT TRUSTS
SAFE,Safehold Inc.,6798,REAL ESTATE INVESTMENT TRUSTS
SAFM,,,UNKNOWN
SAFT,Safety Insurance Group Inc,6331,"FIRE, MARINE & CASUALTY INSURANCE"
SAFX,"XCF Global, Inc. Class A Common Stock",2860,INDUSTRIAL ORGANIC CHEMICALS
SAGA,,,UNKNOWN
SAGE,,,UNKNOWN
SAGU,Shreya Acquisition Group,6770,BLANK CHECKS
SAH,"Sonic Automotive, Inc.",5500,RETAIL-AUTO DEALERS & GASOLINE STATIONS
SAIA,"Saia, Inc.",4213,TRUCKING (NO LOCAL)
SAIC,Science Applications International Corporation Common Stock,7373,SERVICES-COMPUTER INTEGRATED SYSTEMS DESIGN
SAIH,SAIHEAT Limited Class A Ordinary Shares,7374,SERVICES-COMPUTER PROCESSING & DATA PREPARATION
SAIL,"SailPoint, Inc. Common Stock",7372,SERVICES-PREPACKAGED SOFTWARE
SAJ,Saratoga Investment Corp. 8.00% Notes due 2027,,UNKNOWN
SAL,,,UNKNOWN
SALM,,,UNKNOWN
SAM,Boston Beer Company,2082,MALT BEVERAGES
SAMA,,,UNKNOWN
SAMG,Silvercrest Asset Management Group Inc.,6282,INVESTMENT ADVICE
SANA,"Sana Biotechnology, Inc. Common Stock",2836,"BIOLOGICAL PRODUCTS, (NO DIAGNOSTIC SUBSTANCES)"
SANB,,,UNKNOWN
SANM,Sanmina  Corp,3672,PRINTED CIRCUIT BOARDS
SANW,S&W SEED CO,,UNKNOWN
SARO,"StandardAero, Inc.",3724,AIRCRAFT ENGINES & ENGINE PARTS
SASR,,,UNKNOWN
SATL,Satellogic Inc. Class A Ordinary Shares,3663,RADIO & TV BROADCASTING & COMMUNICATIONS EQUIPMENT
SATS,,,UNKNOWN
SAVA,,,UNKNOWN
SAVE,,,UNKNOWN
SBAC,SBA Communications Corp,6798,REAL ESTATE INVESTMENT TRUSTS
SBC,SBC Medical Group Holdings Incorporated Common Stock,8011,SERVICES-OFFICES & CLINICS OF DOCTORS OF MEDICINE
SBCF,Seacoast Banking Corp of Florida,6022,STATE COMMERCIAL BANKS
SBDS,SOLO BRANDS INC A,,UNKNOWN
SBEA,,,UNKNOWN
SBET,"Sharplink, Inc. Common Stock",6199,FINANCE SERVICES
SBEV,,,UNKNOWN
SBFG,"SB Financial Group, Inc.",6022,STATE COMMERCIAL BANKS
SBFM,Sunshine Biopharma Inc.,2834,PHARMACEUTICAL PREPARATIONS
SBGI,"Sinclair, Inc. Class A Common Stock",4833,TELEVISION BROADCASTING STATIONS
SBH,"Sally Beauty Holdings, Inc.",5990,"RETAIL-RETAIL STORES, NEC"
SBI,"Western Asset Intermediate Muni Fund, Inc.",,UNKNOWN
SBIG,SPRINGBIG HLDGS INC,,UNKNOWN
SBII,,,UNKNOWN
SBLX,,,UNKNOWN
SBMT,Silver Bow Mining Corp.,1040,GOLD AND SILVER ORES
SBOW,,,UNKNOWN
SBR,Sabine Royalty Trust,6792,OIL ROYALTY TRADERS
SBRA,"Sabra Healthcare REIT, Inc.",6798,REAL ESTATE INVESTMENT TRUSTS
SBSI,"Southside Bancshares, Inc.",6022,STATE COMMERCIAL BANKS
SBT,,,UNKNOWN
SBUX,Starbucks Corp,5810,RETAIL-EATING & DRINKING PLACES
SBXC,,,UNKNOWN
SBXD,,,UNKNOWN
SBXE,SilverBox Corp V,6770,BLANK CHECKS
SBXE.U,"SilverBox Corp V. Units, each consisting of one Class A Ordinary Share and one-third of one redeemable warrant",6770,BLANK CHECKS
SC,,,UNKNOWN
SCA,GraniteShares Autocallable SMCI ETF,,UNKNOWN
SCAQ,,,UNKNOWN
SCCO,Southern Copper Corporation,1000,METAL MINING
SCD,"LMP Capital and Income Fund, Inc.",,UNKNOWN
SCEPG,,,UNKNOWN
SCHL,Scholastic Corp,2731,BOOKS: PUBLISHING OR PUBLISHING & PRINTING
SCHW,The Charles Schwab Corporation,6211,"SECURITY BROKERS, DEALERS & FLOTATION COMPANIES"
SCI,Service Corporation International,7200,SERVICES-PERSONAL SERVICES
SCII,SC II Acquisition Corp. Class A ordinary share,6770,BLANK CHECKS
SCIIU,SC II Acquisition Corp. Units,6770,BLANK CHECKS
SCKT,"Socket Mobile, Inc. New",3571,ELECTRONIC COMPUTERS
SCL,Stepan Co.,2840,"SOAP, DETERGENTS, CLEANG PREPARATIONS, PERFUMES, COSMETICS"
SCLE,,,UNKNOWN
SCLX,Scilex Holding Company Common Stock,2836,"BIOLOGICAL PRODUCTS, (NO DIAGNOSTIC SUBSTANCES)"
SCM,STELLUS CAPITAL INVESTMENT CORPORATION,,UNKNOWN
SCMA,,,UNKNOWN
SCNI,Scinai Immunotherapeutics Ltd. American Depositary Shares,2836,"BIOLOGICAL PRODUCTS, (NO DIAGNOSTIC SUBSTANCES)"
SCNX,"Scienture Holdings, Inc. Common Stock",2834,PHARMACEUTICAL PREPARATIONS
SCOA,,,UNKNOWN
SCOB,,,UNKNOWN
SCON,,,UNKNOWN
SCOR,"comScore, Inc. Common Stock",7389,"SERVICES-BUSINESS SERVICES, NEC"
SCPH,,,UNKNOWN
SCPL,,,UNKNOWN
SCPQ,Social Commerce Partners Corporation Class A Ordinary Shares,6770,BLANK CHECKS
SCPQU,Social Commerce Partners Corporation Unit,6770,BLANK CHECKS
SCPS,SCOPUS BIOPHARMA INC,,UNKNOWN
SCPX,SCORPIUS HOLDINGS INC,,UNKNOWN
SCRM,,,UNKNOWN
SCS,,,UNKNOWN
SCSC,Scansource Inc,5045,WHOLESALE-COMPUTERS & PERIPHERAL EQUIPMENT & SOFTWARE
SCTL,,,UNKNOWN
SCU,,,UNKNOWN
SCUA,,,UNKNOWN
SCVL,,,UNKNOWN
SCVX,,,UNKNOWN
SCWO,374Water Inc. Common Stock,3621,MOTORS & GENERATORS
SCWX,,,UNKNOWN
SCX,,,UNKNOWN
SCYX,"SCYNEXIS, Inc.",2834,PHARMACEUTICAL PREPARATIONS
SD,"SandRidge Energy, Inc.",1311,CRUDE PETROLEUM & NATURAL GAS
SDAC,,,UNKNOWN
SDC,,,UNKNOWN
SDEV,Stablecoin Development Corporation,2834,PHARMACEUTICAL PREPARATIONS
SDGR,"Schrodinger, Inc. Common Stock",2834,PHARMACEUTICAL PREPARATIONS
SDHC,Smith Douglas Homes Corp.,1531,OPERATIVE BUILDERS
SDHI,Siddhi Acquisition Corp Class A Common stock,6770,BLANK CHECKS
SDIG,,,UNKNOWN
SDOT,Sadot Group Inc. Common Stock,5810,RETAIL-EATING & DRINKING PLACES
SDPI,,,UNKNOWN
SDRL,Seadrill Limited,1381,DRILLING OIL & GAS WELLS
SDST,Stardust Power Inc. Common Stock,3330,PRIMARY SMELTING & REFINING OF NONFERROUS METALS
SEAC,SEACHANGE INTL INC,,UNKNOWN
SEAH,,,UNKNOWN
SEAT,Vivid Seats Inc. Class A Common Stock,7990,SERVICES-MISCELLANEOUS AMUSEMENT & RECREATION
SEB,Seaboard Corporation,5150,WHOLESALE-FARM PRODUCT RAW MATERIALS
SEDA,,,UNKNOWN
SEDG,"SolarEdge Technologies, Inc.",3674,SEMICONDUCTORS & RELATED DEVICES
SEE,,,UNKNOWN
SEEL,,,UNKNOWN
SEER,"Seer, Inc. Class A Common Stock",3826,LABORATORY ANALYTICAL INSTRUMENTS
SEG,Seaport Entertainment Group Inc.,7990,SERVICES-MISCELLANEOUS AMUSEMENT & RECREATION
SEI,"Solaris Energy Infrastructure, Inc.",3533,OIL & GAS FIELD MACHINERY & EQUIPMENT
SEIC,SEI Investments Co,6211,"SECURITY BROKERS, DEALERS & FLOTATION COMPANIES"
SELF,"Global Self Storage, Inc. Common Stock",6798,REAL ESTATE INVESTMENT TRUSTS
SEM,,,UNKNOWN
SEMR,,,UNKNOWN
SENEA,Seneca Foods Corp,2033,"CANNED, FRUITS, VEG, PRESERVES, JAMS & JELLIES"
SENS,"Senseonics Holdings, Inc. Common Stock",3823,"INDUSTRIAL INSTRUMENTS FOR MEASUREMENT, DISPLAY, AND CONTROL"
SEPA,,,UNKNOWN
SEPN,"Septerna, Inc. Common Stock",2834,PHARMACEUTICAL PREPARATIONS
SER,"Serina Therapeutics, Inc.",2834,PHARMACEUTICAL PREPARATIONS
SERA,"Sera Prognostics, Inc. Class A Common Stock",8071,SERVICES-MEDICAL LABORATORIES
SERV,Serve Robotics Inc. Common Stock,3569,"GENERAL INDUSTRIAL MACHINERY & EQUIPMENT, NEC"
SES,SES AI Corporation,3690,"MISCELLANEOUS ELECTRICAL MACHINERY, EQUIPMENT & SUPPLIES"
SESG,,,UNKNOWN
SEV,Aptera Motors Corp. Class B Common Stock,3711,MOTOR VEHICLES & PASSENGER CAR BODIES
SEVN,Seven Hills Realty Trust Common Stock,6798,REAL ESTATE INVESTMENT TRUSTS
SEZL,Sezzle Inc. Common Stock,7389,"SERVICES-BUSINESS SERVICES, NEC"
SF,Stifel Financial Corp.,6211,"SECURITY BROKERS, DEALERS & FLOTATION COMPANIES"
SFBC,"Sound Financial Bancorp, Inc.",6035,"SAVINGS INSTITUTION, FEDERALLY CHARTERED"
SFBS,ServisFirst Bancshares Inc.,6022,STATE COMMERCIAL BANKS
SFD,"Smithfield Foods, Inc. Common Stock",2011,MEAT PACKING PLANTS
SFE,,,UNKNOWN
SFIX,"Stitch Fix, Inc. Class A Common Stock",5961,RETAIL-CATALOG & MAIL-ORDER HOUSES
SFM,"Sprouts Farmers Market, Inc.",5411,RETAIL-GROCERY STORES
SFNC,Simmons First National Corp,6021,NATIONAL COMMERCIAL BANKS
SFR,,,UNKNOWN
SFST,"Southern First Bancshares, Inc.",6021,NATIONAL COMMERCIAL BANKS
SFT,,,UNKNOWN
SG,"Sweetgreen, Inc.",5812,RETAIL-EATING PLACES
SGA,"Saga Communications, Inc. Class A Common Stock (FL)",4832,RADIO BROADCASTING STATIONS
SGBX,,,UNKNOWN
SGC,"Superior Group of Companies, Inc. Common Stock",2300,APPAREL & OTHER FINISHD PRODS OF FABRICS & SIMILAR MATL
SGD,,,UNKNOWN
SGE,,,UNKNOWN
SGEN,,,UNKNOWN
SGFY,,,UNKNOWN
SGHL,,,UNKNOWN
SGHT,"Sight Sciences, Inc. Common Stock",3841,SURGICAL & MEDICAL INSTRUMENTS & APPARATUS
SGI,Somnigroup International Inc.,2510,HOUSEHOLD FURNITURE
SGII,,,UNKNOWN
SGLY,Singularity Future Technology Ltd. Common Stock,4731,ARRANGEMENT OF TRANSPORTATION OF FREIGHT & CARGO
SGMA,,,UNKNOWN
SGMO,,,UNKNOWN
SGMT,Sagimet Biosciences Inc. Series A Common Stock,2834,PHARMACEUTICAL PREPARATIONS
SGN,,,UNKNOWN
SGOL,abrdn Physical Gold Shares ETF,6221,COMMODITY CONTRACTS BROKERS & DEALERS
SGP,"SpyGlass Pharma, Inc. Common Stock",3841,SURGICAL & MEDICAL INSTRUMENTS & APPARATUS
SGRP,SPAR GROUP INC,,UNKNOWN
SGRY,"Surgery Partners, Inc. Common Stock",8062,"SERVICES-GENERAL MEDICAL & SURGICAL HOSPITALS, NEC"
SGTX,,,UNKNOWN
SGU,"Star Group, L.P. Common Units Representing Limited Partner Interest",5990,"RETAIL-RETAIL STORES, NEC"
SHAC,,,UNKNOWN
SHAK,Shake Shack Inc.,5810,RETAIL-EATING & DRINKING PLACES
SHAP,,,UNKNOWN
SHAZ,"SharonAI Holdings, Inc. Class A Common Stock",7374,SERVICES-COMPUTER PROCESSING & DATA PREPARATION
SHBI,Shore Bancshares Inc,6021,NATIONAL COMMERCIAL BANKS
SHC,Sotera Health Company Common Stock,8090,"SERVICES-MISC HEALTH & ALLIED SERVICES, NEC"
SHCA,,,UNKNOWN
SHCO,,,UNKNOWN
SHCR,,,UNKNOWN
SHEN,Shenandoah Telecom Co,4813,TELEPHONE COMMUNICATIONS (NO RADIOTELEPHONE)
SHFS,"SHF Holdings, Inc. Class A Common Stock",6199,FINANCE SERVICES
SHIM,Shimmick Corporation Common Stock,1600,HEAVY CONSTRUCTION OTHER THAN BLDG CONST - CONTRACTORS
SHLS,"Shoals Technologies Group, Inc. Class A Common Stock",3674,SEMICONDUCTORS & RELATED DEVICES
SHLX,,,UNKNOWN
SHO,"Sunstone Hotel Investors, Inc.",7011,HOTELS & MOTELS
SHOO,Steven Madden Ltd,3140,"FOOTWEAR, (NO RUBBER)"
SHOP,Shopify Inc. Class A subordinate voting shares,7372,SERVICES-PREPACKAGED SOFTWARE
SHOT,RMG ML Sports Holdings Class A Ordinary Shares,6770,BLANK CHECKS
SHOTU,RMG ML Sports Holdings Unit,6770,BLANK CHECKS
SHPH,"Shuttle Pharmaceuticals Holdings, Inc. Common Stock",2834,PHARMACEUTICAL PREPARATIONS
SHPW,,,UNKNOWN
SHQA,,,UNKNOWN
SHUA,,,UNKNOWN
SHW,The Sherwin-Williams Company,5200,"RETAIL-BUILDING MATERIALS, HARDWARE, GARDEN SUPPLY"
SHYF,,,UNKNOWN
SI,"Shoulder Innovations, Inc.",3841,SURGICAL & MEDICAL INSTRUMENTS & APPARATUS
SIBN,"SI-BONE, Inc. Common Stock",3841,SURGICAL & MEDICAL INSTRUMENTS & APPARATUS
SIDU,"Sidus Space, Inc. Class A Common Stock",4812,RADIOTELEPHONE COMMUNICATIONS
SIEB,Siebert Financial Corp,6211,"SECURITY BROKERS, DEALERS & FLOTATION COMPANIES"
SIEN,,,UNKNOWN
SIER,,,UNKNOWN
SIF,"SIFCO Industries, Inc.",3724,AIRCRAFT ENGINES & ENGINE PARTS
SIG,Signet Jewelers Limited,5944,RETAIL-JEWELRY STORES
SIGA,SIGA Technologies Inc.,2834,PHARMACEUTICAL PREPARATIONS
SIGI,Selective Insurance Group,6331,"FIRE, MARINE & CASUALTY INSURANCE"
SILA,,,UNKNOWN
SILK,,,UNKNOWN
SILO,"Silo Pharma, Inc. Common Stock",2834,PHARMACEUTICAL PREPARATIONS
SIMA,SIM Acquisition Corp. I Class A Ordinary Shares,6770,BLANK CHECKS
SING,SINGLEPOINT INC,,UNKNOWN
SINT,"SiNtx Technologies, Inc. Common Stock",3841,SURGICAL & MEDICAL INSTRUMENTS & APPARATUS
SION,"Sionna Therapeutics, Inc. Common Stock",2834,PHARMACEUTICAL PREPARATIONS
SIOX,,,UNKNOWN
SIRE,,,UNKNOWN
SIRI,"Sirius XM Holdings,  Inc",4832,RADIO BROADCASTING STATIONS
SISI,SHINECO INC,,UNKNOWN
SITC,SITE Centers Corp. Common Shares,6798,REAL ESTATE INVESTMENT TRUSTS
SITE,"SiteOne Landscape Supply, Inc.",5040,WHOLESALE-PROFESSIONAL & COMMERCIAL EQUIPMENT & SUPPLIES
SITM,SiTime Corporation Common Stock,3674,SEMICONDUCTORS & RELATED DEVICES
SIVB,,,UNKNOWN
SIVR,abrdn Physical Silver Shares ETF,6221,COMMODITY CONTRACTS BROKERS & DEALERS
SIX,,,UNKNOWN
SJI,,,UNKNOWN
SJM,The J.M. Smucker Company,2033,"CANNED, FRUITS, VEG, PRESERVES, JAMS & JELLIES"
SJT,San Juan Basin Royalty Trust UBI,6792,OIL ROYALTY TRADERS
SJW,,,UNKNOWN
SKGR,,,UNKNOWN
SKIL,Skillsoft Corp.,7372,SERVICES-PREPACKAGED SOFTWARE
SKIN,SkinHealth Systems Inc. Class A Common Stock,3841,SURGICAL & MEDICAL INSTRUMENTS & APPARATUS
SKLZ,,,UNKNOWN
SKT,Tanger Inc.,6798,REAL ESTATE INVESTMENT TRUSTS
SKWD,"Skyward Specialty Insurance Group, Inc. Common Stock",6331,"FIRE, MARINE & CASUALTY INSURANCE"
SKX,,,UNKNOWN
SKY,"Champion Homes, Inc.",2451,MOBILE HOMES
SKYA,"SkyAI, Inc. Common Stock",6199,FINANCE SERVICES
SKYE,"Skye Bioscience, Inc. Common Stock",2834,PHARMACEUTICAL PREPARATIONS
SKYH,Sky Harbour Group Corporation,6500,REAL ESTATE
SKYQ,Sky Quarry Inc. Common Stock,4955,HAZARDOUS WASTE MANAGEMENT
SKYT,,,UNKNOWN
SKYW,Skywest Inc,4512,"AIR TRANSPORTATION, SCHEDULED"
SKYX,SKYX Platforms Corp. Common Stock,3640,ELECTRIC LIGHTING & WIRING EQUIPMENT
SLAB,Silicon Laboratories Inc,3674,SEMICONDUCTORS & RELATED DEVICES
SLAC,,,UNKNOWN
SLAM,,,UNKNOWN
SLB,SLB Limited,1389,"OIL & GAS FIELD SERVICES, NEC"
SLCA,,,UNKNOWN
SLCR,,,UNKNOWN
SLDB,Solid Biosciences Inc. Common Stock,2836,"BIOLOGICAL PRODUCTS, (NO DIAGNOSTIC SUBSTANCES)"
SLDE,"Slide Insurance Holdings, Inc. Common Stock",6331,"FIRE, MARINE & CASUALTY INSURANCE"
SLDP,"Solid Power, Inc. Class A Common Stock",3690,"MISCELLANEOUS ELECTRICAL MACHINERY, EQUIPMENT & SUPPLIES"
SLE,"Super League Enterprise, Inc. Common Stock",7373,SERVICES-COMPUTER INTEGRATED SYSTEMS DESIGN
SLG,SL Green Realty Corp.,6798,REAL ESTATE INVESTMENT TRUSTS
SLGC,,,UNKNOWN
SLGN,Silgan Holdings Inc,3411,METAL CANS
SLM,SLM Corporation,6141,PERSONAL CREDIT INSTITUTIONS
SLN,Silence Therapeutics Plc American Depository Share,2834,PHARMACEUTICAL PREPARATIONS
SLND,"Southland Holdings, Inc.",1600,HEAVY CONSTRUCTION OTHER THAN BLDG CONST - CONTRACTORS
SLNG,"Stabilis Solutions, Inc. Common Stock",4924,NATURAL GAS DISTRIBUTION
SLNH,"Soluna Holdings, Inc. Common Stock",6199,FINANCE SERVICES
SLNO,,,UNKNOWN
SLP,"Simulations Plus, Inc.",7373,SERVICES-COMPUTER INTEGRATED SYSTEMS DESIGN
SLQT,"SelectQuote, Inc.",6411,"INSURANCE AGENTS, BROKERS & SERVICE"
SLRC,SLR Investment Corp. Common Stock,,UNKNOWN
SLRN,,,UNKNOWN
SLRX,,,UNKNOWN
SLS,"SELLAS Life Sciences Group, Inc. Common Stock",2834,PHARMACEUTICAL PREPARATIONS
SLSN,"Solesence, Inc. Common Stock",2844,"PERFUMES, COSMETICS & OTHER TOILET PREPARATIONS"
SLV,iShares Silver Trust,6221,COMMODITY CONTRACTS BROKERS & DEALERS
SLVM,Sylvamo Corporation,2621,PAPER MILLS
SLVR,Sprott Silver Miners & Physical Silver ETF,6770,BLANK CHECKS
SLXN,Silexion Therapeutics Corp Ordinary Shares,2836,"BIOLOGICAL PRODUCTS, (NO DIAGNOSTIC SUBSTANCES)"
SM,SM Energy Company,1311,CRUDE PETROLEUM & NATURAL GAS
SMA,"SmartStop Self Storage REIT, Inc.",6798,REAL ESTATE INVESTMENT TRUSTS
SMAR,,,UNKNOWN
SMBC,Southern Missouri Bancorp,6036,"SAVINGS INSTITUTIONS, NOT FEDERALLY CHARTERED"
SMBK,"SmartFinancial, Inc.",6021,NATIONAL COMMERCIAL BANKS
SMC,Summit Midstream Corporation,4922,NATURAL GAS TRANSMISSION
SMCI,"Super Micro Computer, Inc. Common Stock",3571,ELECTRONIC COMPUTERS
SMED,,,UNKNOWN
SMFL,SMART FOR LIFE INC,,UNKNOWN
SMG,The Scotts Miracle-Gro Company,2870,AGRICULTURAL CHEMICALS
SMHI,SEACOR Marine Holdings Inc. Common Stock,4412,DEEP SEA FOREIGN TRANSPORTATION OF FREIGHT
SMID,Smith-Midland Corporation Common Stock,3272,"CONCRETE PRODUCTS, EXCEPT BLOCK & BRICK"
SMIH,,,UNKNOWN
SMIT,SCHMITT INDUSTRIES INC,,UNKNOWN
SMLP,,,UNKNOWN
SMLR,,,UNKNOWN
SMMF,,,UNKNOWN
SMMT,Summit Therapeutics Inc. Common Stock,2834,PHARMACEUTICAL PREPARATIONS
SMP,Standard Motor Products,3714,MOTOR VEHICLE PARTS & ACCESSORIES
SMPL,The Simply Good Foods Company Common Stock,2000,FOOD AND KINDRED PRODUCTS
SMR,NuScale Power Corporation,3443,FABRICATED PLATE WORK (BOILER SHOPS)
SMRT,"SmartRent, Inc.",7373,SERVICES-COMPUTER INTEGRATED SYSTEMS DESIGN
SMSI,Smith Micro Software Inc,7372,SERVICES-PREPACKAGED SOFTWARE
SMTA,,,UNKNOWN
SMTC,Semtech Corp,3674,SEMICONDUCTORS & RELATED DEVICES
SMTI,Sanara MedTech Inc. Common Stock,3842,"ORTHOPEDIC, PROSTHETIC & SURGICAL APPLIANCES & SUPPLIES"
SMTK,"SmartKem, Inc. Common Stock",3674,SEMICONDUCTORS & RELATED DEVICES
SMXT,Solarmax Technology Inc. Common Stock,1700,CONSTRUCTION - SPECIAL TRADE CONTRACTORS
SN,"SharkNinja, Inc.",3630,HOUSEHOLD APPLIANCES
SNA,Snap-on Incorporated,3420,"CUTLERY, HANDTOOLS & GENERAL HARDWARE"
SNAL,"Snail, Inc. Class A Common Stock",7372,SERVICES-PREPACKAGED SOFTWARE
SNAP,Snap Inc.,7370,"SERVICES-COMPUTER PROGRAMMING, DATA PROCESSING, ETC."
SNAX,STRYVE FOODS INC A,,UNKNOWN
SNBR,,,UNKNOWN
SNCE,,,UNKNOWN
SNCR,,,UNKNOWN
SNCY,,,UNKNOWN
SND,"Smart Sand, Inc. Common Stock",1400,MINING & QUARRYING OF NONMETALLIC MINERALS (NO FUELS)
SNDA,"Sonida Senior Living, Inc.",8050,SERVICES-NURSING & PERSONAL CARE FACILITIES
SNDK,Sandisk Corporation Common Stock,3572,COMPUTER STORAGE DEVICES
SNDR,"Schneider National, Inc.",4213,TRUCKING (NO LOCAL)
SNDX,"Syndax Pharmaceuticals, Inc.",2834,PHARMACEUTICAL PREPARATIONS
SNES,"SenesTech, Inc. Common Stock",2870,AGRICULTURAL CHEMICALS
SNEX,StoneX Group Inc. Common Stock,6200,"SECURITY & COMMODITY BROKERS, DEALERS, EXCHANGES & SERVICES"
SNFCA,Security National Financial Co,6199,FINANCE SERVICES
SNGX,"Soligenix, Inc. Common Stock",2834,PHARMACEUTICAL PREPARATIONS
SNMP,,,UNKNOWN
SNOA,"Sonoma Pharmaceuticals, Inc. Common Stock",3841,SURGICAL & MEDICAL INSTRUMENTS & APPARATUS
SNOW,Snowflake Inc.,7372,SERVICES-PREPACKAGED SOFTWARE
SNPO,,,UNKNOWN
SNPS,Synopsys Inc,7372,SERVICES-PREPACKAGED SOFTWARE
SNPX,,,UNKNOWN
SNRH,,,UNKNOWN
SNSE,,,UNKNOWN
SNTI,"Senti Biosciences Holdings, Inc. Common Stock",2836,"BIOLOGICAL PRODUCTS, (NO DIAGNOSTIC SUBSTANCES)"
SNV,,,UNKNOWN
SNWV,"SANUWAVE Health, Inc. Common Stock",3841,SURGICAL & MEDICAL INSTRUMENTS & APPARATUS
SNX,TD SYNNEX Corporation,5045,WHOLESALE-COMPUTERS & PERIPHERAL EQUIPMENT & SOFTWARE
SNYR,,,UNKNOWN
SO,The Southern Company,4911,ELECTRIC SERVICES
SOAR,"Volato Group, Inc.",4522,"AIR TRANSPORTATION, NONSCHEDULED"
SOBR,SOBR SAFE INC,,UNKNOWN
SOC,Sable Offshore Corp.,1311,CRUDE PETROLEUM & NATURAL GAS
SOCA,Solarius Capital Acquisition Corp. Class A Ordinary Share,6770,BLANK CHECKS
SOEZ,Franklin Solana ETF,6221,COMMODITY CONTRACTS BROKERS & DEALERS
SOFI,"SoFi Technologies, Inc. Common Stock",6199,FINANCE SERVICES
SOFO,SONIC FOUNDRY INC,,UNKNOWN
SOHO,,,UNKNOWN
SOHOB,SOTHERLY HOT PFD SER B 8%,,UNKNOWN
SOL,,,UNKNOWN
SOLO,,,UNKNOWN
SOLS,Solstice Advanced Materials Inc. Common Stock,2800,CHEMICALS & ALLIED PRODUCTS
SOLV,Solventum Corporation,3841,SURGICAL & MEDICAL INSTRUMENTS & APPARATUS
SON,Sonoco Products Company,2650,PAPERBOARD CONTAINERS & BOXES
SOND,,,UNKNOWN
SONM,"DNA X, Inc. Common Stock",3661,TELEPHONE & TELEGRAPH APPARATUS
SONN,,,UNKNOWN
SONO,"Sonos, Inc. Common Stock",3651,HOUSEHOLD AUDIO & VIDEO EQUIPMENT
SONX,SONENDO INC,,UNKNOWN
SOPA,,,UNKNOWN
SOR,Source Capital,,UNKNOWN
SORN,Soren Acquisition Corp. Class A Ordinary Shares,6770,BLANK CHECKS
SORNU,Soren Acquisition Corp. Unit,6770,BLANK CHECKS
SOTK,Sono-Tek Corporation Common Stock,3559,"SPECIAL INDUSTRY MACHINERY, NEC"
SOUL,Soulpower Acquisition Corporation,6770,BLANK CHECKS
SOUN,"SoundHound AI, Inc. Class A Common Stock",7372,SERVICES-PREPACKAGED SOFTWARE
SOVO,,,UNKNOWN
SOWG,Sow Good Inc. Common Stock,2000,FOOD AND KINDRED PRODUCTS
SP,,,UNKNOWN
SPAI,Safe Pro Group Inc. Common Stock,3842,"ORTHOPEDIC, PROSTHETIC & SURGICAL APPLIANCES & SUPPLIES"
SPAQ.U,,,UNKNOWN
SPB,"Spectrum Brands Holdings, Inc.",3690,"MISCELLANEOUS ELECTRICAL MACHINERY, EQUIPMENT & SUPPLIES"
SPCE,"Virgin Galactic Holdings, Inc.",4700,TRANSPORTATION SERVICES
SPCM,Tradr 2X Long SpaceX Daily ETF,,UNKNOWN
SPCX,Space Exploration Technologies Corp. Class A Common Stock,7370,"SERVICES-COMPUTER PROGRAMMING, DATA PROCESSING, ETC."
SPE,"Special Opportunities Fund, Inc.",,UNKNOWN
SPEC,SPECTAIRE HOLDINGS INC,,UNKNOWN
SPEG,Silver Pegasus Acquisition Corp Class A Ordinary Shares,6770,BLANK CHECKS
SPFI,"South Plains Financial, Inc. Common Stock",6022,STATE COMMERCIAL BANKS
SPG,"Simon Property Group, Inc.",6798,REAL ESTATE INVESTMENT TRUSTS
SPGC,,,UNKNOWN
SPGI,S&P Global Inc.,7320,"SERVICES-CONSUMER CREDIT REPORTING, COLLECTION AGENCIES"
SPGS,,,UNKNOWN
SPH,Suburban Propane Partners L P,5900,RETAIL-MISCELLANEOUS RETAIL
SPHAU,,,UNKNOWN
SPHR,Sphere Entertainment Co.,7900,SERVICES-AMUSEMENT & RECREATION SERVICES
SPI,,,UNKNOWN
SPIR,"Spire Global, Inc.",4899,"COMMUNICATIONS SERVICES, NEC"
SPK,,,UNKNOWN
SPKB,,,UNKNOWN
SPKL,Spark I Acquisition Corp. Class A Ordinary Share,6770,BLANK CHECKS
SPKX,,,UNKNOWN
SPLK,,,UNKNOWN
SPLP,,,UNKNOWN
SPMA,"Sound Point Meridian Capital, Inc. 8.00% Series A Preferred Shares Due 2029",,UNKNOWN
SPN,,,UNKNOWN
SPNE,,,UNKNOWN
SPNT,SiriusPoint Ltd.,6331,"FIRE, MARINE & CASUALTY INSURANCE"
SPOK,"Spok Holdings, Inc",4812,RADIOTELEPHONE COMMUNICATIONS
SPPI,,,UNKNOWN
SPR,,,UNKNOWN
SPRB,"Spruce Biosciences, Inc. Common Stock",2834,PHARMACEUTICAL PREPARATIONS
SPRO,"Spero Therapeutics, Inc. Common Stock",2834,PHARMACEUTICAL PREPARATIONS
SPRU,Spruce Power Holding Corporation,4911,ELECTRIC SERVICES
SPRY,"ARS Pharmaceuticals, Inc. Common Stock",2834,PHARMACEUTICAL PREPARATIONS
SPSC,"SPS Commerce, Inc.",7372,SERVICES-PREPACKAGED SOFTWARE
SPT,"Sprout Social, Inc Class A Common Stock",7372,SERVICES-PREPACKAGED SOFTWARE
SPTK,,,UNKNOWN
SPTN,,,UNKNOWN
SPTX,"Seaport Therapeutics, Inc. Common Stock",2834,PHARMACEUTICAL PREPARATIONS
SPWH,"Sportsman's Warehouse Holdings, Inc.",5940,RETAIL-MISCELLANEOUS SHOPPING GOODS STORES
SPWR,SunPower Inc. Common Stock,1700,CONSTRUCTION - SPECIAL TRADE CONTRACTORS
SPXC,"SPX Technologies, Inc.",3540,METALWORKG MACHINERY & EQUIPMENT
SPXX,NUVEEN S&P 500 DYNAMIC OVERWRITE FUND,,UNKNOWN
SQ,,,UNKNOWN
SQBG,,,UNKNOWN
SQFT,"Presidio Property Trust, Inc. Class A Common Stock",6798,REAL ESTATE INVESTMENT TRUSTS
SQSP,,,UNKNOWN
SQZ,,,UNKNOWN
SR,Spire Inc.,4924,NATURAL GAS DISTRIBUTION
SRAX,SRAX INC A,,UNKNOWN
SRBK,"SR Bancorp, Inc. Common stock",6036,"SAVINGS INSTITUTIONS, NOT FEDERALLY CHARTERED"
SRC,,,UNKNOWN
SRCE,1st Source Corp,6022,STATE COMMERCIAL BANKS
SRCL,,,UNKNOWN
SRDX,,,UNKNOWN
SRE,Sempra,4932,GAS & OTHER SERVICES COMBINED
SREV,,,UNKNOWN
SRFM,Surf Air Mobility Inc.,4522,"AIR TRANSPORTATION, NONSCHEDULED"
SRG,"Seritage Growth Properties Class A common shares of beneficial interest, par value $0.01",6500,REAL ESTATE
SRGA,,,UNKNOWN
SRI,"Stoneridge, Inc",3714,MOTOR VEHICLE PARTS & ACCESSORIES
SRLP,,,UNKNOWN
SRM,,,UNKNOWN
SRNE,SORRENTO THERAPEUTICS INC,,UNKNOWN
SRPT,"Sarepta Therapeutics,, Inc. Common Stock",2834,PHARMACEUTICAL PREPARATIONS
SRRA,,,UNKNOWN
SRRK,Scholar Rock Holding Corporation Common Stock,2836,"BIOLOGICAL PRODUCTS, (NO DIAGNOSTIC SUBSTANCES)"
SRSA,,,UNKNOWN
SRT,,,UNKNOWN
SRTA,"Strata Critical Medical, Inc. Class A Common Stock",8000,SERVICES-HEALTH SERVICES
SRTS,"Sensus Healthcare, Inc",3841,SURGICAL & MEDICAL INSTRUMENTS & APPARATUS
SRV,NXG Cushing Midstream Energy Fund,,UNKNOWN
SRXH,SRX Global Inc,2080,BEVERAGES
SRZN,"Surrozen, Inc. Common",2836,"BIOLOGICAL PRODUCTS, (NO DIAGNOSTIC SUBSTANCES)"
SSAA,,,UNKNOWN
SSAC,SPACSphere Acquisition Corp. Class A Ordinary Shares,6770,BLANK CHECKS
SSB,SouthState Bank Corporation,6022,STATE COMMERCIAL BANKS
SSBK,,,UNKNOWN
SSD,"Simpson Manufacturing Co., Inc.",3420,"CUTLERY, HANDTOOLS & GENERAL HARDWARE"
SSEA,Starry Sea Acquisition Corp Ordinary Shares,6770,BLANK CHECKS
SSII,SS Innovations International Inc. Common Stock,3841,SURGICAL & MEDICAL INSTRUMENTS & APPARATUS
SSKN,STRATA SKIN SCIENCES INC,,UNKNOWN
SSM,Sono Group N.V. Ordinary Shares,6199,FINANCE SERVICES
SSNC,SS&C Technologies Inc,7372,SERVICES-PREPACKAGED SOFTWARE
SSP,The E.W. Scripps Company,4833,TELEVISION BROADCASTING STATIONS
SSRM,SSR Mining Inc.,6795,MINERAL ROYALTY TRADERS
SSSS,,,UNKNOWN
SST,"System1, Inc.",7370,"SERVICES-COMPUTER PROGRAMMING, DATA PROCESSING, ETC."
SSTI,"SoundThinking, Inc. Common Stock",7372,SERVICES-PREPACKAGED SOFTWARE
SSTK,"SHUTTERSTOCK, INC.",7374,SERVICES-COMPUTER PROCESSING & DATA PREPARATION
SSY,,,UNKNOWN
ST,Sensata Technologies Holding plc,3823,"INDUSTRIAL INSTRUMENTS FOR MEASUREMENT, DISPLAY, AND CONTROL"
STAA,Staar Surgical Co,3851,OPHTHALMIC GOODS
STAB,STATERA BIOPHARMA INC,,UNKNOWN
STAF,,,UNKNOWN
STAG,"STAG INDUSTRIAL, INC.",6798,REAL ESTATE INVESTMENT TRUSTS
STAI,SCANTECH AI SYSTEMS INC,,UNKNOWN
STBA,S&T Bancorp Inc,6022,STATE COMMERCIAL BANKS
STC,Stewart Information Services Corporation,6361,TITLE INSURANCE
STCN,,,UNKNOWN
STE,STERIS plc,3842,"ORTHOPEDIC, PROSTHETIC & SURGICAL APPLIANCES & SUPPLIES"
STEL,,,UNKNOWN
STEM,"Stem, Inc.",7373,SERVICES-COMPUTER INTEGRATED SYSTEMS DESIGN
STEP,StepStone Group Inc. Class A Common Stock,6282,INVESTMENT ADVICE
STER,,,UNKNOWN
STET,,,UNKNOWN
STEW,"SRH Total Return Fund, Inc.",,UNKNOWN
STEX,Streamex Corp. Common Stock,3845,ELECTROMEDICAL & ELECTROTHERAPEUTIC APPARATUS
STFC,,,UNKNOWN
STGW,Stagwell Inc. Class A Common Stock,7311,SERVICES-ADVERTISING AGENCIES
STHO,Star Holdings Shares of Beneficial Interest,6519,"LESSORS OF REAL PROPERTY, NEC"
STI,"Solidion Technology, Inc. Common Stock",3690,"MISCELLANEOUS ELECTRICAL MACHINERY, EQUIPMENT & SUPPLIES"
STIM,"Neuronetics, Inc. Common Stock",3841,SURGICAL & MEDICAL INSTRUMENTS & APPARATUS
STK,"Columbia Seligman Premium Technology Growth Fund, Inc.",,UNKNOWN
STKL,,,UNKNOWN
STKS,"The ONE Group Hospitality, Inc. Common Stock",5812,RETAIL-EATING PLACES
STL,,,UNKNOWN
STLD,Steel Dynamics Inc,3312,"STEEL WORKS, BLAST FURNACES & ROLLING MILLS (COKE OVENS)"
STOK,"Stoke Therapeutics, Inc. Common Stock",2834,PHARMACEUTICAL PREPARATIONS
STON,,,UNKNOWN
STOR,,,UNKNOWN
STR,,,UNKNOWN
STRA,"Strategic Education, Inc. Common Stock",8200,SERVICES-EDUCATIONAL SERVICES
STRL,"Sterling Infrastructure, Inc. Common Stock",1600,HEAVY CONSTRUCTION OTHER THAN BLDG CONST - CONTRACTORS
STRM,,,UNKNOWN
STRN,SMART Trend 25 ETF,7311,SERVICES-ADVERTISING AGENCIES
STRO,"Sutro Biopharma, Inc.",2836,"BIOLOGICAL PRODUCTS, (NO DIAGNOSTIC SUBSTANCES)"
STRR,"Star Equity Holdings, Inc. Common Stock",7363,SERVICES-HELP SUPPLY SERVICES
STRS,STRATUS PPTYS INC,,UNKNOWN
STRT,Strattec Security Corp,3714,MOTOR VEHICLE PARTS & ACCESSORIES
STRW,"Strawberry Fields REIT, Inc.",6798,REAL ESTATE INVESTMENT TRUSTS
STRY,,,UNKNOWN
STRZ,Starz Entertainment Corp. Common Shares,7812,SERVICES-MOTION PICTURE & VIDEO TAPE PRODUCTION
STSA,,,UNKNOWN
STSS,,,UNKNOWN
STT,State Street Corporation,6022,STATE COMMERCIAL BANKS
STTK,"Shattuck Labs, Inc. Common Stock",2834,PHARMACEUTICAL PREPARATIONS
STUB,"StubHub Holdings, Inc.",7990,SERVICES-MISCELLANEOUS AMUSEMENT & RECREATION
STWD,"STARWOOD PROPERTY TRUST, INC.",6798,REAL ESTATE INVESTMENT TRUSTS
STX,Seagate Technology Holdings PLC Ordinary Shares (Ireland),3572,COMPUTER STORAGE DEVICES
STXB,,,UNKNOWN
STXS,"Stereotaxis, Inc. Common Stock",3845,ELECTROMEDICAL & ELECTROTHERAPEUTIC APPARATUS
STZ,"Constellation Brands, Inc.",2080,BEVERAGES
SUAC,,,UNKNOWN
SUI,"Sun Communities, Inc",6798,REAL ESTATE INVESTMENT TRUSTS
SUIG,Sui Group Holdings Limited Common Stock,6199,FINANCE SERVICES
SUJA,"Suja Life, Inc. Class A Common Stock",2080,BEVERAGES
SUM,,,UNKNOWN
SUMA,SUMA Acquisition Corporation Class A Ordinary Shares,6770,BLANK CHECKS
SUMAU,SUMA Acquisition Corporation Units,6770,BLANK CHECKS
SUMO,,,UNKNOWN
SUMR,,,UNKNOWN
SUN,SUNOCO L.P.,2911,PETROLEUM REFINING
SUNB,"Sunbelt Rentals Holdings, Inc.",7359,"SERVICES-EQUIPMENT RENTAL & LEASING, NEC"
SUNC,SunocoCorp LLC,2911,PETROLEUM REFINING
SUNE,"SUNation Energy, Inc. Common Stock",1700,CONSTRUCTION - SPECIAL TRADE CONTRACTORS
SUNL,,,UNKNOWN
SUNS,"Sunrise Realty Trust, Inc. Common Stock",6798,REAL ESTATE INVESTMENT TRUSTS
SUNW,,,UNKNOWN
SUP,,,UNKNOWN
SUPN,"Supernus Pharmaceuticals, Inc.",2834,PHARMACEUTICAL PREPARATIONS
SURF,,,UNKNOWN
SURG,"SurgePays, Inc. Common Stock",4813,TELEPHONE COMMUNICATIONS (NO RADIOTELEPHONE)
SVAC,,,UNKNOWN
SVAQ,Silicon Valley Acquisition Corp. Class A Ordinary Shares,6770,BLANK CHECKS
SVAQU,Silicon Valley Acquisition Corp. Units,6770,BLANK CHECKS
SVC,Service Properties Trust Common Stock,6798,REAL ESTATE INVESTMENT TRUSTS
SVCC,Stellar V Capital Corp. Class A Ordinary Shares,6770,BLANK CHECKS
SVCO,"Silvaco Group, Inc. Common Stock",7372,SERVICES-PREPACKAGED SOFTWARE
SVFA,,,UNKNOWN
SVFB,,,UNKNOWN
SVII,,,UNKNOWN
SVIVU,Spring Valley Acquisition Corp. IV Units,6770,BLANK CHECKS
SVIX,-1x Short VIX Futures ETF,6221,COMMODITY CONTRACTS BROKERS & DEALERS
SVNA,,,UNKNOWN
SVRA,Savara Inc.,2834,PHARMACEUTICAL PREPARATIONS
SVT,,,UNKNOWN
SVV,"Savers Value Village, Inc.",5900,RETAIL-MISCELLANEOUS RETAIL
SVVC,FIRSTHAND TEC VAL FUND,,UNKNOWN
SW,Smurfit Westrock plc,2650,PAPERBOARD CONTAINERS & BOXES
SWAG,"Stran & Company, Inc. Common Stock",7311,SERVICES-ADVERTISING AGENCIES
SWAV,,,UNKNOWN
SWBI,"Smith & Wesson Brands, Inc. Common Stock",3480,"ORDNANCE & ACCESSORIES, (NO VEHICLES/GUIDED MISSILES)"
SWCH,,,UNKNOWN
SWET,,,UNKNOWN
SWI,,,UNKNOWN
SWIM,"Latham Group, Inc. Common Stock",3089,"PLASTICS PRODUCTS, NEC"
SWK,"Stanley Black & Decker, Inc.",3420,"CUTLERY, HANDTOOLS & GENERAL HARDWARE"
SWKH,,,UNKNOWN
SWKS,Skyworks Solutions Inc,3674,SEMICONDUCTORS & RELATED DEVICES
SWMR,"Swarmer, Inc Common Stock",7372,SERVICES-PREPACKAGED SOFTWARE
SWN,,,UNKNOWN
SWSS,CLEAN ENGY SPCL SITUTINS,,UNKNOWN
SWTX,,,UNKNOWN
SWX,"Southwest Gas Holdings, Inc.",4923,NATURAL GAS TRANSMISSION & DISTRIBUTION
SWZ,Total Return Securities Fund,,UNKNOWN
SXC,SUNCOKE ENERGY INC,3312,"STEEL WORKS, BLAST FURNACES & ROLLING MILLS (COKE OVENS)"
SXI,Standex International Corporation,3580,REFRIGERATION & SERVICE INDUSTRY MACHINERY
SXT,Sensient Technology Corporation,2860,INDUSTRIAL ORGANIC CHEMICALS
SXTP,"60 Degrees Pharmaceuticals, Inc. Common Stock",2834,PHARMACEUTICAL PREPARATIONS
SYBT,"Stock Yards Bancorp, Inc.",6022,STATE COMMERCIAL BANKS
SYBX,SYNLOGIC INC,,UNKNOWN
SYF,SYNCHRONY FINANCIAL,6199,FINANCE SERVICES
SYK,Stryker Corporation,3841,SURGICAL & MEDICAL INSTRUMENTS & APPARATUS
SYM,Symbotic Inc. Class A Common Stock,3569,"GENERAL INDUSTRIAL MACHINERY & EQUIPMENT, NEC"
SYNA,Synaptics Inc,3674,SEMICONDUCTORS & RELATED DEVICES
SYNH,,,UNKNOWN
SYPR,Sypris Solutions Inc,3823,"INDUSTRIAL INSTRUMENTS FOR MEASUREMENT, DISPLAY, AND CONTROL"
SYRA,SYRA HEALTH CORP A,,UNKNOWN
SYRE,"Spyre Therapeutics, Inc. Common Stock",2834,PHARMACEUTICAL PREPARATIONS
SYRS,SYROS PHARMACEUTICALS INC,,UNKNOWN
SYY,Sysco Corporation,5140,WHOLESALE-GROCERIES & RELATED PRODUCTS
SZZL,Sizzle Acquisition Corp. II Class A ordinary shares,6770,BLANK CHECKS
T,AT&T Inc.,4813,TELEPHONE COMMUNICATIONS (NO RADIOTELEPHONE)
TA,,,UNKNOWN
TACA,,,UNKNOWN
TACH,Titan Acquisition Corp. Class A Ordinary Shares,6770,BLANK CHECKS
TACO,Berto Acquisition Corp. Ordinary Shares,6770,BLANK CHECKS
TACT,Transact Technologies Inc,3577,"COMPUTER PERIPHERAL EQUIPMENT, NEC"
TAIT,TAITRON COMPONENTS INC A,,UNKNOWN
TALK,,,UNKNOWN
TALO,"Talos Energy, Inc. Common Stock",1311,CRUDE PETROLEUM & NATURAL GAS
TAP,Molson Coors Beverage Company Class B,2082,MALT BEVERAGES
TARA,"Protara Therapeutics, Inc. Common Stock",2836,"BIOLOGICAL PRODUCTS, (NO DIAGNOSTIC SUBSTANCES)"
TARS,"Tarsus Pharmaceuticals, Inc. Common Stock",2836,"BIOLOGICAL PRODUCTS, (NO DIAGNOSTIC SUBSTANCES)"
TASK,"TaskUs, Inc. Class A Common Stock",7374,SERVICES-COMPUTER PROCESSING & DATA PREPARATION
TAST,,,UNKNOWN
TAVI,Tavia Acquisition Corp. Ordinary Shares,6770,BLANK CHECKS
TAX,Cambria Tax Aware ETF,6794,PATENT OWNERS & LESSORS
TAYD,Taylor Devices Inc,3569,"GENERAL INDUSTRIAL MACHINERY & EQUIPMENT, NEC"
TBBK,The Bancorp Inc.,6021,NATIONAL COMMERCIAL BANKS
TBCH,Turtle Beach Corporation Common Stock,3669,"COMMUNICATIONS EQUIPMENT, NEC"
TBCP,,,UNKNOWN
TBH,,,UNKNOWN
TBHC,,,UNKNOWN
TBI,"Trueblue, Inc.",7363,SERVICES-HELP SUPPLY SERVICES
TBIO,TELESIS BIO INC,,UNKNOWN
TBLA,Taboola.com Ltd. Ordinary Shares,7370,"SERVICES-COMPUTER PROGRAMMING, DATA PROCESSING, ETC."
TBLT,,,UNKNOWN
TBMC,,,UNKNOWN
TBN,Tamboran Resources Corporation,1311,CRUDE PETROLEUM & NATURAL GAS
TBNK,,,UNKNOWN
TBPH,,,UNKNOWN
TBRG,,,UNKNOWN
TBSA,,,UNKNOWN
TCBC,,,UNKNOWN
TCBI,"Texas Capital Bancshares, Inc.",6022,STATE COMMERCIAL BANKS
TCBK,Trico Bancshares,6022,STATE COMMERCIAL BANKS
TCBP,,,UNKNOWN
TCBS,"Texas Community Bancshares, Inc. Common Stock",6036,"SAVINGS INSTITUTIONS, NOT FEDERALLY CHARTERED"
TCBX,"Third Coast Bancshares, Inc. Common Stock",6036,"SAVINGS INSTITUTIONS, NOT FEDERALLY CHARTERED"
TCCO,TECHNICAL COMMUNICATIONS,,UNKNOWN
TCDA,,,UNKNOWN
TCFC,,,UNKNOWN
TCI,"Transcontinental Realty Investors, Inc.",6798,REAL ESTATE INVESTMENT TRUSTS
TCMD,"Tactile Systems Technology, Inc.",3841,SURGICAL & MEDICAL INSTRUMENTS & APPARATUS
TCOA,,,UNKNOWN
TCON,,,UNKNOWN
TCPC,BlackRock TCP Capital Corp. Common Stock,,UNKNOWN
TCRR,,,UNKNOWN
TCRT,"Alaunos Therapeutics, Inc. Common Stock",2834,PHARMACEUTICAL PREPARATIONS
TCRX,"TScan Therapeutics, Inc. Common Stock",2836,"BIOLOGICAL PRODUCTS, (NO DIAGNOSTIC SUBSTANCES)"
TCS,,,UNKNOWN
TCVA,,,UNKNOWN
TCX,"Tucows, Inc",7374,SERVICES-COMPUTER PROCESSING & DATA PREPARATION
TDAC,Translational Development Acquisition Corp. Ordinary Shares,6770,BLANK CHECKS
TDACU,Translational Development Acquisition Corp. Units,6770,BLANK CHECKS
TDAY,"USA TODAY Co., Inc.",2711,NEWSPAPERS: PUBLISHING OR PUBLISHING & PRINTING
TDC,TERADATA CORPORATION,7372,SERVICES-PREPACKAGED SOFTWARE
TDG,TransDigm Group Incorporated,3728,"AIRCRAFT PARTS & AUXILIARY EQUIPMENT, NEC"
TDOC,"Teladoc Health, Inc.",8011,SERVICES-OFFICES & CLINICS OF DOCTORS OF MEDICINE
TDS,Telephone and Data Systems Inc.,4813,TELEPHONE COMMUNICATIONS (NO RADIOTELEPHONE)
TDUP,ThredUp Inc. Class A Common Stock,5961,RETAIL-CATALOG & MAIL-ORDER HOUSES
TDW,"Tidewater, Inc.",4400,WATER TRANSPORTATION
TDWD,Tailwind 2.0 Acquisition Corp. Class A Ordinary Shares,6770,BLANK CHECKS
TDY,Teledyne Technologies Incorporated,3812,"SEARCH, DETECTION, NAVIGATION, GUIDANCE, AERONAUTICAL SYS"
TE,T1 Energy Inc.,3674,SEMICONDUCTORS & RELATED DEVICES
TEAD,Teads Holding Co. Common Stock,7370,"SERVICES-COMPUTER PROGRAMMING, DATA PROCESSING, ETC."
TEAF,,,UNKNOWN
TEAM,Atlassian Corporation Class A Common Stock,7372,SERVICES-PREPACKAGED SOFTWARE
TECH,Bio-Techne Corp.,2836,"BIOLOGICAL PRODUCTS, (NO DIAGNOSTIC SUBSTANCES)"
TECX,"Tectonic Therapeutic, Inc. Common Stock",2836,"BIOLOGICAL PRODUCTS, (NO DIAGNOSTIC SUBSTANCES)"
TEKK,,,UNKNOWN
TEL,TE Connectivity plc,5065,"WHOLESALE-ELECTRONIC PARTS & EQUIPMENT, NEC"
TELA,"TELA Bio, Inc. Common Stock",3841,SURGICAL & MEDICAL INSTRUMENTS & APPARATUS
TELO,"Telomir Pharmaceuticals, Inc. Common Stock",2834,PHARMACEUTICAL PREPARATIONS
TELZ,,,UNKNOWN
TEM,"Tempus AI, Inc. Class A Common Stock",7370,"SERVICES-COMPUTER PROGRAMMING, DATA PROCESSING, ETC."
TENB,"Tenable Holdings, Inc.",7372,SERVICES-PREPACKAGED SOFTWARE
TENX,"Tenax Therapeutics, Inc.",2834,PHARMACEUTICAL PREPARATIONS
TER,"Teradyne, Inc. Common Stock",3825,INSTRUMENTS FOR MEAS & TESTING OF ELECTRICITY & ELEC SIGNALS
TERN,,,UNKNOWN
TESS,,,UNKNOWN
TETC,,,UNKNOWN
TETE,,,UNKNOWN
TETH,21Shares Ethereum Staking ETF,6221,COMMODITY CONTRACTS BROKERS & DEALERS
TEUM,,,UNKNOWN
TEVA,Teva Pharmaceutical Industries Limited,2834,PHARMACEUTICAL PREPARATIONS
TEX,Terex Corporation,3537,"INDUSTRIAL TRUCKS, TRACTORS, TRAILERS & STACKERS"
TFC,Truist Financial Corporation,6021,NATIONAL COMMERCIAL BANKS
TFFP,,,UNKNOWN
TFIN,"Triumph Financial, Inc.",6022,STATE COMMERCIAL BANKS
TFSA,,,UNKNOWN
TFSL,TFS Financial Corporation,6035,"SAVINGS INSTITUTION, FEDERALLY CHARTERED"
TFX,Teleflex Incorporated,3841,SURGICAL & MEDICAL INSTRUMENTS & APPARATUS
TG,Tredegar Corporation,3350,ROLLING DRAWING & EXTRUDING OF NONFERROUS METALS
TGAA,,,UNKNOWN
TGAN,,,UNKNOWN
TGEN,Tecogen Inc.,3585,AIR-COND & WARM AIR HEATG EQUIP & COMM & INDL REFRIG EQUIP
TGI,,,UNKNOWN
TGL,Treasure Global Inc. Common Stock,7389,"SERVICES-BUSINESS SERVICES, NEC"
TGLS,Tecnoglass Holdings Inc.,3211,FLAT GLASS
TGNA,,,UNKNOWN
TGR,,,UNKNOWN
TGT,Target Corporation,5331,RETAIL-VARIETY STORES
TGTX,"TG Therapeutics, Inc.",2834,PHARMACEUTICAL PREPARATIONS
TGVC,,,UNKNOWN
TH,Target Hospitality Corp. Common Stock,7000,"HOTELS, ROOMING HOUSES, CAMPS & OTHER LODGING PLACES"
THAC,,,UNKNOWN
THAR,,,UNKNOWN
THC,Tenet Healthcare Corporation New,8062,"SERVICES-GENERAL MEDICAL & SURGICAL HOSPITALS, NEC"
THCA,,,UNKNOWN
THCP,,,UNKNOWN
THFF,First Financial Corporation Common Stock,6022,STATE COMMERCIAL BANKS
THG,"The Hanover Insurance Group, Inc.",6331,"FIRE, MARINE & CASUALTY INSURANCE"
THM,"International Tower Hill Mines, Ltd.",1000,METAL MINING
THMO,THERMOGENESIS HLDGS INC,,UNKNOWN
THO,"Thor Industries, Inc.",3716,MOTOR HOMES
THQ,abrdn Healthcare Opportunities Fund,,UNKNOWN
THR,,,UNKNOWN
THRD,,,UNKNOWN
THRM,Gentherm Inc,3714,MOTOR VEHICLE PARTS & ACCESSORIES
THRN,,,UNKNOWN
THRX,,,UNKNOWN
THRY,"Thryv Holdings, Inc. Common Stock",7310,SERVICES-ADVERTISING
THS,,,UNKNOWN
THW,abrdn World Healthcare Fund,,UNKNOWN
TIC,"TIC Solutions, Inc",7389,"SERVICES-BUSINESS SERVICES, NEC"
TIG,,,UNKNOWN
TIL,"Instil Bio, Inc. Common Stock",2836,"BIOLOGICAL PRODUCTS, (NO DIAGNOSTIC SUBSTANCES)"
TILE,Interface Inc,2273,CARPETS & RUGS
TIO,,,UNKNOWN
TIOA,,,UNKNOWN
TIPT,Tiptree Inc. Common Stock,6331,"FIRE, MARINE & CASUALTY INSURANCE"
TISI,"Team, Inc.",7600,SERVICES-MISCELLANEOUS REPAIR SERVICES
TITN,Titan Machinery Inc.,5990,"RETAIL-RETAIL STORES, NEC"
TIVC,,,UNKNOWN
TJX,"TJX Companies, Inc. (The)",5651,RETAIL-FAMILY CLOTHING STORES
TKAT,,,UNKNOWN
TKNO,"Alpha Teknova, Inc. Common Stock",2835,IN VITRO & IN VIVO DIAGNOSTIC SUBSTANCES
TKO,"TKO Group Holdings, Inc.",7900,SERVICES-AMUSEMENT & RECREATION SERVICES
TKR,The Timken Company,3562,BALL & ROLLER BEARINGS
TLF,"Tandy Leather Factory, Inc. Common Stock",3100,LEATHER & LEATHER PRODUCTS
TLGY,,,UNKNOWN
TLIS,,,UNKNOWN
TLMD,,,UNKNOWN
TLN,Talen Energy Corporation Common Stock,4911,ELECTRIC SERVICES
TLNC,Talon Capital Corp. Class A Ordinary Shares,6770,BLANK CHECKS
TLPH,"Talphera, Inc. Common Stock",2834,PHARMACEUTICAL PREPARATIONS
TLRY,"Tilray Brands, Inc. Common Stock",2833,MEDICINAL CHEMICALS & BOTANICAL PRODUCTS
TLS,Telos Corporation Common Stock,7373,SERVICES-COMPUTER INTEGRATED SYSTEMS DESIGN
TLSI,"TriSalus Life Sciences, Inc. Common Stock",3841,SURGICAL & MEDICAL INSTRUMENTS & APPARATUS
TLYS,Tilly's Inc.,5600,RETAIL-APPAREL & ACCESSORY STORES
TMAC,,,UNKNOWN
TMBR,,,UNKNOWN
TMC,TMC the metals company Inc. Common Stock,1000,METAL MINING
TMCI,"Treace Medical Concepts, Inc. Common Stock",3841,SURGICAL & MEDICAL INSTRUMENTS & APPARATUS
TMDX,"TransMedics Group, Inc. Common Stock",3845,ELECTROMEDICAL & ELECTROTHERAPEUTIC APPARATUS
TMHC,,,UNKNOWN
TMO,"Thermo Fisher Scientific, Inc.",3829,"MEASURING & CONTROLLING DEVICES, NEC"
TMP,Tompkins Financial Corporation,6022,STATE COMMERCIAL BANKS
TMPM,,,UNKNOWN
TMPO,,,UNKNOWN
TMQ,Trilogy Metals Inc,1040,GOLD AND SILVER ORES
TMTC,,,UNKNOWN
TMTSU,Spartacus Acquisition Corp. II Unit,6770,BLANK CHECKS
TMUS,"T-Mobile US, Inc.",4812,RADIOTELEPHONE COMMUNICATIONS
TMX,,,UNKNOWN
TNC,TENNANT COMPANY,3580,REFRIGERATION & SERVICE INDUSTRY MACHINERY
TNDM,"Tandem Diabetes Care, Inc.",3841,SURGICAL & MEDICAL INSTRUMENTS & APPARATUS
TNET,"TRINET GROUP, INC.",7389,"SERVICES-BUSINESS SERVICES, NEC"
TNFA,,,UNKNOWN
TNGX,"Tango Therapeutics, Inc.",2834,PHARMACEUTICAL PREPARATIONS
TNL,Travel + Leisure Co.,7011,HOTELS & MOTELS
TNON,"Tenon Medical, Inc. Common Stock",3841,SURGICAL & MEDICAL INSTRUMENTS & APPARATUS
TNXP,Tonix Pharmaceuticals Holding Corp.,2834,PHARMACEUTICAL PREPARATIONS
TNYA,"Tenaya Therapeutics, Inc. Common Stock",2836,"BIOLOGICAL PRODUCTS, (NO DIAGNOSTIC SUBSTANCES)"
TOAC,,,UNKNOWN
TOI,,,UNKNOWN
TOL,"Toll Brothers, Inc.",1531,OPERATIVE BUILDERS
TOMZ,"TOMI Environmental Solutions, Inc.",2860,INDUSTRIAL ORGANIC CHEMICALS
TONX,TON Strategy Company Common Stock,6199,FINANCE SERVICES
TOON,"Kartoon Studios, Inc.",7812,SERVICES-MOTION PICTURE & VIDEO TAPE PRODUCTION
TOPP,Toppoint Holdings Inc.,4210,TRUCKING & COURIER SERVICES (NO AIR)
TOST,"Toast, Inc.",7374,SERVICES-COMPUTER PROCESSING & DATA PREPARATION
TOVX,"Theriva Biologics, Inc.",2834,PHARMACEUTICAL PREPARATIONS
TPB,"Turning Point Brands, Inc.",2100,TOBACCO PRODUCTS
TPBA,,,UNKNOWN
TPC,Tutor Perini Corporation,1540,GENERAL BLDG CONTRACTORS - NONRESIDENTIAL BLDGS
TPCS,Techprecision Corporation,3440,FABRICATED STRUCTURAL METAL PRODUCTS
TPET,Trio Petroleum Corp.,1311,CRUDE PETROLEUM & NATURAL GAS
TPG,TPG Inc. Class A Common Stock,6282,INVESTMENT ADVICE
TPGY,,,UNKNOWN
TPH,,,UNKNOWN
TPHS,TRINITY PLACE HLDGS INC,,UNKNOWN
TPIC,,,UNKNOWN
TPL,Texas Pacific Land Corporation,6792,OIL ROYALTY TRADERS
TPR,"Tapestry, Inc. Common Stock",3100,LEATHER & LEATHER PRODUCTS
TPST,"Tempest Therapeutics, Inc. Common Stock",2834,PHARMACEUTICAL PREPARATIONS
TPTA,,,UNKNOWN
TPTX,,,UNKNOWN
TPVG,TRIPLEPOINT VENTURE GROWTH BDC CORP.,,UNKNOWN
TPX,,,UNKNOWN
TPZ,Tortoise Electrification Infrastructure ETF,,UNKNOWN
TR,"Tootsie Roll Industries, Inc.",2060,SUGAR & CONFECTIONERY PRODUCTS
TRAD,APEX Tech Acquisition Inc.,6770,BLANK CHECKS
TRAD.U,"APEX Tech Acquisition Inc. Units, each consisting of one Class A ordinary share and one right to receive one sixth (1/6) of a Class A ordinary share",6770,BLANK CHECKS
TRAK,"ReposiTrak, Inc.",7374,SERVICES-COMPUTER PROCESSING & DATA PREPARATION
TRAQ,,,UNKNOWN
TRAW,"Traws Pharma, Inc. Common Stock",2834,PHARMACEUTICAL PREPARATIONS
TRAX,"First Tracks Biotherapeutics, Inc. Ordinary Shares",2834,PHARMACEUTICAL PREPARATIONS
TRC,Tejon Ranch Co.,6500,REAL ESTATE
TRCA,,,UNKNOWN
TRDA,"Entrada Therapeutics, Inc. Common Stock",2834,PHARMACEUTICAL PREPARATIONS
TREC,,,UNKNOWN
TREE,"LendingTree, Inc.",6163,LOAN BROKERS
TREX,"Trex Company, Inc.",2400,LUMBER & WOOD PRODUCTS (NO FURNITURE)
TRGP,Targa Resources Corp.,4922,NATURAL GAS TRANSMISSION
TRGS,TRG Latin America Acquisitions Corp. Class A Ordinary Shares,6770,BLANK CHECKS
TRGSU,TRG Latin America Acquisitions Corp. Units,6770,BLANK CHECKS
TRHC,,,UNKNOWN
TRIN,Trinity Capital Inc.,,UNKNOWN
TRIP,"TripAdvisor, Inc.",7370,"SERVICES-COMPUTER PROGRAMMING, DATA PROCESSING, ETC."
TRIS,,,UNKNOWN
TRKA,,,UNKNOWN
TRLV,Trulieve Cannabis Corp.,2833,MEDICINAL CHEMICALS & BOTANICAL PRODUCTS
TRMB,Trimble Inc. Common Stock,3829,"MEASURING & CONTROLLING DEVICES, NEC"
TRMK,Trustmark Corp,6021,NATIONAL COMMERCIAL BANKS
TRML,,,UNKNOWN
TRN,"Trinity Industries, Inc.",3743,RAILROAD EQUIPMENT
TRNO,Terreno Realty Corporation,6500,REAL ESTATE
TRNR,Interactive Strength Inc. Common Stock,3600,ELECTRONIC & OTHER ELECTRICAL EQUIPMENT (NO COMPUTER EQUIP)
TRNS,Transcat Inc,3825,INSTRUMENTS FOR MEAS & TESTING OF ELECTRICITY & ELEC SIGNALS
TRON,Tron Inc. Common Stock,6199,FINANCE SERVICES
TROW,T Rowe Price Group Inc,6282,INVESTMENT ADVICE
TROX,TRONOX LIMITED CL A ORDINARY SHARES,2810,INDUSTRIAL INORGANIC CHEMICALS
TRS,Trimas Corporation,3460,METAL FORGINGS & STAMPINGS
TRST,Trustco Bank Corp NY,6022,STATE COMMERCIAL BANKS
TRT,Trio-Tech International Common Stock,3559,"SPECIAL INDUSTRY MACHINERY, NEC"
TRTL,,,UNKNOWN
TRTNPA,,,UNKNOWN
TRTX,"TPG RE Finance Trust, Inc. Common Stock",6798,REAL ESTATE INVESTMENT TRUSTS
TRU,TransUnion,7320,"SERVICES-CONSUMER CREDIT REPORTING, COLLECTION AGENCIES"
TRUE,,,UNKNOWN
TRUG,"TruGolf Holdings, Inc. Class A Common Stock",3949,"SPORTING & ATHLETIC GOODS, NEC"
TRUP,"Trupanion, Inc.",6324,HOSPITAL & MEDICAL SERVICE PLANS
TRV,"The Travelers Companies, Inc.",6331,"FIRE, MARINE & CASUALTY INSURANCE"
TRVI,"Trevi Therapeutics, Inc. Common Stock",2834,PHARMACEUTICAL PREPARATIONS
TRVN,TREVENA INC,,UNKNOWN
TSBK,Timberland Bancorp Inc,6036,"SAVINGS INSTITUTIONS, NOT FEDERALLY CHARTERED"
TSBX,,,UNKNOWN
TSC,,,UNKNOWN
TSCO,Tractor Supply Co,5200,"RETAIL-BUILDING MATERIALS, HARDWARE, GARDEN SUPPLY"
TSE,,,UNKNOWN
TSHA,"Taysha Gene Therapies, Inc. Common Stock",2836,"BIOLOGICAL PRODUCTS, (NO DIAGNOSTIC SUBSTANCES)"
TSI,"TCW Strategic Income Fund, Inc.",,UNKNOWN
TSIB,Direxion TSLA Defined Income Boost ETF,,UNKNOWN
TSLA,"Tesla, Inc. Common Stock",3711,MOTOR VEHICLES & PASSENGER CAR BODIES
TSLX,"Sixth Street Specialty Lending, Inc.",,UNKNOWN
TSN,"Tyson Foods, Inc.",2015,POULTRY SLAUGHTERING AND PROCESSING
TSOL,21Shares Solana Staking ETF,6221,COMMODITY CONTRACTS BROKERS & DEALERS
TSP,,,UNKNOWN
TSPQ,,,UNKNOWN
TSQ,"TOWNSQUARE MEDIA, INC.",4832,RADIO BROADCASTING STATIONS
TSRI,,,UNKNOWN
TSSI,"TSS, Inc. Common Stock",8742,SERVICES-MANAGEMENT CONSULTING SERVICES
TSVT,,,UNKNOWN
TT,Trane Technologies plc,3822,AUTO CONTROLS FOR REGULATING RESIDENTIAL & COMML ENVIRONMENTS
TTAN,"ServiceTitan, Inc. Class A Common Stock",7372,SERVICES-PREPACKAGED SOFTWARE
TTC,Toro Company (The),3524,LAWN & GARDEN TRACTORS & HOME LAWN & GARDENS EQUIP
TTCF,,,UNKNOWN
TTD,"The Trade Desk, Inc.",7370,"SERVICES-COMPUTER PROGRAMMING, DATA PROCESSING, ETC."
TTEC,"TTEC Holdings, Inc. Common Stock",7363,SERVICES-HELP SUPPLY SERVICES
TTEK,Tetra Tech Inc,8711,SERVICES-ENGINEERING SERVICES
TTGT,"TechTarget, Inc. Common Stock",4822,TELEGRAPH & OTHER MESSAGE COMMUNICATIONS
TTI,"TETRA Technologies, Inc.",1311,CRUDE PETROLEUM & NATURAL GAS
TTMI,TTM Technologies Inc,3672,PRINTED CIRCUIT BOARDS
TTNP,,,UNKNOWN
TTOO,T2 BIOSYSTEMS INC,,UNKNOWN
TTP,,,UNKNOWN
TTRX,Turn Therapeutics Inc. Common Stock,2834,PHARMACEUTICAL PREPARATIONS
TTSH,TILE SHOP HLDGS INC,,UNKNOWN
TTWO,Take-Two Interactive Software Inc,7372,SERVICES-PREPACKAGED SOFTWARE
TUEM,,,UNKNOWN
TULP,"Bloomia Holdings, Inc. Common Stock",0100,UNKNOWN
TUP,,,UNKNOWN
TUSK,"Mammoth Energy Services, Inc. Common Stock",1389,"OIL & GAS FIELD SERVICES, NEC"
TVA,Texas Ventures Acquisition III Corp Class A Ordinary Share,6770,BLANK CHECKS
TVAI,Thayer Ventures Acquisition Corporation II Class A Ordinary Shares,6770,BLANK CHECKS
TVC,"Tennessee Valley Authority Power Bonds 1998 Series D due June 1, 2028",4911,ELECTRIC SERVICES
TVGN,Tevogen Inc. Common Stock,2836,"BIOLOGICAL PRODUCTS, (NO DIAGNOSTIC SUBSTANCES)"
TVIVU,Texas Ventures Acquisition IV Corp Units,6770,BLANK CHECKS
TVRD,"Tvardi Therapeutics, Inc. Common Stock",2834,PHARMACEUTICAL PREPARATIONS
TVTX,"Travere Therapeutics, Inc. Common Stock",2834,PHARMACEUTICAL PREPARATIONS
TVTY,,,UNKNOWN
TW,Tradeweb Markets Inc. Class A Common Stock,6200,"SECURITY & COMMODITY BROKERS, DEALERS, EXCHANGES & SERVICES"
TWAV,"TaoWeave, Inc. Common Stock",7370,"SERVICES-COMPUTER PROGRAMMING, DATA PROCESSING, ETC."
TWCB,,,UNKNOWN
TWFG,"TWFG, Inc. Common Stock",6411,"INSURANCE AGENTS, BROKERS & SERVICE"
TWI,"Titan International, Inc.(Delaware)",3312,"STEEL WORKS, BLAST FURNACES & ROLLING MILLS (COKE OVENS)"
TWIN,"Twin Disc, Incorporated",3560,GENERAL INDUSTRIAL MACHINERY & EQUIPMENT
TWKS,,,UNKNOWN
TWLO,Twilio Inc.,7372,SERVICES-PREPACKAGED SOFTWARE
TWLV,Twelve Seas Investment Company III Class A Ordinary Shares,6770,BLANK CHECKS
TWLVU,Twelve Seas Investment Company III Units,6770,BLANK CHECKS
TWNI,,,UNKNOWN
TWNK,,,UNKNOWN
TWNP,,,UNKNOWN
TWO,,,UNKNOWN
TWOA,,,UNKNOWN
TWOU,,,UNKNOWN
TWST,Twist Bioscience Corporation Common Stock,2836,"BIOLOGICAL PRODUCTS, (NO DIAGNOSTIC SUBSTANCES)"
TWTR,,,UNKNOWN
TXG,"10x Genomics, Inc. Class A Common Stock",3826,LABORATORY ANALYTICAL INSTRUMENTS
TXMD,"TherapeuticsMD, Inc.",2834,PHARMACEUTICAL PREPARATIONS
TXN,Texas Instruments Incorporated,3674,SEMICONDUCTORS & RELATED DEVICES
TXNM,"TXNM Energy, Inc.",4911,ELECTRIC SERVICES
TXO,"TXO Partners, L.P.",1311,CRUDE PETROLEUM & NATURAL GAS
TXRH,"Texas Roadhouse, Inc.",5812,RETAIL-EATING PLACES
TXT,"Textron, Inc.",3720,AIRCRAFT & PARTS
TY,TRI-Continental Corporation,,UNKNOWN
TYG,Tortoise Energy Infrastructure Corp.,,UNKNOWN
TYGO,"Tigo Energy, Inc. Common Stock",3674,SEMICONDUCTORS & RELATED DEVICES
TYL,"Tyler Technologies, Inc.",7372,SERVICES-PREPACKAGED SOFTWARE
TYME,,,UNKNOWN
TYRA,"Tyra Biosciences, Inc. Common Stock",2834,PHARMACEUTICAL PREPARATIONS
TZOO,Travelzoo Common Stock,7310,SERVICES-ADVERTISING
TZPS,,,UNKNOWN
TZUP,,,UNKNOWN
U,Unity Software Inc.,7372,SERVICES-PREPACKAGED SOFTWARE
UA,"Under Armour, Inc. Class C Common Stock, $0.0003 1/3 par value",2300,APPAREL & OTHER FINISHD PRODS OF FABRICS & SIMILAR MATL
UAC,United Acquisition Corp. I,6770,BLANK CHECKS
UAL,"United Airlines Holdings, Inc. Common Stock",4512,"AIR TRANSPORTATION, SCHEDULED"
UAMY,United States Antimony Corporation,3330,PRIMARY SMELTING & REFINING OF NONFERROUS METALS
UAN,"CVR Partners, LP",2870,AGRICULTURAL CHEMICALS
UAVS,"AgEagle Aerial Systems, Inc.",3721,AIRCRAFT
UBA,,,UNKNOWN
UBCP,United Bancorp Inc/OH,6022,STATE COMMERCIAL BANKS
UBER,"Uber Technologies, Inc.",7389,"SERVICES-BUSINESS SERVICES, NEC"
UBFO,,,UNKNOWN
UBOH,UNITED BNCSHS CLMBUS GRVE,,UNKNOWN
UBSI,United Bankshares Inc,6022,STATE COMMERCIAL BANKS
UBX,,,UNKNOWN
UCB,"United Community Banks, Inc.",6022,STATE COMMERCIAL BANKS
UCFI,CN Healthy Food Tech Group Corp. Common Stock,2000,FOOD AND KINDRED PRODUCTS
UCTT,"Ultra Clean Holdings, Inc.",3674,SEMICONDUCTORS & RELATED DEVICES
UDMY,,,UNKNOWN
UDN,Invesco DB US Dollar Index Bearish Fund,6221,COMMODITY CONTRACTS BROKERS & DEALERS
UDR,"UDR, Inc.",6798,REAL ESTATE INVESTMENT TRUSTS
UE,UBRAN EDGE PROPERTIES,6500,REAL ESTATE
UEC,Uranium Energy Corp.,1090,MISCELLANEOUS METAL ORES
UEIC,Universal Electronics Inc,3651,HOUSEHOLD AUDIO & VIDEO EQUIPMENT
UFAB,,,UNKNOWN
UFCS,United Fire Group Inc.,6331,"FIRE, MARINE & CASUALTY INSURANCE"
UFI,"UNIFI, Inc. New",2200,TEXTILE MILL PRODUCTS
UFPI,"UFP Industries, Inc. Common Stock",2421,"SAWMILLS & PLANTING MILLS, GENERAL"
UFPT,UFP Technologies Inc,3841,SURGICAL & MEDICAL INSTRUMENTS & APPARATUS
UFS,,,UNKNOWN
UG,"United-Guardian, Inc.",2844,"PERFUMES, COSMETICS & OTHER TOILET PREPARATIONS"
UGA,"United States Gasoline Fund, LP",6221,COMMODITY CONTRACTS BROKERS & DEALERS
UGI,UGI Corporation,4932,GAS & OTHER SERVICES COMBINED
UGRO,,,UNKNOWN
UHAL,U-Haul Holding Company,7510,SERVICES-AUTO RENTAL & LEASING (NO DRIVERS)
UHG,,,UNKNOWN
UHS,"Universal Health Services, Inc. Class B",8062,"SERVICES-GENERAL MEDICAL & SURGICAL HOSPITALS, NEC"
UHT,Universal Health Realty Income Trust,6798,REAL ESTATE INVESTMENT TRUSTS
UI,Ubiquiti Inc. Common Stock,3663,RADIO & TV BROADCASTING & COMMUNICATIONS EQUIPMENT
UIS,Unisys Corporation,7373,SERVICES-COMPUTER INTEGRATED SYSTEMS DESIGN
ULBI,Ultralife Corporation,3690,"MISCELLANEOUS ELECTRICAL MACHINERY, EQUIPMENT & SUPPLIES"
ULCC,"Frontier Group Holdings, Inc. Common Stock",4512,"AIR TRANSPORTATION, SCHEDULED"
ULH,"Universal Logistics Holdings, Inc. Common Stock",4213,TRUCKING (NO LOCAL)
ULS,UL Solutions Inc.,8734,SERVICES-TESTING LABORATORIES
ULTA,"Ulta Beauty, Inc. Common Stock",5990,"RETAIL-RETAIL STORES, NEC"
ULY,,,UNKNOWN
UMAC,"Unusual Machines, Inc.",3663,RADIO & TV BROADCASTING & COMMUNICATIONS EQUIPMENT
UMBF,UMB Financial Corp,6021,NATIONAL COMMERCIAL BANKS
UMH,"UMH Properties, Inc.",6798,REAL ESTATE INVESTMENT TRUSTS
UMPQ,,,UNKNOWN
UNAM,,,UNKNOWN
UNB,"Union Bankshares, Inc",6022,STATE COMMERCIAL BANKS
UNCY,"Unicycive Therapeutics, Inc. Common Stock",2834,PHARMACEUTICAL PREPARATIONS
UNF,Unifirst Corp,7200,SERVICES-PERSONAL SERVICES
UNFI,United Natural Foods Inc,5141,"WHOLESALE-GROCERIES, GENERAL LINE"
UNG,"United States Natural Gas Fund, LP Unit",6221,COMMODITY CONTRACTS BROKERS & DEALERS
UNH,UNITEDHEALTH GROUP INCORPORATED (Delaware),6324,HOSPITAL & MEDICAL SERVICE PLANS
UNIT,Uniti Group Inc. Common Stock,4813,TELEPHONE COMMUNICATIONS (NO RADIOTELEPHONE)
UNL,"United States 12 Month Natural Gas Fund, LP",6221,COMMODITY CONTRACTS BROKERS & DEALERS
UNM,Unum Group,6321,ACCIDENT & HEALTH INSURANCE
UNOV,Innovator U.S. Equity Ultra Buffer ETF - November,2834,PHARMACEUTICAL PREPARATIONS
UNP,Union Pacific Corp.,4011,"RAILROADS, LINE-HAUL OPERATING"
UNT,,,UNKNOWN
UNTY,Unity Bancorp,6022,STATE COMMERCIAL BANKS
UNVR,,,UNKNOWN
UONE,"Urban One, Inc. Class A Common Stock",4832,RADIO BROADCASTING STATIONS
UP,Wheels Up Experience Inc.,4522,"AIR TRANSPORTATION, NONSCHEDULED"
UPB,"Upstream Bio, Inc. Common Stock",2834,PHARMACEUTICAL PREPARATIONS
UPBD,"Upbound Group, Inc. Common Stock",7359,"SERVICES-EQUIPMENT RENTAL & LEASING, NEC"
UPH,,,UNKNOWN
UPLD,"Upland Software, Inc.",7372,SERVICES-PREPACKAGED SOFTWARE
UPS,"United Parcel Service, Inc. Class B",4210,TRUCKING & COURIER SERVICES (NO AIR)
UPST,"Upstart Holdings, Inc. Common stock",6199,FINANCE SERVICES
UPWK,Upwork Inc. Common Stock,7374,SERVICES-COMPUTER PROCESSING & DATA PREPARATION
UPXI,"Upexi, Inc. Common Stock",6199,FINANCE SERVICES
URBN,Urban Outfitters Inc,5651,RETAIL-FAMILY CLOTHING STORES
URG,Ur-Energy Inc.,1040,GOLD AND SILVER ORES
URGN,UroGen Pharma Ltd. Ordinary Shares,2834,PHARMACEUTICAL PREPARATIONS
URI,"United Rentals, Inc.",7359,"SERVICES-EQUIPMENT RENTAL & LEASING, NEC"
USAC,USA COMPRESSION PARTNERS LP,4922,NATURAL GAS TRANSMISSION
USAK,,,UNKNOWN
USAP,,,UNKNOWN
USAR,"USA Rare Earth, Inc. Class A Common Stock",1000,METAL MINING
USAU,U.S. Gold Corp. Common Stock,1000,METAL MINING
USB,U.S. Bancorp,6021,NATIONAL COMMERCIAL BANKS
USBC,"USBC, Inc.",6199,FINANCE SERVICES
USCB,"USCB Financial Holdings, Inc. Class A Common Stock",6022,STATE COMMERCIAL BANKS
USCT,,,UNKNOWN
USDP,USD PARTNERS LP,,UNKNOWN
USEG,,,UNKNOWN
USER,,,UNKNOWN
USFD,US Foods Holding Corp.,5140,WHOLESALE-GROCERIES & RELATED PRODUCTS
USGO,U.S. GoldMining Inc. Common stock,1040,GOLD AND SILVER ORES
USIO,"Usio, Inc. Common Stock",6099,"FUNCTIONS RELATED TO DEPOSITORY BANKING, NEC"
USL,"United States 12 Month Oil Fund, LP",6221,COMMODITY CONTRACTS BROKERS & DEALERS
USLM,United States Lime & Minerals,1400,MINING & QUARRYING OF NONMETALLIC MINERALS (NO FUELS)
USM,,,UNKNOWN
USNA,USANA Health Sciences Inc,2833,MEDICINAL CHEMICALS & BOTANICAL PRODUCTS
USO,"United States Oil Fund, LP",6221,COMMODITY CONTRACTS BROKERS & DEALERS
USPH,US Physical Therapy Inc,8000,SERVICES-HEALTH SERVICES
USWS,,,UNKNOWN
USX,Corgi Total U.S. Market 2x Daily ETF,,UNKNOWN
UTAA,,,UNKNOWN
UTF,"Cohen & Steers  Infrastructure Fund, Inc.",,UNKNOWN
UTG,Reaves Utility Income Fund,,UNKNOWN
UTHR,United Therapeutics Corp,2834,PHARMACEUTICAL PREPARATIONS
UTI,"Universal Technical Institute, Inc.",8200,SERVICES-EDUCATIONAL SERVICES
UTL,Unitil Corporation,4931,ELECTRIC & OTHER SERVICES COMBINED
UTMD,Utah Medical Products Inc,3841,SURGICAL & MEDICAL INSTRUMENTS & APPARATUS
UTRS,MINERVA SURGICAL INC NEW,,UNKNOWN
UTZ,"Utz Brands, Inc.",2090,MISCELLANEOUS FOOD PREPARATIONS & KINDRED PRODUCTS
UUP,Invesco DB US Dollar Index Bullish Fund,6221,COMMODITY CONTRACTS BROKERS & DEALERS
UUU,"Universal Safety Products, Inc.",5065,"WHOLESALE-ELECTRONIC PARTS & EQUIPMENT, NEC"
UUUU,Energy Fuels Inc.,1400,MINING & QUARRYING OF NONMETALLIC MINERALS (NO FUELS)
UVE,"UNIVERSAL INSURANCE HLDG, INC.",6331,"FIRE, MARINE & CASUALTY INSURANCE"
UVSP,Univest Financial Corporation Common Stock,6022,STATE COMMERCIAL BANKS
UVV,Universal Corporation,5150,WHOLESALE-FARM PRODUCT RAW MATERIALS
UWMC,UWM Holdings Corporation,6162,MORTGAGE BANKERS & LOAN CORRESPONDENTS
UYSC,UY Scuti Acquisition Corp. Ordinary Shares,6770,BLANK CHECKS
V,VISA Inc.,7389,"SERVICES-BUSINESS SERVICES, NEC"
VABK,Virginia National Bankshares Corporation Common Stock,6021,NATIONAL COMMERCIAL BANKS
VAC,MARRIOTT VACATIONS WORLDWIDE CORPORATION,6531,REAL ESTATE AGENTS & MANAGERS (FOR OTHERS)
VACH,,,UNKNOWN
VACI,,,UNKNOWN
VAL,Valaris Limited,1381,DRILLING OIL & GAS WELLS
VALU,Value Line Inc,6282,INVESTMENT ADVICE
VANI,"Vivani Medical, Inc. Common Stock (DE)",3845,ELECTROMEDICAL & ELECTROTHERAPEUTIC APPARATUS
VAPO,,,UNKNOWN
VAQC,,,UNKNOWN
VATE,INNOVATE Corp.,3440,FABRICATED STRUCTURAL METAL PRODUCTS
VAVX,VanEck Avalanche ETF Common Shares of Beneficial Interest,6221,COMMODITY CONTRACTS BROKERS & DEALERS
VAXX,VAXXINITY INC A,,UNKNOWN
VBFC,,,UNKNOWN
VBIO,"Valion Bio, Inc. Common Stock",2834,PHARMACEUTICAL PREPARATIONS
VBIV,,,UNKNOWN
VBIX,,,UNKNOWN
VBOC,,,UNKNOWN
VBTX,,,UNKNOWN
VC,VISTEON CORPORATION,3714,MOTOR VEHICLE PARTS & ACCESSORIES
VCEL,Vericel Corporation,2836,"BIOLOGICAL PRODUCTS, (NO DIAGNOSTIC SUBSTANCES)"
VCIC,,,UNKNOWN
VCNX,VACCINEX INC,,UNKNOWN
VCRA,,,UNKNOWN
VCSA,,,UNKNOWN
VCTR,"Victory Capital Holdings, Inc. Class A Common Stock",6282,INVESTMENT ADVICE
VCXB,,,UNKNOWN
VCYT,"Veracyte, Inc.",8071,SERVICES-MEDICAL LABORATORIES
VECA,Vernal Capital Acquisition Corp.,6770,BLANK CHECKS
VECO,Veeco Instruments Inc,3559,"SPECIAL INDUSTRY MACHINERY, NEC"
VEEA,Veea Inc. Common Stock,7373,SERVICES-COMPUTER INTEGRATED SYSTEMS DESIGN
VEEE,Twin Vee PowerCats Co. Common Stock,3730,SHIP & BOAT BUILDING & REPAIRING
VEEV,Veeva Systems Inc.,7372,SERVICES-PREPACKAGED SOFTWARE
VEL,"Velocity Financial, Inc.",6199,FINANCE SERVICES
VELO,"Velo3D, Inc. Common stock",3559,"SPECIAL INDUSTRY MACHINERY, NEC"
VENU,Venu Holding Corporation,7900,SERVICES-AMUSEMENT & RECREATION SERVICES
VERA,"Vera Therapeutics, Inc. Class A Common Stock",2834,PHARMACEUTICAL PREPARATIONS
VERB,,,UNKNOWN
VERI,"Veritone, Inc. Common Stock",7374,SERVICES-COMPUTER PROCESSING & DATA PREPARATION
VERO,,,UNKNOWN
VERU,Veru Inc.,2834,PHARMACEUTICAL PREPARATIONS
VERV,,,UNKNOWN
VERX,"Vertex, Inc. Class A Common Stock",7372,SERVICES-PREPACKAGED SOFTWARE
VERY,,,UNKNOWN
VFC,V.F. Corporation,2320,"MEN'S & BOYS' FURNISHGS, WORK CLOTHG, & ALLIED GARMENTS"
VFF,"Village Farms International, Inc. Common Shares",0100,UNKNOWN
VFL,,,UNKNOWN
VG,"Venture Global, Inc.",4924,NATURAL GAS DISTRIBUTION
VGAS,"Verde Clean Fuels, Inc. Class A Common Stock",2860,INDUSTRIAL ORGANIC CHEMICALS
VGNT,Versigent PLC,3714,MOTOR VEHICLE PARTS & ACCESSORIES
VGNTW,,,UNKNOWN
VGR,,,UNKNOWN
VGZ,Vista Gold Corp.,1040,GOLD AND SILVER ORES
VHAI,VOCODIA HLDGS CORP,,UNKNOWN
VHAQ,,,UNKNOWN
VHC,VirnetX Holding Corp Common Stock,6794,PATENT OWNERS & LESSORS
VHCP,Vine Hill Capital Investment Corp. II Class A Ordinary Shares,6770,BLANK CHECKS
VHCPU,Vine Hill Capital Investment Corp. II Units,6770,BLANK CHECKS
VHI,"Valhi, Inc.",2810,INDUSTRIAL INORGANIC CHEMICALS
VHUB,"VenHub Global, Inc. Common Stock",3590,MISC INDUSTRIAL & COMMERCIAL MACHINERY & EQUIPMENT
VIA,"Via Transportation, Inc.",7372,SERVICES-PREPACKAGED SOFTWARE
VIASP,,,UNKNOWN
VIAV,Viavi Solutions Inc. Common Stock,3674,SEMICONDUCTORS & RELATED DEVICES
VICI,VICI Properties Inc. Common Stock,6798,REAL ESTATE INVESTMENT TRUSTS
VICR,Vicor Corp,3679,"ELECTRONIC COMPONENTS, NEC"
VIDA,VIDA Global Inc.,7372,SERVICES-PREPACKAGED SOFTWARE
VIEW,,,UNKNOWN
VIGL,,,UNKNOWN
VINC,VINCERX PHARMA INC,,UNKNOWN
VINE,,,UNKNOWN
VINO,GAUCHO GROUP HOLDINGS INC,,UNKNOWN
VIR,"Vir Biotechnology, Inc. Common Stock",2836,"BIOLOGICAL PRODUCTS, (NO DIAGNOSTIC SUBSTANCES)"
VIRC,Virco Mfg. Corporation,2531,PUBLIC BLDG & RELATED FURNITURE
VIRT,"Virtu Financial, Inc. Class A",6211,"SECURITY BROKERS, DEALERS & FLOTATION COMPANIES"
VIRX,,,UNKNOWN
VISL,VISLINK TECHNOLOGIES INC,,UNKNOWN
VISN,"Vistance Networks, Inc. Common Stock",3663,RADIO & TV BROADCASTING & COMMUNICATIONS EQUIPMENT
VITL,"Vital Farms, Inc. Common Stock",2000,FOOD AND KINDRED PRODUCTS
VIVE,VIVEVE MEDICAL INC,,UNKNOWN
VIVK,"Vivakor, Inc. Common Stock",4953,REFUSE SYSTEMS
VIVO,VivoPower PLC Class A Ordinary Shares,,UNKNOWN
VIVS,"VivoSim Labs, Inc. Common Stock",2836,"BIOLOGICAL PRODUCTS, (NO DIAGNOSTIC SUBSTANCES)"
VKTX,"Viking Therapeutics, Inc",2834,PHARMACEUTICAL PREPARATIONS
VLAT,,,UNKNOWN
VLCN,,,UNKNOWN
VLD,,,UNKNOWN
VLDR,,,UNKNOWN
VLGEA,Village Super Market,5411,RETAIL-GROCERY STORES
VLO,Valero Energy Corporation,2911,PETROLEUM REFINING
VLTA,,,UNKNOWN
VLTO,Veralto Corporation,3825,INSTRUMENTS FOR MEAS & TESTING OF ELECTRICITY & ELEC SIGNALS
VLY,Valley National Bancorp,6021,NATIONAL COMMERCIAL BANKS
VMAC,,,UNKNOWN
VMC,Vulcan Materials Company(Holding Company),1400,MINING & QUARRYING OF NONMETALLIC MINERALS (NO FUELS)
VMCA,,,UNKNOWN
VMD,"Viemed Healthcare, Inc. Common Shares",8090,"SERVICES-MISC HEALTH & ALLIED SERVICES, NEC"
VMEO,,,UNKNOWN
VMGA,,,UNKNOWN
VMI,"Valmont Industries, Inc.",3440,FABRICATED STRUCTURAL METAL PRODUCTS
VMW,,,UNKNOWN
VNCE,Vince Holding Corp. Common Stock,5600,RETAIL-APPAREL & ACCESSORY STORES
VNDA,Vanda Pharmaceuticals Inc.,2834,PHARMACEUTICAL PREPARATIONS
VNME,Vendome Acquisition Corporation I Class A Ordinary Shares,6770,BLANK CHECKS
VNO,Vornado Realty Trust,6798,REAL ESTATE INVESTMENT TRUSTS
VNOM,"Viper Energy, Inc. Class A Common Stock",1311,CRUDE PETROLEUM & NATURAL GAS
VNRX,VolitionRx Limited,2835,IN VITRO & IN VIVO DIAGNOSTIC SUBSTANCES
VNT,Vontier Corporation,3824,TOTALIZING FLUID METERS & COUNTING DEVICES
VOC,VOC ENERGY TRUST,1311,CRUDE PETROLEUM & NATURAL GAS
VOLT,Tema Electrification ETF,7363,SERVICES-HELP SUPPLY SERVICES
VOR,Vor Biopharma Inc. Common Stock,2836,"BIOLOGICAL PRODUCTS, (NO DIAGNOSTIC SUBSTANCES)"
VORB,,,UNKNOWN
VOXX,,,UNKNOWN
VOYA,"VOYA FINANCIAL, INC.",6311,LIFE INSURANCE
VOYG,"Voyager Technologies, Inc.",3760,GUIDED MISSILES & SPACE VEHICLES & PARTS
VPCB,,,UNKNOWN
VPG,"Vishay Precision Group, Inc.",3670,ELECTRONIC COMPONENTS & ACCESSORIES
VRA,"Vera Bradley, Inc.",3100,LEATHER & LEATHER PRODUCTS
VRAR,,,UNKNOWN
VRAY,,,UNKNOWN
VRCA,Verrica Pharmaceuticals Inc. Common Stock,2834,PHARMACEUTICAL PREPARATIONS
VRDN,"Viridian Therapeutics, Inc. Common Stock",2834,PHARMACEUTICAL PREPARATIONS
VRE,,,UNKNOWN
VREX,Varex Imaging Corporation Common Stock,3679,"ELECTRONIC COMPONENTS, NEC"
VRM,"Vroom, Inc. Common Stock",5500,RETAIL-AUTO DEALERS & GASOLINE STATIONS
VRME,,,UNKNOWN
VRNA,,,UNKNOWN
VRNS,"Varonis Systems, Inc.",7372,SERVICES-PREPACKAGED SOFTWARE
VRNT,,,UNKNOWN
VRPX,VIRPAX PHARMS INC,,UNKNOWN
VRRM,Verra Mobility Corporation Class A Common Stock,4700,TRANSPORTATION SERVICES
VRS,,,UNKNOWN
VRSK,"Verisk Analytics, Inc. Common Stock",7374,SERVICES-COMPUTER PROCESSING & DATA PREPARATION
VRSN,VeriSign Inc,7371,SERVICES-COMPUTER PROGRAMMING SERVICES
VRT,Vertiv Holdings Co Class A Common Stock,3679,"ELECTRONIC COMPONENTS, NEC"
VRTS,"Virtus Investment Partners, Inc.",6282,INVESTMENT ADVICE
VRTV,,,UNKNOWN
VRTX,Vertex Pharmaceuticals Inc,2834,PHARMACEUTICAL PREPARATIONS
VS,Versus Systems Inc. Common Stock,7374,SERVICES-COMPUTER PROCESSING & DATA PREPARATION
VSAC,,,UNKNOWN
VSAT,Viasat Inc,4899,"COMMUNICATIONS SERVICES, NEC"
VSCO,,,UNKNOWN
VSEC,VSE Corp,8711,SERVICES-ENGINEERING SERVICES
VSEE,,,UNKNOWN
VSH,"Vishay Intertechnology, Inc.",3670,ELECTRONIC COMPONENTS & ACCESSORIES
VSNT,"Versant Media Group, Inc. Class A Common Stock",4833,TELEVISION BROADCASTING STATIONS
VSNTV,,,UNKNOWN
VST,Vistra Corp.,4911,ELECTRIC SERVICES
VSTD,VESTAND INC A,,UNKNOWN
VSTM,"Verastem, Inc.",2834,PHARMACEUTICAL PREPARATIONS
VSTO,,,UNKNOWN
VSTS,Vestis Corporation,5190,WHOLESALE-MISCELLANEOUS NONDURABLE GOODS
VTAK,"Catheter Precision, Inc.",3841,SURGICAL & MEDICAL INSTRUMENTS & APPARATUS
VTGN,"Vistagen Therapeutics, Inc. Common Stock",2834,PHARMACEUTICAL PREPARATIONS
VTIQ,,,UNKNOWN
VTIX,Virtuix Holdings Inc. Class A Common Stock,3577,"COMPUTER PERIPHERAL EQUIPMENT, NEC"
VTLE,,,UNKNOWN
VTNR,,,UNKNOWN
VTOL,Bristow Group Inc.,4522,"AIR TRANSPORTATION, NONSCHEDULED"
VTR,"Ventas, Inc.",6798,REAL ESTATE INVESTMENT TRUSTS
VTRO,,,UNKNOWN
VTRS,Viatris Inc. Common Stock,2834,PHARMACEUTICAL PREPARATIONS
VTS,"Vitesse Energy, Inc..",1311,CRUDE PETROLEUM & NATURAL GAS
VTSI,"VirTra, Inc. Common Stock",3990,MISCELLANEOUS MANUFACTURING INDUSTRIES
VTVT,vTv Therapeutics Inc. Class A Common Stock,2834,PHARMACEUTICAL PREPARATIONS
VTYX,,,UNKNOWN
VUZI,Vuzix Corporation,3663,RADIO & TV BROADCASTING & COMMUNICATIONS EQUIPMENT
VVI,,,UNKNOWN
VVNT,,,UNKNOWN
VVOS,"Vivos Therapeutics, Inc. Common Stock",3841,SURGICAL & MEDICAL INSTRUMENTS & APPARATUS
VVV,Valvoline Inc.,2990,MISCELLANEOUS PRODUCTS OF PETROLEUM & COAL
VVX,"V2X, Inc.",8744,SERVICES-FACILITIES SUPPORT MANAGEMENT SERVICES
VWAV,"VisionWave Holdings, Inc. Common Stock",7372,SERVICES-PREPACKAGED SOFTWARE
VWE,,,UNKNOWN
VWTR,,,UNKNOWN
VXRT,VAXART INC,,UNKNOWN
VYGG,,,UNKNOWN
VYGR,"Voyager Therapeutics, Inc. Common Stock",2836,"BIOLOGICAL PRODUCTS, (NO DIAGNOSTIC SUBSTANCES)"
VYNE,,,UNKNOWN
VYNT,,,UNKNOWN
VYX,NCR Voyix Corporation,3578,CALCULATING & ACCOUNTING MACHINES (NO ELECTRONIC COMPUTERS)
VZ,Verizon Communications,4813,TELEPHONE COMMUNICATIONS (NO RADIOTELEPHONE)
VZIO,,,UNKNOWN
W,Wayfair Inc.,5961,RETAIL-CATALOG & MAIL-ORDER HOUSES
WAB,Wabtec Inc.,3743,RAILROAD EQUIPMENT
WABC,Westamerica Bancorporation,6021,NATIONAL COMMERCIAL BANKS
WAFD,"WaFd, Inc. Common Stock",6021,NATIONAL COMMERCIAL BANKS
WAL,Western Alliance Bancorporation,6022,STATE COMMERCIAL BANKS
WALD,Waldencast plc Class A Ordinary Share,2844,"PERFUMES, COSMETICS & OTHER TOILET PREPARATIONS"
WARR,,,UNKNOWN
WASH,Washington Trust Bancorp Inc,6022,STATE COMMERCIAL BANKS
WAT,Waters Corp,3826,LABORATORY ANALYTICAL INSTRUMENTS
WATT,Energous Corporation,3663,RADIO & TV BROADCASTING & COMMUNICATIONS EQUIPMENT
WAVC,,,UNKNOWN
WAVS,,,UNKNOWN
WAY,Waystar Holding Corp. Common Stock,7373,SERVICES-COMPUTER INTEGRATED SYSTEMS DESIGN
WBA,,,UNKNOWN
WBD,"Warner Bros. Discovery, Inc. Series A Common Stock",4841,CABLE & OTHER PAY TELEVISION SERVICES
WBEV,,,UNKNOWN
WBI,WaterBridge Infrastructure LLC,1389,"OIL & GAS FIELD SERVICES, NEC"
WBS,,,UNKNOWN
WBT,,,UNKNOWN
WBTN,WEBTOON Entertainment Inc. Common Stock,2741,MISCELLANEOUS PUBLISHING
WCC,Wesco International Inc.,5063,"WHOLESALE-ELECTRICAL APPARATUS & EQUIPMENT, WIRING SUPPLIES"
WCN,"Waste Connections, Inc.",4953,REFUSE SYSTEMS
WD,"Walker & Dunlop, Inc.",6199,FINANCE SERVICES
WDAY,"Workday, Inc. Class A Common Stock",7374,SERVICES-COMPUTER PROCESSING & DATA PREPARATION
WDC,Western Digital Corp.,3572,COMPUTER STORAGE DEVICES
WDFC,Wd-40 Co,2890,MISCELLANEOUS CHEMICAL PRODUCTS
WDI,Western Asset Diversified Income Fund,,UNKNOWN
WE,,,UNKNOWN
WEAV,"Weave Communications, Inc.",7372,SERVICES-PREPACKAGED SOFTWARE
WEBR,,,UNKNOWN
WEC,"WEC Energy Group, Inc.",4931,ELECTRIC & OTHER SERVICES COMBINED
WEIX,,,UNKNOWN
WEJO,,,UNKNOWN
WEL,,,UNKNOWN
WELL,Welltower Inc.,6798,REAL ESTATE INVESTMENT TRUSTS
WEN,The Wendy's Company,5810,RETAIL-EATING & DRINKING PLACES
WENC,West Enclave Merger Corp.,6770,BLANK CHECKS
WENN,Wen Acquisition Corp Class A Ordinary Shares,6770,BLANK CHECKS
WERN,Werner Enterprises Inc,4213,TRUCKING (NO LOCAL)
WES,"Western Midstream Partners, LP",4922,NATURAL GAS TRANSMISSION
WEST,Westrock Coffee Company Common Stock,2080,BEVERAGES
WETH,Wetouch Technology Inc. Common Stock,3577,"COMPUTER PERIPHERAL EQUIPMENT, NEC"
WEX,WEX Inc.,7389,"SERVICES-BUSINESS SERVICES, NEC"
WEYS,Weyco Group Inc,5130,"WHOLESALE-APPAREL, PIECE GOODS & NOTIONS"
WFC,Wells Fargo & Co.,6021,NATIONAL COMMERCIAL BANKS
WFCF,"Where Food Comes From, Inc. Common Stock",7372,SERVICES-PREPACKAGED SOFTWARE
WFRD,Weatherford International plc Ordinary Shares,3533,OIL & GAS FIELD MACHINERY & EQUIPMENT
WGLD,,,UNKNOWN
WGO,"Winnebago Industries, Inc.",3716,MOTOR HOMES
WGRX,,,UNKNOWN
WGS,GeneDx Holdings Corp. Class A Common Stock,8000,SERVICES-HEALTH SERVICES
WH,"Wyndham Hotels & Resorts, Inc. Common Stock",7011,HOTELS & MOTELS
WHD,"Cactus, Inc.",3533,OIL & GAS FIELD MACHINERY & EQUIPMENT
WHF,"WhiteHorse Finance, Inc.",,UNKNOWN
WHG,"WESTWOOD HOLDINGS GROUP, INC.",6282,INVESTMENT ADVICE
WHK,WhiteHawk Minerals Corp.,1311,CRUDE PETROLEUM & NATURAL GAS
WHLM,WILHELMINA INTL INC,,UNKNOWN
WHLR,"Wheeler Real Estate Investment Trust, Inc",6798,REAL ESTATE INVESTMENT TRUSTS
WHR,Whirlpool Corp.,3630,HOUSEHOLD APPLIANCES
WHWK,"Whitehawk Therapeutics, Inc. Common Stock",2834,PHARMACEUTICAL PREPARATIONS
WINA,Winmark Corp,5900,RETAIL-MISCELLANEOUS RETAIL
WING,Wingstop Inc,5812,RETAIL-EATING PLACES
WINT,WINDTREE THERAPEUTICS NEW,,UNKNOWN
WINV,WINVEST ACQ CORP,,UNKNOWN
WIRE,,,UNKNOWN
WISA,,,UNKNOWN
WK,Workiva Inc.,7372,SERVICES-PREPACKAGED SOFTWARE
WKC,World Kinect Corporation,5172,WHOLESALE-PETROLEUM & PETROLEUM PRODUCTS (NO BULK STATIONS)
WKHS,"Workhorse Group, Inc",3711,MOTOR VEHICLES & PASSENGER CAR BODIES
WKSP,"Worksport, Ltd. Common Stock",3714,MOTOR VEHICLE PARTS & ACCESSORIES
WLAC,,,UNKNOWN
WLCOU,Wilco 63 Corporation Units,6770,BLANK CHECKS
WLDN,"Willdan Group, Inc.",8711,SERVICES-ENGINEERING SERVICES
WLFC,Willis Lease Finance Corp,5080,"WHOLESALE-MACHINERY, EQUIPMENT & SUPPLIES"
WLII,Willow Lane Acquisition Corp. II Class A Ordinary Shares,6770,BLANK CHECKS
WLIIU,Willow Lane Acquisition Corp. II Unit,6770,BLANK CHECKS
WLK,Westlake Corporation,2860,INDUSTRIAL ORGANIC CHEMICALS
WLKP,WESTLAKE CHEMICAL PARTNERS LP,2860,INDUSTRIAL ORGANIC CHEMICALS
WLL,,,UNKNOWN
WLMS,,,UNKNOWN
WLTH,Wealthfront Corporation Common Stock,6199,FINANCE SERVICES
WLY,"John Wiley & Sons, Inc. Class A",2731,BOOKS: PUBLISHING OR PUBLISHING & PRINTING
WM,"Waste Management, Inc.",4953,REFUSE SYSTEMS
WMB,Williams Companies Inc.,4922,NATURAL GAS TRANSMISSION
WMC,,,UNKNOWN
WMG,Warner Music Group Corp. Class A Common Stock,7900,SERVICES-AMUSEMENT & RECREATION SERVICES
WMK,"Weis Markets, Inc.",5411,RETAIL-GROCERY STORES
WMPN,,,UNKNOWN
WMS,"ADVANCED DRAINAGE SYSTEMS, INC.",3086,PLASTICS FOAM PRODUCTS
WMT,Walmart Inc. Common Stock,5331,RETAIL-VARIETY STORES
WNC,Wabash National Corp.,3715,TRUCK TRAILERS
WNEB,"Western New England Bancorp, Inc.",6035,"SAVINGS INSTITUTION, FEDERALLY CHARTERED"
WNS,,,UNKNOWN
WOLF,"Wolfspeed, Inc.",3674,SEMICONDUCTORS & RELATED DEVICES
WOOF,"Petco Health and Wellness Company, Inc. Class A Common Stock",5990,"RETAIL-RETAIL STORES, NEC"
WOR,"Worthington Enterprises, Inc.",3310,"STEEL WORKS, BLAST FURNACES & ROLLING & FINISHING MILLS"
WORX,SCWORX CORP,,UNKNOWN
WOW,,,UNKNOWN
WPAC,White Pearl Acquisition Corp.,6770,BLANK CHECKS
WPC,W.P. Carey Inc. (REIT),6798,REAL ESTATE INVESTMENT TRUSTS
WPCA,,,UNKNOWN
WPCB,,,UNKNOWN
WQGA,,,UNKNOWN
WR,Corgi U.S. War Machine ETF,4931,ELECTRIC & OTHER SERVICES COMBINED
WRAC,,,UNKNOWN
WRAP,"Wrap Technologies, Inc. Common Stock",3480,"ORDNANCE & ACCESSORIES, (NO VEHICLES/GUIDED MISSILES)"
WRB,W.R. Berkley Corporation,6331,"FIRE, MARINE & CASUALTY INSURANCE"
WRBY,Warby Parker Inc.,3851,OPHTHALMIC GOODS
WRK,,,UNKNOWN
WRLD,World Acceptance Corp,6141,PERSONAL CREDIT INSTITUTIONS
WS,"Worthington Steel, Inc.",3310,"STEEL WORKS, BLAST FURNACES & ROLLING & FINISHING MILLS"
WSBC,WesBanco Inc,6021,NATIONAL COMMERCIAL BANKS
WSBF,"Waterstone Financial, Inc.",6035,"SAVINGS INSTITUTION, FEDERALLY CHARTERED"
WSBK,"Winchester Bancorp, Inc. Common Stock",6036,"SAVINGS INSTITUTIONS, NOT FEDERALLY CHARTERED"
WSC,WillScot Holdings Corporation Class A Common Stock,7350,SERVICES-MISCELLANEOUS EQUIPMENT RENTAL & LEASING
WSFS,WSFS Financial Corp,6021,NATIONAL COMMERCIAL BANKS
WSM,"Williams-Sonoma, Inc.",5700,"RETAIL-HOME FURNITURE, FURNISHINGS & EQUIPMENT STORES"
WSO,"Watsco, Inc.",5070,WHOLESALE-HARDWARE & PLUMBING & HEATING EQUIPMENT & SUPPLIES
WSR,,,UNKNOWN
WST,"West Pharmaceutical Services, Inc.",3841,SURGICAL & MEDICAL INSTRUMENTS & APPARATUS
WSTN,Westin Acquisition Corp Class A Ordinary Share,8011,SERVICES-OFFICES & CLINICS OF DOCTORS OF MEDICINE
WT,"WisdomTree, Inc.",6211,"SECURITY BROKERS, DEALERS & FLOTATION COMPANIES"
WTBA,West Bancorporation,6022,STATE COMMERCIAL BANKS
WTER,ALKALINE WATER CO,,UNKNOWN
WTFC,Wintrust Financial Corp,6022,STATE COMMERCIAL BANKS
WTG,Wintergreen Acquisition Corp. Ordinary Shares,7370,"SERVICES-COMPUTER PROGRAMMING, DATA PROCESSING, ETC."
WTI,"W&T Offshore, Inc.",1311,CRUDE PETROLEUM & NATURAL GAS
WTM,White Mountains Insurance Group Ltd.,6331,"FIRE, MARINE & CASUALTY INSURANCE"
WTMA,,,UNKNOWN
WTRG,"Essential Utilities, Inc.",4941,WATER SUPPLY
WTS,"Watts Water Technologies, Inc. Class A",3490,MISCELLANEOUS FABRICATED METAL PRODUCTS
WTT,,,UNKNOWN
WTTR,"Select Water Solutions, Inc.",1389,"OIL & GAS FIELD SERVICES, NEC"
WTW,Willis Towers Watson Public Limited Company Ordinary Shares,6411,"INSURANCE AGENTS, BROKERS & SERVICE"
WU,The Western Union Company,7389,"SERVICES-BUSINESS SERVICES, NEC"
WULF,TeraWulf Inc. Common Stock,6199,FINANCE SERVICES
WVE,Wave Life Sciences Ltd. Ordinary Shares,2834,PHARMACEUTICAL PREPARATIONS
WVFC,WVS FINCL CORP,,UNKNOWN
WVVI,Willamette Valley Vineyards,2080,BEVERAGES
WW,"WW International, Inc. Common Stock",7200,SERVICES-PERSONAL SERVICES
WWD,"Woodward, Inc.",3620,ELECTRICAL INDUSTRIAL APPARATUS
WWE,,,UNKNOWN
WWR,"Westwater Resources, Inc.",1000,METAL MINING
WWW,"Wolverine World Wide, Inc.",3140,"FOOTWEAR, (NO RUBBER)"
WY,Weyerhaeuser Company,6798,REAL ESTATE INVESTMENT TRUSTS
WYFI,"WhiteFiber, Inc. Ordinary Shares",6199,FINANCE SERVICES
WYNN,Wynn Resorts Ltd,7011,HOTELS & MOTELS
WYY,WidePoint Corporation,7373,SERVICES-COMPUTER INTEGRATED SYSTEMS DESIGN
X,,,UNKNOWN
XAGE,LONGEVITY HEALTH HLDGS,,UNKNOWN
XAIR,"Beyond Air, Inc. Common Stock",3841,SURGICAL & MEDICAL INSTRUMENTS & APPARATUS
XBIO,"Xenetic Biosciences, Inc.",2834,PHARMACEUTICAL PREPARATIONS
XBIT,XBiotech Inc,2834,PHARMACEUTICAL PREPARATIONS
XBP,"XBP Global Holdings, Inc. Common Stock",7389,"SERVICES-BUSINESS SERVICES, NEC"
XCBE,X3 Acquisition Corp. Ltd. Class A Ordinary Shares,6770,BLANK CHECKS
XCBEU,X3 Acquisition Corp. Ltd. Unit,6770,BLANK CHECKS
XCUR,"Exicure, Inc. Common Stock",2834,PHARMACEUTICAL PREPARATIONS
XE,"X-Energy, Inc. Class A Common Stock",3443,FABRICATED PLATE WORK (BOILER SHOPS)
XEL,"Xcel Energy, Inc.",4931,ELECTRIC & OTHER SERVICES COMBINED
XELA,EXELA TECHNOLOGIES INC,,UNKNOWN
XELB,XCEL BRANDS INC.,6794,PATENT OWNERS & LESSORS
XENE,Xenon Pharmaceuticals Inc,2834,PHARMACEUTICAL PREPARATIONS
XENT,,,UNKNOWN
XERS,"Xeris Biopharma Holdings, Inc. Common Stock",2834,PHARMACEUTICAL PREPARATIONS
XFIN,,,UNKNOWN
XFLH,XFLH Capital Corporation,6770,BLANK CHECKS
XFLH.U,"XFLH Capital Corporation Units, each consisting of one Ordinary Share and one Right",6770,BLANK CHECKS
XFLT,XAI Floating Rate & Alternative Income Trust,,UNKNOWN
XFOR,"X4 Pharmaceuticals, Inc. Common Stock",2836,"BIOLOGICAL PRODUCTS, (NO DIAGNOSTIC SUBSTANCES)"
XGN,Exagen Inc. Common Stock,8071,SERVICES-MEDICAL LABORATORIES
XHLD,"TEN Holdings, Inc. Common Stock",7389,"SERVICES-BUSINESS SERVICES, NEC"
XHR,"Xenia Hotels & Resorts, Inc.",7011,HOTELS & MOTELS
XIFR,"XPLR Infrastructure, LP",4911,ELECTRIC SERVICES
XLNX,,,UNKNOWN
XLO,"Xilio Therapeutics, Inc. Common Stock",2834,PHARMACEUTICAL PREPARATIONS
XM,,,UNKNOWN
XMAX,"XMAX, Inc. Common Stock",2510,HOUSEHOLD FURNITURE
XMTR,"Xometry, Inc. Class A Common Stock",7389,"SERVICES-BUSINESS SERVICES, NEC"
XNCR,"Xencor, Inc.",2834,PHARMACEUTICAL PREPARATIONS
XOM,ExxonMobil Holdings Corporation,2911,PETROLEUM REFINING
XOMA,,,UNKNOWN
XOS,"Xos, Inc. Common Stock",3714,MOTOR VEHICLE PARTS & ACCESSORIES
XPEL,"XPEL, Inc. Common Stock",3470,"COATING, ENGRAVING & ALLIED SERVICES"
XPER,Xperi Inc,7372,SERVICES-PREPACKAGED SOFTWARE
XPL,Solitario Resources Corp.,1040,GOLD AND SILVER ORES
XPO,"XPO, Inc.",4700,TRANSPORTATION SERVICES
XPOA,,,UNKNOWN
XPOF,"Xponential Fitness, Inc.",7990,SERVICES-MISCELLANEOUS AMUSEMENT & RECREATION
XPON,"Expion Energy, Inc. Common Stock",3690,"MISCELLANEOUS ELECTRICAL MACHINERY, EQUIPMENT & SUPPLIES"
XPRO,Expro Ltd,1389,"OIL & GAS FIELD SERVICES, NEC"
XRAY,DENTSPLY SIRONA Inc.,3843,DENTAL EQUIPMENT & SUPPLIES
XRN,Chiron Real Estate Inc.,6798,REAL ESTATE INVESTMENT TRUSTS
XRPN,Armada Acquisition Corp. II Class A Ordinary Shares,6770,BLANK CHECKS
XRPZ,Franklin XRP ETF,6221,COMMODITY CONTRACTS BROKERS & DEALERS
XRX,Xerox Holdings Corporation Common Stock,3577,"COMPUTER PERIPHERAL EQUIPMENT, NEC"
XSLL,Xsolla SPAC 1 Class A Ordinary Shares,6770,BLANK CHECKS
XSLLU,Xsolla SPAC 1 Units,6770,BLANK CHECKS
XTIA,"XTI Aerospace, Inc. Common Stock",7371,SERVICES-COMPUTER PROGRAMMING SERVICES
XTNT,"Xtant Medical Holdings, Inc.",3841,SURGICAL & MEDICAL INSTRUMENTS & APPARATUS
XWEL,"XWELL, Inc. Common Stock",7200,SERVICES-PERSONAL SERVICES
XWIN,,,UNKNOWN
XXI,"Twenty One Capital, Inc.",6199,FINANCE SERVICES
XXII,22nd Century Group Inc.,2111,CIGARETTES
XYL,Xylem Inc,3561,PUMPS & PUMPING EQUIPMENT
XYZ,"Block, Inc.",7372,SERVICES-PREPACKAGED SOFTWARE
XZO,"Exzeo Group, Inc.",7372,SERVICES-PREPACKAGED SOFTWARE
Y,,,UNKNOWN
YAYO,YAYYO INC,,UNKNOWN
YCBD,"cbdMD, Inc. Common Stock",2844,"PERFUMES, COSMETICS & OTHER TOILET PREPARATIONS"
YCY,AA Mission Acquisition Corp. II,6770,BLANK CHECKS
YELL,,,UNKNOWN
YELP,YELP INC.,7200,SERVICES-PERSONAL SERVICES
YETI,"YETI Holdings, Inc. Common Stock",3949,"SPORTING & ATHLETIC GOODS, NEC"
YEXT,"Yext, Inc.",7374,SERVICES-COMPUTER PROCESSING & DATA PREPARATION
YGYI,,,UNKNOWN
YHC,LQR House Inc. Common Stock,2080,BEVERAGES
YHGJ,Yunhong Green CTI Ltd. Common Stock,3060,"FABRICATED RUBBER PRODUCTS, NEC"
YHNA,YHN Acquisition I Limited Ordinary Shares,6770,BLANK CHECKS
YICCU,Yorkville International Capital Corp. Units,6770,BLANK CHECKS
YMAB,,,UNKNOWN
YORW,York Water Co,4941,WATER SUPPLY
YOSH,,,UNKNOWN
YOTA,YOTTA ACQUISITION CP,,UNKNOWN
YOU,"Clear Secure, Inc.",7372,SERVICES-PREPACKAGED SOFTWARE
YSS,York Space Systems Inc.,3760,GUIDED MISSILES & SPACE VEHICLES & PARTS
YSWY,"Yesway, Inc. Class A Common Stock",5411,RETAIL-GROCERY STORES
YTEN,,,UNKNOWN
YTPG,,,UNKNOWN
YUM,"Yum! Brands, Inc.",5812,RETAIL-EATING PLACES
YUMC,"Yum China Holdings, Inc. Common Stock",5812,RETAIL-EATING PLACES
YYAI,AiRWA Inc. Common Stock,7370,"SERVICES-COMPUTER PROGRAMMING, DATA PROCESSING, ETC."
Z,"Zillow Group, Inc. Class C Capital Stock",7389,"SERVICES-BUSINESS SERVICES, NEC"
ZBAI,,,UNKNOWN
ZBH,"Zimmer Biomet Holdings, Inc.",3842,"ORTHOPEDIC, PROSTHETIC & SURGICAL APPLIANCES & SUPPLIES"
ZBIO,"Zenas BioPharma, Inc. Common Stock",2834,PHARMACEUTICAL PREPARATIONS
ZBRA,Zebra Technologies Corporation,3560,GENERAL INDUSTRIAL MACHINERY & EQUIPMENT
ZCAR,ZOOMCAR HOLDINGS INC,,UNKNOWN
ZD,"Ziff Davis, Inc. Common Stock",4822,TELEGRAPH & OTHER MESSAGE COMMUNICATIONS
ZDGE,"Zedge, Inc.",7372,SERVICES-PREPACKAGED SOFTWARE
ZEN,,,UNKNOWN
ZEO,Zeo Energy Corporation Class A Common Stock,1700,CONSTRUCTION - SPECIAL TRADE CONTRACTORS
ZETA,Zeta Global Holdings Corp.,7372,SERVICES-PREPACKAGED SOFTWARE
ZEUS,,,UNKNOWN
ZEV,,,UNKNOWN
ZFOX,,,UNKNOWN
ZGNX,,,UNKNOWN
ZI,,,UNKNOWN
ZIMV,,,UNKNOWN
ZING,,,UNKNOWN
ZION,Zions Bancorporation N.A.,6021,NATIONAL COMMERCIAL BANKS
ZIP,"ZipRecruiter, Inc.",7370,"SERVICES-COMPUTER PROGRAMMING, DATA PROCESSING, ETC."
ZIVO,ZIVO BIOSCIENCE INC,,UNKNOWN
ZKP,Lafayette Digital Acquisition Corp. I Class A Ordinary Shares,6770,BLANK CHECKS
ZLAB,Zai Lab Limited American Depositary Shares,2834,PHARMACEUTICAL PREPARATIONS
ZLS,,,UNKNOWN
ZM,"Zoom Communications, Inc. Class A Common Stock",7370,"SERVICES-COMPUTER PROGRAMMING, DATA PROCESSING, ETC."
ZN,,,UNKNOWN
ZNGA,,,UNKNOWN
ZNTL,"Zentalis Pharmaceuticals, Inc. Common Stock",2834,PHARMACEUTICAL PREPARATIONS
ZOM,,,UNKNOWN
ZONE,Zone Frontier Inc.,2842,"SPECIALTY CLEANING, POLISHING AND SANITATION PREPARATIONS"
ZPTA,ZAPATA QUANTUM INC,,UNKNOWN
ZS,"Zscaler, Inc. Common Stock",7371,SERVICES-COMPUTER PROGRAMMING SERVICES
ZSAN,,,UNKNOWN
ZSPC,ZSPACE INC NEW,,UNKNOWN
ZSQR,Z Squared Inc. Common Stock,6199,FINANCE SERVICES
ZSTK,ZeroStack Corp. Common Stock,5122,"WHOLESALE-DRUGS, PROPRIETARIES & DRUGGISTS' SUNDRIES"
ZT,,,UNKNOWN
ZTS,ZOETIS INC.,2834,PHARMACEUTICAL PREPARATIONS
ZUMZ,Zumiez Inc.,5600,RETAIL-APPAREL & ACCESSORY STORES
ZUO,,,UNKNOWN
ZURA,Zura Bio Limited Class A Ordinary Shares,2836,"BIOLOGICAL PRODUCTS, (NO DIAGNOSTIC SUBSTANCES)"
ZVIA,Zevia PBC,2086,BOTTLED & CANNED SOFT DRINKS & CARBONATED WATERS
ZVO,,,UNKNOWN
ZVRA,"Zevra Therapeutics, Inc. Common Stock",2834,PHARMACEUTICAL PREPARATIONS
ZVSA,ZYVERSA THERAPEUTICS INC,,UNKNOWN
ZWRK,,,UNKNOWN
ZWS,Zurn Elkay Water Solutions Corporation,3560,GENERAL INDUSTRIAL MACHINERY & EQUIPMENT
ZY,,,UNKNOWN
ZYME,Zymeworks Inc.,2834,PHARMACEUTICAL PREPARATIONS
ZYNE,,,UNKNOWN
ZYXI,,,UNKNOWN
