ticker,date,open,high,low,close,volume,vwap,transactions,source_ticker,history_source,cik,mapping_status,source_api,symbol_evidence_url,exclusion_reason
FIG,2022-05-17,25.09,25.09,24.9423,24.9423,13624.0,25.0496,44.0,FIG,current_symbol,,,,,different_security_or_issuer_before_listing_quarantined
FIG,2022-05-18,24.96,24.96,24.3343,24.3343,11785.0,24.6659,49.0,FIG,current_symbol,,,,,different_security_or_issuer_before_listing_quarantined
FIG,2022-05-19,24.3634,24.3634,24.3634,24.3634,66.0,24.3879,4.0,FIG,current_symbol,,,,,different_security_or_issuer_before_listing_quarantined
FIG,2022-05-20,24.269,24.37,24.07,24.3078,2836.0,24.3008,38.0,FIG,current_symbol,,,,,different_security_or_issuer_before_listing_quarantined
FIG,2022-05-23,26.7,26.7,24.46,24.5346,15778.0,24.6073,73.0,FIG,current_symbol,,,,,different_security_or_issuer_before_listing_quarantined
FIG,2022-05-24,24.47,24.63,24.4311,24.4705,65697.0,24.6024,47.0,FIG,current_symbol,,,,,different_security_or_issuer_before_listing_quarantined
FIG,2022-05-25,24.8,24.8,24.72,24.7231,3187.0,24.7502,36.0,FIG,current_symbol,,,,,different_security_or_issuer_before_listing_quarantined
FIG,2022-05-26,25.14,25.17,25.0107,25.0107,788.0,25.1906,16.0,FIG,current_symbol,,,,,different_security_or_issuer_before_listing_quarantined
FIG,2022-05-27,25.3,25.45,25.26,25.3775,13854.0,25.3468,57.0,FIG,current_symbol,,,,,different_security_or_issuer_before_listing_quarantined
FIG,2022-05-31,26.64,26.64,25.15,25.38,12696.0,25.3989,48.0,FIG,current_symbol,,,,,different_security_or_issuer_before_listing_quarantined
FIG,2022-06-01,25.3068,25.3068,25.01,25.1286,7230.0,25.1692,77.0,FIG,current_symbol,,,,,different_security_or_issuer_before_listing_quarantined
FIG,2022-06-02,25.37,25.37,24.9636,25.3,59505.0,25.2114,167.0,FIG,current_symbol,,,,,different_security_or_issuer_before_listing_quarantined
FIG,2022-06-03,25.17,25.17,25.0,25.036,7605.0,25.0543,42.0,FIG,current_symbol,,,,,different_security_or_issuer_before_listing_quarantined
FIG,2022-06-06,25.1888,25.359,25.0001,25.0799,48321.0,25.1656,160.0,FIG,current_symbol,,,,,different_security_or_issuer_before_listing_quarantined
FIG,2022-06-07,26.33,27.63,24.936,25.36,53966.0,25.2663,139.0,FIG,current_symbol,,,,,different_security_or_issuer_before_listing_quarantined
FIG,2022-06-08,25.17,25.23,24.99,25.0119,24259.0,25.0752,85.0,FIG,current_symbol,,,,,different_security_or_issuer_before_listing_quarantined
FIG,2022-06-09,24.92,25.06,24.5623,24.5623,11460.0,24.8497,92.0,FIG,current_symbol,,,,,different_security_or_issuer_before_listing_quarantined
FIG,2022-06-10,24.25,24.25,23.88,24.0412,11878.0,24.0531,82.0,FIG,current_symbol,,,,,different_security_or_issuer_before_listing_quarantined
FIG,2022-06-13,24.0,24.0,23.35,23.4063,4627.0,23.5264,50.0,FIG,current_symbol,,,,,different_security_or_issuer_before_listing_quarantined
FIG,2022-06-14,23.4,23.4037,23.225,23.225,2793.0,23.2855,29.0,FIG,current_symbol,,,,,different_security_or_issuer_before_listing_quarantined
FIG,2022-06-15,23.22,23.55,23.22,23.48,3191.0,23.485,54.0,FIG,current_symbol,,,,,different_security_or_issuer_before_listing_quarantined
FIG,2022-06-16,23.04,23.08,22.9699,22.9699,3420.0,23.0384,27.0,FIG,current_symbol,,,,,different_security_or_issuer_before_listing_quarantined
FIG,2022-06-17,22.9592,23.18,22.95,23.0716,4139.0,23.07,36.0,FIG,current_symbol,,,,,different_security_or_issuer_before_listing_quarantined
FIG,2022-06-21,23.75,23.75,23.1306,23.1306,12177.0,23.2321,142.0,FIG,current_symbol,,,,,different_security_or_issuer_before_listing_quarantined
FIG,2022-06-22,23.5099,23.51,23.4624,23.4624,745.0,23.4631,22.0,FIG,current_symbol,,,,,different_security_or_issuer_before_listing_quarantined
FIG,2022-06-23,23.6766,23.6766,23.6766,23.6766,231.0,23.6611,10.0,FIG,current_symbol,,,,,different_security_or_issuer_before_listing_quarantined
FIG,2022-06-24,24.36,24.56,24.29,24.56,4056.0,24.4042,42.0,FIG,current_symbol,,,,,different_security_or_issuer_before_listing_quarantined
FIG,2022-06-27,24.45,24.45,24.1989,24.1989,3755.0,24.3721,28.0,FIG,current_symbol,,,,,different_security_or_issuer_before_listing_quarantined
FIG,2022-06-28,24.3701,24.61,23.6463,23.6463,2892.0,23.9033,36.0,FIG,current_symbol,,,,,different_security_or_issuer_before_listing_quarantined
FIG,2022-06-29,23.73,23.73,23.575,23.6099,5138.0,23.6861,42.0,FIG,current_symbol,,,,,different_security_or_issuer_before_listing_quarantined
FIG,2022-06-30,23.425,23.78,23.425,23.5233,6684.0,23.6854,34.0,FIG,current_symbol,,,,,different_security_or_issuer_before_listing_quarantined
FIG,2022-07-01,22.95,24.0,22.95,23.9387,2697.0,23.6507,27.0,FIG,current_symbol,,,,,different_security_or_issuer_before_listing_quarantined
FIG,2022-07-05,23.9342,24.25,23.89,24.1742,11333.0,23.9828,42.0,FIG,current_symbol,,,,,different_security_or_issuer_before_listing_quarantined
FIG,2022-07-06,24.26,24.3198,24.2,24.2267,3907.0,24.241,42.0,FIG,current_symbol,,,,,different_security_or_issuer_before_listing_quarantined
FIG,2022-07-07,24.27,24.41,24.27,24.3818,2205.0,24.3476,32.0,FIG,current_symbol,,,,,different_security_or_issuer_before_listing_quarantined
FIG,2022-07-08,24.34,24.37,24.2376,24.2472,55473.0,24.3594,34.0,FIG,current_symbol,,,,,different_security_or_issuer_before_listing_quarantined
FIG,2022-07-11,23.97,24.3,23.97,24.1441,9367.0,24.271,16.0,FIG,current_symbol,,,,,different_security_or_issuer_before_listing_quarantined
FIG,2022-07-12,24.34,24.34,24.15,24.15,5022.0,24.2868,36.0,FIG,current_symbol,,,,,different_security_or_issuer_before_listing_quarantined
FIG,2022-07-13,24.06,24.16,24.0,24.16,8715.0,24.0265,44.0,FIG,current_symbol,,,,,different_security_or_issuer_before_listing_quarantined
FIG,2022-07-14,23.765,24.1,23.765,24.1,2268.0,23.8855,29.0,FIG,current_symbol,,,,,different_security_or_issuer_before_listing_quarantined
FIG,2022-07-15,24.72,24.72,24.26,24.26,7347.0,24.3972,62.0,FIG,current_symbol,,,,,different_security_or_issuer_before_listing_quarantined
FIG,2022-07-18,24.5394,24.6,23.99,24.26,8319.0,24.2102,59.0,FIG,current_symbol,,,,,different_security_or_issuer_before_listing_quarantined
FIG,2022-07-19,24.342,24.67,24.342,24.67,2656.0,24.5555,36.0,FIG,current_symbol,,,,,different_security_or_issuer_before_listing_quarantined
FIG,2022-07-20,24.72,24.8533,24.72,24.82,1926.0,24.7888,22.0,FIG,current_symbol,,,,,different_security_or_issuer_before_listing_quarantined
FIG,2022-07-21,24.68,25.11,24.68,25.11,4597.0,24.9609,44.0,FIG,current_symbol,,,,,different_security_or_issuer_before_listing_quarantined
FIG,2022-07-22,25.1299,25.17,24.94,25.13,9066.0,25.073,54.0,FIG,current_symbol,,,,,different_security_or_issuer_before_listing_quarantined
FIG,2022-07-25,25.1,25.19,25.0368,25.19,29004.0,25.0455,41.0,FIG,current_symbol,,,,,different_security_or_issuer_before_listing_quarantined
FIG,2022-07-26,24.89,24.89,24.78,24.89,2942.0,24.8397,25.0,FIG,current_symbol,,,,,different_security_or_issuer_before_listing_quarantined
FIG,2022-07-27,25.01,25.1858,25.0,25.1858,4850.0,25.0245,25.0,FIG,current_symbol,,,,,different_security_or_issuer_before_listing_quarantined
FIG,2022-07-28,25.27,25.33,25.27,25.27,1207.0,25.2995,28.0,FIG,current_symbol,,,,,different_security_or_issuer_before_listing_quarantined
FIG,2022-07-29,25.47,25.55,25.4207,25.5316,18102.0,25.4938,92.0,FIG,current_symbol,,,,,different_security_or_issuer_before_listing_quarantined
FIG,2022-08-01,25.58,25.6,25.3989,25.4286,3500.0,25.4984,68.0,FIG,current_symbol,,,,,different_security_or_issuer_before_listing_quarantined
FIG,2022-08-02,25.42,25.4865,25.27,25.31,11156.0,25.4276,94.0,FIG,current_symbol,,,,,different_security_or_issuer_before_listing_quarantined
FIG,2022-08-03,25.3299,25.5,25.2792,25.4758,27773.0,25.4498,70.0,FIG,current_symbol,,,,,different_security_or_issuer_before_listing_quarantined
FIG,2022-08-04,25.5,25.5,25.4701,25.4841,3854.0,25.4908,28.0,FIG,current_symbol,,,,,different_security_or_issuer_before_listing_quarantined
FIG,2022-08-05,25.45,25.45,25.3,25.3168,5482.0,25.3554,41.0,FIG,current_symbol,,,,,different_security_or_issuer_before_listing_quarantined
FIG,2022-08-08,25.3739,25.41,25.2952,25.2952,5628.0,25.3746,36.0,FIG,current_symbol,,,,,different_security_or_issuer_before_listing_quarantined
FIG,2022-08-09,25.31,25.32,25.2809,25.32,3546.0,25.3,34.0,FIG,current_symbol,,,,,different_security_or_issuer_before_listing_quarantined
FIG,2022-08-10,25.47,25.47,25.375,25.3874,2071.0,25.4342,56.0,FIG,current_symbol,,,,,different_security_or_issuer_before_listing_quarantined
FIG,2022-08-11,25.38,25.44,25.2,25.2767,16068.0,25.3427,37.0,FIG,current_symbol,,,,,different_security_or_issuer_before_listing_quarantined
FIG,2022-08-12,25.9,25.9,25.43,25.4686,7274.0,25.4805,31.0,FIG,current_symbol,,,,,different_security_or_issuer_before_listing_quarantined
FIG,2022-08-15,25.4759,25.618,25.4759,25.5359,1393.0,25.5297,20.0,FIG,current_symbol,,,,,different_security_or_issuer_before_listing_quarantined
FIG,2022-08-16,24.99,25.635,24.99,25.5824,7889.0,25.437,48.0,FIG,current_symbol,,,,,different_security_or_issuer_before_listing_quarantined
FIG,2022-08-17,25.47,25.53,25.39,25.4303,9072.0,25.4877,37.0,FIG,current_symbol,,,,,different_security_or_issuer_before_listing_quarantined
FIG,2022-08-18,25.41,25.53,25.41,25.4437,4623.0,25.4885,30.0,FIG,current_symbol,,,,,different_security_or_issuer_before_listing_quarantined
FIG,2022-08-19,25.4,25.4,25.17,25.2496,7822.0,25.2474,38.0,FIG,current_symbol,,,,,different_security_or_issuer_before_listing_quarantined
FIG,2022-08-22,25.19,25.2,24.93,25.0148,28204.0,25.0251,102.0,FIG,current_symbol,,,,,different_security_or_issuer_before_listing_quarantined
FIG,2022-08-23,24.95,25.01,24.832,25.0,74305.0,24.9848,170.0,FIG,current_symbol,,,,,different_security_or_issuer_before_listing_quarantined
FIG,2022-08-24,24.91,25.0,24.8201,25.0,10067.0,24.9564,71.0,FIG,current_symbol,,,,,different_security_or_issuer_before_listing_quarantined
FIG,2022-08-25,25.32,25.32,24.75,25.0496,17031.0,24.9625,97.0,FIG,current_symbol,,,,,different_security_or_issuer_before_listing_quarantined
FIG,2022-08-26,25.0,25.0,24.75,24.8387,2958.0,24.8569,50.0,FIG,current_symbol,,,,,different_security_or_issuer_before_listing_quarantined
FIG,2022-08-29,24.84,24.89,24.74,24.89,5752.0,24.8145,30.0,FIG,current_symbol,,,,,different_security_or_issuer_before_listing_quarantined
FIG,2022-08-30,24.88,25.02,24.8669,25.02,49598.0,24.9152,92.0,FIG,current_symbol,,,,,different_security_or_issuer_before_listing_quarantined
FIG,2022-08-31,24.91,24.95,24.85,24.9428,24857.0,24.9325,64.0,FIG,current_symbol,,,,,different_security_or_issuer_before_listing_quarantined
FIG,2022-09-01,24.9548,25.0,24.9,24.91,77777.0,24.9432,124.0,FIG,current_symbol,,,,,different_security_or_issuer_before_listing_quarantined
FIG,2022-09-02,24.84,24.94,24.78,24.9171,17459.0,24.8498,81.0,FIG,current_symbol,,,,,different_security_or_issuer_before_listing_quarantined
FIG,2022-09-06,25.49,27.7577,24.57,24.7664,134089.0,24.838,120.0,FIG,current_symbol,,,,,different_security_or_issuer_before_listing_quarantined
FIG,2022-09-07,24.69,24.69,24.55,24.6041,18560.0,24.6074,73.0,FIG,current_symbol,,,,,different_security_or_issuer_before_listing_quarantined
FIG,2022-09-08,24.5559,24.61,24.5,24.6,5933.0,24.5731,35.0,FIG,current_symbol,,,,,different_security_or_issuer_before_listing_quarantined
FIG,2022-09-09,24.61,24.67,24.56,24.6,8775.0,24.5931,29.0,FIG,current_symbol,,,,,different_security_or_issuer_before_listing_quarantined
FIG,2022-09-12,24.6,24.6,24.5,24.5572,7020.0,24.5456,36.0,FIG,current_symbol,,,,,different_security_or_issuer_before_listing_quarantined
FIG,2022-09-13,25.0,25.0,24.3143,24.435,10532.0,24.3781,83.0,FIG,current_symbol,,,,,different_security_or_issuer_before_listing_quarantined
FIG,2022-09-14,24.35,24.45,24.3001,24.3001,3087.0,24.3897,30.0,FIG,current_symbol,,,,,different_security_or_issuer_before_listing_quarantined
FIG,2022-09-15,24.25,24.3099,24.02,24.1762,19471.0,24.1452,98.0,FIG,current_symbol,,,,,different_security_or_issuer_before_listing_quarantined
FIG,2022-09-16,24.1093,24.23,24.1093,24.2029,7224.0,24.1675,46.0,FIG,current_symbol,,,,,different_security_or_issuer_before_listing_quarantined
FIG,2022-09-19,24.13,24.32,24.12,24.2284,4365.0,24.1798,34.0,FIG,current_symbol,,,,,different_security_or_issuer_before_listing_quarantined
FIG,2022-09-20,24.13,24.1501,24.105,24.105,4391.0,24.1355,32.0,FIG,current_symbol,,,,,different_security_or_issuer_before_listing_quarantined
FIG,2022-09-21,24.112,24.1335,24.1,24.1253,2003.0,24.1175,26.0,FIG,current_symbol,,,,,different_security_or_issuer_before_listing_quarantined
FIG,2022-09-22,24.08,24.09,23.79,23.9553,6306.0,23.9276,43.0,FIG,current_symbol,,,,,different_security_or_issuer_before_listing_quarantined
FIG,2022-09-23,23.46,23.99,23.46,23.9416,3584.0,23.7232,31.0,FIG,current_symbol,,,,,different_security_or_issuer_before_listing_quarantined
FIG,2022-09-26,23.89,23.94,23.721,23.8398,4464.0,23.8636,30.0,FIG,current_symbol,,,,,different_security_or_issuer_before_listing_quarantined
FIG,2022-09-27,23.8,23.88,23.7,23.81,10614.0,23.8321,60.0,FIG,current_symbol,,,,,different_security_or_issuer_before_listing_quarantined
FIG,2022-09-28,23.765,23.91,23.65,23.7546,55809.0,23.7336,40.0,FIG,current_symbol,,,,,different_security_or_issuer_before_listing_quarantined
FIG,2022-09-29,23.54,23.92,23.54,23.6709,5754.0,23.8042,76.0,FIG,current_symbol,,,,,different_security_or_issuer_before_listing_quarantined
FIG,2022-09-30,23.799,23.8,23.6633,23.7367,8176.0,23.7697,70.0,FIG,current_symbol,,,,,different_security_or_issuer_before_listing_quarantined
FIG,2022-10-03,23.92,23.92,23.7432,23.7642,6623.0,23.7876,48.0,FIG,current_symbol,,,,,different_security_or_issuer_before_listing_quarantined
FIG,2022-10-04,23.79,23.9,23.7,23.861,9446.0,23.8292,107.0,FIG,current_symbol,,,,,different_security_or_issuer_before_listing_quarantined
FIG,2022-10-05,23.94,23.94,23.5,23.72,25411.0,23.6448,140.0,FIG,current_symbol,,,,,different_security_or_issuer_before_listing_quarantined
FIG,2022-10-06,23.86,23.97,23.44,23.5994,7043.0,23.6138,59.0,FIG,current_symbol,,,,,different_security_or_issuer_before_listing_quarantined
FIG,2022-10-07,23.42,23.6752,23.41,23.6752,4584.0,23.6314,24.0,FIG,current_symbol,,,,,different_security_or_issuer_before_listing_quarantined
FIG,2022-10-10,23.5,23.53,23.365,23.427,15674.0,23.4726,84.0,FIG,current_symbol,,,,,different_security_or_issuer_before_listing_quarantined
FIG,2022-10-11,23.37,23.48,23.275,23.275,8906.0,23.401,55.0,FIG,current_symbol,,,,,different_security_or_issuer_before_listing_quarantined
FIG,2022-10-12,23.43,23.43,23.2986,23.2986,2171.0,23.3484,20.0,FIG,current_symbol,,,,,different_security_or_issuer_before_listing_quarantined
FIG,2022-10-13,23.25,23.45,23.0067,23.45,18755.0,23.3606,82.0,FIG,current_symbol,,,,,different_security_or_issuer_before_listing_quarantined
FIG,2022-10-14,23.41,23.45,23.12,23.12,8997.0,23.2552,96.0,FIG,current_symbol,,,,,different_security_or_issuer_before_listing_quarantined
FIG,2022-10-17,23.215,23.29,23.15,23.1613,1586.0,23.2447,29.0,FIG,current_symbol,,,,,different_security_or_issuer_before_listing_quarantined
FIG,2022-10-18,23.68,23.68,23.1367,23.47,5607.0,23.3638,54.0,FIG,current_symbol,,,,,different_security_or_issuer_before_listing_quarantined
FIG,2022-10-19,23.37,23.3881,23.2293,23.2293,9753.0,23.3341,36.0,FIG,current_symbol,,,,,different_security_or_issuer_before_listing_quarantined
FIG,2022-10-20,23.285,23.38,22.97,23.0574,11062.0,23.1491,53.0,FIG,current_symbol,,,,,different_security_or_issuer_before_listing_quarantined
FIG,2022-10-21,23.1038,23.2999,23.05,23.2759,6040.0,23.1235,35.0,FIG,current_symbol,,,,,different_security_or_issuer_before_listing_quarantined
FIG,2022-10-24,23.19,23.3,23.07,23.17,49559.0,23.2253,229.0,FIG,current_symbol,,,,,different_security_or_issuer_before_listing_quarantined
FIG,2022-10-25,23.61,23.62,23.42,23.46,10619.0,23.5017,58.0,FIG,current_symbol,,,,,different_security_or_issuer_before_listing_quarantined
FIG,2022-10-26,23.6,23.6553,23.4534,23.4534,33460.0,23.5432,24.0,FIG,current_symbol,,,,,different_security_or_issuer_before_listing_quarantined
FIG,2022-10-27,23.53,23.53,23.4101,23.5029,4094.0,23.4738,32.0,FIG,current_symbol,,,,,different_security_or_issuer_before_listing_quarantined
FIG,2022-10-28,23.47,23.81,23.4601,23.7766,3402.0,23.7016,49.0,FIG,current_symbol,,,,,different_security_or_issuer_before_listing_quarantined
FIG,2022-10-31,23.77,23.77,23.57,23.635,2312.0,23.6493,37.0,FIG,current_symbol,,,,,different_security_or_issuer_before_listing_quarantined
FIG,2022-11-01,23.89,23.97,23.5037,23.64,6993.0,23.7683,45.0,FIG,current_symbol,,,,,different_security_or_issuer_before_listing_quarantined
FIG,2022-11-02,23.75,23.75,23.485,23.485,721.0,23.648,41.0,FIG,current_symbol,,,,,different_security_or_issuer_before_listing_quarantined
FIG,2022-11-03,23.43,23.46,23.25,23.3,7232.0,23.4174,38.0,FIG,current_symbol,,,,,different_security_or_issuer_before_listing_quarantined
FIG,2022-11-04,23.468,23.55,23.235,23.4684,2063.0,23.4162,24.0,FIG,current_symbol,,,,,different_security_or_issuer_before_listing_quarantined
FIG,2022-11-07,23.46,23.62,23.39,23.5595,26290.0,23.476,76.0,FIG,current_symbol,,,,,different_security_or_issuer_before_listing_quarantined
FIG,2022-11-08,23.71,23.71,23.48,23.5658,6227.0,23.6712,31.0,FIG,current_symbol,,,,,different_security_or_issuer_before_listing_quarantined
FIG,2022-11-09,23.55,23.55,23.264,23.2663,7361.0,23.4585,40.0,FIG,current_symbol,,,,,different_security_or_issuer_before_listing_quarantined
FIG,2022-11-10,24.0,24.0,23.86,23.91,103730.0,23.8619,48.0,FIG,current_symbol,,,,,different_security_or_issuer_before_listing_quarantined
FIG,2022-11-11,24.93,24.93,24.01,24.3165,40190.0,24.3059,29.0,FIG,current_symbol,,,,,different_security_or_issuer_before_listing_quarantined
FIG,2022-11-14,24.245,24.39,24.125,24.25,9407.0,24.291,71.0,FIG,current_symbol,,,,,different_security_or_issuer_before_listing_quarantined
FIG,2022-11-15,25.0,25.0,24.21,24.2923,3202.0,24.3222,35.0,FIG,current_symbol,,,,,different_security_or_issuer_before_listing_quarantined
FIG,2022-11-16,24.18,24.2996,24.18,24.2996,3581.0,24.2002,13.0,FIG,current_symbol,,,,,different_security_or_issuer_before_listing_quarantined
FIG,2022-11-17,24.1,24.15,24.05,24.0638,3126.0,24.1271,41.0,FIG,current_symbol,,,,,different_security_or_issuer_before_listing_quarantined
FIG,2022-11-18,24.07,24.16,24.0,24.0998,3109.0,24.047,38.0,FIG,current_symbol,,,,,different_security_or_issuer_before_listing_quarantined
FIG,2022-11-21,24.33,24.33,24.0136,24.0672,5319.0,24.0459,22.0,FIG,current_symbol,,,,,different_security_or_issuer_before_listing_quarantined
FIG,2022-11-22,24.254,24.31,24.1668,24.2636,4157.0,24.2461,33.0,FIG,current_symbol,,,,,different_security_or_issuer_before_listing_quarantined
FIG,2022-11-23,25.0,25.0,24.21,24.3836,6880.0,24.5837,50.0,FIG,current_symbol,,,,,different_security_or_issuer_before_listing_quarantined
FIG,2022-11-25,24.337,24.337,24.2268,24.2268,1810.0,25.0114,7.0,FIG,current_symbol,,,,,different_security_or_issuer_before_listing_quarantined
FIG,2022-11-28,24.27,24.2799,23.995,24.0246,9852.0,24.0866,54.0,FIG,current_symbol,,,,,different_security_or_issuer_before_listing_quarantined
FIG,2022-11-29,24.19,24.19,24.08,24.0974,2161.0,24.1156,36.0,FIG,current_symbol,,,,,different_security_or_issuer_before_listing_quarantined
FIG,2022-11-30,24.178,24.4542,24.0101,24.4542,5259.0,24.1492,33.0,FIG,current_symbol,,,,,different_security_or_issuer_before_listing_quarantined
FIG,2022-12-01,24.59,24.59,24.34,24.4752,11328.0,24.3976,83.0,FIG,current_symbol,,,,,different_security_or_issuer_before_listing_quarantined
FIG,2022-12-02,24.45,24.46,24.29,24.4118,3265.0,24.3869,48.0,FIG,current_symbol,,,,,different_security_or_issuer_before_listing_quarantined
FIG,2022-12-05,24.58,24.58,24.1133,24.1323,3689.0,24.2674,66.0,FIG,current_symbol,,,,,different_security_or_issuer_before_listing_quarantined
FIG,2022-12-06,24.16,24.18,24.0,24.0396,7074.0,24.0929,48.0,FIG,current_symbol,,,,,different_security_or_issuer_before_listing_quarantined
FIG,2022-12-07,24.09,24.19,24.09,24.1458,5593.0,24.1474,55.0,FIG,current_symbol,,,,,different_security_or_issuer_before_listing_quarantined
FIG,2022-12-08,24.18,24.28,24.15,24.194,8344.0,24.2301,55.0,FIG,current_symbol,,,,,different_security_or_issuer_before_listing_quarantined
FIG,2022-12-09,24.2288,24.29,24.1795,24.1795,6730.0,24.2531,41.0,FIG,current_symbol,,,,,different_security_or_issuer_before_listing_quarantined
FIG,2022-12-12,24.1,24.26,24.0101,24.2098,14121.0,24.0594,101.0,FIG,current_symbol,,,,,different_security_or_issuer_before_listing_quarantined
FIG,2022-12-13,24.09,24.51,24.09,24.3975,9076.0,24.4348,82.0,FIG,current_symbol,,,,,different_security_or_issuer_before_listing_quarantined
FIG,2022-12-14,24.43,24.58,24.2,24.4779,12955.0,24.4905,69.0,FIG,current_symbol,,,,,different_security_or_issuer_before_listing_quarantined
FIG,2022-12-15,24.38,24.38,24.0,24.044,9109.0,24.126,66.0,FIG,current_symbol,,,,,different_security_or_issuer_before_listing_quarantined
FIG,2022-12-16,23.9,23.94,23.75,23.8774,33893.0,23.8208,161.0,FIG,current_symbol,,,,,different_security_or_issuer_before_listing_quarantined
FIG,2022-12-19,23.93,23.93,23.6501,23.7259,5786.0,23.8253,50.0,FIG,current_symbol,,,,,different_security_or_issuer_before_listing_quarantined
FIG,2022-12-20,23.72,23.83,23.64,23.71,27511.0,23.7548,152.0,FIG,current_symbol,,,,,different_security_or_issuer_before_listing_quarantined
FIG,2022-12-21,23.82,24.0199,23.82,23.904,8418.0,23.9165,52.0,FIG,current_symbol,,,,,different_security_or_issuer_before_listing_quarantined
FIG,2022-12-22,23.84,23.85,23.6385,23.7269,4251.0,23.7786,48.0,FIG,current_symbol,,,,,different_security_or_issuer_before_listing_quarantined
FIG,2022-12-23,23.52,23.94,23.52,23.9119,9768.0,23.8475,75.0,FIG,current_symbol,,,,,different_security_or_issuer_before_listing_quarantined
FIG,2022-12-27,24.48,24.7,23.23,23.4372,22163.0,23.6366,209.0,FIG,current_symbol,,,,,different_security_or_issuer_before_listing_quarantined
FIG,2022-12-28,23.55,23.55,23.3,23.3466,5991.0,23.4169,53.0,FIG,current_symbol,,,,,different_security_or_issuer_before_listing_quarantined
FIG,2022-12-29,23.5299,23.57,23.35,23.5336,9591.0,23.5046,81.0,FIG,current_symbol,,,,,different_security_or_issuer_before_listing_quarantined
FIG,2022-12-30,23.3768,23.42,23.265,23.3218,15412.0,23.3986,114.0,FIG,current_symbol,,,,,different_security_or_issuer_before_listing_quarantined
FIG,2023-01-03,23.45,23.45,23.21,23.322,9752.0,23.3273,80.0,FIG,current_symbol,,,,,different_security_or_issuer_before_listing_quarantined
FIG,2023-01-04,23.55,23.58,23.29,23.4752,17328.0,23.4143,103.0,FIG,current_symbol,,,,,different_security_or_issuer_before_listing_quarantined
FIG,2023-01-05,23.3099,23.4117,23.3099,23.4117,364.0,23.3629,10.0,FIG,current_symbol,,,,,different_security_or_issuer_before_listing_quarantined
FIG,2023-01-06,23.6,23.6599,23.36,23.5889,10285.0,23.5386,50.0,FIG,current_symbol,,,,,different_security_or_issuer_before_listing_quarantined
FIG,2023-01-09,23.52,23.84,23.52,23.56,11481.0,23.6663,54.0,FIG,current_symbol,,,,,different_security_or_issuer_before_listing_quarantined
FIG,2023-01-10,23.71,23.71,23.5,23.6579,5596.0,23.6249,20.0,FIG,current_symbol,,,,,different_security_or_issuer_before_listing_quarantined
FIG,2023-01-11,23.95,23.95,23.67,23.7615,10574.0,23.733,118.0,FIG,current_symbol,,,,,different_security_or_issuer_before_listing_quarantined
FIG,2023-01-12,23.8461,23.88,23.73,23.7788,13517.0,23.8052,80.0,FIG,current_symbol,,,,,different_security_or_issuer_before_listing_quarantined
FIG,2023-01-13,23.736,23.94,23.7,23.8826,10267.0,23.8721,76.0,FIG,current_symbol,,,,,different_security_or_issuer_before_listing_quarantined
FIG,2023-01-17,24.92,24.92,23.64,23.7805,7921.0,23.8173,82.0,FIG,current_symbol,,,,,different_security_or_issuer_before_listing_quarantined
FIG,2023-01-18,23.81,23.84,23.52,23.5556,8187.0,23.7042,67.0,FIG,current_symbol,,,,,different_security_or_issuer_before_listing_quarantined
FIG,2023-01-19,23.5,23.73,23.5,23.6,2767.0,23.6638,32.0,FIG,current_symbol,,,,,different_security_or_issuer_before_listing_quarantined
FIG,2023-01-20,23.5842,23.68,23.5842,23.6578,16229.0,23.6492,58.0,FIG,current_symbol,,,,,different_security_or_issuer_before_listing_quarantined
FIG,2023-01-23,23.7294,23.785,23.716,23.716,2611.0,23.7572,32.0,FIG,current_symbol,,,,,different_security_or_issuer_before_listing_quarantined
FIG,2023-01-24,23.82,23.82,23.7503,23.7503,887.0,23.7863,32.0,FIG,current_symbol,,,,,different_security_or_issuer_before_listing_quarantined
FIG,2023-01-25,23.87,23.99,23.87,23.9236,7956.0,23.9244,58.0,FIG,current_symbol,,,,,different_security_or_issuer_before_listing_quarantined
FIG,2023-01-26,23.75,23.77,23.64,23.7172,5256.0,23.7343,31.0,FIG,current_symbol,,,,,different_security_or_issuer_before_listing_quarantined
FIG,2023-01-27,26.09,26.31,23.62,23.7,15168.0,23.7534,67.0,FIG,current_symbol,,,,,different_security_or_issuer_before_listing_quarantined
FIG,2023-01-30,23.58,23.62,23.52,23.5338,7369.0,23.555,55.0,FIG,current_symbol,,,,,different_security_or_issuer_before_listing_quarantined
FIG,2023-01-31,23.53,23.6712,23.53,23.6712,1604.0,23.6077,33.0,FIG,current_symbol,,,,,different_security_or_issuer_before_listing_quarantined
FIG,2023-02-01,23.74,23.86,23.6,23.7847,46019.0,23.7958,97.0,FIG,current_symbol,,,,,different_security_or_issuer_before_listing_quarantined
FIG,2023-02-02,23.93,23.93,23.65,23.8348,15929.0,23.7608,103.0,FIG,current_symbol,,,,,different_security_or_issuer_before_listing_quarantined
FIG,2023-02-03,23.7149,23.7699,23.63,23.6444,9867.0,23.693,63.0,FIG,current_symbol,,,,,different_security_or_issuer_before_listing_quarantined
FIG,2023-02-06,23.64,23.65,23.5589,23.5673,8897.0,23.6416,86.0,FIG,current_symbol,,,,,different_security_or_issuer_before_listing_quarantined
FIG,2023-02-07,23.79,23.79,23.57,23.6184,2810.0,23.6047,31.0,FIG,current_symbol,,,,,different_security_or_issuer_before_listing_quarantined
FIG,2023-02-08,23.6,23.6,23.515,23.5391,4094.0,23.5422,46.0,FIG,current_symbol,,,,,different_security_or_issuer_before_listing_quarantined
FIG,2023-02-09,23.59,23.59,23.4952,23.4952,4171.0,23.5211,43.0,FIG,current_symbol,,,,,different_security_or_issuer_before_listing_quarantined
FIG,2023-02-10,23.5,23.5514,23.43,23.5514,3045.0,23.5075,45.0,FIG,current_symbol,,,,,different_security_or_issuer_before_listing_quarantined
FIG,2023-02-13,23.86,23.86,23.436,23.5981,433399.0,23.6163,65.0,FIG,current_symbol,,,,,different_security_or_issuer_before_listing_quarantined
FIG,2023-02-14,23.615,23.6665,23.615,23.6665,659.0,23.6364,19.0,FIG,current_symbol,,,,,different_security_or_issuer_before_listing_quarantined
FIG,2023-02-15,24.7,24.7,23.6829,23.6829,2330.0,23.8068,24.0,FIG,current_symbol,,,,,different_security_or_issuer_before_listing_quarantined
FIG,2023-02-16,23.64,23.6599,23.5534,23.5534,3460.0,23.6264,64.0,FIG,current_symbol,,,,,different_security_or_issuer_before_listing_quarantined
FIG,2023-02-17,23.525,23.57,23.49,23.5487,4349.0,23.5277,52.0,FIG,current_symbol,,,,,different_security_or_issuer_before_listing_quarantined
FIG,2023-02-21,23.5043,23.5043,23.25,23.3389,12800.0,23.3761,126.0,FIG,current_symbol,,,,,different_security_or_issuer_before_listing_quarantined
FIG,2023-02-22,23.25,23.4471,23.2201,23.3563,6281.0,23.3274,58.0,FIG,current_symbol,,,,,different_security_or_issuer_before_listing_quarantined
FIG,2023-02-23,23.45,23.45,23.385,23.385,666.0,23.4085,24.0,FIG,current_symbol,,,,,different_security_or_issuer_before_listing_quarantined
FIG,2023-02-24,23.36,23.38,23.25,23.3562,10970.0,23.2841,44.0,FIG,current_symbol,,,,,different_security_or_issuer_before_listing_quarantined
FIG,2023-02-27,23.48,23.56,23.4001,23.485,6332.0,23.4784,141.0,FIG,current_symbol,,,,,different_security_or_issuer_before_listing_quarantined
FIG,2023-02-28,23.52,23.52,23.37,23.4226,3652.0,23.4851,63.0,FIG,current_symbol,,,,,different_security_or_issuer_before_listing_quarantined
FIG,2023-03-01,23.76,23.76,23.2701,23.3129,10182.0,23.3839,103.0,FIG,current_symbol,,,,,different_security_or_issuer_before_listing_quarantined
FIG,2023-03-02,23.4,23.4,23.365,23.4,852.0,23.3701,21.0,FIG,current_symbol,,,,,different_security_or_issuer_before_listing_quarantined
FIG,2023-03-03,23.42,23.69,23.42,23.6468,5066.0,23.6324,30.0,FIG,current_symbol,,,,,different_security_or_issuer_before_listing_quarantined
FIG,2023-03-06,23.6283,23.71,23.5,23.6258,2825.0,23.6561,39.0,FIG,current_symbol,,,,,different_security_or_issuer_before_listing_quarantined
FIG,2023-03-07,23.7072,23.71,23.624,23.626,3229.0,23.6457,44.0,FIG,current_symbol,,,,,different_security_or_issuer_before_listing_quarantined
FIG,2023-03-08,23.6,23.61,23.39,23.45,13275.0,23.5465,69.0,FIG,current_symbol,,,,,different_security_or_issuer_before_listing_quarantined
FIG,2023-03-09,23.595,23.61,23.45,23.52,3128.0,23.5481,35.0,FIG,current_symbol,,,,,different_security_or_issuer_before_listing_quarantined
FIG,2023-03-10,23.4,23.5183,23.264,23.264,2394.0,23.4159,74.0,FIG,current_symbol,,,,,different_security_or_issuer_before_listing_quarantined
FIG,2023-03-13,23.4248,23.75,23.1723,23.614,3855.0,23.4532,38.0,FIG,current_symbol,,,,,different_security_or_issuer_before_listing_quarantined
FIG,2023-03-14,23.85,23.85,23.3,23.5,64986.0,23.492,78.0,FIG,current_symbol,,,,,different_security_or_issuer_before_listing_quarantined
FIG,2023-03-15,23.4,24.24,23.1,23.8992,4513.0,23.5565,61.0,FIG,current_symbol,,,,,different_security_or_issuer_before_listing_quarantined
FIG,2023-03-16,23.82,23.82,23.11,23.4718,4646.0,23.7064,40.0,FIG,current_symbol,,,,,different_security_or_issuer_before_listing_quarantined
FIG,2023-03-17,23.3965,23.85,23.3965,23.45,5386.0,23.6411,63.0,FIG,current_symbol,,,,,different_security_or_issuer_before_listing_quarantined
FIG,2023-03-20,23.71,23.94,23.63,23.6329,2948.0,23.6892,35.0,FIG,current_symbol,,,,,different_security_or_issuer_before_listing_quarantined
FIG,2023-03-21,23.63,23.65,23.4132,23.5273,91181.0,23.5687,35.0,FIG,current_symbol,,,,,different_security_or_issuer_before_listing_quarantined
FIG,2023-03-22,23.64,23.64,23.31,23.3661,7962.0,23.55,40.0,FIG,current_symbol,,,,,different_security_or_issuer_before_listing_quarantined
FIG,2023-03-23,23.58,23.61,23.45,23.4537,5010.0,23.4973,21.0,FIG,current_symbol,,,,,different_security_or_issuer_before_listing_quarantined
FIG,2023-03-24,23.4,23.4,23.2201,23.315,991.0,23.3383,10.0,FIG,current_symbol,,,,,different_security_or_issuer_before_listing_quarantined
FIG,2023-03-27,23.3,23.405,22.98,23.3326,2649.0,23.1656,50.0,FIG,current_symbol,,,,,different_security_or_issuer_before_listing_quarantined
FIG,2023-03-28,23.08,23.28,23.08,23.245,3313.0,23.2322,29.0,FIG,current_symbol,,,,,different_security_or_issuer_before_listing_quarantined
FIG,2023-03-29,23.09,23.5,23.04,23.2,3108.0,23.1911,52.0,FIG,current_symbol,,,,,different_security_or_issuer_before_listing_quarantined
FIG,2023-03-30,23.3,23.39,23.2396,23.2396,3811.0,23.3436,34.0,FIG,current_symbol,,,,,different_security_or_issuer_before_listing_quarantined
FIG,2023-03-31,23.5899,23.62,23.1501,23.4674,4280.0,23.3845,62.0,FIG,current_symbol,,,,,different_security_or_issuer_before_listing_quarantined
FIG,2023-04-03,23.5344,23.59,23.45,23.5227,7014.0,23.4752,74.0,FIG,current_symbol,,,,,different_security_or_issuer_before_listing_quarantined
FIG,2023-04-04,23.4,23.93,23.33,23.6735,8588.0,23.5885,107.0,FIG,current_symbol,,,,,different_security_or_issuer_before_listing_quarantined
FIG,2023-04-05,23.93,23.9999,23.628,23.6987,55506.0,23.8983,63.0,FIG,current_symbol,,,,,different_security_or_issuer_before_listing_quarantined
FIG,2023-04-06,23.675,23.9999,23.675,23.75,13367.0,23.9082,116.0,FIG,current_symbol,,,,,different_security_or_issuer_before_listing_quarantined
FIG,2023-04-10,23.6006,23.81,23.48,23.7196,9414.0,23.65,90.0,FIG,current_symbol,,,,,different_security_or_issuer_before_listing_quarantined
FIG,2023-04-11,23.42,23.75,23.41,23.75,920.0,23.5429,26.0,FIG,current_symbol,,,,,different_security_or_issuer_before_listing_quarantined
FIG,2023-04-12,23.6675,23.7524,23.54,23.6578,3217.0,23.6651,52.0,FIG,current_symbol,,,,,different_security_or_issuer_before_listing_quarantined
FIG,2023-04-13,23.85,23.85,23.6,23.7,232197.0,23.7494,24.0,FIG,current_symbol,,,,,different_security_or_issuer_before_listing_quarantined
FIG,2023-04-14,23.61,23.8,23.5001,23.65,7181.0,23.7001,68.0,FIG,current_symbol,,,,,different_security_or_issuer_before_listing_quarantined
FIG,2023-04-17,23.8,23.8,23.5,23.6502,3875.0,23.6354,59.0,FIG,current_symbol,,,,,different_security_or_issuer_before_listing_quarantined
FIG,2023-04-18,23.51,23.8,23.2301,23.73,9101.0,23.5885,70.0,FIG,current_symbol,,,,,different_security_or_issuer_before_listing_quarantined
FIG,2023-04-19,23.17,23.61,23.17,23.5299,24162.0,23.5972,35.0,FIG,current_symbol,,,,,different_security_or_issuer_before_listing_quarantined
FIG,2023-04-20,23.65,23.65,23.56,23.575,7935.0,23.6225,64.0,FIG,current_symbol,,,,,different_security_or_issuer_before_listing_quarantined
FIG,2023-04-21,23.61,23.76,23.59,23.6649,19162.0,23.6877,133.0,FIG,current_symbol,,,,,different_security_or_issuer_before_listing_quarantined
FIG,2023-04-24,23.8,23.8,23.66,23.73,6016.0,23.7082,44.0,FIG,current_symbol,,,,,different_security_or_issuer_before_listing_quarantined
FIG,2023-04-25,23.7581,23.77,23.6544,23.6544,6563.0,23.7421,57.0,FIG,current_symbol,,,,,different_security_or_issuer_before_listing_quarantined
FIG,2023-04-26,23.6106,23.75,23.5705,23.5975,15269.0,23.6824,140.0,FIG,current_symbol,,,,,different_security_or_issuer_before_listing_quarantined
FIG,2023-04-27,23.689,23.76,23.62,23.715,3296.0,23.6789,47.0,FIG,current_symbol,,,,,different_security_or_issuer_before_listing_quarantined
FIG,2023-04-28,23.6441,23.7599,23.6441,23.69,13036.0,23.6802,82.0,FIG,current_symbol,,,,,different_security_or_issuer_before_listing_quarantined
FIG,2023-05-01,23.69,23.84,23.56,23.7874,7998.0,23.7133,98.0,FIG,current_symbol,,,,,different_security_or_issuer_before_listing_quarantined
FIG,2023-05-02,23.84,23.87,23.7478,23.8205,3885.0,23.802,38.0,FIG,current_symbol,,,,,different_security_or_issuer_before_listing_quarantined
FIG,2023-05-03,23.94,23.96,23.76,23.8687,16063.0,23.8957,65.0,FIG,current_symbol,,,,,different_security_or_issuer_before_listing_quarantined
FIG,2023-05-04,23.68,23.95,23.68,23.9018,19860.0,23.9177,111.0,FIG,current_symbol,,,,,different_security_or_issuer_before_listing_quarantined
FIG,2023-05-05,24.0,24.0,23.87,23.9,17835.0,23.9155,86.0,FIG,current_symbol,,,,,different_security_or_issuer_before_listing_quarantined
FIG,2023-05-08,23.881,23.8899,23.83,23.84,9553.0,23.8615,78.0,FIG,current_symbol,,,,,different_security_or_issuer_before_listing_quarantined
FIG,2023-05-09,23.92,23.92,23.65,23.82,4631.0,23.8253,61.0,FIG,current_symbol,,,,,different_security_or_issuer_before_listing_quarantined
FIG,2023-05-10,23.96,24.02,23.8935,23.948,3408.0,23.956,34.0,FIG,current_symbol,,,,,different_security_or_issuer_before_listing_quarantined
FIG,2023-05-11,24.18,24.18,23.875,23.875,10665.0,23.9918,77.0,FIG,current_symbol,,,,,different_security_or_issuer_before_listing_quarantined
FIG,2023-05-12,23.96,23.9697,23.7501,23.8706,5507.0,23.8732,57.0,FIG,current_symbol,,,,,different_security_or_issuer_before_listing_quarantined
FIG,2023-05-15,23.9,23.9,23.7,23.7921,28339.0,23.8158,120.0,FIG,current_symbol,,,,,different_security_or_issuer_before_listing_quarantined
FIG,2023-05-16,23.85,23.85,23.7,23.7016,4980.0,23.7784,62.0,FIG,current_symbol,,,,,different_security_or_issuer_before_listing_quarantined
FIG,2023-05-17,23.96,24.67,23.68,23.7965,12231.0,23.8128,110.0,FIG,current_symbol,,,,,different_security_or_issuer_before_listing_quarantined
FIG,2023-05-18,23.8,23.91,23.75,23.8418,12209.0,23.8528,105.0,FIG,current_symbol,,,,,different_security_or_issuer_before_listing_quarantined
FIG,2023-05-19,23.7,23.9017,23.7,23.8882,6245.0,23.8617,37.0,FIG,current_symbol,,,,,different_security_or_issuer_before_listing_quarantined
FIG,2023-05-22,23.9,23.9299,23.75,23.81,10231.0,23.8718,70.0,FIG,current_symbol,,,,,different_security_or_issuer_before_listing_quarantined
FIG,2023-05-23,23.76,23.76,23.65,23.6666,16760.0,23.7,112.0,FIG,current_symbol,,,,,different_security_or_issuer_before_listing_quarantined
FIG,2023-05-24,23.63,23.65,23.56,23.57,23561.0,23.6101,83.0,FIG,current_symbol,,,,,different_security_or_issuer_before_listing_quarantined
FIG,2023-05-25,23.51,23.57,23.43,23.4612,9560.0,23.5285,109.0,FIG,current_symbol,,,,,different_security_or_issuer_before_listing_quarantined
FIG,2023-05-26,23.47,23.6099,23.4,23.525,8247.0,23.482,65.0,FIG,current_symbol,,,,,different_security_or_issuer_before_listing_quarantined
FIG,2023-05-30,23.64,23.64,23.4,23.5672,8173.0,23.5337,69.0,FIG,current_symbol,,,,,different_security_or_issuer_before_listing_quarantined
FIG,2023-05-31,23.7064,23.77,23.44,23.5747,9776.0,23.5464,84.0,FIG,current_symbol,,,,,different_security_or_issuer_before_listing_quarantined
FIG,2023-06-01,23.6,23.7148,23.6,23.7148,654.0,23.6569,35.0,FIG,current_symbol,,,,,different_security_or_issuer_before_listing_quarantined
FIG,2023-06-02,23.75,23.8132,23.74,23.765,3868.0,23.7815,39.0,FIG,current_symbol,,,,,different_security_or_issuer_before_listing_quarantined
FIG,2023-06-05,23.77,23.855,23.77,23.81,1757.0,23.8361,24.0,FIG,current_symbol,,,,,different_security_or_issuer_before_listing_quarantined
FIG,2023-06-06,23.81,23.81,23.57,23.73,19242.0,23.7146,66.0,FIG,current_symbol,,,,,different_security_or_issuer_before_listing_quarantined
FIG,2023-06-07,23.59,23.7721,23.59,23.6882,13113.0,23.7315,55.0,FIG,current_symbol,,,,,different_security_or_issuer_before_listing_quarantined
FIG,2023-06-08,23.76,23.82,23.58,23.7167,5216.0,23.7133,46.0,FIG,current_symbol,,,,,different_security_or_issuer_before_listing_quarantined
FIG,2023-06-09,23.57,23.79,23.57,23.7415,6357.0,23.7288,26.0,FIG,current_symbol,,,,,different_security_or_issuer_before_listing_quarantined
FIG,2023-06-12,23.68,23.75,23.61,23.7018,14261.0,23.6883,99.0,FIG,current_symbol,,,,,different_security_or_issuer_before_listing_quarantined
FIG,2023-06-13,23.595,23.69,23.55,23.5891,10834.0,23.6226,108.0,FIG,current_symbol,,,,,different_security_or_issuer_before_listing_quarantined
FIG,2023-06-14,23.6,23.63,23.445,23.53,31167.0,23.5747,85.0,FIG,current_symbol,,,,,different_security_or_issuer_before_listing_quarantined
FIG,2023-06-15,23.59,23.6,23.412,23.5566,86889.0,23.4445,67.0,FIG,current_symbol,,,,,different_security_or_issuer_before_listing_quarantined
FIG,2023-06-16,23.55,23.57,23.4559,23.48,20668.0,23.5336,110.0,FIG,current_symbol,,,,,different_security_or_issuer_before_listing_quarantined
FIG,2023-06-20,23.4,23.49,23.36,23.4581,18462.0,23.3936,89.0,FIG,current_symbol,,,,,different_security_or_issuer_before_listing_quarantined
FIG,2023-06-21,23.32,23.39,23.32,23.3464,3001.0,23.3421,52.0,FIG,current_symbol,,,,,different_security_or_issuer_before_listing_quarantined
FIG,2023-06-22,23.25,23.28,23.14,23.2407,7313.0,23.2088,68.0,FIG,current_symbol,,,,,different_security_or_issuer_before_listing_quarantined
FIG,2023-06-23,23.13,23.65,23.11,23.2642,24321.0,23.3354,101.0,FIG,current_symbol,,,,,different_security_or_issuer_before_listing_quarantined
FIG,2023-06-26,23.205,23.34,23.1801,23.2663,30524.0,23.2837,135.0,FIG,current_symbol,,,,,different_security_or_issuer_before_listing_quarantined
FIG,2023-06-27,23.1951,23.2,23.12,23.19,21781.0,23.1784,104.0,FIG,current_symbol,,,,,different_security_or_issuer_before_listing_quarantined
FIG,2023-06-28,23.33,23.33,23.2182,23.2182,2592.0,23.2531,50.0,FIG,current_symbol,,,,,different_security_or_issuer_before_listing_quarantined
FIG,2023-06-29,23.12,23.36,23.12,23.3565,5834.0,23.2198,63.0,FIG,current_symbol,,,,,different_security_or_issuer_before_listing_quarantined
FIG,2023-06-30,23.25,23.3501,23.18,23.3404,12146.0,23.2618,46.0,FIG,current_symbol,,,,,different_security_or_issuer_before_listing_quarantined
FIG,2023-07-03,23.57,23.57,23.36,23.3816,1540.0,23.3914,30.0,FIG,current_symbol,,,,,different_security_or_issuer_before_listing_quarantined
FIG,2023-07-05,23.46,23.46,23.1,23.2,12987.0,23.2066,125.0,FIG,current_symbol,,,,,different_security_or_issuer_before_listing_quarantined
FIG,2023-07-06,23.1,23.1386,23.02,23.1386,2053.0,23.0541,43.0,FIG,current_symbol,,,,,different_security_or_issuer_before_listing_quarantined
FIG,2023-07-07,23.0,23.088,22.99,23.0,11720.0,23.0255,105.0,FIG,current_symbol,,,,,different_security_or_issuer_before_listing_quarantined
FIG,2023-07-10,23.15,23.15,22.98,22.9999,3255.0,23.0144,57.0,FIG,current_symbol,,,,,different_security_or_issuer_before_listing_quarantined
FIG,2023-07-11,23.01,23.175,23.01,23.1438,8748.0,23.0764,58.0,FIG,current_symbol,,,,,different_security_or_issuer_before_listing_quarantined
FIG,2023-07-12,23.2636,23.3184,23.22,23.3184,45667.0,23.2695,58.0,FIG,current_symbol,,,,,different_security_or_issuer_before_listing_quarantined
FIG,2023-07-13,23.29,23.5,23.28,23.4291,4645.0,23.3879,39.0,FIG,current_symbol,,,,,different_security_or_issuer_before_listing_quarantined
FIG,2023-07-14,23.27,23.33,23.25,23.25,6515.0,23.2757,69.0,FIG,current_symbol,,,,,different_security_or_issuer_before_listing_quarantined
FIG,2023-07-17,23.2677,23.2677,23.0001,23.17,7188.0,23.1853,49.0,FIG,current_symbol,,,,,different_security_or_issuer_before_listing_quarantined
FIG,2023-07-18,23.16,23.28,23.1012,23.265,10271.0,23.2432,80.0,FIG,current_symbol,,,,,different_security_or_issuer_before_listing_quarantined
FIG,2023-07-19,23.4,23.46,23.23,23.415,2730.0,23.4079,38.0,FIG,current_symbol,,,,,different_security_or_issuer_before_listing_quarantined
FIG,2023-07-20,23.39,23.39,23.15,23.1607,13144.0,23.2858,61.0,FIG,current_symbol,,,,,different_security_or_issuer_before_listing_quarantined
FIG,2023-07-21,23.11,23.26,23.11,23.1818,7931.0,23.2158,82.0,FIG,current_symbol,,,,,different_security_or_issuer_before_listing_quarantined
FIG,2023-07-24,23.12,23.335,23.12,23.335,25031.0,23.2792,82.0,FIG,current_symbol,,,,,different_security_or_issuer_before_listing_quarantined
FIG,2023-07-25,23.25,23.33,23.2,23.2536,127111.0,23.25,23.0,FIG,current_symbol,,,,,different_security_or_issuer_before_listing_quarantined
FIG,2023-07-26,23.41,23.41,23.065,23.2985,18731.0,23.1812,79.0,FIG,current_symbol,,,,,different_security_or_issuer_before_listing_quarantined
FIG,2023-07-27,23.24,23.27,23.1525,23.1525,5316.0,23.2374,34.0,FIG,current_symbol,,,,,different_security_or_issuer_before_listing_quarantined
FIG,2023-07-28,23.207,23.395,23.18,23.3071,11927.0,23.2422,109.0,FIG,current_symbol,,,,,different_security_or_issuer_before_listing_quarantined
FIG,2023-07-31,23.21,23.3899,23.14,23.3465,7681.0,23.2764,36.0,FIG,current_symbol,,,,,different_security_or_issuer_before_listing_quarantined
FIG,2023-08-01,23.4,23.4,23.15,23.2082,16794.0,23.2605,56.0,FIG,current_symbol,,,,,different_security_or_issuer_before_listing_quarantined
FIG,2023-08-02,23.21,23.21,23.0,23.1,15745.0,23.1471,105.0,FIG,current_symbol,,,,,different_security_or_issuer_before_listing_quarantined
FIG,2023-08-03,23.0,23.09,22.95,23.07,71638.0,23.0369,44.0,FIG,current_symbol,,,,,different_security_or_issuer_before_listing_quarantined
FIG,2023-08-04,23.16,23.21,23.1301,23.19,13044.0,23.1711,38.0,FIG,current_symbol,,,,,different_security_or_issuer_before_listing_quarantined
FIG,2023-08-07,23.18,23.27,23.15,23.2385,4894.0,23.1877,33.0,FIG,current_symbol,,,,,different_security_or_issuer_before_listing_quarantined
FIG,2023-08-08,23.175,23.2487,23.15,23.2487,2871.0,23.1845,34.0,FIG,current_symbol,,,,,different_security_or_issuer_before_listing_quarantined
FIG,2023-08-09,23.355,23.355,23.18,23.2334,3903.0,23.21,49.0,FIG,current_symbol,,,,,different_security_or_issuer_before_listing_quarantined
FIG,2023-08-10,23.35,23.35,23.1406,23.1406,40945.0,23.1616,39.0,FIG,current_symbol,,,,,different_security_or_issuer_before_listing_quarantined
FIG,2023-08-11,23.15,23.16,23.0,23.005,4395.0,23.038,68.0,FIG,current_symbol,,,,,different_security_or_issuer_before_listing_quarantined
FIG,2023-08-14,22.994,23.16,22.97,23.06,11067.0,23.0216,87.0,FIG,current_symbol,,,,,different_security_or_issuer_before_listing_quarantined
FIG,2023-08-15,22.9861,22.9969,22.92,22.9561,4869.0,22.9516,57.0,FIG,current_symbol,,,,,different_security_or_issuer_before_listing_quarantined
FIG,2023-08-16,22.96,22.9755,22.84,22.9,3783.0,22.9437,86.0,FIG,current_symbol,,,,,different_security_or_issuer_before_listing_quarantined
FIG,2023-08-17,22.8685,22.9,22.82,22.8488,4025.0,22.8763,86.0,FIG,current_symbol,,,,,different_security_or_issuer_before_listing_quarantined
FIG,2023-08-18,22.72,22.89,22.72,22.7835,8690.0,22.8435,76.0,FIG,current_symbol,,,,,different_security_or_issuer_before_listing_quarantined
FIG,2023-08-21,22.84,22.84,22.6901,22.725,5144.0,22.7767,52.0,FIG,current_symbol,,,,,different_security_or_issuer_before_listing_quarantined
FIG,2023-08-22,22.68,22.8189,22.67,22.68,6452.0,22.7282,70.0,FIG,current_symbol,,,,,different_security_or_issuer_before_listing_quarantined
FIG,2023-08-23,22.7,22.8,22.7,22.7625,2470.0,22.7512,46.0,FIG,current_symbol,,,,,different_security_or_issuer_before_listing_quarantined
FIG,2023-08-24,22.7694,22.8,22.7,22.7,2936.0,22.7547,38.0,FIG,current_symbol,,,,,different_security_or_issuer_before_listing_quarantined
FIG,2023-08-25,22.71,22.74,22.69,22.709,2946.0,22.6882,58.0,FIG,current_symbol,,,,,different_security_or_issuer_before_listing_quarantined
FIG,2023-08-28,22.665,22.7093,22.65,22.7093,731.0,22.6682,29.0,FIG,current_symbol,,,,,different_security_or_issuer_before_listing_quarantined
FIG,2023-08-29,22.785,22.93,22.73,22.8941,9992.0,22.8181,71.0,FIG,current_symbol,,,,,different_security_or_issuer_before_listing_quarantined
FIG,2023-08-30,22.87,22.98,22.82,22.87,26327.0,22.8642,121.0,FIG,current_symbol,,,,,different_security_or_issuer_before_listing_quarantined
FIG,2023-08-31,22.87,23.0,22.73,22.73,11020.0,22.8547,77.0,FIG,current_symbol,,,,,different_security_or_issuer_before_listing_quarantined
FIG,2023-09-01,23.02,23.02,22.84,22.8784,3326.0,22.8816,76.0,FIG,current_symbol,,,,,different_security_or_issuer_before_listing_quarantined
FIG,2023-09-05,22.75,22.96,22.75,22.819,7830.0,22.7894,63.0,FIG,current_symbol,,,,,different_security_or_issuer_before_listing_quarantined
FIG,2023-09-06,22.81,22.81,22.49,22.49,18284.0,22.6476,76.0,FIG,current_symbol,,,,,different_security_or_issuer_before_listing_quarantined
FIG,2023-09-07,22.77,22.77,22.64,22.7535,2120.0,22.6671,47.0,FIG,current_symbol,,,,,different_security_or_issuer_before_listing_quarantined
FIG,2023-09-08,22.7501,22.86,22.7,22.7671,14078.0,22.7841,50.0,FIG,current_symbol,,,,,different_security_or_issuer_before_listing_quarantined
FIG,2023-09-11,22.8251,22.8251,22.72,22.8206,2946.0,22.7739,32.0,FIG,current_symbol,,,,,different_security_or_issuer_before_listing_quarantined
FIG,2023-09-12,22.76,22.792,22.76,22.792,2637.0,22.7674,27.0,FIG,current_symbol,,,,,different_security_or_issuer_before_listing_quarantined
FIG,2023-09-13,22.8163,22.848,22.76,22.8347,2527.0,22.7834,32.0,FIG,current_symbol,,,,,different_security_or_issuer_before_listing_quarantined
FIG,2023-09-14,22.89,22.9,22.83,22.8539,7228.0,22.8653,41.0,FIG,current_symbol,,,,,different_security_or_issuer_before_listing_quarantined
FIG,2023-09-15,22.805,22.85,22.74,22.7986,2311.0,22.7768,36.0,FIG,current_symbol,,,,,different_security_or_issuer_before_listing_quarantined
FIG,2023-09-18,22.95,22.95,22.74,22.76,32303.0,22.7967,71.0,FIG,current_symbol,,,,,different_security_or_issuer_before_listing_quarantined
FIG,2023-09-19,22.8,22.89,22.7701,22.8311,6350.0,22.8082,26.0,FIG,current_symbol,,,,,different_security_or_issuer_before_listing_quarantined
FIG,2023-09-20,22.8,22.87,22.73,22.7773,7735.0,22.7903,68.0,FIG,current_symbol,,,,,different_security_or_issuer_before_listing_quarantined
FIG,2023-09-21,22.7,22.75,22.431,22.675,20733.0,22.6084,92.0,FIG,current_symbol,,,,,different_security_or_issuer_before_listing_quarantined
FIG,2023-09-22,22.61,22.61,22.45,22.57,148696.0,22.6047,47.0,FIG,current_symbol,,,,,different_security_or_issuer_before_listing_quarantined
FIG,2023-09-25,22.65,22.66,22.5,22.619,36257.0,22.5602,159.0,FIG,current_symbol,,,,,different_security_or_issuer_before_listing_quarantined
FIG,2023-09-26,22.7,22.7,22.42,22.5355,68817.0,22.4756,76.0,FIG,current_symbol,,,,,different_security_or_issuer_before_listing_quarantined
FIG,2023-09-27,22.44,22.47,22.27,22.39,55763.0,22.3211,184.0,FIG,current_symbol,,,,,different_security_or_issuer_before_listing_quarantined
FIG,2023-09-28,22.27,22.48,22.25,22.405,203808.0,22.3421,116.0,FIG,current_symbol,,,,,different_security_or_issuer_before_listing_quarantined
FIG,2023-09-29,22.35,22.68,22.3401,22.5038,42038.0,22.433,146.0,FIG,current_symbol,,,,,different_security_or_issuer_before_listing_quarantined
FIG,2023-10-02,22.5,22.5,22.28,22.3718,9014.0,22.3588,101.0,FIG,current_symbol,,,,,different_security_or_issuer_before_listing_quarantined
FIG,2023-10-03,22.25,22.38,22.15,22.2083,6588.0,22.2194,74.0,FIG,current_symbol,,,,,different_security_or_issuer_before_listing_quarantined
FIG,2023-10-04,22.37,22.37,22.19,22.2583,17738.0,22.2388,98.0,FIG,current_symbol,,,,,different_security_or_issuer_before_listing_quarantined
FIG,2023-10-05,22.31,22.34,22.2912,22.2912,1809.0,22.3161,28.0,FIG,current_symbol,,,,,different_security_or_issuer_before_listing_quarantined
FIG,2023-10-06,22.36,22.36,22.1256,22.19,2169.0,22.1946,35.0,FIG,current_symbol,,,,,different_security_or_issuer_before_listing_quarantined
FIG,2023-10-09,22.39,22.39,22.2501,22.3248,1485.0,22.3252,23.0,FIG,current_symbol,,,,,different_security_or_issuer_before_listing_quarantined
FIG,2023-10-10,22.27,22.3099,22.25,22.2659,3965.0,22.2818,53.0,FIG,current_symbol,,,,,different_security_or_issuer_before_listing_quarantined
FIG,2023-10-11,22.31,22.3315,22.3,22.3315,1785.0,22.3163,22.0,FIG,current_symbol,,,,,different_security_or_issuer_before_listing_quarantined
FIG,2023-10-12,22.3001,22.3316,22.3,22.3291,1605.0,22.3116,20.0,FIG,current_symbol,,,,,different_security_or_issuer_before_listing_quarantined
FIG,2023-10-13,22.2901,22.3323,22.2901,22.3323,412.0,22.3206,16.0,FIG,current_symbol,,,,,different_security_or_issuer_before_listing_quarantined
FIG,2023-10-16,22.33,22.36,22.24,22.2829,992.0,22.3235,22.0,FIG,current_symbol,,,,,different_security_or_issuer_before_listing_quarantined
FIG,2023-10-17,22.15,22.19,22.09,22.14,3792.0,22.1323,39.0,FIG,current_symbol,,,,,different_security_or_issuer_before_listing_quarantined
FIG,2023-10-18,22.07,22.14,22.07,22.108,21314.0,22.0798,48.0,FIG,current_symbol,,,,,different_security_or_issuer_before_listing_quarantined
FIG,2023-10-19,22.1,22.24,22.1,22.2261,3639.0,22.1321,41.0,FIG,current_symbol,,,,,different_security_or_issuer_before_listing_quarantined
FIG,2023-10-20,22.31,22.58,22.261,22.58,7321.0,22.3588,43.0,FIG,current_symbol,,,,,different_security_or_issuer_before_listing_quarantined
FIG,2023-10-23,22.59,22.59,22.28,22.4162,3082.0,22.3979,24.0,FIG,current_symbol,,,,,different_security_or_issuer_before_listing_quarantined
FIG,2023-10-24,22.3328,22.395,22.3328,22.395,273.0,22.3517,5.0,FIG,current_symbol,,,,,different_security_or_issuer_before_listing_quarantined
FIG,2023-10-25,22.4035,22.44,22.36,22.4276,3171.0,22.385,22.0,FIG,current_symbol,,,,,different_security_or_issuer_before_listing_quarantined
FIG,2023-10-26,22.45,22.51,22.33,22.3687,2541.0,22.4164,34.0,FIG,current_symbol,,,,,different_security_or_issuer_before_listing_quarantined
FIG,2023-10-27,22.5229,22.6112,22.5229,22.6112,934.0,22.5594,26.0,FIG,current_symbol,,,,,different_security_or_issuer_before_listing_quarantined
FIG,2023-10-30,22.5758,22.62,22.4601,22.54,4724.0,22.559,60.0,FIG,current_symbol,,,,,different_security_or_issuer_before_listing_quarantined
FIG,2023-10-31,22.46,22.4932,22.3203,22.425,5888.0,22.3807,49.0,FIG,current_symbol,,,,,different_security_or_issuer_before_listing_quarantined
FIG,2023-11-01,22.5,22.7,22.5,22.66,5708.0,22.5872,86.0,FIG,current_symbol,,,,,different_security_or_issuer_before_listing_quarantined
FIG,2023-11-02,22.6,22.68,22.47,22.4808,10708.0,22.6046,39.0,FIG,current_symbol,,,,,different_security_or_issuer_before_listing_quarantined
FIG,2023-11-03,22.5541,22.67,22.55,22.6672,19605.0,22.5974,32.0,FIG,current_symbol,,,,,different_security_or_issuer_before_listing_quarantined
FIG,2023-11-06,22.68,22.6901,22.5372,22.5372,5876.0,22.5774,42.0,FIG,current_symbol,,,,,different_security_or_issuer_before_listing_quarantined
FIG,2023-11-07,22.54,22.66,22.5,22.52,9242.0,22.5582,78.0,FIG,current_symbol,,,,,different_security_or_issuer_before_listing_quarantined
FIG,2023-11-08,22.6483,22.69,22.62,22.67,5115.0,22.6549,45.0,FIG,current_symbol,,,,,different_security_or_issuer_before_listing_quarantined
FIG,2023-11-09,22.65,22.73,22.62,22.6751,5063.0,22.6618,37.0,FIG,current_symbol,,,,,different_security_or_issuer_before_listing_quarantined
FIG,2023-11-10,22.53,22.7599,22.42,22.5746,11272.0,22.6539,58.0,FIG,current_symbol,,,,,different_security_or_issuer_before_listing_quarantined
FIG,2023-11-13,22.54,22.5945,22.52,22.5945,8346.0,22.5497,44.0,FIG,current_symbol,,,,,different_security_or_issuer_before_listing_quarantined
FIG,2023-11-14,22.5057,22.5057,22.44,22.4735,2778.0,22.4613,36.0,FIG,current_symbol,,,,,different_security_or_issuer_before_listing_quarantined
FIG,2023-11-15,22.53,22.55,22.41,22.41,2914.0,22.4762,32.0,FIG,current_symbol,,,,,different_security_or_issuer_before_listing_quarantined
FIG,2023-11-16,22.24,22.6,22.24,22.53,7808.0,22.4773,51.0,FIG,current_symbol,,,,,different_security_or_issuer_before_listing_quarantined
FIG,2023-11-17,22.56,22.57,22.511,22.511,1011.0,22.5548,20.0,FIG,current_symbol,,,,,different_security_or_issuer_before_listing_quarantined
FIG,2023-11-20,22.4,22.53,22.4,22.525,1999.0,22.4963,44.0,FIG,current_symbol,,,,,different_security_or_issuer_before_listing_quarantined
FIG,2023-11-21,22.6,22.61,22.49,22.5901,4731.0,22.5865,41.0,FIG,current_symbol,,,,,different_security_or_issuer_before_listing_quarantined
FIG,2023-11-22,22.81,22.81,22.58,22.58,661.0,22.7403,13.0,FIG,current_symbol,,,,,different_security_or_issuer_before_listing_quarantined
FIG,2023-11-24,22.55,22.5561,22.55,22.5561,260.0,22.5667,5.0,FIG,current_symbol,,,,,different_security_or_issuer_before_listing_quarantined
FIG,2023-11-27,22.5027,22.5139,22.5027,22.5139,188.0,22.4878,8.0,FIG,current_symbol,,,,,different_security_or_issuer_before_listing_quarantined
FIG,2023-11-28,22.59,22.5907,22.58,22.5907,823.0,22.572,19.0,FIG,current_symbol,,,,,different_security_or_issuer_before_listing_quarantined
FIG,2023-11-29,22.71,22.82,22.59,22.5901,3039.0,22.626,56.0,FIG,current_symbol,,,,,different_security_or_issuer_before_listing_quarantined
FIG,2023-11-30,22.65,22.6942,22.6,22.6344,7964.0,22.648,42.0,FIG,current_symbol,,,,,different_security_or_issuer_before_listing_quarantined
FIG,2023-12-01,22.63,22.8,22.63,22.7518,30227.0,22.7325,110.0,FIG,current_symbol,,,,,different_security_or_issuer_before_listing_quarantined
FIG,2023-12-04,22.65,22.78,22.65,22.7508,4433.0,22.6949,29.0,FIG,current_symbol,,,,,different_security_or_issuer_before_listing_quarantined
FIG,2023-12-05,22.73,22.772,22.6801,22.7444,2965.0,22.7276,41.0,FIG,current_symbol,,,,,different_security_or_issuer_before_listing_quarantined
FIG,2023-12-06,22.8,22.85,22.78,22.8412,4036.0,22.8124,31.0,FIG,current_symbol,,,,,different_security_or_issuer_before_listing_quarantined
FIG,2023-12-07,22.94,23.0,22.72,22.72,4058.0,22.8462,33.0,FIG,current_symbol,,,,,different_security_or_issuer_before_listing_quarantined
FIG,2023-12-08,22.76,22.855,22.75,22.7889,11528.0,22.7794,111.0,FIG,current_symbol,,,,,different_security_or_issuer_before_listing_quarantined
FIG,2023-12-11,22.7503,22.89,22.74,22.8026,1234.0,22.8001,18.0,FIG,current_symbol,,,,,different_security_or_issuer_before_listing_quarantined
FIG,2023-12-12,22.85,22.93,22.78,22.8529,18969.0,22.8837,88.0,FIG,current_symbol,,,,,different_security_or_issuer_before_listing_quarantined
FIG,2023-12-13,22.86,23.04,22.86,23.0203,37269.0,22.9602,26.0,FIG,current_symbol,,,,,different_security_or_issuer_before_listing_quarantined
FIG,2023-12-14,23.18,23.22,23.1,23.123,9490.0,23.1215,43.0,FIG,current_symbol,,,,,different_security_or_issuer_before_listing_quarantined
FIG,2023-12-15,23.0,23.25,22.9001,23.1641,8718.0,23.0634,85.0,FIG,current_symbol,,,,,different_security_or_issuer_before_listing_quarantined
FIG,2023-12-18,22.92,23.15,22.92,23.104,8168.0,23.0145,64.0,FIG,current_symbol,,,,,different_security_or_issuer_before_listing_quarantined
FIG,2023-12-19,23.185,23.2205,23.02,23.02,2588.0,23.1314,30.0,FIG,current_symbol,,,,,different_security_or_issuer_before_listing_quarantined
FIG,2023-12-20,23.102,23.2192,23.1015,23.2192,5364.0,23.1339,56.0,FIG,current_symbol,,,,,different_security_or_issuer_before_listing_quarantined
FIG,2023-12-21,23.15,23.1832,23.14,23.1601,8266.0,23.1461,36.0,FIG,current_symbol,,,,,different_security_or_issuer_before_listing_quarantined
FIG,2023-12-22,23.31,23.33,23.11,23.1531,11098.0,23.2173,72.0,FIG,current_symbol,,,,,different_security_or_issuer_before_listing_quarantined
FIG,2023-12-26,23.19,23.19,22.82,22.87,1792.0,22.9624,40.0,FIG,current_symbol,,,,,different_security_or_issuer_before_listing_quarantined
FIG,2023-12-27,23.16,23.16,22.65,22.98,9776.0,22.9317,84.0,FIG,current_symbol,,,,,different_security_or_issuer_before_listing_quarantined
FIG,2023-12-28,22.96,22.98,22.9,22.9737,9148.0,22.943,67.0,FIG,current_symbol,,,,,different_security_or_issuer_before_listing_quarantined
FIG,2023-12-29,22.94,22.99,22.84,22.9275,4387.0,22.9057,51.0,FIG,current_symbol,,,,,different_security_or_issuer_before_listing_quarantined
FIG,2024-01-02,22.82,22.82,22.7399,22.8036,17599.0,22.7963,77.0,FIG,current_symbol,,,,,different_security_or_issuer_before_listing_quarantined
FIG,2024-01-03,22.78,22.9361,22.78,22.9361,8489.0,22.8416,52.0,FIG,current_symbol,,,,,different_security_or_issuer_before_listing_quarantined
FIG,2024-01-04,22.98,22.98,22.8,22.85,4311.0,22.8898,45.0,FIG,current_symbol,,,,,different_security_or_issuer_before_listing_quarantined
FIG,2024-01-05,22.77,22.8908,22.73,22.7996,6882.0,22.8106,84.0,FIG,current_symbol,,,,,different_security_or_issuer_before_listing_quarantined
FIG,2024-01-08,22.84,22.865,22.8,22.825,996.0,22.8305,24.0,FIG,current_symbol,,,,,different_security_or_issuer_before_listing_quarantined
FIG,2024-01-09,22.82,22.9109,22.8,22.8741,11102.0,22.812,26.0,FIG,current_symbol,,,,,different_security_or_issuer_before_listing_quarantined
FIG,2024-01-10,22.855,22.855,22.8,22.8015,7042.0,22.8135,66.0,FIG,current_symbol,,,,,different_security_or_issuer_before_listing_quarantined
FIG,2024-01-11,23.0,23.0,22.84,22.8812,6665.0,22.8678,55.0,FIG,current_symbol,,,,,different_security_or_issuer_before_listing_quarantined
FIG,2024-01-12,22.9548,22.9857,22.89,22.89,18466.0,22.9311,105.0,FIG,current_symbol,,,,,different_security_or_issuer_before_listing_quarantined
FIG,2024-01-16,23.02,23.09,22.89,22.915,2152.0,22.943,62.0,FIG,current_symbol,,,,,different_security_or_issuer_before_listing_quarantined
FIG,2024-01-17,22.9,23.0,22.9,22.9473,2972.0,22.9294,48.0,FIG,current_symbol,,,,,different_security_or_issuer_before_listing_quarantined
FIG,2024-01-18,22.89,22.89,22.69,22.755,17610.0,22.7731,102.0,FIG,current_symbol,,,,,different_security_or_issuer_before_listing_quarantined
FIG,2024-01-19,22.86,22.9394,22.85,22.9235,11028.0,22.8783,74.0,FIG,current_symbol,,,,,different_security_or_issuer_before_listing_quarantined
FIG,2024-01-22,22.81,22.905,22.81,22.83,21190.0,22.8673,130.0,FIG,current_symbol,,,,,different_security_or_issuer_before_listing_quarantined
FIG,2024-01-23,22.8,22.8,22.74,22.75,11335.0,22.7507,60.0,FIG,current_symbol,,,,,different_security_or_issuer_before_listing_quarantined
FIG,2024-01-24,22.75,22.82,22.69,22.7128,16648.0,22.7381,125.0,FIG,current_symbol,,,,,different_security_or_issuer_before_listing_quarantined
FIG,2024-01-25,22.825,22.825,22.5601,22.7915,4620.0,22.7163,45.0,FIG,current_symbol,,,,,different_security_or_issuer_before_listing_quarantined
FIG,2024-01-26,22.7808,22.7809,22.74,22.7429,5041.0,22.7514,62.0,FIG,current_symbol,,,,,different_security_or_issuer_before_listing_quarantined
FIG,2024-01-29,22.8,22.905,22.7919,22.9,1682.0,22.8525,38.0,FIG,current_symbol,,,,,different_security_or_issuer_before_listing_quarantined
FIG,2024-01-30,22.9,22.9899,22.8785,22.8785,1492.0,22.9009,29.0,FIG,current_symbol,,,,,different_security_or_issuer_before_listing_quarantined
FIG,2024-01-31,22.88,22.92,22.88,22.89,1559.0,22.8932,25.0,FIG,current_symbol,,,,,different_security_or_issuer_before_listing_quarantined
FIG,2024-02-01,22.9933,23.06,22.93,22.9464,2062.0,23.0037,35.0,FIG,current_symbol,,,,,different_security_or_issuer_before_listing_quarantined
FIG,2024-02-02,22.77,22.96,22.77,22.9317,4378.0,22.892,63.0,FIG,current_symbol,,,,,different_security_or_issuer_before_listing_quarantined
FIG,2024-02-05,22.94,22.9478,22.94,22.9478,1720.0,22.9384,30.0,FIG,current_symbol,,,,,different_security_or_issuer_before_listing_quarantined
FIG,2024-02-06,22.9848,23.0,22.8605,22.9762,1785.0,22.9506,22.0,FIG,current_symbol,,,,,different_security_or_issuer_before_listing_quarantined
FIG,2024-02-07,22.9701,23.0499,22.92,22.9501,9763.0,22.9761,56.0,FIG,current_symbol,,,,,different_security_or_issuer_before_listing_quarantined
FIG,2024-02-08,22.87,22.93,22.85,22.926,4664.0,22.8727,40.0,FIG,current_symbol,,,,,different_security_or_issuer_before_listing_quarantined
FIG,2024-02-09,22.84,22.9881,22.84,22.8572,16950.0,22.9285,54.0,FIG,current_symbol,,,,,different_security_or_issuer_before_listing_quarantined
FIG,2024-02-12,22.8,22.8436,22.78,22.8159,14792.0,22.8024,124.0,FIG,current_symbol,,,,,different_security_or_issuer_before_listing_quarantined
FIG,2024-02-13,22.5735,22.8757,22.5735,22.8757,6151.0,22.6483,24.0,FIG,current_symbol,,,,,different_security_or_issuer_before_listing_quarantined
FIG,2024-02-14,23.3,23.3,22.85,22.8571,2259.0,22.9637,36.0,FIG,current_symbol,,,,,different_security_or_issuer_before_listing_quarantined
FIG,2024-02-15,22.935,23.03,22.88,22.9618,6087.0,22.9436,63.0,FIG,current_symbol,,,,,different_security_or_issuer_before_listing_quarantined
FIG,2024-02-16,22.93,23.03,22.86,22.9609,2062.0,22.9452,27.0,FIG,current_symbol,,,,,different_security_or_issuer_before_listing_quarantined
FIG,2024-02-20,22.9,23.0072,22.88,22.9543,5953.0,22.9215,46.0,FIG,current_symbol,,,,,different_security_or_issuer_before_listing_quarantined
FIG,2024-02-21,22.9001,22.9551,22.9001,22.9551,478.0,22.9472,18.0,FIG,current_symbol,,,,,different_security_or_issuer_before_listing_quarantined
FIG,2024-02-22,22.85,22.85,22.6101,22.7,10928.0,22.75,67.0,FIG,current_symbol,,,,,different_security_or_issuer_before_listing_quarantined
FIG,2024-02-23,22.65,22.77,22.65,22.7663,3978.0,22.6991,30.0,FIG,current_symbol,,,,,different_security_or_issuer_before_listing_quarantined
FIG,2024-02-26,22.7,22.7,22.56,22.6803,2763.0,22.686,38.0,FIG,current_symbol,,,,,different_security_or_issuer_before_listing_quarantined
FIG,2024-02-27,23.09,23.09,22.5301,22.6782,4084.0,22.7388,29.0,FIG,current_symbol,,,,,different_security_or_issuer_before_listing_quarantined
FIG,2024-02-28,22.53,22.8,22.53,22.6393,25918.0,22.6106,111.0,FIG,current_symbol,,,,,different_security_or_issuer_before_listing_quarantined
FIG,2024-02-29,22.58,22.78,22.58,22.6371,2311.0,22.6617,28.0,FIG,current_symbol,,,,,different_security_or_issuer_before_listing_quarantined
FIG,2024-03-01,22.93,22.93,22.65,22.7159,11674.0,22.6867,66.0,FIG,current_symbol,,,,,different_security_or_issuer_before_listing_quarantined
FIG,2024-03-04,22.66,22.83,22.66,22.7063,2536.0,22.7198,31.0,FIG,current_symbol,,,,,different_security_or_issuer_before_listing_quarantined
FIG,2024-03-05,22.75,22.85,22.75,22.7904,1470.0,22.8017,27.0,FIG,current_symbol,,,,,different_security_or_issuer_before_listing_quarantined
FIG,2024-03-06,22.79,22.92,22.78,22.92,3963.0,22.8199,50.0,FIG,current_symbol,,,,,different_security_or_issuer_before_listing_quarantined
FIG,2024-03-07,23.19,23.19,22.81,22.94,5620.0,22.9639,58.0,FIG,current_symbol,,,,,different_security_or_issuer_before_listing_quarantined
FIG,2024-03-08,22.94,22.99,22.6601,22.8585,8441.0,22.8903,48.0,FIG,current_symbol,,,,,different_security_or_issuer_before_listing_quarantined
FIG,2024-03-11,22.84,23.0185,22.84,22.8504,3543.0,22.9589,46.0,FIG,current_symbol,,,,,different_security_or_issuer_before_listing_quarantined
FIG,2024-03-12,23.09,23.09,22.89,22.92,4900.0,22.9777,44.0,FIG,current_symbol,,,,,different_security_or_issuer_before_listing_quarantined
FIG,2024-03-13,23.0,23.01,22.95,22.98,4383.0,22.9828,46.0,FIG,current_symbol,,,,,different_security_or_issuer_before_listing_quarantined
FIG,2024-03-14,22.75,22.83,22.75,22.8261,546.0,22.8178,13.0,FIG,current_symbol,,,,,different_security_or_issuer_before_listing_quarantined
FIG,2024-03-15,22.76,22.76,22.73,22.73,542.0,22.7664,20.0,FIG,current_symbol,,,,,different_security_or_issuer_before_listing_quarantined
FIG,2024-03-18,22.82,22.89,22.801,22.801,608.0,22.8336,22.0,FIG,current_symbol,,,,,different_security_or_issuer_before_listing_quarantined
FIG,2024-03-19,22.87,22.8774,22.87,22.8774,367.0,22.8713,12.0,FIG,current_symbol,,,,,different_security_or_issuer_before_listing_quarantined
FIG,2024-03-20,22.8801,22.9758,22.8801,22.9758,503.0,22.9071,19.0,FIG,current_symbol,,,,,different_security_or_issuer_before_listing_quarantined
FIG,2024-03-21,23.0,23.075,23.0,23.0349,2502.0,23.0058,15.0,FIG,current_symbol,,,,,different_security_or_issuer_before_listing_quarantined
FIG,2024-03-22,22.93,23.0593,22.8501,23.0593,1832.0,22.938,31.0,FIG,current_symbol,,,,,different_security_or_issuer_before_listing_quarantined
FIG,2024-03-25,22.83,22.97,22.83,22.9451,1173.0,22.8932,25.0,FIG,current_symbol,,,,,different_security_or_issuer_before_listing_quarantined
FIG,2024-03-26,22.82,22.82,22.77,22.77,1091.0,22.8069,22.0,FIG,current_symbol,,,,,different_security_or_issuer_before_listing_quarantined
FIG,2024-03-27,22.9,22.9999,22.9,22.955,1686.0,22.9633,66.0,FIG,current_symbol,,,,,different_security_or_issuer_before_listing_quarantined
FIG,2024-03-28,22.85,22.8789,22.8,22.8,9458.0,22.8588,45.0,FIG,current_symbol,,,,,different_security_or_issuer_before_listing_quarantined
FIG,2024-04-01,22.74,22.8699,22.72,22.792,8098.0,22.7465,62.0,FIG,current_symbol,,,,,different_security_or_issuer_before_listing_quarantined
FIG,2024-04-02,22.6753,22.8095,22.65,22.8095,552.0,22.6827,27.0,FIG,current_symbol,,,,,different_security_or_issuer_before_listing_quarantined
FIG,2024-04-03,22.76,22.775,22.72,22.7284,3418.0,22.7508,30.0,FIG,current_symbol,,,,,different_security_or_issuer_before_listing_quarantined
FIG,2024-04-04,22.79,22.9,22.67,22.674,2122.0,22.7691,41.0,FIG,current_symbol,,,,,different_security_or_issuer_before_listing_quarantined
FIG,2024-04-05,22.79,22.79,22.74,22.7458,5558.0,22.775,49.0,FIG,current_symbol,,,,,different_security_or_issuer_before_listing_quarantined
FIG,2024-04-08,22.781,23.01,22.78,22.8818,8746.0,22.8739,31.0,FIG,current_symbol,,,,,different_security_or_issuer_before_listing_quarantined
FIG,2024-04-09,22.82,22.82,22.7392,22.7392,1261.0,22.7693,16.0,FIG,current_symbol,,,,,different_security_or_issuer_before_listing_quarantined
FIG,2024-04-10,22.7,22.75,22.685,22.685,777.0,22.7089,14.0,FIG,current_symbol,,,,,different_security_or_issuer_before_listing_quarantined
FIG,2024-04-11,22.6805,22.6805,22.57,22.6184,3536.0,22.6359,34.0,FIG,current_symbol,,,,,different_security_or_issuer_before_listing_quarantined
FIG,2024-04-12,22.65,22.89,22.65,22.89,1440.0,22.7719,22.0,FIG,current_symbol,,,,,different_security_or_issuer_before_listing_quarantined
FIG,2024-04-15,22.9,23.17,22.89,22.985,4831.0,22.9344,61.0,FIG,current_symbol,,,,,different_security_or_issuer_before_listing_quarantined
FIG,2024-04-16,22.94,23.03,22.74,23.03,4357.0,22.9468,29.0,FIG,current_symbol,,,,,different_security_or_issuer_before_listing_quarantined
FIG,2024-04-17,22.82,23.015,22.82,23.015,592.0,22.9181,19.0,FIG,current_symbol,,,,,different_security_or_issuer_before_listing_quarantined
FIG,2024-04-18,22.87,22.9588,22.78,22.9588,4040.0,22.8356,25.0,FIG,current_symbol,,,,,different_security_or_issuer_before_listing_quarantined
FIG,2024-04-19,22.96,23.0577,22.94,23.0577,925.0,22.9632,10.0,FIG,current_symbol,,,,,different_security_or_issuer_before_listing_quarantined
FIG,2024-04-22,23.2499,23.2499,23.07,23.135,690.0,23.1051,11.0,FIG,current_symbol,,,,,different_security_or_issuer_before_listing_quarantined
FIG,2024-04-23,23.1,23.1,23.0205,23.0205,807.0,23.089,10.0,FIG,current_symbol,,,,,different_security_or_issuer_before_listing_quarantined
FIG,2024-04-24,22.94,23.0349,22.94,23.0349,2668.0,22.9398,11.0,FIG,current_symbol,,,,,different_security_or_issuer_before_listing_quarantined
FIG,2024-04-25,22.94,22.9801,22.755,22.896,3840.0,22.8281,27.0,FIG,current_symbol,,,,,different_security_or_issuer_before_listing_quarantined
FIG,2024-04-26,22.74,22.74,22.33,22.33,1875.0,22.6177,44.0,FIG,current_symbol,,,,,different_security_or_issuer_before_listing_quarantined
FIG,2024-04-29,22.3098,22.56,22.05,22.3674,50867.0,22.2653,337.0,FIG,current_symbol,,,,,different_security_or_issuer_before_listing_quarantined
FIG,2024-04-30,22.339,22.6,22.28,22.2934,14121.0,22.3452,99.0,FIG,current_symbol,,,,,different_security_or_issuer_before_listing_quarantined
FIG,2024-05-01,22.1,22.21,21.99,22.1939,5112.0,22.0673,58.0,FIG,current_symbol,,,,,different_security_or_issuer_before_listing_quarantined
FIG,2024-05-02,21.96,21.98,20.07,20.3961,128093.0,20.7291,513.0,FIG,current_symbol,,,,,different_security_or_issuer_before_listing_quarantined
FIG,2024-05-03,20.55,20.6,20.35,20.4042,13233.0,20.4369,79.0,FIG,current_symbol,,,,,different_security_or_issuer_before_listing_quarantined
FIG,2024-05-06,20.48,20.62,20.35,20.4084,11848.0,20.5267,128.0,FIG,current_symbol,,,,,different_security_or_issuer_before_listing_quarantined
FIG,2024-05-07,20.4,21.0,20.4,20.73,31076.0,20.7562,204.0,FIG,current_symbol,,,,,different_security_or_issuer_before_listing_quarantined
FIG,2024-05-08,20.97,20.97,20.68,20.68,8076.0,20.9199,69.0,FIG,current_symbol,,,,,different_security_or_issuer_before_listing_quarantined
FIG,2024-05-09,20.95,20.97,20.701,20.763,7608.0,20.9107,53.0,FIG,current_symbol,,,,,different_security_or_issuer_before_listing_quarantined
FIG,2024-05-10,20.92,20.97,20.871,20.925,4934.0,20.9372,57.0,FIG,current_symbol,,,,,different_security_or_issuer_before_listing_quarantined
FIG,2024-05-13,20.97,21.15,20.8,20.8657,15775.0,20.9064,98.0,FIG,current_symbol,,,,,different_security_or_issuer_before_listing_quarantined
FIG,2024-05-14,20.87,20.8701,20.72,20.7745,1620.0,20.8176,24.0,FIG,current_symbol,,,,,different_security_or_issuer_before_listing_quarantined
FIG,2024-05-15,20.78,21.39,20.78,21.25,17210.0,21.2735,127.0,FIG,current_symbol,,,,,different_security_or_issuer_before_listing_quarantined
FIG,2024-05-16,21.2337,21.25,21.07,21.1909,10453.0,21.1604,59.0,FIG,current_symbol,,,,,different_security_or_issuer_before_listing_quarantined
FIG,2024-05-17,21.3,21.35,21.29,21.35,3780.0,21.3045,33.0,FIG,current_symbol,,,,,different_security_or_issuer_before_listing_quarantined
FIG,2024-05-20,21.3,21.31,21.225,21.225,1589.0,21.2948,18.0,FIG,current_symbol,,,,,different_security_or_issuer_before_listing_quarantined
FIG,2024-05-21,21.51,21.54,21.3001,21.3322,4771.0,21.4338,52.0,FIG,current_symbol,,,,,different_security_or_issuer_before_listing_quarantined
FIG,2024-05-22,21.48,21.48,21.22,21.2201,2444.0,21.253,35.0,FIG,current_symbol,,,,,different_security_or_issuer_before_listing_quarantined
FIG,2024-05-23,21.325,21.37,21.2,21.37,11559.0,21.251,49.0,FIG,current_symbol,,,,,different_security_or_issuer_before_listing_quarantined
FIG,2024-05-24,21.34,21.34,21.34,21.34,288.0,21.2895,9.0,FIG,current_symbol,,,,,different_security_or_issuer_before_listing_quarantined
FIG,2024-05-28,21.71,21.71,21.31,21.31,4442.0,21.4931,38.0,FIG,current_symbol,,,,,different_security_or_issuer_before_listing_quarantined
FIG,2024-05-29,21.45,21.45,21.28,21.3435,3748.0,21.3498,35.0,FIG,current_symbol,,,,,different_security_or_issuer_before_listing_quarantined
FIG,2024-05-30,21.34,21.4401,21.175,21.4401,74904.0,21.2361,408.0,FIG,current_symbol,,,,,different_security_or_issuer_before_listing_quarantined
FIG,2024-05-31,21.52,21.532,21.41,21.4453,1249.0,21.4651,30.0,FIG,current_symbol,,,,,different_security_or_issuer_before_listing_quarantined
FIG,2024-06-03,21.39,21.6,21.39,21.484,2090.0,21.5067,39.0,FIG,current_symbol,,,,,different_security_or_issuer_before_listing_quarantined
FIG,2024-06-04,21.6,21.64,21.38,21.4894,67521.0,21.4528,417.0,FIG,current_symbol,,,,,different_security_or_issuer_before_listing_quarantined
FIG,2024-06-05,21.44,21.5015,21.34,21.5015,60350.0,21.3888,262.0,FIG,current_symbol,,,,,different_security_or_issuer_before_listing_quarantined
FIG,2024-06-06,21.46,21.55,21.37,21.37,52422.0,21.4606,245.0,FIG,current_symbol,,,,,different_security_or_issuer_before_listing_quarantined
FIG,2024-06-07,20.95,21.165,20.91,20.9973,123978.0,21.0788,373.0,FIG,current_symbol,,,,,different_security_or_issuer_before_listing_quarantined
FIG,2024-06-10,21.1112,21.16,21.1112,21.16,9734.0,21.1212,29.0,FIG,current_symbol,,,,,different_security_or_issuer_before_listing_quarantined
FIG,2024-06-11,20.97,21.3688,20.97,21.3688,1706.0,21.2115,26.0,FIG,current_symbol,,,,,different_security_or_issuer_before_listing_quarantined
FIG,2024-06-12,21.42,21.51,21.2199,21.2199,2225.0,21.4078,23.0,FIG,current_symbol,,,,,different_security_or_issuer_before_listing_quarantined
FIG,2024-06-13,21.4504,21.4504,21.4504,21.4504,49.0,21.4198,10.0,FIG,current_symbol,,,,,different_security_or_issuer_before_listing_quarantined
FIG,2024-06-14,21.51,21.71,21.51,21.7084,3297.0,21.6064,29.0,FIG,current_symbol,,,,,different_security_or_issuer_before_listing_quarantined
FIG,2024-06-17,21.68,21.68,21.36,21.47,35343.0,21.5184,44.0,FIG,current_symbol,,,,,different_security_or_issuer_before_listing_quarantined
FIG,2024-06-18,21.4001,21.5507,21.4001,21.55,4533.0,21.4816,43.0,FIG,current_symbol,,,,,different_security_or_issuer_before_listing_quarantined
FIG,2024-06-20,21.625,21.73,21.44,21.44,3057.0,21.6052,16.0,FIG,current_symbol,,,,,different_security_or_issuer_before_listing_quarantined
FIG,2024-06-21,21.3901,21.65,21.38,21.4,7516.0,21.6048,17.0,FIG,current_symbol,,,,,different_security_or_issuer_before_listing_quarantined
FIG,2024-06-24,21.535,21.616,21.35,21.36,7460.0,21.4898,34.0,FIG,current_symbol,,,,,different_security_or_issuer_before_listing_quarantined
FIG,2024-06-25,21.245,21.41,21.037,21.037,3729.0,21.3022,21.0,FIG,current_symbol,,,,,different_security_or_issuer_before_listing_quarantined
FIG,2024-06-26,21.2,21.2,20.79,20.79,5289.0,20.8817,33.0,FIG,current_symbol,,,,,different_security_or_issuer_before_listing_quarantined
FIG,2024-06-27,20.82,21.09,20.82,20.8571,14495.0,20.824,40.0,FIG,current_symbol,,,,,different_security_or_issuer_before_listing_quarantined
FIG,2024-06-28,20.8733,20.8733,20.8733,20.8733,936.0,20.9994,63.0,FIG,current_symbol,,,,,different_security_or_issuer_before_listing_quarantined
FIG,2024-07-01,20.76,20.915,20.7,20.8849,2525.0,20.7858,28.0,FIG,current_symbol,,,,,different_security_or_issuer_before_listing_quarantined
FIG,2024-07-02,20.84,20.84,20.69,20.82,465.0,20.7949,15.0,FIG,current_symbol,,,,,different_security_or_issuer_before_listing_quarantined
FIG,2024-07-03,20.68,21.04,20.68,21.0019,5138.0,20.7308,35.0,FIG,current_symbol,,,,,different_security_or_issuer_before_listing_quarantined
FIG,2024-07-05,20.97,21.1941,20.97,21.1922,1629.0,21.1306,20.0,FIG,current_symbol,,,,,different_security_or_issuer_before_listing_quarantined
FIG,2024-07-08,21.245,21.38,21.1501,21.2797,2651.0,21.3064,25.0,FIG,current_symbol,,,,,different_security_or_issuer_before_listing_quarantined
FIG,2024-07-09,21.1,21.1942,21.065,21.1148,2057.0,21.1308,26.0,FIG,current_symbol,,,,,different_security_or_issuer_before_listing_quarantined
FIG,2024-07-10,21.04,21.2803,20.91,21.2803,17956.0,21.0026,88.0,FIG,current_symbol,,,,,different_security_or_issuer_before_listing_quarantined
FIG,2024-07-11,21.26,21.3191,21.2,21.3191,1064.0,21.2304,12.0,FIG,current_symbol,,,,,different_security_or_issuer_before_listing_quarantined
FIG,2024-07-12,21.17,21.2279,20.93,21.2279,56300.0,21.0348,270.0,FIG,current_symbol,,,,,different_security_or_issuer_before_listing_quarantined
FIG,2024-07-15,21.35,21.35,21.25,21.2674,6637.0,21.2652,70.0,FIG,current_symbol,,,,,different_security_or_issuer_before_listing_quarantined
FIG,2024-07-16,21.46,21.46,21.39,21.3935,543.0,21.4246,8.0,FIG,current_symbol,,,,,different_security_or_issuer_before_listing_quarantined
FIG,2024-07-17,21.13,21.375,21.13,21.371,1413.0,21.2474,17.0,FIG,current_symbol,,,,,different_security_or_issuer_before_listing_quarantined
FIG,2024-07-18,21.19,21.26,21.1,21.2567,16488.0,21.1262,35.0,FIG,current_symbol,,,,,different_security_or_issuer_before_listing_quarantined
FIG,2024-07-19,21.12,21.12,21.04,21.04,555.0,21.0765,7.0,FIG,current_symbol,,,,,different_security_or_issuer_before_listing_quarantined
FIG,2024-07-22,21.03,21.1136,20.9401,21.1136,1590.0,20.9693,13.0,FIG,current_symbol,,,,,different_security_or_issuer_before_listing_quarantined
FIG,2024-07-23,21.0494,21.1,20.92,20.9352,1916.0,20.9884,25.0,FIG,current_symbol,,,,,different_security_or_issuer_before_listing_quarantined
FIG,2024-07-24,20.76,20.82,20.68,20.7261,1547.0,20.7687,22.0,FIG,current_symbol,,,,,different_security_or_issuer_before_listing_quarantined
FIG,2024-07-25,20.685,20.72,20.6,20.647,2517.0,20.6674,26.0,FIG,current_symbol,,,,,different_security_or_issuer_before_listing_quarantined
FIG,2024-07-26,20.68,20.88,20.68,20.7996,2067.0,20.732,29.0,FIG,current_symbol,,,,,different_security_or_issuer_before_listing_quarantined
FIG,2024-07-29,20.72,20.784,20.7,20.784,2453.0,20.7885,22.0,FIG,current_symbol,,,,,different_security_or_issuer_before_listing_quarantined
FIG,2024-07-30,20.8,20.8,20.7507,20.7507,340.0,20.7986,18.0,FIG,current_symbol,,,,,different_security_or_issuer_before_listing_quarantined
FIG,2024-07-31,21.18,21.18,20.84,20.9891,1008.0,20.9997,20.0,FIG,current_symbol,,,,,different_security_or_issuer_before_listing_quarantined
FIG,2024-08-01,21.055,21.0744,20.96,21.054,4827.0,21.035,20.0,FIG,current_symbol,,,,,different_security_or_issuer_before_listing_quarantined
FIG,2024-08-02,21.16,21.2,21.02,21.2,1324.0,21.0938,21.0,FIG,current_symbol,,,,,different_security_or_issuer_before_listing_quarantined
FIG,2024-08-05,21.37,21.37,20.935,21.14,2371.0,21.2022,37.0,FIG,current_symbol,,,,,different_security_or_issuer_before_listing_quarantined
FIG,2024-08-06,21.36,21.36,20.75,20.75,7429.0,20.9706,62.0,FIG,current_symbol,,,,,different_security_or_issuer_before_listing_quarantined
FIG,2024-08-07,21.07,21.09,20.865,20.8922,2714.0,20.9586,23.0,FIG,current_symbol,,,,,different_security_or_issuer_before_listing_quarantined
FIG,2024-08-08,20.79,20.99,20.76,20.8702,5816.0,20.8278,33.0,FIG,current_symbol,,,,,different_security_or_issuer_before_listing_quarantined
FIG,2024-08-09,21.0,21.0156,20.9367,20.9367,1182.0,20.9796,20.0,FIG,current_symbol,,,,,different_security_or_issuer_before_listing_quarantined
FIG,2024-08-12,21.34,21.34,20.882,21.0805,4216.0,21.0999,16.0,FIG,current_symbol,,,,,different_security_or_issuer_before_listing_quarantined
FIG,2024-08-13,21.2652,21.2652,21.2652,21.2652,97.0,21.2059,9.0,FIG,current_symbol,,,,,different_security_or_issuer_before_listing_quarantined
FIG,2024-08-14,21.2427,21.28,21.2427,21.2533,1830.0,21.2743,65.0,FIG,current_symbol,,,,,different_security_or_issuer_before_listing_quarantined
FIG,2024-08-15,21.0277,21.0838,21.0277,21.0838,3460.0,21.0374,22.0,FIG,current_symbol,,,,,different_security_or_issuer_before_listing_quarantined
FIG,2024-08-16,21.35,21.35,21.08,21.265,1226.0,21.1816,6.0,FIG,current_symbol,,,,,different_security_or_issuer_before_listing_quarantined
FIG,2024-08-19,21.33,21.33,21.2,21.2596,441.0,21.2839,9.0,FIG,current_symbol,,,,,different_security_or_issuer_before_listing_quarantined
FIG,2024-08-20,21.2601,21.2999,21.2601,21.2999,602.0,21.2604,3.0,FIG,current_symbol,,,,,different_security_or_issuer_before_listing_quarantined
FIG,2024-08-21,21.35,21.5,21.34,21.469,5273.0,21.4235,39.0,FIG,current_symbol,,,,,different_security_or_issuer_before_listing_quarantined
FIG,2024-08-22,21.81,21.81,21.1589,21.1589,2372.0,21.5308,24.0,FIG,current_symbol,,,,,different_security_or_issuer_before_listing_quarantined
FIG,2024-08-23,21.49,21.58,21.34,21.5532,1382.0,21.4544,18.0,FIG,current_symbol,,,,,different_security_or_issuer_before_listing_quarantined
FIG,2024-08-26,21.23,21.5,21.23,21.49,1774.0,21.393,29.0,FIG,current_symbol,,,,,different_security_or_issuer_before_listing_quarantined
FIG,2024-08-27,21.408,21.61,21.408,21.4608,4223.0,21.5449,72.0,FIG,current_symbol,,,,,different_security_or_issuer_before_listing_quarantined
FIG,2024-08-28,21.5499,21.5499,21.3756,21.3756,1508.0,21.4519,16.0,FIG,current_symbol,,,,,different_security_or_issuer_before_listing_quarantined
FIG,2024-08-29,21.32,21.33,21.313,21.313,564.0,21.3275,8.0,FIG,current_symbol,,,,,different_security_or_issuer_before_listing_quarantined
FIG,2024-08-30,21.4,21.4,21.18,21.25,1591.0,21.2123,29.0,FIG,current_symbol,,,,,different_security_or_issuer_before_listing_quarantined
FIG,2024-09-03,20.62,21.35,20.62,21.18,12821.0,21.258,129.0,FIG,current_symbol,,,,,different_security_or_issuer_before_listing_quarantined
FIG,2024-09-04,21.25,21.54,21.25,21.5012,916.0,21.4215,9.0,FIG,current_symbol,,,,,different_security_or_issuer_before_listing_quarantined
FIG,2024-09-05,21.51,21.58,21.5032,21.5032,855.0,21.5214,8.0,FIG,current_symbol,,,,,different_security_or_issuer_before_listing_quarantined
FIG,2024-09-06,21.59,21.85,21.59,21.6859,2054.0,21.6811,52.0,FIG,current_symbol,,,,,different_security_or_issuer_before_listing_quarantined
FIG,2024-09-09,21.52,21.5769,21.52,21.5769,520.0,21.5414,10.0,FIG,current_symbol,,,,,different_security_or_issuer_before_listing_quarantined
FIG,2024-09-10,21.6,21.6,21.5716,21.5716,207.0,21.5987,7.0,FIG,current_symbol,,,,,different_security_or_issuer_before_listing_quarantined
FIG,2024-09-11,21.6,21.75,21.4845,21.4845,1352.0,21.6858,16.0,FIG,current_symbol,,,,,different_security_or_issuer_before_listing_quarantined
FIG,2024-09-12,21.61,21.66,21.4001,21.499,3259.0,21.4771,19.0,FIG,current_symbol,,,,,different_security_or_issuer_before_listing_quarantined
FIG,2024-09-13,21.455,21.6,21.455,21.5323,2811.0,21.561,13.0,FIG,current_symbol,,,,,different_security_or_issuer_before_listing_quarantined
FIG,2024-09-16,21.6,21.65,21.58,21.65,1753.0,21.6076,12.0,FIG,current_symbol,,,,,different_security_or_issuer_before_listing_quarantined
FIG,2024-09-17,21.53,21.685,21.53,21.685,1644.0,21.5782,10.0,FIG,current_symbol,,,,,different_security_or_issuer_before_listing_quarantined
FIG,2024-09-18,21.7,21.7799,21.6368,21.6368,11572.0,21.7521,30.0,FIG,current_symbol,,,,,different_security_or_issuer_before_listing_quarantined
FIG,2024-09-19,21.65,21.6659,21.65,21.6659,821.0,21.6553,14.0,FIG,current_symbol,,,,,different_security_or_issuer_before_listing_quarantined
FIG,2024-09-20,21.64,21.68,21.64,21.6766,679.0,21.6703,13.0,FIG,current_symbol,,,,,different_security_or_issuer_before_listing_quarantined
FIG,2024-09-23,21.0,21.75,21.0,21.7076,3111.0,21.5447,26.0,FIG,current_symbol,,,,,different_security_or_issuer_before_listing_quarantined
FIG,2024-09-24,21.449,21.7466,21.449,21.7466,2484.0,21.6111,34.0,FIG,current_symbol,,,,,different_security_or_issuer_before_listing_quarantined
FIG,2024-09-25,21.56,21.56,21.48,21.48,351.0,21.5336,10.0,FIG,current_symbol,,,,,different_security_or_issuer_before_listing_quarantined
FIG,2024-09-26,21.5103,21.5103,21.355,21.4709,3356.0,21.4531,27.0,FIG,current_symbol,,,,,different_security_or_issuer_before_listing_quarantined
FIG,2024-09-27,21.4,21.75,21.4,21.6237,3924.0,21.4482,49.0,FIG,current_symbol,,,,,different_security_or_issuer_before_listing_quarantined
FIG,2024-09-30,21.4,21.423,21.28,21.423,10419.0,21.3356,74.0,FIG,current_symbol,,,,,different_security_or_issuer_before_listing_quarantined
FIG,2024-10-01,21.394,21.5947,21.394,21.5226,10028.0,21.4833,50.0,FIG,current_symbol,,,,,different_security_or_issuer_before_listing_quarantined
FIG,2024-10-02,21.4473,21.4473,21.4473,21.4473,122.0,21.4386,8.0,FIG,current_symbol,,,,,different_security_or_issuer_before_listing_quarantined
FIG,2024-10-03,21.4,21.4,21.27,21.3147,8911.0,21.3567,17.0,FIG,current_symbol,,,,,different_security_or_issuer_before_listing_quarantined
FIG,2024-10-04,21.3,21.3,21.1429,21.1429,3214.0,21.2213,25.0,FIG,current_symbol,,,,,different_security_or_issuer_before_listing_quarantined
FIG,2024-10-07,21.31,21.31,20.97,21.05,7795.0,21.0735,66.0,FIG,current_symbol,,,,,different_security_or_issuer_before_listing_quarantined
FIG,2024-10-08,21.09,21.41,21.09,21.3,4236.0,21.2267,36.0,FIG,current_symbol,,,,,different_security_or_issuer_before_listing_quarantined
FIG,2024-10-09,21.2164,21.38,21.06,21.38,1724.0,21.1752,21.0,FIG,current_symbol,,,,,different_security_or_issuer_before_listing_quarantined
FIG,2024-10-10,21.1,21.3676,21.0821,21.3676,6398.0,21.164,46.0,FIG,current_symbol,,,,,different_security_or_issuer_before_listing_quarantined
FIG,2024-10-11,21.2,21.36,21.05,21.36,3583.0,21.3094,21.0,FIG,current_symbol,,,,,different_security_or_issuer_before_listing_quarantined
FIG,2024-10-14,21.0,21.1848,20.85,21.1848,15494.0,20.9314,97.0,FIG,current_symbol,,,,,different_security_or_issuer_before_listing_quarantined
FIG,2024-10-15,21.15,21.35,21.15,21.323,2864.0,21.2344,67.0,FIG,current_symbol,,,,,different_security_or_issuer_before_listing_quarantined
FIG,2024-10-16,20.72,21.3,20.72,21.3,4907.0,21.1377,32.0,FIG,current_symbol,,,,,different_security_or_issuer_before_listing_quarantined
FIG,2024-10-17,21.3,21.3,21.27,21.27,1168.0,21.2971,11.0,FIG,current_symbol,,,,,different_security_or_issuer_before_listing_quarantined
FIG,2024-10-18,21.19,21.49,21.19,21.2922,3600.0,21.3306,55.0,FIG,current_symbol,,,,,different_security_or_issuer_before_listing_quarantined
FIG,2024-10-21,21.1224,21.1229,21.1224,21.1229,114.0,21.1122,7.0,FIG,current_symbol,,,,,different_security_or_issuer_before_listing_quarantined
FIG,2024-10-22,21.22,21.22,21.0376,21.12,1104.0,21.0537,6.0,FIG,current_symbol,,,,,different_security_or_issuer_before_listing_quarantined
FIG,2024-10-23,21.0289,21.064,20.8,20.8668,1758.0,20.8857,15.0,FIG,current_symbol,,,,,different_security_or_issuer_before_listing_quarantined
FIG,2024-10-24,20.84,20.9544,20.81,20.9544,2518.0,20.8398,22.0,FIG,current_symbol,,,,,different_security_or_issuer_before_listing_quarantined
FIG,2024-10-25,20.875,20.875,20.875,20.875,53.0,20.95,5.0,FIG,current_symbol,,,,,different_security_or_issuer_before_listing_quarantined
FIG,2024-10-28,20.72,21.05,20.72,20.84,3745.0,20.9475,50.0,FIG,current_symbol,,,,,different_security_or_issuer_before_listing_quarantined
FIG,2024-10-29,20.7,21.15,20.7,21.1498,26393.0,21.015,156.0,FIG,current_symbol,,,,,different_security_or_issuer_before_listing_quarantined
FIG,2024-10-30,21.0744,21.15,21.0744,21.0938,575.0,21.1239,10.0,FIG,current_symbol,,,,,different_security_or_issuer_before_listing_quarantined
FIG,2024-10-31,20.99,20.99,20.825,20.825,358.0,20.9315,10.0,FIG,current_symbol,,,,,different_security_or_issuer_before_listing_quarantined
FIG,2024-11-01,20.933,20.933,20.8,20.8823,408.0,20.8873,10.0,FIG,current_symbol,,,,,different_security_or_issuer_before_listing_quarantined
FIG,2024-11-04,21.0,21.0,20.65,20.74,2591.0,20.7705,30.0,FIG,current_symbol,,,,,different_security_or_issuer_before_listing_quarantined
FIG,2024-11-05,20.89,21.05,20.775,21.05,17566.0,20.9245,55.0,FIG,current_symbol,,,,,different_security_or_issuer_before_listing_quarantined
FIG,2024-11-06,21.1,21.66,21.1,21.6538,21585.0,21.4489,82.0,FIG,current_symbol,,,,,different_security_or_issuer_before_listing_quarantined
FIG,2024-11-07,21.89,21.9,21.5501,21.8277,6914.0,21.7333,37.0,FIG,current_symbol,,,,,different_security_or_issuer_before_listing_quarantined
FIG,2024-11-08,21.9,21.9,21.67,21.89,4414.0,21.762,26.0,FIG,current_symbol,,,,,different_security_or_issuer_before_listing_quarantined
FIG,2024-11-11,22.0506,22.11,22.004,22.0088,1820.0,22.0861,21.0,FIG,current_symbol,,,,,different_security_or_issuer_before_listing_quarantined
FIG,2024-11-12,22.08,22.125,21.92,22.0276,8283.0,22.0268,36.0,FIG,current_symbol,,,,,different_security_or_issuer_before_listing_quarantined
FIG,2024-11-13,22.0,22.0,21.39,21.5722,5667.0,21.9369,20.0,FIG,current_symbol,,,,,different_security_or_issuer_before_listing_quarantined
FIG,2024-11-14,21.3,21.545,21.3,21.5421,9369.0,21.361,44.0,FIG,current_symbol,,,,,different_security_or_issuer_before_listing_quarantined
FIG,2024-11-15,21.525,21.8399,21.525,21.6132,3067.0,21.6088,7.0,FIG,current_symbol,,,,,different_security_or_issuer_before_listing_quarantined
FIG,2024-11-18,21.48,21.7659,21.48,21.7659,1893.0,21.6766,11.0,FIG,current_symbol,,,,,different_security_or_issuer_before_listing_quarantined
FIG,2024-11-19,21.88,21.88,21.8359,21.87,1539.0,21.8453,18.0,FIG,current_symbol,,,,,different_security_or_issuer_before_listing_quarantined
FIG,2024-11-20,21.7,21.885,21.58,21.885,6108.0,21.6877,55.0,FIG,current_symbol,,,,,different_security_or_issuer_before_listing_quarantined
FIG,2024-11-21,21.8738,22.14,21.8738,22.13,9239.0,22.0245,42.0,FIG,current_symbol,,,,,different_security_or_issuer_before_listing_quarantined
FIG,2024-11-22,22.23,22.4581,22.17,22.4581,5614.0,22.3023,9.0,FIG,current_symbol,,,,,different_security_or_issuer_before_listing_quarantined
FIG,2024-11-25,22.57,22.7351,22.52,22.627,2072.0,22.6396,14.0,FIG,current_symbol,,,,,different_security_or_issuer_before_listing_quarantined
FIG,2024-11-26,22.65,22.65,22.52,22.6206,1747.0,22.5623,14.0,FIG,current_symbol,,,,,different_security_or_issuer_before_listing_quarantined
FIG,2024-11-27,22.48,22.5102,22.44,22.5102,1252.0,22.4798,27.0,FIG,current_symbol,,,,,different_security_or_issuer_before_listing_quarantined
FIG,2024-11-29,22.5931,22.5931,22.5931,22.5931,32.0,22.5548,6.0,FIG,current_symbol,,,,,different_security_or_issuer_before_listing_quarantined
FIG,2024-12-02,23.0,23.0,22.418,22.418,386.0,22.8082,7.0,FIG,current_symbol,,,,,different_security_or_issuer_before_listing_quarantined
FIG,2024-12-03,22.36,22.36,22.27,22.298,4023.0,22.3513,36.0,FIG,current_symbol,,,,,different_security_or_issuer_before_listing_quarantined
FIG,2024-12-04,22.3,22.3791,22.3,22.3791,410.0,22.3204,8.0,FIG,current_symbol,,,,,different_security_or_issuer_before_listing_quarantined
FIG,2024-12-05,22.4,22.4582,22.2439,22.2439,3292.0,22.3473,22.0,FIG,current_symbol,,,,,different_security_or_issuer_before_listing_quarantined
FIG,2024-12-06,22.25,22.25,22.2,22.2247,505.0,22.2227,18.0,FIG,current_symbol,,,,,different_security_or_issuer_before_listing_quarantined
FIG,2024-12-09,22.25,22.3087,22.13,22.3087,4637.0,22.2412,15.0,FIG,current_symbol,,,,,different_security_or_issuer_before_listing_quarantined
FIG,2024-12-10,22.2945,22.2945,22.2945,22.2945,115.0,22.3992,9.0,FIG,current_symbol,,,,,different_security_or_issuer_before_listing_quarantined
FIG,2024-12-11,22.22,22.32,22.22,22.32,16988.0,22.2645,30.0,FIG,current_symbol,,,,,different_security_or_issuer_before_listing_quarantined
FIG,2024-12-12,22.48,22.48,22.3087,22.3087,1025.0,22.4428,5.0,FIG,current_symbol,,,,,different_security_or_issuer_before_listing_quarantined
FIG,2024-12-13,22.27,22.27,22.27,22.27,561.0,22.2598,6.0,FIG,current_symbol,,,,,different_security_or_issuer_before_listing_quarantined
FIG,2024-12-16,22.4257,22.4257,22.4257,22.4257,447.0,22.4763,19.0,FIG,current_symbol,,,,,different_security_or_issuer_before_listing_quarantined
FIG,2024-12-17,22.59,22.59,22.2324,22.2619,3602.0,22.3217,93.0,FIG,current_symbol,,,,,different_security_or_issuer_before_listing_quarantined
FIG,2024-12-18,22.42,22.42,21.786,21.786,2599.0,22.2529,18.0,FIG,current_symbol,,,,,different_security_or_issuer_before_listing_quarantined
FIG,2024-12-19,21.725,21.725,21.06,21.3592,1205.0,21.4358,24.0,FIG,current_symbol,,,,,different_security_or_issuer_before_listing_quarantined
FIG,2024-12-20,21.5315,21.5315,21.4833,21.4833,244.0,21.5845,5.0,FIG,current_symbol,,,,,different_security_or_issuer_before_listing_quarantined
FIG,2024-12-23,21.07,21.18,20.9501,21.1132,1497.0,21.0588,32.0,FIG,current_symbol,,,,,different_security_or_issuer_before_listing_quarantined
FIG,2024-12-24,21.06,21.3254,21.04,21.3254,1300.0,21.1057,49.0,FIG,current_symbol,,,,,different_security_or_issuer_before_listing_quarantined
FIG,2024-12-26,21.47,21.47,21.19,21.19,691.0,21.3999,10.0,FIG,current_symbol,,,,,different_security_or_issuer_before_listing_quarantined
FIG,2024-12-27,20.85,20.9915,20.83,20.9915,255.0,20.8729,12.0,FIG,current_symbol,,,,,different_security_or_issuer_before_listing_quarantined
FIG,2024-12-30,21.29,21.29,20.9299,20.9299,2751.0,21.181,38.0,FIG,current_symbol,,,,,different_security_or_issuer_before_listing_quarantined
FIG,2024-12-31,20.86,21.151,20.65,20.65,2380.0,20.8797,34.0,FIG,current_symbol,,,,,different_security_or_issuer_before_listing_quarantined
FIG,2025-01-02,21.02,21.02,20.8183,20.8183,389.0,20.9438,27.0,FIG,current_symbol,,,,,different_security_or_issuer_before_listing_quarantined
FIG,2025-01-03,20.875,21.0188,20.875,20.9722,3673.0,20.9756,15.0,FIG,current_symbol,,,,,different_security_or_issuer_before_listing_quarantined
FIG,2025-01-06,21.03,21.215,20.99,21.12,7175.0,21.057,35.0,FIG,current_symbol,,,,,different_security_or_issuer_before_listing_quarantined
FIG,2025-01-07,21.021,21.021,21.021,21.021,83.0,21.1261,17.0,FIG,current_symbol,,,,,different_security_or_issuer_before_listing_quarantined
FIG,2025-01-08,20.82,21.29,20.65,20.9859,1884.0,20.884,17.0,FIG,current_symbol,,,,,different_security_or_issuer_before_listing_quarantined
FIG,2025-01-10,21.15,21.15,20.66,20.985,2831.0,20.9151,53.0,FIG,current_symbol,,,,,different_security_or_issuer_before_listing_quarantined
FIG,2025-01-13,20.845,20.845,20.845,20.845,40.0,21.0643,5.0,FIG,current_symbol,,,,,different_security_or_issuer_before_listing_quarantined
FIG,2025-01-14,20.95,20.95,20.835,20.835,177.0,20.874,9.0,FIG,current_symbol,,,,,different_security_or_issuer_before_listing_quarantined
FIG,2025-01-15,20.68,21.08,20.68,21.08,632.0,20.9277,18.0,FIG,current_symbol,,,,,different_security_or_issuer_before_listing_quarantined
FIG,2025-01-16,21.2499,21.25,21.125,21.125,1103.0,21.1764,10.0,FIG,current_symbol,,,,,different_security_or_issuer_before_listing_quarantined
FIG,2025-01-17,21.3782,21.3782,21.255,21.255,156.0,21.3705,3.0,FIG,current_symbol,,,,,different_security_or_issuer_before_listing_quarantined
FIG,2025-01-21,21.0,21.01,20.88,21.01,3196.0,20.9059,23.0,FIG,current_symbol,,,,,different_security_or_issuer_before_listing_quarantined
FIG,2025-01-22,21.7999,21.7999,21.4024,21.4024,2692.0,21.7541,29.0,FIG,current_symbol,,,,,different_security_or_issuer_before_listing_quarantined
FIG,2025-01-23,21.95,21.95,21.5104,21.5104,354.0,21.6455,16.0,FIG,current_symbol,,,,,different_security_or_issuer_before_listing_quarantined
FIG,2025-01-24,21.9842,21.9842,21.6372,21.6372,1022.0,21.9267,19.0,FIG,current_symbol,,,,,different_security_or_issuer_before_listing_quarantined
FIG,2025-01-27,21.2994,21.2994,21.2994,21.2994,39.0,21.8076,9.0,FIG,current_symbol,,,,,different_security_or_issuer_before_listing_quarantined
FIG,2025-01-28,21.3771,21.3771,21.2565,21.2565,2038.0,21.3746,14.0,FIG,current_symbol,,,,,different_security_or_issuer_before_listing_quarantined
FIG,2025-01-29,21.08,21.2942,21.08,21.2942,1041.0,20.757,15.0,FIG,current_symbol,,,,,different_security_or_issuer_before_listing_quarantined
FIG,2025-01-30,21.29,21.54,21.29,21.54,1192.0,21.4404,56.0,FIG,current_symbol,,,,,different_security_or_issuer_before_listing_quarantined
FIG,2025-01-31,22.0,22.0,21.66,21.755,1584.0,21.8089,21.0,FIG,current_symbol,,,,,different_security_or_issuer_before_listing_quarantined
FIG,2025-02-03,21.72,21.76,21.6,21.6274,2457.0,21.684,22.0,FIG,current_symbol,,,,,different_security_or_issuer_before_listing_quarantined
FIG,2025-02-04,21.55,21.55,21.55,21.55,210.0,21.6668,8.0,FIG,current_symbol,,,,,different_security_or_issuer_before_listing_quarantined
FIG,2025-02-05,21.9,21.9,21.455,21.55,4529.0,21.5866,45.0,FIG,current_symbol,,,,,different_security_or_issuer_before_listing_quarantined
FIG,2025-02-06,21.5,21.92,21.5,21.7732,3966.0,21.734,39.0,FIG,current_symbol,,,,,different_security_or_issuer_before_listing_quarantined
FIG,2025-02-07,21.5851,21.8599,21.5851,21.7837,4334.0,21.7847,34.0,FIG,current_symbol,,,,,different_security_or_issuer_before_listing_quarantined
FIG,2025-02-10,20.65,22.01,20.65,21.975,3837.0,21.5835,44.0,FIG,current_symbol,,,,,different_security_or_issuer_before_listing_quarantined
FIG,2025-02-11,21.95,21.95,21.8,21.875,6355.0,21.8878,21.0,FIG,current_symbol,,,,,different_security_or_issuer_before_listing_quarantined
FIG,2025-02-12,21.82,21.8305,21.82,21.8305,442.0,21.8295,19.0,FIG,current_symbol,,,,,different_security_or_issuer_before_listing_quarantined
FIG,2025-02-13,21.85,21.8542,21.85,21.8542,534.0,21.8609,17.0,FIG,current_symbol,,,,,different_security_or_issuer_before_listing_quarantined
FIG,2025-02-14,21.94,21.94,21.8,21.86,446.0,21.8733,17.0,FIG,current_symbol,,,,,different_security_or_issuer_before_listing_quarantined
FIG,2025-02-18,22.0,22.0,21.74,21.8893,7590.0,21.8179,62.0,FIG,current_symbol,,,,,different_security_or_issuer_before_listing_quarantined
FIG,2025-02-19,22.0,22.15,22.0,22.0929,2596.0,22.0328,23.0,FIG,current_symbol,,,,,different_security_or_issuer_before_listing_quarantined
FIG,2025-02-20,21.85,21.8857,21.85,21.8857,324.0,21.897,14.0,FIG,current_symbol,,,,,different_security_or_issuer_before_listing_quarantined
FIG,2025-02-21,21.8,21.8,21.7642,21.7642,563.0,21.8003,14.0,FIG,current_symbol,,,,,different_security_or_issuer_before_listing_quarantined
FIG,2025-02-24,21.6058,21.6058,21.6058,21.6058,452.0,21.6601,24.0,FIG,current_symbol,,,,,different_security_or_issuer_before_listing_quarantined
FIG,2025-02-25,21.36,21.4587,21.3501,21.4587,1220.0,21.3643,25.0,FIG,current_symbol,,,,,different_security_or_issuer_before_listing_quarantined
FIG,2025-02-26,22.19,22.19,21.3991,21.3991,522.0,21.821,12.0,FIG,current_symbol,,,,,different_security_or_issuer_before_listing_quarantined
FIG,2025-02-27,21.39,21.49,21.2572,21.2572,8202.0,21.3361,23.0,FIG,current_symbol,,,,,different_security_or_issuer_before_listing_quarantined
FIG,2025-02-28,21.2344,22.15,21.2344,21.2406,1367.0,21.4316,32.0,FIG,current_symbol,,,,,different_security_or_issuer_before_listing_quarantined
FIG,2025-03-03,21.4151,21.48,21.3359,21.3359,1511.0,21.432,22.0,FIG,current_symbol,,,,,different_security_or_issuer_before_listing_quarantined
FIG,2025-03-04,21.3172,21.3172,21.3172,21.3172,82.0,21.365,9.0,FIG,current_symbol,,,,,different_security_or_issuer_before_listing_quarantined
FIG,2025-03-05,21.47,21.5237,21.47,21.5237,3372.0,21.5097,13.0,FIG,current_symbol,,,,,different_security_or_issuer_before_listing_quarantined
FIG,2025-03-06,21.48,21.53,21.473,21.473,1151.0,21.4823,19.0,FIG,current_symbol,,,,,different_security_or_issuer_before_listing_quarantined
FIG,2025-03-07,21.22,21.275,21.22,21.275,383.0,21.2544,22.0,FIG,current_symbol,,,,,different_security_or_issuer_before_listing_quarantined
FIG,2025-03-10,21.51,21.51,21.1953,21.1953,847.0,21.4268,16.0,FIG,current_symbol,,,,,different_security_or_issuer_before_listing_quarantined
FIG,2025-03-11,21.1849,21.24,21.125,21.1774,892.0,21.194,18.0,FIG,current_symbol,,,,,different_security_or_issuer_before_listing_quarantined
FIG,2025-03-12,21.52,21.52,21.2105,21.2105,509.0,21.4145,12.0,FIG,current_symbol,,,,,different_security_or_issuer_before_listing_quarantined
FIG,2025-03-13,21.05,21.2264,21.05,21.2264,7952.0,21.1478,22.0,FIG,current_symbol,,,,,different_security_or_issuer_before_listing_quarantined
FIG,2025-03-14,21.12,21.2996,21.09,21.2996,2306.0,21.1359,10.0,FIG,current_symbol,,,,,different_security_or_issuer_before_listing_quarantined
FIG,2025-03-17,21.483,21.5188,21.4701,21.5188,644.0,21.4873,15.0,FIG,current_symbol,,,,,different_security_or_issuer_before_listing_quarantined
FIG,2025-03-18,21.52,21.69,21.52,21.603,6838.0,21.6219,46.0,FIG,current_symbol,,,,,different_security_or_issuer_before_listing_quarantined
FIG,2025-03-19,21.46,21.5723,21.46,21.5723,1428.0,21.4715,10.0,FIG,current_symbol,,,,,different_security_or_issuer_before_listing_quarantined
FIG,2025-03-20,21.79,21.81,21.6198,21.6198,3901.0,21.7967,45.0,FIG,current_symbol,,,,,different_security_or_issuer_before_listing_quarantined
FIG,2025-03-21,21.264,21.4704,21.264,21.4704,238.0,21.3417,11.0,FIG,current_symbol,,,,,different_security_or_issuer_before_listing_quarantined
FIG,2025-03-24,21.83,21.91,21.411,21.91,2144.0,21.6464,26.0,FIG,current_symbol,,,,,different_security_or_issuer_before_listing_quarantined
FIG,2025-03-25,21.745,21.745,21.7301,21.7301,439.0,21.7598,22.0,FIG,current_symbol,,,,,different_security_or_issuer_before_listing_quarantined
FIG,2025-03-26,21.64,21.64,21.325,21.4407,1107.0,21.5959,22.0,FIG,current_symbol,,,,,different_security_or_issuer_before_listing_quarantined
FIG,2025-03-27,21.5198,21.5198,21.5198,21.5198,119.0,21.4471,12.0,FIG,current_symbol,,,,,different_security_or_issuer_before_listing_quarantined
FIG,2025-03-28,21.47,21.59,21.0954,21.1565,2077.0,21.38,89.0,FIG,current_symbol,,,,,different_security_or_issuer_before_listing_quarantined
FIG,2025-03-31,21.21,21.31,21.045,21.2771,1136.0,21.1724,24.0,FIG,current_symbol,,,,,different_security_or_issuer_before_listing_quarantined
FIG,2025-04-01,21.21,21.4306,21.21,21.4306,413.0,21.2748,12.0,FIG,current_symbol,,,,,different_security_or_issuer_before_listing_quarantined
FIG,2025-04-02,21.3701,21.5402,21.3701,21.5402,225.0,21.3722,7.0,FIG,current_symbol,,,,,different_security_or_issuer_before_listing_quarantined
FIG,2025-04-03,20.7835,21.1,20.7835,20.9425,13198.0,21.0412,42.0,FIG,current_symbol,,,,,different_security_or_issuer_before_listing_quarantined
FIG,2025-04-04,20.67,20.7875,20.35,20.6894,9041.0,20.6567,44.0,FIG,current_symbol,,,,,different_security_or_issuer_before_listing_quarantined
FIG,2025-04-07,20.08,20.16,19.67,19.9217,652.0,19.996,38.0,FIG,current_symbol,,,,,different_security_or_issuer_before_listing_quarantined
FIG,2025-04-08,20.33,21.75,20.0575,20.0575,3762.0,20.602,45.0,FIG,current_symbol,,,,,different_security_or_issuer_before_listing_quarantined
FIG,2025-04-09,19.5,20.73,18.752,19.59,11425.0,19.7725,117.0,FIG,current_symbol,,,,,different_security_or_issuer_before_listing_quarantined
FIG,2025-04-10,18.41,21.4091,18.41,20.9943,995.0,20.1897,21.0,FIG,current_symbol,,,,,different_security_or_issuer_before_listing_quarantined
FIG,2025-04-11,21.0,21.832,20.99,21.7762,6541.0,21.3454,64.0,FIG,current_symbol,,,,,different_security_or_issuer_before_listing_quarantined
FIG,2025-04-14,22.18,22.54,21.83,22.0348,2882.0,22.2004,48.0,FIG,current_symbol,,,,,different_security_or_issuer_before_listing_quarantined
FIG,2025-04-15,22.37,22.45,21.9,21.982,10705.0,22.3612,59.0,FIG,current_symbol,,,,,different_security_or_issuer_before_listing_quarantined
FIG,2025-04-16,21.4263,22.21,21.4263,21.6452,1971.0,21.9225,25.0,FIG,current_symbol,,,,,different_security_or_issuer_before_listing_quarantined
FIG,2025-04-17,21.4,21.7658,21.4,21.7658,1265.0,21.6306,39.0,FIG,current_symbol,,,,,different_security_or_issuer_before_listing_quarantined
FIG,2025-04-21,21.49,21.94,21.49,21.59,2222.0,21.675,42.0,FIG,current_symbol,,,,,different_security_or_issuer_before_listing_quarantined
FIG,2025-04-22,21.61,21.9485,21.59,21.8249,4608.0,21.7396,38.0,FIG,current_symbol,,,,,different_security_or_issuer_before_listing_quarantined
FIG,2025-04-23,22.17,22.5,22.04,22.0475,5669.0,22.1642,49.0,FIG,current_symbol,,,,,different_security_or_issuer_before_listing_quarantined
FIG,2025-04-24,21.81,22.25,21.81,22.2229,8776.0,22.0918,44.0,FIG,current_symbol,,,,,different_security_or_issuer_before_listing_quarantined
FIG,2025-04-25,22.29,22.56,22.15,22.4378,1286.0,22.3783,26.0,FIG,current_symbol,,,,,different_security_or_issuer_before_listing_quarantined
FIG,2025-04-28,22.99,22.99,22.1,22.2981,4134.0,22.383,65.0,FIG,current_symbol,,,,,different_security_or_issuer_before_listing_quarantined
FIG,2025-04-29,22.2,22.5154,22.2,22.5154,314.0,22.3374,21.0,FIG,current_symbol,,,,,different_security_or_issuer_before_listing_quarantined
FIG,2025-04-30,21.952,22.39,21.952,22.3596,3416.0,22.1619,33.0,FIG,current_symbol,,,,,different_security_or_issuer_before_listing_quarantined
FIG,2025-05-01,23.3,23.3,22.36,22.4336,3242.0,22.6422,48.0,FIG,current_symbol,,,,,different_security_or_issuer_before_listing_quarantined
FIG,2025-05-02,22.34,22.91,22.31,22.616,5992.0,22.5113,63.0,FIG,current_symbol,,,,,different_security_or_issuer_before_listing_quarantined
FIG,2025-05-05,22.29,22.37,21.78,22.155,59611.0,21.9296,145.0,FIG,current_symbol,,,,,different_security_or_issuer_before_listing_quarantined
FIG,2025-05-06,21.55,22.0,21.55,21.9449,2872.0,21.962,48.0,FIG,current_symbol,,,,,different_security_or_issuer_before_listing_quarantined
FIG,2025-05-07,21.905,22.0,21.905,21.9053,4688.0,21.9895,31.0,FIG,current_symbol,,,,,different_security_or_issuer_before_listing_quarantined
FIG,2025-05-08,21.89,22.2786,21.89,21.987,15954.0,22.0938,59.0,FIG,current_symbol,,,,,different_security_or_issuer_before_listing_quarantined
FIG,2025-05-09,21.8175,22.32,21.8168,21.8168,7923.0,22.1357,29.0,FIG,current_symbol,,,,,different_security_or_issuer_before_listing_quarantined
FIG,2025-05-12,22.24,22.38,22.19,22.191,12596.0,22.2804,40.0,FIG,current_symbol,,,,,different_security_or_issuer_before_listing_quarantined
FIG,2025-05-13,22.3,23.055,22.3,23.055,13294.0,22.8474,53.0,FIG,current_symbol,,,,,different_security_or_issuer_before_listing_quarantined
FIG,2025-05-14,23.1,23.36,22.9992,22.9992,13804.0,23.2023,31.0,FIG,current_symbol,,,,,different_security_or_issuer_before_listing_quarantined
FIG,2025-05-15,23.15,23.15,23.0,23.06,6490.0,23.0937,23.0,FIG,current_symbol,,,,,different_security_or_issuer_before_listing_quarantined
FIG,2025-05-16,23.12,23.67,23.12,23.2467,27955.0,23.3246,78.0,FIG,current_symbol,,,,,different_security_or_issuer_before_listing_quarantined
FIG,2025-05-19,23.21,23.74,22.914,23.4736,11075.0,23.2472,51.0,FIG,current_symbol,,,,,different_security_or_issuer_before_listing_quarantined
FIG,2025-05-20,23.4,23.4752,23.2,23.4752,2066.0,23.2501,31.0,FIG,current_symbol,,,,,different_security_or_issuer_before_listing_quarantined
FIG,2025-05-21,23.17,23.41,23.16,23.3838,10166.0,23.1946,44.0,FIG,current_symbol,,,,,different_security_or_issuer_before_listing_quarantined
FIG,2025-05-22,23.54,23.54,23.33,23.505,3387.0,23.3858,15.0,FIG,current_symbol,,,,,different_security_or_issuer_before_listing_quarantined
FIG,2025-05-23,23.45,23.825,23.45,23.825,6842.0,23.7059,31.0,FIG,current_symbol,,,,,different_security_or_issuer_before_listing_quarantined
PARA,2026-08-07,1.85,1.94,1.72,1.76,185264.051011,1.8012,1141.0,PARA,current_symbol,,,,,latest_price_issuer_differs_from_target_CIK_history_quarantined
PARA,2026-08-10,1.7,1.75,1.655,1.66,120005.748309,1.7131,696.0,PARA,current_symbol,,,,,latest_price_issuer_differs_from_target_CIK_history_quarantined
PARA,2026-08-11,1.66,1.74,1.6,1.7,98894.95462,1.6845,865.0,PARA,current_symbol,,,,,latest_price_issuer_differs_from_target_CIK_history_quarantined
PARA,2026-08-12,1.71,1.75,1.62,1.74,312334.384006,1.8465,2775.0,PARA,current_symbol,,,,,latest_price_issuer_differs_from_target_CIK_history_quarantined
PARA,2026-08-13,1.67,1.75,1.67,1.7,181190.953196,1.7045,1045.0,PARA,current_symbol,,,,,latest_price_issuer_differs_from_target_CIK_history_quarantined
PARA,2026-08-14,1.7,1.7899,1.7,1.7,240777.461246,1.716,1348.0,PARA,current_symbol,,,,,latest_price_issuer_differs_from_target_CIK_history_quarantined
PARA,2026-08-17,1.62,1.62,1.45,1.45,335886.341343,1.5041,1570.0,PARA,current_symbol,,,,,latest_price_issuer_differs_from_target_CIK_history_quarantined
PARA,2026-08-18,1.46,1.58,1.31,1.36,433078.519424,1.4735,1979.0,PARA,current_symbol,,,,,latest_price_issuer_differs_from_target_CIK_history_quarantined
PARA,2026-08-19,1.38,1.75,1.24,1.43,879136.198454,1.4561,4157.0,PARA,current_symbol,,,,,latest_price_issuer_differs_from_target_CIK_history_quarantined
PARA,2026-08-20,1.44,1.44,1.37,1.39,143989.837862,1.3931,975.0,PARA,current_symbol,,,,,latest_price_issuer_differs_from_target_CIK_history_quarantined
PARA,2026-08-21,1.37,1.41,1.27,1.3,212657.170141,1.3102,1087.0,PARA,current_symbol,,,,,latest_price_issuer_differs_from_target_CIK_history_quarantined
PARA,2026-08-24,1.25,1.26,1.14,1.2,276355.1146,1.1838,1643.0,PARA,current_symbol,,,,,latest_price_issuer_differs_from_target_CIK_history_quarantined
PARA,2026-08-25,1.16,1.2895,1.14,1.23,169813.970258,1.2145,841.0,PARA,current_symbol,,,,,latest_price_issuer_differs_from_target_CIK_history_quarantined
PARA,2026-08-26,1.23,1.2378,1.15,1.18,152120.853817,1.2019,760.0,PARA,current_symbol,,,,,latest_price_issuer_differs_from_target_CIK_history_quarantined
PARA,2026-08-27,1.15,1.22,1.15,1.19,129565.466073,1.1862,811.0,PARA,current_symbol,,,,,latest_price_issuer_differs_from_target_CIK_history_quarantined
PARA,2026-08-28,1.19,1.19,1.08,1.09,195637.135701,1.1253,1346.0,PARA,current_symbol,,,,,latest_price_issuer_differs_from_target_CIK_history_quarantined
PARA,2026-08-31,1.04,1.13,1.04,1.1,166128.44347,1.0947,1176.0,PARA,current_symbol,,,,,latest_price_issuer_differs_from_target_CIK_history_quarantined
PARA,2026-09-01,1.1,1.1,1.05,1.07,65819.779422,1.0741,728.0,PARA,current_symbol,,,,,latest_price_issuer_differs_from_target_CIK_history_quarantined
PARA,2026-09-02,1.02,1.12,1.006,1.07,107950.63679,1.0722,737.0,PARA,current_symbol,,,,,latest_price_issuer_differs_from_target_CIK_history_quarantined
PARA,2026-09-03,1.09,1.14,1.06,1.06,99347.925757,1.0816,468.0,PARA,current_symbol,,,,,latest_price_issuer_differs_from_target_CIK_history_quarantined
PARA,2026-09-04,1.06,1.14,0.99,1.01,428952.304893,1.0736,1983.0,PARA,current_symbol,,,,,latest_price_issuer_differs_from_target_CIK_history_quarantined
PARA,2026-09-08,1.04,1.085,0.9926,1.05,168089.730125,1.0496,1096.0,PARA,current_symbol,,,,,latest_price_issuer_differs_from_target_CIK_history_quarantined
PARA,2026-09-09,1.08,1.084,1.02,1.06,107126.711567,1.0501,595.0,PARA,current_symbol,,,,,latest_price_issuer_differs_from_target_CIK_history_quarantined
PARA,2026-09-10,1.05,1.06,0.98,0.98,86585.9411,1.0064,677.0,PARA,current_symbol,,,,,latest_price_issuer_differs_from_target_CIK_history_quarantined
PARA,2026-09-11,0.9825,1.02,0.9752,0.9989,114582.922066,0.993,763.0,PARA,current_symbol,,,,,latest_price_issuer_differs_from_target_CIK_history_quarantined
PARA,2026-09-14,1.01,1.02,0.9651,1.01,119031.333755,1.0059,760.0,PARA,current_symbol,,,,,latest_price_issuer_differs_from_target_CIK_history_quarantined
PARA,2026-09-15,1.01,1.02,0.9651,1.0,88654.382246,0.9929,457.0,PARA,current_symbol,,,,,latest_price_issuer_differs_from_target_CIK_history_quarantined
PARA,2026-09-16,0.9998,0.9998,0.9531,0.967,58004.964836,0.968,493.0,PARA,current_symbol,,,,,latest_price_issuer_differs_from_target_CIK_history_quarantined
PARA,2026-09-17,0.94,0.96,0.9,0.9341,131049.55316,0.9358,805.0,PARA,current_symbol,,,,,latest_price_issuer_differs_from_target_CIK_history_quarantined
PARA,2026-09-18,0.926,0.96,0.906,0.9298,111483.115479,0.935,518.0,PARA,current_symbol,,,,,latest_price_issuer_differs_from_target_CIK_history_quarantined
PARA,2026-09-21,0.92,0.95,0.9001,0.9232,58808.833094,0.9209,495.0,PARA,current_symbol,,,,,latest_price_issuer_differs_from_target_CIK_history_quarantined
PARA,2026-09-22,0.9257,0.9524,0.8543,0.8846,146406.908414,0.8894,935.0,PARA,current_symbol,,,,,latest_price_issuer_differs_from_target_CIK_history_quarantined
PARA,2026-09-23,0.8776,0.8999,0.85,0.8853,87506.631863,0.8828,496.0,PARA,current_symbol,,,,,latest_price_issuer_differs_from_target_CIK_history_quarantined
PARA,2026-09-24,0.9,1.6,0.71,0.8191,10797611.271141,1.0427,35542.0,PARA,current_symbol,,,,,latest_price_issuer_differs_from_target_CIK_history_quarantined
PARA,2026-09-25,0.75,0.76,0.6626,0.7,620632.755931,0.7111,2362.0,PARA,current_symbol,,,,,latest_price_issuer_differs_from_target_CIK_history_quarantined
PARA,2026-09-28,0.6797,0.71,0.651,0.704,183348.330511,0.6798,1067.0,PARA,current_symbol,,,,,latest_price_issuer_differs_from_target_CIK_history_quarantined
PARA,2026-09-29,0.6829,0.695,0.67,0.6862,131974.74684,0.6806,637.0,PARA,current_symbol,,,,,latest_price_issuer_differs_from_target_CIK_history_quarantined
PARA,2026-09-30,0.6761,0.6828,0.635,0.649,3010934.8635,0.7291,10688.0,PARA,current_symbol,,,,,latest_price_issuer_differs_from_target_CIK_history_quarantined
PARA,2026-10-01,0.601,0.6095,0.568,0.5762,315835.630517,0.5903,1554.0,PARA,current_symbol,,,,,latest_price_issuer_differs_from_target_CIK_history_quarantined
PARA,2026-10-02,0.57,0.5879,0.513,0.5224,275235.851192,0.549,1895.0,PARA,current_symbol,,,,,latest_price_issuer_differs_from_target_CIK_history_quarantined
ROC,2022-01-03,9.85,9.85,9.825,9.84,497154.0,9.8345,125.0,ROC,current_symbol,,,,,different_security_or_issuer_before_listing_quarantined
ROC,2022-01-04,9.83,9.89,9.83,9.88,207556.0,9.8311,39.0,ROC,current_symbol,,,,,different_security_or_issuer_before_listing_quarantined
ROC,2022-01-06,9.85,9.85,9.85,9.85,288530.0,9.85,12.0,ROC,current_symbol,,,,,different_security_or_issuer_before_listing_quarantined
ROC,2022-01-07,9.88,9.9,9.85,9.85,5828.0,9.8839,8.0,ROC,current_symbol,,,,,different_security_or_issuer_before_listing_quarantined
ROC,2022-01-10,10.0,10.0,9.88,9.88,1693.0,9.8873,6.0,ROC,current_symbol,,,,,different_security_or_issuer_before_listing_quarantined
ROC,2022-01-11,9.8796,9.88,9.8796,9.88,4511.0,9.8799,3.0,ROC,current_symbol,,,,,different_security_or_issuer_before_listing_quarantined
ROC,2022-01-12,9.89,9.89,9.86,9.86,1624.0,9.8785,4.0,ROC,current_symbol,,,,,different_security_or_issuer_before_listing_quarantined
ROC,2022-01-13,9.88,9.915,9.84,9.84,2511.0,9.8658,212.0,ROC,current_symbol,,,,,different_security_or_issuer_before_listing_quarantined
ROC,2022-01-14,9.85,9.85,9.84,9.85,105286.0,9.8499,57.0,ROC,current_symbol,,,,,different_security_or_issuer_before_listing_quarantined
ROC,2022-01-18,9.84,9.85,9.84,9.85,2537.0,9.841,10.0,ROC,current_symbol,,,,,different_security_or_issuer_before_listing_quarantined
ROC,2022-01-19,9.865,9.88,9.8598,9.8598,972.0,9.8622,5.0,ROC,current_symbol,,,,,different_security_or_issuer_before_listing_quarantined
ROC,2022-01-20,9.9002,9.9002,9.83,9.84,14123.0,9.8399,53.0,ROC,current_symbol,,,,,different_security_or_issuer_before_listing_quarantined
ROC,2022-01-21,9.83,9.83,9.83,9.83,900.0,9.83,2.0,ROC,current_symbol,,,,,different_security_or_issuer_before_listing_quarantined
ROC,2022-01-27,9.84,9.87,9.84,9.87,8580.0,9.8447,23.0,ROC,current_symbol,,,,,different_security_or_issuer_before_listing_quarantined
ROC,2022-01-28,9.84,9.84,9.84,9.84,516.0,9.84,1.0,ROC,current_symbol,,,,,different_security_or_issuer_before_listing_quarantined
ROC,2022-01-31,9.84,9.89,9.84,9.89,2904.0,9.8615,9.0,ROC,current_symbol,,,,,different_security_or_issuer_before_listing_quarantined
ROC,2022-02-01,9.88,9.9,9.88,9.9,6150.0,9.8883,44.0,ROC,current_symbol,,,,,different_security_or_issuer_before_listing_quarantined
ROC,2022-02-02,9.9,9.9,9.87,9.8854,1804.0,9.8796,3.0,ROC,current_symbol,,,,,different_security_or_issuer_before_listing_quarantined
ROC,2022-02-07,9.8401,9.9,9.84,9.89,2652.0,9.8636,21.0,ROC,current_symbol,,,,,different_security_or_issuer_before_listing_quarantined
ROC,2022-02-08,9.881,9.881,9.881,9.881,432.0,9.881,1.0,ROC,current_symbol,,,,,different_security_or_issuer_before_listing_quarantined
ROC,2022-02-09,9.86,9.89,9.82,9.855,399103.0,9.8203,8.0,ROC,current_symbol,,,,,different_security_or_issuer_before_listing_quarantined
ROC,2022-02-10,9.86,9.89,9.85,9.85,58563.0,9.8631,137.0,ROC,current_symbol,,,,,different_security_or_issuer_before_listing_quarantined
ROC,2022-02-11,9.86,9.89,9.855,9.86,238360.0,9.8594,176.0,ROC,current_symbol,,,,,different_security_or_issuer_before_listing_quarantined
ROC,2022-02-15,9.88,9.88,9.88,9.88,204.0,9.8898,3.0,ROC,current_symbol,,,,,different_security_or_issuer_before_listing_quarantined
ROC,2022-02-24,9.87,9.87,9.87,9.87,305003.0,9.87,6.0,ROC,current_symbol,,,,,different_security_or_issuer_before_listing_quarantined
ROC,2022-02-25,9.8749,9.8749,9.8749,9.8749,500.0,9.8749,1.0,ROC,current_symbol,,,,,different_security_or_issuer_before_listing_quarantined
ROC,2022-02-28,9.87,9.87,9.87,9.87,2825.0,9.8701,18.0,ROC,current_symbol,,,,,different_security_or_issuer_before_listing_quarantined
ROC,2022-03-01,9.87,9.87,9.87,9.87,301.0,9.8701,4.0,ROC,current_symbol,,,,,different_security_or_issuer_before_listing_quarantined
ROC,2022-03-02,9.9,9.9,9.9,9.9,659.0,9.9,9.0,ROC,current_symbol,,,,,different_security_or_issuer_before_listing_quarantined
ROC,2022-03-03,9.9,9.9,9.885,9.9,1960.0,9.8939,8.0,ROC,current_symbol,,,,,different_security_or_issuer_before_listing_quarantined
ROC,2022-03-04,9.88,9.88,9.88,9.88,47000.0,9.88,1.0,ROC,current_symbol,,,,,different_security_or_issuer_before_listing_quarantined
ROC,2022-03-08,9.91,9.91,9.88,9.9,2793.0,9.9025,12.0,ROC,current_symbol,,,,,different_security_or_issuer_before_listing_quarantined
ROC,2022-03-09,9.93,9.93,9.895,9.895,2116.0,9.9133,14.0,ROC,current_symbol,,,,,different_security_or_issuer_before_listing_quarantined
ROC,2022-03-11,9.9296,9.9296,9.9296,9.9296,511.0,9.9294,3.0,ROC,current_symbol,,,,,different_security_or_issuer_before_listing_quarantined
ROC,2022-03-15,9.91,9.91,9.9,9.9,17174.0,9.9096,5.0,ROC,current_symbol,,,,,different_security_or_issuer_before_listing_quarantined
ROC,2022-03-16,9.9,9.92,9.89,9.92,8980.0,9.8937,18.0,ROC,current_symbol,,,,,different_security_or_issuer_before_listing_quarantined
ROC,2022-03-17,9.89,9.9,9.89,9.89,2023.0,9.8908,14.0,ROC,current_symbol,,,,,different_security_or_issuer_before_listing_quarantined
ROC,2022-03-21,9.92,9.9399,9.89,9.89,2087.0,9.9252,8.0,ROC,current_symbol,,,,,different_security_or_issuer_before_listing_quarantined
ROC,2022-03-23,9.89,9.89,9.89,9.89,1785.0,9.89,7.0,ROC,current_symbol,,,,,different_security_or_issuer_before_listing_quarantined
ROC,2022-03-24,9.9,9.9166,9.9,9.9,1274.0,9.9063,4.0,ROC,current_symbol,,,,,different_security_or_issuer_before_listing_quarantined
ROC,2022-03-25,9.9362,9.9362,9.9,9.9,124421.0,9.91,13.0,ROC,current_symbol,,,,,different_security_or_issuer_before_listing_quarantined
ROC,2022-03-28,9.9017,9.92,9.9017,9.92,379.0,9.9151,6.0,ROC,current_symbol,,,,,different_security_or_issuer_before_listing_quarantined
ROC,2022-03-29,9.93,9.94,9.9,9.9,2397.0,9.9296,8.0,ROC,current_symbol,,,,,different_security_or_issuer_before_listing_quarantined
ROC,2022-03-30,9.9,9.91,9.9,9.91,6914.0,9.9075,48.0,ROC,current_symbol,,,,,different_security_or_issuer_before_listing_quarantined
ROC,2022-03-31,9.9,9.92,9.9,9.915,6502.0,9.9174,58.0,ROC,current_symbol,,,,,different_security_or_issuer_before_listing_quarantined
ROC,2022-04-01,9.92,9.94,9.91,9.94,152306.0,9.9124,59.0,ROC,current_symbol,,,,,different_security_or_issuer_before_listing_quarantined
ROC,2022-04-04,9.91,9.93,9.91,9.93,707.0,9.9201,8.0,ROC,current_symbol,,,,,different_security_or_issuer_before_listing_quarantined
ROC,2022-04-05,9.92,9.95,9.92,9.95,5987.0,9.9397,43.0,ROC,current_symbol,,,,,different_security_or_issuer_before_listing_quarantined
ROC,2022-04-06,9.91,9.93,9.91,9.93,205.0,9.9202,3.0,ROC,current_symbol,,,,,different_security_or_issuer_before_listing_quarantined
ROC,2022-04-07,9.92,9.95,9.92,9.94,3550.0,9.9412,33.0,ROC,current_symbol,,,,,different_security_or_issuer_before_listing_quarantined
ROC,2022-04-08,9.95,9.95,9.95,9.95,5000.0,9.95,31.0,ROC,current_symbol,,,,,different_security_or_issuer_before_listing_quarantined
ROC,2022-04-11,9.95,9.95,9.95,9.95,218.0,9.9499,5.0,ROC,current_symbol,,,,,different_security_or_issuer_before_listing_quarantined
ROC,2022-04-12,9.95,9.953,9.95,9.95,4102.0,9.9507,28.0,ROC,current_symbol,,,,,different_security_or_issuer_before_listing_quarantined
ROC,2022-04-13,9.955,9.96,9.95,9.95,2737.0,9.9584,25.0,ROC,current_symbol,,,,,different_security_or_issuer_before_listing_quarantined
ROC,2022-04-14,9.96,9.96,9.93,9.96,1982.0,9.9539,19.0,ROC,current_symbol,,,,,different_security_or_issuer_before_listing_quarantined
ROC,2022-04-18,9.95,9.95,9.95,9.95,1566.0,9.9428,25.0,ROC,current_symbol,,,,,different_security_or_issuer_before_listing_quarantined
ROC,2022-04-19,9.9405,9.9405,9.9405,9.9405,1000.0,9.9405,1.0,ROC,current_symbol,,,,,different_security_or_issuer_before_listing_quarantined
ROC,2022-04-20,9.945,9.945,9.945,9.945,150.0,9.9467,2.0,ROC,current_symbol,,,,,different_security_or_issuer_before_listing_quarantined
ROC,2022-04-21,9.94,9.95,9.94,9.94,2094.0,9.9405,16.0,ROC,current_symbol,,,,,different_security_or_issuer_before_listing_quarantined
ROC,2022-04-22,9.94,9.95,9.94,9.94,6175.0,9.948,56.0,ROC,current_symbol,,,,,different_security_or_issuer_before_listing_quarantined
ROC,2022-04-25,9.94,9.9401,9.94,9.9401,676.0,9.9411,4.0,ROC,current_symbol,,,,,different_security_or_issuer_before_listing_quarantined
ROC,2022-04-28,9.94,9.94,9.94,9.94,1413.0,9.9421,17.0,ROC,current_symbol,,,,,different_security_or_issuer_before_listing_quarantined
ROC,2022-04-29,9.96,9.96,9.94,9.94,12264.0,9.9407,43.0,ROC,current_symbol,,,,,different_security_or_issuer_before_listing_quarantined
ROC,2022-05-02,9.95,9.95,9.95,9.95,6106.0,9.95,5.0,ROC,current_symbol,,,,,different_security_or_issuer_before_listing_quarantined
ROC,2022-05-05,9.96,9.965,9.96,9.96,1943.0,9.9628,22.0,ROC,current_symbol,,,,,different_security_or_issuer_before_listing_quarantined
ROC,2022-05-09,9.9746,9.9746,9.95,9.95,4770.0,9.959,32.0,ROC,current_symbol,,,,,different_security_or_issuer_before_listing_quarantined
ROC,2022-05-10,9.97,9.97,9.96,9.96,200.0,9.965,2.0,ROC,current_symbol,,,,,different_security_or_issuer_before_listing_quarantined
ROC,2022-05-11,9.965,9.965,9.95,9.95,2003.0,9.952,22.0,ROC,current_symbol,,,,,different_security_or_issuer_before_listing_quarantined
ROC,2022-05-12,9.95,9.95,9.95,9.95,434.0,9.95,2.0,ROC,current_symbol,,,,,different_security_or_issuer_before_listing_quarantined
ROC,2022-05-13,9.95,9.97,9.91,9.92,188174.0,9.9211,44.0,ROC,current_symbol,,,,,different_security_or_issuer_before_listing_quarantined
ROC,2022-05-16,9.94,9.95,9.9212,9.9212,33371.0,9.9301,8.0,ROC,current_symbol,,,,,different_security_or_issuer_before_listing_quarantined
ROC,2022-05-17,9.92,9.92,9.92,9.92,111699.0,9.92,40.0,ROC,current_symbol,,,,,different_security_or_issuer_before_listing_quarantined
ROC,2022-05-18,9.92,9.92,9.91,9.91,150006.0,9.919,28.0,ROC,current_symbol,,,,,different_security_or_issuer_before_listing_quarantined
ROC,2022-05-23,9.93,9.93,9.93,9.93,972.0,9.93,3.0,ROC,current_symbol,,,,,different_security_or_issuer_before_listing_quarantined
ROC,2022-05-24,9.96,9.97,9.96,9.97,417.0,9.9608,5.0,ROC,current_symbol,,,,,different_security_or_issuer_before_listing_quarantined
ROC,2022-05-25,9.93,9.93,9.93,9.93,400.0,9.93,2.0,ROC,current_symbol,,,,,different_security_or_issuer_before_listing_quarantined
ROC,2022-05-26,9.94,9.94,9.94,9.94,5008.0,9.94,5.0,ROC,current_symbol,,,,,different_security_or_issuer_before_listing_quarantined
ROC,2022-05-27,9.95,9.95,9.95,9.95,110.0,9.9494,2.0,ROC,current_symbol,,,,,different_security_or_issuer_before_listing_quarantined
ROC,2022-05-31,9.94,9.95,9.94,9.95,23593.0,9.9401,8.0,ROC,current_symbol,,,,,different_security_or_issuer_before_listing_quarantined
ROC,2022-06-01,9.94,9.94,9.94,9.94,1236.0,9.94,8.0,ROC,current_symbol,,,,,different_security_or_issuer_before_listing_quarantined
ROC,2022-06-02,9.95,9.95,9.93,9.94,70171.0,9.9447,156.0,ROC,current_symbol,,,,,different_security_or_issuer_before_listing_quarantined
ROC,2022-06-03,9.93,9.95,9.93,9.95,57711.0,9.944,135.0,ROC,current_symbol,,,,,different_security_or_issuer_before_listing_quarantined
ROC,2022-06-06,9.94,9.99,9.94,9.98,1800.0,9.9464,6.0,ROC,current_symbol,,,,,different_security_or_issuer_before_listing_quarantined
ROC,2022-06-08,10.02,10.02,9.94,9.94,351.0,9.9806,23.0,ROC,current_symbol,,,,,different_security_or_issuer_before_listing_quarantined
ROC,2022-06-09,9.965,9.97,9.94,9.95,2508.0,9.9538,11.0,ROC,current_symbol,,,,,different_security_or_issuer_before_listing_quarantined
ROC,2022-06-14,9.97,9.97,9.95,9.95,3064.0,9.9534,19.0,ROC,current_symbol,,,,,different_security_or_issuer_before_listing_quarantined
ROC,2022-06-15,9.95,9.95,9.95,9.95,514597.0,9.95,4.0,ROC,current_symbol,,,,,different_security_or_issuer_before_listing_quarantined
ROC,2022-06-21,10.0,10.0,10.0,10.0,188.0,9.9766,6.0,ROC,current_symbol,,,,,different_security_or_issuer_before_listing_quarantined
ROC,2022-06-22,9.95,9.95,9.95,9.95,846.0,9.9536,31.0,ROC,current_symbol,,,,,different_security_or_issuer_before_listing_quarantined
ROC,2022-06-23,9.9799,9.9799,9.9799,9.9799,219.0,9.9847,4.0,ROC,current_symbol,,,,,different_security_or_issuer_before_listing_quarantined
ROC,2022-06-24,9.95,9.95,9.95,9.95,220.0,9.963,16.0,ROC,current_symbol,,,,,different_security_or_issuer_before_listing_quarantined
ROC,2022-06-27,9.985,9.985,9.985,9.985,604.0,9.9892,17.0,ROC,current_symbol,,,,,different_security_or_issuer_before_listing_quarantined
ROC,2022-06-30,9.985,9.985,9.95,9.96,7608.0,9.9626,45.0,ROC,current_symbol,,,,,different_security_or_issuer_before_listing_quarantined
ROC,2022-07-05,9.97,9.97,9.97,9.97,48286.0,9.97,10.0,ROC,current_symbol,,,,,different_security_or_issuer_before_listing_quarantined
ROC,2022-07-06,9.97,9.97,9.97,9.97,3990.0,9.9701,16.0,ROC,current_symbol,,,,,different_security_or_issuer_before_listing_quarantined
ROC,2022-07-07,9.98,9.98,9.97,9.97,603.0,9.9717,4.0,ROC,current_symbol,,,,,different_security_or_issuer_before_listing_quarantined
ROC,2022-07-14,9.97,9.97,9.97,9.97,25000.0,9.97,1.0,ROC,current_symbol,,,,,different_security_or_issuer_before_listing_quarantined
ROC,2022-07-15,9.9799,9.98,9.97,9.97,1375.0,9.9762,4.0,ROC,current_symbol,,,,,different_security_or_issuer_before_listing_quarantined
ROC,2022-07-19,9.98,9.98,9.97,9.98,1745.0,9.9756,20.0,ROC,current_symbol,,,,,different_security_or_issuer_before_listing_quarantined
ROC,2022-07-20,9.97,9.98,9.97,9.97,1910.0,9.9709,7.0,ROC,current_symbol,,,,,different_security_or_issuer_before_listing_quarantined
ROC,2022-07-21,9.994,9.994,9.994,9.994,423.0,9.994,1.0,ROC,current_symbol,,,,,different_security_or_issuer_before_listing_quarantined
ROC,2022-07-22,9.99,10.0144,9.99,10.0144,600.0,9.9941,3.0,ROC,current_symbol,,,,,different_security_or_issuer_before_listing_quarantined
ROC,2022-07-25,10.03,10.03,10.03,10.03,321.0,10.0221,8.0,ROC,current_symbol,,,,,different_security_or_issuer_before_listing_quarantined
ROC,2022-07-26,9.99,9.99,9.99,9.99,5116.0,9.99,5.0,ROC,current_symbol,,,,,different_security_or_issuer_before_listing_quarantined
ROC,2022-07-27,9.9901,9.9901,9.9901,9.9901,104.0,9.9912,2.0,ROC,current_symbol,,,,,different_security_or_issuer_before_listing_quarantined
ROC,2022-07-29,10.0,10.0,9.993,10.0,1923.0,9.9992,20.0,ROC,current_symbol,,,,,different_security_or_issuer_before_listing_quarantined
ROC,2022-08-01,10.01,10.02,10.0,10.0,1609.0,10.0097,9.0,ROC,current_symbol,,,,,different_security_or_issuer_before_listing_quarantined
ROC,2022-08-02,10.03,10.03,10.0199,10.02,2095.0,10.02,6.0,ROC,current_symbol,,,,,different_security_or_issuer_before_listing_quarantined
ROC,2022-08-03,10.01,10.01,10.0,10.01,8960.0,10.0042,11.0,ROC,current_symbol,,,,,different_security_or_issuer_before_listing_quarantined
ROC,2022-08-04,10.01,10.01,10.01,10.01,501.0,10.01,4.0,ROC,current_symbol,,,,,different_security_or_issuer_before_listing_quarantined
ROC,2022-08-05,10.01,10.03,10.01,10.01,52092.0,10.0277,34.0,ROC,current_symbol,,,,,different_security_or_issuer_before_listing_quarantined
ROC,2022-08-08,10.03,10.03,10.01,10.01,265.0,10.0274,3.0,ROC,current_symbol,,,,,different_security_or_issuer_before_listing_quarantined
ROC,2022-08-09,10.02,10.03,10.0,10.0,43782.0,10.0009,11.0,ROC,current_symbol,,,,,different_security_or_issuer_before_listing_quarantined
ROC,2022-08-10,10.03,10.03,10.03,10.03,152.0,10.0298,2.0,ROC,current_symbol,,,,,different_security_or_issuer_before_listing_quarantined
ROC,2022-08-11,10.03,10.03,10.015,10.015,577.0,10.0214,5.0,ROC,current_symbol,,,,,different_security_or_issuer_before_listing_quarantined
ROC,2022-08-15,10.01,10.02,10.01,10.02,2605475.0,10.02,10.0,ROC,current_symbol,,,,,different_security_or_issuer_before_listing_quarantined
ROC,2022-08-16,10.03,10.03,10.03,10.03,10318.0,10.0299,10.0,ROC,current_symbol,,,,,different_security_or_issuer_before_listing_quarantined
ROC,2022-08-17,10.02,10.02,10.01,10.01,488.0,10.0121,6.0,ROC,current_symbol,,,,,different_security_or_issuer_before_listing_quarantined
ROC,2022-08-19,9.99,10.04,9.99,10.02,80206.0,10.02,4.0,ROC,current_symbol,,,,,different_security_or_issuer_before_listing_quarantined
ROC,2022-08-22,10.03,10.03,10.02,10.03,8101.0,10.0289,7.0,ROC,current_symbol,,,,,different_security_or_issuer_before_listing_quarantined
ROC,2022-08-23,10.04,10.05,10.03,10.05,6731.0,10.0412,54.0,ROC,current_symbol,,,,,different_security_or_issuer_before_listing_quarantined
ROC,2022-08-24,10.05,10.05,10.05,10.05,150.0,10.05,1.0,ROC,current_symbol,,,,,different_security_or_issuer_before_listing_quarantined
ROC,2022-08-25,10.0,10.0,9.9801,9.9801,1150.0,9.9974,4.0,ROC,current_symbol,,,,,different_security_or_issuer_before_listing_quarantined
ROC,2022-08-30,9.99,9.99,9.99,9.99,461.0,9.9901,4.0,ROC,current_symbol,,,,,different_security_or_issuer_before_listing_quarantined
ROC,2022-08-31,9.99,10.03,9.99,10.025,21032.0,10.007,48.0,ROC,current_symbol,,,,,different_security_or_issuer_before_listing_quarantined
ROC,2022-09-01,10.05,10.05,10.05,10.05,1851.0,10.0738,5.0,ROC,current_symbol,,,,,different_security_or_issuer_before_listing_quarantined
ROC,2022-09-02,10.08,10.08,10.02,10.02,322.0,10.0451,4.0,ROC,current_symbol,,,,,different_security_or_issuer_before_listing_quarantined
ROC,2022-09-06,10.02,10.0254,10.02,10.02,5017.0,10.0222,6.0,ROC,current_symbol,,,,,different_security_or_issuer_before_listing_quarantined
ROC,2022-09-07,10.02,10.02,10.02,10.02,621.0,10.021,4.0,ROC,current_symbol,,,,,different_security_or_issuer_before_listing_quarantined
ROC,2022-09-09,10.05,10.05,10.05,10.05,127.0,10.0476,2.0,ROC,current_symbol,,,,,different_security_or_issuer_before_listing_quarantined
ROC,2022-09-14,10.03,10.04,10.03,10.04,13229.0,10.0385,18.0,ROC,current_symbol,,,,,different_security_or_issuer_before_listing_quarantined
ROC,2022-09-15,10.02,10.0204,10.02,10.0204,16326.0,10.0201,49.0,ROC,current_symbol,,,,,different_security_or_issuer_before_listing_quarantined
ROC,2022-09-19,10.0201,10.0267,10.02,10.02,4067.0,10.0225,9.0,ROC,current_symbol,,,,,different_security_or_issuer_before_listing_quarantined
ROC,2022-09-21,10.05,10.05,10.05,10.05,152.0,10.0498,4.0,ROC,current_symbol,,,,,different_security_or_issuer_before_listing_quarantined
ROC,2022-09-22,10.045,10.05,10.045,10.05,64564.0,10.0481,21.0,ROC,current_symbol,,,,,different_security_or_issuer_before_listing_quarantined
ROC,2022-09-23,10.04,10.04,10.04,10.04,850.0,10.04,14.0,ROC,current_symbol,,,,,different_security_or_issuer_before_listing_quarantined
ROC,2022-09-26,10.02,10.02,10.02,10.02,2493.0,10.0202,32.0,ROC,current_symbol,,,,,different_security_or_issuer_before_listing_quarantined
ROC,2022-09-27,10.02,10.02,10.02,10.02,7254.0,10.0204,84.0,ROC,current_symbol,,,,,different_security_or_issuer_before_listing_quarantined
ROC,2022-09-28,10.04,10.04,10.04,10.04,119.0,10.0399,3.0,ROC,current_symbol,,,,,different_security_or_issuer_before_listing_quarantined
ROC,2022-09-29,10.0231,10.0231,10.02,10.02,44701.0,10.0396,12.0,ROC,current_symbol,,,,,different_security_or_issuer_before_listing_quarantined
ROC,2022-09-30,10.02,10.02,10.02,10.02,53161.0,10.02,67.0,ROC,current_symbol,,,,,different_security_or_issuer_before_listing_quarantined
ROC,2022-10-03,10.04,10.04,10.04,10.04,10720.0,10.0398,16.0,ROC,current_symbol,,,,,different_security_or_issuer_before_listing_quarantined
ROC,2022-10-04,10.035,10.04,10.03,10.04,593.0,10.0383,13.0,ROC,current_symbol,,,,,different_security_or_issuer_before_listing_quarantined
ROC,2022-10-05,10.032,10.032,10.032,10.032,2549.0,10.032,6.0,ROC,current_symbol,,,,,different_security_or_issuer_before_listing_quarantined
ROC,2022-10-06,10.02,10.04,10.02,10.03,6609.0,10.0292,72.0,ROC,current_symbol,,,,,different_security_or_issuer_before_listing_quarantined
ROC,2022-10-07,10.04,10.05,10.03,10.05,432667.0,10.0352,29.0,ROC,current_symbol,,,,,different_security_or_issuer_before_listing_quarantined
ROC,2022-10-10,10.03,10.03,10.03,10.03,6102.0,10.03,62.0,ROC,current_symbol,,,,,different_security_or_issuer_before_listing_quarantined
ROC,2022-10-11,10.03,10.03,10.03,10.03,36205.0,10.03,352.0,ROC,current_symbol,,,,,different_security_or_issuer_before_listing_quarantined
ROC,2022-10-12,10.03,10.0402,10.03,10.04,48564.0,10.0386,317.0,ROC,current_symbol,,,,,different_security_or_issuer_before_listing_quarantined
ROC,2022-10-14,10.04,10.0467,10.04,10.0467,27728.0,10.0401,6.0,ROC,current_symbol,,,,,different_security_or_issuer_before_listing_quarantined
ROC,2022-10-17,10.05,10.05,10.05,10.05,164.0,10.0508,3.0,ROC,current_symbol,,,,,different_security_or_issuer_before_listing_quarantined
ROC,2022-10-18,10.05,10.055,10.05,10.05,5049.0,10.0508,51.0,ROC,current_symbol,,,,,different_security_or_issuer_before_listing_quarantined
ROC,2022-10-19,10.05,10.06,10.05,10.05,4729.0,10.0502,46.0,ROC,current_symbol,,,,,different_security_or_issuer_before_listing_quarantined
ROC,2022-10-21,10.05,10.05,10.04,10.05,34266.0,10.0459,110.0,ROC,current_symbol,,,,,different_security_or_issuer_before_listing_quarantined
ROC,2022-10-24,10.0594,10.06,10.05,10.06,14995.0,10.0516,15.0,ROC,current_symbol,,,,,different_security_or_issuer_before_listing_quarantined
ROC,2022-10-25,10.07,10.07,10.07,10.07,266.0,10.0694,7.0,ROC,current_symbol,,,,,different_security_or_issuer_before_listing_quarantined
ROC,2022-10-26,10.07,10.12,10.07,10.12,20494.0,10.1038,62.0,ROC,current_symbol,,,,,different_security_or_issuer_before_listing_quarantined
ROC,2022-10-27,10.12,10.12,10.1107,10.1107,310.0,10.1118,4.0,ROC,current_symbol,,,,,different_security_or_issuer_before_listing_quarantined
ROC,2022-10-31,10.08,10.09,10.08,10.09,2348.0,10.0838,5.0,ROC,current_symbol,,,,,different_security_or_issuer_before_listing_quarantined
ROC,2022-11-01,10.11,10.11,10.11,10.11,8049.0,10.11,3.0,ROC,current_symbol,,,,,different_security_or_issuer_before_listing_quarantined
ROC,2022-11-02,10.11,10.13,10.09,10.1277,26856.0,10.1109,78.0,ROC,current_symbol,,,,,different_security_or_issuer_before_listing_quarantined
ROC,2022-11-03,10.1125,10.12,10.105,10.1125,4813.0,10.1119,34.0,ROC,current_symbol,,,,,different_security_or_issuer_before_listing_quarantined
ROC,2022-11-07,10.1191,10.1191,10.1191,10.1191,5001.0,10.1191,2.0,ROC,current_symbol,,,,,different_security_or_issuer_before_listing_quarantined
ROC,2022-11-08,10.0908,10.125,10.0908,10.12,264148.0,10.1195,38.0,ROC,current_symbol,,,,,different_security_or_issuer_before_listing_quarantined
ROC,2022-11-09,10.125,10.125,10.125,10.125,200.0,10.125,2.0,ROC,current_symbol,,,,,different_security_or_issuer_before_listing_quarantined
ROC,2022-11-10,10.12,10.13,10.12,10.1223,29873.0,10.1203,14.0,ROC,current_symbol,,,,,different_security_or_issuer_before_listing_quarantined
ROC,2022-11-11,10.13,10.13,10.13,10.13,372.0,10.1298,6.0,ROC,current_symbol,,,,,different_security_or_issuer_before_listing_quarantined
ROC,2022-11-14,10.12,10.13,10.12,10.1243,5053.0,10.1217,12.0,ROC,current_symbol,,,,,different_security_or_issuer_before_listing_quarantined
ROC,2022-11-16,10.1217,10.1217,10.1217,10.1217,208.0,10.121,4.0,ROC,current_symbol,,,,,different_security_or_issuer_before_listing_quarantined
ROC,2022-11-17,10.13,10.13,10.13,10.13,586.0,10.1283,3.0,ROC,current_symbol,,,,,different_security_or_issuer_before_listing_quarantined
ROC,2022-11-18,10.13,10.13,10.12,10.13,34875.0,10.1282,175.0,ROC,current_symbol,,,,,different_security_or_issuer_before_listing_quarantined
ROC,2022-11-22,10.14,10.15,10.12,10.13,183355.0,10.1299,22.0,ROC,current_symbol,,,,,different_security_or_issuer_before_listing_quarantined
ROC,2022-11-25,10.12,10.12,10.12,10.12,921.0,10.12,1.0,ROC,current_symbol,,,,,different_security_or_issuer_before_listing_quarantined
ROC,2022-11-28,10.15,10.15,10.1301,10.1301,202.0,10.1401,4.0,ROC,current_symbol,,,,,different_security_or_issuer_before_listing_quarantined
ROC,2022-11-30,10.15,10.15,10.15,10.15,3014.0,10.1466,23.0,ROC,current_symbol,,,,,different_security_or_issuer_before_listing_quarantined
ROC,2022-12-01,10.15,10.15,10.13,10.15,5685.0,10.1439,25.0,ROC,current_symbol,,,,,different_security_or_issuer_before_listing_quarantined
ROC,2022-12-02,10.15,10.15,10.15,10.15,112.0,10.1489,3.0,ROC,current_symbol,,,,,different_security_or_issuer_before_listing_quarantined
ROC,2022-12-05,10.15,10.18,10.15,10.1689,13900.0,10.1583,22.0,ROC,current_symbol,,,,,different_security_or_issuer_before_listing_quarantined
ROC,2022-12-06,10.16,10.16,10.16,10.16,505.0,10.1599,2.0,ROC,current_symbol,,,,,different_security_or_issuer_before_listing_quarantined
ROC,2022-12-07,10.15,10.17,10.15,10.17,1164.0,10.1646,10.0,ROC,current_symbol,,,,,different_security_or_issuer_before_listing_quarantined
ROC,2022-12-08,10.65,10.65,10.18,10.18,550.0,10.3525,9.0,ROC,current_symbol,,,,,different_security_or_issuer_before_listing_quarantined
ROC,2022-12-09,10.15,10.15,10.15,10.15,288.0,10.15,7.0,ROC,current_symbol,,,,,different_security_or_issuer_before_listing_quarantined
ROC,2022-12-12,10.1648,10.2,10.1648,10.2,4462.0,10.1931,23.0,ROC,current_symbol,,,,,different_security_or_issuer_before_listing_quarantined
ROC,2022-12-13,10.22,10.22,10.17,10.17,1135.0,10.1984,13.0,ROC,current_symbol,,,,,different_security_or_issuer_before_listing_quarantined
ROC,2022-12-15,10.175,10.175,10.175,10.175,266.0,10.175,1.0,ROC,current_symbol,,,,,different_security_or_issuer_before_listing_quarantined
ROC,2022-12-16,10.17,10.27,10.15,10.15,24387.0,10.1608,16.0,ROC,current_symbol,,,,,different_security_or_issuer_before_listing_quarantined
ROC,2022-12-19,10.38,10.41,10.15,10.15,12118.0,10.3633,41.0,ROC,current_symbol,,,,,different_security_or_issuer_before_listing_quarantined
ROC,2022-12-21,10.18,10.18,10.18,10.18,110.0,10.1836,2.0,ROC,current_symbol,,,,,different_security_or_issuer_before_listing_quarantined
ROC,2022-12-23,10.16,10.18,10.16,10.16,1801.0,10.1639,18.0,ROC,current_symbol,,,,,different_security_or_issuer_before_listing_quarantined
ROC,2022-12-27,10.19,10.28,10.19,10.28,28465.0,10.1991,39.0,ROC,current_symbol,,,,,different_security_or_issuer_before_listing_quarantined
ROC,2022-12-28,10.24,10.25,10.24,10.245,59339.0,10.2418,82.0,ROC,current_symbol,,,,,different_security_or_issuer_before_listing_quarantined
ROC,2022-12-29,10.24,10.24,10.23,10.23,294.0,10.2366,6.0,ROC,current_symbol,,,,,different_security_or_issuer_before_listing_quarantined
ROC,2022-12-30,10.245,10.245,10.24,10.24,27038.0,10.2443,96.0,ROC,current_symbol,,,,,different_security_or_issuer_before_listing_quarantined
ROC,2023-01-03,10.24,10.26,10.24,10.255,983770.0,10.2497,29.0,ROC,current_symbol,,,,,different_security_or_issuer_before_listing_quarantined
ROC,2023-01-04,11.2,11.24,10.24,10.26,24435.0,10.4946,118.0,ROC,current_symbol,,,,,different_security_or_issuer_before_listing_quarantined
ROC,2023-01-05,10.28,10.28,10.26,10.27,43623.0,10.268,23.0,ROC,current_symbol,,,,,different_security_or_issuer_before_listing_quarantined
ROC,2023-01-06,10.27,10.28,10.26,10.28,1359444.0,10.2709,366.0,ROC,current_symbol,,,,,different_security_or_issuer_before_listing_quarantined
ROC,2023-01-09,10.27,10.28,10.27,10.27,35788.0,10.2703,17.0,ROC,current_symbol,,,,,different_security_or_issuer_before_listing_quarantined
ROC,2023-01-10,10.27,10.2737,10.27,10.27,44708.0,10.27,53.0,ROC,current_symbol,,,,,different_security_or_issuer_before_listing_quarantined
ROC,2023-01-11,10.27,10.2888,10.27,10.27,1246.0,10.2789,9.0,ROC,current_symbol,,,,,different_security_or_issuer_before_listing_quarantined
ROC,2023-01-12,10.28,10.28,10.28,10.28,210.0,10.28,9.0,ROC,current_symbol,,,,,different_security_or_issuer_before_listing_quarantined
ROC,2023-01-13,10.28,10.28,10.2782,10.2782,1253.0,10.2797,9.0,ROC,current_symbol,,,,,different_security_or_issuer_before_listing_quarantined
ROC,2023-01-17,10.28,10.29,10.28,10.2869,2604.0,10.2895,10.0,ROC,current_symbol,,,,,different_security_or_issuer_before_listing_quarantined
ROC,2023-01-18,10.28,10.29,10.28,10.29,5280.0,10.2814,9.0,ROC,current_symbol,,,,,different_security_or_issuer_before_listing_quarantined
ROC,2023-01-19,10.28,10.29,10.28,10.28,4343.0,10.2814,26.0,ROC,current_symbol,,,,,different_security_or_issuer_before_listing_quarantined
ROC,2023-01-20,10.28,10.29,10.28,10.29,360.0,10.2857,8.0,ROC,current_symbol,,,,,different_security_or_issuer_before_listing_quarantined
ROC,2023-01-23,10.28,10.31,10.28,10.3,513249.0,10.2998,87.0,ROC,current_symbol,,,,,different_security_or_issuer_before_listing_quarantined
ROC,2023-01-24,10.3,10.33,10.3,10.3,563534.0,10.3003,91.0,ROC,current_symbol,,,,,different_security_or_issuer_before_listing_quarantined
ROC,2023-01-25,10.3,10.305,10.3,10.3,216856.0,10.3,24.0,ROC,current_symbol,,,,,different_security_or_issuer_before_listing_quarantined
ROC,2023-01-26,10.3,10.3,10.3,10.3,377.0,10.302,5.0,ROC,current_symbol,,,,,different_security_or_issuer_before_listing_quarantined
ROC,2023-01-27,10.32,10.32,10.32,10.32,5443.0,10.32,11.0,ROC,current_symbol,,,,,different_security_or_issuer_before_listing_quarantined
ROC,2023-01-30,10.32,10.32,10.3,10.3,22393.0,10.3026,15.0,ROC,current_symbol,,,,,different_security_or_issuer_before_listing_quarantined
ROC,2023-01-31,10.315,10.32,10.31,10.31,1155.0,10.3152,13.0,ROC,current_symbol,,,,,different_security_or_issuer_before_listing_quarantined
ROC,2023-02-01,10.31,10.3236,10.31,10.31,7033.0,10.3127,66.0,ROC,current_symbol,,,,,different_security_or_issuer_before_listing_quarantined
ROC,2023-02-02,10.33,10.33,10.33,10.33,247.0,10.3286,2.0,ROC,current_symbol,,,,,different_security_or_issuer_before_listing_quarantined
ROC,2023-02-03,10.32,10.32,10.3195,10.32,879.0,10.3199,9.0,ROC,current_symbol,,,,,different_security_or_issuer_before_listing_quarantined
ROC,2023-02-06,10.31,10.32,10.31,10.32,3875.0,10.3105,19.0,ROC,current_symbol,,,,,different_security_or_issuer_before_listing_quarantined
ROC,2023-02-08,10.32,10.33,10.32,10.32,6644.0,10.3202,18.0,ROC,current_symbol,,,,,different_security_or_issuer_before_listing_quarantined
ROC,2023-02-09,10.32,10.33,10.32,10.32,252754.0,10.32,11.0,ROC,current_symbol,,,,,different_security_or_issuer_before_listing_quarantined
ROC,2023-02-10,10.32,10.325,10.32,10.32,17160.0,10.3202,67.0,ROC,current_symbol,,,,,different_security_or_issuer_before_listing_quarantined
ROC,2023-02-13,10.32,10.33,10.32,10.33,909.0,10.3219,14.0,ROC,current_symbol,,,,,different_security_or_issuer_before_listing_quarantined
ROC,2023-02-14,10.35,10.39,10.35,10.37,1123092.0,10.3673,740.0,ROC,current_symbol,,,,,different_security_or_issuer_before_listing_quarantined
ROC,2023-02-15,10.38,10.38,10.35,10.35,139423.0,10.357,216.0,ROC,current_symbol,,,,,different_security_or_issuer_before_listing_quarantined
ROC,2023-02-16,10.36,10.38,10.36,10.36,63035.0,10.377,73.0,ROC,current_symbol,,,,,different_security_or_issuer_before_listing_quarantined
ROC,2023-02-17,10.3899,10.39,10.375,10.375,558.0,10.3852,9.0,ROC,current_symbol,,,,,different_security_or_issuer_before_listing_quarantined
ROC,2023-02-21,10.3601,10.375,10.36,10.36,622846.0,10.36,289.0,ROC,current_symbol,,,,,different_security_or_issuer_before_listing_quarantined
ROC,2023-02-22,10.36,10.3686,10.35,10.35,371881.0,10.3595,227.0,ROC,current_symbol,,,,,different_security_or_issuer_before_listing_quarantined
ROC,2023-02-23,10.35,10.36,10.35,10.36,308320.0,10.36,13.0,ROC,current_symbol,,,,,different_security_or_issuer_before_listing_quarantined
ROC,2023-02-24,10.36,10.39,10.36,10.37,52531.0,10.3699,302.0,ROC,current_symbol,,,,,different_security_or_issuer_before_listing_quarantined
ROC,2023-02-27,10.3785,10.3785,10.37,10.37,1270.0,10.3756,16.0,ROC,current_symbol,,,,,different_security_or_issuer_before_listing_quarantined
ROC,2023-02-28,10.37,10.3799,10.37,10.3799,3095.0,10.3723,15.0,ROC,current_symbol,,,,,different_security_or_issuer_before_listing_quarantined
ROC,2023-03-01,10.36,10.39,10.36,10.37,90611.0,10.3738,520.0,ROC,current_symbol,,,,,different_security_or_issuer_before_listing_quarantined
ROC,2023-03-02,10.38,10.38,10.38,10.38,210.0,10.387,7.0,ROC,current_symbol,,,,,different_security_or_issuer_before_listing_quarantined
ROC,2023-03-06,10.38,10.385,10.38,10.38,210131.0,10.3802,71.0,ROC,current_symbol,,,,,different_security_or_issuer_before_listing_quarantined
ROC,2023-03-08,10.38,10.42,10.38,10.42,75518.0,10.3861,55.0,ROC,current_symbol,,,,,different_security_or_issuer_before_listing_quarantined
ROC,2023-03-09,10.43,10.43,10.38,10.38,90433.0,10.3802,10.0,ROC,current_symbol,,,,,different_security_or_issuer_before_listing_quarantined
ROC,2023-03-10,10.4,10.43,10.4,10.43,36068.0,10.4072,120.0,ROC,current_symbol,,,,,different_security_or_issuer_before_listing_quarantined
ROC,2023-03-13,10.45,10.45,10.39,10.4378,18685.0,10.4085,37.0,ROC,current_symbol,,,,,different_security_or_issuer_before_listing_quarantined
ROC,2023-03-14,10.405,10.405,10.39,10.39,60439.0,10.3929,54.0,ROC,current_symbol,,,,,different_security_or_issuer_before_listing_quarantined
ROC,2023-03-15,10.3927,10.415,10.39,10.415,8252.0,10.3959,12.0,ROC,current_symbol,,,,,different_security_or_issuer_before_listing_quarantined
ROC,2023-03-16,10.44,10.44,10.41,10.41,3404.0,10.4124,12.0,ROC,current_symbol,,,,,different_security_or_issuer_before_listing_quarantined
ROC,2023-03-17,10.4101,10.4101,10.4101,10.4101,825.0,10.4107,10.0,ROC,current_symbol,,,,,different_security_or_issuer_before_listing_quarantined
ROC,2023-03-20,10.41,10.4247,10.41,10.42,9789.0,10.4193,38.0,ROC,current_symbol,,,,,different_security_or_issuer_before_listing_quarantined
ROC,2023-03-21,10.415,10.42,10.41,10.42,926803.0,10.42,36.0,ROC,current_symbol,,,,,different_security_or_issuer_before_listing_quarantined
ROC,2023-03-22,10.43,10.43,10.42,10.43,1381.0,10.4284,12.0,ROC,current_symbol,,,,,different_security_or_issuer_before_listing_quarantined
ROC,2023-03-23,10.425,10.43,10.42,10.43,6352.0,10.4213,16.0,ROC,current_symbol,,,,,different_security_or_issuer_before_listing_quarantined
ROC,2023-03-24,10.42,10.42,10.42,10.42,101.0,10.42,2.0,ROC,current_symbol,,,,,different_security_or_issuer_before_listing_quarantined
ROC,2023-03-27,10.43,10.43,10.42,10.42,278.0,10.4263,5.0,ROC,current_symbol,,,,,different_security_or_issuer_before_listing_quarantined
ROC,2023-03-28,10.42,10.43,10.42,10.43,4164.0,10.4304,66.0,ROC,current_symbol,,,,,different_security_or_issuer_before_listing_quarantined
ROC,2023-03-29,10.42,10.43,10.42,10.42,24679.0,10.4235,5.0,ROC,current_symbol,,,,,different_security_or_issuer_before_listing_quarantined
ROC,2023-03-30,10.43,10.43,10.43,10.43,109.0,10.4302,4.0,ROC,current_symbol,,,,,different_security_or_issuer_before_listing_quarantined
ROC,2023-03-31,10.43,10.45,10.43,10.45,14451.0,10.4487,132.0,ROC,current_symbol,,,,,different_security_or_issuer_before_listing_quarantined
ROC,2023-04-03,10.43,10.44,10.43,10.43,17331.0,10.4318,62.0,ROC,current_symbol,,,,,different_security_or_issuer_before_listing_quarantined
ROC,2023-04-06,10.44,10.45,10.44,10.45,231.0,10.4459,11.0,ROC,current_symbol,,,,,different_security_or_issuer_before_listing_quarantined
ROC,2023-04-10,10.455,10.455,10.455,10.455,165.0,10.442,7.0,ROC,current_symbol,,,,,different_security_or_issuer_before_listing_quarantined
ROC,2023-04-11,10.45,10.45,10.45,10.45,821.0,10.4508,13.0,ROC,current_symbol,,,,,different_security_or_issuer_before_listing_quarantined
ROC,2023-04-12,10.45,10.45,10.45,10.45,6792.0,10.4499,36.0,ROC,current_symbol,,,,,different_security_or_issuer_before_listing_quarantined
ROC,2023-04-13,10.46,10.47,10.46,10.46,202659.0,10.4649,9.0,ROC,current_symbol,,,,,different_security_or_issuer_before_listing_quarantined
ROC,2023-04-14,10.465,10.465,10.465,10.465,312.0,10.4635,5.0,ROC,current_symbol,,,,,different_security_or_issuer_before_listing_quarantined
ROC,2023-04-17,10.4615,10.48,10.4615,10.47,20777.0,10.4698,77.0,ROC,current_symbol,,,,,different_security_or_issuer_before_listing_quarantined
ROC,2023-04-18,10.475,10.48,10.4709,10.475,68273.0,10.4761,115.0,ROC,current_symbol,,,,,different_security_or_issuer_before_listing_quarantined
ROC,2023-04-19,10.48,10.49,10.48,10.49,6447.0,10.4873,34.0,ROC,current_symbol,,,,,different_security_or_issuer_before_listing_quarantined
ROC,2023-04-20,10.475,10.5,10.4659,10.5,31186.0,10.4939,75.0,ROC,current_symbol,,,,,different_security_or_issuer_before_listing_quarantined
ROC,2023-04-21,10.51,10.51,10.5,10.5,55137.0,10.5024,94.0,ROC,current_symbol,,,,,different_security_or_issuer_before_listing_quarantined
ROC,2023-04-24,10.53,10.53,10.49,10.49,68700.0,10.4952,47.0,ROC,current_symbol,,,,,different_security_or_issuer_before_listing_quarantined
ROC,2023-04-25,10.49,10.49,10.48,10.49,4288.0,10.4869,26.0,ROC,current_symbol,,,,,different_security_or_issuer_before_listing_quarantined
ROC,2023-04-26,10.51,10.51,10.51,10.51,1084.0,10.5089,78.0,ROC,current_symbol,,,,,different_security_or_issuer_before_listing_quarantined
ROC,2023-04-28,10.495,10.51,10.495,10.51,1054.0,10.5022,25.0,ROC,current_symbol,,,,,different_security_or_issuer_before_listing_quarantined
ROC,2023-05-01,10.51,10.51,10.495,10.495,3021.0,10.4957,40.0,ROC,current_symbol,,,,,different_security_or_issuer_before_listing_quarantined
ROC,2023-05-03,10.495,10.515,10.495,10.515,28361.0,10.5054,97.0,ROC,current_symbol,,,,,different_security_or_issuer_before_listing_quarantined
ROC,2023-05-04,10.515,10.52,10.515,10.5199,11550.0,10.5198,45.0,ROC,current_symbol,,,,,different_security_or_issuer_before_listing_quarantined
ROC,2023-05-05,10.52,10.52,10.515,10.515,20715.0,10.5196,133.0,ROC,current_symbol,,,,,different_security_or_issuer_before_listing_quarantined
ROC,2023-05-08,10.51,10.525,10.51,10.525,16795.0,10.5192,71.0,ROC,current_symbol,,,,,different_security_or_issuer_before_listing_quarantined
ROC,2023-05-09,10.52,10.52,10.52,10.52,45002.0,10.52,3.0,ROC,current_symbol,,,,,different_security_or_issuer_before_listing_quarantined
ROC,2023-05-11,10.52,10.53,10.52,10.53,605.0,10.5217,4.0,ROC,current_symbol,,,,,different_security_or_issuer_before_listing_quarantined
ROC,2023-05-12,10.52,10.52,10.52,10.52,192.0,10.5222,8.0,ROC,current_symbol,,,,,different_security_or_issuer_before_listing_quarantined
ROC,2023-05-15,10.5236,10.53,10.5236,10.53,13789.0,10.5303,39.0,ROC,current_symbol,,,,,different_security_or_issuer_before_listing_quarantined
ROC,2023-05-16,10.535,10.54,10.535,10.535,10451.0,10.5395,43.0,ROC,current_symbol,,,,,different_security_or_issuer_before_listing_quarantined
ROC,2023-05-17,10.54,10.5407,10.53,10.54,44757.0,10.54,115.0,ROC,current_symbol,,,,,different_security_or_issuer_before_listing_quarantined
ROC,2023-05-18,10.56,10.56,10.54,10.55,1181463.0,10.5521,424.0,ROC,current_symbol,,,,,different_security_or_issuer_before_listing_quarantined
ROC,2023-05-19,10.555,10.56,10.54,10.54,575634.0,10.5504,1010.0,ROC,current_symbol,,,,,different_security_or_issuer_before_listing_quarantined
ROC,2023-05-22,10.55,10.56,10.55,10.56,20621.0,10.5559,47.0,ROC,current_symbol,,,,,different_security_or_issuer_before_listing_quarantined
ROC,2023-05-23,10.5668,10.57,10.555,10.56,300002.0,10.5603,89.0,ROC,current_symbol,,,,,different_security_or_issuer_before_listing_quarantined
ROC,2023-05-24,10.57,10.57,10.56,10.5603,236710.0,10.5618,143.0,ROC,current_symbol,,,,,different_security_or_issuer_before_listing_quarantined
ROC,2023-05-25,10.5501,10.58,10.5501,10.56,156726.0,10.5647,37.0,ROC,current_symbol,,,,,different_security_or_issuer_before_listing_quarantined
ROC,2023-05-26,10.27,10.32,7.9201,8.16,263850.0,8.5677,1992.0,ROC,current_symbol,,,,,different_security_or_issuer_before_listing_quarantined
ROC,2023-05-30,8.21,8.2909,7.73,7.82,31632.0,7.9631,417.0,ROC,current_symbol,,,,,different_security_or_issuer_before_listing_quarantined
ROC,2023-05-31,8.349,8.52,8.0,8.2,82527.0,8.23,750.0,ROC,current_symbol,,,,,different_security_or_issuer_before_listing_quarantined
ROC,2023-06-01,8.34,9.01,7.77,8.13,165215.0,8.2112,1364.0,ROC,current_symbol,,,,,different_security_or_issuer_before_listing_quarantined
ROC,2023-06-02,8.03,8.08,6.7,6.83,193550.0,7.1083,1453.0,ROC,current_symbol,,,,,different_security_or_issuer_before_listing_quarantined
ROC,2023-06-05,6.79,6.95,6.39,6.42,61651.0,6.6585,752.0,ROC,current_symbol,,,,,different_security_or_issuer_before_listing_quarantined
ROC,2023-06-06,6.49,7.41,6.455,7.05,120258.0,6.9365,1112.0,ROC,current_symbol,,,,,different_security_or_issuer_before_listing_quarantined
ROC,2023-06-07,6.97,7.3,6.43,6.43,99399.0,6.7113,864.0,ROC,current_symbol,,,,,different_security_or_issuer_before_listing_quarantined
ROC,2023-06-08,6.73,6.75,6.01,6.2,93337.0,6.2473,963.0,ROC,current_symbol,,,,,different_security_or_issuer_before_listing_quarantined
ROC,2023-06-09,6.19,6.77,6.01,6.39,52910.0,6.4456,431.0,ROC,current_symbol,,,,,different_security_or_issuer_before_listing_quarantined
ROC,2023-06-12,6.25,6.46,5.89,6.03,40425.0,6.197,318.0,ROC,current_symbol,,,,,different_security_or_issuer_before_listing_quarantined
ROC,2023-06-13,6.05,6.5,5.95,6.33,34343.0,6.2874,210.0,ROC,current_symbol,,,,,different_security_or_issuer_before_listing_quarantined
ROC,2023-06-14,6.3,7.0,6.25,6.51,34581.0,6.6067,295.0,ROC,current_symbol,,,,,different_security_or_issuer_before_listing_quarantined
ROC,2023-06-15,6.35,7.7,6.35,7.365,198421.0,7.1472,943.0,ROC,current_symbol,,,,,different_security_or_issuer_before_listing_quarantined
ROC,2023-06-16,7.17,7.19,6.65,7.11,31962.0,6.9273,369.0,ROC,current_symbol,,,,,different_security_or_issuer_before_listing_quarantined
ROC,2023-06-20,6.98,6.98,4.7,5.09,445422.0,5.1814,3058.0,ROC,current_symbol,,,,,different_security_or_issuer_before_listing_quarantined
SAIL,2025-02-13,23.0,23.25,20.77,22.0,43599047.0,22.4993,125007.0,SAIL,current_symbol,,,,,latest_price_issuer_differs_from_target_CIK_history_quarantined
SAIL,2025-02-14,22.0,24.95,21.5083,24.55,11087785.0,23.6154,65055.0,SAIL,current_symbol,,,,,latest_price_issuer_differs_from_target_CIK_history_quarantined
SAIL,2025-02-18,25.0,26.35,24.75,25.7,5010867.0,25.6996,34610.0,SAIL,current_symbol,,,,,latest_price_issuer_differs_from_target_CIK_history_quarantined
SAIL,2025-02-19,25.65,25.67,24.5,24.75,2214927.0,25.003,20443.0,SAIL,current_symbol,,,,,latest_price_issuer_differs_from_target_CIK_history_quarantined
SAIL,2025-02-20,25.5,25.75,23.97,24.53,7014710.0,24.6259,24412.0,SAIL,current_symbol,,,,,latest_price_issuer_differs_from_target_CIK_history_quarantined
SAIL,2025-02-21,24.48,25.02,23.55,23.56,1677195.0,24.0997,13148.0,SAIL,current_symbol,,,,,latest_price_issuer_differs_from_target_CIK_history_quarantined
SAIL,2025-02-24,24.05,24.44,23.05,23.35,1594704.0,23.5106,12176.0,SAIL,current_symbol,,,,,latest_price_issuer_differs_from_target_CIK_history_quarantined
SAIL,2025-02-25,23.31,24.01,23.2,23.71,1721947.0,23.6443,10513.0,SAIL,current_symbol,,,,,latest_price_issuer_differs_from_target_CIK_history_quarantined
SAIL,2025-02-26,23.72,24.46,23.71,24.06,1387924.0,24.0468,9207.0,SAIL,current_symbol,,,,,latest_price_issuer_differs_from_target_CIK_history_quarantined
SAIL,2025-02-27,24.41,24.46,23.6,23.6,1151771.0,23.9525,7511.0,SAIL,current_symbol,,,,,latest_price_issuer_differs_from_target_CIK_history_quarantined
SAIL,2025-02-28,23.4,24.1199,23.1948,24.0,779570.0,23.8503,6074.0,SAIL,current_symbol,,,,,latest_price_issuer_differs_from_target_CIK_history_quarantined
SAIL,2025-03-03,24.01,24.01,23.23,23.57,1748098.0,23.4929,11863.0,SAIL,current_symbol,,,,,latest_price_issuer_differs_from_target_CIK_history_quarantined
SAIL,2025-03-04,23.39,24.0,23.0,23.27,1841479.0,23.2761,14226.0,SAIL,current_symbol,,,,,latest_price_issuer_differs_from_target_CIK_history_quarantined
SAIL,2025-03-05,23.27,23.62,23.0,23.41,1006542.0,23.289,11674.0,SAIL,current_symbol,,,,,latest_price_issuer_differs_from_target_CIK_history_quarantined
SAIL,2025-03-06,23.0,23.75,22.5,23.0,2016774.0,23.0301,13377.0,SAIL,current_symbol,,,,,latest_price_issuer_differs_from_target_CIK_history_quarantined
SAIL,2025-03-07,22.65,23.17,20.95,22.05,3192829.0,21.8272,29208.0,SAIL,current_symbol,,,,,latest_price_issuer_differs_from_target_CIK_history_quarantined
SAIL,2025-03-10,21.0,22.0903,19.54,19.74,3413050.0,20.6026,27971.0,SAIL,current_symbol,,,,,latest_price_issuer_differs_from_target_CIK_history_quarantined
SAIL,2025-03-11,20.17,20.305,18.43,19.27,2280988.0,19.2146,21823.0,SAIL,current_symbol,,,,,latest_price_issuer_differs_from_target_CIK_history_quarantined
SAIL,2025-03-12,19.42,20.0,19.12,19.27,1157321.0,19.4481,14986.0,SAIL,current_symbol,,,,,latest_price_issuer_differs_from_target_CIK_history_quarantined
SAIL,2025-03-13,19.43,19.43,17.56,18.12,2722449.0,18.1523,23693.0,SAIL,current_symbol,,,,,latest_price_issuer_differs_from_target_CIK_history_quarantined
SAIL,2025-03-14,18.46,19.4,18.12,18.7,1282033.0,18.8981,14290.0,SAIL,current_symbol,,,,,latest_price_issuer_differs_from_target_CIK_history_quarantined
SAIL,2025-03-17,18.8,19.89,18.78,19.82,1286456.0,19.5692,13834.0,SAIL,current_symbol,,,,,latest_price_issuer_differs_from_target_CIK_history_quarantined
SAIL,2025-03-18,19.5,19.97,19.2,19.74,861160.0,19.7285,9971.0,SAIL,current_symbol,,,,,latest_price_issuer_differs_from_target_CIK_history_quarantined
SAIL,2025-03-19,19.76,20.18,19.6,19.95,1103788.0,19.9369,10842.0,SAIL,current_symbol,,,,,latest_price_issuer_differs_from_target_CIK_history_quarantined
SAIL,2025-03-20,19.65,20.17,19.545,19.88,702287.0,19.9434,10006.0,SAIL,current_symbol,,,,,latest_price_issuer_differs_from_target_CIK_history_quarantined
SAIL,2025-03-21,19.51,20.5,19.26,20.25,4988810.0,20.214,13125.0,SAIL,current_symbol,,,,,latest_price_issuer_differs_from_target_CIK_history_quarantined
SAIL,2025-03-24,20.45,21.27,20.3438,21.23,1411970.0,21.0212,14223.0,SAIL,current_symbol,,,,,latest_price_issuer_differs_from_target_CIK_history_quarantined
SAIL,2025-03-25,21.52,22.57,20.87,21.8,2558900.0,21.8317,25654.0,SAIL,current_symbol,,,,,latest_price_issuer_differs_from_target_CIK_history_quarantined
SAIL,2025-03-26,21.81,22.465,20.1,21.54,2421072.0,21.2861,21128.0,SAIL,current_symbol,,,,,latest_price_issuer_differs_from_target_CIK_history_quarantined
SAIL,2025-03-27,21.3,21.5959,20.4,20.52,1832715.0,20.8074,21245.0,SAIL,current_symbol,,,,,latest_price_issuer_differs_from_target_CIK_history_quarantined
SAIL,2025-03-28,20.18,20.18,18.64,19.54,2331824.0,19.4058,18995.0,SAIL,current_symbol,,,,,latest_price_issuer_differs_from_target_CIK_history_quarantined
SAIL,2025-03-31,19.48,19.48,18.22,18.75,2273239.0,18.7814,19784.0,SAIL,current_symbol,,,,,latest_price_issuer_differs_from_target_CIK_history_quarantined
SAIL,2025-04-01,18.6,19.1,18.15,18.29,4093642.0,18.4247,14448.0,SAIL,current_symbol,,,,,latest_price_issuer_differs_from_target_CIK_history_quarantined
SAIL,2025-04-02,18.1,19.0,17.91,18.95,3233022.0,18.8384,17070.0,SAIL,current_symbol,,,,,latest_price_issuer_differs_from_target_CIK_history_quarantined
SAIL,2025-04-03,18.08,18.25,17.3,17.55,2198985.0,17.865,19513.0,SAIL,current_symbol,,,,,latest_price_issuer_differs_from_target_CIK_history_quarantined
SAIL,2025-04-04,16.85,17.0,15.35,15.96,1838874.0,15.9262,17682.0,SAIL,current_symbol,,,,,latest_price_issuer_differs_from_target_CIK_history_quarantined
SAIL,2025-04-07,15.07,17.1,15.05,16.51,1596901.0,16.3591,17328.0,SAIL,current_symbol,,,,,latest_price_issuer_differs_from_target_CIK_history_quarantined
SAIL,2025-04-08,17.01,18.0,16.06,16.34,1756207.0,16.6619,19271.0,SAIL,current_symbol,,,,,latest_price_issuer_differs_from_target_CIK_history_quarantined
SAIL,2025-04-09,16.08,18.1902,15.46,17.82,4377011.0,16.7335,34039.0,SAIL,current_symbol,,,,,latest_price_issuer_differs_from_target_CIK_history_quarantined
SAIL,2025-04-10,17.29,17.6531,15.82,17.12,1326257.0,16.7921,15932.0,SAIL,current_symbol,,,,,latest_price_issuer_differs_from_target_CIK_history_quarantined
SAIL,2025-04-11,17.02,17.78,16.3948,17.56,871689.0,17.2009,10288.0,SAIL,current_symbol,,,,,latest_price_issuer_differs_from_target_CIK_history_quarantined
SAIL,2025-04-14,17.77,17.88,16.75,17.22,782865.0,17.3034,8338.0,SAIL,current_symbol,,,,,latest_price_issuer_differs_from_target_CIK_history_quarantined
SAIL,2025-04-15,17.1,17.78,17.1,17.41,496580.0,17.4704,6278.0,SAIL,current_symbol,,,,,latest_price_issuer_differs_from_target_CIK_history_quarantined
SAIL,2025-04-16,17.34,17.7,16.35,16.89,1026774.0,16.858,10709.0,SAIL,current_symbol,,,,,latest_price_issuer_differs_from_target_CIK_history_quarantined
SAIL,2025-04-17,16.84,17.28,16.59,17.08,1219613.0,16.9903,9170.0,SAIL,current_symbol,,,,,latest_price_issuer_differs_from_target_CIK_history_quarantined
SAIL,2025-04-21,16.76,17.05,15.34,15.65,971193.0,15.6559,13109.0,SAIL,current_symbol,,,,,latest_price_issuer_differs_from_target_CIK_history_quarantined
SAIL,2025-04-22,15.81,16.16,15.701,16.05,739205.0,15.9145,10061.0,SAIL,current_symbol,,,,,latest_price_issuer_differs_from_target_CIK_history_quarantined
SAIL,2025-04-23,16.74,17.46,16.2,16.33,996404.0,16.6113,11258.0,SAIL,current_symbol,,,,,latest_price_issuer_differs_from_target_CIK_history_quarantined
SAIL,2025-04-24,16.34,17.01,16.33,17.0,1005616.0,16.8595,11007.0,SAIL,current_symbol,,,,,latest_price_issuer_differs_from_target_CIK_history_quarantined
SAIL,2025-04-25,17.0,17.17,16.59,17.12,730070.0,16.9684,8764.0,SAIL,current_symbol,,,,,latest_price_issuer_differs_from_target_CIK_history_quarantined
SAIL,2025-04-28,17.32,17.53,16.64,17.07,852377.0,17.0658,11094.0,SAIL,current_symbol,,,,,latest_price_issuer_differs_from_target_CIK_history_quarantined
SAIL,2025-04-29,17.09,17.405,16.87,17.32,462823.0,17.2862,6459.0,SAIL,current_symbol,,,,,latest_price_issuer_differs_from_target_CIK_history_quarantined
SAIL,2025-04-30,16.8,17.22,16.25,17.16,749442.0,16.8926,10369.0,SAIL,current_symbol,,,,,latest_price_issuer_differs_from_target_CIK_history_quarantined
SAIL,2025-05-01,17.6,17.925,17.19,17.47,816918.0,17.5879,11236.0,SAIL,current_symbol,,,,,latest_price_issuer_differs_from_target_CIK_history_quarantined
SAIL,2025-05-02,17.8,18.96,17.51,18.7,1501894.0,18.5889,19569.0,SAIL,current_symbol,,,,,latest_price_issuer_differs_from_target_CIK_history_quarantined
SAIL,2025-05-05,18.9,19.84,18.75,19.39,2679854.0,19.4568,22475.0,SAIL,current_symbol,,,,,latest_price_issuer_differs_from_target_CIK_history_quarantined
SAIL,2025-05-06,19.22,19.78,17.77,17.84,1883789.0,18.3581,20511.0,SAIL,current_symbol,,,,,latest_price_issuer_differs_from_target_CIK_history_quarantined
SAIL,2025-05-07,17.85,18.775,17.85,18.38,1078909.0,18.4465,16801.0,SAIL,current_symbol,,,,,latest_price_issuer_differs_from_target_CIK_history_quarantined
SAIL,2025-05-08,18.5,19.31,18.4701,18.79,1375144.0,18.9541,15435.0,SAIL,current_symbol,,,,,latest_price_issuer_differs_from_target_CIK_history_quarantined
SAIL,2025-05-09,18.95,19.24,18.13,18.62,4717310.0,18.6102,21430.0,SAIL,current_symbol,,,,,latest_price_issuer_differs_from_target_CIK_history_quarantined
SAIL,2025-05-12,19.43,19.93,18.8301,19.83,1384644.0,19.5793,16116.0,SAIL,current_symbol,,,,,latest_price_issuer_differs_from_target_CIK_history_quarantined
SAIL,2025-05-13,20.0,20.1851,19.5,19.58,1026377.0,19.7135,12457.0,SAIL,current_symbol,,,,,latest_price_issuer_differs_from_target_CIK_history_quarantined
SAIL,2025-05-14,19.7,19.9009,18.9,18.99,884964.0,19.1322,11519.0,SAIL,current_symbol,,,,,latest_price_issuer_differs_from_target_CIK_history_quarantined
SAIL,2025-05-15,18.94,18.98,18.42,18.63,1041770.0,18.6787,12898.0,SAIL,current_symbol,,,,,latest_price_issuer_differs_from_target_CIK_history_quarantined
SAIL,2025-05-16,18.89,19.075,18.43,18.63,1924566.0,18.6143,18248.0,SAIL,current_symbol,,,,,latest_price_issuer_differs_from_target_CIK_history_quarantined
SAIL,2025-05-19,18.63,18.74,18.08,18.35,993175.0,18.368,13772.0,SAIL,current_symbol,,,,,latest_price_issuer_differs_from_target_CIK_history_quarantined
SAIL,2025-05-20,18.38,18.38,17.66,17.79,2231897.0,17.8924,20742.0,SAIL,current_symbol,,,,,latest_price_issuer_differs_from_target_CIK_history_quarantined
SAIL,2025-05-21,17.69,17.695,17.12,17.18,2498109.0,17.2877,24250.0,SAIL,current_symbol,,,,,latest_price_issuer_differs_from_target_CIK_history_quarantined
SAIL,2025-05-22,17.1,17.53,16.8,17.24,1662965.0,17.3439,15382.0,SAIL,current_symbol,,,,,latest_price_issuer_differs_from_target_CIK_history_quarantined
SAIL,2025-05-23,16.83,17.31,16.56,17.09,2350962.0,17.1403,23384.0,SAIL,current_symbol,,,,,latest_price_issuer_differs_from_target_CIK_history_quarantined
SAIL,2025-05-27,17.39,17.6,17.22,17.54,1698578.0,17.495,17105.0,SAIL,current_symbol,,,,,latest_price_issuer_differs_from_target_CIK_history_quarantined
SAIL,2025-05-28,17.44,18.0052,17.24,17.61,1225516.0,17.6078,14074.0,SAIL,current_symbol,,,,,latest_price_issuer_differs_from_target_CIK_history_quarantined
SAIL,2025-05-29,17.76,17.76,17.03,17.37,1006661.0,17.2842,14292.0,SAIL,current_symbol,,,,,latest_price_issuer_differs_from_target_CIK_history_quarantined
SAIL,2025-05-30,17.37,17.82,17.1921,17.62,843317.0,17.6397,9163.0,SAIL,current_symbol,,,,,latest_price_issuer_differs_from_target_CIK_history_quarantined
SAIL,2025-06-02,17.52,17.67,16.98,17.34,1013938.0,17.3665,11197.0,SAIL,current_symbol,,,,,latest_price_issuer_differs_from_target_CIK_history_quarantined
SAIL,2025-06-03,17.13,17.895,17.1123,17.78,1179977.0,17.7634,13796.0,SAIL,current_symbol,,,,,latest_price_issuer_differs_from_target_CIK_history_quarantined
SAIL,2025-06-04,17.99,18.19,17.86,18.05,710918.0,18.0237,8642.0,SAIL,current_symbol,,,,,latest_price_issuer_differs_from_target_CIK_history_quarantined
SAIL,2025-06-05,18.32,18.32,17.9,18.02,703900.0,18.0521,9525.0,SAIL,current_symbol,,,,,latest_price_issuer_differs_from_target_CIK_history_quarantined
SAIL,2025-06-06,18.13,19.28,17.88,19.07,1568954.0,18.9971,14425.0,SAIL,current_symbol,,,,,latest_price_issuer_differs_from_target_CIK_history_quarantined
SAIL,2025-06-09,19.47,19.6673,19.025,19.18,1148805.0,19.27,15127.0,SAIL,current_symbol,,,,,latest_price_issuer_differs_from_target_CIK_history_quarantined
SAIL,2025-06-10,19.34,19.75,19.13,19.65,2608961.0,19.5444,29881.0,SAIL,current_symbol,,,,,latest_price_issuer_differs_from_target_CIK_history_quarantined
SAIL,2025-06-11,22.57,23.83,22.0101,22.53,9691734.0,22.8961,81843.0,SAIL,current_symbol,,,,,latest_price_issuer_differs_from_target_CIK_history_quarantined
SAIL,2025-06-12,22.97,23.535,22.25,23.3,3183154.0,23.135,37640.0,SAIL,current_symbol,,,,,latest_price_issuer_differs_from_target_CIK_history_quarantined
SAIL,2025-06-13,22.745,23.3,22.45,22.61,1872680.0,22.8114,22118.0,SAIL,current_symbol,,,,,latest_price_issuer_differs_from_target_CIK_history_quarantined
SAIL,2025-06-16,23.02,24.0,22.93,23.4,3361267.0,23.6357,34837.0,SAIL,current_symbol,,,,,latest_price_issuer_differs_from_target_CIK_history_quarantined
SAIL,2025-06-17,23.17,23.28,22.59,22.95,1611562.0,22.9141,20709.0,SAIL,current_symbol,,,,,latest_price_issuer_differs_from_target_CIK_history_quarantined
SAIL,2025-06-18,23.05,23.1538,22.59,22.95,1437489.0,22.8488,13957.0,SAIL,current_symbol,,,,,latest_price_issuer_differs_from_target_CIK_history_quarantined
SAIL,2025-06-20,23.1,23.24,22.161,22.6,3302728.0,22.5802,21366.0,SAIL,current_symbol,,,,,latest_price_issuer_differs_from_target_CIK_history_quarantined
SAIL,2025-06-23,22.58,23.6,22.06,23.52,1794604.0,23.138,20124.0,SAIL,current_symbol,,,,,latest_price_issuer_differs_from_target_CIK_history_quarantined
SAIL,2025-06-24,23.87,24.69,23.63,24.26,2495587.0,24.2777,29127.0,SAIL,current_symbol,,,,,latest_price_issuer_differs_from_target_CIK_history_quarantined
SAIL,2025-06-25,24.66,24.95,23.01,23.19,2146602.0,23.7023,26906.0,SAIL,current_symbol,,,,,latest_price_issuer_differs_from_target_CIK_history_quarantined
SAIL,2025-06-26,23.33,23.82,23.05,23.61,1766677.0,23.6143,20872.0,SAIL,current_symbol,,,,,latest_price_issuer_differs_from_target_CIK_history_quarantined
SAIL,2025-06-27,23.83,23.99,22.592,22.77,5078721.0,22.852,19464.0,SAIL,current_symbol,,,,,latest_price_issuer_differs_from_target_CIK_history_quarantined
SAIL,2025-06-30,23.39,23.53,22.81,22.86,2046573.0,23.071,21555.0,SAIL,current_symbol,,,,,latest_price_issuer_differs_from_target_CIK_history_quarantined
SAIL,2025-07-01,22.77,22.77,21.11,21.71,2822868.0,21.7438,29067.0,SAIL,current_symbol,,,,,latest_price_issuer_differs_from_target_CIK_history_quarantined
SAIL,2025-07-02,21.8,21.82,21.02,21.73,2525372.0,21.5119,27744.0,SAIL,current_symbol,,,,,latest_price_issuer_differs_from_target_CIK_history_quarantined
SAIL,2025-07-03,22.04,22.47,21.71,22.16,600564.0,22.0731,8107.0,SAIL,current_symbol,,,,,latest_price_issuer_differs_from_target_CIK_history_quarantined
SAIL,2025-07-07,21.34,22.02,20.7,21.97,1401761.0,21.756,20468.0,SAIL,current_symbol,,,,,latest_price_issuer_differs_from_target_CIK_history_quarantined
SAIL,2025-07-08,22.23,22.26,21.46,21.91,1292586.0,21.819,18256.0,SAIL,current_symbol,,,,,latest_price_issuer_differs_from_target_CIK_history_quarantined
SAIL,2025-07-09,22.14,22.14,21.64,21.91,989233.0,21.8686,14741.0,SAIL,current_symbol,,,,,latest_price_issuer_differs_from_target_CIK_history_quarantined
SAIL,2025-07-10,22.09,22.12,20.905,20.92,1585610.0,21.1127,20662.0,SAIL,current_symbol,,,,,latest_price_issuer_differs_from_target_CIK_history_quarantined
SAIL,2025-07-11,20.64,20.87,20.15,20.18,1433012.0,20.4054,15601.0,SAIL,current_symbol,,,,,latest_price_issuer_differs_from_target_CIK_history_quarantined
SAIL,2025-07-14,20.18,20.68,20.15,20.63,1067174.0,20.5518,15617.0,SAIL,current_symbol,,,,,latest_price_issuer_differs_from_target_CIK_history_quarantined
SAIL,2025-07-15,20.79,20.9443,20.185,20.36,1482210.0,20.4725,16929.0,SAIL,current_symbol,,,,,latest_price_issuer_differs_from_target_CIK_history_quarantined
SAIL,2025-07-16,20.7,20.96,20.42,20.6,1999814.0,20.6409,21422.0,SAIL,current_symbol,,,,,latest_price_issuer_differs_from_target_CIK_history_quarantined
SAIL,2025-07-17,20.57,20.76,20.3995,20.43,1223473.0,20.5044,17410.0,SAIL,current_symbol,,,,,latest_price_issuer_differs_from_target_CIK_history_quarantined
SAIL,2025-07-18,20.66,21.6699,20.5,21.32,2231617.0,21.2604,25463.0,SAIL,current_symbol,,,,,latest_price_issuer_differs_from_target_CIK_history_quarantined
SAIL,2025-07-21,21.55,21.8,20.63,20.65,1402707.0,20.9112,18972.0,SAIL,current_symbol,,,,,latest_price_issuer_differs_from_target_CIK_history_quarantined
SAIL,2025-07-22,20.68,20.85,20.22,20.68,1309819.0,20.644,14934.0,SAIL,current_symbol,,,,,latest_price_issuer_differs_from_target_CIK_history_quarantined
SAIL,2025-07-23,20.87,20.96,20.3275,20.79,1034109.0,20.6815,17860.0,SAIL,current_symbol,,,,,latest_price_issuer_differs_from_target_CIK_history_quarantined
SAIL,2025-07-24,20.69,20.73,19.95,20.47,1403370.0,20.3672,18195.0,SAIL,current_symbol,,,,,latest_price_issuer_differs_from_target_CIK_history_quarantined
SAIL,2025-07-25,20.5,20.5278,19.85,20.24,1203004.0,20.2329,20667.0,SAIL,current_symbol,,,,,latest_price_issuer_differs_from_target_CIK_history_quarantined
SAIL,2025-07-28,20.63,20.63,20.13,20.51,1839768.0,20.4233,18782.0,SAIL,current_symbol,,,,,latest_price_issuer_differs_from_target_CIK_history_quarantined
SAIL,2025-07-29,20.69,22.75,20.045,21.68,6834098.0,21.4854,52982.0,SAIL,current_symbol,,,,,latest_price_issuer_differs_from_target_CIK_history_quarantined
SAIL,2025-07-30,21.71,22.56,20.59,21.84,5626957.0,21.7591,51858.0,SAIL,current_symbol,,,,,latest_price_issuer_differs_from_target_CIK_history_quarantined
SAIL,2025-07-31,22.01,23.035,21.72,22.34,3600988.0,22.4424,33995.0,SAIL,current_symbol,,,,,latest_price_issuer_differs_from_target_CIK_history_quarantined
SAIL,2025-08-01,21.97,21.9999,20.09,20.62,3468925.0,20.6882,42805.0,SAIL,current_symbol,,,,,latest_price_issuer_differs_from_target_CIK_history_quarantined
SAIL,2025-08-04,20.96,21.17,20.33,20.6,2021344.0,20.6222,23036.0,SAIL,current_symbol,,,,,latest_price_issuer_differs_from_target_CIK_history_quarantined
SAIL,2025-08-05,20.73,20.97,19.44,19.5,2497400.0,19.7269,31583.0,SAIL,current_symbol,,,,,latest_price_issuer_differs_from_target_CIK_history_quarantined
SAIL,2025-08-06,19.46,20.255,19.4,20.24,1220317.0,19.9588,17191.0,SAIL,current_symbol,,,,,latest_price_issuer_differs_from_target_CIK_history_quarantined
SAIL,2025-08-07,20.28,20.395,19.55,20.03,2695962.0,19.8519,34660.0,SAIL,current_symbol,,,,,latest_price_issuer_differs_from_target_CIK_history_quarantined
SAIL,2025-08-08,19.99,20.0,19.18,19.19,2133630.0,19.3809,23449.0,SAIL,current_symbol,,,,,latest_price_issuer_differs_from_target_CIK_history_quarantined
SAIL,2025-08-11,19.2,19.44,18.29,18.34,3122242.0,18.6637,32018.0,SAIL,current_symbol,,,,,latest_price_issuer_differs_from_target_CIK_history_quarantined
SAIL,2025-08-12,18.82,19.2125,18.4368,18.95,3083422.0,18.9136,32313.0,SAIL,current_symbol,,,,,latest_price_issuer_differs_from_target_CIK_history_quarantined
SAIL,2025-08-13,20.88,20.9,19.81,19.9,5972217.0,20.2277,43665.0,SAIL,current_symbol,,,,,latest_price_issuer_differs_from_target_CIK_history_quarantined
SAIL,2025-08-14,19.68,20.15,19.425,19.83,2038540.0,19.8086,24996.0,SAIL,current_symbol,,,,,latest_price_issuer_differs_from_target_CIK_history_quarantined
SAIL,2025-08-15,19.83,20.55,19.62,20.47,2505578.0,20.3271,20737.0,SAIL,current_symbol,,,,,latest_price_issuer_differs_from_target_CIK_history_quarantined
SAIL,2025-08-18,20.38,20.535,19.97,20.33,1681475.0,20.3239,15380.0,SAIL,current_symbol,,,,,latest_price_issuer_differs_from_target_CIK_history_quarantined
SAIL,2025-08-19,20.44,20.6,19.47,19.66,1384217.0,19.7919,19272.0,SAIL,current_symbol,,,,,latest_price_issuer_differs_from_target_CIK_history_quarantined
SAIL,2025-08-20,19.54,19.7599,19.06,19.59,2741791.0,19.5028,27675.0,SAIL,current_symbol,,,,,latest_price_issuer_differs_from_target_CIK_history_quarantined
SAIL,2025-08-21,19.04,19.53,19.04,19.51,1532850.0,19.3954,17113.0,SAIL,current_symbol,,,,,latest_price_issuer_differs_from_target_CIK_history_quarantined
SAIL,2025-08-22,19.61,20.5,19.485,20.5,1315238.0,20.2972,17439.0,SAIL,current_symbol,,,,,latest_price_issuer_differs_from_target_CIK_history_quarantined
SAIL,2025-08-25,20.37,20.78,20.2684,20.34,2252516.0,20.5118,21828.0,SAIL,current_symbol,,,,,latest_price_issuer_differs_from_target_CIK_history_quarantined
SAIL,2025-08-26,20.42,20.72,20.07,20.11,1452657.0,20.2589,16061.0,SAIL,current_symbol,,,,,latest_price_issuer_differs_from_target_CIK_history_quarantined
SAIL,2025-08-27,20.42,20.728,20.27,20.37,1312634.0,20.452,16295.0,SAIL,current_symbol,,,,,latest_price_issuer_differs_from_target_CIK_history_quarantined
SAIL,2025-08-28,20.34,20.91,20.34,20.77,1351925.0,20.6919,16694.0,SAIL,current_symbol,,,,,latest_price_issuer_differs_from_target_CIK_history_quarantined
SAIL,2025-08-29,20.75,20.87,20.3003,20.64,1272027.0,20.6039,15976.0,SAIL,current_symbol,,,,,latest_price_issuer_differs_from_target_CIK_history_quarantined
SAIL,2025-09-02,20.91,21.47,20.58,20.98,2707961.0,21.1279,26482.0,SAIL,current_symbol,,,,,latest_price_issuer_differs_from_target_CIK_history_quarantined
SAIL,2025-09-03,21.17,21.21,20.59,21.03,2038501.0,20.8571,22396.0,SAIL,current_symbol,,,,,latest_price_issuer_differs_from_target_CIK_history_quarantined
SAIL,2025-09-04,20.94,21.21,20.54,21.06,2229204.0,20.9555,23890.0,SAIL,current_symbol,,,,,latest_price_issuer_differs_from_target_CIK_history_quarantined
SAIL,2025-09-05,21.34,22.34,21.264,21.98,3979210.0,21.7868,42882.0,SAIL,current_symbol,,,,,latest_price_issuer_differs_from_target_CIK_history_quarantined
SAIL,2025-09-08,22.33,22.5,21.64,22.39,5092452.0,22.2927,60025.0,SAIL,current_symbol,,,,,latest_price_issuer_differs_from_target_CIK_history_quarantined
SAIL,2025-09-09,19.72,21.41,19.6,20.66,8861800.0,20.5951,69350.0,SAIL,current_symbol,,,,,latest_price_issuer_differs_from_target_CIK_history_quarantined
SAIL,2025-09-10,20.82,21.25,19.13,19.81,6132706.0,19.9327,55250.0,SAIL,current_symbol,,,,,latest_price_issuer_differs_from_target_CIK_history_quarantined
SAIL,2025-09-11,19.9,20.92,19.65,20.84,2609191.0,20.5556,28059.0,SAIL,current_symbol,,,,,latest_price_issuer_differs_from_target_CIK_history_quarantined
SAIL,2025-09-12,20.85,21.785,20.59,21.61,3132318.0,21.2358,29392.0,SAIL,current_symbol,,,,,latest_price_issuer_differs_from_target_CIK_history_quarantined
SAIL,2025-09-15,21.685,21.985,21.4,21.69,3133037.0,21.6633,32210.0,SAIL,current_symbol,,,,,latest_price_issuer_differs_from_target_CIK_history_quarantined
SAIL,2025-09-16,21.69,21.89,21.01,21.61,1664601.0,21.5214,18773.0,SAIL,current_symbol,,,,,latest_price_issuer_differs_from_target_CIK_history_quarantined
SAIL,2025-09-17,21.65,22.05,21.05,21.11,1338888.0,21.5154,16668.0,SAIL,current_symbol,,,,,latest_price_issuer_differs_from_target_CIK_history_quarantined
SAIL,2025-09-18,21.58,22.45,21.35,22.43,1817376.0,22.0179,23066.0,SAIL,current_symbol,,,,,latest_price_issuer_differs_from_target_CIK_history_quarantined
SAIL,2025-09-19,22.5807,22.88,21.962,22.74,6029849.0,22.5939,24511.0,SAIL,current_symbol,,,,,latest_price_issuer_differs_from_target_CIK_history_quarantined
SAIL,2025-09-22,22.715,23.39,22.38,23.11,2453470.0,23.1403,30592.0,SAIL,current_symbol,,,,,latest_price_issuer_differs_from_target_CIK_history_quarantined
SAIL,2025-09-23,23.27,23.46,22.235,22.36,1857258.0,22.7132,20443.0,SAIL,current_symbol,,,,,latest_price_issuer_differs_from_target_CIK_history_quarantined
SAIL,2025-09-24,22.59,22.85,22.0,22.17,1115211.0,22.2506,16061.0,SAIL,current_symbol,,,,,latest_price_issuer_differs_from_target_CIK_history_quarantined
SAIL,2025-09-25,22.1,22.22,21.414,21.92,1479611.0,21.9094,18112.0,SAIL,current_symbol,,,,,latest_price_issuer_differs_from_target_CIK_history_quarantined
SAIL,2025-09-26,21.92,22.21,21.66,21.92,2259518.0,21.9421,26730.0,SAIL,current_symbol,,,,,latest_price_issuer_differs_from_target_CIK_history_quarantined
SAIL,2025-09-29,22.1,22.86,22.1,22.31,2809279.0,22.5537,22878.0,SAIL,current_symbol,,,,,latest_price_issuer_differs_from_target_CIK_history_quarantined
SAIL,2025-09-30,22.47,22.73,21.94,22.08,2727374.0,22.1586,27149.0,SAIL,current_symbol,,,,,latest_price_issuer_differs_from_target_CIK_history_quarantined
SAIL,2025-10-01,21.93,22.805,21.93,22.79,2383408.0,22.4725,23579.0,SAIL,current_symbol,,,,,latest_price_issuer_differs_from_target_CIK_history_quarantined
SAIL,2025-10-02,22.98,23.73,22.925,23.355,3138824.0,23.2828,29739.0,SAIL,current_symbol,,,,,latest_price_issuer_differs_from_target_CIK_history_quarantined
SAIL,2025-10-03,23.37,23.87,23.19,23.52,1383261.0,23.5188,20760.0,SAIL,current_symbol,,,,,latest_price_issuer_differs_from_target_CIK_history_quarantined
SAIL,2025-10-06,23.86,24.0,23.28,23.63,1316347.0,23.5937,16957.0,SAIL,current_symbol,,,,,latest_price_issuer_differs_from_target_CIK_history_quarantined
SAIL,2025-10-07,23.41,23.9,21.8,22.0,3234032.0,22.3581,30396.0,SAIL,current_symbol,,,,,latest_price_issuer_differs_from_target_CIK_history_quarantined
SAIL,2025-10-08,22.0,23.148,21.71,22.43,2757497.0,22.5174,30535.0,SAIL,current_symbol,,,,,latest_price_issuer_differs_from_target_CIK_history_quarantined
SAIL,2025-10-09,22.25,23.33,21.85,23.3,3897047.0,22.6089,21473.0,SAIL,current_symbol,,,,,latest_price_issuer_differs_from_target_CIK_history_quarantined
SAIL,2025-10-10,23.17,23.3,21.2906,21.73,4109506.0,21.801,36003.0,SAIL,current_symbol,,,,,latest_price_issuer_differs_from_target_CIK_history_quarantined
SAIL,2025-10-13,22.3,22.42,21.53,21.92,1883697.0,21.9036,23329.0,SAIL,current_symbol,,,,,latest_price_issuer_differs_from_target_CIK_history_quarantined
SAIL,2025-10-14,21.5,22.46,21.26,22.31,1307518.0,22.182,18691.0,SAIL,current_symbol,,,,,latest_price_issuer_differs_from_target_CIK_history_quarantined
SAIL,2025-10-15,22.67,23.13,22.36,22.85,2340933.0,22.7812,26782.0,SAIL,current_symbol,,,,,latest_price_issuer_differs_from_target_CIK_history_quarantined
SAIL,2025-10-16,23.15,23.89,21.57,22.0,1865512.0,22.3076,21905.0,SAIL,current_symbol,,,,,latest_price_issuer_differs_from_target_CIK_history_quarantined
SAIL,2025-10-17,21.6,22.14,21.4501,21.9,1389446.0,21.8887,17586.0,SAIL,current_symbol,,,,,latest_price_issuer_differs_from_target_CIK_history_quarantined
SAIL,2025-10-20,22.5,22.74,22.0,22.6,1099360.0,22.4669,11750.0,SAIL,current_symbol,,,,,latest_price_issuer_differs_from_target_CIK_history_quarantined
SAIL,2025-10-21,22.62,23.08,22.27,22.68,995690.0,22.8036,12111.0,SAIL,current_symbol,,,,,latest_price_issuer_differs_from_target_CIK_history_quarantined
SAIL,2025-10-22,22.57,22.81,21.59,22.0,1056314.0,22.097,14206.0,SAIL,current_symbol,,,,,latest_price_issuer_differs_from_target_CIK_history_quarantined
SAIL,2025-10-23,22.1,22.48,22.07,22.23,719450.0,22.3051,10557.0,SAIL,current_symbol,,,,,latest_price_issuer_differs_from_target_CIK_history_quarantined
SAIL,2025-10-24,22.94,23.035,22.315,22.35,1141982.0,22.5905,14908.0,SAIL,current_symbol,,,,,latest_price_issuer_differs_from_target_CIK_history_quarantined
SAIL,2025-10-27,22.95,22.96,22.43,22.78,1223404.0,22.7272,13446.0,SAIL,current_symbol,,,,,latest_price_issuer_differs_from_target_CIK_history_quarantined
SAIL,2025-10-28,22.72,23.0499,22.395,22.49,1389188.0,22.7669,15026.0,SAIL,current_symbol,,,,,latest_price_issuer_differs_from_target_CIK_history_quarantined
SAIL,2025-10-29,22.72,22.72,20.7251,21.44,2517361.0,21.5264,27233.0,SAIL,current_symbol,,,,,latest_price_issuer_differs_from_target_CIK_history_quarantined
SAIL,2025-10-30,21.36,22.19,21.325,21.55,1535848.0,21.8161,14120.0,SAIL,current_symbol,,,,,latest_price_issuer_differs_from_target_CIK_history_quarantined
SAIL,2025-10-31,21.55,22.29,21.55,21.68,1513426.0,21.8522,14584.0,SAIL,current_symbol,,,,,latest_price_issuer_differs_from_target_CIK_history_quarantined
SAIL,2025-11-03,21.72,22.0233,21.26,21.49,1179783.0,21.4813,15968.0,SAIL,current_symbol,,,,,latest_price_issuer_differs_from_target_CIK_history_quarantined
SAIL,2025-11-04,21.1,21.325,19.96,19.96,1288778.0,20.2969,16138.0,SAIL,current_symbol,,,,,latest_price_issuer_differs_from_target_CIK_history_quarantined
SAIL,2025-11-05,19.96,20.32,19.64,19.76,1189330.0,19.8641,14540.0,SAIL,current_symbol,,,,,latest_price_issuer_differs_from_target_CIK_history_quarantined
SAIL,2025-11-06,19.6,20.03,19.195,19.94,2529213.0,19.7167,28803.0,SAIL,current_symbol,,,,,latest_price_issuer_differs_from_target_CIK_history_quarantined
SAIL,2025-11-07,19.55,19.88,19.13,19.79,1800758.0,19.6422,19054.0,SAIL,current_symbol,,,,,latest_price_issuer_differs_from_target_CIK_history_quarantined
SAIL,2025-11-10,20.0,20.36,19.41,20.32,1128106.0,20.0668,14133.0,SAIL,current_symbol,,,,,latest_price_issuer_differs_from_target_CIK_history_quarantined
SAIL,2025-11-11,20.15,20.26,19.82,20.18,1150999.0,20.1186,15481.0,SAIL,current_symbol,,,,,latest_price_issuer_differs_from_target_CIK_history_quarantined
SAIL,2025-11-12,20.33,20.52,19.87,20.25,1126710.0,20.1423,13961.0,SAIL,current_symbol,,,,,latest_price_issuer_differs_from_target_CIK_history_quarantined
SAIL,2025-11-13,20.14,20.14,19.12,19.19,1474393.0,19.4426,17486.0,SAIL,current_symbol,,,,,latest_price_issuer_differs_from_target_CIK_history_quarantined
SAIL,2025-11-14,18.97,19.96,18.61,19.92,2032780.0,19.7499,19235.0,SAIL,current_symbol,,,,,latest_price_issuer_differs_from_target_CIK_history_quarantined
SAIL,2025-11-17,19.82,19.87,18.44,18.49,1208532.0,18.8681,17277.0,SAIL,current_symbol,,,,,latest_price_issuer_differs_from_target_CIK_history_quarantined
SAIL,2025-11-18,18.58,19.08,18.41,18.73,1523150.0,18.7619,20119.0,SAIL,current_symbol,,,,,latest_price_issuer_differs_from_target_CIK_history_quarantined
SAIL,2025-11-19,18.79,19.06,18.46,18.48,1163847.0,18.6231,13508.0,SAIL,current_symbol,,,,,latest_price_issuer_differs_from_target_CIK_history_quarantined
SAIL,2025-11-20,18.94,18.98,17.535,17.61,2082095.0,17.835,23988.0,SAIL,current_symbol,,,,,latest_price_issuer_differs_from_target_CIK_history_quarantined
SAIL,2025-11-21,17.6,18.81,17.25,18.62,3706809.0,18.3031,34237.0,SAIL,current_symbol,,,,,latest_price_issuer_differs_from_target_CIK_history_quarantined
SAIL,2025-11-24,18.59,18.76,18.25,18.54,1053894.0,18.5238,13775.0,SAIL,current_symbol,,,,,latest_price_issuer_differs_from_target_CIK_history_quarantined
SAIL,2025-11-25,18.6,18.8,18.25,18.75,1032780.0,18.6304,14354.0,SAIL,current_symbol,,,,,latest_price_issuer_differs_from_target_CIK_history_quarantined
SAIL,2025-11-26,18.7,18.87,18.31,18.36,798887.0,18.418,12660.0,SAIL,current_symbol,,,,,latest_price_issuer_differs_from_target_CIK_history_quarantined
SAIL,2025-11-28,18.38,18.655,18.35,18.42,473093.0,18.4472,7888.0,SAIL,current_symbol,,,,,latest_price_issuer_differs_from_target_CIK_history_quarantined
SAIL,2025-12-01,18.21,18.66,18.0,18.4,1570214.0,18.4497,14197.0,SAIL,current_symbol,,,,,latest_price_issuer_differs_from_target_CIK_history_quarantined
SAIL,2025-12-02,18.47,19.2,18.45,19.14,1768426.0,19.0334,19212.0,SAIL,current_symbol,,,,,latest_price_issuer_differs_from_target_CIK_history_quarantined
SAIL,2025-12-03,18.9,19.75,18.76,19.42,2133336.0,19.4313,19210.0,SAIL,current_symbol,,,,,latest_price_issuer_differs_from_target_CIK_history_quarantined
SAIL,2025-12-04,19.44,20.08,19.28,19.85,1683769.0,19.8486,22595.0,SAIL,current_symbol,,,,,latest_price_issuer_differs_from_target_CIK_history_quarantined
SAIL,2025-12-05,19.95,20.5,19.7,20.24,2582708.0,20.2322,33081.0,SAIL,current_symbol,,,,,latest_price_issuer_differs_from_target_CIK_history_quarantined
SAIL,2025-12-08,20.27,20.58,20.04,20.26,5009425.0,20.28,48272.0,SAIL,current_symbol,,,,,latest_price_issuer_differs_from_target_CIK_history_quarantined
SAIL,2025-12-09,19.03,20.935,18.45,19.88,5438186.0,19.7404,56108.0,SAIL,current_symbol,,,,,latest_price_issuer_differs_from_target_CIK_history_quarantined
SAIL,2025-12-10,19.87,21.44,19.51,21.02,3214845.0,20.723,37566.0,SAIL,current_symbol,,,,,latest_price_issuer_differs_from_target_CIK_history_quarantined
SAIL,2025-12-11,20.59,21.785,20.59,21.74,3241728.0,21.4385,37120.0,SAIL,current_symbol,,,,,latest_price_issuer_differs_from_target_CIK_history_quarantined
SAIL,2025-12-12,21.74,21.96,21.005,21.03,2247056.0,21.2553,28708.0,SAIL,current_symbol,,,,,latest_price_issuer_differs_from_target_CIK_history_quarantined
SAIL,2025-12-15,21.32,21.32,20.19,20.64,1806293.0,20.5874,22214.0,SAIL,current_symbol,,,,,latest_price_issuer_differs_from_target_CIK_history_quarantined
SAIL,2025-12-16,20.705,21.18,20.41,21.14,1684024.0,20.9514,23645.0,SAIL,current_symbol,,,,,latest_price_issuer_differs_from_target_CIK_history_quarantined
SAIL,2025-12-17,21.04,21.34,20.24,20.38,1588600.0,20.6926,20330.0,SAIL,current_symbol,,,,,latest_price_issuer_differs_from_target_CIK_history_quarantined
SAIL,2025-12-18,20.88,21.64,20.82,20.98,2339423.0,21.0988,27834.0,SAIL,current_symbol,,,,,latest_price_issuer_differs_from_target_CIK_history_quarantined
SAIL,2025-12-19,20.905,21.39,20.72,21.02,3169682.0,20.975,24574.0,SAIL,current_symbol,,,,,latest_price_issuer_differs_from_target_CIK_history_quarantined
SAIL,2025-12-22,21.06,21.59,20.88,21.4,1470923.0,21.3987,17692.0,SAIL,current_symbol,,,,,latest_price_issuer_differs_from_target_CIK_history_quarantined
SAIL,2025-12-23,21.21,21.22,20.51,20.85,1216027.0,20.7952,18135.0,SAIL,current_symbol,,,,,latest_price_issuer_differs_from_target_CIK_history_quarantined
SAIL,2025-12-24,20.96,21.115,20.7,21.07,456298.0,21.0089,9194.0,SAIL,current_symbol,,,,,latest_price_issuer_differs_from_target_CIK_history_quarantined
SAIL,2025-12-26,21.16,21.24,20.9,21.15,705937.0,21.1094,10568.0,SAIL,current_symbol,,,,,latest_price_issuer_differs_from_target_CIK_history_quarantined
SAIL,2025-12-29,20.97,21.259,20.82,20.98,968910.0,20.9678,13856.0,SAIL,current_symbol,,,,,latest_price_issuer_differs_from_target_CIK_history_quarantined
SAIL,2025-12-30,20.94,21.055,20.78,20.81,988789.0,20.8924,11813.0,SAIL,current_symbol,,,,,latest_price_issuer_differs_from_target_CIK_history_quarantined
SAIL,2025-12-31,20.73,20.79,20.21,20.23,1464909.0,20.4071,14248.0,SAIL,current_symbol,,,,,latest_price_issuer_differs_from_target_CIK_history_quarantined
SAIL,2026-01-02,20.595,20.595,18.81,18.95,3791508.0,19.0708,35474.0,SAIL,current_symbol,,,,,latest_price_issuer_differs_from_target_CIK_history_quarantined
SAIL,2026-01-05,19.2,19.95,19.06,19.26,2164087.0,19.4714,25136.0,SAIL,current_symbol,,,,,latest_price_issuer_differs_from_target_CIK_history_quarantined
SAIL,2026-01-06,19.2,19.64,18.92,19.62,2050075.0,19.3122,27436.0,SAIL,current_symbol,,,,,latest_price_issuer_differs_from_target_CIK_history_quarantined
SAIL,2026-01-07,19.62,20.25,19.4501,20.13,1742238.0,19.966,24171.0,SAIL,current_symbol,,,,,latest_price_issuer_differs_from_target_CIK_history_quarantined
SAIL,2026-01-08,20.08,20.08,19.405,19.54,2272053.0,19.6103,22548.0,SAIL,current_symbol,,,,,latest_price_issuer_differs_from_target_CIK_history_quarantined
SAIL,2026-01-09,19.65,20.22,19.28,19.67,1757461.0,19.6165,22718.0,SAIL,current_symbol,,,,,latest_price_issuer_differs_from_target_CIK_history_quarantined
SAIL,2026-01-12,19.6,19.83,19.35,19.61,1489482.0,19.579,21085.0,SAIL,current_symbol,,,,,latest_price_issuer_differs_from_target_CIK_history_quarantined
SAIL,2026-01-13,19.56,19.87,19.03,19.31,2018968.0,19.2811,23096.0,SAIL,current_symbol,,,,,latest_price_issuer_differs_from_target_CIK_history_quarantined
SAIL,2026-01-14,19.19,19.325,18.85,19.26,2361759.0,19.1388,24328.0,SAIL,current_symbol,,,,,latest_price_issuer_differs_from_target_CIK_history_quarantined
SAIL,2026-01-15,19.37,19.75,18.87,18.9,1977621.0,19.2545,23262.0,SAIL,current_symbol,,,,,latest_price_issuer_differs_from_target_CIK_history_quarantined
SAIL,2026-01-16,18.91,18.94,18.26,18.27,1983655.0,18.5039,21971.0,SAIL,current_symbol,,,,,latest_price_issuer_differs_from_target_CIK_history_quarantined
SAIL,2026-01-20,17.81,18.135,17.29,17.32,2712064.0,17.6928,29459.0,SAIL,current_symbol,,,,,latest_price_issuer_differs_from_target_CIK_history_quarantined
SAIL,2026-01-21,17.39,17.52,16.79,17.12,2060212.0,17.1127,26158.0,SAIL,current_symbol,,,,,latest_price_issuer_differs_from_target_CIK_history_quarantined
SAIL,2026-01-22,17.42,17.66,17.135,17.31,2448549.0,17.2793,28483.0,SAIL,current_symbol,,,,,latest_price_issuer_differs_from_target_CIK_history_quarantined
SAIL,2026-01-23,17.31,17.86,17.17,17.8,3123375.0,17.6934,36157.0,SAIL,current_symbol,,,,,latest_price_issuer_differs_from_target_CIK_history_quarantined
SAIL,2026-01-26,17.78,18.0299,17.55,17.85,1811267.0,17.8456,23134.0,SAIL,current_symbol,,,,,latest_price_issuer_differs_from_target_CIK_history_quarantined
SAIL,2026-01-27,18.01,18.5,17.735,18.31,2797835.0,18.2579,29903.0,SAIL,current_symbol,,,,,latest_price_issuer_differs_from_target_CIK_history_quarantined
SAIL,2026-01-28,18.41,18.52,17.24,17.29,3028714.0,17.8162,29738.0,SAIL,current_symbol,,,,,latest_price_issuer_differs_from_target_CIK_history_quarantined
SAIL,2026-01-29,17.17,17.27,15.61,16.05,4841463.0,16.0326,49688.0,SAIL,current_symbol,,,,,latest_price_issuer_differs_from_target_CIK_history_quarantined
SAIL,2026-01-30,16.02,16.39,15.6,15.69,2614737.0,15.933,30270.0,SAIL,current_symbol,,,,,latest_price_issuer_differs_from_target_CIK_history_quarantined
SAIL,2026-02-02,15.72,16.25,15.48,15.72,3060985.0,15.844,35021.0,SAIL,current_symbol,,,,,latest_price_issuer_differs_from_target_CIK_history_quarantined
SAIL,2026-02-03,15.56,15.74,13.985,14.65,5421634.0,14.4379,56011.0,SAIL,current_symbol,,,,,latest_price_issuer_differs_from_target_CIK_history_quarantined
SAIL,2026-02-04,14.49,14.95,13.715,14.93,5044893.0,14.5874,56651.0,SAIL,current_symbol,,,,,latest_price_issuer_differs_from_target_CIK_history_quarantined
SAIL,2026-02-05,14.84,15.29,14.145,14.27,3735894.0,14.4509,36863.0,SAIL,current_symbol,,,,,latest_price_issuer_differs_from_target_CIK_history_quarantined
SAIL,2026-02-06,14.59,15.19,14.27,14.71,2845962.0,14.7065,27789.0,SAIL,current_symbol,,,,,latest_price_issuer_differs_from_target_CIK_history_quarantined
SAIL,2026-02-09,14.7,15.33,14.44,15.18,1978601.0,15.0145,24443.0,SAIL,current_symbol,,,,,latest_price_issuer_differs_from_target_CIK_history_quarantined
SAIL,2026-02-10,15.43,15.95,15.12,15.21,2214942.0,15.4273,30461.0,SAIL,current_symbol,,,,,latest_price_issuer_differs_from_target_CIK_history_quarantined
SAIL,2026-02-11,15.25,15.4,14.46,15.26,2159300.0,15.0679,29210.0,SAIL,current_symbol,,,,,latest_price_issuer_differs_from_target_CIK_history_quarantined
SAIL,2026-02-12,15.27,15.57,14.71,15.22,1699271.0,15.131,23813.0,SAIL,current_symbol,,,,,latest_price_issuer_differs_from_target_CIK_history_quarantined
SAIL,2026-02-13,15.39,16.425,15.265,15.92,3245786.0,16.027,36386.0,SAIL,current_symbol,,,,,latest_price_issuer_differs_from_target_CIK_history_quarantined
SAIL,2026-02-17,15.6,15.72,15.13,15.65,2565579.0,15.4607,27151.0,SAIL,current_symbol,,,,,latest_price_issuer_differs_from_target_CIK_history_quarantined
SAIL,2026-02-18,15.7,16.31,15.5078,16.09,1462253.0,16.0964,20052.0,SAIL,current_symbol,,,,,latest_price_issuer_differs_from_target_CIK_history_quarantined
SAIL,2026-02-19,15.91,16.045,15.555,15.67,1207530.0,15.7633,17363.0,SAIL,current_symbol,,,,,latest_price_issuer_differs_from_target_CIK_history_quarantined
SAIL,2026-02-20,15.61,16.14,14.13,14.19,7732302.0,14.8256,60950.0,SAIL,current_symbol,,,,,latest_price_issuer_differs_from_target_CIK_history_quarantined
SAIL,2026-02-23,14.03,14.09,12.84,12.86,4112207.096177,13.1989,38911.0,SAIL,current_symbol,,,,,latest_price_issuer_differs_from_target_CIK_history_quarantined
SAIL,2026-02-24,12.97,13.32,12.81,13.12,3249033.894416,13.0828,34040.0,SAIL,current_symbol,,,,,latest_price_issuer_differs_from_target_CIK_history_quarantined
SAIL,2026-02-25,13.2,13.6,12.84,13.37,3142312.182984,13.3857,30631.0,SAIL,current_symbol,,,,,latest_price_issuer_differs_from_target_CIK_history_quarantined
SAIL,2026-02-26,13.53,14.55,13.4,14.37,4664723.938567,14.1198,40639.0,SAIL,current_symbol,,,,,latest_price_issuer_differs_from_target_CIK_history_quarantined
SAIL,2026-02-27,14.06,14.17,13.51,14.1,2204043.621463,14.0427,27556.0,SAIL,current_symbol,,,,,latest_price_issuer_differs_from_target_CIK_history_quarantined
SAIL,2026-03-02,13.62,14.48,13.5131,14.34,1630495.870088,14.2186,25338.0,SAIL,current_symbol,,,,,latest_price_issuer_differs_from_target_CIK_history_quarantined
SAIL,2026-03-03,13.96,14.355,13.65,14.2,2557307.454533,14.13,31664.0,SAIL,current_symbol,,,,,latest_price_issuer_differs_from_target_CIK_history_quarantined
SAIL,2026-03-04,14.135,14.28,13.8,13.92,3751208.904526,14.0155,41797.0,SAIL,current_symbol,,,,,latest_price_issuer_differs_from_target_CIK_history_quarantined
SAIL,2026-03-05,14.12,15.34,14.0,15.28,2683898.351649,15.0463,33234.0,SAIL,current_symbol,,,,,latest_price_issuer_differs_from_target_CIK_history_quarantined
SAIL,2026-03-06,15.05,15.44,14.82,15.39,1545688.399857,15.2842,23349.0,SAIL,current_symbol,,,,,latest_price_issuer_differs_from_target_CIK_history_quarantined
SAIL,2026-03-09,15.12,15.63,14.88,15.42,2408813.239244,15.34,32789.0,SAIL,current_symbol,,,,,latest_price_issuer_differs_from_target_CIK_history_quarantined
SAIL,2026-03-10,15.4,15.6,14.765,15.32,2717121.239044,15.2495,32195.0,SAIL,current_symbol,,,,,latest_price_issuer_differs_from_target_CIK_history_quarantined
SAIL,2026-03-11,15.5,15.85,15.2537,15.79,2700271.462217,15.6624,32180.0,SAIL,current_symbol,,,,,latest_price_issuer_differs_from_target_CIK_history_quarantined
SAIL,2026-03-12,15.58,16.0571,15.39,15.48,1615793.622288,15.5615,25626.0,SAIL,current_symbol,,,,,latest_price_issuer_differs_from_target_CIK_history_quarantined
SAIL,2026-03-13,15.4,15.58,15.0644,15.45,1623308.265748,15.3646,22522.0,SAIL,current_symbol,,,,,latest_price_issuer_differs_from_target_CIK_history_quarantined
SAIL,2026-03-16,15.22,15.71,15.05,15.08,2275539.980402,15.2784,30245.0,SAIL,current_symbol,,,,,latest_price_issuer_differs_from_target_CIK_history_quarantined
SAIL,2026-03-17,15.01,15.69,14.595,14.71,3959798.535246,14.9394,42681.0,SAIL,current_symbol,,,,,latest_price_issuer_differs_from_target_CIK_history_quarantined
SAIL,2026-03-18,13.255,13.39,11.92,12.47,13572589.423691,12.6385,96653.0,SAIL,current_symbol,,,,,latest_price_issuer_differs_from_target_CIK_history_quarantined
SAIL,2026-03-19,12.52,13.24,12.12,12.34,5039483.614853,12.5029,44977.0,SAIL,current_symbol,,,,,latest_price_issuer_differs_from_target_CIK_history_quarantined
SAIL,2026-03-20,12.32,12.61,11.9,12.25,3745009.132139,12.3354,32642.0,SAIL,current_symbol,,,,,latest_price_issuer_differs_from_target_CIK_history_quarantined
SAIL,2026-03-23,12.48,12.895,12.27,12.54,3099021.32538,12.5784,34069.0,SAIL,current_symbol,,,,,latest_price_issuer_differs_from_target_CIK_history_quarantined
SAIL,2026-03-24,12.355,12.415,11.83,12.32,3710960.669705,12.1846,39643.0,SAIL,current_symbol,,,,,latest_price_issuer_differs_from_target_CIK_history_quarantined
SAIL,2026-03-25,12.61,12.89,12.07,12.33,2873705.398458,12.3942,32474.0,SAIL,current_symbol,,,,,latest_price_issuer_differs_from_target_CIK_history_quarantined
SAIL,2026-03-26,12.17,12.83,12.11,12.28,1996989.427834,12.4724,24579.0,SAIL,current_symbol,,,,,latest_price_issuer_differs_from_target_CIK_history_quarantined
SAIL,2026-03-27,12.0,12.05,11.52,11.77,3338968.359291,11.7992,31252.0,SAIL,current_symbol,,,,,latest_price_issuer_differs_from_target_CIK_history_quarantined
SAIL,2026-03-30,11.94,12.49,11.9,12.45,4494683.421057,12.2917,48303.0,SAIL,current_symbol,,,,,latest_price_issuer_differs_from_target_CIK_history_quarantined
SAIL,2026-03-31,12.49,13.53,12.345,13.24,4343180.407744,13.1172,41733.0,SAIL,current_symbol,,,,,latest_price_issuer_differs_from_target_CIK_history_quarantined
SAIL,2026-04-01,13.37,13.45,12.84,13.36,2842092.14944,13.315,28031.0,SAIL,current_symbol,,,,,latest_price_issuer_differs_from_target_CIK_history_quarantined
SAIL,2026-04-02,13.18,13.4792,12.82,12.99,2210323.930018,13.0535,29644.0,SAIL,current_symbol,,,,,latest_price_issuer_differs_from_target_CIK_history_quarantined
SAIL,2026-04-06,13.01,13.155,12.75,13.11,1691110.937331,13.028,20804.0,SAIL,current_symbol,,,,,latest_price_issuer_differs_from_target_CIK_history_quarantined
SAIL,2026-04-07,12.9,13.3,12.455,12.82,2632454.818919,12.7204,35621.0,SAIL,current_symbol,,,,,latest_price_issuer_differs_from_target_CIK_history_quarantined
SAIL,2026-04-08,13.21,13.45,12.4,12.41,3614563.864597,12.6934,35251.0,SAIL,current_symbol,,,,,latest_price_issuer_differs_from_target_CIK_history_quarantined
SAIL,2026-04-09,12.21,12.27,10.99,11.06,7453560.582757,11.5403,47252.0,SAIL,current_symbol,,,,,latest_price_issuer_differs_from_target_CIK_history_quarantined
SAIL,2026-04-10,11.06,11.06,10.3,10.49,3952633.927424,10.5297,32392.0,SAIL,current_symbol,,,,,latest_price_issuer_differs_from_target_CIK_history_quarantined
SAIL,2026-04-13,10.49,11.46,10.49,11.26,4726556.235439,11.2455,43030.0,SAIL,current_symbol,,,,,latest_price_issuer_differs_from_target_CIK_history_quarantined
SAIL,2026-04-14,11.53,11.85,10.96,11.12,2703854.158523,11.217,26784.0,SAIL,current_symbol,,,,,latest_price_issuer_differs_from_target_CIK_history_quarantined
SAIL,2026-04-15,11.48,11.94,11.37,11.76,3263801.432966,11.7302,32860.0,SAIL,current_symbol,,,,,latest_price_issuer_differs_from_target_CIK_history_quarantined
SAIL,2026-04-16,12.07,12.4,11.595,11.69,2444974.809537,11.8922,28890.0,SAIL,current_symbol,,,,,latest_price_issuer_differs_from_target_CIK_history_quarantined
SAIL,2026-04-17,12.31,12.34,11.5,11.57,3074532.821214,11.7032,32469.0,SAIL,current_symbol,,,,,latest_price_issuer_differs_from_target_CIK_history_quarantined
SAIL,2026-04-20,11.43,12.18,11.41,12.17,2205983.320437,11.9351,24508.0,SAIL,current_symbol,,,,,latest_price_issuer_differs_from_target_CIK_history_quarantined
SAIL,2026-04-21,12.22,12.84,11.99,12.16,2750806.020508,12.3076,34041.0,SAIL,current_symbol,,,,,latest_price_issuer_differs_from_target_CIK_history_quarantined
SAIL,2026-04-22,12.32,12.6,12.07,12.28,1985996.793555,12.3291,23477.0,SAIL,current_symbol,,,,,latest_price_issuer_differs_from_target_CIK_history_quarantined
SAIL,2026-04-23,11.785,12.02,11.4,11.61,2329214.660297,11.6644,28630.0,SAIL,current_symbol,,,,,latest_price_issuer_differs_from_target_CIK_history_quarantined
SAIL,2026-04-24,11.735,12.07,11.5,11.95,1654595.596134,11.8354,23395.0,SAIL,current_symbol,,,,,latest_price_issuer_differs_from_target_CIK_history_quarantined
SAIL,2026-04-27,11.83,12.055,11.59,11.87,2779255.834537,11.8948,23124.0,SAIL,current_symbol,,,,,latest_price_issuer_differs_from_target_CIK_history_quarantined
SAIL,2026-04-28,11.88,12.28,11.42,11.52,2423229.902228,11.6128,28073.0,SAIL,current_symbol,,,,,latest_price_issuer_differs_from_target_CIK_history_quarantined
SAIL,2026-04-29,11.46,11.695,11.22,11.57,1422181.649214,11.5715,20794.0,SAIL,current_symbol,,,,,latest_price_issuer_differs_from_target_CIK_history_quarantined
SAIL,2026-04-30,11.44,11.51,11.08,11.42,2297978.980272,11.3282,25382.0,SAIL,current_symbol,,,,,latest_price_issuer_differs_from_target_CIK_history_quarantined
SAIL,2026-05-01,11.89,12.34,11.665,12.07,2110546.019745,11.9898,27364.0,SAIL,current_symbol,,,,,latest_price_issuer_differs_from_target_CIK_history_quarantined
SAIL,2026-05-04,12.15,12.73,11.975,12.15,3668052.848965,12.2545,40689.0,SAIL,current_symbol,,,,,latest_price_issuer_differs_from_target_CIK_history_quarantined
SAIL,2026-05-05,12.31,12.4114,11.81,12.15,1922901.952058,12.104,26560.0,SAIL,current_symbol,,,,,latest_price_issuer_differs_from_target_CIK_history_quarantined
SAIL,2026-05-06,11.96,12.18,11.38,11.62,3574786.937886,11.693,43090.0,SAIL,current_symbol,,,,,latest_price_issuer_differs_from_target_CIK_history_quarantined
SAIL,2026-05-07,11.83,12.59,11.83,12.19,3238033.368189,12.2376,41182.0,SAIL,current_symbol,,,,,latest_price_issuer_differs_from_target_CIK_history_quarantined
SAIL,2026-05-08,12.0,12.24,11.76,12.23,3478518.267645,12.1176,26545.0,SAIL,current_symbol,,,,,latest_price_issuer_differs_from_target_CIK_history_quarantined
SAIL,2026-05-11,12.0,12.14,11.62,11.77,3000357.662408,11.7844,32729.0,SAIL,current_symbol,,,,,latest_price_issuer_differs_from_target_CIK_history_quarantined
SAIL,2026-05-12,11.84,11.9329,11.51,11.61,1921790.251627,11.6128,28257.0,SAIL,current_symbol,,,,,latest_price_issuer_differs_from_target_CIK_history_quarantined
SAIL,2026-05-13,11.46,11.88,11.32,11.81,2787866.924894,11.7181,29874.0,SAIL,current_symbol,,,,,latest_price_issuer_differs_from_target_CIK_history_quarantined
SAIL,2026-05-14,11.9,13.42,11.9,13.18,5642547.28673,13.0351,54196.0,SAIL,current_symbol,,,,,latest_price_issuer_differs_from_target_CIK_history_quarantined
SAIL,2026-05-15,12.99,13.89,12.7415,13.5,5038471.308757,13.532,54192.0,SAIL,current_symbol,,,,,latest_price_issuer_differs_from_target_CIK_history_quarantined
SAIL,2026-05-18,13.4,14.61,13.36,14.59,6290452.971973,14.2513,59257.0,SAIL,current_symbol,,,,,latest_price_issuer_differs_from_target_CIK_history_quarantined
SAIL,2026-05-19,14.81,15.09,14.35,14.47,5488837.954298,14.6628,62329.0,SAIL,current_symbol,,,,,latest_price_issuer_differs_from_target_CIK_history_quarantined
SAIL,2026-05-20,14.26,14.985,13.9047,14.98,2302605.111146,14.7402,34541.0,SAIL,current_symbol,,,,,latest_price_issuer_differs_from_target_CIK_history_quarantined
SAIL,2026-05-21,14.97,15.05,14.64,15.01,2151684.511532,14.8932,26438.0,SAIL,current_symbol,,,,,latest_price_issuer_differs_from_target_CIK_history_quarantined
SAIL,2026-05-22,15.18,15.89,15.0373,15.75,2693287.493253,15.7005,34811.0,SAIL,current_symbol,,,,,latest_price_issuer_differs_from_target_CIK_history_quarantined
SAIL,2026-05-26,15.675,16.155,15.14,15.87,3244181.59252,15.8632,43650.0,SAIL,current_symbol,,,,,latest_price_issuer_differs_from_target_CIK_history_quarantined
SAIL,2026-05-27,15.57,15.86,15.23,15.56,2760575.222332,15.4994,33203.0,SAIL,current_symbol,,,,,latest_price_issuer_differs_from_target_CIK_history_quarantined
SAIL,2026-05-28,15.79,16.75,15.5,16.55,3452146.15247,16.4395,37327.0,SAIL,current_symbol,,,,,latest_price_issuer_differs_from_target_CIK_history_quarantined
SAIL,2026-05-29,16.89,18.865,16.88,18.83,5034755.511475,18.1876,52000.0,SAIL,current_symbol,,,,,latest_price_issuer_differs_from_target_CIK_history_quarantined
SAIL,2026-06-01,19.32,20.1474,18.96,19.25,8564168.273411,19.5256,80806.0,SAIL,current_symbol,,,,,latest_price_issuer_differs_from_target_CIK_history_quarantined
SAIL,2026-06-02,18.31,20.14,18.01,19.84,6713980.170555,19.3178,62681.0,SAIL,current_symbol,,,,,latest_price_issuer_differs_from_target_CIK_history_quarantined
SAIL,2026-06-03,19.33,19.6232,18.36,18.38,7764634.239038,18.7292,80078.0,SAIL,current_symbol,,,,,latest_price_issuer_differs_from_target_CIK_history_quarantined
SAIL,2026-06-04,18.26,18.76,17.75,18.61,4678920.718942,18.5611,51487.0,SAIL,current_symbol,,,,,latest_price_issuer_differs_from_target_CIK_history_quarantined
SAIL,2026-06-05,18.61,19.125,17.9,18.24,4007552.780799,18.3689,47877.0,SAIL,current_symbol,,,,,latest_price_issuer_differs_from_target_CIK_history_quarantined
SAIL,2026-06-08,18.21,18.4358,17.3805,17.69,5502353.163762,17.8114,58633.0,SAIL,current_symbol,,,,,latest_price_issuer_differs_from_target_CIK_history_quarantined
SAIL,2026-06-09,15.32,16.4,14.99,15.66,11910800.002518,15.6907,106408.0,SAIL,current_symbol,,,,,latest_price_issuer_differs_from_target_CIK_history_quarantined
SAIL,2026-06-10,15.56,15.72,14.255,14.71,7731702.88739,14.6499,72669.0,SAIL,current_symbol,,,,,latest_price_issuer_differs_from_target_CIK_history_quarantined
SAIL,2026-06-11,14.485,14.7,14.135,14.42,5248711.099725,14.4203,61371.0,SAIL,current_symbol,,,,,latest_price_issuer_differs_from_target_CIK_history_quarantined
SAIL,2026-06-12,14.01,14.95,13.95,14.62,4592219.99606,14.5211,48794.0,SAIL,current_symbol,,,,,latest_price_issuer_differs_from_target_CIK_history_quarantined
SAIL,2026-06-15,15.02,15.02,14.105,14.21,4115319.396838,14.4389,39023.0,SAIL,current_symbol,,,,,latest_price_issuer_differs_from_target_CIK_history_quarantined
SAIL,2026-06-16,14.21,15.45,13.94,14.09,7197693.580914,14.3515,71175.0,SAIL,current_symbol,,,,,latest_price_issuer_differs_from_target_CIK_history_quarantined
SAIL,2026-06-17,14.27,14.38,13.18,13.21,7227177.347243,13.5375,54490.0,SAIL,current_symbol,,,,,latest_price_issuer_differs_from_target_CIK_history_quarantined
SAIL,2026-06-18,13.43,13.77,12.95,13.33,6827249.457825,13.2832,48659.0,SAIL,current_symbol,,,,,latest_price_issuer_differs_from_target_CIK_history_quarantined
SAIL,2026-06-22,13.11,13.65,12.5,12.63,4035798.201974,12.8033,39018.0,SAIL,current_symbol,,,,,latest_price_issuer_differs_from_target_CIK_history_quarantined
SAIL,2026-06-23,12.82,13.015,12.57,12.88,4445122.505632,12.8289,41771.0,SAIL,current_symbol,,,,,latest_price_issuer_differs_from_target_CIK_history_quarantined
SAIL,2026-06-24,12.86,13.13,12.43,12.57,4914372.367452,12.6131,38543.0,SAIL,current_symbol,,,,,latest_price_issuer_differs_from_target_CIK_history_quarantined
SAIL,2026-06-25,12.72,13.02,12.4,12.69,5757587.158878,12.7359,52361.0,SAIL,current_symbol,,,,,latest_price_issuer_differs_from_target_CIK_history_quarantined
SAIL,2026-06-26,12.6,13.2225,12.6,13.18,4976095.928519,13.0034,50366.0,SAIL,current_symbol,,,,,latest_price_issuer_differs_from_target_CIK_history_quarantined
SAIL,2026-06-29,13.57,13.98,13.38,13.72,5685228.588872,13.7414,57466.0,SAIL,current_symbol,,,,,latest_price_issuer_differs_from_target_CIK_history_quarantined
SAIL,2026-06-30,13.54,14.695,13.535,14.64,3487861.326869,14.3932,41837.0,SAIL,current_symbol,,,,,latest_price_issuer_differs_from_target_CIK_history_quarantined
SAIL,2026-07-01,15.0,16.03,14.94,15.31,5143142.550454,15.5292,47092.0,SAIL,current_symbol,,,,,latest_price_issuer_differs_from_target_CIK_history_quarantined
SAIL,2026-07-02,15.31,15.73,15.175,15.27,2913099.530237,15.3895,36168.0,SAIL,current_symbol,,,,,latest_price_issuer_differs_from_target_CIK_history_quarantined
SAIL,2026-07-06,15.16,15.87,14.9188,15.85,2755486.923261,15.7101,34144.0,SAIL,current_symbol,,,,,latest_price_issuer_differs_from_target_CIK_history_quarantined
SAIL,2026-07-07,16.02,16.95,15.51,16.19,6998419.693299,16.3841,58437.0,SAIL,current_symbol,,,,,latest_price_issuer_differs_from_target_CIK_history_quarantined
SAIL,2026-07-08,15.89,16.15,15.085,15.11,7473766.333578,15.4551,68429.0,SAIL,current_symbol,,,,,latest_price_issuer_differs_from_target_CIK_history_quarantined
SAIL,2026-07-09,14.76,15.35,14.57,14.85,5860126.272086,14.9041,51375.0,SAIL,current_symbol,,,,,latest_price_issuer_differs_from_target_CIK_history_quarantined
SAIL,2026-07-10,15.285,15.44,13.67,13.71,3361629.444931,14.0854,34515.0,SAIL,current_symbol,,,,,latest_price_issuer_differs_from_target_CIK_history_quarantined
SAIL,2026-07-13,13.74,14.16,13.64,14.01,2730987.702974,13.9645,30883.0,SAIL,current_symbol,,,,,latest_price_issuer_differs_from_target_CIK_history_quarantined
SAIL,2026-07-14,13.52,15.4,13.52,15.2,6412768.60889,15.0901,67515.0,SAIL,current_symbol,,,,,latest_price_issuer_differs_from_target_CIK_history_quarantined
SAIL,2026-07-15,15.29,15.715,15.015,15.13,4893860.69311,15.2608,44651.0,SAIL,current_symbol,,,,,latest_price_issuer_differs_from_target_CIK_history_quarantined
SAIL,2026-07-16,15.26,16.07,14.76,15.86,4316695.670716,15.6474,42763.0,SAIL,current_symbol,,,,,latest_price_issuer_differs_from_target_CIK_history_quarantined
SAIL,2026-07-17,15.6,16.2,15.29,15.68,3915768.152436,15.6447,41944.0,SAIL,current_symbol,,,,,latest_price_issuer_differs_from_target_CIK_history_quarantined
SAIL,2026-07-20,15.53,15.64,14.91,15.22,3909562.966805,15.2742,38925.0,SAIL,current_symbol,,,,,latest_price_issuer_differs_from_target_CIK_history_quarantined
SAIL,2026-07-21,15.37,15.37,14.63,14.77,2634480.419812,14.8314,29813.0,SAIL,current_symbol,,,,,latest_price_issuer_differs_from_target_CIK_history_quarantined
SAIL,2026-07-22,14.92,14.92,14.26,14.78,3362608.52271,14.6109,33128.0,SAIL,current_symbol,,,,,latest_price_issuer_differs_from_target_CIK_history_quarantined
SAIL,2026-07-23,15.01,15.17,14.25,14.315,3406981.522698,14.5191,37222.0,SAIL,current_symbol,,,,,latest_price_issuer_differs_from_target_CIK_history_quarantined
SAIL,2026-07-24,14.475,15.065,14.46,14.95,2197800.916935,14.8442,24428.0,SAIL,current_symbol,,,,,latest_price_issuer_differs_from_target_CIK_history_quarantined
SAIL,2026-07-27,15.22,15.8599,15.09,15.34,2575239.533346,15.4984,34761.0,SAIL,current_symbol,,,,,latest_price_issuer_differs_from_target_CIK_history_quarantined
SAIL,2026-07-28,15.42,16.095,15.1,15.78,3003364.072647,15.7452,31535.0,SAIL,current_symbol,,,,,latest_price_issuer_differs_from_target_CIK_history_quarantined
SAIL,2026-07-29,15.65,16.535,15.625,15.89,2969528.171562,16.0189,34495.0,SAIL,current_symbol,,,,,latest_price_issuer_differs_from_target_CIK_history_quarantined
SAIL,2026-07-30,15.96,16.28,15.415,16.17,4960576.079834,15.952,42194.0,SAIL,current_symbol,,,,,latest_price_issuer_differs_from_target_CIK_history_quarantined
SAIL,2026-07-31,16.09,16.88,15.885,16.77,2975779.234977,16.5676,39575.0,SAIL,current_symbol,,,,,latest_price_issuer_differs_from_target_CIK_history_quarantined
SAIL,2026-08-03,17.1,17.7,16.86,17.2,3467887.175866,17.1698,40419.0,SAIL,current_symbol,,,,,latest_price_issuer_differs_from_target_CIK_history_quarantined
SAIL,2026-08-04,16.9,17.6215,16.72,17.4,2867455.461692,17.3305,35370.0,SAIL,current_symbol,,,,,latest_price_issuer_differs_from_target_CIK_history_quarantined
SAIL,2026-08-05,17.7,18.03,17.55,17.84,2422172.302045,17.7419,34771.0,SAIL,current_symbol,,,,,latest_price_issuer_differs_from_target_CIK_history_quarantined
SAIL,2026-08-06,17.54,17.72,17.235,17.68,2213524.211098,17.5531,29283.0,SAIL,current_symbol,,,,,latest_price_issuer_differs_from_target_CIK_history_quarantined
SAIL,2026-08-07,18.72,18.9,18.14,18.66,3098273.807401,18.4298,38347.0,SAIL,current_symbol,,,,,latest_price_issuer_differs_from_target_CIK_history_quarantined
SAIL,2026-08-10,18.6,19.42,18.56,19.41,3775696.52991,19.1502,40975.0,SAIL,current_symbol,,,,,latest_price_issuer_differs_from_target_CIK_history_quarantined
SAIL,2026-08-11,19.09,19.2,18.44,19.06,3166865.995013,18.9075,46123.0,SAIL,current_symbol,,,,,latest_price_issuer_differs_from_target_CIK_history_quarantined
SAIL,2026-08-12,19.14,19.435,18.69,18.73,3570144.348654,18.8952,41523.0,SAIL,current_symbol,,,,,latest_price_issuer_differs_from_target_CIK_history_quarantined
SAIL,2026-08-13,19.01,20.38,18.875,19.99,5563424.739908,19.8436,54381.0,SAIL,current_symbol,,,,,latest_price_issuer_differs_from_target_CIK_history_quarantined
SAIL,2026-08-14,19.94,20.03,19.355,19.53,2904018.187457,19.6091,37079.0,SAIL,current_symbol,,,,,latest_price_issuer_differs_from_target_CIK_history_quarantined
SAIL,2026-08-17,19.29,19.395,18.57,18.59,2208964.780985,18.7585,27573.0,SAIL,current_symbol,,,,,latest_price_issuer_differs_from_target_CIK_history_quarantined
SAIL,2026-08-18,18.64,19.43,18.64,19.2,2396074.047393,19.1783,29920.0,SAIL,current_symbol,,,,,latest_price_issuer_differs_from_target_CIK_history_quarantined
SAIL,2026-08-19,19.19,19.5887,18.81,19.19,1996601.890208,19.1818,23477.0,SAIL,current_symbol,,,,,latest_price_issuer_differs_from_target_CIK_history_quarantined
SAIL,2026-08-20,18.97,19.2099,18.43,18.51,2135148.728901,18.6252,29063.0,SAIL,current_symbol,,,,,latest_price_issuer_differs_from_target_CIK_history_quarantined
SAIL,2026-08-21,18.7,18.84,17.9605,18.64,2642529.322849,18.5704,27461.0,SAIL,current_symbol,,,,,latest_price_issuer_differs_from_target_CIK_history_quarantined
SAIL,2026-08-24,18.76,18.776,18.06,18.13,2376862.850637,18.2199,28462.0,SAIL,current_symbol,,,,,latest_price_issuer_differs_from_target_CIK_history_quarantined
SAIL,2026-08-25,18.16,18.35,17.665,17.87,2492018.373529,17.9078,26634.0,SAIL,current_symbol,,,,,latest_price_issuer_differs_from_target_CIK_history_quarantined
SAIL,2026-08-26,17.36,18.29,17.3,18.22,1984984.035969,18.0507,25000.0,SAIL,current_symbol,,,,,latest_price_issuer_differs_from_target_CIK_history_quarantined
SAIL,2026-08-27,19.47,21.365,19.39,20.45,8444094.046595,20.6865,66538.0,SAIL,current_symbol,,,,,latest_price_issuer_differs_from_target_CIK_history_quarantined
SAIL,2026-08-28,20.21,20.7342,19.75,19.83,3665483.541423,20.1416,42192.0,SAIL,current_symbol,,,,,latest_price_issuer_differs_from_target_CIK_history_quarantined
SAIL,2026-08-31,20.015,20.9,19.72,20.56,3782415.693476,20.4914,30733.0,SAIL,current_symbol,,,,,latest_price_issuer_differs_from_target_CIK_history_quarantined
SAIL,2026-09-01,20.25,20.639,19.22,19.23,2853537.723092,19.5494,31094.0,SAIL,current_symbol,,,,,latest_price_issuer_differs_from_target_CIK_history_quarantined
SAIL,2026-09-02,19.13,19.34,17.99,18.31,3269125.248339,18.3624,35710.0,SAIL,current_symbol,,,,,latest_price_issuer_differs_from_target_CIK_history_quarantined
SAIL,2026-09-03,18.83,19.45,18.7276,19.39,2370369.495814,19.2433,28102.0,SAIL,current_symbol,,,,,latest_price_issuer_differs_from_target_CIK_history_quarantined
SAIL,2026-09-04,19.1,19.385,18.8,18.82,1900974.132809,19.0606,23095.0,SAIL,current_symbol,,,,,latest_price_issuer_differs_from_target_CIK_history_quarantined
SAIL,2026-09-08,18.53,18.615,17.56,17.79,5586315.087015,18.0177,55611.0,SAIL,current_symbol,,,,,latest_price_issuer_differs_from_target_CIK_history_quarantined
SAIL,2026-09-09,17.04,18.31,16.78,17.58,7764112.312109,17.7049,68172.0,SAIL,current_symbol,,,,,latest_price_issuer_differs_from_target_CIK_history_quarantined
SAIL,2026-09-10,17.38,18.59,17.102,17.64,5302503.577245,17.901,47858.0,SAIL,current_symbol,,,,,latest_price_issuer_differs_from_target_CIK_history_quarantined
SAIL,2026-09-11,17.72,17.7599,16.62,17.24,4980711.961113,17.0987,41997.0,SAIL,current_symbol,,,,,latest_price_issuer_differs_from_target_CIK_history_quarantined
SAIL,2026-09-14,18.3,20.26,17.95,19.88,9728561.860181,19.7535,74318.0,SAIL,current_symbol,,,,,latest_price_issuer_differs_from_target_CIK_history_quarantined
SAIL,2026-09-15,19.34,20.59,19.12,19.98,6969320.123148,20.0149,53680.0,SAIL,current_symbol,,,,,latest_price_issuer_differs_from_target_CIK_history_quarantined
SAIL,2026-09-16,19.67,20.39,19.63,20.36,3741532.742182,20.1507,34278.0,SAIL,current_symbol,,,,,latest_price_issuer_differs_from_target_CIK_history_quarantined
SAIL,2026-09-17,20.16,20.805,19.825,20.19,4714299.748031,20.1652,43390.0,SAIL,current_symbol,,,,,latest_price_issuer_differs_from_target_CIK_history_quarantined
SAIL,2026-09-18,20.38,20.498,19.37,19.83,5404598.255555,19.7372,39103.0,SAIL,current_symbol,,,,,latest_price_issuer_differs_from_target_CIK_history_quarantined
SAIL,2026-09-21,19.97,20.59,19.7301,20.32,5756115.869636,20.2165,42348.0,SAIL,current_symbol,,,,,latest_price_issuer_differs_from_target_CIK_history_quarantined
SAIL,2026-09-22,21.15,21.86,19.93,21.37,9042369.600373,21.055,63006.0,SAIL,current_symbol,,,,,latest_price_issuer_differs_from_target_CIK_history_quarantined
SAIL,2026-09-23,21.51,21.76,20.5605,21.41,6750601.495918,21.2861,51792.0,SAIL,current_symbol,,,,,latest_price_issuer_differs_from_target_CIK_history_quarantined
SAIL,2026-09-24,21.41,22.285,21.1519,22.12,7263935.976279,21.9722,50046.0,SAIL,current_symbol,,,,,latest_price_issuer_differs_from_target_CIK_history_quarantined
SAIL,2026-09-25,22.05,22.25,20.62,20.64,3616702.763615,21.0947,37399.0,SAIL,current_symbol,,,,,latest_price_issuer_differs_from_target_CIK_history_quarantined
SAIL,2026-09-28,20.03,21.08,20.0,20.57,3578278.28154,20.697,34723.0,SAIL,current_symbol,,,,,latest_price_issuer_differs_from_target_CIK_history_quarantined
SAIL,2026-09-29,20.39,21.085,20.35,20.67,3103207.124618,20.6593,30167.0,SAIL,current_symbol,,,,,latest_price_issuer_differs_from_target_CIK_history_quarantined
SAIL,2026-09-30,20.75,21.08,20.36,20.36,5621953.622204,20.5816,39883.0,SAIL,current_symbol,,,,,latest_price_issuer_differs_from_target_CIK_history_quarantined
SAIL,2026-10-01,20.59,20.89,19.89,20.58,8624711.440673,20.4429,62876.0,SAIL,current_symbol,,,,,latest_price_issuer_differs_from_target_CIK_history_quarantined
SAIL,2026-10-02,20.71,20.84,19.77,20.43,6806125.443854,20.2307,52272.0,SAIL,current_symbol,,,,,latest_price_issuer_differs_from_target_CIK_history_quarantined
VIA,2022-01-03,57.5,57.95,56.05,57.15,26770.6,56.5762,836.0,VIA,current_symbol,,,,,different_security_or_issuer_before_listing_quarantined
VIA,2022-01-04,57.1,58.0,57.1,57.25,17167.6,57.4971,942.0,VIA,current_symbol,,,,,different_security_or_issuer_before_listing_quarantined
VIA,2022-01-05,57.5,58.4,56.65,57.45,15805.4,57.4452,1306.0,VIA,current_symbol,,,,,different_security_or_issuer_before_listing_quarantined
VIA,2022-01-06,57.4,57.4,56.2,56.7,10418.0,56.7154,778.0,VIA,current_symbol,,,,,different_security_or_issuer_before_listing_quarantined
VIA,2022-01-07,56.7,57.0,56.4275,56.65,7915.6,56.7403,760.0,VIA,current_symbol,,,,,different_security_or_issuer_before_listing_quarantined
VIA,2022-01-10,56.35,56.75,56.35,56.55,8208.6,56.4874,909.0,VIA,current_symbol,,,,,different_security_or_issuer_before_listing_quarantined
VIA,2022-01-11,56.35,57.2,56.0,57.1,11049.4,56.6094,795.0,VIA,current_symbol,,,,,different_security_or_issuer_before_listing_quarantined
VIA,2022-01-12,57.15,57.15,55.9,56.5,12909.0,56.3809,642.0,VIA,current_symbol,,,,,different_security_or_issuer_before_listing_quarantined
VIA,2022-01-13,56.35,57.35,56.35,56.7,11932.6,56.983,634.0,VIA,current_symbol,,,,,different_security_or_issuer_before_listing_quarantined
VIA,2022-01-14,56.7,57.8,56.3,57.7,12729.4,57.2163,582.0,VIA,current_symbol,,,,,different_security_or_issuer_before_listing_quarantined
VIA,2022-01-18,57.7,58.0,57.3,57.7,10213.2,57.674,648.0,VIA,current_symbol,,,,,different_security_or_issuer_before_listing_quarantined
VIA,2022-01-19,57.55,58.9,57.5,57.8,12549.4,58.0493,834.0,VIA,current_symbol,,,,,different_security_or_issuer_before_listing_quarantined
VIA,2022-01-20,57.6,58.65,57.05,57.1,13153.0,57.86,840.0,VIA,current_symbol,,,,,different_security_or_issuer_before_listing_quarantined
VIA,2022-01-21,57.0,57.55,56.35,56.65,13121.6,56.9443,1048.0,VIA,current_symbol,,,,,different_security_or_issuer_before_listing_quarantined
VIA,2022-01-24,56.05,56.6125,55.5,56.2,27721.0,55.9347,1266.0,VIA,current_symbol,,,,,different_security_or_issuer_before_listing_quarantined
VIA,2022-01-25,56.05,57.5,55.4,57.3,9708.6,56.5594,783.0,VIA,current_symbol,,,,,different_security_or_issuer_before_listing_quarantined
VIA,2022-01-26,57.55,59.0,56.3,56.7,19782.8,57.4697,1016.0,VIA,current_symbol,,,,,different_security_or_issuer_before_listing_quarantined
VIA,2022-01-27,56.6,57.5,56.0505,56.6,12994.6,56.7132,676.0,VIA,current_symbol,,,,,different_security_or_issuer_before_listing_quarantined
VIA,2022-01-28,56.2,56.65,55.8,56.5,10715.4,56.2195,735.0,VIA,current_symbol,,,,,different_security_or_issuer_before_listing_quarantined
VIA,2022-01-31,56.45,57.8,56.45,57.2,14132.6,57.2233,1065.0,VIA,current_symbol,,,,,different_security_or_issuer_before_listing_quarantined
VIA,2022-02-01,57.15,58.5995,56.25,58.4,19353.6,57.68,1272.0,VIA,current_symbol,,,,,different_security_or_issuer_before_listing_quarantined
VIA,2022-02-02,58.5,58.75,57.1245,58.45,12400.0,58.2553,832.0,VIA,current_symbol,,,,,different_security_or_issuer_before_listing_quarantined
VIA,2022-02-03,58.5,58.8,57.55,57.7,11421.8,58.1122,923.0,VIA,current_symbol,,,,,different_security_or_issuer_before_listing_quarantined
VIA,2022-02-04,57.9,57.993,56.25,57.35,17218.6,57.2578,1051.0,VIA,current_symbol,,,,,different_security_or_issuer_before_listing_quarantined
VIA,2022-02-07,57.3,58.3,57.0,57.7,24454.6,57.7699,903.0,VIA,current_symbol,,,,,different_security_or_issuer_before_listing_quarantined
VIA,2022-02-08,57.95,58.05,57.6,57.8,9652.8,57.8094,618.0,VIA,current_symbol,,,,,different_security_or_issuer_before_listing_quarantined
VIA,2022-02-09,58.25,58.4,57.6,58.35,14126.0,58.0848,733.0,VIA,current_symbol,,,,,different_security_or_issuer_before_listing_quarantined
VIA,2022-02-10,57.8,58.4,57.5925,57.65,12519.6,57.9315,880.0,VIA,current_symbol,,,,,different_security_or_issuer_before_listing_quarantined
VIA,2022-02-11,57.75,58.0,57.0,57.2,12027.2,57.4259,756.0,VIA,current_symbol,,,,,different_security_or_issuer_before_listing_quarantined
VIA,2022-02-14,57.45,57.5,56.65,57.0,10719.8,57.0058,712.0,VIA,current_symbol,,,,,different_security_or_issuer_before_listing_quarantined
VIA,2022-02-15,57.3,57.85,57.0,57.15,12197.2,57.3795,900.0,VIA,current_symbol,,,,,different_security_or_issuer_before_listing_quarantined
VIA,2022-02-16,57.15,57.75,56.8,57.2,10674.4,57.1251,1043.0,VIA,current_symbol,,,,,different_security_or_issuer_before_listing_quarantined
VIA,2022-02-17,57.25,57.55,56.6,56.7,7516.2,57.0256,589.0,VIA,current_symbol,,,,,different_security_or_issuer_before_listing_quarantined
VIA,2022-02-18,56.5,57.0,56.3,56.95,12460.4,56.8423,716.0,VIA,current_symbol,,,,,different_security_or_issuer_before_listing_quarantined
VIA,2022-02-22,56.7,56.9,55.6005,56.0,11135.2,56.2592,1002.0,VIA,current_symbol,,,,,different_security_or_issuer_before_listing_quarantined
VIA,2022-02-23,56.0,56.225,55.6,55.65,10906.2,55.8657,832.0,VIA,current_symbol,,,,,different_security_or_issuer_before_listing_quarantined
VIA,2022-02-24,55.4,55.4,53.75,55.15,20894.0,54.7126,1351.0,VIA,current_symbol,,,,,different_security_or_issuer_before_listing_quarantined
VIA,2022-02-25,55.8195,56.9,55.4,56.9,14721.6,56.586,1184.0,VIA,current_symbol,,,,,different_security_or_issuer_before_listing_quarantined
VIA,2022-02-28,56.05,56.95,55.4,55.75,16839.2,56.0866,999.0,VIA,current_symbol,,,,,different_security_or_issuer_before_listing_quarantined
VIA,2022-03-01,55.75,56.013,54.25,55.05,15401.6,54.8878,985.0,VIA,current_symbol,,,,,different_security_or_issuer_before_listing_quarantined
VIA,2022-03-02,55.05,56.35,55.0,56.2,23346.0,55.7124,1128.0,VIA,current_symbol,,,,,different_security_or_issuer_before_listing_quarantined
VIA,2022-03-03,55.25,56.25,55.0,55.5,15342.4,55.627,1167.0,VIA,current_symbol,,,,,different_security_or_issuer_before_listing_quarantined
VIA,2022-03-04,55.3,56.1,55.3,55.95,8229.4,55.7275,653.0,VIA,current_symbol,,,,,different_security_or_issuer_before_listing_quarantined
VIA,2022-03-07,55.8,56.05,55.45,55.5,17975.4,55.7236,1274.0,VIA,current_symbol,,,,,different_security_or_issuer_before_listing_quarantined
VIA,2022-03-08,55.5,56.25,54.75,54.85,14965.0,55.4589,1063.0,VIA,current_symbol,,,,,different_security_or_issuer_before_listing_quarantined
VIA,2022-03-09,55.2,55.2,53.75,53.8,16243.2,54.2583,1319.0,VIA,current_symbol,,,,,different_security_or_issuer_before_listing_quarantined
VIA,2022-03-10,53.75,53.8,51.65,52.3,19280.8,52.5099,1363.0,VIA,current_symbol,,,,,different_security_or_issuer_before_listing_quarantined
VIA,2022-03-11,52.55,52.55,47.875,48.1,59642.8,49.4231,2679.0,VIA,current_symbol,,,,,different_security_or_issuer_before_listing_quarantined
VIA,2022-03-14,48.4,48.55,42.15,42.95,79349.0,44.5715,3855.0,VIA,current_symbol,,,,,different_security_or_issuer_before_listing_quarantined
VIA,2022-03-15,42.0,43.1995,41.25,42.75,60769.2,42.365,3072.0,VIA,current_symbol,,,,,different_security_or_issuer_before_listing_quarantined
VIA,2022-03-16,42.95,44.45,42.55,44.2,48631.4,43.6714,2642.0,VIA,current_symbol,,,,,different_security_or_issuer_before_listing_quarantined
VIA,2022-03-17,44.15,44.15,42.25,43.0,42465.0,43.2412,2196.0,VIA,current_symbol,,,,,different_security_or_issuer_before_listing_quarantined
VIA,2022-03-18,43.0,43.0,41.461,42.75,67490.6,42.3822,2705.0,VIA,current_symbol,,,,,different_security_or_issuer_before_listing_quarantined
VIA,2022-03-21,42.45,42.8,41.25,41.35,31954.4,41.8267,2018.0,VIA,current_symbol,,,,,different_security_or_issuer_before_listing_quarantined
VIA,2022-03-22,41.4,42.425,41.15,42.0,49205.6,41.7427,2400.0,VIA,current_symbol,,,,,different_security_or_issuer_before_listing_quarantined
VIA,2022-03-23,42.0,42.15,39.45,39.55,34063.6,40.4289,1755.0,VIA,current_symbol,,,,,different_security_or_issuer_before_listing_quarantined
VIA,2022-03-24,39.75,39.75,38.15,38.55,46040.8,38.6927,2435.0,VIA,current_symbol,,,,,different_security_or_issuer_before_listing_quarantined
VIA,2022-03-25,38.55,41.05,38.35,40.35,45146.8,40.1133,2344.0,VIA,current_symbol,,,,,different_security_or_issuer_before_listing_quarantined
VIA,2022-03-28,40.0,40.5,39.475,40.25,23552.4,40.0513,2334.0,VIA,current_symbol,,,,,different_security_or_issuer_before_listing_quarantined
VIA,2022-03-29,40.25,40.55,39.45,39.75,19909.6,39.82,1269.0,VIA,current_symbol,,,,,different_security_or_issuer_before_listing_quarantined
VIA,2022-03-30,39.85,41.85,39.6,41.45,26684.2,41.2534,2002.0,VIA,current_symbol,,,,,different_security_or_issuer_before_listing_quarantined
VIA,2022-03-31,41.5,42.7,41.1,41.2,26264.4,41.8819,1454.0,VIA,current_symbol,,,,,different_security_or_issuer_before_listing_quarantined
VIA,2022-04-01,41.2,41.3,40.625,40.7,22593.4,40.9165,1444.0,VIA,current_symbol,,,,,different_security_or_issuer_before_listing_quarantined
VIA,2022-04-04,40.75,40.8,40.0,40.25,36723.4,40.3546,2102.0,VIA,current_symbol,,,,,different_security_or_issuer_before_listing_quarantined
VIA,2022-04-05,40.05,41.175,40.05,40.35,29874.4,40.4787,2092.0,VIA,current_symbol,,,,,different_security_or_issuer_before_listing_quarantined
VIA,2022-04-06,40.2,40.725,39.55,39.8,25329.2,40.1046,1837.0,VIA,current_symbol,,,,,different_security_or_issuer_before_listing_quarantined
VIA,2022-04-07,39.75,39.975,38.55,39.85,40170.0,39.3326,2171.0,VIA,current_symbol,,,,,different_security_or_issuer_before_listing_quarantined
VIA,2022-04-08,39.75,40.2,39.25,39.3,33404.4,39.6678,1727.0,VIA,current_symbol,,,,,different_security_or_issuer_before_listing_quarantined
VIA,2022-04-11,39.1,39.65,38.325,39.2,35147.8,38.9438,2528.0,VIA,current_symbol,,,,,different_security_or_issuer_before_listing_quarantined
VIA,2022-04-12,39.3,39.85,38.8,39.0,15448.8,39.2545,1110.0,VIA,current_symbol,,,,,different_security_or_issuer_before_listing_quarantined
VIA,2022-04-13,38.8,39.6,38.65,39.25,21741.0,39.1098,1854.0,VIA,current_symbol,,,,,different_security_or_issuer_before_listing_quarantined
VIA,2022-04-14,39.3,40.3515,39.25,39.5,20375.2,39.6562,1589.0,VIA,current_symbol,,,,,different_security_or_issuer_before_listing_quarantined
VIA,2022-04-18,39.8,39.8,38.5,38.95,22515.2,38.9302,1179.0,VIA,current_symbol,,,,,different_security_or_issuer_before_listing_quarantined
VIA,2022-04-19,38.85,39.125,38.475,38.7,19587.4,38.6981,1476.0,VIA,current_symbol,,,,,different_security_or_issuer_before_listing_quarantined
VIA,2022-04-20,38.65,39.85,38.501,39.6,14509.8,39.3771,1081.0,VIA,current_symbol,,,,,different_security_or_issuer_before_listing_quarantined
VIA,2022-04-21,39.2,39.775,38.95,39.15,19057.4,39.3659,1181.0,VIA,current_symbol,,,,,different_security_or_issuer_before_listing_quarantined
VIA,2022-04-22,39.25,39.3,38.5,38.6,16231.4,38.9089,1412.0,VIA,current_symbol,,,,,different_security_or_issuer_before_listing_quarantined
VIA,2022-04-25,38.45,38.45,37.45,37.65,25872.8,37.7535,2271.0,VIA,current_symbol,,,,,different_security_or_issuer_before_listing_quarantined
VIA,2022-04-26,37.7,37.7,37.0,37.25,17419.8,37.2707,1609.0,VIA,current_symbol,,,,,different_security_or_issuer_before_listing_quarantined
VIA,2022-04-27,37.25,37.425,36.4,36.5,15426.4,36.8066,1228.0,VIA,current_symbol,,,,,different_security_or_issuer_before_listing_quarantined
VIA,2022-04-28,36.75,37.15,35.75,36.8,21852.4,36.5742,1444.0,VIA,current_symbol,,,,,different_security_or_issuer_before_listing_quarantined
VIA,2022-04-29,36.75,37.0,35.5,35.7,17407.8,36.2023,1205.0,VIA,current_symbol,,,,,different_security_or_issuer_before_listing_quarantined
VIA,2022-05-02,35.9,36.55,35.65,36.2,26631.6,36.0932,1829.0,VIA,current_symbol,,,,,different_security_or_issuer_before_listing_quarantined
VIA,2022-05-03,36.25,37.3,36.15,36.85,14878.6,36.8516,1027.0,VIA,current_symbol,,,,,different_security_or_issuer_before_listing_quarantined
VIA,2022-05-04,37.0,38.4,37.0,38.05,13224.6,37.8121,924.0,VIA,current_symbol,,,,,different_security_or_issuer_before_listing_quarantined
VIA,2022-05-05,38.25,39.25,37.649,38.35,35052.6,38.4615,2093.0,VIA,current_symbol,,,,,different_security_or_issuer_before_listing_quarantined
VIA,2022-05-06,38.5,39.1,37.05,37.65,24754.0,37.5576,1435.0,VIA,current_symbol,,,,,different_security_or_issuer_before_listing_quarantined
VIA,2022-05-09,37.75,38.75,37.65,38.25,26862.8,38.3603,2038.0,VIA,current_symbol,,,,,different_security_or_issuer_before_listing_quarantined
VIA,2022-05-10,39.1,39.1,37.6095,38.85,23928.0,38.3289,1823.0,VIA,current_symbol,,,,,different_security_or_issuer_before_listing_quarantined
VIA,2022-05-11,38.85,39.9945,38.85,39.6,12492.2,39.4794,1646.0,VIA,current_symbol,,,,,different_security_or_issuer_before_listing_quarantined
VIA,2022-05-12,39.8,39.9385,38.85,39.3,14703.0,39.2699,1863.0,VIA,current_symbol,,,,,different_security_or_issuer_before_listing_quarantined
VIA,2022-05-13,39.35,39.75,38.4,39.5,19934.4,39.0356,1908.0,VIA,current_symbol,,,,,different_security_or_issuer_before_listing_quarantined
VIA,2022-05-16,39.55,41.1,39.55,39.95,20224.2,40.258,1981.0,VIA,current_symbol,,,,,different_security_or_issuer_before_listing_quarantined
VIA,2022-05-17,40.15,41.4,40.15,41.3,16557.8,41.0719,1810.0,VIA,current_symbol,,,,,different_security_or_issuer_before_listing_quarantined
VIA,2022-05-18,41.15,41.875,40.5,41.05,15809.2,41.2125,1880.0,VIA,current_symbol,,,,,different_security_or_issuer_before_listing_quarantined
VIA,2022-05-19,40.85,41.542,40.75,41.4,12163.0,41.2133,1709.0,VIA,current_symbol,,,,,different_security_or_issuer_before_listing_quarantined
VIA,2022-05-20,41.7,42.15,40.4,41.15,17787.2,41.1552,1303.0,VIA,current_symbol,,,,,different_security_or_issuer_before_listing_quarantined
VIA,2022-05-23,41.7,41.95,41.25,41.5,11321.0,41.5533,1528.0,VIA,current_symbol,,,,,different_security_or_issuer_before_listing_quarantined
VIA,2022-05-24,41.45,42.275,40.9,42.15,18995.6,41.4526,1782.0,VIA,current_symbol,,,,,different_security_or_issuer_before_listing_quarantined
VIA,2022-05-25,42.625,42.625,41.45,41.75,14162.4,41.916,1386.0,VIA,current_symbol,,,,,different_security_or_issuer_before_listing_quarantined
VIA,2022-05-26,41.9,43.2495,41.9,42.65,24104.4,42.8104,1077.0,VIA,current_symbol,,,,,different_security_or_issuer_before_listing_quarantined
VIA,2022-05-27,42.6,43.95,42.35,43.7,22321.0,43.3575,1231.0,VIA,current_symbol,,,,,different_security_or_issuer_before_listing_quarantined
VIA,2022-05-31,43.05,43.051,41.9,42.35,20747.2,42.4527,1825.0,VIA,current_symbol,,,,,different_security_or_issuer_before_listing_quarantined
VIA,2022-06-01,42.6,42.6,41.35,41.35,12425.0,41.6431,1331.0,VIA,current_symbol,,,,,different_security_or_issuer_before_listing_quarantined
VIA,2022-06-02,41.65,42.55,41.125,42.4,15021.2,42.0155,1662.0,VIA,current_symbol,,,,,different_security_or_issuer_before_listing_quarantined
VIA,2022-06-03,42.35,42.35,40.9,41.1,19433.6,41.2929,1355.0,VIA,current_symbol,,,,,different_security_or_issuer_before_listing_quarantined
VIA,2022-06-06,40.9,41.735,40.85,41.35,13787.8,41.2523,1289.0,VIA,current_symbol,,,,,different_security_or_issuer_before_listing_quarantined
VIA,2022-06-07,41.4,42.1995,41.35,42.05,6193.6,41.82,1191.0,VIA,current_symbol,,,,,different_security_or_issuer_before_listing_quarantined
VIA,2022-06-08,41.9,42.25,41.6,42.15,11881.8,41.9079,1307.0,VIA,current_symbol,,,,,different_security_or_issuer_before_listing_quarantined
VIA,2022-06-09,42.1,42.1,41.0705,41.25,6920.2,41.3934,1036.0,VIA,current_symbol,,,,,different_security_or_issuer_before_listing_quarantined
VIA,2022-06-10,40.9,41.4,40.5,40.5,11798.6,40.8818,1078.0,VIA,current_symbol,,,,,different_security_or_issuer_before_listing_quarantined
VIA,2022-06-13,39.95,39.95,38.275,38.55,18869.2,39.1454,1714.0,VIA,current_symbol,,,,,different_security_or_issuer_before_listing_quarantined
VIA,2022-06-14,38.2,38.2,36.2945,37.15,19651.6,37.0107,1383.0,VIA,current_symbol,,,,,different_security_or_issuer_before_listing_quarantined
VIA,2022-06-15,37.85,38.65,37.275,38.2,17843.6,37.8813,1082.0,VIA,current_symbol,,,,,different_security_or_issuer_before_listing_quarantined
VIA,2022-06-16,38.0,38.05,36.6,36.75,21847.4,37.1779,1640.0,VIA,current_symbol,,,,,different_security_or_issuer_before_listing_quarantined
VIA,2022-06-17,36.6,38.1,35.65,35.7,15842.2,36.1338,1119.0,VIA,current_symbol,,,,,different_security_or_issuer_before_listing_quarantined
VIA,2022-06-21,35.8,37.2,35.8,36.45,11557.6,36.7066,946.0,VIA,current_symbol,,,,,different_security_or_issuer_before_listing_quarantined
VIA,2022-06-22,36.1,37.5,36.1,36.65,9143.8,36.733,509.0,VIA,current_symbol,,,,,different_security_or_issuer_before_listing_quarantined
VIA,2022-06-23,36.65,37.45,35.65,36.5,14574.2,36.3876,1222.0,VIA,current_symbol,,,,,different_security_or_issuer_before_listing_quarantined
VIA,2022-06-24,36.5,37.525,36.05,36.35,46262.8,36.5829,1381.0,VIA,current_symbol,,,,,different_security_or_issuer_before_listing_quarantined
VIA,2022-06-27,36.75,38.475,36.25,38.2,18182.2,37.6558,1264.0,VIA,current_symbol,,,,,different_security_or_issuer_before_listing_quarantined
VIA,2022-06-28,38.55,39.45,38.2,38.25,11713.6,38.7659,928.0,VIA,current_symbol,,,,,different_security_or_issuer_before_listing_quarantined
VIA,2022-06-29,38.5,38.5,37.0,37.65,9595.2,37.6176,765.0,VIA,current_symbol,,,,,different_security_or_issuer_before_listing_quarantined
VIA,2022-06-30,37.25,38.3,37.25,38.3,5947.8,38.0191,609.0,VIA,current_symbol,,,,,different_security_or_issuer_before_listing_quarantined
VIA,2022-07-01,38.45,38.55,37.65,38.5,5566.2,38.2789,456.0,VIA,current_symbol,,,,,different_security_or_issuer_before_listing_quarantined
VIA,2022-07-05,38.5,38.75,36.95,37.65,8378.6,37.5543,680.0,VIA,current_symbol,,,,,different_security_or_issuer_before_listing_quarantined
VIA,2022-07-06,37.75,38.1995,36.9,37.5,7025.6,37.4888,651.0,VIA,current_symbol,,,,,different_security_or_issuer_before_listing_quarantined
VIA,2022-07-07,37.7,38.3155,37.55,38.05,7285.8,37.9132,801.0,VIA,current_symbol,,,,,different_security_or_issuer_before_listing_quarantined
VIA,2022-07-08,37.75,38.0,37.5,37.8,5405.0,37.7415,485.0,VIA,current_symbol,,,,,different_security_or_issuer_before_listing_quarantined
VIA,2022-07-11,37.6,37.8995,37.35,37.45,7854.2,37.5594,698.0,VIA,current_symbol,,,,,different_security_or_issuer_before_listing_quarantined
VIA,2022-07-12,37.65,38.4995,37.35,37.55,6568.0,37.5418,845.0,VIA,current_symbol,,,,,different_security_or_issuer_before_listing_quarantined
VIA,2022-07-13,37.4,37.4,36.75,37.05,8025.4,37.011,560.0,VIA,current_symbol,,,,,different_security_or_issuer_before_listing_quarantined
VIA,2022-07-14,36.75,37.241,36.0,36.75,13034.2,36.5425,883.0,VIA,current_symbol,,,,,different_security_or_issuer_before_listing_quarantined
VIA,2022-07-15,37.25,37.25,36.102,36.4,13990.0,36.5492,927.0,VIA,current_symbol,,,,,different_security_or_issuer_before_listing_quarantined
VIA,2022-07-18,36.6,37.05,36.15,36.3,9935.2,36.4841,711.0,VIA,current_symbol,,,,,different_security_or_issuer_before_listing_quarantined
VIA,2022-07-19,36.25,37.5,36.25,37.15,9721.0,37.0753,1115.0,VIA,current_symbol,,,,,different_security_or_issuer_before_listing_quarantined
VIA,2022-07-20,37.1595,37.55,36.65,37.0,8910.2,37.1567,757.0,VIA,current_symbol,,,,,different_security_or_issuer_before_listing_quarantined
VIA,2022-07-21,36.8,37.25,36.5,37.2,9750.2,36.8806,978.0,VIA,current_symbol,,,,,different_security_or_issuer_before_listing_quarantined
VIA,2022-07-22,37.1,37.5,36.5,37.2,13968.8,37.1847,824.0,VIA,current_symbol,,,,,different_security_or_issuer_before_listing_quarantined
VIA,2022-07-25,37.2,40.25,37.15,39.25,19265.0,39.0782,1515.0,VIA,current_symbol,,,,,different_security_or_issuer_before_listing_quarantined
VIA,2022-07-26,39.4,39.5,38.55,38.7,5953.2,38.8904,630.0,VIA,current_symbol,,,,,different_security_or_issuer_before_listing_quarantined
VIA,2022-07-27,39.05,39.7,39.05,39.25,9279.4,39.3153,800.0,VIA,current_symbol,,,,,different_security_or_issuer_before_listing_quarantined
VIA,2022-07-28,39.55,40.15,39.05,40.0,11604.4,39.6879,1118.0,VIA,current_symbol,,,,,different_security_or_issuer_before_listing_quarantined
VIA,2022-07-29,40.0,40.9,40.0,40.6,13294.2,40.5724,858.0,VIA,current_symbol,,,,,different_security_or_issuer_before_listing_quarantined
VIA,2022-08-01,40.55,41.85,40.15,41.1,14698.6,41.1784,1480.0,VIA,current_symbol,,,,,different_security_or_issuer_before_listing_quarantined
VIA,2022-08-02,41.25,41.65,40.65,41.0,17068.6,41.1549,1113.0,VIA,current_symbol,,,,,different_security_or_issuer_before_listing_quarantined
VIA,2022-08-03,40.95,41.6,40.655,41.4,8328.2,41.1744,661.0,VIA,current_symbol,,,,,different_security_or_issuer_before_listing_quarantined
VIA,2022-08-04,41.4,41.675,39.65,39.9,12724.8,40.4987,1147.0,VIA,current_symbol,,,,,different_security_or_issuer_before_listing_quarantined
VIA,2022-08-05,39.5,39.95,38.8005,39.7,11347.2,39.333,718.0,VIA,current_symbol,,,,,different_security_or_issuer_before_listing_quarantined
VIA,2022-08-08,40.1,41.15,40.0,41.15,13221.4,40.708,1066.0,VIA,current_symbol,,,,,different_security_or_issuer_before_listing_quarantined
VIA,2022-08-09,41.1,41.4,40.05,41.05,17335.4,40.7332,1188.0,VIA,current_symbol,,,,,different_security_or_issuer_before_listing_quarantined
VIA,2022-08-10,41.25,42.5,41.204,42.0,11134.6,41.8102,958.0,VIA,current_symbol,,,,,different_security_or_issuer_before_listing_quarantined
VIA,2022-08-11,42.45,44.5,42.3,43.9,24183.6,43.7241,1285.0,VIA,current_symbol,,,,,different_security_or_issuer_before_listing_quarantined
VIA,2022-08-12,44.0,44.5,43.55,44.0,14771.2,43.9719,963.0,VIA,current_symbol,,,,,different_security_or_issuer_before_listing_quarantined
VIA,2022-08-15,44.05,44.05,43.35,43.65,12460.6,43.6461,1033.0,VIA,current_symbol,,,,,different_security_or_issuer_before_listing_quarantined
VIA,2022-08-16,43.85,43.9995,43.25,43.4,11122.4,43.6441,649.0,VIA,current_symbol,,,,,different_security_or_issuer_before_listing_quarantined
VIA,2022-08-17,43.0,43.275,42.6,42.75,7017.6,42.8687,562.0,VIA,current_symbol,,,,,different_security_or_issuer_before_listing_quarantined
VIA,2022-08-18,42.95,44.25,42.875,43.85,14642.2,43.6289,887.0,VIA,current_symbol,,,,,different_security_or_issuer_before_listing_quarantined
VIA,2022-08-19,43.8,44.4,43.1,44.0,12887.6,43.7952,820.0,VIA,current_symbol,,,,,different_security_or_issuer_before_listing_quarantined
VIA,2022-08-22,43.95,44.35,43.75,44.1,11510.0,44.0864,936.0,VIA,current_symbol,,,,,different_security_or_issuer_before_listing_quarantined
VIA,2022-08-23,44.35,45.45,43.7,44.15,22757.6,44.3977,1404.0,VIA,current_symbol,,,,,different_security_or_issuer_before_listing_quarantined
VIA,2022-08-24,44.3,44.502,43.6,43.75,8364.4,43.8655,689.0,VIA,current_symbol,,,,,different_security_or_issuer_before_listing_quarantined
VIA,2022-08-25,43.65,44.2,43.2,44.05,7460.6,43.9157,515.0,VIA,current_symbol,,,,,different_security_or_issuer_before_listing_quarantined
VIA,2022-08-26,44.05,44.15,43.1,43.25,7385.2,43.4748,652.0,VIA,current_symbol,,,,,different_security_or_issuer_before_listing_quarantined
VIA,2022-08-29,43.75,43.775,41.65,43.05,16769.4,42.8198,890.0,VIA,current_symbol,,,,,different_security_or_issuer_before_listing_quarantined
VIA,2022-08-30,43.4,43.4,41.8,42.15,15707.8,42.3722,730.0,VIA,current_symbol,,,,,different_security_or_issuer_before_listing_quarantined
VIA,2022-08-31,41.75,42.95,40.55,42.65,28837.4,42.1676,1400.0,VIA,current_symbol,,,,,different_security_or_issuer_before_listing_quarantined
VIA,2022-09-01,42.45,42.45,41.1,41.5,24583.2,41.6317,1362.0,VIA,current_symbol,,,,,different_security_or_issuer_before_listing_quarantined
VIA,2022-09-02,41.55,42.3,40.5,40.6,8720.6,41.3083,672.0,VIA,current_symbol,,,,,different_security_or_issuer_before_listing_quarantined
VIA,2022-09-06,40.75,40.75,38.3,38.55,9729.8,39.2688,839.0,VIA,current_symbol,,,,,different_security_or_issuer_before_listing_quarantined
VIA,2022-09-07,38.55,40.1,38.45,40.1,12864.4,39.4366,852.0,VIA,current_symbol,,,,,different_security_or_issuer_before_listing_quarantined
VIA,2022-09-08,39.95,40.05,39.15,39.4,4781.4,39.6219,694.0,VIA,current_symbol,,,,,different_security_or_issuer_before_listing_quarantined
VIA,2022-09-09,39.85,39.9995,39.15,39.5,4440.0,39.4571,580.0,VIA,current_symbol,,,,,different_security_or_issuer_before_listing_quarantined
VIA,2022-09-12,39.25,40.35,38.65,39.15,21069.4,39.267,914.0,VIA,current_symbol,,,,,different_security_or_issuer_before_listing_quarantined
VIA,2022-09-13,38.6,39.75,38.05,38.45,14956.6,38.7631,989.0,VIA,current_symbol,,,,,different_security_or_issuer_before_listing_quarantined
VIA,2022-09-14,38.25,39.0855,37.9,38.35,9758.4,38.3391,672.0,VIA,current_symbol,,,,,different_security_or_issuer_before_listing_quarantined
VIA,2022-09-15,38.45,38.85,37.3,37.8,12683.6,37.9091,891.0,VIA,current_symbol,,,,,different_security_or_issuer_before_listing_quarantined
VIA,2022-09-16,37.75,38.7395,36.7,37.0,28730.0,37.3275,1256.0,VIA,current_symbol,,,,,different_security_or_issuer_before_listing_quarantined
VIA,2022-09-19,36.6,37.3,36.0,36.9,25389.6,36.6974,1345.0,VIA,current_symbol,,,,,different_security_or_issuer_before_listing_quarantined
VIA,2022-09-20,36.75,37.2865,36.75,37.05,9397.6,37.035,699.0,VIA,current_symbol,,,,,different_security_or_issuer_before_listing_quarantined
VIA,2022-09-21,37.45,38.0,36.65,36.7,14591.0,37.2817,706.0,VIA,current_symbol,,,,,different_security_or_issuer_before_listing_quarantined
VIA,2022-09-22,36.5,37.05,35.4,35.95,18685.4,36.2215,786.0,VIA,current_symbol,,,,,different_security_or_issuer_before_listing_quarantined
VIA,2022-09-23,35.75,36.0,35.05,35.75,26125.8,35.4525,1109.0,VIA,current_symbol,,,,,different_security_or_issuer_before_listing_quarantined
VIA,2022-09-26,35.4,37.325,35.2,35.55,22341.2,35.9185,1243.0,VIA,current_symbol,,,,,different_security_or_issuer_before_listing_quarantined
VIA,2022-09-27,35.7,36.25,35.0505,35.6,21805.2,35.6479,1061.0,VIA,current_symbol,,,,,different_security_or_issuer_before_listing_quarantined
VIA,2022-09-28,35.6,36.8495,35.4,36.55,16800.8,36.1402,1356.0,VIA,current_symbol,,,,,different_security_or_issuer_before_listing_quarantined
VIA,2022-09-29,36.3,36.7,35.35,35.55,19955.8,36.0544,977.0,VIA,current_symbol,,,,,different_security_or_issuer_before_listing_quarantined
VIA,2022-09-30,35.3,36.3,34.475,34.55,27752.2,35.1907,1576.0,VIA,current_symbol,,,,,different_security_or_issuer_before_listing_quarantined
VIA,2022-10-03,34.7,35.3,34.35,34.75,15195.4,34.6995,971.0,VIA,current_symbol,,,,,different_security_or_issuer_before_listing_quarantined
VIA,2022-10-04,35.1,36.5,35.0,36.4,21895.8,35.888,1159.0,VIA,current_symbol,,,,,different_security_or_issuer_before_listing_quarantined
VIA,2022-10-05,36.15,36.5725,34.55,34.65,12000.6,34.9371,1134.0,VIA,current_symbol,,,,,different_security_or_issuer_before_listing_quarantined
VIA,2022-10-06,34.65,34.8,33.45,33.45,15740.8,33.9451,943.0,VIA,current_symbol,,,,,different_security_or_issuer_before_listing_quarantined
VIA,2022-10-07,33.45,33.65,31.4505,31.65,22284.0,32.2153,1304.0,VIA,current_symbol,,,,,different_security_or_issuer_before_listing_quarantined
VIA,2022-10-10,31.6,32.55,31.225,31.95,13896.4,31.8585,966.0,VIA,current_symbol,,,,,different_security_or_issuer_before_listing_quarantined
VIA,2022-10-11,31.6,31.9,30.35,30.7,13908.8,31.2624,720.0,VIA,current_symbol,,,,,different_security_or_issuer_before_listing_quarantined
VIA,2022-10-12,30.85,30.85,28.5,28.6,25980.2,29.1434,1273.0,VIA,current_symbol,,,,,different_security_or_issuer_before_listing_quarantined
VIA,2022-10-13,28.4,29.45,27.65,29.35,26432.8,28.5468,1446.0,VIA,current_symbol,,,,,different_security_or_issuer_before_listing_quarantined
VIA,2022-10-14,29.4,29.95,27.05,27.15,26816.0,28.0181,1725.0,VIA,current_symbol,,,,,different_security_or_issuer_before_listing_quarantined
VIA,2022-10-17,27.85,28.55,27.1,27.75,27289.0,27.7456,1440.0,VIA,current_symbol,,,,,different_security_or_issuer_before_listing_quarantined
VIA,2022-10-18,27.65,29.0,27.5,28.4,23286.4,28.3181,1172.0,VIA,current_symbol,,,,,different_security_or_issuer_before_listing_quarantined
VIA,2022-10-19,28.3,28.75,27.65,27.9,12622.6,28.0961,883.0,VIA,current_symbol,,,,,different_security_or_issuer_before_listing_quarantined
VIA,2022-10-20,28.2,28.2495,27.5,27.65,12042.6,27.8432,687.0,VIA,current_symbol,,,,,different_security_or_issuer_before_listing_quarantined
VIA,2022-10-21,27.75,29.85,27.55,29.5,25344.4,29.0168,1062.0,VIA,current_symbol,,,,,different_security_or_issuer_before_listing_quarantined
VIA,2022-10-24,30.0,31.0,29.55,30.7,15112.4,30.3501,792.0,VIA,current_symbol,,,,,different_security_or_issuer_before_listing_quarantined
VIA,2022-10-25,30.7,33.0,30.7,32.8,18704.2,32.546,950.0,VIA,current_symbol,,,,,different_security_or_issuer_before_listing_quarantined
VIA,2022-10-26,33.15,33.501,32.415,32.8,13676.4,32.9042,999.0,VIA,current_symbol,,,,,different_security_or_issuer_before_listing_quarantined
VIA,2022-10-27,32.8,34.6,32.75,33.3,16014.4,33.5966,877.0,VIA,current_symbol,,,,,different_security_or_issuer_before_listing_quarantined
VIA,2022-10-28,33.45,34.75,33.45,34.55,14663.2,34.2197,1296.0,VIA,current_symbol,,,,,different_security_or_issuer_before_listing_quarantined
VIA,2022-10-31,34.7,35.275,33.95,34.95,13146.2,34.6903,1222.0,VIA,current_symbol,,,,,different_security_or_issuer_before_listing_quarantined
VIA,2022-11-01,35.45,36.6,35.1995,35.9,22020.0,35.9946,1132.0,VIA,current_symbol,,,,,different_security_or_issuer_before_listing_quarantined
VIA,2022-11-02,36.05,38.1,35.5515,35.95,17346.4,36.6275,1090.0,VIA,current_symbol,,,,,different_security_or_issuer_before_listing_quarantined
VIA,2022-11-03,35.8,38.05,35.301,36.6,14648.4,37.081,950.0,VIA,current_symbol,,,,,different_security_or_issuer_before_listing_quarantined
VIA,2022-11-04,36.75,38.0,36.65,37.85,17028.2,37.2353,883.0,VIA,current_symbol,,,,,different_security_or_issuer_before_listing_quarantined
VIA,2022-11-07,38.05,38.05,35.55,35.85,19763.0,36.5651,1142.0,VIA,current_symbol,,,,,different_security_or_issuer_before_listing_quarantined
VIA,2022-11-08,36.05,36.95,35.45,35.75,17977.2,35.974,932.0,VIA,current_symbol,,,,,different_security_or_issuer_before_listing_quarantined
VIA,2022-11-09,35.5,35.8995,35.0,35.4,8542.4,35.3653,929.0,VIA,current_symbol,,,,,different_security_or_issuer_before_listing_quarantined
VIA,2022-11-10,36.55,38.0,36.175,37.1,28161.0,37.3624,1140.0,VIA,current_symbol,,,,,different_security_or_issuer_before_listing_quarantined
VIA,2022-11-11,37.35,37.85,36.35,36.85,11403.4,37.0299,1026.0,VIA,current_symbol,,,,,different_security_or_issuer_before_listing_quarantined
VIA,2022-11-14,36.5,36.65,35.0,35.0,15182.6,35.5332,1216.0,VIA,current_symbol,,,,,different_security_or_issuer_before_listing_quarantined
VIA,2022-11-15,35.2,37.25,35.2,36.8,19167.8,36.4041,1060.0,VIA,current_symbol,,,,,different_security_or_issuer_before_listing_quarantined
VIA,2022-11-16,36.6,36.6,35.55,35.75,10535.4,35.887,746.0,VIA,current_symbol,,,,,different_security_or_issuer_before_listing_quarantined
VIA,2022-11-17,35.55,37.5,35.4,36.75,13099.0,36.5751,922.0,VIA,current_symbol,,,,,different_security_or_issuer_before_listing_quarantined
VIA,2022-11-18,37.4,37.4,35.95,36.0,12367.6,36.4162,579.0,VIA,current_symbol,,,,,different_security_or_issuer_before_listing_quarantined
VIA,2022-11-21,36.0,37.05,36.0,36.4,11129.0,36.6457,1044.0,VIA,current_symbol,,,,,different_security_or_issuer_before_listing_quarantined
VIA,2022-11-22,36.75,37.95,36.25,37.15,16065.0,37.0198,793.0,VIA,current_symbol,,,,,different_security_or_issuer_before_listing_quarantined
VIA,2022-11-23,37.0,37.4,36.6,36.95,12453.4,36.9464,858.0,VIA,current_symbol,,,,,different_security_or_issuer_before_listing_quarantined
VIA,2022-11-25,36.85,37.5,36.75,37.3,3500.0,37.1012,271.0,VIA,current_symbol,,,,,different_security_or_issuer_before_listing_quarantined
VIA,2022-11-28,36.7,37.35,36.2,36.4,12506.0,36.6592,827.0,VIA,current_symbol,,,,,different_security_or_issuer_before_listing_quarantined
VIA,2022-11-29,36.75,36.75,35.35,35.5,20491.6,35.9164,1081.0,VIA,current_symbol,,,,,different_security_or_issuer_before_listing_quarantined
VIA,2022-11-30,34.15,34.2,31.55,32.3,28423.2,32.436,1558.0,VIA,current_symbol,,,,,different_security_or_issuer_before_listing_quarantined
VIA,2022-12-01,32.4,33.9995,31.55,31.85,23195.4,32.2884,1156.0,VIA,current_symbol,,,,,different_security_or_issuer_before_listing_quarantined
VIA,2022-12-02,31.6,32.1,30.55,30.65,38149.0,30.8113,1717.0,VIA,current_symbol,,,,,different_security_or_issuer_before_listing_quarantined
VIA,2022-12-05,30.1,30.45,28.0,28.45,62203.2,29.0517,2423.0,VIA,current_symbol,,,,,different_security_or_issuer_before_listing_quarantined
VIA,2022-12-06,28.65,29.05,27.5,27.85,35910.8,28.2004,1445.0,VIA,current_symbol,,,,,different_security_or_issuer_before_listing_quarantined
VIA,2022-12-07,27.85,27.95,26.25,26.35,24155.0,27.1324,2027.0,VIA,current_symbol,,,,,different_security_or_issuer_before_listing_quarantined
VIA,2022-12-08,26.4,26.6,25.6,25.75,32596.2,26.0665,1588.0,VIA,current_symbol,,,,,different_security_or_issuer_before_listing_quarantined
VIA,2022-12-09,25.5,26.85,25.4,26.15,26683.4,26.0484,1259.0,VIA,current_symbol,,,,,different_security_or_issuer_before_listing_quarantined
VIA,2022-12-12,26.55,27.1,25.85,26.95,22572.6,26.4134,1448.0,VIA,current_symbol,,,,,different_security_or_issuer_before_listing_quarantined
VIA,2022-12-13,27.7,28.75,25.95,26.35,77549.8,26.7489,2968.0,VIA,current_symbol,,,,,different_security_or_issuer_before_listing_quarantined
VIA,2022-12-14,26.45,27.7,26.45,26.65,25358.8,26.9218,1690.0,VIA,current_symbol,,,,,different_security_or_issuer_before_listing_quarantined
VIA,2022-12-15,26.75,27.0,26.0,26.5,22375.0,26.4206,1222.0,VIA,current_symbol,,,,,different_security_or_issuer_before_listing_quarantined
VIA,2022-12-16,26.05,26.75,25.85,26.75,29435.8,26.3675,1499.0,VIA,current_symbol,,,,,different_security_or_issuer_before_listing_quarantined
VIA,2022-12-19,26.75,26.75,25.5,25.7,18199.8,25.8886,1385.0,VIA,current_symbol,,,,,different_security_or_issuer_before_listing_quarantined
VIA,2022-12-20,25.6,26.35,25.25,26.2,22845.4,25.9074,1471.0,VIA,current_symbol,,,,,different_security_or_issuer_before_listing_quarantined
VIA,2022-12-21,26.4,27.0,26.25,26.7,15618.8,26.6699,1035.0,VIA,current_symbol,,,,,different_security_or_issuer_before_listing_quarantined
VIA,2022-12-22,26.55,26.575,25.65,26.3,8861.4,26.0975,870.0,VIA,current_symbol,,,,,different_security_or_issuer_before_listing_quarantined
VIA,2022-12-23,26.25,26.65,26.15,26.35,8775.0,26.2875,521.0,VIA,current_symbol,,,,,different_security_or_issuer_before_listing_quarantined
VIA,2022-12-27,26.15,26.15,25.45,25.65,11298.8,25.7214,874.0,VIA,current_symbol,,,,,different_security_or_issuer_before_listing_quarantined
VIA,2022-12-28,25.55,25.75,24.55,24.55,28065.0,25.1063,1461.0,VIA,current_symbol,,,,,different_security_or_issuer_before_listing_quarantined
VIA,2022-12-29,24.5,26.4,24.45,26.1,35313.6,25.5747,1517.0,VIA,current_symbol,,,,,different_security_or_issuer_before_listing_quarantined
VIA,2022-12-30,26.05,26.325,25.055,25.55,25812.2,25.4713,1450.0,VIA,current_symbol,,,,,different_security_or_issuer_before_listing_quarantined
VIA,2023-01-03,25.9,26.95,25.4,25.9,19435.0,26.0033,1356.0,VIA,current_symbol,,,,,different_security_or_issuer_before_listing_quarantined
VIA,2023-01-04,26.1,26.45,25.65,26.1,12805.8,26.1356,961.0,VIA,current_symbol,,,,,different_security_or_issuer_before_listing_quarantined
VIA,2023-01-05,25.95,26.083,25.6,25.7,8770.4,25.7487,922.0,VIA,current_symbol,,,,,different_security_or_issuer_before_listing_quarantined
VIA,2023-01-06,25.85,26.575,25.75,26.45,11537.8,26.2815,845.0,VIA,current_symbol,,,,,different_security_or_issuer_before_listing_quarantined
VIA,2023-01-09,26.7,27.15,26.55,26.7,14184.0,26.7955,1449.0,VIA,current_symbol,,,,,different_security_or_issuer_before_listing_quarantined
VIA,2023-01-10,26.75,27.5,26.4805,27.35,14708.2,27.1835,1012.0,VIA,current_symbol,,,,,different_security_or_issuer_before_listing_quarantined
VIA,2023-01-11,26.95,28.2465,26.95,28.15,14227.0,27.8047,957.0,VIA,current_symbol,,,,,different_security_or_issuer_before_listing_quarantined
VIA,2023-01-12,28.1,29.35,27.9,28.8,18444.8,28.6316,1121.0,VIA,current_symbol,,,,,different_security_or_issuer_before_listing_quarantined
VIA,2023-01-13,28.6,29.2,28.375,28.75,9640.2,28.8262,972.0,VIA,current_symbol,,,,,different_security_or_issuer_before_listing_quarantined
VIA,2023-01-17,28.8,29.7,28.7,29.6,18043.4,29.1987,1177.0,VIA,current_symbol,,,,,different_security_or_issuer_before_listing_quarantined
VIA,2023-01-18,29.75,29.8495,28.75,28.85,16097.4,29.0496,1176.0,VIA,current_symbol,,,,,different_security_or_issuer_before_listing_quarantined
VIA,2023-01-19,28.8,29.45,28.5505,29.0,20197.8,29.0051,1374.0,VIA,current_symbol,,,,,different_security_or_issuer_before_listing_quarantined
VIA,2023-01-20,29.35,30.2,28.75,30.15,20828.6,29.7863,1235.0,VIA,current_symbol,,,,,different_security_or_issuer_before_listing_quarantined
VIA,2023-01-23,30.0,31.73,30.0,30.75,15802.6,30.9665,1140.0,VIA,current_symbol,,,,,different_security_or_issuer_before_listing_quarantined
VIA,2023-01-24,30.7,31.7,30.15,31.35,49560.8,30.6229,696.0,VIA,current_symbol,,,,,different_security_or_issuer_before_listing_quarantined
VIA,2023-01-25,31.05,32.05,30.85,31.75,53537.6,31.2078,756.0,VIA,current_symbol,,,,,different_security_or_issuer_before_listing_quarantined
VIA,2023-01-26,32.25,32.7,31.55,31.8,20573.8,32.1483,1024.0,VIA,current_symbol,,,,,different_security_or_issuer_before_listing_quarantined
VIA,2023-01-27,31.7,32.51,31.6,32.1,13110.2,32.2005,1156.0,VIA,current_symbol,,,,,different_security_or_issuer_before_listing_quarantined
VIA,2023-01-30,32.2,32.8,31.875,32.35,20913.8,32.4038,1064.0,VIA,current_symbol,,,,,different_security_or_issuer_before_listing_quarantined
VIA,2023-01-31,32.45,33.6,32.1695,33.55,10907.8,33.1346,589.0,VIA,current_symbol,,,,,different_security_or_issuer_before_listing_quarantined
VIA,2023-02-01,33.4,34.2,32.625,34.0,17705.8,33.3812,1156.0,VIA,current_symbol,,,,,different_security_or_issuer_before_listing_quarantined
VIA,2023-02-02,34.55,35.2,33.65,34.05,17923.0,34.3578,1065.0,VIA,current_symbol,,,,,different_security_or_issuer_before_listing_quarantined
VIA,2023-02-03,33.75,34.2,32.75,33.65,10321.4,33.6578,882.0,VIA,current_symbol,,,,,different_security_or_issuer_before_listing_quarantined
VIA,2023-02-06,33.75,34.1,32.95,33.75,9755.6,33.5824,1109.0,VIA,current_symbol,,,,,different_security_or_issuer_before_listing_quarantined
VIA,2023-02-07,33.95,35.25,33.557,33.775,20175.0,33.9758,936.0,VIA,current_symbol,,,,,different_security_or_issuer_before_listing_quarantined
VIA,2023-02-08,33.9,33.9,32.25,32.5,10708.6,32.7162,980.0,VIA,current_symbol,,,,,different_security_or_issuer_before_listing_quarantined
VIA,2023-02-09,32.75,33.0,31.5,31.55,11045.4,32.0831,820.0,VIA,current_symbol,,,,,different_security_or_issuer_before_listing_quarantined
VIA,2023-02-10,31.4,32.6,31.3,32.15,12281.0,32.1083,817.0,VIA,current_symbol,,,,,different_security_or_issuer_before_listing_quarantined
VIA,2023-02-13,32.15,33.15,31.927,32.6,13262.2,32.5943,858.0,VIA,current_symbol,,,,,different_security_or_issuer_before_listing_quarantined
VIA,2023-02-14,32.6,33.75,32.6,33.4,10730.6,33.3836,621.0,VIA,current_symbol,,,,,different_security_or_issuer_before_listing_quarantined
VIA,2023-02-15,33.4,34.0,33.1,33.7,8544.4,33.6102,667.0,VIA,current_symbol,,,,,different_security_or_issuer_before_listing_quarantined
VIA,2023-02-16,33.6,34.6,33.3595,33.6,12024.0,33.8998,714.0,VIA,current_symbol,,,,,different_security_or_issuer_before_listing_quarantined
VIA,2023-02-17,33.8,34.3,33.15,33.85,12140.0,33.7564,719.0,VIA,current_symbol,,,,,different_security_or_issuer_before_listing_quarantined
VIA,2023-02-21,33.8,34.25,33.35,33.8,14674.2,33.7849,805.0,VIA,current_symbol,,,,,different_security_or_issuer_before_listing_quarantined
VIA,2023-02-22,33.85,34.7,33.55,33.95,15190.6,34.1289,963.0,VIA,current_symbol,,,,,different_security_or_issuer_before_listing_quarantined
VIA,2023-02-23,34.15,35.5,34.0,35.1,16780.6,34.756,865.0,VIA,current_symbol,,,,,different_security_or_issuer_before_listing_quarantined
VIA,2023-02-24,34.5,36.0,34.0525,34.6,22421.8,35.022,1172.0,VIA,current_symbol,,,,,different_security_or_issuer_before_listing_quarantined
VIA,2023-02-27,34.85,35.626,34.2005,34.8,27548.2,35.0445,1210.0,VIA,current_symbol,,,,,different_security_or_issuer_before_listing_quarantined
VIA,2023-02-28,33.45,33.55,29.3,29.3,44668.6,30.8152,2014.0,VIA,current_symbol,,,,,different_security_or_issuer_before_listing_quarantined
VIA,2023-03-01,29.35,29.55,27.85,29.05,18730.6,28.5202,1300.0,VIA,current_symbol,,,,,different_security_or_issuer_before_listing_quarantined
VIA,2023-03-02,28.95,28.95,27.7,28.4,33165.4,28.2323,1132.0,VIA,current_symbol,,,,,different_security_or_issuer_before_listing_quarantined
VIA,2023-03-03,28.3,28.3,27.15,27.35,22882.8,27.5953,1433.0,VIA,current_symbol,,,,,different_security_or_issuer_before_listing_quarantined
VIA,2023-03-06,27.25,27.5,24.7205,25.85,49989.8,25.777,2546.0,VIA,current_symbol,,,,,different_security_or_issuer_before_listing_quarantined
VIA,2023-03-07,25.65,26.07,24.575,24.75,28283.2,25.122,1948.0,VIA,current_symbol,,,,,different_security_or_issuer_before_listing_quarantined
VIA,2023-03-08,24.85,25.15,24.1,24.4,26428.6,24.5208,1795.0,VIA,current_symbol,,,,,different_security_or_issuer_before_listing_quarantined
VIA,2023-03-09,24.45,24.6775,23.05,23.05,34429.8,23.6487,2173.0,VIA,current_symbol,,,,,different_security_or_issuer_before_listing_quarantined
VIA,2023-03-10,23.05,23.7,22.6115,23.4,35200.0,23.2907,2037.0,VIA,current_symbol,,,,,different_security_or_issuer_before_listing_quarantined
VIA,2023-03-13,23.35,26.35,23.35,24.15,32138.2,24.6553,1935.0,VIA,current_symbol,,,,,different_security_or_issuer_before_listing_quarantined
VIA,2023-03-14,25.0,25.4495,24.35,25.2,29389.0,24.9963,1560.0,VIA,current_symbol,,,,,different_security_or_issuer_before_listing_quarantined
VIA,2023-03-15,24.9,25.325,24.325,24.65,20004.2,24.8357,1330.0,VIA,current_symbol,,,,,different_security_or_issuer_before_listing_quarantined
VIA,2023-03-16,24.75,26.25,24.575,26.05,32301.0,25.6589,1483.0,VIA,current_symbol,,,,,different_security_or_issuer_before_listing_quarantined
VIA,2023-03-17,25.95,25.95,24.85,25.9,30638.0,25.5761,1607.0,VIA,current_symbol,,,,,different_security_or_issuer_before_listing_quarantined
VIA,2023-03-20,25.9,26.95,25.7,26.25,24751.4,26.283,1720.0,VIA,current_symbol,,,,,different_security_or_issuer_before_listing_quarantined
VIA,2023-03-21,26.8,27.65,26.375,26.55,35514.2,26.7939,14669.0,VIA,current_symbol,,,,,different_security_or_issuer_before_listing_quarantined
VIA,2023-03-22,25.42,25.42,20.7601,21.03,111599.0,22.1081,6546.0,VIA,current_symbol,,,,,different_security_or_issuer_before_listing_quarantined
VIA,2023-03-23,21.03,21.03,16.0,16.2,223904.0,17.3006,4172.0,VIA,current_symbol,,,,,different_security_or_issuer_before_listing_quarantined
VIA,2023-03-24,16.0,16.8868,15.48,16.77,68208.0,16.3477,2915.0,VIA,current_symbol,,,,,different_security_or_issuer_before_listing_quarantined
VIA,2023-03-27,16.21,16.48,15.8844,16.38,44137.0,16.2089,2170.0,VIA,current_symbol,,,,,different_security_or_issuer_before_listing_quarantined
VIA,2023-03-28,16.35,17.0,16.35,16.95,30767.0,16.7001,718.0,VIA,current_symbol,,,,,different_security_or_issuer_before_listing_quarantined
VIA,2023-03-29,17.07,18.79,17.07,18.42,41381.0,17.9108,1062.0,VIA,current_symbol,,,,,different_security_or_issuer_before_listing_quarantined
VIA,2023-03-30,18.6,18.85,17.745,18.21,36534.0,18.3265,1157.0,VIA,current_symbol,,,,,different_security_or_issuer_before_listing_quarantined
VIA,2023-03-31,18.22,18.39,17.9,18.38,25236.0,18.1712,877.0,VIA,current_symbol,,,,,different_security_or_issuer_before_listing_quarantined
VIA,2023-04-03,18.3,18.5674,17.54,17.54,38684.0,18.0331,1258.0,VIA,current_symbol,,,,,different_security_or_issuer_before_listing_quarantined
VIA,2023-04-04,17.61,17.73,15.6877,15.8,43062.0,16.2416,1990.0,VIA,current_symbol,,,,,different_security_or_issuer_before_listing_quarantined
VIA,2023-04-05,15.58,17.0,15.5557,16.87,37165.0,16.3063,2934.0,VIA,current_symbol,,,,,different_security_or_issuer_before_listing_quarantined
VIA,2023-04-06,16.86,17.7699,16.83,17.6,34441.0,17.2442,1157.0,VIA,current_symbol,,,,,different_security_or_issuer_before_listing_quarantined
VIA,2023-04-10,17.49,17.5292,16.01,16.38,48884.0,16.7737,1512.0,VIA,current_symbol,,,,,different_security_or_issuer_before_listing_quarantined
VIA,2023-04-11,16.5,16.6491,16.01,16.21,29994.0,16.2101,1705.0,VIA,current_symbol,,,,,different_security_or_issuer_before_listing_quarantined
VIA,2023-04-12,16.42,17.14,16.3416,16.82,25020.0,16.7202,867.0,VIA,current_symbol,,,,,different_security_or_issuer_before_listing_quarantined
VIA,2023-04-13,16.86,17.095,16.555,16.65,34485.0,16.7947,1158.0,VIA,current_symbol,,,,,different_security_or_issuer_before_listing_quarantined
VIA,2023-04-14,16.66,16.75,16.115,16.56,34367.0,16.3727,1088.0,VIA,current_symbol,,,,,different_security_or_issuer_before_listing_quarantined
VIA,2023-04-17,16.67,17.01,16.5,16.81,16244.0,16.818,647.0,VIA,current_symbol,,,,,different_security_or_issuer_before_listing_quarantined
VIA,2023-04-18,16.96,17.52,16.855,17.45,27505.0,17.2186,1018.0,VIA,current_symbol,,,,,different_security_or_issuer_before_listing_quarantined
VIA,2023-04-19,17.32,18.475,17.03,18.34,22021.0,17.8371,770.0,VIA,current_symbol,,,,,different_security_or_issuer_before_listing_quarantined
VIA,2023-04-20,16.93,17.2415,13.02,13.25,285727.0,13.9324,4863.0,VIA,current_symbol,,,,,different_security_or_issuer_before_listing_quarantined
VIA,2023-04-21,12.9,13.2089,11.45,11.91,175552.0,11.9656,2998.0,VIA,current_symbol,,,,,different_security_or_issuer_before_listing_quarantined
VIA,2023-04-24,12.0,12.0,10.7,10.87,85862.0,11.1177,2071.0,VIA,current_symbol,,,,,different_security_or_issuer_before_listing_quarantined
VIA,2023-04-25,10.62,10.8,10.24,10.47,60030.0,10.5339,1575.0,VIA,current_symbol,,,,,different_security_or_issuer_before_listing_quarantined
VIA,2023-04-26,10.43,10.61,10.1776,10.27,34127.0,10.3804,1049.0,VIA,current_symbol,,,,,different_security_or_issuer_before_listing_quarantined
VIA,2023-04-27,10.27,10.66,10.0,10.44,47500.0,10.3143,865.0,VIA,current_symbol,,,,,different_security_or_issuer_before_listing_quarantined
VIA,2023-04-28,10.46,10.69,10.01,10.35,58566.0,10.4067,898.0,VIA,current_symbol,,,,,different_security_or_issuer_before_listing_quarantined
VIA,2023-05-01,10.35,10.68,10.06,10.17,35694.0,10.3053,812.0,VIA,current_symbol,,,,,different_security_or_issuer_before_listing_quarantined
VIA,2023-05-02,10.17,10.3,9.4,10.06,41746.0,9.8601,811.0,VIA,current_symbol,,,,,different_security_or_issuer_before_listing_quarantined
VIA,2023-05-03,10.09,10.51,9.83,10.36,33046.0,10.1596,918.0,VIA,current_symbol,,,,,different_security_or_issuer_before_listing_quarantined
VIA,2023-05-04,10.26,10.58,9.94,10.05,51596.0,10.2071,890.0,VIA,current_symbol,,,,,different_security_or_issuer_before_listing_quarantined
VIA,2023-05-05,10.34,10.47,9.7,9.96,56549.0,10.0132,969.0,VIA,current_symbol,,,,,different_security_or_issuer_before_listing_quarantined
VIA,2023-05-08,10.12,10.51,9.97,10.51,51671.0,10.2328,907.0,VIA,current_symbol,,,,,different_security_or_issuer_before_listing_quarantined
VIA,2023-05-09,10.37,10.9295,10.0501,10.88,46894.0,10.565,800.0,VIA,current_symbol,,,,,different_security_or_issuer_before_listing_quarantined
VIA,2023-05-10,11.1,12.185,10.86,11.99,47152.0,11.6639,1062.0,VIA,current_symbol,,,,,different_security_or_issuer_before_listing_quarantined
VIA,2023-05-11,12.0,12.655,11.88,12.4,54619.0,12.3395,988.0,VIA,current_symbol,,,,,different_security_or_issuer_before_listing_quarantined
VIA,2023-05-12,12.4,12.7894,12.1248,12.65,45697.0,12.5605,1050.0,VIA,current_symbol,,,,,different_security_or_issuer_before_listing_quarantined
VIA,2023-05-15,12.52,12.79,12.13,12.54,60633.0,12.5313,1085.0,VIA,current_symbol,,,,,different_security_or_issuer_before_listing_quarantined
VIA,2023-05-16,12.53,12.54,12.16,12.4,29490.0,12.3529,743.0,VIA,current_symbol,,,,,different_security_or_issuer_before_listing_quarantined
VIA,2023-05-17,12.4,12.85,12.01,12.7,39479.0,12.4144,834.0,VIA,current_symbol,,,,,different_security_or_issuer_before_listing_quarantined
VIA,2023-05-18,12.63,13.31,11.81,12.46,34452.0,12.4378,766.0,VIA,current_symbol,,,,,different_security_or_issuer_before_listing_quarantined
VIA,2023-05-19,12.32,12.75,12.27,12.59,16420.0,12.5195,361.0,VIA,current_symbol,,,,,different_security_or_issuer_before_listing_quarantined
VIA,2023-05-22,12.59,12.6,11.8,12.08,68588.0,12.1172,1191.0,VIA,current_symbol,,,,,different_security_or_issuer_before_listing_quarantined
VIA,2023-05-23,12.01,12.1479,11.17,11.56,48800.0,11.6556,1143.0,VIA,current_symbol,,,,,different_security_or_issuer_before_listing_quarantined
VIA,2023-05-24,11.43,11.55,11.0,11.1,44305.0,11.2572,817.0,VIA,current_symbol,,,,,different_security_or_issuer_before_listing_quarantined
VIA,2023-05-25,11.09,11.35,9.94,10.24,108473.0,10.3088,1063.0,VIA,current_symbol,,,,,different_security_or_issuer_before_listing_quarantined
VIA,2023-05-26,10.35,10.5777,10.11,10.45,29741.0,10.3183,641.0,VIA,current_symbol,,,,,different_security_or_issuer_before_listing_quarantined
VIA,2023-05-30,10.5,10.97,10.47,10.56,32934.0,10.6642,704.0,VIA,current_symbol,,,,,different_security_or_issuer_before_listing_quarantined
VIA,2023-05-31,10.53,10.88,10.47,10.52,28988.0,10.5674,633.0,VIA,current_symbol,,,,,different_security_or_issuer_before_listing_quarantined
VIA,2023-06-01,10.65,10.65,10.15,10.29,29877.0,10.4158,665.0,VIA,current_symbol,,,,,different_security_or_issuer_before_listing_quarantined
VIA,2023-06-02,10.39,10.79,10.39,10.72,26200.0,10.5985,780.0,VIA,current_symbol,,,,,different_security_or_issuer_before_listing_quarantined
VIA,2023-06-05,10.7,11.1,10.48,11.03,46164.0,10.9209,902.0,VIA,current_symbol,,,,,different_security_or_issuer_before_listing_quarantined
VIA,2023-06-06,11.0,11.85,10.87,11.02,45672.0,11.2822,1155.0,VIA,current_symbol,,,,,different_security_or_issuer_before_listing_quarantined
VIA,2023-06-07,11.17,11.96,11.17,11.58,28931.0,11.6264,1022.0,VIA,current_symbol,,,,,different_security_or_issuer_before_listing_quarantined
VIA,2023-06-08,11.72,12.3,11.72,12.25,22726.0,12.0888,738.0,VIA,current_symbol,,,,,different_security_or_issuer_before_listing_quarantined
VIA,2023-06-09,12.25,12.35,11.24,11.75,52965.0,11.7799,1419.0,VIA,current_symbol,,,,,different_security_or_issuer_before_listing_quarantined
VIA,2023-06-12,11.72,11.72,10.75,10.88,34924.0,11.1963,953.0,VIA,current_symbol,,,,,different_security_or_issuer_before_listing_quarantined
VIA,2023-06-13,10.91,11.04,10.52,10.94,45646.0,10.7955,1285.0,VIA,current_symbol,,,,,different_security_or_issuer_before_listing_quarantined
VIA,2023-06-14,10.85,11.39,10.7605,10.88,31188.0,10.9804,880.0,VIA,current_symbol,,,,,different_security_or_issuer_before_listing_quarantined
VIA,2023-06-15,10.81,11.1265,10.6733,10.94,26247.0,10.866,862.0,VIA,current_symbol,,,,,different_security_or_issuer_before_listing_quarantined
VIA,2023-06-16,10.94,11.19,10.535,10.7,41591.0,10.833,940.0,VIA,current_symbol,,,,,different_security_or_issuer_before_listing_quarantined
VIA,2023-06-20,10.7,11.61,10.7,10.92,90607.0,11.1417,1739.0,VIA,current_symbol,,,,,different_security_or_issuer_before_listing_quarantined
VIA,2023-06-21,11.06,11.06,9.65,9.7,71800.0,10.18,1655.0,VIA,current_symbol,,,,,different_security_or_issuer_before_listing_quarantined
VIA,2023-06-22,9.75,9.915,9.29,9.36,56388.0,9.5892,1284.0,VIA,current_symbol,,,,,different_security_or_issuer_before_listing_quarantined
VIA,2023-06-23,9.5,10.14,9.41,9.45,404556.0,9.5014,1807.0,VIA,current_symbol,,,,,different_security_or_issuer_before_listing_quarantined
VIA,2023-06-26,9.55,9.55,8.8318,9.15,85224.0,9.1883,1673.0,VIA,current_symbol,,,,,different_security_or_issuer_before_listing_quarantined
VIA,2023-06-27,9.26,9.4362,8.28,8.28,58777.0,8.7469,1485.0,VIA,current_symbol,,,,,different_security_or_issuer_before_listing_quarantined
VIA,2023-06-28,8.35,8.35,7.0,7.05,88395.0,7.5266,1804.0,VIA,current_symbol,,,,,different_security_or_issuer_before_listing_quarantined
VIA,2023-06-29,7.13,7.2,6.68,7.0,100751.0,6.9176,1563.0,VIA,current_symbol,,,,,different_security_or_issuer_before_listing_quarantined
VIA,2023-06-30,7.0,7.1846,6.69,6.96,61074.0,6.9404,1151.0,VIA,current_symbol,,,,,different_security_or_issuer_before_listing_quarantined
VIA,2023-07-03,6.9,7.35,6.85,7.29,39404.0,7.108,745.0,VIA,current_symbol,,,,,different_security_or_issuer_before_listing_quarantined
VIA,2023-07-05,7.23,7.68,6.92,6.92,58505.0,7.2402,1049.0,VIA,current_symbol,,,,,different_security_or_issuer_before_listing_quarantined
VIA,2023-07-06,6.99,6.99,6.565,6.69,51393.0,6.7342,894.0,VIA,current_symbol,,,,,different_security_or_issuer_before_listing_quarantined
VIA,2023-07-07,6.66,6.76,6.37,6.58,48636.0,6.5475,987.0,VIA,current_symbol,,,,,different_security_or_issuer_before_listing_quarantined
VIA,2023-07-10,6.58,6.8484,6.46,6.62,46290.0,6.5943,772.0,VIA,current_symbol,,,,,different_security_or_issuer_before_listing_quarantined
VIA,2023-07-11,6.67,7.38,6.61,7.37,56122.0,7.0347,742.0,VIA,current_symbol,,,,,different_security_or_issuer_before_listing_quarantined
VIA,2023-07-12,7.34,7.7194,7.2534,7.53,64477.0,7.506,835.0,VIA,current_symbol,,,,,different_security_or_issuer_before_listing_quarantined
VIA,2023-07-13,7.51,7.8,7.428,7.71,37837.0,7.6641,509.0,VIA,current_symbol,,,,,different_security_or_issuer_before_listing_quarantined
VIA,2023-07-14,7.82,7.86,6.63,6.63,73752.0,7.0354,907.0,VIA,current_symbol,,,,,different_security_or_issuer_before_listing_quarantined
VIA,2023-07-17,6.67,6.75,6.21,6.5,44270.0,6.4408,1274.0,VIA,current_symbol,,,,,different_security_or_issuer_before_listing_quarantined
VIA,2023-07-18,6.47,6.7297,5.8101,6.06,88619.0,6.1256,1658.0,VIA,current_symbol,,,,,different_security_or_issuer_before_listing_quarantined
VIA,2023-07-19,6.0,6.87,5.98,6.68,79374.0,6.4659,1116.0,VIA,current_symbol,,,,,different_security_or_issuer_before_listing_quarantined
VIA,2023-07-20,6.72,7.59,6.69,7.25,88896.0,7.2231,1286.0,VIA,current_symbol,,,,,different_security_or_issuer_before_listing_quarantined
VIA,2023-07-21,7.24,7.78,7.0,7.71,52674.0,7.3219,676.0,VIA,current_symbol,,,,,different_security_or_issuer_before_listing_quarantined
VIA,2023-07-24,8.0,8.15,7.62,7.86,34616.0,7.8801,663.0,VIA,current_symbol,,,,,different_security_or_issuer_before_listing_quarantined
VIA,2023-07-25,7.82,9.8838,7.68,9.31,139525.0,9.0608,2308.0,VIA,current_symbol,,,,,different_security_or_issuer_before_listing_quarantined
VIA,2023-07-26,9.4,9.9899,8.655,9.43,78417.0,9.3654,1103.0,VIA,current_symbol,,,,,different_security_or_issuer_before_listing_quarantined
VIA,2023-07-27,9.4,9.71,8.53,8.62,29643.0,8.9623,650.0,VIA,current_symbol,,,,,different_security_or_issuer_before_listing_quarantined
VIA,2023-07-28,8.86,9.137,8.38,8.53,39346.0,8.629,679.0,VIA,current_symbol,,,,,different_security_or_issuer_before_listing_quarantined
VIA,2023-07-31,8.32,8.77,8.13,8.17,37601.0,8.3618,595.0,VIA,current_symbol,,,,,different_security_or_issuer_before_listing_quarantined
VIA,2023-08-01,8.3,8.3994,7.96,8.14,23125.0,8.1553,744.0,VIA,current_symbol,,,,,different_security_or_issuer_before_listing_quarantined
VIA,2023-08-02,7.96,8.2,7.58,7.62,17615.0,7.8127,687.0,VIA,current_symbol,,,,,different_security_or_issuer_before_listing_quarantined
VIA,2023-08-03,7.96,10.2105,7.96,9.8,134739.0,9.4706,1786.0,VIA,current_symbol,,,,,different_security_or_issuer_before_listing_quarantined
VIA,2023-08-04,9.48,9.97,9.39,9.69,27966.0,9.6039,591.0,VIA,current_symbol,,,,,different_security_or_issuer_before_listing_quarantined
VIA,2023-08-07,9.52,9.73,8.8601,9.055,33832.0,9.1929,776.0,VIA,current_symbol,,,,,different_security_or_issuer_before_listing_quarantined
VIA,2023-08-08,8.9,9.39,8.3542,8.99,31286.0,8.8433,441.0,VIA,current_symbol,,,,,different_security_or_issuer_before_listing_quarantined
VIA,2023-08-09,8.91,9.0,8.51,8.67,29658.0,8.6588,483.0,VIA,current_symbol,,,,,different_security_or_issuer_before_listing_quarantined
VIA,2023-08-10,8.52,8.67,8.2,8.27,27574.0,8.3985,722.0,VIA,current_symbol,,,,,different_security_or_issuer_before_listing_quarantined
VIA,2023-08-11,8.33,8.6032,8.15,8.39,15106.0,8.3014,307.0,VIA,current_symbol,,,,,different_security_or_issuer_before_listing_quarantined
VIA,2023-08-14,8.21,8.57,8.0,8.5,27150.0,8.3617,584.0,VIA,current_symbol,,,,,different_security_or_issuer_before_listing_quarantined
VIA,2023-08-15,8.3,8.54,8.21,8.21,12488.0,8.3772,418.0,VIA,current_symbol,,,,,different_security_or_issuer_before_listing_quarantined
VIA,2023-08-16,8.21,8.98,8.21,8.87,21945.0,8.6722,552.0,VIA,current_symbol,,,,,different_security_or_issuer_before_listing_quarantined
VIA,2023-08-17,8.83,9.14,8.49,8.91,33353.0,8.8408,619.0,VIA,current_symbol,,,,,different_security_or_issuer_before_listing_quarantined
VIA,2023-08-18,8.85,9.27,8.401,8.53,30051.0,8.7033,423.0,VIA,current_symbol,,,,,different_security_or_issuer_before_listing_quarantined
VIA,2023-08-21,8.58,8.86,8.4609,8.85,16516.0,8.6255,367.0,VIA,current_symbol,,,,,different_security_or_issuer_before_listing_quarantined
VIA,2023-08-22,8.79,8.79,8.2724,8.5,19328.0,8.5564,541.0,VIA,current_symbol,,,,,different_security_or_issuer_before_listing_quarantined
VIA,2023-08-23,8.41,8.72,8.23,8.48,20118.0,8.5408,439.0,VIA,current_symbol,,,,,different_security_or_issuer_before_listing_quarantined
VIA,2023-08-24,8.48,8.66,8.33,8.51,21023.0,8.533,445.0,VIA,current_symbol,,,,,different_security_or_issuer_before_listing_quarantined
VIA,2023-08-25,8.57,8.89,8.41,8.7,23993.0,8.7431,366.0,VIA,current_symbol,,,,,different_security_or_issuer_before_listing_quarantined
VIA,2023-08-28,8.66,8.84,8.593,8.84,13565.0,8.7129,216.0,VIA,current_symbol,,,,,different_security_or_issuer_before_listing_quarantined
VIA,2023-08-29,8.69,8.8656,8.52,8.81,34059.0,8.6415,346.0,VIA,current_symbol,,,,,different_security_or_issuer_before_listing_quarantined
VIA,2023-08-30,8.87,8.87,8.33,8.79,32209.0,8.5334,471.0,VIA,current_symbol,,,,,different_security_or_issuer_before_listing_quarantined
VIA,2023-08-31,8.82,9.17,8.6,8.79,48997.0,8.9595,922.0,VIA,current_symbol,,,,,different_security_or_issuer_before_listing_quarantined
VIA,2023-09-01,8.78,9.255,8.6263,8.9,51509.0,8.8763,621.0,VIA,current_symbol,,,,,different_security_or_issuer_before_listing_quarantined
VIA,2023-09-05,8.98,8.98,8.42,8.46,59293.0,8.7631,835.0,VIA,current_symbol,,,,,different_security_or_issuer_before_listing_quarantined
VIA,2023-09-06,8.42,8.84,8.22,8.35,30031.0,8.4589,492.0,VIA,current_symbol,,,,,different_security_or_issuer_before_listing_quarantined
VIA,2023-09-07,8.29,8.8799,8.215,8.68,16512.0,8.5183,427.0,VIA,current_symbol,,,,,different_security_or_issuer_before_listing_quarantined
VIA,2023-09-08,8.51,8.815,8.33,8.75,12759.0,8.6741,426.0,VIA,current_symbol,,,,,different_security_or_issuer_before_listing_quarantined
VIA,2023-09-11,8.86,8.88,8.45,8.45,6914.0,8.6511,224.0,VIA,current_symbol,,,,,different_security_or_issuer_before_listing_quarantined
VIA,2023-09-12,8.52,8.825,8.4201,8.6,26289.0,8.6449,498.0,VIA,current_symbol,,,,,different_security_or_issuer_before_listing_quarantined
VIA,2023-09-13,8.63,8.99,8.55,8.7,20391.0,8.7875,373.0,VIA,current_symbol,,,,,different_security_or_issuer_before_listing_quarantined
VIA,2023-09-14,8.87,9.4899,8.79,9.48,15379.0,9.1207,415.0,VIA,current_symbol,,,,,different_security_or_issuer_before_listing_quarantined
VIA,2023-09-15,9.5,9.51,8.5501,8.71,59256.0,8.9895,786.0,VIA,current_symbol,,,,,different_security_or_issuer_before_listing_quarantined
VIA,2023-09-18,9.01,9.43,8.6,8.79,28790.0,8.8311,727.0,VIA,current_symbol,,,,,different_security_or_issuer_before_listing_quarantined
VIA,2023-09-19,8.85,8.85,8.6,8.61,25302.0,8.6944,355.0,VIA,current_symbol,,,,,different_security_or_issuer_before_listing_quarantined
VIA,2023-09-20,8.64,9.03,8.6,8.78,12282.0,8.7282,286.0,VIA,current_symbol,,,,,different_security_or_issuer_before_listing_quarantined
VIA,2023-09-21,8.76,8.98,8.58,8.86,22395.0,8.7539,407.0,VIA,current_symbol,,,,,different_security_or_issuer_before_listing_quarantined
VIA,2023-09-22,8.93,8.94,8.62,8.91,13768.0,8.7083,306.0,VIA,current_symbol,,,,,different_security_or_issuer_before_listing_quarantined
VIA,2023-09-25,8.81,8.82,8.34,8.34,11583.0,8.6012,277.0,VIA,current_symbol,,,,,different_security_or_issuer_before_listing_quarantined
VIA,2023-09-26,8.23,8.5064,7.7,7.7,15828.0,7.9664,362.0,VIA,current_symbol,,,,,different_security_or_issuer_before_listing_quarantined
VIA,2023-09-27,7.64,7.95,7.11,7.74,44256.0,7.5365,758.0,VIA,current_symbol,,,,,different_security_or_issuer_before_listing_quarantined
VIA,2023-09-28,7.72,7.8,7.1,7.25,15849.0,7.383,326.0,VIA,current_symbol,,,,,different_security_or_issuer_before_listing_quarantined
VIA,2023-09-29,7.11,7.6312,7.11,7.35,11183.0,7.4896,188.0,VIA,current_symbol,,,,,different_security_or_issuer_before_listing_quarantined
VIA,2023-10-02,7.25,7.6,7.25,7.5,12183.0,7.3838,250.0,VIA,current_symbol,,,,,different_security_or_issuer_before_listing_quarantined
VIA,2023-10-03,7.38,7.61,7.31,7.5,19190.0,7.474,390.0,VIA,current_symbol,,,,,different_security_or_issuer_before_listing_quarantined
VIA,2023-10-04,7.54,7.58,7.11,7.24,17071.0,7.2919,291.0,VIA,current_symbol,,,,,different_security_or_issuer_before_listing_quarantined
VIA,2023-10-05,7.2566,7.5099,7.03,7.03,5902.0,7.2089,396.0,VIA,current_symbol,,,,,different_security_or_issuer_before_listing_quarantined
VIA,2023-10-06,7.08,7.2799,7.0301,7.07,3436.0,7.1607,152.0,VIA,current_symbol,,,,,different_security_or_issuer_before_listing_quarantined
VIA,2023-10-09,7.04,7.3313,7.03,7.04,7568.0,7.1686,278.0,VIA,current_symbol,,,,,different_security_or_issuer_before_listing_quarantined
VIA,2023-10-10,7.245,7.41,7.05,7.15,6958.0,7.165,206.0,VIA,current_symbol,,,,,different_security_or_issuer_before_listing_quarantined
VIA,2023-10-11,7.15,7.37,7.15,7.25,5112.0,7.2475,150.0,VIA,current_symbol,,,,,different_security_or_issuer_before_listing_quarantined
VIA,2023-10-12,7.03,7.25,6.87,6.93,38236.0,7.0661,358.0,VIA,current_symbol,,,,,different_security_or_issuer_before_listing_quarantined
VIA,2023-10-13,7.04,7.16,6.425,6.425,16881.0,6.7544,338.0,VIA,current_symbol,,,,,different_security_or_issuer_before_listing_quarantined
VIA,2023-10-16,6.43,6.5641,5.91,6.02,32252.0,6.1409,683.0,VIA,current_symbol,,,,,different_security_or_issuer_before_listing_quarantined
VIA,2023-10-17,6.06,6.35,6.03,6.22,10609.0,6.2289,262.0,VIA,current_symbol,,,,,different_security_or_issuer_before_listing_quarantined
VIA,2023-10-18,6.15,6.3395,6.0,6.01,10866.0,6.1318,272.0,VIA,current_symbol,,,,,different_security_or_issuer_before_listing_quarantined
VIA,2023-10-19,6.02,6.35,6.02,6.1,10568.0,6.1727,192.0,VIA,current_symbol,,,,,different_security_or_issuer_before_listing_quarantined
VIA,2023-10-20,6.11,6.15,5.9,5.9,12162.0,6.0427,334.0,VIA,current_symbol,,,,,different_security_or_issuer_before_listing_quarantined
VIA,2023-10-23,5.97,5.97,5.2153,5.45,52437.0,5.6211,705.0,VIA,current_symbol,,,,,different_security_or_issuer_before_listing_quarantined
VIA,2023-10-24,5.45,5.63,5.27,5.42,13744.0,5.4684,348.0,VIA,current_symbol,,,,,different_security_or_issuer_before_listing_quarantined
VIA,2023-10-25,5.27,5.7314,5.215,5.65,22074.0,5.4127,382.0,VIA,current_symbol,,,,,different_security_or_issuer_before_listing_quarantined
VIA,2023-10-26,5.68,5.8,5.5601,5.8,7303.0,5.6602,170.0,VIA,current_symbol,,,,,different_security_or_issuer_before_listing_quarantined
VIA,2023-10-27,5.8,5.9924,5.6891,5.85,14070.0,5.843,238.0,VIA,current_symbol,,,,,different_security_or_issuer_before_listing_quarantined
VIA,2023-10-30,5.69,5.8429,5.6501,5.72,7516.0,5.744,252.0,VIA,current_symbol,,,,,different_security_or_issuer_before_listing_quarantined
VIA,2023-10-31,5.54,5.75,5.5048,5.66,8059.0,5.6442,229.0,VIA,current_symbol,,,,,different_security_or_issuer_before_listing_quarantined
VIA,2023-11-01,5.6,5.98,5.6,5.91,21304.0,5.8526,415.0,VIA,current_symbol,,,,,different_security_or_issuer_before_listing_quarantined
VIA,2023-11-02,6.03,7.43,6.03,7.27,65086.0,6.8499,814.0,VIA,current_symbol,,,,,different_security_or_issuer_before_listing_quarantined
VIA,2023-11-03,7.27,7.98,7.2192,7.27,29465.0,7.5557,656.0,VIA,current_symbol,,,,,different_security_or_issuer_before_listing_quarantined
VIA,2023-11-06,7.3,7.35,6.46,6.55,34487.0,6.8581,485.0,VIA,current_symbol,,,,,different_security_or_issuer_before_listing_quarantined
VIA,2023-11-07,6.67,7.5,6.67,7.44,27120.0,7.1208,438.0,VIA,current_symbol,,,,,different_security_or_issuer_before_listing_quarantined
VIA,2023-11-08,7.25,7.41,7.0302,7.25,26771.0,7.2329,402.0,VIA,current_symbol,,,,,different_security_or_issuer_before_listing_quarantined
VIA,2023-11-09,7.23,7.356,7.0,7.09,15272.0,7.2119,242.0,VIA,current_symbol,,,,,different_security_or_issuer_before_listing_quarantined
VIA,2023-11-10,7.29,7.5,7.0501,7.41,19423.0,7.33,327.0,VIA,current_symbol,,,,,different_security_or_issuer_before_listing_quarantined
VIA,2023-11-13,7.41,7.62,7.4,7.5,17680.0,7.5106,291.0,VIA,current_symbol,,,,,different_security_or_issuer_before_listing_quarantined
VIA,2023-11-14,7.68,8.085,7.68,7.93,13394.0,7.8913,300.0,VIA,current_symbol,,,,,different_security_or_issuer_before_listing_quarantined
VIA,2023-11-15,8.49,8.5,7.8401,8.17,35834.0,8.1418,366.0,VIA,current_symbol,,,,,different_security_or_issuer_before_listing_quarantined
VIA,2023-11-16,8.1277,8.24,8.0,8.1,19046.0,8.1171,373.0,VIA,current_symbol,,,,,different_security_or_issuer_before_listing_quarantined
VIA,2023-11-17,8.26,8.81,8.1,8.79,16268.0,8.3045,254.0,VIA,current_symbol,,,,,different_security_or_issuer_before_listing_quarantined
VIA,2023-11-20,8.95,8.99,8.8319,8.99,15371.0,8.9107,320.0,VIA,current_symbol,,,,,different_security_or_issuer_before_listing_quarantined
VIA,2023-11-21,8.91,9.0,8.5403,8.98,7961.0,8.8735,255.0,VIA,current_symbol,,,,,different_security_or_issuer_before_listing_quarantined
VIA,2023-11-22,9.0,9.14,8.7084,9.14,11201.0,8.976,274.0,VIA,current_symbol,,,,,different_security_or_issuer_before_listing_quarantined
VIA,2023-11-24,9.15,9.44,9.15,9.29,11831.0,9.2688,151.0,VIA,current_symbol,,,,,different_security_or_issuer_before_listing_quarantined
VIA,2023-11-27,9.29,9.338,9.08,9.12,20263.0,9.176,332.0,VIA,current_symbol,,,,,different_security_or_issuer_before_listing_quarantined
VIA,2023-11-28,9.07,9.115,8.75,8.8001,21764.0,8.9691,269.0,VIA,current_symbol,,,,,different_security_or_issuer_before_listing_quarantined
VIA,2023-11-29,9.1,9.22,8.8601,9.22,8568.0,9.0288,164.0,VIA,current_symbol,,,,,different_security_or_issuer_before_listing_quarantined
VIA,2023-11-30,9.22,9.26,8.9001,9.1,15992.0,9.1545,297.0,VIA,current_symbol,,,,,different_security_or_issuer_before_listing_quarantined
VIA,2023-12-01,9.14,9.65,9.01,9.65,41218.0,9.3061,587.0,VIA,current_symbol,,,,,different_security_or_issuer_before_listing_quarantined
VIA,2023-12-04,9.62,10.35,9.58,10.08,43601.0,10.0945,697.0,VIA,current_symbol,,,,,different_security_or_issuer_before_listing_quarantined
VIA,2023-12-05,10.0,10.56,9.55,9.58,12163.0,10.004,358.0,VIA,current_symbol,,,,,different_security_or_issuer_before_listing_quarantined
VIA,2023-12-06,9.56,9.72,8.5,8.5,47214.0,8.9784,645.0,VIA,current_symbol,,,,,different_security_or_issuer_before_listing_quarantined
VIA,2023-12-07,8.55,8.9,8.4823,8.66,38307.0,8.6217,465.0,VIA,current_symbol,,,,,different_security_or_issuer_before_listing_quarantined
VIA,2023-12-08,8.66,9.13,8.66,9.085,15585.0,8.9796,267.0,VIA,current_symbol,,,,,different_security_or_issuer_before_listing_quarantined
VIA,2023-12-11,9.08,9.08,8.6,8.67,22551.0,8.7523,393.0,VIA,current_symbol,,,,,different_security_or_issuer_before_listing_quarantined
VIA,2023-12-12,8.67,8.8698,8.55,8.72,17645.0,8.6887,413.0,VIA,current_symbol,,,,,different_security_or_issuer_before_listing_quarantined
VIA,2023-12-13,8.64,8.87,8.49,8.78,32131.0,8.7149,411.0,VIA,current_symbol,,,,,different_security_or_issuer_before_listing_quarantined
VIA,2023-12-14,8.86,9.09,8.75,9.06,20558.0,8.9412,484.0,VIA,current_symbol,,,,,different_security_or_issuer_before_listing_quarantined
VIA,2023-12-15,9.06,9.43,9.06,9.16,31178.0,9.2309,442.0,VIA,current_symbol,,,,,different_security_or_issuer_before_listing_quarantined
VIA,2023-12-18,9.16,9.8344,9.16,9.39,20760.0,9.3861,453.0,VIA,current_symbol,,,,,different_security_or_issuer_before_listing_quarantined
VIA,2023-12-19,9.3,9.59,9.1997,9.58,30399.0,9.46,611.0,VIA,current_symbol,,,,,different_security_or_issuer_before_listing_quarantined
VIA,2023-12-20,9.6,9.77,9.31,9.61,44630.0,9.5671,716.0,VIA,current_symbol,,,,,different_security_or_issuer_before_listing_quarantined
VIA,2023-12-21,9.53,9.61,9.09,9.13,23965.0,9.2829,417.0,VIA,current_symbol,,,,,different_security_or_issuer_before_listing_quarantined
VIA,2023-12-22,9.24,9.47,9.15,9.39,27861.0,9.308,444.0,VIA,current_symbol,,,,,different_security_or_issuer_before_listing_quarantined
VIA,2023-12-26,9.32,9.97,9.32,9.74,25897.0,9.6911,509.0,VIA,current_symbol,,,,,different_security_or_issuer_before_listing_quarantined
VIA,2023-12-27,9.75,9.89,9.41,9.44,32510.0,9.6442,596.0,VIA,current_symbol,,,,,different_security_or_issuer_before_listing_quarantined
VIA,2023-12-28,9.44,9.7,9.39,9.41,20694.0,9.4728,433.0,VIA,current_symbol,,,,,different_security_or_issuer_before_listing_quarantined
VIA,2023-12-29,9.41,9.65,9.16,9.4,19729.0,9.3575,411.0,VIA,current_symbol,,,,,different_security_or_issuer_before_listing_quarantined
VIA,2024-01-02,10.6,10.79,10.6,10.73,218213.0,10.6646,1713.0,VIA,current_symbol,,,,,different_security_or_issuer_before_listing_quarantined
VIA,2024-01-03,10.73,10.9,10.7,10.71,123359.0,10.7441,1193.0,VIA,current_symbol,,,,,different_security_or_issuer_before_listing_quarantined
VIA,2024-01-04,10.66,10.77,10.64,10.7,50118.0,10.6854,606.0,VIA,current_symbol,,,,,different_security_or_issuer_before_listing_quarantined
VIA,2024-01-05,10.66,10.8,10.62,10.7,113663.0,10.6708,687.0,VIA,current_symbol,,,,,different_security_or_issuer_before_listing_quarantined
VIA,2024-01-08,10.67,10.84,10.55,10.64,111971.0,10.6626,692.0,VIA,current_symbol,,,,,different_security_or_issuer_before_listing_quarantined
VIA,2024-01-09,10.62,10.75,10.61,10.61,38638.0,10.6319,465.0,VIA,current_symbol,,,,,different_security_or_issuer_before_listing_quarantined
VIA,2024-01-10,10.62,10.75,10.61,10.61,64886.0,10.6537,616.0,VIA,current_symbol,,,,,different_security_or_issuer_before_listing_quarantined
VIA,2024-01-11,10.62,10.74,10.61,10.65,38194.0,10.6442,558.0,VIA,current_symbol,,,,,different_security_or_issuer_before_listing_quarantined
VIA,2024-01-12,10.65,10.75,10.6,10.61,38216.0,10.6529,484.0,VIA,current_symbol,,,,,different_security_or_issuer_before_listing_quarantined
VIA,2024-01-16,10.65,10.74,10.6,10.72,69136.0,10.6674,731.0,VIA,current_symbol,,,,,different_security_or_issuer_before_listing_quarantined
VIA,2024-01-17,10.72,10.83,10.63,10.65,64194.0,10.6863,442.0,VIA,current_symbol,,,,,different_security_or_issuer_before_listing_quarantined
VIA,2024-01-18,10.67,10.67,10.6,10.61,52039.0,10.631,532.0,VIA,current_symbol,,,,,different_security_or_issuer_before_listing_quarantined
VIA,2024-01-19,10.65,10.7,10.61,10.66,38207.0,10.6438,392.0,VIA,current_symbol,,,,,different_security_or_issuer_before_listing_quarantined
VIA,2024-01-22,10.67,10.88,10.56,10.62,77881.0,10.6593,826.0,VIA,current_symbol,,,,,different_security_or_issuer_before_listing_quarantined
VIA,2024-01-23,10.61,10.72,10.59,10.72,57387.0,10.6507,435.0,VIA,current_symbol,,,,,different_security_or_issuer_before_listing_quarantined
VIA,2024-01-24,10.74,10.83,10.71,10.71,30055.0,10.7709,336.0,VIA,current_symbol,,,,,different_security_or_issuer_before_listing_quarantined
VIA,2024-01-25,10.76,10.85,10.72,10.82,61884.0,10.8064,446.0,VIA,current_symbol,,,,,different_security_or_issuer_before_listing_quarantined
VIA,2024-01-26,10.78,10.89,10.78,10.85,17014.0,10.8511,282.0,VIA,current_symbol,,,,,different_security_or_issuer_before_listing_quarantined
VIA,2024-01-29,10.89,10.95,10.85,10.85,18126.0,10.9047,296.0,VIA,current_symbol,,,,,different_security_or_issuer_before_listing_quarantined
VIA,2024-01-30,10.86,10.9,10.63,10.63,43065.0,10.8013,395.0,VIA,current_symbol,,,,,different_security_or_issuer_before_listing_quarantined
VIA,2024-01-31,10.64,10.7,10.6,10.61,58382.0,10.6332,521.0,VIA,current_symbol,,,,,different_security_or_issuer_before_listing_quarantined
VIA,2024-02-01,10.64,10.7,10.61,10.63,14680.0,10.6546,384.0,VIA,current_symbol,,,,,different_security_or_issuer_before_listing_quarantined
VIA,2024-02-02,10.66,10.74,10.62,10.62,17151.0,10.6799,307.0,VIA,current_symbol,,,,,different_security_or_issuer_before_listing_quarantined
VIA,2024-02-05,10.64,10.67,10.61,10.61,20956.0,10.6262,295.0,VIA,current_symbol,,,,,different_security_or_issuer_before_listing_quarantined
VIA,2024-02-06,10.71,10.71,10.62,10.64,9476.0,10.6304,192.0,VIA,current_symbol,,,,,different_security_or_issuer_before_listing_quarantined
VIA,2024-02-07,10.62,10.69,10.62,10.65,18181.0,10.6304,317.0,VIA,current_symbol,,,,,different_security_or_issuer_before_listing_quarantined
VIA,2024-02-08,10.63,10.7,10.62,10.64,15147.0,10.6389,202.0,VIA,current_symbol,,,,,different_security_or_issuer_before_listing_quarantined
VIA,2024-02-09,10.64,10.69,10.47,10.55,34736.0,10.5928,444.0,VIA,current_symbol,,,,,different_security_or_issuer_before_listing_quarantined
VIA,2024-02-12,10.58,10.67,10.48,10.59,35236.0,10.5864,302.0,VIA,current_symbol,,,,,different_security_or_issuer_before_listing_quarantined
VIA,2024-02-13,10.57,10.75,10.53,10.75,30575.0,10.6102,313.0,VIA,current_symbol,,,,,different_security_or_issuer_before_listing_quarantined
VIA,2024-02-14,10.75,10.81,10.67,10.81,93119.0,10.7687,612.0,VIA,current_symbol,,,,,different_security_or_issuer_before_listing_quarantined
VIA,2024-02-15,10.8,10.86,10.8,10.83,40791.0,10.8293,343.0,VIA,current_symbol,,,,,different_security_or_issuer_before_listing_quarantined
VIA,2024-02-16,10.78,10.85,10.75,10.8,12196.0,10.8002,171.0,VIA,current_symbol,,,,,different_security_or_issuer_before_listing_quarantined
VIA,2024-02-20,10.76,10.87,10.75,10.851,24223.0,10.8379,414.0,VIA,current_symbol,,,,,different_security_or_issuer_before_listing_quarantined
VIA,2024-02-21,10.86,10.88,10.7707,10.84,6434.0,10.8317,183.0,VIA,current_symbol,,,,,different_security_or_issuer_before_listing_quarantined
VIA,2024-02-22,10.79,10.86,10.78,10.83,14330.0,10.8282,251.0,VIA,current_symbol,,,,,different_security_or_issuer_before_listing_quarantined
VIA,2024-02-23,10.82,10.86,10.795,10.84,24388.0,10.819,279.0,VIA,current_symbol,,,,,different_security_or_issuer_before_listing_quarantined
VIA,2024-02-26,10.84,10.88,10.76,10.88,23853.0,10.8345,309.0,VIA,current_symbol,,,,,different_security_or_issuer_before_listing_quarantined
VIA,2024-02-27,10.88,10.9,10.8,10.83,27025.0,10.8819,218.0,VIA,current_symbol,,,,,different_security_or_issuer_before_listing_quarantined
VIA,2024-02-28,10.81,10.94,10.81,10.83,10673.0,10.8645,179.0,VIA,current_symbol,,,,,different_security_or_issuer_before_listing_quarantined
VIA,2024-02-29,10.82,10.94,10.82,10.84,17572.0,10.8719,312.0,VIA,current_symbol,,,,,different_security_or_issuer_before_listing_quarantined
VIA,2024-03-01,10.84,10.95,10.83,10.85,12239.0,10.8627,291.0,VIA,current_symbol,,,,,different_security_or_issuer_before_listing_quarantined
VIA,2024-03-04,10.84,10.94,10.83,10.84,20785.0,10.8726,417.0,VIA,current_symbol,,,,,different_security_or_issuer_before_listing_quarantined
VIA,2024-03-05,10.85,10.91,10.83,10.85,25824.0,10.8664,502.0,VIA,current_symbol,,,,,different_security_or_issuer_before_listing_quarantined
VIA,2024-03-06,10.84,10.9,10.78,10.85,21829.0,10.8499,399.0,VIA,current_symbol,,,,,different_security_or_issuer_before_listing_quarantined
VIA,2024-03-07,10.89,10.9,10.83,10.87,9141.0,10.8654,193.0,VIA,current_symbol,,,,,different_security_or_issuer_before_listing_quarantined
VIA,2024-03-08,10.86,10.9299,10.82,10.875,8586.0,10.8711,397.0,VIA,current_symbol,,,,,different_security_or_issuer_before_listing_quarantined
VIA,2024-03-11,10.84,10.92,10.84,10.89,10625.0,10.8796,224.0,VIA,current_symbol,,,,,different_security_or_issuer_before_listing_quarantined
VIA,2024-03-12,10.89,10.92,10.85,10.9,16598.0,10.8867,266.0,VIA,current_symbol,,,,,different_security_or_issuer_before_listing_quarantined
VIA,2024-03-13,10.93,10.93,10.87,10.895,14318.0,10.8937,223.0,VIA,current_symbol,,,,,different_security_or_issuer_before_listing_quarantined
VIA,2024-03-14,10.87,10.93,10.87,10.92,11635.0,10.8826,247.0,VIA,current_symbol,,,,,different_security_or_issuer_before_listing_quarantined
VIA,2024-03-15,10.9,10.93,10.88,10.9,43892.0,10.9016,361.0,VIA,current_symbol,,,,,different_security_or_issuer_before_listing_quarantined
VIA,2024-03-18,10.93,10.96,10.9,10.92,40699.0,10.9367,497.0,VIA,current_symbol,,,,,different_security_or_issuer_before_listing_quarantined
VIA,2024-03-19,10.9,10.99,10.9,10.95,13047.0,10.9574,354.0,VIA,current_symbol,,,,,different_security_or_issuer_before_listing_quarantined
VIA,2024-03-20,10.97,10.99,10.95,10.96,10733.0,10.9641,181.0,VIA,current_symbol,,,,,different_security_or_issuer_before_listing_quarantined
VIA,2024-03-21,10.9667,10.97,10.95,10.95,12523.0,10.9583,411.0,VIA,current_symbol,,,,,different_security_or_issuer_before_listing_quarantined
VIA,2024-03-22,10.9612,10.98,10.89,10.95,23004.0,10.9505,202.0,VIA,current_symbol,,,,,different_security_or_issuer_before_listing_quarantined
VIA,2024-03-25,10.93,10.954,10.9,10.92,19094.0,10.9269,334.0,VIA,current_symbol,,,,,different_security_or_issuer_before_listing_quarantined
VIA,2024-03-26,10.91,10.91,10.88,10.9,6580.0,10.8922,160.0,VIA,current_symbol,,,,,different_security_or_issuer_before_listing_quarantined
VIA,2024-03-27,10.9,10.92,10.87,10.87,17796.0,10.8901,217.0,VIA,current_symbol,,,,,different_security_or_issuer_before_listing_quarantined
VIA,2024-03-28,10.85,10.85,10.8,10.81,19127.0,10.8159,235.0,VIA,current_symbol,,,,,different_security_or_issuer_before_listing_quarantined
VIA,2024-04-01,10.81,10.84,10.42,10.84,43361.0,10.6547,642.0,VIA,current_symbol,,,,,different_security_or_issuer_before_listing_quarantined
VIA,2024-04-02,10.82,10.82,10.7,10.75,38493.0,10.7879,427.0,VIA,current_symbol,,,,,different_security_or_issuer_before_listing_quarantined
VIA,2024-04-03,10.77,10.82,10.75,10.78,13126.0,10.7767,200.0,VIA,current_symbol,,,,,different_security_or_issuer_before_listing_quarantined
VIA,2024-04-04,10.846,10.846,10.77,10.82,7542.0,10.8063,140.0,VIA,current_symbol,,,,,different_security_or_issuer_before_listing_quarantined
VIA,2024-04-05,10.785,10.785,10.755,10.76,2269.0,10.772,79.0,VIA,current_symbol,,,,,different_security_or_issuer_before_listing_quarantined
VIA,2024-04-08,10.76,10.82,10.71,10.82,19281.0,10.7501,154.0,VIA,current_symbol,,,,,different_security_or_issuer_before_listing_quarantined
VIA,2024-04-09,10.7844,10.85,10.76,10.84,22955.0,10.8131,162.0,VIA,current_symbol,,,,,different_security_or_issuer_before_listing_quarantined
VIA,2024-04-10,10.85,10.89,10.77,10.89,15148.0,10.8359,189.0,VIA,current_symbol,,,,,different_security_or_issuer_before_listing_quarantined
VIA,2024-04-11,10.9,10.9,10.817,10.83,10152.0,10.8285,166.0,VIA,current_symbol,,,,,different_security_or_issuer_before_listing_quarantined
VIA,2024-04-12,10.83,10.89,10.83,10.89,17786.0,10.847,187.0,VIA,current_symbol,,,,,different_security_or_issuer_before_listing_quarantined
VIA,2024-04-15,10.75,10.84,10.748,10.8,14021.0,10.7754,239.0,VIA,current_symbol,,,,,different_security_or_issuer_before_listing_quarantined
VIA,2024-04-16,10.79,10.8449,10.79,10.83,20655.0,10.8258,198.0,VIA,current_symbol,,,,,different_security_or_issuer_before_listing_quarantined
VIA,2024-04-17,10.82,10.88,10.76,10.8,12224.0,10.8285,218.0,VIA,current_symbol,,,,,different_security_or_issuer_before_listing_quarantined
VIA,2024-04-18,10.77,10.88,10.77,10.83,9706.0,10.8438,119.0,VIA,current_symbol,,,,,different_security_or_issuer_before_listing_quarantined
VIA,2024-04-19,10.8,10.9,10.8,10.88,9498.0,10.8551,147.0,VIA,current_symbol,,,,,different_security_or_issuer_before_listing_quarantined
VIA,2024-04-22,10.78,10.9,10.78,10.86,6467.0,10.8454,127.0,VIA,current_symbol,,,,,different_security_or_issuer_before_listing_quarantined
VIA,2024-04-23,10.86,10.86,10.84,10.86,6797.0,10.856,130.0,VIA,current_symbol,,,,,different_security_or_issuer_before_listing_quarantined
VIA,2024-04-24,10.86,10.9,10.8,10.9,9500.0,10.863,76.0,VIA,current_symbol,,,,,different_security_or_issuer_before_listing_quarantined
VIA,2024-04-25,10.87,10.9,10.82,10.88,14906.0,10.839,188.0,VIA,current_symbol,,,,,different_security_or_issuer_before_listing_quarantined
VIA,2024-04-26,10.83,10.88,10.83,10.88,6833.0,10.8449,112.0,VIA,current_symbol,,,,,different_security_or_issuer_before_listing_quarantined
VIA,2024-04-29,10.84,10.88,10.835,10.875,5472.0,10.8497,124.0,VIA,current_symbol,,,,,different_security_or_issuer_before_listing_quarantined
VIA,2024-04-30,10.88,10.89,10.84,10.89,11051.0,10.8596,116.0,VIA,current_symbol,,,,,different_security_or_issuer_before_listing_quarantined
VIA,2024-05-01,10.82,10.95,10.8,10.915,10458.0,10.873,167.0,VIA,current_symbol,,,,,different_security_or_issuer_before_listing_quarantined
VIA,2024-05-02,10.96,10.96,10.8601,10.91,18842.0,10.9008,218.0,VIA,current_symbol,,,,,different_security_or_issuer_before_listing_quarantined
VIA,2024-05-03,10.88,10.96,10.88,10.93,12995.0,10.9333,153.0,VIA,current_symbol,,,,,different_security_or_issuer_before_listing_quarantined
VIA,2024-05-06,10.9,10.94,10.9,10.91,8360.0,10.9177,122.0,VIA,current_symbol,,,,,different_security_or_issuer_before_listing_quarantined
VIA,2024-05-07,10.91,10.94,10.91,10.92,11504.0,10.9267,151.0,VIA,current_symbol,,,,,different_security_or_issuer_before_listing_quarantined
VIA,2024-05-08,10.91,10.95,10.91,10.94,13328.0,10.9153,179.0,VIA,current_symbol,,,,,different_security_or_issuer_before_listing_quarantined
VIA,2024-05-09,10.8,10.95,10.8,10.91,13119.0,10.8699,151.0,VIA,current_symbol,,,,,different_security_or_issuer_before_listing_quarantined
VIA,2024-05-10,10.93,10.94,10.82,10.92,9707.0,10.8843,154.0,VIA,current_symbol,,,,,different_security_or_issuer_before_listing_quarantined
VIA,2024-05-13,10.9,10.9401,10.874,10.94,13019.0,10.9332,154.0,VIA,current_symbol,,,,,different_security_or_issuer_before_listing_quarantined
VIA,2024-05-14,10.94,10.97,10.94,10.97,19832.0,10.9509,202.0,VIA,current_symbol,,,,,different_security_or_issuer_before_listing_quarantined
VIA,2024-05-15,10.94,10.97,10.94,10.97,11096.0,10.9585,175.0,VIA,current_symbol,,,,,different_security_or_issuer_before_listing_quarantined
VIA,2024-05-16,10.94,10.97,10.94,10.955,4103.0,10.9486,158.0,VIA,current_symbol,,,,,different_security_or_issuer_before_listing_quarantined
VIA,2024-05-17,10.96,10.97,10.94,10.96,11623.0,10.9564,151.0,VIA,current_symbol,,,,,different_security_or_issuer_before_listing_quarantined
VIA,2024-05-20,10.95,10.98,10.95,10.98,12746.0,10.9598,158.0,VIA,current_symbol,,,,,different_security_or_issuer_before_listing_quarantined
VIA,2024-05-21,10.96,10.97,10.96,10.97,6045.0,10.9639,95.0,VIA,current_symbol,,,,,different_security_or_issuer_before_listing_quarantined
VIA,2024-05-22,10.96,10.98,10.9,10.96,22200.0,10.9601,160.0,VIA,current_symbol,,,,,different_security_or_issuer_before_listing_quarantined
VIA,2024-05-23,10.97,10.97,10.71,10.71,18213.0,10.86,177.0,VIA,current_symbol,,,,,different_security_or_issuer_before_listing_quarantined
VIA,2024-05-24,10.7,10.7,10.5,10.53,13443.0,10.5863,162.0,VIA,current_symbol,,,,,different_security_or_issuer_before_listing_quarantined
VIA,2024-05-28,10.54,10.9058,10.54,10.68,9929.0,10.6455,531.0,VIA,current_symbol,,,,,different_security_or_issuer_before_listing_quarantined
VIA,2024-05-29,10.56,10.6379,10.56,10.61,9484.0,10.5866,159.0,VIA,current_symbol,,,,,different_security_or_issuer_before_listing_quarantined
VIA,2024-05-30,10.6,10.73,10.6,10.6,7574.0,10.6235,201.0,VIA,current_symbol,,,,,different_security_or_issuer_before_listing_quarantined
VIA,2024-05-31,10.75,10.75,10.6,10.65,6892.0,10.6666,101.0,VIA,current_symbol,,,,,different_security_or_issuer_before_listing_quarantined
VIA,2024-06-03,10.6,10.91,10.6,10.81,17438.0,10.8183,309.0,VIA,current_symbol,,,,,different_security_or_issuer_before_listing_quarantined
VIA,2024-06-04,10.76,10.865,10.76,10.78,4870.0,10.8017,133.0,VIA,current_symbol,,,,,different_security_or_issuer_before_listing_quarantined
VIA,2024-06-05,10.77,10.79,10.64,10.68,12430.0,10.7334,180.0,VIA,current_symbol,,,,,different_security_or_issuer_before_listing_quarantined
VIA,2024-06-06,10.69,10.79,10.69,10.7,3023.0,10.7388,120.0,VIA,current_symbol,,,,,different_security_or_issuer_before_listing_quarantined
VIA,2024-06-07,10.69,11.01,10.69,10.985,64707.0,10.9449,352.0,VIA,current_symbol,,,,,different_security_or_issuer_before_listing_quarantined
VIA,2024-06-10,10.98,10.99,10.98,10.99,56060.0,10.9857,338.0,VIA,current_symbol,,,,,different_security_or_issuer_before_listing_quarantined
VIA,2024-06-11,10.98,10.99,10.98,10.985,17188.0,10.9814,245.0,VIA,current_symbol,,,,,different_security_or_issuer_before_listing_quarantined
VIA,2024-06-12,10.99,10.995,10.98,10.99,31943.0,10.9902,210.0,VIA,current_symbol,,,,,different_security_or_issuer_before_listing_quarantined
VIA,2024-06-13,10.99,11.0,10.99,10.995,37569.0,10.9929,213.0,VIA,current_symbol,,,,,different_security_or_issuer_before_listing_quarantined
XPER,2022-01-03,19.15,19.88,19.15,19.54,469952.0,19.558,5362.0,XPER,current_symbol,,,,,different_security_or_issuer_before_listing_quarantined
XPER,2022-01-04,19.47,19.71,19.03,19.64,760452.0,19.3249,7861.0,XPER,current_symbol,,,,,different_security_or_issuer_before_listing_quarantined
XPER,2022-01-05,19.62,19.9,19.11,19.13,302086.0,19.3874,4264.0,XPER,current_symbol,,,,,different_security_or_issuer_before_listing_quarantined
XPER,2022-01-06,19.07,19.345,18.88,18.95,497882.0,19.1216,4298.0,XPER,current_symbol,,,,,different_security_or_issuer_before_listing_quarantined
XPER,2022-01-07,18.97,19.22,18.59,18.68,335252.0,18.7112,3501.0,XPER,current_symbol,,,,,different_security_or_issuer_before_listing_quarantined
XPER,2022-01-10,18.52,18.6,18.12,18.56,325973.0,18.428,4981.0,XPER,current_symbol,,,,,different_security_or_issuer_before_listing_quarantined
XPER,2022-01-11,18.54,19.11,18.415,18.8,555492.0,18.8559,6406.0,XPER,current_symbol,,,,,different_security_or_issuer_before_listing_quarantined
XPER,2022-01-12,18.91,19.08,18.52,18.69,371915.0,18.7278,5214.0,XPER,current_symbol,,,,,different_security_or_issuer_before_listing_quarantined
XPER,2022-01-13,18.81,19.09,18.38,18.41,348855.0,18.5572,3892.0,XPER,current_symbol,,,,,different_security_or_issuer_before_listing_quarantined
XPER,2022-01-14,18.23,18.52,18.11,18.35,244473.0,18.2862,4376.0,XPER,current_symbol,,,,,different_security_or_issuer_before_listing_quarantined
XPER,2022-01-18,18.12,18.97,17.58,17.62,431033.0,17.7945,5860.0,XPER,current_symbol,,,,,different_security_or_issuer_before_listing_quarantined
XPER,2022-01-19,17.65,18.0,17.29,17.42,409999.0,17.4917,5191.0,XPER,current_symbol,,,,,different_security_or_issuer_before_listing_quarantined
XPER,2022-01-20,17.5,17.83,17.21,17.26,562021.0,17.513,5567.0,XPER,current_symbol,,,,,different_security_or_issuer_before_listing_quarantined
XPER,2022-01-21,17.09,17.81,17.07,17.21,724755.0,17.3576,7589.0,XPER,current_symbol,,,,,different_security_or_issuer_before_listing_quarantined
XPER,2022-01-24,16.96,17.44,16.58,17.35,688797.0,17.153,7472.0,XPER,current_symbol,,,,,different_security_or_issuer_before_listing_quarantined
XPER,2022-01-25,17.03,17.41,16.77,17.06,514803.0,17.0394,6980.0,XPER,current_symbol,,,,,different_security_or_issuer_before_listing_quarantined
XPER,2022-01-26,17.33,17.64,16.72,16.87,355347.0,17.0858,6729.0,XPER,current_symbol,,,,,different_security_or_issuer_before_listing_quarantined
XPER,2022-01-27,16.88,17.11,16.25,16.34,344698.0,16.4268,5046.0,XPER,current_symbol,,,,,different_security_or_issuer_before_listing_quarantined
XPER,2022-01-28,16.41,16.98,16.23,16.83,413315.0,16.5467,6171.0,XPER,current_symbol,,,,,different_security_or_issuer_before_listing_quarantined
XPER,2022-01-31,16.59,16.95,16.52,16.87,797456.0,16.8038,8923.0,XPER,current_symbol,,,,,different_security_or_issuer_before_listing_quarantined
XPER,2022-02-01,16.89,17.24,16.65,17.05,507634.0,17.0643,6788.0,XPER,current_symbol,,,,,different_security_or_issuer_before_listing_quarantined
XPER,2022-02-02,17.04,17.15,16.75,16.86,514921.0,16.8703,7766.0,XPER,current_symbol,,,,,different_security_or_issuer_before_listing_quarantined
XPER,2022-02-03,16.65,17.02,16.255,16.33,347441.0,16.4643,5172.0,XPER,current_symbol,,,,,different_security_or_issuer_before_listing_quarantined
XPER,2022-02-04,16.21,16.54,15.835,16.3,586161.0,16.2302,6472.0,XPER,current_symbol,,,,,different_security_or_issuer_before_listing_quarantined
XPER,2022-02-07,16.33,16.75,16.33,16.51,364138.0,16.5453,4832.0,XPER,current_symbol,,,,,different_security_or_issuer_before_listing_quarantined
XPER,2022-02-08,16.51,16.75,16.48,16.65,286997.0,16.638,4492.0,XPER,current_symbol,,,,,different_security_or_issuer_before_listing_quarantined
XPER,2022-02-09,16.79,16.96,16.67,16.79,271395.0,16.7684,4044.0,XPER,current_symbol,,,,,different_security_or_issuer_before_listing_quarantined
XPER,2022-02-10,16.43,16.815,16.43,16.55,690331.0,16.6125,6341.0,XPER,current_symbol,,,,,different_security_or_issuer_before_listing_quarantined
XPER,2022-02-11,16.6,16.87,16.39,16.54,548511.0,16.6073,6858.0,XPER,current_symbol,,,,,different_security_or_issuer_before_listing_quarantined
XPER,2022-02-14,16.55,16.77,16.35,16.43,473165.0,16.5059,5278.0,XPER,current_symbol,,,,,different_security_or_issuer_before_listing_quarantined
XPER,2022-02-15,16.485,17.18,16.485,17.15,460600.0,17.0538,4545.0,XPER,current_symbol,,,,,different_security_or_issuer_before_listing_quarantined
XPER,2022-02-16,17.17,17.49,17.03,17.42,306463.0,17.3238,4574.0,XPER,current_symbol,,,,,different_security_or_issuer_before_listing_quarantined
XPER,2022-02-17,17.12,17.37,16.925,17.05,311346.0,17.0515,4763.0,XPER,current_symbol,,,,,different_security_or_issuer_before_listing_quarantined
XPER,2022-02-18,16.95,17.02,16.4,16.41,490235.0,16.5622,6919.0,XPER,current_symbol,,,,,different_security_or_issuer_before_listing_quarantined
XPER,2022-02-22,16.31,16.87,16.22,16.56,430128.0,16.5681,7016.0,XPER,current_symbol,,,,,different_security_or_issuer_before_listing_quarantined
XPER,2022-02-23,16.73,17.24,16.16,16.34,697302.0,16.4313,9057.0,XPER,current_symbol,,,,,different_security_or_issuer_before_listing_quarantined
XPER,2022-02-24,16.0,16.43,15.72,16.21,1543742.0,16.1841,18742.0,XPER,current_symbol,,,,,different_security_or_issuer_before_listing_quarantined
XPER,2022-02-25,16.25,17.11,16.24,17.1,1041298.0,16.941,13750.0,XPER,current_symbol,,,,,different_security_or_issuer_before_listing_quarantined
XPER,2022-02-28,16.89,17.5,16.89,17.32,699884.0,17.2905,9432.0,XPER,current_symbol,,,,,different_security_or_issuer_before_listing_quarantined
XPER,2022-03-01,17.07,17.39,16.71,16.8,1018732.0,16.9036,11158.0,XPER,current_symbol,,,,,different_security_or_issuer_before_listing_quarantined
XPER,2022-03-02,16.6,17.27,16.495,17.2,695844.0,17.0556,9370.0,XPER,current_symbol,,,,,different_security_or_issuer_before_listing_quarantined
XPER,2022-03-03,17.22,17.23,16.68,16.86,436426.0,16.8756,6195.0,XPER,current_symbol,,,,,different_security_or_issuer_before_listing_quarantined
XPER,2022-03-04,16.71,16.89,16.49,16.57,374635.0,16.6093,5172.0,XPER,current_symbol,,,,,different_security_or_issuer_before_listing_quarantined
XPER,2022-03-07,16.58,16.73,16.09,16.14,408086.0,16.2748,6319.0,XPER,current_symbol,,,,,different_security_or_issuer_before_listing_quarantined
XPER,2022-03-08,16.15,16.39,15.83,15.84,718371.0,16.0837,8628.0,XPER,current_symbol,,,,,different_security_or_issuer_before_listing_quarantined
XPER,2022-03-09,16.16,16.65,16.1,16.48,801126.0,16.4434,8568.0,XPER,current_symbol,,,,,different_security_or_issuer_before_listing_quarantined
XPER,2022-03-10,16.21,16.48,16.08,16.3,712892.0,16.2748,9414.0,XPER,current_symbol,,,,,different_security_or_issuer_before_listing_quarantined
XPER,2022-03-11,16.44,16.74,16.18,16.69,549682.0,16.5789,7519.0,XPER,current_symbol,,,,,different_security_or_issuer_before_listing_quarantined
XPER,2022-03-14,16.87,16.975,16.29,16.41,510147.0,16.4535,7802.0,XPER,current_symbol,,,,,different_security_or_issuer_before_listing_quarantined
XPER,2022-03-15,16.47,16.85,16.13,16.73,557356.0,16.7034,7607.0,XPER,current_symbol,,,,,different_security_or_issuer_before_listing_quarantined
XPER,2022-03-16,16.87,17.26,16.67,17.08,466160.0,17.0306,7271.0,XPER,current_symbol,,,,,different_security_or_issuer_before_listing_quarantined
XPER,2022-03-17,16.91,17.335,16.91,17.23,425463.0,17.2127,6931.0,XPER,current_symbol,,,,,different_security_or_issuer_before_listing_quarantined
XPER,2022-03-18,17.23,17.83,17.07,17.74,1306109.0,17.5934,8610.0,XPER,current_symbol,,,,,different_security_or_issuer_before_listing_quarantined
XPER,2022-03-21,17.66,17.89,17.355,17.45,357020.0,17.5037,7118.0,XPER,current_symbol,,,,,different_security_or_issuer_before_listing_quarantined
XPER,2022-03-22,17.48,17.73,17.38,17.42,668324.0,17.4565,6990.0,XPER,current_symbol,,,,,different_security_or_issuer_before_listing_quarantined
XPER,2022-03-23,17.32,17.33,16.81,16.9,456462.0,16.9964,8143.0,XPER,current_symbol,,,,,different_security_or_issuer_before_listing_quarantined
XPER,2022-03-24,17.01,17.1884,16.77,17.17,343475.0,17.0755,6986.0,XPER,current_symbol,,,,,different_security_or_issuer_before_listing_quarantined
XPER,2022-03-25,17.24,17.41,17.04,17.13,372860.0,17.1594,7526.0,XPER,current_symbol,,,,,different_security_or_issuer_before_listing_quarantined
XPER,2022-03-28,17.07,17.275,17.02,17.19,480207.0,17.1647,7564.0,XPER,current_symbol,,,,,different_security_or_issuer_before_listing_quarantined
XPER,2022-03-29,17.44,17.79,17.3,17.64,637883.0,17.6586,8331.0,XPER,current_symbol,,,,,different_security_or_issuer_before_listing_quarantined
XPER,2022-03-30,17.51,17.75,17.185,17.38,339995.0,17.4701,5050.0,XPER,current_symbol,,,,,different_security_or_issuer_before_listing_quarantined
XPER,2022-03-31,17.34,17.48,17.16,17.32,417805.0,17.3163,5045.0,XPER,current_symbol,,,,,different_security_or_issuer_before_listing_quarantined
XPER,2022-04-01,17.4,17.53,17.25,17.49,416120.0,17.4253,5893.0,XPER,current_symbol,,,,,different_security_or_issuer_before_listing_quarantined
XPER,2022-04-04,17.47,17.54,17.18,17.33,362332.0,17.3233,6040.0,XPER,current_symbol,,,,,different_security_or_issuer_before_listing_quarantined
XPER,2022-04-05,17.27,17.39,16.43,16.59,455730.0,16.6396,7003.0,XPER,current_symbol,,,,,different_security_or_issuer_before_listing_quarantined
XPER,2022-04-06,16.37,16.44,15.96,16.12,496861.0,16.183,6759.0,XPER,current_symbol,,,,,different_security_or_issuer_before_listing_quarantined
XPER,2022-04-07,16.05,16.26,15.76,16.09,509522.0,16.0505,6834.0,XPER,current_symbol,,,,,different_security_or_issuer_before_listing_quarantined
XPER,2022-04-08,16.03,16.21,15.85,15.9,336988.0,15.9746,5414.0,XPER,current_symbol,,,,,different_security_or_issuer_before_listing_quarantined
XPER,2022-04-11,15.75,16.135,15.67,16.0,405948.0,15.9986,6336.0,XPER,current_symbol,,,,,different_security_or_issuer_before_listing_quarantined
XPER,2022-04-12,16.18,16.43,16.09,16.09,371527.0,16.1721,4738.0,XPER,current_symbol,,,,,different_security_or_issuer_before_listing_quarantined
XPER,2022-04-13,16.1,16.37,16.06,16.25,395364.0,16.2502,3791.0,XPER,current_symbol,,,,,different_security_or_issuer_before_listing_quarantined
XPER,2022-04-14,16.3,16.47,16.09,16.2,286255.0,16.1914,3745.0,XPER,current_symbol,,,,,different_security_or_issuer_before_listing_quarantined
XPER,2022-04-18,16.12,16.45,16.03,16.31,271167.0,16.2767,4764.0,XPER,current_symbol,,,,,different_security_or_issuer_before_listing_quarantined
XPER,2022-04-19,16.39,16.71,16.34,16.54,421258.0,16.5406,4053.0,XPER,current_symbol,,,,,different_security_or_issuer_before_listing_quarantined
XPER,2022-04-20,16.73,16.96,16.51,16.53,237120.0,16.6239,5432.0,XPER,current_symbol,,,,,different_security_or_issuer_before_listing_quarantined
XPER,2022-04-21,16.71,16.94,16.14,16.24,382386.0,16.3013,5249.0,XPER,current_symbol,,,,,different_security_or_issuer_before_listing_quarantined
XPER,2022-04-22,16.18,16.33,15.96,16.01,288135.0,16.0529,5076.0,XPER,current_symbol,,,,,different_security_or_issuer_before_listing_quarantined
XPER,2022-04-25,15.91,16.22,15.84,16.14,291401.0,16.0942,4257.0,XPER,current_symbol,,,,,different_security_or_issuer_before_listing_quarantined
XPER,2022-04-26,15.98,15.99,15.37,15.38,637630.0,15.463,5479.0,XPER,current_symbol,,,,,different_security_or_issuer_before_listing_quarantined
XPER,2022-04-27,15.33,15.535,15.18,15.26,346423.0,15.3233,6737.0,XPER,current_symbol,,,,,different_security_or_issuer_before_listing_quarantined
XPER,2022-04-28,15.49,15.84,15.25,15.81,260562.0,15.6687,4664.0,XPER,current_symbol,,,,,different_security_or_issuer_before_listing_quarantined
XPER,2022-04-29,15.76,15.98,15.46,15.6,349701.0,15.605,4131.0,XPER,current_symbol,,,,,different_security_or_issuer_before_listing_quarantined
XPER,2022-05-02,15.59,15.92,15.43,15.89,367041.0,15.7736,5259.0,XPER,current_symbol,,,,,different_security_or_issuer_before_listing_quarantined
XPER,2022-05-03,15.85,16.13,15.67,16.04,277280.0,16.0091,3942.0,XPER,current_symbol,,,,,different_security_or_issuer_before_listing_quarantined
XPER,2022-05-04,16.03,16.8,15.98,16.78,321657.0,16.5113,5010.0,XPER,current_symbol,,,,,different_security_or_issuer_before_listing_quarantined
XPER,2022-05-05,16.65,16.74,15.89,16.09,351118.0,16.2109,6526.0,XPER,current_symbol,,,,,different_security_or_issuer_before_listing_quarantined
XPER,2022-05-06,16.05,16.105,15.6,15.84,484824.0,15.8505,6361.0,XPER,current_symbol,,,,,different_security_or_issuer_before_listing_quarantined
XPER,2022-05-09,15.6,15.88,15.44,15.56,382445.0,15.5953,5976.0,XPER,current_symbol,,,,,different_security_or_issuer_before_listing_quarantined
XPER,2022-05-10,15.77,16.2,14.94,15.29,659854.0,15.3527,7518.0,XPER,current_symbol,,,,,different_security_or_issuer_before_listing_quarantined
XPER,2022-05-11,15.33,15.64,15.01,15.22,563701.0,15.2558,7703.0,XPER,current_symbol,,,,,different_security_or_issuer_before_listing_quarantined
XPER,2022-05-12,15.11,15.55,15.075,15.53,447629.0,15.3591,8614.0,XPER,current_symbol,,,,,different_security_or_issuer_before_listing_quarantined
XPER,2022-05-13,15.7,16.36,15.54,16.29,531987.0,16.1342,8830.0,XPER,current_symbol,,,,,different_security_or_issuer_before_listing_quarantined
XPER,2022-05-16,16.22,16.4,16.08,16.12,404839.0,16.1887,6358.0,XPER,current_symbol,,,,,different_security_or_issuer_before_listing_quarantined
XPER,2022-05-17,16.47,16.97,16.47,16.9,371706.0,16.8371,5593.0,XPER,current_symbol,,,,,different_security_or_issuer_before_listing_quarantined
XPER,2022-05-18,16.65,17.1399,16.3,16.79,783735.0,16.6936,8236.0,XPER,current_symbol,,,,,different_security_or_issuer_before_listing_quarantined
XPER,2022-05-19,16.75,17.1,16.705,16.78,501588.0,16.8593,6542.0,XPER,current_symbol,,,,,different_security_or_issuer_before_listing_quarantined
XPER,2022-05-20,17.01,17.01,16.12,16.64,377456.0,16.4915,6778.0,XPER,current_symbol,,,,,different_security_or_issuer_before_listing_quarantined
XPER,2022-05-23,16.81,16.91,16.425,16.52,431419.0,16.5444,7083.0,XPER,current_symbol,,,,,different_security_or_issuer_before_listing_quarantined
XPER,2022-05-24,16.43,16.4756,15.8,16.17,306215.0,16.0941,5751.0,XPER,current_symbol,,,,,different_security_or_issuer_before_listing_quarantined
XPER,2022-05-25,16.07,16.58,16.04,16.43,338546.0,16.3699,5756.0,XPER,current_symbol,,,,,different_security_or_issuer_before_listing_quarantined
XPER,2022-05-26,16.45,16.665,16.37,16.435,323843.0,16.4898,5353.0,XPER,current_symbol,,,,,different_security_or_issuer_before_listing_quarantined
XPER,2022-05-27,16.45,16.77,16.45,16.7,258025.0,16.6752,5602.0,XPER,current_symbol,,,,,different_security_or_issuer_before_listing_quarantined
XPER,2022-05-31,16.65,16.89,16.15,16.46,754283.0,16.4289,7449.0,XPER,current_symbol,,,,,different_security_or_issuer_before_listing_quarantined
XPER,2022-06-01,16.56,16.64,16.16,16.5,347068.0,16.443,7978.0,XPER,current_symbol,,,,,different_security_or_issuer_before_listing_quarantined
XPER,2022-06-02,16.47,16.95,16.47,16.94,313016.0,16.7822,6470.0,XPER,current_symbol,,,,,different_security_or_issuer_before_listing_quarantined
XPER,2022-06-03,16.83,16.84,16.47,16.5,387849.0,16.5746,6550.0,XPER,current_symbol,,,,,different_security_or_issuer_before_listing_quarantined
XPER,2022-06-06,16.63,16.71,16.43,16.58,214243.0,16.5906,6225.0,XPER,current_symbol,,,,,different_security_or_issuer_before_listing_quarantined
XPER,2022-06-07,16.41,16.69,16.34,16.66,554938.0,16.6172,4916.0,XPER,current_symbol,,,,,different_security_or_issuer_before_listing_quarantined
XPER,2022-06-08,16.59,16.6,16.27,16.35,320939.0,16.3889,6543.0,XPER,current_symbol,,,,,different_security_or_issuer_before_listing_quarantined
XPER,2022-06-09,16.21,16.61,15.96,15.99,298916.0,16.1227,5695.0,XPER,current_symbol,,,,,different_security_or_issuer_before_listing_quarantined
XPER,2022-06-10,15.81,16.13,15.55,15.62,363325.0,15.6673,6148.0,XPER,current_symbol,,,,,different_security_or_issuer_before_listing_quarantined
XPER,2022-06-13,15.16,15.41,14.53,14.62,537014.0,14.8155,8333.0,XPER,current_symbol,,,,,different_security_or_issuer_before_listing_quarantined
XPER,2022-06-14,14.59,14.72,13.615,13.91,1665468.0,13.9483,11959.0,XPER,current_symbol,,,,,different_security_or_issuer_before_listing_quarantined
XPER,2022-06-15,14.13,14.4,13.99,14.25,943978.0,14.1931,12931.0,XPER,current_symbol,,,,,different_security_or_issuer_before_listing_quarantined
XPER,2022-06-16,13.9,14.04,13.39,13.53,942472.0,13.5444,10684.0,XPER,current_symbol,,,,,different_security_or_issuer_before_listing_quarantined
XPER,2022-06-17,13.65,14.03,13.65,13.99,2350623.0,13.944,11188.0,XPER,current_symbol,,,,,different_security_or_issuer_before_listing_quarantined
XPER,2022-06-21,14.29,14.7486,14.0,14.14,663837.0,14.1453,9343.0,XPER,current_symbol,,,,,different_security_or_issuer_before_listing_quarantined
XPER,2022-06-22,13.93,14.3,13.93,14.21,402539.0,14.202,6355.0,XPER,current_symbol,,,,,different_security_or_issuer_before_listing_quarantined
XPER,2022-06-23,14.33,14.645,14.33,14.48,364229.0,14.4763,6242.0,XPER,current_symbol,,,,,different_security_or_issuer_before_listing_quarantined
XPER,2022-06-24,14.57,14.86,14.56,14.83,852696.0,14.7863,9074.0,XPER,current_symbol,,,,,different_security_or_issuer_before_listing_quarantined
XPER,2022-06-27,14.91,15.23,14.77,15.12,387071.0,15.1033,5974.0,XPER,current_symbol,,,,,different_security_or_issuer_before_listing_quarantined
XPER,2022-06-28,15.24,15.29,14.6,14.62,319411.0,14.7853,4686.0,XPER,current_symbol,,,,,different_security_or_issuer_before_listing_quarantined
XPER,2022-06-29,14.57,14.67,14.325,14.65,341018.0,14.5747,5619.0,XPER,current_symbol,,,,,different_security_or_issuer_before_listing_quarantined
XPER,2022-06-30,14.4,14.715,14.25,14.43,475881.0,14.4434,6971.0,XPER,current_symbol,,,,,different_security_or_issuer_before_listing_quarantined
XPER,2022-07-01,14.35,14.49,14.04,14.33,426869.0,14.2964,6350.0,XPER,current_symbol,,,,,different_security_or_issuer_before_listing_quarantined
XPER,2022-07-05,14.0,15.0,13.99,14.98,746103.0,14.7092,10007.0,XPER,current_symbol,,,,,different_security_or_issuer_before_listing_quarantined
XPER,2022-07-06,14.98,14.98,14.34,14.53,425825.0,14.532,7690.0,XPER,current_symbol,,,,,different_security_or_issuer_before_listing_quarantined
XPER,2022-07-07,14.69,15.07,14.69,14.9,323139.0,14.907,4935.0,XPER,current_symbol,,,,,different_security_or_issuer_before_listing_quarantined
XPER,2022-07-08,14.8,15.1,14.73,14.99,335624.0,14.9508,5016.0,XPER,current_symbol,,,,,different_security_or_issuer_before_listing_quarantined
XPER,2022-07-11,14.92,15.01,14.81,14.99,401422.0,14.9426,5212.0,XPER,current_symbol,,,,,different_security_or_issuer_before_listing_quarantined
XPER,2022-07-12,15.02,15.25,14.79,14.89,345373.0,14.9363,5465.0,XPER,current_symbol,,,,,different_security_or_issuer_before_listing_quarantined
XPER,2022-07-13,14.72,15.14,14.63,14.89,324495.0,14.851,4234.0,XPER,current_symbol,,,,,different_security_or_issuer_before_listing_quarantined
XPER,2022-07-14,14.73,14.98,14.37,14.55,282091.0,14.5538,4664.0,XPER,current_symbol,,,,,different_security_or_issuer_before_listing_quarantined
XPER,2022-07-15,14.95,14.95,14.5,14.8,404620.0,14.7731,6021.0,XPER,current_symbol,,,,,different_security_or_issuer_before_listing_quarantined
XPER,2022-07-18,14.97,15.12,14.76,14.83,489044.0,14.8746,4879.0,XPER,current_symbol,,,,,different_security_or_issuer_before_listing_quarantined
XPER,2022-07-19,15.14,15.515,15.14,15.45,393520.0,15.4061,5251.0,XPER,current_symbol,,,,,different_security_or_issuer_before_listing_quarantined
XPER,2022-07-20,15.42,16.09,15.42,16.02,404792.0,15.9501,5882.0,XPER,current_symbol,,,,,different_security_or_issuer_before_listing_quarantined
XPER,2022-07-21,16.0,16.22,15.89,16.2,384790.0,16.1337,5582.0,XPER,current_symbol,,,,,different_security_or_issuer_before_listing_quarantined
XPER,2022-07-22,16.16,16.24,15.895,15.95,356334.0,16.0041,5317.0,XPER,current_symbol,,,,,different_security_or_issuer_before_listing_quarantined
XPER,2022-07-25,15.94,16.07,15.59,15.74,376716.0,15.7658,4644.0,XPER,current_symbol,,,,,different_security_or_issuer_before_listing_quarantined
XPER,2022-07-26,15.85,15.9,15.55,15.88,243437.0,15.8005,4228.0,XPER,current_symbol,,,,,different_security_or_issuer_before_listing_quarantined
XPER,2022-07-27,15.91,16.665,15.91,16.58,371720.0,16.4482,6003.0,XPER,current_symbol,,,,,different_security_or_issuer_before_listing_quarantined
XPER,2022-07-28,16.55,16.73,16.37,16.64,347609.0,16.5942,5032.0,XPER,current_symbol,,,,,different_security_or_issuer_before_listing_quarantined
XPER,2022-07-29,16.59,16.8,16.44,16.76,360302.0,16.7002,4858.0,XPER,current_symbol,,,,,different_security_or_issuer_before_listing_quarantined
XPER,2022-08-01,16.61,16.99,16.6,16.88,370485.0,16.8705,7047.0,XPER,current_symbol,,,,,different_security_or_issuer_before_listing_quarantined
XPER,2022-08-02,16.7,16.73,16.36,16.36,372861.0,16.4826,6241.0,XPER,current_symbol,,,,,different_security_or_issuer_before_listing_quarantined
XPER,2022-08-03,16.46,17.16,16.46,16.95,442123.0,16.9513,6507.0,XPER,current_symbol,,,,,different_security_or_issuer_before_listing_quarantined
XPER,2022-08-04,16.89,17.01,16.63,16.65,413668.0,16.7216,5585.0,XPER,current_symbol,,,,,different_security_or_issuer_before_listing_quarantined
XPER,2022-08-05,16.45,16.82,16.01,16.63,473810.0,16.6334,4954.0,XPER,current_symbol,,,,,different_security_or_issuer_before_listing_quarantined
XPER,2022-08-08,16.61,16.89,16.28,16.41,371105.0,16.4566,4933.0,XPER,current_symbol,,,,,different_security_or_issuer_before_listing_quarantined
XPER,2022-08-09,15.77,16.35,15.72,15.97,1079643.0,15.979,8112.0,XPER,current_symbol,,,,,different_security_or_issuer_before_listing_quarantined
XPER,2022-08-10,16.21,16.415,16.09,16.17,413198.0,16.2055,5952.0,XPER,current_symbol,,,,,different_security_or_issuer_before_listing_quarantined
XPER,2022-08-11,16.22,16.42,16.08,16.19,338655.0,16.217,4571.0,XPER,current_symbol,,,,,different_security_or_issuer_before_listing_quarantined
XPER,2022-08-12,16.32,16.47,16.19,16.34,280134.0,16.3427,4178.0,XPER,current_symbol,,,,,different_security_or_issuer_before_listing_quarantined
XPER,2022-08-15,16.26,16.69,16.24,16.5,356281.0,16.4765,5989.0,XPER,current_symbol,,,,,different_security_or_issuer_before_listing_quarantined
XPER,2022-08-16,16.36,16.71,16.36,16.65,388594.0,16.6035,6993.0,XPER,current_symbol,,,,,different_security_or_issuer_before_listing_quarantined
XPER,2022-08-17,16.41,16.51,16.13,16.29,395293.0,16.2902,6257.0,XPER,current_symbol,,,,,different_security_or_issuer_before_listing_quarantined
XPER,2022-08-18,16.33,16.67,16.26,16.64,292723.0,16.5577,4540.0,XPER,current_symbol,,,,,different_security_or_issuer_before_listing_quarantined
XPER,2022-08-19,16.5,16.63,16.29,16.4,317750.0,16.4111,4521.0,XPER,current_symbol,,,,,different_security_or_issuer_before_listing_quarantined
XPER,2022-08-22,16.18,16.38,16.14,16.21,387829.0,16.2513,6382.0,XPER,current_symbol,,,,,different_security_or_issuer_before_listing_quarantined
XPER,2022-08-23,16.18,16.25,16.06,16.12,317804.0,16.1646,4989.0,XPER,current_symbol,,,,,different_security_or_issuer_before_listing_quarantined
XPER,2022-08-24,16.12,16.19,15.99,16.03,319520.0,16.048,5138.0,XPER,current_symbol,,,,,different_security_or_issuer_before_listing_quarantined
XPER,2022-08-25,16.05,16.35,16.03,16.31,287724.0,16.2775,6119.0,XPER,current_symbol,,,,,different_security_or_issuer_before_listing_quarantined
XPER,2022-08-26,16.26,16.26,15.61,15.78,309605.0,15.7968,4980.0,XPER,current_symbol,,,,,different_security_or_issuer_before_listing_quarantined
XPER,2022-08-29,15.6,15.86,15.55,15.68,301272.0,15.7045,5157.0,XPER,current_symbol,,,,,different_security_or_issuer_before_listing_quarantined
XPER,2022-08-30,15.8,16.395,15.79,16.39,569200.0,16.2583,8281.0,XPER,current_symbol,,,,,different_security_or_issuer_before_listing_quarantined
XPER,2022-08-31,16.36,16.45,15.85,15.91,946846.0,15.9494,10032.0,XPER,current_symbol,,,,,different_security_or_issuer_before_listing_quarantined
XPER,2022-09-01,15.59,15.79,15.17,15.66,843623.0,15.5221,11552.0,XPER,current_symbol,,,,,different_security_or_issuer_before_listing_quarantined
XPER,2022-09-02,15.73,15.99,15.5,15.63,490205.0,15.7199,7917.0,XPER,current_symbol,,,,,different_security_or_issuer_before_listing_quarantined
XPER,2022-09-06,15.56,15.69,15.18,15.34,557608.0,15.3745,8866.0,XPER,current_symbol,,,,,different_security_or_issuer_before_listing_quarantined
XPER,2022-09-07,15.24,15.42,15.05,15.25,484026.0,15.2021,7598.0,XPER,current_symbol,,,,,different_security_or_issuer_before_listing_quarantined
XPER,2022-09-08,15.07,15.27,14.88,15.26,531218.0,15.1032,7127.0,XPER,current_symbol,,,,,different_security_or_issuer_before_listing_quarantined
XPER,2022-09-09,15.31,15.48,15.02,15.06,392228.0,15.1554,5740.0,XPER,current_symbol,,,,,different_security_or_issuer_before_listing_quarantined
XPER,2022-09-12,15.21,15.35,15.055,15.23,438600.0,15.2078,6214.0,XPER,current_symbol,,,,,different_security_or_issuer_before_listing_quarantined
XPER,2022-09-13,14.78,14.9,14.56,14.63,475490.0,14.6933,6740.0,XPER,current_symbol,,,,,different_security_or_issuer_before_listing_quarantined
XPER,2022-09-14,14.59,14.755,14.3799,14.72,471297.0,14.6569,6391.0,XPER,current_symbol,,,,,different_security_or_issuer_before_listing_quarantined
XPER,2022-09-15,14.61,14.85,14.54,14.78,434411.0,14.7444,7539.0,XPER,current_symbol,,,,,different_security_or_issuer_before_listing_quarantined
XPER,2022-09-16,14.7,14.87,14.44,14.8,1054485.0,14.7373,7589.0,XPER,current_symbol,,,,,different_security_or_issuer_before_listing_quarantined
XPER,2022-09-19,14.64,14.8,14.46,14.53,499594.0,14.5631,6020.0,XPER,current_symbol,,,,,different_security_or_issuer_before_listing_quarantined
