date,portfolio_value,daily_pnl,transaction_costs,portfolio_return,soybeans_signal,soybeans_position
2003-09-24,1000000.0,0.0,0.0,0.0,0.0,0.0
2003-09-25,1000000.0,0.0,0.0,0.0,0.0,0.0
2003-09-26,1000000.0,0.0,0.0,0.0,0.0,0.0
2003-09-29,1000000.0,0.0,0.0,0.0,0.0,0.0
2003-09-30,1000000.0,0.0,0.0,0.0,0.0,0.0
2003-10-01,1000000.0,0.0,0.0,0.0,0.0,0.0
2003-10-02,1000000.0,0.0,0.0,0.0,0.0,0.0
2003-10-03,1000000.0,0.0,0.0,0.0,0.0,0.0
2003-10-06,1000000.0,0.0,0.0,0.0,0.0,0.0
2003-10-07,1000000.0,0.0,0.0,0.0,0.0,0.0
2003-10-08,1000000.0,0.0,0.0,0.0,0.0,0.0
2003-10-09,1000000.0,0.0,0.0,0.0,0.0,0.0
2003-10-10,1000000.0,0.0,0.0,0.0,0.0,0.0
2003-10-13,1000000.0,0.0,0.0,0.0,0.0,0.0
2003-10-14,1000000.0,0.0,0.0,0.0,0.0,0.0
2003-10-15,1000000.0,0.0,0.0,0.0,0.0,0.0
2003-10-16,1000000.0,0.0,0.0,0.0,0.0,0.0
2003-10-17,1000000.0,0.0,0.0,0.0,0.0,0.0
2003-10-20,1000000.0,0.0,0.0,0.0,0.0,0.0
2003-10-21,1000000.0,0.0,0.0,0.0,0.0,0.0
2003-10-22,1000000.0,0.0,0.0,0.0,0.0,0.0
2003-10-23,1000000.0,0.0,0.0,0.0,0.0,0.0
2003-10-24,1000000.0,0.0,0.0,0.0,0.0,0.0
2003-10-27,1000000.0,0.0,0.0,0.0,0.0,0.0
2003-10-28,1000000.0,0.0,0.0,0.0,0.0,0.0
2003-10-29,1000000.0,0.0,0.0,0.0,0.0,0.0
2003-10-30,1000000.0,0.0,0.0,0.0,0.0,0.0
2003-10-31,1000000.0,0.0,0.0,0.0,0.0,0.0
2003-11-03,1000000.0,0.0,0.0,0.0,0.0,0.0
2003-11-04,1000000.0,0.0,0.0,0.0,0.0,0.0
2003-11-05,1000000.0,0.0,0.0,0.0,0.0,0.0
2003-11-06,1000000.0,0.0,0.0,0.0,0.0,0.0
2003-11-07,1000000.0,0.0,0.0,0.0,0.0,0.0
2003-11-10,1000000.0,0.0,0.0,0.0,0.0,0.0
2003-11-11,1000000.0,0.0,0.0,0.0,0.0,0.0
2003-11-12,1000000.0,0.0,0.0,0.0,0.0,0.0
2003-11-13,1000000.0,0.0,0.0,0.0,0.0,0.0
2003-11-14,1000000.0,0.0,0.0,0.0,0.0,0.0
2003-11-17,1000000.0,0.0,0.0,0.0,0.0,0.0
2003-11-18,1000000.0,0.0,0.0,0.0,0.0,0.0
2003-11-19,1000000.0,0.0,0.0,0.0,0.0,0.0
2003-11-20,1000000.0,0.0,0.0,0.0,0.0,0.0
2003-11-21,1000000.0,0.0,0.0,0.0,0.0,0.0
2003-11-24,1000000.0,0.0,0.0,0.0,0.0,0.0
2003-11-25,1000000.0,0.0,0.0,0.0,0.0,0.0
2003-11-26,1000000.0,0.0,0.0,0.0,0.0,0.0
2003-11-28,1000000.0,0.0,0.0,0.0,0.0,0.0
2003-12-01,1000000.0,0.0,0.0,0.0,0.0,0.0
2003-12-02,1000000.0,0.0,0.0,0.0,0.0,0.0
2003-12-03,1000000.0,0.0,0.0,0.0,0.0,0.0
2003-12-04,1000000.0,0.0,0.0,0.0,0.0,0.0
2003-12-05,1000000.0,0.0,0.0,0.0,0.0,0.0
2003-12-08,1000000.0,0.0,0.0,0.0,0.0,0.0
2003-12-09,1000000.0,0.0,0.0,0.0,0.0,0.0
2003-12-10,1000000.0,0.0,0.0,0.0,0.0,0.0
2003-12-11,1000000.0,0.0,0.0,0.0,0.0,0.0
2003-12-12,1000000.0,0.0,0.0,0.0,0.0,0.0
2003-12-15,1000000.0,0.0,0.0,0.0,0.0,0.0
2003-12-16,1000000.0,0.0,0.0,0.0,0.0,0.0
2003-12-17,1000000.0,0.0,0.0,0.0,0.0,0.0
2003-12-18,1000000.0,0.0,0.0,0.0,0.0,0.0
2003-12-19,1000000.0,0.0,0.0,0.0,0.0,0.0
2003-12-22,1000000.0,0.0,0.0,0.0,0.0,0.0
2003-12-23,1000000.0,0.0,0.0,0.0,0.0,0.0
2003-12-24,1000000.0,0.0,0.0,0.0,0.0,0.0
2003-12-26,1000000.0,0.0,0.0,0.0,0.0,0.0
2003-12-29,1000000.0,0.0,0.0,0.0,0.0,0.0
2003-12-30,1000000.0,0.0,0.0,0.0,0.0,0.0
2003-12-31,1000000.0,0.0,0.0,0.0,0.0,0.0
2004-01-02,1000000.0,0.0,0.0,0.0,0.0,0.0
2004-01-05,1000000.0,0.0,0.0,0.0,0.0,0.0
2004-01-06,1000000.0,0.0,0.0,0.0,0.0,0.0
2004-01-07,1000000.0,0.0,0.0,0.0,0.0,0.0
2004-01-08,1000000.0,0.0,0.0,0.0,0.0,0.0
2004-01-09,1000000.0,0.0,0.0,0.0,0.0,0.0
2004-01-12,1000000.0,0.0,0.0,0.0,0.0,0.0
2004-01-13,1000000.0,0.0,0.0,0.0,0.0,0.0
2004-01-14,1000000.0,0.0,0.0,0.0,0.0,0.0
2004-01-15,1000000.0,0.0,0.0,0.0,0.0,0.0
2004-01-16,1000000.0,0.0,0.0,0.0,0.0,0.0
2004-01-20,1000000.0,0.0,0.0,0.0,0.0,0.0
2004-01-21,1000000.0,0.0,0.0,0.0,0.0,0.0
2004-01-22,1000000.0,0.0,0.0,0.0,0.0,0.0
2004-01-23,1000000.0,0.0,0.0,0.0,0.0,0.0
2004-01-26,1000000.0,0.0,0.0,0.0,0.0,0.0
2004-01-27,1000000.0,0.0,0.0,0.0,0.0,0.0
2004-01-28,1000000.0,0.0,0.0,0.0,0.0,0.0
2004-01-29,1000000.0,0.0,0.0,0.0,0.0,0.0
2004-01-30,1000000.0,0.0,0.0,0.0,0.0,0.0
2004-02-02,1000000.0,0.0,0.0,0.0,0.0,0.0
2004-02-03,1000000.0,0.0,0.0,0.0,0.0,0.0
2004-02-04,1000000.0,0.0,0.0,0.0,0.0,0.0
2004-02-05,1000000.0,0.0,0.0,0.0,0.0,0.0
2004-02-06,1000000.0,0.0,0.0,0.0,0.0,0.0
2004-02-09,1000000.0,0.0,0.0,0.0,0.0,0.0
2004-02-10,1000000.0,0.0,0.0,0.0,0.0,0.0
2004-02-11,1000000.0,0.0,0.0,0.0,0.0,0.0
2004-02-12,1000000.0,0.0,0.0,0.0,0.0,0.0
2004-02-13,1000000.0,0.0,0.0,0.0,0.0,0.0
2004-02-17,1000000.0,0.0,0.0,0.0,0.0,0.0
2004-02-18,1000000.0,0.0,0.0,0.0,0.0,0.0
2004-02-19,1000000.0,0.0,0.0,0.0,0.0,0.0
2004-02-20,1000000.0,0.0,0.0,0.0,0.0,0.0
2004-02-23,1000000.0,0.0,0.0,0.0,0.0,0.0
2004-02-24,1000000.0,0.0,0.0,0.0,0.0,0.0
2004-02-25,1000000.0,0.0,0.0,0.0,0.0,0.0
2004-02-26,1000000.0,0.0,0.0,0.0,0.0,0.0
2004-02-27,1000000.0,0.0,0.0,0.0,0.0,0.0
2004-03-01,1000000.0,0.0,0.0,0.0,0.0,0.0
2004-03-02,1000000.0,0.0,0.0,0.0,0.0,0.0
2004-03-03,1000000.0,0.0,0.0,0.0,0.0,0.0
2004-03-04,1000000.0,0.0,0.0,0.0,0.0,0.0
2004-03-05,1000000.0,0.0,0.0,0.0,0.0,0.0
2004-03-08,1000000.0,0.0,0.0,0.0,0.0,0.0
2004-03-09,1000000.0,0.0,0.0,0.0,0.0,0.0
2004-03-10,1000000.0,0.0,0.0,0.0,0.0,0.0
2004-03-11,1000000.0,0.0,0.0,0.0,0.0,0.0
2004-03-12,1000000.0,0.0,0.0,0.0,0.0,0.0
2004-03-15,1000000.0,0.0,0.0,0.0,0.0,0.0
2004-03-16,1000000.0,0.0,0.0,0.0,0.0,0.0
2004-03-17,1000000.0,0.0,0.0,0.0,0.0,0.0
2004-03-18,1000000.0,0.0,0.0,0.0,0.0,0.0
2004-03-19,1000000.0,0.0,0.0,0.0,0.0,0.0
2004-03-22,1000000.0,0.0,0.0,0.0,0.0,0.0
2004-03-23,1000000.0,0.0,0.0,0.0,0.0,0.0
2004-03-24,1000000.0,0.0,0.0,0.0,0.0,0.0
2004-03-25,1000000.0,0.0,0.0,0.0,0.0,0.0
2004-03-26,1000000.0,0.0,0.0,0.0,0.0,0.0
2004-03-29,1000000.0,0.0,0.0,0.0,0.0,0.0
2004-03-30,1000000.0,0.0,0.0,0.0,0.0,0.0
2004-03-31,1000000.0,0.0,0.0,0.0,0.0,0.0
2004-04-01,1000000.0,0.0,0.0,0.0,0.0,0.0
2004-04-02,1000000.0,0.0,0.0,0.0,0.0,0.0
2004-04-05,1000000.0,0.0,0.0,0.0,0.0,0.0
2004-04-06,1000000.0,0.0,0.0,0.0,0.0,0.0
2004-04-07,1000000.0,0.0,0.0,0.0,0.0,0.0
2004-04-08,1000000.0,0.0,0.0,0.0,0.0,0.0
2004-04-12,1000000.0,0.0,0.0,0.0,0.0,0.0
2004-04-13,1000000.0,0.0,0.0,0.0,0.0,0.0
2004-04-14,1000000.0,0.0,0.0,0.0,0.0,0.0
2004-04-15,1000000.0,0.0,0.0,0.0,0.0,0.0
2004-04-16,1000000.0,0.0,0.0,0.0,0.0,0.0
2004-04-19,1000000.0,0.0,0.0,0.0,0.0,0.0
2004-04-20,1000000.0,0.0,0.0,0.0,0.0,0.0
2004-04-21,1000000.0,0.0,0.0,0.0,0.0,0.0
2004-04-22,1000000.0,0.0,0.0,0.0,0.0,0.0
2004-04-23,1000000.0,0.0,0.0,0.0,0.0,0.0
2004-04-26,1000000.0,0.0,0.0,0.0,0.0,0.0
2004-04-27,1000000.0,0.0,0.0,0.0,0.0,0.0
2004-04-28,1000000.0,0.0,0.0,0.0,0.0,0.0
2004-04-29,1000000.0,0.0,0.0,0.0,0.0,0.0
2004-04-30,1000000.0,0.0,0.0,0.0,0.0,0.0
2004-05-03,1000000.0,0.0,0.0,0.0,0.0,0.0
2004-05-04,1000000.0,0.0,0.0,0.0,0.0,0.0
2004-05-05,1000000.0,0.0,0.0,0.0,0.0,0.0
2004-05-06,1000000.0,0.0,0.0,0.0,0.0,0.0
2004-05-07,1000000.0,0.0,0.0,0.0,0.0,0.0
2004-05-10,1000000.0,0.0,0.0,0.0,0.0,0.0
2004-05-11,1000000.0,0.0,0.0,0.0,0.0,0.0
2004-05-12,1000000.0,0.0,0.0,0.0,0.0,0.0
2004-05-13,1000000.0,0.0,0.0,0.0,0.0,0.0
2004-05-14,1000000.0,0.0,0.0,0.0,0.0,0.0
2004-05-17,1000000.0,0.0,0.0,0.0,0.0,0.0
2004-05-18,1000000.0,0.0,0.0,0.0,0.0,0.0
2004-05-19,1000000.0,0.0,0.0,0.0,0.0,0.0
2004-05-20,1000000.0,0.0,0.0,0.0,0.0,0.0
2004-05-21,1000000.0,0.0,0.0,0.0,0.0,0.0
2004-05-24,1000000.0,0.0,0.0,0.0,0.0,0.0
2004-05-25,1000000.0,0.0,0.0,0.0,0.0,0.0
2004-05-26,1000000.0,0.0,0.0,0.0,0.0,0.0
2004-05-27,1000000.0,0.0,0.0,0.0,0.0,0.0
2004-05-28,1000000.0,0.0,0.0,0.0,0.0,0.0
2004-06-01,1000000.0,0.0,0.0,0.0,0.0,0.0
2004-06-02,1000000.0,0.0,0.0,0.0,0.0,0.0
2004-06-03,1000000.0,0.0,0.0,0.0,0.0,0.0
2004-06-04,1000000.0,0.0,0.0,0.0,0.0,0.0
2004-06-07,1000000.0,0.0,0.0,0.0,0.0,0.0
2004-06-08,1000000.0,0.0,0.0,0.0,0.0,0.0
2004-06-09,1000000.0,0.0,0.0,0.0,0.0,0.0
2004-06-10,1000000.0,0.0,0.0,0.0,0.0,0.0
2004-06-11,1000000.0,0.0,0.0,0.0,0.0,0.0
2004-06-14,1000000.0,0.0,0.0,0.0,0.0,0.0
2004-06-15,1000000.0,0.0,0.0,0.0,0.0,0.0
2004-06-16,1000000.0,0.0,0.0,0.0,0.0,0.0
2004-06-17,1000000.0,0.0,0.0,0.0,0.0,0.0
2004-06-18,1000000.0,0.0,0.0,0.0,0.0,0.0
2004-06-21,1000000.0,0.0,0.0,0.0,0.0,0.0
2004-06-22,1000000.0,0.0,0.0,0.0,0.0,0.0
2004-06-23,1000000.0,0.0,0.0,0.0,0.0,0.0
2004-06-24,1000000.0,0.0,0.0,0.0,0.0,0.0
2004-06-25,1000000.0,0.0,0.0,0.0,0.0,0.0
2004-06-28,1000000.0,0.0,0.0,0.0,0.0,0.0
2004-06-29,999500.0,0.0,500.0,-0.0005,2.6621013944545107,0.5
2004-06-30,998661.9619899385,-838.0380100614868,0.0,-0.0008377548170901983,2.383931910004882,0.5
2004-07-01,1021307.991923081,22646.029933142505,0.0,0.023202520767688344,2.203139060072668,0.5
2004-07-02,1024590.1815061225,3282.189583041503,0.0,0.0032240730789897904,1.885473230169316,0.5
2004-07-06,1046401.5744067318,21811.392900609313,0.0,0.021750951604132682,1.6190202921194263,0.5
2004-07-07,1036786.8585622595,-9614.715844472268,0.0,-0.009104704097116844,1.5032342486530488,0.5
2004-07-08,1042717.5166195579,5930.658057298416,0.0,0.005753138075313807,1.4469477587314177,0.5
2004-07-09,1032799.6379267754,-9917.878692782428,0.0,-0.009421950598421188,1.223141569282767,0.5
2004-07-12,1023597.544716736,-9202.093210039402,0.0,-0.00883116883116883,0.4197031510975092,0.5
2004-07-13,1009396.0846512957,-14201.460065440306,0.0,-0.013684210526315788,0.2317370219173319,0.5
2004-07-14,982022.1714028296,-26869.215206140416,504.69804232564786,-0.026415931569099167,0.0,0.0
2004-07-15,982022.1714028296,0.0,0.0,0.0,0.0,0.0
2004-07-16,982022.1714028296,0.0,0.0,0.0,0.0,0.0
2004-07-19,982022.1714028296,0.0,0.0,0.0,0.0,0.0
2004-07-20,982022.1714028296,0.0,0.0,0.0,0.0,0.0
2004-07-21,982022.1714028296,0.0,0.0,0.0,0.0,0.0
2004-07-22,982022.1714028296,0.0,0.0,0.0,0.0,0.0
2004-07-23,982022.1714028296,0.0,0.0,0.0,0.0,0.0
2004-07-26,982022.1714028296,0.0,0.0,0.0,0.0,0.0
2004-07-27,982022.1714028296,0.0,0.0,0.0,0.0,0.0
2004-07-28,982022.1714028296,0.0,0.0,0.0,0.0,0.0
2004-07-29,982022.1714028296,0.0,0.0,0.0,0.0,0.0
2004-07-30,982022.1714028296,0.0,0.0,0.0,0.0,0.0
2004-08-02,982022.1714028296,0.0,0.0,0.0,0.0,0.0
2004-08-03,982022.1714028296,0.0,0.0,0.0,0.0,0.0
2004-08-04,982022.1714028296,0.0,0.0,0.0,0.0,0.0
2004-08-05,982022.1714028296,0.0,0.0,0.0,0.0,0.0
2004-08-06,982022.1714028296,0.0,0.0,0.0,0.0,0.0
2004-08-09,982022.1714028296,0.0,0.0,0.0,0.0,0.0
2004-08-10,982022.1714028296,0.0,0.0,0.0,0.0,0.0
2004-08-11,982022.1714028296,0.0,0.0,0.0,0.0,0.0
2004-08-12,982022.1714028296,0.0,0.0,0.0,0.0,0.0
2004-08-13,982022.1714028296,0.0,0.0,0.0,0.0,0.0
2004-08-16,982022.1714028296,0.0,0.0,0.0,0.0,0.0
2004-08-17,982022.1714028296,0.0,0.0,0.0,0.0,0.0
2004-08-18,982022.1714028296,0.0,0.0,0.0,0.0,0.0
2004-08-19,982022.1714028296,0.0,0.0,0.0,0.0,0.0
2004-08-20,982022.1714028296,0.0,0.0,0.0,0.0,0.0
2004-08-23,982022.1714028296,0.0,0.0,0.0,0.0,0.0
2004-08-24,982022.1714028296,0.0,0.0,0.0,0.0,0.0
2004-08-25,982022.1714028296,0.0,0.0,0.0,0.0,0.0
2004-08-26,982022.1714028296,0.0,0.0,0.0,0.0,0.0
2004-08-27,982022.1714028296,0.0,0.0,0.0,0.0,0.0
2004-08-30,982022.1714028296,0.0,0.0,0.0,0.0,0.0
2004-08-31,982022.1714028296,0.0,0.0,0.0,0.0,0.0
2004-09-01,982022.1714028296,0.0,0.0,0.0,0.0,0.0
2004-09-02,982022.1714028296,0.0,0.0,0.0,0.0,0.0
2004-09-03,982022.1714028296,0.0,0.0,0.0,0.0,0.0
2004-09-07,982022.1714028296,0.0,0.0,0.0,0.0,0.0
2004-09-08,982022.1714028296,0.0,0.0,0.0,0.0,0.0
2004-09-09,982022.1714028296,0.0,0.0,0.0,0.0,0.0
2004-09-10,982022.1714028296,0.0,0.0,0.0,0.0,0.0
2004-09-13,982022.1714028296,0.0,0.0,0.0,0.0,0.0
2004-09-14,982022.1714028296,0.0,0.0,0.0,0.0,0.0
2004-09-15,982022.1714028296,0.0,0.0,0.0,0.0,0.0
2004-09-16,982022.1714028296,0.0,0.0,0.0,0.0,0.0
2004-09-17,982022.1714028296,0.0,0.0,0.0,0.0,0.0
2004-09-20,982022.1714028296,0.0,0.0,0.0,0.0,0.0
2004-09-21,982022.1714028296,0.0,0.0,0.0,0.0,0.0
2004-09-22,982022.1714028296,0.0,0.0,0.0,0.0,0.0
2004-09-23,982022.1714028296,0.0,0.0,0.0,0.0,0.0
2004-09-24,982022.1714028296,0.0,0.0,0.0,0.0,0.0
2004-09-27,982022.1714028296,0.0,0.0,0.0,0.0,0.0
2004-09-28,982022.1714028296,0.0,0.0,0.0,0.0,0.0
2004-09-29,982022.1714028296,0.0,0.0,0.0,0.0,0.0
2004-09-30,982022.1714028296,0.0,0.0,0.0,0.0,0.0
2004-10-01,982022.1714028296,0.0,0.0,0.0,0.0,0.0
2004-10-04,982022.1714028296,0.0,0.0,0.0,0.0,0.0
2004-10-05,982022.1714028296,0.0,0.0,0.0,0.0,0.0
2004-10-06,982022.1714028296,0.0,0.0,0.0,0.0,0.0
2004-10-07,982022.1714028296,0.0,0.0,0.0,0.0,0.0
2004-10-08,982022.1714028296,0.0,0.0,0.0,0.0,0.0
2004-10-11,982022.1714028296,0.0,0.0,0.0,0.0,0.0
2004-10-12,982022.1714028296,0.0,0.0,0.0,0.0,0.0
2004-10-13,982022.1714028296,0.0,0.0,0.0,0.0,0.0
2004-10-14,982022.1714028296,0.0,0.0,0.0,0.0,0.0
2004-10-15,982022.1714028296,0.0,0.0,0.0,0.0,0.0
2004-10-18,982022.1714028296,0.0,0.0,0.0,0.0,0.0
2004-10-19,982022.1714028296,0.0,0.0,0.0,0.0,0.0
2004-10-20,982022.1714028296,0.0,0.0,0.0,0.0,0.0
2004-10-21,982022.1714028296,0.0,0.0,0.0,0.0,0.0
2004-10-22,982022.1714028296,0.0,0.0,0.0,0.0,0.0
2004-10-25,982022.1714028296,0.0,0.0,0.0,0.0,0.0
2004-10-26,982022.1714028296,0.0,0.0,0.0,0.0,0.0
2004-10-27,982022.1714028296,0.0,0.0,0.0,0.0,0.0
2004-10-28,982022.1714028296,0.0,0.0,0.0,0.0,0.0
2004-10-29,982022.1714028296,0.0,0.0,0.0,0.0,0.0
2004-11-01,982022.1714028296,0.0,0.0,0.0,0.0,0.0
2004-11-02,982022.1714028296,0.0,0.0,0.0,0.0,0.0
2004-11-03,982022.1714028296,0.0,0.0,0.0,0.0,0.0
2004-11-04,982022.1714028296,0.0,0.0,0.0,0.0,0.0
2004-11-05,982022.1714028296,0.0,0.0,0.0,0.0,0.0
2004-11-08,982022.1714028296,0.0,0.0,0.0,0.0,0.0
2004-11-09,982022.1714028296,0.0,0.0,0.0,0.0,0.0
2004-11-10,982022.1714028296,0.0,0.0,0.0,0.0,0.0
2004-11-11,982022.1714028296,0.0,0.0,0.0,0.0,0.0
2004-11-12,982022.1714028296,0.0,0.0,0.0,0.0,0.0
2004-11-15,982022.1714028296,0.0,0.0,0.0,0.0,0.0
2004-11-16,982022.1714028296,0.0,0.0,0.0,0.0,0.0
2004-11-17,982022.1714028296,0.0,0.0,0.0,0.0,0.0
2004-11-18,982022.1714028296,0.0,0.0,0.0,0.0,0.0
2004-11-19,982022.1714028296,0.0,0.0,0.0,0.0,0.0
2004-11-22,982022.1714028296,0.0,0.0,0.0,0.0,0.0
2004-11-23,982022.1714028296,0.0,0.0,0.0,0.0,0.0
2004-11-24,982022.1714028296,0.0,0.0,0.0,0.0,0.0
2004-11-26,982022.1714028296,0.0,0.0,0.0,0.0,0.0
2004-11-29,982022.1714028296,0.0,0.0,0.0,0.0,0.0
2004-11-30,982022.1714028296,0.0,0.0,0.0,0.0,0.0
2004-12-01,982022.1714028296,0.0,0.0,0.0,0.0,0.0
2004-12-02,982022.1714028296,0.0,0.0,0.0,0.0,0.0
2004-12-03,982022.1714028296,0.0,0.0,0.0,0.0,0.0
2004-12-06,982022.1714028296,0.0,0.0,0.0,0.0,0.0
2004-12-07,982022.1714028296,0.0,0.0,0.0,0.0,0.0
2004-12-08,982022.1714028296,0.0,0.0,0.0,0.0,0.0
2004-12-09,982022.1714028296,0.0,0.0,0.0,0.0,0.0
2004-12-10,982022.1714028296,0.0,0.0,0.0,0.0,0.0
2004-12-13,982022.1714028296,0.0,0.0,0.0,0.0,0.0
2004-12-14,982022.1714028296,0.0,0.0,0.0,0.0,0.0
2004-12-15,982022.1714028296,0.0,0.0,0.0,0.0,0.0
2004-12-16,982022.1714028296,0.0,0.0,0.0,0.0,0.0
2004-12-17,982022.1714028296,0.0,0.0,0.0,0.0,0.0
2004-12-20,982022.1714028296,0.0,0.0,0.0,0.0,0.0
2004-12-21,982022.1714028296,0.0,0.0,0.0,0.0,0.0
2004-12-22,982022.1714028296,0.0,0.0,0.0,0.0,0.0
2004-12-23,982022.1714028296,0.0,0.0,0.0,0.0,0.0
2004-12-27,982022.1714028296,0.0,0.0,0.0,0.0,0.0
2004-12-28,982022.1714028296,0.0,0.0,0.0,0.0,0.0
2004-12-29,982022.1714028296,0.0,0.0,0.0,0.0,0.0
2004-12-30,982022.1714028296,0.0,0.0,0.0,0.0,0.0
2004-12-31,982022.1714028296,0.0,0.0,0.0,0.0,0.0
2005-01-03,982022.1714028296,0.0,0.0,0.0,0.0,0.0
2005-01-04,982022.1714028296,0.0,0.0,0.0,0.0,0.0
2005-01-05,982022.1714028296,0.0,0.0,0.0,0.0,0.0
2005-01-06,982022.1714028296,0.0,0.0,0.0,0.0,0.0
2005-01-07,982022.1714028296,0.0,0.0,0.0,0.0,0.0
2005-01-10,982022.1714028296,0.0,0.0,0.0,0.0,0.0
2005-01-11,982022.1714028296,0.0,0.0,0.0,0.0,0.0
2005-01-12,982022.1714028296,0.0,0.0,0.0,0.0,0.0
2005-01-13,982022.1714028296,0.0,0.0,0.0,0.0,0.0
2005-01-14,982022.1714028296,0.0,0.0,0.0,0.0,0.0
2005-01-18,982022.1714028296,0.0,0.0,0.0,0.0,0.0
2005-01-19,982022.1714028296,0.0,0.0,0.0,0.0,0.0
2005-01-20,982022.1714028296,0.0,0.0,0.0,0.0,0.0
2005-01-21,982022.1714028296,0.0,0.0,0.0,0.0,0.0
2005-01-24,982022.1714028296,0.0,0.0,0.0,0.0,0.0
2005-01-25,982022.1714028296,0.0,0.0,0.0,0.0,0.0
2005-01-26,982022.1714028296,0.0,0.0,0.0,0.0,0.0
2005-01-27,982022.1714028296,0.0,0.0,0.0,0.0,0.0
2005-01-28,982022.1714028296,0.0,0.0,0.0,0.0,0.0
2005-01-31,982022.1714028296,0.0,0.0,0.0,0.0,0.0
2005-02-01,982022.1714028296,0.0,0.0,0.0,0.0,0.0
2005-02-02,982022.1714028296,0.0,0.0,0.0,0.0,0.0
2005-02-03,982022.1714028296,0.0,0.0,0.0,0.0,0.0
2005-02-04,982022.1714028296,0.0,0.0,0.0,0.0,0.0
2005-02-07,982022.1714028296,0.0,0.0,0.0,0.0,0.0
2005-02-08,982022.1714028296,0.0,0.0,0.0,0.0,0.0
2005-02-09,982022.1714028296,0.0,0.0,0.0,0.0,0.0
2005-02-10,982022.1714028296,0.0,0.0,0.0,0.0,0.0
2005-02-11,982022.1714028296,0.0,0.0,0.0,0.0,0.0
2005-02-14,982022.1714028296,0.0,0.0,0.0,0.0,0.0
2005-02-15,982022.1714028296,0.0,0.0,0.0,0.0,0.0
2005-02-16,982022.1714028296,0.0,0.0,0.0,0.0,0.0
2005-02-17,982022.1714028296,0.0,0.0,0.0,0.0,0.0
2005-02-18,982022.1714028296,0.0,0.0,0.0,0.0,0.0
2005-02-22,982022.1714028296,0.0,0.0,0.0,0.0,0.0
2005-02-23,982022.1714028296,0.0,0.0,0.0,0.0,0.0
2005-02-24,982022.1714028296,0.0,0.0,0.0,0.0,0.0
2005-02-25,982022.1714028296,0.0,0.0,0.0,0.0,0.0
2005-02-28,982022.1714028296,0.0,0.0,0.0,0.0,0.0
2005-03-01,982022.1714028296,0.0,0.0,0.0,0.0,0.0
2005-03-02,982022.1714028296,0.0,0.0,0.0,0.0,0.0
2005-03-03,982022.1714028296,0.0,0.0,0.0,0.0,0.0
2005-03-04,982022.1714028296,0.0,0.0,0.0,0.0,0.0
2005-03-07,982022.1714028296,0.0,0.0,0.0,0.0,0.0
2005-03-08,982022.1714028296,0.0,0.0,0.0,0.0,0.0
2005-03-09,982022.1714028296,0.0,0.0,0.0,0.0,0.0
2005-03-10,982022.1714028296,0.0,0.0,0.0,0.0,0.0
2005-03-11,982022.1714028296,0.0,0.0,0.0,0.0,0.0
2005-03-14,982022.1714028296,0.0,0.0,0.0,0.0,0.0
2005-03-15,982022.1714028296,0.0,0.0,0.0,0.0,0.0
2005-03-16,982022.1714028296,0.0,0.0,0.0,0.0,0.0
2005-03-17,982022.1714028296,0.0,0.0,0.0,0.0,0.0
2005-03-18,982022.1714028296,0.0,0.0,0.0,0.0,0.0
2005-03-21,982022.1714028296,0.0,0.0,0.0,0.0,0.0
2005-03-22,982022.1714028296,0.0,0.0,0.0,0.0,0.0
2005-03-23,982022.1714028296,0.0,0.0,0.0,0.0,0.0
2005-03-24,982022.1714028296,0.0,0.0,0.0,0.0,0.0
2005-03-28,982022.1714028296,0.0,0.0,0.0,0.0,0.0
2005-03-29,982022.1714028296,0.0,0.0,0.0,0.0,0.0
2005-03-30,982022.1714028296,0.0,0.0,0.0,0.0,0.0
2005-03-31,982022.1714028296,0.0,0.0,0.0,0.0,0.0
2005-04-01,982022.1714028296,0.0,0.0,0.0,0.0,0.0
2005-04-04,982022.1714028296,0.0,0.0,0.0,0.0,0.0
2005-04-05,982022.1714028296,0.0,0.0,0.0,0.0,0.0
2005-04-06,982022.1714028296,0.0,0.0,0.0,0.0,0.0
2005-04-07,982022.1714028296,0.0,0.0,0.0,0.0,0.0
2005-04-08,982022.1714028296,0.0,0.0,0.0,0.0,0.0
2005-04-11,982022.1714028296,0.0,0.0,0.0,0.0,0.0
2005-04-12,982022.1714028296,0.0,0.0,0.0,0.0,0.0
2005-04-13,982022.1714028296,0.0,0.0,0.0,0.0,0.0
2005-04-14,982022.1714028296,0.0,0.0,0.0,0.0,0.0
2005-04-15,982022.1714028296,0.0,0.0,0.0,0.0,0.0
2005-04-18,982022.1714028296,0.0,0.0,0.0,0.0,0.0
2005-04-19,982022.1714028296,0.0,0.0,0.0,0.0,0.0
2005-04-20,982022.1714028296,0.0,0.0,0.0,0.0,0.0
2005-04-21,982022.1714028296,0.0,0.0,0.0,0.0,0.0
2005-04-22,982022.1714028296,0.0,0.0,0.0,0.0,0.0
2005-04-25,982022.1714028296,0.0,0.0,0.0,0.0,0.0
2005-04-26,982022.1714028296,0.0,0.0,0.0,0.0,0.0
2005-04-27,982022.1714028296,0.0,0.0,0.0,0.0,0.0
2005-04-28,982022.1714028296,0.0,0.0,0.0,0.0,0.0
2005-04-29,982022.1714028296,0.0,0.0,0.0,0.0,0.0
2005-05-02,982022.1714028296,0.0,0.0,0.0,0.0,0.0
2005-05-03,982022.1714028296,0.0,0.0,0.0,0.0,0.0
2005-05-04,982022.1714028296,0.0,0.0,0.0,0.0,0.0
2005-05-05,982022.1714028296,0.0,0.0,0.0,0.0,0.0
2005-05-06,982022.1714028296,0.0,0.0,0.0,0.0,0.0
2005-05-09,982022.1714028296,0.0,0.0,0.0,0.0,0.0
2005-05-10,982022.1714028296,0.0,0.0,0.0,0.0,0.0
2005-05-11,982022.1714028296,0.0,0.0,0.0,0.0,0.0
2005-05-12,982022.1714028296,0.0,0.0,0.0,0.0,0.0
2005-05-13,982022.1714028296,0.0,0.0,0.0,0.0,0.0
2005-05-16,982022.1714028296,0.0,0.0,0.0,0.0,0.0
2005-05-17,982022.1714028296,0.0,0.0,0.0,0.0,0.0
2005-05-18,982022.1714028296,0.0,0.0,0.0,0.0,0.0
2005-05-19,982022.1714028296,0.0,0.0,0.0,0.0,0.0
2005-05-20,982022.1714028296,0.0,0.0,0.0,0.0,0.0
2005-05-23,982022.1714028296,0.0,0.0,0.0,0.0,0.0
2005-05-24,982022.1714028296,0.0,0.0,0.0,0.0,0.0
2005-05-25,982022.1714028296,0.0,0.0,0.0,0.0,0.0
2005-05-26,982022.1714028296,0.0,0.0,0.0,0.0,0.0
2005-05-27,982022.1714028296,0.0,0.0,0.0,0.0,0.0
2005-05-31,982022.1714028296,0.0,0.0,0.0,0.0,0.0
2005-06-01,981531.1603171282,0.0,491.0110857014148,-0.0005,1.4776272560698909,0.5
2005-06-02,969535.0662380973,-11996.094079030934,0.0,-0.012074247612182374,1.2003937735268666,0.5
2005-06-03,974429.8767819321,4894.810543834822,0.0,0.005074234166510055,0.8747914821131082,0.5
2005-06-06,975259.2785911589,1803.83168600876,974.4298767819321,0.0008527448071216618,-0.5948688674538427,-0.5
2005-06-07,977417.7277507115,2158.4491595525465,0.0,0.0022181146025878006,-1.1987164903513394,-0.5
2005-06-08,982668.767784941,5251.0400342294615,0.0,0.0054013782827342155,-1.7479654539693361,-0.5
2005-06-09,978436.2993094628,-4232.46847547821,0.0,-0.004288644415439119,-2.0586975435181656,-0.5
2005-06-10,983522.8600930991,5086.5607836362715,0.0,0.005225830533781262,-2.4165090053343024,-0.5
2005-06-13,973004.8857919158,-10517.974301183236,0.0,-0.010581028401707816,-3.0,-0.5
2005-06-14,966391.8841801779,-6613.0016117378555,0.0,-0.006750592957489509,-3.0,-0.5
2005-06-15,957460.0273311042,-8931.856849073773,0.0,-0.009157838031962651,-2.811838157821684,-0.5
2005-06-16,958652.5932014454,1192.565870341233,0.0,0.0012471049349723857,-2.384575199453354,-0.5
2005-06-17,942269.8257404254,-15903.44116441927,479.32629660072274,-0.016810493068959466,-1.9185805614481062,-0.5
2005-06-20,941798.6908275551,0.0,471.1349128702127,-0.0005,-0.9773870461039161,-0.5
2005-06-21,944188.2341906156,2389.543363060441,0.0,0.002543666270985247,-0.8097243544126543,-0.5
2005-06-22,943064.5827728437,-1123.6514177718989,0.0,-0.0011886568177958906,-0.8010742892799736,-0.5
2005-06-23,950262.3280619851,7197.745289141446,0.0,0.0076909929926508285,-0.5494228443773285,-0.5
2005-06-24,937987.1515885699,-12275.17647341524,0.0,-0.012752933174630166,-0.24490733502309384,-0.5
2005-06-27,969484.3695734111,31497.217984841165,0.0,0.03474635163307853,-0.9004531628913888,-0.5
2005-06-28,988368.3755928448,19368.748204220414,484.74218478670554,0.019875482093663913,0.0,0.0
2005-06-29,988368.3755928448,0.0,0.0,0.0,0.0,0.0
2005-06-30,988368.3755928448,0.0,0.0,0.0,0.0,0.0
2005-07-01,988368.3755928448,0.0,0.0,0.0,0.0,0.0
2005-07-05,988368.3755928448,0.0,0.0,0.0,0.0,0.0
2005-07-06,988368.3755928448,0.0,0.0,0.0,0.0,0.0
2005-07-07,988368.3755928448,0.0,0.0,0.0,0.0,0.0
2005-07-08,988368.3755928448,0.0,0.0,0.0,0.0,0.0
2005-07-11,988368.3755928448,0.0,0.0,0.0,0.0,0.0
2005-07-12,988368.3755928448,0.0,0.0,0.0,0.0,0.0
2005-07-13,988368.3755928448,0.0,0.0,0.0,0.0,0.0
2005-07-14,988368.3755928448,0.0,0.0,0.0,0.0,0.0
2005-07-15,988368.3755928448,0.0,0.0,0.0,0.0,0.0
2005-07-18,988368.3755928448,0.0,0.0,0.0,0.0,0.0
2005-07-19,988368.3755928448,0.0,0.0,0.0,0.0,0.0
2005-07-20,988368.3755928448,0.0,0.0,0.0,0.0,0.0
2005-07-21,988368.3755928448,0.0,0.0,0.0,0.0,0.0
2005-07-22,988368.3755928448,0.0,0.0,0.0,0.0,0.0
2005-07-25,988368.3755928448,0.0,0.0,0.0,0.0,0.0
2005-07-26,988368.3755928448,0.0,0.0,0.0,0.0,0.0
2005-07-27,987874.1914050484,0.0,494.1841877964224,-0.0005,3.0,0.5
2005-07-28,995077.9752813332,7697.72097198739,493.9370957025242,0.007349476439790576,0.0,0.0
2005-07-29,994580.4362936926,0.0,497.5389876406666,-0.0005,3.0,0.5
2005-08-01,995505.7995578288,925.3632641362975,0.0,0.0009312721177127956,2.9459192463274357,0.5
2005-08-02,1007709.2510382925,12203.451480463726,0.0,0.01241068070703272,3.0,0.5
2005-08-03,993459.5553202021,-14249.69571809043,0.0,-0.013943510904540579,3.0,0.5
2005-08-04,994386.2899800157,926.7346598136214,0.0,0.0009337068160597572,2.714468347310126,0.5
2005-08-05,984942.3978405407,-9443.89213947501,0.0,-0.00940785832872164,2.529284008288393,0.5
2005-08-08,986438.1342078005,1495.736367259743,0.0,0.0015209125475285172,2.5594385571591705,0.5
2005-08-09,973370.2558212475,-13067.878386552997,0.0,-0.01307433694434068,2.616522409597013,0.5
2005-08-10,973748.7045987829,378.44877753547723,0.0,0.00038895371450797355,2.563083185563377,0.5
2005-08-11,971857.195848591,-1891.508750191886,0.0,-0.0019387359441644049,2.4832769676512996,0.5
2005-08-12,973373.3537204297,1516.1578718386756,0.0,0.0015625,2.413316173584064,0.5
2005-08-15,949990.443132183,-22896.22391138647,486.68667686021485,-0.023470465337132006,1.8488814576197774,0.5
2005-08-16,949515.447910617,0.0,474.9952215660915,-0.0005,1.4345465905380472,0.5
2005-08-17,948168.3445187698,-1347.1033918472474,0.0,-0.0014167172637117992,1.2131332851905696,0.5
2005-08-18,944121.2845116775,-4047.06000709231,0.0,-0.004250151791135398,1.1119796982500767,0.5
2005-08-19,934443.9445720334,-9677.339939644091,0.0,-0.010146103896103896,1.0200843151260237,0.5
2005-08-22,942266.8323457632,7822.887773729873,0.0,0.008442380751371886,0.6360115774668414,0.5
2005-08-23,944982.2987213994,2715.466375636205,0.0,0.002890173410404624,0.5143476706450103,0.5
2005-08-24,938599.8967857043,-6382.401935695084,0.0,-0.006708680626143525,0.4562674674023775,0.5
2005-08-25,926526.6201050583,-12073.276680645988,0.0,-0.01269971323228185,0.357128265270257,0.5
2005-08-26,929683.4399350585,3156.8198300001986,0.0,0.003418803418803419,0.3057940743273759,0.5
2005-08-29,932043.0425744875,2359.602639429082,0.0,0.0025445292620865133,0.328856951398177,0.5
2005-08-30,936554.1936643893,4511.15108990177,0.0,0.004863607528018609,0.21182873012361492,0.5
2005-08-31,926403.96063593,-10150.233028459408,0.0,-0.010721649484536083,0.1263535834695103,0.5
2005-09-01,926403.96063593,0.0,0.0,0.0,0.0,0.0
2005-09-02,926403.96063593,0.0,0.0,0.0,0.0,0.0
2005-09-06,926403.96063593,0.0,0.0,0.0,0.0,0.0
2005-09-07,926403.96063593,0.0,0.0,0.0,0.0,0.0
2005-09-08,926403.96063593,0.0,0.0,0.0,0.0,0.0
2005-09-09,926403.96063593,0.0,0.0,0.0,0.0,0.0
2005-09-12,926403.96063593,0.0,0.0,0.0,0.0,0.0
2005-09-13,926403.96063593,0.0,0.0,0.0,0.0,0.0
2005-09-14,926403.96063593,0.0,0.0,0.0,0.0,0.0
2005-09-15,926403.96063593,0.0,0.0,0.0,0.0,0.0
2005-09-16,926403.96063593,0.0,0.0,0.0,0.0,0.0
2005-09-19,926403.96063593,0.0,0.0,0.0,0.0,0.0
2005-09-20,926403.96063593,0.0,0.0,0.0,0.0,0.0
2005-09-21,926403.96063593,0.0,0.0,0.0,0.0,0.0
2005-09-22,926403.96063593,0.0,0.0,0.0,0.0,0.0
2005-09-23,926403.96063593,0.0,0.0,0.0,0.0,0.0
2005-09-26,926403.96063593,0.0,0.0,0.0,0.0,0.0
2005-09-27,926403.96063593,0.0,0.0,0.0,0.0,0.0
2005-09-28,926403.96063593,0.0,0.0,0.0,0.0,0.0
2005-09-29,926403.96063593,0.0,0.0,0.0,0.0,0.0
2005-09-30,926403.96063593,0.0,0.0,0.0,0.0,0.0
2005-10-03,926403.96063593,0.0,0.0,0.0,0.0,0.0
2005-10-04,926403.96063593,0.0,0.0,0.0,0.0,0.0
2005-10-05,926403.96063593,0.0,0.0,0.0,0.0,0.0
2005-10-06,926403.96063593,0.0,0.0,0.0,0.0,0.0
2005-10-07,926403.96063593,0.0,0.0,0.0,0.0,0.0
2005-10-10,926403.96063593,0.0,0.0,0.0,0.0,0.0
2005-10-11,926403.96063593,0.0,0.0,0.0,0.0,0.0
2005-10-12,926403.96063593,0.0,0.0,0.0,0.0,0.0
2005-10-13,926403.96063593,0.0,0.0,0.0,0.0,0.0
2005-10-14,926403.96063593,0.0,0.0,0.0,0.0,0.0
2005-10-17,926403.96063593,0.0,0.0,0.0,0.0,0.0
2005-10-18,926403.96063593,0.0,0.0,0.0,0.0,0.0
2005-10-19,926403.96063593,0.0,0.0,0.0,0.0,0.0
2005-10-20,926403.96063593,0.0,0.0,0.0,0.0,0.0
2005-10-21,926403.96063593,0.0,0.0,0.0,0.0,0.0
2005-10-24,926403.96063593,0.0,0.0,0.0,0.0,0.0
2005-10-25,926403.96063593,0.0,0.0,0.0,0.0,0.0
2005-10-26,926403.96063593,0.0,0.0,0.0,0.0,0.0
2005-10-27,926403.96063593,0.0,0.0,0.0,0.0,0.0
2005-10-28,926403.96063593,0.0,0.0,0.0,0.0,0.0
2005-10-31,926403.96063593,0.0,0.0,0.0,0.0,0.0
2005-11-01,926403.96063593,0.0,0.0,0.0,0.0,0.0
2005-11-02,926403.96063593,0.0,0.0,0.0,0.0,0.0
2005-11-03,926403.96063593,0.0,0.0,0.0,0.0,0.0
2005-11-04,926403.96063593,0.0,0.0,0.0,0.0,0.0
2005-11-07,926403.96063593,0.0,0.0,0.0,0.0,0.0
2005-11-08,926403.96063593,0.0,0.0,0.0,0.0,0.0
2005-11-09,926403.96063593,0.0,0.0,0.0,0.0,0.0
2005-11-10,926403.96063593,0.0,0.0,0.0,0.0,0.0
2005-11-11,926403.96063593,0.0,0.0,0.0,0.0,0.0
2005-11-14,926403.96063593,0.0,0.0,0.0,0.0,0.0
2005-11-15,926403.96063593,0.0,0.0,0.0,0.0,0.0
2005-11-16,926403.96063593,0.0,0.0,0.0,0.0,0.0
2005-11-17,926403.96063593,0.0,0.0,0.0,0.0,0.0
2005-11-18,926403.96063593,0.0,0.0,0.0,0.0,0.0
2005-11-21,926403.96063593,0.0,0.0,0.0,0.0,0.0
2005-11-22,926403.96063593,0.0,0.0,0.0,0.0,0.0
2005-11-23,926403.96063593,0.0,0.0,0.0,0.0,0.0
2005-11-24,926403.96063593,0.0,0.0,0.0,0.0,0.0
2005-11-25,926403.96063593,0.0,0.0,0.0,0.0,0.0
2005-11-28,926403.96063593,0.0,0.0,0.0,0.0,0.0
2005-11-29,926403.96063593,0.0,0.0,0.0,0.0,0.0
2005-11-30,926403.96063593,0.0,0.0,0.0,0.0,0.0
2005-12-01,926403.96063593,0.0,0.0,0.0,0.0,0.0
2005-12-02,926403.96063593,0.0,0.0,0.0,0.0,0.0
2005-12-05,926403.96063593,0.0,0.0,0.0,0.0,0.0
2005-12-06,926403.96063593,0.0,0.0,0.0,0.0,0.0
2005-12-07,926403.96063593,0.0,0.0,0.0,0.0,0.0
2005-12-08,926403.96063593,0.0,0.0,0.0,0.0,0.0
2005-12-09,926403.96063593,0.0,0.0,0.0,0.0,0.0
2005-12-12,926403.96063593,0.0,0.0,0.0,0.0,0.0
2005-12-13,926403.96063593,0.0,0.0,0.0,0.0,0.0
2005-12-14,926403.96063593,0.0,0.0,0.0,0.0,0.0
2005-12-15,926403.96063593,0.0,0.0,0.0,0.0,0.0
2005-12-16,926403.96063593,0.0,0.0,0.0,0.0,0.0
2005-12-19,926403.96063593,0.0,0.0,0.0,0.0,0.0
2005-12-20,926403.96063593,0.0,0.0,0.0,0.0,0.0
2005-12-21,926403.96063593,0.0,0.0,0.0,0.0,0.0
2005-12-22,926403.96063593,0.0,0.0,0.0,0.0,0.0
2005-12-23,926403.96063593,0.0,0.0,0.0,0.0,0.0
2005-12-27,926403.96063593,0.0,0.0,0.0,0.0,0.0
2005-12-28,926403.96063593,0.0,0.0,0.0,0.0,0.0
2005-12-29,926403.96063593,0.0,0.0,0.0,0.0,0.0
2005-12-30,926403.96063593,0.0,0.0,0.0,0.0,0.0
2006-01-03,926403.96063593,0.0,0.0,0.0,0.0,0.0
2006-01-04,926403.96063593,0.0,0.0,0.0,0.0,0.0
2006-01-05,926403.96063593,0.0,0.0,0.0,0.0,0.0
2006-01-06,926403.96063593,0.0,0.0,0.0,0.0,0.0
2006-01-09,926403.96063593,0.0,0.0,0.0,0.0,0.0
2006-01-10,926403.96063593,0.0,0.0,0.0,0.0,0.0
2006-01-11,926403.96063593,0.0,0.0,0.0,0.0,0.0
2006-01-12,926403.96063593,0.0,0.0,0.0,0.0,0.0
2006-01-13,926403.96063593,0.0,0.0,0.0,0.0,0.0
2006-01-17,926403.96063593,0.0,0.0,0.0,0.0,0.0
2006-01-18,926403.96063593,0.0,0.0,0.0,0.0,0.0
2006-01-19,926403.96063593,0.0,0.0,0.0,0.0,0.0
2006-01-20,926403.96063593,0.0,0.0,0.0,0.0,0.0
2006-01-23,926403.96063593,0.0,0.0,0.0,0.0,0.0
2006-01-24,926403.96063593,0.0,0.0,0.0,0.0,0.0
2006-01-25,926403.96063593,0.0,0.0,0.0,0.0,0.0
2006-01-26,926403.96063593,0.0,0.0,0.0,0.0,0.0
2006-01-27,926403.96063593,0.0,0.0,0.0,0.0,0.0
2006-01-30,926403.96063593,0.0,0.0,0.0,0.0,0.0
2006-01-31,926403.96063593,0.0,0.0,0.0,0.0,0.0
2006-02-01,926403.96063593,0.0,0.0,0.0,0.0,0.0
2006-02-02,926403.96063593,0.0,0.0,0.0,0.0,0.0
2006-02-03,926403.96063593,0.0,0.0,0.0,0.0,0.0
2006-02-06,926403.96063593,0.0,0.0,0.0,0.0,0.0
2006-02-07,926403.96063593,0.0,0.0,0.0,0.0,0.0
2006-02-08,926403.96063593,0.0,0.0,0.0,0.0,0.0
2006-02-09,926403.96063593,0.0,0.0,0.0,0.0,0.0
2006-02-10,926403.96063593,0.0,0.0,0.0,0.0,0.0
2006-02-13,926403.96063593,0.0,0.0,0.0,0.0,0.0
2006-02-14,926403.96063593,0.0,0.0,0.0,0.0,0.0
2006-02-15,926403.96063593,0.0,0.0,0.0,0.0,0.0
2006-02-16,926403.96063593,0.0,0.0,0.0,0.0,0.0
2006-02-17,926403.96063593,0.0,0.0,0.0,0.0,0.0
2006-02-21,926403.96063593,0.0,0.0,0.0,0.0,0.0
2006-02-22,926403.96063593,0.0,0.0,0.0,0.0,0.0
2006-02-23,926403.96063593,0.0,0.0,0.0,0.0,0.0
2006-02-24,926403.96063593,0.0,0.0,0.0,0.0,0.0
2006-02-27,926403.96063593,0.0,0.0,0.0,0.0,0.0
2006-02-28,926403.96063593,0.0,0.0,0.0,0.0,0.0
2006-03-01,926403.96063593,0.0,0.0,0.0,0.0,0.0
2006-03-02,926403.96063593,0.0,0.0,0.0,0.0,0.0
2006-03-03,926403.96063593,0.0,0.0,0.0,0.0,0.0
2006-03-06,926403.96063593,0.0,0.0,0.0,0.0,0.0
2006-03-07,926403.96063593,0.0,0.0,0.0,0.0,0.0
2006-03-08,926403.96063593,0.0,0.0,0.0,0.0,0.0
2006-03-09,926403.96063593,0.0,0.0,0.0,0.0,0.0
2006-03-10,926403.96063593,0.0,0.0,0.0,0.0,0.0
2006-03-13,926403.96063593,0.0,0.0,0.0,0.0,0.0
2006-03-14,926403.96063593,0.0,0.0,0.0,0.0,0.0
2006-03-15,926403.96063593,0.0,0.0,0.0,0.0,0.0
2006-03-16,926403.96063593,0.0,0.0,0.0,0.0,0.0
2006-03-17,926403.96063593,0.0,0.0,0.0,0.0,0.0
2006-03-20,926403.96063593,0.0,0.0,0.0,0.0,0.0
2006-03-21,926403.96063593,0.0,0.0,0.0,0.0,0.0
2006-03-22,926403.96063593,0.0,0.0,0.0,0.0,0.0
2006-03-23,926403.96063593,0.0,0.0,0.0,0.0,0.0
2006-03-24,926403.96063593,0.0,0.0,0.0,0.0,0.0
2006-03-27,926403.96063593,0.0,0.0,0.0,0.0,0.0
2006-03-28,926403.96063593,0.0,0.0,0.0,0.0,0.0
2006-03-29,926403.96063593,0.0,0.0,0.0,0.0,0.0
2006-03-30,926403.96063593,0.0,0.0,0.0,0.0,0.0
2006-03-31,926403.96063593,0.0,0.0,0.0,0.0,0.0
2006-04-03,926403.96063593,0.0,0.0,0.0,0.0,0.0
2006-04-04,926403.96063593,0.0,0.0,0.0,0.0,0.0
2006-04-05,926403.96063593,0.0,0.0,0.0,0.0,0.0
2006-04-06,926403.96063593,0.0,0.0,0.0,0.0,0.0
2006-04-07,926403.96063593,0.0,0.0,0.0,0.0,0.0
2006-04-10,926403.96063593,0.0,0.0,0.0,0.0,0.0
2006-04-11,926403.96063593,0.0,0.0,0.0,0.0,0.0
2006-04-12,926403.96063593,0.0,0.0,0.0,0.0,0.0
2006-04-13,926403.96063593,0.0,0.0,0.0,0.0,0.0
2006-04-17,926403.96063593,0.0,0.0,0.0,0.0,0.0
2006-04-18,926403.96063593,0.0,0.0,0.0,0.0,0.0
2006-04-19,926403.96063593,0.0,0.0,0.0,0.0,0.0
2006-04-20,926403.96063593,0.0,0.0,0.0,0.0,0.0
2006-04-21,926403.96063593,0.0,0.0,0.0,0.0,0.0
2006-04-24,926403.96063593,0.0,0.0,0.0,0.0,0.0
2006-04-25,926403.96063593,0.0,0.0,0.0,0.0,0.0
2006-04-26,926403.96063593,0.0,0.0,0.0,0.0,0.0
2006-04-27,926403.96063593,0.0,0.0,0.0,0.0,0.0
2006-04-28,926403.96063593,0.0,0.0,0.0,0.0,0.0
2006-05-01,926403.96063593,0.0,0.0,0.0,0.0,0.0
2006-05-02,926403.96063593,0.0,0.0,0.0,0.0,0.0
2006-05-03,926403.96063593,0.0,0.0,0.0,0.0,0.0
2006-05-04,926403.96063593,0.0,0.0,0.0,0.0,0.0
2006-05-05,926403.96063593,0.0,0.0,0.0,0.0,0.0
2006-05-08,926403.96063593,0.0,0.0,0.0,0.0,0.0
2006-05-09,926403.96063593,0.0,0.0,0.0,0.0,0.0
2006-05-10,926403.96063593,0.0,0.0,0.0,0.0,0.0
2006-05-11,926403.96063593,0.0,0.0,0.0,0.0,0.0
2006-05-12,926403.96063593,0.0,0.0,0.0,0.0,0.0
2006-05-15,926403.96063593,0.0,0.0,0.0,0.0,0.0
2006-05-16,926403.96063593,0.0,0.0,0.0,0.0,0.0
2006-05-17,926403.96063593,0.0,0.0,0.0,0.0,0.0
2006-05-18,926403.96063593,0.0,0.0,0.0,0.0,0.0
2006-05-19,926403.96063593,0.0,0.0,0.0,0.0,0.0
2006-05-22,926403.96063593,0.0,0.0,0.0,0.0,0.0
2006-05-23,926403.96063593,0.0,0.0,0.0,0.0,0.0
2006-05-24,926403.96063593,0.0,0.0,0.0,0.0,0.0
2006-05-25,926403.96063593,0.0,0.0,0.0,0.0,0.0
2006-05-26,926403.96063593,0.0,0.0,0.0,0.0,0.0
2006-05-30,926403.96063593,0.0,0.0,0.0,0.0,0.0
2006-05-31,926403.96063593,0.0,0.0,0.0,0.0,0.0
2006-06-01,925940.758655612,0.0,463.20198031796497,-0.0005,-0.574164970548002,-0.5
2006-06-02,908384.5746930322,-17556.183962579777,0.0,-0.0186075684716705,-0.5041490777035379,-0.5
2006-06-05,912672.9255177325,4288.350824700276,0.0,0.004743246030109302,-0.3201036610751484,-0.5
2006-06-06,920048.4423215435,7375.516803810934,0.0,0.008147064967620639,-0.2978961846159269,-0.5
2006-06-07,917335.5783382871,-2712.8639832564468,0.0,-0.0029399412011759767,-0.31434048047523727,-0.5
2006-06-08,924442.2400632696,7106.661724982542,0.0,0.007807554336357881,-0.30619665873214913,-0.5
2006-06-09,926015.0894721395,1572.849408869876,0.0,0.0017043033659991478,-0.3659705361925137,-0.5
2006-06-12,914751.1415208138,-11263.947951325641,0.0,-0.012017710309930424,-0.4261930989721804,-0.5
2006-06-13,917990.8851470334,3239.743626219549,0.0,0.0035542546518921177,-0.35637939811030184,-0.5
2006-06-14,922806.1961266128,4815.310979579487,0.0,0.005273149124657246,-0.2705055809764025,-0.5
2006-06-15,920458.0887573339,-2348.107369278913,0.0,-0.002538071065989848,-0.2262854580195746,-0.5
2006-06-16,914438.2151810729,-6019.873576261044,0.0,-0.006497589603856634,-0.30697784571841286,-0.5
2006-06-19,926435.2180041482,11997.002823075301,0.0,0.013293943870014771,-0.5603283823551617,-0.5
2006-06-20,925840.8412603474,-594.3767438007794,0.0,-0.0006411626415900833,-0.6040141172393447,-0.5
2006-06-21,925049.8623271903,-790.9789331570674,0.0,-0.0008536064874093043,-0.6416378121173929,-0.5
2006-06-22,927613.9664231932,2564.104096002873,0.0,0.0027795595467179817,-0.7090573480130236,-0.5
2006-06-23,929602.8471402241,1988.8807170308603,0.0,0.0021486892995272885,-0.7138013919916768,-0.5
2006-06-26,938410.4537884088,8807.606648184725,0.0,0.009565217391304347,-0.8366318505654313,-0.5
2006-06-27,931407.3907004356,-7003.0630879732,0.0,-0.007407407407407408,-0.9830373739901435,-0.5
2006-06-28,931004.5328324856,-402.8578679500154,0.0,-0.000432338953739732,-1.0388904290185161,-0.5
2006-06-29,928389.3515604843,-2615.181272001364,0.0,-0.0028011204481792717,-1.026613201927167,-0.5
2006-06-30,918016.2861799202,-10373.06538056407,0.0,-0.011049723756906077,-1.0343025486963902,-0.5
2006-07-03,912806.8621095424,-5209.424070377858,0.0,-0.005642633228840126,-1.133622850159255,-0.5
2006-07-05,918118.2902348681,5311.428125325683,0.0,0.005852842809364549,-1.2237914431097527,-0.5
2006-07-06,907307.8141513625,-10810.476083505597,0.0,-0.011637572734829595,-1.2313065804603198,-0.5
2006-07-07,912153.7474233295,4845.933271967015,0.0,0.0053696819496076,-1.219844493264059,-0.5
2006-07-10,911396.1446430776,-757.6027802519349,0.0,-0.0008298755186721993,-1.2687131276526118,-0.5
2006-07-11,908373.2718581918,-3022.87278488583,0.0,-0.0033057851239669425,-1.3190101450238956,-0.5
2006-07-12,911366.2645167032,2992.9926585113403,0.0,0.003305785123966942,-1.3960282258897163,-0.5
2006-07-13,915522.5783266881,4156.313809984965,0.0,0.004581424406497293,-1.4616737753907922,-0.5
2006-07-14,912075.0037639517,-3447.5745627364827,0.0,-0.0037515631513130475,-1.5686209792457058,-0.5
2006-07-17,921165.4523064495,9090.448542497857,0.0,0.010067114093959731,-1.8555699798887333,-0.5
2006-07-18,921946.1009948448,780.6486883952962,0.0,0.0008481764206955047,-1.7332044039988659,-0.5
2006-07-19,924489.6704585402,2543.5694636954545,0.0,0.0027665460736326876,-1.6388526952345814,-0.5
2006-07-20,925673.3960289096,1183.7255703694495,0.0,0.0012820512820512818,-1.5454483291476813,-0.5
2006-07-21,931416.7696884813,5743.373659571754,0.0,0.006243272335844994,-1.4464429817111226,-0.5
2006-07-24,926372.2681195446,-5044.501568936749,0.0,-0.0053867700926524455,-1.0786918956085836,-0.5
2006-07-25,924783.9744751047,-1588.2936444398536,0.0,-0.0017115960633290541,-1.064973780394323,-0.5
2006-07-26,927549.2405243681,2765.2660492634486,0.0,0.0029991431019708655,-1.0124972170111726,-0.5
2006-07-27,933727.5874208562,6178.346896488056,0.0,0.006705602422669263,-1.0508013177503306,-0.5
2006-07-28,931694.2085283892,-2033.3788924670214,0.0,-0.0021729682746631897,-1.0236767960983895,-0.5
2006-07-31,929270.025852253,-2424.182676136312,0.0,-0.0025951557093425604,-1.3348434148212172,-0.5
2006-08-01,934080.7421206856,4810.716268432716,0.0,0.005203816131830009,-1.302215371446827,-0.5
2006-08-02,927362.2014733485,-6718.540647337102,0.0,-0.007141311404457909,-1.3412577399321752,-0.5
2006-08-03,931945.2119232598,4583.010449911263,0.0,0.004966529907147485,-1.2641676511311115,-0.5
2006-08-04,930731.7415952347,-1213.4703280250778,0.0,-0.0013003901170351106,-1.1277311808796258,-0.5
2006-08-07,942214.7955499812,11483.053954746403,0.0,0.012491781722550955,-0.631787043345844,-0.5
2006-08-08,947024.1475911817,4809.3520412005255,0.0,0.005130492973455275,-0.5486719176994461,-0.5
2006-08-09,943202.0770403652,-3822.0705508164283,0.0,-0.0040196516301920495,-0.4846096825610221,-0.5
2006-08-10,947397.8158172352,4195.738776869953,0.0,0.004468275245755139,-0.4946624635545055,-0.5
2006-08-11,952500.4970514392,5102.681234204139,0.0,0.005415162454873646,-0.581196972761755,-0.5
2006-08-14,953580.9195753179,1080.4225238786744,0.0,0.0011355893708834886,-0.6374135159349934,-0.5
2006-08-15,947726.7393050737,-5854.180270244107,0.0,-0.006101694915254237,-0.6011946417610305,-0.5
2006-08-16,951345.641948422,3618.9026433482154,0.0,0.003833145434047351,-0.5325823196597488,-0.5
2006-08-17,951991.6439687582,646.0020203361852,0.0,0.000679501698754247,-0.5293679749189509,-0.5
2006-08-18,955875.5627338166,3883.9187650583967,0.0,0.004096495220755576,-0.5590737023141026,-0.5
2006-08-21,954783.383160309,-1092.17957350756,0.0,-0.0011412919424788862,-0.2877054095857406,-0.5
2006-08-22,953912.6276809106,-870.7554793983667,0.0,-0.0009111617312072892,-0.23730375580490412,-0.5
2006-08-23,951307.4953340351,-2605.132346875496,0.0,-0.002723558783477077,-0.11894453423544876,-0.5
2006-08-24,951953.4714512832,645.9761172481,0.0,0.000679501698754247,-0.048477859040560206,-0.5
2006-08-25,959289.4682847699,7335.99683348677,0.0,0.007766103243490178,-0.011394085658776485,-0.5
2006-08-28,963926.9173717819,4637.449087012009,0.0,0.004857737682165163,-0.39805143854002034,-0.5
2006-08-29,964599.1118748306,672.1945030486623,0.0,0.0006978367062107466,-0.5402069764827998,-0.5
2006-08-30,960108.4269964561,-4490.684878374444,0.0,-0.0046339202965708995,-0.6116038820063907,-0.5
2006-08-31,959886.9997762078,-221.42722024826017,0.0,-0.0002305741295826608,-0.6010728598153264,-0.5
2006-09-01,959886.9997762078,0.0,0.0,0.0,0.0,0.0
2006-09-05,959886.9997762078,0.0,0.0,0.0,0.0,0.0
2006-09-06,959886.9997762078,0.0,0.0,0.0,0.0,0.0
2006-09-07,959886.9997762078,0.0,0.0,0.0,0.0,0.0
2006-09-08,959886.9997762078,0.0,0.0,0.0,0.0,0.0
2006-09-11,959886.9997762078,0.0,0.0,0.0,0.0,0.0
2006-09-12,959886.9997762078,0.0,0.0,0.0,0.0,0.0
2006-09-13,959886.9997762078,0.0,0.0,0.0,0.0,0.0
2006-09-14,959886.9997762078,0.0,0.0,0.0,0.0,0.0
2006-09-15,959886.9997762078,0.0,0.0,0.0,0.0,0.0
2006-09-18,959886.9997762078,0.0,0.0,0.0,0.0,0.0
2006-09-19,959886.9997762078,0.0,0.0,0.0,0.0,0.0
2006-09-20,959886.9997762078,0.0,0.0,0.0,0.0,0.0
2006-09-21,959886.9997762078,0.0,0.0,0.0,0.0,0.0
2006-09-22,959886.9997762078,0.0,0.0,0.0,0.0,0.0
2006-09-25,959886.9997762078,0.0,0.0,0.0,0.0,0.0
2006-09-26,959886.9997762078,0.0,0.0,0.0,0.0,0.0
2006-09-27,959886.9997762078,0.0,0.0,0.0,0.0,0.0
2006-09-28,959886.9997762078,0.0,0.0,0.0,0.0,0.0
2006-09-29,959886.9997762078,0.0,0.0,0.0,0.0,0.0
2006-10-02,959886.9997762078,0.0,0.0,0.0,0.0,0.0
2006-10-03,959886.9997762078,0.0,0.0,0.0,0.0,0.0
2006-10-04,959886.9997762078,0.0,0.0,0.0,0.0,0.0
2006-10-05,959886.9997762078,0.0,0.0,0.0,0.0,0.0
2006-10-06,959886.9997762078,0.0,0.0,0.0,0.0,0.0
2006-10-09,959886.9997762078,0.0,0.0,0.0,0.0,0.0
2006-10-10,959886.9997762078,0.0,0.0,0.0,0.0,0.0
2006-10-11,959886.9997762078,0.0,0.0,0.0,0.0,0.0
2006-10-12,959886.9997762078,0.0,0.0,0.0,0.0,0.0
2006-10-13,959886.9997762078,0.0,0.0,0.0,0.0,0.0
2006-10-16,959886.9997762078,0.0,0.0,0.0,0.0,0.0
2006-10-17,959886.9997762078,0.0,0.0,0.0,0.0,0.0
2006-10-18,959886.9997762078,0.0,0.0,0.0,0.0,0.0
2006-10-19,959886.9997762078,0.0,0.0,0.0,0.0,0.0
2006-10-20,959886.9997762078,0.0,0.0,0.0,0.0,0.0
2006-10-23,959886.9997762078,0.0,0.0,0.0,0.0,0.0
2006-10-24,959886.9997762078,0.0,0.0,0.0,0.0,0.0
2006-10-25,959886.9997762078,0.0,0.0,0.0,0.0,0.0
2006-10-26,959886.9997762078,0.0,0.0,0.0,0.0,0.0
2006-10-27,959886.9997762078,0.0,0.0,0.0,0.0,0.0
2006-10-30,959886.9997762078,0.0,0.0,0.0,0.0,0.0
2006-10-31,959886.9997762078,0.0,0.0,0.0,0.0,0.0
2006-11-01,959886.9997762078,0.0,0.0,0.0,0.0,0.0
2006-11-02,959886.9997762078,0.0,0.0,0.0,0.0,0.0
2006-11-03,959886.9997762078,0.0,0.0,0.0,0.0,0.0
2006-11-06,959886.9997762078,0.0,0.0,0.0,0.0,0.0
2006-11-07,959886.9997762078,0.0,0.0,0.0,0.0,0.0
2006-11-08,959886.9997762078,0.0,0.0,0.0,0.0,0.0
2006-11-09,959886.9997762078,0.0,0.0,0.0,0.0,0.0
2006-11-10,959886.9997762078,0.0,0.0,0.0,0.0,0.0
2006-11-13,959886.9997762078,0.0,0.0,0.0,0.0,0.0
2006-11-14,959886.9997762078,0.0,0.0,0.0,0.0,0.0
2006-11-15,959886.9997762078,0.0,0.0,0.0,0.0,0.0
2006-11-16,959886.9997762078,0.0,0.0,0.0,0.0,0.0
2006-11-17,959886.9997762078,0.0,0.0,0.0,0.0,0.0
2006-11-20,959886.9997762078,0.0,0.0,0.0,0.0,0.0
2006-11-21,959886.9997762078,0.0,0.0,0.0,0.0,0.0
2006-11-22,959886.9997762078,0.0,0.0,0.0,0.0,0.0
2006-11-23,959886.9997762078,0.0,0.0,0.0,0.0,0.0
2006-11-24,959886.9997762078,0.0,0.0,0.0,0.0,0.0
2006-11-27,959886.9997762078,0.0,0.0,0.0,0.0,0.0
2006-11-28,959886.9997762078,0.0,0.0,0.0,0.0,0.0
2006-11-29,959886.9997762078,0.0,0.0,0.0,0.0,0.0
2006-11-30,959886.9997762078,0.0,0.0,0.0,0.0,0.0
2006-12-01,959886.9997762078,0.0,0.0,0.0,0.0,0.0
2006-12-04,959886.9997762078,0.0,0.0,0.0,0.0,0.0
2006-12-05,959886.9997762078,0.0,0.0,0.0,0.0,0.0
2006-12-06,959886.9997762078,0.0,0.0,0.0,0.0,0.0
2006-12-07,959886.9997762078,0.0,0.0,0.0,0.0,0.0
2006-12-08,959886.9997762078,0.0,0.0,0.0,0.0,0.0
2006-12-11,959886.9997762078,0.0,0.0,0.0,0.0,0.0
2006-12-12,959886.9997762078,0.0,0.0,0.0,0.0,0.0
2006-12-13,959886.9997762078,0.0,0.0,0.0,0.0,0.0
2006-12-14,959886.9997762078,0.0,0.0,0.0,0.0,0.0
2006-12-15,959886.9997762078,0.0,0.0,0.0,0.0,0.0
2006-12-18,959886.9997762078,0.0,0.0,0.0,0.0,0.0
2006-12-19,959886.9997762078,0.0,0.0,0.0,0.0,0.0
2006-12-20,959886.9997762078,0.0,0.0,0.0,0.0,0.0
2006-12-21,959886.9997762078,0.0,0.0,0.0,0.0,0.0
2006-12-22,959886.9997762078,0.0,0.0,0.0,0.0,0.0
2006-12-26,959886.9997762078,0.0,0.0,0.0,0.0,0.0
2006-12-27,959886.9997762078,0.0,0.0,0.0,0.0,0.0
2006-12-28,959886.9997762078,0.0,0.0,0.0,0.0,0.0
2006-12-29,959886.9997762078,0.0,0.0,0.0,0.0,0.0
2007-01-03,959886.9997762078,0.0,0.0,0.0,0.0,0.0
2007-01-04,959886.9997762078,0.0,0.0,0.0,0.0,0.0
2007-01-05,959886.9997762078,0.0,0.0,0.0,0.0,0.0
2007-01-08,959886.9997762078,0.0,0.0,0.0,0.0,0.0
2007-01-09,959886.9997762078,0.0,0.0,0.0,0.0,0.0
2007-01-10,959886.9997762078,0.0,0.0,0.0,0.0,0.0
2007-01-11,959886.9997762078,0.0,0.0,0.0,0.0,0.0
2007-01-12,959886.9997762078,0.0,0.0,0.0,0.0,0.0
2007-01-16,959886.9997762078,0.0,0.0,0.0,0.0,0.0
2007-01-17,959886.9997762078,0.0,0.0,0.0,0.0,0.0
2007-01-18,959886.9997762078,0.0,0.0,0.0,0.0,0.0
2007-01-19,959886.9997762078,0.0,0.0,0.0,0.0,0.0
2007-01-22,959886.9997762078,0.0,0.0,0.0,0.0,0.0
2007-01-23,959886.9997762078,0.0,0.0,0.0,0.0,0.0
2007-01-24,959886.9997762078,0.0,0.0,0.0,0.0,0.0
2007-01-25,959886.9997762078,0.0,0.0,0.0,0.0,0.0
2007-01-26,959886.9997762078,0.0,0.0,0.0,0.0,0.0
2007-01-29,959886.9997762078,0.0,0.0,0.0,0.0,0.0
2007-01-30,959886.9997762078,0.0,0.0,0.0,0.0,0.0
2007-01-31,959886.9997762078,0.0,0.0,0.0,0.0,0.0
2007-02-01,959886.9997762078,0.0,0.0,0.0,0.0,0.0
2007-02-02,959886.9997762078,0.0,0.0,0.0,0.0,0.0
2007-02-05,959886.9997762078,0.0,0.0,0.0,0.0,0.0
2007-02-06,959886.9997762078,0.0,0.0,0.0,0.0,0.0
2007-02-07,959886.9997762078,0.0,0.0,0.0,0.0,0.0
2007-02-08,959886.9997762078,0.0,0.0,0.0,0.0,0.0
2007-02-09,959886.9997762078,0.0,0.0,0.0,0.0,0.0
2007-02-12,959886.9997762078,0.0,0.0,0.0,0.0,0.0
2007-02-13,959886.9997762078,0.0,0.0,0.0,0.0,0.0
2007-02-14,959886.9997762078,0.0,0.0,0.0,0.0,0.0
2007-02-15,959886.9997762078,0.0,0.0,0.0,0.0,0.0
2007-02-16,959886.9997762078,0.0,0.0,0.0,0.0,0.0
2007-02-20,959886.9997762078,0.0,0.0,0.0,0.0,0.0
2007-02-21,959886.9997762078,0.0,0.0,0.0,0.0,0.0
2007-02-22,959886.9997762078,0.0,0.0,0.0,0.0,0.0
2007-02-23,959886.9997762078,0.0,0.0,0.0,0.0,0.0
2007-02-26,959886.9997762078,0.0,0.0,0.0,0.0,0.0
2007-02-27,959886.9997762078,0.0,0.0,0.0,0.0,0.0
2007-02-28,959886.9997762078,0.0,0.0,0.0,0.0,0.0
2007-03-01,959886.9997762078,0.0,0.0,0.0,0.0,0.0
2007-03-02,959886.9997762078,0.0,0.0,0.0,0.0,0.0
2007-03-05,959886.9997762078,0.0,0.0,0.0,0.0,0.0
2007-03-06,959886.9997762078,0.0,0.0,0.0,0.0,0.0
2007-03-07,959886.9997762078,0.0,0.0,0.0,0.0,0.0
2007-03-08,959886.9997762078,0.0,0.0,0.0,0.0,0.0
2007-03-09,959886.9997762078,0.0,0.0,0.0,0.0,0.0
2007-03-12,959886.9997762078,0.0,0.0,0.0,0.0,0.0
2007-03-13,959886.9997762078,0.0,0.0,0.0,0.0,0.0
2007-03-14,959886.9997762078,0.0,0.0,0.0,0.0,0.0
2007-03-15,959886.9997762078,0.0,0.0,0.0,0.0,0.0
2007-03-16,959886.9997762078,0.0,0.0,0.0,0.0,0.0
2007-03-19,959886.9997762078,0.0,0.0,0.0,0.0,0.0
2007-03-20,959886.9997762078,0.0,0.0,0.0,0.0,0.0
2007-03-21,959886.9997762078,0.0,0.0,0.0,0.0,0.0
2007-03-22,959886.9997762078,0.0,0.0,0.0,0.0,0.0
2007-03-23,959886.9997762078,0.0,0.0,0.0,0.0,0.0
2007-03-26,959886.9997762078,0.0,0.0,0.0,0.0,0.0
2007-03-27,959886.9997762078,0.0,0.0,0.0,0.0,0.0
2007-03-28,959886.9997762078,0.0,0.0,0.0,0.0,0.0
2007-03-29,959886.9997762078,0.0,0.0,0.0,0.0,0.0
2007-03-30,959886.9997762078,0.0,0.0,0.0,0.0,0.0
2007-04-02,959886.9997762078,0.0,0.0,0.0,0.0,0.0
2007-04-03,959886.9997762078,0.0,0.0,0.0,0.0,0.0
2007-04-04,959886.9997762078,0.0,0.0,0.0,0.0,0.0
2007-04-05,959886.9997762078,0.0,0.0,0.0,0.0,0.0
2007-04-09,959886.9997762078,0.0,0.0,0.0,0.0,0.0
2007-04-10,959886.9997762078,0.0,0.0,0.0,0.0,0.0
2007-04-11,959886.9997762078,0.0,0.0,0.0,0.0,0.0
2007-04-12,959886.9997762078,0.0,0.0,0.0,0.0,0.0
2007-04-13,959886.9997762078,0.0,0.0,0.0,0.0,0.0
2007-04-16,959886.9997762078,0.0,0.0,0.0,0.0,0.0
2007-04-17,959886.9997762078,0.0,0.0,0.0,0.0,0.0
2007-04-18,959886.9997762078,0.0,0.0,0.0,0.0,0.0
2007-04-19,959886.9997762078,0.0,0.0,0.0,0.0,0.0
2007-04-20,959886.9997762078,0.0,0.0,0.0,0.0,0.0
2007-04-23,959886.9997762078,0.0,0.0,0.0,0.0,0.0
2007-04-24,959886.9997762078,0.0,0.0,0.0,0.0,0.0
2007-04-25,959886.9997762078,0.0,0.0,0.0,0.0,0.0
2007-04-26,959886.9997762078,0.0,0.0,0.0,0.0,0.0
2007-04-27,959886.9997762078,0.0,0.0,0.0,0.0,0.0
2007-04-30,959886.9997762078,0.0,0.0,0.0,0.0,0.0
2007-05-01,959886.9997762078,0.0,0.0,0.0,0.0,0.0
2007-05-02,959886.9997762078,0.0,0.0,0.0,0.0,0.0
2007-05-03,959886.9997762078,0.0,0.0,0.0,0.0,0.0
2007-05-04,959886.9997762078,0.0,0.0,0.0,0.0,0.0
2007-05-07,959886.9997762078,0.0,0.0,0.0,0.0,0.0
2007-05-08,959886.9997762078,0.0,0.0,0.0,0.0,0.0
2007-05-09,959886.9997762078,0.0,0.0,0.0,0.0,0.0
2007-05-10,959886.9997762078,0.0,0.0,0.0,0.0,0.0
2007-05-11,959886.9997762078,0.0,0.0,0.0,0.0,0.0
2007-05-14,959886.9997762078,0.0,0.0,0.0,0.0,0.0
2007-05-15,959886.9997762078,0.0,0.0,0.0,0.0,0.0
2007-05-16,959886.9997762078,0.0,0.0,0.0,0.0,0.0
2007-05-17,959886.9997762078,0.0,0.0,0.0,0.0,0.0
2007-05-18,959886.9997762078,0.0,0.0,0.0,0.0,0.0
2007-05-21,959886.9997762078,0.0,0.0,0.0,0.0,0.0
2007-05-22,959886.9997762078,0.0,0.0,0.0,0.0,0.0
2007-05-23,959886.9997762078,0.0,0.0,0.0,0.0,0.0
2007-05-24,959886.9997762078,0.0,0.0,0.0,0.0,0.0
2007-05-25,959886.9997762078,0.0,0.0,0.0,0.0,0.0
2007-05-29,959886.9997762078,0.0,0.0,0.0,0.0,0.0
2007-05-30,959886.9997762078,0.0,0.0,0.0,0.0,0.0
2007-05-31,959886.9997762078,0.0,0.0,0.0,0.0,0.0
2007-06-01,959407.0562763198,0.0,479.94349988810393,-0.0005,0.5599930416373291,0.5
2007-06-04,958380.1679897856,-1026.8882865342873,0.0,-0.001069191996334199,0.5535415192005231,0.5
2007-06-05,965722.951992159,7342.7840023734725,0.0,0.0077208153180975915,0.6338213279577918,0.5
2007-06-06,962225.0119306118,-3497.9400615472105,0.0,-0.0036090225563909775,0.8182235874249678,0.5
2007-06-07,967929.9033056945,5704.891375082679,0.0,0.005964214711729622,1.0345111198147492,0.5
2007-06-08,961822.1725456525,-6107.730760041943,0.0,-0.006270528515974918,1.2477238094050453,0.5
2007-06-11,966798.1241382502,4975.951592597715,0.0,0.005200367084735393,0.9584799481091463,0.5
2007-06-12,964759.6943584407,-2038.4297798095638,0.0,-0.0021039975954313195,1.0314484592406716,0.5
2007-06-13,964321.9630996573,-437.73125878332155,0.0,-0.0004535147392290249,0.7090287199811314,0.5
2007-06-14,965343.7998755728,1021.836775915471,0.0,0.0010607667828458857,0.59048016797208,0.5
2007-06-15,976863.763650523,11519.963774950189,0.0,0.012077663965754472,0.5763789885421664,0.5
2007-06-18,981475.6905370407,4611.9268865176655,0.0,0.004743551734361103,0.8132460437108884,0.5
2007-06-19,966413.5818690505,-15062.108667990247,0.0,-0.015114437886857637,0.9702005321406764,0.5
2007-06-20,972242.3730745333,5828.791205482814,0.0,0.006067961165048544,1.1424511077083848,0.5
2007-06-21,959878.4398212333,-11877.812066762772,486.1211865372667,-0.012563438327936412,0.0,0.0
2007-06-22,959878.4398212333,0.0,0.0,0.0,0.0,0.0
2007-06-25,959878.4398212333,0.0,0.0,0.0,0.0,0.0
2007-06-26,959878.4398212333,0.0,0.0,0.0,0.0,0.0
2007-06-27,959878.4398212333,0.0,0.0,0.0,0.0,0.0
2007-06-28,959878.4398212333,0.0,0.0,0.0,0.0,0.0
2007-06-29,959878.4398212333,0.0,0.0,0.0,0.0,0.0
2007-07-02,959878.4398212333,0.0,0.0,0.0,0.0,0.0
2007-07-03,959878.4398212333,0.0,0.0,0.0,0.0,0.0
2007-07-05,959878.4398212333,0.0,0.0,0.0,0.0,0.0
2007-07-06,959878.4398212333,0.0,0.0,0.0,0.0,0.0
2007-07-09,959878.4398212333,0.0,0.0,0.0,0.0,0.0
2007-07-10,959878.4398212333,0.0,0.0,0.0,0.0,0.0
2007-07-11,959878.4398212333,0.0,0.0,0.0,0.0,0.0
2007-07-12,959878.4398212333,0.0,0.0,0.0,0.0,0.0
2007-07-13,959878.4398212333,0.0,0.0,0.0,0.0,0.0
2007-07-16,959878.4398212333,0.0,0.0,0.0,0.0,0.0
2007-07-17,959878.4398212333,0.0,0.0,0.0,0.0,0.0
2007-07-18,959878.4398212333,0.0,0.0,0.0,0.0,0.0
2007-07-19,959878.4398212333,0.0,0.0,0.0,0.0,0.0
2007-07-20,959878.4398212333,0.0,0.0,0.0,0.0,0.0
2007-07-23,959878.4398212333,0.0,0.0,0.0,0.0,0.0
2007-07-24,959878.4398212333,0.0,0.0,0.0,0.0,0.0
2007-07-25,959878.4398212333,0.0,0.0,0.0,0.0,0.0
2007-07-26,959878.4398212333,0.0,0.0,0.0,0.0,0.0
2007-07-27,959878.4398212333,0.0,0.0,0.0,0.0,0.0
2007-07-30,959878.4398212333,0.0,0.0,0.0,0.0,0.0
2007-07-31,959878.4398212333,0.0,0.0,0.0,0.0,0.0
2007-08-01,959878.4398212333,0.0,0.0,0.0,0.0,0.0
2007-08-02,959878.4398212333,0.0,0.0,0.0,0.0,0.0
2007-08-03,959878.4398212333,0.0,0.0,0.0,0.0,0.0
2007-08-06,959878.4398212333,0.0,0.0,0.0,0.0,0.0
2007-08-07,959878.4398212333,0.0,0.0,0.0,0.0,0.0
2007-08-08,959878.4398212333,0.0,0.0,0.0,0.0,0.0
2007-08-09,959878.4398212333,0.0,0.0,0.0,0.0,0.0
2007-08-10,959878.4398212333,0.0,0.0,0.0,0.0,0.0
2007-08-13,959878.4398212333,0.0,0.0,0.0,0.0,0.0
2007-08-14,959398.5006013226,0.0,479.93921991061666,-0.0005,0.45333106668366596,0.5
2007-08-15,953190.6279503729,-6207.872650949735,0.0,-0.0064289888953828166,0.10343442100786922,0.5
2007-08-16,930133.9805142122,-22580.05212218553,476.59531397518646,-0.02362916606025324,0.0,0.0
2007-08-17,930133.9805142122,0.0,0.0,0.0,0.0,0.0
2007-08-20,929668.913523955,0.0,465.0669902571061,-0.0005,1.0853013924652928,0.5
2007-08-21,931959.4436465887,2290.530122633705,0.0,0.002469898116702686,1.386175595740474,0.5
2007-08-22,940813.4867826734,8854.043136084661,0.0,0.009591584158415841,1.5876795845387524,0.5
2007-08-23,946896.9424114937,6083.455628820294,0.0,0.006508248827001665,1.552893606775399,0.5
2007-08-24,950832.9748324441,3936.0324209503897,0.0,0.0041741204531902205,1.7164156597278735,0.5
2007-08-27,955032.7671241069,4199.792291662739,0.0,0.004436557231588288,1.2658246927930326,0.5
2007-08-28,954335.8663891944,-696.9007349125123,0.0,-0.0007291818579553741,0.8661297855888517,0.5
2007-08-29,956149.1324317345,1813.2660425401239,0.0,0.0019036462146727192,0.6694493775727514,0.5
2007-08-30,962831.5957917699,6682.463360035419,0.0,0.007038123167155426,0.6336139411792463,0.5
2007-08-31,961449.0116507708,-1382.5841409990953,0.0,-0.0014338973329509608,0.6409008349988191,0.5
2007-09-04,961449.0116507708,0.0,0.0,0.0,0.0,0.0
2007-09-05,961449.0116507708,0.0,0.0,0.0,0.0,0.0
2007-09-06,961449.0116507708,0.0,0.0,0.0,0.0,0.0
2007-09-07,961449.0116507708,0.0,0.0,0.0,0.0,0.0
2007-09-10,961449.0116507708,0.0,0.0,0.0,0.0,0.0
2007-09-11,961449.0116507708,0.0,0.0,0.0,0.0,0.0
2007-09-12,961449.0116507708,0.0,0.0,0.0,0.0,0.0
2007-09-13,961449.0116507708,0.0,0.0,0.0,0.0,0.0
2007-09-14,961449.0116507708,0.0,0.0,0.0,0.0,0.0
2007-09-17,961449.0116507708,0.0,0.0,0.0,0.0,0.0
2007-09-18,961449.0116507708,0.0,0.0,0.0,0.0,0.0
2007-09-19,961449.0116507708,0.0,0.0,0.0,0.0,0.0
2007-09-20,961449.0116507708,0.0,0.0,0.0,0.0,0.0
2007-09-21,961449.0116507708,0.0,0.0,0.0,0.0,0.0
2007-09-24,961449.0116507708,0.0,0.0,0.0,0.0,0.0
2007-09-25,961449.0116507708,0.0,0.0,0.0,0.0,0.0
2007-09-26,961449.0116507708,0.0,0.0,0.0,0.0,0.0
2007-09-27,961449.0116507708,0.0,0.0,0.0,0.0,0.0
2007-09-28,961449.0116507708,0.0,0.0,0.0,0.0,0.0
2007-10-01,961449.0116507708,0.0,0.0,0.0,0.0,0.0
2007-10-02,961449.0116507708,0.0,0.0,0.0,0.0,0.0
2007-10-03,961449.0116507708,0.0,0.0,0.0,0.0,0.0
2007-10-04,961449.0116507708,0.0,0.0,0.0,0.0,0.0
2007-10-05,961449.0116507708,0.0,0.0,0.0,0.0,0.0
2007-10-08,961449.0116507708,0.0,0.0,0.0,0.0,0.0
2007-10-09,961449.0116507708,0.0,0.0,0.0,0.0,0.0
2007-10-10,961449.0116507708,0.0,0.0,0.0,0.0,0.0
2007-10-11,961449.0116507708,0.0,0.0,0.0,0.0,0.0
2007-10-12,961449.0116507708,0.0,0.0,0.0,0.0,0.0
2007-10-15,961449.0116507708,0.0,0.0,0.0,0.0,0.0
2007-10-16,961449.0116507708,0.0,0.0,0.0,0.0,0.0
2007-10-17,961449.0116507708,0.0,0.0,0.0,0.0,0.0
2007-10-18,961449.0116507708,0.0,0.0,0.0,0.0,0.0
2007-10-19,961449.0116507708,0.0,0.0,0.0,0.0,0.0
2007-10-22,961449.0116507708,0.0,0.0,0.0,0.0,0.0
2007-10-23,961449.0116507708,0.0,0.0,0.0,0.0,0.0
2007-10-24,961449.0116507708,0.0,0.0,0.0,0.0,0.0
2007-10-25,961449.0116507708,0.0,0.0,0.0,0.0,0.0
2007-10-26,961449.0116507708,0.0,0.0,0.0,0.0,0.0
2007-10-29,961449.0116507708,0.0,0.0,0.0,0.0,0.0
2007-10-30,961449.0116507708,0.0,0.0,0.0,0.0,0.0
2007-10-31,961449.0116507708,0.0,0.0,0.0,0.0,0.0
2007-11-01,961449.0116507708,0.0,0.0,0.0,0.0,0.0
2007-11-02,961449.0116507708,0.0,0.0,0.0,0.0,0.0
2007-11-05,961449.0116507708,0.0,0.0,0.0,0.0,0.0
2007-11-06,961449.0116507708,0.0,0.0,0.0,0.0,0.0
2007-11-07,961449.0116507708,0.0,0.0,0.0,0.0,0.0
2007-11-08,961449.0116507708,0.0,0.0,0.0,0.0,0.0
2007-11-09,961449.0116507708,0.0,0.0,0.0,0.0,0.0
2007-11-12,961449.0116507708,0.0,0.0,0.0,0.0,0.0
2007-11-13,961449.0116507708,0.0,0.0,0.0,0.0,0.0
2007-11-14,961449.0116507708,0.0,0.0,0.0,0.0,0.0
2007-11-15,961449.0116507708,0.0,0.0,0.0,0.0,0.0
2007-11-16,961449.0116507708,0.0,0.0,0.0,0.0,0.0
2007-11-19,961449.0116507708,0.0,0.0,0.0,0.0,0.0
2007-11-20,961449.0116507708,0.0,0.0,0.0,0.0,0.0
2007-11-21,961449.0116507708,0.0,0.0,0.0,0.0,0.0
2007-11-23,961449.0116507708,0.0,0.0,0.0,0.0,0.0
2007-11-26,961449.0116507708,0.0,0.0,0.0,0.0,0.0
2007-11-27,961449.0116507708,0.0,0.0,0.0,0.0,0.0
2007-11-28,961449.0116507708,0.0,0.0,0.0,0.0,0.0
2007-11-29,961449.0116507708,0.0,0.0,0.0,0.0,0.0
2007-11-30,961449.0116507708,0.0,0.0,0.0,0.0,0.0
2007-12-03,961449.0116507708,0.0,0.0,0.0,0.0,0.0
2007-12-04,961449.0116507708,0.0,0.0,0.0,0.0,0.0
2007-12-05,961449.0116507708,0.0,0.0,0.0,0.0,0.0
2007-12-06,961449.0116507708,0.0,0.0,0.0,0.0,0.0
2007-12-07,961449.0116507708,0.0,0.0,0.0,0.0,0.0
2007-12-10,961449.0116507708,0.0,0.0,0.0,0.0,0.0
2007-12-11,961449.0116507708,0.0,0.0,0.0,0.0,0.0
2007-12-12,961449.0116507708,0.0,0.0,0.0,0.0,0.0
2007-12-13,961449.0116507708,0.0,0.0,0.0,0.0,0.0
2007-12-14,961449.0116507708,0.0,0.0,0.0,0.0,0.0
2007-12-17,961449.0116507708,0.0,0.0,0.0,0.0,0.0
2007-12-18,961449.0116507708,0.0,0.0,0.0,0.0,0.0
2007-12-19,961449.0116507708,0.0,0.0,0.0,0.0,0.0
2007-12-20,961449.0116507708,0.0,0.0,0.0,0.0,0.0
2007-12-21,961449.0116507708,0.0,0.0,0.0,0.0,0.0
2007-12-24,961449.0116507708,0.0,0.0,0.0,0.0,0.0
2007-12-26,961449.0116507708,0.0,0.0,0.0,0.0,0.0
2007-12-27,961449.0116507708,0.0,0.0,0.0,0.0,0.0
2007-12-28,961449.0116507708,0.0,0.0,0.0,0.0,0.0
2007-12-31,961449.0116507708,0.0,0.0,0.0,0.0,0.0
2008-01-02,961449.0116507708,0.0,0.0,0.0,0.0,0.0
2008-01-03,961449.0116507708,0.0,0.0,0.0,0.0,0.0
2008-01-04,961449.0116507708,0.0,0.0,0.0,0.0,0.0
2008-01-07,961449.0116507708,0.0,0.0,0.0,0.0,0.0
2008-01-08,961449.0116507708,0.0,0.0,0.0,0.0,0.0
2008-01-09,961449.0116507708,0.0,0.0,0.0,0.0,0.0
2008-01-10,961449.0116507708,0.0,0.0,0.0,0.0,0.0
2008-01-11,961449.0116507708,0.0,0.0,0.0,0.0,0.0
2008-01-14,961449.0116507708,0.0,0.0,0.0,0.0,0.0
2008-01-15,961449.0116507708,0.0,0.0,0.0,0.0,0.0
2008-01-16,961449.0116507708,0.0,0.0,0.0,0.0,0.0
2008-01-17,961449.0116507708,0.0,0.0,0.0,0.0,0.0
2008-01-18,961449.0116507708,0.0,0.0,0.0,0.0,0.0
2008-01-22,961449.0116507708,0.0,0.0,0.0,0.0,0.0
2008-01-23,961449.0116507708,0.0,0.0,0.0,0.0,0.0
2008-01-24,961449.0116507708,0.0,0.0,0.0,0.0,0.0
2008-01-25,961449.0116507708,0.0,0.0,0.0,0.0,0.0
2008-01-28,961449.0116507708,0.0,0.0,0.0,0.0,0.0
2008-01-29,961449.0116507708,0.0,0.0,0.0,0.0,0.0
2008-01-30,961449.0116507708,0.0,0.0,0.0,0.0,0.0
2008-01-31,961449.0116507708,0.0,0.0,0.0,0.0,0.0
2008-02-01,961449.0116507708,0.0,0.0,0.0,0.0,0.0
2008-02-04,961449.0116507708,0.0,0.0,0.0,0.0,0.0
2008-02-05,961449.0116507708,0.0,0.0,0.0,0.0,0.0
2008-02-06,961449.0116507708,0.0,0.0,0.0,0.0,0.0
2008-02-07,961449.0116507708,0.0,0.0,0.0,0.0,0.0
2008-02-08,961449.0116507708,0.0,0.0,0.0,0.0,0.0
2008-02-11,961449.0116507708,0.0,0.0,0.0,0.0,0.0
2008-02-12,961449.0116507708,0.0,0.0,0.0,0.0,0.0
2008-02-13,961449.0116507708,0.0,0.0,0.0,0.0,0.0
2008-02-14,961449.0116507708,0.0,0.0,0.0,0.0,0.0
2008-02-15,961449.0116507708,0.0,0.0,0.0,0.0,0.0
2008-02-19,961449.0116507708,0.0,0.0,0.0,0.0,0.0
2008-02-20,961449.0116507708,0.0,0.0,0.0,0.0,0.0
2008-02-21,961449.0116507708,0.0,0.0,0.0,0.0,0.0
2008-02-22,961449.0116507708,0.0,0.0,0.0,0.0,0.0
2008-02-25,961449.0116507708,0.0,0.0,0.0,0.0,0.0
2008-02-26,961449.0116507708,0.0,0.0,0.0,0.0,0.0
2008-02-27,961449.0116507708,0.0,0.0,0.0,0.0,0.0
2008-02-28,961449.0116507708,0.0,0.0,0.0,0.0,0.0
2008-02-29,961449.0116507708,0.0,0.0,0.0,0.0,0.0
2008-03-03,961449.0116507708,0.0,0.0,0.0,0.0,0.0
2008-03-04,961449.0116507708,0.0,0.0,0.0,0.0,0.0
2008-03-05,961449.0116507708,0.0,0.0,0.0,0.0,0.0
2008-03-06,961449.0116507708,0.0,0.0,0.0,0.0,0.0
2008-03-07,961449.0116507708,0.0,0.0,0.0,0.0,0.0
2008-03-10,961449.0116507708,0.0,0.0,0.0,0.0,0.0
2008-03-11,961449.0116507708,0.0,0.0,0.0,0.0,0.0
2008-03-12,961449.0116507708,0.0,0.0,0.0,0.0,0.0
2008-03-13,961449.0116507708,0.0,0.0,0.0,0.0,0.0
2008-03-14,961449.0116507708,0.0,0.0,0.0,0.0,0.0
2008-03-17,961449.0116507708,0.0,0.0,0.0,0.0,0.0
2008-03-18,961449.0116507708,0.0,0.0,0.0,0.0,0.0
2008-03-19,961449.0116507708,0.0,0.0,0.0,0.0,0.0
2008-03-20,961449.0116507708,0.0,0.0,0.0,0.0,0.0
2008-03-24,961449.0116507708,0.0,0.0,0.0,0.0,0.0
2008-03-25,961449.0116507708,0.0,0.0,0.0,0.0,0.0
2008-03-26,961449.0116507708,0.0,0.0,0.0,0.0,0.0
2008-03-27,961449.0116507708,0.0,0.0,0.0,0.0,0.0
2008-03-28,961449.0116507708,0.0,0.0,0.0,0.0,0.0
2008-03-31,961449.0116507708,0.0,0.0,0.0,0.0,0.0
2008-04-01,961449.0116507708,0.0,0.0,0.0,0.0,0.0
2008-04-02,961449.0116507708,0.0,0.0,0.0,0.0,0.0
2008-04-03,961449.0116507708,0.0,0.0,0.0,0.0,0.0
2008-04-04,961449.0116507708,0.0,0.0,0.0,0.0,0.0
2008-04-07,961449.0116507708,0.0,0.0,0.0,0.0,0.0
2008-04-08,961449.0116507708,0.0,0.0,0.0,0.0,0.0
2008-04-09,961449.0116507708,0.0,0.0,0.0,0.0,0.0
2008-04-10,961449.0116507708,0.0,0.0,0.0,0.0,0.0
2008-04-11,961449.0116507708,0.0,0.0,0.0,0.0,0.0
2008-04-14,961449.0116507708,0.0,0.0,0.0,0.0,0.0
2008-04-15,961449.0116507708,0.0,0.0,0.0,0.0,0.0
2008-04-16,961449.0116507708,0.0,0.0,0.0,0.0,0.0
2008-04-17,961449.0116507708,0.0,0.0,0.0,0.0,0.0
2008-04-18,961449.0116507708,0.0,0.0,0.0,0.0,0.0
2008-04-21,961449.0116507708,0.0,0.0,0.0,0.0,0.0
2008-04-22,961449.0116507708,0.0,0.0,0.0,0.0,0.0
2008-04-23,961449.0116507708,0.0,0.0,0.0,0.0,0.0
2008-04-24,961449.0116507708,0.0,0.0,0.0,0.0,0.0
2008-04-25,961449.0116507708,0.0,0.0,0.0,0.0,0.0
2008-04-28,961449.0116507708,0.0,0.0,0.0,0.0,0.0
2008-04-29,961449.0116507708,0.0,0.0,0.0,0.0,0.0
2008-04-30,961449.0116507708,0.0,0.0,0.0,0.0,0.0
2008-05-01,961449.0116507708,0.0,0.0,0.0,0.0,0.0
2008-05-02,961449.0116507708,0.0,0.0,0.0,0.0,0.0
2008-05-05,961449.0116507708,0.0,0.0,0.0,0.0,0.0
2008-05-06,961449.0116507708,0.0,0.0,0.0,0.0,0.0
2008-05-07,961449.0116507708,0.0,0.0,0.0,0.0,0.0
2008-05-08,961449.0116507708,0.0,0.0,0.0,0.0,0.0
2008-05-09,961449.0116507708,0.0,0.0,0.0,0.0,0.0
2008-05-12,961449.0116507708,0.0,0.0,0.0,0.0,0.0
2008-05-13,961449.0116507708,0.0,0.0,0.0,0.0,0.0
2008-05-14,961449.0116507708,0.0,0.0,0.0,0.0,0.0
2008-05-15,961449.0116507708,0.0,0.0,0.0,0.0,0.0
2008-05-16,961449.0116507708,0.0,0.0,0.0,0.0,0.0
2008-05-19,961449.0116507708,0.0,0.0,0.0,0.0,0.0
2008-05-20,961449.0116507708,0.0,0.0,0.0,0.0,0.0
2008-05-21,961449.0116507708,0.0,0.0,0.0,0.0,0.0
2008-05-22,961449.0116507708,0.0,0.0,0.0,0.0,0.0
2008-05-23,961449.0116507708,0.0,0.0,0.0,0.0,0.0
2008-05-27,961449.0116507708,0.0,0.0,0.0,0.0,0.0
2008-05-28,961449.0116507708,0.0,0.0,0.0,0.0,0.0
2008-05-29,961449.0116507708,0.0,0.0,0.0,0.0,0.0
2008-05-30,961449.0116507708,0.0,0.0,0.0,0.0,0.0
2008-06-02,960968.2871449454,0.0,480.7245058253854,-0.0005,3.0,0.5
2008-06-03,958857.0422812069,-2111.2448637384373,0.0,-0.0021921812203142127,3.0,0.5
2008-06-04,969260.2356417422,10403.193360535346,0.0,0.01096858152072876,3.0,0.5
2008-06-05,990756.6691831833,21981.063659261974,484.63011782087113,0.022692817679558015,0.0,0.0
2008-06-06,990756.6691831833,0.0,0.0,0.0,0.0,0.0
2008-06-09,990261.2908485917,0.0,495.3783345915917,-0.0005,3.0,0.5
2008-06-10,988385.7959795602,-1875.4948690314238,0.0,-0.001890359168241966,2.758501412741917,0.5
2008-06-11,1011806.9178823202,23915.314800749813,494.19289798978014,0.024283917817924192,0.0,0.0
2008-06-12,1011806.9178823202,0.0,0.0,0.0,0.0,0.0
2008-06-13,1011301.0144233791,0.0,505.9034589411601,-0.0005,2.2040875111716614,0.5
2008-06-16,1002873.5059698509,-8427.508453528158,0.0,-0.008264462809917356,1.93994451227442,0.5
2008-06-17,1010718.6702929528,7845.164323101833,0.0,0.007884362680683312,1.880680229140813,0.5
2008-06-18,1010069.9420065003,-648.7282864524728,0.0,-0.0006414368184733803,1.7106475906542737,0.5
2008-06-19,1006661.9296700387,-3408.012336461521,0.0,-0.0033626901521216974,1.5743985617136185,0.5
2008-06-20,1002428.1525475184,-4233.777122520383,0.0,-0.004188144329896908,1.4793198098700546,0.5
2008-06-23,996704.6639114396,-5723.488636078817,0.0,-0.005677210056772101,1.330720011216406,0.5
2008-06-24,992099.4278405616,-4605.236070877939,0.0,-0.0045992115637319315,1.306926197609566,0.5
2008-06-25,1004161.9292117077,12062.501371146069,0.0,0.012308211094250548,1.3291331898410161,0.5
2008-06-26,1016162.8888535062,12000.959641798458,0.0,0.012095778820044435,1.290083342538818,0.5
2008-06-27,1018502.7906938073,2339.90184030107,0.0,0.0023079984082769595,1.3791404874109046,0.5
2008-06-30,1026069.915442876,7567.124749068755,0.0,0.007485268354833572,1.4938423478086158,0.5
2008-07-01,1033421.8182638063,7351.902820930264,0.0,0.0072168183244430495,1.2457492085698416,0.5
2008-07-02,1039055.490645312,5633.6723815057,0.0,0.005481355670501042,1.1743403927766756,0.5
2008-07-03,1042922.5511831838,3867.060537871813,0.0,0.003735610276740108,1.1130956313125662,0.5
2008-07-07,1021221.2073859463,-21701.34379723754,0.0,-0.020384047267355983,0.9213729002923486,0.5
2008-07-08,1012223.6637085371,-8997.54367740922,0.0,-0.008733624454148473,0.9761078202070285,0.5
2008-07-09,1017735.4517556367,5511.788047099658,0.0,0.005475040257648953,0.89959392914756,0.5
2008-07-10,1027893.4576904601,10158.00593482337,0.0,0.010081613058089295,0.8374142054229318,0.5
2008-07-11,1034599.1932019542,6705.735511494148,0.0,0.006566604127579737,0.8653208821941236,0.5
2008-07-14,1023336.3071674036,-11262.88603455056,0.0,-0.01076899742150766,0.7212258602542844,0.5
2008-07-15,1006334.1678947164,-17002.139272687273,0.0,-0.016342892383595438,0.6165647338372853,0.5
2008-07-16,1016449.7188690148,10115.550974298381,0.0,0.010153946937438586,0.6236855423432031,0.5
2008-07-17,999648.897069527,-16800.821799487847,0.0,-0.016260162601626018,0.6552563002318031,0.5
2008-07-18,982389.6729659804,-16759.39965501179,499.82444853476346,-0.016980601357904947,0.4973358212958986,0.5
2008-07-21,981898.4781294974,0.0,491.1948364829902,-0.0005,0.6765645733228097,0.5
2008-07-22,984423.7580040767,2525.2798745792325,0.0,0.0025784653685427227,0.6716643509705601,0.5
2008-07-23,976606.7350448066,-7817.022959270064,0.0,-0.007878151260504203,0.685271178671889,0.5
2008-07-24,973367.1394560799,-3239.5955887267205,0.0,-0.0033062282191046372,0.7437818178759142,0.5
2008-07-25,978198.8355454378,4831.696089357798,0.0,0.004988662131519275,0.8047398870849942,0.5
2008-07-28,978723.3389425131,524.5033970753018,0.0,0.0005364806866952791,0.5363193921595097,0.5
2008-07-29,973131.6326675336,-5591.706274979542,0.0,-0.005680809515355938,0.5524415402833104,0.5
2008-07-30,976558.7713413673,3427.1386738336473,0.0,0.003534209333937472,0.517671025452911,0.5
2008-07-31,977171.7476146268,612.9762732594666,0.0,0.0006280843427545985,0.43545230621702136,0.5
2008-08-01,962892.5782279809,-13301.99763903128,977.1717476146268,-0.01441650468280615,-0.4274570374546025,-0.5
2008-08-04,987979.9101777617,25087.331949780757,0.0,0.02675111069099159,-0.5211872004091812,-0.5
2008-08-05,997383.7593616603,9403.849183898665,0.0,0.009609727397528928,-0.6346370543556231,-0.5
2008-08-06,1013973.9050619334,16590.145700273162,0.0,0.016915022150624244,-0.6845686669471253,-0.5
2008-08-07,1004627.5663221164,-9346.338739817085,0.0,-0.009133346864217578,-0.8160809509979208,-0.5
2008-08-08,1022408.5851950742,17781.01887295781,0.0,0.018018018018018018,-0.9059381842810991,-0.5
2008-08-11,1015586.843175424,-6821.742019650203,0.0,-0.006628003314001657,-0.951832186253701,-0.5
2008-08-12,1013497.1583129232,-2089.6848625008724,0.0,-0.002053388090349076,-0.9962183042036062,-0.5
2008-08-13,992222.0253421084,-20768.38439165826,506.7485791564616,-0.02057028112449799,0.0,0.0
2008-08-14,991725.9143294374,0.0,496.11101267105425,-0.0005,-1.0775136067789677,-0.5
2008-08-15,1005262.1170942711,13536.20276483375,0.0,0.013838013838013837,-1.1195236972423888,-0.5
2008-08-18,976754.8665954173,-28004.619440306768,502.6310585471356,-0.027589439871511745,0.0,0.0
2008-08-19,976754.8665954173,0.0,0.0,0.0,0.0,0.0
2008-08-20,976754.8665954173,0.0,0.0,0.0,0.0,0.0
2008-08-21,976754.8665954173,0.0,0.0,0.0,0.0,0.0
2008-08-22,976754.8665954173,0.0,0.0,0.0,0.0,0.0
2008-08-25,976754.8665954173,0.0,0.0,0.0,0.0,0.0
2008-08-26,976754.8665954173,0.0,0.0,0.0,0.0,0.0
2008-08-27,976754.8665954173,0.0,0.0,0.0,0.0,0.0
2008-08-28,976754.8665954173,0.0,0.0,0.0,0.0,0.0
2008-08-29,976754.8665954173,0.0,0.0,0.0,0.0,0.0
2008-09-02,976754.8665954173,0.0,0.0,0.0,0.0,0.0
2008-09-03,976754.8665954173,0.0,0.0,0.0,0.0,0.0
2008-09-04,976754.8665954173,0.0,0.0,0.0,0.0,0.0
2008-09-05,976754.8665954173,0.0,0.0,0.0,0.0,0.0
2008-09-08,976754.8665954173,0.0,0.0,0.0,0.0,0.0
2008-09-09,976754.8665954173,0.0,0.0,0.0,0.0,0.0
2008-09-10,976754.8665954173,0.0,0.0,0.0,0.0,0.0
2008-09-11,976754.8665954173,0.0,0.0,0.0,0.0,0.0
2008-09-12,976754.8665954173,0.0,0.0,0.0,0.0,0.0
2008-09-15,976754.8665954173,0.0,0.0,0.0,0.0,0.0
2008-09-16,976754.8665954173,0.0,0.0,0.0,0.0,0.0
2008-09-17,976754.8665954173,0.0,0.0,0.0,0.0,0.0
2008-09-18,976754.8665954173,0.0,0.0,0.0,0.0,0.0
2008-09-19,976754.8665954173,0.0,0.0,0.0,0.0,0.0
2008-09-22,976754.8665954173,0.0,0.0,0.0,0.0,0.0
2008-09-23,976754.8665954173,0.0,0.0,0.0,0.0,0.0
2008-09-24,976754.8665954173,0.0,0.0,0.0,0.0,0.0
2008-09-25,976754.8665954173,0.0,0.0,0.0,0.0,0.0
2008-09-26,976754.8665954173,0.0,0.0,0.0,0.0,0.0
2008-09-29,976754.8665954173,0.0,0.0,0.0,0.0,0.0
2008-09-30,976754.8665954173,0.0,0.0,0.0,0.0,0.0
2008-10-01,976754.8665954173,0.0,0.0,0.0,0.0,0.0
2008-10-02,976754.8665954173,0.0,0.0,0.0,0.0,0.0
2008-10-03,976754.8665954173,0.0,0.0,0.0,0.0,0.0
2008-10-06,976754.8665954173,0.0,0.0,0.0,0.0,0.0
2008-10-07,976754.8665954173,0.0,0.0,0.0,0.0,0.0
2008-10-08,976754.8665954173,0.0,0.0,0.0,0.0,0.0
2008-10-09,976754.8665954173,0.0,0.0,0.0,0.0,0.0
2008-10-10,976754.8665954173,0.0,0.0,0.0,0.0,0.0
2008-10-13,976754.8665954173,0.0,0.0,0.0,0.0,0.0
2008-10-14,976754.8665954173,0.0,0.0,0.0,0.0,0.0
2008-10-15,976754.8665954173,0.0,0.0,0.0,0.0,0.0
2008-10-16,976754.8665954173,0.0,0.0,0.0,0.0,0.0
2008-10-17,976754.8665954173,0.0,0.0,0.0,0.0,0.0
2008-10-20,976754.8665954173,0.0,0.0,0.0,0.0,0.0
2008-10-21,976754.8665954173,0.0,0.0,0.0,0.0,0.0
2008-10-22,976754.8665954173,0.0,0.0,0.0,0.0,0.0
2008-10-23,976754.8665954173,0.0,0.0,0.0,0.0,0.0
2008-10-24,976754.8665954173,0.0,0.0,0.0,0.0,0.0
2008-10-27,976754.8665954173,0.0,0.0,0.0,0.0,0.0
2008-10-28,976754.8665954173,0.0,0.0,0.0,0.0,0.0
2008-10-29,976754.8665954173,0.0,0.0,0.0,0.0,0.0
2008-10-30,976754.8665954173,0.0,0.0,0.0,0.0,0.0
2008-10-31,976754.8665954173,0.0,0.0,0.0,0.0,0.0
2008-11-03,976754.8665954173,0.0,0.0,0.0,0.0,0.0
2008-11-04,976754.8665954173,0.0,0.0,0.0,0.0,0.0
2008-11-05,976754.8665954173,0.0,0.0,0.0,0.0,0.0
2008-11-06,976754.8665954173,0.0,0.0,0.0,0.0,0.0
2008-11-07,976754.8665954173,0.0,0.0,0.0,0.0,0.0
2008-11-10,976754.8665954173,0.0,0.0,0.0,0.0,0.0
2008-11-11,976754.8665954173,0.0,0.0,0.0,0.0,0.0
2008-11-12,976754.8665954173,0.0,0.0,0.0,0.0,0.0
2008-11-13,976754.8665954173,0.0,0.0,0.0,0.0,0.0
2008-11-14,976754.8665954173,0.0,0.0,0.0,0.0,0.0
2008-11-17,976754.8665954173,0.0,0.0,0.0,0.0,0.0
2008-11-18,976754.8665954173,0.0,0.0,0.0,0.0,0.0
2008-11-19,976754.8665954173,0.0,0.0,0.0,0.0,0.0
2008-11-20,976754.8665954173,0.0,0.0,0.0,0.0,0.0
2008-11-21,976754.8665954173,0.0,0.0,0.0,0.0,0.0
2008-11-24,976754.8665954173,0.0,0.0,0.0,0.0,0.0
2008-11-25,976754.8665954173,0.0,0.0,0.0,0.0,0.0
2008-11-26,976754.8665954173,0.0,0.0,0.0,0.0,0.0
2008-11-28,976754.8665954173,0.0,0.0,0.0,0.0,0.0
2008-12-01,976754.8665954173,0.0,0.0,0.0,0.0,0.0
2008-12-02,976754.8665954173,0.0,0.0,0.0,0.0,0.0
2008-12-03,976754.8665954173,0.0,0.0,0.0,0.0,0.0
2008-12-04,976754.8665954173,0.0,0.0,0.0,0.0,0.0
2008-12-05,976754.8665954173,0.0,0.0,0.0,0.0,0.0
2008-12-08,976754.8665954173,0.0,0.0,0.0,0.0,0.0
2008-12-09,976754.8665954173,0.0,0.0,0.0,0.0,0.0
2008-12-10,976754.8665954173,0.0,0.0,0.0,0.0,0.0
2008-12-11,976754.8665954173,0.0,0.0,0.0,0.0,0.0
2008-12-12,976754.8665954173,0.0,0.0,0.0,0.0,0.0
2008-12-15,976754.8665954173,0.0,0.0,0.0,0.0,0.0
2008-12-16,976754.8665954173,0.0,0.0,0.0,0.0,0.0
2008-12-17,976754.8665954173,0.0,0.0,0.0,0.0,0.0
2008-12-18,976754.8665954173,0.0,0.0,0.0,0.0,0.0
2008-12-19,976754.8665954173,0.0,0.0,0.0,0.0,0.0
2008-12-22,976754.8665954173,0.0,0.0,0.0,0.0,0.0
2008-12-23,976754.8665954173,0.0,0.0,0.0,0.0,0.0
2008-12-24,976754.8665954173,0.0,0.0,0.0,0.0,0.0
2008-12-26,976754.8665954173,0.0,0.0,0.0,0.0,0.0
2008-12-29,976754.8665954173,0.0,0.0,0.0,0.0,0.0
2008-12-30,976754.8665954173,0.0,0.0,0.0,0.0,0.0
2008-12-31,976754.8665954173,0.0,0.0,0.0,0.0,0.0
2009-01-02,976754.8665954173,0.0,0.0,0.0,0.0,0.0
2009-01-05,976754.8665954173,0.0,0.0,0.0,0.0,0.0
2009-01-06,976754.8665954173,0.0,0.0,0.0,0.0,0.0
2009-01-07,976754.8665954173,0.0,0.0,0.0,0.0,0.0
2009-01-08,976754.8665954173,0.0,0.0,0.0,0.0,0.0
2009-01-09,976754.8665954173,0.0,0.0,0.0,0.0,0.0
2009-01-12,976754.8665954173,0.0,0.0,0.0,0.0,0.0
2009-01-13,976754.8665954173,0.0,0.0,0.0,0.0,0.0
2009-01-14,976754.8665954173,0.0,0.0,0.0,0.0,0.0
2009-01-15,976754.8665954173,0.0,0.0,0.0,0.0,0.0
2009-01-16,976754.8665954173,0.0,0.0,0.0,0.0,0.0
2009-01-20,976754.8665954173,0.0,0.0,0.0,0.0,0.0
2009-01-21,976754.8665954173,0.0,0.0,0.0,0.0,0.0
2009-01-22,976754.8665954173,0.0,0.0,0.0,0.0,0.0
2009-01-23,976754.8665954173,0.0,0.0,0.0,0.0,0.0
2009-01-26,976754.8665954173,0.0,0.0,0.0,0.0,0.0
2009-01-27,976754.8665954173,0.0,0.0,0.0,0.0,0.0
2009-01-28,976754.8665954173,0.0,0.0,0.0,0.0,0.0
2009-01-29,976754.8665954173,0.0,0.0,0.0,0.0,0.0
2009-01-30,976754.8665954173,0.0,0.0,0.0,0.0,0.0
2009-02-02,976754.8665954173,0.0,0.0,0.0,0.0,0.0
2009-02-03,976754.8665954173,0.0,0.0,0.0,0.0,0.0
2009-02-04,976754.8665954173,0.0,0.0,0.0,0.0,0.0
2009-02-05,976754.8665954173,0.0,0.0,0.0,0.0,0.0
2009-02-06,976754.8665954173,0.0,0.0,0.0,0.0,0.0
2009-02-09,976754.8665954173,0.0,0.0,0.0,0.0,0.0
2009-02-10,976754.8665954173,0.0,0.0,0.0,0.0,0.0
2009-02-11,976754.8665954173,0.0,0.0,0.0,0.0,0.0
2009-02-12,976754.8665954173,0.0,0.0,0.0,0.0,0.0
2009-02-13,976754.8665954173,0.0,0.0,0.0,0.0,0.0
2009-02-17,976754.8665954173,0.0,0.0,0.0,0.0,0.0
2009-02-18,976754.8665954173,0.0,0.0,0.0,0.0,0.0
2009-02-19,976754.8665954173,0.0,0.0,0.0,0.0,0.0
2009-02-20,976754.8665954173,0.0,0.0,0.0,0.0,0.0
2009-02-23,976754.8665954173,0.0,0.0,0.0,0.0,0.0
2009-02-24,976754.8665954173,0.0,0.0,0.0,0.0,0.0
2009-02-25,976754.8665954173,0.0,0.0,0.0,0.0,0.0
2009-02-26,976754.8665954173,0.0,0.0,0.0,0.0,0.0
2009-02-27,976754.8665954173,0.0,0.0,0.0,0.0,0.0
2009-03-02,976754.8665954173,0.0,0.0,0.0,0.0,0.0
2009-03-03,976754.8665954173,0.0,0.0,0.0,0.0,0.0
2009-03-04,976754.8665954173,0.0,0.0,0.0,0.0,0.0
2009-03-05,976754.8665954173,0.0,0.0,0.0,0.0,0.0
2009-03-06,976754.8665954173,0.0,0.0,0.0,0.0,0.0
2009-03-09,976754.8665954173,0.0,0.0,0.0,0.0,0.0
2009-03-10,976754.8665954173,0.0,0.0,0.0,0.0,0.0
2009-03-11,976754.8665954173,0.0,0.0,0.0,0.0,0.0
2009-03-12,976754.8665954173,0.0,0.0,0.0,0.0,0.0
2009-03-13,976754.8665954173,0.0,0.0,0.0,0.0,0.0
2009-03-16,976754.8665954173,0.0,0.0,0.0,0.0,0.0
2009-03-17,976754.8665954173,0.0,0.0,0.0,0.0,0.0
2009-03-18,976754.8665954173,0.0,0.0,0.0,0.0,0.0
2009-03-19,976754.8665954173,0.0,0.0,0.0,0.0,0.0
2009-03-20,976754.8665954173,0.0,0.0,0.0,0.0,0.0
2009-03-23,976754.8665954173,0.0,0.0,0.0,0.0,0.0
2009-03-24,976754.8665954173,0.0,0.0,0.0,0.0,0.0
2009-03-25,976754.8665954173,0.0,0.0,0.0,0.0,0.0
2009-03-26,976754.8665954173,0.0,0.0,0.0,0.0,0.0
2009-03-27,976754.8665954173,0.0,0.0,0.0,0.0,0.0
2009-03-30,976754.8665954173,0.0,0.0,0.0,0.0,0.0
2009-03-31,976754.8665954173,0.0,0.0,0.0,0.0,0.0
2009-04-01,976754.8665954173,0.0,0.0,0.0,0.0,0.0
2009-04-02,976754.8665954173,0.0,0.0,0.0,0.0,0.0
2009-04-03,976754.8665954173,0.0,0.0,0.0,0.0,0.0
2009-04-06,976754.8665954173,0.0,0.0,0.0,0.0,0.0
2009-04-07,976754.8665954173,0.0,0.0,0.0,0.0,0.0
2009-04-08,976754.8665954173,0.0,0.0,0.0,0.0,0.0
2009-04-09,976754.8665954173,0.0,0.0,0.0,0.0,0.0
2009-04-13,976754.8665954173,0.0,0.0,0.0,0.0,0.0
2009-04-14,976754.8665954173,0.0,0.0,0.0,0.0,0.0
2009-04-15,976754.8665954173,0.0,0.0,0.0,0.0,0.0
2009-04-16,976754.8665954173,0.0,0.0,0.0,0.0,0.0
2009-04-17,976754.8665954173,0.0,0.0,0.0,0.0,0.0
2009-04-20,976754.8665954173,0.0,0.0,0.0,0.0,0.0
2009-04-21,976754.8665954173,0.0,0.0,0.0,0.0,0.0
2009-04-22,976754.8665954173,0.0,0.0,0.0,0.0,0.0
2009-04-23,976754.8665954173,0.0,0.0,0.0,0.0,0.0
2009-04-24,976754.8665954173,0.0,0.0,0.0,0.0,0.0
2009-04-27,976754.8665954173,0.0,0.0,0.0,0.0,0.0
2009-04-28,976754.8665954173,0.0,0.0,0.0,0.0,0.0
2009-04-29,976754.8665954173,0.0,0.0,0.0,0.0,0.0
2009-04-30,976754.8665954173,0.0,0.0,0.0,0.0,0.0
2009-05-01,976754.8665954173,0.0,0.0,0.0,0.0,0.0
2009-05-04,976754.8665954173,0.0,0.0,0.0,0.0,0.0
2009-05-05,976754.8665954173,0.0,0.0,0.0,0.0,0.0
2009-05-06,976754.8665954173,0.0,0.0,0.0,0.0,0.0
2009-05-07,976754.8665954173,0.0,0.0,0.0,0.0,0.0
2009-05-08,976754.8665954173,0.0,0.0,0.0,0.0,0.0
2009-05-11,976754.8665954173,0.0,0.0,0.0,0.0,0.0
2009-05-12,976754.8665954173,0.0,0.0,0.0,0.0,0.0
2009-05-13,976754.8665954173,0.0,0.0,0.0,0.0,0.0
2009-05-14,976754.8665954173,0.0,0.0,0.0,0.0,0.0
2009-05-15,976754.8665954173,0.0,0.0,0.0,0.0,0.0
2009-05-18,976754.8665954173,0.0,0.0,0.0,0.0,0.0
2009-05-19,976754.8665954173,0.0,0.0,0.0,0.0,0.0
2009-05-20,976754.8665954173,0.0,0.0,0.0,0.0,0.0
2009-05-21,976754.8665954173,0.0,0.0,0.0,0.0,0.0
2009-05-22,976754.8665954173,0.0,0.0,0.0,0.0,0.0
2009-05-26,976754.8665954173,0.0,0.0,0.0,0.0,0.0
2009-05-27,976754.8665954173,0.0,0.0,0.0,0.0,0.0
2009-05-28,976754.8665954173,0.0,0.0,0.0,0.0,0.0
2009-05-29,976754.8665954173,0.0,0.0,0.0,0.0,0.0
2009-06-01,976266.4891621196,0.0,488.37743329770865,-0.0005,-0.13033307484415266,-0.5
2009-06-02,980072.2058822837,3805.716720164192,0.0,0.003913491246138002,-0.16940824045100078,-0.5
2009-06-03,991015.940191143,10943.734308859248,0.0,0.011292346298619823,-0.14627924239605825,-0.5
2009-06-04,970893.789121272,-20122.15106987092,0.0,-0.019900497512437807,-0.2896747480741085,-0.5
2009-06-05,972669.8143452744,1776.025224002327,0.0,0.0018326206475259622,-0.3402651567126618,-0.5
2009-06-08,969891.8915788864,-2777.9227663879724,0.0,-0.0028478437754271765,-0.16793298812401866,-0.5
2009-06-09,965563.7736042951,-4328.11797459138,0.0,-0.0044426494345718905,-0.29093142987869663,-0.5
2009-06-10,964593.162653748,-970.6109505471401,0.0,-0.0010042177144004819,-0.37282847778449335,-0.5
2009-06-11,956464.5685864411,-8128.594067306864,0.0,-0.008356545961002786,-0.24946634905138265,-0.5
2009-06-12,964579.796772948,8115.2281865069,0.0,0.00855721393034826,-0.174338763580926,-0.5
2009-06-15,983360.2544780817,18780.457705133675,0.0,0.019856704196519963,-0.6013476441845886,-0.5
2009-06-16,981614.523032162,-1745.7314459197355,0.0,-0.00177212550818305,-0.45686974943147807,-0.5
2009-06-17,979571.6207990046,-2042.9022331574654,0.0,-0.002076843198338526,-0.3768127885176667,-0.5
2009-06-18,976526.3204234636,-3045.300375540947,0.0,-0.003099173553719008,-0.4127060997950822,-0.5
2009-06-19,990505.4304686604,13979.110045196852,0.0,0.014523038345000521,-0.4508726790254391,-0.5
2009-06-22,1002057.126540708,11551.696072047567,0.0,0.011800042909246944,-0.6489707683161974,-0.5
2009-06-23,990091.6159111512,-11965.51062955687,0.0,-0.011800042909246944,-0.8205084819140328,-0.5
2009-06-24,987572.2988223187,-2519.3170888324457,0.0,-0.0025380710659898475,-0.9950016325104272,-0.5
2009-06-25,982494.84377542,-4583.668897487555,493.78614941115933,-0.005117597648047039,0.0,0.0
2009-06-26,982003.5963535323,0.0,491.24742188771,-0.0005,-1.5749360004851598,-0.5
2009-06-29,976280.0116953518,-5723.584658180454,0.0,-0.005794701986754967,-1.6084049863139451,-0.5
2009-06-30,971272.0568205442,-4519.814868959962,488.1400058476759,-0.005105990783410138,0.0,0.0
2009-07-01,970786.4207921339,0.0,485.6360284102721,-0.0005,-1.4489090081111975,-0.5
2009-07-02,976279.251468221,5978.223886483144,485.39321039606693,0.005693184089546272,0.0,0.0
2009-07-06,975791.1118424869,0.0,488.1396257341105,-0.0005,-1.0450940874114851,-0.5
2009-07-07,1002828.6572331225,27037.545390635576,0.0,0.028497964431112067,-1.0231658293545067,-0.5
2009-07-08,1024725.4452935723,21896.78806044974,0.0,0.022322435174746337,-1.067614958728353,-0.5
2009-07-09,1012199.9728303436,-12525.472463228627,0.0,-0.012075643654591022,-1.0146503151582689,-0.5
2009-07-10,1004110.5763793133,-8089.396451030436,0.0,-0.007928531546621998,-0.9499845014510275,-0.5
2009-07-13,1020463.8064621582,16353.230082845008,0.0,0.016555918459285956,-0.9233355779615209,-0.5
2009-07-14,1028644.3454512043,8180.53898904616,0.0,0.008081274532440544,-0.8962745358976035,-0.5
2009-07-15,1054264.6771465673,25620.331695362867,0.0,0.025543089042730966,-0.8753159895494774,-0.5
2009-07-16,1077250.8496762204,22986.17252965323,0.0,0.02228900576008014,-0.913345885609488,-0.5
2009-07-17,1058763.1942130271,-18487.655463193336,0.0,-0.016872324351548732,-0.8600911659257212,-0.5
2009-07-20,1046439.7989361543,-12323.395276872778,0.0,-0.011505507955936354,-0.6971342197192915,-0.5
2009-07-21,1055810.1456352437,9370.346699089476,0.0,0.009035409035409036,-0.6857100535358942,-0.5
2009-07-22,1053728.7062155586,-2081.4394196850544,0.0,-0.001967535661583866,-0.5820240347945382,-0.5
2009-07-23,1051142.2341826288,-2586.472032929697,0.0,-0.0024485798237022524,-0.5835164610848385,-0.5
2009-07-24,1052425.993628382,1283.7594457530884,0.0,0.001222792858889704,-0.5897382891361802,-0.5
2009-07-27,1052297.146175685,-128.8474526969126,0.0,-0.00012241400416207617,-1.299187639810172,-0.5
2009-07-28,1035166.7275170111,-17130.41865867394,0.0,-0.016018306636155603,-1.4110782358375886,-0.5
2009-07-29,1033694.2286158489,-1472.498901162178,0.0,-0.0014204545454545455,-1.543129117056379,-0.5
2009-07-30,998598.7211353134,-34578.660366227574,516.8471143079245,-0.03285256776850052,0.0,0.0
2009-07-31,998598.7211353134,0.0,0.0,0.0,0.0,0.0
2009-08-03,998598.7211353134,0.0,0.0,0.0,0.0,0.0
2009-08-04,998099.4217747457,0.0,499.2993605676567,-0.0005,-2.020626916205504,-0.5
2009-08-05,993815.7332692747,-4283.688505471012,0.0,-0.004273504273504274,-2.1431198515158276,-0.5
2009-08-06,995718.7846734073,1903.0514041326535,0.0,0.0019185674696226814,-2.0749775136124406,-0.5
2009-08-07,989764.0375630154,-5954.747110392013,0.0,-0.0059447983014862,-1.841007435345545,-0.5
2009-08-10,995613.2129644009,5849.175401385485,0.0,0.0059447983014862,-1.7910266223040883,-0.5
2009-08-11,976049.6897707391,-19563.52319366187,0.0,-0.019271051529116043,-1.7987985282044228,-0.5
2009-08-12,976250.2754036554,200.58563291630477,0.0,0.00020554984583761563,-1.707574729102333,-0.5
2009-08-13,987791.0629932339,11540.787589578573,0.0,0.01196296681577031,-1.7230897303038586,-0.5
2009-08-14,1024087.0285633159,36295.96557008198,0.0,0.03814624549131052,-2.1138221678365796,-0.5
2009-08-17,1075710.3246849847,52135.33963595063,512.043514281658,0.05311302681992338,0.0,0.0
2009-08-18,1075710.3246849847,0.0,0.0,0.0,0.0,0.0
2009-08-19,1075710.3246849847,0.0,0.0,0.0,0.0,0.0
2009-08-20,1075710.3246849847,0.0,0.0,0.0,0.0,0.0
2009-08-21,1075710.3246849847,0.0,0.0,0.0,0.0,0.0
2009-08-24,1075710.3246849847,0.0,0.0,0.0,0.0,0.0
2009-08-25,1075710.3246849847,0.0,0.0,0.0,0.0,0.0
2009-08-26,1075710.3246849847,0.0,0.0,0.0,0.0,0.0
2009-08-27,1075710.3246849847,0.0,0.0,0.0,0.0,0.0
2009-08-28,1075710.3246849847,0.0,0.0,0.0,0.0,0.0
2009-08-31,1075710.3246849847,0.0,0.0,0.0,0.0,0.0
2009-09-01,1075710.3246849847,0.0,0.0,0.0,0.0,0.0
2009-09-02,1075710.3246849847,0.0,0.0,0.0,0.0,0.0
2009-09-03,1075710.3246849847,0.0,0.0,0.0,0.0,0.0
2009-09-04,1075710.3246849847,0.0,0.0,0.0,0.0,0.0
2009-09-08,1075710.3246849847,0.0,0.0,0.0,0.0,0.0
2009-09-09,1075710.3246849847,0.0,0.0,0.0,0.0,0.0
2009-09-10,1075710.3246849847,0.0,0.0,0.0,0.0,0.0
2009-09-11,1075710.3246849847,0.0,0.0,0.0,0.0,0.0
2009-09-14,1075710.3246849847,0.0,0.0,0.0,0.0,0.0
2009-09-15,1075710.3246849847,0.0,0.0,0.0,0.0,0.0
2009-09-16,1075710.3246849847,0.0,0.0,0.0,0.0,0.0
2009-09-17,1075710.3246849847,0.0,0.0,0.0,0.0,0.0
2009-09-18,1075710.3246849847,0.0,0.0,0.0,0.0,0.0
2009-09-21,1075710.3246849847,0.0,0.0,0.0,0.0,0.0
2009-09-22,1075710.3246849847,0.0,0.0,0.0,0.0,0.0
2009-09-23,1075710.3246849847,0.0,0.0,0.0,0.0,0.0
2009-09-24,1075710.3246849847,0.0,0.0,0.0,0.0,0.0
2009-09-25,1075710.3246849847,0.0,0.0,0.0,0.0,0.0
2009-09-28,1075710.3246849847,0.0,0.0,0.0,0.0,0.0
2009-09-29,1075710.3246849847,0.0,0.0,0.0,0.0,0.0
2009-09-30,1075710.3246849847,0.0,0.0,0.0,0.0,0.0
2009-10-01,1075710.3246849847,0.0,0.0,0.0,0.0,0.0
2009-10-02,1075710.3246849847,0.0,0.0,0.0,0.0,0.0
2009-10-05,1075710.3246849847,0.0,0.0,0.0,0.0,0.0
2009-10-06,1075710.3246849847,0.0,0.0,0.0,0.0,0.0
2009-10-07,1075710.3246849847,0.0,0.0,0.0,0.0,0.0
2009-10-08,1075710.3246849847,0.0,0.0,0.0,0.0,0.0
2009-10-09,1075710.3246849847,0.0,0.0,0.0,0.0,0.0
2009-10-12,1075710.3246849847,0.0,0.0,0.0,0.0,0.0
2009-10-13,1075710.3246849847,0.0,0.0,0.0,0.0,0.0
2009-10-14,1075710.3246849847,0.0,0.0,0.0,0.0,0.0
2009-10-15,1075710.3246849847,0.0,0.0,0.0,0.0,0.0
2009-10-16,1075710.3246849847,0.0,0.0,0.0,0.0,0.0
2009-10-19,1075710.3246849847,0.0,0.0,0.0,0.0,0.0
2009-10-20,1075710.3246849847,0.0,0.0,0.0,0.0,0.0
2009-10-21,1075710.3246849847,0.0,0.0,0.0,0.0,0.0
2009-10-22,1075710.3246849847,0.0,0.0,0.0,0.0,0.0
2009-10-23,1075710.3246849847,0.0,0.0,0.0,0.0,0.0
2009-10-26,1075710.3246849847,0.0,0.0,0.0,0.0,0.0
2009-10-27,1075710.3246849847,0.0,0.0,0.0,0.0,0.0
2009-10-28,1075710.3246849847,0.0,0.0,0.0,0.0,0.0
2009-10-29,1075710.3246849847,0.0,0.0,0.0,0.0,0.0
2009-10-30,1075710.3246849847,0.0,0.0,0.0,0.0,0.0
2009-11-02,1075710.3246849847,0.0,0.0,0.0,0.0,0.0
2009-11-03,1075710.3246849847,0.0,0.0,0.0,0.0,0.0
2009-11-04,1075710.3246849847,0.0,0.0,0.0,0.0,0.0
2009-11-05,1075710.3246849847,0.0,0.0,0.0,0.0,0.0
2009-11-06,1075710.3246849847,0.0,0.0,0.0,0.0,0.0
2009-11-09,1075710.3246849847,0.0,0.0,0.0,0.0,0.0
2009-11-10,1075710.3246849847,0.0,0.0,0.0,0.0,0.0
2009-11-11,1075710.3246849847,0.0,0.0,0.0,0.0,0.0
2009-11-12,1075710.3246849847,0.0,0.0,0.0,0.0,0.0
2009-11-13,1075710.3246849847,0.0,0.0,0.0,0.0,0.0
2009-11-16,1075710.3246849847,0.0,0.0,0.0,0.0,0.0
2009-11-17,1075710.3246849847,0.0,0.0,0.0,0.0,0.0
2009-11-18,1075710.3246849847,0.0,0.0,0.0,0.0,0.0
2009-11-19,1075710.3246849847,0.0,0.0,0.0,0.0,0.0
2009-11-20,1075710.3246849847,0.0,0.0,0.0,0.0,0.0
2009-11-23,1075710.3246849847,0.0,0.0,0.0,0.0,0.0
2009-11-24,1075710.3246849847,0.0,0.0,0.0,0.0,0.0
2009-11-25,1075710.3246849847,0.0,0.0,0.0,0.0,0.0
2009-11-27,1075710.3246849847,0.0,0.0,0.0,0.0,0.0
2009-11-30,1075710.3246849847,0.0,0.0,0.0,0.0,0.0
2009-12-01,1075710.3246849847,0.0,0.0,0.0,0.0,0.0
2009-12-02,1075710.3246849847,0.0,0.0,0.0,0.0,0.0
2009-12-03,1075710.3246849847,0.0,0.0,0.0,0.0,0.0
2009-12-04,1075710.3246849847,0.0,0.0,0.0,0.0,0.0
2009-12-07,1075710.3246849847,0.0,0.0,0.0,0.0,0.0
2009-12-08,1075710.3246849847,0.0,0.0,0.0,0.0,0.0
2009-12-09,1075710.3246849847,0.0,0.0,0.0,0.0,0.0
2009-12-10,1075710.3246849847,0.0,0.0,0.0,0.0,0.0
2009-12-11,1075710.3246849847,0.0,0.0,0.0,0.0,0.0
2009-12-14,1075710.3246849847,0.0,0.0,0.0,0.0,0.0
2009-12-15,1075710.3246849847,0.0,0.0,0.0,0.0,0.0
2009-12-16,1075710.3246849847,0.0,0.0,0.0,0.0,0.0
2009-12-17,1075710.3246849847,0.0,0.0,0.0,0.0,0.0
2009-12-18,1075710.3246849847,0.0,0.0,0.0,0.0,0.0
2009-12-21,1075710.3246849847,0.0,0.0,0.0,0.0,0.0
2009-12-22,1075710.3246849847,0.0,0.0,0.0,0.0,0.0
2009-12-23,1075710.3246849847,0.0,0.0,0.0,0.0,0.0
2009-12-24,1075710.3246849847,0.0,0.0,0.0,0.0,0.0
2009-12-28,1075710.3246849847,0.0,0.0,0.0,0.0,0.0
2009-12-29,1075710.3246849847,0.0,0.0,0.0,0.0,0.0
2009-12-30,1075710.3246849847,0.0,0.0,0.0,0.0,0.0
2009-12-31,1075710.3246849847,0.0,0.0,0.0,0.0,0.0
2010-01-04,1075710.3246849847,0.0,0.0,0.0,0.0,0.0
2010-01-05,1075710.3246849847,0.0,0.0,0.0,0.0,0.0
2010-01-06,1075710.3246849847,0.0,0.0,0.0,0.0,0.0
2010-01-07,1075710.3246849847,0.0,0.0,0.0,0.0,0.0
2010-01-08,1075710.3246849847,0.0,0.0,0.0,0.0,0.0
2010-01-11,1075710.3246849847,0.0,0.0,0.0,0.0,0.0
2010-01-12,1075710.3246849847,0.0,0.0,0.0,0.0,0.0
2010-01-13,1075710.3246849847,0.0,0.0,0.0,0.0,0.0
2010-01-14,1075710.3246849847,0.0,0.0,0.0,0.0,0.0
2010-01-15,1075710.3246849847,0.0,0.0,0.0,0.0,0.0
2010-01-19,1075710.3246849847,0.0,0.0,0.0,0.0,0.0
2010-01-20,1075710.3246849847,0.0,0.0,0.0,0.0,0.0
2010-01-21,1075710.3246849847,0.0,0.0,0.0,0.0,0.0
2010-01-22,1075710.3246849847,0.0,0.0,0.0,0.0,0.0
2010-01-25,1075710.3246849847,0.0,0.0,0.0,0.0,0.0
2010-01-26,1075710.3246849847,0.0,0.0,0.0,0.0,0.0
2010-01-27,1075710.3246849847,0.0,0.0,0.0,0.0,0.0
2010-01-28,1075710.3246849847,0.0,0.0,0.0,0.0,0.0
2010-01-29,1075710.3246849847,0.0,0.0,0.0,0.0,0.0
2010-02-01,1075710.3246849847,0.0,0.0,0.0,0.0,0.0
2010-02-02,1075710.3246849847,0.0,0.0,0.0,0.0,0.0
2010-02-03,1075710.3246849847,0.0,0.0,0.0,0.0,0.0
2010-02-04,1075710.3246849847,0.0,0.0,0.0,0.0,0.0
2010-02-05,1075710.3246849847,0.0,0.0,0.0,0.0,0.0
2010-02-08,1075710.3246849847,0.0,0.0,0.0,0.0,0.0
2010-02-09,1075710.3246849847,0.0,0.0,0.0,0.0,0.0
2010-02-10,1075710.3246849847,0.0,0.0,0.0,0.0,0.0
2010-02-11,1075710.3246849847,0.0,0.0,0.0,0.0,0.0
2010-02-12,1075710.3246849847,0.0,0.0,0.0,0.0,0.0
2010-02-16,1075710.3246849847,0.0,0.0,0.0,0.0,0.0
2010-02-17,1075710.3246849847,0.0,0.0,0.0,0.0,0.0
2010-02-18,1075710.3246849847,0.0,0.0,0.0,0.0,0.0
2010-02-19,1075710.3246849847,0.0,0.0,0.0,0.0,0.0
2010-02-22,1075710.3246849847,0.0,0.0,0.0,0.0,0.0
2010-02-23,1075710.3246849847,0.0,0.0,0.0,0.0,0.0
2010-02-24,1075710.3246849847,0.0,0.0,0.0,0.0,0.0
2010-02-25,1075710.3246849847,0.0,0.0,0.0,0.0,0.0
2010-02-26,1075710.3246849847,0.0,0.0,0.0,0.0,0.0
2010-03-01,1075710.3246849847,0.0,0.0,0.0,0.0,0.0
2010-03-02,1075710.3246849847,0.0,0.0,0.0,0.0,0.0
2010-03-03,1075710.3246849847,0.0,0.0,0.0,0.0,0.0
2010-03-04,1075710.3246849847,0.0,0.0,0.0,0.0,0.0
2010-03-05,1075710.3246849847,0.0,0.0,0.0,0.0,0.0
2010-03-08,1075710.3246849847,0.0,0.0,0.0,0.0,0.0
2010-03-09,1075710.3246849847,0.0,0.0,0.0,0.0,0.0
2010-03-10,1075710.3246849847,0.0,0.0,0.0,0.0,0.0
2010-03-11,1075710.3246849847,0.0,0.0,0.0,0.0,0.0
2010-03-12,1075710.3246849847,0.0,0.0,0.0,0.0,0.0
2010-03-15,1075710.3246849847,0.0,0.0,0.0,0.0,0.0
2010-03-16,1075710.3246849847,0.0,0.0,0.0,0.0,0.0
2010-03-17,1075710.3246849847,0.0,0.0,0.0,0.0,0.0
2010-03-18,1075710.3246849847,0.0,0.0,0.0,0.0,0.0
2010-03-19,1075710.3246849847,0.0,0.0,0.0,0.0,0.0
2010-03-22,1075710.3246849847,0.0,0.0,0.0,0.0,0.0
2010-03-23,1075710.3246849847,0.0,0.0,0.0,0.0,0.0
2010-03-24,1075710.3246849847,0.0,0.0,0.0,0.0,0.0
2010-03-25,1075710.3246849847,0.0,0.0,0.0,0.0,0.0
2010-03-26,1075710.3246849847,0.0,0.0,0.0,0.0,0.0
2010-03-29,1075710.3246849847,0.0,0.0,0.0,0.0,0.0
2010-03-30,1075710.3246849847,0.0,0.0,0.0,0.0,0.0
2010-03-31,1075710.3246849847,0.0,0.0,0.0,0.0,0.0
2010-04-01,1075710.3246849847,0.0,0.0,0.0,0.0,0.0
2010-04-05,1075710.3246849847,0.0,0.0,0.0,0.0,0.0
2010-04-06,1075710.3246849847,0.0,0.0,0.0,0.0,0.0
2010-04-07,1075710.3246849847,0.0,0.0,0.0,0.0,0.0
2010-04-08,1075710.3246849847,0.0,0.0,0.0,0.0,0.0
2010-04-09,1075710.3246849847,0.0,0.0,0.0,0.0,0.0
2010-04-12,1075710.3246849847,0.0,0.0,0.0,0.0,0.0
2010-04-13,1075710.3246849847,0.0,0.0,0.0,0.0,0.0
2010-04-14,1075710.3246849847,0.0,0.0,0.0,0.0,0.0
2010-04-15,1075710.3246849847,0.0,0.0,0.0,0.0,0.0
2010-04-16,1075710.3246849847,0.0,0.0,0.0,0.0,0.0
2010-04-19,1075710.3246849847,0.0,0.0,0.0,0.0,0.0
2010-04-20,1075710.3246849847,0.0,0.0,0.0,0.0,0.0
2010-04-21,1075710.3246849847,0.0,0.0,0.0,0.0,0.0
2010-04-22,1075710.3246849847,0.0,0.0,0.0,0.0,0.0
2010-04-23,1075710.3246849847,0.0,0.0,0.0,0.0,0.0
2010-04-26,1075710.3246849847,0.0,0.0,0.0,0.0,0.0
2010-04-27,1075710.3246849847,0.0,0.0,0.0,0.0,0.0
2010-04-28,1075710.3246849847,0.0,0.0,0.0,0.0,0.0
2010-04-29,1075710.3246849847,0.0,0.0,0.0,0.0,0.0
2010-04-30,1075710.3246849847,0.0,0.0,0.0,0.0,0.0
2010-05-03,1075710.3246849847,0.0,0.0,0.0,0.0,0.0
2010-05-04,1075710.3246849847,0.0,0.0,0.0,0.0,0.0
2010-05-05,1075710.3246849847,0.0,0.0,0.0,0.0,0.0
2010-05-06,1075710.3246849847,0.0,0.0,0.0,0.0,0.0
2010-05-07,1075710.3246849847,0.0,0.0,0.0,0.0,0.0
2010-05-10,1075710.3246849847,0.0,0.0,0.0,0.0,0.0
2010-05-11,1075710.3246849847,0.0,0.0,0.0,0.0,0.0
2010-05-12,1075710.3246849847,0.0,0.0,0.0,0.0,0.0
2010-05-13,1075710.3246849847,0.0,0.0,0.0,0.0,0.0
2010-05-14,1075710.3246849847,0.0,0.0,0.0,0.0,0.0
2010-05-17,1075710.3246849847,0.0,0.0,0.0,0.0,0.0
2010-05-18,1075710.3246849847,0.0,0.0,0.0,0.0,0.0
2010-05-19,1075710.3246849847,0.0,0.0,0.0,0.0,0.0
2010-05-20,1075710.3246849847,0.0,0.0,0.0,0.0,0.0
2010-05-21,1075710.3246849847,0.0,0.0,0.0,0.0,0.0
2010-05-24,1075710.3246849847,0.0,0.0,0.0,0.0,0.0
2010-05-25,1075710.3246849847,0.0,0.0,0.0,0.0,0.0
2010-05-26,1075710.3246849847,0.0,0.0,0.0,0.0,0.0
2010-05-27,1075710.3246849847,0.0,0.0,0.0,0.0,0.0
2010-05-28,1075710.3246849847,0.0,0.0,0.0,0.0,0.0
2010-06-01,1075172.4695226422,0.0,537.8551623424923,-0.0005,-0.8154775418235902,-0.5
2010-06-02,1074884.0648902594,-288.404632382683,0.0,-0.0002681684097613301,-0.7014800915351941,-0.5
2010-06-03,1061916.2946704037,-12967.770219855676,0.0,-0.011920529801324502,-0.7044913962888308,-0.5
2010-06-04,1073035.8370229735,11119.542352569673,0.0,0.010582010582010583,-0.6999836997303718,-0.5
2010-06-07,1071962.8011859504,0.0,1073.0358370229735,-0.001,0.9923471431550264,0.5
2010-06-08,1069669.8326272639,-2292.968558686525,0.0,-0.002134471718249733,1.3175719373886745,0.5
2010-06-09,1076850.7525562868,7180.919929022985,0.0,0.006758583400919167,1.5116366838965947,0.5
2010-06-10,1072000.073490718,-4850.679065568859,0.0,-0.004484304932735426,1.8122413304233758,0.5
2010-06-11,1078449.271793804,6449.198303085869,0.0,0.00605245460659045,1.8479005935182395,0.5
2010-06-14,1081441.0068938923,2991.735100088492,0.0,0.0027818254073387204,1.859788218756757,0.5
2010-06-15,1080304.4425146028,-1136.5643792894296,0.0,-0.0010498687664041992,1.7464824162597952,0.5
2010-06-16,1084997.7082601243,4693.265745521576,0.0,0.004363347877826259,1.731741207199006,0.5
2010-06-17,1081740.7326284377,-3256.975631686617,0.0,-0.002992843201040989,1.5879314155511468,0.5
2010-06-18,1086854.002898215,5113.270269777278,0.0,0.00474934036939314,1.78654563199912,0.5
2010-06-21,1088126.334587352,1272.3316891368281,0.0,0.001172027607761427,1.1173557046650167,0.5
2010-06-22,1089397.1802934622,1270.8457061103254,0.0,0.0011692867350915942,0.8576597419009037,0.5
2010-06-23,1085165.963901851,-4231.216391611066,0.0,-0.003868970853752902,0.7901528111316416,0.5
2010-06-24,1083750.0375397662,-1415.9263620848787,0.0,-0.0013031013812874641,0.4279279482783301,0.5
2010-06-25,1084058.8297404153,850.6672194189688,541.8750187698831,0.0002851531814611155,0.0,0.0
2010-06-28,1083516.800325545,0.0,542.0294148702077,-0.0005,-0.5608789637851708,-0.5
2010-06-29,1087913.2690179655,4396.468692420405,0.0,0.00407412274937574,-0.6273959498097067,-0.5
2010-06-30,1087195.4587322583,-717.8102857072879,0.0,-0.0006593696426216537,-0.7362183209696426,-0.5
2010-07-01,1084329.8934746615,-2865.565257596885,0.0,-0.0026288117770767614,-0.4998442112368052,-0.5
2010-07-02,1079070.2964559721,-5259.597018689365,0.0,-0.004827136333985648,-0.4329939375769477,-0.5
2010-07-06,1078229.6808004624,-840.615655509716,0.0,-0.0007784120394395433,-1.295315942070251,-0.5
2010-07-07,1062155.4763291047,-16074.204471357683,0.0,-0.014688976880827691,-1.2259627929039896,-0.5
2010-07-08,1051195.3795635395,-10429.019027400574,531.0777381645523,-0.010218399401645475,-1.4171496893540345,-0.5
2010-07-09,1050669.7818737577,0.0,525.5976897817698,-0.0005,-1.6107312654499455,-0.5
2010-07-12,1047468.0821483989,-3201.6997253588424,0.0,-0.0030380362133916637,-1.7025470088944659,-0.5
2010-07-13,1048102.6036423099,634.5214939110726,0.0,0.0006061340768578009,-1.7738049867134424,-0.5
2010-07-14,1045305.6292027016,-2796.9744396082992,0.0,-0.002661504960077426,-2.104360910059152,-0.5
2010-07-15,1053881.9784770482,8576.349274346489,0.0,0.00827250608272506,-2.057097147406085,-0.5
2010-07-16,1053623.4205824267,-258.5578946214544,0.0,-0.0002452783909737552,-2.0202715153114825,-0.5
2010-07-19,1059565.8773439263,5942.4567614997095,0.0,0.005672009864364982,-1.8844769150102565,-0.5
2010-07-20,1057594.9586732718,-1970.9186706546247,0.0,-0.001856665428889714,-1.836010870465024,-0.5
2010-07-21,1055765.6617346227,-1829.2969386490988,0.0,-0.001726689689195856,-1.7559224270680243,-0.5
2010-07-22,1055375.696580079,-389.9651545436922,0.0,-0.0003692307692307692,-1.7422243777487336,-0.5
2010-07-23,1054856.3187766438,-519.3778034350782,0.0,-0.0004918839153959666,-1.6165217202898303,-0.5
2010-07-26,1064580.2892668415,9723.970490197675,0.0,0.009304056568663937,-1.772391563046834,-0.5
2010-07-27,1064713.5950881871,133.30582134571017,0.0,0.00012523481527864746,-1.8024983326830821,-0.5
2010-07-28,1058045.799527765,-6667.795560422014,0.0,-0.006223549912870301,-1.6308332928384974,-0.5
2010-07-29,1049538.5040095432,-8507.295518221761,0.0,-0.007976438826849919,-1.7206564479475932,-0.5
2010-07-30,1036377.7460459466,-13160.757963596658,0.0,-0.012384273175423831,-1.659646710746785,-0.5
2010-08-02,1036008.4903169516,-369.25572899499286,0.0,-0.0003561676362341209,-0.9319692445097902,-0.5
2010-08-03,1035885.5365440681,-122.95377288356892,0.0,-0.00011866619200189867,-0.9240459066716585,-0.5
2010-08-04,1036131.3565574862,245.82001341814623,0.0,0.00023736055067647758,-0.8260936516716585,-0.5
2010-08-05,1035147.3761618951,-983.9803955911551,0.0,-0.0009487666034155599,-0.8535621260601145,-0.5
2010-08-06,1033185.0114677494,-1962.3646941457728,0.0,-0.0018921475875118261,-0.8636665511892357,-0.5
2010-08-09,1038307.0334792751,5122.02201152567,0.0,0.00498220640569395,-0.7473878763073566,-0.5
2010-08-10,1044372.4894449981,6065.455965722994,0.0,0.005876004317064395,-0.6093887127298188,-0.5
2010-08-11,1040215.1562542038,-4157.333190794323,0.0,-0.003964916496455605,-0.5656659720237426,-0.5
2010-08-12,1033990.7955777185,-6224.360676485183,0.0,-0.00594813228646205,-0.5621985211676513,-0.5
2010-08-13,1036436.3745644208,2445.5789867022672,0.0,0.002370791844476055,-0.6127858809656558,-0.5
2010-08-16,1045303.2256776144,8866.851113193714,0.0,0.00862895493767977,-0.5398320867462535,-0.5
2010-08-17,1039616.7356926661,-5686.489984948338,0.0,-0.005410604785379344,-0.6043007226982795,-0.5
2010-08-18,1044589.7887215716,4973.053028905362,0.0,0.004806536890170632,-0.9383773629900602,-0.5
2010-08-19,1053923.2401059468,9333.451384375307,0.0,0.009015594541910331,-1.050752480178268,-0.5
2010-08-20,1057810.3432782087,3887.103172261913,0.0,0.0037018756169792696,-1.0648520236430477,-0.5
2010-08-23,1058989.4729647958,1179.1296865870545,0.0,0.001115933044017359,-1.4094243731962237,-0.5
2010-08-24,1062933.0782514075,3943.6052866117025,0.0,0.00373785198106155,-1.1946440193620258,-0.5
2010-08-25,1062667.2120487434,-265.86620266418396,0.0,-0.00025006251562890725,-0.9459901497877683,-0.5
2010-08-26,1055759.8751704264,-6907.336878316832,0.0,-0.0064580228514654735,-0.6854005219412447,-0.5
2010-08-27,1051069.9250832922,-4689.950087134174,0.0,-0.004422604422604422,-0.7336113994599236,-0.5
2010-08-30,1053126.813390696,2056.8883074037026,0.0,0.00196078431372549,-0.6554996131781198,-0.5
2010-08-31,1058299.3419436954,5172.528552999489,0.0,0.004935834155972359,-0.685479560430683,-0.5
2010-09-01,1058299.3419436954,0.0,0.0,0.0,0.0,0.0
2010-09-02,1058299.3419436954,0.0,0.0,0.0,0.0,0.0
2010-09-03,1058299.3419436954,0.0,0.0,0.0,0.0,0.0
2010-09-07,1058299.3419436954,0.0,0.0,0.0,0.0,0.0
2010-09-08,1058299.3419436954,0.0,0.0,0.0,0.0,0.0
2010-09-09,1058299.3419436954,0.0,0.0,0.0,0.0,0.0
2010-09-10,1058299.3419436954,0.0,0.0,0.0,0.0,0.0
2010-09-13,1058299.3419436954,0.0,0.0,0.0,0.0,0.0
2010-09-14,1058299.3419436954,0.0,0.0,0.0,0.0,0.0
2010-09-15,1058299.3419436954,0.0,0.0,0.0,0.0,0.0
2010-09-16,1058299.3419436954,0.0,0.0,0.0,0.0,0.0
2010-09-17,1058299.3419436954,0.0,0.0,0.0,0.0,0.0
2010-09-20,1058299.3419436954,0.0,0.0,0.0,0.0,0.0
2010-09-21,1058299.3419436954,0.0,0.0,0.0,0.0,0.0
2010-09-22,1058299.3419436954,0.0,0.0,0.0,0.0,0.0
2010-09-23,1058299.3419436954,0.0,0.0,0.0,0.0,0.0
2010-09-24,1058299.3419436954,0.0,0.0,0.0,0.0,0.0
2010-09-27,1058299.3419436954,0.0,0.0,0.0,0.0,0.0
2010-09-28,1058299.3419436954,0.0,0.0,0.0,0.0,0.0
2010-09-29,1058299.3419436954,0.0,0.0,0.0,0.0,0.0
2010-09-30,1058299.3419436954,0.0,0.0,0.0,0.0,0.0
2010-10-01,1058299.3419436954,0.0,0.0,0.0,0.0,0.0
2010-10-04,1058299.3419436954,0.0,0.0,0.0,0.0,0.0
2010-10-05,1058299.3419436954,0.0,0.0,0.0,0.0,0.0
2010-10-06,1058299.3419436954,0.0,0.0,0.0,0.0,0.0
2010-10-07,1058299.3419436954,0.0,0.0,0.0,0.0,0.0
2010-10-08,1058299.3419436954,0.0,0.0,0.0,0.0,0.0
2010-10-11,1058299.3419436954,0.0,0.0,0.0,0.0,0.0
2010-10-12,1058299.3419436954,0.0,0.0,0.0,0.0,0.0
2010-10-13,1058299.3419436954,0.0,0.0,0.0,0.0,0.0
2010-10-14,1058299.3419436954,0.0,0.0,0.0,0.0,0.0
2010-10-15,1058299.3419436954,0.0,0.0,0.0,0.0,0.0
2010-10-18,1058299.3419436954,0.0,0.0,0.0,0.0,0.0
2010-10-19,1058299.3419436954,0.0,0.0,0.0,0.0,0.0
2010-10-20,1058299.3419436954,0.0,0.0,0.0,0.0,0.0
2010-10-21,1058299.3419436954,0.0,0.0,0.0,0.0,0.0
2010-10-22,1058299.3419436954,0.0,0.0,0.0,0.0,0.0
2010-10-25,1058299.3419436954,0.0,0.0,0.0,0.0,0.0
2010-10-26,1058299.3419436954,0.0,0.0,0.0,0.0,0.0
2010-10-27,1058299.3419436954,0.0,0.0,0.0,0.0,0.0
2010-10-28,1058299.3419436954,0.0,0.0,0.0,0.0,0.0
2010-10-29,1058299.3419436954,0.0,0.0,0.0,0.0,0.0
2010-11-01,1058299.3419436954,0.0,0.0,0.0,0.0,0.0
2010-11-02,1058299.3419436954,0.0,0.0,0.0,0.0,0.0
2010-11-03,1058299.3419436954,0.0,0.0,0.0,0.0,0.0
2010-11-04,1058299.3419436954,0.0,0.0,0.0,0.0,0.0
2010-11-05,1058299.3419436954,0.0,0.0,0.0,0.0,0.0
2010-11-08,1058299.3419436954,0.0,0.0,0.0,0.0,0.0
2010-11-09,1058299.3419436954,0.0,0.0,0.0,0.0,0.0
2010-11-10,1058299.3419436954,0.0,0.0,0.0,0.0,0.0
2010-11-11,1058299.3419436954,0.0,0.0,0.0,0.0,0.0
2010-11-12,1058299.3419436954,0.0,0.0,0.0,0.0,0.0
2010-11-15,1058299.3419436954,0.0,0.0,0.0,0.0,0.0
2010-11-16,1058299.3419436954,0.0,0.0,0.0,0.0,0.0
2010-11-17,1058299.3419436954,0.0,0.0,0.0,0.0,0.0
2010-11-18,1058299.3419436954,0.0,0.0,0.0,0.0,0.0
2010-11-19,1058299.3419436954,0.0,0.0,0.0,0.0,0.0
2010-11-22,1058299.3419436954,0.0,0.0,0.0,0.0,0.0
2010-11-23,1058299.3419436954,0.0,0.0,0.0,0.0,0.0
2010-11-24,1058299.3419436954,0.0,0.0,0.0,0.0,0.0
2010-11-26,1058299.3419436954,0.0,0.0,0.0,0.0,0.0
2010-11-29,1058299.3419436954,0.0,0.0,0.0,0.0,0.0
2010-11-30,1058299.3419436954,0.0,0.0,0.0,0.0,0.0
2010-12-01,1058299.3419436954,0.0,0.0,0.0,0.0,0.0
2010-12-02,1058299.3419436954,0.0,0.0,0.0,0.0,0.0
2010-12-03,1058299.3419436954,0.0,0.0,0.0,0.0,0.0
2010-12-06,1058299.3419436954,0.0,0.0,0.0,0.0,0.0
2010-12-07,1058299.3419436954,0.0,0.0,0.0,0.0,0.0
2010-12-08,1058299.3419436954,0.0,0.0,0.0,0.0,0.0
2010-12-09,1058299.3419436954,0.0,0.0,0.0,0.0,0.0
2010-12-10,1058299.3419436954,0.0,0.0,0.0,0.0,0.0
2010-12-13,1058299.3419436954,0.0,0.0,0.0,0.0,0.0
2010-12-14,1058299.3419436954,0.0,0.0,0.0,0.0,0.0
2010-12-15,1058299.3419436954,0.0,0.0,0.0,0.0,0.0
2010-12-16,1058299.3419436954,0.0,0.0,0.0,0.0,0.0
2010-12-17,1058299.3419436954,0.0,0.0,0.0,0.0,0.0
2010-12-20,1058299.3419436954,0.0,0.0,0.0,0.0,0.0
2010-12-21,1058299.3419436954,0.0,0.0,0.0,0.0,0.0
2010-12-22,1058299.3419436954,0.0,0.0,0.0,0.0,0.0
2010-12-23,1058299.3419436954,0.0,0.0,0.0,0.0,0.0
2010-12-27,1058299.3419436954,0.0,0.0,0.0,0.0,0.0
2010-12-28,1058299.3419436954,0.0,0.0,0.0,0.0,0.0
2010-12-29,1058299.3419436954,0.0,0.0,0.0,0.0,0.0
2010-12-30,1058299.3419436954,0.0,0.0,0.0,0.0,0.0
2010-12-31,1058299.3419436954,0.0,0.0,0.0,0.0,0.0
2011-01-03,1058299.3419436954,0.0,0.0,0.0,0.0,0.0
2011-01-04,1058299.3419436954,0.0,0.0,0.0,0.0,0.0
2011-01-05,1058299.3419436954,0.0,0.0,0.0,0.0,0.0
2011-01-06,1058299.3419436954,0.0,0.0,0.0,0.0,0.0
2011-01-07,1058299.3419436954,0.0,0.0,0.0,0.0,0.0
2011-01-10,1058299.3419436954,0.0,0.0,0.0,0.0,0.0
2011-01-11,1058299.3419436954,0.0,0.0,0.0,0.0,0.0
2011-01-12,1058299.3419436954,0.0,0.0,0.0,0.0,0.0
2011-01-13,1058299.3419436954,0.0,0.0,0.0,0.0,0.0
2011-01-14,1058299.3419436954,0.0,0.0,0.0,0.0,0.0
2011-01-18,1058299.3419436954,0.0,0.0,0.0,0.0,0.0
2011-01-19,1058299.3419436954,0.0,0.0,0.0,0.0,0.0
2011-01-20,1058299.3419436954,0.0,0.0,0.0,0.0,0.0
2011-01-21,1058299.3419436954,0.0,0.0,0.0,0.0,0.0
2011-01-24,1058299.3419436954,0.0,0.0,0.0,0.0,0.0
2011-01-25,1058299.3419436954,0.0,0.0,0.0,0.0,0.0
2011-01-26,1058299.3419436954,0.0,0.0,0.0,0.0,0.0
2011-01-27,1058299.3419436954,0.0,0.0,0.0,0.0,0.0
2011-01-28,1058299.3419436954,0.0,0.0,0.0,0.0,0.0
2011-01-31,1058299.3419436954,0.0,0.0,0.0,0.0,0.0
2011-02-01,1058299.3419436954,0.0,0.0,0.0,0.0,0.0
2011-02-02,1058299.3419436954,0.0,0.0,0.0,0.0,0.0
2011-02-03,1058299.3419436954,0.0,0.0,0.0,0.0,0.0
2011-02-04,1058299.3419436954,0.0,0.0,0.0,0.0,0.0
2011-02-07,1058299.3419436954,0.0,0.0,0.0,0.0,0.0
2011-02-08,1058299.3419436954,0.0,0.0,0.0,0.0,0.0
2011-02-09,1058299.3419436954,0.0,0.0,0.0,0.0,0.0
2011-02-10,1058299.3419436954,0.0,0.0,0.0,0.0,0.0
2011-02-11,1058299.3419436954,0.0,0.0,0.0,0.0,0.0
2011-02-14,1058299.3419436954,0.0,0.0,0.0,0.0,0.0
2011-02-15,1058299.3419436954,0.0,0.0,0.0,0.0,0.0
2011-02-16,1058299.3419436954,0.0,0.0,0.0,0.0,0.0
2011-02-17,1058299.3419436954,0.0,0.0,0.0,0.0,0.0
2011-02-18,1058299.3419436954,0.0,0.0,0.0,0.0,0.0
2011-02-22,1058299.3419436954,0.0,0.0,0.0,0.0,0.0
2011-02-23,1058299.3419436954,0.0,0.0,0.0,0.0,0.0
2011-02-24,1058299.3419436954,0.0,0.0,0.0,0.0,0.0
2011-02-25,1058299.3419436954,0.0,0.0,0.0,0.0,0.0
2011-02-28,1058299.3419436954,0.0,0.0,0.0,0.0,0.0
2011-03-01,1058299.3419436954,0.0,0.0,0.0,0.0,0.0
2011-03-02,1058299.3419436954,0.0,0.0,0.0,0.0,0.0
2011-03-03,1058299.3419436954,0.0,0.0,0.0,0.0,0.0
2011-03-04,1058299.3419436954,0.0,0.0,0.0,0.0,0.0
2011-03-07,1058299.3419436954,0.0,0.0,0.0,0.0,0.0
2011-03-08,1058299.3419436954,0.0,0.0,0.0,0.0,0.0
2011-03-09,1058299.3419436954,0.0,0.0,0.0,0.0,0.0
2011-03-10,1058299.3419436954,0.0,0.0,0.0,0.0,0.0
2011-03-11,1058299.3419436954,0.0,0.0,0.0,0.0,0.0
2011-03-14,1058299.3419436954,0.0,0.0,0.0,0.0,0.0
2011-03-15,1058299.3419436954,0.0,0.0,0.0,0.0,0.0
2011-03-16,1058299.3419436954,0.0,0.0,0.0,0.0,0.0
2011-03-17,1058299.3419436954,0.0,0.0,0.0,0.0,0.0
2011-03-18,1058299.3419436954,0.0,0.0,0.0,0.0,0.0
2011-03-21,1058299.3419436954,0.0,0.0,0.0,0.0,0.0
2011-03-22,1058299.3419436954,0.0,0.0,0.0,0.0,0.0
2011-03-23,1058299.3419436954,0.0,0.0,0.0,0.0,0.0
2011-03-24,1058299.3419436954,0.0,0.0,0.0,0.0,0.0
2011-03-25,1058299.3419436954,0.0,0.0,0.0,0.0,0.0
2011-03-28,1058299.3419436954,0.0,0.0,0.0,0.0,0.0
2011-03-29,1058299.3419436954,0.0,0.0,0.0,0.0,0.0
2011-03-30,1058299.3419436954,0.0,0.0,0.0,0.0,0.0
2011-03-31,1058299.3419436954,0.0,0.0,0.0,0.0,0.0
2011-04-01,1058299.3419436954,0.0,0.0,0.0,0.0,0.0
2011-04-04,1058299.3419436954,0.0,0.0,0.0,0.0,0.0
2011-04-05,1058299.3419436954,0.0,0.0,0.0,0.0,0.0
2011-04-06,1058299.3419436954,0.0,0.0,0.0,0.0,0.0
2011-04-07,1058299.3419436954,0.0,0.0,0.0,0.0,0.0
2011-04-08,1058299.3419436954,0.0,0.0,0.0,0.0,0.0
2011-04-11,1058299.3419436954,0.0,0.0,0.0,0.0,0.0
2011-04-12,1058299.3419436954,0.0,0.0,0.0,0.0,0.0
2011-04-13,1058299.3419436954,0.0,0.0,0.0,0.0,0.0
2011-04-14,1058299.3419436954,0.0,0.0,0.0,0.0,0.0
2011-04-15,1058299.3419436954,0.0,0.0,0.0,0.0,0.0
2011-04-18,1058299.3419436954,0.0,0.0,0.0,0.0,0.0
2011-04-19,1058299.3419436954,0.0,0.0,0.0,0.0,0.0
2011-04-20,1058299.3419436954,0.0,0.0,0.0,0.0,0.0
2011-04-21,1058299.3419436954,0.0,0.0,0.0,0.0,0.0
2011-04-25,1058299.3419436954,0.0,0.0,0.0,0.0,0.0
2011-04-26,1058299.3419436954,0.0,0.0,0.0,0.0,0.0
2011-04-27,1058299.3419436954,0.0,0.0,0.0,0.0,0.0
2011-04-28,1058299.3419436954,0.0,0.0,0.0,0.0,0.0
2011-04-29,1058299.3419436954,0.0,0.0,0.0,0.0,0.0
2011-05-02,1058299.3419436954,0.0,0.0,0.0,0.0,0.0
2011-05-03,1058299.3419436954,0.0,0.0,0.0,0.0,0.0
2011-05-04,1058299.3419436954,0.0,0.0,0.0,0.0,0.0
2011-05-05,1058299.3419436954,0.0,0.0,0.0,0.0,0.0
2011-05-06,1058299.3419436954,0.0,0.0,0.0,0.0,0.0
2011-05-09,1058299.3419436954,0.0,0.0,0.0,0.0,0.0
2011-05-10,1058299.3419436954,0.0,0.0,0.0,0.0,0.0
2011-05-11,1058299.3419436954,0.0,0.0,0.0,0.0,0.0
2011-05-12,1058299.3419436954,0.0,0.0,0.0,0.0,0.0
2011-05-13,1058299.3419436954,0.0,0.0,0.0,0.0,0.0
2011-05-16,1058299.3419436954,0.0,0.0,0.0,0.0,0.0
2011-05-17,1058299.3419436954,0.0,0.0,0.0,0.0,0.0
2011-05-18,1058299.3419436954,0.0,0.0,0.0,0.0,0.0
2011-05-19,1058299.3419436954,0.0,0.0,0.0,0.0,0.0
2011-05-20,1058299.3419436954,0.0,0.0,0.0,0.0,0.0
2011-05-23,1058299.3419436954,0.0,0.0,0.0,0.0,0.0
2011-05-24,1058299.3419436954,0.0,0.0,0.0,0.0,0.0
2011-05-25,1058299.3419436954,0.0,0.0,0.0,0.0,0.0
2011-05-26,1058299.3419436954,0.0,0.0,0.0,0.0,0.0
2011-05-27,1058299.3419436954,0.0,0.0,0.0,0.0,0.0
2011-05-31,1058299.3419436954,0.0,0.0,0.0,0.0,0.0
2011-06-01,1057770.1922727237,0.0,529.1496709718477,-0.0005,1.518488468154767,0.5
2011-06-02,1065686.7771202112,7916.584847487472,0.0,0.007540655946216045,1.4570886326948145,0.5
2011-06-03,1068527.093690361,2840.3165701498165,0.0,0.0026723677177979688,1.4428521903963756,0.5
2011-06-06,1056723.8163210347,-11803.277369326184,0.0,-0.010925618390000873,1.039513536249276,0.5
2011-06-07,1060830.0086309754,4106.192309940764,0.0,0.0039009344098702714,0.9676522058997183,0.5
2011-06-08,1063683.7478937919,2853.739262816469,0.0,0.0026973565905412697,0.9406456116492351,0.5
2011-06-09,1060742.7742776033,-2940.9736161886863,0.0,-0.0027572711909632664,0.8713471882552909,0.5
2011-06-10,1058269.2933689738,-2473.4809086293885,0.0,-0.002326413743736578,0.8551945182068792,0.5
2011-06-13,1056552.8717361894,-1716.4216327844233,0.0,-0.0016192875134940629,0.7059734801694876,0.5
2011-06-14,1050917.6683884733,-5635.20334771607,0.0,-0.005305278302310944,0.9285177602321009,0.5
2011-06-15,1050917.6683884733,0.0,0.0,0.0,1.1519725321428977,0.5
2011-06-16,1044195.7900270704,-6721.878361402881,0.0,-0.006355547485019067,1.2498486268624152,0.5
2011-06-17,1037430.3600657695,-6765.429961300901,0.0,-0.0064373735515909514,1.4447014728857595,0.5
2011-06-20,1038500.4776539844,1070.1175882148787,0.0,0.0010325729841359243,2.5078453511935974,0.5
2011-06-21,1043554.00795887,5053.530304885569,0.0,0.004889975550122249,2.541065497781744,0.5
2011-06-22,1036397.1037337582,-7156.904225111806,0.0,-0.0068114874815905745,2.4121495186410935,0.5
2011-06-23,1031527.731887612,-4869.371846146205,0.0,-0.004676393565282455,2.2835717720351307,0.5
2011-06-24,1032506.2252777539,978.4933901419199,0.0,0.0009494872768704898,2.112331787298246,0.5
2011-06-27,1036220.9797334019,3714.7544556480443,0.0,0.0036107943747624473,1.8284306360086646,0.5
2011-06-28,1036610.6097314216,389.6299980197037,0.0,0.0003761519653940192,1.5689243725368185,0.5
2011-06-29,1037973.8023423778,1363.1926109562185,0.0,0.0013167795334838223,1.4255465773776796,0.5
2011-06-30,1026563.578242186,-10891.237199020641,518.986901171189,-0.010878638976450956,1.2494818478672902,0.5
2011-07-01,1026050.2964530649,0.0,513.281789121093,-0.0005,0.9523177921889301,0.5
2011-07-05,1029930.2370711517,3879.9406180868405,0.0,0.0037957866767887646,0.33213064435563106,0.5
2011-07-06,1029447.064694969,-483.17237618275084,0.0,-0.00046891118822095095,0.15745972008530598,0.5
2011-07-07,1035054.4961142315,5607.431419262603,0.0,0.005476864966949952,0.054487863198323966,0.5
2011-07-08,1036519.5732512434,2500.131633126163,1035.0544961142316,0.0014188861985472152,-0.16021283417040286,-0.5
2011-07-11,1036327.9091289707,-191.6641222727891,0.0,-0.00018487705675725643,-0.3217403951342775,-0.5
2011-07-12,1030964.2896362514,-5363.619492719257,0.0,-0.005148951820522251,-0.33524642131414123,-0.5
2011-07-13,1023231.114393828,-7733.1752424234,0.0,-0.007445069911022334,-0.35410338714150313,-0.5
2011-07-14,1021428.4718357737,-1291.027000857389,511.615557196914,-0.0017594959495949593,-0.3407013619549526,-0.5
2011-07-15,1020917.7575998558,0.0,510.71423591788687,-0.0005,-0.2688757279675366,-0.5
2011-07-18,1021009.8483230743,92.09072321846074,0.0,9.021199819576004e-05,-0.265093483168329,-0.5
2011-07-19,1023312.7395363617,2302.8912132873384,0.0,0.002260602224432589,-0.3279934792747925,-0.5
2011-07-20,1023683.7066342541,370.9670978924639,0.0,0.00036264732547597464,-0.36132200788899826,-0.5
2011-07-21,1022940.9649642855,-742.7416699686225,0.0,-0.000725031720137756,-0.40534102446849946,-0.5
2011-07-22,1022940.9649642855,0.0,0.0,0.0,-0.4497803408093587,-0.5
2011-07-25,1028406.7788506189,5465.81388633335,0.0,0.005371938450332332,-0.3278470557449527,-0.5
2011-07-26,1021816.8416005691,-6589.937250049737,0.0,-0.006367109332363107,-0.30219310483604844,-0.5
2011-07-27,1024495.1395404115,2678.2979398424172,0.0,0.0026280018124150433,-0.3416124341902611,-0.5
2011-07-28,1027473.8642783085,2978.72473789689,0.0,0.0029159832330964103,-0.37189217636724553,-0.5
2011-07-29,1032544.5632977773,5070.699019468895,0.0,0.004959588537839823,-0.4191704321732384,-0.5
2011-08-01,1030829.0563622632,-1715.5069355141216,0.0,-0.0016586804275709546,-0.06504642668007864,-0.5
2011-08-02,1024908.1904805724,-5405.4513535095675,515.4145281811316,-0.005713828132149721,0.0010664378439448007,0.0
2011-08-03,1024395.7363853321,0.0,512.4540952402862,-0.0005,0.03370980709010528,0.5
2011-08-04,1015101.8234544167,-9293.912930915312,0.0,-0.008991008991008992,0.03177829044940094,0.5
2011-08-05,1012164.7171890548,-2937.1062653618555,0.0,-0.0028850628199162402,0.059807945971678975,0.5
2011-08-08,1003707.8396233558,-8456.877565699013,0.0,-0.008286006889488875,0.33962727726065883,0.5
2011-08-09,999683.0420995654,-4024.797523790428,0.0,-0.00399391403575504,0.28216116802271884,0.5
2011-08-10,1000452.7691772167,769.7270776512534,0.0,0.0007705644384511654,0.30785166658814245,0.5
2011-08-11,1013143.501978619,12690.732801402326,0.0,0.01284796573875803,0.3218928828158219,0.5
2011-08-12,1014377.8848769998,1234.382898380698,0.0,0.0012198554940414752,0.28307593520855007,0.5
2011-08-15,1016843.6501169775,2465.765239977748,0.0,0.002436738519212746,0.12223586231164152,0.5
2011-08-16,1015519.142199073,-1324.507917904511,0.0,-0.0013008734435978441,0.2294453042882657,0.5
2011-08-17,1021866.1368378171,6346.994638744207,0.0,0.006289308176100629,0.20781965577394995,0.5
2011-08-18,1020077.3532925879,-1788.7835452292727,0.0,-0.0017474478064931482,0.1301695184599992,0.5
2011-08-19,1023001.0217422985,2923.668449710635,0.0,0.0028743625405656,0.040950054218235214,0.5
2011-08-22,1028278.9095288605,6300.888808304284,1023.0010217422986,0.0051911941541023035,-0.08753577039802372,-0.5
2011-08-23,1023423.2517650119,-4855.657763848597,0.0,-0.004699927693420102,-0.1794080086663658,-0.5
2011-08-24,1024528.0627600803,1104.810995068383,0.0,0.001080691642651297,-0.2671256539837016,-0.5
2011-08-25,1024712.7955517789,184.73279169853595,0.0,0.00018034265103697024,-0.31835869980601333,-0.5
2011-08-26,1014084.9121202804,-10627.883431498429,0.0,-0.010265107560474874,-0.41861437075405655,-0.5
2011-08-29,1005245.1344789237,-8332.735185296526,507.04245606014024,-0.008645955656822364,-0.5304605360972611,-0.5
2011-08-30,1004742.5119116843,0.0,502.6225672394619,-0.0005,-0.5516587844441085,-0.5
2011-08-31,1004655.8214447376,-86.69046694665093,0.0,-8.627383314640669e-05,-0.618682693321944,-0.5
2011-09-01,1004655.8214447376,0.0,0.0,0.0,0.0,0.0
2011-09-02,1004655.8214447376,0.0,0.0,0.0,0.0,0.0
2011-09-06,1004655.8214447376,0.0,0.0,0.0,0.0,0.0
2011-09-07,1004655.8214447376,0.0,0.0,0.0,0.0,0.0
2011-09-08,1004655.8214447376,0.0,0.0,0.0,0.0,0.0
2011-09-09,1004655.8214447376,0.0,0.0,0.0,0.0,0.0
2011-09-12,1004655.8214447376,0.0,0.0,0.0,0.0,0.0
2011-09-13,1004655.8214447376,0.0,0.0,0.0,0.0,0.0
2011-09-14,1004655.8214447376,0.0,0.0,0.0,0.0,0.0
2011-09-15,1004655.8214447376,0.0,0.0,0.0,0.0,0.0
2011-09-16,1004655.8214447376,0.0,0.0,0.0,0.0,0.0
2011-09-19,1004655.8214447376,0.0,0.0,0.0,0.0,0.0
2011-09-20,1004655.8214447376,0.0,0.0,0.0,0.0,0.0
2011-09-21,1004655.8214447376,0.0,0.0,0.0,0.0,0.0
2011-09-22,1004655.8214447376,0.0,0.0,0.0,0.0,0.0
2011-09-23,1004655.8214447376,0.0,0.0,0.0,0.0,0.0
2011-09-26,1004655.8214447376,0.0,0.0,0.0,0.0,0.0
2011-09-27,1004655.8214447376,0.0,0.0,0.0,0.0,0.0
2011-09-28,1004655.8214447376,0.0,0.0,0.0,0.0,0.0
2011-09-29,1004655.8214447376,0.0,0.0,0.0,0.0,0.0
2011-09-30,1004655.8214447376,0.0,0.0,0.0,0.0,0.0
2011-10-03,1004655.8214447376,0.0,0.0,0.0,0.0,0.0
2011-10-04,1004655.8214447376,0.0,0.0,0.0,0.0,0.0
2011-10-05,1004655.8214447376,0.0,0.0,0.0,0.0,0.0
2011-10-06,1004655.8214447376,0.0,0.0,0.0,0.0,0.0
2011-10-07,1004655.8214447376,0.0,0.0,0.0,0.0,0.0
2011-10-10,1004655.8214447376,0.0,0.0,0.0,0.0,0.0
2011-10-11,1004655.8214447376,0.0,0.0,0.0,0.0,0.0
2011-10-12,1004655.8214447376,0.0,0.0,0.0,0.0,0.0
2011-10-13,1004655.8214447376,0.0,0.0,0.0,0.0,0.0
2011-10-14,1004655.8214447376,0.0,0.0,0.0,0.0,0.0
2011-10-17,1004655.8214447376,0.0,0.0,0.0,0.0,0.0
2011-10-18,1004655.8214447376,0.0,0.0,0.0,0.0,0.0
2011-10-19,1004655.8214447376,0.0,0.0,0.0,0.0,0.0
2011-10-20,1004655.8214447376,0.0,0.0,0.0,0.0,0.0
2011-10-21,1004655.8214447376,0.0,0.0,0.0,0.0,0.0
2011-10-24,1004655.8214447376,0.0,0.0,0.0,0.0,0.0
2011-10-25,1004655.8214447376,0.0,0.0,0.0,0.0,0.0
2011-10-26,1004655.8214447376,0.0,0.0,0.0,0.0,0.0
2011-10-27,1004655.8214447376,0.0,0.0,0.0,0.0,0.0
2011-10-28,1004655.8214447376,0.0,0.0,0.0,0.0,0.0
2011-10-31,1004655.8214447376,0.0,0.0,0.0,0.0,0.0
2011-11-01,1004655.8214447376,0.0,0.0,0.0,0.0,0.0
2011-11-02,1004655.8214447376,0.0,0.0,0.0,0.0,0.0
2011-11-03,1004655.8214447376,0.0,0.0,0.0,0.0,0.0
2011-11-04,1004655.8214447376,0.0,0.0,0.0,0.0,0.0
2011-11-07,1004655.8214447376,0.0,0.0,0.0,0.0,0.0
2011-11-08,1004655.8214447376,0.0,0.0,0.0,0.0,0.0
2011-11-09,1004655.8214447376,0.0,0.0,0.0,0.0,0.0
2011-11-10,1004655.8214447376,0.0,0.0,0.0,0.0,0.0
2011-11-11,1004655.8214447376,0.0,0.0,0.0,0.0,0.0
2011-11-14,1004655.8214447376,0.0,0.0,0.0,0.0,0.0
2011-11-15,1004655.8214447376,0.0,0.0,0.0,0.0,0.0
2011-11-16,1004655.8214447376,0.0,0.0,0.0,0.0,0.0
2011-11-17,1004655.8214447376,0.0,0.0,0.0,0.0,0.0
2011-11-18,1004655.8214447376,0.0,0.0,0.0,0.0,0.0
2011-11-21,1004655.8214447376,0.0,0.0,0.0,0.0,0.0
2011-11-22,1004655.8214447376,0.0,0.0,0.0,0.0,0.0
2011-11-23,1004655.8214447376,0.0,0.0,0.0,0.0,0.0
2011-11-25,1004655.8214447376,0.0,0.0,0.0,0.0,0.0
2011-11-28,1004655.8214447376,0.0,0.0,0.0,0.0,0.0
2011-11-29,1004655.8214447376,0.0,0.0,0.0,0.0,0.0
2011-11-30,1004655.8214447376,0.0,0.0,0.0,0.0,0.0
2011-12-01,1004655.8214447376,0.0,0.0,0.0,0.0,0.0
2011-12-02,1004655.8214447376,0.0,0.0,0.0,0.0,0.0
2011-12-05,1004655.8214447376,0.0,0.0,0.0,0.0,0.0
2011-12-06,1004655.8214447376,0.0,0.0,0.0,0.0,0.0
2011-12-07,1004655.8214447376,0.0,0.0,0.0,0.0,0.0
2011-12-08,1004655.8214447376,0.0,0.0,0.0,0.0,0.0
2011-12-09,1004655.8214447376,0.0,0.0,0.0,0.0,0.0
2011-12-12,1004655.8214447376,0.0,0.0,0.0,0.0,0.0
2011-12-13,1004655.8214447376,0.0,0.0,0.0,0.0,0.0
2011-12-14,1004655.8214447376,0.0,0.0,0.0,0.0,0.0
2011-12-15,1004655.8214447376,0.0,0.0,0.0,0.0,0.0
2011-12-16,1004655.8214447376,0.0,0.0,0.0,0.0,0.0
2011-12-19,1004655.8214447376,0.0,0.0,0.0,0.0,0.0
2011-12-20,1004655.8214447376,0.0,0.0,0.0,0.0,0.0
2011-12-21,1004655.8214447376,0.0,0.0,0.0,0.0,0.0
2011-12-22,1004655.8214447376,0.0,0.0,0.0,0.0,0.0
2011-12-23,1004655.8214447376,0.0,0.0,0.0,0.0,0.0
2011-12-27,1004655.8214447376,0.0,0.0,0.0,0.0,0.0
2011-12-28,1004655.8214447376,0.0,0.0,0.0,0.0,0.0
2011-12-29,1004655.8214447376,0.0,0.0,0.0,0.0,0.0
2011-12-30,1004655.8214447376,0.0,0.0,0.0,0.0,0.0
2012-01-03,1004655.8214447376,0.0,0.0,0.0,0.0,0.0
2012-01-04,1004655.8214447376,0.0,0.0,0.0,0.0,0.0
2012-01-05,1004655.8214447376,0.0,0.0,0.0,0.0,0.0
2012-01-06,1004655.8214447376,0.0,0.0,0.0,0.0,0.0
2012-01-09,1004655.8214447376,0.0,0.0,0.0,0.0,0.0
2012-01-10,1004655.8214447376,0.0,0.0,0.0,0.0,0.0
2012-01-11,1004655.8214447376,0.0,0.0,0.0,0.0,0.0
2012-01-12,1004655.8214447376,0.0,0.0,0.0,0.0,0.0
2012-01-13,1004655.8214447376,0.0,0.0,0.0,0.0,0.0
2012-01-17,1004655.8214447376,0.0,0.0,0.0,0.0,0.0
2012-01-18,1004655.8214447376,0.0,0.0,0.0,0.0,0.0
2012-01-19,1004655.8214447376,0.0,0.0,0.0,0.0,0.0
2012-01-20,1004655.8214447376,0.0,0.0,0.0,0.0,0.0
2012-01-23,1004655.8214447376,0.0,0.0,0.0,0.0,0.0
2012-01-24,1004655.8214447376,0.0,0.0,0.0,0.0,0.0
2012-01-25,1004655.8214447376,0.0,0.0,0.0,0.0,0.0
2012-01-26,1004655.8214447376,0.0,0.0,0.0,0.0,0.0
2012-01-27,1004655.8214447376,0.0,0.0,0.0,0.0,0.0
2012-01-30,1004655.8214447376,0.0,0.0,0.0,0.0,0.0
2012-01-31,1004655.8214447376,0.0,0.0,0.0,0.0,0.0
2012-02-01,1004655.8214447376,0.0,0.0,0.0,0.0,0.0
2012-02-02,1004655.8214447376,0.0,0.0,0.0,0.0,0.0
2012-02-03,1004655.8214447376,0.0,0.0,0.0,0.0,0.0
2012-02-06,1004655.8214447376,0.0,0.0,0.0,0.0,0.0
2012-02-07,1004655.8214447376,0.0,0.0,0.0,0.0,0.0
2012-02-08,1004655.8214447376,0.0,0.0,0.0,0.0,0.0
2012-02-09,1004655.8214447376,0.0,0.0,0.0,0.0,0.0
2012-02-10,1004655.8214447376,0.0,0.0,0.0,0.0,0.0
2012-02-13,1004655.8214447376,0.0,0.0,0.0,0.0,0.0
2012-02-14,1004655.8214447376,0.0,0.0,0.0,0.0,0.0
2012-02-15,1004655.8214447376,0.0,0.0,0.0,0.0,0.0
2012-02-16,1004655.8214447376,0.0,0.0,0.0,0.0,0.0
2012-02-17,1004655.8214447376,0.0,0.0,0.0,0.0,0.0
2012-02-21,1004655.8214447376,0.0,0.0,0.0,0.0,0.0
2012-02-22,1004655.8214447376,0.0,0.0,0.0,0.0,0.0
2012-02-23,1004655.8214447376,0.0,0.0,0.0,0.0,0.0
2012-02-24,1004655.8214447376,0.0,0.0,0.0,0.0,0.0
2012-02-27,1004655.8214447376,0.0,0.0,0.0,0.0,0.0
2012-02-28,1004655.8214447376,0.0,0.0,0.0,0.0,0.0
2012-02-29,1004655.8214447376,0.0,0.0,0.0,0.0,0.0
2012-03-01,1004655.8214447376,0.0,0.0,0.0,0.0,0.0
2012-03-02,1004655.8214447376,0.0,0.0,0.0,0.0,0.0
2012-03-05,1004655.8214447376,0.0,0.0,0.0,0.0,0.0
2012-03-06,1004655.8214447376,0.0,0.0,0.0,0.0,0.0
2012-03-07,1004655.8214447376,0.0,0.0,0.0,0.0,0.0
2012-03-08,1004655.8214447376,0.0,0.0,0.0,0.0,0.0
2012-03-09,1004655.8214447376,0.0,0.0,0.0,0.0,0.0
2012-03-12,1004655.8214447376,0.0,0.0,0.0,0.0,0.0
2012-03-13,1004655.8214447376,0.0,0.0,0.0,0.0,0.0
2012-03-14,1004655.8214447376,0.0,0.0,0.0,0.0,0.0
2012-03-15,1004655.8214447376,0.0,0.0,0.0,0.0,0.0
2012-03-16,1004655.8214447376,0.0,0.0,0.0,0.0,0.0
2012-03-19,1004655.8214447376,0.0,0.0,0.0,0.0,0.0
2012-03-20,1004655.8214447376,0.0,0.0,0.0,0.0,0.0
2012-03-21,1004655.8214447376,0.0,0.0,0.0,0.0,0.0
2012-03-22,1004655.8214447376,0.0,0.0,0.0,0.0,0.0
2012-03-23,1004655.8214447376,0.0,0.0,0.0,0.0,0.0
2012-03-26,1004655.8214447376,0.0,0.0,0.0,0.0,0.0
2012-03-27,1004655.8214447376,0.0,0.0,0.0,0.0,0.0
2012-03-28,1004655.8214447376,0.0,0.0,0.0,0.0,0.0
2012-03-29,1004655.8214447376,0.0,0.0,0.0,0.0,0.0
2012-03-30,1004655.8214447376,0.0,0.0,0.0,0.0,0.0
2012-04-02,1004655.8214447376,0.0,0.0,0.0,0.0,0.0
2012-04-03,1004655.8214447376,0.0,0.0,0.0,0.0,0.0
2012-04-04,1004655.8214447376,0.0,0.0,0.0,0.0,0.0
2012-04-05,1004655.8214447376,0.0,0.0,0.0,0.0,0.0
2012-04-09,1004655.8214447376,0.0,0.0,0.0,0.0,0.0
2012-04-10,1004655.8214447376,0.0,0.0,0.0,0.0,0.0
2012-04-11,1004655.8214447376,0.0,0.0,0.0,0.0,0.0
2012-04-12,1004655.8214447376,0.0,0.0,0.0,0.0,0.0
2012-04-13,1004655.8214447376,0.0,0.0,0.0,0.0,0.0
2012-04-16,1004655.8214447376,0.0,0.0,0.0,0.0,0.0
2012-04-17,1004655.8214447376,0.0,0.0,0.0,0.0,0.0
2012-04-18,1004655.8214447376,0.0,0.0,0.0,0.0,0.0
2012-04-19,1004655.8214447376,0.0,0.0,0.0,0.0,0.0
2012-04-20,1004655.8214447376,0.0,0.0,0.0,0.0,0.0
2012-04-23,1004655.8214447376,0.0,0.0,0.0,0.0,0.0
2012-04-24,1004655.8214447376,0.0,0.0,0.0,0.0,0.0
2012-04-25,1004655.8214447376,0.0,0.0,0.0,0.0,0.0
2012-04-26,1004655.8214447376,0.0,0.0,0.0,0.0,0.0
2012-04-27,1004655.8214447376,0.0,0.0,0.0,0.0,0.0
2012-04-30,1004655.8214447376,0.0,0.0,0.0,0.0,0.0
2012-05-01,1004655.8214447376,0.0,0.0,0.0,0.0,0.0
2012-05-02,1004655.8214447376,0.0,0.0,0.0,0.0,0.0
2012-05-03,1004655.8214447376,0.0,0.0,0.0,0.0,0.0
2012-05-04,1004655.8214447376,0.0,0.0,0.0,0.0,0.0
2012-05-07,1004655.8214447376,0.0,0.0,0.0,0.0,0.0
2012-05-08,1004655.8214447376,0.0,0.0,0.0,0.0,0.0
2012-05-09,1004655.8214447376,0.0,0.0,0.0,0.0,0.0
2012-05-10,1004655.8214447376,0.0,0.0,0.0,0.0,0.0
2012-05-11,1004655.8214447376,0.0,0.0,0.0,0.0,0.0
2012-05-14,1004655.8214447376,0.0,0.0,0.0,0.0,0.0
2012-05-15,1004655.8214447376,0.0,0.0,0.0,0.0,0.0
2012-05-16,1004655.8214447376,0.0,0.0,0.0,0.0,0.0
2012-05-17,1004655.8214447376,0.0,0.0,0.0,0.0,0.0
2012-05-18,1004655.8214447376,0.0,0.0,0.0,0.0,0.0
2012-05-21,1004655.8214447376,0.0,0.0,0.0,0.0,0.0
2012-05-22,1004655.8214447376,0.0,0.0,0.0,0.0,0.0
2012-05-23,1004655.8214447376,0.0,0.0,0.0,0.0,0.0
2012-05-24,1004655.8214447376,0.0,0.0,0.0,0.0,0.0
2012-05-25,1004655.8214447376,0.0,0.0,0.0,0.0,0.0
2012-05-29,1004655.8214447376,0.0,0.0,0.0,0.0,0.0
2012-05-30,1004655.8214447376,0.0,0.0,0.0,0.0,0.0
2012-05-31,1004655.8214447376,0.0,0.0,0.0,0.0,0.0
2012-06-01,1004655.8214447376,0.0,0.0,0.0,0.0,0.0
2012-06-04,1004655.8214447376,0.0,0.0,0.0,0.0,0.0
2012-06-05,1004655.8214447376,0.0,0.0,0.0,0.0,0.0
2012-06-06,1004655.8214447376,0.0,0.0,0.0,0.0,0.0
2012-06-07,1004655.8214447376,0.0,0.0,0.0,0.0,0.0
2012-06-08,1004655.8214447376,0.0,0.0,0.0,0.0,0.0
2012-06-11,1004655.8214447376,0.0,0.0,0.0,0.0,0.0
2012-06-12,1004655.8214447376,0.0,0.0,0.0,0.0,0.0
2012-06-13,1004655.8214447376,0.0,0.0,0.0,0.0,0.0
2012-06-14,1004655.8214447376,0.0,0.0,0.0,0.0,0.0
2012-06-15,1004655.8214447376,0.0,0.0,0.0,0.0,0.0
2012-06-18,1004655.8214447376,0.0,0.0,0.0,0.0,0.0
2012-06-19,1004655.8214447376,0.0,0.0,0.0,0.0,0.0
2012-06-20,1004655.8214447376,0.0,0.0,0.0,0.0,0.0
2012-06-21,1004655.8214447376,0.0,0.0,0.0,0.0,0.0
2012-06-22,1004655.8214447376,0.0,0.0,0.0,0.0,0.0
2012-06-25,1004655.8214447376,0.0,0.0,0.0,0.0,0.0
2012-06-26,1004655.8214447376,0.0,0.0,0.0,0.0,0.0
2012-06-27,1004655.8214447376,0.0,0.0,0.0,0.0,0.0
2012-06-28,1004655.8214447376,0.0,0.0,0.0,0.0,0.0
2012-06-29,1004655.8214447376,0.0,0.0,0.0,0.0,0.0
2012-07-02,1004655.8214447376,0.0,0.0,0.0,0.0,0.0
2012-07-03,1004655.8214447376,0.0,0.0,0.0,0.0,0.0
2012-07-05,1004655.8214447376,0.0,0.0,0.0,0.0,0.0
2012-07-06,1004655.8214447376,0.0,0.0,0.0,0.0,0.0
2012-07-09,1004655.8214447376,0.0,0.0,0.0,0.0,0.0
2012-07-10,1004655.8214447376,0.0,0.0,0.0,0.0,0.0
2012-07-11,1004655.8214447376,0.0,0.0,0.0,0.0,0.0
2012-07-12,1004655.8214447376,0.0,0.0,0.0,0.0,0.0
2012-07-13,1004655.8214447376,0.0,0.0,0.0,0.0,0.0
2012-07-16,1004655.8214447376,0.0,0.0,0.0,0.0,0.0
2012-07-17,1004655.8214447376,0.0,0.0,0.0,0.0,0.0
2012-07-18,1004655.8214447376,0.0,0.0,0.0,0.0,0.0
2012-07-19,1004655.8214447376,0.0,0.0,0.0,0.0,0.0
2012-07-20,1004655.8214447376,0.0,0.0,0.0,0.0,0.0
2012-07-23,1004655.8214447376,0.0,0.0,0.0,0.0,0.0
2012-07-24,1004655.8214447376,0.0,0.0,0.0,0.0,0.0
2012-07-25,1004655.8214447376,0.0,0.0,0.0,0.0,0.0
2012-07-26,1004655.8214447376,0.0,0.0,0.0,0.0,0.0
2012-07-27,1004655.8214447376,0.0,0.0,0.0,0.0,0.0
2012-07-30,1004655.8214447376,0.0,0.0,0.0,0.0,0.0
2012-07-31,1004655.8214447376,0.0,0.0,0.0,0.0,0.0
2012-08-01,1004655.8214447376,0.0,0.0,0.0,0.0,0.0
2012-08-02,1004655.8214447376,0.0,0.0,0.0,0.0,0.0
2012-08-03,1004655.8214447376,0.0,0.0,0.0,0.0,0.0
2012-08-06,1004655.8214447376,0.0,0.0,0.0,0.0,0.0
2012-08-07,1004655.8214447376,0.0,0.0,0.0,0.0,0.0
2012-08-08,1004655.8214447376,0.0,0.0,0.0,0.0,0.0
2012-08-09,1004655.8214447376,0.0,0.0,0.0,0.0,0.0
2012-08-10,1004655.8214447376,0.0,0.0,0.0,0.0,0.0
2012-08-13,1004655.8214447376,0.0,0.0,0.0,0.0,0.0
2012-08-14,1004655.8214447376,0.0,0.0,0.0,0.0,0.0
2012-08-15,1004655.8214447376,0.0,0.0,0.0,0.0,0.0
2012-08-16,1004655.8214447376,0.0,0.0,0.0,0.0,0.0
2012-08-17,1004655.8214447376,0.0,0.0,0.0,0.0,0.0
2012-08-20,1004655.8214447376,0.0,0.0,0.0,0.0,0.0
2012-08-21,1004655.8214447376,0.0,0.0,0.0,0.0,0.0
2012-08-22,1004655.8214447376,0.0,0.0,0.0,0.0,0.0
2012-08-23,1004655.8214447376,0.0,0.0,0.0,0.0,0.0
2012-08-24,1004655.8214447376,0.0,0.0,0.0,0.0,0.0
2012-08-27,1004655.8214447376,0.0,0.0,0.0,0.0,0.0
2012-08-28,1004655.8214447376,0.0,0.0,0.0,0.0,0.0
2012-08-29,1004655.8214447376,0.0,0.0,0.0,0.0,0.0
2012-08-30,1004655.8214447376,0.0,0.0,0.0,0.0,0.0
2012-08-31,1004655.8214447376,0.0,0.0,0.0,0.0,0.0
2012-09-04,1004655.8214447376,0.0,0.0,0.0,0.0,0.0
2012-09-05,1004655.8214447376,0.0,0.0,0.0,0.0,0.0
2012-09-06,1004655.8214447376,0.0,0.0,0.0,0.0,0.0
2012-09-07,1004655.8214447376,0.0,0.0,0.0,0.0,0.0
2012-09-10,1004655.8214447376,0.0,0.0,0.0,0.0,0.0
2012-09-11,1004655.8214447376,0.0,0.0,0.0,0.0,0.0
2012-09-12,1004655.8214447376,0.0,0.0,0.0,0.0,0.0
2012-09-13,1004655.8214447376,0.0,0.0,0.0,0.0,0.0
2012-09-14,1004655.8214447376,0.0,0.0,0.0,0.0,0.0
2012-09-17,1004655.8214447376,0.0,0.0,0.0,0.0,0.0
2012-09-18,1004655.8214447376,0.0,0.0,0.0,0.0,0.0
2012-09-19,1004655.8214447376,0.0,0.0,0.0,0.0,0.0
2012-09-20,1004655.8214447376,0.0,0.0,0.0,0.0,0.0
2012-09-21,1004655.8214447376,0.0,0.0,0.0,0.0,0.0
2012-09-24,1004655.8214447376,0.0,0.0,0.0,0.0,0.0
2012-09-25,1004655.8214447376,0.0,0.0,0.0,0.0,0.0
2012-09-26,1004655.8214447376,0.0,0.0,0.0,0.0,0.0
2012-09-27,1004655.8214447376,0.0,0.0,0.0,0.0,0.0
2012-09-28,1004655.8214447376,0.0,0.0,0.0,0.0,0.0
2012-10-01,1004655.8214447376,0.0,0.0,0.0,0.0,0.0
2012-10-02,1004655.8214447376,0.0,0.0,0.0,0.0,0.0
2012-10-03,1004655.8214447376,0.0,0.0,0.0,0.0,0.0
2012-10-04,1004655.8214447376,0.0,0.0,0.0,0.0,0.0
2012-10-05,1004655.8214447376,0.0,0.0,0.0,0.0,0.0
2012-10-08,1004655.8214447376,0.0,0.0,0.0,0.0,0.0
2012-10-09,1004655.8214447376,0.0,0.0,0.0,0.0,0.0
2012-10-10,1004655.8214447376,0.0,0.0,0.0,0.0,0.0
2012-10-11,1004655.8214447376,0.0,0.0,0.0,0.0,0.0
2012-10-12,1004655.8214447376,0.0,0.0,0.0,0.0,0.0
2012-10-15,1004655.8214447376,0.0,0.0,0.0,0.0,0.0
2012-10-16,1004655.8214447376,0.0,0.0,0.0,0.0,0.0
2012-10-17,1004655.8214447376,0.0,0.0,0.0,0.0,0.0
2012-10-18,1004655.8214447376,0.0,0.0,0.0,0.0,0.0
2012-10-19,1004655.8214447376,0.0,0.0,0.0,0.0,0.0
2012-10-22,1004655.8214447376,0.0,0.0,0.0,0.0,0.0
2012-10-23,1004655.8214447376,0.0,0.0,0.0,0.0,0.0
2012-10-24,1004655.8214447376,0.0,0.0,0.0,0.0,0.0
2012-10-25,1004655.8214447376,0.0,0.0,0.0,0.0,0.0
2012-10-26,1004655.8214447376,0.0,0.0,0.0,0.0,0.0
2012-10-31,1004655.8214447376,0.0,0.0,0.0,0.0,0.0
2012-11-01,1004655.8214447376,0.0,0.0,0.0,0.0,0.0
2012-11-02,1004655.8214447376,0.0,0.0,0.0,0.0,0.0
2012-11-05,1004655.8214447376,0.0,0.0,0.0,0.0,0.0
2012-11-06,1004655.8214447376,0.0,0.0,0.0,0.0,0.0
2012-11-07,1004655.8214447376,0.0,0.0,0.0,0.0,0.0
2012-11-08,1004655.8214447376,0.0,0.0,0.0,0.0,0.0
2012-11-09,1004655.8214447376,0.0,0.0,0.0,0.0,0.0
2012-11-12,1004655.8214447376,0.0,0.0,0.0,0.0,0.0
2012-11-13,1004655.8214447376,0.0,0.0,0.0,0.0,0.0
2012-11-14,1004655.8214447376,0.0,0.0,0.0,0.0,0.0
2012-11-15,1004655.8214447376,0.0,0.0,0.0,0.0,0.0
2012-11-16,1004655.8214447376,0.0,0.0,0.0,0.0,0.0
2012-11-19,1004655.8214447376,0.0,0.0,0.0,0.0,0.0
2012-11-20,1004655.8214447376,0.0,0.0,0.0,0.0,0.0
2012-11-21,1004655.8214447376,0.0,0.0,0.0,0.0,0.0
2012-11-23,1004655.8214447376,0.0,0.0,0.0,0.0,0.0
2012-11-26,1004655.8214447376,0.0,0.0,0.0,0.0,0.0
2012-11-27,1004655.8214447376,0.0,0.0,0.0,0.0,0.0
2012-11-28,1004655.8214447376,0.0,0.0,0.0,0.0,0.0
2012-11-29,1004655.8214447376,0.0,0.0,0.0,0.0,0.0
2012-11-30,1004655.8214447376,0.0,0.0,0.0,0.0,0.0
2012-12-03,1004655.8214447376,0.0,0.0,0.0,0.0,0.0
2012-12-04,1004655.8214447376,0.0,0.0,0.0,0.0,0.0
2012-12-05,1004655.8214447376,0.0,0.0,0.0,0.0,0.0
2012-12-06,1004655.8214447376,0.0,0.0,0.0,0.0,0.0
2012-12-07,1004655.8214447376,0.0,0.0,0.0,0.0,0.0
2012-12-10,1004655.8214447376,0.0,0.0,0.0,0.0,0.0
2012-12-11,1004655.8214447376,0.0,0.0,0.0,0.0,0.0
2012-12-12,1004655.8214447376,0.0,0.0,0.0,0.0,0.0
2012-12-13,1004655.8214447376,0.0,0.0,0.0,0.0,0.0
2012-12-14,1004655.8214447376,0.0,0.0,0.0,0.0,0.0
2012-12-17,1004655.8214447376,0.0,0.0,0.0,0.0,0.0
2012-12-18,1004655.8214447376,0.0,0.0,0.0,0.0,0.0
2012-12-19,1004655.8214447376,0.0,0.0,0.0,0.0,0.0
2012-12-20,1004655.8214447376,0.0,0.0,0.0,0.0,0.0
2012-12-21,1004655.8214447376,0.0,0.0,0.0,0.0,0.0
2012-12-24,1004655.8214447376,0.0,0.0,0.0,0.0,0.0
2012-12-26,1004655.8214447376,0.0,0.0,0.0,0.0,0.0
2012-12-27,1004655.8214447376,0.0,0.0,0.0,0.0,0.0
2012-12-28,1004655.8214447376,0.0,0.0,0.0,0.0,0.0
2012-12-31,1004655.8214447376,0.0,0.0,0.0,0.0,0.0
2013-01-02,1004655.8214447376,0.0,0.0,0.0,0.0,0.0
2013-01-03,1004655.8214447376,0.0,0.0,0.0,0.0,0.0
2013-01-04,1004655.8214447376,0.0,0.0,0.0,0.0,0.0
2013-01-07,1004655.8214447376,0.0,0.0,0.0,0.0,0.0
2013-01-08,1004655.8214447376,0.0,0.0,0.0,0.0,0.0
2013-01-09,1004655.8214447376,0.0,0.0,0.0,0.0,0.0
2013-01-10,1004655.8214447376,0.0,0.0,0.0,0.0,0.0
2013-01-11,1004655.8214447376,0.0,0.0,0.0,0.0,0.0
2013-01-14,1004655.8214447376,0.0,0.0,0.0,0.0,0.0
2013-01-15,1004655.8214447376,0.0,0.0,0.0,0.0,0.0
2013-01-16,1004655.8214447376,0.0,0.0,0.0,0.0,0.0
2013-01-17,1004655.8214447376,0.0,0.0,0.0,0.0,0.0
2013-01-18,1004655.8214447376,0.0,0.0,0.0,0.0,0.0
2013-01-22,1004655.8214447376,0.0,0.0,0.0,0.0,0.0
2013-01-23,1004655.8214447376,0.0,0.0,0.0,0.0,0.0
2013-01-24,1004655.8214447376,0.0,0.0,0.0,0.0,0.0
2013-01-25,1004655.8214447376,0.0,0.0,0.0,0.0,0.0
2013-01-28,1004655.8214447376,0.0,0.0,0.0,0.0,0.0
2013-01-29,1004655.8214447376,0.0,0.0,0.0,0.0,0.0
2013-01-30,1004655.8214447376,0.0,0.0,0.0,0.0,0.0
2013-01-31,1004655.8214447376,0.0,0.0,0.0,0.0,0.0
2013-02-01,1004655.8214447376,0.0,0.0,0.0,0.0,0.0
2013-02-04,1004655.8214447376,0.0,0.0,0.0,0.0,0.0
2013-02-05,1004655.8214447376,0.0,0.0,0.0,0.0,0.0
2013-02-06,1004655.8214447376,0.0,0.0,0.0,0.0,0.0
2013-02-07,1004655.8214447376,0.0,0.0,0.0,0.0,0.0
2013-02-08,1004655.8214447376,0.0,0.0,0.0,0.0,0.0
2013-02-11,1004655.8214447376,0.0,0.0,0.0,0.0,0.0
2013-02-12,1004655.8214447376,0.0,0.0,0.0,0.0,0.0
2013-02-13,1004655.8214447376,0.0,0.0,0.0,0.0,0.0
2013-02-14,1004655.8214447376,0.0,0.0,0.0,0.0,0.0
2013-02-15,1004655.8214447376,0.0,0.0,0.0,0.0,0.0
2013-02-19,1004655.8214447376,0.0,0.0,0.0,0.0,0.0
2013-02-20,1004655.8214447376,0.0,0.0,0.0,0.0,0.0
2013-02-21,1004655.8214447376,0.0,0.0,0.0,0.0,0.0
2013-02-22,1004655.8214447376,0.0,0.0,0.0,0.0,0.0
2013-02-25,1004655.8214447376,0.0,0.0,0.0,0.0,0.0
2013-02-26,1004655.8214447376,0.0,0.0,0.0,0.0,0.0
2013-02-27,1004655.8214447376,0.0,0.0,0.0,0.0,0.0
2013-02-28,1004655.8214447376,0.0,0.0,0.0,0.0,0.0
2013-03-01,1004655.8214447376,0.0,0.0,0.0,0.0,0.0
2013-03-04,1004655.8214447376,0.0,0.0,0.0,0.0,0.0
2013-03-05,1004655.8214447376,0.0,0.0,0.0,0.0,0.0
2013-03-06,1004655.8214447376,0.0,0.0,0.0,0.0,0.0
2013-03-07,1004655.8214447376,0.0,0.0,0.0,0.0,0.0
2013-03-08,1004655.8214447376,0.0,0.0,0.0,0.0,0.0
2013-03-11,1004655.8214447376,0.0,0.0,0.0,0.0,0.0
2013-03-12,1004655.8214447376,0.0,0.0,0.0,0.0,0.0
2013-03-13,1004655.8214447376,0.0,0.0,0.0,0.0,0.0
2013-03-14,1004655.8214447376,0.0,0.0,0.0,0.0,0.0
2013-03-15,1004655.8214447376,0.0,0.0,0.0,0.0,0.0
2013-03-18,1004655.8214447376,0.0,0.0,0.0,0.0,0.0
2013-03-19,1004655.8214447376,0.0,0.0,0.0,0.0,0.0
2013-03-20,1004655.8214447376,0.0,0.0,0.0,0.0,0.0
2013-03-21,1004655.8214447376,0.0,0.0,0.0,0.0,0.0
2013-03-22,1004655.8214447376,0.0,0.0,0.0,0.0,0.0
2013-03-25,1004655.8214447376,0.0,0.0,0.0,0.0,0.0
2013-03-26,1004655.8214447376,0.0,0.0,0.0,0.0,0.0
2013-03-27,1004655.8214447376,0.0,0.0,0.0,0.0,0.0
2013-03-28,1004655.8214447376,0.0,0.0,0.0,0.0,0.0
2013-04-01,1004655.8214447376,0.0,0.0,0.0,0.0,0.0
2013-04-02,1004655.8214447376,0.0,0.0,0.0,0.0,0.0
2013-04-03,1004655.8214447376,0.0,0.0,0.0,0.0,0.0
2013-04-04,1004655.8214447376,0.0,0.0,0.0,0.0,0.0
2013-04-05,1004655.8214447376,0.0,0.0,0.0,0.0,0.0
2013-04-08,1004655.8214447376,0.0,0.0,0.0,0.0,0.0
2013-04-09,1004655.8214447376,0.0,0.0,0.0,0.0,0.0
2013-04-10,1004655.8214447376,0.0,0.0,0.0,0.0,0.0
2013-04-11,1004655.8214447376,0.0,0.0,0.0,0.0,0.0
2013-04-12,1004655.8214447376,0.0,0.0,0.0,0.0,0.0
2013-04-15,1004655.8214447376,0.0,0.0,0.0,0.0,0.0
2013-04-16,1004655.8214447376,0.0,0.0,0.0,0.0,0.0
2013-04-17,1004655.8214447376,0.0,0.0,0.0,0.0,0.0
2013-04-18,1004655.8214447376,0.0,0.0,0.0,0.0,0.0
2013-04-19,1004655.8214447376,0.0,0.0,0.0,0.0,0.0
2013-04-22,1004655.8214447376,0.0,0.0,0.0,0.0,0.0
2013-04-23,1004655.8214447376,0.0,0.0,0.0,0.0,0.0
2013-04-24,1004655.8214447376,0.0,0.0,0.0,0.0,0.0
2013-04-25,1004655.8214447376,0.0,0.0,0.0,0.0,0.0
2013-04-26,1004655.8214447376,0.0,0.0,0.0,0.0,0.0
2013-04-29,1004655.8214447376,0.0,0.0,0.0,0.0,0.0
2013-04-30,1004655.8214447376,0.0,0.0,0.0,0.0,0.0
2013-05-01,1004655.8214447376,0.0,0.0,0.0,0.0,0.0
2013-05-02,1004655.8214447376,0.0,0.0,0.0,0.0,0.0
2013-05-03,1004655.8214447376,0.0,0.0,0.0,0.0,0.0
2013-05-06,1004655.8214447376,0.0,0.0,0.0,0.0,0.0
2013-05-07,1004655.8214447376,0.0,0.0,0.0,0.0,0.0
2013-05-08,1004655.8214447376,0.0,0.0,0.0,0.0,0.0
2013-05-09,1004655.8214447376,0.0,0.0,0.0,0.0,0.0
2013-05-10,1004655.8214447376,0.0,0.0,0.0,0.0,0.0
2013-05-13,1004655.8214447376,0.0,0.0,0.0,0.0,0.0
2013-05-14,1004655.8214447376,0.0,0.0,0.0,0.0,0.0
2013-05-15,1004655.8214447376,0.0,0.0,0.0,0.0,0.0
2013-05-16,1004655.8214447376,0.0,0.0,0.0,0.0,0.0
2013-05-17,1004655.8214447376,0.0,0.0,0.0,0.0,0.0
2013-05-20,1004655.8214447376,0.0,0.0,0.0,0.0,0.0
2013-05-21,1004655.8214447376,0.0,0.0,0.0,0.0,0.0
2013-05-22,1004655.8214447376,0.0,0.0,0.0,0.0,0.0
2013-05-23,1004655.8214447376,0.0,0.0,0.0,0.0,0.0
2013-05-24,1004655.8214447376,0.0,0.0,0.0,0.0,0.0
2013-05-28,1004655.8214447376,0.0,0.0,0.0,0.0,0.0
2013-05-29,1004655.8214447376,0.0,0.0,0.0,0.0,0.0
2013-05-30,1004655.8214447376,0.0,0.0,0.0,0.0,0.0
2013-05-31,1004655.8214447376,0.0,0.0,0.0,0.0,0.0
2013-06-03,1004655.8214447376,0.0,0.0,0.0,0.0,0.0
2013-06-04,1004655.8214447376,0.0,0.0,0.0,0.0,0.0
2013-06-05,1004655.8214447376,0.0,0.0,0.0,0.0,0.0
2013-06-06,1004655.8214447376,0.0,0.0,0.0,0.0,0.0
2013-06-07,1004655.8214447376,0.0,0.0,0.0,0.0,0.0
2013-06-10,1004655.8214447376,0.0,0.0,0.0,0.0,0.0
2013-06-11,1004655.8214447376,0.0,0.0,0.0,0.0,0.0
2013-06-12,1004655.8214447376,0.0,0.0,0.0,0.0,0.0
2013-06-13,1004153.4935340153,0.0,502.3279107223688,-0.0005,0.7144992815679104,0.5
2013-06-14,1006231.2817593381,2077.788225322826,0.0,0.002073484282989135,0.7104597059548328,0.5
2013-06-17,1004904.2375367739,-1327.0442225642441,0.0,-0.001317089232795522,0.7087726767749077,0.5
2013-06-18,1004322.8879778683,-581.3495589055717,0.0,-0.0005781779136037003,0.7051246709511415,0.5
2013-06-19,1008394.6918427463,4071.803864878004,0.0,0.004070781756251559,0.7003504711112706,0.5
2013-06-20,999952.7796162231,-8441.91222652332,0.0,-0.008302132508546313,0.6880549650152776,0.5
2013-06-21,998533.814903913,-1418.9647123101663,0.0,-0.001417020921897141,0.6828904952414763,0.5
2013-06-24,1004802.8619588094,6269.04705489649,0.0,0.006317917614354309,0.6530166065087809,0.5
2013-06-25,1009205.520001453,4402.658042643593,0.0,0.004400896786514988,0.6320644246180003,0.5
2013-06-26,1012183.0153890987,2977.495387645657,0.0,0.0029590662502054907,0.6069091876708851,0.5
2013-06-27,1016883.555708243,4700.540319144421,0.0,0.004665629860031104,0.6064500341881714,0.5
2013-06-28,1022137.0710105782,5253.515302335127,0.0,0.00519311911716975,0.5871108133472124,0.5
2013-07-01,1024097.0653941076,1959.9943835293925,0.0,0.0019212295869356388,0.553284689926766,0.5
2013-07-02,1024912.1697123137,815.1043182060711,0.0,0.0007965588657001753,0.5353122088574688,0.5
2013-07-03,1028332.8873798214,3420.717667507722,0.0,0.003348748206027747,0.5335123503003965,0.5
2013-07-05,1029794.0487291139,1461.1613492924523,0.0,0.0014229249011857709,0.5095343527160497,0.5
2013-07-08,1036684.2009758059,6890.152246691961,0.0,0.0067358744749980186,0.5182906492414834,0.5
2013-07-09,1037972.6076260788,1288.4066502728672,0.0,0.0012443614870119768,0.4965228377406353,0.5
2013-07-10,1031056.0072653285,-6916.6003607502535,0.0,-0.0066194581280788175,0.4538240846653644,0.5
2013-07-11,1034132.8196005007,3076.8123351721756,0.0,0.0029930686830497797,0.42475643083833065,0.5
2013-07-12,1021862.0788839296,-12270.740716571125,0.0,-0.011726585403487116,0.3936346327551325,0.5
2013-07-15,985562.2792573166,-35788.86858717105,510.93103944196486,-0.03432115265760198,0.0,0.0
2013-07-16,985562.2792573166,0.0,0.0,0.0,0.0,0.0
2013-07-17,985562.2792573166,0.0,0.0,0.0,0.0,0.0
2013-07-18,985562.2792573166,0.0,0.0,0.0,0.0,0.0
2013-07-19,985562.2792573166,0.0,0.0,0.0,0.0,0.0
2013-07-22,985562.2792573166,0.0,0.0,0.0,0.0,0.0
2013-07-23,985562.2792573166,0.0,0.0,0.0,0.0,0.0
2013-07-24,985562.2792573166,0.0,0.0,0.0,0.0,0.0
2013-07-25,985562.2792573166,0.0,0.0,0.0,0.0,0.0
2013-07-26,985562.2792573166,0.0,0.0,0.0,0.0,0.0
2013-07-29,985562.2792573166,0.0,0.0,0.0,0.0,0.0
2013-07-30,985562.2792573166,0.0,0.0,0.0,0.0,0.0
2013-07-31,985562.2792573166,0.0,0.0,0.0,0.0,0.0
2013-08-01,985562.2792573166,0.0,0.0,0.0,0.0,0.0
2013-08-02,985562.2792573166,0.0,0.0,0.0,0.0,0.0
2013-08-05,985562.2792573166,0.0,0.0,0.0,0.0,0.0
2013-08-06,985562.2792573166,0.0,0.0,0.0,0.0,0.0
2013-08-07,985562.2792573166,0.0,0.0,0.0,0.0,0.0
2013-08-08,985562.2792573166,0.0,0.0,0.0,0.0,0.0
2013-08-09,985562.2792573166,0.0,0.0,0.0,0.0,0.0
2013-08-12,985562.2792573166,0.0,0.0,0.0,0.0,0.0
2013-08-13,985562.2792573166,0.0,0.0,0.0,0.0,0.0
2013-08-14,985562.2792573166,0.0,0.0,0.0,0.0,0.0
2013-08-15,985562.2792573166,0.0,0.0,0.0,0.0,0.0
2013-08-16,985562.2792573166,0.0,0.0,0.0,0.0,0.0
2013-08-19,985562.2792573166,0.0,0.0,0.0,0.0,0.0
2013-08-20,985562.2792573166,0.0,0.0,0.0,0.0,0.0
2013-08-21,985562.2792573166,0.0,0.0,0.0,0.0,0.0
2013-08-22,985562.2792573166,0.0,0.0,0.0,0.0,0.0
2013-08-23,985562.2792573166,0.0,0.0,0.0,0.0,0.0
2013-08-26,985562.2792573166,0.0,0.0,0.0,0.0,0.0
2013-08-27,985562.2792573166,0.0,0.0,0.0,0.0,0.0
2013-08-28,985562.2792573166,0.0,0.0,0.0,0.0,0.0
2013-08-29,985562.2792573166,0.0,0.0,0.0,0.0,0.0
2013-08-30,985562.2792573166,0.0,0.0,0.0,0.0,0.0
2013-09-03,985562.2792573166,0.0,0.0,0.0,0.0,0.0
2013-09-04,985562.2792573166,0.0,0.0,0.0,0.0,0.0
2013-09-05,985562.2792573166,0.0,0.0,0.0,0.0,0.0
2013-09-06,985562.2792573166,0.0,0.0,0.0,0.0,0.0
2013-09-09,985562.2792573166,0.0,0.0,0.0,0.0,0.0
2013-09-10,985562.2792573166,0.0,0.0,0.0,0.0,0.0
2013-09-11,985562.2792573166,0.0,0.0,0.0,0.0,0.0
2013-09-12,985562.2792573166,0.0,0.0,0.0,0.0,0.0
2013-09-13,985562.2792573166,0.0,0.0,0.0,0.0,0.0
2013-09-16,985562.2792573166,0.0,0.0,0.0,0.0,0.0
2013-09-17,985562.2792573166,0.0,0.0,0.0,0.0,0.0
2013-09-18,985562.2792573166,0.0,0.0,0.0,0.0,0.0
2013-09-19,985562.2792573166,0.0,0.0,0.0,0.0,0.0
2013-09-20,985562.2792573166,0.0,0.0,0.0,0.0,0.0
2013-09-23,985562.2792573166,0.0,0.0,0.0,0.0,0.0
2013-09-24,985562.2792573166,0.0,0.0,0.0,0.0,0.0
2013-09-25,985562.2792573166,0.0,0.0,0.0,0.0,0.0
2013-09-26,985562.2792573166,0.0,0.0,0.0,0.0,0.0
2013-09-27,985562.2792573166,0.0,0.0,0.0,0.0,0.0
2013-09-30,985562.2792573166,0.0,0.0,0.0,0.0,0.0
2013-10-01,985562.2792573166,0.0,0.0,0.0,0.0,0.0
2013-10-02,985562.2792573166,0.0,0.0,0.0,0.0,0.0
2013-10-03,985562.2792573166,0.0,0.0,0.0,0.0,0.0
2013-10-04,985562.2792573166,0.0,0.0,0.0,0.0,0.0
2013-10-07,985562.2792573166,0.0,0.0,0.0,0.0,0.0
2013-10-08,985562.2792573166,0.0,0.0,0.0,0.0,0.0
2013-10-09,985562.2792573166,0.0,0.0,0.0,0.0,0.0
2013-10-10,985562.2792573166,0.0,0.0,0.0,0.0,0.0
2013-10-11,985562.2792573166,0.0,0.0,0.0,0.0,0.0
2013-10-14,985562.2792573166,0.0,0.0,0.0,0.0,0.0
2013-10-15,985562.2792573166,0.0,0.0,0.0,0.0,0.0
2013-10-16,985562.2792573166,0.0,0.0,0.0,0.0,0.0
2013-10-17,985562.2792573166,0.0,0.0,0.0,0.0,0.0
2013-10-18,985562.2792573166,0.0,0.0,0.0,0.0,0.0
2013-10-21,985562.2792573166,0.0,0.0,0.0,0.0,0.0
2013-10-22,985562.2792573166,0.0,0.0,0.0,0.0,0.0
2013-10-23,985562.2792573166,0.0,0.0,0.0,0.0,0.0
2013-10-24,985562.2792573166,0.0,0.0,0.0,0.0,0.0
2013-10-25,985562.2792573166,0.0,0.0,0.0,0.0,0.0
2013-10-28,985562.2792573166,0.0,0.0,0.0,0.0,0.0
2013-10-29,985562.2792573166,0.0,0.0,0.0,0.0,0.0
2013-10-30,985562.2792573166,0.0,0.0,0.0,0.0,0.0
2013-10-31,985562.2792573166,0.0,0.0,0.0,0.0,0.0
2013-11-01,985562.2792573166,0.0,0.0,0.0,0.0,0.0
2013-11-04,985562.2792573166,0.0,0.0,0.0,0.0,0.0
2013-11-05,985562.2792573166,0.0,0.0,0.0,0.0,0.0
2013-11-06,985562.2792573166,0.0,0.0,0.0,0.0,0.0
2013-11-07,985562.2792573166,0.0,0.0,0.0,0.0,0.0
2013-11-08,985562.2792573166,0.0,0.0,0.0,0.0,0.0
2013-11-11,985562.2792573166,0.0,0.0,0.0,0.0,0.0
2013-11-12,985562.2792573166,0.0,0.0,0.0,0.0,0.0
2013-11-13,985562.2792573166,0.0,0.0,0.0,0.0,0.0
2013-11-14,985562.2792573166,0.0,0.0,0.0,0.0,0.0
2013-11-15,985562.2792573166,0.0,0.0,0.0,0.0,0.0
2013-11-18,985562.2792573166,0.0,0.0,0.0,0.0,0.0
2013-11-19,985562.2792573166,0.0,0.0,0.0,0.0,0.0
2013-11-20,985562.2792573166,0.0,0.0,0.0,0.0,0.0
2013-11-21,985562.2792573166,0.0,0.0,0.0,0.0,0.0
2013-11-22,985562.2792573166,0.0,0.0,0.0,0.0,0.0
2013-11-25,985562.2792573166,0.0,0.0,0.0,0.0,0.0
2013-11-26,985562.2792573166,0.0,0.0,0.0,0.0,0.0
2013-11-27,985562.2792573166,0.0,0.0,0.0,0.0,0.0
2013-11-29,985562.2792573166,0.0,0.0,0.0,0.0,0.0
2013-12-02,985562.2792573166,0.0,0.0,0.0,0.0,0.0
2013-12-03,985562.2792573166,0.0,0.0,0.0,0.0,0.0
2013-12-04,985562.2792573166,0.0,0.0,0.0,0.0,0.0
2013-12-05,985562.2792573166,0.0,0.0,0.0,0.0,0.0
2013-12-06,985562.2792573166,0.0,0.0,0.0,0.0,0.0
2013-12-09,985562.2792573166,0.0,0.0,0.0,0.0,0.0
2013-12-10,985562.2792573166,0.0,0.0,0.0,0.0,0.0
2013-12-11,985562.2792573166,0.0,0.0,0.0,0.0,0.0
2013-12-12,985562.2792573166,0.0,0.0,0.0,0.0,0.0
2013-12-13,985562.2792573166,0.0,0.0,0.0,0.0,0.0
2013-12-16,985562.2792573166,0.0,0.0,0.0,0.0,0.0
2013-12-17,985562.2792573166,0.0,0.0,0.0,0.0,0.0
2013-12-18,985562.2792573166,0.0,0.0,0.0,0.0,0.0
2013-12-19,985562.2792573166,0.0,0.0,0.0,0.0,0.0
2013-12-20,985562.2792573166,0.0,0.0,0.0,0.0,0.0
2013-12-23,985562.2792573166,0.0,0.0,0.0,0.0,0.0
2013-12-24,985562.2792573166,0.0,0.0,0.0,0.0,0.0
2013-12-26,985562.2792573166,0.0,0.0,0.0,0.0,0.0
2013-12-27,985562.2792573166,0.0,0.0,0.0,0.0,0.0
2013-12-30,985562.2792573166,0.0,0.0,0.0,0.0,0.0
2013-12-31,985562.2792573166,0.0,0.0,0.0,0.0,0.0
2014-01-02,985562.2792573166,0.0,0.0,0.0,0.0,0.0
2014-01-03,985562.2792573166,0.0,0.0,0.0,0.0,0.0
2014-01-06,985562.2792573166,0.0,0.0,0.0,0.0,0.0
2014-01-07,985562.2792573166,0.0,0.0,0.0,0.0,0.0
2014-01-08,985562.2792573166,0.0,0.0,0.0,0.0,0.0
2014-01-09,985562.2792573166,0.0,0.0,0.0,0.0,0.0
2014-01-10,985562.2792573166,0.0,0.0,0.0,0.0,0.0
2014-01-13,985562.2792573166,0.0,0.0,0.0,0.0,0.0
2014-01-14,985562.2792573166,0.0,0.0,0.0,0.0,0.0
2014-01-15,985562.2792573166,0.0,0.0,0.0,0.0,0.0
2014-01-16,985562.2792573166,0.0,0.0,0.0,0.0,0.0
2014-01-17,985562.2792573166,0.0,0.0,0.0,0.0,0.0
2014-01-21,985562.2792573166,0.0,0.0,0.0,0.0,0.0
2014-01-22,985562.2792573166,0.0,0.0,0.0,0.0,0.0
2014-01-23,985562.2792573166,0.0,0.0,0.0,0.0,0.0
2014-01-24,985562.2792573166,0.0,0.0,0.0,0.0,0.0
2014-01-27,985562.2792573166,0.0,0.0,0.0,0.0,0.0
2014-01-28,985562.2792573166,0.0,0.0,0.0,0.0,0.0
2014-01-29,985562.2792573166,0.0,0.0,0.0,0.0,0.0
2014-01-30,985562.2792573166,0.0,0.0,0.0,0.0,0.0
2014-01-31,985562.2792573166,0.0,0.0,0.0,0.0,0.0
2014-02-03,985562.2792573166,0.0,0.0,0.0,0.0,0.0
2014-02-04,985562.2792573166,0.0,0.0,0.0,0.0,0.0
2014-02-05,985562.2792573166,0.0,0.0,0.0,0.0,0.0
2014-02-06,985562.2792573166,0.0,0.0,0.0,0.0,0.0
2014-02-07,985562.2792573166,0.0,0.0,0.0,0.0,0.0
2014-02-10,985562.2792573166,0.0,0.0,0.0,0.0,0.0
2014-02-11,985562.2792573166,0.0,0.0,0.0,0.0,0.0
2014-02-12,985562.2792573166,0.0,0.0,0.0,0.0,0.0
2014-02-13,985562.2792573166,0.0,0.0,0.0,0.0,0.0
2014-02-14,985562.2792573166,0.0,0.0,0.0,0.0,0.0
2014-02-18,985562.2792573166,0.0,0.0,0.0,0.0,0.0
2014-02-19,985562.2792573166,0.0,0.0,0.0,0.0,0.0
2014-02-20,985562.2792573166,0.0,0.0,0.0,0.0,0.0
2014-02-21,985562.2792573166,0.0,0.0,0.0,0.0,0.0
2014-02-24,985562.2792573166,0.0,0.0,0.0,0.0,0.0
2014-02-25,985562.2792573166,0.0,0.0,0.0,0.0,0.0
2014-02-26,985562.2792573166,0.0,0.0,0.0,0.0,0.0
2014-02-27,985562.2792573166,0.0,0.0,0.0,0.0,0.0
2014-02-28,985562.2792573166,0.0,0.0,0.0,0.0,0.0
2014-03-03,985562.2792573166,0.0,0.0,0.0,0.0,0.0
2014-03-04,985562.2792573166,0.0,0.0,0.0,0.0,0.0
2014-03-05,985562.2792573166,0.0,0.0,0.0,0.0,0.0
2014-03-06,985562.2792573166,0.0,0.0,0.0,0.0,0.0
2014-03-07,985562.2792573166,0.0,0.0,0.0,0.0,0.0
2014-03-10,985562.2792573166,0.0,0.0,0.0,0.0,0.0
2014-03-11,985562.2792573166,0.0,0.0,0.0,0.0,0.0
2014-03-12,985562.2792573166,0.0,0.0,0.0,0.0,0.0
2014-03-13,985562.2792573166,0.0,0.0,0.0,0.0,0.0
2014-03-14,985562.2792573166,0.0,0.0,0.0,0.0,0.0
2014-03-17,985562.2792573166,0.0,0.0,0.0,0.0,0.0
2014-03-18,985562.2792573166,0.0,0.0,0.0,0.0,0.0
2014-03-19,985562.2792573166,0.0,0.0,0.0,0.0,0.0
2014-03-20,985562.2792573166,0.0,0.0,0.0,0.0,0.0
2014-03-21,985562.2792573166,0.0,0.0,0.0,0.0,0.0
2014-03-24,985562.2792573166,0.0,0.0,0.0,0.0,0.0
2014-03-25,985562.2792573166,0.0,0.0,0.0,0.0,0.0
2014-03-26,985562.2792573166,0.0,0.0,0.0,0.0,0.0
2014-03-27,985562.2792573166,0.0,0.0,0.0,0.0,0.0
2014-03-28,985562.2792573166,0.0,0.0,0.0,0.0,0.0
2014-03-31,985562.2792573166,0.0,0.0,0.0,0.0,0.0
2014-04-01,985562.2792573166,0.0,0.0,0.0,0.0,0.0
2014-04-02,985562.2792573166,0.0,0.0,0.0,0.0,0.0
2014-04-03,985562.2792573166,0.0,0.0,0.0,0.0,0.0
2014-04-04,985562.2792573166,0.0,0.0,0.0,0.0,0.0
2014-04-07,985562.2792573166,0.0,0.0,0.0,0.0,0.0
2014-04-08,985562.2792573166,0.0,0.0,0.0,0.0,0.0
2014-04-09,985562.2792573166,0.0,0.0,0.0,0.0,0.0
2014-04-10,985562.2792573166,0.0,0.0,0.0,0.0,0.0
2014-04-11,985562.2792573166,0.0,0.0,0.0,0.0,0.0
2014-04-14,985562.2792573166,0.0,0.0,0.0,0.0,0.0
2014-04-15,985562.2792573166,0.0,0.0,0.0,0.0,0.0
2014-04-16,985562.2792573166,0.0,0.0,0.0,0.0,0.0
2014-04-17,985562.2792573166,0.0,0.0,0.0,0.0,0.0
2014-04-21,985562.2792573166,0.0,0.0,0.0,0.0,0.0
2014-04-22,985562.2792573166,0.0,0.0,0.0,0.0,0.0
2014-04-23,985562.2792573166,0.0,0.0,0.0,0.0,0.0
2014-04-24,985562.2792573166,0.0,0.0,0.0,0.0,0.0
2014-04-25,985562.2792573166,0.0,0.0,0.0,0.0,0.0
2014-04-28,985562.2792573166,0.0,0.0,0.0,0.0,0.0
2014-04-29,985562.2792573166,0.0,0.0,0.0,0.0,0.0
2014-04-30,985562.2792573166,0.0,0.0,0.0,0.0,0.0
2014-05-01,985562.2792573166,0.0,0.0,0.0,0.0,0.0
2014-05-02,985562.2792573166,0.0,0.0,0.0,0.0,0.0
2014-05-05,985562.2792573166,0.0,0.0,0.0,0.0,0.0
2014-05-06,985562.2792573166,0.0,0.0,0.0,0.0,0.0
2014-05-07,985562.2792573166,0.0,0.0,0.0,0.0,0.0
2014-05-08,985562.2792573166,0.0,0.0,0.0,0.0,0.0
2014-05-09,985562.2792573166,0.0,0.0,0.0,0.0,0.0
2014-05-12,985562.2792573166,0.0,0.0,0.0,0.0,0.0
2014-05-13,985562.2792573166,0.0,0.0,0.0,0.0,0.0
2014-05-14,985562.2792573166,0.0,0.0,0.0,0.0,0.0
2014-05-15,985562.2792573166,0.0,0.0,0.0,0.0,0.0
2014-05-16,985562.2792573166,0.0,0.0,0.0,0.0,0.0
2014-05-19,985562.2792573166,0.0,0.0,0.0,0.0,0.0
2014-05-20,985562.2792573166,0.0,0.0,0.0,0.0,0.0
2014-05-21,985562.2792573166,0.0,0.0,0.0,0.0,0.0
2014-05-22,985562.2792573166,0.0,0.0,0.0,0.0,0.0
2014-05-23,985562.2792573166,0.0,0.0,0.0,0.0,0.0
2014-05-27,985562.2792573166,0.0,0.0,0.0,0.0,0.0
2014-05-28,985562.2792573166,0.0,0.0,0.0,0.0,0.0
2014-05-29,985562.2792573166,0.0,0.0,0.0,0.0,0.0
2014-05-30,985562.2792573166,0.0,0.0,0.0,0.0,0.0
2014-06-02,985069.498117688,0.0,492.7811396286583,-0.0005,-0.3193173782309633,-0.5
2014-06-03,991388.2544784895,6318.756360801564,0.0,0.006455940303513038,-0.41251331804598607,-0.5
2014-06-04,990969.9471981189,-418.3072803706707,0.0,-0.0004217629692113033,-0.6192355228627338,-0.5
2014-06-05,998322.8439395552,7352.896741436296,0.0,0.007475365273530412,-0.6399196133488535,-0.5
2014-06-06,999519.0541257204,1196.2101861651638,0.0,0.0011996572407883463,-0.7234020053926341,-0.5
2014-06-09,999519.0541257204,0.0,0.0,0.0,-0.9891872517710616,-0.5
2014-06-10,997632.5219370823,-1886.5321886381132,0.0,-0.001883884226751156,-0.9994002053758602,-0.5
2014-06-11,1003430.7280474858,5798.206110403556,0.0,0.005845942228335626,-0.897536941774247,-0.5
2014-06-12,1013930.1329327977,10499.404885311811,0.0,0.01057415013545399,-0.9743118937341182,-0.5
2014-06-13,1010168.865878993,-3761.267053804761,0.0,-0.0036958817317845833,-0.8799806890372108,-0.5
2014-06-16,1011585.9009354601,1417.0350564671128,0.0,0.0014047410008779632,-0.9307094047423292,-0.5
2014-06-17,1019946.1149927779,8360.214057317853,0.0,0.008333333333333333,-1.1033023705642866,-0.5
2014-06-18,1016025.349487263,-3920.7655055148803,0.0,-0.003829370380265384,-1.222215796424241,-0.5
2014-06-19,1011788.9059611894,-4236.443526073577,0.0,-0.004152310274759255,-1.4445595414238885,-0.5
2014-06-20,1013569.2841170247,1780.3781558352796,0.0,0.0017627357659086903,-1.6160672623326036,-0.5
2014-06-23,1010347.6264948975,-3221.6576221272194,0.0,-0.0031684562577011088,-1.9428698807025555,-0.5
2014-06-24,1014336.5406195045,3988.9141246069826,0.0,0.003963710032590505,-1.9471128642130606,-0.5
2014-06-25,1013529.2335036949,-807.3071158096516,0.0,-0.0007952637624812228,-1.8404155676873077,-0.5
2014-06-26,1005922.8424699836,-7606.391033711289,0.0,-0.007448952764875997,-1.6443914042178236,-0.5
2014-06-27,1007672.8822098409,1750.0397398573132,0.0,0.001742767514813524,-1.6976816641247863,-0.5
2014-06-30,1018755.8765497885,11082.994339947623,0.0,0.011120917917034423,-2.0127386025608294,-0.5
2014-07-01,1018937.7322935497,181.855743761119,0.0,0.00017853954650955188,-2.2328941012559977,-0.5
2014-07-02,1021667.0297907646,2729.2974972148654,0.0,0.0026857654431512983,-2.1006251609003157,-0.5
2014-07-03,1023409.549859528,1742.5200687634226,0.0,0.001708479453286575,-1.846927066278872,-0.5
2014-07-07,1032535.6123199939,9126.062460465977,0.0,0.008997546123784422,-1.6429283140686761,-0.5
2014-07-08,1045129.8196236035,12594.20730360961,0.0,0.012347971404697799,-1.5583362331450603,-0.5
2014-07-09,1043263.1654994403,-1866.6541241632324,0.0,-0.0017828657220606175,-1.5347778334137188,-0.5
2014-07-10,1045119.8534110634,1856.6879116232078,0.0,0.0017828657220606175,-1.5111081110705655,-0.5
2014-07-11,1058481.0397302874,13361.186319223973,0.0,0.012949914302037705,-1.6411919040634384,-0.5
2014-07-14,1058787.3722712088,306.3325409213643,0.0,0.00028949146000192995,-1.6885014811064878,-0.5
2014-07-15,1105065.3740001516,46807.395415078536,529.3936861356044,0.045730155524136534,0.0,0.0
2014-07-16,1105065.3740001516,0.0,0.0,0.0,0.0,0.0
2014-07-17,1104512.8413131516,0.0,552.5326870000758,-0.0005,-1.4335801981475296,-0.5
2014-07-18,1103572.6303394865,-940.2109736651643,0.0,-0.000850520944078248,-1.1633709890681931,-0.5
2014-07-21,1104041.5373419677,468.9070024811925,0.0,0.00042507970244420824,-0.5076122950825268,-0.5
2014-07-22,1100168.1192330706,-3873.4181088969735,0.0,-0.00349613306494332,-0.5280260146934079,-0.5
2014-07-23,1091719.8687769328,-7898.1663965212,550.0840596165353,-0.0076243186582809225,0.0,0.0
2014-07-24,1091719.8687769328,0.0,0.0,0.0,0.0,0.0
2014-07-25,1091174.0088425444,0.0,545.8599343884664,-0.0005,-0.7967052927276291,-0.5
2014-07-28,1079714.4314423995,-10913.990395723531,545.5870044212722,-0.01039806023481368,0.0,0.0
2014-07-29,1079714.4314423995,0.0,0.0,0.0,0.0,0.0
2014-07-30,1079714.4314423995,0.0,0.0,0.0,0.0,0.0
2014-07-31,1079714.4314423995,0.0,0.0,0.0,0.0,0.0
2014-08-01,1079714.4314423995,0.0,0.0,0.0,0.0,0.0
2014-08-04,1079714.4314423995,0.0,0.0,0.0,0.0,0.0
2014-08-05,1079714.4314423995,0.0,0.0,0.0,0.0,0.0
2014-08-06,1079714.4314423995,0.0,0.0,0.0,0.0,0.0
2014-08-07,1079714.4314423995,0.0,0.0,0.0,0.0,0.0
2014-08-08,1079714.4314423995,0.0,0.0,0.0,0.0,0.0
2014-08-11,1079714.4314423995,0.0,0.0,0.0,0.0,0.0
2014-08-12,1079174.5742266783,0.0,539.8572157211997,-0.0005,-2.1866012939990718,-0.5
2014-08-13,1089840.8345533374,10666.26032665903,0.0,0.009982384028185555,-1.796203560461644,-0.5
2014-08-14,1107078.3329250787,17237.4983717412,0.0,0.016070711128967456,-1.5075320083587649,-0.5
2014-08-15,1161675.2864563947,55150.49269777852,553.5391664625394,0.051901804899011604,0.0,0.0
2014-08-18,1161675.2864563947,0.0,0.0,0.0,0.0,0.0
2014-08-19,1161675.2864563947,0.0,0.0,0.0,0.0,0.0
2014-08-20,1161675.2864563947,0.0,0.0,0.0,0.0,0.0
2014-08-21,1161675.2864563947,0.0,0.0,0.0,0.0,0.0
2014-08-22,1161675.2864563947,0.0,0.0,0.0,0.0,0.0
2014-08-25,1161675.2864563947,0.0,0.0,0.0,0.0,0.0
2014-08-26,1161675.2864563947,0.0,0.0,0.0,0.0,0.0
2014-08-27,1161675.2864563947,0.0,0.0,0.0,0.0,0.0
2014-08-28,1161675.2864563947,0.0,0.0,0.0,0.0,0.0
2014-08-29,1161675.2864563947,0.0,0.0,0.0,0.0,0.0
2014-09-02,1161675.2864563947,0.0,0.0,0.0,0.0,0.0
2014-09-03,1161675.2864563947,0.0,0.0,0.0,0.0,0.0
2014-09-04,1161675.2864563947,0.0,0.0,0.0,0.0,0.0
2014-09-05,1161675.2864563947,0.0,0.0,0.0,0.0,0.0
2014-09-08,1161675.2864563947,0.0,0.0,0.0,0.0,0.0
2014-09-09,1161675.2864563947,0.0,0.0,0.0,0.0,0.0
2014-09-10,1161675.2864563947,0.0,0.0,0.0,0.0,0.0
2014-09-11,1161675.2864563947,0.0,0.0,0.0,0.0,0.0
2014-09-12,1161675.2864563947,0.0,0.0,0.0,0.0,0.0
2014-09-15,1161675.2864563947,0.0,0.0,0.0,0.0,0.0
2014-09-16,1161675.2864563947,0.0,0.0,0.0,0.0,0.0
2014-09-17,1161675.2864563947,0.0,0.0,0.0,0.0,0.0
2014-09-18,1161675.2864563947,0.0,0.0,0.0,0.0,0.0
2014-09-19,1161675.2864563947,0.0,0.0,0.0,0.0,0.0
2014-09-22,1161675.2864563947,0.0,0.0,0.0,0.0,0.0
2014-09-23,1161675.2864563947,0.0,0.0,0.0,0.0,0.0
2014-09-24,1161675.2864563947,0.0,0.0,0.0,0.0,0.0
2014-09-25,1161675.2864563947,0.0,0.0,0.0,0.0,0.0
2014-09-26,1161675.2864563947,0.0,0.0,0.0,0.0,0.0
2014-09-29,1161675.2864563947,0.0,0.0,0.0,0.0,0.0
2014-09-30,1161675.2864563947,0.0,0.0,0.0,0.0,0.0
2014-10-01,1161675.2864563947,0.0,0.0,0.0,0.0,0.0
2014-10-02,1161675.2864563947,0.0,0.0,0.0,0.0,0.0
2014-10-03,1161675.2864563947,0.0,0.0,0.0,0.0,0.0
2014-10-06,1161675.2864563947,0.0,0.0,0.0,0.0,0.0
2014-10-07,1161675.2864563947,0.0,0.0,0.0,0.0,0.0
2014-10-08,1161675.2864563947,0.0,0.0,0.0,0.0,0.0
2014-10-09,1161675.2864563947,0.0,0.0,0.0,0.0,0.0
2014-10-10,1161675.2864563947,0.0,0.0,0.0,0.0,0.0
2014-10-13,1161675.2864563947,0.0,0.0,0.0,0.0,0.0
2014-10-14,1161675.2864563947,0.0,0.0,0.0,0.0,0.0
2014-10-15,1161675.2864563947,0.0,0.0,0.0,0.0,0.0
2014-10-16,1161675.2864563947,0.0,0.0,0.0,0.0,0.0
2014-10-17,1161675.2864563947,0.0,0.0,0.0,0.0,0.0
2014-10-20,1161675.2864563947,0.0,0.0,0.0,0.0,0.0
2014-10-21,1161675.2864563947,0.0,0.0,0.0,0.0,0.0
2014-10-22,1161675.2864563947,0.0,0.0,0.0,0.0,0.0
2014-10-23,1161675.2864563947,0.0,0.0,0.0,0.0,0.0
2014-10-24,1161675.2864563947,0.0,0.0,0.0,0.0,0.0
2014-10-27,1161675.2864563947,0.0,0.0,0.0,0.0,0.0
2014-10-28,1161675.2864563947,0.0,0.0,0.0,0.0,0.0
2014-10-29,1161675.2864563947,0.0,0.0,0.0,0.0,0.0
2014-10-30,1161675.2864563947,0.0,0.0,0.0,0.0,0.0
2014-10-31,1161675.2864563947,0.0,0.0,0.0,0.0,0.0
2014-11-03,1161675.2864563947,0.0,0.0,0.0,0.0,0.0
2014-11-04,1161675.2864563947,0.0,0.0,0.0,0.0,0.0
2014-11-05,1161675.2864563947,0.0,0.0,0.0,0.0,0.0
2014-11-06,1161675.2864563947,0.0,0.0,0.0,0.0,0.0
2014-11-07,1161675.2864563947,0.0,0.0,0.0,0.0,0.0
2014-11-10,1161675.2864563947,0.0,0.0,0.0,0.0,0.0
2014-11-11,1161675.2864563947,0.0,0.0,0.0,0.0,0.0
2014-11-12,1161675.2864563947,0.0,0.0,0.0,0.0,0.0
2014-11-13,1161675.2864563947,0.0,0.0,0.0,0.0,0.0
2014-11-14,1161675.2864563947,0.0,0.0,0.0,0.0,0.0
2014-11-17,1161675.2864563947,0.0,0.0,0.0,0.0,0.0
2014-11-18,1161675.2864563947,0.0,0.0,0.0,0.0,0.0
2014-11-19,1161675.2864563947,0.0,0.0,0.0,0.0,0.0
2014-11-20,1161675.2864563947,0.0,0.0,0.0,0.0,0.0
2014-11-21,1161675.2864563947,0.0,0.0,0.0,0.0,0.0
2014-11-24,1161675.2864563947,0.0,0.0,0.0,0.0,0.0
2014-11-25,1161675.2864563947,0.0,0.0,0.0,0.0,0.0
2014-11-26,1161675.2864563947,0.0,0.0,0.0,0.0,0.0
2014-11-28,1161675.2864563947,0.0,0.0,0.0,0.0,0.0
2014-12-01,1161675.2864563947,0.0,0.0,0.0,0.0,0.0
2014-12-02,1161675.2864563947,0.0,0.0,0.0,0.0,0.0
2014-12-03,1161675.2864563947,0.0,0.0,0.0,0.0,0.0
2014-12-04,1161675.2864563947,0.0,0.0,0.0,0.0,0.0
2014-12-05,1161675.2864563947,0.0,0.0,0.0,0.0,0.0
2014-12-08,1161675.2864563947,0.0,0.0,0.0,0.0,0.0
2014-12-09,1161675.2864563947,0.0,0.0,0.0,0.0,0.0
2014-12-10,1161675.2864563947,0.0,0.0,0.0,0.0,0.0
2014-12-11,1161675.2864563947,0.0,0.0,0.0,0.0,0.0
2014-12-12,1161675.2864563947,0.0,0.0,0.0,0.0,0.0
2014-12-15,1161675.2864563947,0.0,0.0,0.0,0.0,0.0
2014-12-16,1161675.2864563947,0.0,0.0,0.0,0.0,0.0
2014-12-17,1161675.2864563947,0.0,0.0,0.0,0.0,0.0
2014-12-18,1161675.2864563947,0.0,0.0,0.0,0.0,0.0
2014-12-19,1161675.2864563947,0.0,0.0,0.0,0.0,0.0
2014-12-22,1161675.2864563947,0.0,0.0,0.0,0.0,0.0
2014-12-23,1161675.2864563947,0.0,0.0,0.0,0.0,0.0
2014-12-24,1161675.2864563947,0.0,0.0,0.0,0.0,0.0
2014-12-26,1161675.2864563947,0.0,0.0,0.0,0.0,0.0
2014-12-29,1161675.2864563947,0.0,0.0,0.0,0.0,0.0
2014-12-30,1161675.2864563947,0.0,0.0,0.0,0.0,0.0
2014-12-31,1161675.2864563947,0.0,0.0,0.0,0.0,0.0
2015-01-02,1161675.2864563947,0.0,0.0,0.0,0.0,0.0
2015-01-05,1161675.2864563947,0.0,0.0,0.0,0.0,0.0
2015-01-06,1161675.2864563947,0.0,0.0,0.0,0.0,0.0
2015-01-07,1161675.2864563947,0.0,0.0,0.0,0.0,0.0
2015-01-08,1161675.2864563947,0.0,0.0,0.0,0.0,0.0
2015-01-09,1161675.2864563947,0.0,0.0,0.0,0.0,0.0
2015-01-12,1161675.2864563947,0.0,0.0,0.0,0.0,0.0
2015-01-13,1161675.2864563947,0.0,0.0,0.0,0.0,0.0
2015-01-14,1161675.2864563947,0.0,0.0,0.0,0.0,0.0
2015-01-15,1161675.2864563947,0.0,0.0,0.0,0.0,0.0
2015-01-16,1161675.2864563947,0.0,0.0,0.0,0.0,0.0
2015-01-20,1161675.2864563947,0.0,0.0,0.0,0.0,0.0
2015-01-21,1161675.2864563947,0.0,0.0,0.0,0.0,0.0
2015-01-22,1161675.2864563947,0.0,0.0,0.0,0.0,0.0
2015-01-23,1161675.2864563947,0.0,0.0,0.0,0.0,0.0
2015-01-26,1161675.2864563947,0.0,0.0,0.0,0.0,0.0
2015-01-27,1161675.2864563947,0.0,0.0,0.0,0.0,0.0
2015-01-28,1161675.2864563947,0.0,0.0,0.0,0.0,0.0
2015-01-29,1161675.2864563947,0.0,0.0,0.0,0.0,0.0
2015-01-30,1161675.2864563947,0.0,0.0,0.0,0.0,0.0
2015-02-02,1161675.2864563947,0.0,0.0,0.0,0.0,0.0
2015-02-03,1161675.2864563947,0.0,0.0,0.0,0.0,0.0
2015-02-04,1161675.2864563947,0.0,0.0,0.0,0.0,0.0
2015-02-05,1161675.2864563947,0.0,0.0,0.0,0.0,0.0
2015-02-06,1161675.2864563947,0.0,0.0,0.0,0.0,0.0
2015-02-09,1161675.2864563947,0.0,0.0,0.0,0.0,0.0
2015-02-10,1161675.2864563947,0.0,0.0,0.0,0.0,0.0
2015-02-11,1161675.2864563947,0.0,0.0,0.0,0.0,0.0
2015-02-12,1161675.2864563947,0.0,0.0,0.0,0.0,0.0
2015-02-13,1161675.2864563947,0.0,0.0,0.0,0.0,0.0
2015-02-17,1161675.2864563947,0.0,0.0,0.0,0.0,0.0
2015-02-18,1161675.2864563947,0.0,0.0,0.0,0.0,0.0
2015-02-19,1161675.2864563947,0.0,0.0,0.0,0.0,0.0
2015-02-20,1161675.2864563947,0.0,0.0,0.0,0.0,0.0
2015-02-23,1161675.2864563947,0.0,0.0,0.0,0.0,0.0
2015-02-24,1161675.2864563947,0.0,0.0,0.0,0.0,0.0
2015-02-25,1161675.2864563947,0.0,0.0,0.0,0.0,0.0
2015-02-26,1161675.2864563947,0.0,0.0,0.0,0.0,0.0
2015-02-27,1161675.2864563947,0.0,0.0,0.0,0.0,0.0
2015-03-02,1161675.2864563947,0.0,0.0,0.0,0.0,0.0
2015-03-03,1161675.2864563947,0.0,0.0,0.0,0.0,0.0
2015-03-04,1161675.2864563947,0.0,0.0,0.0,0.0,0.0
2015-03-05,1161675.2864563947,0.0,0.0,0.0,0.0,0.0
2015-03-06,1161675.2864563947,0.0,0.0,0.0,0.0,0.0
2015-03-09,1161675.2864563947,0.0,0.0,0.0,0.0,0.0
2015-03-10,1161675.2864563947,0.0,0.0,0.0,0.0,0.0
2015-03-11,1161675.2864563947,0.0,0.0,0.0,0.0,0.0
2015-03-12,1161675.2864563947,0.0,0.0,0.0,0.0,0.0
2015-03-13,1161675.2864563947,0.0,0.0,0.0,0.0,0.0
2015-03-16,1161675.2864563947,0.0,0.0,0.0,0.0,0.0
2015-03-17,1161675.2864563947,0.0,0.0,0.0,0.0,0.0
2015-03-18,1161675.2864563947,0.0,0.0,0.0,0.0,0.0
2015-03-19,1161675.2864563947,0.0,0.0,0.0,0.0,0.0
2015-03-20,1161675.2864563947,0.0,0.0,0.0,0.0,0.0
2015-03-23,1161675.2864563947,0.0,0.0,0.0,0.0,0.0
2015-03-24,1161675.2864563947,0.0,0.0,0.0,0.0,0.0
2015-03-25,1161675.2864563947,0.0,0.0,0.0,0.0,0.0
2015-03-26,1161675.2864563947,0.0,0.0,0.0,0.0,0.0
2015-03-27,1161675.2864563947,0.0,0.0,0.0,0.0,0.0
2015-03-30,1161675.2864563947,0.0,0.0,0.0,0.0,0.0
2015-03-31,1161675.2864563947,0.0,0.0,0.0,0.0,0.0
2015-04-01,1161675.2864563947,0.0,0.0,0.0,0.0,0.0
2015-04-02,1161675.2864563947,0.0,0.0,0.0,0.0,0.0
2015-04-06,1161675.2864563947,0.0,0.0,0.0,0.0,0.0
2015-04-07,1161675.2864563947,0.0,0.0,0.0,0.0,0.0
2015-04-08,1161675.2864563947,0.0,0.0,0.0,0.0,0.0
2015-04-09,1161675.2864563947,0.0,0.0,0.0,0.0,0.0
2015-04-10,1161675.2864563947,0.0,0.0,0.0,0.0,0.0
2015-04-13,1161675.2864563947,0.0,0.0,0.0,0.0,0.0
2015-04-14,1161675.2864563947,0.0,0.0,0.0,0.0,0.0
2015-04-15,1161675.2864563947,0.0,0.0,0.0,0.0,0.0
2015-04-16,1161675.2864563947,0.0,0.0,0.0,0.0,0.0
2015-04-17,1161675.2864563947,0.0,0.0,0.0,0.0,0.0
2015-04-20,1161675.2864563947,0.0,0.0,0.0,0.0,0.0
2015-04-21,1161675.2864563947,0.0,0.0,0.0,0.0,0.0
2015-04-22,1161675.2864563947,0.0,0.0,0.0,0.0,0.0
2015-04-23,1161675.2864563947,0.0,0.0,0.0,0.0,0.0
2015-04-24,1161675.2864563947,0.0,0.0,0.0,0.0,0.0
2015-04-27,1161675.2864563947,0.0,0.0,0.0,0.0,0.0
2015-04-28,1161675.2864563947,0.0,0.0,0.0,0.0,0.0
2015-04-29,1161675.2864563947,0.0,0.0,0.0,0.0,0.0
2015-04-30,1161675.2864563947,0.0,0.0,0.0,0.0,0.0
2015-05-01,1161675.2864563947,0.0,0.0,0.0,0.0,0.0
2015-05-04,1161675.2864563947,0.0,0.0,0.0,0.0,0.0
2015-05-05,1161675.2864563947,0.0,0.0,0.0,0.0,0.0
2015-05-06,1161675.2864563947,0.0,0.0,0.0,0.0,0.0
2015-05-07,1161675.2864563947,0.0,0.0,0.0,0.0,0.0
2015-05-08,1161675.2864563947,0.0,0.0,0.0,0.0,0.0
2015-05-11,1161675.2864563947,0.0,0.0,0.0,0.0,0.0
2015-05-12,1161675.2864563947,0.0,0.0,0.0,0.0,0.0
2015-05-13,1161675.2864563947,0.0,0.0,0.0,0.0,0.0
2015-05-14,1161675.2864563947,0.0,0.0,0.0,0.0,0.0
2015-05-15,1161675.2864563947,0.0,0.0,0.0,0.0,0.0
2015-05-18,1161675.2864563947,0.0,0.0,0.0,0.0,0.0
2015-05-19,1161675.2864563947,0.0,0.0,0.0,0.0,0.0
2015-05-20,1161675.2864563947,0.0,0.0,0.0,0.0,0.0
2015-05-21,1161675.2864563947,0.0,0.0,0.0,0.0,0.0
2015-05-22,1161675.2864563947,0.0,0.0,0.0,0.0,0.0
2015-05-26,1161675.2864563947,0.0,0.0,0.0,0.0,0.0
2015-05-27,1161675.2864563947,0.0,0.0,0.0,0.0,0.0
2015-05-28,1161675.2864563947,0.0,0.0,0.0,0.0,0.0
2015-05-29,1161675.2864563947,0.0,0.0,0.0,0.0,0.0
2015-06-01,1161094.4488131665,0.0,580.8376432281974,-0.0005,1.8248064963472759,0.5
2015-06-02,1170341.8263077638,9247.377494597304,0.0,0.008028303170499388,2.6251826977647457,0.5
2015-06-03,1166920.6835787217,-3421.1427290420947,0.0,-0.0029146793852676206,2.170232671223424,0.5
2015-06-04,1173939.0517638384,7018.36818511661,0.0,0.0060508269463493344,2.171623179296518,0.5
2015-06-05,1168512.7619049195,-5426.289858918957,0.0,-0.004601025371368477,2.7702079292058777,0.5
2015-06-08,1172562.5262090422,4049.764304122622,0.0,0.0034777956126270737,1.1619034987741634,0.5
2015-06-09,1177064.0238606257,4501.4976515835615,0.0,0.0038538205980066446,0.9081174583968179,0.5
2015-06-10,1175826.9623536782,-1237.0615069475834,0.0,-0.0010498687664041995,1.3429773665164837,0.5
2015-06-11,1169944.731631003,-5882.230722675063,0.0,-0.004977731202515065,0.621405713195316,0.5
2015-06-12,1169944.731631003,0.0,0.0,0.0,0.19814486491849148,0.5
2015-06-15,1167374.5870875798,-1400.1998117924238,1169.9447316310032,-0.00219418249435516,-0.6969454837886137,-0.5
2015-06-16,1155081.5195882572,-12293.067499322688,0.0,-0.010420788814140616,-1.2062483315076042,-0.5
2015-06-17,1148144.9987134452,-6936.5208748119885,0.0,-0.005969374513366208,-2.173048320209752,-0.5
2015-06-18,1142387.0930155627,-5183.833198525616,574.0724993567226,-0.004992423269551817,-2.056278304318981,-0.5
2015-06-19,1141815.899469055,0.0,571.1935465077814,-0.0005,-2.0692689982337873,-0.5
2015-06-22,1131238.0887688785,-10577.810700176526,0.0,-0.009178990311065782,-2.0306392410475653,-0.5
2015-06-23,1132381.3309000244,1143.2421311459107,0.0,0.0010116337885685382,-1.5700939929302968,-0.5
2015-06-24,1135678.1373064423,3296.8064064177925,0.0,0.0029198933604164022,-1.4681092576625665,-0.5
2015-06-25,1124977.834001034,-10700.303305408292,0.0,-0.009334006054490415,-1.8134447580429613,-0.5
2015-06-26,1123993.7244236774,-984.1095773565656,0.0,-0.0008740167311774254,-1.9562679594969232,-0.5
2015-06-29,1123713.2868676835,-280.4375559939315,0.0,-0.0002494387627837366,-1.6698068916127442,-0.5
2015-06-30,1093026.946848121,-30124.48337612867,561.8566434338418,-0.02659502125075896,-2.176230699354249,-0.5
2015-07-01,1092480.4333746969,0.0,546.5134734240605,-0.0005,-2.361185634689149,-0.5
2015-07-02,1091826.4101267476,-654.0232479494114,0.0,-0.0005983008256551394,-1.7402604315559236,-0.5
2015-07-06,1097832.6305125202,6006.220385772589,0.0,0.005531505531505532,-1.1189551872594974,-0.5
2015-07-07,1114691.7289496532,16859.09843713302,0.0,0.015596217610217365,-0.6336021190122405,-0.5
2015-07-08,1112327.7370095155,-2363.991940137738,0.0,-0.0021162703846632643,-0.3381178703044294,-0.5
2015-07-09,1094917.3898215406,-17410.34718797503,0.0,-0.015410958904109593,-0.41239959596768444,-0.5
2015-07-10,1091884.0123262508,-3033.3774952897415,0.0,-0.002762762762762763,-0.5623331415731437,-0.5
2015-07-13,1090968.4411611473,-915.5711651034685,0.0,-0.0008378216636744464,-1.3190138541888394,-0.5
2015-07-14,1094230.1262877951,3261.6851266477734,0.0,0.0029986805805445604,-1.4283256450482642,-0.5
2015-07-15,1101602.2253099459,7372.099022150689,0.0,0.006782945736434108,-1.5289543139445327,-0.5
2015-07-16,1104826.4269449995,3224.2016350535,0.0,0.002935420743639922,-1.892493497898395,-0.5
2015-07-17,1107130.40747224,2303.9805272405533,0.0,0.002089735709895513,-2.148573814349235,-0.5
2015-07-20,1110949.0390821467,3818.631609906716,0.0,0.0034610630407911,-1.902844132487773,-0.5
2015-07-21,1104885.8093972527,-6063.229684893879,0.0,-0.0054280779669380694,-1.76765877308702,-0.5
2015-07-22,1103801.258909501,-1084.5504877519045,0.0,-0.000980632507967639,-1.6951172724173482,-0.5
2015-07-23,1109613.584911596,5812.326002095095,0.0,0.005293610734950142,-1.5797022162991905,-0.5
2015-07-24,1119913.2159596616,10299.631048065557,0.0,0.009369144284821987,-1.5713588618354575,-0.5
2015-07-27,1136860.2003121409,16946.984352479118,0.0,0.01536491677336748,-1.7683009438630568,-0.5
2015-07-28,1128877.0467598839,-7983.153552256907,0.0,-0.006973140495867769,-2.002407602920588,-0.5
2015-07-29,1124099.8035509745,-4777.243208909486,0.0,-0.004214021197803603,-1.9523278896461782,-0.5
2015-07-30,1119954.4711116333,-4145.33243934108,0.0,-0.003674141644495122,-1.8066646145604706,-0.5
2015-07-31,1125326.6334320377,5372.162320404199,0.0,0.004819888381532217,-1.6249083013931183,-0.5
2015-08-03,1127191.181766809,1864.548334771411,0.0,0.0016596450912804799,-0.6919209480754577,-0.5
2015-08-04,1128056.0343359394,864.852569130544,0.0,0.0007678525723061172,-0.48691892664392916,-0.5
2015-08-05,1118954.147788403,-9101.886547536396,0.0,-0.008004065557108373,-0.5419132004471269,-0.5
2015-08-06,1122479.9675129696,3525.819724566433,0.0,0.0031609558730560125,-0.7311469965209915,-0.5
2015-08-07,1109096.7715532766,-13383.19595969294,0.0,-0.011782401604412131,-0.7294789995668975,-0.5
2015-08-10,1089448.5011949863,-19648.270358290207,0.0,-0.017407181984175287,-1.0707104160142993,-0.5
2015-08-11,1105481.3039763912,16032.802781405038,0.0,0.014936247723132966,-1.0505159755338085,-0.5
2015-08-12,1139270.438152072,34341.87482766896,552.7406519881956,0.03154503816793893,0.0,0.0
2015-08-13,1139270.438152072,0.0,0.0,0.0,0.0,0.0
2015-08-14,1139270.438152072,0.0,0.0,0.0,0.0,0.0
2015-08-17,1139270.438152072,0.0,0.0,0.0,0.0,0.0
2015-08-18,1139270.438152072,0.0,0.0,0.0,0.0,0.0
2015-08-19,1139270.438152072,0.0,0.0,0.0,0.0,0.0
2015-08-20,1139270.438152072,0.0,0.0,0.0,0.0,0.0
2015-08-21,1139270.438152072,0.0,0.0,0.0,0.0,0.0
2015-08-24,1139270.438152072,0.0,0.0,0.0,0.0,0.0
2015-08-25,1139270.438152072,0.0,0.0,0.0,0.0,0.0
2015-08-26,1139270.438152072,0.0,0.0,0.0,0.0,0.0
2015-08-27,1139270.438152072,0.0,0.0,0.0,0.0,0.0
2015-08-28,1139270.438152072,0.0,0.0,0.0,0.0,0.0
2015-08-31,1139270.438152072,0.0,0.0,0.0,0.0,0.0
2015-09-01,1139270.438152072,0.0,0.0,0.0,0.0,0.0
2015-09-02,1139270.438152072,0.0,0.0,0.0,0.0,0.0
2015-09-03,1139270.438152072,0.0,0.0,0.0,0.0,0.0
2015-09-04,1139270.438152072,0.0,0.0,0.0,0.0,0.0
2015-09-08,1139270.438152072,0.0,0.0,0.0,0.0,0.0
2015-09-09,1139270.438152072,0.0,0.0,0.0,0.0,0.0
2015-09-10,1139270.438152072,0.0,0.0,0.0,0.0,0.0
2015-09-11,1139270.438152072,0.0,0.0,0.0,0.0,0.0
2015-09-14,1139270.438152072,0.0,0.0,0.0,0.0,0.0
2015-09-15,1139270.438152072,0.0,0.0,0.0,0.0,0.0
2015-09-16,1139270.438152072,0.0,0.0,0.0,0.0,0.0
2015-09-17,1139270.438152072,0.0,0.0,0.0,0.0,0.0
2015-09-18,1139270.438152072,0.0,0.0,0.0,0.0,0.0
2015-09-21,1139270.438152072,0.0,0.0,0.0,0.0,0.0
2015-09-22,1139270.438152072,0.0,0.0,0.0,0.0,0.0
2015-09-23,1139270.438152072,0.0,0.0,0.0,0.0,0.0
2015-09-24,1139270.438152072,0.0,0.0,0.0,0.0,0.0
2015-09-25,1139270.438152072,0.0,0.0,0.0,0.0,0.0
2015-09-28,1139270.438152072,0.0,0.0,0.0,0.0,0.0
2015-09-29,1139270.438152072,0.0,0.0,0.0,0.0,0.0
2015-09-30,1139270.438152072,0.0,0.0,0.0,0.0,0.0
2015-10-01,1139270.438152072,0.0,0.0,0.0,0.0,0.0
2015-10-02,1139270.438152072,0.0,0.0,0.0,0.0,0.0
2015-10-05,1139270.438152072,0.0,0.0,0.0,0.0,0.0
2015-10-06,1139270.438152072,0.0,0.0,0.0,0.0,0.0
2015-10-07,1139270.438152072,0.0,0.0,0.0,0.0,0.0
2015-10-08,1139270.438152072,0.0,0.0,0.0,0.0,0.0
2015-10-09,1139270.438152072,0.0,0.0,0.0,0.0,0.0
2015-10-12,1139270.438152072,0.0,0.0,0.0,0.0,0.0
2015-10-13,1139270.438152072,0.0,0.0,0.0,0.0,0.0
2015-10-14,1139270.438152072,0.0,0.0,0.0,0.0,0.0
2015-10-15,1139270.438152072,0.0,0.0,0.0,0.0,0.0
2015-10-16,1139270.438152072,0.0,0.0,0.0,0.0,0.0
2015-10-19,1139270.438152072,0.0,0.0,0.0,0.0,0.0
2015-10-20,1139270.438152072,0.0,0.0,0.0,0.0,0.0
2015-10-21,1139270.438152072,0.0,0.0,0.0,0.0,0.0
2015-10-22,1139270.438152072,0.0,0.0,0.0,0.0,0.0
2015-10-23,1139270.438152072,0.0,0.0,0.0,0.0,0.0
2015-10-26,1139270.438152072,0.0,0.0,0.0,0.0,0.0
2015-10-27,1139270.438152072,0.0,0.0,0.0,0.0,0.0
2015-10-28,1139270.438152072,0.0,0.0,0.0,0.0,0.0
2015-10-29,1139270.438152072,0.0,0.0,0.0,0.0,0.0
2015-10-30,1139270.438152072,0.0,0.0,0.0,0.0,0.0
2015-11-02,1139270.438152072,0.0,0.0,0.0,0.0,0.0
2015-11-03,1139270.438152072,0.0,0.0,0.0,0.0,0.0
2015-11-04,1139270.438152072,0.0,0.0,0.0,0.0,0.0
2015-11-05,1139270.438152072,0.0,0.0,0.0,0.0,0.0
2015-11-06,1139270.438152072,0.0,0.0,0.0,0.0,0.0
2015-11-09,1139270.438152072,0.0,0.0,0.0,0.0,0.0
2015-11-10,1139270.438152072,0.0,0.0,0.0,0.0,0.0
2015-11-11,1139270.438152072,0.0,0.0,0.0,0.0,0.0
2015-11-12,1139270.438152072,0.0,0.0,0.0,0.0,0.0
2015-11-13,1139270.438152072,0.0,0.0,0.0,0.0,0.0
2015-11-16,1139270.438152072,0.0,0.0,0.0,0.0,0.0
2015-11-17,1139270.438152072,0.0,0.0,0.0,0.0,0.0
2015-11-18,1139270.438152072,0.0,0.0,0.0,0.0,0.0
2015-11-19,1139270.438152072,0.0,0.0,0.0,0.0,0.0
2015-11-20,1139270.438152072,0.0,0.0,0.0,0.0,0.0
2015-11-23,1139270.438152072,0.0,0.0,0.0,0.0,0.0
2015-11-24,1139270.438152072,0.0,0.0,0.0,0.0,0.0
2015-11-25,1139270.438152072,0.0,0.0,0.0,0.0,0.0
2015-11-27,1139270.438152072,0.0,0.0,0.0,0.0,0.0
2015-11-30,1139270.438152072,0.0,0.0,0.0,0.0,0.0
2015-12-01,1139270.438152072,0.0,0.0,0.0,0.0,0.0
2015-12-02,1139270.438152072,0.0,0.0,0.0,0.0,0.0
2015-12-03,1139270.438152072,0.0,0.0,0.0,0.0,0.0
2015-12-04,1139270.438152072,0.0,0.0,0.0,0.0,0.0
2015-12-07,1139270.438152072,0.0,0.0,0.0,0.0,0.0
2015-12-08,1139270.438152072,0.0,0.0,0.0,0.0,0.0
2015-12-09,1139270.438152072,0.0,0.0,0.0,0.0,0.0
2015-12-10,1139270.438152072,0.0,0.0,0.0,0.0,0.0
2015-12-11,1139270.438152072,0.0,0.0,0.0,0.0,0.0
2015-12-14,1139270.438152072,0.0,0.0,0.0,0.0,0.0
2015-12-15,1139270.438152072,0.0,0.0,0.0,0.0,0.0
2015-12-16,1139270.438152072,0.0,0.0,0.0,0.0,0.0
2015-12-17,1139270.438152072,0.0,0.0,0.0,0.0,0.0
2015-12-18,1139270.438152072,0.0,0.0,0.0,0.0,0.0
2015-12-21,1139270.438152072,0.0,0.0,0.0,0.0,0.0
2015-12-22,1139270.438152072,0.0,0.0,0.0,0.0,0.0
2015-12-23,1139270.438152072,0.0,0.0,0.0,0.0,0.0
2015-12-24,1139270.438152072,0.0,0.0,0.0,0.0,0.0
2015-12-28,1139270.438152072,0.0,0.0,0.0,0.0,0.0
2015-12-29,1139270.438152072,0.0,0.0,0.0,0.0,0.0
2015-12-30,1139270.438152072,0.0,0.0,0.0,0.0,0.0
2015-12-31,1139270.438152072,0.0,0.0,0.0,0.0,0.0
2016-01-04,1139270.438152072,0.0,0.0,0.0,0.0,0.0
2016-01-05,1139270.438152072,0.0,0.0,0.0,0.0,0.0
2016-01-06,1139270.438152072,0.0,0.0,0.0,0.0,0.0
2016-01-07,1139270.438152072,0.0,0.0,0.0,0.0,0.0
2016-01-08,1139270.438152072,0.0,0.0,0.0,0.0,0.0
2016-01-11,1139270.438152072,0.0,0.0,0.0,0.0,0.0
2016-01-12,1139270.438152072,0.0,0.0,0.0,0.0,0.0
2016-01-13,1139270.438152072,0.0,0.0,0.0,0.0,0.0
2016-01-14,1139270.438152072,0.0,0.0,0.0,0.0,0.0
2016-01-15,1139270.438152072,0.0,0.0,0.0,0.0,0.0
2016-01-19,1139270.438152072,0.0,0.0,0.0,0.0,0.0
2016-01-20,1139270.438152072,0.0,0.0,0.0,0.0,0.0
2016-01-21,1139270.438152072,0.0,0.0,0.0,0.0,0.0
2016-01-22,1139270.438152072,0.0,0.0,0.0,0.0,0.0
2016-01-25,1139270.438152072,0.0,0.0,0.0,0.0,0.0
2016-01-26,1139270.438152072,0.0,0.0,0.0,0.0,0.0
2016-01-27,1139270.438152072,0.0,0.0,0.0,0.0,0.0
2016-01-28,1139270.438152072,0.0,0.0,0.0,0.0,0.0
2016-01-29,1139270.438152072,0.0,0.0,0.0,0.0,0.0
2016-02-01,1139270.438152072,0.0,0.0,0.0,0.0,0.0
2016-02-02,1139270.438152072,0.0,0.0,0.0,0.0,0.0
2016-02-03,1139270.438152072,0.0,0.0,0.0,0.0,0.0
2016-02-04,1139270.438152072,0.0,0.0,0.0,0.0,0.0
2016-02-05,1139270.438152072,0.0,0.0,0.0,0.0,0.0
2016-02-08,1139270.438152072,0.0,0.0,0.0,0.0,0.0
2016-02-09,1139270.438152072,0.0,0.0,0.0,0.0,0.0
2016-02-10,1139270.438152072,0.0,0.0,0.0,0.0,0.0
2016-02-11,1139270.438152072,0.0,0.0,0.0,0.0,0.0
2016-02-12,1139270.438152072,0.0,0.0,0.0,0.0,0.0
2016-02-16,1139270.438152072,0.0,0.0,0.0,0.0,0.0
2016-02-17,1139270.438152072,0.0,0.0,0.0,0.0,0.0
2016-02-18,1139270.438152072,0.0,0.0,0.0,0.0,0.0
2016-02-19,1139270.438152072,0.0,0.0,0.0,0.0,0.0
2016-02-22,1139270.438152072,0.0,0.0,0.0,0.0,0.0
2016-02-23,1139270.438152072,0.0,0.0,0.0,0.0,0.0
2016-02-24,1139270.438152072,0.0,0.0,0.0,0.0,0.0
2016-02-25,1139270.438152072,0.0,0.0,0.0,0.0,0.0
2016-02-26,1139270.438152072,0.0,0.0,0.0,0.0,0.0
2016-02-29,1139270.438152072,0.0,0.0,0.0,0.0,0.0
2016-03-01,1139270.438152072,0.0,0.0,0.0,0.0,0.0
2016-03-02,1139270.438152072,0.0,0.0,0.0,0.0,0.0
2016-03-03,1139270.438152072,0.0,0.0,0.0,0.0,0.0
2016-03-04,1139270.438152072,0.0,0.0,0.0,0.0,0.0
2016-03-07,1139270.438152072,0.0,0.0,0.0,0.0,0.0
2016-03-08,1139270.438152072,0.0,0.0,0.0,0.0,0.0
2016-03-09,1139270.438152072,0.0,0.0,0.0,0.0,0.0
2016-03-10,1139270.438152072,0.0,0.0,0.0,0.0,0.0
2016-03-11,1139270.438152072,0.0,0.0,0.0,0.0,0.0
2016-03-14,1139270.438152072,0.0,0.0,0.0,0.0,0.0
2016-03-15,1139270.438152072,0.0,0.0,0.0,0.0,0.0
2016-03-16,1139270.438152072,0.0,0.0,0.0,0.0,0.0
2016-03-17,1139270.438152072,0.0,0.0,0.0,0.0,0.0
2016-03-18,1139270.438152072,0.0,0.0,0.0,0.0,0.0
2016-03-21,1139270.438152072,0.0,0.0,0.0,0.0,0.0
2016-03-22,1139270.438152072,0.0,0.0,0.0,0.0,0.0
2016-03-23,1139270.438152072,0.0,0.0,0.0,0.0,0.0
2016-03-24,1139270.438152072,0.0,0.0,0.0,0.0,0.0
2016-03-28,1139270.438152072,0.0,0.0,0.0,0.0,0.0
2016-03-29,1139270.438152072,0.0,0.0,0.0,0.0,0.0
2016-03-30,1139270.438152072,0.0,0.0,0.0,0.0,0.0
2016-03-31,1139270.438152072,0.0,0.0,0.0,0.0,0.0
2016-04-01,1139270.438152072,0.0,0.0,0.0,0.0,0.0
2016-04-04,1139270.438152072,0.0,0.0,0.0,0.0,0.0
2016-04-05,1139270.438152072,0.0,0.0,0.0,0.0,0.0
2016-04-06,1139270.438152072,0.0,0.0,0.0,0.0,0.0
2016-04-07,1139270.438152072,0.0,0.0,0.0,0.0,0.0
2016-04-08,1139270.438152072,0.0,0.0,0.0,0.0,0.0
2016-04-11,1139270.438152072,0.0,0.0,0.0,0.0,0.0
2016-04-12,1139270.438152072,0.0,0.0,0.0,0.0,0.0
2016-04-13,1139270.438152072,0.0,0.0,0.0,0.0,0.0
2016-04-14,1139270.438152072,0.0,0.0,0.0,0.0,0.0
2016-04-15,1139270.438152072,0.0,0.0,0.0,0.0,0.0
2016-04-18,1139270.438152072,0.0,0.0,0.0,0.0,0.0
2016-04-19,1139270.438152072,0.0,0.0,0.0,0.0,0.0
2016-04-20,1139270.438152072,0.0,0.0,0.0,0.0,0.0
2016-04-21,1139270.438152072,0.0,0.0,0.0,0.0,0.0
2016-04-22,1139270.438152072,0.0,0.0,0.0,0.0,0.0
2016-04-25,1139270.438152072,0.0,0.0,0.0,0.0,0.0
2016-04-26,1139270.438152072,0.0,0.0,0.0,0.0,0.0
2016-04-27,1139270.438152072,0.0,0.0,0.0,0.0,0.0
2016-04-28,1139270.438152072,0.0,0.0,0.0,0.0,0.0
2016-04-29,1139270.438152072,0.0,0.0,0.0,0.0,0.0
2016-05-02,1139270.438152072,0.0,0.0,0.0,0.0,0.0
2016-05-03,1139270.438152072,0.0,0.0,0.0,0.0,0.0
2016-05-04,1139270.438152072,0.0,0.0,0.0,0.0,0.0
2016-05-05,1139270.438152072,0.0,0.0,0.0,0.0,0.0
2016-05-06,1139270.438152072,0.0,0.0,0.0,0.0,0.0
2016-05-09,1139270.438152072,0.0,0.0,0.0,0.0,0.0
2016-05-10,1139270.438152072,0.0,0.0,0.0,0.0,0.0
2016-05-11,1139270.438152072,0.0,0.0,0.0,0.0,0.0
2016-05-12,1139270.438152072,0.0,0.0,0.0,0.0,0.0
2016-05-13,1139270.438152072,0.0,0.0,0.0,0.0,0.0
2016-05-16,1139270.438152072,0.0,0.0,0.0,0.0,0.0
2016-05-17,1139270.438152072,0.0,0.0,0.0,0.0,0.0
2016-05-18,1139270.438152072,0.0,0.0,0.0,0.0,0.0
2016-05-19,1139270.438152072,0.0,0.0,0.0,0.0,0.0
2016-05-20,1139270.438152072,0.0,0.0,0.0,0.0,0.0
2016-05-23,1139270.438152072,0.0,0.0,0.0,0.0,0.0
2016-05-24,1139270.438152072,0.0,0.0,0.0,0.0,0.0
2016-05-25,1139270.438152072,0.0,0.0,0.0,0.0,0.0
2016-05-26,1139270.438152072,0.0,0.0,0.0,0.0,0.0
2016-05-27,1139270.438152072,0.0,0.0,0.0,0.0,0.0
2016-05-31,1139270.438152072,0.0,0.0,0.0,0.0,0.0
2016-06-01,1139270.438152072,0.0,0.0,0.0,0.0,0.0
2016-06-02,1139270.438152072,0.0,0.0,0.0,0.0,0.0
2016-06-03,1139270.438152072,0.0,0.0,0.0,0.0,0.0
2016-06-06,1139270.438152072,0.0,0.0,0.0,0.0,0.0
2016-06-07,1139270.438152072,0.0,0.0,0.0,0.0,0.0
2016-06-08,1138700.802932996,0.0,569.635219076036,-0.0005,2.1728002611830437,0.5
2016-06-09,1137854.8142235363,-845.9887094598781,0.0,-0.0007423904974016332,2.0360433663456106,0.5
2016-06-10,1138943.3232932654,1088.5090697291482,0.0,0.000957548675390999,1.7970495439031595,0.5
2016-06-13,1134472.6143009197,-4470.708992345727,0.0,-0.003909965127338054,1.0339905952027029,0.5
2016-06-14,1134715.2303433279,242.61604240823775,0.0,0.000213903743315508,0.5508794303105856,0.5
2016-06-15,1128165.997504664,-6549.232838663927,0.0,-0.005738575982996812,0.19705098809559482,0.5
2016-06-16,1117674.834465585,-10491.163039078838,0.0,-0.009213627598028712,0.1976768235434416,0.5
2016-06-17,1129989.4536201197,12314.619154534872,0.0,0.011140819964349376,0.1506028700072226,0.5
2016-06-20,1122193.0623920378,-7796.391228081896,0.0,-0.006852248394004283,0.011104537060216685,0.5
2016-06-21,1117163.5569746708,-5029.505417367026,0.0,-0.004461856567635217,0.018372771402467333,0.5
2016-06-22,1118141.2291190606,2094.835701364373,1117.1635569746709,0.0008767819648579955,-0.2626350177396846,-0.5
2016-06-23,1124530.6075711695,6389.378452108917,0.0,0.005747126436781609,-0.43610984985141554,-0.5
2016-06-24,1135280.9001735616,10750.292602392237,0.0,0.009652076318742984,-0.2507181407556997,-0.5
2016-06-27,1119841.9033443655,-15438.996829196214,0.0,-0.013416815742397139,-0.2133705880571016,-0.5
2016-06-28,1110073.679574946,-8648.381866075197,1119.8419033443656,-0.00865601051018174,0.09650965674205156,0.5
2016-06-29,1107179.09370904,-2894.585865905987,0.0,-0.002600780234070221,0.40670629003594344,0.5
2016-06-30,1121931.8077143373,14752.714005297388,0.0,0.013504538410449412,0.4156418727215204,0.5
2016-07-01,1118947.9465236077,-2983.8611907296204,0.0,-0.0026525198938992045,0.5276243909646905,0.5
2016-07-05,1093616.0420765078,-24772.43047383816,559.4739732618038,-0.022148686826409962,0.0,0.0
2016-07-06,1093616.0420765078,0.0,0.0,0.0,0.0,0.0
2016-07-07,1093616.0420765078,0.0,0.0,0.0,0.0,0.0
2016-07-08,1093616.0420765078,0.0,0.0,0.0,0.0,0.0
2016-07-11,1093616.0420765078,0.0,0.0,0.0,0.0,0.0
2016-07-12,1093616.0420765078,0.0,0.0,0.0,0.0,0.0
2016-07-13,1093616.0420765078,0.0,0.0,0.0,0.0,0.0
2016-07-14,1093616.0420765078,0.0,0.0,0.0,0.0,0.0
2016-07-15,1093616.0420765078,0.0,0.0,0.0,0.0,0.0
2016-07-18,1093616.0420765078,0.0,0.0,0.0,0.0,0.0
2016-07-19,1093616.0420765078,0.0,0.0,0.0,0.0,0.0
2016-07-20,1093616.0420765078,0.0,0.0,0.0,0.0,0.0
2016-07-21,1093616.0420765078,0.0,0.0,0.0,0.0,0.0
2016-07-22,1093616.0420765078,0.0,0.0,0.0,0.0,0.0
2016-07-25,1093616.0420765078,0.0,0.0,0.0,0.0,0.0
2016-07-26,1093616.0420765078,0.0,0.0,0.0,0.0,0.0
2016-07-27,1093616.0420765078,0.0,0.0,0.0,0.0,0.0
2016-07-28,1093616.0420765078,0.0,0.0,0.0,0.0,0.0
2016-07-29,1093616.0420765078,0.0,0.0,0.0,0.0,0.0
2016-08-01,1093616.0420765078,0.0,0.0,0.0,0.0,0.0
2016-08-02,1093616.0420765078,0.0,0.0,0.0,0.0,0.0
2016-08-03,1093616.0420765078,0.0,0.0,0.0,0.0,0.0
2016-08-04,1093616.0420765078,0.0,0.0,0.0,0.0,0.0
2016-08-05,1093616.0420765078,0.0,0.0,0.0,0.0,0.0
2016-08-08,1093616.0420765078,0.0,0.0,0.0,0.0,0.0
2016-08-09,1093616.0420765078,0.0,0.0,0.0,0.0,0.0
2016-08-10,1093069.2340554695,0.0,546.808021038254,-0.0005,-1.613342630250159,-0.5
2016-08-11,1090247.8901622584,-2821.3438932110203,0.0,-0.0025744759102611253,-1.680550124490862,-0.5
2016-08-12,1100379.8099045341,10131.919742275817,0.0,0.009380399901258947,-1.8107627267991795,-0.5
2016-08-15,1089137.4545080513,-11242.355396482906,0.0,-0.010113468179575728,-1.9334029731081745,-0.5
2016-08-16,1091398.1793830986,2260.724875047237,0.0,0.0020800195766548396,-1.9366005705764138,-0.5
2016-08-17,1085510.3029862305,-5887.876396868114,0.0,-0.005365853658536585,-1.6177656397062097,-0.5
2016-08-18,1084588.5936071787,-921.7093790518696,0.0,-0.0008483820143012969,-1.4656933919133133,-0.5
2016-08-19,1087346.6900549566,2758.096447778003,0.0,0.0025494718951074415,-1.307342001638069,-0.5
2016-08-22,1081891.9576818668,-4367.385683034758,1087.3466900549565,-0.004996484422354225,0.08098430381047694,0.5
2016-08-23,1081369.4307764422,-522.5269054247123,0.0,-0.0004827419744146753,0.34757885293381363,0.5
2016-08-24,1079539.7024671757,-1829.7283092663995,0.0,-0.0016891891891891888,0.23891352222021014,0.5
2016-08-25,1062520.5220984232,-17019.180368752466,0.0,-0.015520534861509073,0.4701038795050853,0.5
2016-08-26,1058529.0851258521,-3991.4369725710862,0.0,-0.0037425149700598802,0.7300618748521205,0.5
2016-08-29,1053464.011433891,-4006.5446068351707,1058.5290851258521,-0.004766968325791855,-0.4118930722686387,-0.5
2016-08-30,1062972.7763476726,9508.764913781624,0.0,0.009108402822322,-0.6411297562460888,-0.5
2016-08-31,1066000.4046593828,3027.628311710098,0.0,0.0028564009348221245,-0.4249346429006201,-0.5
2016-09-01,1066000.4046593828,0.0,0.0,0.0,0.0,0.0
2016-09-02,1066000.4046593828,0.0,0.0,0.0,0.0,0.0
2016-09-06,1066000.4046593828,0.0,0.0,0.0,0.0,0.0
2016-09-07,1066000.4046593828,0.0,0.0,0.0,0.0,0.0
2016-09-08,1066000.4046593828,0.0,0.0,0.0,0.0,0.0
2016-09-09,1066000.4046593828,0.0,0.0,0.0,0.0,0.0
2016-09-12,1066000.4046593828,0.0,0.0,0.0,0.0,0.0
2016-09-13,1066000.4046593828,0.0,0.0,0.0,0.0,0.0
2016-09-14,1066000.4046593828,0.0,0.0,0.0,0.0,0.0
2016-09-15,1066000.4046593828,0.0,0.0,0.0,0.0,0.0
2016-09-16,1066000.4046593828,0.0,0.0,0.0,0.0,0.0
2016-09-19,1066000.4046593828,0.0,0.0,0.0,0.0,0.0
2016-09-20,1066000.4046593828,0.0,0.0,0.0,0.0,0.0
2016-09-21,1066000.4046593828,0.0,0.0,0.0,0.0,0.0
2016-09-22,1066000.4046593828,0.0,0.0,0.0,0.0,0.0
2016-09-23,1066000.4046593828,0.0,0.0,0.0,0.0,0.0
2016-09-26,1066000.4046593828,0.0,0.0,0.0,0.0,0.0
2016-09-27,1066000.4046593828,0.0,0.0,0.0,0.0,0.0
2016-09-28,1066000.4046593828,0.0,0.0,0.0,0.0,0.0
2016-09-29,1066000.4046593828,0.0,0.0,0.0,0.0,0.0
2016-09-30,1066000.4046593828,0.0,0.0,0.0,0.0,0.0
2016-10-03,1066000.4046593828,0.0,0.0,0.0,0.0,0.0
2016-10-04,1066000.4046593828,0.0,0.0,0.0,0.0,0.0
2016-10-05,1066000.4046593828,0.0,0.0,0.0,0.0,0.0
2016-10-06,1066000.4046593828,0.0,0.0,0.0,0.0,0.0
2016-10-07,1066000.4046593828,0.0,0.0,0.0,0.0,0.0
2016-10-11,1066000.4046593828,0.0,0.0,0.0,0.0,0.0
2016-10-12,1066000.4046593828,0.0,0.0,0.0,0.0,0.0
2016-10-13,1066000.4046593828,0.0,0.0,0.0,0.0,0.0
2016-10-14,1066000.4046593828,0.0,0.0,0.0,0.0,0.0
2016-10-17,1066000.4046593828,0.0,0.0,0.0,0.0,0.0
2016-10-18,1066000.4046593828,0.0,0.0,0.0,0.0,0.0
2016-10-19,1066000.4046593828,0.0,0.0,0.0,0.0,0.0
2016-10-20,1066000.4046593828,0.0,0.0,0.0,0.0,0.0
2016-10-21,1066000.4046593828,0.0,0.0,0.0,0.0,0.0
2016-10-24,1066000.4046593828,0.0,0.0,0.0,0.0,0.0
2016-10-25,1066000.4046593828,0.0,0.0,0.0,0.0,0.0
2016-10-26,1066000.4046593828,0.0,0.0,0.0,0.0,0.0
2016-10-27,1066000.4046593828,0.0,0.0,0.0,0.0,0.0
2016-10-28,1066000.4046593828,0.0,0.0,0.0,0.0,0.0
2016-10-31,1066000.4046593828,0.0,0.0,0.0,0.0,0.0
2016-11-01,1066000.4046593828,0.0,0.0,0.0,0.0,0.0
2016-11-02,1066000.4046593828,0.0,0.0,0.0,0.0,0.0
2016-11-03,1066000.4046593828,0.0,0.0,0.0,0.0,0.0
2016-11-04,1066000.4046593828,0.0,0.0,0.0,0.0,0.0
2016-11-07,1066000.4046593828,0.0,0.0,0.0,0.0,0.0
2016-11-08,1066000.4046593828,0.0,0.0,0.0,0.0,0.0
2016-11-09,1066000.4046593828,0.0,0.0,0.0,0.0,0.0
2016-11-10,1066000.4046593828,0.0,0.0,0.0,0.0,0.0
2016-11-14,1066000.4046593828,0.0,0.0,0.0,0.0,0.0
2016-11-15,1066000.4046593828,0.0,0.0,0.0,0.0,0.0
2016-11-16,1066000.4046593828,0.0,0.0,0.0,0.0,0.0
2016-11-17,1066000.4046593828,0.0,0.0,0.0,0.0,0.0
2016-11-18,1066000.4046593828,0.0,0.0,0.0,0.0,0.0
2016-11-21,1066000.4046593828,0.0,0.0,0.0,0.0,0.0
2016-11-22,1066000.4046593828,0.0,0.0,0.0,0.0,0.0
2016-11-23,1066000.4046593828,0.0,0.0,0.0,0.0,0.0
2016-11-25,1066000.4046593828,0.0,0.0,0.0,0.0,0.0
2016-11-28,1066000.4046593828,0.0,0.0,0.0,0.0,0.0
2016-11-29,1066000.4046593828,0.0,0.0,0.0,0.0,0.0
2016-11-30,1066000.4046593828,0.0,0.0,0.0,0.0,0.0
2016-12-01,1066000.4046593828,0.0,0.0,0.0,0.0,0.0
2016-12-02,1066000.4046593828,0.0,0.0,0.0,0.0,0.0
2016-12-05,1066000.4046593828,0.0,0.0,0.0,0.0,0.0
2016-12-06,1066000.4046593828,0.0,0.0,0.0,0.0,0.0
2016-12-07,1066000.4046593828,0.0,0.0,0.0,0.0,0.0
2016-12-08,1066000.4046593828,0.0,0.0,0.0,0.0,0.0
2016-12-09,1066000.4046593828,0.0,0.0,0.0,0.0,0.0
2016-12-12,1066000.4046593828,0.0,0.0,0.0,0.0,0.0
2016-12-13,1066000.4046593828,0.0,0.0,0.0,0.0,0.0
2016-12-14,1066000.4046593828,0.0,0.0,0.0,0.0,0.0
2016-12-15,1066000.4046593828,0.0,0.0,0.0,0.0,0.0
2016-12-16,1066000.4046593828,0.0,0.0,0.0,0.0,0.0
2016-12-19,1066000.4046593828,0.0,0.0,0.0,0.0,0.0
2016-12-20,1066000.4046593828,0.0,0.0,0.0,0.0,0.0
2016-12-21,1066000.4046593828,0.0,0.0,0.0,0.0,0.0
2016-12-22,1066000.4046593828,0.0,0.0,0.0,0.0,0.0
2016-12-23,1066000.4046593828,0.0,0.0,0.0,0.0,0.0
2016-12-27,1066000.4046593828,0.0,0.0,0.0,0.0,0.0
2016-12-28,1066000.4046593828,0.0,0.0,0.0,0.0,0.0
2016-12-29,1066000.4046593828,0.0,0.0,0.0,0.0,0.0
2016-12-30,1066000.4046593828,0.0,0.0,0.0,0.0,0.0
2017-01-03,1066000.4046593828,0.0,0.0,0.0,0.0,0.0
2017-01-04,1066000.4046593828,0.0,0.0,0.0,0.0,0.0
2017-01-05,1066000.4046593828,0.0,0.0,0.0,0.0,0.0
2017-01-06,1066000.4046593828,0.0,0.0,0.0,0.0,0.0
2017-01-09,1066000.4046593828,0.0,0.0,0.0,0.0,0.0
2017-01-10,1066000.4046593828,0.0,0.0,0.0,0.0,0.0
2017-01-11,1066000.4046593828,0.0,0.0,0.0,0.0,0.0
2017-01-12,1066000.4046593828,0.0,0.0,0.0,0.0,0.0
2017-01-13,1066000.4046593828,0.0,0.0,0.0,0.0,0.0
2017-01-17,1066000.4046593828,0.0,0.0,0.0,0.0,0.0
2017-01-18,1066000.4046593828,0.0,0.0,0.0,0.0,0.0
2017-01-19,1066000.4046593828,0.0,0.0,0.0,0.0,0.0
2017-01-20,1066000.4046593828,0.0,0.0,0.0,0.0,0.0
2017-01-23,1066000.4046593828,0.0,0.0,0.0,0.0,0.0
2017-01-24,1066000.4046593828,0.0,0.0,0.0,0.0,0.0
2017-01-25,1066000.4046593828,0.0,0.0,0.0,0.0,0.0
2017-01-26,1066000.4046593828,0.0,0.0,0.0,0.0,0.0
2017-01-27,1066000.4046593828,0.0,0.0,0.0,0.0,0.0
2017-01-30,1066000.4046593828,0.0,0.0,0.0,0.0,0.0
2017-01-31,1066000.4046593828,0.0,0.0,0.0,0.0,0.0
2017-02-01,1066000.4046593828,0.0,0.0,0.0,0.0,0.0
2017-02-02,1066000.4046593828,0.0,0.0,0.0,0.0,0.0
2017-02-03,1066000.4046593828,0.0,0.0,0.0,0.0,0.0
2017-02-06,1066000.4046593828,0.0,0.0,0.0,0.0,0.0
2017-02-07,1066000.4046593828,0.0,0.0,0.0,0.0,0.0
2017-02-08,1066000.4046593828,0.0,0.0,0.0,0.0,0.0
2017-02-09,1066000.4046593828,0.0,0.0,0.0,0.0,0.0
2017-02-10,1066000.4046593828,0.0,0.0,0.0,0.0,0.0
2017-02-13,1066000.4046593828,0.0,0.0,0.0,0.0,0.0
2017-02-14,1066000.4046593828,0.0,0.0,0.0,0.0,0.0
2017-02-15,1066000.4046593828,0.0,0.0,0.0,0.0,0.0
2017-02-16,1066000.4046593828,0.0,0.0,0.0,0.0,0.0
2017-02-17,1066000.4046593828,0.0,0.0,0.0,0.0,0.0
2017-02-21,1066000.4046593828,0.0,0.0,0.0,0.0,0.0
2017-02-22,1066000.4046593828,0.0,0.0,0.0,0.0,0.0
2017-02-23,1066000.4046593828,0.0,0.0,0.0,0.0,0.0
2017-02-24,1066000.4046593828,0.0,0.0,0.0,0.0,0.0
2017-02-27,1066000.4046593828,0.0,0.0,0.0,0.0,0.0
2017-02-28,1066000.4046593828,0.0,0.0,0.0,0.0,0.0
2017-03-01,1066000.4046593828,0.0,0.0,0.0,0.0,0.0
2017-03-02,1066000.4046593828,0.0,0.0,0.0,0.0,0.0
2017-03-03,1066000.4046593828,0.0,0.0,0.0,0.0,0.0
2017-03-06,1066000.4046593828,0.0,0.0,0.0,0.0,0.0
2017-03-07,1066000.4046593828,0.0,0.0,0.0,0.0,0.0
2017-03-08,1066000.4046593828,0.0,0.0,0.0,0.0,0.0
2017-03-09,1066000.4046593828,0.0,0.0,0.0,0.0,0.0
2017-03-10,1066000.4046593828,0.0,0.0,0.0,0.0,0.0
2017-03-13,1066000.4046593828,0.0,0.0,0.0,0.0,0.0
2017-03-14,1066000.4046593828,0.0,0.0,0.0,0.0,0.0
2017-03-15,1066000.4046593828,0.0,0.0,0.0,0.0,0.0
2017-03-16,1066000.4046593828,0.0,0.0,0.0,0.0,0.0
2017-03-17,1066000.4046593828,0.0,0.0,0.0,0.0,0.0
2017-03-20,1066000.4046593828,0.0,0.0,0.0,0.0,0.0
2017-03-21,1066000.4046593828,0.0,0.0,0.0,0.0,0.0
2017-03-22,1066000.4046593828,0.0,0.0,0.0,0.0,0.0
2017-03-23,1066000.4046593828,0.0,0.0,0.0,0.0,0.0
2017-03-24,1066000.4046593828,0.0,0.0,0.0,0.0,0.0
2017-03-27,1066000.4046593828,0.0,0.0,0.0,0.0,0.0
2017-03-28,1066000.4046593828,0.0,0.0,0.0,0.0,0.0
2017-03-29,1066000.4046593828,0.0,0.0,0.0,0.0,0.0
2017-03-30,1066000.4046593828,0.0,0.0,0.0,0.0,0.0
2017-03-31,1066000.4046593828,0.0,0.0,0.0,0.0,0.0
2017-04-03,1066000.4046593828,0.0,0.0,0.0,0.0,0.0
2017-04-04,1066000.4046593828,0.0,0.0,0.0,0.0,0.0
2017-04-05,1066000.4046593828,0.0,0.0,0.0,0.0,0.0
2017-04-06,1066000.4046593828,0.0,0.0,0.0,0.0,0.0
2017-04-07,1066000.4046593828,0.0,0.0,0.0,0.0,0.0
2017-04-10,1066000.4046593828,0.0,0.0,0.0,0.0,0.0
2017-04-11,1066000.4046593828,0.0,0.0,0.0,0.0,0.0
2017-04-12,1066000.4046593828,0.0,0.0,0.0,0.0,0.0
2017-04-13,1066000.4046593828,0.0,0.0,0.0,0.0,0.0
2017-04-17,1066000.4046593828,0.0,0.0,0.0,0.0,0.0
2017-04-18,1066000.4046593828,0.0,0.0,0.0,0.0,0.0
2017-04-19,1066000.4046593828,0.0,0.0,0.0,0.0,0.0
2017-04-20,1066000.4046593828,0.0,0.0,0.0,0.0,0.0
2017-04-21,1066000.4046593828,0.0,0.0,0.0,0.0,0.0
2017-04-24,1066000.4046593828,0.0,0.0,0.0,0.0,0.0
2017-04-25,1066000.4046593828,0.0,0.0,0.0,0.0,0.0
2017-04-26,1066000.4046593828,0.0,0.0,0.0,0.0,0.0
2017-04-27,1066000.4046593828,0.0,0.0,0.0,0.0,0.0
2017-04-28,1066000.4046593828,0.0,0.0,0.0,0.0,0.0
2017-05-01,1066000.4046593828,0.0,0.0,0.0,0.0,0.0
2017-05-02,1066000.4046593828,0.0,0.0,0.0,0.0,0.0
2017-05-03,1066000.4046593828,0.0,0.0,0.0,0.0,0.0
2017-05-04,1066000.4046593828,0.0,0.0,0.0,0.0,0.0
2017-05-05,1066000.4046593828,0.0,0.0,0.0,0.0,0.0
2017-05-08,1066000.4046593828,0.0,0.0,0.0,0.0,0.0
2017-05-09,1066000.4046593828,0.0,0.0,0.0,0.0,0.0
2017-05-10,1066000.4046593828,0.0,0.0,0.0,0.0,0.0
2017-05-11,1066000.4046593828,0.0,0.0,0.0,0.0,0.0
2017-05-12,1066000.4046593828,0.0,0.0,0.0,0.0,0.0
2017-05-15,1066000.4046593828,0.0,0.0,0.0,0.0,0.0
2017-05-16,1066000.4046593828,0.0,0.0,0.0,0.0,0.0
2017-05-17,1066000.4046593828,0.0,0.0,0.0,0.0,0.0
2017-05-18,1066000.4046593828,0.0,0.0,0.0,0.0,0.0
2017-05-19,1066000.4046593828,0.0,0.0,0.0,0.0,0.0
2017-05-22,1066000.4046593828,0.0,0.0,0.0,0.0,0.0
2017-05-23,1066000.4046593828,0.0,0.0,0.0,0.0,0.0
2017-05-24,1066000.4046593828,0.0,0.0,0.0,0.0,0.0
2017-05-25,1066000.4046593828,0.0,0.0,0.0,0.0,0.0
2017-05-26,1066000.4046593828,0.0,0.0,0.0,0.0,0.0
2017-05-30,1066000.4046593828,0.0,0.0,0.0,0.0,0.0
2017-05-31,1066000.4046593828,0.0,0.0,0.0,0.0,0.0
2017-06-01,1065467.4044570532,0.0,533.0002023296914,-0.0005,3.0,0.5
2017-06-02,1070723.2042049915,5255.799747938327,0.0,0.004957312035251996,3.0,0.5
2017-06-05,1071159.0481144371,435.84390944572243,0.0,0.000407221392697163,3.0,0.5
2017-06-06,1072030.381396526,871.3332820887504,0.0,0.000814111261872456,2.9901228387162817,0.5
2017-06-07,1076238.4053624843,4208.02396595821,0.0,0.0039407528196765875,2.63787878082836,0.5
2017-06-08,1080430.0403014463,4191.634938962133,0.0,0.00390993663206148,2.311888542446853,0.5
2017-06-09,1082445.7679885759,2015.727687129564,0.0,0.0018691588785046728,2.0784442598498414,0.5
2017-06-12,1076553.537971644,-5892.230016931972,0.0,-0.005413970685329461,1.6734059977949785,0.5
2017-06-13,1077276.057124645,722.5191530011033,0.0,0.0006715916722632639,1.295578112476727,0.5
2017-06-14,1076842.8361901445,-433.22093450052745,0.0,-0.00040198311670909824,0.9840680388411251,0.5
2017-06-15,1078576.4173592192,1733.5811690745552,0.0,0.001612469766191884,0.8525100362202416,0.5
2017-06-16,1081028.3830044593,2451.9656452402683,0.0,0.0022785149443774293,0.7437579235596994,0.5
2017-06-19,1080308.8486707236,-719.5343337356625,0.0,-0.0006651589729945456,0.5159609627922606,0.5
2017-06-20,1074548.7375074567,-5760.111163266988,0.0,-0.005303632988597189,0.6097959249954729,0.5
2017-06-21,1069336.6983602904,-5212.039147166322,0.0,-0.004827031375703943,0.5995406445045778,0.5
2017-06-22,1060752.9071761738,-8583.791184116617,0.0,-0.007963287893102983,0.4365691371948956,0.5
2017-06-23,1061046.2569845743,293.34980840049053,0.0,0.00027662517289073305,0.2852948460210865,0.5
2017-06-26,1062365.9662594306,1319.7092748564355,0.0,0.0012453300124533,0.6203871717950897,0.5
2017-06-27,1065002.1100963026,2636.1438368720364,0.0,0.0024875621890547263,0.5665283176180756,0.5
2017-06-28,1066609.109165035,1606.9990687324182,0.0,0.0015111965929385904,0.5552516372170131,0.5
2017-06-29,1067484.3354581136,875.2262930785297,0.0,0.0008212428141253764,0.48467249868011697,0.5
2017-06-30,1083079.7510635229,15595.41560540936,0.0,0.014826105029790771,0.3815756871186786,0.5
2017-07-03,1096011.1887917952,12931.437728272362,0.0,0.012083780880773361,0.1911418482435158,0.5
2017-07-05,1102543.5177221426,6532.328930347575,0.0,0.005995828988529718,0.19274928107535183,0.5
2017-07-06,1105084.591130465,2541.0734083224797,0.0,0.0023100616016427105,0.29044114603217375,0.5
2017-07-07,1113676.2505822824,8591.659451817279,0.0,0.007835581245985872,0.4127550606697588,0.5
2017-07-10,1127233.805339622,13557.554757339532,0.0,0.012323719984754162,0.25730546920362496,0.5
2017-07-11,1129995.9562961024,2762.1509564803287,0.0,0.0024563989191844758,0.23838707475446955,0.5
2017-07-12,1125311.749698435,-4684.206597667335,0.0,-0.004128217581350169,0.1248556089633003,0.5
2017-07-13,1100261.7346280334,-24487.35919555237,562.6558748492175,-0.02178642762603778,0.0,0.0
2017-07-14,1100261.7346280334,0.0,0.0,0.0,0.0,0.0
2017-07-17,1100261.7346280334,0.0,0.0,0.0,0.0,0.0
2017-07-18,1100261.7346280334,0.0,0.0,0.0,0.0,0.0
2017-07-19,1100261.7346280334,0.0,0.0,0.0,0.0,0.0
2017-07-20,1100261.7346280334,0.0,0.0,0.0,0.0,0.0
2017-07-21,1100261.7346280334,0.0,0.0,0.0,0.0,0.0
2017-07-24,1100261.7346280334,0.0,0.0,0.0,0.0,0.0
2017-07-25,1100261.7346280334,0.0,0.0,0.0,0.0,0.0
2017-07-26,1100261.7346280334,0.0,0.0,0.0,0.0,0.0
2017-07-27,1100261.7346280334,0.0,0.0,0.0,0.0,0.0
2017-07-28,1100261.7346280334,0.0,0.0,0.0,0.0,0.0
2017-07-31,1100261.7346280334,0.0,0.0,0.0,0.0,0.0
2017-08-01,1100261.7346280334,0.0,0.0,0.0,0.0,0.0
2017-08-02,1100261.7346280334,0.0,0.0,0.0,0.0,0.0
2017-08-03,1100261.7346280334,0.0,0.0,0.0,0.0,0.0
2017-08-04,1100261.7346280334,0.0,0.0,0.0,0.0,0.0
2017-08-07,1100261.7346280334,0.0,0.0,0.0,0.0,0.0
2017-08-08,1100261.7346280334,0.0,0.0,0.0,0.0,0.0
2017-08-09,1100261.7346280334,0.0,0.0,0.0,0.0,0.0
2017-08-10,1100261.7346280334,0.0,0.0,0.0,0.0,0.0
2017-08-11,1100261.7346280334,0.0,0.0,0.0,0.0,0.0
2017-08-14,1100261.7346280334,0.0,0.0,0.0,0.0,0.0
2017-08-15,1100261.7346280334,0.0,0.0,0.0,0.0,0.0
2017-08-16,1100261.7346280334,0.0,0.0,0.0,0.0,0.0
2017-08-17,1099711.6037607193,0.0,550.1308673140167,-0.0005,0.15759484322042364,0.5
2017-08-18,1103447.1062642757,4285.358305436826,549.8558018803596,0.00341009038176177,0.0,0.0
2017-08-21,1103447.1062642757,0.0,0.0,0.0,0.0,0.0
2017-08-22,1102895.3827111437,0.0,551.7235531321379,-0.0005,0.18852761782401414,0.5
2017-08-23,1103633.599165435,738.2164542912608,0.0,0.0006697923643670462,0.2736838321447461,0.5
2017-08-24,1107322.2141359076,3688.6149704727104,0.0,0.0033534540576794095,0.2615175055521241,0.5
2017-08-25,1105998.7214496895,-1323.4926862182162,0.0,-0.001193792280143255,0.3200701098714134,0.5
2017-08-28,1103790.2575490312,-2208.4639006583257,0.0,-0.0019928258270227183,0.1649520872096369,0.5
2017-08-29,1101134.7878035242,-2655.4697455068913,0.0,-0.0024,0.4284082981799394,0.5
2017-08-30,1096550.4232558596,-4584.364547664417,0.0,-0.004146047880165841,0.44330946146665434,0.5
2017-08-31,1104421.1129135736,7870.689657714052,0.0,0.007229573045969172,0.49648761246784817,0.5
2017-09-01,1104421.1129135736,0.0,0.0,0.0,0.0,0.0
2017-09-05,1104421.1129135736,0.0,0.0,0.0,0.0,0.0
2017-09-06,1104421.1129135736,0.0,0.0,0.0,0.0,0.0
2017-09-07,1104421.1129135736,0.0,0.0,0.0,0.0,0.0
2017-09-08,1104421.1129135736,0.0,0.0,0.0,0.0,0.0
2017-09-11,1104421.1129135736,0.0,0.0,0.0,0.0,0.0
2017-09-12,1104421.1129135736,0.0,0.0,0.0,0.0,0.0
2017-09-13,1104421.1129135736,0.0,0.0,0.0,0.0,0.0
2017-09-14,1104421.1129135736,0.0,0.0,0.0,0.0,0.0
2017-09-15,1104421.1129135736,0.0,0.0,0.0,0.0,0.0
2017-09-18,1104421.1129135736,0.0,0.0,0.0,0.0,0.0
2017-09-19,1104421.1129135736,0.0,0.0,0.0,0.0,0.0
2017-09-20,1104421.1129135736,0.0,0.0,0.0,0.0,0.0
2017-09-21,1104421.1129135736,0.0,0.0,0.0,0.0,0.0
2017-09-22,1104421.1129135736,0.0,0.0,0.0,0.0,0.0
2017-09-25,1104421.1129135736,0.0,0.0,0.0,0.0,0.0
2017-09-26,1104421.1129135736,0.0,0.0,0.0,0.0,0.0
2017-09-27,1104421.1129135736,0.0,0.0,0.0,0.0,0.0
2017-09-28,1104421.1129135736,0.0,0.0,0.0,0.0,0.0
2017-09-29,1104421.1129135736,0.0,0.0,0.0,0.0,0.0
2017-10-02,1104421.1129135736,0.0,0.0,0.0,0.0,0.0
2017-10-03,1104421.1129135736,0.0,0.0,0.0,0.0,0.0
2017-10-04,1104421.1129135736,0.0,0.0,0.0,0.0,0.0
2017-10-05,1104421.1129135736,0.0,0.0,0.0,0.0,0.0
2017-10-06,1104421.1129135736,0.0,0.0,0.0,0.0,0.0
2017-10-09,1104421.1129135736,0.0,0.0,0.0,0.0,0.0
2017-10-10,1104421.1129135736,0.0,0.0,0.0,0.0,0.0
2017-10-11,1104421.1129135736,0.0,0.0,0.0,0.0,0.0
2017-10-12,1104421.1129135736,0.0,0.0,0.0,0.0,0.0
2017-10-13,1104421.1129135736,0.0,0.0,0.0,0.0,0.0
2017-10-16,1104421.1129135736,0.0,0.0,0.0,0.0,0.0
2017-10-17,1104421.1129135736,0.0,0.0,0.0,0.0,0.0
2017-10-18,1104421.1129135736,0.0,0.0,0.0,0.0,0.0
2017-10-19,1104421.1129135736,0.0,0.0,0.0,0.0,0.0
2017-10-20,1104421.1129135736,0.0,0.0,0.0,0.0,0.0
2017-10-23,1104421.1129135736,0.0,0.0,0.0,0.0,0.0
2017-10-24,1104421.1129135736,0.0,0.0,0.0,0.0,0.0
2017-10-25,1104421.1129135736,0.0,0.0,0.0,0.0,0.0
2017-10-26,1104421.1129135736,0.0,0.0,0.0,0.0,0.0
2017-10-27,1104421.1129135736,0.0,0.0,0.0,0.0,0.0
2017-10-30,1104421.1129135736,0.0,0.0,0.0,0.0,0.0
2017-10-31,1104421.1129135736,0.0,0.0,0.0,0.0,0.0
2017-11-01,1104421.1129135736,0.0,0.0,0.0,0.0,0.0
2017-11-02,1104421.1129135736,0.0,0.0,0.0,0.0,0.0
2017-11-03,1104421.1129135736,0.0,0.0,0.0,0.0,0.0
2017-11-06,1104421.1129135736,0.0,0.0,0.0,0.0,0.0
2017-11-07,1104421.1129135736,0.0,0.0,0.0,0.0,0.0
2017-11-08,1104421.1129135736,0.0,0.0,0.0,0.0,0.0
2017-11-09,1104421.1129135736,0.0,0.0,0.0,0.0,0.0
2017-11-10,1104421.1129135736,0.0,0.0,0.0,0.0,0.0
2017-11-13,1104421.1129135736,0.0,0.0,0.0,0.0,0.0
2017-11-14,1104421.1129135736,0.0,0.0,0.0,0.0,0.0
2017-11-15,1104421.1129135736,0.0,0.0,0.0,0.0,0.0
2017-11-16,1104421.1129135736,0.0,0.0,0.0,0.0,0.0
2017-11-17,1104421.1129135736,0.0,0.0,0.0,0.0,0.0
2017-11-20,1104421.1129135736,0.0,0.0,0.0,0.0,0.0
2017-11-21,1104421.1129135736,0.0,0.0,0.0,0.0,0.0
2017-11-22,1104421.1129135736,0.0,0.0,0.0,0.0,0.0
2017-11-24,1104421.1129135736,0.0,0.0,0.0,0.0,0.0
2017-11-27,1104421.1129135736,0.0,0.0,0.0,0.0,0.0
2017-11-28,1104421.1129135736,0.0,0.0,0.0,0.0,0.0
2017-11-29,1104421.1129135736,0.0,0.0,0.0,0.0,0.0
2017-11-30,1104421.1129135736,0.0,0.0,0.0,0.0,0.0
2017-12-01,1104421.1129135736,0.0,0.0,0.0,0.0,0.0
2017-12-04,1104421.1129135736,0.0,0.0,0.0,0.0,0.0
2017-12-05,1104421.1129135736,0.0,0.0,0.0,0.0,0.0
2017-12-06,1104421.1129135736,0.0,0.0,0.0,0.0,0.0
2017-12-07,1104421.1129135736,0.0,0.0,0.0,0.0,0.0
2017-12-08,1104421.1129135736,0.0,0.0,0.0,0.0,0.0
2017-12-11,1104421.1129135736,0.0,0.0,0.0,0.0,0.0
2017-12-12,1104421.1129135736,0.0,0.0,0.0,0.0,0.0
2017-12-13,1104421.1129135736,0.0,0.0,0.0,0.0,0.0
2017-12-14,1104421.1129135736,0.0,0.0,0.0,0.0,0.0
2017-12-15,1104421.1129135736,0.0,0.0,0.0,0.0,0.0
2017-12-18,1104421.1129135736,0.0,0.0,0.0,0.0,0.0
2017-12-19,1104421.1129135736,0.0,0.0,0.0,0.0,0.0
2017-12-20,1104421.1129135736,0.0,0.0,0.0,0.0,0.0
2017-12-21,1104421.1129135736,0.0,0.0,0.0,0.0,0.0
2017-12-22,1104421.1129135736,0.0,0.0,0.0,0.0,0.0
2017-12-26,1104421.1129135736,0.0,0.0,0.0,0.0,0.0
2017-12-27,1104421.1129135736,0.0,0.0,0.0,0.0,0.0
2017-12-28,1104421.1129135736,0.0,0.0,0.0,0.0,0.0
2017-12-29,1104421.1129135736,0.0,0.0,0.0,0.0,0.0
2018-01-02,1104421.1129135736,0.0,0.0,0.0,0.0,0.0
2018-01-03,1104421.1129135736,0.0,0.0,0.0,0.0,0.0
2018-01-04,1104421.1129135736,0.0,0.0,0.0,0.0,0.0
2018-01-05,1104421.1129135736,0.0,0.0,0.0,0.0,0.0
2018-01-08,1104421.1129135736,0.0,0.0,0.0,0.0,0.0
2018-01-09,1104421.1129135736,0.0,0.0,0.0,0.0,0.0
2018-01-10,1104421.1129135736,0.0,0.0,0.0,0.0,0.0
2018-01-11,1104421.1129135736,0.0,0.0,0.0,0.0,0.0
2018-01-12,1104421.1129135736,0.0,0.0,0.0,0.0,0.0
2018-01-16,1104421.1129135736,0.0,0.0,0.0,0.0,0.0
2018-01-17,1104421.1129135736,0.0,0.0,0.0,0.0,0.0
2018-01-18,1104421.1129135736,0.0,0.0,0.0,0.0,0.0
2018-01-19,1104421.1129135736,0.0,0.0,0.0,0.0,0.0
2018-01-22,1104421.1129135736,0.0,0.0,0.0,0.0,0.0
2018-01-23,1104421.1129135736,0.0,0.0,0.0,0.0,0.0
2018-01-24,1104421.1129135736,0.0,0.0,0.0,0.0,0.0
2018-01-25,1104421.1129135736,0.0,0.0,0.0,0.0,0.0
2018-01-26,1104421.1129135736,0.0,0.0,0.0,0.0,0.0
2018-01-29,1104421.1129135736,0.0,0.0,0.0,0.0,0.0
2018-01-30,1104421.1129135736,0.0,0.0,0.0,0.0,0.0
2018-01-31,1104421.1129135736,0.0,0.0,0.0,0.0,0.0
2018-02-01,1104421.1129135736,0.0,0.0,0.0,0.0,0.0
2018-02-02,1104421.1129135736,0.0,0.0,0.0,0.0,0.0
2018-02-05,1104421.1129135736,0.0,0.0,0.0,0.0,0.0
2018-02-06,1104421.1129135736,0.0,0.0,0.0,0.0,0.0
2018-02-07,1104421.1129135736,0.0,0.0,0.0,0.0,0.0
2018-02-08,1104421.1129135736,0.0,0.0,0.0,0.0,0.0
2018-02-09,1104421.1129135736,0.0,0.0,0.0,0.0,0.0
2018-02-12,1104421.1129135736,0.0,0.0,0.0,0.0,0.0
2018-02-13,1104421.1129135736,0.0,0.0,0.0,0.0,0.0
2018-02-14,1104421.1129135736,0.0,0.0,0.0,0.0,0.0
2018-02-15,1104421.1129135736,0.0,0.0,0.0,0.0,0.0
2018-02-16,1104421.1129135736,0.0,0.0,0.0,0.0,0.0
2018-02-20,1104421.1129135736,0.0,0.0,0.0,0.0,0.0
2018-02-21,1104421.1129135736,0.0,0.0,0.0,0.0,0.0
2018-02-22,1104421.1129135736,0.0,0.0,0.0,0.0,0.0
2018-02-23,1104421.1129135736,0.0,0.0,0.0,0.0,0.0
2018-02-26,1104421.1129135736,0.0,0.0,0.0,0.0,0.0
2018-02-27,1104421.1129135736,0.0,0.0,0.0,0.0,0.0
2018-02-28,1104421.1129135736,0.0,0.0,0.0,0.0,0.0
2018-03-01,1104421.1129135736,0.0,0.0,0.0,0.0,0.0
2018-03-02,1104421.1129135736,0.0,0.0,0.0,0.0,0.0
2018-03-05,1104421.1129135736,0.0,0.0,0.0,0.0,0.0
2018-03-06,1104421.1129135736,0.0,0.0,0.0,0.0,0.0
2018-03-07,1104421.1129135736,0.0,0.0,0.0,0.0,0.0
2018-03-08,1104421.1129135736,0.0,0.0,0.0,0.0,0.0
2018-03-09,1104421.1129135736,0.0,0.0,0.0,0.0,0.0
2018-03-12,1104421.1129135736,0.0,0.0,0.0,0.0,0.0
2018-03-13,1104421.1129135736,0.0,0.0,0.0,0.0,0.0
2018-03-14,1104421.1129135736,0.0,0.0,0.0,0.0,0.0
2018-03-15,1104421.1129135736,0.0,0.0,0.0,0.0,0.0
2018-03-16,1104421.1129135736,0.0,0.0,0.0,0.0,0.0
2018-03-19,1104421.1129135736,0.0,0.0,0.0,0.0,0.0
2018-03-20,1104421.1129135736,0.0,0.0,0.0,0.0,0.0
2018-03-21,1104421.1129135736,0.0,0.0,0.0,0.0,0.0
2018-03-22,1104421.1129135736,0.0,0.0,0.0,0.0,0.0
2018-03-23,1104421.1129135736,0.0,0.0,0.0,0.0,0.0
2018-03-26,1104421.1129135736,0.0,0.0,0.0,0.0,0.0
2018-03-27,1104421.1129135736,0.0,0.0,0.0,0.0,0.0
2018-03-28,1104421.1129135736,0.0,0.0,0.0,0.0,0.0
2018-03-29,1104421.1129135736,0.0,0.0,0.0,0.0,0.0
2018-04-02,1104421.1129135736,0.0,0.0,0.0,0.0,0.0
2018-04-03,1104421.1129135736,0.0,0.0,0.0,0.0,0.0
2018-04-04,1104421.1129135736,0.0,0.0,0.0,0.0,0.0
2018-04-05,1104421.1129135736,0.0,0.0,0.0,0.0,0.0
2018-04-06,1104421.1129135736,0.0,0.0,0.0,0.0,0.0
2018-04-09,1104421.1129135736,0.0,0.0,0.0,0.0,0.0
2018-04-10,1104421.1129135736,0.0,0.0,0.0,0.0,0.0
2018-04-11,1104421.1129135736,0.0,0.0,0.0,0.0,0.0
2018-04-12,1104421.1129135736,0.0,0.0,0.0,0.0,0.0
2018-04-13,1104421.1129135736,0.0,0.0,0.0,0.0,0.0
2018-04-16,1104421.1129135736,0.0,0.0,0.0,0.0,0.0
2018-04-17,1104421.1129135736,0.0,0.0,0.0,0.0,0.0
2018-04-18,1104421.1129135736,0.0,0.0,0.0,0.0,0.0
2018-04-19,1104421.1129135736,0.0,0.0,0.0,0.0,0.0
2018-04-20,1104421.1129135736,0.0,0.0,0.0,0.0,0.0
2018-04-23,1104421.1129135736,0.0,0.0,0.0,0.0,0.0
2018-04-24,1104421.1129135736,0.0,0.0,0.0,0.0,0.0
2018-04-25,1104421.1129135736,0.0,0.0,0.0,0.0,0.0
2018-04-26,1104421.1129135736,0.0,0.0,0.0,0.0,0.0
2018-04-27,1104421.1129135736,0.0,0.0,0.0,0.0,0.0
2018-04-30,1104421.1129135736,0.0,0.0,0.0,0.0,0.0
2018-05-01,1104421.1129135736,0.0,0.0,0.0,0.0,0.0
2018-05-02,1104421.1129135736,0.0,0.0,0.0,0.0,0.0
2018-05-03,1104421.1129135736,0.0,0.0,0.0,0.0,0.0
2018-05-04,1104421.1129135736,0.0,0.0,0.0,0.0,0.0
2018-05-07,1104421.1129135736,0.0,0.0,0.0,0.0,0.0
2018-05-08,1104421.1129135736,0.0,0.0,0.0,0.0,0.0
2018-05-09,1104421.1129135736,0.0,0.0,0.0,0.0,0.0
2018-05-10,1104421.1129135736,0.0,0.0,0.0,0.0,0.0
2018-05-11,1104421.1129135736,0.0,0.0,0.0,0.0,0.0
2018-05-14,1104421.1129135736,0.0,0.0,0.0,0.0,0.0
2018-05-15,1104421.1129135736,0.0,0.0,0.0,0.0,0.0
2018-05-16,1104421.1129135736,0.0,0.0,0.0,0.0,0.0
2018-05-17,1104421.1129135736,0.0,0.0,0.0,0.0,0.0
2018-05-18,1104421.1129135736,0.0,0.0,0.0,0.0,0.0
2018-05-21,1104421.1129135736,0.0,0.0,0.0,0.0,0.0
2018-05-22,1104421.1129135736,0.0,0.0,0.0,0.0,0.0
2018-05-23,1104421.1129135736,0.0,0.0,0.0,0.0,0.0
2018-05-24,1104421.1129135736,0.0,0.0,0.0,0.0,0.0
2018-05-25,1104421.1129135736,0.0,0.0,0.0,0.0,0.0
2018-05-29,1104421.1129135736,0.0,0.0,0.0,0.0,0.0
2018-05-30,1104421.1129135736,0.0,0.0,0.0,0.0,0.0
2018-05-31,1104421.1129135736,0.0,0.0,0.0,0.0,0.0
2018-06-01,1104421.1129135736,0.0,0.0,0.0,0.0,0.0
2018-06-04,1104421.1129135736,0.0,0.0,0.0,0.0,0.0
2018-06-05,1103868.9023571168,0.0,552.2105564567868,-0.0005,1.2395563157703926,0.5
2018-06-06,1100010.1845960682,-3858.7177610485983,0.0,-0.003483453595421747,1.270342694612514,0.5
2018-06-07,1088396.4612780113,-11063.718225758794,550.0050922980341,-0.010452701020662184,0.0,0.0
2018-06-08,1088396.4612780113,0.0,0.0,0.0,0.0,0.0
2018-06-11,1088396.4612780113,0.0,0.0,0.0,0.0,0.0
2018-06-12,1087852.2630473722,0.0,544.1982306390057,-0.0005,1.058188734994231,0.5
2018-06-13,1077589.5058488122,-10262.757198560115,0.0,-0.009345794392523366,1.3623941145758762,0.5
2018-06-14,1072552.6959256406,-5036.809923171531,0.0,-0.004652399308786389,1.5745170543663451,0.5
2018-06-15,1059437.2763388627,-12579.143238815144,536.2763479628203,-0.012086475682878082,1.6651273227072663,0.5
2018-06-18,1058907.5577006934,0.0,529.7186381694314,-0.0005,1.4262402666889116,0.5
2018-06-19,1047543.3874336799,-11364.170267013496,0.0,-0.010618023414102912,1.1622072231794909,0.5
2018-06-20,1047837.9721883013,294.58475462139484,0.0,0.0002812939521800282,0.8725154397883256,0.5
2018-06-21,1042536.9369158478,-5301.035272453463,0.0,-0.0050335570469798654,0.8322263874301619,0.5
2018-06-22,1050825.135165037,8288.198249189023,0.0,0.008013737836290785,0.8891090464781867,0.5
2018-06-25,1039077.5092828118,-11747.625882225118,0.0,-0.01105583195135434,1.0854671024343414,0.5
2018-06-26,1034770.2983381003,-4307.210944711484,0.0,-0.004128113879003559,1.2708307034505264,0.5
2018-06-27,1034919.4436679271,149.1453298267657,0.0,0.00014415453366008361,1.4360378543798402,0.5
2018-06-28,1030673.8879674622,-3728.095978630861,517.4597218339635,-0.004087580760947595,1.3771584902101224,0.5
2018-06-29,1030158.5510234785,0.0,515.3369439837311,-0.0005,1.1754190680111882,0.5
2018-07-02,1023128.6338759293,-5999.758596525792,1030.1585510234786,-0.006784597568037059,-1.298971210061779,-0.5
2018-07-03,1025841.7033234495,2713.0694475201426,0.0,0.0026587887740029546,-1.2770474832486602,-0.5
2018-07-05,1031007.3754077205,5165.672084270925,0.0,0.00506103006847276,-1.458174873072422,-0.5
2018-07-06,1006737.3630705868,-23754.508649429823,515.5036877038602,-0.02300994442819538,0.0,0.0
2018-07-09,1006737.3630705868,0.0,0.0,0.0,0.0,0.0
2018-07-10,1006737.3630705868,0.0,0.0,0.0,0.0,0.0
2018-07-11,1006737.3630705868,0.0,0.0,0.0,0.0,0.0
2018-07-12,1006737.3630705868,0.0,0.0,0.0,0.0,0.0
2018-07-13,1006737.3630705868,0.0,0.0,0.0,0.0,0.0
2018-07-16,1006737.3630705868,0.0,0.0,0.0,0.0,0.0
2018-07-17,1006737.3630705868,0.0,0.0,0.0,0.0,0.0
2018-07-18,1006737.3630705868,0.0,0.0,0.0,0.0,0.0
2018-07-19,1006737.3630705868,0.0,0.0,0.0,0.0,0.0
2018-07-20,1006737.3630705868,0.0,0.0,0.0,0.0,0.0
2018-07-23,1006737.3630705868,0.0,0.0,0.0,0.0,0.0
2018-07-24,1006737.3630705868,0.0,0.0,0.0,0.0,0.0
2018-07-25,1006737.3630705868,0.0,0.0,0.0,0.0,0.0
2018-07-26,1006737.3630705868,0.0,0.0,0.0,0.0,0.0
2018-07-27,1006737.3630705868,0.0,0.0,0.0,0.0,0.0
2018-07-30,1006737.3630705868,0.0,0.0,0.0,0.0,0.0
2018-07-31,1006737.3630705868,0.0,0.0,0.0,0.0,0.0
2018-08-01,1006737.3630705868,0.0,0.0,0.0,0.0,0.0
2018-08-02,1006737.3630705868,0.0,0.0,0.0,0.0,0.0
2018-08-03,1006737.3630705868,0.0,0.0,0.0,0.0,0.0
2018-08-06,1006737.3630705868,0.0,0.0,0.0,0.0,0.0
2018-08-07,1006737.3630705868,0.0,0.0,0.0,0.0,0.0
2018-08-08,1006233.9943890516,0.0,503.36868153529343,-0.0005,0.10931264720662857,0.5
2018-08-09,1002856.4257365569,-3377.5686524947187,0.0,-0.003345413994981879,0.06192515720359126,0.5
2018-08-10,978773.3271353466,-23581.670388342016,501.4282128682784,-0.023462787178428944,0.0,0.0
2018-08-13,978773.3271353466,0.0,0.0,0.0,0.0,0.0
2018-08-14,978773.3271353466,0.0,0.0,0.0,0.0,0.0
2018-08-15,978773.3271353466,0.0,0.0,0.0,0.0,0.0
2018-08-16,978773.3271353466,0.0,0.0,0.0,0.0,0.0
2018-08-17,978773.3271353466,0.0,0.0,0.0,0.0,0.0
2018-08-20,978773.3271353466,0.0,0.0,0.0,0.0,0.0
2018-08-21,978773.3271353466,0.0,0.0,0.0,0.0,0.0
2018-08-22,978773.3271353466,0.0,0.0,0.0,0.0,0.0
2018-08-23,978773.3271353466,0.0,0.0,0.0,0.0,0.0
2018-08-24,978773.3271353466,0.0,0.0,0.0,0.0,0.0
2018-08-27,978773.3271353466,0.0,0.0,0.0,0.0,0.0
2018-08-28,978773.3271353466,0.0,0.0,0.0,0.0,0.0
2018-08-29,978773.3271353466,0.0,0.0,0.0,0.0,0.0
2018-08-30,978773.3271353466,0.0,0.0,0.0,0.0,0.0
2018-08-31,978773.3271353466,0.0,0.0,0.0,0.0,0.0
2018-09-04,978773.3271353466,0.0,0.0,0.0,0.0,0.0
2018-09-05,978773.3271353466,0.0,0.0,0.0,0.0,0.0
2018-09-06,978773.3271353466,0.0,0.0,0.0,0.0,0.0
2018-09-07,978773.3271353466,0.0,0.0,0.0,0.0,0.0
2018-09-10,978773.3271353466,0.0,0.0,0.0,0.0,0.0
2018-09-11,978773.3271353466,0.0,0.0,0.0,0.0,0.0
2018-09-12,978773.3271353466,0.0,0.0,0.0,0.0,0.0
2018-09-13,978773.3271353466,0.0,0.0,0.0,0.0,0.0
2018-09-14,978773.3271353466,0.0,0.0,0.0,0.0,0.0
2018-09-17,978773.3271353466,0.0,0.0,0.0,0.0,0.0
2018-09-18,978773.3271353466,0.0,0.0,0.0,0.0,0.0
2018-09-19,978773.3271353466,0.0,0.0,0.0,0.0,0.0
2018-09-20,978773.3271353466,0.0,0.0,0.0,0.0,0.0
2018-09-21,978773.3271353466,0.0,0.0,0.0,0.0,0.0
2018-09-24,978773.3271353466,0.0,0.0,0.0,0.0,0.0
2018-09-25,978773.3271353466,0.0,0.0,0.0,0.0,0.0
2018-09-26,978773.3271353466,0.0,0.0,0.0,0.0,0.0
2018-09-27,978773.3271353466,0.0,0.0,0.0,0.0,0.0
2018-09-28,978773.3271353466,0.0,0.0,0.0,0.0,0.0
2018-10-01,978773.3271353466,0.0,0.0,0.0,0.0,0.0
2018-10-02,978773.3271353466,0.0,0.0,0.0,0.0,0.0
2018-10-03,978773.3271353466,0.0,0.0,0.0,0.0,0.0
2018-10-04,978773.3271353466,0.0,0.0,0.0,0.0,0.0
2018-10-05,978773.3271353466,0.0,0.0,0.0,0.0,0.0
2018-10-08,978773.3271353466,0.0,0.0,0.0,0.0,0.0
2018-10-09,978773.3271353466,0.0,0.0,0.0,0.0,0.0
2018-10-10,978773.3271353466,0.0,0.0,0.0,0.0,0.0
2018-10-11,978773.3271353466,0.0,0.0,0.0,0.0,0.0
2018-10-12,978773.3271353466,0.0,0.0,0.0,0.0,0.0
2018-10-15,978773.3271353466,0.0,0.0,0.0,0.0,0.0
2018-10-16,978773.3271353466,0.0,0.0,0.0,0.0,0.0
2018-10-17,978773.3271353466,0.0,0.0,0.0,0.0,0.0
2018-10-18,978773.3271353466,0.0,0.0,0.0,0.0,0.0
2018-10-19,978773.3271353466,0.0,0.0,0.0,0.0,0.0
2018-10-22,978773.3271353466,0.0,0.0,0.0,0.0,0.0
2018-10-23,978773.3271353466,0.0,0.0,0.0,0.0,0.0
2018-10-24,978773.3271353466,0.0,0.0,0.0,0.0,0.0
2018-10-25,978773.3271353466,0.0,0.0,0.0,0.0,0.0
2018-10-26,978773.3271353466,0.0,0.0,0.0,0.0,0.0
2018-10-29,978773.3271353466,0.0,0.0,0.0,0.0,0.0
2018-10-30,978773.3271353466,0.0,0.0,0.0,0.0,0.0
2018-10-31,978773.3271353466,0.0,0.0,0.0,0.0,0.0
2018-11-01,978773.3271353466,0.0,0.0,0.0,0.0,0.0
2018-11-02,978773.3271353466,0.0,0.0,0.0,0.0,0.0
2018-11-05,978773.3271353466,0.0,0.0,0.0,0.0,0.0
2018-11-06,978773.3271353466,0.0,0.0,0.0,0.0,0.0
2018-11-07,978773.3271353466,0.0,0.0,0.0,0.0,0.0
2018-11-08,978773.3271353466,0.0,0.0,0.0,0.0,0.0
2018-11-09,978773.3271353466,0.0,0.0,0.0,0.0,0.0
2018-11-12,978773.3271353466,0.0,0.0,0.0,0.0,0.0
2018-11-13,978773.3271353466,0.0,0.0,0.0,0.0,0.0
2018-11-14,978773.3271353466,0.0,0.0,0.0,0.0,0.0
2018-11-15,978773.3271353466,0.0,0.0,0.0,0.0,0.0
2018-11-16,978773.3271353466,0.0,0.0,0.0,0.0,0.0
2018-11-19,978773.3271353466,0.0,0.0,0.0,0.0,0.0
2018-11-20,978773.3271353466,0.0,0.0,0.0,0.0,0.0
2018-11-21,978773.3271353466,0.0,0.0,0.0,0.0,0.0
2018-11-23,978773.3271353466,0.0,0.0,0.0,0.0,0.0
2018-11-26,978773.3271353466,0.0,0.0,0.0,0.0,0.0
2018-11-27,978773.3271353466,0.0,0.0,0.0,0.0,0.0
2018-11-28,978773.3271353466,0.0,0.0,0.0,0.0,0.0
2018-11-29,978773.3271353466,0.0,0.0,0.0,0.0,0.0
2018-11-30,978773.3271353466,0.0,0.0,0.0,0.0,0.0
2018-12-03,978773.3271353466,0.0,0.0,0.0,0.0,0.0
2018-12-04,978773.3271353466,0.0,0.0,0.0,0.0,0.0
2018-12-06,978773.3271353466,0.0,0.0,0.0,0.0,0.0
2018-12-07,978773.3271353466,0.0,0.0,0.0,0.0,0.0
2018-12-10,978773.3271353466,0.0,0.0,0.0,0.0,0.0
2018-12-11,978773.3271353466,0.0,0.0,0.0,0.0,0.0
2018-12-12,978773.3271353466,0.0,0.0,0.0,0.0,0.0
2018-12-13,978773.3271353466,0.0,0.0,0.0,0.0,0.0
2018-12-14,978773.3271353466,0.0,0.0,0.0,0.0,0.0
2018-12-17,978773.3271353466,0.0,0.0,0.0,0.0,0.0
2018-12-18,978773.3271353466,0.0,0.0,0.0,0.0,0.0
2018-12-19,978773.3271353466,0.0,0.0,0.0,0.0,0.0
2018-12-20,978773.3271353466,0.0,0.0,0.0,0.0,0.0
2018-12-21,978773.3271353466,0.0,0.0,0.0,0.0,0.0
2018-12-24,978773.3271353466,0.0,0.0,0.0,0.0,0.0
2018-12-26,978773.3271353466,0.0,0.0,0.0,0.0,0.0
2018-12-27,978773.3271353466,0.0,0.0,0.0,0.0,0.0
2018-12-28,978773.3271353466,0.0,0.0,0.0,0.0,0.0
2018-12-31,978773.3271353466,0.0,0.0,0.0,0.0,0.0
2019-01-02,978773.3271353466,0.0,0.0,0.0,0.0,0.0
2019-01-03,978773.3271353466,0.0,0.0,0.0,0.0,0.0
2019-01-04,978773.3271353466,0.0,0.0,0.0,0.0,0.0
2019-01-07,978773.3271353466,0.0,0.0,0.0,0.0,0.0
2019-01-08,978773.3271353466,0.0,0.0,0.0,0.0,0.0
2019-01-09,978773.3271353466,0.0,0.0,0.0,0.0,0.0
2019-01-10,978773.3271353466,0.0,0.0,0.0,0.0,0.0
2019-01-11,978773.3271353466,0.0,0.0,0.0,0.0,0.0
2019-01-14,978773.3271353466,0.0,0.0,0.0,0.0,0.0
2019-01-15,978773.3271353466,0.0,0.0,0.0,0.0,0.0
2019-01-16,978773.3271353466,0.0,0.0,0.0,0.0,0.0
2019-01-17,978773.3271353466,0.0,0.0,0.0,0.0,0.0
2019-01-18,978773.3271353466,0.0,0.0,0.0,0.0,0.0
2019-01-22,978773.3271353466,0.0,0.0,0.0,0.0,0.0
2019-01-23,978773.3271353466,0.0,0.0,0.0,0.0,0.0
2019-01-24,978773.3271353466,0.0,0.0,0.0,0.0,0.0
2019-01-25,978773.3271353466,0.0,0.0,0.0,0.0,0.0
2019-01-28,978773.3271353466,0.0,0.0,0.0,0.0,0.0
2019-01-29,978773.3271353466,0.0,0.0,0.0,0.0,0.0
2019-01-30,978773.3271353466,0.0,0.0,0.0,0.0,0.0
2019-01-31,978773.3271353466,0.0,0.0,0.0,0.0,0.0
2019-02-01,978773.3271353466,0.0,0.0,0.0,0.0,0.0
2019-02-04,978773.3271353466,0.0,0.0,0.0,0.0,0.0
2019-02-05,978773.3271353466,0.0,0.0,0.0,0.0,0.0
2019-02-06,978773.3271353466,0.0,0.0,0.0,0.0,0.0
2019-02-07,978773.3271353466,0.0,0.0,0.0,0.0,0.0
2019-02-08,978773.3271353466,0.0,0.0,0.0,0.0,0.0
2019-02-11,978773.3271353466,0.0,0.0,0.0,0.0,0.0
2019-02-12,978773.3271353466,0.0,0.0,0.0,0.0,0.0
2019-02-13,978773.3271353466,0.0,0.0,0.0,0.0,0.0
2019-02-14,978773.3271353466,0.0,0.0,0.0,0.0,0.0
2019-02-15,978773.3271353466,0.0,0.0,0.0,0.0,0.0
2019-02-19,978773.3271353466,0.0,0.0,0.0,0.0,0.0
2019-02-20,978773.3271353466,0.0,0.0,0.0,0.0,0.0
2019-02-21,978773.3271353466,0.0,0.0,0.0,0.0,0.0
2019-02-22,978773.3271353466,0.0,0.0,0.0,0.0,0.0
2019-02-25,978773.3271353466,0.0,0.0,0.0,0.0,0.0
2019-02-26,978773.3271353466,0.0,0.0,0.0,0.0,0.0
2019-02-27,978773.3271353466,0.0,0.0,0.0,0.0,0.0
2019-02-28,978773.3271353466,0.0,0.0,0.0,0.0,0.0
2019-03-01,978773.3271353466,0.0,0.0,0.0,0.0,0.0
2019-03-04,978773.3271353466,0.0,0.0,0.0,0.0,0.0
2019-03-05,978773.3271353466,0.0,0.0,0.0,0.0,0.0
2019-03-06,978773.3271353466,0.0,0.0,0.0,0.0,0.0
2019-03-07,978773.3271353466,0.0,0.0,0.0,0.0,0.0
2019-03-08,978773.3271353466,0.0,0.0,0.0,0.0,0.0
2019-03-11,978773.3271353466,0.0,0.0,0.0,0.0,0.0
2019-03-12,978773.3271353466,0.0,0.0,0.0,0.0,0.0
2019-03-13,978773.3271353466,0.0,0.0,0.0,0.0,0.0
2019-03-14,978773.3271353466,0.0,0.0,0.0,0.0,0.0
2019-03-15,978773.3271353466,0.0,0.0,0.0,0.0,0.0
2019-03-18,978773.3271353466,0.0,0.0,0.0,0.0,0.0
2019-03-19,978773.3271353466,0.0,0.0,0.0,0.0,0.0
2019-03-20,978773.3271353466,0.0,0.0,0.0,0.0,0.0
2019-03-21,978773.3271353466,0.0,0.0,0.0,0.0,0.0
2019-03-22,978773.3271353466,0.0,0.0,0.0,0.0,0.0
2019-03-25,978773.3271353466,0.0,0.0,0.0,0.0,0.0
2019-03-26,978773.3271353466,0.0,0.0,0.0,0.0,0.0
2019-03-27,978773.3271353466,0.0,0.0,0.0,0.0,0.0
2019-03-28,978773.3271353466,0.0,0.0,0.0,0.0,0.0
2019-03-29,978773.3271353466,0.0,0.0,0.0,0.0,0.0
2019-04-01,978773.3271353466,0.0,0.0,0.0,0.0,0.0
2019-04-02,978773.3271353466,0.0,0.0,0.0,0.0,0.0
2019-04-03,978773.3271353466,0.0,0.0,0.0,0.0,0.0
2019-04-04,978773.3271353466,0.0,0.0,0.0,0.0,0.0
2019-04-05,978773.3271353466,0.0,0.0,0.0,0.0,0.0
2019-04-08,978773.3271353466,0.0,0.0,0.0,0.0,0.0
2019-04-09,978773.3271353466,0.0,0.0,0.0,0.0,0.0
2019-04-10,978773.3271353466,0.0,0.0,0.0,0.0,0.0
2019-04-11,978773.3271353466,0.0,0.0,0.0,0.0,0.0
2019-04-12,978773.3271353466,0.0,0.0,0.0,0.0,0.0
2019-04-15,978773.3271353466,0.0,0.0,0.0,0.0,0.0
2019-04-16,978773.3271353466,0.0,0.0,0.0,0.0,0.0
2019-04-17,978773.3271353466,0.0,0.0,0.0,0.0,0.0
2019-04-18,978773.3271353466,0.0,0.0,0.0,0.0,0.0
2019-04-22,978773.3271353466,0.0,0.0,0.0,0.0,0.0
2019-04-23,978773.3271353466,0.0,0.0,0.0,0.0,0.0
2019-04-24,978773.3271353466,0.0,0.0,0.0,0.0,0.0
2019-04-25,978773.3271353466,0.0,0.0,0.0,0.0,0.0
2019-04-26,978773.3271353466,0.0,0.0,0.0,0.0,0.0
2019-04-29,978773.3271353466,0.0,0.0,0.0,0.0,0.0
2019-04-30,978773.3271353466,0.0,0.0,0.0,0.0,0.0
2019-05-01,978773.3271353466,0.0,0.0,0.0,0.0,0.0
2019-05-02,978773.3271353466,0.0,0.0,0.0,0.0,0.0
2019-05-03,978773.3271353466,0.0,0.0,0.0,0.0,0.0
2019-05-06,978773.3271353466,0.0,0.0,0.0,0.0,0.0
2019-05-07,978773.3271353466,0.0,0.0,0.0,0.0,0.0
2019-05-08,978773.3271353466,0.0,0.0,0.0,0.0,0.0
2019-05-09,978773.3271353466,0.0,0.0,0.0,0.0,0.0
2019-05-10,978773.3271353466,0.0,0.0,0.0,0.0,0.0
2019-05-13,978773.3271353466,0.0,0.0,0.0,0.0,0.0
2019-05-14,978773.3271353466,0.0,0.0,0.0,0.0,0.0
2019-05-15,978773.3271353466,0.0,0.0,0.0,0.0,0.0
2019-05-16,978773.3271353466,0.0,0.0,0.0,0.0,0.0
2019-05-17,978773.3271353466,0.0,0.0,0.0,0.0,0.0
2019-05-20,978773.3271353466,0.0,0.0,0.0,0.0,0.0
2019-05-21,978773.3271353466,0.0,0.0,0.0,0.0,0.0
2019-05-22,978773.3271353466,0.0,0.0,0.0,0.0,0.0
2019-05-23,978773.3271353466,0.0,0.0,0.0,0.0,0.0
2019-05-24,978773.3271353466,0.0,0.0,0.0,0.0,0.0
2019-05-28,978773.3271353466,0.0,0.0,0.0,0.0,0.0
2019-05-29,978773.3271353466,0.0,0.0,0.0,0.0,0.0
2019-05-30,978773.3271353466,0.0,0.0,0.0,0.0,0.0
2019-05-31,978773.3271353466,0.0,0.0,0.0,0.0,0.0
2019-06-03,978773.3271353466,0.0,0.0,0.0,0.0,0.0
2019-06-04,978773.3271353466,0.0,0.0,0.0,0.0,0.0
2019-06-05,978773.3271353466,0.0,0.0,0.0,0.0,0.0
2019-06-06,978773.3271353466,0.0,0.0,0.0,0.0,0.0
2019-06-07,978773.3271353466,0.0,0.0,0.0,0.0,0.0
2019-06-10,978773.3271353466,0.0,0.0,0.0,0.0,0.0
2019-06-11,978773.3271353466,0.0,0.0,0.0,0.0,0.0
2019-06-12,978283.940471779,0.0,489.3866635676733,-0.0005,2.7478960019492296,0.5
2019-06-13,983855.0335268574,5571.093055078469,0.0,0.00572737686139748,2.6201182545523465,0.5
2019-06-14,988702.2922787493,4847.258751891893,0.0,0.0049511953600226335,2.5648790976256515,0.5
2019-06-17,997522.6082399759,8820.315961226645,0.0,0.009001406469760899,2.17743583038834,0.5
2019-06-18,997932.4367560975,409.8285161216006,0.0,0.0004110152075626798,1.8906343195270086,0.5
2019-06-19,992333.7462926328,-5598.690463464696,0.0,-0.005578990338821609,1.6193293211494275,0.5
2019-06-20,999062.8292663858,6729.082973752976,0.0,0.006827365194370907,1.408396662451951,0.5
2019-06-21,992105.9471947602,-6956.88207162557,0.0,-0.006915254237288135,1.1345466701268816,0.5
2019-06-24,995540.2657602364,3434.3185654761846,0.0,0.003473669584549118,0.5723324710972891,0.5
2019-06-25,992528.4552752632,-3011.810484973212,0.0,-0.0030161776802851655,0.34407546959406143,0.5
2019-06-26,987447.7202385747,-5080.735036688536,0.0,-0.005092911218169305,0.2045011819391647,0.5
2019-06-27,983859.008926553,-3588.711312021658,0.0,-0.0036211699164345403,0.047562356421116427,0.5
2019-06-28,990508.5769958961,6649.568069343078,0.0,0.006804649844060108,0.02856868171172061,0.5
2019-07-01,982664.8719543893,-7843.705041506817,0.0,-0.007856650585802894,0.40980276289679113,0.5
2019-07-02,977532.3761522559,-5132.495802133315,0.0,-0.005195899452324112,0.44794717790998634,0.5
2019-07-03,982552.513889985,5020.137737729131,0.0,0.005162030398623458,0.5060418490378917,0.5
2019-07-05,975338.0644798919,-7214.449410093084,0.0,-0.007289038407625455,0.3679000498265451,0.5
2019-07-08,977015.3440404764,1677.279560584509,0.0,0.0017226528854435831,0.49838879964189037,0.5
2019-07-09,981201.3566541888,4186.01261371241,0.0,0.004302925989672978,0.5875252289266932,0.5
2019-07-10,986897.937739267,5696.581085078128,0.0,0.005839623985187296,0.7718330435767322,0.5
2019-07-11,988693.8046472472,1795.8669079801891,0.0,0.0018230262235310614,1.0962244467801765,0.5
2019-07-12,994485.3164736327,5791.511826385548,0.0,0.005892255892255892,1.4113812148108313,0.5
2019-07-15,991743.4214737054,-2741.8949999273027,0.0,-0.0027495188342040143,1.4743023135921418,0.5
2019-07-16,984044.8310103664,-7698.590463338994,0.0,-0.007702888583218707,1.3654675975562898,0.5
2019-07-17,981135.0955201922,-2909.735490174274,0.0,-0.002948195984837849,1.280769360449639,0.5
2019-07-18,980440.2406366793,-694.854883512884,0.0,-0.000707714083510262,1.152450722853404,0.5
2019-07-19,991704.8731886753,11264.63255199589,0.0,0.01162290142057684,0.995856755553174,0.5
2019-07-22,984416.969933129,-7287.903255546283,0.0,-0.007295251204404681,0.5415436181458932,0.5
2019-07-23,983031.6378617343,-1385.3320713947776,0.0,-0.0014052838673412028,0.6438116996693464,0.5
2019-07-24,985944.9407681831,2913.3029064488314,0.0,0.0029723991507431,0.5969013277517143,0.5
2019-07-25,981242.0608599173,-4702.879908265744,0.0,-0.004747277296844456,0.5169686383925901,0.5
2019-07-26,981659.0192427189,416.9583828016646,0.0,0.00042510982003684286,0.43152302447081997,0.5
2019-07-29,983048.2904276082,1389.2711848892143,0.0,0.001417233560090703,0.7631490266482214,0.5
2019-07-30,979163.8207505022,-3884.4696771059876,0.0,-0.003935901040202417,0.7380758366657051,0.5
2019-07-31,970946.087404232,-8217.733346270217,0.0,-0.008322753561856397,0.6879777813492901,0.5
2019-08-01,961393.9557573154,-9552.131646916634,0.0,-0.009742120343839542,1.2765780712744779,0.5
2019-08-02,963238.4246806987,1844.4689233832792,0.0,0.0019222238651486025,1.2436391907510373,0.5
2019-08-05,963238.4246806987,0.0,0.0,0.0,1.1412051729171546,0.5
2019-08-06,961822.3140886953,-1416.1105920033795,0.0,-0.0014679976512037582,1.0264132332081144,0.5
2019-08-07,962389.5935425961,567.2794539007346,0.0,0.0005901445854234288,0.9838066779192959,0.5
2019-08-08,971602.4541582469,9212.860615650774,0.0,0.009665427509293681,0.8933474258722589,0.5
2019-08-09,976516.6284206079,4914.174262361075,0.0,0.005083514887436456,0.9072619610244235,0.5
2019-08-12,969671.2328851845,-6845.395535423431,0.0,-0.006961216081829805,0.8210194169141177,0.5
2019-08-13,975580.4307640553,5909.1978788708275,0.0,0.006131386861313868,0.7736138164858822,0.5
2019-08-14,969427.1138268968,-6153.316937158606,0.0,-0.006267806267806268,0.701763407801132,0.5
2019-08-15,967738.2164160485,-1688.897410848252,0.0,-0.0017391304347826085,0.5814660648756398,0.5
2019-08-16,972954.7540045383,5216.537588489771,0.0,0.005419657243298666,0.4754832739162248,0.5
2019-08-19,965522.2659730825,-7432.488031455828,0.0,-0.00758117579745387,0.1356863439789004,0.5
2019-08-20,965546.0083238852,989.2646167756993,965.5222659730825,2.4615384615384616e-05,-0.1770782518284704,-0.5
2019-08-21,962866.2867115344,-2679.721612350835,0.0,-0.002767662053896577,-0.446735050878691,-0.5
2019-08-22,965383.949866794,2517.6631552596773,0.0,0.0026216137489076608,-0.7205656282186025,-0.5
2019-08-23,972573.5791663277,7189.629299533659,0.0,0.007503310283948801,-1.0083151084454096,-0.5
2019-08-26,966518.4219880019,-6055.157178325788,0.0,-0.006187389510901591,-1.1318248542837404,-0.5
2019-08-27,970763.744485753,4245.322497751106,0.0,0.004411764705882353,-0.9865006129881403,-0.5
2019-08-28,967035.5528525729,-3728.1916331801444,0.0,-0.0038257798705120657,-0.6372870934027819,-0.5
2019-08-29,965051.0178569797,-1984.5349955930842,0.0,-0.002047981275599766,-0.18859933921390223,-0.5
2019-08-30,963663.3167583095,-422.6500808132758,965.0510178569798,-0.0014373267182255945,0.21516294429190497,0.5
2019-09-03,963663.3167583095,0.0,0.0,0.0,0.0,0.0
2019-09-04,963663.3167583095,0.0,0.0,0.0,0.0,0.0
2019-09-05,963663.3167583095,0.0,0.0,0.0,0.0,0.0
2019-09-06,963663.3167583095,0.0,0.0,0.0,0.0,0.0
2019-09-09,963663.3167583095,0.0,0.0,0.0,0.0,0.0
2019-09-10,963663.3167583095,0.0,0.0,0.0,0.0,0.0
2019-09-11,963663.3167583095,0.0,0.0,0.0,0.0,0.0
2019-09-12,963663.3167583095,0.0,0.0,0.0,0.0,0.0
2019-09-13,963663.3167583095,0.0,0.0,0.0,0.0,0.0
2019-09-16,963663.3167583095,0.0,0.0,0.0,0.0,0.0
2019-09-17,963663.3167583095,0.0,0.0,0.0,0.0,0.0
2019-09-18,963663.3167583095,0.0,0.0,0.0,0.0,0.0
2019-09-19,963663.3167583095,0.0,0.0,0.0,0.0,0.0
2019-09-20,963663.3167583095,0.0,0.0,0.0,0.0,0.0
2019-09-23,963663.3167583095,0.0,0.0,0.0,0.0,0.0
2019-09-24,963663.3167583095,0.0,0.0,0.0,0.0,0.0
2019-09-25,963663.3167583095,0.0,0.0,0.0,0.0,0.0
2019-09-26,963663.3167583095,0.0,0.0,0.0,0.0,0.0
2019-09-27,963663.3167583095,0.0,0.0,0.0,0.0,0.0
2019-09-30,963663.3167583095,0.0,0.0,0.0,0.0,0.0
2019-10-01,963663.3167583095,0.0,0.0,0.0,0.0,0.0
2019-10-02,963663.3167583095,0.0,0.0,0.0,0.0,0.0
2019-10-03,963663.3167583095,0.0,0.0,0.0,0.0,0.0
2019-10-04,963663.3167583095,0.0,0.0,0.0,0.0,0.0
2019-10-07,963663.3167583095,0.0,0.0,0.0,0.0,0.0
2019-10-08,963663.3167583095,0.0,0.0,0.0,0.0,0.0
2019-10-09,963663.3167583095,0.0,0.0,0.0,0.0,0.0
2019-10-10,963663.3167583095,0.0,0.0,0.0,0.0,0.0
2019-10-11,963663.3167583095,0.0,0.0,0.0,0.0,0.0
2019-10-14,963663.3167583095,0.0,0.0,0.0,0.0,0.0
2019-10-15,963663.3167583095,0.0,0.0,0.0,0.0,0.0
2019-10-16,963663.3167583095,0.0,0.0,0.0,0.0,0.0
2019-10-17,963663.3167583095,0.0,0.0,0.0,0.0,0.0
2019-10-18,963663.3167583095,0.0,0.0,0.0,0.0,0.0
2019-10-21,963663.3167583095,0.0,0.0,0.0,0.0,0.0
2019-10-22,963663.3167583095,0.0,0.0,0.0,0.0,0.0
2019-10-23,963663.3167583095,0.0,0.0,0.0,0.0,0.0
2019-10-24,963663.3167583095,0.0,0.0,0.0,0.0,0.0
2019-10-25,963663.3167583095,0.0,0.0,0.0,0.0,0.0
2019-10-28,963663.3167583095,0.0,0.0,0.0,0.0,0.0
2019-10-29,963663.3167583095,0.0,0.0,0.0,0.0,0.0
2019-10-30,963663.3167583095,0.0,0.0,0.0,0.0,0.0
2019-10-31,963663.3167583095,0.0,0.0,0.0,0.0,0.0
2019-11-01,963663.3167583095,0.0,0.0,0.0,0.0,0.0
2019-11-04,963663.3167583095,0.0,0.0,0.0,0.0,0.0
2019-11-05,963663.3167583095,0.0,0.0,0.0,0.0,0.0
2019-11-06,963663.3167583095,0.0,0.0,0.0,0.0,0.0
2019-11-07,963663.3167583095,0.0,0.0,0.0,0.0,0.0
2019-11-08,963663.3167583095,0.0,0.0,0.0,0.0,0.0
2019-11-11,963663.3167583095,0.0,0.0,0.0,0.0,0.0
2019-11-12,963663.3167583095,0.0,0.0,0.0,0.0,0.0
2019-11-13,963663.3167583095,0.0,0.0,0.0,0.0,0.0
2019-11-14,963663.3167583095,0.0,0.0,0.0,0.0,0.0
2019-11-15,963663.3167583095,0.0,0.0,0.0,0.0,0.0
2019-11-18,963663.3167583095,0.0,0.0,0.0,0.0,0.0
2019-11-19,963663.3167583095,0.0,0.0,0.0,0.0,0.0
2019-11-20,963663.3167583095,0.0,0.0,0.0,0.0,0.0
2019-11-21,963663.3167583095,0.0,0.0,0.0,0.0,0.0
2019-11-22,963663.3167583095,0.0,0.0,0.0,0.0,0.0
2019-11-25,963663.3167583095,0.0,0.0,0.0,0.0,0.0
2019-11-26,963663.3167583095,0.0,0.0,0.0,0.0,0.0
2019-11-27,963663.3167583095,0.0,0.0,0.0,0.0,0.0
2019-11-29,963663.3167583095,0.0,0.0,0.0,0.0,0.0
2019-12-02,963663.3167583095,0.0,0.0,0.0,0.0,0.0
2019-12-03,963663.3167583095,0.0,0.0,0.0,0.0,0.0
2019-12-04,963663.3167583095,0.0,0.0,0.0,0.0,0.0
2019-12-05,963663.3167583095,0.0,0.0,0.0,0.0,0.0
2019-12-06,963663.3167583095,0.0,0.0,0.0,0.0,0.0
2019-12-09,963663.3167583095,0.0,0.0,0.0,0.0,0.0
2019-12-10,963663.3167583095,0.0,0.0,0.0,0.0,0.0
2019-12-11,963663.3167583095,0.0,0.0,0.0,0.0,0.0
2019-12-12,963663.3167583095,0.0,0.0,0.0,0.0,0.0
2019-12-13,963663.3167583095,0.0,0.0,0.0,0.0,0.0
2019-12-16,963663.3167583095,0.0,0.0,0.0,0.0,0.0
2019-12-17,963663.3167583095,0.0,0.0,0.0,0.0,0.0
2019-12-18,963663.3167583095,0.0,0.0,0.0,0.0,0.0
2019-12-19,963663.3167583095,0.0,0.0,0.0,0.0,0.0
2019-12-20,963663.3167583095,0.0,0.0,0.0,0.0,0.0
2019-12-23,963663.3167583095,0.0,0.0,0.0,0.0,0.0
2019-12-24,963663.3167583095,0.0,0.0,0.0,0.0,0.0
2019-12-26,963663.3167583095,0.0,0.0,0.0,0.0,0.0
2019-12-27,963663.3167583095,0.0,0.0,0.0,0.0,0.0
2019-12-30,963663.3167583095,0.0,0.0,0.0,0.0,0.0
2019-12-31,963663.3167583095,0.0,0.0,0.0,0.0,0.0
2020-01-02,963663.3167583095,0.0,0.0,0.0,0.0,0.0
2020-01-03,963663.3167583095,0.0,0.0,0.0,0.0,0.0
2020-01-06,963663.3167583095,0.0,0.0,0.0,0.0,0.0
2020-01-07,963663.3167583095,0.0,0.0,0.0,0.0,0.0
2020-01-08,963663.3167583095,0.0,0.0,0.0,0.0,0.0
2020-01-09,963663.3167583095,0.0,0.0,0.0,0.0,0.0
2020-01-10,963663.3167583095,0.0,0.0,0.0,0.0,0.0
2020-01-13,963663.3167583095,0.0,0.0,0.0,0.0,0.0
2020-01-14,963663.3167583095,0.0,0.0,0.0,0.0,0.0
2020-01-15,963663.3167583095,0.0,0.0,0.0,0.0,0.0
2020-01-16,963663.3167583095,0.0,0.0,0.0,0.0,0.0
2020-01-17,963663.3167583095,0.0,0.0,0.0,0.0,0.0
2020-01-21,963663.3167583095,0.0,0.0,0.0,0.0,0.0
2020-01-22,963663.3167583095,0.0,0.0,0.0,0.0,0.0
2020-01-23,963663.3167583095,0.0,0.0,0.0,0.0,0.0
2020-01-24,963663.3167583095,0.0,0.0,0.0,0.0,0.0
2020-01-27,963663.3167583095,0.0,0.0,0.0,0.0,0.0
2020-01-28,963663.3167583095,0.0,0.0,0.0,0.0,0.0
2020-01-29,963663.3167583095,0.0,0.0,0.0,0.0,0.0
2020-01-30,963663.3167583095,0.0,0.0,0.0,0.0,0.0
2020-01-31,963663.3167583095,0.0,0.0,0.0,0.0,0.0
2020-02-03,963663.3167583095,0.0,0.0,0.0,0.0,0.0
2020-02-04,963663.3167583095,0.0,0.0,0.0,0.0,0.0
2020-02-05,963663.3167583095,0.0,0.0,0.0,0.0,0.0
2020-02-06,963663.3167583095,0.0,0.0,0.0,0.0,0.0
2020-02-07,963663.3167583095,0.0,0.0,0.0,0.0,0.0
2020-02-10,963663.3167583095,0.0,0.0,0.0,0.0,0.0
2020-02-11,963663.3167583095,0.0,0.0,0.0,0.0,0.0
2020-02-12,963663.3167583095,0.0,0.0,0.0,0.0,0.0
2020-02-13,963663.3167583095,0.0,0.0,0.0,0.0,0.0
2020-02-14,963663.3167583095,0.0,0.0,0.0,0.0,0.0
2020-02-18,963663.3167583095,0.0,0.0,0.0,0.0,0.0
2020-02-19,963663.3167583095,0.0,0.0,0.0,0.0,0.0
2020-02-20,963663.3167583095,0.0,0.0,0.0,0.0,0.0
2020-02-21,963663.3167583095,0.0,0.0,0.0,0.0,0.0
2020-02-24,963663.3167583095,0.0,0.0,0.0,0.0,0.0
2020-02-25,963663.3167583095,0.0,0.0,0.0,0.0,0.0
2020-02-26,963663.3167583095,0.0,0.0,0.0,0.0,0.0
2020-02-27,963663.3167583095,0.0,0.0,0.0,0.0,0.0
2020-02-28,963663.3167583095,0.0,0.0,0.0,0.0,0.0
2020-03-02,963663.3167583095,0.0,0.0,0.0,0.0,0.0
2020-03-03,963663.3167583095,0.0,0.0,0.0,0.0,0.0
2020-03-04,963663.3167583095,0.0,0.0,0.0,0.0,0.0
2020-03-05,963663.3167583095,0.0,0.0,0.0,0.0,0.0
2020-03-06,963663.3167583095,0.0,0.0,0.0,0.0,0.0
2020-03-09,963663.3167583095,0.0,0.0,0.0,0.0,0.0
2020-03-10,963663.3167583095,0.0,0.0,0.0,0.0,0.0
2020-03-11,963663.3167583095,0.0,0.0,0.0,0.0,0.0
2020-03-12,963663.3167583095,0.0,0.0,0.0,0.0,0.0
2020-03-13,963663.3167583095,0.0,0.0,0.0,0.0,0.0
2020-03-16,963663.3167583095,0.0,0.0,0.0,0.0,0.0
2020-03-17,963663.3167583095,0.0,0.0,0.0,0.0,0.0
2020-03-18,963663.3167583095,0.0,0.0,0.0,0.0,0.0
2020-03-19,963663.3167583095,0.0,0.0,0.0,0.0,0.0
2020-03-20,963663.3167583095,0.0,0.0,0.0,0.0,0.0
2020-03-23,963663.3167583095,0.0,0.0,0.0,0.0,0.0
2020-03-24,963663.3167583095,0.0,0.0,0.0,0.0,0.0
2020-03-25,963663.3167583095,0.0,0.0,0.0,0.0,0.0
2020-03-26,963663.3167583095,0.0,0.0,0.0,0.0,0.0
2020-03-27,963663.3167583095,0.0,0.0,0.0,0.0,0.0
2020-03-30,963663.3167583095,0.0,0.0,0.0,0.0,0.0
2020-03-31,963663.3167583095,0.0,0.0,0.0,0.0,0.0
2020-04-01,963663.3167583095,0.0,0.0,0.0,0.0,0.0
2020-04-02,963663.3167583095,0.0,0.0,0.0,0.0,0.0
2020-04-03,963663.3167583095,0.0,0.0,0.0,0.0,0.0
2020-04-06,963663.3167583095,0.0,0.0,0.0,0.0,0.0
2020-04-07,963663.3167583095,0.0,0.0,0.0,0.0,0.0
2020-04-08,963663.3167583095,0.0,0.0,0.0,0.0,0.0
2020-04-09,963663.3167583095,0.0,0.0,0.0,0.0,0.0
2020-04-13,963663.3167583095,0.0,0.0,0.0,0.0,0.0
2020-04-14,963663.3167583095,0.0,0.0,0.0,0.0,0.0
2020-04-15,963663.3167583095,0.0,0.0,0.0,0.0,0.0
2020-04-16,963663.3167583095,0.0,0.0,0.0,0.0,0.0
2020-04-17,963663.3167583095,0.0,0.0,0.0,0.0,0.0
2020-04-20,963663.3167583095,0.0,0.0,0.0,0.0,0.0
2020-04-21,963663.3167583095,0.0,0.0,0.0,0.0,0.0
2020-04-22,963663.3167583095,0.0,0.0,0.0,0.0,0.0
2020-04-23,963663.3167583095,0.0,0.0,0.0,0.0,0.0
2020-04-24,963663.3167583095,0.0,0.0,0.0,0.0,0.0
2020-04-27,963663.3167583095,0.0,0.0,0.0,0.0,0.0
2020-04-28,963663.3167583095,0.0,0.0,0.0,0.0,0.0
2020-04-29,963663.3167583095,0.0,0.0,0.0,0.0,0.0
2020-04-30,963663.3167583095,0.0,0.0,0.0,0.0,0.0
2020-05-01,963663.3167583095,0.0,0.0,0.0,0.0,0.0
2020-05-04,963663.3167583095,0.0,0.0,0.0,0.0,0.0
2020-05-05,963663.3167583095,0.0,0.0,0.0,0.0,0.0
2020-05-06,963663.3167583095,0.0,0.0,0.0,0.0,0.0
2020-05-07,963663.3167583095,0.0,0.0,0.0,0.0,0.0
2020-05-08,963663.3167583095,0.0,0.0,0.0,0.0,0.0
2020-05-11,963663.3167583095,0.0,0.0,0.0,0.0,0.0
2020-05-12,963663.3167583095,0.0,0.0,0.0,0.0,0.0
2020-05-13,963663.3167583095,0.0,0.0,0.0,0.0,0.0
2020-05-14,963663.3167583095,0.0,0.0,0.0,0.0,0.0
2020-05-15,963663.3167583095,0.0,0.0,0.0,0.0,0.0
2020-05-18,963663.3167583095,0.0,0.0,0.0,0.0,0.0
2020-05-19,963663.3167583095,0.0,0.0,0.0,0.0,0.0
2020-05-20,963663.3167583095,0.0,0.0,0.0,0.0,0.0
2020-05-21,963663.3167583095,0.0,0.0,0.0,0.0,0.0
2020-05-22,963663.3167583095,0.0,0.0,0.0,0.0,0.0
2020-05-26,963663.3167583095,0.0,0.0,0.0,0.0,0.0
2020-05-27,963663.3167583095,0.0,0.0,0.0,0.0,0.0
2020-05-28,963663.3167583095,0.0,0.0,0.0,0.0,0.0
2020-05-29,963663.3167583095,0.0,0.0,0.0,0.0,0.0
2020-06-01,963181.4850999303,0.0,481.83165837915476,-0.0005,0.011209531935559246,0.5
2020-06-02,967948.116137733,5729.812522902619,963.1814850999303,0.004978456014362656,-0.11884398870077595,-0.5
2020-06-03,963964.7905569193,-3983.3255808137164,0.0,-0.004098360655737705,-0.150356374419177,-0.5
2020-06-04,958203.4849573808,-5761.305599538438,0.0,-0.005941167946674394,-0.16178454074566806,-0.5
2020-06-05,958203.4849573808,0.0,0.0,0.0,-0.1297284041333504,-0.5
2020-06-08,959859.8436176355,1656.3586602547637,0.0,0.0017316017316017316,-0.15635567591545307,-0.5
2020-06-09,960692.3326407211,832.4890230855468,0.0,0.0008680555555555555,-0.1272434623143489,-0.5
2020-06-10,959440.3443705551,-1251.9882701660138,0.0,-0.0013015184381778744,-0.11809140677287595,-0.5
2020-06-11,959163.2096668086,-277.1347037465497,0.0,-0.0002887669650591972,-0.21036422421217543,-0.5
2020-06-12,956255.8154111789,-2907.3942556297607,0.0,-0.0030220175564829475,-0.27371451906270894,-0.5
2020-06-15,957490.5790178791,1234.7636067002309,0.0,0.00129291768424077,-0.15220316339726978,-0.5
2020-06-16,958592.4093734808,1101.830355601702,0.0,0.001152073732718894,-0.12308311645149465,-0.5
2020-06-17,956242.918174036,-2349.4911994448057,0.0,-0.0024449877750611243,-0.11682326420620083,-0.5
2020-06-18,954326.3165145107,-960.3587413512555,956.2429181740359,-0.002002293249247527,0.02540994335399954,0.5
2020-06-19,956239.3417767105,1913.0252621997636,0.0,0.0020086083213773313,0.016634844912231297,0.5
2020-06-22,956102.9699367537,-136.37183995674707,0.0,-0.00014259232853272493,0.4851427381383955,0.5
2020-06-23,955421.0134674694,-681.9564692844178,0.0,-0.0007127583749109052,0.5660699104905852,0.5
2020-06-24,953100.7052919056,-2320.308175563854,0.0,-0.0024226877583012683,0.4522245254233999,0.5
2020-06-25,952279.7744518608,-820.9308400447077,0.0,-0.0008605851979345956,0.09189885325495964,0.5
2020-06-26,948999.5170867156,-2327.9775906933614,952.2797744518608,-0.0034362358341701333,-0.11338950875008047,-0.5
2020-06-29,948176.6851354843,-822.8319512312563,0.0,-0.0008663008951775917,-1.0446888757251491,-0.5
2020-06-30,937991.035245799,-9711.561547117626,474.0883425677422,-0.010633442810224188,-0.9145477187507929,-0.5
2020-07-01,937522.0397281761,0.0,468.9955176228995,-0.0005,-1.2220399622266047,-0.5
2020-07-02,938177.6495461678,655.6098179917316,0.0,0.0006997900629811057,-0.7776344839249487,-0.5
2020-07-06,935024.1112283656,-3153.538317802245,0.0,-0.0033500837520938024,-0.44346431824359034,-0.5
2020-07-07,936715.1676343156,1691.0564059500211,0.0,0.0018118466898954702,-0.3658138620441703,-0.5
2020-07-08,936976.746848958,261.57921464236676,0.0,0.00027932960893854746,-0.233965757602964,-0.5
2020-07-09,934207.180767674,-1832.5893344349556,936.976746848958,-0.002950083658672616,0.015983942982707822,0.5
2020-07-10,930697.078641216,-3510.1021264580013,0.0,-0.0037432413697490643,0.2828660138901788,0.5
2020-07-13,922867.3219504599,-7829.756690756164,0.0,-0.008342602892102336,0.27926472996577995,0.5
2020-07-14,925894.4109985004,3027.089048040584,0.0,0.0032908856774932034,0.07524261623584907,0.5
2020-07-15,927067.4554619672,2098.938874465289,925.8944109985005,0.0012698097131496736,-0.06584568828068747,-0.5
2020-07-16,923275.5011307405,-3791.954331226664,0.0,-0.004073605843517348,-0.08415196391682579,-0.5
2020-07-17,920950.5208536906,-2324.98027704999,0.0,-0.0025118615685180016,-0.05720533007615756,-0.5
2020-07-20,917465.6769006161,-2563.893432220742,920.9505208536906,-0.003773459189339256,0.78395885019169,0.5
2020-07-21,914163.6132794345,-3302.0636211816195,0.0,-0.003586206896551724,0.9340105124158038,0.5
2020-07-22,915565.7047108447,1402.0914314101756,0.0,0.0015360983102918587,0.8745150896961138,0.5
2020-07-23,919129.2075926772,3563.5028818325895,0.0,0.003907340217694669,0.7338986833559248,0.5
2020-07-24,918368.5489381178,-760.658654559457,0.0,-0.0008269018743109151,0.44355967270915836,0.5
2020-07-27,918338.3511328335,888.1707436538857,918.3685489381178,-3.291384317521782e-05,-3.0,-0.5
2020-07-28,923277.0157348992,4938.664602065707,0.0,0.005406904200748648,-3.0,-0.5
2020-07-29,925979.6666033732,2702.650868474057,0.0,0.00293583111980987,-3.0,-0.5
2020-07-30,925849.8321016061,-129.83450176715834,0.0,-0.00014019346698443852,-2.78314041987226,-0.5
2020-07-31,922864.8943193889,-2984.9377822171205,0.0,-0.0032136369987424895,-2.525793417276301,-0.5
2020-08-03,922864.8943193889,0.0,0.0,0.0,-2.6125749140713648,-0.5
2020-08-04,929934.1936491336,7069.299329744622,0.0,0.007719298245614035,-2.5935935125793015,-0.5
2020-08-05,930854.9205735386,920.7269244050827,0.0,0.0009910802775024777,-2.5497446453306,-0.5
2020-08-06,931514.5399900448,659.6194165061924,0.0,0.0007091192738618636,-2.212184709878411,-0.5
2020-08-07,937067.1387240189,5552.598733974153,0.0,0.005996573386636208,-1.8135263123124106,-0.5
2020-08-10,932765.1364419309,-3364.935143364044,937.067138724019,-0.004574495491627308,1.0829921075805249,0.5
2020-08-11,933563.2811679223,798.1447259913841,0.0,0.0008564087924636027,1.319049657264801,0.5
2020-08-12,940208.8056637077,6645.524495785324,0.0,0.007169486664754803,1.5624418361779588,0.5
2020-08-13,949051.3084682372,8842.502804529537,0.0,0.009494119314156158,1.475227158538675,0.5
2020-08-14,947089.9183294905,-1961.3901387467015,0.0,-0.002062422659150282,1.3647712933568357,0.5
2020-08-17,951807.0236227751,4717.105293284678,0.0,0.005005561735261401,0.969755854666123,0.5
2020-08-18,951546.2545752072,-260.76904756788355,0.0,-0.0002738975623116954,0.9273864306532433,0.5
2020-08-19,951807.0951055185,260.84053031118617,0.0,0.00027419797093501506,0.7810247855737299,0.5
2020-08-20,946852.4828296268,-4954.61227589174,0.0,-0.005178522758244753,0.5954226687831907,0.5
2020-08-21,945672.8493377294,-1179.6334918973755,0.0,-0.0012442969722107008,0.4278648582829331,0.5
2020-08-24,944202.2401301692,-524.9363582224421,945.6728493377294,-0.001554230235783634,-3.0,-0.5
2020-08-25,936856.404419237,-7345.8357109321305,0.0,-0.007719878687620623,-3.0,-0.5
2020-08-26,933908.7030099836,-2947.701409253413,0.0,-0.003136506204827492,-3.0,-0.5
2020-08-27,924894.6304279134,-9014.072582070261,0.0,-0.00955971455500202,-3.0,-0.5
2020-08-28,917894.5176802268,-6537.6654324725805,462.4473152139567,-0.00751542842007681,-3.0,-0.5
2020-08-31,917435.5704213867,0.0,458.9472588401134,-0.0005,-3.0,-0.5
2020-09-01,917435.5704213867,0.0,0.0,0.0,0.0,0.0
2020-09-02,917435.5704213867,0.0,0.0,0.0,0.0,0.0
2020-09-03,917435.5704213867,0.0,0.0,0.0,0.0,0.0
2020-09-04,917435.5704213867,0.0,0.0,0.0,0.0,0.0
2020-09-08,917435.5704213867,0.0,0.0,0.0,0.0,0.0
2020-09-09,917435.5704213867,0.0,0.0,0.0,0.0,0.0
2020-09-10,917435.5704213867,0.0,0.0,0.0,0.0,0.0
2020-09-11,917435.5704213867,0.0,0.0,0.0,0.0,0.0
2020-09-14,917435.5704213867,0.0,0.0,0.0,0.0,0.0
2020-09-15,917435.5704213867,0.0,0.0,0.0,0.0,0.0
2020-09-16,917435.5704213867,0.0,0.0,0.0,0.0,0.0
2020-09-17,917435.5704213867,0.0,0.0,0.0,0.0,0.0
2020-09-18,917435.5704213867,0.0,0.0,0.0,0.0,0.0
2020-09-21,917435.5704213867,0.0,0.0,0.0,0.0,0.0
2020-09-22,917435.5704213867,0.0,0.0,0.0,0.0,0.0
2020-09-23,917435.5704213867,0.0,0.0,0.0,0.0,0.0
2020-09-24,917435.5704213867,0.0,0.0,0.0,0.0,0.0
2020-09-25,917435.5704213867,0.0,0.0,0.0,0.0,0.0
2020-09-28,917435.5704213867,0.0,0.0,0.0,0.0,0.0
2020-09-29,917435.5704213867,0.0,0.0,0.0,0.0,0.0
2020-09-30,917435.5704213867,0.0,0.0,0.0,0.0,0.0
2020-10-01,917435.5704213867,0.0,0.0,0.0,0.0,0.0
2020-10-02,917435.5704213867,0.0,0.0,0.0,0.0,0.0
2020-10-05,917435.5704213867,0.0,0.0,0.0,0.0,0.0
2020-10-06,917435.5704213867,0.0,0.0,0.0,0.0,0.0
2020-10-07,917435.5704213867,0.0,0.0,0.0,0.0,0.0
2020-10-08,917435.5704213867,0.0,0.0,0.0,0.0,0.0
2020-10-09,917435.5704213867,0.0,0.0,0.0,0.0,0.0
2020-10-12,917435.5704213867,0.0,0.0,0.0,0.0,0.0
2020-10-13,917435.5704213867,0.0,0.0,0.0,0.0,0.0
2020-10-14,917435.5704213867,0.0,0.0,0.0,0.0,0.0
2020-10-15,917435.5704213867,0.0,0.0,0.0,0.0,0.0
2020-10-16,917435.5704213867,0.0,0.0,0.0,0.0,0.0
2020-10-19,917435.5704213867,0.0,0.0,0.0,0.0,0.0
2020-10-20,917435.5704213867,0.0,0.0,0.0,0.0,0.0
2020-10-21,917435.5704213867,0.0,0.0,0.0,0.0,0.0
2020-10-22,917435.5704213867,0.0,0.0,0.0,0.0,0.0
2020-10-23,917435.5704213867,0.0,0.0,0.0,0.0,0.0
2020-10-26,917435.5704213867,0.0,0.0,0.0,0.0,0.0
2020-10-27,917435.5704213867,0.0,0.0,0.0,0.0,0.0
2020-10-28,917435.5704213867,0.0,0.0,0.0,0.0,0.0
2020-10-29,917435.5704213867,0.0,0.0,0.0,0.0,0.0
2020-10-30,917435.5704213867,0.0,0.0,0.0,0.0,0.0
2020-11-02,917435.5704213867,0.0,0.0,0.0,0.0,0.0
2020-11-03,917435.5704213867,0.0,0.0,0.0,0.0,0.0
2020-11-04,917435.5704213867,0.0,0.0,0.0,0.0,0.0
2020-11-05,917435.5704213867,0.0,0.0,0.0,0.0,0.0
2020-11-06,917435.5704213867,0.0,0.0,0.0,0.0,0.0
2020-11-09,917435.5704213867,0.0,0.0,0.0,0.0,0.0
2020-11-10,917435.5704213867,0.0,0.0,0.0,0.0,0.0
2020-11-11,917435.5704213867,0.0,0.0,0.0,0.0,0.0
2020-11-12,917435.5704213867,0.0,0.0,0.0,0.0,0.0
2020-11-13,917435.5704213867,0.0,0.0,0.0,0.0,0.0
2020-11-16,917435.5704213867,0.0,0.0,0.0,0.0,0.0
2020-11-17,917435.5704213867,0.0,0.0,0.0,0.0,0.0
2020-11-18,917435.5704213867,0.0,0.0,0.0,0.0,0.0
2020-11-19,917435.5704213867,0.0,0.0,0.0,0.0,0.0
2020-11-20,917435.5704213867,0.0,0.0,0.0,0.0,0.0
2020-11-23,917435.5704213867,0.0,0.0,0.0,0.0,0.0
2020-11-24,917435.5704213867,0.0,0.0,0.0,0.0,0.0
2020-11-25,917435.5704213867,0.0,0.0,0.0,0.0,0.0
2020-11-27,917435.5704213867,0.0,0.0,0.0,0.0,0.0
2020-11-30,917435.5704213867,0.0,0.0,0.0,0.0,0.0
2020-12-01,917435.5704213867,0.0,0.0,0.0,0.0,0.0
2020-12-02,917435.5704213867,0.0,0.0,0.0,0.0,0.0
2020-12-03,917435.5704213867,0.0,0.0,0.0,0.0,0.0
2020-12-04,917435.5704213867,0.0,0.0,0.0,0.0,0.0
2020-12-07,917435.5704213867,0.0,0.0,0.0,0.0,0.0
2020-12-08,917435.5704213867,0.0,0.0,0.0,0.0,0.0
2020-12-09,917435.5704213867,0.0,0.0,0.0,0.0,0.0
2020-12-10,917435.5704213867,0.0,0.0,0.0,0.0,0.0
2020-12-11,917435.5704213867,0.0,0.0,0.0,0.0,0.0
2020-12-14,917435.5704213867,0.0,0.0,0.0,0.0,0.0
2020-12-15,917435.5704213867,0.0,0.0,0.0,0.0,0.0
2020-12-16,917435.5704213867,0.0,0.0,0.0,0.0,0.0
2020-12-17,917435.5704213867,0.0,0.0,0.0,0.0,0.0
2020-12-18,917435.5704213867,0.0,0.0,0.0,0.0,0.0
2020-12-21,917435.5704213867,0.0,0.0,0.0,0.0,0.0
2020-12-22,917435.5704213867,0.0,0.0,0.0,0.0,0.0
2020-12-23,917435.5704213867,0.0,0.0,0.0,0.0,0.0
2020-12-24,917435.5704213867,0.0,0.0,0.0,0.0,0.0
2020-12-28,917435.5704213867,0.0,0.0,0.0,0.0,0.0
2020-12-29,917435.5704213867,0.0,0.0,0.0,0.0,0.0
2020-12-30,917435.5704213867,0.0,0.0,0.0,0.0,0.0
2020-12-31,917435.5704213867,0.0,0.0,0.0,0.0,0.0
2021-01-04,917435.5704213867,0.0,0.0,0.0,0.0,0.0
2021-01-05,917435.5704213867,0.0,0.0,0.0,0.0,0.0
2021-01-06,917435.5704213867,0.0,0.0,0.0,0.0,0.0
2021-01-07,917435.5704213867,0.0,0.0,0.0,0.0,0.0
2021-01-08,917435.5704213867,0.0,0.0,0.0,0.0,0.0
2021-01-11,917435.5704213867,0.0,0.0,0.0,0.0,0.0
2021-01-12,917435.5704213867,0.0,0.0,0.0,0.0,0.0
2021-01-13,917435.5704213867,0.0,0.0,0.0,0.0,0.0
2021-01-14,917435.5704213867,0.0,0.0,0.0,0.0,0.0
2021-01-15,917435.5704213867,0.0,0.0,0.0,0.0,0.0
2021-01-19,917435.5704213867,0.0,0.0,0.0,0.0,0.0
2021-01-20,917435.5704213867,0.0,0.0,0.0,0.0,0.0
2021-01-21,917435.5704213867,0.0,0.0,0.0,0.0,0.0
2021-01-22,917435.5704213867,0.0,0.0,0.0,0.0,0.0
2021-01-25,917435.5704213867,0.0,0.0,0.0,0.0,0.0
2021-01-26,917435.5704213867,0.0,0.0,0.0,0.0,0.0
2021-01-27,917435.5704213867,0.0,0.0,0.0,0.0,0.0
2021-01-28,917435.5704213867,0.0,0.0,0.0,0.0,0.0
2021-01-29,917435.5704213867,0.0,0.0,0.0,0.0,0.0
2021-02-01,917435.5704213867,0.0,0.0,0.0,0.0,0.0
2021-02-02,917435.5704213867,0.0,0.0,0.0,0.0,0.0
2021-02-03,917435.5704213867,0.0,0.0,0.0,0.0,0.0
2021-02-04,917435.5704213867,0.0,0.0,0.0,0.0,0.0
2021-02-05,917435.5704213867,0.0,0.0,0.0,0.0,0.0
2021-02-08,917435.5704213867,0.0,0.0,0.0,0.0,0.0
2021-02-09,917435.5704213867,0.0,0.0,0.0,0.0,0.0
2021-02-10,917435.5704213867,0.0,0.0,0.0,0.0,0.0
2021-02-11,917435.5704213867,0.0,0.0,0.0,0.0,0.0
2021-02-12,917435.5704213867,0.0,0.0,0.0,0.0,0.0
2021-02-16,917435.5704213867,0.0,0.0,0.0,0.0,0.0
2021-02-17,917435.5704213867,0.0,0.0,0.0,0.0,0.0
2021-02-18,917435.5704213867,0.0,0.0,0.0,0.0,0.0
2021-02-19,917435.5704213867,0.0,0.0,0.0,0.0,0.0
2021-02-22,917435.5704213867,0.0,0.0,0.0,0.0,0.0
2021-02-23,917435.5704213867,0.0,0.0,0.0,0.0,0.0
2021-02-24,917435.5704213867,0.0,0.0,0.0,0.0,0.0
2021-02-25,917435.5704213867,0.0,0.0,0.0,0.0,0.0
2021-02-26,917435.5704213867,0.0,0.0,0.0,0.0,0.0
2021-03-01,917435.5704213867,0.0,0.0,0.0,0.0,0.0
2021-03-02,917435.5704213867,0.0,0.0,0.0,0.0,0.0
2021-03-03,917435.5704213867,0.0,0.0,0.0,0.0,0.0
2021-03-04,917435.5704213867,0.0,0.0,0.0,0.0,0.0
2021-03-05,917435.5704213867,0.0,0.0,0.0,0.0,0.0
2021-03-08,917435.5704213867,0.0,0.0,0.0,0.0,0.0
2021-03-09,917435.5704213867,0.0,0.0,0.0,0.0,0.0
2021-03-10,917435.5704213867,0.0,0.0,0.0,0.0,0.0
2021-03-11,917435.5704213867,0.0,0.0,0.0,0.0,0.0
2021-03-12,917435.5704213867,0.0,0.0,0.0,0.0,0.0
2021-03-15,917435.5704213867,0.0,0.0,0.0,0.0,0.0
2021-03-16,917435.5704213867,0.0,0.0,0.0,0.0,0.0
2021-03-17,917435.5704213867,0.0,0.0,0.0,0.0,0.0
2021-03-18,917435.5704213867,0.0,0.0,0.0,0.0,0.0
2021-03-19,917435.5704213867,0.0,0.0,0.0,0.0,0.0
2021-03-22,917435.5704213867,0.0,0.0,0.0,0.0,0.0
2021-03-23,917435.5704213867,0.0,0.0,0.0,0.0,0.0
2021-03-24,917435.5704213867,0.0,0.0,0.0,0.0,0.0
2021-03-25,917435.5704213867,0.0,0.0,0.0,0.0,0.0
2021-03-26,917435.5704213867,0.0,0.0,0.0,0.0,0.0
2021-03-29,917435.5704213867,0.0,0.0,0.0,0.0,0.0
2021-03-30,917435.5704213867,0.0,0.0,0.0,0.0,0.0
2021-03-31,917435.5704213867,0.0,0.0,0.0,0.0,0.0
2021-04-01,917435.5704213867,0.0,0.0,0.0,0.0,0.0
2021-04-05,917435.5704213867,0.0,0.0,0.0,0.0,0.0
2021-04-06,917435.5704213867,0.0,0.0,0.0,0.0,0.0
2021-04-07,917435.5704213867,0.0,0.0,0.0,0.0,0.0
2021-04-08,917435.5704213867,0.0,0.0,0.0,0.0,0.0
2021-04-09,917435.5704213867,0.0,0.0,0.0,0.0,0.0
2021-04-12,917435.5704213867,0.0,0.0,0.0,0.0,0.0
2021-04-13,917435.5704213867,0.0,0.0,0.0,0.0,0.0
2021-04-14,917435.5704213867,0.0,0.0,0.0,0.0,0.0
2021-04-15,917435.5704213867,0.0,0.0,0.0,0.0,0.0
2021-04-16,917435.5704213867,0.0,0.0,0.0,0.0,0.0
2021-04-19,917435.5704213867,0.0,0.0,0.0,0.0,0.0
2021-04-20,917435.5704213867,0.0,0.0,0.0,0.0,0.0
2021-04-21,917435.5704213867,0.0,0.0,0.0,0.0,0.0
2021-04-22,917435.5704213867,0.0,0.0,0.0,0.0,0.0
2021-04-23,917435.5704213867,0.0,0.0,0.0,0.0,0.0
2021-04-26,917435.5704213867,0.0,0.0,0.0,0.0,0.0
2021-04-27,917435.5704213867,0.0,0.0,0.0,0.0,0.0
2021-04-28,917435.5704213867,0.0,0.0,0.0,0.0,0.0
2021-04-29,917435.5704213867,0.0,0.0,0.0,0.0,0.0
2021-04-30,917435.5704213867,0.0,0.0,0.0,0.0,0.0
2021-05-03,917435.5704213867,0.0,0.0,0.0,0.0,0.0
2021-05-04,917435.5704213867,0.0,0.0,0.0,0.0,0.0
2021-05-05,917435.5704213867,0.0,0.0,0.0,0.0,0.0
2021-05-06,917435.5704213867,0.0,0.0,0.0,0.0,0.0
2021-05-07,917435.5704213867,0.0,0.0,0.0,0.0,0.0
2021-05-10,917435.5704213867,0.0,0.0,0.0,0.0,0.0
2021-05-11,917435.5704213867,0.0,0.0,0.0,0.0,0.0
2021-05-12,917435.5704213867,0.0,0.0,0.0,0.0,0.0
2021-05-13,917435.5704213867,0.0,0.0,0.0,0.0,0.0
2021-05-14,917435.5704213867,0.0,0.0,0.0,0.0,0.0
2021-05-17,917435.5704213867,0.0,0.0,0.0,0.0,0.0
2021-05-18,917435.5704213867,0.0,0.0,0.0,0.0,0.0
2021-05-19,917435.5704213867,0.0,0.0,0.0,0.0,0.0
2021-05-20,917435.5704213867,0.0,0.0,0.0,0.0,0.0
2021-05-21,917435.5704213867,0.0,0.0,0.0,0.0,0.0
2021-05-24,917435.5704213867,0.0,0.0,0.0,0.0,0.0
2021-05-25,917435.5704213867,0.0,0.0,0.0,0.0,0.0
2021-05-26,917435.5704213867,0.0,0.0,0.0,0.0,0.0
2021-05-27,917435.5704213867,0.0,0.0,0.0,0.0,0.0
2021-05-28,917435.5704213867,0.0,0.0,0.0,0.0,0.0
2021-06-01,916976.852636176,0.0,458.71778521069336,-0.0005,0.1076477345293635,0.5
2021-06-02,921122.0499035013,4145.197267325303,0.0,0.0045410314628608495,0.13798260696818723,0.5
2021-06-03,917216.4924119104,-3905.5574915908455,0.0,-0.004222098303194455,0.2269984350638963,0.5
2021-06-04,927429.1659598242,10212.6735479138,0.0,0.011259791122715405,0.3752407071668069,0.5
2021-06-07,920548.4760150552,-6880.689944769019,0.0,-0.007364462550924475,0.6286532795263994,0.5
2021-06-08,926374.7321923657,5826.256177310476,0.0,0.006369426751592357,0.533517853300498,0.5
2021-06-09,921244.4923780093,-5130.239814356456,0.0,-0.005507474429583006,0.41832139924818734,0.5
2021-06-10,915790.7249831314,-5453.767394877815,0.0,-0.005885159853666295,0.31738928325917387,0.5
2021-06-11,905262.6904180727,-10528.034565058666,0.0,-0.011365455418600926,0.15820013473280722,0.5
2021-06-14,893480.4729621077,-10876.954765546947,905.2626904180728,-0.01286072218128224,-0.048685808912511015,-0.5
2021-06-15,895452.8360370793,1972.3630749715403,0.0,0.0022123893805309734,-0.05480638348793051,-0.5
2021-06-16,900722.0024780275,5269.16644094819,0.0,0.005919190186154242,-0.11890089729381685,-0.5
2021-06-17,937192.8488617612,36921.20738497265,450.3610012390138,0.042221362368397373,0.0,0.0
2021-06-18,937192.8488617612,0.0,0.0,0.0,0.0,0.0
2021-06-21,937192.8488617612,0.0,0.0,0.0,0.0,0.0
2021-06-22,937192.8488617612,0.0,0.0,0.0,0.0,0.0
2021-06-23,937192.8488617612,0.0,0.0,0.0,0.0,0.0
2021-06-24,937192.8488617612,0.0,0.0,0.0,0.0,0.0
2021-06-25,937192.8488617612,0.0,0.0,0.0,0.0,0.0
2021-06-28,937192.8488617612,0.0,0.0,0.0,0.0,0.0
2021-06-29,937192.8488617612,0.0,0.0,0.0,0.0,0.0
2021-06-30,937192.8488617612,0.0,0.0,0.0,0.0,0.0
2021-07-01,937192.8488617612,0.0,0.0,0.0,0.0,0.0
2021-07-02,937192.8488617612,0.0,0.0,0.0,0.0,0.0
2021-07-06,937192.8488617612,0.0,0.0,0.0,0.0,0.0
2021-07-07,937192.8488617612,0.0,0.0,0.0,0.0,0.0
2021-07-08,937192.8488617612,0.0,0.0,0.0,0.0,0.0
2021-07-09,937192.8488617612,0.0,0.0,0.0,0.0,0.0
2021-07-12,937192.8488617612,0.0,0.0,0.0,0.0,0.0
2021-07-13,937192.8488617612,0.0,0.0,0.0,0.0,0.0
2021-07-14,937192.8488617612,0.0,0.0,0.0,0.0,0.0
2021-07-15,937192.8488617612,0.0,0.0,0.0,0.0,0.0
2021-07-16,937192.8488617612,0.0,0.0,0.0,0.0,0.0
2021-07-19,937192.8488617612,0.0,0.0,0.0,0.0,0.0
2021-07-20,937192.8488617612,0.0,0.0,0.0,0.0,0.0
2021-07-21,937192.8488617612,0.0,0.0,0.0,0.0,0.0
2021-07-22,937192.8488617612,0.0,0.0,0.0,0.0,0.0
2021-07-23,937192.8488617612,0.0,0.0,0.0,0.0,0.0
2021-07-26,937192.8488617612,0.0,0.0,0.0,0.0,0.0
2021-07-27,937192.8488617612,0.0,0.0,0.0,0.0,0.0
2021-07-28,937192.8488617612,0.0,0.0,0.0,0.0,0.0
2021-07-29,937192.8488617612,0.0,0.0,0.0,0.0,0.0
2021-07-30,937192.8488617612,0.0,0.0,0.0,0.0,0.0
2021-08-02,937192.8488617612,0.0,0.0,0.0,0.0,0.0
2021-08-03,936724.2524373303,0.0,468.5964244308806,-0.0005,1.25356144103836,0.5
2021-08-04,940508.8269892858,3784.5745519554553,0.0,0.004056612278013161,1.152748937242553,0.5
2021-08-05,940173.768625556,-335.05836372970634,0.0,-0.0003561253561253561,1.048809435842738,0.5
2021-08-06,946793.5304545595,6619.76182900347,0.0,0.007090925410645365,1.0426271091169894,0.5
2021-08-09,950621.3123495243,3827.7818949648213,0.0,0.004059301094246382,1.0635498356274646,0.5
2021-08-10,955179.6534287941,4558.341079269733,0.0,0.004818221638195357,1.0410501617189845,0.5
2021-08-11,941322.1247780137,-13857.528650780432,0.0,-0.014300306435137895,0.9847720450742933,0.5
2021-08-12,939982.6411426128,-1339.4836354009444,0.0,-0.0014209591474245117,0.9293913130546858,0.5
2021-08-13,947611.82597529,7629.184832677289,0.0,0.008182717381530437,0.8732970947175168,0.5
2021-08-16,931560.4759302461,-16051.35004504397,0.0,-0.016656597911452492,0.7648179561654906,0.5
2021-08-17,929190.9543708304,-2369.521559415597,0.0,-0.002537151141718014,0.7292410934410878,0.5
2021-08-18,925542.7429904483,-3648.2113803821867,0.0,-0.003910868576625739,0.6938918669616081,0.5
2021-08-19,913532.6632222122,-12010.079768236075,0.0,-0.012810029980921232,0.6686320193954786,0.5
2021-08-20,902977.3215318521,-10098.575358748945,456.7663316111061,-0.011428090832632467,0.6487759819706381,0.5
2021-08-23,902525.8328710862,0.0,451.48866076592606,-0.0005,0.3967812132457239,0.5
2021-08-24,917521.4321034884,14995.59923240213,0.0,0.0168958742632613,0.4434192779798415,0.5
2021-08-25,920609.5745451231,3088.1424416347777,0.0,0.003377110694183865,0.28826796291385853,0.5
2021-08-26,927501.8350820409,7352.565324190247,460.3047872725616,0.007546901329339074,0.0,0.0
2021-08-27,927038.0841644999,0.0,463.75091754102044,-0.0005,-0.06301565521305175,-0.5
2021-08-30,945159.6582204369,18585.093098019217,463.51904208224994,0.01994772897897898,0.0,0.0
2021-08-31,945159.6582204369,0.0,0.0,0.0,0.0,0.0
2021-09-01,945159.6582204369,0.0,0.0,0.0,0.0,0.0
2021-09-02,945159.6582204369,0.0,0.0,0.0,0.0,0.0
2021-09-03,945159.6582204369,0.0,0.0,0.0,0.0,0.0
2021-09-07,945159.6582204369,0.0,0.0,0.0,0.0,0.0
2021-09-08,945159.6582204369,0.0,0.0,0.0,0.0,0.0
2021-09-09,945159.6582204369,0.0,0.0,0.0,0.0,0.0
2021-09-10,945159.6582204369,0.0,0.0,0.0,0.0,0.0
2021-09-13,945159.6582204369,0.0,0.0,0.0,0.0,0.0
2021-09-14,945159.6582204369,0.0,0.0,0.0,0.0,0.0
2021-09-15,945159.6582204369,0.0,0.0,0.0,0.0,0.0
2021-09-16,945159.6582204369,0.0,0.0,0.0,0.0,0.0
2021-09-17,945159.6582204369,0.0,0.0,0.0,0.0,0.0
2021-09-20,945159.6582204369,0.0,0.0,0.0,0.0,0.0
2021-09-21,945159.6582204369,0.0,0.0,0.0,0.0,0.0
2021-09-22,945159.6582204369,0.0,0.0,0.0,0.0,0.0
2021-09-23,945159.6582204369,0.0,0.0,0.0,0.0,0.0
2021-09-24,945159.6582204369,0.0,0.0,0.0,0.0,0.0
2021-09-27,945159.6582204369,0.0,0.0,0.0,0.0,0.0
2021-09-28,945159.6582204369,0.0,0.0,0.0,0.0,0.0
2021-09-29,945159.6582204369,0.0,0.0,0.0,0.0,0.0
2021-09-30,945159.6582204369,0.0,0.0,0.0,0.0,0.0
2021-10-01,945159.6582204369,0.0,0.0,0.0,0.0,0.0
2021-10-04,945159.6582204369,0.0,0.0,0.0,0.0,0.0
2021-10-05,945159.6582204369,0.0,0.0,0.0,0.0,0.0
2021-10-06,945159.6582204369,0.0,0.0,0.0,0.0,0.0
2021-10-07,945159.6582204369,0.0,0.0,0.0,0.0,0.0
2021-10-08,945159.6582204369,0.0,0.0,0.0,0.0,0.0
2021-10-11,945159.6582204369,0.0,0.0,0.0,0.0,0.0
2021-10-12,945159.6582204369,0.0,0.0,0.0,0.0,0.0
2021-10-13,945159.6582204369,0.0,0.0,0.0,0.0,0.0
2021-10-14,945159.6582204369,0.0,0.0,0.0,0.0,0.0
2021-10-15,945159.6582204369,0.0,0.0,0.0,0.0,0.0
2021-10-18,945159.6582204369,0.0,0.0,0.0,0.0,0.0
2021-10-19,945159.6582204369,0.0,0.0,0.0,0.0,0.0
2021-10-20,945159.6582204369,0.0,0.0,0.0,0.0,0.0
2021-10-21,945159.6582204369,0.0,0.0,0.0,0.0,0.0
2021-10-22,945159.6582204369,0.0,0.0,0.0,0.0,0.0
2021-10-25,945159.6582204369,0.0,0.0,0.0,0.0,0.0
2021-10-26,945159.6582204369,0.0,0.0,0.0,0.0,0.0
2021-10-27,945159.6582204369,0.0,0.0,0.0,0.0,0.0
2021-10-28,945159.6582204369,0.0,0.0,0.0,0.0,0.0
2021-10-29,945159.6582204369,0.0,0.0,0.0,0.0,0.0
2021-11-01,945159.6582204369,0.0,0.0,0.0,0.0,0.0
2021-11-02,945159.6582204369,0.0,0.0,0.0,0.0,0.0
2021-11-03,945159.6582204369,0.0,0.0,0.0,0.0,0.0
2021-11-04,945159.6582204369,0.0,0.0,0.0,0.0,0.0
2021-11-05,945159.6582204369,0.0,0.0,0.0,0.0,0.0
2021-11-08,945159.6582204369,0.0,0.0,0.0,0.0,0.0
2021-11-09,945159.6582204369,0.0,0.0,0.0,0.0,0.0
2021-11-10,945159.6582204369,0.0,0.0,0.0,0.0,0.0
2021-11-11,945159.6582204369,0.0,0.0,0.0,0.0,0.0
2021-11-12,945159.6582204369,0.0,0.0,0.0,0.0,0.0
2021-11-15,945159.6582204369,0.0,0.0,0.0,0.0,0.0
2021-11-16,945159.6582204369,0.0,0.0,0.0,0.0,0.0
2021-11-17,945159.6582204369,0.0,0.0,0.0,0.0,0.0
2021-11-18,945159.6582204369,0.0,0.0,0.0,0.0,0.0
2021-11-19,945159.6582204369,0.0,0.0,0.0,0.0,0.0
2021-11-22,945159.6582204369,0.0,0.0,0.0,0.0,0.0
2021-11-23,945159.6582204369,0.0,0.0,0.0,0.0,0.0
2021-11-24,945159.6582204369,0.0,0.0,0.0,0.0,0.0
2021-11-26,945159.6582204369,0.0,0.0,0.0,0.0,0.0
2021-11-29,945159.6582204369,0.0,0.0,0.0,0.0,0.0
2021-11-30,945159.6582204369,0.0,0.0,0.0,0.0,0.0
2021-12-01,945159.6582204369,0.0,0.0,0.0,0.0,0.0
2021-12-02,945159.6582204369,0.0,0.0,0.0,0.0,0.0
2021-12-03,945159.6582204369,0.0,0.0,0.0,0.0,0.0
2021-12-06,945159.6582204369,0.0,0.0,0.0,0.0,0.0
2021-12-07,945159.6582204369,0.0,0.0,0.0,0.0,0.0
2021-12-08,945159.6582204369,0.0,0.0,0.0,0.0,0.0
2021-12-09,945159.6582204369,0.0,0.0,0.0,0.0,0.0
2021-12-10,945159.6582204369,0.0,0.0,0.0,0.0,0.0
2021-12-13,945159.6582204369,0.0,0.0,0.0,0.0,0.0
2021-12-14,945159.6582204369,0.0,0.0,0.0,0.0,0.0
2021-12-15,945159.6582204369,0.0,0.0,0.0,0.0,0.0
2021-12-16,945159.6582204369,0.0,0.0,0.0,0.0,0.0
2021-12-17,945159.6582204369,0.0,0.0,0.0,0.0,0.0
2021-12-20,945159.6582204369,0.0,0.0,0.0,0.0,0.0
2021-12-21,945159.6582204369,0.0,0.0,0.0,0.0,0.0
2021-12-22,945159.6582204369,0.0,0.0,0.0,0.0,0.0
2021-12-23,945159.6582204369,0.0,0.0,0.0,0.0,0.0
2021-12-27,945159.6582204369,0.0,0.0,0.0,0.0,0.0
2021-12-28,945159.6582204369,0.0,0.0,0.0,0.0,0.0
2021-12-29,945159.6582204369,0.0,0.0,0.0,0.0,0.0
2021-12-30,945159.6582204369,0.0,0.0,0.0,0.0,0.0
2021-12-31,945159.6582204369,0.0,0.0,0.0,0.0,0.0
2022-01-03,945159.6582204369,0.0,0.0,0.0,0.0,0.0
2022-01-04,945159.6582204369,0.0,0.0,0.0,0.0,0.0
2022-01-05,945159.6582204369,0.0,0.0,0.0,0.0,0.0
2022-01-06,945159.6582204369,0.0,0.0,0.0,0.0,0.0
2022-01-07,945159.6582204369,0.0,0.0,0.0,0.0,0.0
2022-01-10,945159.6582204369,0.0,0.0,0.0,0.0,0.0
2022-01-11,945159.6582204369,0.0,0.0,0.0,0.0,0.0
2022-01-12,945159.6582204369,0.0,0.0,0.0,0.0,0.0
2022-01-13,945159.6582204369,0.0,0.0,0.0,0.0,0.0
2022-01-14,945159.6582204369,0.0,0.0,0.0,0.0,0.0
2022-01-18,945159.6582204369,0.0,0.0,0.0,0.0,0.0
2022-01-19,945159.6582204369,0.0,0.0,0.0,0.0,0.0
2022-01-20,945159.6582204369,0.0,0.0,0.0,0.0,0.0
2022-01-21,945159.6582204369,0.0,0.0,0.0,0.0,0.0
2022-01-24,945159.6582204369,0.0,0.0,0.0,0.0,0.0
2022-01-25,945159.6582204369,0.0,0.0,0.0,0.0,0.0
2022-01-26,945159.6582204369,0.0,0.0,0.0,0.0,0.0
2022-01-27,945159.6582204369,0.0,0.0,0.0,0.0,0.0
2022-01-28,945159.6582204369,0.0,0.0,0.0,0.0,0.0
2022-01-31,945159.6582204369,0.0,0.0,0.0,0.0,0.0
2022-02-01,945159.6582204369,0.0,0.0,0.0,0.0,0.0
2022-02-02,945159.6582204369,0.0,0.0,0.0,0.0,0.0
2022-02-03,945159.6582204369,0.0,0.0,0.0,0.0,0.0
2022-02-04,945159.6582204369,0.0,0.0,0.0,0.0,0.0
2022-02-07,945159.6582204369,0.0,0.0,0.0,0.0,0.0
2022-02-08,945159.6582204369,0.0,0.0,0.0,0.0,0.0
2022-02-09,945159.6582204369,0.0,0.0,0.0,0.0,0.0
2022-02-10,945159.6582204369,0.0,0.0,0.0,0.0,0.0
2022-02-11,945159.6582204369,0.0,0.0,0.0,0.0,0.0
2022-02-14,945159.6582204369,0.0,0.0,0.0,0.0,0.0
2022-02-15,945159.6582204369,0.0,0.0,0.0,0.0,0.0
2022-02-16,945159.6582204369,0.0,0.0,0.0,0.0,0.0
2022-02-17,945159.6582204369,0.0,0.0,0.0,0.0,0.0
2022-02-18,945159.6582204369,0.0,0.0,0.0,0.0,0.0
2022-02-22,945159.6582204369,0.0,0.0,0.0,0.0,0.0
2022-02-23,945159.6582204369,0.0,0.0,0.0,0.0,0.0
2022-02-24,945159.6582204369,0.0,0.0,0.0,0.0,0.0
2022-02-25,945159.6582204369,0.0,0.0,0.0,0.0,0.0
2022-02-28,945159.6582204369,0.0,0.0,0.0,0.0,0.0
2022-03-01,945159.6582204369,0.0,0.0,0.0,0.0,0.0
2022-03-02,945159.6582204369,0.0,0.0,0.0,0.0,0.0
2022-03-03,945159.6582204369,0.0,0.0,0.0,0.0,0.0
2022-03-04,945159.6582204369,0.0,0.0,0.0,0.0,0.0
2022-03-07,945159.6582204369,0.0,0.0,0.0,0.0,0.0
2022-03-08,945159.6582204369,0.0,0.0,0.0,0.0,0.0
2022-03-09,945159.6582204369,0.0,0.0,0.0,0.0,0.0
2022-03-10,945159.6582204369,0.0,0.0,0.0,0.0,0.0
2022-03-11,945159.6582204369,0.0,0.0,0.0,0.0,0.0
2022-03-14,945159.6582204369,0.0,0.0,0.0,0.0,0.0
2022-03-15,945159.6582204369,0.0,0.0,0.0,0.0,0.0
2022-03-16,945159.6582204369,0.0,0.0,0.0,0.0,0.0
2022-03-17,945159.6582204369,0.0,0.0,0.0,0.0,0.0
2022-03-18,945159.6582204369,0.0,0.0,0.0,0.0,0.0
2022-03-21,945159.6582204369,0.0,0.0,0.0,0.0,0.0
2022-03-22,945159.6582204369,0.0,0.0,0.0,0.0,0.0
2022-03-23,945159.6582204369,0.0,0.0,0.0,0.0,0.0
2022-03-24,945159.6582204369,0.0,0.0,0.0,0.0,0.0
2022-03-25,945159.6582204369,0.0,0.0,0.0,0.0,0.0
2022-03-28,945159.6582204369,0.0,0.0,0.0,0.0,0.0
2022-03-29,945159.6582204369,0.0,0.0,0.0,0.0,0.0
2022-03-30,945159.6582204369,0.0,0.0,0.0,0.0,0.0
2022-03-31,945159.6582204369,0.0,0.0,0.0,0.0,0.0
2022-04-01,945159.6582204369,0.0,0.0,0.0,0.0,0.0
2022-04-04,945159.6582204369,0.0,0.0,0.0,0.0,0.0
2022-04-05,945159.6582204369,0.0,0.0,0.0,0.0,0.0
2022-04-06,945159.6582204369,0.0,0.0,0.0,0.0,0.0
2022-04-07,945159.6582204369,0.0,0.0,0.0,0.0,0.0
2022-04-08,945159.6582204369,0.0,0.0,0.0,0.0,0.0
2022-04-11,945159.6582204369,0.0,0.0,0.0,0.0,0.0
2022-04-12,945159.6582204369,0.0,0.0,0.0,0.0,0.0
2022-04-13,945159.6582204369,0.0,0.0,0.0,0.0,0.0
2022-04-14,945159.6582204369,0.0,0.0,0.0,0.0,0.0
2022-04-18,945159.6582204369,0.0,0.0,0.0,0.0,0.0
2022-04-19,945159.6582204369,0.0,0.0,0.0,0.0,0.0
2022-04-20,945159.6582204369,0.0,0.0,0.0,0.0,0.0
2022-04-21,945159.6582204369,0.0,0.0,0.0,0.0,0.0
2022-04-22,945159.6582204369,0.0,0.0,0.0,0.0,0.0
2022-04-25,945159.6582204369,0.0,0.0,0.0,0.0,0.0
2022-04-26,945159.6582204369,0.0,0.0,0.0,0.0,0.0
2022-04-27,945159.6582204369,0.0,0.0,0.0,0.0,0.0
2022-04-28,945159.6582204369,0.0,0.0,0.0,0.0,0.0
2022-04-29,945159.6582204369,0.0,0.0,0.0,0.0,0.0
2022-05-02,945159.6582204369,0.0,0.0,0.0,0.0,0.0
2022-05-03,945159.6582204369,0.0,0.0,0.0,0.0,0.0
2022-05-04,945159.6582204369,0.0,0.0,0.0,0.0,0.0
2022-05-05,945159.6582204369,0.0,0.0,0.0,0.0,0.0
2022-05-06,945159.6582204369,0.0,0.0,0.0,0.0,0.0
2022-05-09,945159.6582204369,0.0,0.0,0.0,0.0,0.0
2022-05-10,945159.6582204369,0.0,0.0,0.0,0.0,0.0
2022-05-11,945159.6582204369,0.0,0.0,0.0,0.0,0.0
2022-05-12,945159.6582204369,0.0,0.0,0.0,0.0,0.0
2022-05-13,945159.6582204369,0.0,0.0,0.0,0.0,0.0
2022-05-16,945159.6582204369,0.0,0.0,0.0,0.0,0.0
2022-05-17,945159.6582204369,0.0,0.0,0.0,0.0,0.0
2022-05-18,945159.6582204369,0.0,0.0,0.0,0.0,0.0
2022-05-19,945159.6582204369,0.0,0.0,0.0,0.0,0.0
2022-05-20,945159.6582204369,0.0,0.0,0.0,0.0,0.0
2022-05-23,945159.6582204369,0.0,0.0,0.0,0.0,0.0
2022-05-24,945159.6582204369,0.0,0.0,0.0,0.0,0.0
2022-05-25,945159.6582204369,0.0,0.0,0.0,0.0,0.0
2022-05-26,945159.6582204369,0.0,0.0,0.0,0.0,0.0
2022-05-27,945159.6582204369,0.0,0.0,0.0,0.0,0.0
2022-05-31,945159.6582204369,0.0,0.0,0.0,0.0,0.0
2022-06-01,944687.0783913267,0.0,472.57982911021844,-0.0005,0.044709495070787135,0.5
2022-06-02,955113.3581496497,10898.623297518634,472.34353919566337,0.011165569355080054,0.0,0.0
2022-06-03,955113.3581496497,0.0,0.0,0.0,0.0,0.0
2022-06-06,955113.3581496497,0.0,0.0,0.0,0.0,0.0
2022-06-07,954635.8014705749,0.0,477.55667907482484,-0.0005,0.20394505438561394,0.5
2022-06-08,957880.9832056478,3245.181735072835,0.0,0.0034109877349589954,0.18073019456902636,0.5
2022-06-09,965863.3247323615,7982.341526713732,0.0,0.008403361344537815,0.15498520843032046,0.5
2022-06-10,958964.9639769454,-6415.4290930498855,482.9316623661808,-0.0070950442229397725,0.0,0.0
2022-06-13,958485.4814949569,0.0,479.4824819884727,-0.0005,-0.01037316928755676,-0.5
2022-06-14,961011.5047258367,2526.0232308798277,0.0,0.002642395772166764,-0.08164336468608233,-0.5
2022-06-15,962355.2800121033,1343.7752862666248,0.0,0.0014002505711548383,-0.12742460573237535,-0.5
2022-06-16,957880.8606290212,-4474.419383082103,0.0,-0.004627929185337544,-0.212556255300907,-0.5
2022-06-17,959982.0909462828,2101.2303172616726,0.0,0.0021984464311886266,-0.2544921614510535,-0.5
2022-06-21,965904.4246448351,5922.333698552274,0.0,0.006207508128879692,-0.2672652871716291,-0.5
2022-06-22,974020.6649768448,8116.240332009693,0.0,0.008473940757405323,-0.3110802404118514,-0.5
2022-06-23,991553.3316130942,17532.666636249363,0.0,0.018330252618607518,-0.43102227146093675,-0.5
2022-06-24,986107.800998555,-5445.530614539196,0.0,-0.005461922596754058,-0.6066219695525467,-0.5
2022-06-27,980062.2852233815,-6045.5157751735105,0.0,-0.0060933281912842275,-0.7868038885100979,-0.5
2022-06-28,970069.3165071358,-9992.968716245763,0.0,-0.010093344463838506,-0.8514948109868195,-0.5
2022-06-29,967008.2412784882,-3061.075228647611,0.0,-0.003145596165368484,-0.8992761155886657,-0.5
2022-06-30,966791.6499149048,-216.5913635833556,0.0,-0.00022393073076061807,-0.9598676148297095,-0.5
2022-07-01,980932.7815106751,14141.13159577025,0.0,0.014843986670705847,-0.9724370545992306,-0.5
2022-07-05,996241.0037313598,15308.222220684736,0.0,0.01585318235064428,-1.1030540662668624,-0.5
2022-07-06,994659.9197705102,-1581.0839608496426,0.0,-0.0015845349389954047,-1.15824088196803,-0.5
2022-07-07,991198.043764348,-3461.8760061621933,0.0,-0.0034683903515686587,-1.2179089954223299,-0.5
2022-07-08,979051.3905964581,-12146.653167889888,0.0,-0.01210616172590408,-1.288672221989347,-0.5
2022-07-11,975823.4186753074,-3227.9719211507204,0.0,-0.0032862055789071453,-1.4342219759852448,-0.5
2022-07-12,989681.4789193773,14345.971953407552,487.91170933765375,0.014413297255508311,0.0,0.0
2022-07-13,989186.6381799176,0.0,494.8407394596887,-0.0005,-1.3788541815884294,-0.5
2022-07-14,981918.9268440125,-6773.118016815114,494.5933190899588,-0.00729719377784726,0.0,0.0
2022-07-15,981918.9268440125,0.0,0.0,0.0,0.0,0.0
2022-07-18,981918.9268440125,0.0,0.0,0.0,0.0,0.0
2022-07-19,981918.9268440125,0.0,0.0,0.0,0.0,0.0
2022-07-20,981918.9268440125,0.0,0.0,0.0,0.0,0.0
2022-07-21,981918.9268440125,0.0,0.0,0.0,0.0,0.0
2022-07-22,981918.9268440125,0.0,0.0,0.0,0.0,0.0
2022-07-25,981918.9268440125,0.0,0.0,0.0,0.0,0.0
2022-07-26,981918.9268440125,0.0,0.0,0.0,0.0,0.0
2022-07-27,981918.9268440125,0.0,0.0,0.0,0.0,0.0
2022-07-28,981918.9268440125,0.0,0.0,0.0,0.0,0.0
2022-07-29,981918.9268440125,0.0,0.0,0.0,0.0,0.0
2022-08-01,981918.9268440125,0.0,0.0,0.0,0.0,0.0
2022-08-02,981918.9268440125,0.0,0.0,0.0,0.0,0.0
2022-08-03,981918.9268440125,0.0,0.0,0.0,0.0,0.0
2022-08-04,981918.9268440125,0.0,0.0,0.0,0.0,0.0
2022-08-05,981918.9268440125,0.0,0.0,0.0,0.0,0.0
2022-08-08,981918.9268440125,0.0,0.0,0.0,0.0,0.0
2022-08-09,981918.9268440125,0.0,0.0,0.0,0.0,0.0
2022-08-10,981918.9268440125,0.0,0.0,0.0,0.0,0.0
2022-08-11,981918.9268440125,0.0,0.0,0.0,0.0,0.0
2022-08-12,981918.9268440125,0.0,0.0,0.0,0.0,0.0
2022-08-15,981918.9268440125,0.0,0.0,0.0,0.0,0.0
2022-08-16,981918.9268440125,0.0,0.0,0.0,0.0,0.0
2022-08-17,981918.9268440125,0.0,0.0,0.0,0.0,0.0
2022-08-18,981918.9268440125,0.0,0.0,0.0,0.0,0.0
2022-08-19,981918.9268440125,0.0,0.0,0.0,0.0,0.0
2022-08-22,981918.9268440125,0.0,0.0,0.0,0.0,0.0
2022-08-23,981918.9268440125,0.0,0.0,0.0,0.0,0.0
2022-08-24,981918.9268440125,0.0,0.0,0.0,0.0,0.0
2022-08-25,981918.9268440125,0.0,0.0,0.0,0.0,0.0
2022-08-26,981918.9268440125,0.0,0.0,0.0,0.0,0.0
2022-08-29,981918.9268440125,0.0,0.0,0.0,0.0,0.0
2022-08-30,981918.9268440125,0.0,0.0,0.0,0.0,0.0
2022-08-31,981918.9268440125,0.0,0.0,0.0,0.0,0.0
2022-09-01,981918.9268440125,0.0,0.0,0.0,0.0,0.0
2022-09-02,981918.9268440125,0.0,0.0,0.0,0.0,0.0
2022-09-06,981918.9268440125,0.0,0.0,0.0,0.0,0.0
2022-09-07,981918.9268440125,0.0,0.0,0.0,0.0,0.0
2022-09-08,981918.9268440125,0.0,0.0,0.0,0.0,0.0
2022-09-09,981918.9268440125,0.0,0.0,0.0,0.0,0.0
2022-09-12,981918.9268440125,0.0,0.0,0.0,0.0,0.0
2022-09-13,981918.9268440125,0.0,0.0,0.0,0.0,0.0
2022-09-14,981918.9268440125,0.0,0.0,0.0,0.0,0.0
2022-09-15,981918.9268440125,0.0,0.0,0.0,0.0,0.0
2022-09-16,981918.9268440125,0.0,0.0,0.0,0.0,0.0
2022-09-19,981918.9268440125,0.0,0.0,0.0,0.0,0.0
2022-09-20,981918.9268440125,0.0,0.0,0.0,0.0,0.0
2022-09-21,981918.9268440125,0.0,0.0,0.0,0.0,0.0
2022-09-22,981918.9268440125,0.0,0.0,0.0,0.0,0.0
2022-09-23,981918.9268440125,0.0,0.0,0.0,0.0,0.0
2022-09-26,981918.9268440125,0.0,0.0,0.0,0.0,0.0
2022-09-27,981918.9268440125,0.0,0.0,0.0,0.0,0.0
2022-09-28,981918.9268440125,0.0,0.0,0.0,0.0,0.0
2022-09-29,981918.9268440125,0.0,0.0,0.0,0.0,0.0
2022-09-30,981918.9268440125,0.0,0.0,0.0,0.0,0.0
2022-10-03,981918.9268440125,0.0,0.0,0.0,0.0,0.0
2022-10-04,981918.9268440125,0.0,0.0,0.0,0.0,0.0
2022-10-05,981918.9268440125,0.0,0.0,0.0,0.0,0.0
2022-10-06,981918.9268440125,0.0,0.0,0.0,0.0,0.0
2022-10-07,981918.9268440125,0.0,0.0,0.0,0.0,0.0
2022-10-10,981918.9268440125,0.0,0.0,0.0,0.0,0.0
2022-10-11,981918.9268440125,0.0,0.0,0.0,0.0,0.0
2022-10-12,981918.9268440125,0.0,0.0,0.0,0.0,0.0
2022-10-13,981918.9268440125,0.0,0.0,0.0,0.0,0.0
2022-10-14,981918.9268440125,0.0,0.0,0.0,0.0,0.0
2022-10-17,981918.9268440125,0.0,0.0,0.0,0.0,0.0
2022-10-18,981918.9268440125,0.0,0.0,0.0,0.0,0.0
2022-10-19,981918.9268440125,0.0,0.0,0.0,0.0,0.0
2022-10-20,981918.9268440125,0.0,0.0,0.0,0.0,0.0
2022-10-21,981918.9268440125,0.0,0.0,0.0,0.0,0.0
2022-10-24,981918.9268440125,0.0,0.0,0.0,0.0,0.0
2022-10-25,981918.9268440125,0.0,0.0,0.0,0.0,0.0
2022-10-26,981918.9268440125,0.0,0.0,0.0,0.0,0.0
2022-10-27,981918.9268440125,0.0,0.0,0.0,0.0,0.0
2022-10-28,981918.9268440125,0.0,0.0,0.0,0.0,0.0
2022-10-31,981918.9268440125,0.0,0.0,0.0,0.0,0.0
2022-11-01,981918.9268440125,0.0,0.0,0.0,0.0,0.0
2022-11-02,981918.9268440125,0.0,0.0,0.0,0.0,0.0
2022-11-03,981918.9268440125,0.0,0.0,0.0,0.0,0.0
2022-11-04,981918.9268440125,0.0,0.0,0.0,0.0,0.0
2022-11-07,981918.9268440125,0.0,0.0,0.0,0.0,0.0
2022-11-08,981918.9268440125,0.0,0.0,0.0,0.0,0.0
2022-11-09,981918.9268440125,0.0,0.0,0.0,0.0,0.0
2022-11-10,981918.9268440125,0.0,0.0,0.0,0.0,0.0
2022-11-11,981918.9268440125,0.0,0.0,0.0,0.0,0.0
2022-11-14,981918.9268440125,0.0,0.0,0.0,0.0,0.0
2022-11-15,981918.9268440125,0.0,0.0,0.0,0.0,0.0
2022-11-16,981918.9268440125,0.0,0.0,0.0,0.0,0.0
2022-11-17,981918.9268440125,0.0,0.0,0.0,0.0,0.0
2022-11-18,981918.9268440125,0.0,0.0,0.0,0.0,0.0
2022-11-21,981918.9268440125,0.0,0.0,0.0,0.0,0.0
2022-11-22,981918.9268440125,0.0,0.0,0.0,0.0,0.0
2022-11-23,981918.9268440125,0.0,0.0,0.0,0.0,0.0
2022-11-25,981918.9268440125,0.0,0.0,0.0,0.0,0.0
2022-11-28,981918.9268440125,0.0,0.0,0.0,0.0,0.0
2022-11-29,981918.9268440125,0.0,0.0,0.0,0.0,0.0
2022-11-30,981918.9268440125,0.0,0.0,0.0,0.0,0.0
2022-12-01,981918.9268440125,0.0,0.0,0.0,0.0,0.0
2022-12-02,981918.9268440125,0.0,0.0,0.0,0.0,0.0
2022-12-05,981918.9268440125,0.0,0.0,0.0,0.0,0.0
2022-12-06,981918.9268440125,0.0,0.0,0.0,0.0,0.0
2022-12-07,981918.9268440125,0.0,0.0,0.0,0.0,0.0
2022-12-08,981918.9268440125,0.0,0.0,0.0,0.0,0.0
2022-12-09,981918.9268440125,0.0,0.0,0.0,0.0,0.0
2022-12-12,981918.9268440125,0.0,0.0,0.0,0.0,0.0
2022-12-13,981918.9268440125,0.0,0.0,0.0,0.0,0.0
2022-12-14,981918.9268440125,0.0,0.0,0.0,0.0,0.0
2022-12-15,981918.9268440125,0.0,0.0,0.0,0.0,0.0
2022-12-16,981918.9268440125,0.0,0.0,0.0,0.0,0.0
2022-12-19,981918.9268440125,0.0,0.0,0.0,0.0,0.0
2022-12-20,981918.9268440125,0.0,0.0,0.0,0.0,0.0
2022-12-21,981918.9268440125,0.0,0.0,0.0,0.0,0.0
2022-12-22,981918.9268440125,0.0,0.0,0.0,0.0,0.0
2022-12-23,981918.9268440125,0.0,0.0,0.0,0.0,0.0
2022-12-27,981918.9268440125,0.0,0.0,0.0,0.0,0.0
2022-12-28,981918.9268440125,0.0,0.0,0.0,0.0,0.0
2022-12-29,981918.9268440125,0.0,0.0,0.0,0.0,0.0
2022-12-30,981918.9268440125,0.0,0.0,0.0,0.0,0.0
2023-01-03,981918.9268440125,0.0,0.0,0.0,0.0,0.0
2023-01-04,981918.9268440125,0.0,0.0,0.0,0.0,0.0
2023-01-05,981918.9268440125,0.0,0.0,0.0,0.0,0.0
2023-01-06,981918.9268440125,0.0,0.0,0.0,0.0,0.0
2023-01-09,981918.9268440125,0.0,0.0,0.0,0.0,0.0
2023-01-10,981918.9268440125,0.0,0.0,0.0,0.0,0.0
2023-01-11,981918.9268440125,0.0,0.0,0.0,0.0,0.0
2023-01-12,981918.9268440125,0.0,0.0,0.0,0.0,0.0
2023-01-13,981918.9268440125,0.0,0.0,0.0,0.0,0.0
2023-01-17,981918.9268440125,0.0,0.0,0.0,0.0,0.0
2023-01-18,981918.9268440125,0.0,0.0,0.0,0.0,0.0
2023-01-19,981918.9268440125,0.0,0.0,0.0,0.0,0.0
2023-01-20,981918.9268440125,0.0,0.0,0.0,0.0,0.0
2023-01-23,981918.9268440125,0.0,0.0,0.0,0.0,0.0
2023-01-24,981918.9268440125,0.0,0.0,0.0,0.0,0.0
2023-01-25,981918.9268440125,0.0,0.0,0.0,0.0,0.0
2023-01-26,981918.9268440125,0.0,0.0,0.0,0.0,0.0
2023-01-27,981918.9268440125,0.0,0.0,0.0,0.0,0.0
2023-01-30,981918.9268440125,0.0,0.0,0.0,0.0,0.0
2023-01-31,981918.9268440125,0.0,0.0,0.0,0.0,0.0
2023-02-01,981918.9268440125,0.0,0.0,0.0,0.0,0.0
2023-02-02,981918.9268440125,0.0,0.0,0.0,0.0,0.0
2023-02-03,981918.9268440125,0.0,0.0,0.0,0.0,0.0
2023-02-06,981918.9268440125,0.0,0.0,0.0,0.0,0.0
2023-02-07,981918.9268440125,0.0,0.0,0.0,0.0,0.0
2023-02-08,981918.9268440125,0.0,0.0,0.0,0.0,0.0
2023-02-09,981918.9268440125,0.0,0.0,0.0,0.0,0.0
2023-02-10,981918.9268440125,0.0,0.0,0.0,0.0,0.0
2023-02-13,981918.9268440125,0.0,0.0,0.0,0.0,0.0
2023-02-14,981918.9268440125,0.0,0.0,0.0,0.0,0.0
2023-02-15,981918.9268440125,0.0,0.0,0.0,0.0,0.0
2023-02-16,981918.9268440125,0.0,0.0,0.0,0.0,0.0
2023-02-17,981918.9268440125,0.0,0.0,0.0,0.0,0.0
2023-02-21,981918.9268440125,0.0,0.0,0.0,0.0,0.0
2023-02-22,981918.9268440125,0.0,0.0,0.0,0.0,0.0
2023-02-23,981918.9268440125,0.0,0.0,0.0,0.0,0.0
2023-02-24,981918.9268440125,0.0,0.0,0.0,0.0,0.0
2023-02-27,981918.9268440125,0.0,0.0,0.0,0.0,0.0
2023-02-28,981918.9268440125,0.0,0.0,0.0,0.0,0.0
2023-03-01,981918.9268440125,0.0,0.0,0.0,0.0,0.0
2023-03-02,981918.9268440125,0.0,0.0,0.0,0.0,0.0
2023-03-03,981918.9268440125,0.0,0.0,0.0,0.0,0.0
2023-03-06,981918.9268440125,0.0,0.0,0.0,0.0,0.0
2023-03-07,981918.9268440125,0.0,0.0,0.0,0.0,0.0
2023-03-08,981918.9268440125,0.0,0.0,0.0,0.0,0.0
2023-03-09,981918.9268440125,0.0,0.0,0.0,0.0,0.0
2023-03-10,981918.9268440125,0.0,0.0,0.0,0.0,0.0
2023-03-13,981918.9268440125,0.0,0.0,0.0,0.0,0.0
2023-03-14,981918.9268440125,0.0,0.0,0.0,0.0,0.0
2023-03-15,981918.9268440125,0.0,0.0,0.0,0.0,0.0
2023-03-16,981918.9268440125,0.0,0.0,0.0,0.0,0.0
2023-03-17,981918.9268440125,0.0,0.0,0.0,0.0,0.0
2023-03-20,981918.9268440125,0.0,0.0,0.0,0.0,0.0
2023-03-21,981918.9268440125,0.0,0.0,0.0,0.0,0.0
2023-03-22,981918.9268440125,0.0,0.0,0.0,0.0,0.0
2023-03-23,981918.9268440125,0.0,0.0,0.0,0.0,0.0
2023-03-24,981918.9268440125,0.0,0.0,0.0,0.0,0.0
2023-03-27,981918.9268440125,0.0,0.0,0.0,0.0,0.0
2023-03-28,981918.9268440125,0.0,0.0,0.0,0.0,0.0
2023-03-29,981918.9268440125,0.0,0.0,0.0,0.0,0.0
2023-03-30,981918.9268440125,0.0,0.0,0.0,0.0,0.0
2023-03-31,981918.9268440125,0.0,0.0,0.0,0.0,0.0
2023-04-03,981918.9268440125,0.0,0.0,0.0,0.0,0.0
2023-04-04,981918.9268440125,0.0,0.0,0.0,0.0,0.0
2023-04-05,981918.9268440125,0.0,0.0,0.0,0.0,0.0
2023-04-06,981918.9268440125,0.0,0.0,0.0,0.0,0.0
2023-04-10,981918.9268440125,0.0,0.0,0.0,0.0,0.0
2023-04-11,981918.9268440125,0.0,0.0,0.0,0.0,0.0
2023-04-12,981918.9268440125,0.0,0.0,0.0,0.0,0.0
2023-04-13,981918.9268440125,0.0,0.0,0.0,0.0,0.0
2023-04-14,981918.9268440125,0.0,0.0,0.0,0.0,0.0
2023-04-17,981918.9268440125,0.0,0.0,0.0,0.0,0.0
2023-04-18,981918.9268440125,0.0,0.0,0.0,0.0,0.0
2023-04-19,981918.9268440125,0.0,0.0,0.0,0.0,0.0
2023-04-20,981918.9268440125,0.0,0.0,0.0,0.0,0.0
2023-04-21,981918.9268440125,0.0,0.0,0.0,0.0,0.0
2023-04-24,981918.9268440125,0.0,0.0,0.0,0.0,0.0
2023-04-25,981918.9268440125,0.0,0.0,0.0,0.0,0.0
2023-04-26,981918.9268440125,0.0,0.0,0.0,0.0,0.0
2023-04-27,981918.9268440125,0.0,0.0,0.0,0.0,0.0
2023-04-28,981918.9268440125,0.0,0.0,0.0,0.0,0.0
2023-05-01,981918.9268440125,0.0,0.0,0.0,0.0,0.0
2023-05-02,981918.9268440125,0.0,0.0,0.0,0.0,0.0
2023-05-03,981918.9268440125,0.0,0.0,0.0,0.0,0.0
2023-05-04,981918.9268440125,0.0,0.0,0.0,0.0,0.0
2023-05-05,981918.9268440125,0.0,0.0,0.0,0.0,0.0
2023-05-08,981918.9268440125,0.0,0.0,0.0,0.0,0.0
2023-05-09,981918.9268440125,0.0,0.0,0.0,0.0,0.0
2023-05-10,981918.9268440125,0.0,0.0,0.0,0.0,0.0
2023-05-11,981918.9268440125,0.0,0.0,0.0,0.0,0.0
2023-05-12,981918.9268440125,0.0,0.0,0.0,0.0,0.0
2023-05-15,981918.9268440125,0.0,0.0,0.0,0.0,0.0
2023-05-16,981918.9268440125,0.0,0.0,0.0,0.0,0.0
2023-05-17,981918.9268440125,0.0,0.0,0.0,0.0,0.0
2023-05-18,981918.9268440125,0.0,0.0,0.0,0.0,0.0
2023-05-19,981918.9268440125,0.0,0.0,0.0,0.0,0.0
2023-05-22,981918.9268440125,0.0,0.0,0.0,0.0,0.0
2023-05-23,981918.9268440125,0.0,0.0,0.0,0.0,0.0
2023-05-24,981918.9268440125,0.0,0.0,0.0,0.0,0.0
2023-05-25,981918.9268440125,0.0,0.0,0.0,0.0,0.0
2023-05-26,981918.9268440125,0.0,0.0,0.0,0.0,0.0
2023-05-30,981918.9268440125,0.0,0.0,0.0,0.0,0.0
2023-05-31,981918.9268440125,0.0,0.0,0.0,0.0,0.0
2023-06-01,981427.9673805905,0.0,490.95946342200625,-0.0005,1.4698215319711174,0.5
2023-06-02,989917.1901146084,8489.222734017894,0.0,0.008725341426403641,0.6588700181250765,0.5
2023-06-05,988012.3771850163,-914.8957394774569,989.9171901146084,-0.0019224376731301939,-0.8658517950961476,-0.5
2023-06-06,986823.1030272936,-1189.2741577227048,0.0,-0.0012022565430500323,-0.9043159396728037,-0.5
2023-06-07,984088.5110181656,-2734.592009127915,0.0,-0.002763448784082535,-0.49368034899500096,-0.5
2023-06-08,983184.5164278494,-903.9945903161544,0.0,-0.0009177679882525697,-0.045981299303642136,-0.5
2023-06-09,973817.308435556,-8384.023475865579,983.1845164278494,-0.009446858805345942,0.5211357535904677,0.5
2023-06-12,968988.6073930068,-4828.701042549187,0.0,-0.004934062976585629,1.4622296039602523,0.5
2023-06-13,978341.4386062338,9352.831213226982,0.0,0.009746230231702832,2.2533000576760713,0.5
2023-06-14,974495.8942701006,-3845.544336133133,0.0,-0.003915287417689981,2.4957232312887596,0.5
2023-06-15,988535.0931790882,14039.198908987582,0.0,0.014617211766855471,2.6499817355760302,0.5
2023-06-16,1001772.085062197,13236.991883108743,0.0,0.013572252284218931,2.74599568563616,0.5
2023-06-20,1005443.769315323,3671.68425312602,0.0,0.0036786722559671485,2.094783318687897,0.5
2023-06-21,1018205.3673350639,12761.59801974094,0.0,0.012855673637298594,1.7382403828308903,0.5
2023-06-22,1013415.9874094905,-4789.379925573415,0.0,-0.004681724845995893,1.2607255265011221,0.5
2023-06-23,1011389.8308202013,-2026.156589289218,0.0,-0.0019953441968739607,0.7408946378417222,0.5
2023-06-26,1019345.2628417516,8966.821852370469,1011.3898308202014,0.00793620253164557,-0.3593864821058799,-0.5
2023-06-27,1027547.9428841919,8712.352673861125,509.6726314208758,0.008116379310344828,-0.3970286374900389,-0.5
2023-06-28,1027034.1689127497,0.0,513.7739714420959,-0.0005,-0.7025215401265517,-0.5
2023-06-29,1015709.1884147456,-11324.980498004132,0.0,-0.010906612133605999,-1.0463777804964793,-0.5
2023-06-30,989774.3590262716,-25426.974794266644,507.8545942073728,-0.024910122522818847,-1.5938343234014483,-0.5
2023-07-03,989279.4718467585,0.0,494.88717951313583,-0.0005,-1.2044756984709675,-0.5
2023-07-05,993950.365639889,4670.893793130503,0.0,0.004743909302886549,-1.0006948383011456,-0.5
2023-07-06,1000856.1445577296,6905.77891784056,0.0,0.0069964204360559714,-0.29090537998801885,-0.5
2023-07-07,1013557.2435437659,13201.527058315129,500.4280722788648,0.012859858862598588,0.0,0.0
2023-07-10,1013557.2435437659,0.0,0.0,0.0,0.0,0.0
2023-07-11,1013050.464921994,0.0,506.7786217718829,-0.0005,2.2507358506728714,0.5
2023-07-12,1001883.7572240599,-10660.182465473137,506.525232460997,-0.010908070289619265,0.0,0.0
2023-07-13,1001883.7572240599,0.0,0.0,0.0,0.0,0.0
2023-07-14,1001883.7572240599,0.0,0.0,0.0,0.0,0.0
2023-07-17,1001382.8153454479,0.0,500.94187861202994,-0.0005,0.43307778767978267,0.5
2023-07-18,1004081.9604002873,2699.1450548394823,0.0,0.002702702702702703,0.7995121805547009,0.5
2023-07-19,1003913.7161039736,-168.24429631372107,0.0,-0.00016753224995811694,1.097916679066553,0.5
2023-07-20,1005091.6235818026,1177.907477829,0.0,0.0011746937405604967,1.285777687496503,0.5
2023-07-21,1007108.5298498598,2016.9062680571287,0.0,0.0020107238605898124,1.742662701250838,0.5
2023-07-24,1014572.941838254,7464.411988394198,0.0,0.007467069385015522,1.828228347066496,0.5
2023-07-25,1011991.9668508106,-2580.974987443449,0.0,-0.0025374478186134075,0.9746379490845484,0.5
2023-07-26,1022258.7939641931,10266.827113382522,0.0,0.010249145904507958,0.3905072056127915,0.5
2023-07-27,1016526.0459821967,-4710.489188032257,1022.2587939641932,-0.005582200048281968,-0.5677641041579974,-0.5
2023-07-28,1031538.3839654521,15012.337983255351,0.0,0.014989648033126293,-1.8343649412490795,-0.5
2023-07-31,1045761.7146338844,14223.33066843233,0.0,0.013981244671781756,-2.0673106141317734,-0.5
2023-08-01,1045400.0470860255,-361.6675478588568,0.0,-0.00034572169403630077,-1.7498262221865428,-0.5
2023-08-02,1051542.0207512968,6141.9736652712745,0.0,0.0059099600208586825,-1.7874369275993003,-0.5
2023-08-03,1051909.7570760918,367.736324794998,0.0,0.00034983382893125764,-1.4304478906380262,-0.5
2023-08-04,1046295.8904810225,-5613.866595069256,0.0,-0.005308502306152641,-0.8397337243373262,-0.5
2023-08-07,1056983.469694731,10687.579213708505,0.0,0.0103200979534721,-1.6476283140230665,-0.5
2023-08-08,1051192.2912640953,-5791.178430635678,0.0,-0.00544911232202496,-1.6433132934154826,-0.5
2023-08-09,1050640.96663581,-551.3246282853647,0.0,-0.0005242005940940067,-1.7902238426411996,-0.5
2023-08-10,1057796.9215255755,7155.954889765384,0.0,0.006857745735888869,-1.8862341978042136,-0.5
2023-08-11,1061823.59181821,4026.6702926345383,0.0,0.003821203234692971,-2.1155128281242295,-0.5
2023-08-14,1065707.1571406494,3883.565322439483,0.0,0.0036708747425911,-1.872915268348789,-0.5
2023-08-15,1091660.3059171694,25953.148776520127,0.0,0.02496085474808879,-1.5998258784668815,-0.5
2023-08-16,1086916.646926787,-4743.658990382562,0.0,-0.004326561324303989,-0.7138916823601114,-0.5
2023-08-17,1086102.3246590013,-814.322267785568,0.0,-0.0007486430844095076,-0.4183190806413649,-0.5
2023-08-18,1074453.7908994688,-10562.4314348734,1086.1023246590014,-0.010621781811446565,0.44515444921428377,0.5
2023-08-21,1076774.6781056596,2858.1141016404877,537.2268954497345,0.0021658235997424813,1.0289025443451032,0.5
2023-08-22,1076774.6781056596,0.0,0.0,0.0,0.0,0.0
2023-08-23,1076774.6781056596,0.0,0.0,0.0,0.0,0.0
2023-08-24,1076774.6781056596,0.0,0.0,0.0,0.0,0.0
2023-08-25,1076236.2907666068,0.0,538.3873390528298,-0.0005,-0.13378179320375058,-0.5
2023-08-28,1069607.4233594665,-5552.6311163736955,1076.2362907666068,-0.006127690229626294,0.46350130767769226,0.5
2023-08-29,1064528.6567013361,-5078.766658130417,0.0,-0.0047258136424431565,0.3589149418283496,0.5
2023-08-30,1064239.8012409431,-288.8554603929096,0.0,-0.00027127226693191063,0.4827380560713143,0.5
2023-08-31,1056053.3412313974,-8186.460009545717,0.0,-0.0076335877862595426,0.7123809985997083,0.5
2023-09-01,1056053.3412313974,0.0,0.0,0.0,0.0,0.0
2023-09-05,1056053.3412313974,0.0,0.0,0.0,0.0,0.0
2023-09-06,1056053.3412313974,0.0,0.0,0.0,0.0,0.0
2023-09-07,1056053.3412313974,0.0,0.0,0.0,0.0,0.0
2023-09-08,1056053.3412313974,0.0,0.0,0.0,0.0,0.0
2023-09-11,1056053.3412313974,0.0,0.0,0.0,0.0,0.0
2023-09-12,1056053.3412313974,0.0,0.0,0.0,0.0,0.0
2023-09-13,1056053.3412313974,0.0,0.0,0.0,0.0,0.0
2023-09-14,1056053.3412313974,0.0,0.0,0.0,0.0,0.0
2023-09-15,1056053.3412313974,0.0,0.0,0.0,0.0,0.0
2023-09-18,1056053.3412313974,0.0,0.0,0.0,0.0,0.0
2023-09-19,1056053.3412313974,0.0,0.0,0.0,0.0,0.0
2023-09-20,1056053.3412313974,0.0,0.0,0.0,0.0,0.0
2023-09-21,1056053.3412313974,0.0,0.0,0.0,0.0,0.0
2023-09-22,1056053.3412313974,0.0,0.0,0.0,0.0,0.0
2023-09-25,1056053.3412313974,0.0,0.0,0.0,0.0,0.0
2023-09-26,1056053.3412313974,0.0,0.0,0.0,0.0,0.0
2023-09-27,1056053.3412313974,0.0,0.0,0.0,0.0,0.0
2023-09-28,1056053.3412313974,0.0,0.0,0.0,0.0,0.0
2023-09-29,1056053.3412313974,0.0,0.0,0.0,0.0,0.0
2023-10-02,1056053.3412313974,0.0,0.0,0.0,0.0,0.0
2023-10-03,1056053.3412313974,0.0,0.0,0.0,0.0,0.0
2023-10-04,1056053.3412313974,0.0,0.0,0.0,0.0,0.0
2023-10-05,1056053.3412313974,0.0,0.0,0.0,0.0,0.0
2023-10-06,1056053.3412313974,0.0,0.0,0.0,0.0,0.0
2023-10-09,1056053.3412313974,0.0,0.0,0.0,0.0,0.0
2023-10-10,1056053.3412313974,0.0,0.0,0.0,0.0,0.0
2023-10-11,1056053.3412313974,0.0,0.0,0.0,0.0,0.0
2023-10-12,1056053.3412313974,0.0,0.0,0.0,0.0,0.0
2023-10-13,1056053.3412313974,0.0,0.0,0.0,0.0,0.0
2023-10-16,1056053.3412313974,0.0,0.0,0.0,0.0,0.0
2023-10-17,1056053.3412313974,0.0,0.0,0.0,0.0,0.0
2023-10-18,1056053.3412313974,0.0,0.0,0.0,0.0,0.0
2023-10-19,1056053.3412313974,0.0,0.0,0.0,0.0,0.0
2023-10-20,1056053.3412313974,0.0,0.0,0.0,0.0,0.0
2023-10-23,1056053.3412313974,0.0,0.0,0.0,0.0,0.0
2023-10-24,1056053.3412313974,0.0,0.0,0.0,0.0,0.0
2023-10-25,1056053.3412313974,0.0,0.0,0.0,0.0,0.0
2023-10-26,1056053.3412313974,0.0,0.0,0.0,0.0,0.0
2023-10-27,1056053.3412313974,0.0,0.0,0.0,0.0,0.0
2023-10-30,1056053.3412313974,0.0,0.0,0.0,0.0,0.0
2023-10-31,1056053.3412313974,0.0,0.0,0.0,0.0,0.0
2023-11-01,1056053.3412313974,0.0,0.0,0.0,0.0,0.0
2023-11-02,1056053.3412313974,0.0,0.0,0.0,0.0,0.0
2023-11-03,1056053.3412313974,0.0,0.0,0.0,0.0,0.0
2023-11-06,1056053.3412313974,0.0,0.0,0.0,0.0,0.0
2023-11-07,1056053.3412313974,0.0,0.0,0.0,0.0,0.0
2023-11-08,1056053.3412313974,0.0,0.0,0.0,0.0,0.0
2023-11-09,1056053.3412313974,0.0,0.0,0.0,0.0,0.0
2023-11-10,1056053.3412313974,0.0,0.0,0.0,0.0,0.0
2023-11-13,1056053.3412313974,0.0,0.0,0.0,0.0,0.0
2023-11-14,1056053.3412313974,0.0,0.0,0.0,0.0,0.0
2023-11-15,1056053.3412313974,0.0,0.0,0.0,0.0,0.0
2023-11-16,1056053.3412313974,0.0,0.0,0.0,0.0,0.0
2023-11-17,1056053.3412313974,0.0,0.0,0.0,0.0,0.0
2023-11-20,1056053.3412313974,0.0,0.0,0.0,0.0,0.0
2023-11-21,1056053.3412313974,0.0,0.0,0.0,0.0,0.0
2023-11-22,1056053.3412313974,0.0,0.0,0.0,0.0,0.0
2023-11-24,1056053.3412313974,0.0,0.0,0.0,0.0,0.0
2023-11-27,1056053.3412313974,0.0,0.0,0.0,0.0,0.0
2023-11-28,1056053.3412313974,0.0,0.0,0.0,0.0,0.0
2023-11-29,1056053.3412313974,0.0,0.0,0.0,0.0,0.0
2023-11-30,1056053.3412313974,0.0,0.0,0.0,0.0,0.0
2023-12-01,1056053.3412313974,0.0,0.0,0.0,0.0,0.0
2023-12-04,1056053.3412313974,0.0,0.0,0.0,0.0,0.0
2023-12-05,1056053.3412313974,0.0,0.0,0.0,0.0,0.0
2023-12-06,1056053.3412313974,0.0,0.0,0.0,0.0,0.0
2023-12-07,1056053.3412313974,0.0,0.0,0.0,0.0,0.0
2023-12-08,1056053.3412313974,0.0,0.0,0.0,0.0,0.0
2023-12-11,1056053.3412313974,0.0,0.0,0.0,0.0,0.0
2023-12-12,1056053.3412313974,0.0,0.0,0.0,0.0,0.0
2023-12-13,1056053.3412313974,0.0,0.0,0.0,0.0,0.0
2023-12-14,1056053.3412313974,0.0,0.0,0.0,0.0,0.0
2023-12-15,1056053.3412313974,0.0,0.0,0.0,0.0,0.0
2023-12-18,1056053.3412313974,0.0,0.0,0.0,0.0,0.0
2023-12-19,1056053.3412313974,0.0,0.0,0.0,0.0,0.0
2023-12-20,1056053.3412313974,0.0,0.0,0.0,0.0,0.0
2023-12-21,1056053.3412313974,0.0,0.0,0.0,0.0,0.0
2023-12-22,1056053.3412313974,0.0,0.0,0.0,0.0,0.0
2023-12-26,1056053.3412313974,0.0,0.0,0.0,0.0,0.0
2023-12-27,1056053.3412313974,0.0,0.0,0.0,0.0,0.0
2023-12-28,1056053.3412313974,0.0,0.0,0.0,0.0,0.0
2023-12-29,1056053.3412313974,0.0,0.0,0.0,0.0,0.0
2024-01-02,1056053.3412313974,0.0,0.0,0.0,0.0,0.0
2024-01-03,1056053.3412313974,0.0,0.0,0.0,0.0,0.0
2024-01-04,1056053.3412313974,0.0,0.0,0.0,0.0,0.0
2024-01-05,1056053.3412313974,0.0,0.0,0.0,0.0,0.0
2024-01-08,1056053.3412313974,0.0,0.0,0.0,0.0,0.0
2024-01-09,1056053.3412313974,0.0,0.0,0.0,0.0,0.0
2024-01-10,1056053.3412313974,0.0,0.0,0.0,0.0,0.0
2024-01-11,1056053.3412313974,0.0,0.0,0.0,0.0,0.0
2024-01-12,1056053.3412313974,0.0,0.0,0.0,0.0,0.0
2024-01-16,1056053.3412313974,0.0,0.0,0.0,0.0,0.0
2024-01-17,1056053.3412313974,0.0,0.0,0.0,0.0,0.0
2024-01-18,1056053.3412313974,0.0,0.0,0.0,0.0,0.0
2024-01-19,1056053.3412313974,0.0,0.0,0.0,0.0,0.0
2024-01-22,1056053.3412313974,0.0,0.0,0.0,0.0,0.0
2024-01-23,1056053.3412313974,0.0,0.0,0.0,0.0,0.0
2024-01-24,1056053.3412313974,0.0,0.0,0.0,0.0,0.0
2024-01-25,1056053.3412313974,0.0,0.0,0.0,0.0,0.0
2024-01-26,1056053.3412313974,0.0,0.0,0.0,0.0,0.0
2024-01-29,1056053.3412313974,0.0,0.0,0.0,0.0,0.0
2024-01-30,1056053.3412313974,0.0,0.0,0.0,0.0,0.0
2024-01-31,1056053.3412313974,0.0,0.0,0.0,0.0,0.0
2024-02-01,1056053.3412313974,0.0,0.0,0.0,0.0,0.0
2024-02-02,1056053.3412313974,0.0,0.0,0.0,0.0,0.0
2024-02-05,1056053.3412313974,0.0,0.0,0.0,0.0,0.0
2024-02-06,1056053.3412313974,0.0,0.0,0.0,0.0,0.0
2024-02-07,1056053.3412313974,0.0,0.0,0.0,0.0,0.0
2024-02-08,1056053.3412313974,0.0,0.0,0.0,0.0,0.0
2024-02-09,1056053.3412313974,0.0,0.0,0.0,0.0,0.0
2024-02-12,1056053.3412313974,0.0,0.0,0.0,0.0,0.0
2024-02-13,1056053.3412313974,0.0,0.0,0.0,0.0,0.0
2024-02-14,1056053.3412313974,0.0,0.0,0.0,0.0,0.0
2024-02-15,1056053.3412313974,0.0,0.0,0.0,0.0,0.0
2024-02-16,1056053.3412313974,0.0,0.0,0.0,0.0,0.0
2024-02-20,1056053.3412313974,0.0,0.0,0.0,0.0,0.0
2024-02-21,1056053.3412313974,0.0,0.0,0.0,0.0,0.0
2024-02-22,1056053.3412313974,0.0,0.0,0.0,0.0,0.0
2024-02-23,1056053.3412313974,0.0,0.0,0.0,0.0,0.0
2024-02-26,1056053.3412313974,0.0,0.0,0.0,0.0,0.0
2024-02-27,1056053.3412313974,0.0,0.0,0.0,0.0,0.0
2024-02-28,1056053.3412313974,0.0,0.0,0.0,0.0,0.0
2024-02-29,1056053.3412313974,0.0,0.0,0.0,0.0,0.0
2024-03-01,1056053.3412313974,0.0,0.0,0.0,0.0,0.0
2024-03-04,1056053.3412313974,0.0,0.0,0.0,0.0,0.0
2024-03-05,1056053.3412313974,0.0,0.0,0.0,0.0,0.0
2024-03-06,1056053.3412313974,0.0,0.0,0.0,0.0,0.0
2024-03-07,1056053.3412313974,0.0,0.0,0.0,0.0,0.0
2024-03-08,1056053.3412313974,0.0,0.0,0.0,0.0,0.0
2024-03-11,1056053.3412313974,0.0,0.0,0.0,0.0,0.0
2024-03-12,1056053.3412313974,0.0,0.0,0.0,0.0,0.0
2024-03-13,1056053.3412313974,0.0,0.0,0.0,0.0,0.0
2024-03-14,1056053.3412313974,0.0,0.0,0.0,0.0,0.0
2024-03-15,1056053.3412313974,0.0,0.0,0.0,0.0,0.0
2024-03-18,1056053.3412313974,0.0,0.0,0.0,0.0,0.0
2024-03-19,1056053.3412313974,0.0,0.0,0.0,0.0,0.0
2024-03-20,1056053.3412313974,0.0,0.0,0.0,0.0,0.0
2024-03-21,1056053.3412313974,0.0,0.0,0.0,0.0,0.0
2024-03-22,1056053.3412313974,0.0,0.0,0.0,0.0,0.0
2024-03-25,1056053.3412313974,0.0,0.0,0.0,0.0,0.0
2024-03-26,1056053.3412313974,0.0,0.0,0.0,0.0,0.0
2024-03-27,1056053.3412313974,0.0,0.0,0.0,0.0,0.0
2024-03-28,1056053.3412313974,0.0,0.0,0.0,0.0,0.0
2024-04-01,1056053.3412313974,0.0,0.0,0.0,0.0,0.0
2024-04-02,1056053.3412313974,0.0,0.0,0.0,0.0,0.0
2024-04-03,1056053.3412313974,0.0,0.0,0.0,0.0,0.0
2024-04-04,1056053.3412313974,0.0,0.0,0.0,0.0,0.0
2024-04-05,1056053.3412313974,0.0,0.0,0.0,0.0,0.0
2024-04-08,1056053.3412313974,0.0,0.0,0.0,0.0,0.0
2024-04-09,1056053.3412313974,0.0,0.0,0.0,0.0,0.0
2024-04-10,1056053.3412313974,0.0,0.0,0.0,0.0,0.0
2024-04-11,1056053.3412313974,0.0,0.0,0.0,0.0,0.0
2024-04-12,1056053.3412313974,0.0,0.0,0.0,0.0,0.0
2024-04-15,1056053.3412313974,0.0,0.0,0.0,0.0,0.0
2024-04-16,1056053.3412313974,0.0,0.0,0.0,0.0,0.0
2024-04-17,1056053.3412313974,0.0,0.0,0.0,0.0,0.0
2024-04-18,1056053.3412313974,0.0,0.0,0.0,0.0,0.0
2024-04-19,1056053.3412313974,0.0,0.0,0.0,0.0,0.0
2024-04-22,1056053.3412313974,0.0,0.0,0.0,0.0,0.0
2024-04-23,1056053.3412313974,0.0,0.0,0.0,0.0,0.0
2024-04-24,1056053.3412313974,0.0,0.0,0.0,0.0,0.0
2024-04-25,1056053.3412313974,0.0,0.0,0.0,0.0,0.0
2024-04-26,1056053.3412313974,0.0,0.0,0.0,0.0,0.0
2024-04-29,1056053.3412313974,0.0,0.0,0.0,0.0,0.0
2024-04-30,1056053.3412313974,0.0,0.0,0.0,0.0,0.0
2024-05-01,1056053.3412313974,0.0,0.0,0.0,0.0,0.0
2024-05-02,1056053.3412313974,0.0,0.0,0.0,0.0,0.0
2024-05-03,1056053.3412313974,0.0,0.0,0.0,0.0,0.0
2024-05-06,1056053.3412313974,0.0,0.0,0.0,0.0,0.0
2024-05-07,1056053.3412313974,0.0,0.0,0.0,0.0,0.0
2024-05-08,1056053.3412313974,0.0,0.0,0.0,0.0,0.0
2024-05-09,1056053.3412313974,0.0,0.0,0.0,0.0,0.0
2024-05-10,1056053.3412313974,0.0,0.0,0.0,0.0,0.0
2024-05-13,1056053.3412313974,0.0,0.0,0.0,0.0,0.0
2024-05-14,1056053.3412313974,0.0,0.0,0.0,0.0,0.0
2024-05-15,1056053.3412313974,0.0,0.0,0.0,0.0,0.0
2024-05-16,1056053.3412313974,0.0,0.0,0.0,0.0,0.0
2024-05-17,1056053.3412313974,0.0,0.0,0.0,0.0,0.0
2024-05-20,1056053.3412313974,0.0,0.0,0.0,0.0,0.0
2024-05-21,1056053.3412313974,0.0,0.0,0.0,0.0,0.0
2024-05-22,1056053.3412313974,0.0,0.0,0.0,0.0,0.0
2024-05-23,1056053.3412313974,0.0,0.0,0.0,0.0,0.0
2024-05-24,1056053.3412313974,0.0,0.0,0.0,0.0,0.0
2024-05-28,1056053.3412313974,0.0,0.0,0.0,0.0,0.0
2024-05-29,1056053.3412313974,0.0,0.0,0.0,0.0,0.0
2024-05-30,1056053.3412313974,0.0,0.0,0.0,0.0,0.0
2024-05-31,1056053.3412313974,0.0,0.0,0.0,0.0,0.0
2024-06-03,1055525.3145607817,0.0,528.0266706156987,-0.0005,-0.9137130290841136,-0.5
2024-06-04,1057975.879875296,2450.5653145142674,0.0,0.0023270573302305903,-1.068871606434292,-0.5
2024-06-05,1058761.061295899,785.1814206029551,0.0,0.0007427055702917773,-1.3361679707235121,-0.5
2024-06-06,1048530.942738039,-10230.118557860142,0.0,-0.009569881165211904,-1.490819057963808,-0.5
2024-06-07,1057596.366513795,9065.423775755962,0.0,0.008721235683513712,-1.4116353680894627,-0.5
2024-06-10,1053560.5949222648,-4035.771591530275,0.0,-0.0038014783526927136,-0.6080889058061658,-0.5
2024-06-11,1058104.6707051191,4544.075782854287,0.0,0.004331748547279451,-0.3588800571025346,-0.5
2024-06-12,1058441.5036860313,336.83298091207104,0.0,0.0003184375331705764,-0.243920950017196,-0.5
2024-06-13,1052934.640904059,-5506.862781972344,0.0,-0.005175874088940531,-0.4660725875633181,-0.5
2024-06-14,1057249.9468094034,4315.305905344504,0.0,0.004115226337448559,-0.7783393185661135,-0.5
2024-06-17,1067107.7551712627,9857.808361859239,0.0,0.009411764705882354,-1.7430531101709048,-0.5
2024-06-18,1059618.8754383614,-7488.879732901325,0.0,-0.006969014688538651,-2.0086686060324714,-0.5
2024-06-20,1068080.4827273176,8461.60728895625,0.0,0.008049801438231188,-2.0550855099905703,-0.5
2024-06-21,1065653.5523943515,-2426.9303329662057,0.0,-0.0022670840980243984,-1.9735129787151684,-0.5
2024-06-24,1058881.3034077866,-6772.248986564707,0.0,-0.006314888151557315,-1.912638475059999,-0.5
2024-06-25,1064287.206679811,5405.903272024438,0.0,0.005131494547787043,-1.825407932134011,-0.5
2024-06-26,1064515.9380803439,228.73140053294884,0.0,0.00021496130696474632,-1.8278027081130606,-0.5
2024-06-27,1069322.3957667956,4806.4576864517785,0.0,0.0045356371490280776,-1.7076264506525953,-0.5
2024-06-28,1070134.4218863843,812.0261195885842,0.0,0.0007599609162957334,-1.781476183149793,-0.5
2024-07-01,1065948.7592192928,-4185.662667091464,0.0,-0.003896103896103896,-1.202302785844051,-0.5
2024-07-02,1063420.6358145035,-2528.1234047891808,0.0,-0.0023661002366100236,-1.0430146442159312,-0.5
2024-07-03,1058171.9931913847,-5248.642623118794,0.0,-0.0049113815929959425,-0.9432021905486805,-0.5
2024-07-05,1052775.4509396649,-5396.542251719769,0.0,-0.00507399577167019,-0.9996112118587199,-0.5
2024-07-08,1059086.788834444,6311.337894779228,0.0,0.006031107819278384,-1.1472191654534436,-0.5
2024-07-09,1064836.5680797661,5749.77924532219,0.0,0.005458632131007172,-1.266516199957373,-0.5
2024-07-10,1074118.9359246285,9282.36784486236,0.0,0.008793833459993485,-1.4045054432350672,-0.5
2024-07-11,1073413.052724678,-705.8831999504678,0.0,-0.0006567425569176883,-1.212776093578992,-0.5
2024-07-12,1077287.766216246,3874.7134915679694,0.0,0.0036227906466132394,-1.1053437203443501,-0.5
2024-07-15,1103574.4898039259,26825.367470787965,538.643883108123,0.02502395480225989,0.0,0.0
2024-07-16,1103574.4898039259,0.0,0.0,0.0,0.0,0.0
2024-07-17,1103574.4898039259,0.0,0.0,0.0,0.0,0.0
2024-07-18,1103574.4898039259,0.0,0.0,0.0,0.0,0.0
2024-07-19,1103574.4898039259,0.0,0.0,0.0,0.0,0.0
2024-07-22,1103574.4898039259,0.0,0.0,0.0,0.0,0.0
2024-07-23,1103574.4898039259,0.0,0.0,0.0,0.0,0.0
2024-07-24,1103574.4898039259,0.0,0.0,0.0,0.0,0.0
2024-07-25,1103574.4898039259,0.0,0.0,0.0,0.0,0.0
2024-07-26,1103574.4898039259,0.0,0.0,0.0,0.0,0.0
2024-07-29,1103574.4898039259,0.0,0.0,0.0,0.0,0.0
2024-07-30,1103574.4898039259,0.0,0.0,0.0,0.0,0.0
2024-07-31,1103574.4898039259,0.0,0.0,0.0,0.0,0.0
2024-08-01,1103574.4898039259,0.0,0.0,0.0,0.0,0.0
2024-08-02,1103574.4898039259,0.0,0.0,0.0,0.0,0.0
2024-08-05,1103574.4898039259,0.0,0.0,0.0,0.0,0.0
2024-08-06,1103574.4898039259,0.0,0.0,0.0,0.0,0.0
2024-08-07,1103574.4898039259,0.0,0.0,0.0,0.0,0.0
2024-08-08,1103574.4898039259,0.0,0.0,0.0,0.0,0.0
2024-08-09,1103574.4898039259,0.0,0.0,0.0,0.0,0.0
2024-08-12,1103574.4898039259,0.0,0.0,0.0,0.0,0.0
2024-08-13,1103574.4898039259,0.0,0.0,0.0,0.0,0.0
2024-08-14,1103574.4898039259,0.0,0.0,0.0,0.0,0.0
2024-08-15,1103574.4898039259,0.0,0.0,0.0,0.0,0.0
2024-08-16,1103574.4898039259,0.0,0.0,0.0,0.0,0.0
2024-08-19,1103574.4898039259,0.0,0.0,0.0,0.0,0.0
2024-08-20,1103574.4898039259,0.0,0.0,0.0,0.0,0.0
2024-08-21,1103574.4898039259,0.0,0.0,0.0,0.0,0.0
2024-08-22,1103574.4898039259,0.0,0.0,0.0,0.0,0.0
2024-08-23,1103574.4898039259,0.0,0.0,0.0,0.0,0.0
2024-08-26,1103574.4898039259,0.0,0.0,0.0,0.0,0.0
2024-08-27,1103574.4898039259,0.0,0.0,0.0,0.0,0.0
2024-08-28,1103574.4898039259,0.0,0.0,0.0,0.0,0.0
2024-08-29,1103574.4898039259,0.0,0.0,0.0,0.0,0.0
2024-08-30,1103574.4898039259,0.0,0.0,0.0,0.0,0.0
2024-09-03,1103574.4898039259,0.0,0.0,0.0,0.0,0.0
2024-09-04,1103574.4898039259,0.0,0.0,0.0,0.0,0.0
2024-09-05,1103574.4898039259,0.0,0.0,0.0,0.0,0.0
2024-09-06,1103574.4898039259,0.0,0.0,0.0,0.0,0.0
2024-09-09,1103574.4898039259,0.0,0.0,0.0,0.0,0.0
2024-09-10,1103574.4898039259,0.0,0.0,0.0,0.0,0.0
2024-09-11,1103574.4898039259,0.0,0.0,0.0,0.0,0.0
2024-09-12,1103574.4898039259,0.0,0.0,0.0,0.0,0.0
2024-09-13,1103574.4898039259,0.0,0.0,0.0,0.0,0.0
2024-09-16,1103574.4898039259,0.0,0.0,0.0,0.0,0.0
2024-09-17,1103574.4898039259,0.0,0.0,0.0,0.0,0.0
2024-09-18,1103574.4898039259,0.0,0.0,0.0,0.0,0.0
2024-09-19,1103574.4898039259,0.0,0.0,0.0,0.0,0.0
2024-09-20,1103574.4898039259,0.0,0.0,0.0,0.0,0.0
2024-09-23,1103574.4898039259,0.0,0.0,0.0,0.0,0.0
2024-09-24,1103574.4898039259,0.0,0.0,0.0,0.0,0.0
2024-09-25,1103574.4898039259,0.0,0.0,0.0,0.0,0.0
2024-09-26,1103574.4898039259,0.0,0.0,0.0,0.0,0.0
2024-09-27,1103574.4898039259,0.0,0.0,0.0,0.0,0.0
2024-09-30,1103574.4898039259,0.0,0.0,0.0,0.0,0.0
2024-10-01,1103574.4898039259,0.0,0.0,0.0,0.0,0.0
2024-10-02,1103574.4898039259,0.0,0.0,0.0,0.0,0.0
2024-10-03,1103574.4898039259,0.0,0.0,0.0,0.0,0.0
2024-10-04,1103574.4898039259,0.0,0.0,0.0,0.0,0.0
2024-10-07,1103574.4898039259,0.0,0.0,0.0,0.0,0.0
2024-10-08,1103574.4898039259,0.0,0.0,0.0,0.0,0.0
2024-10-09,1103574.4898039259,0.0,0.0,0.0,0.0,0.0
2024-10-10,1103574.4898039259,0.0,0.0,0.0,0.0,0.0
2024-10-11,1103574.4898039259,0.0,0.0,0.0,0.0,0.0
2024-10-14,1103574.4898039259,0.0,0.0,0.0,0.0,0.0
2024-10-15,1103574.4898039259,0.0,0.0,0.0,0.0,0.0
2024-10-16,1103574.4898039259,0.0,0.0,0.0,0.0,0.0
2024-10-17,1103574.4898039259,0.0,0.0,0.0,0.0,0.0
2024-10-18,1103574.4898039259,0.0,0.0,0.0,0.0,0.0
2024-10-21,1103574.4898039259,0.0,0.0,0.0,0.0,0.0
2024-10-22,1103574.4898039259,0.0,0.0,0.0,0.0,0.0
2024-10-23,1103574.4898039259,0.0,0.0,0.0,0.0,0.0
2024-10-24,1103574.4898039259,0.0,0.0,0.0,0.0,0.0
2024-10-25,1103574.4898039259,0.0,0.0,0.0,0.0,0.0
2024-10-28,1103574.4898039259,0.0,0.0,0.0,0.0,0.0
2024-10-29,1103574.4898039259,0.0,0.0,0.0,0.0,0.0
2024-10-30,1103574.4898039259,0.0,0.0,0.0,0.0,0.0
2024-10-31,1103574.4898039259,0.0,0.0,0.0,0.0,0.0
2024-11-01,1103574.4898039259,0.0,0.0,0.0,0.0,0.0
2024-11-04,1103574.4898039259,0.0,0.0,0.0,0.0,0.0
2024-11-05,1103574.4898039259,0.0,0.0,0.0,0.0,0.0
2024-11-06,1103574.4898039259,0.0,0.0,0.0,0.0,0.0
2024-11-07,1103574.4898039259,0.0,0.0,0.0,0.0,0.0
2024-11-08,1103574.4898039259,0.0,0.0,0.0,0.0,0.0
2024-11-11,1103574.4898039259,0.0,0.0,0.0,0.0,0.0
2024-11-12,1103574.4898039259,0.0,0.0,0.0,0.0,0.0
2024-11-13,1103574.4898039259,0.0,0.0,0.0,0.0,0.0
2024-11-14,1103574.4898039259,0.0,0.0,0.0,0.0,0.0
2024-11-15,1103574.4898039259,0.0,0.0,0.0,0.0,0.0
2024-11-18,1103574.4898039259,0.0,0.0,0.0,0.0,0.0
2024-11-19,1103574.4898039259,0.0,0.0,0.0,0.0,0.0
2024-11-20,1103574.4898039259,0.0,0.0,0.0,0.0,0.0
2024-11-21,1103574.4898039259,0.0,0.0,0.0,0.0,0.0
2024-11-22,1103574.4898039259,0.0,0.0,0.0,0.0,0.0
2024-11-25,1103574.4898039259,0.0,0.0,0.0,0.0,0.0
2024-11-26,1103574.4898039259,0.0,0.0,0.0,0.0,0.0
2024-11-27,1103574.4898039259,0.0,0.0,0.0,0.0,0.0
2024-11-29,1103574.4898039259,0.0,0.0,0.0,0.0,0.0
2024-12-02,1103574.4898039259,0.0,0.0,0.0,0.0,0.0
2024-12-03,1103574.4898039259,0.0,0.0,0.0,0.0,0.0
2024-12-04,1103574.4898039259,0.0,0.0,0.0,0.0,0.0
2024-12-05,1103574.4898039259,0.0,0.0,0.0,0.0,0.0
2024-12-06,1103574.4898039259,0.0,0.0,0.0,0.0,0.0
2024-12-09,1103574.4898039259,0.0,0.0,0.0,0.0,0.0
2024-12-10,1103574.4898039259,0.0,0.0,0.0,0.0,0.0
2024-12-11,1103574.4898039259,0.0,0.0,0.0,0.0,0.0
2024-12-12,1103574.4898039259,0.0,0.0,0.0,0.0,0.0
2024-12-13,1103574.4898039259,0.0,0.0,0.0,0.0,0.0
2024-12-16,1103574.4898039259,0.0,0.0,0.0,0.0,0.0
2024-12-17,1103574.4898039259,0.0,0.0,0.0,0.0,0.0
2024-12-18,1103574.4898039259,0.0,0.0,0.0,0.0,0.0
2024-12-19,1103574.4898039259,0.0,0.0,0.0,0.0,0.0
2024-12-20,1103574.4898039259,0.0,0.0,0.0,0.0,0.0
2024-12-23,1103574.4898039259,0.0,0.0,0.0,0.0,0.0
2024-12-24,1103574.4898039259,0.0,0.0,0.0,0.0,0.0
2024-12-26,1103574.4898039259,0.0,0.0,0.0,0.0,0.0
2024-12-27,1103574.4898039259,0.0,0.0,0.0,0.0,0.0
2024-12-30,1103574.4898039259,0.0,0.0,0.0,0.0,0.0
2024-12-31,1103574.4898039259,0.0,0.0,0.0,0.0,0.0
2025-01-02,1103574.4898039259,0.0,0.0,0.0,0.0,0.0
2025-01-03,1103574.4898039259,0.0,0.0,0.0,0.0,0.0
2025-01-06,1103574.4898039259,0.0,0.0,0.0,0.0,0.0
2025-01-07,1103574.4898039259,0.0,0.0,0.0,0.0,0.0
2025-01-08,1103574.4898039259,0.0,0.0,0.0,0.0,0.0
2025-01-09,1103574.4898039259,0.0,0.0,0.0,0.0,0.0
2025-01-10,1103574.4898039259,0.0,0.0,0.0,0.0,0.0
2025-01-13,1103574.4898039259,0.0,0.0,0.0,0.0,0.0
2025-01-14,1103574.4898039259,0.0,0.0,0.0,0.0,0.0
2025-01-15,1103574.4898039259,0.0,0.0,0.0,0.0,0.0
2025-01-16,1103574.4898039259,0.0,0.0,0.0,0.0,0.0
2025-01-17,1103574.4898039259,0.0,0.0,0.0,0.0,0.0
2025-01-21,1103574.4898039259,0.0,0.0,0.0,0.0,0.0
2025-01-22,1103574.4898039259,0.0,0.0,0.0,0.0,0.0
2025-01-23,1103574.4898039259,0.0,0.0,0.0,0.0,0.0
2025-01-24,1103574.4898039259,0.0,0.0,0.0,0.0,0.0
2025-01-27,1103574.4898039259,0.0,0.0,0.0,0.0,0.0
2025-01-28,1103574.4898039259,0.0,0.0,0.0,0.0,0.0
2025-01-29,1103574.4898039259,0.0,0.0,0.0,0.0,0.0
2025-01-30,1103574.4898039259,0.0,0.0,0.0,0.0,0.0
2025-01-31,1103574.4898039259,0.0,0.0,0.0,0.0,0.0
2025-02-03,1103574.4898039259,0.0,0.0,0.0,0.0,0.0
2025-02-04,1103574.4898039259,0.0,0.0,0.0,0.0,0.0
2025-02-05,1103574.4898039259,0.0,0.0,0.0,0.0,0.0
2025-02-06,1103574.4898039259,0.0,0.0,0.0,0.0,0.0
2025-02-07,1103574.4898039259,0.0,0.0,0.0,0.0,0.0
2025-02-10,1103574.4898039259,0.0,0.0,0.0,0.0,0.0
2025-02-11,1103574.4898039259,0.0,0.0,0.0,0.0,0.0
2025-02-12,1103574.4898039259,0.0,0.0,0.0,0.0,0.0
2025-02-13,1103574.4898039259,0.0,0.0,0.0,0.0,0.0
2025-02-14,1103574.4898039259,0.0,0.0,0.0,0.0,0.0
2025-02-18,1103574.4898039259,0.0,0.0,0.0,0.0,0.0
2025-02-19,1103574.4898039259,0.0,0.0,0.0,0.0,0.0
2025-02-20,1103574.4898039259,0.0,0.0,0.0,0.0,0.0
2025-02-21,1103574.4898039259,0.0,0.0,0.0,0.0,0.0
2025-02-24,1103574.4898039259,0.0,0.0,0.0,0.0,0.0
2025-02-25,1103574.4898039259,0.0,0.0,0.0,0.0,0.0
2025-02-26,1103574.4898039259,0.0,0.0,0.0,0.0,0.0
2025-02-27,1103574.4898039259,0.0,0.0,0.0,0.0,0.0
2025-02-28,1103574.4898039259,0.0,0.0,0.0,0.0,0.0
2025-03-03,1103574.4898039259,0.0,0.0,0.0,0.0,0.0
2025-03-04,1103574.4898039259,0.0,0.0,0.0,0.0,0.0
2025-03-05,1103574.4898039259,0.0,0.0,0.0,0.0,0.0
2025-03-06,1103574.4898039259,0.0,0.0,0.0,0.0,0.0
2025-03-07,1103574.4898039259,0.0,0.0,0.0,0.0,0.0
2025-03-10,1103574.4898039259,0.0,0.0,0.0,0.0,0.0
2025-03-11,1103574.4898039259,0.0,0.0,0.0,0.0,0.0
2025-03-12,1103574.4898039259,0.0,0.0,0.0,0.0,0.0
2025-03-13,1103574.4898039259,0.0,0.0,0.0,0.0,0.0
2025-03-14,1103574.4898039259,0.0,0.0,0.0,0.0,0.0
2025-03-17,1103574.4898039259,0.0,0.0,0.0,0.0,0.0
2025-03-18,1103574.4898039259,0.0,0.0,0.0,0.0,0.0
2025-03-19,1103574.4898039259,0.0,0.0,0.0,0.0,0.0
2025-03-20,1103574.4898039259,0.0,0.0,0.0,0.0,0.0
2025-03-21,1103574.4898039259,0.0,0.0,0.0,0.0,0.0
2025-03-24,1103574.4898039259,0.0,0.0,0.0,0.0,0.0
2025-03-25,1103574.4898039259,0.0,0.0,0.0,0.0,0.0
2025-03-26,1103574.4898039259,0.0,0.0,0.0,0.0,0.0
2025-03-27,1103574.4898039259,0.0,0.0,0.0,0.0,0.0
2025-03-28,1103574.4898039259,0.0,0.0,0.0,0.0,0.0
2025-03-31,1103574.4898039259,0.0,0.0,0.0,0.0,0.0
2025-04-01,1103574.4898039259,0.0,0.0,0.0,0.0,0.0
2025-04-02,1103574.4898039259,0.0,0.0,0.0,0.0,0.0
2025-04-03,1103574.4898039259,0.0,0.0,0.0,0.0,0.0
2025-04-04,1103574.4898039259,0.0,0.0,0.0,0.0,0.0
2025-04-07,1103574.4898039259,0.0,0.0,0.0,0.0,0.0
2025-04-08,1103574.4898039259,0.0,0.0,0.0,0.0,0.0
2025-04-09,1103574.4898039259,0.0,0.0,0.0,0.0,0.0
2025-04-10,1103574.4898039259,0.0,0.0,0.0,0.0,0.0
2025-04-11,1103574.4898039259,0.0,0.0,0.0,0.0,0.0
2025-04-14,1103574.4898039259,0.0,0.0,0.0,0.0,0.0
2025-04-15,1103574.4898039259,0.0,0.0,0.0,0.0,0.0
2025-04-16,1103574.4898039259,0.0,0.0,0.0,0.0,0.0
2025-04-17,1103574.4898039259,0.0,0.0,0.0,0.0,0.0
2025-04-21,1103574.4898039259,0.0,0.0,0.0,0.0,0.0
2025-04-22,1103574.4898039259,0.0,0.0,0.0,0.0,0.0
2025-04-23,1103574.4898039259,0.0,0.0,0.0,0.0,0.0
2025-04-24,1103574.4898039259,0.0,0.0,0.0,0.0,0.0
2025-04-25,1103574.4898039259,0.0,0.0,0.0,0.0,0.0
2025-04-28,1103574.4898039259,0.0,0.0,0.0,0.0,0.0
2025-04-29,1103574.4898039259,0.0,0.0,0.0,0.0,0.0
2025-04-30,1103574.4898039259,0.0,0.0,0.0,0.0,0.0
2025-05-01,1103574.4898039259,0.0,0.0,0.0,0.0,0.0
2025-05-02,1103574.4898039259,0.0,0.0,0.0,0.0,0.0
2025-05-05,1103574.4898039259,0.0,0.0,0.0,0.0,0.0
2025-05-06,1103574.4898039259,0.0,0.0,0.0,0.0,0.0
2025-05-07,1103574.4898039259,0.0,0.0,0.0,0.0,0.0
2025-05-08,1103574.4898039259,0.0,0.0,0.0,0.0,0.0
2025-05-09,1103574.4898039259,0.0,0.0,0.0,0.0,0.0
2025-05-12,1103574.4898039259,0.0,0.0,0.0,0.0,0.0
2025-05-13,1103574.4898039259,0.0,0.0,0.0,0.0,0.0
2025-05-14,1103574.4898039259,0.0,0.0,0.0,0.0,0.0
2025-05-15,1103574.4898039259,0.0,0.0,0.0,0.0,0.0
2025-05-16,1103574.4898039259,0.0,0.0,0.0,0.0,0.0
2025-05-19,1103574.4898039259,0.0,0.0,0.0,0.0,0.0
2025-05-20,1103574.4898039259,0.0,0.0,0.0,0.0,0.0
2025-05-21,1103574.4898039259,0.0,0.0,0.0,0.0,0.0
2025-05-22,1103574.4898039259,0.0,0.0,0.0,0.0,0.0
2025-05-23,1103574.4898039259,0.0,0.0,0.0,0.0,0.0
2025-05-27,1103574.4898039259,0.0,0.0,0.0,0.0,0.0
2025-05-28,1103574.4898039259,0.0,0.0,0.0,0.0,0.0
2025-05-29,1103574.4898039259,0.0,0.0,0.0,0.0,0.0
2025-05-30,1103574.4898039259,0.0,0.0,0.0,0.0,0.0
