date,portfolio_value,daily_pnl,transaction_costs,portfolio_return,soybeans_signal,soybeans_position
2003-09-24,1000000.0,0.0,0.0,0.0,0.0,0.0
2003-09-25,1000000.0,0.0,0.0,0.0,0.0,0.0
2003-09-26,1000000.0,0.0,0.0,0.0,0.0,0.0
2003-09-29,1000000.0,0.0,0.0,0.0,0.0,0.0
2003-09-30,1000000.0,0.0,0.0,0.0,0.0,0.0
2003-10-01,1000000.0,0.0,0.0,0.0,0.0,0.0
2003-10-02,1000000.0,0.0,0.0,0.0,0.0,0.0
2003-10-03,1000000.0,0.0,0.0,0.0,0.0,0.0
2003-10-06,1000000.0,0.0,0.0,0.0,0.0,0.0
2003-10-07,1000000.0,0.0,0.0,0.0,0.0,0.0
2003-10-08,1000000.0,0.0,0.0,0.0,0.0,0.0
2003-10-09,1000000.0,0.0,0.0,0.0,0.0,0.0
2003-10-10,1000000.0,0.0,0.0,0.0,0.0,0.0
2003-10-13,1000000.0,0.0,0.0,0.0,0.0,0.0
2003-10-14,1000000.0,0.0,0.0,0.0,0.0,0.0
2003-10-15,1000000.0,0.0,0.0,0.0,0.0,0.0
2003-10-16,1000000.0,0.0,0.0,0.0,0.0,0.0
2003-10-17,1000000.0,0.0,0.0,0.0,0.0,0.0
2003-10-20,1000000.0,0.0,0.0,0.0,0.0,0.0
2003-10-21,1000000.0,0.0,0.0,0.0,0.0,0.0
2003-10-22,1000000.0,0.0,0.0,0.0,0.0,0.0
2003-10-23,1000000.0,0.0,0.0,0.0,0.0,0.0
2003-10-24,1000000.0,0.0,0.0,0.0,0.0,0.0
2003-10-27,1000000.0,0.0,0.0,0.0,0.0,0.0
2003-10-28,1000000.0,0.0,0.0,0.0,0.0,0.0
2003-10-29,1000000.0,0.0,0.0,0.0,0.0,0.0
2003-10-30,1000000.0,0.0,0.0,0.0,0.0,0.0
2003-10-31,1000000.0,0.0,0.0,0.0,0.0,0.0
2003-11-03,1000000.0,0.0,0.0,0.0,0.0,0.0
2003-11-04,1000000.0,0.0,0.0,0.0,0.0,0.0
2003-11-05,1000000.0,0.0,0.0,0.0,0.0,0.0
2003-11-06,1000000.0,0.0,0.0,0.0,0.0,0.0
2003-11-07,1000000.0,0.0,0.0,0.0,0.0,0.0
2003-11-10,1000000.0,0.0,0.0,0.0,0.0,0.0
2003-11-11,1000000.0,0.0,0.0,0.0,0.0,0.0
2003-11-12,1000000.0,0.0,0.0,0.0,0.0,0.0
2003-11-13,1000000.0,0.0,0.0,0.0,0.0,0.0
2003-11-14,1000000.0,0.0,0.0,0.0,0.0,0.0
2003-11-17,1000000.0,0.0,0.0,0.0,0.0,0.0
2003-11-18,1000000.0,0.0,0.0,0.0,0.0,0.0
2003-11-19,1000000.0,0.0,0.0,0.0,0.0,0.0
2003-11-20,1000000.0,0.0,0.0,0.0,0.0,0.0
2003-11-21,1000000.0,0.0,0.0,0.0,0.0,0.0
2003-11-24,1000000.0,0.0,0.0,0.0,0.0,0.0
2003-11-25,1000000.0,0.0,0.0,0.0,0.0,0.0
2003-11-26,1000000.0,0.0,0.0,0.0,0.0,0.0
2003-11-28,1000000.0,0.0,0.0,0.0,0.0,0.0
2003-12-01,1000000.0,0.0,0.0,0.0,0.0,0.0
2003-12-02,1000000.0,0.0,0.0,0.0,0.0,0.0
2003-12-03,1000000.0,0.0,0.0,0.0,0.0,0.0
2003-12-04,1000000.0,0.0,0.0,0.0,0.0,0.0
2003-12-05,1000000.0,0.0,0.0,0.0,0.0,0.0
2003-12-08,1000000.0,0.0,0.0,0.0,0.0,0.0
2003-12-09,1000000.0,0.0,0.0,0.0,0.0,0.0
2003-12-10,1000000.0,0.0,0.0,0.0,0.0,0.0
2003-12-11,1000000.0,0.0,0.0,0.0,0.0,0.0
2003-12-12,1000000.0,0.0,0.0,0.0,0.0,0.0
2003-12-15,1000000.0,0.0,0.0,0.0,0.0,0.0
2003-12-16,1000000.0,0.0,0.0,0.0,0.0,0.0
2003-12-17,1000000.0,0.0,0.0,0.0,0.0,0.0
2003-12-18,1000000.0,0.0,0.0,0.0,0.0,0.0
2003-12-19,1000000.0,0.0,0.0,0.0,0.0,0.0
2003-12-22,1000000.0,0.0,0.0,0.0,0.0,0.0
2003-12-23,1000000.0,0.0,0.0,0.0,0.0,0.0
2003-12-24,1000000.0,0.0,0.0,0.0,0.0,0.0
2003-12-26,1000000.0,0.0,0.0,0.0,0.0,0.0
2003-12-29,1000000.0,0.0,0.0,0.0,0.0,0.0
2003-12-30,1000000.0,0.0,0.0,0.0,0.0,0.0
2003-12-31,1000000.0,0.0,0.0,0.0,0.0,0.0
2004-01-02,1000000.0,0.0,0.0,0.0,0.0,0.0
2004-01-05,1000000.0,0.0,0.0,0.0,0.0,0.0
2004-01-06,1000000.0,0.0,0.0,0.0,0.0,0.0
2004-01-07,1000000.0,0.0,0.0,0.0,0.0,0.0
2004-01-08,1000000.0,0.0,0.0,0.0,0.0,0.0
2004-01-09,1000000.0,0.0,0.0,0.0,0.0,0.0
2004-01-12,1000000.0,0.0,0.0,0.0,0.0,0.0
2004-01-13,1000000.0,0.0,0.0,0.0,0.0,0.0
2004-01-14,1000000.0,0.0,0.0,0.0,0.0,0.0
2004-01-15,1000000.0,0.0,0.0,0.0,0.0,0.0
2004-01-16,1000000.0,0.0,0.0,0.0,0.0,0.0
2004-01-20,1000000.0,0.0,0.0,0.0,0.0,0.0
2004-01-21,1000000.0,0.0,0.0,0.0,0.0,0.0
2004-01-22,1000000.0,0.0,0.0,0.0,0.0,0.0
2004-01-23,1000000.0,0.0,0.0,0.0,0.0,0.0
2004-01-26,1000000.0,0.0,0.0,0.0,0.0,0.0
2004-01-27,1000000.0,0.0,0.0,0.0,0.0,0.0
2004-01-28,1000000.0,0.0,0.0,0.0,0.0,0.0
2004-01-29,1000000.0,0.0,0.0,0.0,0.0,0.0
2004-01-30,1000000.0,0.0,0.0,0.0,0.0,0.0
2004-02-02,1000000.0,0.0,0.0,0.0,0.0,0.0
2004-02-03,1000000.0,0.0,0.0,0.0,0.0,0.0
2004-02-04,1000000.0,0.0,0.0,0.0,0.0,0.0
2004-02-05,1000000.0,0.0,0.0,0.0,0.0,0.0
2004-02-06,1000000.0,0.0,0.0,0.0,0.0,0.0
2004-02-09,1000000.0,0.0,0.0,0.0,0.0,0.0
2004-02-10,1000000.0,0.0,0.0,0.0,0.0,0.0
2004-02-11,1000000.0,0.0,0.0,0.0,0.0,0.0
2004-02-12,1000000.0,0.0,0.0,0.0,0.0,0.0
2004-02-13,1000000.0,0.0,0.0,0.0,0.0,0.0
2004-02-17,1000000.0,0.0,0.0,0.0,0.0,0.0
2004-02-18,1000000.0,0.0,0.0,0.0,0.0,0.0
2004-02-19,1000000.0,0.0,0.0,0.0,0.0,0.0
2004-02-20,1000000.0,0.0,0.0,0.0,0.0,0.0
2004-02-23,1000000.0,0.0,0.0,0.0,0.0,0.0
2004-02-24,1000000.0,0.0,0.0,0.0,0.0,0.0
2004-02-25,1000000.0,0.0,0.0,0.0,0.0,0.0
2004-02-26,1000000.0,0.0,0.0,0.0,0.0,0.0
2004-02-27,1000000.0,0.0,0.0,0.0,0.0,0.0
2004-03-01,1000000.0,0.0,0.0,0.0,0.0,0.0
2004-03-02,1000000.0,0.0,0.0,0.0,0.0,0.0
2004-03-03,1000000.0,0.0,0.0,0.0,0.0,0.0
2004-03-04,1000000.0,0.0,0.0,0.0,0.0,0.0
2004-03-05,1000000.0,0.0,0.0,0.0,0.0,0.0
2004-03-08,1000000.0,0.0,0.0,0.0,0.0,0.0
2004-03-09,1000000.0,0.0,0.0,0.0,0.0,0.0
2004-03-10,1000000.0,0.0,0.0,0.0,0.0,0.0
2004-03-11,1000000.0,0.0,0.0,0.0,0.0,0.0
2004-03-12,1000000.0,0.0,0.0,0.0,0.0,0.0
2004-03-15,1000000.0,0.0,0.0,0.0,0.0,0.0
2004-03-16,1000000.0,0.0,0.0,0.0,0.0,0.0
2004-03-17,1000000.0,0.0,0.0,0.0,0.0,0.0
2004-03-18,1000000.0,0.0,0.0,0.0,0.0,0.0
2004-03-19,1000000.0,0.0,0.0,0.0,0.0,0.0
2004-03-22,1000000.0,0.0,0.0,0.0,0.0,0.0
2004-03-23,1000000.0,0.0,0.0,0.0,0.0,0.0
2004-03-24,1000000.0,0.0,0.0,0.0,0.0,0.0
2004-03-25,1000000.0,0.0,0.0,0.0,0.0,0.0
2004-03-26,1000000.0,0.0,0.0,0.0,0.0,0.0
2004-03-29,1000000.0,0.0,0.0,0.0,0.0,0.0
2004-03-30,1000000.0,0.0,0.0,0.0,0.0,0.0
2004-03-31,1000000.0,0.0,0.0,0.0,0.0,0.0
2004-04-01,1000000.0,0.0,0.0,0.0,0.0,0.0
2004-04-02,1000000.0,0.0,0.0,0.0,0.0,0.0
2004-04-05,1000000.0,0.0,0.0,0.0,0.0,0.0
2004-04-06,1000000.0,0.0,0.0,0.0,0.0,0.0
2004-04-07,1000000.0,0.0,0.0,0.0,0.0,0.0
2004-04-08,1000000.0,0.0,0.0,0.0,0.0,0.0
2004-04-12,1000000.0,0.0,0.0,0.0,0.0,0.0
2004-04-13,1000000.0,0.0,0.0,0.0,0.0,0.0
2004-04-14,1000000.0,0.0,0.0,0.0,0.0,0.0
2004-04-15,1000000.0,0.0,0.0,0.0,0.0,0.0
2004-04-16,1000000.0,0.0,0.0,0.0,0.0,0.0
2004-04-19,1000000.0,0.0,0.0,0.0,0.0,0.0
2004-04-20,1000000.0,0.0,0.0,0.0,0.0,0.0
2004-04-21,1000000.0,0.0,0.0,0.0,0.0,0.0
2004-04-22,1000000.0,0.0,0.0,0.0,0.0,0.0
2004-04-23,1000000.0,0.0,0.0,0.0,0.0,0.0
2004-04-26,1000000.0,0.0,0.0,0.0,0.0,0.0
2004-04-27,1000000.0,0.0,0.0,0.0,0.0,0.0
2004-04-28,1000000.0,0.0,0.0,0.0,0.0,0.0
2004-04-29,1000000.0,0.0,0.0,0.0,0.0,0.0
2004-04-30,1000000.0,0.0,0.0,0.0,0.0,0.0
2004-05-03,1000000.0,0.0,0.0,0.0,0.0,0.0
2004-05-04,1000000.0,0.0,0.0,0.0,0.0,0.0
2004-05-05,1000000.0,0.0,0.0,0.0,0.0,0.0
2004-05-06,1000000.0,0.0,0.0,0.0,0.0,0.0
2004-05-07,1000000.0,0.0,0.0,0.0,0.0,0.0
2004-05-10,1000000.0,0.0,0.0,0.0,0.0,0.0
2004-05-11,1000000.0,0.0,0.0,0.0,0.0,0.0
2004-05-12,1000000.0,0.0,0.0,0.0,0.0,0.0
2004-05-13,1000000.0,0.0,0.0,0.0,0.0,0.0
2004-05-14,1000000.0,0.0,0.0,0.0,0.0,0.0
2004-05-17,1000000.0,0.0,0.0,0.0,0.0,0.0
2004-05-18,1000000.0,0.0,0.0,0.0,0.0,0.0
2004-05-19,1000000.0,0.0,0.0,0.0,0.0,0.0
2004-05-20,1000000.0,0.0,0.0,0.0,0.0,0.0
2004-05-21,1000000.0,0.0,0.0,0.0,0.0,0.0
2004-05-24,1000000.0,0.0,0.0,0.0,0.0,0.0
2004-05-25,1000000.0,0.0,0.0,0.0,0.0,0.0
2004-05-26,1000000.0,0.0,0.0,0.0,0.0,0.0
2004-05-27,1000000.0,0.0,0.0,0.0,0.0,0.0
2004-05-28,1000000.0,0.0,0.0,0.0,0.0,0.0
2004-06-01,1000000.0,0.0,0.0,0.0,0.0,0.0
2004-06-02,1000000.0,0.0,0.0,0.0,0.0,0.0
2004-06-03,1000000.0,0.0,0.0,0.0,0.0,0.0
2004-06-04,1000000.0,0.0,0.0,0.0,0.0,0.0
2004-06-07,1000000.0,0.0,0.0,0.0,0.0,0.0
2004-06-08,1000000.0,0.0,0.0,0.0,0.0,0.0
2004-06-09,1000000.0,0.0,0.0,0.0,0.0,0.0
2004-06-10,1000000.0,0.0,0.0,0.0,0.0,0.0
2004-06-11,1000000.0,0.0,0.0,0.0,0.0,0.0
2004-06-14,1000000.0,0.0,0.0,0.0,0.0,0.0
2004-06-15,1000000.0,0.0,0.0,0.0,0.0,0.0
2004-06-16,1000000.0,0.0,0.0,0.0,0.0,0.0
2004-06-17,1000000.0,0.0,0.0,0.0,0.0,0.0
2004-06-18,1000000.0,0.0,0.0,0.0,0.0,0.0
2004-06-21,1000000.0,0.0,0.0,0.0,0.0,0.0
2004-06-22,1000000.0,0.0,0.0,0.0,0.0,0.0
2004-06-23,1000000.0,0.0,0.0,0.0,0.0,0.0
2004-06-24,1000000.0,0.0,0.0,0.0,0.0,0.0
2004-06-25,1000000.0,0.0,0.0,0.0,0.0,0.0
2004-06-28,1000000.0,0.0,0.0,0.0,0.0,0.0
2004-06-29,1000000.0,0.0,0.0,0.0,0.0,0.0
2004-06-30,1000000.0,0.0,0.0,0.0,0.0,0.0
2004-07-01,1000000.0,0.0,0.0,0.0,0.0,0.0
2004-07-02,999500.0,0.0,500.0,-0.0005,0.061421528854540705,0.5
2004-07-06,1020277.5251463545,21277.27514635444,499.75,0.02124007612833061,0.0,0.0
2004-07-07,1020277.5251463545,0.0,0.0,0.0,0.0,0.0
2004-07-08,1020277.5251463545,0.0,0.0,0.0,0.0,0.0
2004-07-09,1020277.5251463545,0.0,0.0,0.0,0.0,0.0
2004-07-12,1020277.5251463545,0.0,0.0,0.0,0.0,0.0
2004-07-13,1020277.5251463545,0.0,0.0,0.0,0.0,0.0
2004-07-14,1020277.5251463545,0.0,0.0,0.0,0.0,0.0
2004-07-15,1020277.5251463545,0.0,0.0,0.0,0.0,0.0
2004-07-16,1020277.5251463545,0.0,0.0,0.0,0.0,0.0
2004-07-19,1020277.5251463545,0.0,0.0,0.0,0.0,0.0
2004-07-20,1020277.5251463545,0.0,0.0,0.0,0.0,0.0
2004-07-21,1020277.5251463545,0.0,0.0,0.0,0.0,0.0
2004-07-22,1020277.5251463545,0.0,0.0,0.0,0.0,0.0
2004-07-23,1020277.5251463545,0.0,0.0,0.0,0.0,0.0
2004-07-26,1020277.5251463545,0.0,0.0,0.0,0.0,0.0
2004-07-27,1020277.5251463545,0.0,0.0,0.0,0.0,0.0
2004-07-28,1020277.5251463545,0.0,0.0,0.0,0.0,0.0
2004-07-29,1020277.5251463545,0.0,0.0,0.0,0.0,0.0
2004-07-30,1020277.5251463545,0.0,0.0,0.0,0.0,0.0
2004-08-02,1020277.5251463545,0.0,0.0,0.0,0.0,0.0
2004-08-03,1020277.5251463545,0.0,0.0,0.0,0.0,0.0
2004-08-04,1020277.5251463545,0.0,0.0,0.0,0.0,0.0
2004-08-05,1020277.5251463545,0.0,0.0,0.0,0.0,0.0
2004-08-06,1020277.5251463545,0.0,0.0,0.0,0.0,0.0
2004-08-09,1020277.5251463545,0.0,0.0,0.0,0.0,0.0
2004-08-10,1020277.5251463545,0.0,0.0,0.0,0.0,0.0
2004-08-11,1020277.5251463545,0.0,0.0,0.0,0.0,0.0
2004-08-12,1020277.5251463545,0.0,0.0,0.0,0.0,0.0
2004-08-13,1020277.5251463545,0.0,0.0,0.0,0.0,0.0
2004-08-16,1020277.5251463545,0.0,0.0,0.0,0.0,0.0
2004-08-17,1020277.5251463545,0.0,0.0,0.0,0.0,0.0
2004-08-18,1020277.5251463545,0.0,0.0,0.0,0.0,0.0
2004-08-19,1020277.5251463545,0.0,0.0,0.0,0.0,0.0
2004-08-20,1020277.5251463545,0.0,0.0,0.0,0.0,0.0
2004-08-23,1020277.5251463545,0.0,0.0,0.0,0.0,0.0
2004-08-24,1020277.5251463545,0.0,0.0,0.0,0.0,0.0
2004-08-25,1020277.5251463545,0.0,0.0,0.0,0.0,0.0
2004-08-26,1020277.5251463545,0.0,0.0,0.0,0.0,0.0
2004-08-27,1020277.5251463545,0.0,0.0,0.0,0.0,0.0
2004-08-30,1020277.5251463545,0.0,0.0,0.0,0.0,0.0
2004-08-31,1020277.5251463545,0.0,0.0,0.0,0.0,0.0
2004-09-01,1020277.5251463545,0.0,0.0,0.0,0.0,0.0
2004-09-02,1020277.5251463545,0.0,0.0,0.0,0.0,0.0
2004-09-03,1020277.5251463545,0.0,0.0,0.0,0.0,0.0
2004-09-07,1020277.5251463545,0.0,0.0,0.0,0.0,0.0
2004-09-08,1020277.5251463545,0.0,0.0,0.0,0.0,0.0
2004-09-09,1020277.5251463545,0.0,0.0,0.0,0.0,0.0
2004-09-10,1020277.5251463545,0.0,0.0,0.0,0.0,0.0
2004-09-13,1020277.5251463545,0.0,0.0,0.0,0.0,0.0
2004-09-14,1020277.5251463545,0.0,0.0,0.0,0.0,0.0
2004-09-15,1020277.5251463545,0.0,0.0,0.0,0.0,0.0
2004-09-16,1020277.5251463545,0.0,0.0,0.0,0.0,0.0
2004-09-17,1020277.5251463545,0.0,0.0,0.0,0.0,0.0
2004-09-20,1020277.5251463545,0.0,0.0,0.0,0.0,0.0
2004-09-21,1020277.5251463545,0.0,0.0,0.0,0.0,0.0
2004-09-22,1020277.5251463545,0.0,0.0,0.0,0.0,0.0
2004-09-23,1020277.5251463545,0.0,0.0,0.0,0.0,0.0
2004-09-24,1020277.5251463545,0.0,0.0,0.0,0.0,0.0
2004-09-27,1020277.5251463545,0.0,0.0,0.0,0.0,0.0
2004-09-28,1020277.5251463545,0.0,0.0,0.0,0.0,0.0
2004-09-29,1020277.5251463545,0.0,0.0,0.0,0.0,0.0
2004-09-30,1020277.5251463545,0.0,0.0,0.0,0.0,0.0
2004-10-01,1020277.5251463545,0.0,0.0,0.0,0.0,0.0
2004-10-04,1020277.5251463545,0.0,0.0,0.0,0.0,0.0
2004-10-05,1020277.5251463545,0.0,0.0,0.0,0.0,0.0
2004-10-06,1020277.5251463545,0.0,0.0,0.0,0.0,0.0
2004-10-07,1020277.5251463545,0.0,0.0,0.0,0.0,0.0
2004-10-08,1020277.5251463545,0.0,0.0,0.0,0.0,0.0
2004-10-11,1020277.5251463545,0.0,0.0,0.0,0.0,0.0
2004-10-12,1020277.5251463545,0.0,0.0,0.0,0.0,0.0
2004-10-13,1020277.5251463545,0.0,0.0,0.0,0.0,0.0
2004-10-14,1020277.5251463545,0.0,0.0,0.0,0.0,0.0
2004-10-15,1020277.5251463545,0.0,0.0,0.0,0.0,0.0
2004-10-18,1020277.5251463545,0.0,0.0,0.0,0.0,0.0
2004-10-19,1020277.5251463545,0.0,0.0,0.0,0.0,0.0
2004-10-20,1020277.5251463545,0.0,0.0,0.0,0.0,0.0
2004-10-21,1020277.5251463545,0.0,0.0,0.0,0.0,0.0
2004-10-22,1020277.5251463545,0.0,0.0,0.0,0.0,0.0
2004-10-25,1020277.5251463545,0.0,0.0,0.0,0.0,0.0
2004-10-26,1020277.5251463545,0.0,0.0,0.0,0.0,0.0
2004-10-27,1020277.5251463545,0.0,0.0,0.0,0.0,0.0
2004-10-28,1020277.5251463545,0.0,0.0,0.0,0.0,0.0
2004-10-29,1020277.5251463545,0.0,0.0,0.0,0.0,0.0
2004-11-01,1020277.5251463545,0.0,0.0,0.0,0.0,0.0
2004-11-02,1020277.5251463545,0.0,0.0,0.0,0.0,0.0
2004-11-03,1020277.5251463545,0.0,0.0,0.0,0.0,0.0
2004-11-04,1020277.5251463545,0.0,0.0,0.0,0.0,0.0
2004-11-05,1020277.5251463545,0.0,0.0,0.0,0.0,0.0
2004-11-08,1020277.5251463545,0.0,0.0,0.0,0.0,0.0
2004-11-09,1020277.5251463545,0.0,0.0,0.0,0.0,0.0
2004-11-10,1020277.5251463545,0.0,0.0,0.0,0.0,0.0
2004-11-11,1020277.5251463545,0.0,0.0,0.0,0.0,0.0
2004-11-12,1020277.5251463545,0.0,0.0,0.0,0.0,0.0
2004-11-15,1020277.5251463545,0.0,0.0,0.0,0.0,0.0
2004-11-16,1020277.5251463545,0.0,0.0,0.0,0.0,0.0
2004-11-17,1020277.5251463545,0.0,0.0,0.0,0.0,0.0
2004-11-18,1020277.5251463545,0.0,0.0,0.0,0.0,0.0
2004-11-19,1020277.5251463545,0.0,0.0,0.0,0.0,0.0
2004-11-22,1020277.5251463545,0.0,0.0,0.0,0.0,0.0
2004-11-23,1020277.5251463545,0.0,0.0,0.0,0.0,0.0
2004-11-24,1020277.5251463545,0.0,0.0,0.0,0.0,0.0
2004-11-26,1020277.5251463545,0.0,0.0,0.0,0.0,0.0
2004-11-29,1020277.5251463545,0.0,0.0,0.0,0.0,0.0
2004-11-30,1020277.5251463545,0.0,0.0,0.0,0.0,0.0
2004-12-01,1020277.5251463545,0.0,0.0,0.0,0.0,0.0
2004-12-02,1020277.5251463545,0.0,0.0,0.0,0.0,0.0
2004-12-03,1020277.5251463545,0.0,0.0,0.0,0.0,0.0
2004-12-06,1020277.5251463545,0.0,0.0,0.0,0.0,0.0
2004-12-07,1020277.5251463545,0.0,0.0,0.0,0.0,0.0
2004-12-08,1020277.5251463545,0.0,0.0,0.0,0.0,0.0
2004-12-09,1020277.5251463545,0.0,0.0,0.0,0.0,0.0
2004-12-10,1020277.5251463545,0.0,0.0,0.0,0.0,0.0
2004-12-13,1020277.5251463545,0.0,0.0,0.0,0.0,0.0
2004-12-14,1020277.5251463545,0.0,0.0,0.0,0.0,0.0
2004-12-15,1020277.5251463545,0.0,0.0,0.0,0.0,0.0
2004-12-16,1020277.5251463545,0.0,0.0,0.0,0.0,0.0
2004-12-17,1020277.5251463545,0.0,0.0,0.0,0.0,0.0
2004-12-20,1020277.5251463545,0.0,0.0,0.0,0.0,0.0
2004-12-21,1020277.5251463545,0.0,0.0,0.0,0.0,0.0
2004-12-22,1020277.5251463545,0.0,0.0,0.0,0.0,0.0
2004-12-23,1020277.5251463545,0.0,0.0,0.0,0.0,0.0
2004-12-27,1020277.5251463545,0.0,0.0,0.0,0.0,0.0
2004-12-28,1020277.5251463545,0.0,0.0,0.0,0.0,0.0
2004-12-29,1020277.5251463545,0.0,0.0,0.0,0.0,0.0
2004-12-30,1020277.5251463545,0.0,0.0,0.0,0.0,0.0
2004-12-31,1020277.5251463545,0.0,0.0,0.0,0.0,0.0
2005-01-03,1020277.5251463545,0.0,0.0,0.0,0.0,0.0
2005-01-04,1020277.5251463545,0.0,0.0,0.0,0.0,0.0
2005-01-05,1020277.5251463545,0.0,0.0,0.0,0.0,0.0
2005-01-06,1020277.5251463545,0.0,0.0,0.0,0.0,0.0
2005-01-07,1020277.5251463545,0.0,0.0,0.0,0.0,0.0
2005-01-10,1020277.5251463545,0.0,0.0,0.0,0.0,0.0
2005-01-11,1020277.5251463545,0.0,0.0,0.0,0.0,0.0
2005-01-12,1020277.5251463545,0.0,0.0,0.0,0.0,0.0
2005-01-13,1020277.5251463545,0.0,0.0,0.0,0.0,0.0
2005-01-14,1020277.5251463545,0.0,0.0,0.0,0.0,0.0
2005-01-18,1020277.5251463545,0.0,0.0,0.0,0.0,0.0
2005-01-19,1020277.5251463545,0.0,0.0,0.0,0.0,0.0
2005-01-20,1020277.5251463545,0.0,0.0,0.0,0.0,0.0
2005-01-21,1020277.5251463545,0.0,0.0,0.0,0.0,0.0
2005-01-24,1020277.5251463545,0.0,0.0,0.0,0.0,0.0
2005-01-25,1020277.5251463545,0.0,0.0,0.0,0.0,0.0
2005-01-26,1020277.5251463545,0.0,0.0,0.0,0.0,0.0
2005-01-27,1020277.5251463545,0.0,0.0,0.0,0.0,0.0
2005-01-28,1020277.5251463545,0.0,0.0,0.0,0.0,0.0
2005-01-31,1020277.5251463545,0.0,0.0,0.0,0.0,0.0
2005-02-01,1020277.5251463545,0.0,0.0,0.0,0.0,0.0
2005-02-02,1020277.5251463545,0.0,0.0,0.0,0.0,0.0
2005-02-03,1020277.5251463545,0.0,0.0,0.0,0.0,0.0
2005-02-04,1020277.5251463545,0.0,0.0,0.0,0.0,0.0
2005-02-07,1020277.5251463545,0.0,0.0,0.0,0.0,0.0
2005-02-08,1020277.5251463545,0.0,0.0,0.0,0.0,0.0
2005-02-09,1020277.5251463545,0.0,0.0,0.0,0.0,0.0
2005-02-10,1020277.5251463545,0.0,0.0,0.0,0.0,0.0
2005-02-11,1020277.5251463545,0.0,0.0,0.0,0.0,0.0
2005-02-14,1020277.5251463545,0.0,0.0,0.0,0.0,0.0
2005-02-15,1020277.5251463545,0.0,0.0,0.0,0.0,0.0
2005-02-16,1020277.5251463545,0.0,0.0,0.0,0.0,0.0
2005-02-17,1020277.5251463545,0.0,0.0,0.0,0.0,0.0
2005-02-18,1020277.5251463545,0.0,0.0,0.0,0.0,0.0
2005-02-22,1020277.5251463545,0.0,0.0,0.0,0.0,0.0
2005-02-23,1020277.5251463545,0.0,0.0,0.0,0.0,0.0
2005-02-24,1020277.5251463545,0.0,0.0,0.0,0.0,0.0
2005-02-25,1020277.5251463545,0.0,0.0,0.0,0.0,0.0
2005-02-28,1020277.5251463545,0.0,0.0,0.0,0.0,0.0
2005-03-01,1020277.5251463545,0.0,0.0,0.0,0.0,0.0
2005-03-02,1020277.5251463545,0.0,0.0,0.0,0.0,0.0
2005-03-03,1020277.5251463545,0.0,0.0,0.0,0.0,0.0
2005-03-04,1020277.5251463545,0.0,0.0,0.0,0.0,0.0
2005-03-07,1020277.5251463545,0.0,0.0,0.0,0.0,0.0
2005-03-08,1020277.5251463545,0.0,0.0,0.0,0.0,0.0
2005-03-09,1020277.5251463545,0.0,0.0,0.0,0.0,0.0
2005-03-10,1020277.5251463545,0.0,0.0,0.0,0.0,0.0
2005-03-11,1020277.5251463545,0.0,0.0,0.0,0.0,0.0
2005-03-14,1020277.5251463545,0.0,0.0,0.0,0.0,0.0
2005-03-15,1020277.5251463545,0.0,0.0,0.0,0.0,0.0
2005-03-16,1020277.5251463545,0.0,0.0,0.0,0.0,0.0
2005-03-17,1020277.5251463545,0.0,0.0,0.0,0.0,0.0
2005-03-18,1020277.5251463545,0.0,0.0,0.0,0.0,0.0
2005-03-21,1020277.5251463545,0.0,0.0,0.0,0.0,0.0
2005-03-22,1020277.5251463545,0.0,0.0,0.0,0.0,0.0
2005-03-23,1020277.5251463545,0.0,0.0,0.0,0.0,0.0
2005-03-24,1020277.5251463545,0.0,0.0,0.0,0.0,0.0
2005-03-28,1020277.5251463545,0.0,0.0,0.0,0.0,0.0
2005-03-29,1020277.5251463545,0.0,0.0,0.0,0.0,0.0
2005-03-30,1020277.5251463545,0.0,0.0,0.0,0.0,0.0
2005-03-31,1020277.5251463545,0.0,0.0,0.0,0.0,0.0
2005-04-01,1020277.5251463545,0.0,0.0,0.0,0.0,0.0
2005-04-04,1020277.5251463545,0.0,0.0,0.0,0.0,0.0
2005-04-05,1020277.5251463545,0.0,0.0,0.0,0.0,0.0
2005-04-06,1020277.5251463545,0.0,0.0,0.0,0.0,0.0
2005-04-07,1020277.5251463545,0.0,0.0,0.0,0.0,0.0
2005-04-08,1020277.5251463545,0.0,0.0,0.0,0.0,0.0
2005-04-11,1020277.5251463545,0.0,0.0,0.0,0.0,0.0
2005-04-12,1020277.5251463545,0.0,0.0,0.0,0.0,0.0
2005-04-13,1020277.5251463545,0.0,0.0,0.0,0.0,0.0
2005-04-14,1020277.5251463545,0.0,0.0,0.0,0.0,0.0
2005-04-15,1020277.5251463545,0.0,0.0,0.0,0.0,0.0
2005-04-18,1020277.5251463545,0.0,0.0,0.0,0.0,0.0
2005-04-19,1020277.5251463545,0.0,0.0,0.0,0.0,0.0
2005-04-20,1020277.5251463545,0.0,0.0,0.0,0.0,0.0
2005-04-21,1020277.5251463545,0.0,0.0,0.0,0.0,0.0
2005-04-22,1020277.5251463545,0.0,0.0,0.0,0.0,0.0
2005-04-25,1020277.5251463545,0.0,0.0,0.0,0.0,0.0
2005-04-26,1020277.5251463545,0.0,0.0,0.0,0.0,0.0
2005-04-27,1020277.5251463545,0.0,0.0,0.0,0.0,0.0
2005-04-28,1020277.5251463545,0.0,0.0,0.0,0.0,0.0
2005-04-29,1020277.5251463545,0.0,0.0,0.0,0.0,0.0
2005-05-02,1020277.5251463545,0.0,0.0,0.0,0.0,0.0
2005-05-03,1020277.5251463545,0.0,0.0,0.0,0.0,0.0
2005-05-04,1020277.5251463545,0.0,0.0,0.0,0.0,0.0
2005-05-05,1020277.5251463545,0.0,0.0,0.0,0.0,0.0
2005-05-06,1020277.5251463545,0.0,0.0,0.0,0.0,0.0
2005-05-09,1020277.5251463545,0.0,0.0,0.0,0.0,0.0
2005-05-10,1020277.5251463545,0.0,0.0,0.0,0.0,0.0
2005-05-11,1020277.5251463545,0.0,0.0,0.0,0.0,0.0
2005-05-12,1020277.5251463545,0.0,0.0,0.0,0.0,0.0
2005-05-13,1020277.5251463545,0.0,0.0,0.0,0.0,0.0
2005-05-16,1020277.5251463545,0.0,0.0,0.0,0.0,0.0
2005-05-17,1020277.5251463545,0.0,0.0,0.0,0.0,0.0
2005-05-18,1020277.5251463545,0.0,0.0,0.0,0.0,0.0
2005-05-19,1020277.5251463545,0.0,0.0,0.0,0.0,0.0
2005-05-20,1020277.5251463545,0.0,0.0,0.0,0.0,0.0
2005-05-23,1020277.5251463545,0.0,0.0,0.0,0.0,0.0
2005-05-24,1020277.5251463545,0.0,0.0,0.0,0.0,0.0
2005-05-25,1020277.5251463545,0.0,0.0,0.0,0.0,0.0
2005-05-26,1020277.5251463545,0.0,0.0,0.0,0.0,0.0
2005-05-27,1020277.5251463545,0.0,0.0,0.0,0.0,0.0
2005-05-31,1020277.5251463545,0.0,0.0,0.0,0.0,0.0
2005-06-01,1020277.5251463545,0.0,0.0,0.0,0.0,0.0
2005-06-02,1020277.5251463545,0.0,0.0,0.0,0.0,0.0
2005-06-03,1020277.5251463545,0.0,0.0,0.0,0.0,0.0
2005-06-06,1020277.5251463545,0.0,0.0,0.0,0.0,0.0
2005-06-07,1020277.5251463545,0.0,0.0,0.0,0.0,0.0
2005-06-08,1020277.5251463545,0.0,0.0,0.0,0.0,0.0
2005-06-09,1020277.5251463545,0.0,0.0,0.0,0.0,0.0
2005-06-10,1020277.5251463545,0.0,0.0,0.0,0.0,0.0
2005-06-13,1020277.5251463545,0.0,0.0,0.0,0.0,0.0
2005-06-14,1020277.5251463545,0.0,0.0,0.0,0.0,0.0
2005-06-15,1020277.5251463545,0.0,0.0,0.0,0.0,0.0
2005-06-16,1020277.5251463545,0.0,0.0,0.0,0.0,0.0
2005-06-17,1020277.5251463545,0.0,0.0,0.0,0.0,0.0
2005-06-20,1020277.5251463545,0.0,0.0,0.0,0.0,0.0
2005-06-21,1020277.5251463545,0.0,0.0,0.0,0.0,0.0
2005-06-22,1020277.5251463545,0.0,0.0,0.0,0.0,0.0
2005-06-23,1020277.5251463545,0.0,0.0,0.0,0.0,0.0
2005-06-24,1020277.5251463545,0.0,0.0,0.0,0.0,0.0
2005-06-27,1020277.5251463545,0.0,0.0,0.0,0.0,0.0
2005-06-28,1020277.5251463545,0.0,0.0,0.0,0.0,0.0
2005-06-29,1020277.5251463545,0.0,0.0,0.0,0.0,0.0
2005-06-30,1020277.5251463545,0.0,0.0,0.0,0.0,0.0
2005-07-01,1020277.5251463545,0.0,0.0,0.0,0.0,0.0
2005-07-05,1020277.5251463545,0.0,0.0,0.0,0.0,0.0
2005-07-06,1020277.5251463545,0.0,0.0,0.0,0.0,0.0
2005-07-07,1020277.5251463545,0.0,0.0,0.0,0.0,0.0
2005-07-08,1020277.5251463545,0.0,0.0,0.0,0.0,0.0
2005-07-11,1020277.5251463545,0.0,0.0,0.0,0.0,0.0
2005-07-12,1020277.5251463545,0.0,0.0,0.0,0.0,0.0
2005-07-13,1020277.5251463545,0.0,0.0,0.0,0.0,0.0
2005-07-14,1020277.5251463545,0.0,0.0,0.0,0.0,0.0
2005-07-15,1020277.5251463545,0.0,0.0,0.0,0.0,0.0
2005-07-18,1020277.5251463545,0.0,0.0,0.0,0.0,0.0
2005-07-19,1020277.5251463545,0.0,0.0,0.0,0.0,0.0
2005-07-20,1020277.5251463545,0.0,0.0,0.0,0.0,0.0
2005-07-21,1020277.5251463545,0.0,0.0,0.0,0.0,0.0
2005-07-22,1020277.5251463545,0.0,0.0,0.0,0.0,0.0
2005-07-25,1020277.5251463545,0.0,0.0,0.0,0.0,0.0
2005-07-26,1020277.5251463545,0.0,0.0,0.0,0.0,0.0
2005-07-27,1020277.5251463545,0.0,0.0,0.0,0.0,0.0
2005-07-28,1020277.5251463545,0.0,0.0,0.0,0.0,0.0
2005-07-29,1020277.5251463545,0.0,0.0,0.0,0.0,0.0
2005-08-01,1020277.5251463545,0.0,0.0,0.0,0.0,0.0
2005-08-02,1019767.3863837813,0.0,510.13876257317725,-0.0005,3.0,0.5
2005-08-03,1005347.1804124371,-14420.20597134426,0.0,-0.013943510904540577,3.0,0.5
2005-08-04,1006285.0042747621,937.8238623250346,0.0,0.0009337068160597573,2.7379234895079576,0.5
2005-08-05,996728.1075861191,-9556.896688642993,0.0,-0.009407858328721638,2.551244181073045,0.5
2005-08-08,998241.7417662044,1513.6341800852226,0.0,0.0015209125475285172,2.5910531621422197,0.5
2005-08-09,984518.373748532,-13224.247146789232,499.1208708831022,-0.013567799775868509,2.656494206118104,0.5
2005-08-10,984026.1145616578,0.0,492.25918687426605,-0.0005,2.6016406910210716,0.5
2005-08-11,982114.6419226491,-1911.4726390086591,0.0,-0.0019387359441644047,2.5190005323169404,0.5
2005-08-12,983646.8020504536,1532.1601278044448,0.0,0.0015625,2.4473853953049187,0.5
2005-08-15,960017.0970304344,-23137.881618993953,491.8234010252268,-0.023470465337132006,0.0,0.0
2005-08-16,959537.0884819191,0.0,480.0085485152172,-0.0005,1.4169339844351214,0.5
2005-08-17,958175.7671160145,-1361.321365904628,0.0,-0.0014167172637117994,1.1844850180635476,0.5
2005-08-18,954085.9925002754,-4089.7746157390866,0.0,-0.004250151791135398,1.0800020888183837,0.5
2005-08-19,944306.5132823554,-9779.479217920001,0.0,-0.010146103896103896,0.9864231503567945,0.5
2005-08-22,952211.9675584739,7905.454276118504,0.0,0.008442380751371886,0.5824417663755442,0.5
2005-08-23,954956.0942661352,2744.126707661308,0.0,0.002890173410404624,0.4586955775194422,0.5
2005-08-24,948506.3294051483,-6449.764860986997,0.0,-0.006708680626143526,0.40349013487208996,0.5
2005-08-25,936305.6255829243,-12200.703822223899,0.0,-0.012699713232281851,0.30497780020218945,0.5
2005-08-26,939495.7640005833,3190.138417659027,0.0,0.003418803418803419,0.24151401992669522,0.5
2005-08-29,941880.2710158132,2384.5070152299068,0.0,0.0025445292620865138,0.25728961233706277,0.5
2005-08-30,946439.0349538106,4558.7639379974125,0.0,0.004863607528018609,0.1223593636387602,0.5
2005-08-31,936181.6715070416,-10257.3634467691,0.0,-0.010721649484536081,0.02487274626717266,0.5
2005-09-01,936181.6715070416,0.0,0.0,0.0,0.0,0.0
2005-09-02,936181.6715070416,0.0,0.0,0.0,0.0,0.0
2005-09-06,936181.6715070416,0.0,0.0,0.0,0.0,0.0
2005-09-07,936181.6715070416,0.0,0.0,0.0,0.0,0.0
2005-09-08,936181.6715070416,0.0,0.0,0.0,0.0,0.0
2005-09-09,936181.6715070416,0.0,0.0,0.0,0.0,0.0
2005-09-12,936181.6715070416,0.0,0.0,0.0,0.0,0.0
2005-09-13,936181.6715070416,0.0,0.0,0.0,0.0,0.0
2005-09-14,936181.6715070416,0.0,0.0,0.0,0.0,0.0
2005-09-15,936181.6715070416,0.0,0.0,0.0,0.0,0.0
2005-09-16,936181.6715070416,0.0,0.0,0.0,0.0,0.0
2005-09-19,936181.6715070416,0.0,0.0,0.0,0.0,0.0
2005-09-20,936181.6715070416,0.0,0.0,0.0,0.0,0.0
2005-09-21,936181.6715070416,0.0,0.0,0.0,0.0,0.0
2005-09-22,936181.6715070416,0.0,0.0,0.0,0.0,0.0
2005-09-23,936181.6715070416,0.0,0.0,0.0,0.0,0.0
2005-09-26,936181.6715070416,0.0,0.0,0.0,0.0,0.0
2005-09-27,936181.6715070416,0.0,0.0,0.0,0.0,0.0
2005-09-28,936181.6715070416,0.0,0.0,0.0,0.0,0.0
2005-09-29,936181.6715070416,0.0,0.0,0.0,0.0,0.0
2005-09-30,936181.6715070416,0.0,0.0,0.0,0.0,0.0
2005-10-03,936181.6715070416,0.0,0.0,0.0,0.0,0.0
2005-10-04,936181.6715070416,0.0,0.0,0.0,0.0,0.0
2005-10-05,936181.6715070416,0.0,0.0,0.0,0.0,0.0
2005-10-06,936181.6715070416,0.0,0.0,0.0,0.0,0.0
2005-10-07,936181.6715070416,0.0,0.0,0.0,0.0,0.0
2005-10-10,936181.6715070416,0.0,0.0,0.0,0.0,0.0
2005-10-11,936181.6715070416,0.0,0.0,0.0,0.0,0.0
2005-10-12,936181.6715070416,0.0,0.0,0.0,0.0,0.0
2005-10-13,936181.6715070416,0.0,0.0,0.0,0.0,0.0
2005-10-14,936181.6715070416,0.0,0.0,0.0,0.0,0.0
2005-10-17,936181.6715070416,0.0,0.0,0.0,0.0,0.0
2005-10-18,936181.6715070416,0.0,0.0,0.0,0.0,0.0
2005-10-19,936181.6715070416,0.0,0.0,0.0,0.0,0.0
2005-10-20,936181.6715070416,0.0,0.0,0.0,0.0,0.0
2005-10-21,936181.6715070416,0.0,0.0,0.0,0.0,0.0
2005-10-24,936181.6715070416,0.0,0.0,0.0,0.0,0.0
2005-10-25,936181.6715070416,0.0,0.0,0.0,0.0,0.0
2005-10-26,936181.6715070416,0.0,0.0,0.0,0.0,0.0
2005-10-27,936181.6715070416,0.0,0.0,0.0,0.0,0.0
2005-10-28,936181.6715070416,0.0,0.0,0.0,0.0,0.0
2005-10-31,936181.6715070416,0.0,0.0,0.0,0.0,0.0
2005-11-01,936181.6715070416,0.0,0.0,0.0,0.0,0.0
2005-11-02,936181.6715070416,0.0,0.0,0.0,0.0,0.0
2005-11-03,936181.6715070416,0.0,0.0,0.0,0.0,0.0
2005-11-04,936181.6715070416,0.0,0.0,0.0,0.0,0.0
2005-11-07,936181.6715070416,0.0,0.0,0.0,0.0,0.0
2005-11-08,936181.6715070416,0.0,0.0,0.0,0.0,0.0
2005-11-09,936181.6715070416,0.0,0.0,0.0,0.0,0.0
2005-11-10,936181.6715070416,0.0,0.0,0.0,0.0,0.0
2005-11-11,936181.6715070416,0.0,0.0,0.0,0.0,0.0
2005-11-14,936181.6715070416,0.0,0.0,0.0,0.0,0.0
2005-11-15,936181.6715070416,0.0,0.0,0.0,0.0,0.0
2005-11-16,936181.6715070416,0.0,0.0,0.0,0.0,0.0
2005-11-17,936181.6715070416,0.0,0.0,0.0,0.0,0.0
2005-11-18,936181.6715070416,0.0,0.0,0.0,0.0,0.0
2005-11-21,936181.6715070416,0.0,0.0,0.0,0.0,0.0
2005-11-22,936181.6715070416,0.0,0.0,0.0,0.0,0.0
2005-11-23,936181.6715070416,0.0,0.0,0.0,0.0,0.0
2005-11-24,936181.6715070416,0.0,0.0,0.0,0.0,0.0
2005-11-25,936181.6715070416,0.0,0.0,0.0,0.0,0.0
2005-11-28,936181.6715070416,0.0,0.0,0.0,0.0,0.0
2005-11-29,936181.6715070416,0.0,0.0,0.0,0.0,0.0
2005-11-30,936181.6715070416,0.0,0.0,0.0,0.0,0.0
2005-12-01,936181.6715070416,0.0,0.0,0.0,0.0,0.0
2005-12-02,936181.6715070416,0.0,0.0,0.0,0.0,0.0
2005-12-05,936181.6715070416,0.0,0.0,0.0,0.0,0.0
2005-12-06,936181.6715070416,0.0,0.0,0.0,0.0,0.0
2005-12-07,936181.6715070416,0.0,0.0,0.0,0.0,0.0
2005-12-08,936181.6715070416,0.0,0.0,0.0,0.0,0.0
2005-12-09,936181.6715070416,0.0,0.0,0.0,0.0,0.0
2005-12-12,936181.6715070416,0.0,0.0,0.0,0.0,0.0
2005-12-13,936181.6715070416,0.0,0.0,0.0,0.0,0.0
2005-12-14,936181.6715070416,0.0,0.0,0.0,0.0,0.0
2005-12-15,936181.6715070416,0.0,0.0,0.0,0.0,0.0
2005-12-16,936181.6715070416,0.0,0.0,0.0,0.0,0.0
2005-12-19,936181.6715070416,0.0,0.0,0.0,0.0,0.0
2005-12-20,936181.6715070416,0.0,0.0,0.0,0.0,0.0
2005-12-21,936181.6715070416,0.0,0.0,0.0,0.0,0.0
2005-12-22,936181.6715070416,0.0,0.0,0.0,0.0,0.0
2005-12-23,936181.6715070416,0.0,0.0,0.0,0.0,0.0
2005-12-27,936181.6715070416,0.0,0.0,0.0,0.0,0.0
2005-12-28,936181.6715070416,0.0,0.0,0.0,0.0,0.0
2005-12-29,936181.6715070416,0.0,0.0,0.0,0.0,0.0
2005-12-30,936181.6715070416,0.0,0.0,0.0,0.0,0.0
2006-01-03,936181.6715070416,0.0,0.0,0.0,0.0,0.0
2006-01-04,936181.6715070416,0.0,0.0,0.0,0.0,0.0
2006-01-05,936181.6715070416,0.0,0.0,0.0,0.0,0.0
2006-01-06,936181.6715070416,0.0,0.0,0.0,0.0,0.0
2006-01-09,936181.6715070416,0.0,0.0,0.0,0.0,0.0
2006-01-10,936181.6715070416,0.0,0.0,0.0,0.0,0.0
2006-01-11,936181.6715070416,0.0,0.0,0.0,0.0,0.0
2006-01-12,936181.6715070416,0.0,0.0,0.0,0.0,0.0
2006-01-13,936181.6715070416,0.0,0.0,0.0,0.0,0.0
2006-01-17,936181.6715070416,0.0,0.0,0.0,0.0,0.0
2006-01-18,936181.6715070416,0.0,0.0,0.0,0.0,0.0
2006-01-19,936181.6715070416,0.0,0.0,0.0,0.0,0.0
2006-01-20,936181.6715070416,0.0,0.0,0.0,0.0,0.0
2006-01-23,936181.6715070416,0.0,0.0,0.0,0.0,0.0
2006-01-24,936181.6715070416,0.0,0.0,0.0,0.0,0.0
2006-01-25,936181.6715070416,0.0,0.0,0.0,0.0,0.0
2006-01-26,936181.6715070416,0.0,0.0,0.0,0.0,0.0
2006-01-27,936181.6715070416,0.0,0.0,0.0,0.0,0.0
2006-01-30,936181.6715070416,0.0,0.0,0.0,0.0,0.0
2006-01-31,936181.6715070416,0.0,0.0,0.0,0.0,0.0
2006-02-01,936181.6715070416,0.0,0.0,0.0,0.0,0.0
2006-02-02,936181.6715070416,0.0,0.0,0.0,0.0,0.0
2006-02-03,936181.6715070416,0.0,0.0,0.0,0.0,0.0
2006-02-06,936181.6715070416,0.0,0.0,0.0,0.0,0.0
2006-02-07,936181.6715070416,0.0,0.0,0.0,0.0,0.0
2006-02-08,936181.6715070416,0.0,0.0,0.0,0.0,0.0
2006-02-09,936181.6715070416,0.0,0.0,0.0,0.0,0.0
2006-02-10,936181.6715070416,0.0,0.0,0.0,0.0,0.0
2006-02-13,936181.6715070416,0.0,0.0,0.0,0.0,0.0
2006-02-14,936181.6715070416,0.0,0.0,0.0,0.0,0.0
2006-02-15,936181.6715070416,0.0,0.0,0.0,0.0,0.0
2006-02-16,936181.6715070416,0.0,0.0,0.0,0.0,0.0
2006-02-17,936181.6715070416,0.0,0.0,0.0,0.0,0.0
2006-02-21,936181.6715070416,0.0,0.0,0.0,0.0,0.0
2006-02-22,936181.6715070416,0.0,0.0,0.0,0.0,0.0
2006-02-23,936181.6715070416,0.0,0.0,0.0,0.0,0.0
2006-02-24,936181.6715070416,0.0,0.0,0.0,0.0,0.0
2006-02-27,936181.6715070416,0.0,0.0,0.0,0.0,0.0
2006-02-28,936181.6715070416,0.0,0.0,0.0,0.0,0.0
2006-03-01,936181.6715070416,0.0,0.0,0.0,0.0,0.0
2006-03-02,936181.6715070416,0.0,0.0,0.0,0.0,0.0
2006-03-03,936181.6715070416,0.0,0.0,0.0,0.0,0.0
2006-03-06,936181.6715070416,0.0,0.0,0.0,0.0,0.0
2006-03-07,936181.6715070416,0.0,0.0,0.0,0.0,0.0
2006-03-08,936181.6715070416,0.0,0.0,0.0,0.0,0.0
2006-03-09,936181.6715070416,0.0,0.0,0.0,0.0,0.0
2006-03-10,936181.6715070416,0.0,0.0,0.0,0.0,0.0
2006-03-13,936181.6715070416,0.0,0.0,0.0,0.0,0.0
2006-03-14,936181.6715070416,0.0,0.0,0.0,0.0,0.0
2006-03-15,936181.6715070416,0.0,0.0,0.0,0.0,0.0
2006-03-16,936181.6715070416,0.0,0.0,0.0,0.0,0.0
2006-03-17,936181.6715070416,0.0,0.0,0.0,0.0,0.0
2006-03-20,936181.6715070416,0.0,0.0,0.0,0.0,0.0
2006-03-21,936181.6715070416,0.0,0.0,0.0,0.0,0.0
2006-03-22,936181.6715070416,0.0,0.0,0.0,0.0,0.0
2006-03-23,936181.6715070416,0.0,0.0,0.0,0.0,0.0
2006-03-24,936181.6715070416,0.0,0.0,0.0,0.0,0.0
2006-03-27,936181.6715070416,0.0,0.0,0.0,0.0,0.0
2006-03-28,936181.6715070416,0.0,0.0,0.0,0.0,0.0
2006-03-29,936181.6715070416,0.0,0.0,0.0,0.0,0.0
2006-03-30,936181.6715070416,0.0,0.0,0.0,0.0,0.0
2006-03-31,936181.6715070416,0.0,0.0,0.0,0.0,0.0
2006-04-03,936181.6715070416,0.0,0.0,0.0,0.0,0.0
2006-04-04,936181.6715070416,0.0,0.0,0.0,0.0,0.0
2006-04-05,936181.6715070416,0.0,0.0,0.0,0.0,0.0
2006-04-06,936181.6715070416,0.0,0.0,0.0,0.0,0.0
2006-04-07,936181.6715070416,0.0,0.0,0.0,0.0,0.0
2006-04-10,936181.6715070416,0.0,0.0,0.0,0.0,0.0
2006-04-11,936181.6715070416,0.0,0.0,0.0,0.0,0.0
2006-04-12,936181.6715070416,0.0,0.0,0.0,0.0,0.0
2006-04-13,936181.6715070416,0.0,0.0,0.0,0.0,0.0
2006-04-17,936181.6715070416,0.0,0.0,0.0,0.0,0.0
2006-04-18,936181.6715070416,0.0,0.0,0.0,0.0,0.0
2006-04-19,936181.6715070416,0.0,0.0,0.0,0.0,0.0
2006-04-20,936181.6715070416,0.0,0.0,0.0,0.0,0.0
2006-04-21,936181.6715070416,0.0,0.0,0.0,0.0,0.0
2006-04-24,936181.6715070416,0.0,0.0,0.0,0.0,0.0
2006-04-25,936181.6715070416,0.0,0.0,0.0,0.0,0.0
2006-04-26,936181.6715070416,0.0,0.0,0.0,0.0,0.0
2006-04-27,936181.6715070416,0.0,0.0,0.0,0.0,0.0
2006-04-28,936181.6715070416,0.0,0.0,0.0,0.0,0.0
2006-05-01,936181.6715070416,0.0,0.0,0.0,0.0,0.0
2006-05-02,936181.6715070416,0.0,0.0,0.0,0.0,0.0
2006-05-03,936181.6715070416,0.0,0.0,0.0,0.0,0.0
2006-05-04,936181.6715070416,0.0,0.0,0.0,0.0,0.0
2006-05-05,936181.6715070416,0.0,0.0,0.0,0.0,0.0
2006-05-08,936181.6715070416,0.0,0.0,0.0,0.0,0.0
2006-05-09,936181.6715070416,0.0,0.0,0.0,0.0,0.0
2006-05-10,936181.6715070416,0.0,0.0,0.0,0.0,0.0
2006-05-11,936181.6715070416,0.0,0.0,0.0,0.0,0.0
2006-05-12,936181.6715070416,0.0,0.0,0.0,0.0,0.0
2006-05-15,936181.6715070416,0.0,0.0,0.0,0.0,0.0
2006-05-16,936181.6715070416,0.0,0.0,0.0,0.0,0.0
2006-05-17,936181.6715070416,0.0,0.0,0.0,0.0,0.0
2006-05-18,936181.6715070416,0.0,0.0,0.0,0.0,0.0
2006-05-19,936181.6715070416,0.0,0.0,0.0,0.0,0.0
2006-05-22,936181.6715070416,0.0,0.0,0.0,0.0,0.0
2006-05-23,936181.6715070416,0.0,0.0,0.0,0.0,0.0
2006-05-24,936181.6715070416,0.0,0.0,0.0,0.0,0.0
2006-05-25,936181.6715070416,0.0,0.0,0.0,0.0,0.0
2006-05-26,936181.6715070416,0.0,0.0,0.0,0.0,0.0
2006-05-30,936181.6715070416,0.0,0.0,0.0,0.0,0.0
2006-05-31,936181.6715070416,0.0,0.0,0.0,0.0,0.0
2006-06-01,936181.6715070416,0.0,0.0,0.0,0.0,0.0
2006-06-02,936181.6715070416,0.0,0.0,0.0,0.0,0.0
2006-06-05,936181.6715070416,0.0,0.0,0.0,0.0,0.0
2006-06-06,936181.6715070416,0.0,0.0,0.0,0.0,0.0
2006-06-07,936181.6715070416,0.0,0.0,0.0,0.0,0.0
2006-06-08,936181.6715070416,0.0,0.0,0.0,0.0,0.0
2006-06-09,936181.6715070416,0.0,0.0,0.0,0.0,0.0
2006-06-12,936181.6715070416,0.0,0.0,0.0,0.0,0.0
2006-06-13,936181.6715070416,0.0,0.0,0.0,0.0,0.0
2006-06-14,936181.6715070416,0.0,0.0,0.0,0.0,0.0
2006-06-15,936181.6715070416,0.0,0.0,0.0,0.0,0.0
2006-06-16,936181.6715070416,0.0,0.0,0.0,0.0,0.0
2006-06-19,936181.6715070416,0.0,0.0,0.0,0.0,0.0
2006-06-20,936181.6715070416,0.0,0.0,0.0,0.0,0.0
2006-06-21,936181.6715070416,0.0,0.0,0.0,0.0,0.0
2006-06-22,936181.6715070416,0.0,0.0,0.0,0.0,0.0
2006-06-23,936181.6715070416,0.0,0.0,0.0,0.0,0.0
2006-06-26,936181.6715070416,0.0,0.0,0.0,0.0,0.0
2006-06-27,936181.6715070416,0.0,0.0,0.0,0.0,0.0
2006-06-28,936181.6715070416,0.0,0.0,0.0,0.0,0.0
2006-06-29,936181.6715070416,0.0,0.0,0.0,0.0,0.0
2006-06-30,936181.6715070416,0.0,0.0,0.0,0.0,0.0
2006-07-03,935713.5806712881,0.0,468.09083575352076,-0.0005,-1.0038545255783404,-0.5
2006-07-05,941158.298098303,5444.717427014977,0.0,0.005852842809364549,-1.0723074732203344,-0.5
2006-07-06,930076.535126582,-11081.762971720978,0.0,-0.011637572734829594,-1.0588476726391942,-0.5
2006-07-07,935044.0761934044,4967.541066822337,0.0,0.005369681949607601,-1.0243099043667419,-0.5
2006-07-10,934267.4615121806,-776.6146812237578,0.0,-0.0008298755186721991,-1.0448809329181927,-0.5
2006-07-11,931168.7302965515,-3098.731215629123,0.0,-0.003305785123966942,-1.0749064541391677,-0.5
2006-07-12,934236.8315495879,3068.1012530364137,0.0,0.0033057851239669425,-1.1394360262022436,-0.5
2006-07-13,938497.4472821938,4260.615732605915,0.0,0.004581424406497292,-1.1989057275852995,-0.5
2006-07-14,934963.3564765287,-3534.090805665165,0.0,-0.0037515631513130475,-1.3035622100816129,-0.5
2006-07-17,944281.9281357632,9318.571659234505,0.0,0.010067114093959731,-1.577770793646363,-0.5
2006-07-18,945082.1670579121,800.2389221489518,0.0,0.0008481764206955047,-1.4936821904980322,-0.5
2006-07-19,947689.5669245829,2607.3998666708103,0.0,0.002766546073632688,-1.4309354425460894,-0.5
2006-07-20,948902.9978681484,1213.430943565407,0.0,0.001282051282051282,-1.3666753396148652,-0.5
2006-07-21,954790.5004223153,5887.502554166945,0.0,0.0062432723358449935,-1.2950983783481844,-0.5
2006-07-24,949619.4080240142,-5171.092398301102,0.0,-0.005386770092652446,-0.9745041963215679,-0.5
2006-07-25,947991.2564457476,-1628.1515782666338,0.0,-0.0017115960633290544,-0.9807146684473367,-0.5
2006-07-26,950825.9163325995,2834.659886851872,0.0,0.0029991431019708655,-0.9501636617229027,-0.5
2006-07-27,957159.3076962244,6333.391363624964,0.0,0.006705602422669261,-0.9979385352481219,-0.5
2006-07-28,955074.9015383493,-2084.406157875053,0.0,-0.0021729682746631897,-1.001120954814715,-0.5
2006-07-31,952589.8844484837,-2485.0170898656097,0.0,-0.0025951557093425604,-1.2866044095861393,-0.5
2006-08-01,957521.324747613,4931.440299129337,0.0,0.005203816131830009,-1.264171695086276,-0.5
2006-08-02,950634.1835713552,-6887.141176257897,0.0,-0.00714131140445791,-1.2929507458331055,-0.5
2006-08-03,955332.2038167658,4698.020245410651,0.0,0.004966529907147485,-1.2238611642415544,-0.5
2006-08-04,954088.2816763794,-1243.9221403864137,0.0,-0.0013003901170351103,-1.1121994041248189,-0.5
2006-08-07,965859.5007360231,11771.219059643643,0.0,0.012491781722550955,-0.7632579594679313,-0.5
2006-08-08,970789.5425728913,4930.041836868294,0.0,0.005130492973455276,-0.7254670509570459,-0.5
2006-08-09,966871.5578719245,-3917.984700966826,0.0,-0.0040196516301920495,-0.7051979017926409,-0.5
2006-08-10,971172.5879336323,4301.030061707849,0.0,0.004468275245755138,-0.7258425110301195,-0.5
2006-08-11,976403.3200050881,5230.732071455829,0.0,0.005415162454873646,-0.7794831707698411,-0.5
2006-08-14,977510.8555314097,1107.535526321561,0.0,0.0011355893708834886,-0.8086315136309807,-0.5
2006-08-15,971509.7656952688,-6001.089836140987,0.0,-0.006101694915254237,-0.7887017320430283,-0.5
2006-08-16,975219.4840278877,3709.718332618951,0.0,0.003833145434047351,-0.7549580475174184,-0.5
2006-08-17,975881.6973488664,662.2133209786472,0.0,0.000679501698754247,-0.7416123923427987,-0.5
2006-08-18,979863.0823335173,3981.38498465086,0.0,0.004096495220755576,-0.7409230537827873,-0.5
2006-08-21,978743.4947165914,-1119.5876169258652,0.0,-0.0011412919424788862,-0.6139206509586337,-0.5
2006-08-22,977850.8877902653,-892.6069263261207,0.0,-0.0009111617312072892,-0.5829993933497165,-0.5
2006-08-23,975180.3801313023,-2670.5076589629457,0.0,-0.0027235587834770767,-0.5274462300484278,-0.5
2006-08-24,975842.5668991597,662.1867678573805,0.0,0.000679501698754247,-0.49178212077531447,-0.5
2006-08-25,983362.659209806,7520.09231064629,0.0,0.0077661032434901784,-0.4580251246582379,-0.5
2006-08-28,988116.4842197981,4753.825009992156,0.0,0.004857737682165163,-0.5833414616229273,-0.5
2006-08-29,988805.5473189751,689.0630991769862,0.0,0.0006978367062107467,-0.6206044012387577,-0.5
2006-08-30,984202.1695381606,-4603.377780814596,0.0,-0.0046339202965708995,-0.6316912044843017,-0.5
2006-08-31,983975.1856429719,-226.98389518869016,0.0,-0.0002305741295826608,-0.612451636779391,-0.5
2006-09-01,983975.1856429719,0.0,0.0,0.0,0.0,0.0
2006-09-05,983975.1856429719,0.0,0.0,0.0,0.0,0.0
2006-09-06,983975.1856429719,0.0,0.0,0.0,0.0,0.0
2006-09-07,983975.1856429719,0.0,0.0,0.0,0.0,0.0
2006-09-08,983975.1856429719,0.0,0.0,0.0,0.0,0.0
2006-09-11,983975.1856429719,0.0,0.0,0.0,0.0,0.0
2006-09-12,983975.1856429719,0.0,0.0,0.0,0.0,0.0
2006-09-13,983975.1856429719,0.0,0.0,0.0,0.0,0.0
2006-09-14,983975.1856429719,0.0,0.0,0.0,0.0,0.0
2006-09-15,983975.1856429719,0.0,0.0,0.0,0.0,0.0
2006-09-18,983975.1856429719,0.0,0.0,0.0,0.0,0.0
2006-09-19,983975.1856429719,0.0,0.0,0.0,0.0,0.0
2006-09-20,983975.1856429719,0.0,0.0,0.0,0.0,0.0
2006-09-21,983975.1856429719,0.0,0.0,0.0,0.0,0.0
2006-09-22,983975.1856429719,0.0,0.0,0.0,0.0,0.0
2006-09-25,983975.1856429719,0.0,0.0,0.0,0.0,0.0
2006-09-26,983975.1856429719,0.0,0.0,0.0,0.0,0.0
2006-09-27,983975.1856429719,0.0,0.0,0.0,0.0,0.0
2006-09-28,983975.1856429719,0.0,0.0,0.0,0.0,0.0
2006-09-29,983975.1856429719,0.0,0.0,0.0,0.0,0.0
2006-10-02,983975.1856429719,0.0,0.0,0.0,0.0,0.0
2006-10-03,983975.1856429719,0.0,0.0,0.0,0.0,0.0
2006-10-04,983975.1856429719,0.0,0.0,0.0,0.0,0.0
2006-10-05,983975.1856429719,0.0,0.0,0.0,0.0,0.0
2006-10-06,983975.1856429719,0.0,0.0,0.0,0.0,0.0
2006-10-09,983975.1856429719,0.0,0.0,0.0,0.0,0.0
2006-10-10,983975.1856429719,0.0,0.0,0.0,0.0,0.0
2006-10-11,983975.1856429719,0.0,0.0,0.0,0.0,0.0
2006-10-12,983975.1856429719,0.0,0.0,0.0,0.0,0.0
2006-10-13,983975.1856429719,0.0,0.0,0.0,0.0,0.0
2006-10-16,983975.1856429719,0.0,0.0,0.0,0.0,0.0
2006-10-17,983975.1856429719,0.0,0.0,0.0,0.0,0.0
2006-10-18,983975.1856429719,0.0,0.0,0.0,0.0,0.0
2006-10-19,983975.1856429719,0.0,0.0,0.0,0.0,0.0
2006-10-20,983975.1856429719,0.0,0.0,0.0,0.0,0.0
2006-10-23,983975.1856429719,0.0,0.0,0.0,0.0,0.0
2006-10-24,983975.1856429719,0.0,0.0,0.0,0.0,0.0
2006-10-25,983975.1856429719,0.0,0.0,0.0,0.0,0.0
2006-10-26,983975.1856429719,0.0,0.0,0.0,0.0,0.0
2006-10-27,983975.1856429719,0.0,0.0,0.0,0.0,0.0
2006-10-30,983975.1856429719,0.0,0.0,0.0,0.0,0.0
2006-10-31,983975.1856429719,0.0,0.0,0.0,0.0,0.0
2006-11-01,983975.1856429719,0.0,0.0,0.0,0.0,0.0
2006-11-02,983975.1856429719,0.0,0.0,0.0,0.0,0.0
2006-11-03,983975.1856429719,0.0,0.0,0.0,0.0,0.0
2006-11-06,983975.1856429719,0.0,0.0,0.0,0.0,0.0
2006-11-07,983975.1856429719,0.0,0.0,0.0,0.0,0.0
2006-11-08,983975.1856429719,0.0,0.0,0.0,0.0,0.0
2006-11-09,983975.1856429719,0.0,0.0,0.0,0.0,0.0
2006-11-10,983975.1856429719,0.0,0.0,0.0,0.0,0.0
2006-11-13,983975.1856429719,0.0,0.0,0.0,0.0,0.0
2006-11-14,983975.1856429719,0.0,0.0,0.0,0.0,0.0
2006-11-15,983975.1856429719,0.0,0.0,0.0,0.0,0.0
2006-11-16,983975.1856429719,0.0,0.0,0.0,0.0,0.0
2006-11-17,983975.1856429719,0.0,0.0,0.0,0.0,0.0
2006-11-20,983975.1856429719,0.0,0.0,0.0,0.0,0.0
2006-11-21,983975.1856429719,0.0,0.0,0.0,0.0,0.0
2006-11-22,983975.1856429719,0.0,0.0,0.0,0.0,0.0
2006-11-23,983975.1856429719,0.0,0.0,0.0,0.0,0.0
2006-11-24,983975.1856429719,0.0,0.0,0.0,0.0,0.0
2006-11-27,983975.1856429719,0.0,0.0,0.0,0.0,0.0
2006-11-28,983975.1856429719,0.0,0.0,0.0,0.0,0.0
2006-11-29,983975.1856429719,0.0,0.0,0.0,0.0,0.0
2006-11-30,983975.1856429719,0.0,0.0,0.0,0.0,0.0
2006-12-01,983975.1856429719,0.0,0.0,0.0,0.0,0.0
2006-12-04,983975.1856429719,0.0,0.0,0.0,0.0,0.0
2006-12-05,983975.1856429719,0.0,0.0,0.0,0.0,0.0
2006-12-06,983975.1856429719,0.0,0.0,0.0,0.0,0.0
2006-12-07,983975.1856429719,0.0,0.0,0.0,0.0,0.0
2006-12-08,983975.1856429719,0.0,0.0,0.0,0.0,0.0
2006-12-11,983975.1856429719,0.0,0.0,0.0,0.0,0.0
2006-12-12,983975.1856429719,0.0,0.0,0.0,0.0,0.0
2006-12-13,983975.1856429719,0.0,0.0,0.0,0.0,0.0
2006-12-14,983975.1856429719,0.0,0.0,0.0,0.0,0.0
2006-12-15,983975.1856429719,0.0,0.0,0.0,0.0,0.0
2006-12-18,983975.1856429719,0.0,0.0,0.0,0.0,0.0
2006-12-19,983975.1856429719,0.0,0.0,0.0,0.0,0.0
2006-12-20,983975.1856429719,0.0,0.0,0.0,0.0,0.0
2006-12-21,983975.1856429719,0.0,0.0,0.0,0.0,0.0
2006-12-22,983975.1856429719,0.0,0.0,0.0,0.0,0.0
2006-12-26,983975.1856429719,0.0,0.0,0.0,0.0,0.0
2006-12-27,983975.1856429719,0.0,0.0,0.0,0.0,0.0
2006-12-28,983975.1856429719,0.0,0.0,0.0,0.0,0.0
2006-12-29,983975.1856429719,0.0,0.0,0.0,0.0,0.0
2007-01-03,983975.1856429719,0.0,0.0,0.0,0.0,0.0
2007-01-04,983975.1856429719,0.0,0.0,0.0,0.0,0.0
2007-01-05,983975.1856429719,0.0,0.0,0.0,0.0,0.0
2007-01-08,983975.1856429719,0.0,0.0,0.0,0.0,0.0
2007-01-09,983975.1856429719,0.0,0.0,0.0,0.0,0.0
2007-01-10,983975.1856429719,0.0,0.0,0.0,0.0,0.0
2007-01-11,983975.1856429719,0.0,0.0,0.0,0.0,0.0
2007-01-12,983975.1856429719,0.0,0.0,0.0,0.0,0.0
2007-01-16,983975.1856429719,0.0,0.0,0.0,0.0,0.0
2007-01-17,983975.1856429719,0.0,0.0,0.0,0.0,0.0
2007-01-18,983975.1856429719,0.0,0.0,0.0,0.0,0.0
2007-01-19,983975.1856429719,0.0,0.0,0.0,0.0,0.0
2007-01-22,983975.1856429719,0.0,0.0,0.0,0.0,0.0
2007-01-23,983975.1856429719,0.0,0.0,0.0,0.0,0.0
2007-01-24,983975.1856429719,0.0,0.0,0.0,0.0,0.0
2007-01-25,983975.1856429719,0.0,0.0,0.0,0.0,0.0
2007-01-26,983975.1856429719,0.0,0.0,0.0,0.0,0.0
2007-01-29,983975.1856429719,0.0,0.0,0.0,0.0,0.0
2007-01-30,983975.1856429719,0.0,0.0,0.0,0.0,0.0
2007-01-31,983975.1856429719,0.0,0.0,0.0,0.0,0.0
2007-02-01,983975.1856429719,0.0,0.0,0.0,0.0,0.0
2007-02-02,983975.1856429719,0.0,0.0,0.0,0.0,0.0
2007-02-05,983975.1856429719,0.0,0.0,0.0,0.0,0.0
2007-02-06,983975.1856429719,0.0,0.0,0.0,0.0,0.0
2007-02-07,983975.1856429719,0.0,0.0,0.0,0.0,0.0
2007-02-08,983975.1856429719,0.0,0.0,0.0,0.0,0.0
2007-02-09,983975.1856429719,0.0,0.0,0.0,0.0,0.0
2007-02-12,983975.1856429719,0.0,0.0,0.0,0.0,0.0
2007-02-13,983975.1856429719,0.0,0.0,0.0,0.0,0.0
2007-02-14,983975.1856429719,0.0,0.0,0.0,0.0,0.0
2007-02-15,983975.1856429719,0.0,0.0,0.0,0.0,0.0
2007-02-16,983975.1856429719,0.0,0.0,0.0,0.0,0.0
2007-02-20,983975.1856429719,0.0,0.0,0.0,0.0,0.0
2007-02-21,983975.1856429719,0.0,0.0,0.0,0.0,0.0
2007-02-22,983975.1856429719,0.0,0.0,0.0,0.0,0.0
2007-02-23,983975.1856429719,0.0,0.0,0.0,0.0,0.0
2007-02-26,983975.1856429719,0.0,0.0,0.0,0.0,0.0
2007-02-27,983975.1856429719,0.0,0.0,0.0,0.0,0.0
2007-02-28,983975.1856429719,0.0,0.0,0.0,0.0,0.0
2007-03-01,983975.1856429719,0.0,0.0,0.0,0.0,0.0
2007-03-02,983975.1856429719,0.0,0.0,0.0,0.0,0.0
2007-03-05,983975.1856429719,0.0,0.0,0.0,0.0,0.0
2007-03-06,983975.1856429719,0.0,0.0,0.0,0.0,0.0
2007-03-07,983975.1856429719,0.0,0.0,0.0,0.0,0.0
2007-03-08,983975.1856429719,0.0,0.0,0.0,0.0,0.0
2007-03-09,983975.1856429719,0.0,0.0,0.0,0.0,0.0
2007-03-12,983975.1856429719,0.0,0.0,0.0,0.0,0.0
2007-03-13,983975.1856429719,0.0,0.0,0.0,0.0,0.0
2007-03-14,983975.1856429719,0.0,0.0,0.0,0.0,0.0
2007-03-15,983975.1856429719,0.0,0.0,0.0,0.0,0.0
2007-03-16,983975.1856429719,0.0,0.0,0.0,0.0,0.0
2007-03-19,983975.1856429719,0.0,0.0,0.0,0.0,0.0
2007-03-20,983975.1856429719,0.0,0.0,0.0,0.0,0.0
2007-03-21,983975.1856429719,0.0,0.0,0.0,0.0,0.0
2007-03-22,983975.1856429719,0.0,0.0,0.0,0.0,0.0
2007-03-23,983975.1856429719,0.0,0.0,0.0,0.0,0.0
2007-03-26,983975.1856429719,0.0,0.0,0.0,0.0,0.0
2007-03-27,983975.1856429719,0.0,0.0,0.0,0.0,0.0
2007-03-28,983975.1856429719,0.0,0.0,0.0,0.0,0.0
2007-03-29,983975.1856429719,0.0,0.0,0.0,0.0,0.0
2007-03-30,983975.1856429719,0.0,0.0,0.0,0.0,0.0
2007-04-02,983975.1856429719,0.0,0.0,0.0,0.0,0.0
2007-04-03,983975.1856429719,0.0,0.0,0.0,0.0,0.0
2007-04-04,983975.1856429719,0.0,0.0,0.0,0.0,0.0
2007-04-05,983975.1856429719,0.0,0.0,0.0,0.0,0.0
2007-04-09,983975.1856429719,0.0,0.0,0.0,0.0,0.0
2007-04-10,983975.1856429719,0.0,0.0,0.0,0.0,0.0
2007-04-11,983975.1856429719,0.0,0.0,0.0,0.0,0.0
2007-04-12,983975.1856429719,0.0,0.0,0.0,0.0,0.0
2007-04-13,983975.1856429719,0.0,0.0,0.0,0.0,0.0
2007-04-16,983975.1856429719,0.0,0.0,0.0,0.0,0.0
2007-04-17,983975.1856429719,0.0,0.0,0.0,0.0,0.0
2007-04-18,983975.1856429719,0.0,0.0,0.0,0.0,0.0
2007-04-19,983975.1856429719,0.0,0.0,0.0,0.0,0.0
2007-04-20,983975.1856429719,0.0,0.0,0.0,0.0,0.0
2007-04-23,983975.1856429719,0.0,0.0,0.0,0.0,0.0
2007-04-24,983975.1856429719,0.0,0.0,0.0,0.0,0.0
2007-04-25,983975.1856429719,0.0,0.0,0.0,0.0,0.0
2007-04-26,983975.1856429719,0.0,0.0,0.0,0.0,0.0
2007-04-27,983975.1856429719,0.0,0.0,0.0,0.0,0.0
2007-04-30,983975.1856429719,0.0,0.0,0.0,0.0,0.0
2007-05-01,983975.1856429719,0.0,0.0,0.0,0.0,0.0
2007-05-02,983975.1856429719,0.0,0.0,0.0,0.0,0.0
2007-05-03,983975.1856429719,0.0,0.0,0.0,0.0,0.0
2007-05-04,983975.1856429719,0.0,0.0,0.0,0.0,0.0
2007-05-07,983975.1856429719,0.0,0.0,0.0,0.0,0.0
2007-05-08,983975.1856429719,0.0,0.0,0.0,0.0,0.0
2007-05-09,983975.1856429719,0.0,0.0,0.0,0.0,0.0
2007-05-10,983975.1856429719,0.0,0.0,0.0,0.0,0.0
2007-05-11,983975.1856429719,0.0,0.0,0.0,0.0,0.0
2007-05-14,983975.1856429719,0.0,0.0,0.0,0.0,0.0
2007-05-15,983975.1856429719,0.0,0.0,0.0,0.0,0.0
2007-05-16,983975.1856429719,0.0,0.0,0.0,0.0,0.0
2007-05-17,983975.1856429719,0.0,0.0,0.0,0.0,0.0
2007-05-18,983975.1856429719,0.0,0.0,0.0,0.0,0.0
2007-05-21,983975.1856429719,0.0,0.0,0.0,0.0,0.0
2007-05-22,983975.1856429719,0.0,0.0,0.0,0.0,0.0
2007-05-23,983975.1856429719,0.0,0.0,0.0,0.0,0.0
2007-05-24,983975.1856429719,0.0,0.0,0.0,0.0,0.0
2007-05-25,983975.1856429719,0.0,0.0,0.0,0.0,0.0
2007-05-29,983975.1856429719,0.0,0.0,0.0,0.0,0.0
2007-05-30,983975.1856429719,0.0,0.0,0.0,0.0,0.0
2007-05-31,983975.1856429719,0.0,0.0,0.0,0.0,0.0
2007-06-01,983975.1856429719,0.0,0.0,0.0,0.0,0.0
2007-06-04,983975.1856429719,0.0,0.0,0.0,0.0,0.0
2007-06-05,983975.1856429719,0.0,0.0,0.0,0.0,0.0
2007-06-06,983975.1856429719,0.0,0.0,0.0,0.0,0.0
2007-06-07,983975.1856429719,0.0,0.0,0.0,0.0,0.0
2007-06-08,983975.1856429719,0.0,0.0,0.0,0.0,0.0
2007-06-11,983975.1856429719,0.0,0.0,0.0,0.0,0.0
2007-06-12,983975.1856429719,0.0,0.0,0.0,0.0,0.0
2007-06-13,983975.1856429719,0.0,0.0,0.0,0.0,0.0
2007-06-14,983975.1856429719,0.0,0.0,0.0,0.0,0.0
2007-06-15,983975.1856429719,0.0,0.0,0.0,0.0,0.0
2007-06-18,983975.1856429719,0.0,0.0,0.0,0.0,0.0
2007-06-19,983975.1856429719,0.0,0.0,0.0,0.0,0.0
2007-06-20,983975.1856429719,0.0,0.0,0.0,0.0,0.0
2007-06-21,983975.1856429719,0.0,0.0,0.0,0.0,0.0
2007-06-22,983975.1856429719,0.0,0.0,0.0,0.0,0.0
2007-06-25,983975.1856429719,0.0,0.0,0.0,0.0,0.0
2007-06-26,983975.1856429719,0.0,0.0,0.0,0.0,0.0
2007-06-27,983975.1856429719,0.0,0.0,0.0,0.0,0.0
2007-06-28,983975.1856429719,0.0,0.0,0.0,0.0,0.0
2007-06-29,983975.1856429719,0.0,0.0,0.0,0.0,0.0
2007-07-02,983483.1980501504,0.0,491.987592821486,-0.0005,-0.6138747881618895,-0.5
2007-07-03,991726.2653170447,8243.067266894324,0.0,0.008452346254736228,-0.5386614390880304,-0.5
2007-07-05,989394.1635761462,-2332.1017408984003,0.0,-0.002346041055718475,-0.4972235650036919,-0.5
2007-07-06,983460.1143212279,-5934.049254918373,0.0,-0.005961901992147739,-0.474844494268156,-0.5
2007-07-09,980474.7627166101,-2985.351604617778,0.0,-0.0030263726761781237,-0.3762671680658173,-0.5
2007-07-10,969768.4291007391,-10706.33361587103,0.0,-0.010801591813530416,-0.3561186801398376,-0.5
2007-07-11,968677.5759746415,-1090.8531260975694,0.0,-0.0011235955056179776,-0.27304091516995516,-0.5
2007-07-12,957865.0250971378,-10328.212089516379,484.33878798732076,-0.011044419766796224,0.0,0.0
2007-07-13,957865.0250971378,0.0,0.0,0.0,0.0,0.0
2007-07-16,957865.0250971378,0.0,0.0,0.0,0.0,0.0
2007-07-17,957865.0250971378,0.0,0.0,0.0,0.0,0.0
2007-07-18,957865.0250971378,0.0,0.0,0.0,0.0,0.0
2007-07-19,957865.0250971378,0.0,0.0,0.0,0.0,0.0
2007-07-20,957865.0250971378,0.0,0.0,0.0,0.0,0.0
2007-07-23,957865.0250971378,0.0,0.0,0.0,0.0,0.0
2007-07-24,957865.0250971378,0.0,0.0,0.0,0.0,0.0
2007-07-25,957865.0250971378,0.0,0.0,0.0,0.0,0.0
2007-07-26,957865.0250971378,0.0,0.0,0.0,0.0,0.0
2007-07-27,957865.0250971378,0.0,0.0,0.0,0.0,0.0
2007-07-30,957865.0250971378,0.0,0.0,0.0,0.0,0.0
2007-07-31,957865.0250971378,0.0,0.0,0.0,0.0,0.0
2007-08-01,957865.0250971378,0.0,0.0,0.0,0.0,0.0
2007-08-02,957865.0250971378,0.0,0.0,0.0,0.0,0.0
2007-08-03,957865.0250971378,0.0,0.0,0.0,0.0,0.0
2007-08-06,957865.0250971378,0.0,0.0,0.0,0.0,0.0
2007-08-07,957865.0250971378,0.0,0.0,0.0,0.0,0.0
2007-08-08,957865.0250971378,0.0,0.0,0.0,0.0,0.0
2007-08-09,957865.0250971378,0.0,0.0,0.0,0.0,0.0
2007-08-10,957865.0250971378,0.0,0.0,0.0,0.0,0.0
2007-08-13,957386.0925845893,0.0,478.9325125485689,-0.0005,1.092630268917334,0.5
2007-08-14,951270.3858375333,-6115.70674705603,0.0,-0.006347374495095212,1.2009403968533328,0.5
2007-08-15,945115.1068703493,-6155.278967184039,0.0,-0.006428988895382817,0.800482513939075,0.5
2007-08-16,922253.7975302059,-22388.751786708213,472.55755343517467,-0.023629166060253236,0.9988575142378388,0.5
2007-08-17,921792.6706314408,0.0,461.12689876510296,-0.0005,1.18955726677324,0.5
2007-08-20,921934.659644169,141.98901272819484,0.0,0.00015405946695424435,1.7297448892752183,0.5
2007-08-21,924206.1340134802,2271.474369311165,0.0,0.002469898116702686,1.9907213078063084,0.5
2007-08-22,932986.5171438565,8780.383130376305,0.0,0.009591584158415841,2.2091492867003795,0.5
2007-08-23,939019.3622923054,6032.845148448997,0.0,0.0065082488270016645,2.190494595786767,0.5
2007-08-24,942922.6494277248,3903.287135419322,0.0,0.0041741204531902205,2.4246581763226978,0.5
2007-08-27,947087.5021195434,4164.852691818573,0.0,0.004436557231588288,1.9254029734708038,0.5
2007-08-28,946396.3991553581,-691.1029641853061,0.0,-0.0007291818579553741,1.4324488676705296,0.5
2007-08-29,948194.5799780736,1798.18082271553,0.0,0.0019036462146727194,1.148040049048801,0.5
2007-08-30,954821.449494519,6626.869516445477,0.0,0.007038123167155425,1.059691279917831,0.5
2007-08-31,953450.3675739353,-1371.0819205837436,0.0,-0.0014338973329509608,1.0172389552249617,0.5
2007-09-04,953450.3675739353,0.0,0.0,0.0,0.0,0.0
2007-09-05,953450.3675739353,0.0,0.0,0.0,0.0,0.0
2007-09-06,953450.3675739353,0.0,0.0,0.0,0.0,0.0
2007-09-07,953450.3675739353,0.0,0.0,0.0,0.0,0.0
2007-09-10,953450.3675739353,0.0,0.0,0.0,0.0,0.0
2007-09-11,953450.3675739353,0.0,0.0,0.0,0.0,0.0
2007-09-12,953450.3675739353,0.0,0.0,0.0,0.0,0.0
2007-09-13,953450.3675739353,0.0,0.0,0.0,0.0,0.0
2007-09-14,953450.3675739353,0.0,0.0,0.0,0.0,0.0
2007-09-17,953450.3675739353,0.0,0.0,0.0,0.0,0.0
2007-09-18,953450.3675739353,0.0,0.0,0.0,0.0,0.0
2007-09-19,953450.3675739353,0.0,0.0,0.0,0.0,0.0
2007-09-20,953450.3675739353,0.0,0.0,0.0,0.0,0.0
2007-09-21,953450.3675739353,0.0,0.0,0.0,0.0,0.0
2007-09-24,953450.3675739353,0.0,0.0,0.0,0.0,0.0
2007-09-25,953450.3675739353,0.0,0.0,0.0,0.0,0.0
2007-09-26,953450.3675739353,0.0,0.0,0.0,0.0,0.0
2007-09-27,953450.3675739353,0.0,0.0,0.0,0.0,0.0
2007-09-28,953450.3675739353,0.0,0.0,0.0,0.0,0.0
2007-10-01,953450.3675739353,0.0,0.0,0.0,0.0,0.0
2007-10-02,953450.3675739353,0.0,0.0,0.0,0.0,0.0
2007-10-03,953450.3675739353,0.0,0.0,0.0,0.0,0.0
2007-10-04,953450.3675739353,0.0,0.0,0.0,0.0,0.0
2007-10-05,953450.3675739353,0.0,0.0,0.0,0.0,0.0
2007-10-08,953450.3675739353,0.0,0.0,0.0,0.0,0.0
2007-10-09,953450.3675739353,0.0,0.0,0.0,0.0,0.0
2007-10-10,953450.3675739353,0.0,0.0,0.0,0.0,0.0
2007-10-11,953450.3675739353,0.0,0.0,0.0,0.0,0.0
2007-10-12,953450.3675739353,0.0,0.0,0.0,0.0,0.0
2007-10-15,953450.3675739353,0.0,0.0,0.0,0.0,0.0
2007-10-16,953450.3675739353,0.0,0.0,0.0,0.0,0.0
2007-10-17,953450.3675739353,0.0,0.0,0.0,0.0,0.0
2007-10-18,953450.3675739353,0.0,0.0,0.0,0.0,0.0
2007-10-19,953450.3675739353,0.0,0.0,0.0,0.0,0.0
2007-10-22,953450.3675739353,0.0,0.0,0.0,0.0,0.0
2007-10-23,953450.3675739353,0.0,0.0,0.0,0.0,0.0
2007-10-24,953450.3675739353,0.0,0.0,0.0,0.0,0.0
2007-10-25,953450.3675739353,0.0,0.0,0.0,0.0,0.0
2007-10-26,953450.3675739353,0.0,0.0,0.0,0.0,0.0
2007-10-29,953450.3675739353,0.0,0.0,0.0,0.0,0.0
2007-10-30,953450.3675739353,0.0,0.0,0.0,0.0,0.0
2007-10-31,953450.3675739353,0.0,0.0,0.0,0.0,0.0
2007-11-01,953450.3675739353,0.0,0.0,0.0,0.0,0.0
2007-11-02,953450.3675739353,0.0,0.0,0.0,0.0,0.0
2007-11-05,953450.3675739353,0.0,0.0,0.0,0.0,0.0
2007-11-06,953450.3675739353,0.0,0.0,0.0,0.0,0.0
2007-11-07,953450.3675739353,0.0,0.0,0.0,0.0,0.0
2007-11-08,953450.3675739353,0.0,0.0,0.0,0.0,0.0
2007-11-09,953450.3675739353,0.0,0.0,0.0,0.0,0.0
2007-11-12,953450.3675739353,0.0,0.0,0.0,0.0,0.0
2007-11-13,953450.3675739353,0.0,0.0,0.0,0.0,0.0
2007-11-14,953450.3675739353,0.0,0.0,0.0,0.0,0.0
2007-11-15,953450.3675739353,0.0,0.0,0.0,0.0,0.0
2007-11-16,953450.3675739353,0.0,0.0,0.0,0.0,0.0
2007-11-19,953450.3675739353,0.0,0.0,0.0,0.0,0.0
2007-11-20,953450.3675739353,0.0,0.0,0.0,0.0,0.0
2007-11-21,953450.3675739353,0.0,0.0,0.0,0.0,0.0
2007-11-23,953450.3675739353,0.0,0.0,0.0,0.0,0.0
2007-11-26,953450.3675739353,0.0,0.0,0.0,0.0,0.0
2007-11-27,953450.3675739353,0.0,0.0,0.0,0.0,0.0
2007-11-28,953450.3675739353,0.0,0.0,0.0,0.0,0.0
2007-11-29,953450.3675739353,0.0,0.0,0.0,0.0,0.0
2007-11-30,953450.3675739353,0.0,0.0,0.0,0.0,0.0
2007-12-03,953450.3675739353,0.0,0.0,0.0,0.0,0.0
2007-12-04,953450.3675739353,0.0,0.0,0.0,0.0,0.0
2007-12-05,953450.3675739353,0.0,0.0,0.0,0.0,0.0
2007-12-06,953450.3675739353,0.0,0.0,0.0,0.0,0.0
2007-12-07,953450.3675739353,0.0,0.0,0.0,0.0,0.0
2007-12-10,953450.3675739353,0.0,0.0,0.0,0.0,0.0
2007-12-11,953450.3675739353,0.0,0.0,0.0,0.0,0.0
2007-12-12,953450.3675739353,0.0,0.0,0.0,0.0,0.0
2007-12-13,953450.3675739353,0.0,0.0,0.0,0.0,0.0
2007-12-14,953450.3675739353,0.0,0.0,0.0,0.0,0.0
2007-12-17,953450.3675739353,0.0,0.0,0.0,0.0,0.0
2007-12-18,953450.3675739353,0.0,0.0,0.0,0.0,0.0
2007-12-19,953450.3675739353,0.0,0.0,0.0,0.0,0.0
2007-12-20,953450.3675739353,0.0,0.0,0.0,0.0,0.0
2007-12-21,953450.3675739353,0.0,0.0,0.0,0.0,0.0
2007-12-24,953450.3675739353,0.0,0.0,0.0,0.0,0.0
2007-12-26,953450.3675739353,0.0,0.0,0.0,0.0,0.0
2007-12-27,953450.3675739353,0.0,0.0,0.0,0.0,0.0
2007-12-28,953450.3675739353,0.0,0.0,0.0,0.0,0.0
2007-12-31,953450.3675739353,0.0,0.0,0.0,0.0,0.0
2008-01-02,953450.3675739353,0.0,0.0,0.0,0.0,0.0
2008-01-03,953450.3675739353,0.0,0.0,0.0,0.0,0.0
2008-01-04,953450.3675739353,0.0,0.0,0.0,0.0,0.0
2008-01-07,953450.3675739353,0.0,0.0,0.0,0.0,0.0
2008-01-08,953450.3675739353,0.0,0.0,0.0,0.0,0.0
2008-01-09,953450.3675739353,0.0,0.0,0.0,0.0,0.0
2008-01-10,953450.3675739353,0.0,0.0,0.0,0.0,0.0
2008-01-11,953450.3675739353,0.0,0.0,0.0,0.0,0.0
2008-01-14,953450.3675739353,0.0,0.0,0.0,0.0,0.0
2008-01-15,953450.3675739353,0.0,0.0,0.0,0.0,0.0
2008-01-16,953450.3675739353,0.0,0.0,0.0,0.0,0.0
2008-01-17,953450.3675739353,0.0,0.0,0.0,0.0,0.0
2008-01-18,953450.3675739353,0.0,0.0,0.0,0.0,0.0
2008-01-22,953450.3675739353,0.0,0.0,0.0,0.0,0.0
2008-01-23,953450.3675739353,0.0,0.0,0.0,0.0,0.0
2008-01-24,953450.3675739353,0.0,0.0,0.0,0.0,0.0
2008-01-25,953450.3675739353,0.0,0.0,0.0,0.0,0.0
2008-01-28,953450.3675739353,0.0,0.0,0.0,0.0,0.0
2008-01-29,953450.3675739353,0.0,0.0,0.0,0.0,0.0
2008-01-30,953450.3675739353,0.0,0.0,0.0,0.0,0.0
2008-01-31,953450.3675739353,0.0,0.0,0.0,0.0,0.0
2008-02-01,953450.3675739353,0.0,0.0,0.0,0.0,0.0
2008-02-04,953450.3675739353,0.0,0.0,0.0,0.0,0.0
2008-02-05,953450.3675739353,0.0,0.0,0.0,0.0,0.0
2008-02-06,953450.3675739353,0.0,0.0,0.0,0.0,0.0
2008-02-07,953450.3675739353,0.0,0.0,0.0,0.0,0.0
2008-02-08,953450.3675739353,0.0,0.0,0.0,0.0,0.0
2008-02-11,953450.3675739353,0.0,0.0,0.0,0.0,0.0
2008-02-12,953450.3675739353,0.0,0.0,0.0,0.0,0.0
2008-02-13,953450.3675739353,0.0,0.0,0.0,0.0,0.0
2008-02-14,953450.3675739353,0.0,0.0,0.0,0.0,0.0
2008-02-15,953450.3675739353,0.0,0.0,0.0,0.0,0.0
2008-02-19,953450.3675739353,0.0,0.0,0.0,0.0,0.0
2008-02-20,953450.3675739353,0.0,0.0,0.0,0.0,0.0
2008-02-21,953450.3675739353,0.0,0.0,0.0,0.0,0.0
2008-02-22,953450.3675739353,0.0,0.0,0.0,0.0,0.0
2008-02-25,953450.3675739353,0.0,0.0,0.0,0.0,0.0
2008-02-26,953450.3675739353,0.0,0.0,0.0,0.0,0.0
2008-02-27,953450.3675739353,0.0,0.0,0.0,0.0,0.0
2008-02-28,953450.3675739353,0.0,0.0,0.0,0.0,0.0
2008-02-29,953450.3675739353,0.0,0.0,0.0,0.0,0.0
2008-03-03,953450.3675739353,0.0,0.0,0.0,0.0,0.0
2008-03-04,953450.3675739353,0.0,0.0,0.0,0.0,0.0
2008-03-05,953450.3675739353,0.0,0.0,0.0,0.0,0.0
2008-03-06,953450.3675739353,0.0,0.0,0.0,0.0,0.0
2008-03-07,953450.3675739353,0.0,0.0,0.0,0.0,0.0
2008-03-10,953450.3675739353,0.0,0.0,0.0,0.0,0.0
2008-03-11,953450.3675739353,0.0,0.0,0.0,0.0,0.0
2008-03-12,953450.3675739353,0.0,0.0,0.0,0.0,0.0
2008-03-13,953450.3675739353,0.0,0.0,0.0,0.0,0.0
2008-03-14,953450.3675739353,0.0,0.0,0.0,0.0,0.0
2008-03-17,953450.3675739353,0.0,0.0,0.0,0.0,0.0
2008-03-18,953450.3675739353,0.0,0.0,0.0,0.0,0.0
2008-03-19,953450.3675739353,0.0,0.0,0.0,0.0,0.0
2008-03-20,953450.3675739353,0.0,0.0,0.0,0.0,0.0
2008-03-24,953450.3675739353,0.0,0.0,0.0,0.0,0.0
2008-03-25,953450.3675739353,0.0,0.0,0.0,0.0,0.0
2008-03-26,953450.3675739353,0.0,0.0,0.0,0.0,0.0
2008-03-27,953450.3675739353,0.0,0.0,0.0,0.0,0.0
2008-03-28,953450.3675739353,0.0,0.0,0.0,0.0,0.0
2008-03-31,953450.3675739353,0.0,0.0,0.0,0.0,0.0
2008-04-01,953450.3675739353,0.0,0.0,0.0,0.0,0.0
2008-04-02,953450.3675739353,0.0,0.0,0.0,0.0,0.0
2008-04-03,953450.3675739353,0.0,0.0,0.0,0.0,0.0
2008-04-04,953450.3675739353,0.0,0.0,0.0,0.0,0.0
2008-04-07,953450.3675739353,0.0,0.0,0.0,0.0,0.0
2008-04-08,953450.3675739353,0.0,0.0,0.0,0.0,0.0
2008-04-09,953450.3675739353,0.0,0.0,0.0,0.0,0.0
2008-04-10,953450.3675739353,0.0,0.0,0.0,0.0,0.0
2008-04-11,953450.3675739353,0.0,0.0,0.0,0.0,0.0
2008-04-14,953450.3675739353,0.0,0.0,0.0,0.0,0.0
2008-04-15,953450.3675739353,0.0,0.0,0.0,0.0,0.0
2008-04-16,953450.3675739353,0.0,0.0,0.0,0.0,0.0
2008-04-17,953450.3675739353,0.0,0.0,0.0,0.0,0.0
2008-04-18,953450.3675739353,0.0,0.0,0.0,0.0,0.0
2008-04-21,953450.3675739353,0.0,0.0,0.0,0.0,0.0
2008-04-22,953450.3675739353,0.0,0.0,0.0,0.0,0.0
2008-04-23,953450.3675739353,0.0,0.0,0.0,0.0,0.0
2008-04-24,953450.3675739353,0.0,0.0,0.0,0.0,0.0
2008-04-25,953450.3675739353,0.0,0.0,0.0,0.0,0.0
2008-04-28,953450.3675739353,0.0,0.0,0.0,0.0,0.0
2008-04-29,953450.3675739353,0.0,0.0,0.0,0.0,0.0
2008-04-30,953450.3675739353,0.0,0.0,0.0,0.0,0.0
2008-05-01,953450.3675739353,0.0,0.0,0.0,0.0,0.0
2008-05-02,953450.3675739353,0.0,0.0,0.0,0.0,0.0
2008-05-05,953450.3675739353,0.0,0.0,0.0,0.0,0.0
2008-05-06,953450.3675739353,0.0,0.0,0.0,0.0,0.0
2008-05-07,953450.3675739353,0.0,0.0,0.0,0.0,0.0
2008-05-08,953450.3675739353,0.0,0.0,0.0,0.0,0.0
2008-05-09,953450.3675739353,0.0,0.0,0.0,0.0,0.0
2008-05-12,953450.3675739353,0.0,0.0,0.0,0.0,0.0
2008-05-13,953450.3675739353,0.0,0.0,0.0,0.0,0.0
2008-05-14,953450.3675739353,0.0,0.0,0.0,0.0,0.0
2008-05-15,953450.3675739353,0.0,0.0,0.0,0.0,0.0
2008-05-16,953450.3675739353,0.0,0.0,0.0,0.0,0.0
2008-05-19,953450.3675739353,0.0,0.0,0.0,0.0,0.0
2008-05-20,953450.3675739353,0.0,0.0,0.0,0.0,0.0
2008-05-21,953450.3675739353,0.0,0.0,0.0,0.0,0.0
2008-05-22,953450.3675739353,0.0,0.0,0.0,0.0,0.0
2008-05-23,953450.3675739353,0.0,0.0,0.0,0.0,0.0
2008-05-27,953450.3675739353,0.0,0.0,0.0,0.0,0.0
2008-05-28,953450.3675739353,0.0,0.0,0.0,0.0,0.0
2008-05-29,953450.3675739353,0.0,0.0,0.0,0.0,0.0
2008-05-30,953450.3675739353,0.0,0.0,0.0,0.0,0.0
2008-06-02,953450.3675739353,0.0,0.0,0.0,0.0,0.0
2008-06-03,953450.3675739353,0.0,0.0,0.0,0.0,0.0
2008-06-04,953450.3675739353,0.0,0.0,0.0,0.0,0.0
2008-06-05,953450.3675739353,0.0,0.0,0.0,0.0,0.0
2008-06-06,953450.3675739353,0.0,0.0,0.0,0.0,0.0
2008-06-09,953450.3675739353,0.0,0.0,0.0,0.0,0.0
2008-06-10,953450.3675739353,0.0,0.0,0.0,0.0,0.0
2008-06-11,953450.3675739353,0.0,0.0,0.0,0.0,0.0
2008-06-12,953450.3675739353,0.0,0.0,0.0,0.0,0.0
2008-06-13,953450.3675739353,0.0,0.0,0.0,0.0,0.0
2008-06-16,953450.3675739353,0.0,0.0,0.0,0.0,0.0
2008-06-17,953450.3675739353,0.0,0.0,0.0,0.0,0.0
2008-06-18,953450.3675739353,0.0,0.0,0.0,0.0,0.0
2008-06-19,953450.3675739353,0.0,0.0,0.0,0.0,0.0
2008-06-20,953450.3675739353,0.0,0.0,0.0,0.0,0.0
2008-06-23,953450.3675739353,0.0,0.0,0.0,0.0,0.0
2008-06-24,953450.3675739353,0.0,0.0,0.0,0.0,0.0
2008-06-25,953450.3675739353,0.0,0.0,0.0,0.0,0.0
2008-06-26,953450.3675739353,0.0,0.0,0.0,0.0,0.0
2008-06-27,953450.3675739353,0.0,0.0,0.0,0.0,0.0
2008-06-30,953450.3675739353,0.0,0.0,0.0,0.0,0.0
2008-07-01,952973.6423901484,0.0,476.72518378696765,-0.0005,3.0,0.5
2008-07-02,958168.7536163231,5195.111226174795,0.0,0.005481355670501041,3.0,0.5
2008-07-03,961734.7773841494,3566.023767826206,0.0,0.003735610276740108,3.0,0.5
2008-07-07,941722.805237133,-20011.97214701638,0.0,-0.020384047267355983,3.0,0.5
2008-07-08,932954.8266077556,-8297.117226758883,470.86140261856656,-0.009229257641921399,0.0,0.0
2008-07-09,932954.8266077556,0.0,0.0,0.0,0.0,0.0
2008-07-10,932488.3491944517,0.0,466.4774133038778,-0.0005,2.382629007908141,0.5
2008-07-11,938571.6841845367,6083.33499008496,0.0,0.006566604127579738,2.3128714250481743,0.5
2008-07-14,928354.1758163824,-10217.508368154264,0.0,-0.01076899742150766,2.030488413231447,0.5
2008-07-15,912930.1095724112,-15424.066243971245,0.0,-0.016342892383595438,1.8323183009231556,0.5
2008-07-16,921650.3090431583,9176.664525533317,456.4650547862056,0.009648869963969867,0.0,0.0
2008-07-17,921650.3090431583,0.0,0.0,0.0,0.0,0.0
2008-07-18,921650.3090431583,0.0,0.0,0.0,0.0,0.0
2008-07-21,921650.3090431583,0.0,0.0,0.0,0.0,0.0
2008-07-22,921650.3090431583,0.0,0.0,0.0,0.0,0.0
2008-07-23,921650.3090431583,0.0,0.0,0.0,0.0,0.0
2008-07-24,921650.3090431583,0.0,0.0,0.0,0.0,0.0
2008-07-25,921650.3090431583,0.0,0.0,0.0,0.0,0.0
2008-07-28,921650.3090431583,0.0,0.0,0.0,0.0,0.0
2008-07-29,921650.3090431583,0.0,0.0,0.0,0.0,0.0
2008-07-30,921650.3090431583,0.0,0.0,0.0,0.0,0.0
2008-07-31,921650.3090431583,0.0,0.0,0.0,0.0,0.0
2008-08-01,921650.3090431583,0.0,0.0,0.0,0.0,0.0
2008-08-04,921650.3090431583,0.0,0.0,0.0,0.0,0.0
2008-08-05,921650.3090431583,0.0,0.0,0.0,0.0,0.0
2008-08-06,921650.3090431583,0.0,0.0,0.0,0.0,0.0
2008-08-07,921650.3090431583,0.0,0.0,0.0,0.0,0.0
2008-08-08,921650.3090431583,0.0,0.0,0.0,0.0,0.0
2008-08-11,921650.3090431583,0.0,0.0,0.0,0.0,0.0
2008-08-12,921650.3090431583,0.0,0.0,0.0,0.0,0.0
2008-08-13,921650.3090431583,0.0,0.0,0.0,0.0,0.0
2008-08-14,921650.3090431583,0.0,0.0,0.0,0.0,0.0
2008-08-15,921650.3090431583,0.0,0.0,0.0,0.0,0.0
2008-08-18,921650.3090431583,0.0,0.0,0.0,0.0,0.0
2008-08-19,921650.3090431583,0.0,0.0,0.0,0.0,0.0
2008-08-20,921650.3090431583,0.0,0.0,0.0,0.0,0.0
2008-08-21,921650.3090431583,0.0,0.0,0.0,0.0,0.0
2008-08-22,921650.3090431583,0.0,0.0,0.0,0.0,0.0
2008-08-25,921650.3090431583,0.0,0.0,0.0,0.0,0.0
2008-08-26,921650.3090431583,0.0,0.0,0.0,0.0,0.0
2008-08-27,921650.3090431583,0.0,0.0,0.0,0.0,0.0
2008-08-28,921650.3090431583,0.0,0.0,0.0,0.0,0.0
2008-08-29,921650.3090431583,0.0,0.0,0.0,0.0,0.0
2008-09-02,921650.3090431583,0.0,0.0,0.0,0.0,0.0
2008-09-03,921650.3090431583,0.0,0.0,0.0,0.0,0.0
2008-09-04,921650.3090431583,0.0,0.0,0.0,0.0,0.0
2008-09-05,921650.3090431583,0.0,0.0,0.0,0.0,0.0
2008-09-08,921650.3090431583,0.0,0.0,0.0,0.0,0.0
2008-09-09,921650.3090431583,0.0,0.0,0.0,0.0,0.0
2008-09-10,921650.3090431583,0.0,0.0,0.0,0.0,0.0
2008-09-11,921650.3090431583,0.0,0.0,0.0,0.0,0.0
2008-09-12,921650.3090431583,0.0,0.0,0.0,0.0,0.0
2008-09-15,921650.3090431583,0.0,0.0,0.0,0.0,0.0
2008-09-16,921650.3090431583,0.0,0.0,0.0,0.0,0.0
2008-09-17,921650.3090431583,0.0,0.0,0.0,0.0,0.0
2008-09-18,921650.3090431583,0.0,0.0,0.0,0.0,0.0
2008-09-19,921650.3090431583,0.0,0.0,0.0,0.0,0.0
2008-09-22,921650.3090431583,0.0,0.0,0.0,0.0,0.0
2008-09-23,921650.3090431583,0.0,0.0,0.0,0.0,0.0
2008-09-24,921650.3090431583,0.0,0.0,0.0,0.0,0.0
2008-09-25,921650.3090431583,0.0,0.0,0.0,0.0,0.0
2008-09-26,921650.3090431583,0.0,0.0,0.0,0.0,0.0
2008-09-29,921650.3090431583,0.0,0.0,0.0,0.0,0.0
2008-09-30,921650.3090431583,0.0,0.0,0.0,0.0,0.0
2008-10-01,921650.3090431583,0.0,0.0,0.0,0.0,0.0
2008-10-02,921650.3090431583,0.0,0.0,0.0,0.0,0.0
2008-10-03,921650.3090431583,0.0,0.0,0.0,0.0,0.0
2008-10-06,921650.3090431583,0.0,0.0,0.0,0.0,0.0
2008-10-07,921650.3090431583,0.0,0.0,0.0,0.0,0.0
2008-10-08,921650.3090431583,0.0,0.0,0.0,0.0,0.0
2008-10-09,921650.3090431583,0.0,0.0,0.0,0.0,0.0
2008-10-10,921650.3090431583,0.0,0.0,0.0,0.0,0.0
2008-10-13,921650.3090431583,0.0,0.0,0.0,0.0,0.0
2008-10-14,921650.3090431583,0.0,0.0,0.0,0.0,0.0
2008-10-15,921650.3090431583,0.0,0.0,0.0,0.0,0.0
2008-10-16,921650.3090431583,0.0,0.0,0.0,0.0,0.0
2008-10-17,921650.3090431583,0.0,0.0,0.0,0.0,0.0
2008-10-20,921650.3090431583,0.0,0.0,0.0,0.0,0.0
2008-10-21,921650.3090431583,0.0,0.0,0.0,0.0,0.0
2008-10-22,921650.3090431583,0.0,0.0,0.0,0.0,0.0
2008-10-23,921650.3090431583,0.0,0.0,0.0,0.0,0.0
2008-10-24,921650.3090431583,0.0,0.0,0.0,0.0,0.0
2008-10-27,921650.3090431583,0.0,0.0,0.0,0.0,0.0
2008-10-28,921650.3090431583,0.0,0.0,0.0,0.0,0.0
2008-10-29,921650.3090431583,0.0,0.0,0.0,0.0,0.0
2008-10-30,921650.3090431583,0.0,0.0,0.0,0.0,0.0
2008-10-31,921650.3090431583,0.0,0.0,0.0,0.0,0.0
2008-11-03,921650.3090431583,0.0,0.0,0.0,0.0,0.0
2008-11-04,921650.3090431583,0.0,0.0,0.0,0.0,0.0
2008-11-05,921650.3090431583,0.0,0.0,0.0,0.0,0.0
2008-11-06,921650.3090431583,0.0,0.0,0.0,0.0,0.0
2008-11-07,921650.3090431583,0.0,0.0,0.0,0.0,0.0
2008-11-10,921650.3090431583,0.0,0.0,0.0,0.0,0.0
2008-11-11,921650.3090431583,0.0,0.0,0.0,0.0,0.0
2008-11-12,921650.3090431583,0.0,0.0,0.0,0.0,0.0
2008-11-13,921650.3090431583,0.0,0.0,0.0,0.0,0.0
2008-11-14,921650.3090431583,0.0,0.0,0.0,0.0,0.0
2008-11-17,921650.3090431583,0.0,0.0,0.0,0.0,0.0
2008-11-18,921650.3090431583,0.0,0.0,0.0,0.0,0.0
2008-11-19,921650.3090431583,0.0,0.0,0.0,0.0,0.0
2008-11-20,921650.3090431583,0.0,0.0,0.0,0.0,0.0
2008-11-21,921650.3090431583,0.0,0.0,0.0,0.0,0.0
2008-11-24,921650.3090431583,0.0,0.0,0.0,0.0,0.0
2008-11-25,921650.3090431583,0.0,0.0,0.0,0.0,0.0
2008-11-26,921650.3090431583,0.0,0.0,0.0,0.0,0.0
2008-11-28,921650.3090431583,0.0,0.0,0.0,0.0,0.0
2008-12-01,921650.3090431583,0.0,0.0,0.0,0.0,0.0
2008-12-02,921650.3090431583,0.0,0.0,0.0,0.0,0.0
2008-12-03,921650.3090431583,0.0,0.0,0.0,0.0,0.0
2008-12-04,921650.3090431583,0.0,0.0,0.0,0.0,0.0
2008-12-05,921650.3090431583,0.0,0.0,0.0,0.0,0.0
2008-12-08,921650.3090431583,0.0,0.0,0.0,0.0,0.0
2008-12-09,921650.3090431583,0.0,0.0,0.0,0.0,0.0
2008-12-10,921650.3090431583,0.0,0.0,0.0,0.0,0.0
2008-12-11,921650.3090431583,0.0,0.0,0.0,0.0,0.0
2008-12-12,921650.3090431583,0.0,0.0,0.0,0.0,0.0
2008-12-15,921650.3090431583,0.0,0.0,0.0,0.0,0.0
2008-12-16,921650.3090431583,0.0,0.0,0.0,0.0,0.0
2008-12-17,921650.3090431583,0.0,0.0,0.0,0.0,0.0
2008-12-18,921650.3090431583,0.0,0.0,0.0,0.0,0.0
2008-12-19,921650.3090431583,0.0,0.0,0.0,0.0,0.0
2008-12-22,921650.3090431583,0.0,0.0,0.0,0.0,0.0
2008-12-23,921650.3090431583,0.0,0.0,0.0,0.0,0.0
2008-12-24,921650.3090431583,0.0,0.0,0.0,0.0,0.0
2008-12-26,921650.3090431583,0.0,0.0,0.0,0.0,0.0
2008-12-29,921650.3090431583,0.0,0.0,0.0,0.0,0.0
2008-12-30,921650.3090431583,0.0,0.0,0.0,0.0,0.0
2008-12-31,921650.3090431583,0.0,0.0,0.0,0.0,0.0
2009-01-02,921650.3090431583,0.0,0.0,0.0,0.0,0.0
2009-01-05,921650.3090431583,0.0,0.0,0.0,0.0,0.0
2009-01-06,921650.3090431583,0.0,0.0,0.0,0.0,0.0
2009-01-07,921650.3090431583,0.0,0.0,0.0,0.0,0.0
2009-01-08,921650.3090431583,0.0,0.0,0.0,0.0,0.0
2009-01-09,921650.3090431583,0.0,0.0,0.0,0.0,0.0
2009-01-12,921650.3090431583,0.0,0.0,0.0,0.0,0.0
2009-01-13,921650.3090431583,0.0,0.0,0.0,0.0,0.0
2009-01-14,921650.3090431583,0.0,0.0,0.0,0.0,0.0
2009-01-15,921650.3090431583,0.0,0.0,0.0,0.0,0.0
2009-01-16,921650.3090431583,0.0,0.0,0.0,0.0,0.0
2009-01-20,921650.3090431583,0.0,0.0,0.0,0.0,0.0
2009-01-21,921650.3090431583,0.0,0.0,0.0,0.0,0.0
2009-01-22,921650.3090431583,0.0,0.0,0.0,0.0,0.0
2009-01-23,921650.3090431583,0.0,0.0,0.0,0.0,0.0
2009-01-26,921650.3090431583,0.0,0.0,0.0,0.0,0.0
2009-01-27,921650.3090431583,0.0,0.0,0.0,0.0,0.0
2009-01-28,921650.3090431583,0.0,0.0,0.0,0.0,0.0
2009-01-29,921650.3090431583,0.0,0.0,0.0,0.0,0.0
2009-01-30,921650.3090431583,0.0,0.0,0.0,0.0,0.0
2009-02-02,921650.3090431583,0.0,0.0,0.0,0.0,0.0
2009-02-03,921650.3090431583,0.0,0.0,0.0,0.0,0.0
2009-02-04,921650.3090431583,0.0,0.0,0.0,0.0,0.0
2009-02-05,921650.3090431583,0.0,0.0,0.0,0.0,0.0
2009-02-06,921650.3090431583,0.0,0.0,0.0,0.0,0.0
2009-02-09,921650.3090431583,0.0,0.0,0.0,0.0,0.0
2009-02-10,921650.3090431583,0.0,0.0,0.0,0.0,0.0
2009-02-11,921650.3090431583,0.0,0.0,0.0,0.0,0.0
2009-02-12,921650.3090431583,0.0,0.0,0.0,0.0,0.0
2009-02-13,921650.3090431583,0.0,0.0,0.0,0.0,0.0
2009-02-17,921650.3090431583,0.0,0.0,0.0,0.0,0.0
2009-02-18,921650.3090431583,0.0,0.0,0.0,0.0,0.0
2009-02-19,921650.3090431583,0.0,0.0,0.0,0.0,0.0
2009-02-20,921650.3090431583,0.0,0.0,0.0,0.0,0.0
2009-02-23,921650.3090431583,0.0,0.0,0.0,0.0,0.0
2009-02-24,921650.3090431583,0.0,0.0,0.0,0.0,0.0
2009-02-25,921650.3090431583,0.0,0.0,0.0,0.0,0.0
2009-02-26,921650.3090431583,0.0,0.0,0.0,0.0,0.0
2009-02-27,921650.3090431583,0.0,0.0,0.0,0.0,0.0
2009-03-02,921650.3090431583,0.0,0.0,0.0,0.0,0.0
2009-03-03,921650.3090431583,0.0,0.0,0.0,0.0,0.0
2009-03-04,921650.3090431583,0.0,0.0,0.0,0.0,0.0
2009-03-05,921650.3090431583,0.0,0.0,0.0,0.0,0.0
2009-03-06,921650.3090431583,0.0,0.0,0.0,0.0,0.0
2009-03-09,921650.3090431583,0.0,0.0,0.0,0.0,0.0
2009-03-10,921650.3090431583,0.0,0.0,0.0,0.0,0.0
2009-03-11,921650.3090431583,0.0,0.0,0.0,0.0,0.0
2009-03-12,921650.3090431583,0.0,0.0,0.0,0.0,0.0
2009-03-13,921650.3090431583,0.0,0.0,0.0,0.0,0.0
2009-03-16,921650.3090431583,0.0,0.0,0.0,0.0,0.0
2009-03-17,921650.3090431583,0.0,0.0,0.0,0.0,0.0
2009-03-18,921650.3090431583,0.0,0.0,0.0,0.0,0.0
2009-03-19,921650.3090431583,0.0,0.0,0.0,0.0,0.0
2009-03-20,921650.3090431583,0.0,0.0,0.0,0.0,0.0
2009-03-23,921650.3090431583,0.0,0.0,0.0,0.0,0.0
2009-03-24,921650.3090431583,0.0,0.0,0.0,0.0,0.0
2009-03-25,921650.3090431583,0.0,0.0,0.0,0.0,0.0
2009-03-26,921650.3090431583,0.0,0.0,0.0,0.0,0.0
2009-03-27,921650.3090431583,0.0,0.0,0.0,0.0,0.0
2009-03-30,921650.3090431583,0.0,0.0,0.0,0.0,0.0
2009-03-31,921650.3090431583,0.0,0.0,0.0,0.0,0.0
2009-04-01,921650.3090431583,0.0,0.0,0.0,0.0,0.0
2009-04-02,921650.3090431583,0.0,0.0,0.0,0.0,0.0
2009-04-03,921650.3090431583,0.0,0.0,0.0,0.0,0.0
2009-04-06,921650.3090431583,0.0,0.0,0.0,0.0,0.0
2009-04-07,921650.3090431583,0.0,0.0,0.0,0.0,0.0
2009-04-08,921650.3090431583,0.0,0.0,0.0,0.0,0.0
2009-04-09,921650.3090431583,0.0,0.0,0.0,0.0,0.0
2009-04-13,921650.3090431583,0.0,0.0,0.0,0.0,0.0
2009-04-14,921650.3090431583,0.0,0.0,0.0,0.0,0.0
2009-04-15,921650.3090431583,0.0,0.0,0.0,0.0,0.0
2009-04-16,921650.3090431583,0.0,0.0,0.0,0.0,0.0
2009-04-17,921650.3090431583,0.0,0.0,0.0,0.0,0.0
2009-04-20,921650.3090431583,0.0,0.0,0.0,0.0,0.0
2009-04-21,921650.3090431583,0.0,0.0,0.0,0.0,0.0
2009-04-22,921650.3090431583,0.0,0.0,0.0,0.0,0.0
2009-04-23,921650.3090431583,0.0,0.0,0.0,0.0,0.0
2009-04-24,921650.3090431583,0.0,0.0,0.0,0.0,0.0
2009-04-27,921650.3090431583,0.0,0.0,0.0,0.0,0.0
2009-04-28,921650.3090431583,0.0,0.0,0.0,0.0,0.0
2009-04-29,921650.3090431583,0.0,0.0,0.0,0.0,0.0
2009-04-30,921650.3090431583,0.0,0.0,0.0,0.0,0.0
2009-05-01,921650.3090431583,0.0,0.0,0.0,0.0,0.0
2009-05-04,921650.3090431583,0.0,0.0,0.0,0.0,0.0
2009-05-05,921650.3090431583,0.0,0.0,0.0,0.0,0.0
2009-05-06,921650.3090431583,0.0,0.0,0.0,0.0,0.0
2009-05-07,921650.3090431583,0.0,0.0,0.0,0.0,0.0
2009-05-08,921650.3090431583,0.0,0.0,0.0,0.0,0.0
2009-05-11,921650.3090431583,0.0,0.0,0.0,0.0,0.0
2009-05-12,921650.3090431583,0.0,0.0,0.0,0.0,0.0
2009-05-13,921650.3090431583,0.0,0.0,0.0,0.0,0.0
2009-05-14,921650.3090431583,0.0,0.0,0.0,0.0,0.0
2009-05-15,921650.3090431583,0.0,0.0,0.0,0.0,0.0
2009-05-18,921650.3090431583,0.0,0.0,0.0,0.0,0.0
2009-05-19,921650.3090431583,0.0,0.0,0.0,0.0,0.0
2009-05-20,921650.3090431583,0.0,0.0,0.0,0.0,0.0
2009-05-21,921650.3090431583,0.0,0.0,0.0,0.0,0.0
2009-05-22,921650.3090431583,0.0,0.0,0.0,0.0,0.0
2009-05-26,921650.3090431583,0.0,0.0,0.0,0.0,0.0
2009-05-27,921650.3090431583,0.0,0.0,0.0,0.0,0.0
2009-05-28,921650.3090431583,0.0,0.0,0.0,0.0,0.0
2009-05-29,921650.3090431583,0.0,0.0,0.0,0.0,0.0
2009-06-01,921650.3090431583,0.0,0.0,0.0,0.0,0.0
2009-06-02,921650.3090431583,0.0,0.0,0.0,0.0,0.0
2009-06-03,921650.3090431583,0.0,0.0,0.0,0.0,0.0
2009-06-04,921650.3090431583,0.0,0.0,0.0,0.0,0.0
2009-06-05,921650.3090431583,0.0,0.0,0.0,0.0,0.0
2009-06-08,921650.3090431583,0.0,0.0,0.0,0.0,0.0
2009-06-09,921650.3090431583,0.0,0.0,0.0,0.0,0.0
2009-06-10,921650.3090431583,0.0,0.0,0.0,0.0,0.0
2009-06-11,921650.3090431583,0.0,0.0,0.0,0.0,0.0
2009-06-12,921650.3090431583,0.0,0.0,0.0,0.0,0.0
2009-06-15,921650.3090431583,0.0,0.0,0.0,0.0,0.0
2009-06-16,921650.3090431583,0.0,0.0,0.0,0.0,0.0
2009-06-17,921650.3090431583,0.0,0.0,0.0,0.0,0.0
2009-06-18,921650.3090431583,0.0,0.0,0.0,0.0,0.0
2009-06-19,921650.3090431583,0.0,0.0,0.0,0.0,0.0
2009-06-22,921650.3090431583,0.0,0.0,0.0,0.0,0.0
2009-06-23,921650.3090431583,0.0,0.0,0.0,0.0,0.0
2009-06-24,921650.3090431583,0.0,0.0,0.0,0.0,0.0
2009-06-25,921650.3090431583,0.0,0.0,0.0,0.0,0.0
2009-06-26,921650.3090431583,0.0,0.0,0.0,0.0,0.0
2009-06-29,921650.3090431583,0.0,0.0,0.0,0.0,0.0
2009-06-30,921650.3090431583,0.0,0.0,0.0,0.0,0.0
2009-07-01,921189.4838886367,0.0,460.8251545215792,-0.0005,-0.6596158469767031,-0.5
2009-07-02,926401.6889084221,5672.799761729785,460.59474194431834,0.005693184089546273,0.0,0.0
2009-07-06,925938.4880639679,0.0,463.20084445421105,-0.0005,-0.4359768034668144,-0.5
2009-07-07,951131.731093375,25656.212273439112,462.969244031984,0.02798371544889651,0.0,0.0
2009-07-08,951131.731093375,0.0,0.0,0.0,0.0,0.0
2009-07-09,951131.731093375,0.0,0.0,0.0,0.0,0.0
2009-07-10,951131.731093375,0.0,0.0,0.0,0.0,0.0
2009-07-13,951131.731093375,0.0,0.0,0.0,0.0,0.0
2009-07-14,951131.731093375,0.0,0.0,0.0,0.0,0.0
2009-07-15,951131.731093375,0.0,0.0,0.0,0.0,0.0
2009-07-16,951131.731093375,0.0,0.0,0.0,0.0,0.0
2009-07-17,951131.731093375,0.0,0.0,0.0,0.0,0.0
2009-07-20,951131.731093375,0.0,0.0,0.0,0.0,0.0
2009-07-21,951131.731093375,0.0,0.0,0.0,0.0,0.0
2009-07-22,951131.731093375,0.0,0.0,0.0,0.0,0.0
2009-07-23,951131.731093375,0.0,0.0,0.0,0.0,0.0
2009-07-24,951131.731093375,0.0,0.0,0.0,0.0,0.0
2009-07-27,951131.731093375,0.0,0.0,0.0,0.0,0.0
2009-07-28,951131.731093375,0.0,0.0,0.0,0.0,0.0
2009-07-29,951131.731093375,0.0,0.0,0.0,0.0,0.0
2009-07-30,951131.731093375,0.0,0.0,0.0,0.0,0.0
2009-07-31,951131.731093375,0.0,0.0,0.0,0.0,0.0
2009-08-03,951131.731093375,0.0,0.0,0.0,0.0,0.0
2009-08-04,951131.731093375,0.0,0.0,0.0,0.0,0.0
2009-08-05,951131.731093375,0.0,0.0,0.0,0.0,0.0
2009-08-06,951131.731093375,0.0,0.0,0.0,0.0,0.0
2009-08-07,951131.731093375,0.0,0.0,0.0,0.0,0.0
2009-08-10,951131.731093375,0.0,0.0,0.0,0.0,0.0
2009-08-11,951131.731093375,0.0,0.0,0.0,0.0,0.0
2009-08-12,951131.731093375,0.0,0.0,0.0,0.0,0.0
2009-08-13,951131.731093375,0.0,0.0,0.0,0.0,0.0
2009-08-14,951131.731093375,0.0,0.0,0.0,0.0,0.0
2009-08-17,951131.731093375,0.0,0.0,0.0,0.0,0.0
2009-08-18,951131.731093375,0.0,0.0,0.0,0.0,0.0
2009-08-19,951131.731093375,0.0,0.0,0.0,0.0,0.0
2009-08-20,951131.731093375,0.0,0.0,0.0,0.0,0.0
2009-08-21,951131.731093375,0.0,0.0,0.0,0.0,0.0
2009-08-24,951131.731093375,0.0,0.0,0.0,0.0,0.0
2009-08-25,951131.731093375,0.0,0.0,0.0,0.0,0.0
2009-08-26,951131.731093375,0.0,0.0,0.0,0.0,0.0
2009-08-27,951131.731093375,0.0,0.0,0.0,0.0,0.0
2009-08-28,951131.731093375,0.0,0.0,0.0,0.0,0.0
2009-08-31,951131.731093375,0.0,0.0,0.0,0.0,0.0
2009-09-01,951131.731093375,0.0,0.0,0.0,0.0,0.0
2009-09-02,951131.731093375,0.0,0.0,0.0,0.0,0.0
2009-09-03,951131.731093375,0.0,0.0,0.0,0.0,0.0
2009-09-04,951131.731093375,0.0,0.0,0.0,0.0,0.0
2009-09-08,951131.731093375,0.0,0.0,0.0,0.0,0.0
2009-09-09,951131.731093375,0.0,0.0,0.0,0.0,0.0
2009-09-10,951131.731093375,0.0,0.0,0.0,0.0,0.0
2009-09-11,951131.731093375,0.0,0.0,0.0,0.0,0.0
2009-09-14,951131.731093375,0.0,0.0,0.0,0.0,0.0
2009-09-15,951131.731093375,0.0,0.0,0.0,0.0,0.0
2009-09-16,951131.731093375,0.0,0.0,0.0,0.0,0.0
2009-09-17,951131.731093375,0.0,0.0,0.0,0.0,0.0
2009-09-18,951131.731093375,0.0,0.0,0.0,0.0,0.0
2009-09-21,951131.731093375,0.0,0.0,0.0,0.0,0.0
2009-09-22,951131.731093375,0.0,0.0,0.0,0.0,0.0
2009-09-23,951131.731093375,0.0,0.0,0.0,0.0,0.0
2009-09-24,951131.731093375,0.0,0.0,0.0,0.0,0.0
2009-09-25,951131.731093375,0.0,0.0,0.0,0.0,0.0
2009-09-28,951131.731093375,0.0,0.0,0.0,0.0,0.0
2009-09-29,951131.731093375,0.0,0.0,0.0,0.0,0.0
2009-09-30,951131.731093375,0.0,0.0,0.0,0.0,0.0
2009-10-01,951131.731093375,0.0,0.0,0.0,0.0,0.0
2009-10-02,951131.731093375,0.0,0.0,0.0,0.0,0.0
2009-10-05,951131.731093375,0.0,0.0,0.0,0.0,0.0
2009-10-06,951131.731093375,0.0,0.0,0.0,0.0,0.0
2009-10-07,951131.731093375,0.0,0.0,0.0,0.0,0.0
2009-10-08,951131.731093375,0.0,0.0,0.0,0.0,0.0
2009-10-09,951131.731093375,0.0,0.0,0.0,0.0,0.0
2009-10-12,951131.731093375,0.0,0.0,0.0,0.0,0.0
2009-10-13,951131.731093375,0.0,0.0,0.0,0.0,0.0
2009-10-14,951131.731093375,0.0,0.0,0.0,0.0,0.0
2009-10-15,951131.731093375,0.0,0.0,0.0,0.0,0.0
2009-10-16,951131.731093375,0.0,0.0,0.0,0.0,0.0
2009-10-19,951131.731093375,0.0,0.0,0.0,0.0,0.0
2009-10-20,951131.731093375,0.0,0.0,0.0,0.0,0.0
2009-10-21,951131.731093375,0.0,0.0,0.0,0.0,0.0
2009-10-22,951131.731093375,0.0,0.0,0.0,0.0,0.0
2009-10-23,951131.731093375,0.0,0.0,0.0,0.0,0.0
2009-10-26,951131.731093375,0.0,0.0,0.0,0.0,0.0
2009-10-27,951131.731093375,0.0,0.0,0.0,0.0,0.0
2009-10-28,951131.731093375,0.0,0.0,0.0,0.0,0.0
2009-10-29,951131.731093375,0.0,0.0,0.0,0.0,0.0
2009-10-30,951131.731093375,0.0,0.0,0.0,0.0,0.0
2009-11-02,951131.731093375,0.0,0.0,0.0,0.0,0.0
2009-11-03,951131.731093375,0.0,0.0,0.0,0.0,0.0
2009-11-04,951131.731093375,0.0,0.0,0.0,0.0,0.0
2009-11-05,951131.731093375,0.0,0.0,0.0,0.0,0.0
2009-11-06,951131.731093375,0.0,0.0,0.0,0.0,0.0
2009-11-09,951131.731093375,0.0,0.0,0.0,0.0,0.0
2009-11-10,951131.731093375,0.0,0.0,0.0,0.0,0.0
2009-11-11,951131.731093375,0.0,0.0,0.0,0.0,0.0
2009-11-12,951131.731093375,0.0,0.0,0.0,0.0,0.0
2009-11-13,951131.731093375,0.0,0.0,0.0,0.0,0.0
2009-11-16,951131.731093375,0.0,0.0,0.0,0.0,0.0
2009-11-17,951131.731093375,0.0,0.0,0.0,0.0,0.0
2009-11-18,951131.731093375,0.0,0.0,0.0,0.0,0.0
2009-11-19,951131.731093375,0.0,0.0,0.0,0.0,0.0
2009-11-20,951131.731093375,0.0,0.0,0.0,0.0,0.0
2009-11-23,951131.731093375,0.0,0.0,0.0,0.0,0.0
2009-11-24,951131.731093375,0.0,0.0,0.0,0.0,0.0
2009-11-25,951131.731093375,0.0,0.0,0.0,0.0,0.0
2009-11-27,951131.731093375,0.0,0.0,0.0,0.0,0.0
2009-11-30,951131.731093375,0.0,0.0,0.0,0.0,0.0
2009-12-01,951131.731093375,0.0,0.0,0.0,0.0,0.0
2009-12-02,951131.731093375,0.0,0.0,0.0,0.0,0.0
2009-12-03,951131.731093375,0.0,0.0,0.0,0.0,0.0
2009-12-04,951131.731093375,0.0,0.0,0.0,0.0,0.0
2009-12-07,951131.731093375,0.0,0.0,0.0,0.0,0.0
2009-12-08,951131.731093375,0.0,0.0,0.0,0.0,0.0
2009-12-09,951131.731093375,0.0,0.0,0.0,0.0,0.0
2009-12-10,951131.731093375,0.0,0.0,0.0,0.0,0.0
2009-12-11,951131.731093375,0.0,0.0,0.0,0.0,0.0
2009-12-14,951131.731093375,0.0,0.0,0.0,0.0,0.0
2009-12-15,951131.731093375,0.0,0.0,0.0,0.0,0.0
2009-12-16,951131.731093375,0.0,0.0,0.0,0.0,0.0
2009-12-17,951131.731093375,0.0,0.0,0.0,0.0,0.0
2009-12-18,951131.731093375,0.0,0.0,0.0,0.0,0.0
2009-12-21,951131.731093375,0.0,0.0,0.0,0.0,0.0
2009-12-22,951131.731093375,0.0,0.0,0.0,0.0,0.0
2009-12-23,951131.731093375,0.0,0.0,0.0,0.0,0.0
2009-12-24,951131.731093375,0.0,0.0,0.0,0.0,0.0
2009-12-28,951131.731093375,0.0,0.0,0.0,0.0,0.0
2009-12-29,951131.731093375,0.0,0.0,0.0,0.0,0.0
2009-12-30,951131.731093375,0.0,0.0,0.0,0.0,0.0
2009-12-31,951131.731093375,0.0,0.0,0.0,0.0,0.0
2010-01-04,951131.731093375,0.0,0.0,0.0,0.0,0.0
2010-01-05,951131.731093375,0.0,0.0,0.0,0.0,0.0
2010-01-06,951131.731093375,0.0,0.0,0.0,0.0,0.0
2010-01-07,951131.731093375,0.0,0.0,0.0,0.0,0.0
2010-01-08,951131.731093375,0.0,0.0,0.0,0.0,0.0
2010-01-11,951131.731093375,0.0,0.0,0.0,0.0,0.0
2010-01-12,951131.731093375,0.0,0.0,0.0,0.0,0.0
2010-01-13,951131.731093375,0.0,0.0,0.0,0.0,0.0
2010-01-14,951131.731093375,0.0,0.0,0.0,0.0,0.0
2010-01-15,951131.731093375,0.0,0.0,0.0,0.0,0.0
2010-01-19,951131.731093375,0.0,0.0,0.0,0.0,0.0
2010-01-20,951131.731093375,0.0,0.0,0.0,0.0,0.0
2010-01-21,951131.731093375,0.0,0.0,0.0,0.0,0.0
2010-01-22,951131.731093375,0.0,0.0,0.0,0.0,0.0
2010-01-25,951131.731093375,0.0,0.0,0.0,0.0,0.0
2010-01-26,951131.731093375,0.0,0.0,0.0,0.0,0.0
2010-01-27,951131.731093375,0.0,0.0,0.0,0.0,0.0
2010-01-28,951131.731093375,0.0,0.0,0.0,0.0,0.0
2010-01-29,951131.731093375,0.0,0.0,0.0,0.0,0.0
2010-02-01,951131.731093375,0.0,0.0,0.0,0.0,0.0
2010-02-02,951131.731093375,0.0,0.0,0.0,0.0,0.0
2010-02-03,951131.731093375,0.0,0.0,0.0,0.0,0.0
2010-02-04,951131.731093375,0.0,0.0,0.0,0.0,0.0
2010-02-05,951131.731093375,0.0,0.0,0.0,0.0,0.0
2010-02-08,951131.731093375,0.0,0.0,0.0,0.0,0.0
2010-02-09,951131.731093375,0.0,0.0,0.0,0.0,0.0
2010-02-10,951131.731093375,0.0,0.0,0.0,0.0,0.0
2010-02-11,951131.731093375,0.0,0.0,0.0,0.0,0.0
2010-02-12,951131.731093375,0.0,0.0,0.0,0.0,0.0
2010-02-16,951131.731093375,0.0,0.0,0.0,0.0,0.0
2010-02-17,951131.731093375,0.0,0.0,0.0,0.0,0.0
2010-02-18,951131.731093375,0.0,0.0,0.0,0.0,0.0
2010-02-19,951131.731093375,0.0,0.0,0.0,0.0,0.0
2010-02-22,951131.731093375,0.0,0.0,0.0,0.0,0.0
2010-02-23,951131.731093375,0.0,0.0,0.0,0.0,0.0
2010-02-24,951131.731093375,0.0,0.0,0.0,0.0,0.0
2010-02-25,951131.731093375,0.0,0.0,0.0,0.0,0.0
2010-02-26,951131.731093375,0.0,0.0,0.0,0.0,0.0
2010-03-01,951131.731093375,0.0,0.0,0.0,0.0,0.0
2010-03-02,951131.731093375,0.0,0.0,0.0,0.0,0.0
2010-03-03,951131.731093375,0.0,0.0,0.0,0.0,0.0
2010-03-04,951131.731093375,0.0,0.0,0.0,0.0,0.0
2010-03-05,951131.731093375,0.0,0.0,0.0,0.0,0.0
2010-03-08,951131.731093375,0.0,0.0,0.0,0.0,0.0
2010-03-09,951131.731093375,0.0,0.0,0.0,0.0,0.0
2010-03-10,951131.731093375,0.0,0.0,0.0,0.0,0.0
2010-03-11,951131.731093375,0.0,0.0,0.0,0.0,0.0
2010-03-12,951131.731093375,0.0,0.0,0.0,0.0,0.0
2010-03-15,951131.731093375,0.0,0.0,0.0,0.0,0.0
2010-03-16,951131.731093375,0.0,0.0,0.0,0.0,0.0
2010-03-17,951131.731093375,0.0,0.0,0.0,0.0,0.0
2010-03-18,951131.731093375,0.0,0.0,0.0,0.0,0.0
2010-03-19,951131.731093375,0.0,0.0,0.0,0.0,0.0
2010-03-22,951131.731093375,0.0,0.0,0.0,0.0,0.0
2010-03-23,951131.731093375,0.0,0.0,0.0,0.0,0.0
2010-03-24,951131.731093375,0.0,0.0,0.0,0.0,0.0
2010-03-25,951131.731093375,0.0,0.0,0.0,0.0,0.0
2010-03-26,951131.731093375,0.0,0.0,0.0,0.0,0.0
2010-03-29,951131.731093375,0.0,0.0,0.0,0.0,0.0
2010-03-30,951131.731093375,0.0,0.0,0.0,0.0,0.0
2010-03-31,951131.731093375,0.0,0.0,0.0,0.0,0.0
2010-04-01,951131.731093375,0.0,0.0,0.0,0.0,0.0
2010-04-05,951131.731093375,0.0,0.0,0.0,0.0,0.0
2010-04-06,951131.731093375,0.0,0.0,0.0,0.0,0.0
2010-04-07,951131.731093375,0.0,0.0,0.0,0.0,0.0
2010-04-08,951131.731093375,0.0,0.0,0.0,0.0,0.0
2010-04-09,951131.731093375,0.0,0.0,0.0,0.0,0.0
2010-04-12,951131.731093375,0.0,0.0,0.0,0.0,0.0
2010-04-13,951131.731093375,0.0,0.0,0.0,0.0,0.0
2010-04-14,951131.731093375,0.0,0.0,0.0,0.0,0.0
2010-04-15,951131.731093375,0.0,0.0,0.0,0.0,0.0
2010-04-16,951131.731093375,0.0,0.0,0.0,0.0,0.0
2010-04-19,951131.731093375,0.0,0.0,0.0,0.0,0.0
2010-04-20,951131.731093375,0.0,0.0,0.0,0.0,0.0
2010-04-21,951131.731093375,0.0,0.0,0.0,0.0,0.0
2010-04-22,951131.731093375,0.0,0.0,0.0,0.0,0.0
2010-04-23,951131.731093375,0.0,0.0,0.0,0.0,0.0
2010-04-26,951131.731093375,0.0,0.0,0.0,0.0,0.0
2010-04-27,951131.731093375,0.0,0.0,0.0,0.0,0.0
2010-04-28,951131.731093375,0.0,0.0,0.0,0.0,0.0
2010-04-29,951131.731093375,0.0,0.0,0.0,0.0,0.0
2010-04-30,951131.731093375,0.0,0.0,0.0,0.0,0.0
2010-05-03,951131.731093375,0.0,0.0,0.0,0.0,0.0
2010-05-04,951131.731093375,0.0,0.0,0.0,0.0,0.0
2010-05-05,951131.731093375,0.0,0.0,0.0,0.0,0.0
2010-05-06,951131.731093375,0.0,0.0,0.0,0.0,0.0
2010-05-07,951131.731093375,0.0,0.0,0.0,0.0,0.0
2010-05-10,951131.731093375,0.0,0.0,0.0,0.0,0.0
2010-05-11,951131.731093375,0.0,0.0,0.0,0.0,0.0
2010-05-12,951131.731093375,0.0,0.0,0.0,0.0,0.0
2010-05-13,951131.731093375,0.0,0.0,0.0,0.0,0.0
2010-05-14,951131.731093375,0.0,0.0,0.0,0.0,0.0
2010-05-17,951131.731093375,0.0,0.0,0.0,0.0,0.0
2010-05-18,951131.731093375,0.0,0.0,0.0,0.0,0.0
2010-05-19,951131.731093375,0.0,0.0,0.0,0.0,0.0
2010-05-20,951131.731093375,0.0,0.0,0.0,0.0,0.0
2010-05-21,951131.731093375,0.0,0.0,0.0,0.0,0.0
2010-05-24,951131.731093375,0.0,0.0,0.0,0.0,0.0
2010-05-25,951131.731093375,0.0,0.0,0.0,0.0,0.0
2010-05-26,951131.731093375,0.0,0.0,0.0,0.0,0.0
2010-05-27,951131.731093375,0.0,0.0,0.0,0.0,0.0
2010-05-28,951131.731093375,0.0,0.0,0.0,0.0,0.0
2010-06-01,951131.731093375,0.0,0.0,0.0,0.0,0.0
2010-06-02,951131.731093375,0.0,0.0,0.0,0.0,0.0
2010-06-03,951131.731093375,0.0,0.0,0.0,0.0,0.0
2010-06-04,951131.731093375,0.0,0.0,0.0,0.0,0.0
2010-06-07,951131.731093375,0.0,0.0,0.0,0.0,0.0
2010-06-08,951131.731093375,0.0,0.0,0.0,0.0,0.0
2010-06-09,951131.731093375,0.0,0.0,0.0,0.0,0.0
2010-06-10,951131.731093375,0.0,0.0,0.0,0.0,0.0
2010-06-11,951131.731093375,0.0,0.0,0.0,0.0,0.0
2010-06-14,951131.731093375,0.0,0.0,0.0,0.0,0.0
2010-06-15,951131.731093375,0.0,0.0,0.0,0.0,0.0
2010-06-16,951131.731093375,0.0,0.0,0.0,0.0,0.0
2010-06-17,951131.731093375,0.0,0.0,0.0,0.0,0.0
2010-06-18,951131.731093375,0.0,0.0,0.0,0.0,0.0
2010-06-21,951131.731093375,0.0,0.0,0.0,0.0,0.0
2010-06-22,951131.731093375,0.0,0.0,0.0,0.0,0.0
2010-06-23,951131.731093375,0.0,0.0,0.0,0.0,0.0
2010-06-24,951131.731093375,0.0,0.0,0.0,0.0,0.0
2010-06-25,951131.731093375,0.0,0.0,0.0,0.0,0.0
2010-06-28,951131.731093375,0.0,0.0,0.0,0.0,0.0
2010-06-29,951131.731093375,0.0,0.0,0.0,0.0,0.0
2010-06-30,951131.731093375,0.0,0.0,0.0,0.0,0.0
2010-07-01,950656.1652278283,0.0,475.5658655466875,-0.0005,-0.5459865374086017,-0.5
2010-07-02,946044.9593922974,-4611.205835530893,0.0,-0.004827136333985649,-0.45261375206108884,-0.5
2010-07-06,945307.9729269178,-736.9864653796137,0.0,-0.0007784120394395433,-1.5882477267664308,-0.5
2010-07-07,931215.3599003952,-14092.613026522627,0.0,-0.014688976880827691,-1.5022606946696602,-0.5
2010-07-08,921606.3989887945,-9143.353231650406,465.60767995019756,-0.010218399401645475,-1.7651791315452174,-0.5
2010-07-09,921145.5957893002,0.0,460.8031994943973,-0.0005,-2.028926538830959,-0.5
2010-07-12,918338.5943394303,-2807.001449869881,0.0,-0.0030380362133916637,-2.156363881492503,-0.5
2010-07-13,918894.893463697,556.2991242666769,0.0,0.000606134076857801,-2.255124107597397,-0.5
2010-07-14,916442.7236849244,-2452.1697787726025,0.0,-0.0026615049600774254,-2.666518502334173,-0.5
2010-07-15,923961.8000858142,7519.076400889823,0.0,0.00827250608272506,-2.5625940493916985,-0.5
2010-07-16,923735.1166216126,-226.6834642016227,0.0,-0.0002452783909737552,-2.4768912762340447,-0.5
2010-07-19,928945.0008006947,5209.88417908217,0.0,0.005672009864364981,-2.2742790364212,-0.5
2010-07-20,927217.0525105149,-1727.9482901798635,0.0,-0.001856665428889714,-2.190364702608411,-0.5
2010-07-21,925613.2671466469,-1603.7853638679526,0.0,-0.001726689689195856,-2.072862598648495,-0.5
2010-07-22,925271.3760112812,-341.8911353656662,0.0,-0.0003692307692307692,-2.0406907444196962,-0.5
2010-07-23,924816.0259246614,-455.35008661972495,0.0,-0.0004918839153959665,-1.8757741991297099,-0.5
2010-07-26,933341.2474025805,8525.221477919076,0.0,0.009304056568663937,-2.0588851019358247,-0.5
2010-07-27,933458.1195848247,116.87218224424998,0.0,0.00012523481527864744,-2.087451661008464,-0.5
2010-07-28,927612.3147277053,-5845.804857119393,0.0,-0.006223549912870302,-1.8602952955904348,-0.5
2010-07-29,920153.7792926112,-7458.535435094117,0.0,-0.007976438826849919,-1.9613947782415724,-0.5
2010-07-30,908615.4497007998,-11538.329591811413,0.0,-0.01238427317542383,-1.8762148179990443,-0.5
2010-08-02,908291.7149800038,-323.73472079600947,0.0,-0.0003561676362341209,-0.9642553201916426,-0.5
2010-08-03,908183.9186691825,-107.79631082126795,0.0,-0.00011866619200189865,-0.9468939598528275,-0.5
2010-08-04,908399.4345492653,215.51588008286248,0.0,0.00023736055067647758,-0.8144065274808904,-0.5
2010-08-05,907536.7570235775,-862.6775256878113,0.0,-0.0009487666034155598,-0.8409065795614933,-0.5
2010-08-06,905816.3081950968,-1720.4488284807155,0.0,-0.001892147587511826,-0.846616867635505,-0.5
2010-08-09,910306.8989581036,4490.590763006854,0.0,0.00498220640569395,-0.6822639458995838,-0.5
2010-08-10,915624.6192786744,5317.720320570706,0.0,0.005876004317064396,-0.47388017063495075,-0.5
2010-08-11,911979.7926880596,-3644.8265906147467,0.0,-0.003964916496455605,-0.3938675974830168,-0.5
2010-08-12,906522.7570688156,-5457.035619244014,0.0,-0.005948132286462051,-0.3673298821772307,-0.5
2010-08-13,908666.850628581,2144.0935597654106,0.0,0.0023707918444760548,-0.4248247533015737,-0.5
2010-08-16,916440.6164609548,7773.765832373792,0.0,0.00862895493767977,-0.3082623971287464,-0.5
2010-08-17,911455.144055159,-4985.472405795813,0.0,-0.0054106047853793434,-0.4058275364293549,-0.5
2010-08-18,915815.1303936194,4359.986338460459,0.0,0.004806536890170632,-0.9462730735927832,-0.5
2010-08-19,923997.9750747505,8182.844681131108,0.0,0.009015594541910331,-1.147197577589685,-0.5
2010-08-20,927405.884990197,3407.909915446584,0.0,0.003701875616979269,-1.1896467245911941,-0.5
2010-08-23,928439.6542452022,1033.7692550051738,0.0,0.001115933044017359,-1.7718614793514855,-0.5
2010-08-24,931897.10082258,3457.4465773778634,0.0,0.00373785198106155,-1.4378953363344262,-0.5
2010-08-25,931664.010001964,-233.09082061595296,0.0,-0.0002500625156289072,-1.0448027976224517,-0.5
2010-08-26,925608.1939369513,-6055.816065012766,0.0,-0.006458022851465474,-0.6181679843989296,-0.5
2010-08-27,921496.4102521377,-4111.783684813703,0.0,-0.004422604422604423,-0.7111802424576711,-0.5
2010-08-30,923299.730037367,1803.3197852292321,0.0,0.00196078431372549,-0.5912291209608588,-0.5
2010-08-31,927834.6010100456,4534.870972678619,0.0,0.004935834155972359,-0.6549950120329743,-0.5
2010-09-01,927834.6010100456,0.0,0.0,0.0,0.0,0.0
2010-09-02,927834.6010100456,0.0,0.0,0.0,0.0,0.0
2010-09-03,927834.6010100456,0.0,0.0,0.0,0.0,0.0
2010-09-07,927834.6010100456,0.0,0.0,0.0,0.0,0.0
2010-09-08,927834.6010100456,0.0,0.0,0.0,0.0,0.0
2010-09-09,927834.6010100456,0.0,0.0,0.0,0.0,0.0
2010-09-10,927834.6010100456,0.0,0.0,0.0,0.0,0.0
2010-09-13,927834.6010100456,0.0,0.0,0.0,0.0,0.0
2010-09-14,927834.6010100456,0.0,0.0,0.0,0.0,0.0
2010-09-15,927834.6010100456,0.0,0.0,0.0,0.0,0.0
2010-09-16,927834.6010100456,0.0,0.0,0.0,0.0,0.0
2010-09-17,927834.6010100456,0.0,0.0,0.0,0.0,0.0
2010-09-20,927834.6010100456,0.0,0.0,0.0,0.0,0.0
2010-09-21,927834.6010100456,0.0,0.0,0.0,0.0,0.0
2010-09-22,927834.6010100456,0.0,0.0,0.0,0.0,0.0
2010-09-23,927834.6010100456,0.0,0.0,0.0,0.0,0.0
2010-09-24,927834.6010100456,0.0,0.0,0.0,0.0,0.0
2010-09-27,927834.6010100456,0.0,0.0,0.0,0.0,0.0
2010-09-28,927834.6010100456,0.0,0.0,0.0,0.0,0.0
2010-09-29,927834.6010100456,0.0,0.0,0.0,0.0,0.0
2010-09-30,927834.6010100456,0.0,0.0,0.0,0.0,0.0
2010-10-01,927834.6010100456,0.0,0.0,0.0,0.0,0.0
2010-10-04,927834.6010100456,0.0,0.0,0.0,0.0,0.0
2010-10-05,927834.6010100456,0.0,0.0,0.0,0.0,0.0
2010-10-06,927834.6010100456,0.0,0.0,0.0,0.0,0.0
2010-10-07,927834.6010100456,0.0,0.0,0.0,0.0,0.0
2010-10-08,927834.6010100456,0.0,0.0,0.0,0.0,0.0
2010-10-11,927834.6010100456,0.0,0.0,0.0,0.0,0.0
2010-10-12,927834.6010100456,0.0,0.0,0.0,0.0,0.0
2010-10-13,927834.6010100456,0.0,0.0,0.0,0.0,0.0
2010-10-14,927834.6010100456,0.0,0.0,0.0,0.0,0.0
2010-10-15,927834.6010100456,0.0,0.0,0.0,0.0,0.0
2010-10-18,927834.6010100456,0.0,0.0,0.0,0.0,0.0
2010-10-19,927834.6010100456,0.0,0.0,0.0,0.0,0.0
2010-10-20,927834.6010100456,0.0,0.0,0.0,0.0,0.0
2010-10-21,927834.6010100456,0.0,0.0,0.0,0.0,0.0
2010-10-22,927834.6010100456,0.0,0.0,0.0,0.0,0.0
2010-10-25,927834.6010100456,0.0,0.0,0.0,0.0,0.0
2010-10-26,927834.6010100456,0.0,0.0,0.0,0.0,0.0
2010-10-27,927834.6010100456,0.0,0.0,0.0,0.0,0.0
2010-10-28,927834.6010100456,0.0,0.0,0.0,0.0,0.0
2010-10-29,927834.6010100456,0.0,0.0,0.0,0.0,0.0
2010-11-01,927834.6010100456,0.0,0.0,0.0,0.0,0.0
2010-11-02,927834.6010100456,0.0,0.0,0.0,0.0,0.0
2010-11-03,927834.6010100456,0.0,0.0,0.0,0.0,0.0
2010-11-04,927834.6010100456,0.0,0.0,0.0,0.0,0.0
2010-11-05,927834.6010100456,0.0,0.0,0.0,0.0,0.0
2010-11-08,927834.6010100456,0.0,0.0,0.0,0.0,0.0
2010-11-09,927834.6010100456,0.0,0.0,0.0,0.0,0.0
2010-11-10,927834.6010100456,0.0,0.0,0.0,0.0,0.0
2010-11-11,927834.6010100456,0.0,0.0,0.0,0.0,0.0
2010-11-12,927834.6010100456,0.0,0.0,0.0,0.0,0.0
2010-11-15,927834.6010100456,0.0,0.0,0.0,0.0,0.0
2010-11-16,927834.6010100456,0.0,0.0,0.0,0.0,0.0
2010-11-17,927834.6010100456,0.0,0.0,0.0,0.0,0.0
2010-11-18,927834.6010100456,0.0,0.0,0.0,0.0,0.0
2010-11-19,927834.6010100456,0.0,0.0,0.0,0.0,0.0
2010-11-22,927834.6010100456,0.0,0.0,0.0,0.0,0.0
2010-11-23,927834.6010100456,0.0,0.0,0.0,0.0,0.0
2010-11-24,927834.6010100456,0.0,0.0,0.0,0.0,0.0
2010-11-26,927834.6010100456,0.0,0.0,0.0,0.0,0.0
2010-11-29,927834.6010100456,0.0,0.0,0.0,0.0,0.0
2010-11-30,927834.6010100456,0.0,0.0,0.0,0.0,0.0
2010-12-01,927834.6010100456,0.0,0.0,0.0,0.0,0.0
2010-12-02,927834.6010100456,0.0,0.0,0.0,0.0,0.0
2010-12-03,927834.6010100456,0.0,0.0,0.0,0.0,0.0
2010-12-06,927834.6010100456,0.0,0.0,0.0,0.0,0.0
2010-12-07,927834.6010100456,0.0,0.0,0.0,0.0,0.0
2010-12-08,927834.6010100456,0.0,0.0,0.0,0.0,0.0
2010-12-09,927834.6010100456,0.0,0.0,0.0,0.0,0.0
2010-12-10,927834.6010100456,0.0,0.0,0.0,0.0,0.0
2010-12-13,927834.6010100456,0.0,0.0,0.0,0.0,0.0
2010-12-14,927834.6010100456,0.0,0.0,0.0,0.0,0.0
2010-12-15,927834.6010100456,0.0,0.0,0.0,0.0,0.0
2010-12-16,927834.6010100456,0.0,0.0,0.0,0.0,0.0
2010-12-17,927834.6010100456,0.0,0.0,0.0,0.0,0.0
2010-12-20,927834.6010100456,0.0,0.0,0.0,0.0,0.0
2010-12-21,927834.6010100456,0.0,0.0,0.0,0.0,0.0
2010-12-22,927834.6010100456,0.0,0.0,0.0,0.0,0.0
2010-12-23,927834.6010100456,0.0,0.0,0.0,0.0,0.0
2010-12-27,927834.6010100456,0.0,0.0,0.0,0.0,0.0
2010-12-28,927834.6010100456,0.0,0.0,0.0,0.0,0.0
2010-12-29,927834.6010100456,0.0,0.0,0.0,0.0,0.0
2010-12-30,927834.6010100456,0.0,0.0,0.0,0.0,0.0
2010-12-31,927834.6010100456,0.0,0.0,0.0,0.0,0.0
2011-01-03,927834.6010100456,0.0,0.0,0.0,0.0,0.0
2011-01-04,927834.6010100456,0.0,0.0,0.0,0.0,0.0
2011-01-05,927834.6010100456,0.0,0.0,0.0,0.0,0.0
2011-01-06,927834.6010100456,0.0,0.0,0.0,0.0,0.0
2011-01-07,927834.6010100456,0.0,0.0,0.0,0.0,0.0
2011-01-10,927834.6010100456,0.0,0.0,0.0,0.0,0.0
2011-01-11,927834.6010100456,0.0,0.0,0.0,0.0,0.0
2011-01-12,927834.6010100456,0.0,0.0,0.0,0.0,0.0
2011-01-13,927834.6010100456,0.0,0.0,0.0,0.0,0.0
2011-01-14,927834.6010100456,0.0,0.0,0.0,0.0,0.0
2011-01-18,927834.6010100456,0.0,0.0,0.0,0.0,0.0
2011-01-19,927834.6010100456,0.0,0.0,0.0,0.0,0.0
2011-01-20,927834.6010100456,0.0,0.0,0.0,0.0,0.0
2011-01-21,927834.6010100456,0.0,0.0,0.0,0.0,0.0
2011-01-24,927834.6010100456,0.0,0.0,0.0,0.0,0.0
2011-01-25,927834.6010100456,0.0,0.0,0.0,0.0,0.0
2011-01-26,927834.6010100456,0.0,0.0,0.0,0.0,0.0
2011-01-27,927834.6010100456,0.0,0.0,0.0,0.0,0.0
2011-01-28,927834.6010100456,0.0,0.0,0.0,0.0,0.0
2011-01-31,927834.6010100456,0.0,0.0,0.0,0.0,0.0
2011-02-01,927834.6010100456,0.0,0.0,0.0,0.0,0.0
2011-02-02,927834.6010100456,0.0,0.0,0.0,0.0,0.0
2011-02-03,927834.6010100456,0.0,0.0,0.0,0.0,0.0
2011-02-04,927834.6010100456,0.0,0.0,0.0,0.0,0.0
2011-02-07,927834.6010100456,0.0,0.0,0.0,0.0,0.0
2011-02-08,927834.6010100456,0.0,0.0,0.0,0.0,0.0
2011-02-09,927834.6010100456,0.0,0.0,0.0,0.0,0.0
2011-02-10,927834.6010100456,0.0,0.0,0.0,0.0,0.0
2011-02-11,927834.6010100456,0.0,0.0,0.0,0.0,0.0
2011-02-14,927834.6010100456,0.0,0.0,0.0,0.0,0.0
2011-02-15,927834.6010100456,0.0,0.0,0.0,0.0,0.0
2011-02-16,927834.6010100456,0.0,0.0,0.0,0.0,0.0
2011-02-17,927834.6010100456,0.0,0.0,0.0,0.0,0.0
2011-02-18,927834.6010100456,0.0,0.0,0.0,0.0,0.0
2011-02-22,927834.6010100456,0.0,0.0,0.0,0.0,0.0
2011-02-23,927834.6010100456,0.0,0.0,0.0,0.0,0.0
2011-02-24,927834.6010100456,0.0,0.0,0.0,0.0,0.0
2011-02-25,927834.6010100456,0.0,0.0,0.0,0.0,0.0
2011-02-28,927834.6010100456,0.0,0.0,0.0,0.0,0.0
2011-03-01,927834.6010100456,0.0,0.0,0.0,0.0,0.0
2011-03-02,927834.6010100456,0.0,0.0,0.0,0.0,0.0
2011-03-03,927834.6010100456,0.0,0.0,0.0,0.0,0.0
2011-03-04,927834.6010100456,0.0,0.0,0.0,0.0,0.0
2011-03-07,927834.6010100456,0.0,0.0,0.0,0.0,0.0
2011-03-08,927834.6010100456,0.0,0.0,0.0,0.0,0.0
2011-03-09,927834.6010100456,0.0,0.0,0.0,0.0,0.0
2011-03-10,927834.6010100456,0.0,0.0,0.0,0.0,0.0
2011-03-11,927834.6010100456,0.0,0.0,0.0,0.0,0.0
2011-03-14,927834.6010100456,0.0,0.0,0.0,0.0,0.0
2011-03-15,927834.6010100456,0.0,0.0,0.0,0.0,0.0
2011-03-16,927834.6010100456,0.0,0.0,0.0,0.0,0.0
2011-03-17,927834.6010100456,0.0,0.0,0.0,0.0,0.0
2011-03-18,927834.6010100456,0.0,0.0,0.0,0.0,0.0
2011-03-21,927834.6010100456,0.0,0.0,0.0,0.0,0.0
2011-03-22,927834.6010100456,0.0,0.0,0.0,0.0,0.0
2011-03-23,927834.6010100456,0.0,0.0,0.0,0.0,0.0
2011-03-24,927834.6010100456,0.0,0.0,0.0,0.0,0.0
2011-03-25,927834.6010100456,0.0,0.0,0.0,0.0,0.0
2011-03-28,927834.6010100456,0.0,0.0,0.0,0.0,0.0
2011-03-29,927834.6010100456,0.0,0.0,0.0,0.0,0.0
2011-03-30,927834.6010100456,0.0,0.0,0.0,0.0,0.0
2011-03-31,927834.6010100456,0.0,0.0,0.0,0.0,0.0
2011-04-01,927834.6010100456,0.0,0.0,0.0,0.0,0.0
2011-04-04,927834.6010100456,0.0,0.0,0.0,0.0,0.0
2011-04-05,927834.6010100456,0.0,0.0,0.0,0.0,0.0
2011-04-06,927834.6010100456,0.0,0.0,0.0,0.0,0.0
2011-04-07,927834.6010100456,0.0,0.0,0.0,0.0,0.0
2011-04-08,927834.6010100456,0.0,0.0,0.0,0.0,0.0
2011-04-11,927834.6010100456,0.0,0.0,0.0,0.0,0.0
2011-04-12,927834.6010100456,0.0,0.0,0.0,0.0,0.0
2011-04-13,927834.6010100456,0.0,0.0,0.0,0.0,0.0
2011-04-14,927834.6010100456,0.0,0.0,0.0,0.0,0.0
2011-04-15,927834.6010100456,0.0,0.0,0.0,0.0,0.0
2011-04-18,927834.6010100456,0.0,0.0,0.0,0.0,0.0
2011-04-19,927834.6010100456,0.0,0.0,0.0,0.0,0.0
2011-04-20,927834.6010100456,0.0,0.0,0.0,0.0,0.0
2011-04-21,927834.6010100456,0.0,0.0,0.0,0.0,0.0
2011-04-25,927834.6010100456,0.0,0.0,0.0,0.0,0.0
2011-04-26,927834.6010100456,0.0,0.0,0.0,0.0,0.0
2011-04-27,927834.6010100456,0.0,0.0,0.0,0.0,0.0
2011-04-28,927834.6010100456,0.0,0.0,0.0,0.0,0.0
2011-04-29,927834.6010100456,0.0,0.0,0.0,0.0,0.0
2011-05-02,927834.6010100456,0.0,0.0,0.0,0.0,0.0
2011-05-03,927834.6010100456,0.0,0.0,0.0,0.0,0.0
2011-05-04,927834.6010100456,0.0,0.0,0.0,0.0,0.0
2011-05-05,927834.6010100456,0.0,0.0,0.0,0.0,0.0
2011-05-06,927834.6010100456,0.0,0.0,0.0,0.0,0.0
2011-05-09,927834.6010100456,0.0,0.0,0.0,0.0,0.0
2011-05-10,927834.6010100456,0.0,0.0,0.0,0.0,0.0
2011-05-11,927834.6010100456,0.0,0.0,0.0,0.0,0.0
2011-05-12,927834.6010100456,0.0,0.0,0.0,0.0,0.0
2011-05-13,927834.6010100456,0.0,0.0,0.0,0.0,0.0
2011-05-16,927834.6010100456,0.0,0.0,0.0,0.0,0.0
2011-05-17,927834.6010100456,0.0,0.0,0.0,0.0,0.0
2011-05-18,927834.6010100456,0.0,0.0,0.0,0.0,0.0
2011-05-19,927834.6010100456,0.0,0.0,0.0,0.0,0.0
2011-05-20,927834.6010100456,0.0,0.0,0.0,0.0,0.0
2011-05-23,927834.6010100456,0.0,0.0,0.0,0.0,0.0
2011-05-24,927834.6010100456,0.0,0.0,0.0,0.0,0.0
2011-05-25,927834.6010100456,0.0,0.0,0.0,0.0,0.0
2011-05-26,927834.6010100456,0.0,0.0,0.0,0.0,0.0
2011-05-27,927834.6010100456,0.0,0.0,0.0,0.0,0.0
2011-05-31,927834.6010100456,0.0,0.0,0.0,0.0,0.0
2011-06-01,927834.6010100456,0.0,0.0,0.0,0.0,0.0
2011-06-02,927834.6010100456,0.0,0.0,0.0,0.0,0.0
2011-06-03,927834.6010100456,0.0,0.0,0.0,0.0,0.0
2011-06-06,927834.6010100456,0.0,0.0,0.0,0.0,0.0
2011-06-07,927834.6010100456,0.0,0.0,0.0,0.0,0.0
2011-06-08,927834.6010100456,0.0,0.0,0.0,0.0,0.0
2011-06-09,927834.6010100456,0.0,0.0,0.0,0.0,0.0
2011-06-10,927834.6010100456,0.0,0.0,0.0,0.0,0.0
2011-06-13,927834.6010100456,0.0,0.0,0.0,0.0,0.0
2011-06-14,927834.6010100456,0.0,0.0,0.0,0.0,0.0
2011-06-15,927834.6010100456,0.0,0.0,0.0,0.0,0.0
2011-06-16,927834.6010100456,0.0,0.0,0.0,0.0,0.0
2011-06-17,927834.6010100456,0.0,0.0,0.0,0.0,0.0
2011-06-20,927834.6010100456,0.0,0.0,0.0,0.0,0.0
2011-06-21,927834.6010100456,0.0,0.0,0.0,0.0,0.0
2011-06-22,927834.6010100456,0.0,0.0,0.0,0.0,0.0
2011-06-23,927834.6010100456,0.0,0.0,0.0,0.0,0.0
2011-06-24,927834.6010100456,0.0,0.0,0.0,0.0,0.0
2011-06-27,927834.6010100456,0.0,0.0,0.0,0.0,0.0
2011-06-28,927834.6010100456,0.0,0.0,0.0,0.0,0.0
2011-06-29,927834.6010100456,0.0,0.0,0.0,0.0,0.0
2011-06-30,927834.6010100456,0.0,0.0,0.0,0.0,0.0
2011-07-01,927370.6837095406,0.0,463.9173005050228,-0.0005,2.133814481723855,0.5
2011-07-05,930877.4739674705,3506.7902579298193,0.0,0.003795786676788765,1.1144283872051424,0.5
2011-07-06,930440.7703298427,-436.7036376278244,0.0,-0.00046891118822095095,0.8394287648075369,0.5
2011-07-07,935508.911265148,5068.140935305304,0.0,0.005476864966949953,0.6929213124986524,0.5
2011-07-08,937768.5946256918,2259.6833605438355,0.0,0.0024213075060532684,0.36788651174223924,0.5
2011-07-11,937941.9985817986,173.4039561068217,0.0,0.00018494544109487704,0.1246043380593017,0.5
2011-07-12,942796.4118831462,4854.413301347571,0.0,0.005202526941657376,0.1243680763485087,0.5
2011-07-13,949868.2473912342,7071.8355080879965,0.0,0.007557603686635944,0.11701734110120231,0.5
2011-07-14,951066.7112938546,1198.4639026205189,0.0,0.0012633098718642843,0.16673250840686496,0.5
2011-07-15,949442.2715676245,-1624.4397262300645,0.0,-0.0017051063447904513,0.320479254992132,0.5
2011-07-18,949356.6282091934,-85.64335843114058,0.0,-9.019572472264814e-05,0.3788774945559085,0.5
2011-07-19,947215.3510795262,-2141.2771296670726,0.0,-0.0022504275812404353,0.34230017984131567,0.5
2011-07-20,946871.9704918592,-343.3805876670387,0.0,-0.0003623844899438304,0.3693151437255384,0.5
2011-07-21,947558.9808096476,687.0103177883977,0.0,0.0007260845888546015,0.37100329201171955,0.5
2011-07-22,947558.9808096476,0.0,0.0,0.0,0.3814959957562732,0.5
2011-07-25,942495.9505734794,-5063.030236168195,0.0,-0.005314836501216107,0.6933442642629164,0.5
2011-07-26,948535.3790374252,6039.428463945767,0.0,0.006449235304956698,0.8577388950340818,0.5
2011-07-27,946049.1601299698,-2486.2189074552903,0.0,-0.002614261245830704,0.8525892093492771,0.5
2011-07-28,943298.5174692249,-2750.6426607449607,0.0,-0.0028990759195506436,0.8678895497237477,0.5
2011-07-29,938643.2332484848,-4655.284220740097,0.0,-0.004910876682429974,0.8029254821650257,0.5
2011-08-01,940202.7291132137,1559.4958647288838,0.0,0.001664201183431953,1.5267570971195399,0.5
2011-08-02,945132.9550156473,4930.225902433595,0.0,0.00527143253491168,1.642238010111329,0.5
2011-08-03,942035.2869183638,-3097.668097283622,0.0,-0.003266787658802178,1.6695196714126386,0.5
2011-08-04,933488.5958072093,-8546.69111115451,0.0,-0.008991008991008992,1.6255339292640805,0.5
2011-08-05,930787.6301109218,-2700.9656962874265,0.0,-0.00288506281991624,1.6320482551126037,0.5
2011-08-08,923010.6775123607,-7776.952598561025,0.0,-0.008286006889488873,2.04715000534616,0.5
2011-08-09,919309.4699072893,-3701.207605071525,0.0,-0.003993914035755041,1.8808088856223746,0.5
2011-08-10,920017.3116550524,707.8417477630716,0.0,0.0007705644384511654,1.8624065172931483,0.5
2011-08-11,931687.7215280551,11670.409873002778,0.0,0.01284796573875803,1.8338915929493462,0.5
2011-08-12,932822.8612075177,1135.1396794624852,0.0,0.0012198554940414752,1.7341064281105478,0.5
2011-08-15,935090.3812515899,2267.520044072126,0.0,0.002436738519212746,1.4732822261817187,0.5
2011-08-16,933872.3625190329,-1218.0187325569648,0.0,-0.0013008734435978441,1.6117381921046505,0.5
2011-08-17,939709.0647847769,5836.702265743956,0.0,0.006289308176100629,1.562423053112684,0.5
2011-08-18,938064.0977467346,-1644.9670380422665,0.0,-0.0017474478064931482,1.4509793369316546,0.5
2011-08-19,940752.7060150546,2688.608268319968,0.0,0.0028743625405656,1.3336993086140874,0.5
2011-08-22,946547.0093155702,5794.303300515597,0.0,0.006197391545647951,1.1757606343723532,0.5
2011-08-23,951016.7191307183,4469.709815147989,0.0,0.004744525547445255,1.0755258974213426,0.5
2011-08-24,949990.0727984433,-1026.6463322749748,0.0,-0.0010783608914450037,0.9898871382412417,0.5
2011-08-25,949818.7799616603,-171.29283678298654,0.0,-0.0001802776275464215,0.8661893290977084,0.5
2011-08-26,959669.8946528211,9851.1146911608,0.0,0.010480269753030166,0.6885371146913228,0.5
2011-08-29,967555.5016684345,7885.607015613392,0.0,0.008285077951002227,0.502333783621608,0.5
2011-08-30,971172.059958746,3616.558290311429,0.0,0.003751854113951662,0.43167695170178216,0.5
2011-08-31,971255.8539242299,83.79396548392977,0.0,8.628872206402623e-05,0.3066566171998461,0.5
2011-09-01,971255.8539242299,0.0,0.0,0.0,0.0,0.0
2011-09-02,971255.8539242299,0.0,0.0,0.0,0.0,0.0
2011-09-06,971255.8539242299,0.0,0.0,0.0,0.0,0.0
2011-09-07,971255.8539242299,0.0,0.0,0.0,0.0,0.0
2011-09-08,971255.8539242299,0.0,0.0,0.0,0.0,0.0
2011-09-09,971255.8539242299,0.0,0.0,0.0,0.0,0.0
2011-09-12,971255.8539242299,0.0,0.0,0.0,0.0,0.0
2011-09-13,971255.8539242299,0.0,0.0,0.0,0.0,0.0
2011-09-14,971255.8539242299,0.0,0.0,0.0,0.0,0.0
2011-09-15,971255.8539242299,0.0,0.0,0.0,0.0,0.0
2011-09-16,971255.8539242299,0.0,0.0,0.0,0.0,0.0
2011-09-19,971255.8539242299,0.0,0.0,0.0,0.0,0.0
2011-09-20,971255.8539242299,0.0,0.0,0.0,0.0,0.0
2011-09-21,971255.8539242299,0.0,0.0,0.0,0.0,0.0
2011-09-22,971255.8539242299,0.0,0.0,0.0,0.0,0.0
2011-09-23,971255.8539242299,0.0,0.0,0.0,0.0,0.0
2011-09-26,971255.8539242299,0.0,0.0,0.0,0.0,0.0
2011-09-27,971255.8539242299,0.0,0.0,0.0,0.0,0.0
2011-09-28,971255.8539242299,0.0,0.0,0.0,0.0,0.0
2011-09-29,971255.8539242299,0.0,0.0,0.0,0.0,0.0
2011-09-30,971255.8539242299,0.0,0.0,0.0,0.0,0.0
2011-10-03,971255.8539242299,0.0,0.0,0.0,0.0,0.0
2011-10-04,971255.8539242299,0.0,0.0,0.0,0.0,0.0
2011-10-05,971255.8539242299,0.0,0.0,0.0,0.0,0.0
2011-10-06,971255.8539242299,0.0,0.0,0.0,0.0,0.0
2011-10-07,971255.8539242299,0.0,0.0,0.0,0.0,0.0
2011-10-10,971255.8539242299,0.0,0.0,0.0,0.0,0.0
2011-10-11,971255.8539242299,0.0,0.0,0.0,0.0,0.0
2011-10-12,971255.8539242299,0.0,0.0,0.0,0.0,0.0
2011-10-13,971255.8539242299,0.0,0.0,0.0,0.0,0.0
2011-10-14,971255.8539242299,0.0,0.0,0.0,0.0,0.0
2011-10-17,971255.8539242299,0.0,0.0,0.0,0.0,0.0
2011-10-18,971255.8539242299,0.0,0.0,0.0,0.0,0.0
2011-10-19,971255.8539242299,0.0,0.0,0.0,0.0,0.0
2011-10-20,971255.8539242299,0.0,0.0,0.0,0.0,0.0
2011-10-21,971255.8539242299,0.0,0.0,0.0,0.0,0.0
2011-10-24,971255.8539242299,0.0,0.0,0.0,0.0,0.0
2011-10-25,971255.8539242299,0.0,0.0,0.0,0.0,0.0
2011-10-26,971255.8539242299,0.0,0.0,0.0,0.0,0.0
2011-10-27,971255.8539242299,0.0,0.0,0.0,0.0,0.0
2011-10-28,971255.8539242299,0.0,0.0,0.0,0.0,0.0
2011-10-31,971255.8539242299,0.0,0.0,0.0,0.0,0.0
2011-11-01,971255.8539242299,0.0,0.0,0.0,0.0,0.0
2011-11-02,971255.8539242299,0.0,0.0,0.0,0.0,0.0
2011-11-03,971255.8539242299,0.0,0.0,0.0,0.0,0.0
2011-11-04,971255.8539242299,0.0,0.0,0.0,0.0,0.0
2011-11-07,971255.8539242299,0.0,0.0,0.0,0.0,0.0
2011-11-08,971255.8539242299,0.0,0.0,0.0,0.0,0.0
2011-11-09,971255.8539242299,0.0,0.0,0.0,0.0,0.0
2011-11-10,971255.8539242299,0.0,0.0,0.0,0.0,0.0
2011-11-11,971255.8539242299,0.0,0.0,0.0,0.0,0.0
2011-11-14,971255.8539242299,0.0,0.0,0.0,0.0,0.0
2011-11-15,971255.8539242299,0.0,0.0,0.0,0.0,0.0
2011-11-16,971255.8539242299,0.0,0.0,0.0,0.0,0.0
2011-11-17,971255.8539242299,0.0,0.0,0.0,0.0,0.0
2011-11-18,971255.8539242299,0.0,0.0,0.0,0.0,0.0
2011-11-21,971255.8539242299,0.0,0.0,0.0,0.0,0.0
2011-11-22,971255.8539242299,0.0,0.0,0.0,0.0,0.0
2011-11-23,971255.8539242299,0.0,0.0,0.0,0.0,0.0
2011-11-25,971255.8539242299,0.0,0.0,0.0,0.0,0.0
2011-11-28,971255.8539242299,0.0,0.0,0.0,0.0,0.0
2011-11-29,971255.8539242299,0.0,0.0,0.0,0.0,0.0
2011-11-30,971255.8539242299,0.0,0.0,0.0,0.0,0.0
2011-12-01,971255.8539242299,0.0,0.0,0.0,0.0,0.0
2011-12-02,971255.8539242299,0.0,0.0,0.0,0.0,0.0
2011-12-05,971255.8539242299,0.0,0.0,0.0,0.0,0.0
2011-12-06,971255.8539242299,0.0,0.0,0.0,0.0,0.0
2011-12-07,971255.8539242299,0.0,0.0,0.0,0.0,0.0
2011-12-08,971255.8539242299,0.0,0.0,0.0,0.0,0.0
2011-12-09,971255.8539242299,0.0,0.0,0.0,0.0,0.0
2011-12-12,971255.8539242299,0.0,0.0,0.0,0.0,0.0
2011-12-13,971255.8539242299,0.0,0.0,0.0,0.0,0.0
2011-12-14,971255.8539242299,0.0,0.0,0.0,0.0,0.0
2011-12-15,971255.8539242299,0.0,0.0,0.0,0.0,0.0
2011-12-16,971255.8539242299,0.0,0.0,0.0,0.0,0.0
2011-12-19,971255.8539242299,0.0,0.0,0.0,0.0,0.0
2011-12-20,971255.8539242299,0.0,0.0,0.0,0.0,0.0
2011-12-21,971255.8539242299,0.0,0.0,0.0,0.0,0.0
2011-12-22,971255.8539242299,0.0,0.0,0.0,0.0,0.0
2011-12-23,971255.8539242299,0.0,0.0,0.0,0.0,0.0
2011-12-27,971255.8539242299,0.0,0.0,0.0,0.0,0.0
2011-12-28,971255.8539242299,0.0,0.0,0.0,0.0,0.0
2011-12-29,971255.8539242299,0.0,0.0,0.0,0.0,0.0
2011-12-30,971255.8539242299,0.0,0.0,0.0,0.0,0.0
2012-01-03,971255.8539242299,0.0,0.0,0.0,0.0,0.0
2012-01-04,971255.8539242299,0.0,0.0,0.0,0.0,0.0
2012-01-05,971255.8539242299,0.0,0.0,0.0,0.0,0.0
2012-01-06,971255.8539242299,0.0,0.0,0.0,0.0,0.0
2012-01-09,971255.8539242299,0.0,0.0,0.0,0.0,0.0
2012-01-10,971255.8539242299,0.0,0.0,0.0,0.0,0.0
2012-01-11,971255.8539242299,0.0,0.0,0.0,0.0,0.0
2012-01-12,971255.8539242299,0.0,0.0,0.0,0.0,0.0
2012-01-13,971255.8539242299,0.0,0.0,0.0,0.0,0.0
2012-01-17,971255.8539242299,0.0,0.0,0.0,0.0,0.0
2012-01-18,971255.8539242299,0.0,0.0,0.0,0.0,0.0
2012-01-19,971255.8539242299,0.0,0.0,0.0,0.0,0.0
2012-01-20,971255.8539242299,0.0,0.0,0.0,0.0,0.0
2012-01-23,971255.8539242299,0.0,0.0,0.0,0.0,0.0
2012-01-24,971255.8539242299,0.0,0.0,0.0,0.0,0.0
2012-01-25,971255.8539242299,0.0,0.0,0.0,0.0,0.0
2012-01-26,971255.8539242299,0.0,0.0,0.0,0.0,0.0
2012-01-27,971255.8539242299,0.0,0.0,0.0,0.0,0.0
2012-01-30,971255.8539242299,0.0,0.0,0.0,0.0,0.0
2012-01-31,971255.8539242299,0.0,0.0,0.0,0.0,0.0
2012-02-01,971255.8539242299,0.0,0.0,0.0,0.0,0.0
2012-02-02,971255.8539242299,0.0,0.0,0.0,0.0,0.0
2012-02-03,971255.8539242299,0.0,0.0,0.0,0.0,0.0
2012-02-06,971255.8539242299,0.0,0.0,0.0,0.0,0.0
2012-02-07,971255.8539242299,0.0,0.0,0.0,0.0,0.0
2012-02-08,971255.8539242299,0.0,0.0,0.0,0.0,0.0
2012-02-09,971255.8539242299,0.0,0.0,0.0,0.0,0.0
2012-02-10,971255.8539242299,0.0,0.0,0.0,0.0,0.0
2012-02-13,971255.8539242299,0.0,0.0,0.0,0.0,0.0
2012-02-14,971255.8539242299,0.0,0.0,0.0,0.0,0.0
2012-02-15,971255.8539242299,0.0,0.0,0.0,0.0,0.0
2012-02-16,971255.8539242299,0.0,0.0,0.0,0.0,0.0
2012-02-17,971255.8539242299,0.0,0.0,0.0,0.0,0.0
2012-02-21,971255.8539242299,0.0,0.0,0.0,0.0,0.0
2012-02-22,971255.8539242299,0.0,0.0,0.0,0.0,0.0
2012-02-23,971255.8539242299,0.0,0.0,0.0,0.0,0.0
2012-02-24,971255.8539242299,0.0,0.0,0.0,0.0,0.0
2012-02-27,971255.8539242299,0.0,0.0,0.0,0.0,0.0
2012-02-28,971255.8539242299,0.0,0.0,0.0,0.0,0.0
2012-02-29,971255.8539242299,0.0,0.0,0.0,0.0,0.0
2012-03-01,971255.8539242299,0.0,0.0,0.0,0.0,0.0
2012-03-02,971255.8539242299,0.0,0.0,0.0,0.0,0.0
2012-03-05,971255.8539242299,0.0,0.0,0.0,0.0,0.0
2012-03-06,971255.8539242299,0.0,0.0,0.0,0.0,0.0
2012-03-07,971255.8539242299,0.0,0.0,0.0,0.0,0.0
2012-03-08,971255.8539242299,0.0,0.0,0.0,0.0,0.0
2012-03-09,971255.8539242299,0.0,0.0,0.0,0.0,0.0
2012-03-12,971255.8539242299,0.0,0.0,0.0,0.0,0.0
2012-03-13,971255.8539242299,0.0,0.0,0.0,0.0,0.0
2012-03-14,971255.8539242299,0.0,0.0,0.0,0.0,0.0
2012-03-15,971255.8539242299,0.0,0.0,0.0,0.0,0.0
2012-03-16,971255.8539242299,0.0,0.0,0.0,0.0,0.0
2012-03-19,971255.8539242299,0.0,0.0,0.0,0.0,0.0
2012-03-20,971255.8539242299,0.0,0.0,0.0,0.0,0.0
2012-03-21,971255.8539242299,0.0,0.0,0.0,0.0,0.0
2012-03-22,971255.8539242299,0.0,0.0,0.0,0.0,0.0
2012-03-23,971255.8539242299,0.0,0.0,0.0,0.0,0.0
2012-03-26,971255.8539242299,0.0,0.0,0.0,0.0,0.0
2012-03-27,971255.8539242299,0.0,0.0,0.0,0.0,0.0
2012-03-28,971255.8539242299,0.0,0.0,0.0,0.0,0.0
2012-03-29,971255.8539242299,0.0,0.0,0.0,0.0,0.0
2012-03-30,971255.8539242299,0.0,0.0,0.0,0.0,0.0
2012-04-02,971255.8539242299,0.0,0.0,0.0,0.0,0.0
2012-04-03,971255.8539242299,0.0,0.0,0.0,0.0,0.0
2012-04-04,971255.8539242299,0.0,0.0,0.0,0.0,0.0
2012-04-05,971255.8539242299,0.0,0.0,0.0,0.0,0.0
2012-04-09,971255.8539242299,0.0,0.0,0.0,0.0,0.0
2012-04-10,971255.8539242299,0.0,0.0,0.0,0.0,0.0
2012-04-11,971255.8539242299,0.0,0.0,0.0,0.0,0.0
2012-04-12,971255.8539242299,0.0,0.0,0.0,0.0,0.0
2012-04-13,971255.8539242299,0.0,0.0,0.0,0.0,0.0
2012-04-16,971255.8539242299,0.0,0.0,0.0,0.0,0.0
2012-04-17,971255.8539242299,0.0,0.0,0.0,0.0,0.0
2012-04-18,971255.8539242299,0.0,0.0,0.0,0.0,0.0
2012-04-19,971255.8539242299,0.0,0.0,0.0,0.0,0.0
2012-04-20,971255.8539242299,0.0,0.0,0.0,0.0,0.0
2012-04-23,971255.8539242299,0.0,0.0,0.0,0.0,0.0
2012-04-24,971255.8539242299,0.0,0.0,0.0,0.0,0.0
2012-04-25,971255.8539242299,0.0,0.0,0.0,0.0,0.0
2012-04-26,971255.8539242299,0.0,0.0,0.0,0.0,0.0
2012-04-27,971255.8539242299,0.0,0.0,0.0,0.0,0.0
2012-04-30,971255.8539242299,0.0,0.0,0.0,0.0,0.0
2012-05-01,971255.8539242299,0.0,0.0,0.0,0.0,0.0
2012-05-02,971255.8539242299,0.0,0.0,0.0,0.0,0.0
2012-05-03,971255.8539242299,0.0,0.0,0.0,0.0,0.0
2012-05-04,971255.8539242299,0.0,0.0,0.0,0.0,0.0
2012-05-07,971255.8539242299,0.0,0.0,0.0,0.0,0.0
2012-05-08,971255.8539242299,0.0,0.0,0.0,0.0,0.0
2012-05-09,971255.8539242299,0.0,0.0,0.0,0.0,0.0
2012-05-10,971255.8539242299,0.0,0.0,0.0,0.0,0.0
2012-05-11,971255.8539242299,0.0,0.0,0.0,0.0,0.0
2012-05-14,971255.8539242299,0.0,0.0,0.0,0.0,0.0
2012-05-15,971255.8539242299,0.0,0.0,0.0,0.0,0.0
2012-05-16,971255.8539242299,0.0,0.0,0.0,0.0,0.0
2012-05-17,971255.8539242299,0.0,0.0,0.0,0.0,0.0
2012-05-18,971255.8539242299,0.0,0.0,0.0,0.0,0.0
2012-05-21,971255.8539242299,0.0,0.0,0.0,0.0,0.0
2012-05-22,971255.8539242299,0.0,0.0,0.0,0.0,0.0
2012-05-23,971255.8539242299,0.0,0.0,0.0,0.0,0.0
2012-05-24,971255.8539242299,0.0,0.0,0.0,0.0,0.0
2012-05-25,971255.8539242299,0.0,0.0,0.0,0.0,0.0
2012-05-29,971255.8539242299,0.0,0.0,0.0,0.0,0.0
2012-05-30,971255.8539242299,0.0,0.0,0.0,0.0,0.0
2012-05-31,971255.8539242299,0.0,0.0,0.0,0.0,0.0
2012-06-01,971255.8539242299,0.0,0.0,0.0,0.0,0.0
2012-06-04,971255.8539242299,0.0,0.0,0.0,0.0,0.0
2012-06-05,971255.8539242299,0.0,0.0,0.0,0.0,0.0
2012-06-06,971255.8539242299,0.0,0.0,0.0,0.0,0.0
2012-06-07,971255.8539242299,0.0,0.0,0.0,0.0,0.0
2012-06-08,971255.8539242299,0.0,0.0,0.0,0.0,0.0
2012-06-11,971255.8539242299,0.0,0.0,0.0,0.0,0.0
2012-06-12,971255.8539242299,0.0,0.0,0.0,0.0,0.0
2012-06-13,971255.8539242299,0.0,0.0,0.0,0.0,0.0
2012-06-14,971255.8539242299,0.0,0.0,0.0,0.0,0.0
2012-06-15,971255.8539242299,0.0,0.0,0.0,0.0,0.0
2012-06-18,971255.8539242299,0.0,0.0,0.0,0.0,0.0
2012-06-19,971255.8539242299,0.0,0.0,0.0,0.0,0.0
2012-06-20,971255.8539242299,0.0,0.0,0.0,0.0,0.0
2012-06-21,971255.8539242299,0.0,0.0,0.0,0.0,0.0
2012-06-22,971255.8539242299,0.0,0.0,0.0,0.0,0.0
2012-06-25,971255.8539242299,0.0,0.0,0.0,0.0,0.0
2012-06-26,971255.8539242299,0.0,0.0,0.0,0.0,0.0
2012-06-27,971255.8539242299,0.0,0.0,0.0,0.0,0.0
2012-06-28,971255.8539242299,0.0,0.0,0.0,0.0,0.0
2012-06-29,971255.8539242299,0.0,0.0,0.0,0.0,0.0
2012-07-02,970770.2259972678,0.0,485.62792696211494,-0.0005,-3.0,-0.5
2012-07-03,958099.0531991308,-12671.172798136959,0.0,-0.012884522467386052,-3.0,-0.5
2012-07-05,941090.5479129342,-16529.455759597025,479.0495265995654,-0.017451270027354436,-3.0,-0.5
2012-07-06,940620.0026389777,0.0,470.5452739564671,-0.0005,-3.0,-0.5
2012-07-09,927481.229643326,-13138.772995651718,0.0,-0.013775782022985007,-3.0,-0.5
2012-07-10,932007.2266348287,4525.996991502717,0.0,0.0049038098830629945,-3.0,-0.5
2012-07-11,939285.2208989217,7277.994264093052,0.0,0.007870405746160311,-3.0,-0.5
2012-07-12,938489.4617006864,-795.7591982353773,0.0,-0.0008464794151596768,-3.0,-0.5
2012-07-13,933799.1791379811,-4690.28256270526,0.0,-0.004972840639583811,-3.0,-0.5
2012-07-16,936145.0510100543,2345.8718720731868,0.0,0.002518507212088835,-3.0,-0.5
2012-07-17,934640.9158860137,-1504.1351240406382,0.0,-0.0016041555266977313,-3.0,-0.5
2012-07-18,921952.837558702,-12688.078327311656,0.0,-0.013393528969149736,-2.9895353905277795,-0.5
2012-07-19,907732.3927445188,-13759.468395403854,460.976418779351,-0.0151974540932036,-2.85783213626292,-0.5
2012-07-20,907278.5265481465,0.0,453.8661963722594,-0.0005,-2.62889229444683,-0.5
2012-07-23,922507.3837505194,15228.85720237287,0.0,0.01707175925925926,-2.96263655789856,-0.5
2012-07-24,935420.7219484625,13374.591889818394,461.2536918752597,0.014204017623777166,0.0,0.0
2012-07-25,935420.7219484625,0.0,0.0,0.0,0.0,0.0
2012-07-26,935420.7219484625,0.0,0.0,0.0,0.0,0.0
2012-07-27,935420.7219484625,0.0,0.0,0.0,0.0,0.0
2012-07-30,935420.7219484625,0.0,0.0,0.0,0.0,0.0
2012-07-31,935420.7219484625,0.0,0.0,0.0,0.0,0.0
2012-08-01,935420.7219484625,0.0,0.0,0.0,0.0,0.0
2012-08-02,935420.7219484625,0.0,0.0,0.0,0.0,0.0
2012-08-03,935420.7219484625,0.0,0.0,0.0,0.0,0.0
2012-08-06,935420.7219484625,0.0,0.0,0.0,0.0,0.0
2012-08-07,935420.7219484625,0.0,0.0,0.0,0.0,0.0
2012-08-08,935420.7219484625,0.0,0.0,0.0,0.0,0.0
2012-08-09,935420.7219484625,0.0,0.0,0.0,0.0,0.0
2012-08-10,935420.7219484625,0.0,0.0,0.0,0.0,0.0
2012-08-13,935420.7219484625,0.0,0.0,0.0,0.0,0.0
2012-08-14,935420.7219484625,0.0,0.0,0.0,0.0,0.0
2012-08-15,935420.7219484625,0.0,0.0,0.0,0.0,0.0
2012-08-16,935420.7219484625,0.0,0.0,0.0,0.0,0.0
2012-08-17,935420.7219484625,0.0,0.0,0.0,0.0,0.0
2012-08-20,935420.7219484625,0.0,0.0,0.0,0.0,0.0
2012-08-21,935420.7219484625,0.0,0.0,0.0,0.0,0.0
2012-08-22,935420.7219484625,0.0,0.0,0.0,0.0,0.0
2012-08-23,935420.7219484625,0.0,0.0,0.0,0.0,0.0
2012-08-24,935420.7219484625,0.0,0.0,0.0,0.0,0.0
2012-08-27,934953.0115874883,0.0,467.71036097423126,-0.0005,0.665539120354578,0.5
2012-08-28,935696.2174790524,743.2058915639813,0.0,0.0007955449482895785,0.6749582915448706,0.5
2012-08-29,944000.015080057,8303.797601004579,0.0,0.008953920069884255,0.6882225043795289,0.5
2012-08-30,945873.8276720208,1873.8125919638164,0.0,0.0019889188805228015,0.6974370041932204,0.5
2012-08-31,944337.6676637976,-1536.1600082231662,0.0,-0.00162143108917871,0.708075845387907,0.5
2012-09-04,944337.6676637976,0.0,0.0,0.0,0.0,0.0
2012-09-05,944337.6676637976,0.0,0.0,0.0,0.0,0.0
2012-09-06,944337.6676637976,0.0,0.0,0.0,0.0,0.0
2012-09-07,944337.6676637976,0.0,0.0,0.0,0.0,0.0
2012-09-10,944337.6676637976,0.0,0.0,0.0,0.0,0.0
2012-09-11,944337.6676637976,0.0,0.0,0.0,0.0,0.0
2012-09-12,944337.6676637976,0.0,0.0,0.0,0.0,0.0
2012-09-13,944337.6676637976,0.0,0.0,0.0,0.0,0.0
2012-09-14,944337.6676637976,0.0,0.0,0.0,0.0,0.0
2012-09-17,944337.6676637976,0.0,0.0,0.0,0.0,0.0
2012-09-18,944337.6676637976,0.0,0.0,0.0,0.0,0.0
2012-09-19,944337.6676637976,0.0,0.0,0.0,0.0,0.0
2012-09-20,944337.6676637976,0.0,0.0,0.0,0.0,0.0
2012-09-21,944337.6676637976,0.0,0.0,0.0,0.0,0.0
2012-09-24,944337.6676637976,0.0,0.0,0.0,0.0,0.0
2012-09-25,944337.6676637976,0.0,0.0,0.0,0.0,0.0
2012-09-26,944337.6676637976,0.0,0.0,0.0,0.0,0.0
2012-09-27,944337.6676637976,0.0,0.0,0.0,0.0,0.0
2012-09-28,944337.6676637976,0.0,0.0,0.0,0.0,0.0
2012-10-01,944337.6676637976,0.0,0.0,0.0,0.0,0.0
2012-10-02,944337.6676637976,0.0,0.0,0.0,0.0,0.0
2012-10-03,944337.6676637976,0.0,0.0,0.0,0.0,0.0
2012-10-04,944337.6676637976,0.0,0.0,0.0,0.0,0.0
2012-10-05,944337.6676637976,0.0,0.0,0.0,0.0,0.0
2012-10-08,944337.6676637976,0.0,0.0,0.0,0.0,0.0
2012-10-09,944337.6676637976,0.0,0.0,0.0,0.0,0.0
2012-10-10,944337.6676637976,0.0,0.0,0.0,0.0,0.0
2012-10-11,944337.6676637976,0.0,0.0,0.0,0.0,0.0
2012-10-12,944337.6676637976,0.0,0.0,0.0,0.0,0.0
2012-10-15,944337.6676637976,0.0,0.0,0.0,0.0,0.0
2012-10-16,944337.6676637976,0.0,0.0,0.0,0.0,0.0
2012-10-17,944337.6676637976,0.0,0.0,0.0,0.0,0.0
2012-10-18,944337.6676637976,0.0,0.0,0.0,0.0,0.0
2012-10-19,944337.6676637976,0.0,0.0,0.0,0.0,0.0
2012-10-22,944337.6676637976,0.0,0.0,0.0,0.0,0.0
2012-10-23,944337.6676637976,0.0,0.0,0.0,0.0,0.0
2012-10-24,944337.6676637976,0.0,0.0,0.0,0.0,0.0
2012-10-25,944337.6676637976,0.0,0.0,0.0,0.0,0.0
2012-10-26,944337.6676637976,0.0,0.0,0.0,0.0,0.0
2012-10-31,944337.6676637976,0.0,0.0,0.0,0.0,0.0
2012-11-01,944337.6676637976,0.0,0.0,0.0,0.0,0.0
2012-11-02,944337.6676637976,0.0,0.0,0.0,0.0,0.0
2012-11-05,944337.6676637976,0.0,0.0,0.0,0.0,0.0
2012-11-06,944337.6676637976,0.0,0.0,0.0,0.0,0.0
2012-11-07,944337.6676637976,0.0,0.0,0.0,0.0,0.0
2012-11-08,944337.6676637976,0.0,0.0,0.0,0.0,0.0
2012-11-09,944337.6676637976,0.0,0.0,0.0,0.0,0.0
2012-11-12,944337.6676637976,0.0,0.0,0.0,0.0,0.0
2012-11-13,944337.6676637976,0.0,0.0,0.0,0.0,0.0
2012-11-14,944337.6676637976,0.0,0.0,0.0,0.0,0.0
2012-11-15,944337.6676637976,0.0,0.0,0.0,0.0,0.0
2012-11-16,944337.6676637976,0.0,0.0,0.0,0.0,0.0
2012-11-19,944337.6676637976,0.0,0.0,0.0,0.0,0.0
2012-11-20,944337.6676637976,0.0,0.0,0.0,0.0,0.0
2012-11-21,944337.6676637976,0.0,0.0,0.0,0.0,0.0
2012-11-23,944337.6676637976,0.0,0.0,0.0,0.0,0.0
2012-11-26,944337.6676637976,0.0,0.0,0.0,0.0,0.0
2012-11-27,944337.6676637976,0.0,0.0,0.0,0.0,0.0
2012-11-28,944337.6676637976,0.0,0.0,0.0,0.0,0.0
2012-11-29,944337.6676637976,0.0,0.0,0.0,0.0,0.0
2012-11-30,944337.6676637976,0.0,0.0,0.0,0.0,0.0
2012-12-03,944337.6676637976,0.0,0.0,0.0,0.0,0.0
2012-12-04,944337.6676637976,0.0,0.0,0.0,0.0,0.0
2012-12-05,944337.6676637976,0.0,0.0,0.0,0.0,0.0
2012-12-06,944337.6676637976,0.0,0.0,0.0,0.0,0.0
2012-12-07,944337.6676637976,0.0,0.0,0.0,0.0,0.0
2012-12-10,944337.6676637976,0.0,0.0,0.0,0.0,0.0
2012-12-11,944337.6676637976,0.0,0.0,0.0,0.0,0.0
2012-12-12,944337.6676637976,0.0,0.0,0.0,0.0,0.0
2012-12-13,944337.6676637976,0.0,0.0,0.0,0.0,0.0
2012-12-14,944337.6676637976,0.0,0.0,0.0,0.0,0.0
2012-12-17,944337.6676637976,0.0,0.0,0.0,0.0,0.0
2012-12-18,944337.6676637976,0.0,0.0,0.0,0.0,0.0
2012-12-19,944337.6676637976,0.0,0.0,0.0,0.0,0.0
2012-12-20,944337.6676637976,0.0,0.0,0.0,0.0,0.0
2012-12-21,944337.6676637976,0.0,0.0,0.0,0.0,0.0
2012-12-24,944337.6676637976,0.0,0.0,0.0,0.0,0.0
2012-12-26,944337.6676637976,0.0,0.0,0.0,0.0,0.0
2012-12-27,944337.6676637976,0.0,0.0,0.0,0.0,0.0
2012-12-28,944337.6676637976,0.0,0.0,0.0,0.0,0.0
2012-12-31,944337.6676637976,0.0,0.0,0.0,0.0,0.0
2013-01-02,944337.6676637976,0.0,0.0,0.0,0.0,0.0
2013-01-03,944337.6676637976,0.0,0.0,0.0,0.0,0.0
2013-01-04,944337.6676637976,0.0,0.0,0.0,0.0,0.0
2013-01-07,944337.6676637976,0.0,0.0,0.0,0.0,0.0
2013-01-08,944337.6676637976,0.0,0.0,0.0,0.0,0.0
2013-01-09,944337.6676637976,0.0,0.0,0.0,0.0,0.0
2013-01-10,944337.6676637976,0.0,0.0,0.0,0.0,0.0
2013-01-11,944337.6676637976,0.0,0.0,0.0,0.0,0.0
2013-01-14,944337.6676637976,0.0,0.0,0.0,0.0,0.0
2013-01-15,944337.6676637976,0.0,0.0,0.0,0.0,0.0
2013-01-16,944337.6676637976,0.0,0.0,0.0,0.0,0.0
2013-01-17,944337.6676637976,0.0,0.0,0.0,0.0,0.0
2013-01-18,944337.6676637976,0.0,0.0,0.0,0.0,0.0
2013-01-22,944337.6676637976,0.0,0.0,0.0,0.0,0.0
2013-01-23,944337.6676637976,0.0,0.0,0.0,0.0,0.0
2013-01-24,944337.6676637976,0.0,0.0,0.0,0.0,0.0
2013-01-25,944337.6676637976,0.0,0.0,0.0,0.0,0.0
2013-01-28,944337.6676637976,0.0,0.0,0.0,0.0,0.0
2013-01-29,944337.6676637976,0.0,0.0,0.0,0.0,0.0
2013-01-30,944337.6676637976,0.0,0.0,0.0,0.0,0.0
2013-01-31,944337.6676637976,0.0,0.0,0.0,0.0,0.0
2013-02-01,944337.6676637976,0.0,0.0,0.0,0.0,0.0
2013-02-04,944337.6676637976,0.0,0.0,0.0,0.0,0.0
2013-02-05,944337.6676637976,0.0,0.0,0.0,0.0,0.0
2013-02-06,944337.6676637976,0.0,0.0,0.0,0.0,0.0
2013-02-07,944337.6676637976,0.0,0.0,0.0,0.0,0.0
2013-02-08,944337.6676637976,0.0,0.0,0.0,0.0,0.0
2013-02-11,944337.6676637976,0.0,0.0,0.0,0.0,0.0
2013-02-12,944337.6676637976,0.0,0.0,0.0,0.0,0.0
2013-02-13,944337.6676637976,0.0,0.0,0.0,0.0,0.0
2013-02-14,944337.6676637976,0.0,0.0,0.0,0.0,0.0
2013-02-15,944337.6676637976,0.0,0.0,0.0,0.0,0.0
2013-02-19,944337.6676637976,0.0,0.0,0.0,0.0,0.0
2013-02-20,944337.6676637976,0.0,0.0,0.0,0.0,0.0
2013-02-21,944337.6676637976,0.0,0.0,0.0,0.0,0.0
2013-02-22,944337.6676637976,0.0,0.0,0.0,0.0,0.0
2013-02-25,944337.6676637976,0.0,0.0,0.0,0.0,0.0
2013-02-26,944337.6676637976,0.0,0.0,0.0,0.0,0.0
2013-02-27,944337.6676637976,0.0,0.0,0.0,0.0,0.0
2013-02-28,944337.6676637976,0.0,0.0,0.0,0.0,0.0
2013-03-01,944337.6676637976,0.0,0.0,0.0,0.0,0.0
2013-03-04,944337.6676637976,0.0,0.0,0.0,0.0,0.0
2013-03-05,944337.6676637976,0.0,0.0,0.0,0.0,0.0
2013-03-06,944337.6676637976,0.0,0.0,0.0,0.0,0.0
2013-03-07,944337.6676637976,0.0,0.0,0.0,0.0,0.0
2013-03-08,944337.6676637976,0.0,0.0,0.0,0.0,0.0
2013-03-11,944337.6676637976,0.0,0.0,0.0,0.0,0.0
2013-03-12,944337.6676637976,0.0,0.0,0.0,0.0,0.0
2013-03-13,944337.6676637976,0.0,0.0,0.0,0.0,0.0
2013-03-14,944337.6676637976,0.0,0.0,0.0,0.0,0.0
2013-03-15,944337.6676637976,0.0,0.0,0.0,0.0,0.0
2013-03-18,944337.6676637976,0.0,0.0,0.0,0.0,0.0
2013-03-19,944337.6676637976,0.0,0.0,0.0,0.0,0.0
2013-03-20,944337.6676637976,0.0,0.0,0.0,0.0,0.0
2013-03-21,944337.6676637976,0.0,0.0,0.0,0.0,0.0
2013-03-22,944337.6676637976,0.0,0.0,0.0,0.0,0.0
2013-03-25,944337.6676637976,0.0,0.0,0.0,0.0,0.0
2013-03-26,944337.6676637976,0.0,0.0,0.0,0.0,0.0
2013-03-27,944337.6676637976,0.0,0.0,0.0,0.0,0.0
2013-03-28,944337.6676637976,0.0,0.0,0.0,0.0,0.0
2013-04-01,944337.6676637976,0.0,0.0,0.0,0.0,0.0
2013-04-02,944337.6676637976,0.0,0.0,0.0,0.0,0.0
2013-04-03,944337.6676637976,0.0,0.0,0.0,0.0,0.0
2013-04-04,944337.6676637976,0.0,0.0,0.0,0.0,0.0
2013-04-05,944337.6676637976,0.0,0.0,0.0,0.0,0.0
2013-04-08,944337.6676637976,0.0,0.0,0.0,0.0,0.0
2013-04-09,944337.6676637976,0.0,0.0,0.0,0.0,0.0
2013-04-10,944337.6676637976,0.0,0.0,0.0,0.0,0.0
2013-04-11,944337.6676637976,0.0,0.0,0.0,0.0,0.0
2013-04-12,944337.6676637976,0.0,0.0,0.0,0.0,0.0
2013-04-15,944337.6676637976,0.0,0.0,0.0,0.0,0.0
2013-04-16,944337.6676637976,0.0,0.0,0.0,0.0,0.0
2013-04-17,944337.6676637976,0.0,0.0,0.0,0.0,0.0
2013-04-18,944337.6676637976,0.0,0.0,0.0,0.0,0.0
2013-04-19,944337.6676637976,0.0,0.0,0.0,0.0,0.0
2013-04-22,944337.6676637976,0.0,0.0,0.0,0.0,0.0
2013-04-23,944337.6676637976,0.0,0.0,0.0,0.0,0.0
2013-04-24,944337.6676637976,0.0,0.0,0.0,0.0,0.0
2013-04-25,944337.6676637976,0.0,0.0,0.0,0.0,0.0
2013-04-26,944337.6676637976,0.0,0.0,0.0,0.0,0.0
2013-04-29,944337.6676637976,0.0,0.0,0.0,0.0,0.0
2013-04-30,944337.6676637976,0.0,0.0,0.0,0.0,0.0
2013-05-01,944337.6676637976,0.0,0.0,0.0,0.0,0.0
2013-05-02,944337.6676637976,0.0,0.0,0.0,0.0,0.0
2013-05-03,944337.6676637976,0.0,0.0,0.0,0.0,0.0
2013-05-06,944337.6676637976,0.0,0.0,0.0,0.0,0.0
2013-05-07,944337.6676637976,0.0,0.0,0.0,0.0,0.0
2013-05-08,944337.6676637976,0.0,0.0,0.0,0.0,0.0
2013-05-09,944337.6676637976,0.0,0.0,0.0,0.0,0.0
2013-05-10,944337.6676637976,0.0,0.0,0.0,0.0,0.0
2013-05-13,944337.6676637976,0.0,0.0,0.0,0.0,0.0
2013-05-14,944337.6676637976,0.0,0.0,0.0,0.0,0.0
2013-05-15,944337.6676637976,0.0,0.0,0.0,0.0,0.0
2013-05-16,944337.6676637976,0.0,0.0,0.0,0.0,0.0
2013-05-17,944337.6676637976,0.0,0.0,0.0,0.0,0.0
2013-05-20,944337.6676637976,0.0,0.0,0.0,0.0,0.0
2013-05-21,944337.6676637976,0.0,0.0,0.0,0.0,0.0
2013-05-22,944337.6676637976,0.0,0.0,0.0,0.0,0.0
2013-05-23,944337.6676637976,0.0,0.0,0.0,0.0,0.0
2013-05-24,944337.6676637976,0.0,0.0,0.0,0.0,0.0
2013-05-28,944337.6676637976,0.0,0.0,0.0,0.0,0.0
2013-05-29,944337.6676637976,0.0,0.0,0.0,0.0,0.0
2013-05-30,944337.6676637976,0.0,0.0,0.0,0.0,0.0
2013-05-31,944337.6676637976,0.0,0.0,0.0,0.0,0.0
2013-06-03,944337.6676637976,0.0,0.0,0.0,0.0,0.0
2013-06-04,944337.6676637976,0.0,0.0,0.0,0.0,0.0
2013-06-05,944337.6676637976,0.0,0.0,0.0,0.0,0.0
2013-06-06,944337.6676637976,0.0,0.0,0.0,0.0,0.0
2013-06-07,944337.6676637976,0.0,0.0,0.0,0.0,0.0
2013-06-10,944337.6676637976,0.0,0.0,0.0,0.0,0.0
2013-06-11,944337.6676637976,0.0,0.0,0.0,0.0,0.0
2013-06-12,944337.6676637976,0.0,0.0,0.0,0.0,0.0
2013-06-13,944337.6676637976,0.0,0.0,0.0,0.0,0.0
2013-06-14,944337.6676637976,0.0,0.0,0.0,0.0,0.0
2013-06-17,944337.6676637976,0.0,0.0,0.0,0.0,0.0
2013-06-18,944337.6676637976,0.0,0.0,0.0,0.0,0.0
2013-06-19,944337.6676637976,0.0,0.0,0.0,0.0,0.0
2013-06-20,944337.6676637976,0.0,0.0,0.0,0.0,0.0
2013-06-21,944337.6676637976,0.0,0.0,0.0,0.0,0.0
2013-06-24,944337.6676637976,0.0,0.0,0.0,0.0,0.0
2013-06-25,944337.6676637976,0.0,0.0,0.0,0.0,0.0
2013-06-26,944337.6676637976,0.0,0.0,0.0,0.0,0.0
2013-06-27,944337.6676637976,0.0,0.0,0.0,0.0,0.0
2013-06-28,944337.6676637976,0.0,0.0,0.0,0.0,0.0
2013-07-01,943865.4988299657,0.0,472.16883383189884,-0.0005,0.6759534450717508,0.5
2013-07-02,944616.7448494101,751.2460194444172,0.0,0.0007965588657001753,0.6780693499260547,0.5
2013-07-03,947769.4707937582,3152.7259443479993,0.0,0.003348748206027747,0.6968339457861666,0.5
2013-07-05,949116.159337671,1346.6885439128234,0.0,0.0014229249011857709,0.6932181449284801,0.5
2013-07-08,955466.5114742974,6350.352136626419,0.0,0.0067358744749980186,0.7233349040836639,0.5
2013-07-09,956653.9795637481,1187.4680894507346,0.0,0.001244361487011977,0.7241688174543356,0.5
2013-07-10,950279.2513565203,-6374.728207227828,0.0,-0.006619458128078818,0.7051165400035471,0.5
2013-07-11,953115.0147891847,2835.763432664345,0.0,0.0029930686830497793,0.6998346406664878,0.5
2013-07-12,941805.6094614754,-11309.405327709295,0.0,-0.011726585403487116,0.6933864511071237,0.5
2013-07-15,908349.670918369,-32985.03573837568,470.9028047307377,-0.034321152657601973,0.6909341346340331,0.5
2013-07-16,908349.670918369,0.0,0.0,0.0,0.0,0.0
2013-07-17,908349.670918369,0.0,0.0,0.0,0.0,0.0
2013-07-18,908349.670918369,0.0,0.0,0.0,0.0,0.0
2013-07-19,908349.670918369,0.0,0.0,0.0,0.0,0.0
2013-07-22,908349.670918369,0.0,0.0,0.0,0.0,0.0
2013-07-23,908349.670918369,0.0,0.0,0.0,0.0,0.0
2013-07-24,908349.670918369,0.0,0.0,0.0,0.0,0.0
2013-07-25,908349.670918369,0.0,0.0,0.0,0.0,0.0
2013-07-26,908349.670918369,0.0,0.0,0.0,0.0,0.0
2013-07-29,908349.670918369,0.0,0.0,0.0,0.0,0.0
2013-07-30,908349.670918369,0.0,0.0,0.0,0.0,0.0
2013-07-31,908349.670918369,0.0,0.0,0.0,0.0,0.0
2013-08-01,908349.670918369,0.0,0.0,0.0,0.0,0.0
2013-08-02,908349.670918369,0.0,0.0,0.0,0.0,0.0
2013-08-05,908349.670918369,0.0,0.0,0.0,0.0,0.0
2013-08-06,908349.670918369,0.0,0.0,0.0,0.0,0.0
2013-08-07,908349.670918369,0.0,0.0,0.0,0.0,0.0
2013-08-08,908349.670918369,0.0,0.0,0.0,0.0,0.0
2013-08-09,908349.670918369,0.0,0.0,0.0,0.0,0.0
2013-08-12,908349.670918369,0.0,0.0,0.0,0.0,0.0
2013-08-13,908349.670918369,0.0,0.0,0.0,0.0,0.0
2013-08-14,908349.670918369,0.0,0.0,0.0,0.0,0.0
2013-08-15,908349.670918369,0.0,0.0,0.0,0.0,0.0
2013-08-16,908349.670918369,0.0,0.0,0.0,0.0,0.0
2013-08-19,908349.670918369,0.0,0.0,0.0,0.0,0.0
2013-08-20,908349.670918369,0.0,0.0,0.0,0.0,0.0
2013-08-21,908349.670918369,0.0,0.0,0.0,0.0,0.0
2013-08-22,908349.670918369,0.0,0.0,0.0,0.0,0.0
2013-08-23,908349.670918369,0.0,0.0,0.0,0.0,0.0
2013-08-26,908349.670918369,0.0,0.0,0.0,0.0,0.0
2013-08-27,908349.670918369,0.0,0.0,0.0,0.0,0.0
2013-08-28,908349.670918369,0.0,0.0,0.0,0.0,0.0
2013-08-29,908349.670918369,0.0,0.0,0.0,0.0,0.0
2013-08-30,908349.670918369,0.0,0.0,0.0,0.0,0.0
2013-09-03,908349.670918369,0.0,0.0,0.0,0.0,0.0
2013-09-04,908349.670918369,0.0,0.0,0.0,0.0,0.0
2013-09-05,908349.670918369,0.0,0.0,0.0,0.0,0.0
2013-09-06,908349.670918369,0.0,0.0,0.0,0.0,0.0
2013-09-09,908349.670918369,0.0,0.0,0.0,0.0,0.0
2013-09-10,908349.670918369,0.0,0.0,0.0,0.0,0.0
2013-09-11,908349.670918369,0.0,0.0,0.0,0.0,0.0
2013-09-12,908349.670918369,0.0,0.0,0.0,0.0,0.0
2013-09-13,908349.670918369,0.0,0.0,0.0,0.0,0.0
2013-09-16,908349.670918369,0.0,0.0,0.0,0.0,0.0
2013-09-17,908349.670918369,0.0,0.0,0.0,0.0,0.0
2013-09-18,908349.670918369,0.0,0.0,0.0,0.0,0.0
2013-09-19,908349.670918369,0.0,0.0,0.0,0.0,0.0
2013-09-20,908349.670918369,0.0,0.0,0.0,0.0,0.0
2013-09-23,908349.670918369,0.0,0.0,0.0,0.0,0.0
2013-09-24,908349.670918369,0.0,0.0,0.0,0.0,0.0
2013-09-25,908349.670918369,0.0,0.0,0.0,0.0,0.0
2013-09-26,908349.670918369,0.0,0.0,0.0,0.0,0.0
2013-09-27,908349.670918369,0.0,0.0,0.0,0.0,0.0
2013-09-30,908349.670918369,0.0,0.0,0.0,0.0,0.0
2013-10-01,908349.670918369,0.0,0.0,0.0,0.0,0.0
2013-10-02,908349.670918369,0.0,0.0,0.0,0.0,0.0
2013-10-03,908349.670918369,0.0,0.0,0.0,0.0,0.0
2013-10-04,908349.670918369,0.0,0.0,0.0,0.0,0.0
2013-10-07,908349.670918369,0.0,0.0,0.0,0.0,0.0
2013-10-08,908349.670918369,0.0,0.0,0.0,0.0,0.0
2013-10-09,908349.670918369,0.0,0.0,0.0,0.0,0.0
2013-10-10,908349.670918369,0.0,0.0,0.0,0.0,0.0
2013-10-11,908349.670918369,0.0,0.0,0.0,0.0,0.0
2013-10-14,908349.670918369,0.0,0.0,0.0,0.0,0.0
2013-10-15,908349.670918369,0.0,0.0,0.0,0.0,0.0
2013-10-16,908349.670918369,0.0,0.0,0.0,0.0,0.0
2013-10-17,908349.670918369,0.0,0.0,0.0,0.0,0.0
2013-10-18,908349.670918369,0.0,0.0,0.0,0.0,0.0
2013-10-21,908349.670918369,0.0,0.0,0.0,0.0,0.0
2013-10-22,908349.670918369,0.0,0.0,0.0,0.0,0.0
2013-10-23,908349.670918369,0.0,0.0,0.0,0.0,0.0
2013-10-24,908349.670918369,0.0,0.0,0.0,0.0,0.0
2013-10-25,908349.670918369,0.0,0.0,0.0,0.0,0.0
2013-10-28,908349.670918369,0.0,0.0,0.0,0.0,0.0
2013-10-29,908349.670918369,0.0,0.0,0.0,0.0,0.0
2013-10-30,908349.670918369,0.0,0.0,0.0,0.0,0.0
2013-10-31,908349.670918369,0.0,0.0,0.0,0.0,0.0
2013-11-01,908349.670918369,0.0,0.0,0.0,0.0,0.0
2013-11-04,908349.670918369,0.0,0.0,0.0,0.0,0.0
2013-11-05,908349.670918369,0.0,0.0,0.0,0.0,0.0
2013-11-06,908349.670918369,0.0,0.0,0.0,0.0,0.0
2013-11-07,908349.670918369,0.0,0.0,0.0,0.0,0.0
2013-11-08,908349.670918369,0.0,0.0,0.0,0.0,0.0
2013-11-11,908349.670918369,0.0,0.0,0.0,0.0,0.0
2013-11-12,908349.670918369,0.0,0.0,0.0,0.0,0.0
2013-11-13,908349.670918369,0.0,0.0,0.0,0.0,0.0
2013-11-14,908349.670918369,0.0,0.0,0.0,0.0,0.0
2013-11-15,908349.670918369,0.0,0.0,0.0,0.0,0.0
2013-11-18,908349.670918369,0.0,0.0,0.0,0.0,0.0
2013-11-19,908349.670918369,0.0,0.0,0.0,0.0,0.0
2013-11-20,908349.670918369,0.0,0.0,0.0,0.0,0.0
2013-11-21,908349.670918369,0.0,0.0,0.0,0.0,0.0
2013-11-22,908349.670918369,0.0,0.0,0.0,0.0,0.0
2013-11-25,908349.670918369,0.0,0.0,0.0,0.0,0.0
2013-11-26,908349.670918369,0.0,0.0,0.0,0.0,0.0
2013-11-27,908349.670918369,0.0,0.0,0.0,0.0,0.0
2013-11-29,908349.670918369,0.0,0.0,0.0,0.0,0.0
2013-12-02,908349.670918369,0.0,0.0,0.0,0.0,0.0
2013-12-03,908349.670918369,0.0,0.0,0.0,0.0,0.0
2013-12-04,908349.670918369,0.0,0.0,0.0,0.0,0.0
2013-12-05,908349.670918369,0.0,0.0,0.0,0.0,0.0
2013-12-06,908349.670918369,0.0,0.0,0.0,0.0,0.0
2013-12-09,908349.670918369,0.0,0.0,0.0,0.0,0.0
2013-12-10,908349.670918369,0.0,0.0,0.0,0.0,0.0
2013-12-11,908349.670918369,0.0,0.0,0.0,0.0,0.0
2013-12-12,908349.670918369,0.0,0.0,0.0,0.0,0.0
2013-12-13,908349.670918369,0.0,0.0,0.0,0.0,0.0
2013-12-16,908349.670918369,0.0,0.0,0.0,0.0,0.0
2013-12-17,908349.670918369,0.0,0.0,0.0,0.0,0.0
2013-12-18,908349.670918369,0.0,0.0,0.0,0.0,0.0
2013-12-19,908349.670918369,0.0,0.0,0.0,0.0,0.0
2013-12-20,908349.670918369,0.0,0.0,0.0,0.0,0.0
2013-12-23,908349.670918369,0.0,0.0,0.0,0.0,0.0
2013-12-24,908349.670918369,0.0,0.0,0.0,0.0,0.0
2013-12-26,908349.670918369,0.0,0.0,0.0,0.0,0.0
2013-12-27,908349.670918369,0.0,0.0,0.0,0.0,0.0
2013-12-30,908349.670918369,0.0,0.0,0.0,0.0,0.0
2013-12-31,908349.670918369,0.0,0.0,0.0,0.0,0.0
2014-01-02,908349.670918369,0.0,0.0,0.0,0.0,0.0
2014-01-03,908349.670918369,0.0,0.0,0.0,0.0,0.0
2014-01-06,908349.670918369,0.0,0.0,0.0,0.0,0.0
2014-01-07,908349.670918369,0.0,0.0,0.0,0.0,0.0
2014-01-08,908349.670918369,0.0,0.0,0.0,0.0,0.0
2014-01-09,908349.670918369,0.0,0.0,0.0,0.0,0.0
2014-01-10,908349.670918369,0.0,0.0,0.0,0.0,0.0
2014-01-13,908349.670918369,0.0,0.0,0.0,0.0,0.0
2014-01-14,908349.670918369,0.0,0.0,0.0,0.0,0.0
2014-01-15,908349.670918369,0.0,0.0,0.0,0.0,0.0
2014-01-16,908349.670918369,0.0,0.0,0.0,0.0,0.0
2014-01-17,908349.670918369,0.0,0.0,0.0,0.0,0.0
2014-01-21,908349.670918369,0.0,0.0,0.0,0.0,0.0
2014-01-22,908349.670918369,0.0,0.0,0.0,0.0,0.0
2014-01-23,908349.670918369,0.0,0.0,0.0,0.0,0.0
2014-01-24,908349.670918369,0.0,0.0,0.0,0.0,0.0
2014-01-27,908349.670918369,0.0,0.0,0.0,0.0,0.0
2014-01-28,908349.670918369,0.0,0.0,0.0,0.0,0.0
2014-01-29,908349.670918369,0.0,0.0,0.0,0.0,0.0
2014-01-30,908349.670918369,0.0,0.0,0.0,0.0,0.0
2014-01-31,908349.670918369,0.0,0.0,0.0,0.0,0.0
2014-02-03,908349.670918369,0.0,0.0,0.0,0.0,0.0
2014-02-04,908349.670918369,0.0,0.0,0.0,0.0,0.0
2014-02-05,908349.670918369,0.0,0.0,0.0,0.0,0.0
2014-02-06,908349.670918369,0.0,0.0,0.0,0.0,0.0
2014-02-07,908349.670918369,0.0,0.0,0.0,0.0,0.0
2014-02-10,908349.670918369,0.0,0.0,0.0,0.0,0.0
2014-02-11,908349.670918369,0.0,0.0,0.0,0.0,0.0
2014-02-12,908349.670918369,0.0,0.0,0.0,0.0,0.0
2014-02-13,908349.670918369,0.0,0.0,0.0,0.0,0.0
2014-02-14,908349.670918369,0.0,0.0,0.0,0.0,0.0
2014-02-18,908349.670918369,0.0,0.0,0.0,0.0,0.0
2014-02-19,908349.670918369,0.0,0.0,0.0,0.0,0.0
2014-02-20,908349.670918369,0.0,0.0,0.0,0.0,0.0
2014-02-21,908349.670918369,0.0,0.0,0.0,0.0,0.0
2014-02-24,908349.670918369,0.0,0.0,0.0,0.0,0.0
2014-02-25,908349.670918369,0.0,0.0,0.0,0.0,0.0
2014-02-26,908349.670918369,0.0,0.0,0.0,0.0,0.0
2014-02-27,908349.670918369,0.0,0.0,0.0,0.0,0.0
2014-02-28,908349.670918369,0.0,0.0,0.0,0.0,0.0
2014-03-03,908349.670918369,0.0,0.0,0.0,0.0,0.0
2014-03-04,908349.670918369,0.0,0.0,0.0,0.0,0.0
2014-03-05,908349.670918369,0.0,0.0,0.0,0.0,0.0
2014-03-06,908349.670918369,0.0,0.0,0.0,0.0,0.0
2014-03-07,908349.670918369,0.0,0.0,0.0,0.0,0.0
2014-03-10,908349.670918369,0.0,0.0,0.0,0.0,0.0
2014-03-11,908349.670918369,0.0,0.0,0.0,0.0,0.0
2014-03-12,908349.670918369,0.0,0.0,0.0,0.0,0.0
2014-03-13,908349.670918369,0.0,0.0,0.0,0.0,0.0
2014-03-14,908349.670918369,0.0,0.0,0.0,0.0,0.0
2014-03-17,908349.670918369,0.0,0.0,0.0,0.0,0.0
2014-03-18,908349.670918369,0.0,0.0,0.0,0.0,0.0
2014-03-19,908349.670918369,0.0,0.0,0.0,0.0,0.0
2014-03-20,908349.670918369,0.0,0.0,0.0,0.0,0.0
2014-03-21,908349.670918369,0.0,0.0,0.0,0.0,0.0
2014-03-24,908349.670918369,0.0,0.0,0.0,0.0,0.0
2014-03-25,908349.670918369,0.0,0.0,0.0,0.0,0.0
2014-03-26,908349.670918369,0.0,0.0,0.0,0.0,0.0
2014-03-27,908349.670918369,0.0,0.0,0.0,0.0,0.0
2014-03-28,908349.670918369,0.0,0.0,0.0,0.0,0.0
2014-03-31,908349.670918369,0.0,0.0,0.0,0.0,0.0
2014-04-01,908349.670918369,0.0,0.0,0.0,0.0,0.0
2014-04-02,908349.670918369,0.0,0.0,0.0,0.0,0.0
2014-04-03,908349.670918369,0.0,0.0,0.0,0.0,0.0
2014-04-04,908349.670918369,0.0,0.0,0.0,0.0,0.0
2014-04-07,908349.670918369,0.0,0.0,0.0,0.0,0.0
2014-04-08,908349.670918369,0.0,0.0,0.0,0.0,0.0
2014-04-09,908349.670918369,0.0,0.0,0.0,0.0,0.0
2014-04-10,908349.670918369,0.0,0.0,0.0,0.0,0.0
2014-04-11,908349.670918369,0.0,0.0,0.0,0.0,0.0
2014-04-14,908349.670918369,0.0,0.0,0.0,0.0,0.0
2014-04-15,908349.670918369,0.0,0.0,0.0,0.0,0.0
2014-04-16,908349.670918369,0.0,0.0,0.0,0.0,0.0
2014-04-17,908349.670918369,0.0,0.0,0.0,0.0,0.0
2014-04-21,908349.670918369,0.0,0.0,0.0,0.0,0.0
2014-04-22,908349.670918369,0.0,0.0,0.0,0.0,0.0
2014-04-23,908349.670918369,0.0,0.0,0.0,0.0,0.0
2014-04-24,908349.670918369,0.0,0.0,0.0,0.0,0.0
2014-04-25,908349.670918369,0.0,0.0,0.0,0.0,0.0
2014-04-28,908349.670918369,0.0,0.0,0.0,0.0,0.0
2014-04-29,908349.670918369,0.0,0.0,0.0,0.0,0.0
2014-04-30,908349.670918369,0.0,0.0,0.0,0.0,0.0
2014-05-01,908349.670918369,0.0,0.0,0.0,0.0,0.0
2014-05-02,908349.670918369,0.0,0.0,0.0,0.0,0.0
2014-05-05,908349.670918369,0.0,0.0,0.0,0.0,0.0
2014-05-06,908349.670918369,0.0,0.0,0.0,0.0,0.0
2014-05-07,908349.670918369,0.0,0.0,0.0,0.0,0.0
2014-05-08,908349.670918369,0.0,0.0,0.0,0.0,0.0
2014-05-09,908349.670918369,0.0,0.0,0.0,0.0,0.0
2014-05-12,908349.670918369,0.0,0.0,0.0,0.0,0.0
2014-05-13,908349.670918369,0.0,0.0,0.0,0.0,0.0
2014-05-14,908349.670918369,0.0,0.0,0.0,0.0,0.0
2014-05-15,908349.670918369,0.0,0.0,0.0,0.0,0.0
2014-05-16,908349.670918369,0.0,0.0,0.0,0.0,0.0
2014-05-19,908349.670918369,0.0,0.0,0.0,0.0,0.0
2014-05-20,908349.670918369,0.0,0.0,0.0,0.0,0.0
2014-05-21,908349.670918369,0.0,0.0,0.0,0.0,0.0
2014-05-22,908349.670918369,0.0,0.0,0.0,0.0,0.0
2014-05-23,908349.670918369,0.0,0.0,0.0,0.0,0.0
2014-05-27,908349.670918369,0.0,0.0,0.0,0.0,0.0
2014-05-28,908349.670918369,0.0,0.0,0.0,0.0,0.0
2014-05-29,908349.670918369,0.0,0.0,0.0,0.0,0.0
2014-05-30,908349.670918369,0.0,0.0,0.0,0.0,0.0
2014-06-02,908349.670918369,0.0,0.0,0.0,0.0,0.0
2014-06-03,908349.670918369,0.0,0.0,0.0,0.0,0.0
2014-06-04,908349.670918369,0.0,0.0,0.0,0.0,0.0
2014-06-05,908349.670918369,0.0,0.0,0.0,0.0,0.0
2014-06-06,908349.670918369,0.0,0.0,0.0,0.0,0.0
2014-06-09,908349.670918369,0.0,0.0,0.0,0.0,0.0
2014-06-10,908349.670918369,0.0,0.0,0.0,0.0,0.0
2014-06-11,908349.670918369,0.0,0.0,0.0,0.0,0.0
2014-06-12,908349.670918369,0.0,0.0,0.0,0.0,0.0
2014-06-13,908349.670918369,0.0,0.0,0.0,0.0,0.0
2014-06-16,908349.670918369,0.0,0.0,0.0,0.0,0.0
2014-06-17,908349.670918369,0.0,0.0,0.0,0.0,0.0
2014-06-18,908349.670918369,0.0,0.0,0.0,0.0,0.0
2014-06-19,908349.670918369,0.0,0.0,0.0,0.0,0.0
2014-06-20,908349.670918369,0.0,0.0,0.0,0.0,0.0
2014-06-23,908349.670918369,0.0,0.0,0.0,0.0,0.0
2014-06-24,908349.670918369,0.0,0.0,0.0,0.0,0.0
2014-06-25,908349.670918369,0.0,0.0,0.0,0.0,0.0
2014-06-26,908349.670918369,0.0,0.0,0.0,0.0,0.0
2014-06-27,908349.670918369,0.0,0.0,0.0,0.0,0.0
2014-06-30,908349.670918369,0.0,0.0,0.0,0.0,0.0
2014-07-01,907895.4960829098,0.0,454.1748354591845,-0.0005,-2.6439365502776204,-0.5
2014-07-02,910327.3590188461,2431.8629359363654,0.0,0.002685765443151298,-2.4353448224713254,-0.5
2014-07-03,911879.9819830613,1552.622964215267,0.0,0.0017084794532865749,-2.1312645725917547,-0.5
2014-07-07,920011.5004676877,8131.51848462647,0.0,0.008997546123784422,-1.8959944937448603,-0.5
2014-07-08,931233.210809049,11221.710341361195,0.0,0.0123479714046978,-1.783979480534845,-0.5
2014-07-09,929569.9817241296,-1663.2290849193394,0.0,-0.0017828657220606177,-1.7409013243553135,-0.5
2014-07-10,931224.330698723,1654.3489745933368,0.0,0.0017828657220606175,-1.7121077495000578,-0.5
2014-07-11,943129.4358853207,11905.105186597699,0.0,0.012949914302037705,-1.8157188141974698,-0.5
2014-07-14,943402.38478631,272.9489009893847,0.0,0.0002894914600019299,-1.8505384230477686,-0.5
2014-07-15,984637.082458022,41706.39886410521,471.701192393155,0.04573015552413654,0.0,0.0
2014-07-16,984637.082458022,0.0,0.0,0.0,0.0,0.0
2014-07-17,984637.082458022,0.0,0.0,0.0,0.0,0.0
2014-07-18,984637.082458022,0.0,0.0,0.0,0.0,0.0
2014-07-21,984637.082458022,0.0,0.0,0.0,0.0,0.0
2014-07-22,984637.082458022,0.0,0.0,0.0,0.0,0.0
2014-07-23,984637.082458022,0.0,0.0,0.0,0.0,0.0
2014-07-24,984637.082458022,0.0,0.0,0.0,0.0,0.0
2014-07-25,984637.082458022,0.0,0.0,0.0,0.0,0.0
2014-07-28,984637.082458022,0.0,0.0,0.0,0.0,0.0
2014-07-29,984637.082458022,0.0,0.0,0.0,0.0,0.0
2014-07-30,984637.082458022,0.0,0.0,0.0,0.0,0.0
2014-07-31,984637.082458022,0.0,0.0,0.0,0.0,0.0
2014-08-01,984637.082458022,0.0,0.0,0.0,0.0,0.0
2014-08-04,984637.082458022,0.0,0.0,0.0,0.0,0.0
2014-08-05,984637.082458022,0.0,0.0,0.0,0.0,0.0
2014-08-06,984637.082458022,0.0,0.0,0.0,0.0,0.0
2014-08-07,984637.082458022,0.0,0.0,0.0,0.0,0.0
2014-08-08,984637.082458022,0.0,0.0,0.0,0.0,0.0
2014-08-11,984637.082458022,0.0,0.0,0.0,0.0,0.0
2014-08-12,984144.763916793,0.0,492.31854122901103,-0.0005,-2.134266494275648,-0.5
2014-08-13,993871.7761182962,9727.012201503187,0.0,0.009982384028185553,-1.7780987434765632,-0.5
2014-08-14,1009591.3771640582,15719.601045761901,0.0,0.01607071112896746,-1.5138830856530472,-0.5
2014-08-15,1059380.6394640491,50294.057988572924,504.7956885820291,0.0519018048990116,0.0,0.0
2014-08-18,1059380.6394640491,0.0,0.0,0.0,0.0,0.0
2014-08-19,1059380.6394640491,0.0,0.0,0.0,0.0,0.0
2014-08-20,1059380.6394640491,0.0,0.0,0.0,0.0,0.0
2014-08-21,1059380.6394640491,0.0,0.0,0.0,0.0,0.0
2014-08-22,1059380.6394640491,0.0,0.0,0.0,0.0,0.0
2014-08-25,1059380.6394640491,0.0,0.0,0.0,0.0,0.0
2014-08-26,1059380.6394640491,0.0,0.0,0.0,0.0,0.0
2014-08-27,1059380.6394640491,0.0,0.0,0.0,0.0,0.0
2014-08-28,1059380.6394640491,0.0,0.0,0.0,0.0,0.0
2014-08-29,1059380.6394640491,0.0,0.0,0.0,0.0,0.0
2014-09-02,1059380.6394640491,0.0,0.0,0.0,0.0,0.0
2014-09-03,1059380.6394640491,0.0,0.0,0.0,0.0,0.0
2014-09-04,1059380.6394640491,0.0,0.0,0.0,0.0,0.0
2014-09-05,1059380.6394640491,0.0,0.0,0.0,0.0,0.0
2014-09-08,1059380.6394640491,0.0,0.0,0.0,0.0,0.0
2014-09-09,1059380.6394640491,0.0,0.0,0.0,0.0,0.0
2014-09-10,1059380.6394640491,0.0,0.0,0.0,0.0,0.0
2014-09-11,1059380.6394640491,0.0,0.0,0.0,0.0,0.0
2014-09-12,1059380.6394640491,0.0,0.0,0.0,0.0,0.0
2014-09-15,1059380.6394640491,0.0,0.0,0.0,0.0,0.0
2014-09-16,1059380.6394640491,0.0,0.0,0.0,0.0,0.0
2014-09-17,1059380.6394640491,0.0,0.0,0.0,0.0,0.0
2014-09-18,1059380.6394640491,0.0,0.0,0.0,0.0,0.0
2014-09-19,1059380.6394640491,0.0,0.0,0.0,0.0,0.0
2014-09-22,1059380.6394640491,0.0,0.0,0.0,0.0,0.0
2014-09-23,1059380.6394640491,0.0,0.0,0.0,0.0,0.0
2014-09-24,1059380.6394640491,0.0,0.0,0.0,0.0,0.0
2014-09-25,1059380.6394640491,0.0,0.0,0.0,0.0,0.0
2014-09-26,1059380.6394640491,0.0,0.0,0.0,0.0,0.0
2014-09-29,1059380.6394640491,0.0,0.0,0.0,0.0,0.0
2014-09-30,1059380.6394640491,0.0,0.0,0.0,0.0,0.0
2014-10-01,1059380.6394640491,0.0,0.0,0.0,0.0,0.0
2014-10-02,1059380.6394640491,0.0,0.0,0.0,0.0,0.0
2014-10-03,1059380.6394640491,0.0,0.0,0.0,0.0,0.0
2014-10-06,1059380.6394640491,0.0,0.0,0.0,0.0,0.0
2014-10-07,1059380.6394640491,0.0,0.0,0.0,0.0,0.0
2014-10-08,1059380.6394640491,0.0,0.0,0.0,0.0,0.0
2014-10-09,1059380.6394640491,0.0,0.0,0.0,0.0,0.0
2014-10-10,1059380.6394640491,0.0,0.0,0.0,0.0,0.0
2014-10-13,1059380.6394640491,0.0,0.0,0.0,0.0,0.0
2014-10-14,1059380.6394640491,0.0,0.0,0.0,0.0,0.0
2014-10-15,1059380.6394640491,0.0,0.0,0.0,0.0,0.0
2014-10-16,1059380.6394640491,0.0,0.0,0.0,0.0,0.0
2014-10-17,1059380.6394640491,0.0,0.0,0.0,0.0,0.0
2014-10-20,1059380.6394640491,0.0,0.0,0.0,0.0,0.0
2014-10-21,1059380.6394640491,0.0,0.0,0.0,0.0,0.0
2014-10-22,1059380.6394640491,0.0,0.0,0.0,0.0,0.0
2014-10-23,1059380.6394640491,0.0,0.0,0.0,0.0,0.0
2014-10-24,1059380.6394640491,0.0,0.0,0.0,0.0,0.0
2014-10-27,1059380.6394640491,0.0,0.0,0.0,0.0,0.0
2014-10-28,1059380.6394640491,0.0,0.0,0.0,0.0,0.0
2014-10-29,1059380.6394640491,0.0,0.0,0.0,0.0,0.0
2014-10-30,1059380.6394640491,0.0,0.0,0.0,0.0,0.0
2014-10-31,1059380.6394640491,0.0,0.0,0.0,0.0,0.0
2014-11-03,1059380.6394640491,0.0,0.0,0.0,0.0,0.0
2014-11-04,1059380.6394640491,0.0,0.0,0.0,0.0,0.0
2014-11-05,1059380.6394640491,0.0,0.0,0.0,0.0,0.0
2014-11-06,1059380.6394640491,0.0,0.0,0.0,0.0,0.0
2014-11-07,1059380.6394640491,0.0,0.0,0.0,0.0,0.0
2014-11-10,1059380.6394640491,0.0,0.0,0.0,0.0,0.0
2014-11-11,1059380.6394640491,0.0,0.0,0.0,0.0,0.0
2014-11-12,1059380.6394640491,0.0,0.0,0.0,0.0,0.0
2014-11-13,1059380.6394640491,0.0,0.0,0.0,0.0,0.0
2014-11-14,1059380.6394640491,0.0,0.0,0.0,0.0,0.0
2014-11-17,1059380.6394640491,0.0,0.0,0.0,0.0,0.0
2014-11-18,1059380.6394640491,0.0,0.0,0.0,0.0,0.0
2014-11-19,1059380.6394640491,0.0,0.0,0.0,0.0,0.0
2014-11-20,1059380.6394640491,0.0,0.0,0.0,0.0,0.0
2014-11-21,1059380.6394640491,0.0,0.0,0.0,0.0,0.0
2014-11-24,1059380.6394640491,0.0,0.0,0.0,0.0,0.0
2014-11-25,1059380.6394640491,0.0,0.0,0.0,0.0,0.0
2014-11-26,1059380.6394640491,0.0,0.0,0.0,0.0,0.0
2014-11-28,1059380.6394640491,0.0,0.0,0.0,0.0,0.0
2014-12-01,1059380.6394640491,0.0,0.0,0.0,0.0,0.0
2014-12-02,1059380.6394640491,0.0,0.0,0.0,0.0,0.0
2014-12-03,1059380.6394640491,0.0,0.0,0.0,0.0,0.0
2014-12-04,1059380.6394640491,0.0,0.0,0.0,0.0,0.0
2014-12-05,1059380.6394640491,0.0,0.0,0.0,0.0,0.0
2014-12-08,1059380.6394640491,0.0,0.0,0.0,0.0,0.0
2014-12-09,1059380.6394640491,0.0,0.0,0.0,0.0,0.0
2014-12-10,1059380.6394640491,0.0,0.0,0.0,0.0,0.0
2014-12-11,1059380.6394640491,0.0,0.0,0.0,0.0,0.0
2014-12-12,1059380.6394640491,0.0,0.0,0.0,0.0,0.0
2014-12-15,1059380.6394640491,0.0,0.0,0.0,0.0,0.0
2014-12-16,1059380.6394640491,0.0,0.0,0.0,0.0,0.0
2014-12-17,1059380.6394640491,0.0,0.0,0.0,0.0,0.0
2014-12-18,1059380.6394640491,0.0,0.0,0.0,0.0,0.0
2014-12-19,1059380.6394640491,0.0,0.0,0.0,0.0,0.0
2014-12-22,1059380.6394640491,0.0,0.0,0.0,0.0,0.0
2014-12-23,1059380.6394640491,0.0,0.0,0.0,0.0,0.0
2014-12-24,1059380.6394640491,0.0,0.0,0.0,0.0,0.0
2014-12-26,1059380.6394640491,0.0,0.0,0.0,0.0,0.0
2014-12-29,1059380.6394640491,0.0,0.0,0.0,0.0,0.0
2014-12-30,1059380.6394640491,0.0,0.0,0.0,0.0,0.0
2014-12-31,1059380.6394640491,0.0,0.0,0.0,0.0,0.0
2015-01-02,1059380.6394640491,0.0,0.0,0.0,0.0,0.0
2015-01-05,1059380.6394640491,0.0,0.0,0.0,0.0,0.0
2015-01-06,1059380.6394640491,0.0,0.0,0.0,0.0,0.0
2015-01-07,1059380.6394640491,0.0,0.0,0.0,0.0,0.0
2015-01-08,1059380.6394640491,0.0,0.0,0.0,0.0,0.0
2015-01-09,1059380.6394640491,0.0,0.0,0.0,0.0,0.0
2015-01-12,1059380.6394640491,0.0,0.0,0.0,0.0,0.0
2015-01-13,1059380.6394640491,0.0,0.0,0.0,0.0,0.0
2015-01-14,1059380.6394640491,0.0,0.0,0.0,0.0,0.0
2015-01-15,1059380.6394640491,0.0,0.0,0.0,0.0,0.0
2015-01-16,1059380.6394640491,0.0,0.0,0.0,0.0,0.0
2015-01-20,1059380.6394640491,0.0,0.0,0.0,0.0,0.0
2015-01-21,1059380.6394640491,0.0,0.0,0.0,0.0,0.0
2015-01-22,1059380.6394640491,0.0,0.0,0.0,0.0,0.0
2015-01-23,1059380.6394640491,0.0,0.0,0.0,0.0,0.0
2015-01-26,1059380.6394640491,0.0,0.0,0.0,0.0,0.0
2015-01-27,1059380.6394640491,0.0,0.0,0.0,0.0,0.0
2015-01-28,1059380.6394640491,0.0,0.0,0.0,0.0,0.0
2015-01-29,1059380.6394640491,0.0,0.0,0.0,0.0,0.0
2015-01-30,1059380.6394640491,0.0,0.0,0.0,0.0,0.0
2015-02-02,1059380.6394640491,0.0,0.0,0.0,0.0,0.0
2015-02-03,1059380.6394640491,0.0,0.0,0.0,0.0,0.0
2015-02-04,1059380.6394640491,0.0,0.0,0.0,0.0,0.0
2015-02-05,1059380.6394640491,0.0,0.0,0.0,0.0,0.0
2015-02-06,1059380.6394640491,0.0,0.0,0.0,0.0,0.0
2015-02-09,1059380.6394640491,0.0,0.0,0.0,0.0,0.0
2015-02-10,1059380.6394640491,0.0,0.0,0.0,0.0,0.0
2015-02-11,1059380.6394640491,0.0,0.0,0.0,0.0,0.0
2015-02-12,1059380.6394640491,0.0,0.0,0.0,0.0,0.0
2015-02-13,1059380.6394640491,0.0,0.0,0.0,0.0,0.0
2015-02-17,1059380.6394640491,0.0,0.0,0.0,0.0,0.0
2015-02-18,1059380.6394640491,0.0,0.0,0.0,0.0,0.0
2015-02-19,1059380.6394640491,0.0,0.0,0.0,0.0,0.0
2015-02-20,1059380.6394640491,0.0,0.0,0.0,0.0,0.0
2015-02-23,1059380.6394640491,0.0,0.0,0.0,0.0,0.0
2015-02-24,1059380.6394640491,0.0,0.0,0.0,0.0,0.0
2015-02-25,1059380.6394640491,0.0,0.0,0.0,0.0,0.0
2015-02-26,1059380.6394640491,0.0,0.0,0.0,0.0,0.0
2015-02-27,1059380.6394640491,0.0,0.0,0.0,0.0,0.0
2015-03-02,1059380.6394640491,0.0,0.0,0.0,0.0,0.0
2015-03-03,1059380.6394640491,0.0,0.0,0.0,0.0,0.0
2015-03-04,1059380.6394640491,0.0,0.0,0.0,0.0,0.0
2015-03-05,1059380.6394640491,0.0,0.0,0.0,0.0,0.0
2015-03-06,1059380.6394640491,0.0,0.0,0.0,0.0,0.0
2015-03-09,1059380.6394640491,0.0,0.0,0.0,0.0,0.0
2015-03-10,1059380.6394640491,0.0,0.0,0.0,0.0,0.0
2015-03-11,1059380.6394640491,0.0,0.0,0.0,0.0,0.0
2015-03-12,1059380.6394640491,0.0,0.0,0.0,0.0,0.0
2015-03-13,1059380.6394640491,0.0,0.0,0.0,0.0,0.0
2015-03-16,1059380.6394640491,0.0,0.0,0.0,0.0,0.0
2015-03-17,1059380.6394640491,0.0,0.0,0.0,0.0,0.0
2015-03-18,1059380.6394640491,0.0,0.0,0.0,0.0,0.0
2015-03-19,1059380.6394640491,0.0,0.0,0.0,0.0,0.0
2015-03-20,1059380.6394640491,0.0,0.0,0.0,0.0,0.0
2015-03-23,1059380.6394640491,0.0,0.0,0.0,0.0,0.0
2015-03-24,1059380.6394640491,0.0,0.0,0.0,0.0,0.0
2015-03-25,1059380.6394640491,0.0,0.0,0.0,0.0,0.0
2015-03-26,1059380.6394640491,0.0,0.0,0.0,0.0,0.0
2015-03-27,1059380.6394640491,0.0,0.0,0.0,0.0,0.0
2015-03-30,1059380.6394640491,0.0,0.0,0.0,0.0,0.0
2015-03-31,1059380.6394640491,0.0,0.0,0.0,0.0,0.0
2015-04-01,1059380.6394640491,0.0,0.0,0.0,0.0,0.0
2015-04-02,1059380.6394640491,0.0,0.0,0.0,0.0,0.0
2015-04-06,1059380.6394640491,0.0,0.0,0.0,0.0,0.0
2015-04-07,1059380.6394640491,0.0,0.0,0.0,0.0,0.0
2015-04-08,1059380.6394640491,0.0,0.0,0.0,0.0,0.0
2015-04-09,1059380.6394640491,0.0,0.0,0.0,0.0,0.0
2015-04-10,1059380.6394640491,0.0,0.0,0.0,0.0,0.0
2015-04-13,1059380.6394640491,0.0,0.0,0.0,0.0,0.0
2015-04-14,1059380.6394640491,0.0,0.0,0.0,0.0,0.0
2015-04-15,1059380.6394640491,0.0,0.0,0.0,0.0,0.0
2015-04-16,1059380.6394640491,0.0,0.0,0.0,0.0,0.0
2015-04-17,1059380.6394640491,0.0,0.0,0.0,0.0,0.0
2015-04-20,1059380.6394640491,0.0,0.0,0.0,0.0,0.0
2015-04-21,1059380.6394640491,0.0,0.0,0.0,0.0,0.0
2015-04-22,1059380.6394640491,0.0,0.0,0.0,0.0,0.0
2015-04-23,1059380.6394640491,0.0,0.0,0.0,0.0,0.0
2015-04-24,1059380.6394640491,0.0,0.0,0.0,0.0,0.0
2015-04-27,1059380.6394640491,0.0,0.0,0.0,0.0,0.0
2015-04-28,1059380.6394640491,0.0,0.0,0.0,0.0,0.0
2015-04-29,1059380.6394640491,0.0,0.0,0.0,0.0,0.0
2015-04-30,1059380.6394640491,0.0,0.0,0.0,0.0,0.0
2015-05-01,1059380.6394640491,0.0,0.0,0.0,0.0,0.0
2015-05-04,1059380.6394640491,0.0,0.0,0.0,0.0,0.0
2015-05-05,1059380.6394640491,0.0,0.0,0.0,0.0,0.0
2015-05-06,1059380.6394640491,0.0,0.0,0.0,0.0,0.0
2015-05-07,1059380.6394640491,0.0,0.0,0.0,0.0,0.0
2015-05-08,1059380.6394640491,0.0,0.0,0.0,0.0,0.0
2015-05-11,1059380.6394640491,0.0,0.0,0.0,0.0,0.0
2015-05-12,1059380.6394640491,0.0,0.0,0.0,0.0,0.0
2015-05-13,1059380.6394640491,0.0,0.0,0.0,0.0,0.0
2015-05-14,1059380.6394640491,0.0,0.0,0.0,0.0,0.0
2015-05-15,1059380.6394640491,0.0,0.0,0.0,0.0,0.0
2015-05-18,1059380.6394640491,0.0,0.0,0.0,0.0,0.0
2015-05-19,1059380.6394640491,0.0,0.0,0.0,0.0,0.0
2015-05-20,1059380.6394640491,0.0,0.0,0.0,0.0,0.0
2015-05-21,1059380.6394640491,0.0,0.0,0.0,0.0,0.0
2015-05-22,1059380.6394640491,0.0,0.0,0.0,0.0,0.0
2015-05-26,1059380.6394640491,0.0,0.0,0.0,0.0,0.0
2015-05-27,1059380.6394640491,0.0,0.0,0.0,0.0,0.0
2015-05-28,1059380.6394640491,0.0,0.0,0.0,0.0,0.0
2015-05-29,1059380.6394640491,0.0,0.0,0.0,0.0,0.0
2015-06-01,1059380.6394640491,0.0,0.0,0.0,0.0,0.0
2015-06-02,1059380.6394640491,0.0,0.0,0.0,0.0,0.0
2015-06-03,1059380.6394640491,0.0,0.0,0.0,0.0,0.0
2015-06-04,1059380.6394640491,0.0,0.0,0.0,0.0,0.0
2015-06-05,1059380.6394640491,0.0,0.0,0.0,0.0,0.0
2015-06-08,1059380.6394640491,0.0,0.0,0.0,0.0,0.0
2015-06-09,1059380.6394640491,0.0,0.0,0.0,0.0,0.0
2015-06-10,1059380.6394640491,0.0,0.0,0.0,0.0,0.0
2015-06-11,1059380.6394640491,0.0,0.0,0.0,0.0,0.0
2015-06-12,1059380.6394640491,0.0,0.0,0.0,0.0,0.0
2015-06-15,1059380.6394640491,0.0,0.0,0.0,0.0,0.0
2015-06-16,1059380.6394640491,0.0,0.0,0.0,0.0,0.0
2015-06-17,1059380.6394640491,0.0,0.0,0.0,0.0,0.0
2015-06-18,1059380.6394640491,0.0,0.0,0.0,0.0,0.0
2015-06-19,1059380.6394640491,0.0,0.0,0.0,0.0,0.0
2015-06-22,1059380.6394640491,0.0,0.0,0.0,0.0,0.0
2015-06-23,1059380.6394640491,0.0,0.0,0.0,0.0,0.0
2015-06-24,1059380.6394640491,0.0,0.0,0.0,0.0,0.0
2015-06-25,1059380.6394640491,0.0,0.0,0.0,0.0,0.0
2015-06-26,1059380.6394640491,0.0,0.0,0.0,0.0,0.0
2015-06-29,1059380.6394640491,0.0,0.0,0.0,0.0,0.0
2015-06-30,1059380.6394640491,0.0,0.0,0.0,0.0,0.0
2015-07-01,1058850.949144317,0.0,529.6903197320246,-0.0005,-3.0,-0.5
2015-07-02,1058217.0584898964,-633.8906544206878,0.0,-0.0005983008256551394,-2.4532172457680326,-0.5
2015-07-06,1064038.391268004,5821.332778107538,0.0,0.005531505531505531,-1.7105104319058593,-0.5
2015-07-07,1080378.5213394715,16340.130071467533,0.0,0.015596217610217364,-1.1478807219175229,-0.5
2015-07-08,1078087.2994254532,-2291.22191401834,0.0,-0.0021162703846632643,-0.8059293686238448,-0.5
2015-07-09,1061212.8895214025,-16874.40990405057,0.0,-0.015410958904109588,-0.8747189475416998,-0.5
2015-07-10,1058272.8875388692,-2940.0019825333966,0.0,-0.002762762762762763,-1.026295955559379,-0.5
2015-07-13,1057385.5001152023,-887.3874236669961,0.0,-0.0008378216636744464,-1.8475430572397298,-0.5
2015-07-14,1060546.7818065297,3161.2816913274405,0.0,0.0029986805805445604,-1.949720191520702,-0.5
2015-07-15,1067691.9478052263,7145.165998696542,0.0,0.006782945736434108,-2.042830817899006,-0.5
2015-07-16,1070816.8998475831,3124.95204235676,0.0,0.002935420743639922,-2.4191500327091613,-0.5
2015-07-17,1073049.9576612986,2233.057813715519,0.0,0.0020897357098955127,-2.666358063364338,-0.5
2015-07-20,1076751.0415261071,3701.083864808618,0.0,0.0034610630407911,-2.37400053149115,-0.5
2015-07-21,1070874.4543483413,-5876.587177765903,0.0,-0.005428077966938071,-2.2161003443779093,-0.5
2015-07-22,1069823.2892397786,-1051.165108562789,0.0,-0.0009806325079676393,-2.1409407362907475,-0.5
2015-07-23,1075456.6962245093,5633.40698473065,0.0,0.005293610734950142,-2.020747629172095,-0.5
2015-07-24,1085439.276944415,9982.580719905716,0.0,0.009369144284821985,-2.0261460664649777,-0.5
2015-07-27,1101321.8679280523,16425.310622109682,542.7196384722075,0.014857234314980794,0.0,0.0
2015-07-28,1101321.8679280523,0.0,0.0,0.0,0.0,0.0
2015-07-29,1100771.2069940884,0.0,550.6609339640262,-0.0005,-2.3389694913557,-0.5
2015-07-30,1096711.9032043086,-4059.303789779827,0.0,-0.0036741416444951223,-2.146917423469858,-0.5
2015-07-31,1101972.576307283,5260.673102974467,0.0,0.004819888381532217,-1.9251116840570668,-0.5
2015-08-03,1103798.4294161275,1825.8531088445934,0.0,0.0016596450912804799,-0.8884168377007683,-0.5
2015-08-04,1104645.33358192,846.9041657924253,0.0,0.0007678525723061174,-0.6518327743392595,-0.5
2015-08-05,1095732.3397274553,-8912.993854464776,0.0,-0.008004065557108375,-0.7045678893161863,-0.5
2015-08-06,1099184.9876343354,3452.647906880058,0.0,0.003160955873056012,-0.9098313012450384,-0.5
2015-08-07,1086079.5349659403,-13105.45266839517,0.0,-0.011782401604412133,-0.9032339235250364,-0.5
2015-08-10,1066295.9880750517,-19240.507123405532,543.0397674829702,-0.0178984783931832,-1.28116394911586,-0.5
2015-08-11,1065762.8400810142,0.0,533.1479940375259,-0.0005,-1.2541651416604158,-0.5
2015-08-12,1098337.9758824252,33108.01722145162,532.8814200405071,0.031545038167938924,0.0,0.0
2015-08-13,1098337.9758824252,0.0,0.0,0.0,0.0,0.0
2015-08-14,1098337.9758824252,0.0,0.0,0.0,0.0,0.0
2015-08-17,1098337.9758824252,0.0,0.0,0.0,0.0,0.0
2015-08-18,1098337.9758824252,0.0,0.0,0.0,0.0,0.0
2015-08-19,1098337.9758824252,0.0,0.0,0.0,0.0,0.0
2015-08-20,1098337.9758824252,0.0,0.0,0.0,0.0,0.0
2015-08-21,1098337.9758824252,0.0,0.0,0.0,0.0,0.0
2015-08-24,1098337.9758824252,0.0,0.0,0.0,0.0,0.0
2015-08-25,1098337.9758824252,0.0,0.0,0.0,0.0,0.0
2015-08-26,1098337.9758824252,0.0,0.0,0.0,0.0,0.0
2015-08-27,1098337.9758824252,0.0,0.0,0.0,0.0,0.0
2015-08-28,1098337.9758824252,0.0,0.0,0.0,0.0,0.0
2015-08-31,1098337.9758824252,0.0,0.0,0.0,0.0,0.0
2015-09-01,1098337.9758824252,0.0,0.0,0.0,0.0,0.0
2015-09-02,1098337.9758824252,0.0,0.0,0.0,0.0,0.0
2015-09-03,1098337.9758824252,0.0,0.0,0.0,0.0,0.0
2015-09-04,1098337.9758824252,0.0,0.0,0.0,0.0,0.0
2015-09-08,1098337.9758824252,0.0,0.0,0.0,0.0,0.0
2015-09-09,1098337.9758824252,0.0,0.0,0.0,0.0,0.0
2015-09-10,1098337.9758824252,0.0,0.0,0.0,0.0,0.0
2015-09-11,1098337.9758824252,0.0,0.0,0.0,0.0,0.0
2015-09-14,1098337.9758824252,0.0,0.0,0.0,0.0,0.0
2015-09-15,1098337.9758824252,0.0,0.0,0.0,0.0,0.0
2015-09-16,1098337.9758824252,0.0,0.0,0.0,0.0,0.0
2015-09-17,1098337.9758824252,0.0,0.0,0.0,0.0,0.0
2015-09-18,1098337.9758824252,0.0,0.0,0.0,0.0,0.0
2015-09-21,1098337.9758824252,0.0,0.0,0.0,0.0,0.0
2015-09-22,1098337.9758824252,0.0,0.0,0.0,0.0,0.0
2015-09-23,1098337.9758824252,0.0,0.0,0.0,0.0,0.0
2015-09-24,1098337.9758824252,0.0,0.0,0.0,0.0,0.0
2015-09-25,1098337.9758824252,0.0,0.0,0.0,0.0,0.0
2015-09-28,1098337.9758824252,0.0,0.0,0.0,0.0,0.0
2015-09-29,1098337.9758824252,0.0,0.0,0.0,0.0,0.0
2015-09-30,1098337.9758824252,0.0,0.0,0.0,0.0,0.0
2015-10-01,1098337.9758824252,0.0,0.0,0.0,0.0,0.0
2015-10-02,1098337.9758824252,0.0,0.0,0.0,0.0,0.0
2015-10-05,1098337.9758824252,0.0,0.0,0.0,0.0,0.0
2015-10-06,1098337.9758824252,0.0,0.0,0.0,0.0,0.0
2015-10-07,1098337.9758824252,0.0,0.0,0.0,0.0,0.0
2015-10-08,1098337.9758824252,0.0,0.0,0.0,0.0,0.0
2015-10-09,1098337.9758824252,0.0,0.0,0.0,0.0,0.0
2015-10-12,1098337.9758824252,0.0,0.0,0.0,0.0,0.0
2015-10-13,1098337.9758824252,0.0,0.0,0.0,0.0,0.0
2015-10-14,1098337.9758824252,0.0,0.0,0.0,0.0,0.0
2015-10-15,1098337.9758824252,0.0,0.0,0.0,0.0,0.0
2015-10-16,1098337.9758824252,0.0,0.0,0.0,0.0,0.0
2015-10-19,1098337.9758824252,0.0,0.0,0.0,0.0,0.0
2015-10-20,1098337.9758824252,0.0,0.0,0.0,0.0,0.0
2015-10-21,1098337.9758824252,0.0,0.0,0.0,0.0,0.0
2015-10-22,1098337.9758824252,0.0,0.0,0.0,0.0,0.0
2015-10-23,1098337.9758824252,0.0,0.0,0.0,0.0,0.0
2015-10-26,1098337.9758824252,0.0,0.0,0.0,0.0,0.0
2015-10-27,1098337.9758824252,0.0,0.0,0.0,0.0,0.0
2015-10-28,1098337.9758824252,0.0,0.0,0.0,0.0,0.0
2015-10-29,1098337.9758824252,0.0,0.0,0.0,0.0,0.0
2015-10-30,1098337.9758824252,0.0,0.0,0.0,0.0,0.0
2015-11-02,1098337.9758824252,0.0,0.0,0.0,0.0,0.0
2015-11-03,1098337.9758824252,0.0,0.0,0.0,0.0,0.0
2015-11-04,1098337.9758824252,0.0,0.0,0.0,0.0,0.0
2015-11-05,1098337.9758824252,0.0,0.0,0.0,0.0,0.0
2015-11-06,1098337.9758824252,0.0,0.0,0.0,0.0,0.0
2015-11-09,1098337.9758824252,0.0,0.0,0.0,0.0,0.0
2015-11-10,1098337.9758824252,0.0,0.0,0.0,0.0,0.0
2015-11-11,1098337.9758824252,0.0,0.0,0.0,0.0,0.0
2015-11-12,1098337.9758824252,0.0,0.0,0.0,0.0,0.0
2015-11-13,1098337.9758824252,0.0,0.0,0.0,0.0,0.0
2015-11-16,1098337.9758824252,0.0,0.0,0.0,0.0,0.0
2015-11-17,1098337.9758824252,0.0,0.0,0.0,0.0,0.0
2015-11-18,1098337.9758824252,0.0,0.0,0.0,0.0,0.0
2015-11-19,1098337.9758824252,0.0,0.0,0.0,0.0,0.0
2015-11-20,1098337.9758824252,0.0,0.0,0.0,0.0,0.0
2015-11-23,1098337.9758824252,0.0,0.0,0.0,0.0,0.0
2015-11-24,1098337.9758824252,0.0,0.0,0.0,0.0,0.0
2015-11-25,1098337.9758824252,0.0,0.0,0.0,0.0,0.0
2015-11-27,1098337.9758824252,0.0,0.0,0.0,0.0,0.0
2015-11-30,1098337.9758824252,0.0,0.0,0.0,0.0,0.0
2015-12-01,1098337.9758824252,0.0,0.0,0.0,0.0,0.0
2015-12-02,1098337.9758824252,0.0,0.0,0.0,0.0,0.0
2015-12-03,1098337.9758824252,0.0,0.0,0.0,0.0,0.0
2015-12-04,1098337.9758824252,0.0,0.0,0.0,0.0,0.0
2015-12-07,1098337.9758824252,0.0,0.0,0.0,0.0,0.0
2015-12-08,1098337.9758824252,0.0,0.0,0.0,0.0,0.0
2015-12-09,1098337.9758824252,0.0,0.0,0.0,0.0,0.0
2015-12-10,1098337.9758824252,0.0,0.0,0.0,0.0,0.0
2015-12-11,1098337.9758824252,0.0,0.0,0.0,0.0,0.0
2015-12-14,1098337.9758824252,0.0,0.0,0.0,0.0,0.0
2015-12-15,1098337.9758824252,0.0,0.0,0.0,0.0,0.0
2015-12-16,1098337.9758824252,0.0,0.0,0.0,0.0,0.0
2015-12-17,1098337.9758824252,0.0,0.0,0.0,0.0,0.0
2015-12-18,1098337.9758824252,0.0,0.0,0.0,0.0,0.0
2015-12-21,1098337.9758824252,0.0,0.0,0.0,0.0,0.0
2015-12-22,1098337.9758824252,0.0,0.0,0.0,0.0,0.0
2015-12-23,1098337.9758824252,0.0,0.0,0.0,0.0,0.0
2015-12-24,1098337.9758824252,0.0,0.0,0.0,0.0,0.0
2015-12-28,1098337.9758824252,0.0,0.0,0.0,0.0,0.0
2015-12-29,1098337.9758824252,0.0,0.0,0.0,0.0,0.0
2015-12-30,1098337.9758824252,0.0,0.0,0.0,0.0,0.0
2015-12-31,1098337.9758824252,0.0,0.0,0.0,0.0,0.0
2016-01-04,1098337.9758824252,0.0,0.0,0.0,0.0,0.0
2016-01-05,1098337.9758824252,0.0,0.0,0.0,0.0,0.0
2016-01-06,1098337.9758824252,0.0,0.0,0.0,0.0,0.0
2016-01-07,1098337.9758824252,0.0,0.0,0.0,0.0,0.0
2016-01-08,1098337.9758824252,0.0,0.0,0.0,0.0,0.0
2016-01-11,1098337.9758824252,0.0,0.0,0.0,0.0,0.0
2016-01-12,1098337.9758824252,0.0,0.0,0.0,0.0,0.0
2016-01-13,1098337.9758824252,0.0,0.0,0.0,0.0,0.0
2016-01-14,1098337.9758824252,0.0,0.0,0.0,0.0,0.0
2016-01-15,1098337.9758824252,0.0,0.0,0.0,0.0,0.0
2016-01-19,1098337.9758824252,0.0,0.0,0.0,0.0,0.0
2016-01-20,1098337.9758824252,0.0,0.0,0.0,0.0,0.0
2016-01-21,1098337.9758824252,0.0,0.0,0.0,0.0,0.0
2016-01-22,1098337.9758824252,0.0,0.0,0.0,0.0,0.0
2016-01-25,1098337.9758824252,0.0,0.0,0.0,0.0,0.0
2016-01-26,1098337.9758824252,0.0,0.0,0.0,0.0,0.0
2016-01-27,1098337.9758824252,0.0,0.0,0.0,0.0,0.0
2016-01-28,1098337.9758824252,0.0,0.0,0.0,0.0,0.0
2016-01-29,1098337.9758824252,0.0,0.0,0.0,0.0,0.0
2016-02-01,1098337.9758824252,0.0,0.0,0.0,0.0,0.0
2016-02-02,1098337.9758824252,0.0,0.0,0.0,0.0,0.0
2016-02-03,1098337.9758824252,0.0,0.0,0.0,0.0,0.0
2016-02-04,1098337.9758824252,0.0,0.0,0.0,0.0,0.0
2016-02-05,1098337.9758824252,0.0,0.0,0.0,0.0,0.0
2016-02-08,1098337.9758824252,0.0,0.0,0.0,0.0,0.0
2016-02-09,1098337.9758824252,0.0,0.0,0.0,0.0,0.0
2016-02-10,1098337.9758824252,0.0,0.0,0.0,0.0,0.0
2016-02-11,1098337.9758824252,0.0,0.0,0.0,0.0,0.0
2016-02-12,1098337.9758824252,0.0,0.0,0.0,0.0,0.0
2016-02-16,1098337.9758824252,0.0,0.0,0.0,0.0,0.0
2016-02-17,1098337.9758824252,0.0,0.0,0.0,0.0,0.0
2016-02-18,1098337.9758824252,0.0,0.0,0.0,0.0,0.0
2016-02-19,1098337.9758824252,0.0,0.0,0.0,0.0,0.0
2016-02-22,1098337.9758824252,0.0,0.0,0.0,0.0,0.0
2016-02-23,1098337.9758824252,0.0,0.0,0.0,0.0,0.0
2016-02-24,1098337.9758824252,0.0,0.0,0.0,0.0,0.0
2016-02-25,1098337.9758824252,0.0,0.0,0.0,0.0,0.0
2016-02-26,1098337.9758824252,0.0,0.0,0.0,0.0,0.0
2016-02-29,1098337.9758824252,0.0,0.0,0.0,0.0,0.0
2016-03-01,1098337.9758824252,0.0,0.0,0.0,0.0,0.0
2016-03-02,1098337.9758824252,0.0,0.0,0.0,0.0,0.0
2016-03-03,1098337.9758824252,0.0,0.0,0.0,0.0,0.0
2016-03-04,1098337.9758824252,0.0,0.0,0.0,0.0,0.0
2016-03-07,1098337.9758824252,0.0,0.0,0.0,0.0,0.0
2016-03-08,1098337.9758824252,0.0,0.0,0.0,0.0,0.0
2016-03-09,1098337.9758824252,0.0,0.0,0.0,0.0,0.0
2016-03-10,1098337.9758824252,0.0,0.0,0.0,0.0,0.0
2016-03-11,1098337.9758824252,0.0,0.0,0.0,0.0,0.0
2016-03-14,1098337.9758824252,0.0,0.0,0.0,0.0,0.0
2016-03-15,1098337.9758824252,0.0,0.0,0.0,0.0,0.0
2016-03-16,1098337.9758824252,0.0,0.0,0.0,0.0,0.0
2016-03-17,1098337.9758824252,0.0,0.0,0.0,0.0,0.0
2016-03-18,1098337.9758824252,0.0,0.0,0.0,0.0,0.0
2016-03-21,1098337.9758824252,0.0,0.0,0.0,0.0,0.0
2016-03-22,1098337.9758824252,0.0,0.0,0.0,0.0,0.0
2016-03-23,1098337.9758824252,0.0,0.0,0.0,0.0,0.0
2016-03-24,1098337.9758824252,0.0,0.0,0.0,0.0,0.0
2016-03-28,1098337.9758824252,0.0,0.0,0.0,0.0,0.0
2016-03-29,1098337.9758824252,0.0,0.0,0.0,0.0,0.0
2016-03-30,1098337.9758824252,0.0,0.0,0.0,0.0,0.0
2016-03-31,1098337.9758824252,0.0,0.0,0.0,0.0,0.0
2016-04-01,1098337.9758824252,0.0,0.0,0.0,0.0,0.0
2016-04-04,1098337.9758824252,0.0,0.0,0.0,0.0,0.0
2016-04-05,1098337.9758824252,0.0,0.0,0.0,0.0,0.0
2016-04-06,1098337.9758824252,0.0,0.0,0.0,0.0,0.0
2016-04-07,1098337.9758824252,0.0,0.0,0.0,0.0,0.0
2016-04-08,1098337.9758824252,0.0,0.0,0.0,0.0,0.0
2016-04-11,1098337.9758824252,0.0,0.0,0.0,0.0,0.0
2016-04-12,1098337.9758824252,0.0,0.0,0.0,0.0,0.0
2016-04-13,1098337.9758824252,0.0,0.0,0.0,0.0,0.0
2016-04-14,1098337.9758824252,0.0,0.0,0.0,0.0,0.0
2016-04-15,1098337.9758824252,0.0,0.0,0.0,0.0,0.0
2016-04-18,1098337.9758824252,0.0,0.0,0.0,0.0,0.0
2016-04-19,1098337.9758824252,0.0,0.0,0.0,0.0,0.0
2016-04-20,1098337.9758824252,0.0,0.0,0.0,0.0,0.0
2016-04-21,1098337.9758824252,0.0,0.0,0.0,0.0,0.0
2016-04-22,1098337.9758824252,0.0,0.0,0.0,0.0,0.0
2016-04-25,1098337.9758824252,0.0,0.0,0.0,0.0,0.0
2016-04-26,1098337.9758824252,0.0,0.0,0.0,0.0,0.0
2016-04-27,1098337.9758824252,0.0,0.0,0.0,0.0,0.0
2016-04-28,1098337.9758824252,0.0,0.0,0.0,0.0,0.0
2016-04-29,1098337.9758824252,0.0,0.0,0.0,0.0,0.0
2016-05-02,1098337.9758824252,0.0,0.0,0.0,0.0,0.0
2016-05-03,1098337.9758824252,0.0,0.0,0.0,0.0,0.0
2016-05-04,1098337.9758824252,0.0,0.0,0.0,0.0,0.0
2016-05-05,1098337.9758824252,0.0,0.0,0.0,0.0,0.0
2016-05-06,1098337.9758824252,0.0,0.0,0.0,0.0,0.0
2016-05-09,1098337.9758824252,0.0,0.0,0.0,0.0,0.0
2016-05-10,1098337.9758824252,0.0,0.0,0.0,0.0,0.0
2016-05-11,1098337.9758824252,0.0,0.0,0.0,0.0,0.0
2016-05-12,1098337.9758824252,0.0,0.0,0.0,0.0,0.0
2016-05-13,1098337.9758824252,0.0,0.0,0.0,0.0,0.0
2016-05-16,1098337.9758824252,0.0,0.0,0.0,0.0,0.0
2016-05-17,1098337.9758824252,0.0,0.0,0.0,0.0,0.0
2016-05-18,1098337.9758824252,0.0,0.0,0.0,0.0,0.0
2016-05-19,1098337.9758824252,0.0,0.0,0.0,0.0,0.0
2016-05-20,1098337.9758824252,0.0,0.0,0.0,0.0,0.0
2016-05-23,1098337.9758824252,0.0,0.0,0.0,0.0,0.0
2016-05-24,1098337.9758824252,0.0,0.0,0.0,0.0,0.0
2016-05-25,1098337.9758824252,0.0,0.0,0.0,0.0,0.0
2016-05-26,1098337.9758824252,0.0,0.0,0.0,0.0,0.0
2016-05-27,1098337.9758824252,0.0,0.0,0.0,0.0,0.0
2016-05-31,1098337.9758824252,0.0,0.0,0.0,0.0,0.0
2016-06-01,1098337.9758824252,0.0,0.0,0.0,0.0,0.0
2016-06-02,1098337.9758824252,0.0,0.0,0.0,0.0,0.0
2016-06-03,1098337.9758824252,0.0,0.0,0.0,0.0,0.0
2016-06-06,1098337.9758824252,0.0,0.0,0.0,0.0,0.0
2016-06-07,1098337.9758824252,0.0,0.0,0.0,0.0,0.0
2016-06-08,1098337.9758824252,0.0,0.0,0.0,0.0,0.0
2016-06-09,1098337.9758824252,0.0,0.0,0.0,0.0,0.0
2016-06-10,1098337.9758824252,0.0,0.0,0.0,0.0,0.0
2016-06-13,1098337.9758824252,0.0,0.0,0.0,0.0,0.0
2016-06-14,1098337.9758824252,0.0,0.0,0.0,0.0,0.0
2016-06-15,1098337.9758824252,0.0,0.0,0.0,0.0,0.0
2016-06-16,1098337.9758824252,0.0,0.0,0.0,0.0,0.0
2016-06-17,1098337.9758824252,0.0,0.0,0.0,0.0,0.0
2016-06-20,1098337.9758824252,0.0,0.0,0.0,0.0,0.0
2016-06-21,1098337.9758824252,0.0,0.0,0.0,0.0,0.0
2016-06-22,1098337.9758824252,0.0,0.0,0.0,0.0,0.0
2016-06-23,1098337.9758824252,0.0,0.0,0.0,0.0,0.0
2016-06-24,1098337.9758824252,0.0,0.0,0.0,0.0,0.0
2016-06-27,1098337.9758824252,0.0,0.0,0.0,0.0,0.0
2016-06-28,1098337.9758824252,0.0,0.0,0.0,0.0,0.0
2016-06-29,1098337.9758824252,0.0,0.0,0.0,0.0,0.0
2016-06-30,1098337.9758824252,0.0,0.0,0.0,0.0,0.0
2016-07-01,1097788.806894484,0.0,549.1689879412127,-0.0005,0.682353027203317,0.5
2016-07-05,1073484.8194049483,-24303.987489535637,0.0,-0.021659516584702315,0.7357429856439338,0.5
2016-07-06,1067782.4718884404,-5165.605106805368,536.7424097024741,-0.005286557523109477,0.6699611562452975,0.5
2016-07-07,1067782.4718884404,0.0,0.0,0.0,0.0,0.0
2016-07-08,1067782.4718884404,0.0,0.0,0.0,0.0,0.0
2016-07-11,1067782.4718884404,0.0,0.0,0.0,0.0,0.0
2016-07-12,1067782.4718884404,0.0,0.0,0.0,0.0,0.0
2016-07-13,1067782.4718884404,0.0,0.0,0.0,0.0,0.0
2016-07-14,1067782.4718884404,0.0,0.0,0.0,0.0,0.0
2016-07-15,1067782.4718884404,0.0,0.0,0.0,0.0,0.0
2016-07-18,1067782.4718884404,0.0,0.0,0.0,0.0,0.0
2016-07-19,1067782.4718884404,0.0,0.0,0.0,0.0,0.0
2016-07-20,1067782.4718884404,0.0,0.0,0.0,0.0,0.0
2016-07-21,1067782.4718884404,0.0,0.0,0.0,0.0,0.0
2016-07-22,1067782.4718884404,0.0,0.0,0.0,0.0,0.0
2016-07-25,1067782.4718884404,0.0,0.0,0.0,0.0,0.0
2016-07-26,1067782.4718884404,0.0,0.0,0.0,0.0,0.0
2016-07-27,1067782.4718884404,0.0,0.0,0.0,0.0,0.0
2016-07-28,1067782.4718884404,0.0,0.0,0.0,0.0,0.0
2016-07-29,1067782.4718884404,0.0,0.0,0.0,0.0,0.0
2016-08-01,1067782.4718884404,0.0,0.0,0.0,0.0,0.0
2016-08-02,1067782.4718884404,0.0,0.0,0.0,0.0,0.0
2016-08-03,1067782.4718884404,0.0,0.0,0.0,0.0,0.0
2016-08-04,1067782.4718884404,0.0,0.0,0.0,0.0,0.0
2016-08-05,1067782.4718884404,0.0,0.0,0.0,0.0,0.0
2016-08-08,1067782.4718884404,0.0,0.0,0.0,0.0,0.0
2016-08-09,1067782.4718884404,0.0,0.0,0.0,0.0,0.0
2016-08-10,1067248.5806524963,0.0,533.8912359442202,-0.0005,-0.8637255290408891,-0.5
2016-08-11,1064493.8829885703,-2754.6976639260597,0.0,-0.0025744759102611253,-0.9344802416845214,-0.5
2016-08-12,1074386.4649287919,9892.58194022149,0.0,0.009380399901258949,-1.0702156254150061,-0.5
2016-08-15,1063409.678220075,-10976.786708716787,0.0,-0.010113468179575728,-1.2304399392725387,-0.5
2016-08-16,1065616.9998964781,2207.3216764030863,0.0,0.002080019576654839,-1.289413593881765,-0.5
2016-08-17,1059868.2078421076,-5748.792054370407,0.0,-0.005365853658536585,-1.0266207283843463,-0.5
2016-08-18,1058968.2712270063,-899.9366151012558,0.0,-0.0008483820143012968,-0.9235579008975449,-0.5
2016-08-19,1061661.2154866052,2692.9442595988294,0.0,0.002549471895107442,-0.8112561963785632,-0.5
2016-08-22,1056335.3356597435,-4264.218611375119,1061.6612154866052,-0.004996484422354225,0.5871727301450012,0.5
2016-08-23,1055825.15196708,-510.18369266348395,0.0,-0.0004827419744146754,0.8054177874667745,0.5
2016-08-24,1054038.6457877788,-1786.50617930132,0.0,-0.0016891891891891893,0.6454940191622677,0.5
2016-08-25,1037421.4951750683,-16617.150612710557,0.0,-0.015520534861509075,0.8346246354885178,0.5
2016-08-26,1033524.3445545759,-3897.1506204923676,0.0,-0.00374251497005988,1.04031919544753,0.5
2016-08-29,1028578.9188301781,-3911.9013798432093,1033.524344554576,-0.004766968325791855,-0.14672308561990097,-0.5
2016-08-30,1037863.0662032956,9284.147373117548,0.0,0.009108402822322,-0.39629993215085574,-0.5
2016-08-31,1040819.1754027354,2956.109199439734,0.0,0.0028564009348221245,-0.22076897953330366,-0.5
2016-09-01,1040819.1754027354,0.0,0.0,0.0,0.0,0.0
2016-09-02,1040819.1754027354,0.0,0.0,0.0,0.0,0.0
2016-09-06,1040819.1754027354,0.0,0.0,0.0,0.0,0.0
2016-09-07,1040819.1754027354,0.0,0.0,0.0,0.0,0.0
2016-09-08,1040819.1754027354,0.0,0.0,0.0,0.0,0.0
2016-09-09,1040819.1754027354,0.0,0.0,0.0,0.0,0.0
2016-09-12,1040819.1754027354,0.0,0.0,0.0,0.0,0.0
2016-09-13,1040819.1754027354,0.0,0.0,0.0,0.0,0.0
2016-09-14,1040819.1754027354,0.0,0.0,0.0,0.0,0.0
2016-09-15,1040819.1754027354,0.0,0.0,0.0,0.0,0.0
2016-09-16,1040819.1754027354,0.0,0.0,0.0,0.0,0.0
2016-09-19,1040819.1754027354,0.0,0.0,0.0,0.0,0.0
2016-09-20,1040819.1754027354,0.0,0.0,0.0,0.0,0.0
2016-09-21,1040819.1754027354,0.0,0.0,0.0,0.0,0.0
2016-09-22,1040819.1754027354,0.0,0.0,0.0,0.0,0.0
2016-09-23,1040819.1754027354,0.0,0.0,0.0,0.0,0.0
2016-09-26,1040819.1754027354,0.0,0.0,0.0,0.0,0.0
2016-09-27,1040819.1754027354,0.0,0.0,0.0,0.0,0.0
2016-09-28,1040819.1754027354,0.0,0.0,0.0,0.0,0.0
2016-09-29,1040819.1754027354,0.0,0.0,0.0,0.0,0.0
2016-09-30,1040819.1754027354,0.0,0.0,0.0,0.0,0.0
2016-10-03,1040819.1754027354,0.0,0.0,0.0,0.0,0.0
2016-10-04,1040819.1754027354,0.0,0.0,0.0,0.0,0.0
2016-10-05,1040819.1754027354,0.0,0.0,0.0,0.0,0.0
2016-10-06,1040819.1754027354,0.0,0.0,0.0,0.0,0.0
2016-10-07,1040819.1754027354,0.0,0.0,0.0,0.0,0.0
2016-10-11,1040819.1754027354,0.0,0.0,0.0,0.0,0.0
2016-10-12,1040819.1754027354,0.0,0.0,0.0,0.0,0.0
2016-10-13,1040819.1754027354,0.0,0.0,0.0,0.0,0.0
2016-10-14,1040819.1754027354,0.0,0.0,0.0,0.0,0.0
2016-10-17,1040819.1754027354,0.0,0.0,0.0,0.0,0.0
2016-10-18,1040819.1754027354,0.0,0.0,0.0,0.0,0.0
2016-10-19,1040819.1754027354,0.0,0.0,0.0,0.0,0.0
2016-10-20,1040819.1754027354,0.0,0.0,0.0,0.0,0.0
2016-10-21,1040819.1754027354,0.0,0.0,0.0,0.0,0.0
2016-10-24,1040819.1754027354,0.0,0.0,0.0,0.0,0.0
2016-10-25,1040819.1754027354,0.0,0.0,0.0,0.0,0.0
2016-10-26,1040819.1754027354,0.0,0.0,0.0,0.0,0.0
2016-10-27,1040819.1754027354,0.0,0.0,0.0,0.0,0.0
2016-10-28,1040819.1754027354,0.0,0.0,0.0,0.0,0.0
2016-10-31,1040819.1754027354,0.0,0.0,0.0,0.0,0.0
2016-11-01,1040819.1754027354,0.0,0.0,0.0,0.0,0.0
2016-11-02,1040819.1754027354,0.0,0.0,0.0,0.0,0.0
2016-11-03,1040819.1754027354,0.0,0.0,0.0,0.0,0.0
2016-11-04,1040819.1754027354,0.0,0.0,0.0,0.0,0.0
2016-11-07,1040819.1754027354,0.0,0.0,0.0,0.0,0.0
2016-11-08,1040819.1754027354,0.0,0.0,0.0,0.0,0.0
2016-11-09,1040819.1754027354,0.0,0.0,0.0,0.0,0.0
2016-11-10,1040819.1754027354,0.0,0.0,0.0,0.0,0.0
2016-11-14,1040819.1754027354,0.0,0.0,0.0,0.0,0.0
2016-11-15,1040819.1754027354,0.0,0.0,0.0,0.0,0.0
2016-11-16,1040819.1754027354,0.0,0.0,0.0,0.0,0.0
2016-11-17,1040819.1754027354,0.0,0.0,0.0,0.0,0.0
2016-11-18,1040819.1754027354,0.0,0.0,0.0,0.0,0.0
2016-11-21,1040819.1754027354,0.0,0.0,0.0,0.0,0.0
2016-11-22,1040819.1754027354,0.0,0.0,0.0,0.0,0.0
2016-11-23,1040819.1754027354,0.0,0.0,0.0,0.0,0.0
2016-11-25,1040819.1754027354,0.0,0.0,0.0,0.0,0.0
2016-11-28,1040819.1754027354,0.0,0.0,0.0,0.0,0.0
2016-11-29,1040819.1754027354,0.0,0.0,0.0,0.0,0.0
2016-11-30,1040819.1754027354,0.0,0.0,0.0,0.0,0.0
2016-12-01,1040819.1754027354,0.0,0.0,0.0,0.0,0.0
2016-12-02,1040819.1754027354,0.0,0.0,0.0,0.0,0.0
2016-12-05,1040819.1754027354,0.0,0.0,0.0,0.0,0.0
2016-12-06,1040819.1754027354,0.0,0.0,0.0,0.0,0.0
2016-12-07,1040819.1754027354,0.0,0.0,0.0,0.0,0.0
2016-12-08,1040819.1754027354,0.0,0.0,0.0,0.0,0.0
2016-12-09,1040819.1754027354,0.0,0.0,0.0,0.0,0.0
2016-12-12,1040819.1754027354,0.0,0.0,0.0,0.0,0.0
2016-12-13,1040819.1754027354,0.0,0.0,0.0,0.0,0.0
2016-12-14,1040819.1754027354,0.0,0.0,0.0,0.0,0.0
2016-12-15,1040819.1754027354,0.0,0.0,0.0,0.0,0.0
2016-12-16,1040819.1754027354,0.0,0.0,0.0,0.0,0.0
2016-12-19,1040819.1754027354,0.0,0.0,0.0,0.0,0.0
2016-12-20,1040819.1754027354,0.0,0.0,0.0,0.0,0.0
2016-12-21,1040819.1754027354,0.0,0.0,0.0,0.0,0.0
2016-12-22,1040819.1754027354,0.0,0.0,0.0,0.0,0.0
2016-12-23,1040819.1754027354,0.0,0.0,0.0,0.0,0.0
2016-12-27,1040819.1754027354,0.0,0.0,0.0,0.0,0.0
2016-12-28,1040819.1754027354,0.0,0.0,0.0,0.0,0.0
2016-12-29,1040819.1754027354,0.0,0.0,0.0,0.0,0.0
2016-12-30,1040819.1754027354,0.0,0.0,0.0,0.0,0.0
2017-01-03,1040819.1754027354,0.0,0.0,0.0,0.0,0.0
2017-01-04,1040819.1754027354,0.0,0.0,0.0,0.0,0.0
2017-01-05,1040819.1754027354,0.0,0.0,0.0,0.0,0.0
2017-01-06,1040819.1754027354,0.0,0.0,0.0,0.0,0.0
2017-01-09,1040819.1754027354,0.0,0.0,0.0,0.0,0.0
2017-01-10,1040819.1754027354,0.0,0.0,0.0,0.0,0.0
2017-01-11,1040819.1754027354,0.0,0.0,0.0,0.0,0.0
2017-01-12,1040819.1754027354,0.0,0.0,0.0,0.0,0.0
2017-01-13,1040819.1754027354,0.0,0.0,0.0,0.0,0.0
2017-01-17,1040819.1754027354,0.0,0.0,0.0,0.0,0.0
2017-01-18,1040819.1754027354,0.0,0.0,0.0,0.0,0.0
2017-01-19,1040819.1754027354,0.0,0.0,0.0,0.0,0.0
2017-01-20,1040819.1754027354,0.0,0.0,0.0,0.0,0.0
2017-01-23,1040819.1754027354,0.0,0.0,0.0,0.0,0.0
2017-01-24,1040819.1754027354,0.0,0.0,0.0,0.0,0.0
2017-01-25,1040819.1754027354,0.0,0.0,0.0,0.0,0.0
2017-01-26,1040819.1754027354,0.0,0.0,0.0,0.0,0.0
2017-01-27,1040819.1754027354,0.0,0.0,0.0,0.0,0.0
2017-01-30,1040819.1754027354,0.0,0.0,0.0,0.0,0.0
2017-01-31,1040819.1754027354,0.0,0.0,0.0,0.0,0.0
2017-02-01,1040819.1754027354,0.0,0.0,0.0,0.0,0.0
2017-02-02,1040819.1754027354,0.0,0.0,0.0,0.0,0.0
2017-02-03,1040819.1754027354,0.0,0.0,0.0,0.0,0.0
2017-02-06,1040819.1754027354,0.0,0.0,0.0,0.0,0.0
2017-02-07,1040819.1754027354,0.0,0.0,0.0,0.0,0.0
2017-02-08,1040819.1754027354,0.0,0.0,0.0,0.0,0.0
2017-02-09,1040819.1754027354,0.0,0.0,0.0,0.0,0.0
2017-02-10,1040819.1754027354,0.0,0.0,0.0,0.0,0.0
2017-02-13,1040819.1754027354,0.0,0.0,0.0,0.0,0.0
2017-02-14,1040819.1754027354,0.0,0.0,0.0,0.0,0.0
2017-02-15,1040819.1754027354,0.0,0.0,0.0,0.0,0.0
2017-02-16,1040819.1754027354,0.0,0.0,0.0,0.0,0.0
2017-02-17,1040819.1754027354,0.0,0.0,0.0,0.0,0.0
2017-02-21,1040819.1754027354,0.0,0.0,0.0,0.0,0.0
2017-02-22,1040819.1754027354,0.0,0.0,0.0,0.0,0.0
2017-02-23,1040819.1754027354,0.0,0.0,0.0,0.0,0.0
2017-02-24,1040819.1754027354,0.0,0.0,0.0,0.0,0.0
2017-02-27,1040819.1754027354,0.0,0.0,0.0,0.0,0.0
2017-02-28,1040819.1754027354,0.0,0.0,0.0,0.0,0.0
2017-03-01,1040819.1754027354,0.0,0.0,0.0,0.0,0.0
2017-03-02,1040819.1754027354,0.0,0.0,0.0,0.0,0.0
2017-03-03,1040819.1754027354,0.0,0.0,0.0,0.0,0.0
2017-03-06,1040819.1754027354,0.0,0.0,0.0,0.0,0.0
2017-03-07,1040819.1754027354,0.0,0.0,0.0,0.0,0.0
2017-03-08,1040819.1754027354,0.0,0.0,0.0,0.0,0.0
2017-03-09,1040819.1754027354,0.0,0.0,0.0,0.0,0.0
2017-03-10,1040819.1754027354,0.0,0.0,0.0,0.0,0.0
2017-03-13,1040819.1754027354,0.0,0.0,0.0,0.0,0.0
2017-03-14,1040819.1754027354,0.0,0.0,0.0,0.0,0.0
2017-03-15,1040819.1754027354,0.0,0.0,0.0,0.0,0.0
2017-03-16,1040819.1754027354,0.0,0.0,0.0,0.0,0.0
2017-03-17,1040819.1754027354,0.0,0.0,0.0,0.0,0.0
2017-03-20,1040819.1754027354,0.0,0.0,0.0,0.0,0.0
2017-03-21,1040819.1754027354,0.0,0.0,0.0,0.0,0.0
2017-03-22,1040819.1754027354,0.0,0.0,0.0,0.0,0.0
2017-03-23,1040819.1754027354,0.0,0.0,0.0,0.0,0.0
2017-03-24,1040819.1754027354,0.0,0.0,0.0,0.0,0.0
2017-03-27,1040819.1754027354,0.0,0.0,0.0,0.0,0.0
2017-03-28,1040819.1754027354,0.0,0.0,0.0,0.0,0.0
2017-03-29,1040819.1754027354,0.0,0.0,0.0,0.0,0.0
2017-03-30,1040819.1754027354,0.0,0.0,0.0,0.0,0.0
2017-03-31,1040819.1754027354,0.0,0.0,0.0,0.0,0.0
2017-04-03,1040819.1754027354,0.0,0.0,0.0,0.0,0.0
2017-04-04,1040819.1754027354,0.0,0.0,0.0,0.0,0.0
2017-04-05,1040819.1754027354,0.0,0.0,0.0,0.0,0.0
2017-04-06,1040819.1754027354,0.0,0.0,0.0,0.0,0.0
2017-04-07,1040819.1754027354,0.0,0.0,0.0,0.0,0.0
2017-04-10,1040819.1754027354,0.0,0.0,0.0,0.0,0.0
2017-04-11,1040819.1754027354,0.0,0.0,0.0,0.0,0.0
2017-04-12,1040819.1754027354,0.0,0.0,0.0,0.0,0.0
2017-04-13,1040819.1754027354,0.0,0.0,0.0,0.0,0.0
2017-04-17,1040819.1754027354,0.0,0.0,0.0,0.0,0.0
2017-04-18,1040819.1754027354,0.0,0.0,0.0,0.0,0.0
2017-04-19,1040819.1754027354,0.0,0.0,0.0,0.0,0.0
2017-04-20,1040819.1754027354,0.0,0.0,0.0,0.0,0.0
2017-04-21,1040819.1754027354,0.0,0.0,0.0,0.0,0.0
2017-04-24,1040819.1754027354,0.0,0.0,0.0,0.0,0.0
2017-04-25,1040819.1754027354,0.0,0.0,0.0,0.0,0.0
2017-04-26,1040819.1754027354,0.0,0.0,0.0,0.0,0.0
2017-04-27,1040819.1754027354,0.0,0.0,0.0,0.0,0.0
2017-04-28,1040819.1754027354,0.0,0.0,0.0,0.0,0.0
2017-05-01,1040819.1754027354,0.0,0.0,0.0,0.0,0.0
2017-05-02,1040819.1754027354,0.0,0.0,0.0,0.0,0.0
2017-05-03,1040819.1754027354,0.0,0.0,0.0,0.0,0.0
2017-05-04,1040819.1754027354,0.0,0.0,0.0,0.0,0.0
2017-05-05,1040819.1754027354,0.0,0.0,0.0,0.0,0.0
2017-05-08,1040819.1754027354,0.0,0.0,0.0,0.0,0.0
2017-05-09,1040819.1754027354,0.0,0.0,0.0,0.0,0.0
2017-05-10,1040819.1754027354,0.0,0.0,0.0,0.0,0.0
2017-05-11,1040819.1754027354,0.0,0.0,0.0,0.0,0.0
2017-05-12,1040819.1754027354,0.0,0.0,0.0,0.0,0.0
2017-05-15,1040819.1754027354,0.0,0.0,0.0,0.0,0.0
2017-05-16,1040819.1754027354,0.0,0.0,0.0,0.0,0.0
2017-05-17,1040819.1754027354,0.0,0.0,0.0,0.0,0.0
2017-05-18,1040819.1754027354,0.0,0.0,0.0,0.0,0.0
2017-05-19,1040819.1754027354,0.0,0.0,0.0,0.0,0.0
2017-05-22,1040819.1754027354,0.0,0.0,0.0,0.0,0.0
2017-05-23,1040819.1754027354,0.0,0.0,0.0,0.0,0.0
2017-05-24,1040819.1754027354,0.0,0.0,0.0,0.0,0.0
2017-05-25,1040819.1754027354,0.0,0.0,0.0,0.0,0.0
2017-05-26,1040819.1754027354,0.0,0.0,0.0,0.0,0.0
2017-05-30,1040819.1754027354,0.0,0.0,0.0,0.0,0.0
2017-05-31,1040819.1754027354,0.0,0.0,0.0,0.0,0.0
2017-06-01,1040819.1754027354,0.0,0.0,0.0,0.0,0.0
2017-06-02,1040819.1754027354,0.0,0.0,0.0,0.0,0.0
2017-06-05,1040819.1754027354,0.0,0.0,0.0,0.0,0.0
2017-06-06,1040819.1754027354,0.0,0.0,0.0,0.0,0.0
2017-06-07,1040819.1754027354,0.0,0.0,0.0,0.0,0.0
2017-06-08,1040819.1754027354,0.0,0.0,0.0,0.0,0.0
2017-06-09,1040819.1754027354,0.0,0.0,0.0,0.0,0.0
2017-06-12,1040819.1754027354,0.0,0.0,0.0,0.0,0.0
2017-06-13,1040819.1754027354,0.0,0.0,0.0,0.0,0.0
2017-06-14,1040819.1754027354,0.0,0.0,0.0,0.0,0.0
2017-06-15,1040819.1754027354,0.0,0.0,0.0,0.0,0.0
2017-06-16,1040819.1754027354,0.0,0.0,0.0,0.0,0.0
2017-06-19,1040819.1754027354,0.0,0.0,0.0,0.0,0.0
2017-06-20,1040819.1754027354,0.0,0.0,0.0,0.0,0.0
2017-06-21,1040819.1754027354,0.0,0.0,0.0,0.0,0.0
2017-06-22,1040819.1754027354,0.0,0.0,0.0,0.0,0.0
2017-06-23,1040819.1754027354,0.0,0.0,0.0,0.0,0.0
2017-06-26,1040819.1754027354,0.0,0.0,0.0,0.0,0.0
2017-06-27,1040819.1754027354,0.0,0.0,0.0,0.0,0.0
2017-06-28,1040819.1754027354,0.0,0.0,0.0,0.0,0.0
2017-06-29,1040819.1754027354,0.0,0.0,0.0,0.0,0.0
2017-06-30,1040819.1754027354,0.0,0.0,0.0,0.0,0.0
2017-07-03,1040298.765815034,0.0,520.4095877013677,-0.0005,1.3442844592537144,0.5
2017-07-05,1046499.0435071164,6200.277692082349,0.0,0.005995828988529719,1.316072787856556,0.5
2017-07-06,1048910.9491131506,2411.9056060343273,0.0,0.0023100616016427105,1.459476256109639,0.5
2017-07-07,1057065.8774710274,8154.928357876904,0.0,0.00783558124598587,1.6371111283032602,0.5
2017-07-10,1069934.2748247785,12868.397353751214,0.0,0.012323719984754162,1.3257861658850278,0.5
2017-07-11,1072556.0201686276,2621.7453438490043,0.0,0.0024563989191844758,1.2619213824505573,0.5
2017-07-12,1068109.9210847782,-4446.099083849468,0.0,-0.00412821758135017,1.0357121502758113,0.5
2017-07-13,1044867.3029347898,-23242.618149988408,0.0,-0.02129707616411984,0.8426352479780785,0.5
2017-07-14,1051716.690139118,6849.387204328314,0.0,0.006598525035580282,0.8476301478091265,0.5
2017-07-17,1051583.2574202474,-133.43271887073308,0.0,-0.00012685525815045033,0.6927961191160844,0.5
2017-07-18,1053985.3511554713,2402.0937352239157,0.0,0.0022894937674891886,0.6672017872580642,0.5
2017-07-19,1059444.345520981,5458.994365509642,0.0,0.005206349206349207,0.678650475960735,0.5
2017-07-20,1066597.3831126455,7153.037591664537,0.0,0.006797583081570998,0.6058214735991295,0.5
2017-07-21,1064360.5023437194,-2236.8807689261007,0.0,-0.0020928228487012185,0.34709517543941976,0.5
2017-07-24,1058295.018807073,-6065.483536646567,0.0,-0.005666420300566642,0.3608021662596837,0.5
2017-07-25,1049807.4397088708,-8487.579098202088,0.0,-0.007956240676280457,0.4217171649750259,0.5
2017-07-26,1053684.721388896,3877.2816800251217,0.0,0.0037070177681196473,0.3905153807053691,0.5
2017-07-27,1056881.7420353352,3197.020646439128,0.0,0.003043367993913264,0.4679632835960099,0.5
2017-07-28,1060069.121001011,3187.3789656758036,0.0,0.003024955886059995,0.8021580468238099,0.5
2017-07-31,1056758.887672879,-3310.2333281320603,0.0,-0.003112937367700162,0.8685162233138871,0.5
2017-08-01,1038163.3315800934,-18595.556092785704,0.0,-0.017292490118577076,2.580651075305657,0.5
2017-08-02,1041950.274425878,3786.942845784603,0.0,0.003661087866108786,2.162657932064386,0.5
2017-08-03,1033325.7506851568,-8624.523740721183,0.0,-0.008209338122113904,1.6918234113690802,0.5
2017-08-04,1032646.2887238961,-679.4619612606239,0.0,-0.0006571165724799579,1.3254674147384269,0.5
2017-08-07,1038357.527086604,5711.23836270788,0.0,0.005561440677966102,1.2179675863614297,0.5
2017-08-08,1040115.621362734,1758.0942761299625,0.0,0.0016960208741030659,1.1740791839383657,0.5
2017-08-09,1040115.621362734,0.0,0.0,0.0,1.3316588912166,0.5
2017-08-10,1022699.3551171742,-17416.266245559797,0.0,-0.016468785905783222,1.358704871061405,0.5
2017-08-11,1025308.9828028076,2609.6276856334016,0.0,0.002558233472465329,1.3374966040626701,0.5
2017-08-14,1019828.9775499866,-5480.005252820993,0.0,-0.00531632110579479,1.556463747224694,0.5
2017-08-15,1017762.8734625676,-2066.1040874189353,0.0,-0.002021835826930853,1.4346444736817212,0.5
2017-08-16,1017762.8734625676,0.0,0.0,0.0,1.2303342828040715,0.5
2017-08-17,1022455.5691091267,4692.6956465591675,0.0,0.004632152588555858,1.2785468521742638,0.5
2017-08-18,1026439.8759492455,3984.3068401188757,0.0,0.003912046404964252,1.2573806032709973,0.5
2017-08-21,1023702.7029467142,-2737.1730025313213,0.0,-0.0026595744680851063,1.2433954818789426,0.5
2017-08-22,1024388.8307637026,686.1278169884143,0.0,0.0006706908115358819,1.2480624556691275,0.5
2017-08-23,1025074.4993251241,685.6685614214877,0.0,0.0006697923643670462,1.3153214347010487,0.5
2017-08-24,1028500.5504592321,3426.051134108035,0.0,0.0033534540576794095,1.2846295483539323,0.5
2017-08-25,1027271.2669327868,-1229.2835264452972,0.0,-0.001193792280143255,1.2288691535393323,0.5
2017-08-28,1025220.0064157485,-2051.260517038312,0.0,-0.0019928258270227183,1.0045616038901655,0.5
2017-08-29,1022753.5589263762,-2466.44748937229,0.0,-0.0024,1.1164450372123018,0.5
2017-08-30,1018495.5196668116,-4258.039259564553,0.0,-0.004146047880165841,1.0358728918793776,0.5
2017-08-31,1025805.9560891221,7310.436422310539,0.0,0.0072295730459691725,0.9778536520711917,0.5
2017-09-01,1025805.9560891221,0.0,0.0,0.0,0.0,0.0
2017-09-05,1025805.9560891221,0.0,0.0,0.0,0.0,0.0
2017-09-06,1025805.9560891221,0.0,0.0,0.0,0.0,0.0
2017-09-07,1025805.9560891221,0.0,0.0,0.0,0.0,0.0
2017-09-08,1025805.9560891221,0.0,0.0,0.0,0.0,0.0
2017-09-11,1025805.9560891221,0.0,0.0,0.0,0.0,0.0
2017-09-12,1025805.9560891221,0.0,0.0,0.0,0.0,0.0
2017-09-13,1025805.9560891221,0.0,0.0,0.0,0.0,0.0
2017-09-14,1025805.9560891221,0.0,0.0,0.0,0.0,0.0
2017-09-15,1025805.9560891221,0.0,0.0,0.0,0.0,0.0
2017-09-18,1025805.9560891221,0.0,0.0,0.0,0.0,0.0
2017-09-19,1025805.9560891221,0.0,0.0,0.0,0.0,0.0
2017-09-20,1025805.9560891221,0.0,0.0,0.0,0.0,0.0
2017-09-21,1025805.9560891221,0.0,0.0,0.0,0.0,0.0
2017-09-22,1025805.9560891221,0.0,0.0,0.0,0.0,0.0
2017-09-25,1025805.9560891221,0.0,0.0,0.0,0.0,0.0
2017-09-26,1025805.9560891221,0.0,0.0,0.0,0.0,0.0
2017-09-27,1025805.9560891221,0.0,0.0,0.0,0.0,0.0
2017-09-28,1025805.9560891221,0.0,0.0,0.0,0.0,0.0
2017-09-29,1025805.9560891221,0.0,0.0,0.0,0.0,0.0
2017-10-02,1025805.9560891221,0.0,0.0,0.0,0.0,0.0
2017-10-03,1025805.9560891221,0.0,0.0,0.0,0.0,0.0
2017-10-04,1025805.9560891221,0.0,0.0,0.0,0.0,0.0
2017-10-05,1025805.9560891221,0.0,0.0,0.0,0.0,0.0
2017-10-06,1025805.9560891221,0.0,0.0,0.0,0.0,0.0
2017-10-09,1025805.9560891221,0.0,0.0,0.0,0.0,0.0
2017-10-10,1025805.9560891221,0.0,0.0,0.0,0.0,0.0
2017-10-11,1025805.9560891221,0.0,0.0,0.0,0.0,0.0
2017-10-12,1025805.9560891221,0.0,0.0,0.0,0.0,0.0
2017-10-13,1025805.9560891221,0.0,0.0,0.0,0.0,0.0
2017-10-16,1025805.9560891221,0.0,0.0,0.0,0.0,0.0
2017-10-17,1025805.9560891221,0.0,0.0,0.0,0.0,0.0
2017-10-18,1025805.9560891221,0.0,0.0,0.0,0.0,0.0
2017-10-19,1025805.9560891221,0.0,0.0,0.0,0.0,0.0
2017-10-20,1025805.9560891221,0.0,0.0,0.0,0.0,0.0
2017-10-23,1025805.9560891221,0.0,0.0,0.0,0.0,0.0
2017-10-24,1025805.9560891221,0.0,0.0,0.0,0.0,0.0
2017-10-25,1025805.9560891221,0.0,0.0,0.0,0.0,0.0
2017-10-26,1025805.9560891221,0.0,0.0,0.0,0.0,0.0
2017-10-27,1025805.9560891221,0.0,0.0,0.0,0.0,0.0
2017-10-30,1025805.9560891221,0.0,0.0,0.0,0.0,0.0
2017-10-31,1025805.9560891221,0.0,0.0,0.0,0.0,0.0
2017-11-01,1025805.9560891221,0.0,0.0,0.0,0.0,0.0
2017-11-02,1025805.9560891221,0.0,0.0,0.0,0.0,0.0
2017-11-03,1025805.9560891221,0.0,0.0,0.0,0.0,0.0
2017-11-06,1025805.9560891221,0.0,0.0,0.0,0.0,0.0
2017-11-07,1025805.9560891221,0.0,0.0,0.0,0.0,0.0
2017-11-08,1025805.9560891221,0.0,0.0,0.0,0.0,0.0
2017-11-09,1025805.9560891221,0.0,0.0,0.0,0.0,0.0
2017-11-10,1025805.9560891221,0.0,0.0,0.0,0.0,0.0
2017-11-13,1025805.9560891221,0.0,0.0,0.0,0.0,0.0
2017-11-14,1025805.9560891221,0.0,0.0,0.0,0.0,0.0
2017-11-15,1025805.9560891221,0.0,0.0,0.0,0.0,0.0
2017-11-16,1025805.9560891221,0.0,0.0,0.0,0.0,0.0
2017-11-17,1025805.9560891221,0.0,0.0,0.0,0.0,0.0
2017-11-20,1025805.9560891221,0.0,0.0,0.0,0.0,0.0
2017-11-21,1025805.9560891221,0.0,0.0,0.0,0.0,0.0
2017-11-22,1025805.9560891221,0.0,0.0,0.0,0.0,0.0
2017-11-24,1025805.9560891221,0.0,0.0,0.0,0.0,0.0
2017-11-27,1025805.9560891221,0.0,0.0,0.0,0.0,0.0
2017-11-28,1025805.9560891221,0.0,0.0,0.0,0.0,0.0
2017-11-29,1025805.9560891221,0.0,0.0,0.0,0.0,0.0
2017-11-30,1025805.9560891221,0.0,0.0,0.0,0.0,0.0
2017-12-01,1025805.9560891221,0.0,0.0,0.0,0.0,0.0
2017-12-04,1025805.9560891221,0.0,0.0,0.0,0.0,0.0
2017-12-05,1025805.9560891221,0.0,0.0,0.0,0.0,0.0
2017-12-06,1025805.9560891221,0.0,0.0,0.0,0.0,0.0
2017-12-07,1025805.9560891221,0.0,0.0,0.0,0.0,0.0
2017-12-08,1025805.9560891221,0.0,0.0,0.0,0.0,0.0
2017-12-11,1025805.9560891221,0.0,0.0,0.0,0.0,0.0
2017-12-12,1025805.9560891221,0.0,0.0,0.0,0.0,0.0
2017-12-13,1025805.9560891221,0.0,0.0,0.0,0.0,0.0
2017-12-14,1025805.9560891221,0.0,0.0,0.0,0.0,0.0
2017-12-15,1025805.9560891221,0.0,0.0,0.0,0.0,0.0
2017-12-18,1025805.9560891221,0.0,0.0,0.0,0.0,0.0
2017-12-19,1025805.9560891221,0.0,0.0,0.0,0.0,0.0
2017-12-20,1025805.9560891221,0.0,0.0,0.0,0.0,0.0
2017-12-21,1025805.9560891221,0.0,0.0,0.0,0.0,0.0
2017-12-22,1025805.9560891221,0.0,0.0,0.0,0.0,0.0
2017-12-26,1025805.9560891221,0.0,0.0,0.0,0.0,0.0
2017-12-27,1025805.9560891221,0.0,0.0,0.0,0.0,0.0
2017-12-28,1025805.9560891221,0.0,0.0,0.0,0.0,0.0
2017-12-29,1025805.9560891221,0.0,0.0,0.0,0.0,0.0
2018-01-02,1025805.9560891221,0.0,0.0,0.0,0.0,0.0
2018-01-03,1025805.9560891221,0.0,0.0,0.0,0.0,0.0
2018-01-04,1025805.9560891221,0.0,0.0,0.0,0.0,0.0
2018-01-05,1025805.9560891221,0.0,0.0,0.0,0.0,0.0
2018-01-08,1025805.9560891221,0.0,0.0,0.0,0.0,0.0
2018-01-09,1025805.9560891221,0.0,0.0,0.0,0.0,0.0
2018-01-10,1025805.9560891221,0.0,0.0,0.0,0.0,0.0
2018-01-11,1025805.9560891221,0.0,0.0,0.0,0.0,0.0
2018-01-12,1025805.9560891221,0.0,0.0,0.0,0.0,0.0
2018-01-16,1025805.9560891221,0.0,0.0,0.0,0.0,0.0
2018-01-17,1025805.9560891221,0.0,0.0,0.0,0.0,0.0
2018-01-18,1025805.9560891221,0.0,0.0,0.0,0.0,0.0
2018-01-19,1025805.9560891221,0.0,0.0,0.0,0.0,0.0
2018-01-22,1025805.9560891221,0.0,0.0,0.0,0.0,0.0
2018-01-23,1025805.9560891221,0.0,0.0,0.0,0.0,0.0
2018-01-24,1025805.9560891221,0.0,0.0,0.0,0.0,0.0
2018-01-25,1025805.9560891221,0.0,0.0,0.0,0.0,0.0
2018-01-26,1025805.9560891221,0.0,0.0,0.0,0.0,0.0
2018-01-29,1025805.9560891221,0.0,0.0,0.0,0.0,0.0
2018-01-30,1025805.9560891221,0.0,0.0,0.0,0.0,0.0
2018-01-31,1025805.9560891221,0.0,0.0,0.0,0.0,0.0
2018-02-01,1025805.9560891221,0.0,0.0,0.0,0.0,0.0
2018-02-02,1025805.9560891221,0.0,0.0,0.0,0.0,0.0
2018-02-05,1025805.9560891221,0.0,0.0,0.0,0.0,0.0
2018-02-06,1025805.9560891221,0.0,0.0,0.0,0.0,0.0
2018-02-07,1025805.9560891221,0.0,0.0,0.0,0.0,0.0
2018-02-08,1025805.9560891221,0.0,0.0,0.0,0.0,0.0
2018-02-09,1025805.9560891221,0.0,0.0,0.0,0.0,0.0
2018-02-12,1025805.9560891221,0.0,0.0,0.0,0.0,0.0
2018-02-13,1025805.9560891221,0.0,0.0,0.0,0.0,0.0
2018-02-14,1025805.9560891221,0.0,0.0,0.0,0.0,0.0
2018-02-15,1025805.9560891221,0.0,0.0,0.0,0.0,0.0
2018-02-16,1025805.9560891221,0.0,0.0,0.0,0.0,0.0
2018-02-20,1025805.9560891221,0.0,0.0,0.0,0.0,0.0
2018-02-21,1025805.9560891221,0.0,0.0,0.0,0.0,0.0
2018-02-22,1025805.9560891221,0.0,0.0,0.0,0.0,0.0
2018-02-23,1025805.9560891221,0.0,0.0,0.0,0.0,0.0
2018-02-26,1025805.9560891221,0.0,0.0,0.0,0.0,0.0
2018-02-27,1025805.9560891221,0.0,0.0,0.0,0.0,0.0
2018-02-28,1025805.9560891221,0.0,0.0,0.0,0.0,0.0
2018-03-01,1025805.9560891221,0.0,0.0,0.0,0.0,0.0
2018-03-02,1025805.9560891221,0.0,0.0,0.0,0.0,0.0
2018-03-05,1025805.9560891221,0.0,0.0,0.0,0.0,0.0
2018-03-06,1025805.9560891221,0.0,0.0,0.0,0.0,0.0
2018-03-07,1025805.9560891221,0.0,0.0,0.0,0.0,0.0
2018-03-08,1025805.9560891221,0.0,0.0,0.0,0.0,0.0
2018-03-09,1025805.9560891221,0.0,0.0,0.0,0.0,0.0
2018-03-12,1025805.9560891221,0.0,0.0,0.0,0.0,0.0
2018-03-13,1025805.9560891221,0.0,0.0,0.0,0.0,0.0
2018-03-14,1025805.9560891221,0.0,0.0,0.0,0.0,0.0
2018-03-15,1025805.9560891221,0.0,0.0,0.0,0.0,0.0
2018-03-16,1025805.9560891221,0.0,0.0,0.0,0.0,0.0
2018-03-19,1025805.9560891221,0.0,0.0,0.0,0.0,0.0
2018-03-20,1025805.9560891221,0.0,0.0,0.0,0.0,0.0
2018-03-21,1025805.9560891221,0.0,0.0,0.0,0.0,0.0
2018-03-22,1025805.9560891221,0.0,0.0,0.0,0.0,0.0
2018-03-23,1025805.9560891221,0.0,0.0,0.0,0.0,0.0
2018-03-26,1025805.9560891221,0.0,0.0,0.0,0.0,0.0
2018-03-27,1025805.9560891221,0.0,0.0,0.0,0.0,0.0
2018-03-28,1025805.9560891221,0.0,0.0,0.0,0.0,0.0
2018-03-29,1025805.9560891221,0.0,0.0,0.0,0.0,0.0
2018-04-02,1025805.9560891221,0.0,0.0,0.0,0.0,0.0
2018-04-03,1025805.9560891221,0.0,0.0,0.0,0.0,0.0
2018-04-04,1025805.9560891221,0.0,0.0,0.0,0.0,0.0
2018-04-05,1025805.9560891221,0.0,0.0,0.0,0.0,0.0
2018-04-06,1025805.9560891221,0.0,0.0,0.0,0.0,0.0
2018-04-09,1025805.9560891221,0.0,0.0,0.0,0.0,0.0
2018-04-10,1025805.9560891221,0.0,0.0,0.0,0.0,0.0
2018-04-11,1025805.9560891221,0.0,0.0,0.0,0.0,0.0
2018-04-12,1025805.9560891221,0.0,0.0,0.0,0.0,0.0
2018-04-13,1025805.9560891221,0.0,0.0,0.0,0.0,0.0
2018-04-16,1025805.9560891221,0.0,0.0,0.0,0.0,0.0
2018-04-17,1025805.9560891221,0.0,0.0,0.0,0.0,0.0
2018-04-18,1025805.9560891221,0.0,0.0,0.0,0.0,0.0
2018-04-19,1025805.9560891221,0.0,0.0,0.0,0.0,0.0
2018-04-20,1025805.9560891221,0.0,0.0,0.0,0.0,0.0
2018-04-23,1025805.9560891221,0.0,0.0,0.0,0.0,0.0
2018-04-24,1025805.9560891221,0.0,0.0,0.0,0.0,0.0
2018-04-25,1025805.9560891221,0.0,0.0,0.0,0.0,0.0
2018-04-26,1025805.9560891221,0.0,0.0,0.0,0.0,0.0
2018-04-27,1025805.9560891221,0.0,0.0,0.0,0.0,0.0
2018-04-30,1025805.9560891221,0.0,0.0,0.0,0.0,0.0
2018-05-01,1025805.9560891221,0.0,0.0,0.0,0.0,0.0
2018-05-02,1025805.9560891221,0.0,0.0,0.0,0.0,0.0
2018-05-03,1025805.9560891221,0.0,0.0,0.0,0.0,0.0
2018-05-04,1025805.9560891221,0.0,0.0,0.0,0.0,0.0
2018-05-07,1025805.9560891221,0.0,0.0,0.0,0.0,0.0
2018-05-08,1025805.9560891221,0.0,0.0,0.0,0.0,0.0
2018-05-09,1025805.9560891221,0.0,0.0,0.0,0.0,0.0
2018-05-10,1025805.9560891221,0.0,0.0,0.0,0.0,0.0
2018-05-11,1025805.9560891221,0.0,0.0,0.0,0.0,0.0
2018-05-14,1025805.9560891221,0.0,0.0,0.0,0.0,0.0
2018-05-15,1025805.9560891221,0.0,0.0,0.0,0.0,0.0
2018-05-16,1025805.9560891221,0.0,0.0,0.0,0.0,0.0
2018-05-17,1025805.9560891221,0.0,0.0,0.0,0.0,0.0
2018-05-18,1025805.9560891221,0.0,0.0,0.0,0.0,0.0
2018-05-21,1025805.9560891221,0.0,0.0,0.0,0.0,0.0
2018-05-22,1025805.9560891221,0.0,0.0,0.0,0.0,0.0
2018-05-23,1025805.9560891221,0.0,0.0,0.0,0.0,0.0
2018-05-24,1025805.9560891221,0.0,0.0,0.0,0.0,0.0
2018-05-25,1025805.9560891221,0.0,0.0,0.0,0.0,0.0
2018-05-29,1025805.9560891221,0.0,0.0,0.0,0.0,0.0
2018-05-30,1025805.9560891221,0.0,0.0,0.0,0.0,0.0
2018-05-31,1025805.9560891221,0.0,0.0,0.0,0.0,0.0
2018-06-01,1025805.9560891221,0.0,0.0,0.0,0.0,0.0
2018-06-04,1025805.9560891221,0.0,0.0,0.0,0.0,0.0
2018-06-05,1025805.9560891221,0.0,0.0,0.0,0.0,0.0
2018-06-06,1025805.9560891221,0.0,0.0,0.0,0.0,0.0
2018-06-07,1025805.9560891221,0.0,0.0,0.0,0.0,0.0
2018-06-08,1025805.9560891221,0.0,0.0,0.0,0.0,0.0
2018-06-11,1025805.9560891221,0.0,0.0,0.0,0.0,0.0
2018-06-12,1025805.9560891221,0.0,0.0,0.0,0.0,0.0
2018-06-13,1025805.9560891221,0.0,0.0,0.0,0.0,0.0
2018-06-14,1025805.9560891221,0.0,0.0,0.0,0.0,0.0
2018-06-15,1025805.9560891221,0.0,0.0,0.0,0.0,0.0
2018-06-18,1025805.9560891221,0.0,0.0,0.0,0.0,0.0
2018-06-19,1025805.9560891221,0.0,0.0,0.0,0.0,0.0
2018-06-20,1025805.9560891221,0.0,0.0,0.0,0.0,0.0
2018-06-21,1025805.9560891221,0.0,0.0,0.0,0.0,0.0
2018-06-22,1025805.9560891221,0.0,0.0,0.0,0.0,0.0
2018-06-25,1025805.9560891221,0.0,0.0,0.0,0.0,0.0
2018-06-26,1025805.9560891221,0.0,0.0,0.0,0.0,0.0
2018-06-27,1025805.9560891221,0.0,0.0,0.0,0.0,0.0
2018-06-28,1025805.9560891221,0.0,0.0,0.0,0.0,0.0
2018-06-29,1025805.9560891221,0.0,0.0,0.0,0.0,0.0
2018-07-02,1025293.0531110775,0.0,512.9029780445611,-0.0005,0.010994766461964033,0.5
2018-07-03,1021548.9511369294,-2718.8089210370354,1025.2930531110776,-0.0036420805171907145,-0.022067748888244792,-0.5
2018-07-05,1026693.0068742896,5144.0557373601305,0.0,0.00506103006847276,-0.18104166196686172,-0.5
2018-07-06,1003037.9016889753,-23655.10518531427,0.0,-0.02252120503071073,-0.25526178195456434,-0.5
2018-07-09,1015805.4035840437,12767.501895068479,0.0,0.012892945096334927,-0.10311019897556459,-0.5
2018-07-10,1015507.2511321553,-298.15245188847774,0.0,-0.00029342723004694836,-0.22694042808921114,-0.5
2018-07-11,1028912.3043151846,13405.053183029331,0.0,0.0133769322235434,-0.3256689472022648,-0.5
2018-07-12,1028757.3009550889,-155.00336009568915,0.0,-0.00015062509414068384,-0.356871374883717,-0.5
2018-07-13,1038673.0339763428,9915.73302125387,0.0,0.009732360097323603,-0.4411618444842312,-0.5
2018-07-16,1028783.9479648973,-9889.086011445524,0.0,-0.009431092181320353,-0.4114488581517836,-0.5
2018-07-17,1022582.7186221312,-6201.229342766108,0.0,-0.005991611743559017,-0.25106316566692166,-0.5
2018-07-18,1020907.8511556565,-1674.8674664746045,0.0,-0.001635201427084882,-0.09481854213874762,-0.5
2018-07-19,1018635.1266428434,-2272.7245128131267,0.0,-0.002221235006663705,-0.028694037511670458,-0.5
2018-07-20,1016377.5133302484,-2257.6133125949546,0.0,-0.0022114108801415304,-0.03111705532796278,-0.5
2018-07-23,1017573.603372414,1196.090042165635,0.0,0.0011782032400589099,-0.047878004786719795,-0.5
2018-07-24,1010913.1625249789,-6151.654045748891,508.786801686207,-0.006506082368459622,0.002356127396559918,0.0
2018-07-25,1010407.7059437163,0.0,505.45658126248946,-0.0005,-0.034800473422071536,-0.5
2018-07-26,1009103.8309981724,-293.46723960026617,1010.4077059437163,-0.0012900696864111497,0.08985098894128603,0.5
2018-07-27,1014522.8210920668,5418.990093894395,0.0,0.005399095286735736,0.48486548672032737,0.5
2018-07-30,1017145.0799633559,2622.258871289087,0.0,0.002591419522027066,1.0336114265321057,0.5
2018-07-31,1033855.320562754,16710.24059939799,0.0,0.01670297748729121,0.9226797183218818,0.5
2018-08-01,1024131.646731735,-9723.673831018985,0.0,-0.009317621266100301,1.4630734172126079,0.5
2018-08-02,1021677.426546446,-2454.2201852889057,0.0,-0.002390662354099283,1.478702679957306,0.5
2018-08-03,1023848.129294066,2170.7027476199282,0.0,0.0021291696238467,1.2661026941137956,0.5
2018-08-06,1018649.4646037153,-5198.664690350688,0.0,-0.005051922537187763,0.7833830389411519,0.5
2018-08-07,1025616.5740794889,6967.109475773487,0.0,0.006886657101865136,0.745004871126899,0.5
2018-08-08,1028211.6117985542,2595.037719065336,0.0,0.0025366403607666294,0.6957151538761658,0.5
2018-08-09,1024760.272122587,-3451.339675967175,0.0,-0.0033454139949818788,0.6261379083476142,0.5
2018-08-10,1000663.5436736329,-24096.728448954098,0.0,-0.022974274315586737,0.47909885742234987,0.5
2018-08-13,1005099.1090267962,4435.565353163267,0.0,0.004452359750667855,0.3022333798248965,0.5
2018-08-14,1011576.0218559086,6476.912829112337,0.0,0.006485849056603775,0.28900587429361535,0.5
2018-08-15,1007480.5723747106,-4095.4494811980103,0.0,-0.004032258064516129,0.21408709497732475,0.5
2018-08-16,1023929.2347808284,16448.662406117724,0.0,0.016597510373443983,0.08074092949045159,0.5
2018-08-17,1021616.576994762,-2312.657786066241,0.0,-0.002253521126760563,0.056167843238222354,0.5
2018-08-20,1020739.8294729282,144.86905516091352,1021.6165769947621,-0.0008583179690823998,-0.020353161293701013,-0.5
2018-08-21,1023915.4966543306,4196.407010875378,1020.7398294729282,0.0031239857651245546,0.04204761913630443,0.5
2018-08-22,1014402.2737723221,-9513.222882008504,0.0,-0.009205494972383516,0.27490633990433133,0.5
2018-08-23,1004798.989793994,-9603.28397832813,0.0,-0.009378156110229406,0.5824289609147271,0.5
2018-08-24,1004798.989793994,0.0,0.0,0.0,0.6736624975549751,0.5
2018-08-27,1000473.1034068167,-4325.88638717723,0.0,-0.004286770140428676,0.6792542596567366,0.5
2018-08-28,991933.575570011,-8539.527836805713,0.0,-0.00846325167037862,0.6380325049508951,0.5
2018-08-29,993595.8652304726,1662.2896604616271,0.0,0.0016786204791698458,0.665447739120246,0.5
2018-08-30,991332.8925644452,-2262.9726660274964,0.0,-0.002272382972276928,0.8210841735444447,0.5
2018-08-31,999498.2336563426,8165.341091897503,0.0,0.008305136880959704,0.7659660246392591,0.5
2018-09-04,999498.2336563426,0.0,0.0,0.0,0.0,0.0
2018-09-05,999498.2336563426,0.0,0.0,0.0,0.0,0.0
2018-09-06,999498.2336563426,0.0,0.0,0.0,0.0,0.0
2018-09-07,999498.2336563426,0.0,0.0,0.0,0.0,0.0
2018-09-10,999498.2336563426,0.0,0.0,0.0,0.0,0.0
2018-09-11,999498.2336563426,0.0,0.0,0.0,0.0,0.0
2018-09-12,999498.2336563426,0.0,0.0,0.0,0.0,0.0
2018-09-13,999498.2336563426,0.0,0.0,0.0,0.0,0.0
2018-09-14,999498.2336563426,0.0,0.0,0.0,0.0,0.0
2018-09-17,999498.2336563426,0.0,0.0,0.0,0.0,0.0
2018-09-18,999498.2336563426,0.0,0.0,0.0,0.0,0.0
2018-09-19,999498.2336563426,0.0,0.0,0.0,0.0,0.0
2018-09-20,999498.2336563426,0.0,0.0,0.0,0.0,0.0
2018-09-21,999498.2336563426,0.0,0.0,0.0,0.0,0.0
2018-09-24,999498.2336563426,0.0,0.0,0.0,0.0,0.0
2018-09-25,999498.2336563426,0.0,0.0,0.0,0.0,0.0
2018-09-26,999498.2336563426,0.0,0.0,0.0,0.0,0.0
2018-09-27,999498.2336563426,0.0,0.0,0.0,0.0,0.0
2018-09-28,999498.2336563426,0.0,0.0,0.0,0.0,0.0
2018-10-01,999498.2336563426,0.0,0.0,0.0,0.0,0.0
2018-10-02,999498.2336563426,0.0,0.0,0.0,0.0,0.0
2018-10-03,999498.2336563426,0.0,0.0,0.0,0.0,0.0
2018-10-04,999498.2336563426,0.0,0.0,0.0,0.0,0.0
2018-10-05,999498.2336563426,0.0,0.0,0.0,0.0,0.0
2018-10-08,999498.2336563426,0.0,0.0,0.0,0.0,0.0
2018-10-09,999498.2336563426,0.0,0.0,0.0,0.0,0.0
2018-10-10,999498.2336563426,0.0,0.0,0.0,0.0,0.0
2018-10-11,999498.2336563426,0.0,0.0,0.0,0.0,0.0
2018-10-12,999498.2336563426,0.0,0.0,0.0,0.0,0.0
2018-10-15,999498.2336563426,0.0,0.0,0.0,0.0,0.0
2018-10-16,999498.2336563426,0.0,0.0,0.0,0.0,0.0
2018-10-17,999498.2336563426,0.0,0.0,0.0,0.0,0.0
2018-10-18,999498.2336563426,0.0,0.0,0.0,0.0,0.0
2018-10-19,999498.2336563426,0.0,0.0,0.0,0.0,0.0
2018-10-22,999498.2336563426,0.0,0.0,0.0,0.0,0.0
2018-10-23,999498.2336563426,0.0,0.0,0.0,0.0,0.0
2018-10-24,999498.2336563426,0.0,0.0,0.0,0.0,0.0
2018-10-25,999498.2336563426,0.0,0.0,0.0,0.0,0.0
2018-10-26,999498.2336563426,0.0,0.0,0.0,0.0,0.0
2018-10-29,999498.2336563426,0.0,0.0,0.0,0.0,0.0
2018-10-30,999498.2336563426,0.0,0.0,0.0,0.0,0.0
2018-10-31,999498.2336563426,0.0,0.0,0.0,0.0,0.0
2018-11-01,999498.2336563426,0.0,0.0,0.0,0.0,0.0
2018-11-02,999498.2336563426,0.0,0.0,0.0,0.0,0.0
2018-11-05,999498.2336563426,0.0,0.0,0.0,0.0,0.0
2018-11-06,999498.2336563426,0.0,0.0,0.0,0.0,0.0
2018-11-07,999498.2336563426,0.0,0.0,0.0,0.0,0.0
2018-11-08,999498.2336563426,0.0,0.0,0.0,0.0,0.0
2018-11-09,999498.2336563426,0.0,0.0,0.0,0.0,0.0
2018-11-12,999498.2336563426,0.0,0.0,0.0,0.0,0.0
2018-11-13,999498.2336563426,0.0,0.0,0.0,0.0,0.0
2018-11-14,999498.2336563426,0.0,0.0,0.0,0.0,0.0
2018-11-15,999498.2336563426,0.0,0.0,0.0,0.0,0.0
2018-11-16,999498.2336563426,0.0,0.0,0.0,0.0,0.0
2018-11-19,999498.2336563426,0.0,0.0,0.0,0.0,0.0
2018-11-20,999498.2336563426,0.0,0.0,0.0,0.0,0.0
2018-11-21,999498.2336563426,0.0,0.0,0.0,0.0,0.0
2018-11-23,999498.2336563426,0.0,0.0,0.0,0.0,0.0
2018-11-26,999498.2336563426,0.0,0.0,0.0,0.0,0.0
2018-11-27,999498.2336563426,0.0,0.0,0.0,0.0,0.0
2018-11-28,999498.2336563426,0.0,0.0,0.0,0.0,0.0
2018-11-29,999498.2336563426,0.0,0.0,0.0,0.0,0.0
2018-11-30,999498.2336563426,0.0,0.0,0.0,0.0,0.0
2018-12-03,999498.2336563426,0.0,0.0,0.0,0.0,0.0
2018-12-04,999498.2336563426,0.0,0.0,0.0,0.0,0.0
2018-12-06,999498.2336563426,0.0,0.0,0.0,0.0,0.0
2018-12-07,999498.2336563426,0.0,0.0,0.0,0.0,0.0
2018-12-10,999498.2336563426,0.0,0.0,0.0,0.0,0.0
2018-12-11,999498.2336563426,0.0,0.0,0.0,0.0,0.0
2018-12-12,999498.2336563426,0.0,0.0,0.0,0.0,0.0
2018-12-13,999498.2336563426,0.0,0.0,0.0,0.0,0.0
2018-12-14,999498.2336563426,0.0,0.0,0.0,0.0,0.0
2018-12-17,999498.2336563426,0.0,0.0,0.0,0.0,0.0
2018-12-18,999498.2336563426,0.0,0.0,0.0,0.0,0.0
2018-12-19,999498.2336563426,0.0,0.0,0.0,0.0,0.0
2018-12-20,999498.2336563426,0.0,0.0,0.0,0.0,0.0
2018-12-21,999498.2336563426,0.0,0.0,0.0,0.0,0.0
2018-12-24,999498.2336563426,0.0,0.0,0.0,0.0,0.0
2018-12-26,999498.2336563426,0.0,0.0,0.0,0.0,0.0
2018-12-27,999498.2336563426,0.0,0.0,0.0,0.0,0.0
2018-12-28,999498.2336563426,0.0,0.0,0.0,0.0,0.0
2018-12-31,999498.2336563426,0.0,0.0,0.0,0.0,0.0
2019-01-02,999498.2336563426,0.0,0.0,0.0,0.0,0.0
2019-01-03,999498.2336563426,0.0,0.0,0.0,0.0,0.0
2019-01-04,999498.2336563426,0.0,0.0,0.0,0.0,0.0
2019-01-07,999498.2336563426,0.0,0.0,0.0,0.0,0.0
2019-01-08,999498.2336563426,0.0,0.0,0.0,0.0,0.0
2019-01-09,999498.2336563426,0.0,0.0,0.0,0.0,0.0
2019-01-10,999498.2336563426,0.0,0.0,0.0,0.0,0.0
2019-01-11,999498.2336563426,0.0,0.0,0.0,0.0,0.0
2019-01-14,999498.2336563426,0.0,0.0,0.0,0.0,0.0
2019-01-15,999498.2336563426,0.0,0.0,0.0,0.0,0.0
2019-01-16,999498.2336563426,0.0,0.0,0.0,0.0,0.0
2019-01-17,999498.2336563426,0.0,0.0,0.0,0.0,0.0
2019-01-18,999498.2336563426,0.0,0.0,0.0,0.0,0.0
2019-01-22,999498.2336563426,0.0,0.0,0.0,0.0,0.0
2019-01-23,999498.2336563426,0.0,0.0,0.0,0.0,0.0
2019-01-24,999498.2336563426,0.0,0.0,0.0,0.0,0.0
2019-01-25,999498.2336563426,0.0,0.0,0.0,0.0,0.0
2019-01-28,999498.2336563426,0.0,0.0,0.0,0.0,0.0
2019-01-29,999498.2336563426,0.0,0.0,0.0,0.0,0.0
2019-01-30,999498.2336563426,0.0,0.0,0.0,0.0,0.0
2019-01-31,999498.2336563426,0.0,0.0,0.0,0.0,0.0
2019-02-01,999498.2336563426,0.0,0.0,0.0,0.0,0.0
2019-02-04,999498.2336563426,0.0,0.0,0.0,0.0,0.0
2019-02-05,999498.2336563426,0.0,0.0,0.0,0.0,0.0
2019-02-06,999498.2336563426,0.0,0.0,0.0,0.0,0.0
2019-02-07,999498.2336563426,0.0,0.0,0.0,0.0,0.0
2019-02-08,999498.2336563426,0.0,0.0,0.0,0.0,0.0
2019-02-11,999498.2336563426,0.0,0.0,0.0,0.0,0.0
2019-02-12,999498.2336563426,0.0,0.0,0.0,0.0,0.0
2019-02-13,999498.2336563426,0.0,0.0,0.0,0.0,0.0
2019-02-14,999498.2336563426,0.0,0.0,0.0,0.0,0.0
2019-02-15,999498.2336563426,0.0,0.0,0.0,0.0,0.0
2019-02-19,999498.2336563426,0.0,0.0,0.0,0.0,0.0
2019-02-20,999498.2336563426,0.0,0.0,0.0,0.0,0.0
2019-02-21,999498.2336563426,0.0,0.0,0.0,0.0,0.0
2019-02-22,999498.2336563426,0.0,0.0,0.0,0.0,0.0
2019-02-25,999498.2336563426,0.0,0.0,0.0,0.0,0.0
2019-02-26,999498.2336563426,0.0,0.0,0.0,0.0,0.0
2019-02-27,999498.2336563426,0.0,0.0,0.0,0.0,0.0
2019-02-28,999498.2336563426,0.0,0.0,0.0,0.0,0.0
2019-03-01,999498.2336563426,0.0,0.0,0.0,0.0,0.0
2019-03-04,999498.2336563426,0.0,0.0,0.0,0.0,0.0
2019-03-05,999498.2336563426,0.0,0.0,0.0,0.0,0.0
2019-03-06,999498.2336563426,0.0,0.0,0.0,0.0,0.0
2019-03-07,999498.2336563426,0.0,0.0,0.0,0.0,0.0
2019-03-08,999498.2336563426,0.0,0.0,0.0,0.0,0.0
2019-03-11,999498.2336563426,0.0,0.0,0.0,0.0,0.0
2019-03-12,999498.2336563426,0.0,0.0,0.0,0.0,0.0
2019-03-13,999498.2336563426,0.0,0.0,0.0,0.0,0.0
2019-03-14,999498.2336563426,0.0,0.0,0.0,0.0,0.0
2019-03-15,999498.2336563426,0.0,0.0,0.0,0.0,0.0
2019-03-18,999498.2336563426,0.0,0.0,0.0,0.0,0.0
2019-03-19,999498.2336563426,0.0,0.0,0.0,0.0,0.0
2019-03-20,999498.2336563426,0.0,0.0,0.0,0.0,0.0
2019-03-21,999498.2336563426,0.0,0.0,0.0,0.0,0.0
2019-03-22,999498.2336563426,0.0,0.0,0.0,0.0,0.0
2019-03-25,999498.2336563426,0.0,0.0,0.0,0.0,0.0
2019-03-26,999498.2336563426,0.0,0.0,0.0,0.0,0.0
2019-03-27,999498.2336563426,0.0,0.0,0.0,0.0,0.0
2019-03-28,999498.2336563426,0.0,0.0,0.0,0.0,0.0
2019-03-29,999498.2336563426,0.0,0.0,0.0,0.0,0.0
2019-04-01,999498.2336563426,0.0,0.0,0.0,0.0,0.0
2019-04-02,999498.2336563426,0.0,0.0,0.0,0.0,0.0
2019-04-03,999498.2336563426,0.0,0.0,0.0,0.0,0.0
2019-04-04,999498.2336563426,0.0,0.0,0.0,0.0,0.0
2019-04-05,999498.2336563426,0.0,0.0,0.0,0.0,0.0
2019-04-08,999498.2336563426,0.0,0.0,0.0,0.0,0.0
2019-04-09,999498.2336563426,0.0,0.0,0.0,0.0,0.0
2019-04-10,999498.2336563426,0.0,0.0,0.0,0.0,0.0
2019-04-11,999498.2336563426,0.0,0.0,0.0,0.0,0.0
2019-04-12,999498.2336563426,0.0,0.0,0.0,0.0,0.0
2019-04-15,999498.2336563426,0.0,0.0,0.0,0.0,0.0
2019-04-16,999498.2336563426,0.0,0.0,0.0,0.0,0.0
2019-04-17,999498.2336563426,0.0,0.0,0.0,0.0,0.0
2019-04-18,999498.2336563426,0.0,0.0,0.0,0.0,0.0
2019-04-22,999498.2336563426,0.0,0.0,0.0,0.0,0.0
2019-04-23,999498.2336563426,0.0,0.0,0.0,0.0,0.0
2019-04-24,999498.2336563426,0.0,0.0,0.0,0.0,0.0
2019-04-25,999498.2336563426,0.0,0.0,0.0,0.0,0.0
2019-04-26,999498.2336563426,0.0,0.0,0.0,0.0,0.0
2019-04-29,999498.2336563426,0.0,0.0,0.0,0.0,0.0
2019-04-30,999498.2336563426,0.0,0.0,0.0,0.0,0.0
2019-05-01,999498.2336563426,0.0,0.0,0.0,0.0,0.0
2019-05-02,999498.2336563426,0.0,0.0,0.0,0.0,0.0
2019-05-03,999498.2336563426,0.0,0.0,0.0,0.0,0.0
2019-05-06,999498.2336563426,0.0,0.0,0.0,0.0,0.0
2019-05-07,999498.2336563426,0.0,0.0,0.0,0.0,0.0
2019-05-08,999498.2336563426,0.0,0.0,0.0,0.0,0.0
2019-05-09,999498.2336563426,0.0,0.0,0.0,0.0,0.0
2019-05-10,999498.2336563426,0.0,0.0,0.0,0.0,0.0
2019-05-13,999498.2336563426,0.0,0.0,0.0,0.0,0.0
2019-05-14,999498.2336563426,0.0,0.0,0.0,0.0,0.0
2019-05-15,999498.2336563426,0.0,0.0,0.0,0.0,0.0
2019-05-16,999498.2336563426,0.0,0.0,0.0,0.0,0.0
2019-05-17,999498.2336563426,0.0,0.0,0.0,0.0,0.0
2019-05-20,999498.2336563426,0.0,0.0,0.0,0.0,0.0
2019-05-21,999498.2336563426,0.0,0.0,0.0,0.0,0.0
2019-05-22,999498.2336563426,0.0,0.0,0.0,0.0,0.0
2019-05-23,999498.2336563426,0.0,0.0,0.0,0.0,0.0
2019-05-24,999498.2336563426,0.0,0.0,0.0,0.0,0.0
2019-05-28,999498.2336563426,0.0,0.0,0.0,0.0,0.0
2019-05-29,999498.2336563426,0.0,0.0,0.0,0.0,0.0
2019-05-30,999498.2336563426,0.0,0.0,0.0,0.0,0.0
2019-05-31,999498.2336563426,0.0,0.0,0.0,0.0,0.0
2019-06-03,999498.2336563426,0.0,0.0,0.0,0.0,0.0
2019-06-04,999498.2336563426,0.0,0.0,0.0,0.0,0.0
2019-06-05,999498.2336563426,0.0,0.0,0.0,0.0,0.0
2019-06-06,999498.2336563426,0.0,0.0,0.0,0.0,0.0
2019-06-07,999498.2336563426,0.0,0.0,0.0,0.0,0.0
2019-06-10,999498.2336563426,0.0,0.0,0.0,0.0,0.0
2019-06-11,999498.2336563426,0.0,0.0,0.0,0.0,0.0
2019-06-12,999498.2336563426,0.0,0.0,0.0,0.0,0.0
2019-06-13,999498.2336563426,0.0,0.0,0.0,0.0,0.0
2019-06-14,999498.2336563426,0.0,0.0,0.0,0.0,0.0
2019-06-17,999498.2336563426,0.0,0.0,0.0,0.0,0.0
2019-06-18,999498.2336563426,0.0,0.0,0.0,0.0,0.0
2019-06-19,999498.2336563426,0.0,0.0,0.0,0.0,0.0
2019-06-20,999498.2336563426,0.0,0.0,0.0,0.0,0.0
2019-06-21,999498.2336563426,0.0,0.0,0.0,0.0,0.0
2019-06-24,999498.2336563426,0.0,0.0,0.0,0.0,0.0
2019-06-25,999498.2336563426,0.0,0.0,0.0,0.0,0.0
2019-06-26,999498.2336563426,0.0,0.0,0.0,0.0,0.0
2019-06-27,999498.2336563426,0.0,0.0,0.0,0.0,0.0
2019-06-28,999498.2336563426,0.0,0.0,0.0,0.0,0.0
2019-07-01,998998.4845395144,0.0,499.74911682817134,-0.0005,1.7486746046807713,0.5
2019-07-02,993780.6776609201,-5217.806878594301,0.0,-0.005195899452324112,1.7904677123410804,0.5
2019-07-03,998884.2588871388,5103.581226218705,0.0,0.005162030398623458,1.8772037272063957,0.5
2019-07-05,991549.8926823759,-7334.366204762951,0.0,-0.007289038407625456,1.6347821037888841,0.5
2019-07-08,993255.0515691899,1705.15888681406,0.0,0.0017226528854435831,1.8140033635659962,0.5
2019-07-09,997510.6430497777,4255.591480587789,0.0,0.004302925989672978,1.910202088331054,0.5
2019-07-10,1003301.911297447,5791.268247669342,0.0,0.005839623985187296,2.115708031549547,0.5
2019-07-11,1005127.6286612302,1825.7173637831484,0.0,0.0018230262235310617,2.4573843355499148,0.5
2019-07-12,1011015.4055655219,5887.776904291725,0.0,0.005892255892255892,2.719495983160182,0.5
2019-07-15,1008227.9354647071,-2787.470100814783,0.0,-0.002749518834204014,2.659754670820532,0.5
2019-07-16,1000401.3809337917,-7826.554530915386,0.0,-0.007702888583218707,2.4278465514416494,0.5
2019-07-17,997443.2805395916,-2958.100394200173,0.0,-0.0029481959848378495,2.250522356229927,0.5
2019-07-18,996736.8759499743,-706.4045896172745,0.0,-0.0007077140835102619,2.042110315577148,0.5
2019-07-19,1008188.7464396122,11451.870489638002,0.0,0.011622901420576839,1.835801253346065,0.5
2019-07-22,1000779.7054577349,-7409.0409818773505,0.0,-0.007295251204404681,1.3719655424878194,0.5
2019-07-23,999371.3467391059,-1408.3587186289542,0.0,-0.0014052838673412028,1.444395924372447,0.5
2019-07-24,1002333.0738462921,2961.7271071861733,0.0,0.0029723991507431,1.3743623116953272,0.5
2019-07-25,997552.0238307514,-4781.050015540675,0.0,-0.004747277296844457,1.2735600098546482,0.5
2019-07-26,997975.9127927192,423.8889619677414,0.0,0.00042510982003684286,1.1724465806566902,0.5
2019-07-29,999388.2760998133,1412.3633070941398,0.0,0.001417233560090703,1.4637630423326051,0.5
2019-07-30,995439.2397279822,-3949.0363718310427,0.0,-0.003935901040202417,1.4178526582625945,0.5
2019-07-31,987084.9132494685,-8354.326478513649,0.0,-0.008322753561856397,1.3531852367395674,0.5
2019-08-01,977374.0084316208,-9710.90481784778,0.0,-0.009742120343839542,1.8818081390618293,0.5
2019-08-02,979249.1356614926,1875.1272298717636,0.0,0.0019222238651486027,1.8239291988938746,0.5
2019-08-05,979249.1356614926,0.0,0.0,0.0,1.7061702882175407,0.5
2019-08-06,977809.486829294,-1439.6488321986074,0.0,-0.0014679976512037582,1.580294275029185,0.5
2019-08-07,978386.195462045,576.7086327509844,0.0,0.0005901445854234288,1.5213245711178143,0.5
2019-08-08,987752.1899694137,9365.99450736862,0.0,0.009665427509293681,1.4182658757360393,0.5
2019-08-09,992748.0464215712,4995.856452157439,0.0,0.005083514887436456,1.4105226543309237,0.5
2019-08-12,985788.8684137518,-6959.1780078193115,0.0,-0.006961216081829805,1.3156193060563797,0.5
2019-08-13,991796.287519001,6007.419105249212,0.0,0.006131386861313868,1.2579190055401788,0.5
2019-08-14,985540.6916688238,-6255.595850177186,0.0,-0.0062678062678062675,1.181369563339871,0.5
2019-08-15,983823.7218227109,-1716.9698461129335,0.0,-0.0017391304347826088,1.0691811645870868,0.5
2019-08-16,989126.9674094593,5303.245586748296,0.0,0.005419657243298667,0.9724538916106431,0.5
2019-08-19,981570.9383992689,-7556.02901019045,0.0,-0.00758117579745387,0.6885461809938768,0.5
2019-08-20,982576.6463279567,1005.7079286877755,0.0,0.0010256410256410256,0.4415084389657061,0.5
2019-08-21,985303.6338068102,2726.9874788535167,0.0,0.0027830672330452612,0.24150895053139115,0.5
2019-08-22,982727.302399413,-2576.331407397238,0.0,-0.002607939727615184,0.056206224958205715,0.5
2019-08-23,974425.7823951488,-7318.792701864787,982.727302399413,-0.008384983330917525,-0.13200356282364942,-0.5
2019-08-26,968359.09356316,-6066.688831988771,0.0,-0.006187389510901592,-0.1932864078844921,-0.5
2019-08-27,972612.5010019441,4253.407438784012,0.0,0.004411764705882353,-0.08407125856124996,-0.5
2019-08-28,967904.5967688814,-3735.2917320606416,972.6125010019441,-0.004821954090641553,0.15634780922886826,0.5
2019-08-29,969890.9152025906,1986.3184337092262,0.0,0.002056404230317274,0.45805121875434424,0.5
2019-08-30,970315.684946475,424.76974388434627,0.0,0.00043814809405579085,0.7225116524823196,0.5
2019-09-03,970315.684946475,0.0,0.0,0.0,0.0,0.0
2019-09-04,970315.684946475,0.0,0.0,0.0,0.0,0.0
2019-09-05,970315.684946475,0.0,0.0,0.0,0.0,0.0
2019-09-06,970315.684946475,0.0,0.0,0.0,0.0,0.0
2019-09-09,970315.684946475,0.0,0.0,0.0,0.0,0.0
2019-09-10,970315.684946475,0.0,0.0,0.0,0.0,0.0
2019-09-11,970315.684946475,0.0,0.0,0.0,0.0,0.0
2019-09-12,970315.684946475,0.0,0.0,0.0,0.0,0.0
2019-09-13,970315.684946475,0.0,0.0,0.0,0.0,0.0
2019-09-16,970315.684946475,0.0,0.0,0.0,0.0,0.0
2019-09-17,970315.684946475,0.0,0.0,0.0,0.0,0.0
2019-09-18,970315.684946475,0.0,0.0,0.0,0.0,0.0
2019-09-19,970315.684946475,0.0,0.0,0.0,0.0,0.0
2019-09-20,970315.684946475,0.0,0.0,0.0,0.0,0.0
2019-09-23,970315.684946475,0.0,0.0,0.0,0.0,0.0
2019-09-24,970315.684946475,0.0,0.0,0.0,0.0,0.0
2019-09-25,970315.684946475,0.0,0.0,0.0,0.0,0.0
2019-09-26,970315.684946475,0.0,0.0,0.0,0.0,0.0
2019-09-27,970315.684946475,0.0,0.0,0.0,0.0,0.0
2019-09-30,970315.684946475,0.0,0.0,0.0,0.0,0.0
2019-10-01,970315.684946475,0.0,0.0,0.0,0.0,0.0
2019-10-02,970315.684946475,0.0,0.0,0.0,0.0,0.0
2019-10-03,970315.684946475,0.0,0.0,0.0,0.0,0.0
2019-10-04,970315.684946475,0.0,0.0,0.0,0.0,0.0
2019-10-07,970315.684946475,0.0,0.0,0.0,0.0,0.0
2019-10-08,970315.684946475,0.0,0.0,0.0,0.0,0.0
2019-10-09,970315.684946475,0.0,0.0,0.0,0.0,0.0
2019-10-10,970315.684946475,0.0,0.0,0.0,0.0,0.0
2019-10-11,970315.684946475,0.0,0.0,0.0,0.0,0.0
2019-10-14,970315.684946475,0.0,0.0,0.0,0.0,0.0
2019-10-15,970315.684946475,0.0,0.0,0.0,0.0,0.0
2019-10-16,970315.684946475,0.0,0.0,0.0,0.0,0.0
2019-10-17,970315.684946475,0.0,0.0,0.0,0.0,0.0
2019-10-18,970315.684946475,0.0,0.0,0.0,0.0,0.0
2019-10-21,970315.684946475,0.0,0.0,0.0,0.0,0.0
2019-10-22,970315.684946475,0.0,0.0,0.0,0.0,0.0
2019-10-23,970315.684946475,0.0,0.0,0.0,0.0,0.0
2019-10-24,970315.684946475,0.0,0.0,0.0,0.0,0.0
2019-10-25,970315.684946475,0.0,0.0,0.0,0.0,0.0
2019-10-28,970315.684946475,0.0,0.0,0.0,0.0,0.0
2019-10-29,970315.684946475,0.0,0.0,0.0,0.0,0.0
2019-10-30,970315.684946475,0.0,0.0,0.0,0.0,0.0
2019-10-31,970315.684946475,0.0,0.0,0.0,0.0,0.0
2019-11-01,970315.684946475,0.0,0.0,0.0,0.0,0.0
2019-11-04,970315.684946475,0.0,0.0,0.0,0.0,0.0
2019-11-05,970315.684946475,0.0,0.0,0.0,0.0,0.0
2019-11-06,970315.684946475,0.0,0.0,0.0,0.0,0.0
2019-11-07,970315.684946475,0.0,0.0,0.0,0.0,0.0
2019-11-08,970315.684946475,0.0,0.0,0.0,0.0,0.0
2019-11-11,970315.684946475,0.0,0.0,0.0,0.0,0.0
2019-11-12,970315.684946475,0.0,0.0,0.0,0.0,0.0
2019-11-13,970315.684946475,0.0,0.0,0.0,0.0,0.0
2019-11-14,970315.684946475,0.0,0.0,0.0,0.0,0.0
2019-11-15,970315.684946475,0.0,0.0,0.0,0.0,0.0
2019-11-18,970315.684946475,0.0,0.0,0.0,0.0,0.0
2019-11-19,970315.684946475,0.0,0.0,0.0,0.0,0.0
2019-11-20,970315.684946475,0.0,0.0,0.0,0.0,0.0
2019-11-21,970315.684946475,0.0,0.0,0.0,0.0,0.0
2019-11-22,970315.684946475,0.0,0.0,0.0,0.0,0.0
2019-11-25,970315.684946475,0.0,0.0,0.0,0.0,0.0
2019-11-26,970315.684946475,0.0,0.0,0.0,0.0,0.0
2019-11-27,970315.684946475,0.0,0.0,0.0,0.0,0.0
2019-11-29,970315.684946475,0.0,0.0,0.0,0.0,0.0
2019-12-02,970315.684946475,0.0,0.0,0.0,0.0,0.0
2019-12-03,970315.684946475,0.0,0.0,0.0,0.0,0.0
2019-12-04,970315.684946475,0.0,0.0,0.0,0.0,0.0
2019-12-05,970315.684946475,0.0,0.0,0.0,0.0,0.0
2019-12-06,970315.684946475,0.0,0.0,0.0,0.0,0.0
2019-12-09,970315.684946475,0.0,0.0,0.0,0.0,0.0
2019-12-10,970315.684946475,0.0,0.0,0.0,0.0,0.0
2019-12-11,970315.684946475,0.0,0.0,0.0,0.0,0.0
2019-12-12,970315.684946475,0.0,0.0,0.0,0.0,0.0
2019-12-13,970315.684946475,0.0,0.0,0.0,0.0,0.0
2019-12-16,970315.684946475,0.0,0.0,0.0,0.0,0.0
2019-12-17,970315.684946475,0.0,0.0,0.0,0.0,0.0
2019-12-18,970315.684946475,0.0,0.0,0.0,0.0,0.0
2019-12-19,970315.684946475,0.0,0.0,0.0,0.0,0.0
2019-12-20,970315.684946475,0.0,0.0,0.0,0.0,0.0
2019-12-23,970315.684946475,0.0,0.0,0.0,0.0,0.0
2019-12-24,970315.684946475,0.0,0.0,0.0,0.0,0.0
2019-12-26,970315.684946475,0.0,0.0,0.0,0.0,0.0
2019-12-27,970315.684946475,0.0,0.0,0.0,0.0,0.0
2019-12-30,970315.684946475,0.0,0.0,0.0,0.0,0.0
2019-12-31,970315.684946475,0.0,0.0,0.0,0.0,0.0
2020-01-02,970315.684946475,0.0,0.0,0.0,0.0,0.0
2020-01-03,970315.684946475,0.0,0.0,0.0,0.0,0.0
2020-01-06,970315.684946475,0.0,0.0,0.0,0.0,0.0
2020-01-07,970315.684946475,0.0,0.0,0.0,0.0,0.0
2020-01-08,970315.684946475,0.0,0.0,0.0,0.0,0.0
2020-01-09,970315.684946475,0.0,0.0,0.0,0.0,0.0
2020-01-10,970315.684946475,0.0,0.0,0.0,0.0,0.0
2020-01-13,970315.684946475,0.0,0.0,0.0,0.0,0.0
2020-01-14,970315.684946475,0.0,0.0,0.0,0.0,0.0
2020-01-15,970315.684946475,0.0,0.0,0.0,0.0,0.0
2020-01-16,970315.684946475,0.0,0.0,0.0,0.0,0.0
2020-01-17,970315.684946475,0.0,0.0,0.0,0.0,0.0
2020-01-21,970315.684946475,0.0,0.0,0.0,0.0,0.0
2020-01-22,970315.684946475,0.0,0.0,0.0,0.0,0.0
2020-01-23,970315.684946475,0.0,0.0,0.0,0.0,0.0
2020-01-24,970315.684946475,0.0,0.0,0.0,0.0,0.0
2020-01-27,970315.684946475,0.0,0.0,0.0,0.0,0.0
2020-01-28,970315.684946475,0.0,0.0,0.0,0.0,0.0
2020-01-29,970315.684946475,0.0,0.0,0.0,0.0,0.0
2020-01-30,970315.684946475,0.0,0.0,0.0,0.0,0.0
2020-01-31,970315.684946475,0.0,0.0,0.0,0.0,0.0
2020-02-03,970315.684946475,0.0,0.0,0.0,0.0,0.0
2020-02-04,970315.684946475,0.0,0.0,0.0,0.0,0.0
2020-02-05,970315.684946475,0.0,0.0,0.0,0.0,0.0
2020-02-06,970315.684946475,0.0,0.0,0.0,0.0,0.0
2020-02-07,970315.684946475,0.0,0.0,0.0,0.0,0.0
2020-02-10,970315.684946475,0.0,0.0,0.0,0.0,0.0
2020-02-11,970315.684946475,0.0,0.0,0.0,0.0,0.0
2020-02-12,970315.684946475,0.0,0.0,0.0,0.0,0.0
2020-02-13,970315.684946475,0.0,0.0,0.0,0.0,0.0
2020-02-14,970315.684946475,0.0,0.0,0.0,0.0,0.0
2020-02-18,970315.684946475,0.0,0.0,0.0,0.0,0.0
2020-02-19,970315.684946475,0.0,0.0,0.0,0.0,0.0
2020-02-20,970315.684946475,0.0,0.0,0.0,0.0,0.0
2020-02-21,970315.684946475,0.0,0.0,0.0,0.0,0.0
2020-02-24,970315.684946475,0.0,0.0,0.0,0.0,0.0
2020-02-25,970315.684946475,0.0,0.0,0.0,0.0,0.0
2020-02-26,970315.684946475,0.0,0.0,0.0,0.0,0.0
2020-02-27,970315.684946475,0.0,0.0,0.0,0.0,0.0
2020-02-28,970315.684946475,0.0,0.0,0.0,0.0,0.0
2020-03-02,970315.684946475,0.0,0.0,0.0,0.0,0.0
2020-03-03,970315.684946475,0.0,0.0,0.0,0.0,0.0
2020-03-04,970315.684946475,0.0,0.0,0.0,0.0,0.0
2020-03-05,970315.684946475,0.0,0.0,0.0,0.0,0.0
2020-03-06,970315.684946475,0.0,0.0,0.0,0.0,0.0
2020-03-09,970315.684946475,0.0,0.0,0.0,0.0,0.0
2020-03-10,970315.684946475,0.0,0.0,0.0,0.0,0.0
2020-03-11,970315.684946475,0.0,0.0,0.0,0.0,0.0
2020-03-12,970315.684946475,0.0,0.0,0.0,0.0,0.0
2020-03-13,970315.684946475,0.0,0.0,0.0,0.0,0.0
2020-03-16,970315.684946475,0.0,0.0,0.0,0.0,0.0
2020-03-17,970315.684946475,0.0,0.0,0.0,0.0,0.0
2020-03-18,970315.684946475,0.0,0.0,0.0,0.0,0.0
2020-03-19,970315.684946475,0.0,0.0,0.0,0.0,0.0
2020-03-20,970315.684946475,0.0,0.0,0.0,0.0,0.0
2020-03-23,970315.684946475,0.0,0.0,0.0,0.0,0.0
2020-03-24,970315.684946475,0.0,0.0,0.0,0.0,0.0
2020-03-25,970315.684946475,0.0,0.0,0.0,0.0,0.0
2020-03-26,970315.684946475,0.0,0.0,0.0,0.0,0.0
2020-03-27,970315.684946475,0.0,0.0,0.0,0.0,0.0
2020-03-30,970315.684946475,0.0,0.0,0.0,0.0,0.0
2020-03-31,970315.684946475,0.0,0.0,0.0,0.0,0.0
2020-04-01,970315.684946475,0.0,0.0,0.0,0.0,0.0
2020-04-02,970315.684946475,0.0,0.0,0.0,0.0,0.0
2020-04-03,970315.684946475,0.0,0.0,0.0,0.0,0.0
2020-04-06,970315.684946475,0.0,0.0,0.0,0.0,0.0
2020-04-07,970315.684946475,0.0,0.0,0.0,0.0,0.0
2020-04-08,970315.684946475,0.0,0.0,0.0,0.0,0.0
2020-04-09,970315.684946475,0.0,0.0,0.0,0.0,0.0
2020-04-13,970315.684946475,0.0,0.0,0.0,0.0,0.0
2020-04-14,970315.684946475,0.0,0.0,0.0,0.0,0.0
2020-04-15,970315.684946475,0.0,0.0,0.0,0.0,0.0
2020-04-16,970315.684946475,0.0,0.0,0.0,0.0,0.0
2020-04-17,970315.684946475,0.0,0.0,0.0,0.0,0.0
2020-04-20,970315.684946475,0.0,0.0,0.0,0.0,0.0
2020-04-21,970315.684946475,0.0,0.0,0.0,0.0,0.0
2020-04-22,970315.684946475,0.0,0.0,0.0,0.0,0.0
2020-04-23,970315.684946475,0.0,0.0,0.0,0.0,0.0
2020-04-24,970315.684946475,0.0,0.0,0.0,0.0,0.0
2020-04-27,970315.684946475,0.0,0.0,0.0,0.0,0.0
2020-04-28,970315.684946475,0.0,0.0,0.0,0.0,0.0
2020-04-29,970315.684946475,0.0,0.0,0.0,0.0,0.0
2020-04-30,970315.684946475,0.0,0.0,0.0,0.0,0.0
2020-05-01,970315.684946475,0.0,0.0,0.0,0.0,0.0
2020-05-04,970315.684946475,0.0,0.0,0.0,0.0,0.0
2020-05-05,970315.684946475,0.0,0.0,0.0,0.0,0.0
2020-05-06,970315.684946475,0.0,0.0,0.0,0.0,0.0
2020-05-07,970315.684946475,0.0,0.0,0.0,0.0,0.0
2020-05-08,970315.684946475,0.0,0.0,0.0,0.0,0.0
2020-05-11,970315.684946475,0.0,0.0,0.0,0.0,0.0
2020-05-12,970315.684946475,0.0,0.0,0.0,0.0,0.0
2020-05-13,970315.684946475,0.0,0.0,0.0,0.0,0.0
2020-05-14,970315.684946475,0.0,0.0,0.0,0.0,0.0
2020-05-15,970315.684946475,0.0,0.0,0.0,0.0,0.0
2020-05-18,970315.684946475,0.0,0.0,0.0,0.0,0.0
2020-05-19,970315.684946475,0.0,0.0,0.0,0.0,0.0
2020-05-20,970315.684946475,0.0,0.0,0.0,0.0,0.0
2020-05-21,970315.684946475,0.0,0.0,0.0,0.0,0.0
2020-05-22,970315.684946475,0.0,0.0,0.0,0.0,0.0
2020-05-26,970315.684946475,0.0,0.0,0.0,0.0,0.0
2020-05-27,970315.684946475,0.0,0.0,0.0,0.0,0.0
2020-05-28,970315.684946475,0.0,0.0,0.0,0.0,0.0
2020-05-29,970315.684946475,0.0,0.0,0.0,0.0,0.0
2020-06-01,970315.684946475,0.0,0.0,0.0,0.0,0.0
2020-06-02,970315.684946475,0.0,0.0,0.0,0.0,0.0
2020-06-03,970315.684946475,0.0,0.0,0.0,0.0,0.0
2020-06-04,970315.684946475,0.0,0.0,0.0,0.0,0.0
2020-06-05,970315.684946475,0.0,0.0,0.0,0.0,0.0
2020-06-08,970315.684946475,0.0,0.0,0.0,0.0,0.0
2020-06-09,970315.684946475,0.0,0.0,0.0,0.0,0.0
2020-06-10,970315.684946475,0.0,0.0,0.0,0.0,0.0
2020-06-11,970315.684946475,0.0,0.0,0.0,0.0,0.0
2020-06-12,970315.684946475,0.0,0.0,0.0,0.0,0.0
2020-06-15,970315.684946475,0.0,0.0,0.0,0.0,0.0
2020-06-16,970315.684946475,0.0,0.0,0.0,0.0,0.0
2020-06-17,970315.684946475,0.0,0.0,0.0,0.0,0.0
2020-06-18,970315.684946475,0.0,0.0,0.0,0.0,0.0
2020-06-19,970315.684946475,0.0,0.0,0.0,0.0,0.0
2020-06-22,970315.684946475,0.0,0.0,0.0,0.0,0.0
2020-06-23,970315.684946475,0.0,0.0,0.0,0.0,0.0
2020-06-24,970315.684946475,0.0,0.0,0.0,0.0,0.0
2020-06-25,970315.684946475,0.0,0.0,0.0,0.0,0.0
2020-06-26,970315.684946475,0.0,0.0,0.0,0.0,0.0
2020-06-29,970315.684946475,0.0,0.0,0.0,0.0,0.0
2020-06-30,970315.684946475,0.0,0.0,0.0,0.0,0.0
2020-07-01,969830.5271040017,0.0,485.1578424732375,-0.0005,0.06793887160795976,0.5
2020-07-02,969152.3239381948,-678.2031658069942,0.0,-0.0006988120195667366,0.2125609928163257,0.5
2020-07-06,972409.9788085753,3257.654870380487,0.0,0.0033726812816188877,0.3149568520736277,0.5
2020-07-07,970651.3074501291,-1758.6713584462268,0.0,-0.00180530481877517,0.3095693844795527,0.5
2020-07-08,970380.251513952,-271.05593617708155,0.0,-0.00027917364600781687,0.32728665188830985,0.5
2020-07-09,972278.1732129175,1897.921698965539,0.0,0.0019596864501679728,0.3989851560279448,0.5
2020-07-10,968625.0267229719,-3653.146489945557,0.0,-0.003743241369749064,0.48569234245334403,0.5
2020-07-13,960476.190267086,-8148.836455885911,0.0,-0.008342602892102336,0.45447863044061415,0.5
2020-07-14,963626.6398358457,3150.4495687596946,0.0,0.0032908856774932034,0.3318641521962064,0.5
2020-07-15,965811.1150749181,2184.4752390724752,0.0,0.002272081794944618,0.2305800192585357,0.5
2020-07-16,969761.5413566068,3950.426281688664,0.0,0.004107066987678799,0.18980695130206102,0.5
2020-07-17,972203.5821714387,2442.0408148319702,0.0,0.0025245441795231417,0.17390911869290882,0.5
2020-07-20,974910.1622999783,2706.58012853964,0.0,0.0027917364600781687,0.6606091678093452,0.5
2020-07-21,971401.3494234834,-3508.812876494939,0.0,-0.003586206896551724,0.7532876437329592,0.5
2020-07-22,972891.2287937648,1489.8793702814162,0.0,0.0015360983102918587,0.7126057801740187,0.5
2020-07-23,976677.850201358,3786.6214075931907,0.0,0.003907340217694669,0.6103767373477245,0.5
2020-07-24,975869.56508395,-808.2851174080204,0.0,-0.0008269018743109151,0.3184873075765354,0.5
2020-07-27,975837.4765295854,943.7810107194874,975.86956508395,-3.291384317521778e-05,-3.0,-0.5
2020-07-28,981085.3614695542,5247.884939968813,0.0,0.005406904200748648,-2.9806174972367647,-0.5
2020-07-29,983957.2310807698,2871.8696112155894,0.0,0.0029358311198098698,-2.805452039738406,-0.5
2020-07-30,983819.2673635683,-137.963717201454,0.0,-0.00014019346698443852,-2.5949399687420054,-0.5
2020-07-31,980647.4362520793,-3171.831111488936,0.0,-0.0032136369987424895,-2.3931770615281827,-0.5
2020-08-03,980647.4362520793,0.0,0.0,0.0,-2.4575348499674314,-0.5
2020-08-04,988159.3595102777,7511.923258198379,0.0,0.007719298245614035,-2.420856772407147,-0.5
2020-08-05,989137.7351137532,978.3756034755226,0.0,0.0009910802775024777,-2.3701355254760395,-0.5
2020-08-06,989838.6547106309,700.9195968776596,0.0,0.0007091192738618636,-2.078465600013557,-0.5
2020-08-07,995738.913509644,5900.258799013128,0.0,0.005996573386636208,-1.7356396325092558,-0.5
2020-08-10,991167.5536771828,-3575.620918951609,995.738913509644,-0.004574495491627309,0.6907705546368259,0.5
2020-08-11,992015.6719490115,848.118271828736,0.0,0.0008564087924636027,0.9090733465326928,0.5
2020-08-12,999077.2869258695,7061.614976857997,0.0,0.007169486664754803,1.1448476568626524,0.5
2020-08-13,1008473.4377153183,9396.1507894488,0.0,0.009494119314156156,1.0868441550658328,0.5
2020-08-14,1006389.240751178,-2084.196964140228,0.0,-0.0020624226591502816,1.0108375248475658,0.5
2020-08-17,1011401.694080874,5012.453329695961,0.0,0.005005561735261401,0.6818566580102398,0.5
2020-08-18,1011124.5977263313,-277.09635454270517,0.0,-0.0002738975623116954,0.6576327270839214,0.5
2020-08-19,1011401.7700393045,277.1723129732268,0.0,0.00027419797093501506,0.5400467231990222,0.5
2020-08-20,1006136.938907593,-5264.8311317114485,0.0,-0.005178522758244754,0.393247917127422,0.5
2020-08-21,1004883.4460435054,-1253.4928640875328,0.0,-0.0012442969722107008,0.25383504966186426,0.5
2020-08-24,1003320.7588527806,-557.8037446813797,1004.8834460435055,-0.0015542302357836337,-3.0,-0.5
2020-08-25,995514.9846799887,-7805.7741727918465,0.0,-0.007719878687620623,-3.0,-0.5
2020-08-26,992382.7213902979,-3132.263289690799,0.0,-0.003136506204827492,-3.0,-0.5
2020-08-27,982804.2584731267,-9578.462917171173,0.0,-0.00955971455500202,-3.0,-0.5
2020-08-28,975365.8537166461,-6947.002627244027,491.4021292365633,-0.007515428420076811,-3.0,-0.5
2020-08-31,974878.1707897878,0.0,487.68292685832307,-0.0005,-3.0,-0.5
2020-09-01,974878.1707897878,0.0,0.0,0.0,0.0,0.0
2020-09-02,974878.1707897878,0.0,0.0,0.0,0.0,0.0
2020-09-03,974878.1707897878,0.0,0.0,0.0,0.0,0.0
2020-09-04,974878.1707897878,0.0,0.0,0.0,0.0,0.0
2020-09-08,974878.1707897878,0.0,0.0,0.0,0.0,0.0
2020-09-09,974878.1707897878,0.0,0.0,0.0,0.0,0.0
2020-09-10,974878.1707897878,0.0,0.0,0.0,0.0,0.0
2020-09-11,974878.1707897878,0.0,0.0,0.0,0.0,0.0
2020-09-14,974878.1707897878,0.0,0.0,0.0,0.0,0.0
2020-09-15,974878.1707897878,0.0,0.0,0.0,0.0,0.0
2020-09-16,974878.1707897878,0.0,0.0,0.0,0.0,0.0
2020-09-17,974878.1707897878,0.0,0.0,0.0,0.0,0.0
2020-09-18,974878.1707897878,0.0,0.0,0.0,0.0,0.0
2020-09-21,974878.1707897878,0.0,0.0,0.0,0.0,0.0
2020-09-22,974878.1707897878,0.0,0.0,0.0,0.0,0.0
2020-09-23,974878.1707897878,0.0,0.0,0.0,0.0,0.0
2020-09-24,974878.1707897878,0.0,0.0,0.0,0.0,0.0
2020-09-25,974878.1707897878,0.0,0.0,0.0,0.0,0.0
2020-09-28,974878.1707897878,0.0,0.0,0.0,0.0,0.0
2020-09-29,974878.1707897878,0.0,0.0,0.0,0.0,0.0
2020-09-30,974878.1707897878,0.0,0.0,0.0,0.0,0.0
2020-10-01,974878.1707897878,0.0,0.0,0.0,0.0,0.0
2020-10-02,974878.1707897878,0.0,0.0,0.0,0.0,0.0
2020-10-05,974878.1707897878,0.0,0.0,0.0,0.0,0.0
2020-10-06,974878.1707897878,0.0,0.0,0.0,0.0,0.0
2020-10-07,974878.1707897878,0.0,0.0,0.0,0.0,0.0
2020-10-08,974878.1707897878,0.0,0.0,0.0,0.0,0.0
2020-10-09,974878.1707897878,0.0,0.0,0.0,0.0,0.0
2020-10-12,974878.1707897878,0.0,0.0,0.0,0.0,0.0
2020-10-13,974878.1707897878,0.0,0.0,0.0,0.0,0.0
2020-10-14,974878.1707897878,0.0,0.0,0.0,0.0,0.0
2020-10-15,974878.1707897878,0.0,0.0,0.0,0.0,0.0
2020-10-16,974878.1707897878,0.0,0.0,0.0,0.0,0.0
2020-10-19,974878.1707897878,0.0,0.0,0.0,0.0,0.0
2020-10-20,974878.1707897878,0.0,0.0,0.0,0.0,0.0
2020-10-21,974878.1707897878,0.0,0.0,0.0,0.0,0.0
2020-10-22,974878.1707897878,0.0,0.0,0.0,0.0,0.0
2020-10-23,974878.1707897878,0.0,0.0,0.0,0.0,0.0
2020-10-26,974878.1707897878,0.0,0.0,0.0,0.0,0.0
2020-10-27,974878.1707897878,0.0,0.0,0.0,0.0,0.0
2020-10-28,974878.1707897878,0.0,0.0,0.0,0.0,0.0
2020-10-29,974878.1707897878,0.0,0.0,0.0,0.0,0.0
2020-10-30,974878.1707897878,0.0,0.0,0.0,0.0,0.0
2020-11-02,974878.1707897878,0.0,0.0,0.0,0.0,0.0
2020-11-03,974878.1707897878,0.0,0.0,0.0,0.0,0.0
2020-11-04,974878.1707897878,0.0,0.0,0.0,0.0,0.0
2020-11-05,974878.1707897878,0.0,0.0,0.0,0.0,0.0
2020-11-06,974878.1707897878,0.0,0.0,0.0,0.0,0.0
2020-11-09,974878.1707897878,0.0,0.0,0.0,0.0,0.0
2020-11-10,974878.1707897878,0.0,0.0,0.0,0.0,0.0
2020-11-11,974878.1707897878,0.0,0.0,0.0,0.0,0.0
2020-11-12,974878.1707897878,0.0,0.0,0.0,0.0,0.0
2020-11-13,974878.1707897878,0.0,0.0,0.0,0.0,0.0
2020-11-16,974878.1707897878,0.0,0.0,0.0,0.0,0.0
2020-11-17,974878.1707897878,0.0,0.0,0.0,0.0,0.0
2020-11-18,974878.1707897878,0.0,0.0,0.0,0.0,0.0
2020-11-19,974878.1707897878,0.0,0.0,0.0,0.0,0.0
2020-11-20,974878.1707897878,0.0,0.0,0.0,0.0,0.0
2020-11-23,974878.1707897878,0.0,0.0,0.0,0.0,0.0
2020-11-24,974878.1707897878,0.0,0.0,0.0,0.0,0.0
2020-11-25,974878.1707897878,0.0,0.0,0.0,0.0,0.0
2020-11-27,974878.1707897878,0.0,0.0,0.0,0.0,0.0
2020-11-30,974878.1707897878,0.0,0.0,0.0,0.0,0.0
2020-12-01,974878.1707897878,0.0,0.0,0.0,0.0,0.0
2020-12-02,974878.1707897878,0.0,0.0,0.0,0.0,0.0
2020-12-03,974878.1707897878,0.0,0.0,0.0,0.0,0.0
2020-12-04,974878.1707897878,0.0,0.0,0.0,0.0,0.0
2020-12-07,974878.1707897878,0.0,0.0,0.0,0.0,0.0
2020-12-08,974878.1707897878,0.0,0.0,0.0,0.0,0.0
2020-12-09,974878.1707897878,0.0,0.0,0.0,0.0,0.0
2020-12-10,974878.1707897878,0.0,0.0,0.0,0.0,0.0
2020-12-11,974878.1707897878,0.0,0.0,0.0,0.0,0.0
2020-12-14,974878.1707897878,0.0,0.0,0.0,0.0,0.0
2020-12-15,974878.1707897878,0.0,0.0,0.0,0.0,0.0
2020-12-16,974878.1707897878,0.0,0.0,0.0,0.0,0.0
2020-12-17,974878.1707897878,0.0,0.0,0.0,0.0,0.0
2020-12-18,974878.1707897878,0.0,0.0,0.0,0.0,0.0
2020-12-21,974878.1707897878,0.0,0.0,0.0,0.0,0.0
2020-12-22,974878.1707897878,0.0,0.0,0.0,0.0,0.0
2020-12-23,974878.1707897878,0.0,0.0,0.0,0.0,0.0
2020-12-24,974878.1707897878,0.0,0.0,0.0,0.0,0.0
2020-12-28,974878.1707897878,0.0,0.0,0.0,0.0,0.0
2020-12-29,974878.1707897878,0.0,0.0,0.0,0.0,0.0
2020-12-30,974878.1707897878,0.0,0.0,0.0,0.0,0.0
2020-12-31,974878.1707897878,0.0,0.0,0.0,0.0,0.0
2021-01-04,974878.1707897878,0.0,0.0,0.0,0.0,0.0
2021-01-05,974878.1707897878,0.0,0.0,0.0,0.0,0.0
2021-01-06,974878.1707897878,0.0,0.0,0.0,0.0,0.0
2021-01-07,974878.1707897878,0.0,0.0,0.0,0.0,0.0
2021-01-08,974878.1707897878,0.0,0.0,0.0,0.0,0.0
2021-01-11,974878.1707897878,0.0,0.0,0.0,0.0,0.0
2021-01-12,974878.1707897878,0.0,0.0,0.0,0.0,0.0
2021-01-13,974878.1707897878,0.0,0.0,0.0,0.0,0.0
2021-01-14,974878.1707897878,0.0,0.0,0.0,0.0,0.0
2021-01-15,974878.1707897878,0.0,0.0,0.0,0.0,0.0
2021-01-19,974878.1707897878,0.0,0.0,0.0,0.0,0.0
2021-01-20,974878.1707897878,0.0,0.0,0.0,0.0,0.0
2021-01-21,974878.1707897878,0.0,0.0,0.0,0.0,0.0
2021-01-22,974878.1707897878,0.0,0.0,0.0,0.0,0.0
2021-01-25,974878.1707897878,0.0,0.0,0.0,0.0,0.0
2021-01-26,974878.1707897878,0.0,0.0,0.0,0.0,0.0
2021-01-27,974878.1707897878,0.0,0.0,0.0,0.0,0.0
2021-01-28,974878.1707897878,0.0,0.0,0.0,0.0,0.0
2021-01-29,974878.1707897878,0.0,0.0,0.0,0.0,0.0
2021-02-01,974878.1707897878,0.0,0.0,0.0,0.0,0.0
2021-02-02,974878.1707897878,0.0,0.0,0.0,0.0,0.0
2021-02-03,974878.1707897878,0.0,0.0,0.0,0.0,0.0
2021-02-04,974878.1707897878,0.0,0.0,0.0,0.0,0.0
2021-02-05,974878.1707897878,0.0,0.0,0.0,0.0,0.0
2021-02-08,974878.1707897878,0.0,0.0,0.0,0.0,0.0
2021-02-09,974878.1707897878,0.0,0.0,0.0,0.0,0.0
2021-02-10,974878.1707897878,0.0,0.0,0.0,0.0,0.0
2021-02-11,974878.1707897878,0.0,0.0,0.0,0.0,0.0
2021-02-12,974878.1707897878,0.0,0.0,0.0,0.0,0.0
2021-02-16,974878.1707897878,0.0,0.0,0.0,0.0,0.0
2021-02-17,974878.1707897878,0.0,0.0,0.0,0.0,0.0
2021-02-18,974878.1707897878,0.0,0.0,0.0,0.0,0.0
2021-02-19,974878.1707897878,0.0,0.0,0.0,0.0,0.0
2021-02-22,974878.1707897878,0.0,0.0,0.0,0.0,0.0
2021-02-23,974878.1707897878,0.0,0.0,0.0,0.0,0.0
2021-02-24,974878.1707897878,0.0,0.0,0.0,0.0,0.0
2021-02-25,974878.1707897878,0.0,0.0,0.0,0.0,0.0
2021-02-26,974878.1707897878,0.0,0.0,0.0,0.0,0.0
2021-03-01,974878.1707897878,0.0,0.0,0.0,0.0,0.0
2021-03-02,974878.1707897878,0.0,0.0,0.0,0.0,0.0
2021-03-03,974878.1707897878,0.0,0.0,0.0,0.0,0.0
2021-03-04,974878.1707897878,0.0,0.0,0.0,0.0,0.0
2021-03-05,974878.1707897878,0.0,0.0,0.0,0.0,0.0
2021-03-08,974878.1707897878,0.0,0.0,0.0,0.0,0.0
2021-03-09,974878.1707897878,0.0,0.0,0.0,0.0,0.0
2021-03-10,974878.1707897878,0.0,0.0,0.0,0.0,0.0
2021-03-11,974878.1707897878,0.0,0.0,0.0,0.0,0.0
2021-03-12,974878.1707897878,0.0,0.0,0.0,0.0,0.0
2021-03-15,974878.1707897878,0.0,0.0,0.0,0.0,0.0
2021-03-16,974878.1707897878,0.0,0.0,0.0,0.0,0.0
2021-03-17,974878.1707897878,0.0,0.0,0.0,0.0,0.0
2021-03-18,974878.1707897878,0.0,0.0,0.0,0.0,0.0
2021-03-19,974878.1707897878,0.0,0.0,0.0,0.0,0.0
2021-03-22,974878.1707897878,0.0,0.0,0.0,0.0,0.0
2021-03-23,974878.1707897878,0.0,0.0,0.0,0.0,0.0
2021-03-24,974878.1707897878,0.0,0.0,0.0,0.0,0.0
2021-03-25,974878.1707897878,0.0,0.0,0.0,0.0,0.0
2021-03-26,974878.1707897878,0.0,0.0,0.0,0.0,0.0
2021-03-29,974878.1707897878,0.0,0.0,0.0,0.0,0.0
2021-03-30,974878.1707897878,0.0,0.0,0.0,0.0,0.0
2021-03-31,974878.1707897878,0.0,0.0,0.0,0.0,0.0
2021-04-01,974878.1707897878,0.0,0.0,0.0,0.0,0.0
2021-04-05,974878.1707897878,0.0,0.0,0.0,0.0,0.0
2021-04-06,974878.1707897878,0.0,0.0,0.0,0.0,0.0
2021-04-07,974878.1707897878,0.0,0.0,0.0,0.0,0.0
2021-04-08,974878.1707897878,0.0,0.0,0.0,0.0,0.0
2021-04-09,974878.1707897878,0.0,0.0,0.0,0.0,0.0
2021-04-12,974878.1707897878,0.0,0.0,0.0,0.0,0.0
2021-04-13,974878.1707897878,0.0,0.0,0.0,0.0,0.0
2021-04-14,974878.1707897878,0.0,0.0,0.0,0.0,0.0
2021-04-15,974878.1707897878,0.0,0.0,0.0,0.0,0.0
2021-04-16,974878.1707897878,0.0,0.0,0.0,0.0,0.0
2021-04-19,974878.1707897878,0.0,0.0,0.0,0.0,0.0
2021-04-20,974878.1707897878,0.0,0.0,0.0,0.0,0.0
2021-04-21,974878.1707897878,0.0,0.0,0.0,0.0,0.0
2021-04-22,974878.1707897878,0.0,0.0,0.0,0.0,0.0
2021-04-23,974878.1707897878,0.0,0.0,0.0,0.0,0.0
2021-04-26,974878.1707897878,0.0,0.0,0.0,0.0,0.0
2021-04-27,974878.1707897878,0.0,0.0,0.0,0.0,0.0
2021-04-28,974878.1707897878,0.0,0.0,0.0,0.0,0.0
2021-04-29,974878.1707897878,0.0,0.0,0.0,0.0,0.0
2021-04-30,974878.1707897878,0.0,0.0,0.0,0.0,0.0
2021-05-03,974878.1707897878,0.0,0.0,0.0,0.0,0.0
2021-05-04,974878.1707897878,0.0,0.0,0.0,0.0,0.0
2021-05-05,974878.1707897878,0.0,0.0,0.0,0.0,0.0
2021-05-06,974878.1707897878,0.0,0.0,0.0,0.0,0.0
2021-05-07,974878.1707897878,0.0,0.0,0.0,0.0,0.0
2021-05-10,974878.1707897878,0.0,0.0,0.0,0.0,0.0
2021-05-11,974878.1707897878,0.0,0.0,0.0,0.0,0.0
2021-05-12,974878.1707897878,0.0,0.0,0.0,0.0,0.0
2021-05-13,974878.1707897878,0.0,0.0,0.0,0.0,0.0
2021-05-14,974878.1707897878,0.0,0.0,0.0,0.0,0.0
2021-05-17,974878.1707897878,0.0,0.0,0.0,0.0,0.0
2021-05-18,974878.1707897878,0.0,0.0,0.0,0.0,0.0
2021-05-19,974878.1707897878,0.0,0.0,0.0,0.0,0.0
2021-05-20,974878.1707897878,0.0,0.0,0.0,0.0,0.0
2021-05-21,974878.1707897878,0.0,0.0,0.0,0.0,0.0
2021-05-24,974878.1707897878,0.0,0.0,0.0,0.0,0.0
2021-05-25,974878.1707897878,0.0,0.0,0.0,0.0,0.0
2021-05-26,974878.1707897878,0.0,0.0,0.0,0.0,0.0
2021-05-27,974878.1707897878,0.0,0.0,0.0,0.0,0.0
2021-05-28,974878.1707897878,0.0,0.0,0.0,0.0,0.0
2021-06-01,974878.1707897878,0.0,0.0,0.0,0.0,0.0
2021-06-02,974878.1707897878,0.0,0.0,0.0,0.0,0.0
2021-06-03,974878.1707897878,0.0,0.0,0.0,0.0,0.0
2021-06-04,974878.1707897878,0.0,0.0,0.0,0.0,0.0
2021-06-07,974878.1707897878,0.0,0.0,0.0,0.0,0.0
2021-06-08,974878.1707897878,0.0,0.0,0.0,0.0,0.0
2021-06-09,974878.1707897878,0.0,0.0,0.0,0.0,0.0
2021-06-10,974878.1707897878,0.0,0.0,0.0,0.0,0.0
2021-06-11,974878.1707897878,0.0,0.0,0.0,0.0,0.0
2021-06-14,974878.1707897878,0.0,0.0,0.0,0.0,0.0
2021-06-15,974878.1707897878,0.0,0.0,0.0,0.0,0.0
2021-06-16,974878.1707897878,0.0,0.0,0.0,0.0,0.0
2021-06-17,974878.1707897878,0.0,0.0,0.0,0.0,0.0
2021-06-18,974878.1707897878,0.0,0.0,0.0,0.0,0.0
2021-06-21,974878.1707897878,0.0,0.0,0.0,0.0,0.0
2021-06-22,974878.1707897878,0.0,0.0,0.0,0.0,0.0
2021-06-23,974878.1707897878,0.0,0.0,0.0,0.0,0.0
2021-06-24,974878.1707897878,0.0,0.0,0.0,0.0,0.0
2021-06-25,974878.1707897878,0.0,0.0,0.0,0.0,0.0
2021-06-28,974878.1707897878,0.0,0.0,0.0,0.0,0.0
2021-06-29,974878.1707897878,0.0,0.0,0.0,0.0,0.0
2021-06-30,974878.1707897878,0.0,0.0,0.0,0.0,0.0
2021-07-01,974878.1707897878,0.0,0.0,0.0,0.0,0.0
2021-07-02,974878.1707897878,0.0,0.0,0.0,0.0,0.0
2021-07-06,974878.1707897878,0.0,0.0,0.0,0.0,0.0
2021-07-07,974878.1707897878,0.0,0.0,0.0,0.0,0.0
2021-07-08,974878.1707897878,0.0,0.0,0.0,0.0,0.0
2021-07-09,974878.1707897878,0.0,0.0,0.0,0.0,0.0
2021-07-12,974878.1707897878,0.0,0.0,0.0,0.0,0.0
2021-07-13,974878.1707897878,0.0,0.0,0.0,0.0,0.0
2021-07-14,974878.1707897878,0.0,0.0,0.0,0.0,0.0
2021-07-15,974878.1707897878,0.0,0.0,0.0,0.0,0.0
2021-07-16,974878.1707897878,0.0,0.0,0.0,0.0,0.0
2021-07-19,974878.1707897878,0.0,0.0,0.0,0.0,0.0
2021-07-20,974878.1707897878,0.0,0.0,0.0,0.0,0.0
2021-07-21,974878.1707897878,0.0,0.0,0.0,0.0,0.0
2021-07-22,974878.1707897878,0.0,0.0,0.0,0.0,0.0
2021-07-23,974878.1707897878,0.0,0.0,0.0,0.0,0.0
2021-07-26,974878.1707897878,0.0,0.0,0.0,0.0,0.0
2021-07-27,974878.1707897878,0.0,0.0,0.0,0.0,0.0
2021-07-28,974878.1707897878,0.0,0.0,0.0,0.0,0.0
2021-07-29,974390.7317043929,0.0,487.4390853948939,-0.0005,1.5370805126218214,0.5
2021-07-30,967766.8449105162,-6623.886793876822,0.0,-0.00675207756232687,1.265351629701635,0.5
2021-08-02,969134.9549581013,1368.1100475851085,0.0,0.0014156786409485046,1.2713365275663029,0.5
2021-08-03,960084.0029558494,-9050.95200225187,0.0,-0.009252793296089384,1.1543337526524753,0.5
2021-08-04,963962.9561012088,3878.95314535942,0.0,0.004056612278013161,1.048630170527951,0.5
2021-08-05,963619.5421517605,-343.4139494482397,0.0,-0.00035612535612535614,0.938030337129707,0.5
2021-08-06,970404.3856303692,6784.843478608653,0.0,0.007090925410645364,0.9301588701781638,0.5
2021-08-09,974327.623610594,3923.23798022473,0.0,0.004059301094246382,0.9509954991643018,0.5
2021-08-10,978999.6392425541,4672.015631960128,0.0,0.004818221638195357,0.9275341961763964,0.5
2021-08-11,964796.5356680508,-14203.103574503375,0.0,-0.014300306435137897,0.8684077202794137,0.5
2021-08-12,963423.6483885515,-1372.8872794991828,0.0,-0.0014209591474245115,0.8119792091143723,0.5
2021-08-13,971243.0875611665,7819.439172614893,0.0,0.008182717381530438,0.7553727040836391,0.5
2021-08-16,954791.4537276309,-16451.633833535645,0.0,-0.016656597911452492,0.643361332247539,0.5
2021-08-17,952362.8417450389,-2428.6119825920846,0.0,-0.002537151141718014,0.6234160129781463,0.5
2021-08-18,948147.4709345538,-3739.1893896125525,476.1814208725194,-0.004408913142337427,0.6052798713471932,0.5
2021-08-19,947673.3971990865,0.0,474.0737354672769,-0.0005,0.587061973109261,0.5
2021-08-20,937197.415767464,-10475.981431622555,0.0,-0.010933557611438183,0.5648753982101973,0.5
2021-08-23,937287.9662424173,90.55047495337816,0.0,9.662769349695623e-05,0.3412014081826683,0.5
2021-08-24,952861.1434249614,15573.17718254403,0.0,0.0168958742632613,0.3724282067985621,0.5
2021-08-25,956068.2302951276,3207.0868701662876,0.0,0.003377110694183865,0.26798043413041495,0.5
2021-08-26,963703.9906782425,7635.7603831148745,0.0,0.008050926792735443,0.07524036935356758,0.5
2021-08-27,960797.0225162331,-2906.968162009324,0.0,-0.0030073817552173513,0.02885692189167861,0.5
2021-08-30,941054.7377709729,-19261.886234002097,480.39851125811657,-0.020143977641543454,0.0,0.0
2021-08-31,940584.2104020874,0.0,470.52736888548645,-0.0005,-0.10714980268230842,-0.5
2021-09-01,940584.2104020874,0.0,0.0,0.0,0.0,0.0
2021-09-02,940584.2104020874,0.0,0.0,0.0,0.0,0.0
2021-09-03,940584.2104020874,0.0,0.0,0.0,0.0,0.0
2021-09-07,940584.2104020874,0.0,0.0,0.0,0.0,0.0
2021-09-08,940584.2104020874,0.0,0.0,0.0,0.0,0.0
2021-09-09,940584.2104020874,0.0,0.0,0.0,0.0,0.0
2021-09-10,940584.2104020874,0.0,0.0,0.0,0.0,0.0
2021-09-13,940584.2104020874,0.0,0.0,0.0,0.0,0.0
2021-09-14,940584.2104020874,0.0,0.0,0.0,0.0,0.0
2021-09-15,940584.2104020874,0.0,0.0,0.0,0.0,0.0
2021-09-16,940584.2104020874,0.0,0.0,0.0,0.0,0.0
2021-09-17,940584.2104020874,0.0,0.0,0.0,0.0,0.0
2021-09-20,940584.2104020874,0.0,0.0,0.0,0.0,0.0
2021-09-21,940584.2104020874,0.0,0.0,0.0,0.0,0.0
2021-09-22,940584.2104020874,0.0,0.0,0.0,0.0,0.0
2021-09-23,940584.2104020874,0.0,0.0,0.0,0.0,0.0
2021-09-24,940584.2104020874,0.0,0.0,0.0,0.0,0.0
2021-09-27,940584.2104020874,0.0,0.0,0.0,0.0,0.0
2021-09-28,940584.2104020874,0.0,0.0,0.0,0.0,0.0
2021-09-29,940584.2104020874,0.0,0.0,0.0,0.0,0.0
2021-09-30,940584.2104020874,0.0,0.0,0.0,0.0,0.0
2021-10-01,940584.2104020874,0.0,0.0,0.0,0.0,0.0
2021-10-04,940584.2104020874,0.0,0.0,0.0,0.0,0.0
2021-10-05,940584.2104020874,0.0,0.0,0.0,0.0,0.0
2021-10-06,940584.2104020874,0.0,0.0,0.0,0.0,0.0
2021-10-07,940584.2104020874,0.0,0.0,0.0,0.0,0.0
2021-10-08,940584.2104020874,0.0,0.0,0.0,0.0,0.0
2021-10-11,940584.2104020874,0.0,0.0,0.0,0.0,0.0
2021-10-12,940584.2104020874,0.0,0.0,0.0,0.0,0.0
2021-10-13,940584.2104020874,0.0,0.0,0.0,0.0,0.0
2021-10-14,940584.2104020874,0.0,0.0,0.0,0.0,0.0
2021-10-15,940584.2104020874,0.0,0.0,0.0,0.0,0.0
2021-10-18,940584.2104020874,0.0,0.0,0.0,0.0,0.0
2021-10-19,940584.2104020874,0.0,0.0,0.0,0.0,0.0
2021-10-20,940584.2104020874,0.0,0.0,0.0,0.0,0.0
2021-10-21,940584.2104020874,0.0,0.0,0.0,0.0,0.0
2021-10-22,940584.2104020874,0.0,0.0,0.0,0.0,0.0
2021-10-25,940584.2104020874,0.0,0.0,0.0,0.0,0.0
2021-10-26,940584.2104020874,0.0,0.0,0.0,0.0,0.0
2021-10-27,940584.2104020874,0.0,0.0,0.0,0.0,0.0
2021-10-28,940584.2104020874,0.0,0.0,0.0,0.0,0.0
2021-10-29,940584.2104020874,0.0,0.0,0.0,0.0,0.0
2021-11-01,940584.2104020874,0.0,0.0,0.0,0.0,0.0
2021-11-02,940584.2104020874,0.0,0.0,0.0,0.0,0.0
2021-11-03,940584.2104020874,0.0,0.0,0.0,0.0,0.0
2021-11-04,940584.2104020874,0.0,0.0,0.0,0.0,0.0
2021-11-05,940584.2104020874,0.0,0.0,0.0,0.0,0.0
2021-11-08,940584.2104020874,0.0,0.0,0.0,0.0,0.0
2021-11-09,940584.2104020874,0.0,0.0,0.0,0.0,0.0
2021-11-10,940584.2104020874,0.0,0.0,0.0,0.0,0.0
2021-11-11,940584.2104020874,0.0,0.0,0.0,0.0,0.0
2021-11-12,940584.2104020874,0.0,0.0,0.0,0.0,0.0
2021-11-15,940584.2104020874,0.0,0.0,0.0,0.0,0.0
2021-11-16,940584.2104020874,0.0,0.0,0.0,0.0,0.0
2021-11-17,940584.2104020874,0.0,0.0,0.0,0.0,0.0
2021-11-18,940584.2104020874,0.0,0.0,0.0,0.0,0.0
2021-11-19,940584.2104020874,0.0,0.0,0.0,0.0,0.0
2021-11-22,940584.2104020874,0.0,0.0,0.0,0.0,0.0
2021-11-23,940584.2104020874,0.0,0.0,0.0,0.0,0.0
2021-11-24,940584.2104020874,0.0,0.0,0.0,0.0,0.0
2021-11-26,940584.2104020874,0.0,0.0,0.0,0.0,0.0
2021-11-29,940584.2104020874,0.0,0.0,0.0,0.0,0.0
2021-11-30,940584.2104020874,0.0,0.0,0.0,0.0,0.0
2021-12-01,940584.2104020874,0.0,0.0,0.0,0.0,0.0
2021-12-02,940584.2104020874,0.0,0.0,0.0,0.0,0.0
2021-12-03,940584.2104020874,0.0,0.0,0.0,0.0,0.0
2021-12-06,940584.2104020874,0.0,0.0,0.0,0.0,0.0
2021-12-07,940584.2104020874,0.0,0.0,0.0,0.0,0.0
2021-12-08,940584.2104020874,0.0,0.0,0.0,0.0,0.0
2021-12-09,940584.2104020874,0.0,0.0,0.0,0.0,0.0
2021-12-10,940584.2104020874,0.0,0.0,0.0,0.0,0.0
2021-12-13,940584.2104020874,0.0,0.0,0.0,0.0,0.0
2021-12-14,940584.2104020874,0.0,0.0,0.0,0.0,0.0
2021-12-15,940584.2104020874,0.0,0.0,0.0,0.0,0.0
2021-12-16,940584.2104020874,0.0,0.0,0.0,0.0,0.0
2021-12-17,940584.2104020874,0.0,0.0,0.0,0.0,0.0
2021-12-20,940584.2104020874,0.0,0.0,0.0,0.0,0.0
2021-12-21,940584.2104020874,0.0,0.0,0.0,0.0,0.0
2021-12-22,940584.2104020874,0.0,0.0,0.0,0.0,0.0
2021-12-23,940584.2104020874,0.0,0.0,0.0,0.0,0.0
2021-12-27,940584.2104020874,0.0,0.0,0.0,0.0,0.0
2021-12-28,940584.2104020874,0.0,0.0,0.0,0.0,0.0
2021-12-29,940584.2104020874,0.0,0.0,0.0,0.0,0.0
2021-12-30,940584.2104020874,0.0,0.0,0.0,0.0,0.0
2021-12-31,940584.2104020874,0.0,0.0,0.0,0.0,0.0
2022-01-03,940584.2104020874,0.0,0.0,0.0,0.0,0.0
2022-01-04,940584.2104020874,0.0,0.0,0.0,0.0,0.0
2022-01-05,940584.2104020874,0.0,0.0,0.0,0.0,0.0
2022-01-06,940584.2104020874,0.0,0.0,0.0,0.0,0.0
2022-01-07,940584.2104020874,0.0,0.0,0.0,0.0,0.0
2022-01-10,940584.2104020874,0.0,0.0,0.0,0.0,0.0
2022-01-11,940584.2104020874,0.0,0.0,0.0,0.0,0.0
2022-01-12,940584.2104020874,0.0,0.0,0.0,0.0,0.0
2022-01-13,940584.2104020874,0.0,0.0,0.0,0.0,0.0
2022-01-14,940584.2104020874,0.0,0.0,0.0,0.0,0.0
2022-01-18,940584.2104020874,0.0,0.0,0.0,0.0,0.0
2022-01-19,940584.2104020874,0.0,0.0,0.0,0.0,0.0
2022-01-20,940584.2104020874,0.0,0.0,0.0,0.0,0.0
2022-01-21,940584.2104020874,0.0,0.0,0.0,0.0,0.0
2022-01-24,940584.2104020874,0.0,0.0,0.0,0.0,0.0
2022-01-25,940584.2104020874,0.0,0.0,0.0,0.0,0.0
2022-01-26,940584.2104020874,0.0,0.0,0.0,0.0,0.0
2022-01-27,940584.2104020874,0.0,0.0,0.0,0.0,0.0
2022-01-28,940584.2104020874,0.0,0.0,0.0,0.0,0.0
2022-01-31,940584.2104020874,0.0,0.0,0.0,0.0,0.0
2022-02-01,940584.2104020874,0.0,0.0,0.0,0.0,0.0
2022-02-02,940584.2104020874,0.0,0.0,0.0,0.0,0.0
2022-02-03,940584.2104020874,0.0,0.0,0.0,0.0,0.0
2022-02-04,940584.2104020874,0.0,0.0,0.0,0.0,0.0
2022-02-07,940584.2104020874,0.0,0.0,0.0,0.0,0.0
2022-02-08,940584.2104020874,0.0,0.0,0.0,0.0,0.0
2022-02-09,940584.2104020874,0.0,0.0,0.0,0.0,0.0
2022-02-10,940584.2104020874,0.0,0.0,0.0,0.0,0.0
2022-02-11,940584.2104020874,0.0,0.0,0.0,0.0,0.0
2022-02-14,940584.2104020874,0.0,0.0,0.0,0.0,0.0
2022-02-15,940584.2104020874,0.0,0.0,0.0,0.0,0.0
2022-02-16,940584.2104020874,0.0,0.0,0.0,0.0,0.0
2022-02-17,940584.2104020874,0.0,0.0,0.0,0.0,0.0
2022-02-18,940584.2104020874,0.0,0.0,0.0,0.0,0.0
2022-02-22,940584.2104020874,0.0,0.0,0.0,0.0,0.0
2022-02-23,940584.2104020874,0.0,0.0,0.0,0.0,0.0
2022-02-24,940584.2104020874,0.0,0.0,0.0,0.0,0.0
2022-02-25,940584.2104020874,0.0,0.0,0.0,0.0,0.0
2022-02-28,940584.2104020874,0.0,0.0,0.0,0.0,0.0
2022-03-01,940584.2104020874,0.0,0.0,0.0,0.0,0.0
2022-03-02,940584.2104020874,0.0,0.0,0.0,0.0,0.0
2022-03-03,940584.2104020874,0.0,0.0,0.0,0.0,0.0
2022-03-04,940584.2104020874,0.0,0.0,0.0,0.0,0.0
2022-03-07,940584.2104020874,0.0,0.0,0.0,0.0,0.0
2022-03-08,940584.2104020874,0.0,0.0,0.0,0.0,0.0
2022-03-09,940584.2104020874,0.0,0.0,0.0,0.0,0.0
2022-03-10,940584.2104020874,0.0,0.0,0.0,0.0,0.0
2022-03-11,940584.2104020874,0.0,0.0,0.0,0.0,0.0
2022-03-14,940584.2104020874,0.0,0.0,0.0,0.0,0.0
2022-03-15,940584.2104020874,0.0,0.0,0.0,0.0,0.0
2022-03-16,940584.2104020874,0.0,0.0,0.0,0.0,0.0
2022-03-17,940584.2104020874,0.0,0.0,0.0,0.0,0.0
2022-03-18,940584.2104020874,0.0,0.0,0.0,0.0,0.0
2022-03-21,940584.2104020874,0.0,0.0,0.0,0.0,0.0
2022-03-22,940584.2104020874,0.0,0.0,0.0,0.0,0.0
2022-03-23,940584.2104020874,0.0,0.0,0.0,0.0,0.0
2022-03-24,940584.2104020874,0.0,0.0,0.0,0.0,0.0
2022-03-25,940584.2104020874,0.0,0.0,0.0,0.0,0.0
2022-03-28,940584.2104020874,0.0,0.0,0.0,0.0,0.0
2022-03-29,940584.2104020874,0.0,0.0,0.0,0.0,0.0
2022-03-30,940584.2104020874,0.0,0.0,0.0,0.0,0.0
2022-03-31,940584.2104020874,0.0,0.0,0.0,0.0,0.0
2022-04-01,940584.2104020874,0.0,0.0,0.0,0.0,0.0
2022-04-04,940584.2104020874,0.0,0.0,0.0,0.0,0.0
2022-04-05,940584.2104020874,0.0,0.0,0.0,0.0,0.0
2022-04-06,940584.2104020874,0.0,0.0,0.0,0.0,0.0
2022-04-07,940584.2104020874,0.0,0.0,0.0,0.0,0.0
2022-04-08,940584.2104020874,0.0,0.0,0.0,0.0,0.0
2022-04-11,940584.2104020874,0.0,0.0,0.0,0.0,0.0
2022-04-12,940584.2104020874,0.0,0.0,0.0,0.0,0.0
2022-04-13,940584.2104020874,0.0,0.0,0.0,0.0,0.0
2022-04-14,940584.2104020874,0.0,0.0,0.0,0.0,0.0
2022-04-18,940584.2104020874,0.0,0.0,0.0,0.0,0.0
2022-04-19,940584.2104020874,0.0,0.0,0.0,0.0,0.0
2022-04-20,940584.2104020874,0.0,0.0,0.0,0.0,0.0
2022-04-21,940584.2104020874,0.0,0.0,0.0,0.0,0.0
2022-04-22,940584.2104020874,0.0,0.0,0.0,0.0,0.0
2022-04-25,940584.2104020874,0.0,0.0,0.0,0.0,0.0
2022-04-26,940584.2104020874,0.0,0.0,0.0,0.0,0.0
2022-04-27,940584.2104020874,0.0,0.0,0.0,0.0,0.0
2022-04-28,940584.2104020874,0.0,0.0,0.0,0.0,0.0
2022-04-29,940584.2104020874,0.0,0.0,0.0,0.0,0.0
2022-05-02,940584.2104020874,0.0,0.0,0.0,0.0,0.0
2022-05-03,940584.2104020874,0.0,0.0,0.0,0.0,0.0
2022-05-04,940584.2104020874,0.0,0.0,0.0,0.0,0.0
2022-05-05,940584.2104020874,0.0,0.0,0.0,0.0,0.0
2022-05-06,940584.2104020874,0.0,0.0,0.0,0.0,0.0
2022-05-09,940584.2104020874,0.0,0.0,0.0,0.0,0.0
2022-05-10,940584.2104020874,0.0,0.0,0.0,0.0,0.0
2022-05-11,940584.2104020874,0.0,0.0,0.0,0.0,0.0
2022-05-12,940584.2104020874,0.0,0.0,0.0,0.0,0.0
2022-05-13,940584.2104020874,0.0,0.0,0.0,0.0,0.0
2022-05-16,940584.2104020874,0.0,0.0,0.0,0.0,0.0
2022-05-17,940584.2104020874,0.0,0.0,0.0,0.0,0.0
2022-05-18,940584.2104020874,0.0,0.0,0.0,0.0,0.0
2022-05-19,940584.2104020874,0.0,0.0,0.0,0.0,0.0
2022-05-20,940584.2104020874,0.0,0.0,0.0,0.0,0.0
2022-05-23,940584.2104020874,0.0,0.0,0.0,0.0,0.0
2022-05-24,940584.2104020874,0.0,0.0,0.0,0.0,0.0
2022-05-25,940584.2104020874,0.0,0.0,0.0,0.0,0.0
2022-05-26,940584.2104020874,0.0,0.0,0.0,0.0,0.0
2022-05-27,940584.2104020874,0.0,0.0,0.0,0.0,0.0
2022-05-31,940584.2104020874,0.0,0.0,0.0,0.0,0.0
2022-06-01,940584.2104020874,0.0,0.0,0.0,0.0,0.0
2022-06-02,940584.2104020874,0.0,0.0,0.0,0.0,0.0
2022-06-03,940584.2104020874,0.0,0.0,0.0,0.0,0.0
2022-06-06,940584.2104020874,0.0,0.0,0.0,0.0,0.0
2022-06-07,940584.2104020874,0.0,0.0,0.0,0.0,0.0
2022-06-08,940584.2104020874,0.0,0.0,0.0,0.0,0.0
2022-06-09,940584.2104020874,0.0,0.0,0.0,0.0,0.0
2022-06-10,940584.2104020874,0.0,0.0,0.0,0.0,0.0
2022-06-13,940584.2104020874,0.0,0.0,0.0,0.0,0.0
2022-06-14,940584.2104020874,0.0,0.0,0.0,0.0,0.0
2022-06-15,940584.2104020874,0.0,0.0,0.0,0.0,0.0
2022-06-16,940584.2104020874,0.0,0.0,0.0,0.0,0.0
2022-06-17,940584.2104020874,0.0,0.0,0.0,0.0,0.0
2022-06-21,940584.2104020874,0.0,0.0,0.0,0.0,0.0
2022-06-22,940584.2104020874,0.0,0.0,0.0,0.0,0.0
2022-06-23,940584.2104020874,0.0,0.0,0.0,0.0,0.0
2022-06-24,940584.2104020874,0.0,0.0,0.0,0.0,0.0
2022-06-27,940584.2104020874,0.0,0.0,0.0,0.0,0.0
2022-06-28,940584.2104020874,0.0,0.0,0.0,0.0,0.0
2022-06-29,940584.2104020874,0.0,0.0,0.0,0.0,0.0
2022-06-30,940584.2104020874,0.0,0.0,0.0,0.0,0.0
2022-07-01,940113.9182968864,0.0,470.29210520104374,-0.0005,-0.11930975543550187,-0.5
2022-07-05,954785.1302752281,14671.211978341631,0.0,0.01585318235064428,-0.17373925899271464,-0.5
2022-07-06,953269.8388448595,-1515.2914303685575,0.0,-0.001584534938995405,-0.19126180201175969,-0.5
2022-07-07,949952.0194405585,-3317.819404301046,0.0,-0.0034683903515686587,-0.2027024195138808,-0.5
2022-07-08,938310.8163743584,-11641.203066200089,0.0,-0.012106161725904082,-0.2179132670806062,-0.5
2022-07-11,935217.1677695357,-3093.648604822681,0.0,-0.0032862055789071453,-0.2656669278577254,-0.5
2022-07-12,948966.1709215406,13749.003152004905,0.0,0.014920757634325474,-0.24087239364425692,-0.5
2022-07-13,950306.7290032066,1340.5580816659653,0.0,0.0014146494812951901,-0.23263760114647491,-0.5
2022-07-14,943799.8278995329,-6506.901103673775,0.0,-0.0068005940748847036,-0.1959808059064092,-0.5
2022-07-15,985535.1252581088,42207.19727252569,471.8999139497664,0.04629063719115734,0.0,0.0
2022-07-18,985535.1252581088,0.0,0.0,0.0,0.0,0.0
2022-07-19,985535.1252581088,0.0,0.0,0.0,0.0,0.0
2022-07-20,985535.1252581088,0.0,0.0,0.0,0.0,0.0
2022-07-21,985535.1252581088,0.0,0.0,0.0,0.0,0.0
2022-07-22,985535.1252581088,0.0,0.0,0.0,0.0,0.0
2022-07-25,985535.1252581088,0.0,0.0,0.0,0.0,0.0
2022-07-26,985535.1252581088,0.0,0.0,0.0,0.0,0.0
2022-07-27,985535.1252581088,0.0,0.0,0.0,0.0,0.0
2022-07-28,985535.1252581088,0.0,0.0,0.0,0.0,0.0
2022-07-29,985535.1252581088,0.0,0.0,0.0,0.0,0.0
2022-08-01,985535.1252581088,0.0,0.0,0.0,0.0,0.0
2022-08-02,985535.1252581088,0.0,0.0,0.0,0.0,0.0
2022-08-03,985535.1252581088,0.0,0.0,0.0,0.0,0.0
2022-08-04,985535.1252581088,0.0,0.0,0.0,0.0,0.0
2022-08-05,985535.1252581088,0.0,0.0,0.0,0.0,0.0
2022-08-08,985535.1252581088,0.0,0.0,0.0,0.0,0.0
2022-08-09,985535.1252581088,0.0,0.0,0.0,0.0,0.0
2022-08-10,985535.1252581088,0.0,0.0,0.0,0.0,0.0
2022-08-11,985535.1252581088,0.0,0.0,0.0,0.0,0.0
2022-08-12,985535.1252581088,0.0,0.0,0.0,0.0,0.0
2022-08-15,985535.1252581088,0.0,0.0,0.0,0.0,0.0
2022-08-16,985535.1252581088,0.0,0.0,0.0,0.0,0.0
2022-08-17,985535.1252581088,0.0,0.0,0.0,0.0,0.0
2022-08-18,985535.1252581088,0.0,0.0,0.0,0.0,0.0
2022-08-19,985535.1252581088,0.0,0.0,0.0,0.0,0.0
2022-08-22,985535.1252581088,0.0,0.0,0.0,0.0,0.0
2022-08-23,985535.1252581088,0.0,0.0,0.0,0.0,0.0
2022-08-24,985535.1252581088,0.0,0.0,0.0,0.0,0.0
2022-08-25,985535.1252581088,0.0,0.0,0.0,0.0,0.0
2022-08-26,985535.1252581088,0.0,0.0,0.0,0.0,0.0
2022-08-29,985535.1252581088,0.0,0.0,0.0,0.0,0.0
2022-08-30,985535.1252581088,0.0,0.0,0.0,0.0,0.0
2022-08-31,985535.1252581088,0.0,0.0,0.0,0.0,0.0
2022-09-01,985535.1252581088,0.0,0.0,0.0,0.0,0.0
2022-09-02,985535.1252581088,0.0,0.0,0.0,0.0,0.0
2022-09-06,985535.1252581088,0.0,0.0,0.0,0.0,0.0
2022-09-07,985535.1252581088,0.0,0.0,0.0,0.0,0.0
2022-09-08,985535.1252581088,0.0,0.0,0.0,0.0,0.0
2022-09-09,985535.1252581088,0.0,0.0,0.0,0.0,0.0
2022-09-12,985535.1252581088,0.0,0.0,0.0,0.0,0.0
2022-09-13,985535.1252581088,0.0,0.0,0.0,0.0,0.0
2022-09-14,985535.1252581088,0.0,0.0,0.0,0.0,0.0
2022-09-15,985535.1252581088,0.0,0.0,0.0,0.0,0.0
2022-09-16,985535.1252581088,0.0,0.0,0.0,0.0,0.0
2022-09-19,985535.1252581088,0.0,0.0,0.0,0.0,0.0
2022-09-20,985535.1252581088,0.0,0.0,0.0,0.0,0.0
2022-09-21,985535.1252581088,0.0,0.0,0.0,0.0,0.0
2022-09-22,985535.1252581088,0.0,0.0,0.0,0.0,0.0
2022-09-23,985535.1252581088,0.0,0.0,0.0,0.0,0.0
2022-09-26,985535.1252581088,0.0,0.0,0.0,0.0,0.0
2022-09-27,985535.1252581088,0.0,0.0,0.0,0.0,0.0
2022-09-28,985535.1252581088,0.0,0.0,0.0,0.0,0.0
2022-09-29,985535.1252581088,0.0,0.0,0.0,0.0,0.0
2022-09-30,985535.1252581088,0.0,0.0,0.0,0.0,0.0
2022-10-03,985535.1252581088,0.0,0.0,0.0,0.0,0.0
2022-10-04,985535.1252581088,0.0,0.0,0.0,0.0,0.0
2022-10-05,985535.1252581088,0.0,0.0,0.0,0.0,0.0
2022-10-06,985535.1252581088,0.0,0.0,0.0,0.0,0.0
2022-10-07,985535.1252581088,0.0,0.0,0.0,0.0,0.0
2022-10-10,985535.1252581088,0.0,0.0,0.0,0.0,0.0
2022-10-11,985535.1252581088,0.0,0.0,0.0,0.0,0.0
2022-10-12,985535.1252581088,0.0,0.0,0.0,0.0,0.0
2022-10-13,985535.1252581088,0.0,0.0,0.0,0.0,0.0
2022-10-14,985535.1252581088,0.0,0.0,0.0,0.0,0.0
2022-10-17,985535.1252581088,0.0,0.0,0.0,0.0,0.0
2022-10-18,985535.1252581088,0.0,0.0,0.0,0.0,0.0
2022-10-19,985535.1252581088,0.0,0.0,0.0,0.0,0.0
2022-10-20,985535.1252581088,0.0,0.0,0.0,0.0,0.0
2022-10-21,985535.1252581088,0.0,0.0,0.0,0.0,0.0
2022-10-24,985535.1252581088,0.0,0.0,0.0,0.0,0.0
2022-10-25,985535.1252581088,0.0,0.0,0.0,0.0,0.0
2022-10-26,985535.1252581088,0.0,0.0,0.0,0.0,0.0
2022-10-27,985535.1252581088,0.0,0.0,0.0,0.0,0.0
2022-10-28,985535.1252581088,0.0,0.0,0.0,0.0,0.0
2022-10-31,985535.1252581088,0.0,0.0,0.0,0.0,0.0
2022-11-01,985535.1252581088,0.0,0.0,0.0,0.0,0.0
2022-11-02,985535.1252581088,0.0,0.0,0.0,0.0,0.0
2022-11-03,985535.1252581088,0.0,0.0,0.0,0.0,0.0
2022-11-04,985535.1252581088,0.0,0.0,0.0,0.0,0.0
2022-11-07,985535.1252581088,0.0,0.0,0.0,0.0,0.0
2022-11-08,985535.1252581088,0.0,0.0,0.0,0.0,0.0
2022-11-09,985535.1252581088,0.0,0.0,0.0,0.0,0.0
2022-11-10,985535.1252581088,0.0,0.0,0.0,0.0,0.0
2022-11-11,985535.1252581088,0.0,0.0,0.0,0.0,0.0
2022-11-14,985535.1252581088,0.0,0.0,0.0,0.0,0.0
2022-11-15,985535.1252581088,0.0,0.0,0.0,0.0,0.0
2022-11-16,985535.1252581088,0.0,0.0,0.0,0.0,0.0
2022-11-17,985535.1252581088,0.0,0.0,0.0,0.0,0.0
2022-11-18,985535.1252581088,0.0,0.0,0.0,0.0,0.0
2022-11-21,985535.1252581088,0.0,0.0,0.0,0.0,0.0
2022-11-22,985535.1252581088,0.0,0.0,0.0,0.0,0.0
2022-11-23,985535.1252581088,0.0,0.0,0.0,0.0,0.0
2022-11-25,985535.1252581088,0.0,0.0,0.0,0.0,0.0
2022-11-28,985535.1252581088,0.0,0.0,0.0,0.0,0.0
2022-11-29,985535.1252581088,0.0,0.0,0.0,0.0,0.0
2022-11-30,985535.1252581088,0.0,0.0,0.0,0.0,0.0
2022-12-01,985535.1252581088,0.0,0.0,0.0,0.0,0.0
2022-12-02,985535.1252581088,0.0,0.0,0.0,0.0,0.0
2022-12-05,985535.1252581088,0.0,0.0,0.0,0.0,0.0
2022-12-06,985535.1252581088,0.0,0.0,0.0,0.0,0.0
2022-12-07,985535.1252581088,0.0,0.0,0.0,0.0,0.0
2022-12-08,985535.1252581088,0.0,0.0,0.0,0.0,0.0
2022-12-09,985535.1252581088,0.0,0.0,0.0,0.0,0.0
2022-12-12,985535.1252581088,0.0,0.0,0.0,0.0,0.0
2022-12-13,985535.1252581088,0.0,0.0,0.0,0.0,0.0
2022-12-14,985535.1252581088,0.0,0.0,0.0,0.0,0.0
2022-12-15,985535.1252581088,0.0,0.0,0.0,0.0,0.0
2022-12-16,985535.1252581088,0.0,0.0,0.0,0.0,0.0
2022-12-19,985535.1252581088,0.0,0.0,0.0,0.0,0.0
2022-12-20,985535.1252581088,0.0,0.0,0.0,0.0,0.0
2022-12-21,985535.1252581088,0.0,0.0,0.0,0.0,0.0
2022-12-22,985535.1252581088,0.0,0.0,0.0,0.0,0.0
2022-12-23,985535.1252581088,0.0,0.0,0.0,0.0,0.0
2022-12-27,985535.1252581088,0.0,0.0,0.0,0.0,0.0
2022-12-28,985535.1252581088,0.0,0.0,0.0,0.0,0.0
2022-12-29,985535.1252581088,0.0,0.0,0.0,0.0,0.0
2022-12-30,985535.1252581088,0.0,0.0,0.0,0.0,0.0
2023-01-03,985535.1252581088,0.0,0.0,0.0,0.0,0.0
2023-01-04,985535.1252581088,0.0,0.0,0.0,0.0,0.0
2023-01-05,985535.1252581088,0.0,0.0,0.0,0.0,0.0
2023-01-06,985535.1252581088,0.0,0.0,0.0,0.0,0.0
2023-01-09,985535.1252581088,0.0,0.0,0.0,0.0,0.0
2023-01-10,985535.1252581088,0.0,0.0,0.0,0.0,0.0
2023-01-11,985535.1252581088,0.0,0.0,0.0,0.0,0.0
2023-01-12,985535.1252581088,0.0,0.0,0.0,0.0,0.0
2023-01-13,985535.1252581088,0.0,0.0,0.0,0.0,0.0
2023-01-17,985535.1252581088,0.0,0.0,0.0,0.0,0.0
2023-01-18,985535.1252581088,0.0,0.0,0.0,0.0,0.0
2023-01-19,985535.1252581088,0.0,0.0,0.0,0.0,0.0
2023-01-20,985535.1252581088,0.0,0.0,0.0,0.0,0.0
2023-01-23,985535.1252581088,0.0,0.0,0.0,0.0,0.0
2023-01-24,985535.1252581088,0.0,0.0,0.0,0.0,0.0
2023-01-25,985535.1252581088,0.0,0.0,0.0,0.0,0.0
2023-01-26,985535.1252581088,0.0,0.0,0.0,0.0,0.0
2023-01-27,985535.1252581088,0.0,0.0,0.0,0.0,0.0
2023-01-30,985535.1252581088,0.0,0.0,0.0,0.0,0.0
2023-01-31,985535.1252581088,0.0,0.0,0.0,0.0,0.0
2023-02-01,985535.1252581088,0.0,0.0,0.0,0.0,0.0
2023-02-02,985535.1252581088,0.0,0.0,0.0,0.0,0.0
2023-02-03,985535.1252581088,0.0,0.0,0.0,0.0,0.0
2023-02-06,985535.1252581088,0.0,0.0,0.0,0.0,0.0
2023-02-07,985535.1252581088,0.0,0.0,0.0,0.0,0.0
2023-02-08,985535.1252581088,0.0,0.0,0.0,0.0,0.0
2023-02-09,985535.1252581088,0.0,0.0,0.0,0.0,0.0
2023-02-10,985535.1252581088,0.0,0.0,0.0,0.0,0.0
2023-02-13,985535.1252581088,0.0,0.0,0.0,0.0,0.0
2023-02-14,985535.1252581088,0.0,0.0,0.0,0.0,0.0
2023-02-15,985535.1252581088,0.0,0.0,0.0,0.0,0.0
2023-02-16,985535.1252581088,0.0,0.0,0.0,0.0,0.0
2023-02-17,985535.1252581088,0.0,0.0,0.0,0.0,0.0
2023-02-21,985535.1252581088,0.0,0.0,0.0,0.0,0.0
2023-02-22,985535.1252581088,0.0,0.0,0.0,0.0,0.0
2023-02-23,985535.1252581088,0.0,0.0,0.0,0.0,0.0
2023-02-24,985535.1252581088,0.0,0.0,0.0,0.0,0.0
2023-02-27,985535.1252581088,0.0,0.0,0.0,0.0,0.0
2023-02-28,985535.1252581088,0.0,0.0,0.0,0.0,0.0
2023-03-01,985535.1252581088,0.0,0.0,0.0,0.0,0.0
2023-03-02,985535.1252581088,0.0,0.0,0.0,0.0,0.0
2023-03-03,985535.1252581088,0.0,0.0,0.0,0.0,0.0
2023-03-06,985535.1252581088,0.0,0.0,0.0,0.0,0.0
2023-03-07,985535.1252581088,0.0,0.0,0.0,0.0,0.0
2023-03-08,985535.1252581088,0.0,0.0,0.0,0.0,0.0
2023-03-09,985535.1252581088,0.0,0.0,0.0,0.0,0.0
2023-03-10,985535.1252581088,0.0,0.0,0.0,0.0,0.0
2023-03-13,985535.1252581088,0.0,0.0,0.0,0.0,0.0
2023-03-14,985535.1252581088,0.0,0.0,0.0,0.0,0.0
2023-03-15,985535.1252581088,0.0,0.0,0.0,0.0,0.0
2023-03-16,985535.1252581088,0.0,0.0,0.0,0.0,0.0
2023-03-17,985535.1252581088,0.0,0.0,0.0,0.0,0.0
2023-03-20,985535.1252581088,0.0,0.0,0.0,0.0,0.0
2023-03-21,985535.1252581088,0.0,0.0,0.0,0.0,0.0
2023-03-22,985535.1252581088,0.0,0.0,0.0,0.0,0.0
2023-03-23,985535.1252581088,0.0,0.0,0.0,0.0,0.0
2023-03-24,985535.1252581088,0.0,0.0,0.0,0.0,0.0
2023-03-27,985535.1252581088,0.0,0.0,0.0,0.0,0.0
2023-03-28,985535.1252581088,0.0,0.0,0.0,0.0,0.0
2023-03-29,985535.1252581088,0.0,0.0,0.0,0.0,0.0
2023-03-30,985535.1252581088,0.0,0.0,0.0,0.0,0.0
2023-03-31,985535.1252581088,0.0,0.0,0.0,0.0,0.0
2023-04-03,985535.1252581088,0.0,0.0,0.0,0.0,0.0
2023-04-04,985535.1252581088,0.0,0.0,0.0,0.0,0.0
2023-04-05,985535.1252581088,0.0,0.0,0.0,0.0,0.0
2023-04-06,985535.1252581088,0.0,0.0,0.0,0.0,0.0
2023-04-10,985535.1252581088,0.0,0.0,0.0,0.0,0.0
2023-04-11,985535.1252581088,0.0,0.0,0.0,0.0,0.0
2023-04-12,985535.1252581088,0.0,0.0,0.0,0.0,0.0
2023-04-13,985535.1252581088,0.0,0.0,0.0,0.0,0.0
2023-04-14,985535.1252581088,0.0,0.0,0.0,0.0,0.0
2023-04-17,985535.1252581088,0.0,0.0,0.0,0.0,0.0
2023-04-18,985535.1252581088,0.0,0.0,0.0,0.0,0.0
2023-04-19,985535.1252581088,0.0,0.0,0.0,0.0,0.0
2023-04-20,985535.1252581088,0.0,0.0,0.0,0.0,0.0
2023-04-21,985535.1252581088,0.0,0.0,0.0,0.0,0.0
2023-04-24,985535.1252581088,0.0,0.0,0.0,0.0,0.0
2023-04-25,985535.1252581088,0.0,0.0,0.0,0.0,0.0
2023-04-26,985535.1252581088,0.0,0.0,0.0,0.0,0.0
2023-04-27,985535.1252581088,0.0,0.0,0.0,0.0,0.0
2023-04-28,985535.1252581088,0.0,0.0,0.0,0.0,0.0
2023-05-01,985535.1252581088,0.0,0.0,0.0,0.0,0.0
2023-05-02,985535.1252581088,0.0,0.0,0.0,0.0,0.0
2023-05-03,985535.1252581088,0.0,0.0,0.0,0.0,0.0
2023-05-04,985535.1252581088,0.0,0.0,0.0,0.0,0.0
2023-05-05,985535.1252581088,0.0,0.0,0.0,0.0,0.0
2023-05-08,985535.1252581088,0.0,0.0,0.0,0.0,0.0
2023-05-09,985535.1252581088,0.0,0.0,0.0,0.0,0.0
2023-05-10,985535.1252581088,0.0,0.0,0.0,0.0,0.0
2023-05-11,985535.1252581088,0.0,0.0,0.0,0.0,0.0
2023-05-12,985535.1252581088,0.0,0.0,0.0,0.0,0.0
2023-05-15,985535.1252581088,0.0,0.0,0.0,0.0,0.0
2023-05-16,985535.1252581088,0.0,0.0,0.0,0.0,0.0
2023-05-17,985535.1252581088,0.0,0.0,0.0,0.0,0.0
2023-05-18,985535.1252581088,0.0,0.0,0.0,0.0,0.0
2023-05-19,985535.1252581088,0.0,0.0,0.0,0.0,0.0
2023-05-22,985535.1252581088,0.0,0.0,0.0,0.0,0.0
2023-05-23,985535.1252581088,0.0,0.0,0.0,0.0,0.0
2023-05-24,985535.1252581088,0.0,0.0,0.0,0.0,0.0
2023-05-25,985535.1252581088,0.0,0.0,0.0,0.0,0.0
2023-05-26,985535.1252581088,0.0,0.0,0.0,0.0,0.0
2023-05-30,985535.1252581088,0.0,0.0,0.0,0.0,0.0
2023-05-31,985535.1252581088,0.0,0.0,0.0,0.0,0.0
2023-06-01,985535.1252581088,0.0,0.0,0.0,0.0,0.0
2023-06-02,985535.1252581088,0.0,0.0,0.0,0.0,0.0
2023-06-05,985535.1252581088,0.0,0.0,0.0,0.0,0.0
2023-06-06,985535.1252581088,0.0,0.0,0.0,0.0,0.0
2023-06-07,985535.1252581088,0.0,0.0,0.0,0.0,0.0
2023-06-08,985535.1252581088,0.0,0.0,0.0,0.0,0.0
2023-06-09,985535.1252581088,0.0,0.0,0.0,0.0,0.0
2023-06-12,985535.1252581088,0.0,0.0,0.0,0.0,0.0
2023-06-13,985535.1252581088,0.0,0.0,0.0,0.0,0.0
2023-06-14,985535.1252581088,0.0,0.0,0.0,0.0,0.0
2023-06-15,985535.1252581088,0.0,0.0,0.0,0.0,0.0
2023-06-16,985535.1252581088,0.0,0.0,0.0,0.0,0.0
2023-06-20,985535.1252581088,0.0,0.0,0.0,0.0,0.0
2023-06-21,985535.1252581088,0.0,0.0,0.0,0.0,0.0
2023-06-22,985535.1252581088,0.0,0.0,0.0,0.0,0.0
2023-06-23,985535.1252581088,0.0,0.0,0.0,0.0,0.0
2023-06-26,985535.1252581088,0.0,0.0,0.0,0.0,0.0
2023-06-27,985535.1252581088,0.0,0.0,0.0,0.0,0.0
2023-06-28,985535.1252581088,0.0,0.0,0.0,0.0,0.0
2023-06-29,985535.1252581088,0.0,0.0,0.0,0.0,0.0
2023-06-30,985535.1252581088,0.0,0.0,0.0,0.0,0.0
2023-07-03,985042.3576954798,0.0,492.76756262905445,-0.0005,-1.0579226263684873,-0.5
2023-07-05,989200.7247291827,4650.888212550681,492.5211788477399,0.004241537348235105,0.0,0.0
2023-07-06,989200.7247291827,0.0,0.0,0.0,0.0,0.0
2023-07-07,989200.7247291827,0.0,0.0,0.0,0.0,0.0
2023-07-10,989200.7247291827,0.0,0.0,0.0,0.0,0.0
2023-07-11,989200.7247291827,0.0,0.0,0.0,0.0,0.0
2023-07-12,989200.7247291827,0.0,0.0,0.0,0.0,0.0
2023-07-13,989200.7247291827,0.0,0.0,0.0,0.0,0.0
2023-07-14,989200.7247291827,0.0,0.0,0.0,0.0,0.0
2023-07-17,989200.7247291827,0.0,0.0,0.0,0.0,0.0
2023-07-18,989200.7247291827,0.0,0.0,0.0,0.0,0.0
2023-07-19,989200.7247291827,0.0,0.0,0.0,0.0,0.0
2023-07-20,989200.7247291827,0.0,0.0,0.0,0.0,0.0
2023-07-21,989200.7247291827,0.0,0.0,0.0,0.0,0.0
2023-07-24,989200.7247291827,0.0,0.0,0.0,0.0,0.0
2023-07-25,989200.7247291827,0.0,0.0,0.0,0.0,0.0
2023-07-26,989200.7247291827,0.0,0.0,0.0,0.0,0.0
2023-07-27,988706.1243668181,0.0,494.6003623645913,-0.0005,-0.09126947763662083,-0.5
2023-07-28,1003307.6100481492,14601.485681331109,0.0,0.014989648033126295,-1.271939730466597,-0.5
2023-07-31,1017141.6816849322,13834.071636782955,0.0,0.013981244671781756,-1.5388568329687753,-0.5
2023-08-01,1016789.9121252971,-351.76955963511404,0.0,-0.0003457216940363008,-1.290717615292442,-0.5
2023-08-02,1022763.7944498626,5973.882324565423,0.0,0.0059099600208586825,-1.3852038344422923,-0.5
2023-08-03,1023121.466698315,357.6722484524786,0.0,0.00034983382893125764,-1.087519574855571,-0.5
2023-08-04,1017661.2383983502,-5460.2282999647605,0.0,-0.005308502306152641,-0.5411691514677106,-0.5
2023-08-07,1028056.3237628763,10395.085364526083,0.0,0.0103200979534721,-1.4440174208422625,-0.5
2023-08-08,1022423.6362343063,-5632.687528570019,0.0,-0.00544911232202496,-1.5167878507595536,-0.5
2023-08-09,1021887.4000614561,-536.2361728501606,0.0,-0.0005242005940940067,-1.7564560606445967,-0.5
2023-08-10,1028847.5133346654,6960.113273209359,0.0,0.006857745735888869,-1.9326747381374747,-0.5
2023-08-11,1032763.9831534855,3916.4698188199905,0.0,0.003821203234692971,-2.2445148703326883,-0.5
2023-08-14,1036541.2644478024,3777.2812943169406,0.0,0.0036708747425911003,-2.004567168871975,-0.5
2023-08-15,1061784.1367218278,25242.87227402538,0.0,0.024960854748088786,-1.723005156649949,-0.5
2023-08-16,1057170.3004957552,-4613.836226072556,0.0,-0.004326561324303988,-0.7431221484451651,-0.5
2023-08-17,1056378.264308832,-792.0361869232104,0.0,-0.0007486430844095076,-0.42502822453771244,-0.5
2023-08-18,1045048.523459137,-10273.36258538606,1056.3782643088318,-0.010621781811446565,0.540639445441951,0.5
2023-08-21,1047305.8934535361,2779.8942561286894,522.5242617295685,0.0021658235997424813,1.1905493718650688,0.5
2023-08-22,1046782.2405068093,0.0,523.652946726768,-0.0005,0.9045099054939846,0.5
2023-08-23,1049356.984023646,3098.1346370900756,523.3911202534047,0.0024669758812615955,0.0,0.0
2023-08-24,1049356.984023646,0.0,0.0,0.0,0.0,0.0
2023-08-25,1048832.3055316343,0.0,524.678492011823,-0.0005,-0.1334451061764167,-0.5
2023-08-28,1042372.2276237037,-5411.24560239891,1048.8323055316343,-0.006127690229626294,0.5402605926251124,0.5
2023-08-29,1037422.7805654653,-4949.447058238335,0.0,-0.0047258136424431565,0.42530955899008677,0.5
2023-08-30,1037141.2801727649,-281.50039270047,0.0,-0.0002712722669319107,0.5476856512169974,0.5
2023-08-31,1029163.2703252821,-7978.009847482807,0.0,-0.0076335877862595426,0.7990938066071682,0.5
2023-09-01,1029163.2703252821,0.0,0.0,0.0,0.0,0.0
2023-09-05,1029163.2703252821,0.0,0.0,0.0,0.0,0.0
2023-09-06,1029163.2703252821,0.0,0.0,0.0,0.0,0.0
2023-09-07,1029163.2703252821,0.0,0.0,0.0,0.0,0.0
2023-09-08,1029163.2703252821,0.0,0.0,0.0,0.0,0.0
2023-09-11,1029163.2703252821,0.0,0.0,0.0,0.0,0.0
2023-09-12,1029163.2703252821,0.0,0.0,0.0,0.0,0.0
2023-09-13,1029163.2703252821,0.0,0.0,0.0,0.0,0.0
2023-09-14,1029163.2703252821,0.0,0.0,0.0,0.0,0.0
2023-09-15,1029163.2703252821,0.0,0.0,0.0,0.0,0.0
2023-09-18,1029163.2703252821,0.0,0.0,0.0,0.0,0.0
2023-09-19,1029163.2703252821,0.0,0.0,0.0,0.0,0.0
2023-09-20,1029163.2703252821,0.0,0.0,0.0,0.0,0.0
2023-09-21,1029163.2703252821,0.0,0.0,0.0,0.0,0.0
2023-09-22,1029163.2703252821,0.0,0.0,0.0,0.0,0.0
2023-09-25,1029163.2703252821,0.0,0.0,0.0,0.0,0.0
2023-09-26,1029163.2703252821,0.0,0.0,0.0,0.0,0.0
2023-09-27,1029163.2703252821,0.0,0.0,0.0,0.0,0.0
2023-09-28,1029163.2703252821,0.0,0.0,0.0,0.0,0.0
2023-09-29,1029163.2703252821,0.0,0.0,0.0,0.0,0.0
2023-10-02,1029163.2703252821,0.0,0.0,0.0,0.0,0.0
2023-10-03,1029163.2703252821,0.0,0.0,0.0,0.0,0.0
2023-10-04,1029163.2703252821,0.0,0.0,0.0,0.0,0.0
2023-10-05,1029163.2703252821,0.0,0.0,0.0,0.0,0.0
2023-10-06,1029163.2703252821,0.0,0.0,0.0,0.0,0.0
2023-10-09,1029163.2703252821,0.0,0.0,0.0,0.0,0.0
2023-10-10,1029163.2703252821,0.0,0.0,0.0,0.0,0.0
2023-10-11,1029163.2703252821,0.0,0.0,0.0,0.0,0.0
2023-10-12,1029163.2703252821,0.0,0.0,0.0,0.0,0.0
2023-10-13,1029163.2703252821,0.0,0.0,0.0,0.0,0.0
2023-10-16,1029163.2703252821,0.0,0.0,0.0,0.0,0.0
2023-10-17,1029163.2703252821,0.0,0.0,0.0,0.0,0.0
2023-10-18,1029163.2703252821,0.0,0.0,0.0,0.0,0.0
2023-10-19,1029163.2703252821,0.0,0.0,0.0,0.0,0.0
2023-10-20,1029163.2703252821,0.0,0.0,0.0,0.0,0.0
2023-10-23,1029163.2703252821,0.0,0.0,0.0,0.0,0.0
2023-10-24,1029163.2703252821,0.0,0.0,0.0,0.0,0.0
2023-10-25,1029163.2703252821,0.0,0.0,0.0,0.0,0.0
2023-10-26,1029163.2703252821,0.0,0.0,0.0,0.0,0.0
2023-10-27,1029163.2703252821,0.0,0.0,0.0,0.0,0.0
2023-10-30,1029163.2703252821,0.0,0.0,0.0,0.0,0.0
2023-10-31,1029163.2703252821,0.0,0.0,0.0,0.0,0.0
2023-11-01,1029163.2703252821,0.0,0.0,0.0,0.0,0.0
2023-11-02,1029163.2703252821,0.0,0.0,0.0,0.0,0.0
2023-11-03,1029163.2703252821,0.0,0.0,0.0,0.0,0.0
2023-11-06,1029163.2703252821,0.0,0.0,0.0,0.0,0.0
2023-11-07,1029163.2703252821,0.0,0.0,0.0,0.0,0.0
2023-11-08,1029163.2703252821,0.0,0.0,0.0,0.0,0.0
2023-11-09,1029163.2703252821,0.0,0.0,0.0,0.0,0.0
2023-11-10,1029163.2703252821,0.0,0.0,0.0,0.0,0.0
2023-11-13,1029163.2703252821,0.0,0.0,0.0,0.0,0.0
2023-11-14,1029163.2703252821,0.0,0.0,0.0,0.0,0.0
2023-11-15,1029163.2703252821,0.0,0.0,0.0,0.0,0.0
2023-11-16,1029163.2703252821,0.0,0.0,0.0,0.0,0.0
2023-11-17,1029163.2703252821,0.0,0.0,0.0,0.0,0.0
2023-11-20,1029163.2703252821,0.0,0.0,0.0,0.0,0.0
2023-11-21,1029163.2703252821,0.0,0.0,0.0,0.0,0.0
2023-11-22,1029163.2703252821,0.0,0.0,0.0,0.0,0.0
2023-11-24,1029163.2703252821,0.0,0.0,0.0,0.0,0.0
2023-11-27,1029163.2703252821,0.0,0.0,0.0,0.0,0.0
2023-11-28,1029163.2703252821,0.0,0.0,0.0,0.0,0.0
2023-11-29,1029163.2703252821,0.0,0.0,0.0,0.0,0.0
2023-11-30,1029163.2703252821,0.0,0.0,0.0,0.0,0.0
2023-12-01,1029163.2703252821,0.0,0.0,0.0,0.0,0.0
2023-12-04,1029163.2703252821,0.0,0.0,0.0,0.0,0.0
2023-12-05,1029163.2703252821,0.0,0.0,0.0,0.0,0.0
2023-12-06,1029163.2703252821,0.0,0.0,0.0,0.0,0.0
2023-12-07,1029163.2703252821,0.0,0.0,0.0,0.0,0.0
2023-12-08,1029163.2703252821,0.0,0.0,0.0,0.0,0.0
2023-12-11,1029163.2703252821,0.0,0.0,0.0,0.0,0.0
2023-12-12,1029163.2703252821,0.0,0.0,0.0,0.0,0.0
2023-12-13,1029163.2703252821,0.0,0.0,0.0,0.0,0.0
2023-12-14,1029163.2703252821,0.0,0.0,0.0,0.0,0.0
2023-12-15,1029163.2703252821,0.0,0.0,0.0,0.0,0.0
2023-12-18,1029163.2703252821,0.0,0.0,0.0,0.0,0.0
2023-12-19,1029163.2703252821,0.0,0.0,0.0,0.0,0.0
2023-12-20,1029163.2703252821,0.0,0.0,0.0,0.0,0.0
2023-12-21,1029163.2703252821,0.0,0.0,0.0,0.0,0.0
2023-12-22,1029163.2703252821,0.0,0.0,0.0,0.0,0.0
2023-12-26,1029163.2703252821,0.0,0.0,0.0,0.0,0.0
2023-12-27,1029163.2703252821,0.0,0.0,0.0,0.0,0.0
2023-12-28,1029163.2703252821,0.0,0.0,0.0,0.0,0.0
2023-12-29,1029163.2703252821,0.0,0.0,0.0,0.0,0.0
2024-01-02,1029163.2703252821,0.0,0.0,0.0,0.0,0.0
2024-01-03,1029163.2703252821,0.0,0.0,0.0,0.0,0.0
2024-01-04,1029163.2703252821,0.0,0.0,0.0,0.0,0.0
2024-01-05,1029163.2703252821,0.0,0.0,0.0,0.0,0.0
2024-01-08,1029163.2703252821,0.0,0.0,0.0,0.0,0.0
2024-01-09,1029163.2703252821,0.0,0.0,0.0,0.0,0.0
2024-01-10,1029163.2703252821,0.0,0.0,0.0,0.0,0.0
2024-01-11,1029163.2703252821,0.0,0.0,0.0,0.0,0.0
2024-01-12,1029163.2703252821,0.0,0.0,0.0,0.0,0.0
2024-01-16,1029163.2703252821,0.0,0.0,0.0,0.0,0.0
2024-01-17,1029163.2703252821,0.0,0.0,0.0,0.0,0.0
2024-01-18,1029163.2703252821,0.0,0.0,0.0,0.0,0.0
2024-01-19,1029163.2703252821,0.0,0.0,0.0,0.0,0.0
2024-01-22,1029163.2703252821,0.0,0.0,0.0,0.0,0.0
2024-01-23,1029163.2703252821,0.0,0.0,0.0,0.0,0.0
2024-01-24,1029163.2703252821,0.0,0.0,0.0,0.0,0.0
2024-01-25,1029163.2703252821,0.0,0.0,0.0,0.0,0.0
2024-01-26,1029163.2703252821,0.0,0.0,0.0,0.0,0.0
2024-01-29,1029163.2703252821,0.0,0.0,0.0,0.0,0.0
2024-01-30,1029163.2703252821,0.0,0.0,0.0,0.0,0.0
2024-01-31,1029163.2703252821,0.0,0.0,0.0,0.0,0.0
2024-02-01,1029163.2703252821,0.0,0.0,0.0,0.0,0.0
2024-02-02,1029163.2703252821,0.0,0.0,0.0,0.0,0.0
2024-02-05,1029163.2703252821,0.0,0.0,0.0,0.0,0.0
2024-02-06,1029163.2703252821,0.0,0.0,0.0,0.0,0.0
2024-02-07,1029163.2703252821,0.0,0.0,0.0,0.0,0.0
2024-02-08,1029163.2703252821,0.0,0.0,0.0,0.0,0.0
2024-02-09,1029163.2703252821,0.0,0.0,0.0,0.0,0.0
2024-02-12,1029163.2703252821,0.0,0.0,0.0,0.0,0.0
2024-02-13,1029163.2703252821,0.0,0.0,0.0,0.0,0.0
2024-02-14,1029163.2703252821,0.0,0.0,0.0,0.0,0.0
2024-02-15,1029163.2703252821,0.0,0.0,0.0,0.0,0.0
2024-02-16,1029163.2703252821,0.0,0.0,0.0,0.0,0.0
2024-02-20,1029163.2703252821,0.0,0.0,0.0,0.0,0.0
2024-02-21,1029163.2703252821,0.0,0.0,0.0,0.0,0.0
2024-02-22,1029163.2703252821,0.0,0.0,0.0,0.0,0.0
2024-02-23,1029163.2703252821,0.0,0.0,0.0,0.0,0.0
2024-02-26,1029163.2703252821,0.0,0.0,0.0,0.0,0.0
2024-02-27,1029163.2703252821,0.0,0.0,0.0,0.0,0.0
2024-02-28,1029163.2703252821,0.0,0.0,0.0,0.0,0.0
2024-02-29,1029163.2703252821,0.0,0.0,0.0,0.0,0.0
2024-03-01,1029163.2703252821,0.0,0.0,0.0,0.0,0.0
2024-03-04,1029163.2703252821,0.0,0.0,0.0,0.0,0.0
2024-03-05,1029163.2703252821,0.0,0.0,0.0,0.0,0.0
2024-03-06,1029163.2703252821,0.0,0.0,0.0,0.0,0.0
2024-03-07,1029163.2703252821,0.0,0.0,0.0,0.0,0.0
2024-03-08,1029163.2703252821,0.0,0.0,0.0,0.0,0.0
2024-03-11,1029163.2703252821,0.0,0.0,0.0,0.0,0.0
2024-03-12,1029163.2703252821,0.0,0.0,0.0,0.0,0.0
2024-03-13,1029163.2703252821,0.0,0.0,0.0,0.0,0.0
2024-03-14,1029163.2703252821,0.0,0.0,0.0,0.0,0.0
2024-03-15,1029163.2703252821,0.0,0.0,0.0,0.0,0.0
2024-03-18,1029163.2703252821,0.0,0.0,0.0,0.0,0.0
2024-03-19,1029163.2703252821,0.0,0.0,0.0,0.0,0.0
2024-03-20,1029163.2703252821,0.0,0.0,0.0,0.0,0.0
2024-03-21,1029163.2703252821,0.0,0.0,0.0,0.0,0.0
2024-03-22,1029163.2703252821,0.0,0.0,0.0,0.0,0.0
2024-03-25,1029163.2703252821,0.0,0.0,0.0,0.0,0.0
2024-03-26,1029163.2703252821,0.0,0.0,0.0,0.0,0.0
2024-03-27,1029163.2703252821,0.0,0.0,0.0,0.0,0.0
2024-03-28,1029163.2703252821,0.0,0.0,0.0,0.0,0.0
2024-04-01,1029163.2703252821,0.0,0.0,0.0,0.0,0.0
2024-04-02,1029163.2703252821,0.0,0.0,0.0,0.0,0.0
2024-04-03,1029163.2703252821,0.0,0.0,0.0,0.0,0.0
2024-04-04,1029163.2703252821,0.0,0.0,0.0,0.0,0.0
2024-04-05,1029163.2703252821,0.0,0.0,0.0,0.0,0.0
2024-04-08,1029163.2703252821,0.0,0.0,0.0,0.0,0.0
2024-04-09,1029163.2703252821,0.0,0.0,0.0,0.0,0.0
2024-04-10,1029163.2703252821,0.0,0.0,0.0,0.0,0.0
2024-04-11,1029163.2703252821,0.0,0.0,0.0,0.0,0.0
2024-04-12,1029163.2703252821,0.0,0.0,0.0,0.0,0.0
2024-04-15,1029163.2703252821,0.0,0.0,0.0,0.0,0.0
2024-04-16,1029163.2703252821,0.0,0.0,0.0,0.0,0.0
2024-04-17,1029163.2703252821,0.0,0.0,0.0,0.0,0.0
2024-04-18,1029163.2703252821,0.0,0.0,0.0,0.0,0.0
2024-04-19,1029163.2703252821,0.0,0.0,0.0,0.0,0.0
2024-04-22,1029163.2703252821,0.0,0.0,0.0,0.0,0.0
2024-04-23,1029163.2703252821,0.0,0.0,0.0,0.0,0.0
2024-04-24,1029163.2703252821,0.0,0.0,0.0,0.0,0.0
2024-04-25,1029163.2703252821,0.0,0.0,0.0,0.0,0.0
2024-04-26,1029163.2703252821,0.0,0.0,0.0,0.0,0.0
2024-04-29,1029163.2703252821,0.0,0.0,0.0,0.0,0.0
2024-04-30,1029163.2703252821,0.0,0.0,0.0,0.0,0.0
2024-05-01,1029163.2703252821,0.0,0.0,0.0,0.0,0.0
2024-05-02,1029163.2703252821,0.0,0.0,0.0,0.0,0.0
2024-05-03,1029163.2703252821,0.0,0.0,0.0,0.0,0.0
2024-05-06,1029163.2703252821,0.0,0.0,0.0,0.0,0.0
2024-05-07,1029163.2703252821,0.0,0.0,0.0,0.0,0.0
2024-05-08,1029163.2703252821,0.0,0.0,0.0,0.0,0.0
2024-05-09,1029163.2703252821,0.0,0.0,0.0,0.0,0.0
2024-05-10,1029163.2703252821,0.0,0.0,0.0,0.0,0.0
2024-05-13,1029163.2703252821,0.0,0.0,0.0,0.0,0.0
2024-05-14,1029163.2703252821,0.0,0.0,0.0,0.0,0.0
2024-05-15,1029163.2703252821,0.0,0.0,0.0,0.0,0.0
2024-05-16,1029163.2703252821,0.0,0.0,0.0,0.0,0.0
2024-05-17,1029163.2703252821,0.0,0.0,0.0,0.0,0.0
2024-05-20,1029163.2703252821,0.0,0.0,0.0,0.0,0.0
2024-05-21,1029163.2703252821,0.0,0.0,0.0,0.0,0.0
2024-05-22,1029163.2703252821,0.0,0.0,0.0,0.0,0.0
2024-05-23,1029163.2703252821,0.0,0.0,0.0,0.0,0.0
2024-05-24,1029163.2703252821,0.0,0.0,0.0,0.0,0.0
2024-05-28,1029163.2703252821,0.0,0.0,0.0,0.0,0.0
2024-05-29,1029163.2703252821,0.0,0.0,0.0,0.0,0.0
2024-05-30,1029163.2703252821,0.0,0.0,0.0,0.0,0.0
2024-05-31,1029163.2703252821,0.0,0.0,0.0,0.0,0.0
2024-06-03,1029163.2703252821,0.0,0.0,0.0,0.0,0.0
2024-06-04,1029163.2703252821,0.0,0.0,0.0,0.0,0.0
2024-06-05,1029163.2703252821,0.0,0.0,0.0,0.0,0.0
2024-06-06,1029163.2703252821,0.0,0.0,0.0,0.0,0.0
2024-06-07,1029163.2703252821,0.0,0.0,0.0,0.0,0.0
2024-06-10,1029163.2703252821,0.0,0.0,0.0,0.0,0.0
2024-06-11,1029163.2703252821,0.0,0.0,0.0,0.0,0.0
2024-06-12,1029163.2703252821,0.0,0.0,0.0,0.0,0.0
2024-06-13,1029163.2703252821,0.0,0.0,0.0,0.0,0.0
2024-06-14,1029163.2703252821,0.0,0.0,0.0,0.0,0.0
2024-06-17,1029163.2703252821,0.0,0.0,0.0,0.0,0.0
2024-06-18,1029163.2703252821,0.0,0.0,0.0,0.0,0.0
2024-06-20,1029163.2703252821,0.0,0.0,0.0,0.0,0.0
2024-06-21,1029163.2703252821,0.0,0.0,0.0,0.0,0.0
2024-06-24,1029163.2703252821,0.0,0.0,0.0,0.0,0.0
2024-06-25,1029163.2703252821,0.0,0.0,0.0,0.0,0.0
2024-06-26,1029163.2703252821,0.0,0.0,0.0,0.0,0.0
2024-06-27,1029163.2703252821,0.0,0.0,0.0,0.0,0.0
2024-06-28,1029163.2703252821,0.0,0.0,0.0,0.0,0.0
2024-07-01,1028648.6886901195,0.0,514.5816351626411,-0.0005,-2.2706037483284773,-0.5
2024-07-02,1026209.0303081464,-2439.6583819731163,0.0,-0.002366100236610023,-1.981980093004634,-0.5
2024-07-03,1021144.0501156384,-5064.980192508019,0.0,-0.004911381592995943,-1.8003373470257802,-0.5
2024-07-05,1015936.3456526602,-5207.704462978182,0.0,-0.005073995771670191,-1.8274856823771641,-0.5
2024-07-08,1022026.8348935313,6090.4892408710175,0.0,0.006031107819278384,-1.9558327521081407,-0.5
2024-07-09,1027575.41575148,5548.580857948701,0.0,0.005458632131007172,-2.030879255662841,-0.5
2024-07-10,1036532.9715710959,8957.555819615785,0.0,0.008793833459993485,-2.111817767834697,-0.5
2024-07-11,1035851.7888953646,-681.1826757312788,0.0,-0.0006567425569176883,-1.8466017224424083,-0.5
2024-07-12,1039590.9169891676,3739.1280938030004,0.0,0.0036227906466132394,-1.6902809661311209,-0.5
2024-07-15,1065477.6013478665,25886.68435869897,0.0,0.02553672316384181,-2.4359170195485786,-0.5
2024-07-16,1059300.203380868,-6177.397966998297,0.0,-0.005764353239566519,-2.3705119590757726,-0.5
2024-07-17,1056021.7639618763,-3278.4394189916825,0.0,-0.0030853616729516623,-2.008664534712388,-0.5
2024-07-18,1055420.2478055982,-601.516156278125,0.0,-0.0005692815666628714,-1.6941039000901215,-0.5
2024-07-19,1056020.7372501849,600.489444586708,0.0,0.0005692815666628714,-1.4573347959714211,-0.5
2024-07-22,1046155.8818782875,-9864.855371897376,0.0,-0.00925507900677201,-0.9570695726401723,-0.5
2024-07-23,1046272.875378833,116.99350054554769,0.0,0.00011184431271669834,-1.0782566221865386,-0.5
2024-07-24,1049315.7271416797,3042.851762846718,0.0,0.0029167601525689926,-1.3316386127954232,-0.5
2024-07-25,1046954.5306359604,-2361.1965057193515,0.0,-0.00224517287831163,-1.4913603842090928,-0.5
2024-07-26,1065013.5581581309,18059.027522170465,0.0,0.01755185776156827,-1.4594640976161861,-0.5
2024-07-29,1076256.740732654,11243.18257452319,0.0,0.01066948059561496,-1.694398527605055,-0.5
2024-07-30,1090287.1082937575,14030.367561103572,0.0,0.013208453410182517,-1.5122556908274591,-0.5
2024-07-31,1089623.755222272,-663.3530714856155,0.0,-0.0006080505898090721,-1.5676582410455604,-0.5
2024-08-01,1093066.9027229743,3443.147500702366,0.0,0.0031699585466959277,-1.9417730131803381,-0.5
2024-08-02,1089189.8307832768,-3877.071939697438,0.0,-0.0035344302254722727,-2.0441748517758023,-0.5
2024-08-05,1081253.0576660803,-7936.773117196576,0.0,-0.007234145165179649,-1.532620828326729,-0.5
2024-08-06,1089407.108735384,8154.051069303694,0.0,0.007598600892534073,-1.3473705437010015,-0.5
2024-08-07,1093776.3885832531,4369.2798478691875,0.0,0.004026845637583893,-1.0420338949417267,-0.5
2024-08-08,1099404.7404970606,5628.351913807478,0.0,0.005172413793103448,-0.6300346768038976,-0.5
2024-08-09,1089469.5404405757,-9935.20005648495,0.0,-0.008955956324377377,-0.28921259407528965,-0.5
2024-08-12,1096858.433082552,8478.362182416931,1089.4695404405757,0.006835294117647059,0.2350121820075811,0.5
2024-08-13,1083845.7034900726,-12464.30037593809,548.429216541276,-0.011730337078651685,0.40679824813147425,0.5
2024-08-14,1083303.7806383276,0.0,541.9228517450363,-0.0005,0.3140223056248126,0.5
2024-08-15,1066602.5478946718,-15617.92896301748,1083.3037806383277,-0.015197836750094328,-0.05461347210735936,-0.5
2024-08-16,1073748.7289170874,7146.181022415694,0.0,0.006745139531807962,-0.3034072810403911,-0.5
2024-08-19,1063740.4185277137,-10008.310389373652,0.0,-0.009234828496042216,-0.3804835853936833,-0.5
2024-08-20,1063184.2143873072,-556.2041404066478,0.0,-0.0005226025607525477,-0.19026855741867843,-0.5
2024-08-21,1058927.867868022,-3193.1623048978927,1063.1842143873073,-0.003991407368832183,0.10407895889636903,0.5
2024-08-22,1046969.5702947461,-11958.29757327595,0.0,-0.011166730843280709,0.6230086797494013,0.5
2024-08-23,1052948.2809883284,5978.710693582215,0.0,0.0057432883665019365,0.785217954462093,0.5
2024-08-26,1057234.1786656706,4285.897677342198,0.0,0.004087013843111404,0.42392438671496413,0.5
2024-08-27,1060445.5378106094,4268.593323604557,1057.2341786656707,0.003049823460180463,-0.05936559400347891,-0.5
2024-08-28,1065377.8426376355,4932.304827026091,0.0,0.004672897196261683,-0.19558421179351806,-0.5
2024-08-29,1056902.6146249992,-8475.22801263638,0.0,-0.007892353473929357,-0.44537350735895115,-0.5
2024-08-30,1052425.3634975762,-4477.251127422975,0.0,-0.004218330563722356,-0.6229434927352997,-0.5
2024-09-03,1052425.3634975762,0.0,0.0,0.0,0.0,0.0
2024-09-04,1052425.3634975762,0.0,0.0,0.0,0.0,0.0
2024-09-05,1052425.3634975762,0.0,0.0,0.0,0.0,0.0
2024-09-06,1052425.3634975762,0.0,0.0,0.0,0.0,0.0
2024-09-09,1052425.3634975762,0.0,0.0,0.0,0.0,0.0
2024-09-10,1052425.3634975762,0.0,0.0,0.0,0.0,0.0
2024-09-11,1052425.3634975762,0.0,0.0,0.0,0.0,0.0
2024-09-12,1052425.3634975762,0.0,0.0,0.0,0.0,0.0
2024-09-13,1052425.3634975762,0.0,0.0,0.0,0.0,0.0
2024-09-16,1052425.3634975762,0.0,0.0,0.0,0.0,0.0
2024-09-17,1052425.3634975762,0.0,0.0,0.0,0.0,0.0
2024-09-18,1052425.3634975762,0.0,0.0,0.0,0.0,0.0
2024-09-19,1052425.3634975762,0.0,0.0,0.0,0.0,0.0
2024-09-20,1052425.3634975762,0.0,0.0,0.0,0.0,0.0
2024-09-23,1052425.3634975762,0.0,0.0,0.0,0.0,0.0
2024-09-24,1052425.3634975762,0.0,0.0,0.0,0.0,0.0
2024-09-25,1052425.3634975762,0.0,0.0,0.0,0.0,0.0
2024-09-26,1052425.3634975762,0.0,0.0,0.0,0.0,0.0
2024-09-27,1052425.3634975762,0.0,0.0,0.0,0.0,0.0
2024-09-30,1052425.3634975762,0.0,0.0,0.0,0.0,0.0
2024-10-01,1052425.3634975762,0.0,0.0,0.0,0.0,0.0
2024-10-02,1052425.3634975762,0.0,0.0,0.0,0.0,0.0
2024-10-03,1052425.3634975762,0.0,0.0,0.0,0.0,0.0
2024-10-04,1052425.3634975762,0.0,0.0,0.0,0.0,0.0
2024-10-07,1052425.3634975762,0.0,0.0,0.0,0.0,0.0
2024-10-08,1052425.3634975762,0.0,0.0,0.0,0.0,0.0
2024-10-09,1052425.3634975762,0.0,0.0,0.0,0.0,0.0
2024-10-10,1052425.3634975762,0.0,0.0,0.0,0.0,0.0
2024-10-11,1052425.3634975762,0.0,0.0,0.0,0.0,0.0
2024-10-14,1052425.3634975762,0.0,0.0,0.0,0.0,0.0
2024-10-15,1052425.3634975762,0.0,0.0,0.0,0.0,0.0
2024-10-16,1052425.3634975762,0.0,0.0,0.0,0.0,0.0
2024-10-17,1052425.3634975762,0.0,0.0,0.0,0.0,0.0
2024-10-18,1052425.3634975762,0.0,0.0,0.0,0.0,0.0
2024-10-21,1052425.3634975762,0.0,0.0,0.0,0.0,0.0
2024-10-22,1052425.3634975762,0.0,0.0,0.0,0.0,0.0
2024-10-23,1052425.3634975762,0.0,0.0,0.0,0.0,0.0
2024-10-24,1052425.3634975762,0.0,0.0,0.0,0.0,0.0
2024-10-25,1052425.3634975762,0.0,0.0,0.0,0.0,0.0
2024-10-28,1052425.3634975762,0.0,0.0,0.0,0.0,0.0
2024-10-29,1052425.3634975762,0.0,0.0,0.0,0.0,0.0
2024-10-30,1052425.3634975762,0.0,0.0,0.0,0.0,0.0
2024-10-31,1052425.3634975762,0.0,0.0,0.0,0.0,0.0
2024-11-01,1052425.3634975762,0.0,0.0,0.0,0.0,0.0
2024-11-04,1052425.3634975762,0.0,0.0,0.0,0.0,0.0
2024-11-05,1052425.3634975762,0.0,0.0,0.0,0.0,0.0
2024-11-06,1052425.3634975762,0.0,0.0,0.0,0.0,0.0
2024-11-07,1052425.3634975762,0.0,0.0,0.0,0.0,0.0
2024-11-08,1052425.3634975762,0.0,0.0,0.0,0.0,0.0
2024-11-11,1052425.3634975762,0.0,0.0,0.0,0.0,0.0
2024-11-12,1052425.3634975762,0.0,0.0,0.0,0.0,0.0
2024-11-13,1052425.3634975762,0.0,0.0,0.0,0.0,0.0
2024-11-14,1052425.3634975762,0.0,0.0,0.0,0.0,0.0
2024-11-15,1052425.3634975762,0.0,0.0,0.0,0.0,0.0
2024-11-18,1052425.3634975762,0.0,0.0,0.0,0.0,0.0
2024-11-19,1052425.3634975762,0.0,0.0,0.0,0.0,0.0
2024-11-20,1052425.3634975762,0.0,0.0,0.0,0.0,0.0
2024-11-21,1052425.3634975762,0.0,0.0,0.0,0.0,0.0
2024-11-22,1052425.3634975762,0.0,0.0,0.0,0.0,0.0
2024-11-25,1052425.3634975762,0.0,0.0,0.0,0.0,0.0
2024-11-26,1052425.3634975762,0.0,0.0,0.0,0.0,0.0
2024-11-27,1052425.3634975762,0.0,0.0,0.0,0.0,0.0
2024-11-29,1052425.3634975762,0.0,0.0,0.0,0.0,0.0
2024-12-02,1052425.3634975762,0.0,0.0,0.0,0.0,0.0
2024-12-03,1052425.3634975762,0.0,0.0,0.0,0.0,0.0
2024-12-04,1052425.3634975762,0.0,0.0,0.0,0.0,0.0
2024-12-05,1052425.3634975762,0.0,0.0,0.0,0.0,0.0
2024-12-06,1052425.3634975762,0.0,0.0,0.0,0.0,0.0
2024-12-09,1052425.3634975762,0.0,0.0,0.0,0.0,0.0
2024-12-10,1052425.3634975762,0.0,0.0,0.0,0.0,0.0
2024-12-11,1052425.3634975762,0.0,0.0,0.0,0.0,0.0
2024-12-12,1052425.3634975762,0.0,0.0,0.0,0.0,0.0
2024-12-13,1052425.3634975762,0.0,0.0,0.0,0.0,0.0
2024-12-16,1052425.3634975762,0.0,0.0,0.0,0.0,0.0
2024-12-17,1052425.3634975762,0.0,0.0,0.0,0.0,0.0
2024-12-18,1052425.3634975762,0.0,0.0,0.0,0.0,0.0
2024-12-19,1052425.3634975762,0.0,0.0,0.0,0.0,0.0
2024-12-20,1052425.3634975762,0.0,0.0,0.0,0.0,0.0
2024-12-23,1052425.3634975762,0.0,0.0,0.0,0.0,0.0
2024-12-24,1052425.3634975762,0.0,0.0,0.0,0.0,0.0
2024-12-26,1052425.3634975762,0.0,0.0,0.0,0.0,0.0
2024-12-27,1052425.3634975762,0.0,0.0,0.0,0.0,0.0
2024-12-30,1052425.3634975762,0.0,0.0,0.0,0.0,0.0
2024-12-31,1052425.3634975762,0.0,0.0,0.0,0.0,0.0
2025-01-02,1052425.3634975762,0.0,0.0,0.0,0.0,0.0
2025-01-03,1052425.3634975762,0.0,0.0,0.0,0.0,0.0
2025-01-06,1052425.3634975762,0.0,0.0,0.0,0.0,0.0
2025-01-07,1052425.3634975762,0.0,0.0,0.0,0.0,0.0
2025-01-08,1052425.3634975762,0.0,0.0,0.0,0.0,0.0
2025-01-09,1052425.3634975762,0.0,0.0,0.0,0.0,0.0
2025-01-10,1052425.3634975762,0.0,0.0,0.0,0.0,0.0
2025-01-13,1052425.3634975762,0.0,0.0,0.0,0.0,0.0
2025-01-14,1052425.3634975762,0.0,0.0,0.0,0.0,0.0
2025-01-15,1052425.3634975762,0.0,0.0,0.0,0.0,0.0
2025-01-16,1052425.3634975762,0.0,0.0,0.0,0.0,0.0
2025-01-17,1052425.3634975762,0.0,0.0,0.0,0.0,0.0
2025-01-21,1052425.3634975762,0.0,0.0,0.0,0.0,0.0
2025-01-22,1052425.3634975762,0.0,0.0,0.0,0.0,0.0
2025-01-23,1052425.3634975762,0.0,0.0,0.0,0.0,0.0
2025-01-24,1052425.3634975762,0.0,0.0,0.0,0.0,0.0
2025-01-27,1052425.3634975762,0.0,0.0,0.0,0.0,0.0
2025-01-28,1052425.3634975762,0.0,0.0,0.0,0.0,0.0
2025-01-29,1052425.3634975762,0.0,0.0,0.0,0.0,0.0
2025-01-30,1052425.3634975762,0.0,0.0,0.0,0.0,0.0
2025-01-31,1052425.3634975762,0.0,0.0,0.0,0.0,0.0
2025-02-03,1052425.3634975762,0.0,0.0,0.0,0.0,0.0
2025-02-04,1052425.3634975762,0.0,0.0,0.0,0.0,0.0
2025-02-05,1052425.3634975762,0.0,0.0,0.0,0.0,0.0
2025-02-06,1052425.3634975762,0.0,0.0,0.0,0.0,0.0
2025-02-07,1052425.3634975762,0.0,0.0,0.0,0.0,0.0
2025-02-10,1052425.3634975762,0.0,0.0,0.0,0.0,0.0
2025-02-11,1052425.3634975762,0.0,0.0,0.0,0.0,0.0
2025-02-12,1052425.3634975762,0.0,0.0,0.0,0.0,0.0
2025-02-13,1052425.3634975762,0.0,0.0,0.0,0.0,0.0
2025-02-14,1052425.3634975762,0.0,0.0,0.0,0.0,0.0
2025-02-18,1052425.3634975762,0.0,0.0,0.0,0.0,0.0
2025-02-19,1052425.3634975762,0.0,0.0,0.0,0.0,0.0
2025-02-20,1052425.3634975762,0.0,0.0,0.0,0.0,0.0
2025-02-21,1052425.3634975762,0.0,0.0,0.0,0.0,0.0
2025-02-24,1052425.3634975762,0.0,0.0,0.0,0.0,0.0
2025-02-25,1052425.3634975762,0.0,0.0,0.0,0.0,0.0
2025-02-26,1052425.3634975762,0.0,0.0,0.0,0.0,0.0
2025-02-27,1052425.3634975762,0.0,0.0,0.0,0.0,0.0
2025-02-28,1052425.3634975762,0.0,0.0,0.0,0.0,0.0
2025-03-03,1052425.3634975762,0.0,0.0,0.0,0.0,0.0
2025-03-04,1052425.3634975762,0.0,0.0,0.0,0.0,0.0
2025-03-05,1052425.3634975762,0.0,0.0,0.0,0.0,0.0
2025-03-06,1052425.3634975762,0.0,0.0,0.0,0.0,0.0
2025-03-07,1052425.3634975762,0.0,0.0,0.0,0.0,0.0
2025-03-10,1052425.3634975762,0.0,0.0,0.0,0.0,0.0
2025-03-11,1052425.3634975762,0.0,0.0,0.0,0.0,0.0
2025-03-12,1052425.3634975762,0.0,0.0,0.0,0.0,0.0
2025-03-13,1052425.3634975762,0.0,0.0,0.0,0.0,0.0
2025-03-14,1052425.3634975762,0.0,0.0,0.0,0.0,0.0
2025-03-17,1052425.3634975762,0.0,0.0,0.0,0.0,0.0
2025-03-18,1052425.3634975762,0.0,0.0,0.0,0.0,0.0
2025-03-19,1052425.3634975762,0.0,0.0,0.0,0.0,0.0
2025-03-20,1052425.3634975762,0.0,0.0,0.0,0.0,0.0
2025-03-21,1052425.3634975762,0.0,0.0,0.0,0.0,0.0
2025-03-24,1052425.3634975762,0.0,0.0,0.0,0.0,0.0
2025-03-25,1052425.3634975762,0.0,0.0,0.0,0.0,0.0
2025-03-26,1052425.3634975762,0.0,0.0,0.0,0.0,0.0
2025-03-27,1052425.3634975762,0.0,0.0,0.0,0.0,0.0
2025-03-28,1052425.3634975762,0.0,0.0,0.0,0.0,0.0
2025-03-31,1052425.3634975762,0.0,0.0,0.0,0.0,0.0
2025-04-01,1052425.3634975762,0.0,0.0,0.0,0.0,0.0
2025-04-02,1052425.3634975762,0.0,0.0,0.0,0.0,0.0
2025-04-03,1052425.3634975762,0.0,0.0,0.0,0.0,0.0
2025-04-04,1052425.3634975762,0.0,0.0,0.0,0.0,0.0
2025-04-07,1052425.3634975762,0.0,0.0,0.0,0.0,0.0
2025-04-08,1052425.3634975762,0.0,0.0,0.0,0.0,0.0
2025-04-09,1052425.3634975762,0.0,0.0,0.0,0.0,0.0
2025-04-10,1052425.3634975762,0.0,0.0,0.0,0.0,0.0
2025-04-11,1052425.3634975762,0.0,0.0,0.0,0.0,0.0
2025-04-14,1052425.3634975762,0.0,0.0,0.0,0.0,0.0
2025-04-15,1052425.3634975762,0.0,0.0,0.0,0.0,0.0
2025-04-16,1052425.3634975762,0.0,0.0,0.0,0.0,0.0
2025-04-17,1052425.3634975762,0.0,0.0,0.0,0.0,0.0
2025-04-21,1052425.3634975762,0.0,0.0,0.0,0.0,0.0
2025-04-22,1052425.3634975762,0.0,0.0,0.0,0.0,0.0
2025-04-23,1052425.3634975762,0.0,0.0,0.0,0.0,0.0
2025-04-24,1052425.3634975762,0.0,0.0,0.0,0.0,0.0
2025-04-25,1052425.3634975762,0.0,0.0,0.0,0.0,0.0
2025-04-28,1052425.3634975762,0.0,0.0,0.0,0.0,0.0
2025-04-29,1052425.3634975762,0.0,0.0,0.0,0.0,0.0
2025-04-30,1052425.3634975762,0.0,0.0,0.0,0.0,0.0
2025-05-01,1052425.3634975762,0.0,0.0,0.0,0.0,0.0
2025-05-02,1052425.3634975762,0.0,0.0,0.0,0.0,0.0
2025-05-05,1052425.3634975762,0.0,0.0,0.0,0.0,0.0
2025-05-06,1052425.3634975762,0.0,0.0,0.0,0.0,0.0
2025-05-07,1052425.3634975762,0.0,0.0,0.0,0.0,0.0
2025-05-08,1052425.3634975762,0.0,0.0,0.0,0.0,0.0
2025-05-09,1052425.3634975762,0.0,0.0,0.0,0.0,0.0
2025-05-12,1052425.3634975762,0.0,0.0,0.0,0.0,0.0
2025-05-13,1052425.3634975762,0.0,0.0,0.0,0.0,0.0
2025-05-14,1052425.3634975762,0.0,0.0,0.0,0.0,0.0
2025-05-15,1052425.3634975762,0.0,0.0,0.0,0.0,0.0
2025-05-16,1052425.3634975762,0.0,0.0,0.0,0.0,0.0
2025-05-19,1052425.3634975762,0.0,0.0,0.0,0.0,0.0
2025-05-20,1052425.3634975762,0.0,0.0,0.0,0.0,0.0
2025-05-21,1052425.3634975762,0.0,0.0,0.0,0.0,0.0
2025-05-22,1052425.3634975762,0.0,0.0,0.0,0.0,0.0
2025-05-23,1052425.3634975762,0.0,0.0,0.0,0.0,0.0
2025-05-27,1052425.3634975762,0.0,0.0,0.0,0.0,0.0
2025-05-28,1052425.3634975762,0.0,0.0,0.0,0.0,0.0
2025-05-29,1052425.3634975762,0.0,0.0,0.0,0.0,0.0
2025-05-30,1052425.3634975762,0.0,0.0,0.0,0.0,0.0
