date,portfolio_value,daily_pnl,transaction_costs,portfolio_return,gross_exposure,margin_used,cash,wheat_signal,wheat_position
2010-08-24,1000000.0,0.0,0.0,0.0,0.0,0.0,1000000.0,0.0,0.0
2010-08-25,1000000.0,0.0,0.0,0.0,0.0,0.0,1000000.0,0.0,0.0
2010-08-26,1000000.0,0.0,0.0,0.0,0.0,0.0,1000000.0,0.0,0.0
2010-08-27,1000000.0,0.0,0.0,0.0,0.0,0.0,1000000.0,0.0,0.0
2010-08-30,1000000.0,0.0,0.0,0.0,0.0,0.0,1000000.0,0.0,0.0
2010-08-31,1000000.0,0.0,0.0,0.0,0.0,0.0,1000000.0,0.0,0.0
2010-09-01,1000000.0,0.0,0.0,0.0,0.0,0.0,1000000.0,0.0,0.0
2010-09-02,1000000.0,0.0,0.0,0.0,0.0,0.0,1000000.0,0.0,0.0
2010-09-03,1000000.0,0.0,0.0,0.0,0.0,0.0,1000000.0,0.0,0.0
2010-09-07,1000000.0,0.0,0.0,0.0,0.0,0.0,1000000.0,0.0,0.0
2010-09-08,1000000.0,0.0,0.0,0.0,0.0,0.0,1000000.0,0.0,0.0
2010-09-09,1000000.0,0.0,0.0,0.0,0.0,0.0,1000000.0,0.0,0.0
2010-09-10,1000000.0,0.0,0.0,0.0,0.0,0.0,1000000.0,0.0,0.0
2010-09-13,1000000.0,0.0,0.0,0.0,0.0,0.0,1000000.0,0.0,0.0
2010-09-14,1000000.0,0.0,0.0,0.0,0.0,0.0,1000000.0,0.0,0.0
2010-09-15,1000000.0,0.0,0.0,0.0,0.0,0.0,1000000.0,0.0,0.0
2010-09-16,1000000.0,0.0,0.0,0.0,0.0,0.0,1000000.0,0.0,0.0
2010-09-17,1000000.0,0.0,0.0,0.0,0.0,0.0,1000000.0,0.0,0.0
2010-09-20,1000000.0,0.0,0.0,0.0,0.0,0.0,1000000.0,0.0,0.0
2010-09-21,1000000.0,0.0,0.0,0.0,0.0,0.0,1000000.0,0.0,0.0
2010-09-22,1000000.0,0.0,0.0,0.0,0.0,0.0,1000000.0,0.0,0.0
2010-09-23,1000000.0,0.0,0.0,0.0,0.0,0.0,1000000.0,0.0,0.0
2010-09-24,1000000.0,0.0,0.0,0.0,0.0,0.0,1000000.0,0.0,0.0
2010-09-27,1000000.0,0.0,0.0,0.0,0.0,0.0,1000000.0,0.0,0.0
2010-09-28,1000000.0,0.0,0.0,0.0,0.0,0.0,1000000.0,0.0,0.0
2010-09-29,1000000.0,0.0,0.0,0.0,0.0,0.0,1000000.0,0.0,0.0
2010-09-30,1000000.0,0.0,0.0,0.0,0.0,0.0,1000000.0,0.0,0.0
2010-10-01,1000000.0,0.0,0.0,0.0,0.0,0.0,1000000.0,0.0,0.0
2010-10-04,1000000.0,0.0,0.0,0.0,0.0,0.0,1000000.0,0.0,0.0
2010-10-05,1000000.0,0.0,0.0,0.0,0.0,0.0,1000000.0,0.0,0.0
2010-10-06,1000000.0,0.0,0.0,0.0,0.0,0.0,1000000.0,0.0,0.0
2010-10-07,1000000.0,0.0,0.0,0.0,0.0,0.0,1000000.0,0.0,0.0
2010-10-08,1000000.0,0.0,0.0,0.0,0.0,0.0,1000000.0,0.0,0.0
2010-10-11,1000000.0,0.0,0.0,0.0,0.0,0.0,1000000.0,0.0,0.0
2010-10-12,1000000.0,0.0,0.0,0.0,0.0,0.0,1000000.0,0.0,0.0
2010-10-13,1000000.0,0.0,0.0,0.0,0.0,0.0,1000000.0,0.0,0.0
2010-10-14,1000000.0,0.0,0.0,0.0,0.0,0.0,1000000.0,0.0,0.0
2010-10-15,1000000.0,0.0,0.0,0.0,0.0,0.0,1000000.0,0.0,0.0
2010-10-18,1000000.0,0.0,0.0,0.0,0.0,0.0,1000000.0,0.0,0.0
2010-10-19,1000000.0,0.0,0.0,0.0,0.0,0.0,1000000.0,0.0,0.0
2010-10-20,1000000.0,0.0,0.0,0.0,0.0,0.0,1000000.0,0.0,0.0
2010-10-21,1000000.0,0.0,0.0,0.0,0.0,0.0,1000000.0,0.0,0.0
2010-10-22,1000000.0,0.0,0.0,0.0,0.0,0.0,1000000.0,0.0,0.0
2010-10-25,1000000.0,0.0,0.0,0.0,0.0,0.0,1000000.0,0.0,0.0
2010-10-26,1000000.0,0.0,0.0,0.0,0.0,0.0,1000000.0,0.0,0.0
2010-10-27,1000000.0,0.0,0.0,0.0,0.0,0.0,1000000.0,0.0,0.0
2010-10-28,1000000.0,0.0,0.0,0.0,0.0,0.0,1000000.0,0.0,0.0
2010-10-29,1000000.0,0.0,0.0,0.0,0.0,0.0,1000000.0,0.0,0.0
2010-11-01,1000000.0,0.0,0.0,0.0,0.0,0.0,1000000.0,0.0,0.0
2010-11-02,1000000.0,0.0,0.0,0.0,0.0,0.0,1000000.0,0.0,0.0
2010-11-03,1000000.0,0.0,0.0,0.0,0.0,0.0,1000000.0,0.0,0.0
2010-11-04,1000000.0,0.0,0.0,0.0,0.0,0.0,1000000.0,0.0,0.0
2010-11-05,1000000.0,0.0,0.0,0.0,0.0,0.0,1000000.0,0.0,0.0
2010-11-08,1000000.0,0.0,0.0,0.0,0.0,0.0,1000000.0,0.0,0.0
2010-11-09,1000000.0,0.0,0.0,0.0,0.0,0.0,1000000.0,0.0,0.0
2010-11-10,1000000.0,0.0,0.0,0.0,0.0,0.0,1000000.0,0.0,0.0
2010-11-11,1000000.0,0.0,0.0,0.0,0.0,0.0,1000000.0,0.0,0.0
2010-11-12,1000000.0,0.0,0.0,0.0,0.0,0.0,1000000.0,0.0,0.0
2010-11-15,1000000.0,0.0,0.0,0.0,0.0,0.0,1000000.0,0.0,0.0
2010-11-16,1000000.0,0.0,0.0,0.0,0.0,0.0,1000000.0,0.0,0.0
2010-11-17,1000000.0,0.0,0.0,0.0,0.0,0.0,1000000.0,0.0,0.0
2010-11-18,1000000.0,0.0,0.0,0.0,0.0,0.0,1000000.0,0.0,0.0
2010-11-19,1000000.0,0.0,0.0,0.0,0.0,0.0,1000000.0,0.0,0.0
2010-11-22,1000000.0,0.0,0.0,0.0,0.0,0.0,1000000.0,0.0,0.0
2010-11-23,1000000.0,0.0,0.0,0.0,0.0,0.0,1000000.0,0.0,0.0
2010-11-24,1000000.0,0.0,0.0,0.0,0.0,0.0,1000000.0,0.0,0.0
2010-11-26,1000000.0,0.0,0.0,0.0,0.0,0.0,1000000.0,0.0,0.0
2010-11-29,1000000.0,0.0,0.0,0.0,0.0,0.0,1000000.0,0.0,0.0
2010-11-30,1000000.0,0.0,0.0,0.0,0.0,0.0,1000000.0,0.0,0.0
2010-12-01,1000000.0,0.0,0.0,0.0,0.0,0.0,1000000.0,0.0,0.0
2010-12-02,1000000.0,0.0,0.0,0.0,0.0,0.0,1000000.0,0.0,0.0
2010-12-03,1000000.0,0.0,0.0,0.0,0.0,0.0,1000000.0,0.0,0.0
2010-12-06,1000000.0,0.0,0.0,0.0,0.0,0.0,1000000.0,0.0,0.0
2010-12-07,1000000.0,0.0,0.0,0.0,0.0,0.0,1000000.0,0.0,0.0
2010-12-08,1000000.0,0.0,0.0,0.0,0.0,0.0,1000000.0,0.0,0.0
2010-12-09,1000000.0,0.0,0.0,0.0,0.0,0.0,1000000.0,0.0,0.0
2010-12-10,1000000.0,0.0,0.0,0.0,0.0,0.0,1000000.0,0.0,0.0
2010-12-13,1000000.0,0.0,0.0,0.0,0.0,0.0,1000000.0,0.0,0.0
2010-12-14,1000000.0,0.0,0.0,0.0,0.0,0.0,1000000.0,0.0,0.0
2010-12-15,1000000.0,0.0,0.0,0.0,0.0,0.0,1000000.0,0.0,0.0
2010-12-16,1000000.0,0.0,0.0,0.0,0.0,0.0,1000000.0,0.0,0.0
2010-12-17,1000000.0,0.0,0.0,0.0,0.0,0.0,1000000.0,0.0,0.0
2010-12-20,1000000.0,0.0,0.0,0.0,0.0,0.0,1000000.0,0.0,0.0
2010-12-21,1000000.0,0.0,0.0,0.0,0.0,0.0,1000000.0,0.0,0.0
2010-12-22,1000000.0,0.0,0.0,0.0,0.0,0.0,1000000.0,0.0,0.0
2010-12-23,1000000.0,0.0,0.0,0.0,0.0,0.0,1000000.0,0.0,0.0
2010-12-27,1000000.0,0.0,0.0,0.0,0.0,0.0,1000000.0,0.0,0.0
2010-12-28,1000000.0,0.0,0.0,0.0,0.0,0.0,1000000.0,0.0,0.0
2010-12-29,1000000.0,0.0,0.0,0.0,0.0,0.0,1000000.0,0.0,0.0
2010-12-30,1000000.0,0.0,0.0,0.0,0.0,0.0,1000000.0,0.0,0.0
2010-12-31,1000000.0,0.0,0.0,0.0,0.0,0.0,1000000.0,0.0,0.0
2011-01-03,1000000.0,0.0,0.0,0.0,0.0,0.0,1000000.0,0.0,0.0
2011-01-04,1000000.0,0.0,0.0,0.0,0.0,0.0,1000000.0,0.0,0.0
2011-01-05,1000000.0,0.0,0.0,0.0,0.0,0.0,1000000.0,0.0,0.0
2011-01-06,1000000.0,0.0,0.0,0.0,0.0,0.0,1000000.0,0.0,0.0
2011-01-07,1000000.0,0.0,0.0,0.0,0.0,0.0,1000000.0,0.0,0.0
2011-01-10,1000000.0,0.0,0.0,0.0,0.0,0.0,1000000.0,0.0,0.0
2011-01-11,1000000.0,0.0,0.0,0.0,0.0,0.0,1000000.0,0.0,0.0
2011-01-12,1000000.0,0.0,0.0,0.0,0.0,0.0,1000000.0,0.0,0.0
2011-01-13,1000000.0,0.0,0.0,0.0,0.0,0.0,1000000.0,0.0,0.0
2011-01-14,1000000.0,0.0,0.0,0.0,0.0,0.0,1000000.0,0.0,0.0
2011-01-18,1000000.0,0.0,0.0,0.0,0.0,0.0,1000000.0,0.0,0.0
2011-01-19,1000000.0,0.0,0.0,0.0,0.0,0.0,1000000.0,0.0,0.0
2011-01-20,1000000.0,0.0,0.0,0.0,0.0,0.0,1000000.0,0.0,0.0
2011-01-21,1000000.0,0.0,0.0,0.0,0.0,0.0,1000000.0,0.0,0.0
2011-01-24,1000000.0,0.0,0.0,0.0,0.0,0.0,1000000.0,0.0,0.0
2011-01-25,1000000.0,0.0,0.0,0.0,0.0,0.0,1000000.0,0.0,0.0
2011-01-26,1000000.0,0.0,0.0,0.0,0.0,0.0,1000000.0,0.0,0.0
2011-01-27,1000000.0,0.0,0.0,0.0,0.0,0.0,1000000.0,0.0,0.0
2011-01-28,1000000.0,0.0,0.0,0.0,0.0,0.0,1000000.0,0.0,0.0
2011-01-31,1000000.0,0.0,0.0,0.0,0.0,0.0,1000000.0,0.0,0.0
2011-02-01,1000000.0,0.0,0.0,0.0,0.0,0.0,1000000.0,0.0,0.0
2011-02-02,1000000.0,0.0,0.0,0.0,0.0,0.0,1000000.0,0.0,0.0
2011-02-03,1000000.0,0.0,0.0,0.0,0.0,0.0,1000000.0,0.0,0.0
2011-02-04,1000000.0,0.0,0.0,0.0,0.0,0.0,1000000.0,0.0,0.0
2011-02-07,1000000.0,0.0,0.0,0.0,0.0,0.0,1000000.0,0.0,0.0
2011-02-08,1000000.0,0.0,0.0,0.0,0.0,0.0,1000000.0,0.0,0.0
2011-02-09,1000000.0,0.0,0.0,0.0,0.0,0.0,1000000.0,0.0,0.0
2011-02-10,1000000.0,0.0,0.0,0.0,0.0,0.0,1000000.0,0.0,0.0
2011-02-11,1000000.0,0.0,0.0,0.0,0.0,0.0,1000000.0,0.0,0.0
2011-02-14,1000000.0,0.0,0.0,0.0,0.0,0.0,1000000.0,0.0,0.0
2011-02-15,1000000.0,0.0,0.0,0.0,0.0,0.0,1000000.0,0.0,0.0
2011-02-16,1000000.0,0.0,0.0,0.0,0.0,0.0,1000000.0,0.0,0.0
2011-02-17,1000000.0,0.0,0.0,0.0,0.0,0.0,1000000.0,0.0,0.0
2011-02-18,1000000.0,0.0,0.0,0.0,0.0,0.0,1000000.0,0.0,0.0
2011-02-22,1000000.0,0.0,0.0,0.0,0.0,0.0,1000000.0,0.0,0.0
2011-02-23,1000000.0,0.0,0.0,0.0,0.0,0.0,1000000.0,0.0,0.0
2011-02-24,1000000.0,0.0,0.0,0.0,0.0,0.0,1000000.0,0.0,0.0
2011-02-25,1000000.0,0.0,0.0,0.0,0.0,0.0,1000000.0,0.0,0.0
2011-02-28,1000000.0,0.0,0.0,0.0,0.0,0.0,1000000.0,0.0,0.0
2011-03-01,1000000.0,0.0,0.0,0.0,0.0,0.0,1000000.0,0.0,0.0
2011-03-02,1000000.0,0.0,0.0,0.0,0.0,0.0,1000000.0,0.0,0.0
2011-03-03,1000000.0,0.0,0.0,0.0,0.0,0.0,1000000.0,0.0,0.0
2011-03-04,1000000.0,0.0,0.0,0.0,0.0,0.0,1000000.0,0.0,0.0
2011-03-07,1000000.0,0.0,0.0,0.0,0.0,0.0,1000000.0,0.0,0.0
2011-03-08,1000000.0,0.0,0.0,0.0,0.0,0.0,1000000.0,0.0,0.0
2011-03-09,1000000.0,0.0,0.0,0.0,0.0,0.0,1000000.0,0.0,0.0
2011-03-10,1000000.0,0.0,0.0,0.0,0.0,0.0,1000000.0,0.0,0.0
2011-03-11,1000000.0,0.0,0.0,0.0,0.0,0.0,1000000.0,0.0,0.0
2011-03-14,1000000.0,0.0,0.0,0.0,0.0,0.0,1000000.0,0.0,0.0
2011-03-15,1000000.0,0.0,0.0,0.0,0.0,0.0,1000000.0,0.0,0.0
2011-03-16,1000000.0,0.0,0.0,0.0,0.0,0.0,1000000.0,0.0,0.0
2011-03-17,1000000.0,0.0,0.0,0.0,0.0,0.0,1000000.0,0.0,0.0
2011-03-18,1000000.0,0.0,0.0,0.0,0.0,0.0,1000000.0,0.0,0.0
2011-03-21,1000000.0,0.0,0.0,0.0,0.0,0.0,1000000.0,0.0,0.0
2011-03-22,1000000.0,0.0,0.0,0.0,0.0,0.0,1000000.0,0.0,0.0
2011-03-23,1000000.0,0.0,0.0,0.0,0.0,0.0,1000000.0,0.0,0.0
2011-03-24,1000000.0,0.0,0.0,0.0,0.0,0.0,1000000.0,0.0,0.0
2011-03-25,1000000.0,0.0,0.0,0.0,0.0,0.0,1000000.0,0.0,0.0
2011-03-28,1000000.0,0.0,0.0,0.0,0.0,0.0,1000000.0,0.0,0.0
2011-03-29,1000000.0,0.0,0.0,0.0,0.0,0.0,1000000.0,0.0,0.0
2011-03-30,1000000.0,0.0,0.0,0.0,0.0,0.0,1000000.0,0.0,0.0
2011-03-31,1000000.0,0.0,0.0,0.0,0.0,0.0,1000000.0,0.0,0.0
2011-04-01,1000000.0,0.0,0.0,0.0,0.0,0.0,1000000.0,0.0,0.0
2011-04-04,1000000.0,0.0,0.0,0.0,0.0,0.0,1000000.0,0.0,0.0
2011-04-05,1000000.0,0.0,0.0,0.0,0.0,0.0,1000000.0,0.0,0.0
2011-04-06,1000000.0,0.0,0.0,0.0,0.0,0.0,1000000.0,0.0,0.0
2011-04-07,1000000.0,0.0,0.0,0.0,0.0,0.0,1000000.0,0.0,0.0
2011-04-08,1000000.0,0.0,0.0,0.0,0.0,0.0,1000000.0,0.0,0.0
2011-04-11,1000000.0,0.0,0.0,0.0,0.0,0.0,1000000.0,0.0,0.0
2011-04-12,1000000.0,0.0,0.0,0.0,0.0,0.0,1000000.0,0.0,0.0
2011-04-13,1000000.0,0.0,0.0,0.0,0.0,0.0,1000000.0,0.0,0.0
2011-04-14,1000000.0,0.0,0.0,0.0,0.0,0.0,1000000.0,0.0,0.0
2011-04-15,1000000.0,0.0,0.0,0.0,0.0,0.0,1000000.0,0.0,0.0
2011-04-18,1000000.0,0.0,0.0,0.0,0.0,0.0,1000000.0,0.0,0.0
2011-04-19,1000000.0,0.0,0.0,0.0,0.0,0.0,1000000.0,0.0,0.0
2011-04-20,1000000.0,0.0,0.0,0.0,0.0,0.0,1000000.0,0.0,0.0
2011-04-21,1000000.0,0.0,0.0,0.0,0.0,0.0,1000000.0,0.0,0.0
2011-04-25,1000000.0,0.0,0.0,0.0,0.0,0.0,1000000.0,0.0,0.0
2011-04-26,1000000.0,0.0,0.0,0.0,0.0,0.0,1000000.0,0.0,0.0
2011-04-27,1000000.0,0.0,0.0,0.0,0.0,0.0,1000000.0,0.0,0.0
2011-04-28,1000000.0,0.0,0.0,0.0,0.0,0.0,1000000.0,0.0,0.0
2011-04-29,1000000.0,0.0,0.0,0.0,0.0,0.0,1000000.0,0.0,0.0
2011-05-02,1000000.0,0.0,0.0,0.0,0.0,0.0,1000000.0,0.0,0.0
2011-05-03,1000000.0,0.0,0.0,0.0,0.0,0.0,1000000.0,0.0,0.0
2011-05-04,1000000.0,0.0,0.0,0.0,0.0,0.0,1000000.0,0.0,0.0
2011-05-05,1000000.0,0.0,0.0,0.0,0.0,0.0,1000000.0,0.0,0.0
2011-05-06,1000000.0,0.0,0.0,0.0,0.0,0.0,1000000.0,0.0,0.0
2011-05-09,1000000.0,0.0,0.0,0.0,0.0,0.0,1000000.0,0.0,0.0
2011-05-10,1000000.0,0.0,0.0,0.0,0.0,0.0,1000000.0,0.0,0.0
2011-05-11,1000000.0,0.0,0.0,0.0,0.0,0.0,1000000.0,0.0,0.0
2011-05-12,1000000.0,0.0,0.0,0.0,0.0,0.0,1000000.0,0.0,0.0
2011-05-13,1000000.0,0.0,0.0,0.0,0.0,0.0,1000000.0,0.0,0.0
2011-05-16,1000000.0,0.0,0.0,0.0,0.0,0.0,1000000.0,0.0,0.0
2011-05-17,1000000.0,0.0,0.0,0.0,0.0,0.0,1000000.0,0.0,0.0
2011-05-18,1000000.0,0.0,0.0,0.0,0.0,0.0,1000000.0,0.0,0.0
2011-05-19,1000000.0,0.0,0.0,0.0,0.0,0.0,1000000.0,0.0,0.0
2011-05-20,1000000.0,0.0,0.0,0.0,0.0,0.0,1000000.0,0.0,0.0
2011-05-23,1000000.0,0.0,0.0,0.0,0.0,0.0,1000000.0,0.0,0.0
2011-05-24,1000000.0,0.0,0.0,0.0,0.0,0.0,1000000.0,0.0,0.0
2011-05-25,1000000.0,0.0,0.0,0.0,0.0,0.0,1000000.0,0.0,0.0
2011-05-26,1000000.0,0.0,0.0,0.0,0.0,0.0,1000000.0,0.0,0.0
2011-05-27,1000000.0,0.0,0.0,0.0,0.0,0.0,1000000.0,0.0,0.0
2011-05-31,1000000.0,0.0,0.0,0.0,0.0,0.0,1000000.0,0.0,0.0
2011-06-01,1000000.0,0.0,0.0,0.0,0.0,0.0,1000000.0,0.0,0.0
2011-06-02,1000000.0,0.0,0.0,0.0,0.0,0.0,1000000.0,0.0,0.0
2011-06-03,1000000.0,0.0,0.0,0.0,0.0,0.0,1000000.0,0.0,0.0
2011-06-06,1000000.0,0.0,0.0,0.0,0.0,0.0,1000000.0,0.0,0.0
2011-06-07,1000000.0,0.0,0.0,0.0,0.0,0.0,1000000.0,0.0,0.0
2011-06-08,1000000.0,0.0,0.0,0.0,0.0,0.0,1000000.0,0.0,0.0
2011-06-09,1000000.0,0.0,0.0,0.0,0.0,0.0,1000000.0,0.0,0.0
2011-06-10,1000000.0,0.0,0.0,0.0,0.0,0.0,1000000.0,0.0,0.0
2011-06-13,1000000.0,0.0,0.0,0.0,0.0,0.0,1000000.0,0.0,0.0
2011-06-14,1000000.0,0.0,0.0,0.0,0.0,0.0,1000000.0,0.0,0.0
2011-06-15,1000000.0,0.0,0.0,0.0,0.0,0.0,1000000.0,0.0,0.0
2011-06-16,1000000.0,0.0,0.0,0.0,0.0,0.0,1000000.0,0.0,0.0
2011-06-17,1000000.0,0.0,0.0,0.0,0.0,0.0,1000000.0,0.0,0.0
2011-06-20,1000000.0,0.0,0.0,0.0,0.0,0.0,1000000.0,0.0,0.0
2011-06-21,1000000.0,0.0,0.0,0.0,0.0,0.0,1000000.0,0.0,0.0
2011-06-22,1000000.0,0.0,0.0,0.0,0.0,0.0,1000000.0,0.0,0.0
2011-06-23,1000000.0,0.0,0.0,0.0,0.0,0.0,1000000.0,0.0,0.0
2011-06-24,1000000.0,0.0,0.0,0.0,0.0,0.0,1000000.0,0.0,0.0
2011-06-27,1000000.0,0.0,0.0,0.0,0.0,0.0,1000000.0,0.0,0.0
2011-06-28,1000000.0,0.0,0.0,0.0,0.0,0.0,1000000.0,0.0,0.0
2011-06-29,1000000.0,0.0,0.0,0.0,0.0,0.0,1000000.0,0.0,0.0
2011-06-30,1000000.0,0.0,0.0,0.0,0.0,0.0,1000000.0,0.0,0.0
2011-07-01,1000000.0,0.0,0.0,0.0,0.0,0.0,1000000.0,0.0,0.0
2011-07-05,1000000.0,0.0,0.0,0.0,0.0,0.0,1000000.0,0.0,0.0
2011-07-06,1000000.0,0.0,0.0,0.0,0.0,0.0,1000000.0,0.0,0.0
2011-07-07,1000000.0,0.0,0.0,0.0,0.0,0.0,1000000.0,0.0,0.0
2011-07-08,1000000.0,0.0,0.0,0.0,0.0,0.0,1000000.0,0.0,0.0
2011-07-11,1000000.0,0.0,0.0,0.0,0.0,0.0,1000000.0,0.0,0.0
2011-07-12,1000000.0,0.0,0.0,0.0,0.0,0.0,1000000.0,0.0,0.0
2011-07-13,1000000.0,0.0,0.0,0.0,0.0,0.0,1000000.0,0.0,0.0
2011-07-14,1000000.0,0.0,0.0,0.0,0.0,0.0,1000000.0,0.0,0.0
2011-07-15,1000000.0,0.0,0.0,0.0,0.0,0.0,1000000.0,0.0,0.0
2011-07-18,1000000.0,0.0,0.0,0.0,0.0,0.0,1000000.0,0.0,0.0
2011-07-19,1000000.0,0.0,0.0,0.0,0.0,0.0,1000000.0,0.0,0.0
2011-07-20,1000000.0,0.0,0.0,0.0,0.0,0.0,1000000.0,0.0,0.0
2011-07-21,1000000.0,0.0,0.0,0.0,0.0,0.0,1000000.0,0.0,0.0
2011-07-22,1000000.0,0.0,0.0,0.0,0.0,0.0,1000000.0,0.0,0.0
2011-07-25,1000000.0,0.0,0.0,0.0,0.0,0.0,1000000.0,0.0,0.0
2011-07-26,1000000.0,0.0,0.0,0.0,0.0,0.0,1000000.0,0.0,0.0
2011-07-27,1000000.0,0.0,0.0,0.0,0.0,0.0,1000000.0,0.0,0.0
2011-07-28,1000000.0,0.0,0.0,0.0,0.0,0.0,1000000.0,0.0,0.0
2011-07-29,1000000.0,0.0,0.0,0.0,0.0,0.0,1000000.0,0.0,0.0
2011-08-01,1000000.0,0.0,0.0,0.0,0.0,0.0,1000000.0,0.0,0.0
2011-08-02,1000000.0,0.0,0.0,0.0,0.0,0.0,1000000.0,0.0,0.0
2011-08-03,1000000.0,0.0,0.0,0.0,0.0,0.0,1000000.0,0.0,0.0
2011-08-04,1000000.0,0.0,0.0,0.0,0.0,0.0,1000000.0,0.0,0.0
2011-08-05,1000000.0,0.0,0.0,0.0,0.0,0.0,1000000.0,0.0,0.0
2011-08-08,1000000.0,0.0,0.0,0.0,0.0,0.0,1000000.0,0.0,0.0
2011-08-09,1000000.0,0.0,0.0,0.0,0.0,0.0,1000000.0,0.0,0.0
2011-08-10,1000000.0,0.0,0.0,0.0,0.0,0.0,1000000.0,0.0,0.0
2011-08-11,1000000.0,0.0,0.0,0.0,0.0,0.0,1000000.0,0.0,0.0
2011-08-12,1000000.0,0.0,0.0,0.0,0.0,0.0,1000000.0,0.0,0.0
2011-08-15,1000000.0,0.0,0.0,0.0,0.0,0.0,1000000.0,0.0,0.0
2011-08-16,1000000.0,0.0,0.0,0.0,0.0,0.0,1000000.0,0.0,0.0
2011-08-17,1000000.0,0.0,0.0,0.0,0.0,0.0,1000000.0,0.0,0.0
2011-08-18,1000000.0,0.0,0.0,0.0,0.0,0.0,1000000.0,0.0,0.0
2011-08-19,1000000.0,0.0,0.0,0.0,0.0,0.0,1000000.0,0.0,0.0
2011-08-22,1000000.0,0.0,0.0,0.0,0.0,0.0,1000000.0,0.0,0.0
2011-08-23,1000000.0,0.0,0.0,0.0,0.0,0.0,1000000.0,0.0,0.0
2011-08-24,1000000.0,0.0,0.0,0.0,0.0,0.0,1000000.0,0.0,0.0
2011-08-25,1000000.0,0.0,0.0,0.0,0.0,0.0,1000000.0,0.0,0.0
2011-08-26,1000000.0,0.0,0.0,0.0,0.0,0.0,1000000.0,0.0,0.0
2011-08-29,1000000.0,0.0,0.0,0.0,0.0,0.0,1000000.0,0.0,0.0
2011-08-30,1000000.0,0.0,0.0,0.0,0.0,0.0,1000000.0,0.0,0.0
2011-08-31,1000000.0,0.0,0.0,0.0,0.0,0.0,1000000.0,0.0,0.0
2011-09-01,1000000.0,0.0,0.0,0.0,0.0,0.0,1000000.0,0.0,0.0
2011-09-02,1000000.0,0.0,0.0,0.0,0.0,0.0,1000000.0,0.0,0.0
2011-09-06,1000000.0,0.0,0.0,0.0,0.0,0.0,1000000.0,0.0,0.0
2011-09-07,1000000.0,0.0,0.0,0.0,0.0,0.0,1000000.0,0.0,0.0
2011-09-08,1000000.0,0.0,0.0,0.0,0.0,0.0,1000000.0,0.0,0.0
2011-09-09,1000000.0,0.0,0.0,0.0,0.0,0.0,1000000.0,0.0,0.0
2011-09-12,1000000.0,0.0,0.0,0.0,0.0,0.0,1000000.0,0.0,0.0
2011-09-13,1000000.0,0.0,0.0,0.0,0.0,0.0,1000000.0,0.0,0.0
2011-09-14,1000000.0,0.0,0.0,0.0,0.0,0.0,1000000.0,0.0,0.0
2011-09-15,1000000.0,0.0,0.0,0.0,0.0,0.0,1000000.0,0.0,0.0
2011-09-16,1000000.0,0.0,0.0,0.0,0.0,0.0,1000000.0,0.0,0.0
2011-09-19,1000000.0,0.0,0.0,0.0,0.0,0.0,1000000.0,0.0,0.0
2011-09-20,1000000.0,0.0,0.0,0.0,0.0,0.0,1000000.0,0.0,0.0
2011-09-21,1000000.0,0.0,0.0,0.0,0.0,0.0,1000000.0,0.0,0.0
2011-09-22,1000000.0,0.0,0.0,0.0,0.0,0.0,1000000.0,0.0,0.0
2011-09-23,1000000.0,0.0,0.0,0.0,0.0,0.0,1000000.0,0.0,0.0
2011-09-26,1000000.0,0.0,0.0,0.0,0.0,0.0,1000000.0,0.0,0.0
2011-09-27,1000000.0,0.0,0.0,0.0,0.0,0.0,1000000.0,0.0,0.0
2011-09-28,1000000.0,0.0,0.0,0.0,0.0,0.0,1000000.0,0.0,0.0
2011-09-29,1000000.0,0.0,0.0,0.0,0.0,0.0,1000000.0,0.0,0.0
2011-09-30,1000000.0,0.0,0.0,0.0,0.0,0.0,1000000.0,0.0,0.0
2011-10-03,1000000.0,0.0,0.0,0.0,0.0,0.0,1000000.0,0.0,0.0
2011-10-04,1000000.0,0.0,0.0,0.0,0.0,0.0,1000000.0,0.0,0.0
2011-10-05,1000000.0,0.0,0.0,0.0,0.0,0.0,1000000.0,0.0,0.0
2011-10-06,1000000.0,0.0,0.0,0.0,0.0,0.0,1000000.0,0.0,0.0
2011-10-07,1000000.0,0.0,0.0,0.0,0.0,0.0,1000000.0,0.0,0.0
2011-10-10,1000000.0,0.0,0.0,0.0,0.0,0.0,1000000.0,0.0,0.0
2011-10-11,1000000.0,0.0,0.0,0.0,0.0,0.0,1000000.0,0.0,0.0
2011-10-12,1000000.0,0.0,0.0,0.0,0.0,0.0,1000000.0,0.0,0.0
2011-10-13,1000000.0,0.0,0.0,0.0,0.0,0.0,1000000.0,0.0,0.0
2011-10-14,1000000.0,0.0,0.0,0.0,0.0,0.0,1000000.0,0.0,0.0
2011-10-17,1000000.0,0.0,0.0,0.0,0.0,0.0,1000000.0,0.0,0.0
2011-10-18,1000000.0,0.0,0.0,0.0,0.0,0.0,1000000.0,0.0,0.0
2011-10-19,1000000.0,0.0,0.0,0.0,0.0,0.0,1000000.0,0.0,0.0
2011-10-20,1000000.0,0.0,0.0,0.0,0.0,0.0,1000000.0,0.0,0.0
2011-10-21,1000000.0,0.0,0.0,0.0,0.0,0.0,1000000.0,0.0,0.0
2011-10-24,1000000.0,0.0,0.0,0.0,0.0,0.0,1000000.0,0.0,0.0
2011-10-25,1000000.0,0.0,0.0,0.0,0.0,0.0,1000000.0,0.0,0.0
2011-10-26,1000000.0,0.0,0.0,0.0,0.0,0.0,1000000.0,0.0,0.0
2011-10-27,1000000.0,0.0,0.0,0.0,0.0,0.0,1000000.0,0.0,0.0
2011-10-28,1000000.0,0.0,0.0,0.0,0.0,0.0,1000000.0,0.0,0.0
2011-10-31,1000000.0,0.0,0.0,0.0,0.0,0.0,1000000.0,0.0,0.0
2011-11-01,1000000.0,0.0,0.0,0.0,0.0,0.0,1000000.0,0.0,0.0
2011-11-02,1000000.0,0.0,0.0,0.0,0.0,0.0,1000000.0,0.0,0.0
2011-11-03,1000000.0,0.0,0.0,0.0,0.0,0.0,1000000.0,0.0,0.0
2011-11-04,1000000.0,0.0,0.0,0.0,0.0,0.0,1000000.0,0.0,0.0
2011-11-07,1000000.0,0.0,0.0,0.0,0.0,0.0,1000000.0,0.0,0.0
2011-11-08,1000000.0,0.0,0.0,0.0,0.0,0.0,1000000.0,0.0,0.0
2011-11-09,1000000.0,0.0,0.0,0.0,0.0,0.0,1000000.0,0.0,0.0
2011-11-10,1000000.0,0.0,0.0,0.0,0.0,0.0,1000000.0,0.0,0.0
2011-11-11,1000000.0,0.0,0.0,0.0,0.0,0.0,1000000.0,0.0,0.0
2011-11-14,1000000.0,0.0,0.0,0.0,0.0,0.0,1000000.0,0.0,0.0
2011-11-15,1000000.0,0.0,0.0,0.0,0.0,0.0,1000000.0,0.0,0.0
2011-11-16,1000000.0,0.0,0.0,0.0,0.0,0.0,1000000.0,0.0,0.0
2011-11-17,1000000.0,0.0,0.0,0.0,0.0,0.0,1000000.0,0.0,0.0
2011-11-18,1000000.0,0.0,0.0,0.0,0.0,0.0,1000000.0,0.0,0.0
2011-11-21,1000000.0,0.0,0.0,0.0,0.0,0.0,1000000.0,0.0,0.0
2011-11-22,1000000.0,0.0,0.0,0.0,0.0,0.0,1000000.0,0.0,0.0
2011-11-23,1000000.0,0.0,0.0,0.0,0.0,0.0,1000000.0,0.0,0.0
2011-11-25,1000000.0,0.0,0.0,0.0,0.0,0.0,1000000.0,0.0,0.0
2011-11-28,1000000.0,0.0,0.0,0.0,0.0,0.0,1000000.0,0.0,0.0
2011-11-29,1000000.0,0.0,0.0,0.0,0.0,0.0,1000000.0,0.0,0.0
2011-11-30,1000000.0,0.0,0.0,0.0,0.0,0.0,1000000.0,0.0,0.0
2011-12-01,1000000.0,0.0,0.0,0.0,0.0,0.0,1000000.0,0.0,0.0
2011-12-02,1000000.0,0.0,0.0,0.0,0.0,0.0,1000000.0,0.0,0.0
2011-12-05,1000000.0,0.0,0.0,0.0,0.0,0.0,1000000.0,0.0,0.0
2011-12-06,1000000.0,0.0,0.0,0.0,0.0,0.0,1000000.0,0.0,0.0
2011-12-07,1000000.0,0.0,0.0,0.0,0.0,0.0,1000000.0,0.0,0.0
2011-12-08,1000000.0,0.0,0.0,0.0,0.0,0.0,1000000.0,0.0,0.0
2011-12-09,1000000.0,0.0,0.0,0.0,0.0,0.0,1000000.0,0.0,0.0
2011-12-12,1000000.0,0.0,0.0,0.0,0.0,0.0,1000000.0,0.0,0.0
2011-12-13,1000000.0,0.0,0.0,0.0,0.0,0.0,1000000.0,0.0,0.0
2011-12-14,1000000.0,0.0,0.0,0.0,0.0,0.0,1000000.0,0.0,0.0
2011-12-15,1000000.0,0.0,0.0,0.0,0.0,0.0,1000000.0,0.0,0.0
2011-12-16,1000000.0,0.0,0.0,0.0,0.0,0.0,1000000.0,0.0,0.0
2011-12-19,1000000.0,0.0,0.0,0.0,0.0,0.0,1000000.0,0.0,0.0
2011-12-20,1000000.0,0.0,0.0,0.0,0.0,0.0,1000000.0,0.0,0.0
2011-12-21,1000000.0,0.0,0.0,0.0,0.0,0.0,1000000.0,0.0,0.0
2011-12-22,1000000.0,0.0,0.0,0.0,0.0,0.0,1000000.0,0.0,0.0
2011-12-23,1000000.0,0.0,0.0,0.0,0.0,0.0,1000000.0,0.0,0.0
2011-12-27,1000000.0,0.0,0.0,0.0,0.0,0.0,1000000.0,0.0,0.0
2011-12-28,1000000.0,0.0,0.0,0.0,0.0,0.0,1000000.0,0.0,0.0
2011-12-29,1000000.0,0.0,0.0,0.0,0.0,0.0,1000000.0,0.0,0.0
2011-12-30,1000000.0,0.0,0.0,0.0,0.0,0.0,1000000.0,0.0,0.0
2012-01-03,1000000.0,0.0,0.0,0.0,0.0,0.0,1000000.0,0.0,0.0
2012-01-04,1000000.0,0.0,0.0,0.0,0.0,0.0,1000000.0,0.0,0.0
2012-01-05,1000000.0,0.0,0.0,0.0,0.0,0.0,1000000.0,0.0,0.0
2012-01-06,1000000.0,0.0,0.0,0.0,0.0,0.0,1000000.0,0.0,0.0
2012-01-09,1000000.0,0.0,0.0,0.0,0.0,0.0,1000000.0,0.0,0.0
2012-01-10,1000000.0,0.0,0.0,0.0,0.0,0.0,1000000.0,0.0,0.0
2012-01-11,1000000.0,0.0,0.0,0.0,0.0,0.0,1000000.0,0.0,0.0
2012-01-12,1000000.0,0.0,0.0,0.0,0.0,0.0,1000000.0,0.0,0.0
2012-01-13,1000000.0,0.0,0.0,0.0,0.0,0.0,1000000.0,0.0,0.0
2012-01-17,1000000.0,0.0,0.0,0.0,0.0,0.0,1000000.0,0.0,0.0
2012-01-18,1000000.0,0.0,0.0,0.0,0.0,0.0,1000000.0,0.0,0.0
2012-01-19,1000000.0,0.0,0.0,0.0,0.0,0.0,1000000.0,0.0,0.0
2012-01-20,1000000.0,0.0,0.0,0.0,0.0,0.0,1000000.0,0.0,0.0
2012-01-23,1000000.0,0.0,0.0,0.0,0.0,0.0,1000000.0,0.0,0.0
2012-01-24,1000000.0,0.0,0.0,0.0,0.0,0.0,1000000.0,0.0,0.0
2012-01-25,1000000.0,0.0,0.0,0.0,0.0,0.0,1000000.0,0.0,0.0
2012-01-26,1000000.0,0.0,0.0,0.0,0.0,0.0,1000000.0,0.0,0.0
2012-01-27,1000000.0,0.0,0.0,0.0,0.0,0.0,1000000.0,0.0,0.0
2012-01-30,1000000.0,0.0,0.0,0.0,0.0,0.0,1000000.0,0.0,0.0
2012-01-31,1000000.0,0.0,0.0,0.0,0.0,0.0,1000000.0,0.0,0.0
2012-02-01,1000000.0,0.0,0.0,0.0,0.0,0.0,1000000.0,0.0,0.0
2012-02-02,1000000.0,0.0,0.0,0.0,0.0,0.0,1000000.0,0.0,0.0
2012-02-03,1000000.0,0.0,0.0,0.0,0.0,0.0,1000000.0,0.0,0.0
2012-02-06,1000000.0,0.0,0.0,0.0,0.0,0.0,1000000.0,0.0,0.0
2012-02-07,1000000.0,0.0,0.0,0.0,0.0,0.0,1000000.0,0.0,0.0
2012-02-08,1000000.0,0.0,0.0,0.0,0.0,0.0,1000000.0,0.0,0.0
2012-02-09,1000000.0,0.0,0.0,0.0,0.0,0.0,1000000.0,0.0,0.0
2012-02-10,1000000.0,0.0,0.0,0.0,0.0,0.0,1000000.0,0.0,0.0
2012-02-13,1000000.0,0.0,0.0,0.0,0.0,0.0,1000000.0,0.0,0.0
2012-02-14,1000000.0,0.0,0.0,0.0,0.0,0.0,1000000.0,0.0,0.0
2012-02-15,1000000.0,0.0,0.0,0.0,0.0,0.0,1000000.0,0.0,0.0
2012-02-16,1000000.0,0.0,0.0,0.0,0.0,0.0,1000000.0,0.0,0.0
2012-02-17,1000000.0,0.0,0.0,0.0,0.0,0.0,1000000.0,0.0,0.0
2012-02-21,1000000.0,0.0,0.0,0.0,0.0,0.0,1000000.0,0.0,0.0
2012-02-22,1000000.0,0.0,0.0,0.0,0.0,0.0,1000000.0,0.0,0.0
2012-02-23,1000000.0,0.0,0.0,0.0,0.0,0.0,1000000.0,0.0,0.0
2012-02-24,1000000.0,0.0,0.0,0.0,0.0,0.0,1000000.0,0.0,0.0
2012-02-27,1000000.0,0.0,0.0,0.0,0.0,0.0,1000000.0,0.0,0.0
2012-02-28,1000000.0,0.0,0.0,0.0,0.0,0.0,1000000.0,0.0,0.0
2012-02-29,1000000.0,0.0,0.0,0.0,0.0,0.0,1000000.0,0.0,0.0
2012-03-01,1000000.0,0.0,0.0,0.0,0.0,0.0,1000000.0,0.0,0.0
2012-03-02,1000000.0,0.0,0.0,0.0,0.0,0.0,1000000.0,0.0,0.0
2012-03-05,1000000.0,0.0,0.0,0.0,0.0,0.0,1000000.0,0.0,0.0
2012-03-06,1000000.0,0.0,0.0,0.0,0.0,0.0,1000000.0,0.0,0.0
2012-03-07,1000000.0,0.0,0.0,0.0,0.0,0.0,1000000.0,0.0,0.0
2012-03-08,1000000.0,0.0,0.0,0.0,0.0,0.0,1000000.0,0.0,0.0
2012-03-09,1000000.0,0.0,0.0,0.0,0.0,0.0,1000000.0,0.0,0.0
2012-03-12,1000000.0,0.0,0.0,0.0,0.0,0.0,1000000.0,0.0,0.0
2012-03-13,1000000.0,0.0,0.0,0.0,0.0,0.0,1000000.0,0.0,0.0
2012-03-14,1000000.0,0.0,0.0,0.0,0.0,0.0,1000000.0,0.0,0.0
2012-03-15,1000000.0,0.0,0.0,0.0,0.0,0.0,1000000.0,0.0,0.0
2012-03-16,1000000.0,0.0,0.0,0.0,0.0,0.0,1000000.0,0.0,0.0
2012-03-19,1000000.0,0.0,0.0,0.0,0.0,0.0,1000000.0,0.0,0.0
2012-03-20,1000000.0,0.0,0.0,0.0,0.0,0.0,1000000.0,0.0,0.0
2012-03-21,1000000.0,0.0,0.0,0.0,0.0,0.0,1000000.0,0.0,0.0
2012-03-22,1000000.0,0.0,0.0,0.0,0.0,0.0,1000000.0,0.0,0.0
2012-03-23,1000000.0,0.0,0.0,0.0,0.0,0.0,1000000.0,0.0,0.0
2012-03-26,1000000.0,0.0,0.0,0.0,0.0,0.0,1000000.0,0.0,0.0
2012-03-27,1000000.0,0.0,0.0,0.0,0.0,0.0,1000000.0,0.0,0.0
2012-03-28,1000000.0,0.0,0.0,0.0,0.0,0.0,1000000.0,0.0,0.0
2012-03-29,1000000.0,0.0,0.0,0.0,0.0,0.0,1000000.0,0.0,0.0
2012-03-30,1000000.0,0.0,0.0,0.0,0.0,0.0,1000000.0,0.0,0.0
2012-04-02,1000000.0,0.0,0.0,0.0,0.0,0.0,1000000.0,0.0,0.0
2012-04-03,1000000.0,0.0,0.0,0.0,0.0,0.0,1000000.0,0.0,0.0
2012-04-04,1000000.0,0.0,0.0,0.0,0.0,0.0,1000000.0,0.0,0.0
2012-04-05,1000000.0,0.0,0.0,0.0,0.0,0.0,1000000.0,0.0,0.0
2012-04-09,1000000.0,0.0,0.0,0.0,0.0,0.0,1000000.0,0.0,0.0
2012-04-10,1000000.0,0.0,0.0,0.0,0.0,0.0,1000000.0,0.0,0.0
2012-04-11,1000000.0,0.0,0.0,0.0,0.0,0.0,1000000.0,0.0,0.0
2012-04-12,1000000.0,0.0,0.0,0.0,0.0,0.0,1000000.0,0.0,0.0
2012-04-13,1000000.0,0.0,0.0,0.0,0.0,0.0,1000000.0,0.0,0.0
2012-04-16,1000000.0,0.0,0.0,0.0,0.0,0.0,1000000.0,0.0,0.0
2012-04-17,1000000.0,0.0,0.0,0.0,0.0,0.0,1000000.0,0.0,0.0
2012-04-18,1000000.0,0.0,0.0,0.0,0.0,0.0,1000000.0,0.0,0.0
2012-04-19,1000000.0,0.0,0.0,0.0,0.0,0.0,1000000.0,0.0,0.0
2012-04-20,1000000.0,0.0,0.0,0.0,0.0,0.0,1000000.0,0.0,0.0
2012-04-23,1000000.0,0.0,0.0,0.0,0.0,0.0,1000000.0,0.0,0.0
2012-04-24,1000000.0,0.0,0.0,0.0,0.0,0.0,1000000.0,0.0,0.0
2012-04-25,1000000.0,0.0,0.0,0.0,0.0,0.0,1000000.0,0.0,0.0
2012-04-26,1000000.0,0.0,0.0,0.0,0.0,0.0,1000000.0,0.0,0.0
2012-04-27,1000000.0,0.0,0.0,0.0,0.0,0.0,1000000.0,0.0,0.0
2012-04-30,1000000.0,0.0,0.0,0.0,0.0,0.0,1000000.0,-1.1834525220249783,0.0
2012-05-01,999885.0,0.0,115.0,-0.000115,0.1,9998.850000000002,989886.15,-1.2597884702501587,-0.1
2012-05-02,1004105.4218934912,4220.421893491124,0.0,0.004238798874935626,0.1,10041.054218934914,994064.3676745562,-1.220674942087616,-0.1
2012-05-03,1003898.6456533978,-206.77624009338783,0.0,-0.00020588840848260244,0.1,10038.98645653398,993859.6591968638,-1.2176488620254204,-0.1
2012-05-04,1004641.357351785,742.711698387224,0.0,0.0007403751233958539,0.1,10046.413573517852,994594.9437782671,-1.1993945681637719,-0.1
2012-05-07,1004225.3567897346,-416.0005620504286,0.0,-0.000413907284768212,0.1,10042.253567897347,994183.1032218372,-1.080185482512587,-0.1
2012-05-08,1003769.8318856237,-455.5249041108074,0.0,-0.0004534025802728659,0.1,10037.698318856239,993732.1335667676,-1.0984613449584593,-0.1
2012-05-09,1006695.433612384,2925.6017267602338,0.0,0.0029231339289390265,0.1,10066.954336123843,996628.4792762601,-1.0908922158169214,-0.1
2012-05-10,1006099.503968808,-595.9296435760414,0.0,-0.0005916159567275187,0.1,10060.995039688081,996038.5089291199,-0.9164072945193944,-0.1
2012-05-11,1006437.8308301679,338.32686135983454,0.0,0.00033638886552855103,0.1,10064.37830830168,996373.4525218662,-0.8406100880053838,-0.1
2012-05-14,1005588.8744144528,-848.9564157150298,0.0,-0.0008428150021070375,0.1,10055.88874414453,995532.9856703082,-0.976003190230684,-0.1
2012-05-15,1003780.4126160495,-1808.4617984032404,0.0,-0.0017951822318707472,0.1,10037.804126160498,993742.6084898891,-1.1183706391953008,-0.1
2012-05-16,998790.378518821,-4990.034097228513,0.0,-0.004946649769020073,0.1,9987.903785188211,988802.4747336328,0.0,-0.1
2012-05-17,995704.5560296972,-2970.961595594145,114.86089352966442,-0.003080396862561461,0.0,0.0,995704.5560296972,0.0,0.0
2012-05-18,995704.5560296972,0.0,0.0,0.0,0.0,0.0,995704.5560296972,0.0,0.0
2012-05-21,995704.5560296972,0.0,0.0,0.0,0.0,0.0,995704.5560296972,0.0,0.0
2012-05-22,995704.5560296972,0.0,0.0,0.0,0.0,0.0,995704.5560296972,0.0,0.0
2012-05-23,995704.5560296972,0.0,0.0,0.0,0.0,0.0,995704.5560296972,0.0,0.0
2012-05-24,995704.5560296972,0.0,0.0,0.0,0.0,0.0,995704.5560296972,0.0,0.0
2012-05-25,995704.5560296972,0.0,0.0,0.0,0.0,0.0,995704.5560296972,0.0,0.0
2012-05-29,995704.5560296972,0.0,0.0,0.0,0.0,0.0,995704.5560296972,0.0,0.0
2012-05-30,995704.5560296972,0.0,0.0,0.0,0.0,0.0,995704.5560296972,0.0,0.0
2012-05-31,995704.5560296972,0.0,0.0,0.0,0.0,0.0,995704.5560296972,0.0,0.0
2012-06-01,995704.5560296972,0.0,0.0,0.0,0.0,0.0,995704.5560296972,0.0,0.0
2012-06-04,995704.5560296972,0.0,0.0,0.0,0.0,0.0,995704.5560296972,0.0,0.0
2012-06-05,995704.5560296972,0.0,0.0,0.0,0.0,0.0,995704.5560296972,0.0,0.0
2012-06-06,995704.5560296972,0.0,0.0,0.0,0.0,0.0,995704.5560296972,0.0,0.0
2012-06-07,995704.5560296972,0.0,0.0,0.0,0.0,0.0,995704.5560296972,0.0,0.0
2012-06-08,995704.5560296972,0.0,0.0,0.0,0.0,0.0,995704.5560296972,0.0,0.0
2012-06-11,995704.5560296972,0.0,0.0,0.0,0.0,0.0,995704.5560296972,0.0,0.0
2012-06-12,995704.5560296972,0.0,0.0,0.0,0.0,0.0,995704.5560296972,0.0,0.0
2012-06-13,995704.5560296972,0.0,0.0,0.0,0.0,0.0,995704.5560296972,0.0,0.0
2012-06-14,995704.5560296972,0.0,0.0,0.0,0.0,0.0,995704.5560296972,0.0,0.0
2012-06-15,995704.5560296972,0.0,0.0,0.0,0.0,0.0,995704.5560296972,0.0,0.0
2012-06-18,995704.5560296972,0.0,0.0,0.0,0.0,0.0,995704.5560296972,0.0,0.0
2012-06-19,995704.5560296972,0.0,0.0,0.0,0.0,0.0,995704.5560296972,0.0,0.0
2012-06-20,995704.5560296972,0.0,0.0,0.0,0.0,0.0,995704.5560296972,0.0,0.0
2012-06-21,995704.5560296972,0.0,0.0,0.0,0.0,0.0,995704.5560296972,0.0,0.0
2012-06-22,995704.5560296972,0.0,0.0,0.0,0.0,0.0,995704.5560296972,0.0,0.0
2012-06-25,995704.5560296972,0.0,0.0,0.0,0.0,0.0,995704.5560296972,0.0,0.0
2012-06-26,995704.5560296972,0.0,0.0,0.0,0.0,0.0,995704.5560296972,0.0,0.0
2012-06-27,995704.5560296972,0.0,0.0,0.0,0.0,0.0,995704.5560296972,0.0,0.0
2012-06-28,995704.5560296972,0.0,0.0,0.0,0.0,0.0,995704.5560296972,0.0,0.0
2012-06-29,995704.5560296972,0.0,0.0,0.0,0.0,0.0,995704.5560296972,0.0,0.0
2012-07-02,995704.5560296972,0.0,0.0,0.0,0.0,0.0,995704.5560296972,0.0,0.0
2012-07-03,995704.5560296972,0.0,0.0,0.0,0.0,0.0,995704.5560296972,0.0,0.0
2012-07-05,995704.5560296972,0.0,0.0,0.0,0.0,0.0,995704.5560296972,0.0,0.0
2012-07-06,995704.5560296972,0.0,0.0,0.0,0.0,0.0,995704.5560296972,0.0,0.0
2012-07-09,995704.5560296972,0.0,0.0,0.0,0.0,0.0,995704.5560296972,0.0,0.0
2012-07-10,995704.5560296972,0.0,0.0,0.0,0.0,0.0,995704.5560296972,0.0,0.0
2012-07-11,995704.5560296972,0.0,0.0,0.0,0.0,0.0,995704.5560296972,0.0,0.0
2012-07-12,995704.5560296972,0.0,0.0,0.0,0.0,0.0,995704.5560296972,0.0,0.0
2012-07-13,995704.5560296972,0.0,0.0,0.0,0.0,0.0,995704.5560296972,0.0,0.0
2012-07-16,995704.5560296972,0.0,0.0,0.0,0.0,0.0,995704.5560296972,0.0,0.0
2012-07-17,995704.5560296972,0.0,0.0,0.0,0.0,0.0,995704.5560296972,0.0,0.0
2012-07-18,995704.5560296972,0.0,0.0,0.0,0.0,0.0,995704.5560296972,0.0,0.0
2012-07-19,995704.5560296972,0.0,0.0,0.0,0.0,0.0,995704.5560296972,0.0,0.0
2012-07-20,995704.5560296972,0.0,0.0,0.0,0.0,0.0,995704.5560296972,0.0,0.0
2012-07-23,995704.5560296972,0.0,0.0,0.0,0.0,0.0,995704.5560296972,0.0,0.0
2012-07-24,995704.5560296972,0.0,0.0,0.0,0.0,0.0,995704.5560296972,0.0,0.0
2012-07-25,995704.5560296972,0.0,0.0,0.0,0.0,0.0,995704.5560296972,0.0,0.0
2012-07-26,995704.5560296972,0.0,0.0,0.0,0.0,0.0,995704.5560296972,0.0,0.0
2012-07-27,995704.5560296972,0.0,0.0,0.0,0.0,0.0,995704.5560296972,0.0,0.0
2012-07-30,995704.5560296972,0.0,0.0,0.0,0.0,0.0,995704.5560296972,0.0,0.0
2012-07-31,995704.5560296972,0.0,0.0,0.0,0.0,0.0,995704.5560296972,0.0,0.0
2012-08-01,995704.5560296972,0.0,0.0,0.0,0.0,0.0,995704.5560296972,0.0,0.0
2012-08-02,995704.5560296972,0.0,0.0,0.0,0.0,0.0,995704.5560296972,0.0,0.0
2012-08-03,995704.5560296972,0.0,0.0,0.0,0.0,0.0,995704.5560296972,0.0,0.0
2012-08-06,995704.5560296972,0.0,0.0,0.0,0.0,0.0,995704.5560296972,0.0,0.0
2012-08-07,995704.5560296972,0.0,0.0,0.0,0.0,0.0,995704.5560296972,0.0,0.0
2012-08-08,995704.5560296972,0.0,0.0,0.0,0.0,0.0,995704.5560296972,0.0,0.0
2012-08-09,995704.5560296972,0.0,0.0,0.0,0.0,0.0,995704.5560296972,0.0,0.0
2012-08-10,995704.5560296972,0.0,0.0,0.0,0.0,0.0,995704.5560296972,0.0,0.0
2012-08-13,995704.5560296972,0.0,0.0,0.0,0.0,0.0,995704.5560296972,0.0,0.0
2012-08-14,995704.5560296972,0.0,0.0,0.0,0.0,0.0,995704.5560296972,0.0,0.0
2012-08-15,995704.5560296972,0.0,0.0,0.0,0.0,0.0,995704.5560296972,0.0,0.0
2012-08-16,995704.5560296972,0.0,0.0,0.0,0.0,0.0,995704.5560296972,0.0,0.0
2012-08-17,995704.5560296972,0.0,0.0,0.0,0.0,0.0,995704.5560296972,0.0,0.0
2012-08-20,995704.5560296972,0.0,0.0,0.0,0.0,0.0,995704.5560296972,0.0,0.0
2012-08-21,995704.5560296972,0.0,0.0,0.0,0.0,0.0,995704.5560296972,0.0,0.0
2012-08-22,995704.5560296972,0.0,0.0,0.0,0.0,0.0,995704.5560296972,0.0,0.0
2012-08-23,995704.5560296972,0.0,0.0,0.0,0.0,0.0,995704.5560296972,0.0,0.0
2012-08-24,995704.5560296972,0.0,0.0,0.0,0.0,0.0,995704.5560296972,0.0,0.0
2012-08-27,995704.5560296972,0.0,0.0,0.0,0.0,0.0,995704.5560296972,0.0,0.0
2012-08-28,995704.5560296972,0.0,0.0,0.0,0.0,0.0,995704.5560296972,0.0,0.0
2012-08-29,995704.5560296972,0.0,0.0,0.0,0.0,0.0,995704.5560296972,0.0,0.0
2012-08-30,995704.5560296972,0.0,0.0,0.0,0.0,0.0,995704.5560296972,0.0,0.0
2012-08-31,995704.5560296972,0.0,0.0,0.0,0.0,0.0,995704.5560296972,0.0,0.0
2012-09-04,995704.5560296972,0.0,0.0,0.0,0.0,0.0,995704.5560296972,0.0,0.0
2012-09-05,995704.5560296972,0.0,0.0,0.0,0.0,0.0,995704.5560296972,0.0,0.0
2012-09-06,995704.5560296972,0.0,0.0,0.0,0.0,0.0,995704.5560296972,0.0,0.0
2012-09-07,995704.5560296972,0.0,0.0,0.0,0.0,0.0,995704.5560296972,0.0,0.0
2012-09-10,995704.5560296972,0.0,0.0,0.0,0.0,0.0,995704.5560296972,0.0,0.0
2012-09-11,995704.5560296972,0.0,0.0,0.0,0.0,0.0,995704.5560296972,0.0,0.0
2012-09-12,995704.5560296972,0.0,0.0,0.0,0.0,0.0,995704.5560296972,0.0,0.0
2012-09-13,995704.5560296972,0.0,0.0,0.0,0.0,0.0,995704.5560296972,0.0,0.0
2012-09-14,995704.5560296972,0.0,0.0,0.0,0.0,0.0,995704.5560296972,0.0,0.0
2012-09-17,995704.5560296972,0.0,0.0,0.0,0.0,0.0,995704.5560296972,0.0,0.0
2012-09-18,995704.5560296972,0.0,0.0,0.0,0.0,0.0,995704.5560296972,0.0,0.0
2012-09-19,995704.5560296972,0.0,0.0,0.0,0.0,0.0,995704.5560296972,0.0,0.0
2012-09-20,995704.5560296972,0.0,0.0,0.0,0.0,0.0,995704.5560296972,0.0,0.0
2012-09-21,995704.5560296972,0.0,0.0,0.0,0.0,0.0,995704.5560296972,0.0,0.0
2012-09-24,995704.5560296972,0.0,0.0,0.0,0.0,0.0,995704.5560296972,0.0,0.0
2012-09-25,995704.5560296972,0.0,0.0,0.0,0.0,0.0,995704.5560296972,0.0,0.0
2012-09-26,995704.5560296972,0.0,0.0,0.0,0.0,0.0,995704.5560296972,0.0,0.0
2012-09-27,995704.5560296972,0.0,0.0,0.0,0.0,0.0,995704.5560296972,0.0,0.0
2012-09-28,995704.5560296972,0.0,0.0,0.0,0.0,0.0,995704.5560296972,0.0,0.0
2012-10-01,995704.5560296972,0.0,0.0,0.0,0.0,0.0,995704.5560296972,0.0,0.0
2012-10-02,995704.5560296972,0.0,0.0,0.0,0.0,0.0,995704.5560296972,0.0,0.0
2012-10-03,995704.5560296972,0.0,0.0,0.0,0.0,0.0,995704.5560296972,0.0,0.0
2012-10-04,995704.5560296972,0.0,0.0,0.0,0.0,0.0,995704.5560296972,0.0,0.0
2012-10-05,995704.5560296972,0.0,0.0,0.0,0.0,0.0,995704.5560296972,0.0,0.0
2012-10-08,995704.5560296972,0.0,0.0,0.0,0.0,0.0,995704.5560296972,0.0,0.0
2012-10-09,995704.5560296972,0.0,0.0,0.0,0.0,0.0,995704.5560296972,0.0,0.0
2012-10-10,995704.5560296972,0.0,0.0,0.0,0.0,0.0,995704.5560296972,0.0,0.0
2012-10-11,995704.5560296972,0.0,0.0,0.0,0.0,0.0,995704.5560296972,0.0,0.0
2012-10-12,995704.5560296972,0.0,0.0,0.0,0.0,0.0,995704.5560296972,0.0,0.0
2012-10-15,995704.5560296972,0.0,0.0,0.0,0.0,0.0,995704.5560296972,0.0,0.0
2012-10-16,995704.5560296972,0.0,0.0,0.0,0.0,0.0,995704.5560296972,0.0,0.0
2012-10-17,995704.5560296972,0.0,0.0,0.0,0.0,0.0,995704.5560296972,0.0,0.0
2012-10-18,995704.5560296972,0.0,0.0,0.0,0.0,0.0,995704.5560296972,0.0,0.0
2012-10-19,995704.5560296972,0.0,0.0,0.0,0.0,0.0,995704.5560296972,0.0,0.0
2012-10-22,995704.5560296972,0.0,0.0,0.0,0.0,0.0,995704.5560296972,0.0,0.0
2012-10-23,995704.5560296972,0.0,0.0,0.0,0.0,0.0,995704.5560296972,0.0,0.0
2012-10-24,995704.5560296972,0.0,0.0,0.0,0.0,0.0,995704.5560296972,0.0,0.0
2012-10-25,995704.5560296972,0.0,0.0,0.0,0.0,0.0,995704.5560296972,0.0,0.0
2012-10-26,995704.5560296972,0.0,0.0,0.0,0.0,0.0,995704.5560296972,0.0,0.0
2012-10-31,995704.5560296972,0.0,0.0,0.0,0.0,0.0,995704.5560296972,0.0,0.0
2012-11-01,995704.5560296972,0.0,0.0,0.0,0.0,0.0,995704.5560296972,0.0,0.0
2012-11-02,995704.5560296972,0.0,0.0,0.0,0.0,0.0,995704.5560296972,0.0,0.0
2012-11-05,995704.5560296972,0.0,0.0,0.0,0.0,0.0,995704.5560296972,0.0,0.0
2012-11-06,995704.5560296972,0.0,0.0,0.0,0.0,0.0,995704.5560296972,0.0,0.0
2012-11-07,995704.5560296972,0.0,0.0,0.0,0.0,0.0,995704.5560296972,0.0,0.0
2012-11-08,995704.5560296972,0.0,0.0,0.0,0.0,0.0,995704.5560296972,0.0,0.0
2012-11-09,995704.5560296972,0.0,0.0,0.0,0.0,0.0,995704.5560296972,0.0,0.0
2012-11-12,995704.5560296972,0.0,0.0,0.0,0.0,0.0,995704.5560296972,0.0,0.0
2012-11-13,995704.5560296972,0.0,0.0,0.0,0.0,0.0,995704.5560296972,0.0,0.0
2012-11-14,995704.5560296972,0.0,0.0,0.0,0.0,0.0,995704.5560296972,0.0,0.0
2012-11-15,995704.5560296972,0.0,0.0,0.0,0.0,0.0,995704.5560296972,0.0,0.0
2012-11-16,995704.5560296972,0.0,0.0,0.0,0.0,0.0,995704.5560296972,0.0,0.0
2012-11-19,995704.5560296972,0.0,0.0,0.0,0.0,0.0,995704.5560296972,0.0,0.0
2012-11-20,995704.5560296972,0.0,0.0,0.0,0.0,0.0,995704.5560296972,0.0,0.0
2012-11-21,995704.5560296972,0.0,0.0,0.0,0.0,0.0,995704.5560296972,0.0,0.0
2012-11-23,995704.5560296972,0.0,0.0,0.0,0.0,0.0,995704.5560296972,0.0,0.0
2012-11-26,995704.5560296972,0.0,0.0,0.0,0.0,0.0,995704.5560296972,0.0,0.0
2012-11-27,995704.5560296972,0.0,0.0,0.0,0.0,0.0,995704.5560296972,0.0,0.0
2012-11-28,995704.5560296972,0.0,0.0,0.0,0.0,0.0,995704.5560296972,0.0,0.0
2012-11-29,995704.5560296972,0.0,0.0,0.0,0.0,0.0,995704.5560296972,0.0,0.0
2012-11-30,995704.5560296972,0.0,0.0,0.0,0.0,0.0,995704.5560296972,0.0,0.0
2012-12-03,995704.5560296972,0.0,0.0,0.0,0.0,0.0,995704.5560296972,0.0,0.0
2012-12-04,995704.5560296972,0.0,0.0,0.0,0.0,0.0,995704.5560296972,0.0,0.0
2012-12-05,995704.5560296972,0.0,0.0,0.0,0.0,0.0,995704.5560296972,0.0,0.0
2012-12-06,995704.5560296972,0.0,0.0,0.0,0.0,0.0,995704.5560296972,0.0,0.0
2012-12-07,995704.5560296972,0.0,0.0,0.0,0.0,0.0,995704.5560296972,0.0,0.0
2012-12-10,995704.5560296972,0.0,0.0,0.0,0.0,0.0,995704.5560296972,0.0,0.0
2012-12-11,995704.5560296972,0.0,0.0,0.0,0.0,0.0,995704.5560296972,0.0,0.0
2012-12-12,995704.5560296972,0.0,0.0,0.0,0.0,0.0,995704.5560296972,0.0,0.0
2012-12-13,995704.5560296972,0.0,0.0,0.0,0.0,0.0,995704.5560296972,0.0,0.0
2012-12-14,995704.5560296972,0.0,0.0,0.0,0.0,0.0,995704.5560296972,0.0,0.0
2012-12-17,995704.5560296972,0.0,0.0,0.0,0.0,0.0,995704.5560296972,0.0,0.0
2012-12-18,995704.5560296972,0.0,0.0,0.0,0.0,0.0,995704.5560296972,0.0,0.0
2012-12-19,995704.5560296972,0.0,0.0,0.0,0.0,0.0,995704.5560296972,0.0,0.0
2012-12-20,995704.5560296972,0.0,0.0,0.0,0.0,0.0,995704.5560296972,0.0,0.0
2012-12-21,995704.5560296972,0.0,0.0,0.0,0.0,0.0,995704.5560296972,0.0,0.0
2012-12-24,995704.5560296972,0.0,0.0,0.0,0.0,0.0,995704.5560296972,0.0,0.0
2012-12-26,995704.5560296972,0.0,0.0,0.0,0.0,0.0,995704.5560296972,0.0,0.0
2012-12-27,995704.5560296972,0.0,0.0,0.0,0.0,0.0,995704.5560296972,0.0,0.0
2012-12-28,995704.5560296972,0.0,0.0,0.0,0.0,0.0,995704.5560296972,0.0,0.0
2012-12-31,995704.5560296972,0.0,0.0,0.0,0.0,0.0,995704.5560296972,0.0,0.0
2013-01-02,995704.5560296972,0.0,0.0,0.0,0.0,0.0,995704.5560296972,0.0,0.0
2013-01-03,995704.5560296972,0.0,0.0,0.0,0.0,0.0,995704.5560296972,0.0,0.0
2013-01-04,995704.5560296972,0.0,0.0,0.0,0.0,0.0,995704.5560296972,0.0,0.0
2013-01-07,995704.5560296972,0.0,0.0,0.0,0.0,0.0,995704.5560296972,0.0,0.0
2013-01-08,995704.5560296972,0.0,0.0,0.0,0.0,0.0,995704.5560296972,0.0,0.0
2013-01-09,995704.5560296972,0.0,0.0,0.0,0.0,0.0,995704.5560296972,0.0,0.0
2013-01-10,995704.5560296972,0.0,0.0,0.0,0.0,0.0,995704.5560296972,0.0,0.0
2013-01-11,995704.5560296972,0.0,0.0,0.0,0.0,0.0,995704.5560296972,0.0,0.0
2013-01-14,995704.5560296972,0.0,0.0,0.0,0.0,0.0,995704.5560296972,0.0,0.0
2013-01-15,995704.5560296972,0.0,0.0,0.0,0.0,0.0,995704.5560296972,0.0,0.0
2013-01-16,995704.5560296972,0.0,0.0,0.0,0.0,0.0,995704.5560296972,0.0,0.0
2013-01-17,995704.5560296972,0.0,0.0,0.0,0.0,0.0,995704.5560296972,0.0,0.0
2013-01-18,995704.5560296972,0.0,0.0,0.0,0.0,0.0,995704.5560296972,0.0,0.0
2013-01-22,995704.5560296972,0.0,0.0,0.0,0.0,0.0,995704.5560296972,0.0,0.0
2013-01-23,995704.5560296972,0.0,0.0,0.0,0.0,0.0,995704.5560296972,0.0,0.0
2013-01-24,995704.5560296972,0.0,0.0,0.0,0.0,0.0,995704.5560296972,0.0,0.0
2013-01-25,995704.5560296972,0.0,0.0,0.0,0.0,0.0,995704.5560296972,0.0,0.0
2013-01-28,995704.5560296972,0.0,0.0,0.0,0.0,0.0,995704.5560296972,0.0,0.0
2013-01-29,995704.5560296972,0.0,0.0,0.0,0.0,0.0,995704.5560296972,0.0,0.0
2013-01-30,995704.5560296972,0.0,0.0,0.0,0.0,0.0,995704.5560296972,0.0,0.0
2013-01-31,995704.5560296972,0.0,0.0,0.0,0.0,0.0,995704.5560296972,0.0,0.0
2013-02-01,995704.5560296972,0.0,0.0,0.0,0.0,0.0,995704.5560296972,0.0,0.0
2013-02-04,995704.5560296972,0.0,0.0,0.0,0.0,0.0,995704.5560296972,0.0,0.0
2013-02-05,995704.5560296972,0.0,0.0,0.0,0.0,0.0,995704.5560296972,0.0,0.0
2013-02-06,995704.5560296972,0.0,0.0,0.0,0.0,0.0,995704.5560296972,0.0,0.0
2013-02-07,995704.5560296972,0.0,0.0,0.0,0.0,0.0,995704.5560296972,0.0,0.0
2013-02-08,995704.5560296972,0.0,0.0,0.0,0.0,0.0,995704.5560296972,0.0,0.0
2013-02-11,995704.5560296972,0.0,0.0,0.0,0.0,0.0,995704.5560296972,0.0,0.0
2013-02-12,995704.5560296972,0.0,0.0,0.0,0.0,0.0,995704.5560296972,0.0,0.0
2013-02-13,995704.5560296972,0.0,0.0,0.0,0.0,0.0,995704.5560296972,0.0,0.0
2013-02-14,995704.5560296972,0.0,0.0,0.0,0.0,0.0,995704.5560296972,0.0,0.0
2013-02-15,995704.5560296972,0.0,0.0,0.0,0.0,0.0,995704.5560296972,0.0,0.0
2013-02-19,995704.5560296972,0.0,0.0,0.0,0.0,0.0,995704.5560296972,0.0,0.0
2013-02-20,995704.5560296972,0.0,0.0,0.0,0.0,0.0,995704.5560296972,0.0,0.0
2013-02-21,995704.5560296972,0.0,0.0,0.0,0.0,0.0,995704.5560296972,0.0,0.0
2013-02-22,995704.5560296972,0.0,0.0,0.0,0.0,0.0,995704.5560296972,0.0,0.0
2013-02-25,995704.5560296972,0.0,0.0,0.0,0.0,0.0,995704.5560296972,0.0,0.0
2013-02-26,995704.5560296972,0.0,0.0,0.0,0.0,0.0,995704.5560296972,0.0,0.0
2013-02-27,995704.5560296972,0.0,0.0,0.0,0.0,0.0,995704.5560296972,0.0,0.0
2013-02-28,995704.5560296972,0.0,0.0,0.0,0.0,0.0,995704.5560296972,0.0,0.0
2013-03-01,995704.5560296972,0.0,0.0,0.0,0.0,0.0,995704.5560296972,0.0,0.0
2013-03-04,995704.5560296972,0.0,0.0,0.0,0.0,0.0,995704.5560296972,0.0,0.0
2013-03-05,995704.5560296972,0.0,0.0,0.0,0.0,0.0,995704.5560296972,0.0,0.0
2013-03-06,995704.5560296972,0.0,0.0,0.0,0.0,0.0,995704.5560296972,0.0,0.0
2013-03-07,995704.5560296972,0.0,0.0,0.0,0.0,0.0,995704.5560296972,0.0,0.0
2013-03-08,995704.5560296972,0.0,0.0,0.0,0.0,0.0,995704.5560296972,0.0,0.0
2013-03-11,995704.5560296972,0.0,0.0,0.0,0.0,0.0,995704.5560296972,0.0,0.0
2013-03-12,995704.5560296972,0.0,0.0,0.0,0.0,0.0,995704.5560296972,0.0,0.0
2013-03-13,995704.5560296972,0.0,0.0,0.0,0.0,0.0,995704.5560296972,0.0,0.0
2013-03-14,995704.5560296972,0.0,0.0,0.0,0.0,0.0,995704.5560296972,0.0,0.0
2013-03-15,995704.5560296972,0.0,0.0,0.0,0.0,0.0,995704.5560296972,0.0,0.0
2013-03-18,995704.5560296972,0.0,0.0,0.0,0.0,0.0,995704.5560296972,0.0,0.0
2013-03-19,995704.5560296972,0.0,0.0,0.0,0.0,0.0,995704.5560296972,0.0,0.0
2013-03-20,995704.5560296972,0.0,0.0,0.0,0.0,0.0,995704.5560296972,0.0,0.0
2013-03-21,995704.5560296972,0.0,0.0,0.0,0.0,0.0,995704.5560296972,0.0,0.0
2013-03-22,995704.5560296972,0.0,0.0,0.0,0.0,0.0,995704.5560296972,0.0,0.0
2013-03-25,995704.5560296972,0.0,0.0,0.0,0.0,0.0,995704.5560296972,0.0,0.0
2013-03-26,995704.5560296972,0.0,0.0,0.0,0.0,0.0,995704.5560296972,0.0,0.0
2013-03-27,995704.5560296972,0.0,0.0,0.0,0.0,0.0,995704.5560296972,0.0,0.0
2013-03-28,995704.5560296972,0.0,0.0,0.0,0.0,0.0,995704.5560296972,0.0,0.0
2013-04-01,995704.5560296972,0.0,0.0,0.0,0.0,0.0,995704.5560296972,0.0,0.0
2013-04-02,995704.5560296972,0.0,0.0,0.0,0.0,0.0,995704.5560296972,0.0,0.0
2013-04-03,995704.5560296972,0.0,0.0,0.0,0.0,0.0,995704.5560296972,0.0,0.0
2013-04-04,995704.5560296972,0.0,0.0,0.0,0.0,0.0,995704.5560296972,0.0,0.0
2013-04-05,995704.5560296972,0.0,0.0,0.0,0.0,0.0,995704.5560296972,0.0,0.0
2013-04-08,995704.5560296972,0.0,0.0,0.0,0.0,0.0,995704.5560296972,0.0,0.0
2013-04-09,995704.5560296972,0.0,0.0,0.0,0.0,0.0,995704.5560296972,0.0,0.0
2013-04-10,995704.5560296972,0.0,0.0,0.0,0.0,0.0,995704.5560296972,0.0,0.0
2013-04-11,995704.5560296972,0.0,0.0,0.0,0.0,0.0,995704.5560296972,0.0,0.0
2013-04-12,995704.5560296972,0.0,0.0,0.0,0.0,0.0,995704.5560296972,0.0,0.0
2013-04-15,995704.5560296972,0.0,0.0,0.0,0.0,0.0,995704.5560296972,0.0,0.0
2013-04-16,995704.5560296972,0.0,0.0,0.0,0.0,0.0,995704.5560296972,0.0,0.0
2013-04-17,995704.5560296972,0.0,0.0,0.0,0.0,0.0,995704.5560296972,0.0,0.0
2013-04-18,995704.5560296972,0.0,0.0,0.0,0.0,0.0,995704.5560296972,0.0,0.0
2013-04-19,995704.5560296972,0.0,0.0,0.0,0.0,0.0,995704.5560296972,0.0,0.0
2013-04-22,995704.5560296972,0.0,0.0,0.0,0.0,0.0,995704.5560296972,0.0,0.0
2013-04-23,995704.5560296972,0.0,0.0,0.0,0.0,0.0,995704.5560296972,0.0,0.0
2013-04-24,995704.5560296972,0.0,0.0,0.0,0.0,0.0,995704.5560296972,0.0,0.0
2013-04-25,995704.5560296972,0.0,0.0,0.0,0.0,0.0,995704.5560296972,0.0,0.0
2013-04-26,995704.5560296972,0.0,0.0,0.0,0.0,0.0,995704.5560296972,-1.2102940052031406,0.0
2013-04-29,995590.0500057538,0.0,114.50602394341519,-0.00011500000000000002,0.1,9955.90050005754,985634.1495056963,-0.8134779161538689,-0.1
2013-04-30,993906.7698930283,-1683.2801127254731,0.0,-0.0016878824108587103,0.1,9939.067698930285,983967.702194098,-0.716680462114468,-0.1
2013-05-01,995455.9837705893,1549.2138775610072,0.0,0.0015611448395490028,0.1,9954.559837705896,985501.4239328834,-1.0861249980044239,-0.1
2013-05-02,994300.1059569218,-1155.8778136674684,0.0,-0.0011598074016799635,0.1,9943.00105956922,984357.1048973526,-1.1765860965133825,-0.1
2013-05-03,995337.6365022681,1037.5305453463534,0.0,0.0010445682451253482,0.1,9953.376365022683,985384.2601372454,-1.135562063243065,-0.1
2013-05-06,997891.5784166676,2553.941914399493,0.0,0.0025725059026676534,0.1,9978.915784166678,987912.662632501,-1.3694875676406768,-0.1
2013-05-07,996955.6050747184,-935.9733419492555,0.0,-0.0009370720103798748,0.1,9969.556050747186,986986.0490239712,-1.3145869157632746,-0.1
2013-05-08,997347.5461632038,391.9410884854147,0.0,0.000393292573921127,0.1,9973.47546163204,987374.0707015718,-1.2432059782698623,-0.1
2013-05-09,994556.2613192594,-2791.284843944381,0.0,-0.0027908973808501505,0.1,9945.562613192596,984610.6987060668,-0.949751552364558,-0.1
2013-05-10,997263.9537584533,2707.6924391937955,0.0,0.0027299454010919783,0.1,9972.639537584535,987291.3142208687,-0.7448885520419692,-0.1
2013-05-13,996584.0823870356,-679.8713714176754,0.0,-0.000681272186166589,0.1,9965.840823870358,986618.2415631652,-0.8980331693255136,-0.1
2013-05-14,996584.0823870356,0.0,0.0,0.0,0.1,9965.840823870358,986618.2415631652,-0.9686665179167704,-0.1
2013-05-15,997685.0840461232,1101.0016590876016,0.0,0.00110599735987727,0.1,9976.850840461235,987708.233205662,-0.9336559417921726,-0.1
2013-05-16,998547.9468215144,862.8627753912417,0.0,0.0008656135035706557,0.1,9985.479468215146,988562.4673532993,-0.7243112363065207,-0.1
2013-05-17,999201.3042567302,653.3574352158219,0.0,0.0006547359231776517,0.1,9992.013042567305,989209.291214163,-0.552560002007554,-0.1
2013-05-20,998908.8194256269,-292.4848311033239,0.0,-0.00029263296510351894,0.1,9989.08819425627,988919.7312313706,0.07502932596322237,-0.1
2013-05-21,999486.3662017646,692.4212903716495,114.87451423394711,0.0005785787302398598,0.0,0.0,999486.3662017646,0.11362664917417432,0.0
2013-05-22,999486.3662017646,0.0,0.0,0.0,0.0,0.0,999486.3662017646,0.13109632980314848,0.0
2013-05-23,999486.3662017646,0.0,0.0,0.0,0.0,0.0,999486.3662017646,0.08054257950175932,0.0
2013-05-24,999486.3662017646,0.0,0.0,0.0,0.0,0.0,999486.3662017646,0.3477077782106433,0.0
2013-05-28,999486.3662017646,0.0,0.0,0.0,0.0,0.0,999486.3662017646,1.1391546006311897,0.0
2013-05-29,999371.4252696513,0.0,114.94093211320293,-0.000115,0.1,9993.714252696516,989377.7110169549,1.1315753954246788,0.1
2013-05-30,998802.5905914473,-568.8346782039994,0.0,-0.0005688686624475575,0.1,9988.025905914476,988814.5646855328,1.1749441323201413,0.1
2013-05-31,999767.444614559,964.854023111595,0.0,0.0009669448125201448,0.1,9997.674446145591,989769.7701684134,1.3247180860940284,0.1
2013-06-03,1000228.0036783431,460.55906378416967,0.0,0.0004608785053355551,0.1,10002.280036783433,990225.7236415597,1.1865513486589627,0.1
2013-06-04,1000263.2850894076,35.28141106449183,0.0,3.527461286112385e-05,0.1,10002.632850894077,990260.6522385135,1.2906814544301446,0.1
2013-06-05,999205.1786524301,-1058.1064369775115,0.0,-0.0010567101091933778,0.1,9992.051786524302,989213.1268659057,1.4849185064219732,0.1
2013-06-06,998671.0347579259,-534.1438945041501,0.0,-0.0005342831700801425,0.1,9986.710347579261,988684.3244103467,1.5719751722492181,0.1
2013-06-07,998456.3437436462,-214.69101427974044,0.0,-0.00021493050580312367,0.1,9984.563437436464,988471.7803062097,1.504118487754241,0.1
2013-06-10,997524.2121480507,-932.1315955955046,0.0,-0.0009327019658487588,0.1,9975.242121480509,987548.9700265701,1.2911812599292969,0.1
2013-06-11,998536.5600255477,1012.3478774971156,0.0,0.0010158914447427618,0.1,9985.36560025548,988551.1944252923,1.2514248271522108,0.1
2013-06-12,996565.9998963262,-1970.5601292215692,0.0,-0.001969561324977619,0.1,9965.659998963265,986600.339897363,1.2259763745549814,0.1
2013-06-13,996930.7751525108,364.77525618459964,0.0,0.00036616623947272064,0.1,9969.30775152511,986961.4674009858,1.3764253332198177,0.1
2013-06-14,996239.9770223906,-690.7981301202665,0.0,-0.0006924450599511645,0.1,9962.399770223908,986277.5772521667,1.4260848111528805,0.1
2013-06-17,996203.3909049825,-36.58611740809367,0.0,-3.6722852631192394e-05,0.1,9962.033909049827,986241.3569959326,1.8537483623078297,0.1
2013-06-18,997228.1409029744,1024.7499979918998,0.0,0.0010297146219476318,0.1,9972.281409029745,987255.8594939447,1.8074877353733745,0.1
2013-06-19,1000056.6425389901,2828.501636015709,0.0,0.0028444314783750272,0.1,10000.566425389903,990056.0761136002,1.7639771509563622,0.1
2013-06-20,999137.2128110547,-919.4297279354223,0.0,-0.0009185331731788313,0.1,9991.372128110548,989145.8406829442,1.7991942725484806,0.1
2013-06-21,998780.6327922071,-356.58001884762837,0.0,-0.00035676061362825543,0.1,9987.806327922073,988792.826464285,1.869594499006789,0.1
2013-06-24,996061.8889493629,-2718.743842844117,0.0,-0.002714673524789256,0.1,9960.618889493631,986101.2700598693,2.1546840286719218,0.1
2013-06-25,995585.1288405138,-476.760108849106,0.0,-0.00047841607478011267,0.1,9955.85128840514,985629.2775521086,2.098171329346561,0.1
2013-06-26,994181.4956143516,-1289.1409363454673,114.49228981665908,-0.001408034361721781,0.0,0.0,994181.4956143516,2.072373081273516,0.0
2013-06-27,994067.1647423559,0.0,114.33087199565043,-0.00011499999999999999,0.1,9940.671647423562,984126.4930949324,2.0181858323077515,0.1
2013-06-28,991819.8388235715,-2247.3259187845274,0.0,-0.002255639097744361,0.1,9918.198388235716,981901.6404353357,2.0763586687064874,0.1
2013-07-01,991819.8388235715,0.0,0.0,0.0,0.0,0.0,991819.8388235715,0.0,0.0
2013-07-02,991819.8388235715,0.0,0.0,0.0,0.0,0.0,991819.8388235715,0.0,0.0
2013-07-03,991819.8388235715,0.0,0.0,0.0,0.0,0.0,991819.8388235715,0.0,0.0
2013-07-05,991819.8388235715,0.0,0.0,0.0,0.0,0.0,991819.8388235715,0.0,0.0
2013-07-08,991819.8388235715,0.0,0.0,0.0,0.0,0.0,991819.8388235715,0.0,0.0
2013-07-09,991819.8388235715,0.0,0.0,0.0,0.0,0.0,991819.8388235715,0.0,0.0
2013-07-10,991819.8388235715,0.0,0.0,0.0,0.0,0.0,991819.8388235715,0.0,0.0
2013-07-11,991819.8388235715,0.0,0.0,0.0,0.0,0.0,991819.8388235715,0.0,0.0
2013-07-12,991819.8388235715,0.0,0.0,0.0,0.0,0.0,991819.8388235715,0.0,0.0
2013-07-15,991819.8388235715,0.0,0.0,0.0,0.0,0.0,991819.8388235715,0.0,0.0
2013-07-16,991819.8388235715,0.0,0.0,0.0,0.0,0.0,991819.8388235715,0.0,0.0
2013-07-17,991819.8388235715,0.0,0.0,0.0,0.0,0.0,991819.8388235715,0.0,0.0
2013-07-18,991819.8388235715,0.0,0.0,0.0,0.0,0.0,991819.8388235715,0.0,0.0
2013-07-19,991819.8388235715,0.0,0.0,0.0,0.0,0.0,991819.8388235715,0.0,0.0
2013-07-22,991819.8388235715,0.0,0.0,0.0,0.0,0.0,991819.8388235715,0.0,0.0
2013-07-23,991819.8388235715,0.0,0.0,0.0,0.0,0.0,991819.8388235715,0.0,0.0
2013-07-24,991819.8388235715,0.0,0.0,0.0,0.0,0.0,991819.8388235715,0.0,0.0
2013-07-25,991819.8388235715,0.0,0.0,0.0,0.0,0.0,991819.8388235715,0.0,0.0
2013-07-26,991819.8388235715,0.0,0.0,0.0,0.0,0.0,991819.8388235715,0.0,0.0
2013-07-29,991819.8388235715,0.0,0.0,0.0,0.0,0.0,991819.8388235715,0.0,0.0
2013-07-30,991819.8388235715,0.0,0.0,0.0,0.0,0.0,991819.8388235715,0.0,0.0
2013-07-31,991819.8388235715,0.0,0.0,0.0,0.0,0.0,991819.8388235715,0.0,0.0
2013-08-01,991819.8388235715,0.0,0.0,0.0,0.0,0.0,991819.8388235715,0.0,0.0
2013-08-02,991819.8388235715,0.0,0.0,0.0,0.0,0.0,991819.8388235715,0.0,0.0
2013-08-05,991819.8388235715,0.0,0.0,0.0,0.0,0.0,991819.8388235715,0.0,0.0
2013-08-06,991819.8388235715,0.0,0.0,0.0,0.0,0.0,991819.8388235715,0.0,0.0
2013-08-07,991819.8388235715,0.0,0.0,0.0,0.0,0.0,991819.8388235715,0.0,0.0
2013-08-08,991819.8388235715,0.0,0.0,0.0,0.0,0.0,991819.8388235715,0.0,0.0
2013-08-09,991819.8388235715,0.0,0.0,0.0,0.0,0.0,991819.8388235715,0.0,0.0
2013-08-12,991819.8388235715,0.0,0.0,0.0,0.0,0.0,991819.8388235715,0.0,0.0
2013-08-13,991819.8388235715,0.0,0.0,0.0,0.0,0.0,991819.8388235715,0.0,0.0
2013-08-14,991819.8388235715,0.0,0.0,0.0,0.0,0.0,991819.8388235715,0.0,0.0
2013-08-15,991819.8388235715,0.0,0.0,0.0,0.0,0.0,991819.8388235715,0.0,0.0
2013-08-16,991819.8388235715,0.0,0.0,0.0,0.0,0.0,991819.8388235715,0.0,0.0
2013-08-19,991819.8388235715,0.0,0.0,0.0,0.0,0.0,991819.8388235715,0.0,0.0
2013-08-20,991819.8388235715,0.0,0.0,0.0,0.0,0.0,991819.8388235715,0.0,0.0
2013-08-21,991819.8388235715,0.0,0.0,0.0,0.0,0.0,991819.8388235715,0.0,0.0
2013-08-22,991819.8388235715,0.0,0.0,0.0,0.0,0.0,991819.8388235715,0.0,0.0
2013-08-23,991819.8388235715,0.0,0.0,0.0,0.0,0.0,991819.8388235715,0.0,0.0
2013-08-26,991819.8388235715,0.0,0.0,0.0,0.0,0.0,991819.8388235715,0.0,0.0
2013-08-27,991819.8388235715,0.0,0.0,0.0,0.0,0.0,991819.8388235715,0.0,0.0
2013-08-28,991819.8388235715,0.0,0.0,0.0,0.0,0.0,991819.8388235715,0.0,0.0
2013-08-29,991819.8388235715,0.0,0.0,0.0,0.0,0.0,991819.8388235715,0.0,0.0
2013-08-30,991819.8388235715,0.0,0.0,0.0,0.0,0.0,991819.8388235715,0.0,0.0
2013-09-03,991819.8388235715,0.0,0.0,0.0,0.0,0.0,991819.8388235715,0.0,0.0
2013-09-04,991819.8388235715,0.0,0.0,0.0,0.0,0.0,991819.8388235715,0.0,0.0
2013-09-05,991819.8388235715,0.0,0.0,0.0,0.0,0.0,991819.8388235715,0.0,0.0
2013-09-06,991819.8388235715,0.0,0.0,0.0,0.0,0.0,991819.8388235715,0.0,0.0
2013-09-09,991819.8388235715,0.0,0.0,0.0,0.0,0.0,991819.8388235715,0.0,0.0
2013-09-10,991819.8388235715,0.0,0.0,0.0,0.0,0.0,991819.8388235715,0.0,0.0
2013-09-11,991819.8388235715,0.0,0.0,0.0,0.0,0.0,991819.8388235715,0.0,0.0
2013-09-12,991819.8388235715,0.0,0.0,0.0,0.0,0.0,991819.8388235715,0.0,0.0
2013-09-13,991819.8388235715,0.0,0.0,0.0,0.0,0.0,991819.8388235715,0.0,0.0
2013-09-16,991819.8388235715,0.0,0.0,0.0,0.0,0.0,991819.8388235715,0.0,0.0
2013-09-17,991819.8388235715,0.0,0.0,0.0,0.0,0.0,991819.8388235715,0.0,0.0
2013-09-18,991819.8388235715,0.0,0.0,0.0,0.0,0.0,991819.8388235715,0.0,0.0
2013-09-19,991819.8388235715,0.0,0.0,0.0,0.0,0.0,991819.8388235715,0.0,0.0
2013-09-20,991819.8388235715,0.0,0.0,0.0,0.0,0.0,991819.8388235715,0.0,0.0
2013-09-23,991819.8388235715,0.0,0.0,0.0,0.0,0.0,991819.8388235715,0.0,0.0
2013-09-24,991819.8388235715,0.0,0.0,0.0,0.0,0.0,991819.8388235715,0.0,0.0
2013-09-25,991819.8388235715,0.0,0.0,0.0,0.0,0.0,991819.8388235715,0.0,0.0
2013-09-26,991819.8388235715,0.0,0.0,0.0,0.0,0.0,991819.8388235715,0.0,0.0
2013-09-27,991819.8388235715,0.0,0.0,0.0,0.0,0.0,991819.8388235715,0.0,0.0
2013-09-30,991819.8388235715,0.0,0.0,0.0,0.0,0.0,991819.8388235715,0.0,0.0
2013-10-01,991819.8388235715,0.0,0.0,0.0,0.0,0.0,991819.8388235715,0.0,0.0
2013-10-02,991819.8388235715,0.0,0.0,0.0,0.0,0.0,991819.8388235715,0.0,0.0
2013-10-03,991819.8388235715,0.0,0.0,0.0,0.0,0.0,991819.8388235715,0.0,0.0
2013-10-04,991819.8388235715,0.0,0.0,0.0,0.0,0.0,991819.8388235715,0.0,0.0
2013-10-07,991819.8388235715,0.0,0.0,0.0,0.0,0.0,991819.8388235715,0.0,0.0
2013-10-08,991819.8388235715,0.0,0.0,0.0,0.0,0.0,991819.8388235715,0.0,0.0
2013-10-09,991819.8388235715,0.0,0.0,0.0,0.0,0.0,991819.8388235715,0.0,0.0
2013-10-10,991819.8388235715,0.0,0.0,0.0,0.0,0.0,991819.8388235715,0.0,0.0
2013-10-11,991819.8388235715,0.0,0.0,0.0,0.0,0.0,991819.8388235715,0.0,0.0
2013-10-14,991819.8388235715,0.0,0.0,0.0,0.0,0.0,991819.8388235715,0.0,0.0
2013-10-15,991819.8388235715,0.0,0.0,0.0,0.0,0.0,991819.8388235715,0.0,0.0
2013-10-16,991819.8388235715,0.0,0.0,0.0,0.0,0.0,991819.8388235715,0.0,0.0
2013-10-17,991819.8388235715,0.0,0.0,0.0,0.0,0.0,991819.8388235715,0.0,0.0
2013-10-18,991819.8388235715,0.0,0.0,0.0,0.0,0.0,991819.8388235715,0.0,0.0
2013-10-21,991819.8388235715,0.0,0.0,0.0,0.0,0.0,991819.8388235715,0.0,0.0
2013-10-22,991819.8388235715,0.0,0.0,0.0,0.0,0.0,991819.8388235715,0.0,0.0
2013-10-23,991819.8388235715,0.0,0.0,0.0,0.0,0.0,991819.8388235715,0.0,0.0
2013-10-24,991819.8388235715,0.0,0.0,0.0,0.0,0.0,991819.8388235715,0.0,0.0
2013-10-25,991819.8388235715,0.0,0.0,0.0,0.0,0.0,991819.8388235715,0.0,0.0
2013-10-28,991819.8388235715,0.0,0.0,0.0,0.0,0.0,991819.8388235715,0.0,0.0
2013-10-29,991819.8388235715,0.0,0.0,0.0,0.0,0.0,991819.8388235715,0.0,0.0
2013-10-30,991819.8388235715,0.0,0.0,0.0,0.0,0.0,991819.8388235715,0.0,0.0
2013-10-31,991819.8388235715,0.0,0.0,0.0,0.0,0.0,991819.8388235715,0.0,0.0
2013-11-01,991819.8388235715,0.0,0.0,0.0,0.0,0.0,991819.8388235715,0.0,0.0
2013-11-04,991819.8388235715,0.0,0.0,0.0,0.0,0.0,991819.8388235715,0.0,0.0
2013-11-05,991819.8388235715,0.0,0.0,0.0,0.0,0.0,991819.8388235715,0.0,0.0
2013-11-06,991819.8388235715,0.0,0.0,0.0,0.0,0.0,991819.8388235715,0.0,0.0
2013-11-07,991819.8388235715,0.0,0.0,0.0,0.0,0.0,991819.8388235715,0.0,0.0
2013-11-08,991819.8388235715,0.0,0.0,0.0,0.0,0.0,991819.8388235715,0.0,0.0
2013-11-11,991819.8388235715,0.0,0.0,0.0,0.0,0.0,991819.8388235715,0.0,0.0
2013-11-12,991819.8388235715,0.0,0.0,0.0,0.0,0.0,991819.8388235715,0.0,0.0
2013-11-13,991819.8388235715,0.0,0.0,0.0,0.0,0.0,991819.8388235715,0.0,0.0
2013-11-14,991819.8388235715,0.0,0.0,0.0,0.0,0.0,991819.8388235715,0.0,0.0
2013-11-15,991819.8388235715,0.0,0.0,0.0,0.0,0.0,991819.8388235715,0.0,0.0
2013-11-18,991819.8388235715,0.0,0.0,0.0,0.0,0.0,991819.8388235715,0.0,0.0
2013-11-19,991819.8388235715,0.0,0.0,0.0,0.0,0.0,991819.8388235715,0.0,0.0
2013-11-20,991819.8388235715,0.0,0.0,0.0,0.0,0.0,991819.8388235715,0.0,0.0
2013-11-21,991819.8388235715,0.0,0.0,0.0,0.0,0.0,991819.8388235715,0.0,0.0
2013-11-22,991819.8388235715,0.0,0.0,0.0,0.0,0.0,991819.8388235715,0.0,0.0
2013-11-25,991819.8388235715,0.0,0.0,0.0,0.0,0.0,991819.8388235715,0.0,0.0
2013-11-26,991819.8388235715,0.0,0.0,0.0,0.0,0.0,991819.8388235715,0.0,0.0
2013-11-27,991819.8388235715,0.0,0.0,0.0,0.0,0.0,991819.8388235715,0.0,0.0
2013-11-29,991819.8388235715,0.0,0.0,0.0,0.0,0.0,991819.8388235715,0.0,0.0
2013-12-02,991819.8388235715,0.0,0.0,0.0,0.0,0.0,991819.8388235715,0.0,0.0
2013-12-03,991819.8388235715,0.0,0.0,0.0,0.0,0.0,991819.8388235715,0.0,0.0
2013-12-04,991819.8388235715,0.0,0.0,0.0,0.0,0.0,991819.8388235715,0.0,0.0
2013-12-05,991819.8388235715,0.0,0.0,0.0,0.0,0.0,991819.8388235715,0.0,0.0
2013-12-06,991819.8388235715,0.0,0.0,0.0,0.0,0.0,991819.8388235715,0.0,0.0
2013-12-09,991819.8388235715,0.0,0.0,0.0,0.0,0.0,991819.8388235715,0.0,0.0
2013-12-10,991819.8388235715,0.0,0.0,0.0,0.0,0.0,991819.8388235715,0.0,0.0
2013-12-11,991819.8388235715,0.0,0.0,0.0,0.0,0.0,991819.8388235715,0.0,0.0
2013-12-12,991819.8388235715,0.0,0.0,0.0,0.0,0.0,991819.8388235715,0.0,0.0
2013-12-13,991819.8388235715,0.0,0.0,0.0,0.0,0.0,991819.8388235715,0.0,0.0
2013-12-16,991819.8388235715,0.0,0.0,0.0,0.0,0.0,991819.8388235715,0.0,0.0
2013-12-17,991819.8388235715,0.0,0.0,0.0,0.0,0.0,991819.8388235715,0.0,0.0
2013-12-18,991819.8388235715,0.0,0.0,0.0,0.0,0.0,991819.8388235715,0.0,0.0
2013-12-19,991819.8388235715,0.0,0.0,0.0,0.0,0.0,991819.8388235715,0.0,0.0
2013-12-20,991819.8388235715,0.0,0.0,0.0,0.0,0.0,991819.8388235715,0.0,0.0
2013-12-23,991819.8388235715,0.0,0.0,0.0,0.0,0.0,991819.8388235715,0.0,0.0
2013-12-24,991819.8388235715,0.0,0.0,0.0,0.0,0.0,991819.8388235715,0.0,0.0
2013-12-26,991819.8388235715,0.0,0.0,0.0,0.0,0.0,991819.8388235715,0.0,0.0
2013-12-27,991819.8388235715,0.0,0.0,0.0,0.0,0.0,991819.8388235715,0.0,0.0
2013-12-30,991819.8388235715,0.0,0.0,0.0,0.0,0.0,991819.8388235715,0.0,0.0
2013-12-31,991819.8388235715,0.0,0.0,0.0,0.0,0.0,991819.8388235715,0.0,0.0
2014-01-02,991819.8388235715,0.0,0.0,0.0,0.0,0.0,991819.8388235715,0.0,0.0
2014-01-03,991819.8388235715,0.0,0.0,0.0,0.0,0.0,991819.8388235715,0.0,0.0
2014-01-06,991819.8388235715,0.0,0.0,0.0,0.0,0.0,991819.8388235715,0.0,0.0
2014-01-07,991819.8388235715,0.0,0.0,0.0,0.0,0.0,991819.8388235715,0.0,0.0
2014-01-08,991819.8388235715,0.0,0.0,0.0,0.0,0.0,991819.8388235715,0.0,0.0
2014-01-09,991819.8388235715,0.0,0.0,0.0,0.0,0.0,991819.8388235715,0.0,0.0
2014-01-10,991819.8388235715,0.0,0.0,0.0,0.0,0.0,991819.8388235715,0.0,0.0
2014-01-13,991819.8388235715,0.0,0.0,0.0,0.0,0.0,991819.8388235715,0.0,0.0
2014-01-14,991819.8388235715,0.0,0.0,0.0,0.0,0.0,991819.8388235715,0.0,0.0
2014-01-15,991819.8388235715,0.0,0.0,0.0,0.0,0.0,991819.8388235715,0.0,0.0
2014-01-16,991819.8388235715,0.0,0.0,0.0,0.0,0.0,991819.8388235715,0.0,0.0
2014-01-17,991819.8388235715,0.0,0.0,0.0,0.0,0.0,991819.8388235715,0.0,0.0
2014-01-21,991819.8388235715,0.0,0.0,0.0,0.0,0.0,991819.8388235715,0.0,0.0
2014-01-22,991819.8388235715,0.0,0.0,0.0,0.0,0.0,991819.8388235715,0.0,0.0
2014-01-23,991819.8388235715,0.0,0.0,0.0,0.0,0.0,991819.8388235715,0.0,0.0
2014-01-24,991819.8388235715,0.0,0.0,0.0,0.0,0.0,991819.8388235715,0.0,0.0
2014-01-27,991819.8388235715,0.0,0.0,0.0,0.0,0.0,991819.8388235715,0.0,0.0
2014-01-28,991819.8388235715,0.0,0.0,0.0,0.0,0.0,991819.8388235715,0.0,0.0
2014-01-29,991819.8388235715,0.0,0.0,0.0,0.0,0.0,991819.8388235715,0.0,0.0
2014-01-30,991819.8388235715,0.0,0.0,0.0,0.0,0.0,991819.8388235715,0.0,0.0
2014-01-31,991819.8388235715,0.0,0.0,0.0,0.0,0.0,991819.8388235715,0.0,0.0
2014-02-03,991819.8388235715,0.0,0.0,0.0,0.0,0.0,991819.8388235715,0.0,0.0
2014-02-04,991819.8388235715,0.0,0.0,0.0,0.0,0.0,991819.8388235715,0.0,0.0
2014-02-05,991819.8388235715,0.0,0.0,0.0,0.0,0.0,991819.8388235715,0.0,0.0
2014-02-06,991819.8388235715,0.0,0.0,0.0,0.0,0.0,991819.8388235715,0.0,0.0
2014-02-07,991819.8388235715,0.0,0.0,0.0,0.0,0.0,991819.8388235715,0.0,0.0
2014-02-10,991819.8388235715,0.0,0.0,0.0,0.0,0.0,991819.8388235715,0.0,0.0
2014-02-11,991819.8388235715,0.0,0.0,0.0,0.0,0.0,991819.8388235715,0.0,0.0
2014-02-12,991819.8388235715,0.0,0.0,0.0,0.0,0.0,991819.8388235715,0.0,0.0
2014-02-13,991819.8388235715,0.0,0.0,0.0,0.0,0.0,991819.8388235715,0.0,0.0
2014-02-14,991819.8388235715,0.0,0.0,0.0,0.0,0.0,991819.8388235715,0.0,0.0
2014-02-18,991819.8388235715,0.0,0.0,0.0,0.0,0.0,991819.8388235715,0.0,0.0
2014-02-19,991819.8388235715,0.0,0.0,0.0,0.0,0.0,991819.8388235715,0.0,0.0
2014-02-20,991819.8388235715,0.0,0.0,0.0,0.0,0.0,991819.8388235715,0.0,0.0
2014-02-21,991819.8388235715,0.0,0.0,0.0,0.0,0.0,991819.8388235715,0.0,0.0
2014-02-24,991819.8388235715,0.0,0.0,0.0,0.0,0.0,991819.8388235715,0.0,0.0
2014-02-25,991819.8388235715,0.0,0.0,0.0,0.0,0.0,991819.8388235715,0.0,0.0
2014-02-26,991819.8388235715,0.0,0.0,0.0,0.0,0.0,991819.8388235715,0.0,0.0
2014-02-27,991819.8388235715,0.0,0.0,0.0,0.0,0.0,991819.8388235715,0.0,0.0
2014-02-28,991819.8388235715,0.0,0.0,0.0,0.0,0.0,991819.8388235715,0.0,0.0
2014-03-03,991819.8388235715,0.0,0.0,0.0,0.0,0.0,991819.8388235715,0.0,0.0
2014-03-04,991819.8388235715,0.0,0.0,0.0,0.0,0.0,991819.8388235715,0.0,0.0
2014-03-05,991819.8388235715,0.0,0.0,0.0,0.0,0.0,991819.8388235715,0.0,0.0
2014-03-06,991819.8388235715,0.0,0.0,0.0,0.0,0.0,991819.8388235715,0.0,0.0
2014-03-07,991819.8388235715,0.0,0.0,0.0,0.0,0.0,991819.8388235715,0.0,0.0
2014-03-10,991819.8388235715,0.0,0.0,0.0,0.0,0.0,991819.8388235715,0.0,0.0
2014-03-11,991819.8388235715,0.0,0.0,0.0,0.0,0.0,991819.8388235715,0.0,0.0
2014-03-12,991819.8388235715,0.0,0.0,0.0,0.0,0.0,991819.8388235715,0.0,0.0
2014-03-13,991819.8388235715,0.0,0.0,0.0,0.0,0.0,991819.8388235715,0.0,0.0
2014-03-14,991819.8388235715,0.0,0.0,0.0,0.0,0.0,991819.8388235715,0.0,0.0
2014-03-17,991819.8388235715,0.0,0.0,0.0,0.0,0.0,991819.8388235715,0.0,0.0
2014-03-18,991819.8388235715,0.0,0.0,0.0,0.0,0.0,991819.8388235715,0.0,0.0
2014-03-19,991819.8388235715,0.0,0.0,0.0,0.0,0.0,991819.8388235715,0.0,0.0
2014-03-20,991819.8388235715,0.0,0.0,0.0,0.0,0.0,991819.8388235715,0.0,0.0
2014-03-21,991819.8388235715,0.0,0.0,0.0,0.0,0.0,991819.8388235715,0.0,0.0
2014-03-24,991819.8388235715,0.0,0.0,0.0,0.0,0.0,991819.8388235715,0.0,0.0
2014-03-25,991819.8388235715,0.0,0.0,0.0,0.0,0.0,991819.8388235715,0.0,0.0
2014-03-26,991819.8388235715,0.0,0.0,0.0,0.0,0.0,991819.8388235715,0.0,0.0
2014-03-27,991819.8388235715,0.0,0.0,0.0,0.0,0.0,991819.8388235715,0.0,0.0
2014-03-28,991819.8388235715,0.0,0.0,0.0,0.0,0.0,991819.8388235715,0.0,0.0
2014-03-31,991819.8388235715,0.0,0.0,0.0,0.0,0.0,991819.8388235715,0.0,0.0
2014-04-01,991819.8388235715,0.0,0.0,0.0,0.0,0.0,991819.8388235715,0.0,0.0
2014-04-02,991819.8388235715,0.0,0.0,0.0,0.0,0.0,991819.8388235715,0.0,0.0
2014-04-03,991819.8388235715,0.0,0.0,0.0,0.0,0.0,991819.8388235715,0.0,0.0
2014-04-04,991819.8388235715,0.0,0.0,0.0,0.0,0.0,991819.8388235715,0.0,0.0
2014-04-07,991819.8388235715,0.0,0.0,0.0,0.0,0.0,991819.8388235715,0.0,0.0
2014-04-08,991819.8388235715,0.0,0.0,0.0,0.0,0.0,991819.8388235715,0.0,0.0
2014-04-09,991819.8388235715,0.0,0.0,0.0,0.0,0.0,991819.8388235715,0.0,0.0
2014-04-10,991819.8388235715,0.0,0.0,0.0,0.0,0.0,991819.8388235715,0.0,0.0
2014-04-11,991819.8388235715,0.0,0.0,0.0,0.0,0.0,991819.8388235715,-0.3696222123682311,0.0
2014-04-14,991819.8388235715,0.0,0.0,0.0,0.0,0.0,991819.8388235715,0.0,0.0
2014-04-15,991819.8388235715,0.0,0.0,0.0,0.0,0.0,991819.8388235715,0.0,0.0
2014-04-16,991819.8388235715,0.0,0.0,0.0,0.0,0.0,991819.8388235715,-0.7394132207502035,0.0
2014-04-17,991705.7795421068,0.0,114.05928146471072,-0.000115,0.1,9917.05779542107,981788.7217466857,-0.7102732630999283,-0.1
2014-04-21,995005.4877416682,3299.708199561441,0.0,0.003338413527832209,0.1,9950.054877416684,985055.4328642515,0.0,-0.1
2014-04-22,994183.800447013,-707.2616635649719,114.42563109029186,-0.000825225242065124,0.0,0.0,994183.800447013,-0.6713180543155797,0.0
2014-04-23,994069.4693099615,0.0,114.3311370514065,-0.000115,0.1,9940.694693099618,984128.774616862,-0.773455203710606,-0.1
2014-04-24,992232.6816726556,-1836.7876373059157,0.0,-0.0018443378827001109,0.1,9922.326816726558,982310.354855929,-0.786104589465702,-0.1
2014-04-25,990612.5629979362,-1620.1186747195034,0.0,-0.0016301394674877743,0.1,9906.125629979364,980706.4373679567,-0.9343396514947018,-0.1
2014-04-28,990612.5629979362,0.0,0.0,0.0,0.1,9906.125629979364,980706.4373679567,-0.9687395740861272,-0.1
2014-04-29,989516.2049310695,-1096.3580668666912,0.0,-0.0011055240540636924,0.1,9895.162049310697,979621.0428817588,-0.9127866130804491,-0.1
2014-04-30,988703.5996883138,-698.8108791886084,113.79436356707299,-0.0008206351446718419,0.0,0.0,988703.5996883138,-0.8884518274545634,0.0
2014-05-01,988589.8987743496,0.0,113.70091396415609,-0.000115,0.1,9885.898987743498,978703.9997866061,-0.8951161208422939,-0.1
2014-05-02,987316.5808367511,-1273.3179375984469,0.0,-0.0012863574644465092,0.1,9873.165808367514,977443.4150283836,-0.8028777600389819,-0.1
2014-05-05,985433.3206684296,-1883.2601683216026,0.0,-0.0019038217458750533,0.1,9854.333206684298,975578.9874617453,-0.9639035290472647,-0.1
2014-05-06,983998.7210334877,-1434.599634941908,0.0,-0.0014536896026581755,0.1,9839.987210334879,974158.7338231528,-1.153002325343165,-0.1
2014-05-07,984267.6649955057,268.9439620180356,0.0,0.00027339211263755045,0.1,9842.67664995506,974424.9883455506,-1.3636367527005488,-0.1
2014-05-08,984672.2971291112,404.6321336055522,0.0,0.0004112687641373638,0.1,9846.722971291114,974825.5741578201,-1.4292009258321454,-0.1
2014-05-09,986399.7923872325,1727.4952581212476,0.0,0.0017574692442882249,0.1,9863.997923872328,976535.7944633602,-1.454561032937562,-0.1
2014-05-12,987574.0778543602,1174.2854671276577,0.0,0.0011918951132300357,0.1,9875.740778543604,977698.3370758166,-1.434907234526503,-0.1
2014-05-13,988343.9796868477,769.901832487453,0.0,0.0007801971771047592,0.1,9883.439796868479,978460.5398899792,-1.285759789986845,-0.1
2014-05-14,991026.627631712,2682.647944864301,0.0,0.0027216731127345656,0.1,9910.266276317121,981116.3613553949,-1.1047047168546897,-0.1
2014-05-15,991426.8219380244,400.19430631236537,0.0,0.000403981049616218,0.1,9914.268219380245,981512.5537186441,-0.991312831567898,-0.1
2014-05-16,992011.5189211061,584.6969830817688,0.0,0.0005901010548056354,0.1,9920.115189211063,982091.403731895,-0.9920799887420684,-0.1
2014-05-19,991974.7368848094,-36.782036296666895,0.0,-3.7076860331467135e-05,0.1,9919.747368848097,982054.9895159614,-0.7217155673870682,-0.1
2014-05-20,992563.0095234364,588.2726386270182,0.0,0.0005933837709538644,0.1,9925.630095234366,982637.379428202,-0.6566493288229172,-0.1
2014-05-21,993488.2173995768,925.2078761404144,0.0,0.0009330098899048331,0.1,9934.88217399577,983553.3352255811,-0.6358982419845194,-0.1
2014-05-22,994236.0444356322,747.8270360553834,0.0,0.0007532956685499058,0.1,9942.360444356324,984293.6839912758,-0.6106441937705314,-0.1
2014-05-23,995254.0335596277,1017.9891239955278,0.0,0.0010249402118209772,0.1,9952.540335596279,985301.4932240314,-0.46060039938136205,-0.1
2014-05-27,996893.6669144941,1754.0875687257808,114.45421385935718,0.001650360789130268,0.0,0.0,996893.6669144941,-0.15176720774326205,0.0
2014-05-28,996893.6669144941,0.0,0.0,0.0,0.0,0.0,996893.6669144941,-0.10276513425578795,0.0
2014-05-29,996893.6669144941,0.0,0.0,0.0,0.0,0.0,996893.6669144941,-0.0025182547149474404,0.0
2014-05-30,996893.6669144941,0.0,0.0,0.0,0.0,0.0,996893.6669144941,0.10677647728563053,0.0
2014-06-02,996893.6669144941,0.0,0.0,0.0,0.0,0.0,996893.6669144941,0.3943430786013196,0.0
2014-06-03,996893.6669144941,0.0,0.0,0.0,0.0,0.0,996893.6669144941,0.5031554961756616,0.0
2014-06-04,996779.024142799,0.0,114.64277169516684,-0.00011500000000000002,0.1,9967.790241427992,986811.233901371,0.6366635811535726,0.1
2014-06-05,995359.6886731082,-1419.3354696907227,0.0,-0.001421897217144018,0.1,9953.596886731084,985406.0917863771,0.845086388591636,0.1
2014-06-06,997413.6706967837,2053.9820236754194,0.0,0.0020678246484698098,0.1,9974.136706967838,987439.5339898159,1.0012980523497617,0.1
2014-06-09,996486.0316176885,-927.63907909527,0.0,-0.0009291803013776108,0.1,9964.860316176886,986521.1713015116,0.9920110200584833,0.1
2014-06-10,994655.751151452,-1830.280466236571,0.0,-0.0018333672845793445,0.1,9946.557511514522,984709.1936399374,0.7960735237598225,0.1
2014-06-11,992670.5754318981,-1985.1757195538337,0.0,-0.001991866544941489,0.1,9926.705754318984,982743.8696775791,0.6881430024820123,0.1
2014-06-12,991996.7218380538,-673.8535938443093,0.0,-0.0006783685237005003,0.1,9919.96721838054,982076.7546196732,0.5648038187897404,0.1
2014-06-13,992123.8465781441,127.12474009031018,0.0,0.00012816678771307728,0.1,9921.238465781444,982202.6081123627,0.3903141578390019,0.1
2014-06-16,991163.2302823933,-846.522053394321,114.09424235648657,-0.0009674168797953965,0.0,0.0,991163.2302823933,0.679219582532142,0.0
2014-06-17,991049.2465109108,0.0,113.98377148247523,-0.000115,0.1,9910.49246510911,981138.7540458017,0.822908302146209,0.1
2014-06-18,991943.6184136495,894.3719027386819,0.0,0.0009032646565443676,0.1,9919.436184136497,982024.182229513,0.8973555653147901,0.1
2014-06-19,993042.0227611263,1098.4043474767839,0.0,0.0011085529120832267,0.1,9930.420227611265,983111.602533515,1.0786536813904128,0.1
2014-06-20,991661.6357876167,-1380.3869735095689,0.0,-0.0013881293904850038,0.1,9916.61635787617,981745.0194297405,1.361002378178904,0.1
2014-06-23,990729.702597214,-931.9331904027155,0.0,-0.0009388869921474907,0.1,9907.297025972142,980822.4055712419,1.809133635696726,0.1
2014-06-24,989234.4227528457,-1495.2798443683696,0.0,-0.0015069967707212056,0.1,9892.344227528458,979342.0785253173,2.01540009141155,0.1
2014-06-25,990014.0295658733,779.6068130276367,0.0,0.0007887126456927526,0.1,9900.140295658735,980113.8892702146,2.22205660221696,0.1
2014-06-26,991175.2102260939,1161.180660220616,0.0,0.0011742704301309092,0.1,9911.75210226094,981263.4581238329,2.028500674087179,0.1
2014-06-27,991685.9059119124,510.69568581851127,0.0,0.0005155082051722657,0.1,9916.859059119126,981769.0468527933,1.9248765270576016,0.1
2014-06-30,988212.2517348609,-3473.6541770515523,0.0,-0.0034905499744593916,0.1,9882.122517348611,978330.1292175123,1.742426851962631,0.1
2014-07-01,988212.2517348609,0.0,0.0,0.0,0.0,0.0,988212.2517348609,0.0,0.0
2014-07-02,988212.2517348609,0.0,0.0,0.0,0.0,0.0,988212.2517348609,0.0,0.0
2014-07-03,988212.2517348609,0.0,0.0,0.0,0.0,0.0,988212.2517348609,0.0,0.0
2014-07-07,988212.2517348609,0.0,0.0,0.0,0.0,0.0,988212.2517348609,0.0,0.0
2014-07-08,988212.2517348609,0.0,0.0,0.0,0.0,0.0,988212.2517348609,0.0,0.0
2014-07-09,988212.2517348609,0.0,0.0,0.0,0.0,0.0,988212.2517348609,0.0,0.0
2014-07-10,988212.2517348609,0.0,0.0,0.0,0.0,0.0,988212.2517348609,0.0,0.0
2014-07-11,988212.2517348609,0.0,0.0,0.0,0.0,0.0,988212.2517348609,0.0,0.0
2014-07-14,988212.2517348609,0.0,0.0,0.0,0.0,0.0,988212.2517348609,0.0,0.0
2014-07-15,988212.2517348609,0.0,0.0,0.0,0.0,0.0,988212.2517348609,0.0,0.0
2014-07-16,988212.2517348609,0.0,0.0,0.0,0.0,0.0,988212.2517348609,0.0,0.0
2014-07-17,988212.2517348609,0.0,0.0,0.0,0.0,0.0,988212.2517348609,0.0,0.0
2014-07-18,988212.2517348609,0.0,0.0,0.0,0.0,0.0,988212.2517348609,0.0,0.0
2014-07-21,988212.2517348609,0.0,0.0,0.0,0.0,0.0,988212.2517348609,0.0,0.0
2014-07-22,988212.2517348609,0.0,0.0,0.0,0.0,0.0,988212.2517348609,0.0,0.0
2014-07-23,988212.2517348609,0.0,0.0,0.0,0.0,0.0,988212.2517348609,0.0,0.0
2014-07-24,988212.2517348609,0.0,0.0,0.0,0.0,0.0,988212.2517348609,0.0,0.0
2014-07-25,988212.2517348609,0.0,0.0,0.0,0.0,0.0,988212.2517348609,0.0,0.0
2014-07-28,988212.2517348609,0.0,0.0,0.0,0.0,0.0,988212.2517348609,0.0,0.0
2014-07-29,988212.2517348609,0.0,0.0,0.0,0.0,0.0,988212.2517348609,0.0,0.0
2014-07-30,988212.2517348609,0.0,0.0,0.0,0.0,0.0,988212.2517348609,0.0,0.0
2014-07-31,988212.2517348609,0.0,0.0,0.0,0.0,0.0,988212.2517348609,0.0,0.0
2014-08-01,988212.2517348609,0.0,0.0,0.0,0.0,0.0,988212.2517348609,0.0,0.0
2014-08-04,988212.2517348609,0.0,0.0,0.0,0.0,0.0,988212.2517348609,0.0,0.0
2014-08-05,988212.2517348609,0.0,0.0,0.0,0.0,0.0,988212.2517348609,0.0,0.0
2014-08-06,988212.2517348609,0.0,0.0,0.0,0.0,0.0,988212.2517348609,0.0,0.0
2014-08-07,988212.2517348609,0.0,0.0,0.0,0.0,0.0,988212.2517348609,0.0,0.0
2014-08-08,988212.2517348609,0.0,0.0,0.0,0.0,0.0,988212.2517348609,0.0,0.0
2014-08-11,988212.2517348609,0.0,0.0,0.0,0.0,0.0,988212.2517348609,0.0,0.0
2014-08-12,988212.2517348609,0.0,0.0,0.0,0.0,0.0,988212.2517348609,0.0,0.0
2014-08-13,988212.2517348609,0.0,0.0,0.0,0.0,0.0,988212.2517348609,0.0,0.0
2014-08-14,988212.2517348609,0.0,0.0,0.0,0.0,0.0,988212.2517348609,0.0,0.0
2014-08-15,988212.2517348609,0.0,0.0,0.0,0.0,0.0,988212.2517348609,0.0,0.0
2014-08-18,988212.2517348609,0.0,0.0,0.0,0.0,0.0,988212.2517348609,0.0,0.0
2014-08-19,988212.2517348609,0.0,0.0,0.0,0.0,0.0,988212.2517348609,0.0,0.0
2014-08-20,988212.2517348609,0.0,0.0,0.0,0.0,0.0,988212.2517348609,0.0,0.0
2014-08-21,988212.2517348609,0.0,0.0,0.0,0.0,0.0,988212.2517348609,0.0,0.0
2014-08-22,988212.2517348609,0.0,0.0,0.0,0.0,0.0,988212.2517348609,0.0,0.0
2014-08-25,988212.2517348609,0.0,0.0,0.0,0.0,0.0,988212.2517348609,0.0,0.0
2014-08-26,988212.2517348609,0.0,0.0,0.0,0.0,0.0,988212.2517348609,0.0,0.0
2014-08-27,988212.2517348609,0.0,0.0,0.0,0.0,0.0,988212.2517348609,0.0,0.0
2014-08-28,988212.2517348609,0.0,0.0,0.0,0.0,0.0,988212.2517348609,0.0,0.0
2014-08-29,988212.2517348609,0.0,0.0,0.0,0.0,0.0,988212.2517348609,0.0,0.0
2014-09-02,988212.2517348609,0.0,0.0,0.0,0.0,0.0,988212.2517348609,0.0,0.0
2014-09-03,988212.2517348609,0.0,0.0,0.0,0.0,0.0,988212.2517348609,0.0,0.0
2014-09-04,988212.2517348609,0.0,0.0,0.0,0.0,0.0,988212.2517348609,0.0,0.0
2014-09-05,988212.2517348609,0.0,0.0,0.0,0.0,0.0,988212.2517348609,0.0,0.0
2014-09-08,988212.2517348609,0.0,0.0,0.0,0.0,0.0,988212.2517348609,0.0,0.0
2014-09-09,988212.2517348609,0.0,0.0,0.0,0.0,0.0,988212.2517348609,0.0,0.0
2014-09-10,988212.2517348609,0.0,0.0,0.0,0.0,0.0,988212.2517348609,0.0,0.0
2014-09-11,988212.2517348609,0.0,0.0,0.0,0.0,0.0,988212.2517348609,0.0,0.0
2014-09-12,988212.2517348609,0.0,0.0,0.0,0.0,0.0,988212.2517348609,0.0,0.0
2014-09-15,988212.2517348609,0.0,0.0,0.0,0.0,0.0,988212.2517348609,0.0,0.0
2014-09-16,988212.2517348609,0.0,0.0,0.0,0.0,0.0,988212.2517348609,0.0,0.0
2014-09-17,988212.2517348609,0.0,0.0,0.0,0.0,0.0,988212.2517348609,0.0,0.0
2014-09-18,988212.2517348609,0.0,0.0,0.0,0.0,0.0,988212.2517348609,0.0,0.0
2014-09-19,988212.2517348609,0.0,0.0,0.0,0.0,0.0,988212.2517348609,0.0,0.0
2014-09-22,988212.2517348609,0.0,0.0,0.0,0.0,0.0,988212.2517348609,0.0,0.0
2014-09-23,988212.2517348609,0.0,0.0,0.0,0.0,0.0,988212.2517348609,0.0,0.0
2014-09-24,988212.2517348609,0.0,0.0,0.0,0.0,0.0,988212.2517348609,0.0,0.0
2014-09-25,988212.2517348609,0.0,0.0,0.0,0.0,0.0,988212.2517348609,0.0,0.0
2014-09-26,988212.2517348609,0.0,0.0,0.0,0.0,0.0,988212.2517348609,0.0,0.0
2014-09-29,988212.2517348609,0.0,0.0,0.0,0.0,0.0,988212.2517348609,0.0,0.0
2014-09-30,988212.2517348609,0.0,0.0,0.0,0.0,0.0,988212.2517348609,0.0,0.0
2014-10-01,988212.2517348609,0.0,0.0,0.0,0.0,0.0,988212.2517348609,0.0,0.0
2014-10-02,988212.2517348609,0.0,0.0,0.0,0.0,0.0,988212.2517348609,0.0,0.0
2014-10-03,988212.2517348609,0.0,0.0,0.0,0.0,0.0,988212.2517348609,0.0,0.0
2014-10-06,988212.2517348609,0.0,0.0,0.0,0.0,0.0,988212.2517348609,0.0,0.0
2014-10-07,988212.2517348609,0.0,0.0,0.0,0.0,0.0,988212.2517348609,0.0,0.0
2014-10-08,988212.2517348609,0.0,0.0,0.0,0.0,0.0,988212.2517348609,0.0,0.0
2014-10-09,988212.2517348609,0.0,0.0,0.0,0.0,0.0,988212.2517348609,0.0,0.0
2014-10-10,988212.2517348609,0.0,0.0,0.0,0.0,0.0,988212.2517348609,0.0,0.0
2014-10-13,988212.2517348609,0.0,0.0,0.0,0.0,0.0,988212.2517348609,0.0,0.0
2014-10-14,988212.2517348609,0.0,0.0,0.0,0.0,0.0,988212.2517348609,0.0,0.0
2014-10-15,988212.2517348609,0.0,0.0,0.0,0.0,0.0,988212.2517348609,0.0,0.0
2014-10-16,988212.2517348609,0.0,0.0,0.0,0.0,0.0,988212.2517348609,0.0,0.0
2014-10-17,988212.2517348609,0.0,0.0,0.0,0.0,0.0,988212.2517348609,0.0,0.0
2014-10-20,988212.2517348609,0.0,0.0,0.0,0.0,0.0,988212.2517348609,0.0,0.0
2014-10-21,988212.2517348609,0.0,0.0,0.0,0.0,0.0,988212.2517348609,0.0,0.0
2014-10-22,988212.2517348609,0.0,0.0,0.0,0.0,0.0,988212.2517348609,0.0,0.0
2014-10-23,988212.2517348609,0.0,0.0,0.0,0.0,0.0,988212.2517348609,0.0,0.0
2014-10-24,988212.2517348609,0.0,0.0,0.0,0.0,0.0,988212.2517348609,0.0,0.0
2014-10-27,988212.2517348609,0.0,0.0,0.0,0.0,0.0,988212.2517348609,0.0,0.0
2014-10-28,988212.2517348609,0.0,0.0,0.0,0.0,0.0,988212.2517348609,0.0,0.0
2014-10-29,988212.2517348609,0.0,0.0,0.0,0.0,0.0,988212.2517348609,0.0,0.0
2014-10-30,988212.2517348609,0.0,0.0,0.0,0.0,0.0,988212.2517348609,0.0,0.0
2014-10-31,988212.2517348609,0.0,0.0,0.0,0.0,0.0,988212.2517348609,0.0,0.0
2014-11-03,988212.2517348609,0.0,0.0,0.0,0.0,0.0,988212.2517348609,0.0,0.0
2014-11-04,988212.2517348609,0.0,0.0,0.0,0.0,0.0,988212.2517348609,0.0,0.0
2014-11-05,988212.2517348609,0.0,0.0,0.0,0.0,0.0,988212.2517348609,0.0,0.0
2014-11-06,988212.2517348609,0.0,0.0,0.0,0.0,0.0,988212.2517348609,0.0,0.0
2014-11-07,988212.2517348609,0.0,0.0,0.0,0.0,0.0,988212.2517348609,0.0,0.0
2014-11-10,988212.2517348609,0.0,0.0,0.0,0.0,0.0,988212.2517348609,0.0,0.0
2014-11-11,988212.2517348609,0.0,0.0,0.0,0.0,0.0,988212.2517348609,0.0,0.0
2014-11-12,988212.2517348609,0.0,0.0,0.0,0.0,0.0,988212.2517348609,0.0,0.0
2014-11-13,988212.2517348609,0.0,0.0,0.0,0.0,0.0,988212.2517348609,0.0,0.0
2014-11-14,988212.2517348609,0.0,0.0,0.0,0.0,0.0,988212.2517348609,0.0,0.0
2014-11-17,988212.2517348609,0.0,0.0,0.0,0.0,0.0,988212.2517348609,0.0,0.0
2014-11-18,988212.2517348609,0.0,0.0,0.0,0.0,0.0,988212.2517348609,0.0,0.0
2014-11-19,988212.2517348609,0.0,0.0,0.0,0.0,0.0,988212.2517348609,0.0,0.0
2014-11-20,988212.2517348609,0.0,0.0,0.0,0.0,0.0,988212.2517348609,0.0,0.0
2014-11-21,988212.2517348609,0.0,0.0,0.0,0.0,0.0,988212.2517348609,0.0,0.0
2014-11-24,988212.2517348609,0.0,0.0,0.0,0.0,0.0,988212.2517348609,0.0,0.0
2014-11-25,988212.2517348609,0.0,0.0,0.0,0.0,0.0,988212.2517348609,0.0,0.0
2014-11-26,988212.2517348609,0.0,0.0,0.0,0.0,0.0,988212.2517348609,0.0,0.0
2014-11-28,988212.2517348609,0.0,0.0,0.0,0.0,0.0,988212.2517348609,0.0,0.0
2014-12-01,988212.2517348609,0.0,0.0,0.0,0.0,0.0,988212.2517348609,0.0,0.0
2014-12-02,988212.2517348609,0.0,0.0,0.0,0.0,0.0,988212.2517348609,0.0,0.0
2014-12-03,988212.2517348609,0.0,0.0,0.0,0.0,0.0,988212.2517348609,0.0,0.0
2014-12-04,988212.2517348609,0.0,0.0,0.0,0.0,0.0,988212.2517348609,0.0,0.0
2014-12-05,988212.2517348609,0.0,0.0,0.0,0.0,0.0,988212.2517348609,0.0,0.0
2014-12-08,988212.2517348609,0.0,0.0,0.0,0.0,0.0,988212.2517348609,0.0,0.0
2014-12-09,988212.2517348609,0.0,0.0,0.0,0.0,0.0,988212.2517348609,0.0,0.0
2014-12-10,988212.2517348609,0.0,0.0,0.0,0.0,0.0,988212.2517348609,0.0,0.0
2014-12-11,988212.2517348609,0.0,0.0,0.0,0.0,0.0,988212.2517348609,0.0,0.0
2014-12-12,988212.2517348609,0.0,0.0,0.0,0.0,0.0,988212.2517348609,0.0,0.0
2014-12-15,988212.2517348609,0.0,0.0,0.0,0.0,0.0,988212.2517348609,0.0,0.0
2014-12-16,988212.2517348609,0.0,0.0,0.0,0.0,0.0,988212.2517348609,0.0,0.0
2014-12-17,988212.2517348609,0.0,0.0,0.0,0.0,0.0,988212.2517348609,0.0,0.0
2014-12-18,988212.2517348609,0.0,0.0,0.0,0.0,0.0,988212.2517348609,0.0,0.0
2014-12-19,988212.2517348609,0.0,0.0,0.0,0.0,0.0,988212.2517348609,0.0,0.0
2014-12-22,988212.2517348609,0.0,0.0,0.0,0.0,0.0,988212.2517348609,0.0,0.0
2014-12-23,988212.2517348609,0.0,0.0,0.0,0.0,0.0,988212.2517348609,0.0,0.0
2014-12-24,988212.2517348609,0.0,0.0,0.0,0.0,0.0,988212.2517348609,0.0,0.0
2014-12-26,988212.2517348609,0.0,0.0,0.0,0.0,0.0,988212.2517348609,0.0,0.0
2014-12-29,988212.2517348609,0.0,0.0,0.0,0.0,0.0,988212.2517348609,0.0,0.0
2014-12-30,988212.2517348609,0.0,0.0,0.0,0.0,0.0,988212.2517348609,0.0,0.0
2014-12-31,988212.2517348609,0.0,0.0,0.0,0.0,0.0,988212.2517348609,0.0,0.0
2015-01-02,988212.2517348609,0.0,0.0,0.0,0.0,0.0,988212.2517348609,0.0,0.0
2015-01-05,988212.2517348609,0.0,0.0,0.0,0.0,0.0,988212.2517348609,0.0,0.0
2015-01-06,988212.2517348609,0.0,0.0,0.0,0.0,0.0,988212.2517348609,0.0,0.0
2015-01-07,988212.2517348609,0.0,0.0,0.0,0.0,0.0,988212.2517348609,0.0,0.0
2015-01-08,988212.2517348609,0.0,0.0,0.0,0.0,0.0,988212.2517348609,0.0,0.0
2015-01-09,988212.2517348609,0.0,0.0,0.0,0.0,0.0,988212.2517348609,0.0,0.0
2015-01-12,988212.2517348609,0.0,0.0,0.0,0.0,0.0,988212.2517348609,0.0,0.0
2015-01-13,988212.2517348609,0.0,0.0,0.0,0.0,0.0,988212.2517348609,0.0,0.0
2015-01-14,988212.2517348609,0.0,0.0,0.0,0.0,0.0,988212.2517348609,0.0,0.0
2015-01-15,988212.2517348609,0.0,0.0,0.0,0.0,0.0,988212.2517348609,0.0,0.0
2015-01-16,988212.2517348609,0.0,0.0,0.0,0.0,0.0,988212.2517348609,0.0,0.0
2015-01-20,988212.2517348609,0.0,0.0,0.0,0.0,0.0,988212.2517348609,0.0,0.0
2015-01-21,988212.2517348609,0.0,0.0,0.0,0.0,0.0,988212.2517348609,0.0,0.0
2015-01-22,988212.2517348609,0.0,0.0,0.0,0.0,0.0,988212.2517348609,0.0,0.0
2015-01-23,988212.2517348609,0.0,0.0,0.0,0.0,0.0,988212.2517348609,0.0,0.0
2015-01-26,988212.2517348609,0.0,0.0,0.0,0.0,0.0,988212.2517348609,0.0,0.0
2015-01-27,988212.2517348609,0.0,0.0,0.0,0.0,0.0,988212.2517348609,0.0,0.0
2015-01-28,988212.2517348609,0.0,0.0,0.0,0.0,0.0,988212.2517348609,0.0,0.0
2015-01-29,988212.2517348609,0.0,0.0,0.0,0.0,0.0,988212.2517348609,0.0,0.0
2015-01-30,988212.2517348609,0.0,0.0,0.0,0.0,0.0,988212.2517348609,0.0,0.0
2015-02-02,988212.2517348609,0.0,0.0,0.0,0.0,0.0,988212.2517348609,0.0,0.0
2015-02-03,988212.2517348609,0.0,0.0,0.0,0.0,0.0,988212.2517348609,0.0,0.0
2015-02-04,988212.2517348609,0.0,0.0,0.0,0.0,0.0,988212.2517348609,0.0,0.0
2015-02-05,988212.2517348609,0.0,0.0,0.0,0.0,0.0,988212.2517348609,0.0,0.0
2015-02-06,988212.2517348609,0.0,0.0,0.0,0.0,0.0,988212.2517348609,0.0,0.0
2015-02-09,988212.2517348609,0.0,0.0,0.0,0.0,0.0,988212.2517348609,0.0,0.0
2015-02-10,988212.2517348609,0.0,0.0,0.0,0.0,0.0,988212.2517348609,0.0,0.0
2015-02-11,988212.2517348609,0.0,0.0,0.0,0.0,0.0,988212.2517348609,0.0,0.0
2015-02-12,988212.2517348609,0.0,0.0,0.0,0.0,0.0,988212.2517348609,0.0,0.0
2015-02-13,988212.2517348609,0.0,0.0,0.0,0.0,0.0,988212.2517348609,0.0,0.0
2015-02-17,988212.2517348609,0.0,0.0,0.0,0.0,0.0,988212.2517348609,0.0,0.0
2015-02-18,988212.2517348609,0.0,0.0,0.0,0.0,0.0,988212.2517348609,0.0,0.0
2015-02-19,988212.2517348609,0.0,0.0,0.0,0.0,0.0,988212.2517348609,0.0,0.0
2015-02-20,988212.2517348609,0.0,0.0,0.0,0.0,0.0,988212.2517348609,0.0,0.0
2015-02-23,988212.2517348609,0.0,0.0,0.0,0.0,0.0,988212.2517348609,0.0,0.0
2015-02-24,988212.2517348609,0.0,0.0,0.0,0.0,0.0,988212.2517348609,0.0,0.0
2015-02-25,988212.2517348609,0.0,0.0,0.0,0.0,0.0,988212.2517348609,0.0,0.0
2015-02-26,988212.2517348609,0.0,0.0,0.0,0.0,0.0,988212.2517348609,0.0,0.0
2015-02-27,988212.2517348609,0.0,0.0,0.0,0.0,0.0,988212.2517348609,0.0,0.0
2015-03-02,988212.2517348609,0.0,0.0,0.0,0.0,0.0,988212.2517348609,0.0,0.0
2015-03-03,988212.2517348609,0.0,0.0,0.0,0.0,0.0,988212.2517348609,0.0,0.0
2015-03-04,988212.2517348609,0.0,0.0,0.0,0.0,0.0,988212.2517348609,0.0,0.0
2015-03-05,988212.2517348609,0.0,0.0,0.0,0.0,0.0,988212.2517348609,0.0,0.0
2015-03-06,988212.2517348609,0.0,0.0,0.0,0.0,0.0,988212.2517348609,0.0,0.0
2015-03-09,988212.2517348609,0.0,0.0,0.0,0.0,0.0,988212.2517348609,0.0,0.0
2015-03-10,988212.2517348609,0.0,0.0,0.0,0.0,0.0,988212.2517348609,0.0,0.0
2015-03-11,988212.2517348609,0.0,0.0,0.0,0.0,0.0,988212.2517348609,0.0,0.0
2015-03-12,988212.2517348609,0.0,0.0,0.0,0.0,0.0,988212.2517348609,0.0,0.0
2015-03-13,988212.2517348609,0.0,0.0,0.0,0.0,0.0,988212.2517348609,0.0,0.0
2015-03-16,988212.2517348609,0.0,0.0,0.0,0.0,0.0,988212.2517348609,0.0,0.0
2015-03-17,988212.2517348609,0.0,0.0,0.0,0.0,0.0,988212.2517348609,0.0,0.0
2015-03-18,988212.2517348609,0.0,0.0,0.0,0.0,0.0,988212.2517348609,0.0,0.0
2015-03-19,988212.2517348609,0.0,0.0,0.0,0.0,0.0,988212.2517348609,0.0,0.0
2015-03-20,988212.2517348609,0.0,0.0,0.0,0.0,0.0,988212.2517348609,0.0,0.0
2015-03-23,988212.2517348609,0.0,0.0,0.0,0.0,0.0,988212.2517348609,0.0,0.0
2015-03-24,988212.2517348609,0.0,0.0,0.0,0.0,0.0,988212.2517348609,0.0,0.0
2015-03-25,988212.2517348609,0.0,0.0,0.0,0.0,0.0,988212.2517348609,0.0,0.0
2015-03-26,988212.2517348609,0.0,0.0,0.0,0.0,0.0,988212.2517348609,0.0,0.0
2015-03-27,988212.2517348609,0.0,0.0,0.0,0.0,0.0,988212.2517348609,0.0,0.0
2015-03-30,988212.2517348609,0.0,0.0,0.0,0.0,0.0,988212.2517348609,0.0,0.0
2015-03-31,988212.2517348609,0.0,0.0,0.0,0.0,0.0,988212.2517348609,0.0,0.0
2015-04-01,988212.2517348609,0.0,0.0,0.0,0.0,0.0,988212.2517348609,0.0,0.0
2015-04-02,988212.2517348609,0.0,0.0,0.0,0.0,0.0,988212.2517348609,0.0,0.0
2015-04-06,988212.2517348609,0.0,0.0,0.0,0.0,0.0,988212.2517348609,0.0,0.0
2015-04-07,988212.2517348609,0.0,0.0,0.0,0.0,0.0,988212.2517348609,0.0,0.0
2015-04-08,988212.2517348609,0.0,0.0,0.0,0.0,0.0,988212.2517348609,0.0,0.0
2015-04-09,988212.2517348609,0.0,0.0,0.0,0.0,0.0,988212.2517348609,0.0,0.0
2015-04-10,988212.2517348609,0.0,0.0,0.0,0.0,0.0,988212.2517348609,0.0,0.0
2015-04-13,988212.2517348609,0.0,0.0,0.0,0.0,0.0,988212.2517348609,0.0,0.0
2015-04-14,988212.2517348609,0.0,0.0,0.0,0.0,0.0,988212.2517348609,0.0,0.0
2015-04-15,988212.2517348609,0.0,0.0,0.0,0.0,0.0,988212.2517348609,0.0,0.0
2015-04-16,988212.2517348609,0.0,0.0,0.0,0.0,0.0,988212.2517348609,0.0,0.0
2015-04-17,988212.2517348609,0.0,0.0,0.0,0.0,0.0,988212.2517348609,0.0,0.0
2015-04-20,988212.2517348609,0.0,0.0,0.0,0.0,0.0,988212.2517348609,0.0,0.0
2015-04-21,988212.2517348609,0.0,0.0,0.0,0.0,0.0,988212.2517348609,0.0,0.0
2015-04-22,988212.2517348609,0.0,0.0,0.0,0.0,0.0,988212.2517348609,0.0,0.0
2015-04-23,988212.2517348609,0.0,0.0,0.0,0.0,0.0,988212.2517348609,0.0,0.0
2015-04-24,988212.2517348609,0.0,0.0,0.0,0.0,0.0,988212.2517348609,0.0,0.0
2015-04-27,988212.2517348609,0.0,0.0,0.0,0.0,0.0,988212.2517348609,0.0,0.0
2015-04-28,988212.2517348609,0.0,0.0,0.0,0.0,0.0,988212.2517348609,0.2686680462280484,0.0
2015-04-29,988212.2517348609,0.0,0.0,0.0,0.0,0.0,988212.2517348609,0.3004541170200547,0.0
2015-04-30,988212.2517348609,0.0,0.0,0.0,0.0,0.0,988212.2517348609,0.30598046633955295,0.0
2015-05-01,988212.2517348609,0.0,0.0,0.0,0.0,0.0,988212.2517348609,0.38641513180040704,0.0
2015-05-04,988212.2517348609,0.0,0.0,0.0,0.0,0.0,988212.2517348609,0.7856142481745596,0.0
2015-05-05,988098.6073259114,0.0,113.64440894950901,-0.000115,0.1,9880.986073259115,978217.6212526523,0.8169505834721116,0.1
2015-05-06,990600.7966871355,2502.1893612240215,0.0,0.002538756549451737,0.1,9906.007966871357,980694.7887202641,0.7444613178902362,0.1
2015-05-07,988518.6089904731,-2082.1876966623977,0.0,-0.0020975353959098064,0.1,9885.186089904733,978633.4229005683,0.6508075882001961,0.1
2015-05-08,990800.2139387603,2281.6049482871895,0.0,0.002313444880830688,0.1,9908.002139387605,980892.2117993727,0.9246176016640034,0.1
2015-05-11,990748.2307166229,-51.983222137395614,0.0,-5.2463144640889776e-05,0.1,9907.48230716623,980840.7484094567,0.7070113498279303,0.1
2015-05-12,991372.3240903027,624.0933736797625,0.0,0.0006303183107469273,0.1,9913.72324090303,981458.6008493997,0.9597413350358708,0.1
2015-05-13,991734.3275471954,362.00345689265095,0.0,0.0003652872723477535,0.1,9917.343275471956,981816.9842717234,0.9935913977121051,0.1
2015-05-14,996012.5993344312,4278.271787235823,0.0,0.004332619930051679,0.1,9960.125993344314,986052.4733410869,1.036649437447077,0.1
2015-05-15,997848.7959550278,1836.1966205966098,0.0,0.0018469525283282585,0.1,9978.48795955028,987870.3079954776,0.8368811260936384,0.1
2015-05-18,999947.988627536,2099.192672508131,0.0,0.002108153159778399,0.1,9999.479886275361,989948.5087412606,1.1780938748453287,0.1
2015-05-19,997743.9825193967,-2204.0061081392746,0.0,-0.002199273283610633,0.1,9977.43982519397,987766.5426942027,0.0,0.1
2015-05-20,998166.97757178,537.7356103730214,114.74055798973063,0.0004241801068679838,0.0,0.0,998166.97757178,0.0,0.0
2015-05-21,998166.97757178,0.0,0.0,0.0,0.0,0.0,998166.97757178,0.0,0.0
2015-05-22,998166.97757178,0.0,0.0,0.0,0.0,0.0,998166.97757178,0.0,0.0
2015-05-26,998166.97757178,0.0,0.0,0.0,0.0,0.0,998166.97757178,0.0,0.0
2015-05-27,998166.97757178,0.0,0.0,0.0,0.0,0.0,998166.97757178,0.0,0.0
2015-05-28,998166.97757178,0.0,0.0,0.0,0.0,0.0,998166.97757178,0.0,0.0
2015-05-29,998166.97757178,0.0,0.0,0.0,0.0,0.0,998166.97757178,0.0,0.0
2015-06-01,998166.97757178,0.0,0.0,0.0,0.0,0.0,998166.97757178,0.0,0.0
2015-06-02,998166.97757178,0.0,0.0,0.0,0.0,0.0,998166.97757178,0.0,0.0
2015-06-03,998166.97757178,0.0,0.0,0.0,0.0,0.0,998166.97757178,0.0,0.0
2015-06-04,998166.97757178,0.0,0.0,0.0,0.0,0.0,998166.97757178,0.0,0.0
2015-06-05,998166.97757178,0.0,0.0,0.0,0.0,0.0,998166.97757178,0.0,0.0
2015-06-08,998166.97757178,0.0,0.0,0.0,0.0,0.0,998166.97757178,0.0,0.0
2015-06-09,998166.97757178,0.0,0.0,0.0,0.0,0.0,998166.97757178,0.0,0.0
2015-06-10,998166.97757178,0.0,0.0,0.0,0.0,0.0,998166.97757178,0.0,0.0
2015-06-11,998166.97757178,0.0,0.0,0.0,0.0,0.0,998166.97757178,0.0,0.0
2015-06-12,998166.97757178,0.0,0.0,0.0,0.0,0.0,998166.97757178,0.0,0.0
2015-06-15,998166.97757178,0.0,0.0,0.0,0.0,0.0,998166.97757178,0.0,0.0
2015-06-16,998166.97757178,0.0,0.0,0.0,0.0,0.0,998166.97757178,0.0,0.0
2015-06-17,998166.97757178,0.0,0.0,0.0,0.0,0.0,998166.97757178,0.0,0.0
2015-06-18,998166.97757178,0.0,0.0,0.0,0.0,0.0,998166.97757178,0.0,0.0
2015-06-19,998166.97757178,0.0,0.0,0.0,0.0,0.0,998166.97757178,0.0,0.0
2015-06-22,998166.97757178,0.0,0.0,0.0,0.0,0.0,998166.97757178,0.0,0.0
2015-06-23,998166.97757178,0.0,0.0,0.0,0.0,0.0,998166.97757178,0.0,0.0
2015-06-24,998166.97757178,0.0,0.0,0.0,0.0,0.0,998166.97757178,0.0,0.0
2015-06-25,998166.97757178,0.0,0.0,0.0,0.0,0.0,998166.97757178,0.0,0.0
2015-06-26,998166.97757178,0.0,0.0,0.0,0.0,0.0,998166.97757178,0.0,0.0
2015-06-29,998166.97757178,0.0,0.0,0.0,0.0,0.0,998166.97757178,0.0,0.0
2015-06-30,998166.97757178,0.0,0.0,0.0,0.0,0.0,998166.97757178,0.0,0.0
2015-07-01,998166.97757178,0.0,0.0,0.0,0.0,0.0,998166.97757178,0.0,0.0
2015-07-02,998166.97757178,0.0,0.0,0.0,0.0,0.0,998166.97757178,0.0,0.0
2015-07-06,998166.97757178,0.0,0.0,0.0,0.0,0.0,998166.97757178,0.0,0.0
2015-07-07,998166.97757178,0.0,0.0,0.0,0.0,0.0,998166.97757178,0.0,0.0
2015-07-08,998166.97757178,0.0,0.0,0.0,0.0,0.0,998166.97757178,0.0,0.0
2015-07-09,998166.97757178,0.0,0.0,0.0,0.0,0.0,998166.97757178,0.0,0.0
2015-07-10,998166.97757178,0.0,0.0,0.0,0.0,0.0,998166.97757178,0.0,0.0
2015-07-13,998166.97757178,0.0,0.0,0.0,0.0,0.0,998166.97757178,0.0,0.0
2015-07-14,998166.97757178,0.0,0.0,0.0,0.0,0.0,998166.97757178,0.0,0.0
2015-07-15,998166.97757178,0.0,0.0,0.0,0.0,0.0,998166.97757178,0.0,0.0
2015-07-16,998166.97757178,0.0,0.0,0.0,0.0,0.0,998166.97757178,0.0,0.0
2015-07-17,998166.97757178,0.0,0.0,0.0,0.0,0.0,998166.97757178,0.0,0.0
2015-07-20,998166.97757178,0.0,0.0,0.0,0.0,0.0,998166.97757178,0.0,0.0
2015-07-21,998166.97757178,0.0,0.0,0.0,0.0,0.0,998166.97757178,0.0,0.0
2015-07-22,998166.97757178,0.0,0.0,0.0,0.0,0.0,998166.97757178,0.0,0.0
2015-07-23,998166.97757178,0.0,0.0,0.0,0.0,0.0,998166.97757178,0.0,0.0
2015-07-24,998166.97757178,0.0,0.0,0.0,0.0,0.0,998166.97757178,0.0,0.0
2015-07-27,998166.97757178,0.0,0.0,0.0,0.0,0.0,998166.97757178,0.0,0.0
2015-07-28,998166.97757178,0.0,0.0,0.0,0.0,0.0,998166.97757178,0.0,0.0
2015-07-29,998166.97757178,0.0,0.0,0.0,0.0,0.0,998166.97757178,0.0,0.0
2015-07-30,998166.97757178,0.0,0.0,0.0,0.0,0.0,998166.97757178,0.0,0.0
2015-07-31,998166.97757178,0.0,0.0,0.0,0.0,0.0,998166.97757178,0.0,0.0
2015-08-03,998166.97757178,0.0,0.0,0.0,0.0,0.0,998166.97757178,0.0,0.0
2015-08-04,998166.97757178,0.0,0.0,0.0,0.0,0.0,998166.97757178,0.0,0.0
2015-08-05,998166.97757178,0.0,0.0,0.0,0.0,0.0,998166.97757178,0.0,0.0
2015-08-06,998166.97757178,0.0,0.0,0.0,0.0,0.0,998166.97757178,0.0,0.0
2015-08-07,998166.97757178,0.0,0.0,0.0,0.0,0.0,998166.97757178,0.0,0.0
2015-08-10,998166.97757178,0.0,0.0,0.0,0.0,0.0,998166.97757178,0.0,0.0
2015-08-11,998166.97757178,0.0,0.0,0.0,0.0,0.0,998166.97757178,0.0,0.0
2015-08-12,998166.97757178,0.0,0.0,0.0,0.0,0.0,998166.97757178,0.0,0.0
2015-08-13,998166.97757178,0.0,0.0,0.0,0.0,0.0,998166.97757178,0.0,0.0
2015-08-14,998166.97757178,0.0,0.0,0.0,0.0,0.0,998166.97757178,0.0,0.0
2015-08-17,998166.97757178,0.0,0.0,0.0,0.0,0.0,998166.97757178,0.0,0.0
2015-08-18,998166.97757178,0.0,0.0,0.0,0.0,0.0,998166.97757178,0.0,0.0
2015-08-19,998166.97757178,0.0,0.0,0.0,0.0,0.0,998166.97757178,0.0,0.0
2015-08-20,998166.97757178,0.0,0.0,0.0,0.0,0.0,998166.97757178,0.0,0.0
2015-08-21,998166.97757178,0.0,0.0,0.0,0.0,0.0,998166.97757178,0.0,0.0
2015-08-24,998166.97757178,0.0,0.0,0.0,0.0,0.0,998166.97757178,0.0,0.0
2015-08-25,998166.97757178,0.0,0.0,0.0,0.0,0.0,998166.97757178,0.0,0.0
2015-08-26,998166.97757178,0.0,0.0,0.0,0.0,0.0,998166.97757178,0.0,0.0
2015-08-27,998166.97757178,0.0,0.0,0.0,0.0,0.0,998166.97757178,0.0,0.0
2015-08-28,998166.97757178,0.0,0.0,0.0,0.0,0.0,998166.97757178,0.0,0.0
2015-08-31,998166.97757178,0.0,0.0,0.0,0.0,0.0,998166.97757178,0.0,0.0
2015-09-01,998166.97757178,0.0,0.0,0.0,0.0,0.0,998166.97757178,0.0,0.0
2015-09-02,998166.97757178,0.0,0.0,0.0,0.0,0.0,998166.97757178,0.0,0.0
2015-09-03,998166.97757178,0.0,0.0,0.0,0.0,0.0,998166.97757178,0.0,0.0
2015-09-04,998166.97757178,0.0,0.0,0.0,0.0,0.0,998166.97757178,0.0,0.0
2015-09-08,998166.97757178,0.0,0.0,0.0,0.0,0.0,998166.97757178,0.0,0.0
2015-09-09,998166.97757178,0.0,0.0,0.0,0.0,0.0,998166.97757178,0.0,0.0
2015-09-10,998166.97757178,0.0,0.0,0.0,0.0,0.0,998166.97757178,0.0,0.0
2015-09-11,998166.97757178,0.0,0.0,0.0,0.0,0.0,998166.97757178,0.0,0.0
2015-09-14,998166.97757178,0.0,0.0,0.0,0.0,0.0,998166.97757178,0.0,0.0
2015-09-15,998166.97757178,0.0,0.0,0.0,0.0,0.0,998166.97757178,0.0,0.0
2015-09-16,998166.97757178,0.0,0.0,0.0,0.0,0.0,998166.97757178,0.0,0.0
2015-09-17,998166.97757178,0.0,0.0,0.0,0.0,0.0,998166.97757178,0.0,0.0
2015-09-18,998166.97757178,0.0,0.0,0.0,0.0,0.0,998166.97757178,0.0,0.0
2015-09-21,998166.97757178,0.0,0.0,0.0,0.0,0.0,998166.97757178,0.0,0.0
2015-09-22,998166.97757178,0.0,0.0,0.0,0.0,0.0,998166.97757178,0.0,0.0
2015-09-23,998166.97757178,0.0,0.0,0.0,0.0,0.0,998166.97757178,0.0,0.0
2015-09-24,998166.97757178,0.0,0.0,0.0,0.0,0.0,998166.97757178,0.0,0.0
2015-09-25,998166.97757178,0.0,0.0,0.0,0.0,0.0,998166.97757178,0.0,0.0
2015-09-28,998166.97757178,0.0,0.0,0.0,0.0,0.0,998166.97757178,0.0,0.0
2015-09-29,998166.97757178,0.0,0.0,0.0,0.0,0.0,998166.97757178,0.0,0.0
2015-09-30,998166.97757178,0.0,0.0,0.0,0.0,0.0,998166.97757178,0.0,0.0
2015-10-01,998166.97757178,0.0,0.0,0.0,0.0,0.0,998166.97757178,0.0,0.0
2015-10-02,998166.97757178,0.0,0.0,0.0,0.0,0.0,998166.97757178,0.0,0.0
2015-10-05,998166.97757178,0.0,0.0,0.0,0.0,0.0,998166.97757178,0.0,0.0
2015-10-06,998166.97757178,0.0,0.0,0.0,0.0,0.0,998166.97757178,0.0,0.0
2015-10-07,998166.97757178,0.0,0.0,0.0,0.0,0.0,998166.97757178,0.0,0.0
2015-10-08,998166.97757178,0.0,0.0,0.0,0.0,0.0,998166.97757178,0.0,0.0
2015-10-09,998166.97757178,0.0,0.0,0.0,0.0,0.0,998166.97757178,0.0,0.0
2015-10-12,998166.97757178,0.0,0.0,0.0,0.0,0.0,998166.97757178,0.0,0.0
2015-10-13,998166.97757178,0.0,0.0,0.0,0.0,0.0,998166.97757178,0.0,0.0
2015-10-14,998166.97757178,0.0,0.0,0.0,0.0,0.0,998166.97757178,0.0,0.0
2015-10-15,998166.97757178,0.0,0.0,0.0,0.0,0.0,998166.97757178,0.0,0.0
2015-10-16,998166.97757178,0.0,0.0,0.0,0.0,0.0,998166.97757178,0.0,0.0
2015-10-19,998166.97757178,0.0,0.0,0.0,0.0,0.0,998166.97757178,0.0,0.0
2015-10-20,998166.97757178,0.0,0.0,0.0,0.0,0.0,998166.97757178,0.0,0.0
2015-10-21,998166.97757178,0.0,0.0,0.0,0.0,0.0,998166.97757178,0.0,0.0
2015-10-22,998166.97757178,0.0,0.0,0.0,0.0,0.0,998166.97757178,0.0,0.0
2015-10-23,998166.97757178,0.0,0.0,0.0,0.0,0.0,998166.97757178,0.0,0.0
2015-10-26,998166.97757178,0.0,0.0,0.0,0.0,0.0,998166.97757178,0.0,0.0
2015-10-27,998166.97757178,0.0,0.0,0.0,0.0,0.0,998166.97757178,0.0,0.0
2015-10-28,998166.97757178,0.0,0.0,0.0,0.0,0.0,998166.97757178,0.0,0.0
2015-10-29,998166.97757178,0.0,0.0,0.0,0.0,0.0,998166.97757178,0.0,0.0
2015-10-30,998166.97757178,0.0,0.0,0.0,0.0,0.0,998166.97757178,0.0,0.0
2015-11-02,998166.97757178,0.0,0.0,0.0,0.0,0.0,998166.97757178,0.0,0.0
2015-11-03,998166.97757178,0.0,0.0,0.0,0.0,0.0,998166.97757178,0.0,0.0
2015-11-04,998166.97757178,0.0,0.0,0.0,0.0,0.0,998166.97757178,0.0,0.0
2015-11-05,998166.97757178,0.0,0.0,0.0,0.0,0.0,998166.97757178,0.0,0.0
2015-11-06,998166.97757178,0.0,0.0,0.0,0.0,0.0,998166.97757178,0.0,0.0
2015-11-09,998166.97757178,0.0,0.0,0.0,0.0,0.0,998166.97757178,0.0,0.0
2015-11-10,998166.97757178,0.0,0.0,0.0,0.0,0.0,998166.97757178,0.0,0.0
2015-11-11,998166.97757178,0.0,0.0,0.0,0.0,0.0,998166.97757178,0.0,0.0
2015-11-12,998166.97757178,0.0,0.0,0.0,0.0,0.0,998166.97757178,0.0,0.0
2015-11-13,998166.97757178,0.0,0.0,0.0,0.0,0.0,998166.97757178,0.0,0.0
2015-11-16,998166.97757178,0.0,0.0,0.0,0.0,0.0,998166.97757178,0.0,0.0
2015-11-17,998166.97757178,0.0,0.0,0.0,0.0,0.0,998166.97757178,0.0,0.0
2015-11-18,998166.97757178,0.0,0.0,0.0,0.0,0.0,998166.97757178,0.0,0.0
2015-11-19,998166.97757178,0.0,0.0,0.0,0.0,0.0,998166.97757178,0.0,0.0
2015-11-20,998166.97757178,0.0,0.0,0.0,0.0,0.0,998166.97757178,0.0,0.0
2015-11-23,998166.97757178,0.0,0.0,0.0,0.0,0.0,998166.97757178,0.0,0.0
2015-11-24,998166.97757178,0.0,0.0,0.0,0.0,0.0,998166.97757178,0.0,0.0
2015-11-25,998166.97757178,0.0,0.0,0.0,0.0,0.0,998166.97757178,0.0,0.0
2015-11-27,998166.97757178,0.0,0.0,0.0,0.0,0.0,998166.97757178,0.0,0.0
2015-11-30,998166.97757178,0.0,0.0,0.0,0.0,0.0,998166.97757178,0.0,0.0
2015-12-01,998166.97757178,0.0,0.0,0.0,0.0,0.0,998166.97757178,0.0,0.0
2015-12-02,998166.97757178,0.0,0.0,0.0,0.0,0.0,998166.97757178,0.0,0.0
2015-12-03,998166.97757178,0.0,0.0,0.0,0.0,0.0,998166.97757178,0.0,0.0
2015-12-04,998166.97757178,0.0,0.0,0.0,0.0,0.0,998166.97757178,0.0,0.0
2015-12-07,998166.97757178,0.0,0.0,0.0,0.0,0.0,998166.97757178,0.0,0.0
2015-12-08,998166.97757178,0.0,0.0,0.0,0.0,0.0,998166.97757178,0.0,0.0
2015-12-09,998166.97757178,0.0,0.0,0.0,0.0,0.0,998166.97757178,0.0,0.0
2015-12-10,998166.97757178,0.0,0.0,0.0,0.0,0.0,998166.97757178,0.0,0.0
2015-12-11,998166.97757178,0.0,0.0,0.0,0.0,0.0,998166.97757178,0.0,0.0
2015-12-14,998166.97757178,0.0,0.0,0.0,0.0,0.0,998166.97757178,0.0,0.0
2015-12-15,998166.97757178,0.0,0.0,0.0,0.0,0.0,998166.97757178,0.0,0.0
2015-12-16,998166.97757178,0.0,0.0,0.0,0.0,0.0,998166.97757178,0.0,0.0
2015-12-17,998166.97757178,0.0,0.0,0.0,0.0,0.0,998166.97757178,0.0,0.0
2015-12-18,998166.97757178,0.0,0.0,0.0,0.0,0.0,998166.97757178,0.0,0.0
2015-12-21,998166.97757178,0.0,0.0,0.0,0.0,0.0,998166.97757178,0.0,0.0
2015-12-22,998166.97757178,0.0,0.0,0.0,0.0,0.0,998166.97757178,0.0,0.0
2015-12-23,998166.97757178,0.0,0.0,0.0,0.0,0.0,998166.97757178,0.0,0.0
2015-12-24,998166.97757178,0.0,0.0,0.0,0.0,0.0,998166.97757178,0.0,0.0
2015-12-28,998166.97757178,0.0,0.0,0.0,0.0,0.0,998166.97757178,0.0,0.0
2015-12-29,998166.97757178,0.0,0.0,0.0,0.0,0.0,998166.97757178,0.0,0.0
2015-12-30,998166.97757178,0.0,0.0,0.0,0.0,0.0,998166.97757178,0.0,0.0
2015-12-31,998166.97757178,0.0,0.0,0.0,0.0,0.0,998166.97757178,0.0,0.0
2016-01-04,998166.97757178,0.0,0.0,0.0,0.0,0.0,998166.97757178,0.0,0.0
2016-01-05,998166.97757178,0.0,0.0,0.0,0.0,0.0,998166.97757178,0.0,0.0
2016-01-06,998166.97757178,0.0,0.0,0.0,0.0,0.0,998166.97757178,0.0,0.0
2016-01-07,998166.97757178,0.0,0.0,0.0,0.0,0.0,998166.97757178,0.0,0.0
2016-01-08,998166.97757178,0.0,0.0,0.0,0.0,0.0,998166.97757178,0.0,0.0
2016-01-11,998166.97757178,0.0,0.0,0.0,0.0,0.0,998166.97757178,0.0,0.0
2016-01-12,998166.97757178,0.0,0.0,0.0,0.0,0.0,998166.97757178,0.0,0.0
2016-01-13,998166.97757178,0.0,0.0,0.0,0.0,0.0,998166.97757178,0.0,0.0
2016-01-14,998166.97757178,0.0,0.0,0.0,0.0,0.0,998166.97757178,0.0,0.0
2016-01-15,998166.97757178,0.0,0.0,0.0,0.0,0.0,998166.97757178,0.0,0.0
2016-01-19,998166.97757178,0.0,0.0,0.0,0.0,0.0,998166.97757178,0.0,0.0
2016-01-20,998166.97757178,0.0,0.0,0.0,0.0,0.0,998166.97757178,0.0,0.0
2016-01-21,998166.97757178,0.0,0.0,0.0,0.0,0.0,998166.97757178,0.0,0.0
2016-01-22,998166.97757178,0.0,0.0,0.0,0.0,0.0,998166.97757178,0.0,0.0
2016-01-25,998166.97757178,0.0,0.0,0.0,0.0,0.0,998166.97757178,0.0,0.0
2016-01-26,998166.97757178,0.0,0.0,0.0,0.0,0.0,998166.97757178,0.0,0.0
2016-01-27,998166.97757178,0.0,0.0,0.0,0.0,0.0,998166.97757178,0.0,0.0
2016-01-28,998166.97757178,0.0,0.0,0.0,0.0,0.0,998166.97757178,0.0,0.0
2016-01-29,998166.97757178,0.0,0.0,0.0,0.0,0.0,998166.97757178,0.0,0.0
2016-02-01,998166.97757178,0.0,0.0,0.0,0.0,0.0,998166.97757178,0.0,0.0
2016-02-02,998166.97757178,0.0,0.0,0.0,0.0,0.0,998166.97757178,0.0,0.0
2016-02-03,998166.97757178,0.0,0.0,0.0,0.0,0.0,998166.97757178,0.0,0.0
2016-02-04,998166.97757178,0.0,0.0,0.0,0.0,0.0,998166.97757178,0.0,0.0
2016-02-05,998166.97757178,0.0,0.0,0.0,0.0,0.0,998166.97757178,0.0,0.0
2016-02-08,998166.97757178,0.0,0.0,0.0,0.0,0.0,998166.97757178,0.0,0.0
2016-02-09,998166.97757178,0.0,0.0,0.0,0.0,0.0,998166.97757178,0.0,0.0
2016-02-10,998166.97757178,0.0,0.0,0.0,0.0,0.0,998166.97757178,0.0,0.0
2016-02-11,998166.97757178,0.0,0.0,0.0,0.0,0.0,998166.97757178,0.0,0.0
2016-02-12,998166.97757178,0.0,0.0,0.0,0.0,0.0,998166.97757178,0.0,0.0
2016-02-16,998166.97757178,0.0,0.0,0.0,0.0,0.0,998166.97757178,0.0,0.0
2016-02-17,998166.97757178,0.0,0.0,0.0,0.0,0.0,998166.97757178,0.0,0.0
2016-02-18,998166.97757178,0.0,0.0,0.0,0.0,0.0,998166.97757178,0.0,0.0
2016-02-19,998166.97757178,0.0,0.0,0.0,0.0,0.0,998166.97757178,0.0,0.0
2016-02-22,998166.97757178,0.0,0.0,0.0,0.0,0.0,998166.97757178,0.0,0.0
2016-02-23,998166.97757178,0.0,0.0,0.0,0.0,0.0,998166.97757178,0.0,0.0
2016-02-24,998166.97757178,0.0,0.0,0.0,0.0,0.0,998166.97757178,0.0,0.0
2016-02-25,998166.97757178,0.0,0.0,0.0,0.0,0.0,998166.97757178,0.0,0.0
2016-02-26,998166.97757178,0.0,0.0,0.0,0.0,0.0,998166.97757178,0.0,0.0
2016-02-29,998166.97757178,0.0,0.0,0.0,0.0,0.0,998166.97757178,0.0,0.0
2016-03-01,998166.97757178,0.0,0.0,0.0,0.0,0.0,998166.97757178,0.0,0.0
2016-03-02,998166.97757178,0.0,0.0,0.0,0.0,0.0,998166.97757178,0.0,0.0
2016-03-03,998166.97757178,0.0,0.0,0.0,0.0,0.0,998166.97757178,0.0,0.0
2016-03-04,998166.97757178,0.0,0.0,0.0,0.0,0.0,998166.97757178,0.0,0.0
2016-03-07,998166.97757178,0.0,0.0,0.0,0.0,0.0,998166.97757178,0.0,0.0
2016-03-08,998166.97757178,0.0,0.0,0.0,0.0,0.0,998166.97757178,0.0,0.0
2016-03-09,998166.97757178,0.0,0.0,0.0,0.0,0.0,998166.97757178,0.0,0.0
2016-03-10,998166.97757178,0.0,0.0,0.0,0.0,0.0,998166.97757178,0.0,0.0
2016-03-11,998166.97757178,0.0,0.0,0.0,0.0,0.0,998166.97757178,0.0,0.0
2016-03-14,998166.97757178,0.0,0.0,0.0,0.0,0.0,998166.97757178,0.0,0.0
2016-03-15,998166.97757178,0.0,0.0,0.0,0.0,0.0,998166.97757178,0.0,0.0
2016-03-16,998166.97757178,0.0,0.0,0.0,0.0,0.0,998166.97757178,0.0,0.0
2016-03-17,998166.97757178,0.0,0.0,0.0,0.0,0.0,998166.97757178,0.0,0.0
2016-03-18,998166.97757178,0.0,0.0,0.0,0.0,0.0,998166.97757178,0.0,0.0
2016-03-21,998166.97757178,0.0,0.0,0.0,0.0,0.0,998166.97757178,0.0,0.0
2016-03-22,998166.97757178,0.0,0.0,0.0,0.0,0.0,998166.97757178,0.0,0.0
2016-03-23,998166.97757178,0.0,0.0,0.0,0.0,0.0,998166.97757178,0.0,0.0
2016-03-24,998166.97757178,0.0,0.0,0.0,0.0,0.0,998166.97757178,0.0,0.0
2016-03-28,998166.97757178,0.0,0.0,0.0,0.0,0.0,998166.97757178,0.0,0.0
2016-03-29,998166.97757178,0.0,0.0,0.0,0.0,0.0,998166.97757178,0.0,0.0
2016-03-30,998166.97757178,0.0,0.0,0.0,0.0,0.0,998166.97757178,0.0,0.0
2016-03-31,998166.97757178,0.0,0.0,0.0,0.0,0.0,998166.97757178,0.0,0.0
2016-04-01,998166.97757178,0.0,0.0,0.0,0.0,0.0,998166.97757178,-2.3327812029808723,0.0
2016-04-04,998052.1883693592,0.0,114.7892024207547,-0.000115,0.1,9980.521883693595,988071.6664856656,-2.16496200704069,-0.1
2016-04-05,998209.8585412975,157.6701719382874,0.0,0.00015800284405119292,0.1,9982.098585412978,988227.7599558845,-2.150090710228531,-0.1
2016-04-06,1000526.3793100643,2316.5207687667244,0.0,0.0023260731655741175,0.1,10005.263793100645,990521.1155169636,-1.7858968573776213,-0.1
2016-04-07,1001822.9577713732,1296.5784613089386,0.0,0.0012975778546712804,0.1,10018.229577713733,991804.7281936595,-1.647823370044229,-0.1
2016-04-08,1001110.5016197852,-712.456151587957,0.0,-0.0007106543486579567,0.1,10011.105016197855,991099.3966035873,-1.449074909177721,-0.1
2016-04-11,1003938.1901631979,2827.6885434127557,0.0,0.0028325525656389583,0.1,10039.381901631981,993898.808261566,-1.1732048067154195,-0.1
2016-04-12,1002759.7272233752,-1178.462939822647,0.0,-0.0011724638490313215,0.1,10027.597272233754,992732.1299511414,-1.122769562237309,-0.1
2016-04-13,1000765.2879869088,-1994.4392364663815,0.0,-0.001985002205558006,0.1,10007.65287986909,990757.6351070397,-1.2307784148456562,-0.1
2016-04-14,1001144.7764493091,379.4884624002363,0.0,0.00037934211239364876,0.1,10011.447764493092,991133.328684816,-1.1096138233832709,-0.1
2016-04-15,1001144.7764493091,0.0,0.0,0.0,0.1,10011.447764493092,991133.328684816,-0.9536213033365875,-0.1
2016-04-18,998313.9157437428,-2830.86070556629,0.0,-0.002819650797093591,0.1,9983.13915743743,988330.7765863054,-0.6567477894184323,-0.1
2016-04-19,995463.0986390278,-2850.8171047150777,0.0,-0.002847500527314913,0.1,9954.63098639028,985508.4676526375,-0.6665012090283174,-0.1
2016-04-20,991663.6155959485,-3685.004786735733,114.4782563434882,-0.003802722569408872,0.0,0.0,991663.6155959485,-0.6993029954136242,0.0
2016-04-21,991549.574280155,0.0,114.0413157935341,-0.00011500000000000002,0.1,9915.495742801551,981634.0785373534,-0.6392181297567607,-0.1
2016-04-22,997299.8617759804,5750.287495825407,0.0,0.005833121988333756,0.1,9972.998617759806,987326.8631582207,0.0,-0.1
2016-04-25,996277.5653512878,-907.6069405884191,114.68948410423776,-0.0010241322137241268,0.0,0.0,996277.5653512878,0.0,0.0
2016-04-26,996277.5653512878,0.0,0.0,0.0,0.0,0.0,996277.5653512878,0.0,0.0
2016-04-27,996277.5653512878,0.0,0.0,0.0,0.0,0.0,996277.5653512878,0.0,0.0
2016-04-28,996277.5653512878,0.0,0.0,0.0,0.0,0.0,996277.5653512878,0.0,0.0
2016-04-29,996277.5653512878,0.0,0.0,0.0,0.0,0.0,996277.5653512878,0.0,0.0
2016-05-02,996277.5653512878,0.0,0.0,0.0,0.0,0.0,996277.5653512878,0.0,0.0
2016-05-03,996277.5653512878,0.0,0.0,0.0,0.0,0.0,996277.5653512878,0.0,0.0
2016-05-04,996277.5653512878,0.0,0.0,0.0,0.0,0.0,996277.5653512878,0.0,0.0
2016-05-05,996277.5653512878,0.0,0.0,0.0,0.0,0.0,996277.5653512878,0.0,0.0
2016-05-06,996277.5653512878,0.0,0.0,0.0,0.0,0.0,996277.5653512878,0.0,0.0
2016-05-09,996277.5653512878,0.0,0.0,0.0,0.0,0.0,996277.5653512878,0.0,0.0
2016-05-10,996277.5653512878,0.0,0.0,0.0,0.0,0.0,996277.5653512878,0.0,0.0
2016-05-11,996277.5653512878,0.0,0.0,0.0,0.0,0.0,996277.5653512878,0.0,0.0
2016-05-12,996277.5653512878,0.0,0.0,0.0,0.0,0.0,996277.5653512878,0.0,0.0
2016-05-13,996277.5653512878,0.0,0.0,0.0,0.0,0.0,996277.5653512878,0.0,0.0
2016-05-16,996277.5653512878,0.0,0.0,0.0,0.0,0.0,996277.5653512878,0.0,0.0
2016-05-17,996277.5653512878,0.0,0.0,0.0,0.0,0.0,996277.5653512878,0.0,0.0
2016-05-18,996277.5653512878,0.0,0.0,0.0,0.0,0.0,996277.5653512878,0.0,0.0
2016-05-19,996277.5653512878,0.0,0.0,0.0,0.0,0.0,996277.5653512878,0.0,0.0
2016-05-20,996277.5653512878,0.0,0.0,0.0,0.0,0.0,996277.5653512878,0.0011035612140590698,0.0
2016-05-23,996277.5653512878,0.0,0.0,0.0,0.0,0.0,996277.5653512878,-0.034523824403451406,0.0
2016-05-24,996277.5653512878,0.0,0.0,0.0,0.0,0.0,996277.5653512878,-0.006900827465318051,0.0
2016-05-25,996277.5653512878,0.0,0.0,0.0,0.0,0.0,996277.5653512878,0.04339674118999195,0.0
2016-05-26,996277.5653512878,0.0,0.0,0.0,0.0,0.0,996277.5653512878,0.2329555623685159,0.0
2016-05-27,996277.5653512878,0.0,0.0,0.0,0.0,0.0,996277.5653512878,0.2852777937674856,0.0
2016-05-31,996277.5653512878,0.0,0.0,0.0,0.0,0.0,996277.5653512878,0.1527241817914386,0.0
2016-06-01,996277.5653512878,0.0,0.0,0.0,0.0,0.0,996277.5653512878,0.02624835405201178,0.0
2016-06-02,996277.5653512878,0.0,0.0,0.0,0.0,0.0,996277.5653512878,0.0823233186224297,0.0
2016-06-03,996277.5653512878,0.0,0.0,0.0,0.0,0.0,996277.5653512878,-0.026620038152362278,0.0
2016-06-06,996277.5653512878,0.0,0.0,0.0,0.0,0.0,996277.5653512878,-0.26113875833744743,0.0
2016-06-07,996277.5653512878,0.0,0.0,0.0,0.0,0.0,996277.5653512878,-0.1894396427842658,0.0
2016-06-08,996277.5653512878,0.0,0.0,0.0,0.0,0.0,996277.5653512878,0.0970631104379889,0.0
2016-06-09,996277.5653512878,0.0,0.0,0.0,0.0,0.0,996277.5653512878,0.41940012851738906,0.0
2016-06-10,996277.5653512878,0.0,0.0,0.0,0.0,0.0,996277.5653512878,0.0,0.0
2016-06-13,996277.5653512878,0.0,0.0,0.0,0.0,0.0,996277.5653512878,0.0,0.0
2016-06-14,996277.5653512878,0.0,0.0,0.0,0.0,0.0,996277.5653512878,0.0,0.0
2016-06-15,996277.5653512878,0.0,0.0,0.0,0.0,0.0,996277.5653512878,0.0,0.0
2016-06-16,996277.5653512878,0.0,0.0,0.0,0.0,0.0,996277.5653512878,0.0,0.0
2016-06-17,996277.5653512878,0.0,0.0,0.0,0.0,0.0,996277.5653512878,0.0,0.0
2016-06-20,996277.5653512878,0.0,0.0,0.0,0.0,0.0,996277.5653512878,0.0,0.0
2016-06-21,996277.5653512878,0.0,0.0,0.0,0.0,0.0,996277.5653512878,0.0,0.0
2016-06-22,996277.5653512878,0.0,0.0,0.0,0.0,0.0,996277.5653512878,0.0,0.0
2016-06-23,996277.5653512878,0.0,0.0,0.0,0.0,0.0,996277.5653512878,0.0,0.0
2016-06-24,996277.5653512878,0.0,0.0,0.0,0.0,0.0,996277.5653512878,0.0,0.0
2016-06-27,996277.5653512878,0.0,0.0,0.0,0.0,0.0,996277.5653512878,0.0,0.0
2016-06-28,996277.5653512878,0.0,0.0,0.0,0.0,0.0,996277.5653512878,2.1027140471153527,0.0
2016-06-29,996162.9934312725,0.0,114.5719200153981,-0.000115,0.1,9961.629934312727,986201.3634969597,2.0911193459743376,0.1
2016-06-30,996568.8805648009,405.8871335284579,0.0,0.000407616607465207,0.1,9965.688805648011,986603.1917591529,2.0260052490644647,0.1
2016-07-01,996568.8805648009,0.0,0.0,0.0,0.0,0.0,996568.8805648009,0.0,0.0
2016-07-05,996568.8805648009,0.0,0.0,0.0,0.0,0.0,996568.8805648009,0.0,0.0
2016-07-06,996568.8805648009,0.0,0.0,0.0,0.0,0.0,996568.8805648009,0.0,0.0
2016-07-07,996568.8805648009,0.0,0.0,0.0,0.0,0.0,996568.8805648009,0.0,0.0
2016-07-08,996568.8805648009,0.0,0.0,0.0,0.0,0.0,996568.8805648009,0.0,0.0
2016-07-11,996568.8805648009,0.0,0.0,0.0,0.0,0.0,996568.8805648009,0.0,0.0
2016-07-12,996568.8805648009,0.0,0.0,0.0,0.0,0.0,996568.8805648009,0.0,0.0
2016-07-13,996568.8805648009,0.0,0.0,0.0,0.0,0.0,996568.8805648009,0.0,0.0
2016-07-14,996568.8805648009,0.0,0.0,0.0,0.0,0.0,996568.8805648009,0.0,0.0
2016-07-15,996568.8805648009,0.0,0.0,0.0,0.0,0.0,996568.8805648009,0.0,0.0
2016-07-18,996568.8805648009,0.0,0.0,0.0,0.0,0.0,996568.8805648009,0.0,0.0
2016-07-19,996568.8805648009,0.0,0.0,0.0,0.0,0.0,996568.8805648009,0.0,0.0
2016-07-20,996568.8805648009,0.0,0.0,0.0,0.0,0.0,996568.8805648009,0.0,0.0
2016-07-21,996568.8805648009,0.0,0.0,0.0,0.0,0.0,996568.8805648009,0.0,0.0
2016-07-22,996568.8805648009,0.0,0.0,0.0,0.0,0.0,996568.8805648009,0.0,0.0
2016-07-25,996568.8805648009,0.0,0.0,0.0,0.0,0.0,996568.8805648009,0.0,0.0
2016-07-26,996568.8805648009,0.0,0.0,0.0,0.0,0.0,996568.8805648009,0.0,0.0
2016-07-27,996568.8805648009,0.0,0.0,0.0,0.0,0.0,996568.8805648009,0.0,0.0
2016-07-28,996568.8805648009,0.0,0.0,0.0,0.0,0.0,996568.8805648009,0.0,0.0
2016-07-29,996568.8805648009,0.0,0.0,0.0,0.0,0.0,996568.8805648009,0.0,0.0
2016-08-01,996568.8805648009,0.0,0.0,0.0,0.0,0.0,996568.8805648009,0.0,0.0
2016-08-02,996568.8805648009,0.0,0.0,0.0,0.0,0.0,996568.8805648009,0.0,0.0
2016-08-03,996568.8805648009,0.0,0.0,0.0,0.0,0.0,996568.8805648009,0.0,0.0
2016-08-04,996568.8805648009,0.0,0.0,0.0,0.0,0.0,996568.8805648009,0.0,0.0
2016-08-05,996568.8805648009,0.0,0.0,0.0,0.0,0.0,996568.8805648009,0.0,0.0
2016-08-08,996568.8805648009,0.0,0.0,0.0,0.0,0.0,996568.8805648009,0.0,0.0
2016-08-09,996568.8805648009,0.0,0.0,0.0,0.0,0.0,996568.8805648009,0.0,0.0
2016-08-10,996568.8805648009,0.0,0.0,0.0,0.0,0.0,996568.8805648009,0.0,0.0
2016-08-11,996568.8805648009,0.0,0.0,0.0,0.0,0.0,996568.8805648009,0.0,0.0
2016-08-12,996568.8805648009,0.0,0.0,0.0,0.0,0.0,996568.8805648009,0.0,0.0
2016-08-15,996568.8805648009,0.0,0.0,0.0,0.0,0.0,996568.8805648009,0.0,0.0
2016-08-16,996568.8805648009,0.0,0.0,0.0,0.0,0.0,996568.8805648009,0.0,0.0
2016-08-17,996568.8805648009,0.0,0.0,0.0,0.0,0.0,996568.8805648009,0.0,0.0
2016-08-18,996568.8805648009,0.0,0.0,0.0,0.0,0.0,996568.8805648009,0.0,0.0
2016-08-19,996568.8805648009,0.0,0.0,0.0,0.0,0.0,996568.8805648009,0.0,0.0
2016-08-22,996568.8805648009,0.0,0.0,0.0,0.0,0.0,996568.8805648009,0.0,0.0
2016-08-23,996568.8805648009,0.0,0.0,0.0,0.0,0.0,996568.8805648009,0.0,0.0
2016-08-24,996568.8805648009,0.0,0.0,0.0,0.0,0.0,996568.8805648009,0.0,0.0
2016-08-25,996568.8805648009,0.0,0.0,0.0,0.0,0.0,996568.8805648009,0.0,0.0
2016-08-26,996568.8805648009,0.0,0.0,0.0,0.0,0.0,996568.8805648009,0.0,0.0
2016-08-29,996568.8805648009,0.0,0.0,0.0,0.0,0.0,996568.8805648009,0.0,0.0
2016-08-30,996568.8805648009,0.0,0.0,0.0,0.0,0.0,996568.8805648009,0.0,0.0
2016-08-31,996568.8805648009,0.0,0.0,0.0,0.0,0.0,996568.8805648009,0.0,0.0
2016-09-01,996568.8805648009,0.0,0.0,0.0,0.0,0.0,996568.8805648009,0.0,0.0
2016-09-02,996568.8805648009,0.0,0.0,0.0,0.0,0.0,996568.8805648009,0.0,0.0
2016-09-06,996568.8805648009,0.0,0.0,0.0,0.0,0.0,996568.8805648009,0.0,0.0
2016-09-07,996568.8805648009,0.0,0.0,0.0,0.0,0.0,996568.8805648009,0.0,0.0
2016-09-08,996568.8805648009,0.0,0.0,0.0,0.0,0.0,996568.8805648009,0.0,0.0
2016-09-09,996568.8805648009,0.0,0.0,0.0,0.0,0.0,996568.8805648009,0.0,0.0
2016-09-12,996568.8805648009,0.0,0.0,0.0,0.0,0.0,996568.8805648009,0.0,0.0
2016-09-13,996568.8805648009,0.0,0.0,0.0,0.0,0.0,996568.8805648009,0.0,0.0
2016-09-14,996568.8805648009,0.0,0.0,0.0,0.0,0.0,996568.8805648009,0.0,0.0
2016-09-15,996568.8805648009,0.0,0.0,0.0,0.0,0.0,996568.8805648009,0.0,0.0
2016-09-16,996568.8805648009,0.0,0.0,0.0,0.0,0.0,996568.8805648009,0.0,0.0
2016-09-19,996568.8805648009,0.0,0.0,0.0,0.0,0.0,996568.8805648009,0.0,0.0
2016-09-20,996568.8805648009,0.0,0.0,0.0,0.0,0.0,996568.8805648009,0.0,0.0
2016-09-21,996568.8805648009,0.0,0.0,0.0,0.0,0.0,996568.8805648009,0.0,0.0
2016-09-22,996568.8805648009,0.0,0.0,0.0,0.0,0.0,996568.8805648009,0.0,0.0
2016-09-23,996568.8805648009,0.0,0.0,0.0,0.0,0.0,996568.8805648009,0.0,0.0
2016-09-26,996568.8805648009,0.0,0.0,0.0,0.0,0.0,996568.8805648009,0.0,0.0
2016-09-27,996568.8805648009,0.0,0.0,0.0,0.0,0.0,996568.8805648009,0.0,0.0
2016-09-28,996568.8805648009,0.0,0.0,0.0,0.0,0.0,996568.8805648009,0.0,0.0
2016-09-29,996568.8805648009,0.0,0.0,0.0,0.0,0.0,996568.8805648009,0.0,0.0
2016-09-30,996568.8805648009,0.0,0.0,0.0,0.0,0.0,996568.8805648009,0.0,0.0
2016-10-03,996568.8805648009,0.0,0.0,0.0,0.0,0.0,996568.8805648009,0.0,0.0
2016-10-04,996568.8805648009,0.0,0.0,0.0,0.0,0.0,996568.8805648009,0.0,0.0
2016-10-05,996568.8805648009,0.0,0.0,0.0,0.0,0.0,996568.8805648009,0.0,0.0
2016-10-06,996568.8805648009,0.0,0.0,0.0,0.0,0.0,996568.8805648009,0.0,0.0
2016-10-07,996568.8805648009,0.0,0.0,0.0,0.0,0.0,996568.8805648009,0.0,0.0
2016-10-11,996568.8805648009,0.0,0.0,0.0,0.0,0.0,996568.8805648009,0.0,0.0
2016-10-12,996568.8805648009,0.0,0.0,0.0,0.0,0.0,996568.8805648009,0.0,0.0
2016-10-13,996568.8805648009,0.0,0.0,0.0,0.0,0.0,996568.8805648009,0.0,0.0
2016-10-14,996568.8805648009,0.0,0.0,0.0,0.0,0.0,996568.8805648009,0.0,0.0
2016-10-17,996568.8805648009,0.0,0.0,0.0,0.0,0.0,996568.8805648009,0.0,0.0
2016-10-18,996568.8805648009,0.0,0.0,0.0,0.0,0.0,996568.8805648009,0.0,0.0
2016-10-19,996568.8805648009,0.0,0.0,0.0,0.0,0.0,996568.8805648009,0.0,0.0
2016-10-20,996568.8805648009,0.0,0.0,0.0,0.0,0.0,996568.8805648009,0.0,0.0
2016-10-21,996568.8805648009,0.0,0.0,0.0,0.0,0.0,996568.8805648009,0.0,0.0
2016-10-24,996568.8805648009,0.0,0.0,0.0,0.0,0.0,996568.8805648009,0.0,0.0
2016-10-25,996568.8805648009,0.0,0.0,0.0,0.0,0.0,996568.8805648009,0.0,0.0
2016-10-26,996568.8805648009,0.0,0.0,0.0,0.0,0.0,996568.8805648009,0.0,0.0
2016-10-27,996568.8805648009,0.0,0.0,0.0,0.0,0.0,996568.8805648009,0.0,0.0
2016-10-28,996568.8805648009,0.0,0.0,0.0,0.0,0.0,996568.8805648009,0.0,0.0
2016-10-31,996568.8805648009,0.0,0.0,0.0,0.0,0.0,996568.8805648009,0.0,0.0
2016-11-01,996568.8805648009,0.0,0.0,0.0,0.0,0.0,996568.8805648009,0.0,0.0
2016-11-02,996568.8805648009,0.0,0.0,0.0,0.0,0.0,996568.8805648009,0.0,0.0
2016-11-03,996568.8805648009,0.0,0.0,0.0,0.0,0.0,996568.8805648009,0.0,0.0
2016-11-04,996568.8805648009,0.0,0.0,0.0,0.0,0.0,996568.8805648009,0.0,0.0
2016-11-07,996568.8805648009,0.0,0.0,0.0,0.0,0.0,996568.8805648009,0.0,0.0
2016-11-08,996568.8805648009,0.0,0.0,0.0,0.0,0.0,996568.8805648009,0.0,0.0
2016-11-09,996568.8805648009,0.0,0.0,0.0,0.0,0.0,996568.8805648009,0.0,0.0
2016-11-10,996568.8805648009,0.0,0.0,0.0,0.0,0.0,996568.8805648009,0.0,0.0
2016-11-14,996568.8805648009,0.0,0.0,0.0,0.0,0.0,996568.8805648009,0.0,0.0
2016-11-15,996568.8805648009,0.0,0.0,0.0,0.0,0.0,996568.8805648009,0.0,0.0
2016-11-16,996568.8805648009,0.0,0.0,0.0,0.0,0.0,996568.8805648009,0.0,0.0
2016-11-17,996568.8805648009,0.0,0.0,0.0,0.0,0.0,996568.8805648009,0.0,0.0
2016-11-18,996568.8805648009,0.0,0.0,0.0,0.0,0.0,996568.8805648009,0.0,0.0
2016-11-21,996568.8805648009,0.0,0.0,0.0,0.0,0.0,996568.8805648009,0.0,0.0
2016-11-22,996568.8805648009,0.0,0.0,0.0,0.0,0.0,996568.8805648009,0.0,0.0
2016-11-23,996568.8805648009,0.0,0.0,0.0,0.0,0.0,996568.8805648009,0.0,0.0
2016-11-25,996568.8805648009,0.0,0.0,0.0,0.0,0.0,996568.8805648009,0.0,0.0
2016-11-28,996568.8805648009,0.0,0.0,0.0,0.0,0.0,996568.8805648009,0.0,0.0
2016-11-29,996568.8805648009,0.0,0.0,0.0,0.0,0.0,996568.8805648009,0.0,0.0
2016-11-30,996568.8805648009,0.0,0.0,0.0,0.0,0.0,996568.8805648009,0.0,0.0
2016-12-01,996568.8805648009,0.0,0.0,0.0,0.0,0.0,996568.8805648009,0.0,0.0
2016-12-02,996568.8805648009,0.0,0.0,0.0,0.0,0.0,996568.8805648009,0.0,0.0
2016-12-05,996568.8805648009,0.0,0.0,0.0,0.0,0.0,996568.8805648009,0.0,0.0
2016-12-06,996568.8805648009,0.0,0.0,0.0,0.0,0.0,996568.8805648009,0.0,0.0
2016-12-07,996568.8805648009,0.0,0.0,0.0,0.0,0.0,996568.8805648009,0.0,0.0
2016-12-08,996568.8805648009,0.0,0.0,0.0,0.0,0.0,996568.8805648009,0.0,0.0
2016-12-09,996568.8805648009,0.0,0.0,0.0,0.0,0.0,996568.8805648009,0.0,0.0
2016-12-12,996568.8805648009,0.0,0.0,0.0,0.0,0.0,996568.8805648009,0.0,0.0
2016-12-13,996568.8805648009,0.0,0.0,0.0,0.0,0.0,996568.8805648009,0.0,0.0
2016-12-14,996568.8805648009,0.0,0.0,0.0,0.0,0.0,996568.8805648009,0.0,0.0
2016-12-15,996568.8805648009,0.0,0.0,0.0,0.0,0.0,996568.8805648009,0.0,0.0
2016-12-16,996568.8805648009,0.0,0.0,0.0,0.0,0.0,996568.8805648009,0.0,0.0
2016-12-19,996568.8805648009,0.0,0.0,0.0,0.0,0.0,996568.8805648009,0.0,0.0
2016-12-20,996568.8805648009,0.0,0.0,0.0,0.0,0.0,996568.8805648009,0.0,0.0
2016-12-21,996568.8805648009,0.0,0.0,0.0,0.0,0.0,996568.8805648009,0.0,0.0
2016-12-22,996568.8805648009,0.0,0.0,0.0,0.0,0.0,996568.8805648009,0.0,0.0
2016-12-23,996568.8805648009,0.0,0.0,0.0,0.0,0.0,996568.8805648009,0.0,0.0
2016-12-27,996568.8805648009,0.0,0.0,0.0,0.0,0.0,996568.8805648009,0.0,0.0
2016-12-28,996568.8805648009,0.0,0.0,0.0,0.0,0.0,996568.8805648009,0.0,0.0
2016-12-29,996568.8805648009,0.0,0.0,0.0,0.0,0.0,996568.8805648009,0.0,0.0
2016-12-30,996568.8805648009,0.0,0.0,0.0,0.0,0.0,996568.8805648009,0.0,0.0
2017-01-03,996568.8805648009,0.0,0.0,0.0,0.0,0.0,996568.8805648009,0.0,0.0
2017-01-04,996568.8805648009,0.0,0.0,0.0,0.0,0.0,996568.8805648009,0.0,0.0
2017-01-05,996568.8805648009,0.0,0.0,0.0,0.0,0.0,996568.8805648009,0.0,0.0
2017-01-06,996568.8805648009,0.0,0.0,0.0,0.0,0.0,996568.8805648009,0.0,0.0
2017-01-09,996568.8805648009,0.0,0.0,0.0,0.0,0.0,996568.8805648009,0.0,0.0
2017-01-10,996568.8805648009,0.0,0.0,0.0,0.0,0.0,996568.8805648009,0.0,0.0
2017-01-11,996568.8805648009,0.0,0.0,0.0,0.0,0.0,996568.8805648009,0.0,0.0
2017-01-12,996568.8805648009,0.0,0.0,0.0,0.0,0.0,996568.8805648009,0.0,0.0
2017-01-13,996568.8805648009,0.0,0.0,0.0,0.0,0.0,996568.8805648009,0.0,0.0
2017-01-17,996568.8805648009,0.0,0.0,0.0,0.0,0.0,996568.8805648009,0.0,0.0
2017-01-18,996568.8805648009,0.0,0.0,0.0,0.0,0.0,996568.8805648009,0.0,0.0
2017-01-19,996568.8805648009,0.0,0.0,0.0,0.0,0.0,996568.8805648009,0.0,0.0
2017-01-20,996568.8805648009,0.0,0.0,0.0,0.0,0.0,996568.8805648009,0.0,0.0
2017-01-23,996568.8805648009,0.0,0.0,0.0,0.0,0.0,996568.8805648009,0.0,0.0
2017-01-24,996568.8805648009,0.0,0.0,0.0,0.0,0.0,996568.8805648009,0.0,0.0
2017-01-25,996568.8805648009,0.0,0.0,0.0,0.0,0.0,996568.8805648009,0.0,0.0
2017-01-26,996568.8805648009,0.0,0.0,0.0,0.0,0.0,996568.8805648009,0.0,0.0
2017-01-27,996568.8805648009,0.0,0.0,0.0,0.0,0.0,996568.8805648009,0.0,0.0
2017-01-30,996568.8805648009,0.0,0.0,0.0,0.0,0.0,996568.8805648009,0.0,0.0
2017-01-31,996568.8805648009,0.0,0.0,0.0,0.0,0.0,996568.8805648009,0.0,0.0
2017-02-01,996568.8805648009,0.0,0.0,0.0,0.0,0.0,996568.8805648009,0.0,0.0
2017-02-02,996568.8805648009,0.0,0.0,0.0,0.0,0.0,996568.8805648009,0.0,0.0
2017-02-03,996568.8805648009,0.0,0.0,0.0,0.0,0.0,996568.8805648009,0.0,0.0
2017-02-06,996568.8805648009,0.0,0.0,0.0,0.0,0.0,996568.8805648009,0.0,0.0
2017-02-07,996568.8805648009,0.0,0.0,0.0,0.0,0.0,996568.8805648009,0.0,0.0
2017-02-08,996568.8805648009,0.0,0.0,0.0,0.0,0.0,996568.8805648009,0.0,0.0
2017-02-09,996568.8805648009,0.0,0.0,0.0,0.0,0.0,996568.8805648009,0.0,0.0
2017-02-10,996568.8805648009,0.0,0.0,0.0,0.0,0.0,996568.8805648009,0.0,0.0
2017-02-13,996568.8805648009,0.0,0.0,0.0,0.0,0.0,996568.8805648009,0.0,0.0
2017-02-14,996568.8805648009,0.0,0.0,0.0,0.0,0.0,996568.8805648009,0.0,0.0
2017-02-15,996568.8805648009,0.0,0.0,0.0,0.0,0.0,996568.8805648009,0.0,0.0
2017-02-16,996568.8805648009,0.0,0.0,0.0,0.0,0.0,996568.8805648009,0.0,0.0
2017-02-17,996568.8805648009,0.0,0.0,0.0,0.0,0.0,996568.8805648009,0.0,0.0
2017-02-21,996568.8805648009,0.0,0.0,0.0,0.0,0.0,996568.8805648009,0.0,0.0
2017-02-22,996568.8805648009,0.0,0.0,0.0,0.0,0.0,996568.8805648009,0.0,0.0
2017-02-23,996568.8805648009,0.0,0.0,0.0,0.0,0.0,996568.8805648009,0.0,0.0
2017-02-24,996568.8805648009,0.0,0.0,0.0,0.0,0.0,996568.8805648009,0.0,0.0
2017-02-27,996568.8805648009,0.0,0.0,0.0,0.0,0.0,996568.8805648009,0.0,0.0
2017-02-28,996568.8805648009,0.0,0.0,0.0,0.0,0.0,996568.8805648009,0.0,0.0
2017-03-01,996568.8805648009,0.0,0.0,0.0,0.0,0.0,996568.8805648009,0.0,0.0
2017-03-02,996568.8805648009,0.0,0.0,0.0,0.0,0.0,996568.8805648009,0.0,0.0
2017-03-03,996568.8805648009,0.0,0.0,0.0,0.0,0.0,996568.8805648009,0.0,0.0
2017-03-06,996568.8805648009,0.0,0.0,0.0,0.0,0.0,996568.8805648009,0.0,0.0
2017-03-07,996568.8805648009,0.0,0.0,0.0,0.0,0.0,996568.8805648009,0.0,0.0
2017-03-08,996568.8805648009,0.0,0.0,0.0,0.0,0.0,996568.8805648009,0.0,0.0
2017-03-09,996568.8805648009,0.0,0.0,0.0,0.0,0.0,996568.8805648009,0.0,0.0
2017-03-10,996568.8805648009,0.0,0.0,0.0,0.0,0.0,996568.8805648009,0.0,0.0
2017-03-13,996568.8805648009,0.0,0.0,0.0,0.0,0.0,996568.8805648009,0.0,0.0
2017-03-14,996568.8805648009,0.0,0.0,0.0,0.0,0.0,996568.8805648009,0.0,0.0
2017-03-15,996568.8805648009,0.0,0.0,0.0,0.0,0.0,996568.8805648009,0.0,0.0
2017-03-16,996568.8805648009,0.0,0.0,0.0,0.0,0.0,996568.8805648009,0.0,0.0
2017-03-17,996568.8805648009,0.0,0.0,0.0,0.0,0.0,996568.8805648009,0.0,0.0
2017-03-20,996568.8805648009,0.0,0.0,0.0,0.0,0.0,996568.8805648009,0.0,0.0
2017-03-21,996568.8805648009,0.0,0.0,0.0,0.0,0.0,996568.8805648009,0.0,0.0
2017-03-22,996568.8805648009,0.0,0.0,0.0,0.0,0.0,996568.8805648009,0.0,0.0
2017-03-23,996568.8805648009,0.0,0.0,0.0,0.0,0.0,996568.8805648009,0.0,0.0
2017-03-24,996568.8805648009,0.0,0.0,0.0,0.0,0.0,996568.8805648009,0.0,0.0
2017-03-27,996568.8805648009,0.0,0.0,0.0,0.0,0.0,996568.8805648009,0.0,0.0
2017-03-28,996568.8805648009,0.0,0.0,0.0,0.0,0.0,996568.8805648009,0.0,0.0
2017-03-29,996568.8805648009,0.0,0.0,0.0,0.0,0.0,996568.8805648009,0.0,0.0
2017-03-30,996568.8805648009,0.0,0.0,0.0,0.0,0.0,996568.8805648009,0.0,0.0
2017-03-31,996568.8805648009,0.0,0.0,0.0,0.0,0.0,996568.8805648009,0.0,0.0
2017-04-03,996568.8805648009,0.0,0.0,0.0,0.0,0.0,996568.8805648009,-2.633399300595152,0.0
2017-04-04,996454.2751435359,0.0,114.6054212649521,-0.00011499999999999999,0.1,9964.542751435361,986489.7323921006,-2.4482134993150377,-0.1
2017-04-05,995812.5305869447,-641.7445565912702,0.0,-0.0006436135978000118,0.1,9958.12530586945,985854.4052810752,-2.1354848324550377,-0.1
2017-04-06,997318.7042806771,1506.1736937324354,0.0,0.0015147984152878119,0.1,9973.187042806774,987345.5172378704,-2.0826302603804554,-0.1
2017-04-07,997141.9791706451,-176.72511003201603,0.0,-0.00017716884190633673,0.1,9971.419791706454,987170.5593789386,-1.974710940754218,-0.1
2017-04-10,996024.89794398,-1117.0812266652274,0.0,-0.0011190293892455387,0.1,9960.2489794398,986064.6489645401,-1.61026452958414,-0.1
2017-04-11,994979.5073805402,-1045.3905634397458,0.0,-0.0010484622553588072,0.1,9949.795073805404,985029.7123067349,-1.4905886768505405,-0.1
2017-04-12,994979.5073805402,0.0,0.0,0.0,0.1,9949.795073805404,985029.7123067349,-1.3484248800842038,-0.1
2017-04-13,995783.2992503225,803.7918697823176,0.0,0.0008085008085008085,0.1,9957.832992503227,985825.4662578193,-1.179219782032806,-0.1
2017-04-17,997810.7812441422,2027.4819938197377,0.0,0.0020402215097639173,0.1,9978.107812441423,987832.6734317008,-0.816604489192488,-0.1
2017-04-18,997455.2667140077,-355.51453013449253,0.0,-0.0003561676362341209,0.1,9974.552667140078,987480.7140468677,-0.723208777083768,-0.1
2017-04-19,998281.5610177944,826.294303786752,0.0,0.0008290891863081844,0.1,9982.815610177946,988298.7454076165,-0.8154589745625189,-0.1
2017-04-20,1001319.2913049011,3037.7302871066536,0.0,0.003052247291878628,0.1,10013.192913049013,991306.0983918521,-0.7940067121285581,-0.1
2017-04-21,1001627.3895483796,308.09824347843113,0.0,0.00030778701138811946,0.1,10016.273895483797,991611.1156528958,-0.9936924839594964,-0.1
2017-04-24,1002245.6780604465,618.2885120669009,0.0,0.0006176652254478072,0.1,10022.456780604467,992223.2212798421,-0.9470293094948337,-0.1
2017-04-25,1000689.395951657,-1556.2821087895131,0.0,-0.0015503875968992246,0.1,10006.893959516572,990682.5019921404,-0.8066006457901745,-0.1
2017-04-26,1000934.2129292599,244.81697760285186,0.0,0.0002447081854888046,0.1,10009.342129292601,990924.8707999673,-0.8572112086753786,-0.1
2017-04-27,999522.7177178942,-1411.4952113656025,0.0,-0.0014081920039184473,0.1,9995.227177178944,989527.4905407153,-0.9528989065426456,-0.1
2017-04-28,998314.1049999766,-1208.6127179176472,0.0,-0.0012077294685990338,0.1,9983.141049999767,988330.9639499768,-0.8785531648574362,-0.1
2017-05-01,992529.369744003,-5784.735255973581,0.0,-0.005761121339906161,0.1,9925.293697440033,982604.076046563,-1.7660521413833608,-0.1
2017-05-02,992809.5869573695,280.21721336646044,0.0,0.00028240609997175935,0.1,9928.095869573697,982881.4910877958,-1.674989607086854,-0.1
2017-05-03,992472.2790569309,-337.3079004385174,0.0,-0.0003396354579418091,0.1,9924.72279056931,982547.5562663616,-1.644845077222821,-0.1
2017-05-04,996280.8634235151,3808.5843665841594,0.0,0.0038522547020167688,0.1,9962.808634235153,986318.0547892799,0.0,-0.1
2017-05-05,995815.4880032976,-350.80312092377295,114.57229929370423,-0.00046694825765575504,0.0,0.0,995815.4880032976,0.0,0.0
2017-05-08,995815.4880032976,0.0,0.0,0.0,0.0,0.0,995815.4880032976,0.0,0.0
2017-05-09,995815.4880032976,0.0,0.0,0.0,0.0,0.0,995815.4880032976,0.0,0.0
2017-05-10,995815.4880032976,0.0,0.0,0.0,0.0,0.0,995815.4880032976,0.0,0.0
2017-05-11,995815.4880032976,0.0,0.0,0.0,0.0,0.0,995815.4880032976,0.0,0.0
2017-05-12,995815.4880032976,0.0,0.0,0.0,0.0,0.0,995815.4880032976,0.0,0.0
2017-05-15,995815.4880032976,0.0,0.0,0.0,0.0,0.0,995815.4880032976,0.0,0.0
2017-05-16,995815.4880032976,0.0,0.0,0.0,0.0,0.0,995815.4880032976,0.0,0.0
2017-05-17,995815.4880032976,0.0,0.0,0.0,0.0,0.0,995815.4880032976,0.0,0.0
2017-05-18,995815.4880032976,0.0,0.0,0.0,0.0,0.0,995815.4880032976,-0.7389075938536928,0.0
2017-05-19,995700.9692221772,0.0,114.51878112037923,-0.000115,0.1,9957.009692221774,985743.9595299554,-0.7544385775138321,-0.1
2017-05-22,995929.7345224005,228.76530022336064,0.0,0.0002298058140870964,0.1,9959.297345224008,985970.4371771766,-0.7729795672262737,-0.1
2017-05-23,997019.1222573415,1089.3877349410252,0.0,0.0010950377499855913,0.1,9970.191222573418,987048.9310347681,-1.1342616685665357,-0.1
2017-05-24,996322.7177481978,-696.4045091436611,0.0,-0.0006979990693345743,0.1,9963.22717748198,986359.4905707159,-1.6554211248706474,-0.1
2017-05-25,996725.8541079804,403.1363597825078,0.0,0.00040478806453478285,0.1,9967.258541079806,986758.5955669006,-1.7044175952794687,-0.1
2017-05-26,994990.4057259003,-1735.4483820800585,0.0,-0.0017381228273464656,0.1,9949.904057259006,985040.5016686413,-1.4884632655249568,-0.1
2017-05-30,996976.980979774,1986.5752538737315,0.0,0.002000571591883395,0.1,9969.769809797743,987007.2111699763,-0.9268259197265646,-0.1
2017-05-31,997035.0122359428,58.03125616878778,0.0,5.821060597240817e-05,0.1,9970.35012235943,987064.6621135833,-0.661732184217555,-0.1
2017-06-01,997093.0806699693,58.06843402655463,0.0,5.824451045488964e-05,0.1,9970.930806699695,987122.1498632696,-0.35332648693142904,-0.1
2017-06-02,996862.2036509289,-116.21131476339968,114.66570427704647,-0.0002315231325020394,0.0,0.0,996862.2036509289,-0.374480641674846,0.0
2017-06-05,996862.2036509289,0.0,0.0,0.0,0.0,0.0,996862.2036509289,-0.2949265030381627,0.0
2017-06-06,996862.2036509289,0.0,0.0,0.0,0.0,0.0,996862.2036509289,-0.1967636457793169,0.0
2017-06-07,996862.2036509289,0.0,0.0,0.0,0.0,0.0,996862.2036509289,-0.07902492553728553,0.0
2017-06-08,996862.2036509289,0.0,0.0,0.0,0.0,0.0,996862.2036509289,-0.0979644779999701,0.0
2017-06-09,996862.2036509289,0.0,0.0,0.0,0.0,0.0,996862.2036509289,-0.11024705519940203,0.0
2017-06-12,996862.2036509289,0.0,0.0,0.0,0.0,0.0,996862.2036509289,0.060712054096499046,0.0
2017-06-13,996862.2036509289,0.0,0.0,0.0,0.0,0.0,996862.2036509289,0.2289337973214343,0.0
2017-06-14,996862.2036509289,0.0,0.0,0.0,0.0,0.0,996862.2036509289,0.4140769823039138,0.0
2017-06-15,996862.2036509289,0.0,0.0,0.0,0.0,0.0,996862.2036509289,0.6502357189943286,0.0
2017-06-16,996747.564497509,0.0,114.63915341985684,-0.00011500000000000002,0.1,9967.475644975093,986780.088852534,0.9885174264989633,0.1
2017-06-19,997122.4829795876,374.9184820785902,0.0,0.0003762833951513197,0.1,9971.224829795878,987151.2581497917,1.033777822486448,0.1
2017-06-20,998296.8242336321,1174.3412540444822,0.0,0.0011791188766212884,0.1,9982.968242336323,988313.8559912958,0.9727067923547827,0.1
2017-06-21,996606.5862243476,-1690.2380092844564,0.0,-0.001690259877456159,0.1,9966.065862243478,986640.520362104,1.0017900365926486,0.1
2017-06-22,995909.2834460421,-697.3027783055178,0.0,-0.0006991878664013339,0.1,9959.092834460424,985950.1906115817,1.0892953003354788,0.1
2017-06-23,995585.410508336,-323.87293770603,0.0,-0.00032509752925877764,0.1,9955.854105083363,985629.5564032526,0.9627965711346166,0.1
2017-06-26,993474.0548253657,-2111.3556829703703,0.0,-0.0021162298551196486,0.1,9934.740548253658,983539.314277112,-0.1116362353796879,0.1
2017-06-27,994077.3143486568,717.5090395960974,114.24951630491707,0.0006076610885639628,0.0,0.0,994077.3143486568,-0.2574541899863295,0.0
2017-06-28,994077.3143486568,0.0,0.0,0.0,0.0,0.0,994077.3143486568,-0.22909672927885127,0.0
2017-06-29,994077.3143486568,0.0,0.0,0.0,0.0,0.0,994077.3143486568,-0.4981125823269303,0.0
2017-06-30,994077.3143486568,0.0,0.0,0.0,0.0,0.0,994077.3143486568,0.0,0.0
2017-07-03,994077.3143486568,0.0,0.0,0.0,0.0,0.0,994077.3143486568,0.0,0.0
2017-07-05,994077.3143486568,0.0,0.0,0.0,0.0,0.0,994077.3143486568,0.0,0.0
2017-07-06,994077.3143486568,0.0,0.0,0.0,0.0,0.0,994077.3143486568,0.0,0.0
2017-07-07,994077.3143486568,0.0,0.0,0.0,0.0,0.0,994077.3143486568,0.0,0.0
2017-07-10,994077.3143486568,0.0,0.0,0.0,0.0,0.0,994077.3143486568,0.0,0.0
2017-07-11,994077.3143486568,0.0,0.0,0.0,0.0,0.0,994077.3143486568,0.0,0.0
2017-07-12,994077.3143486568,0.0,0.0,0.0,0.0,0.0,994077.3143486568,0.0,0.0
2017-07-13,994077.3143486568,0.0,0.0,0.0,0.0,0.0,994077.3143486568,0.0,0.0
2017-07-14,994077.3143486568,0.0,0.0,0.0,0.0,0.0,994077.3143486568,0.0,0.0
2017-07-17,994077.3143486568,0.0,0.0,0.0,0.0,0.0,994077.3143486568,0.0,0.0
2017-07-18,994077.3143486568,0.0,0.0,0.0,0.0,0.0,994077.3143486568,0.0,0.0
2017-07-19,994077.3143486568,0.0,0.0,0.0,0.0,0.0,994077.3143486568,0.0,0.0
2017-07-20,994077.3143486568,0.0,0.0,0.0,0.0,0.0,994077.3143486568,0.0,0.0
2017-07-21,994077.3143486568,0.0,0.0,0.0,0.0,0.0,994077.3143486568,0.0,0.0
2017-07-24,994077.3143486568,0.0,0.0,0.0,0.0,0.0,994077.3143486568,0.0,0.0
2017-07-25,994077.3143486568,0.0,0.0,0.0,0.0,0.0,994077.3143486568,0.0,0.0
2017-07-26,994077.3143486568,0.0,0.0,0.0,0.0,0.0,994077.3143486568,0.0,0.0
2017-07-27,994077.3143486568,0.0,0.0,0.0,0.0,0.0,994077.3143486568,0.0,0.0
2017-07-28,994077.3143486568,0.0,0.0,0.0,0.0,0.0,994077.3143486568,0.0,0.0
2017-07-31,994077.3143486568,0.0,0.0,0.0,0.0,0.0,994077.3143486568,0.0,0.0
2017-08-01,994077.3143486568,0.0,0.0,0.0,0.0,0.0,994077.3143486568,0.0,0.0
2017-08-02,994077.3143486568,0.0,0.0,0.0,0.0,0.0,994077.3143486568,0.0,0.0
2017-08-03,994077.3143486568,0.0,0.0,0.0,0.0,0.0,994077.3143486568,0.0,0.0
2017-08-04,994077.3143486568,0.0,0.0,0.0,0.0,0.0,994077.3143486568,0.0,0.0
2017-08-07,994077.3143486568,0.0,0.0,0.0,0.0,0.0,994077.3143486568,0.0,0.0
2017-08-08,994077.3143486568,0.0,0.0,0.0,0.0,0.0,994077.3143486568,0.0,0.0
2017-08-09,994077.3143486568,0.0,0.0,0.0,0.0,0.0,994077.3143486568,0.0,0.0
2017-08-10,994077.3143486568,0.0,0.0,0.0,0.0,0.0,994077.3143486568,0.0,0.0
2017-08-11,994077.3143486568,0.0,0.0,0.0,0.0,0.0,994077.3143486568,0.0,0.0
2017-08-14,994077.3143486568,0.0,0.0,0.0,0.0,0.0,994077.3143486568,0.0,0.0
2017-08-15,994077.3143486568,0.0,0.0,0.0,0.0,0.0,994077.3143486568,0.0,0.0
2017-08-16,994077.3143486568,0.0,0.0,0.0,0.0,0.0,994077.3143486568,0.0,0.0
2017-08-17,994077.3143486568,0.0,0.0,0.0,0.0,0.0,994077.3143486568,0.0,0.0
2017-08-18,994077.3143486568,0.0,0.0,0.0,0.0,0.0,994077.3143486568,0.0,0.0
2017-08-21,994077.3143486568,0.0,0.0,0.0,0.0,0.0,994077.3143486568,0.0,0.0
2017-08-22,994077.3143486568,0.0,0.0,0.0,0.0,0.0,994077.3143486568,0.0,0.0
2017-08-23,994077.3143486568,0.0,0.0,0.0,0.0,0.0,994077.3143486568,0.0,0.0
2017-08-24,994077.3143486568,0.0,0.0,0.0,0.0,0.0,994077.3143486568,0.0,0.0
2017-08-25,994077.3143486568,0.0,0.0,0.0,0.0,0.0,994077.3143486568,0.0,0.0
2017-08-28,994077.3143486568,0.0,0.0,0.0,0.0,0.0,994077.3143486568,0.0,0.0
2017-08-29,994077.3143486568,0.0,0.0,0.0,0.0,0.0,994077.3143486568,0.0,0.0
2017-08-30,994077.3143486568,0.0,0.0,0.0,0.0,0.0,994077.3143486568,0.0,0.0
2017-08-31,994077.3143486568,0.0,0.0,0.0,0.0,0.0,994077.3143486568,0.0,0.0
2017-09-01,994077.3143486568,0.0,0.0,0.0,0.0,0.0,994077.3143486568,0.0,0.0
2017-09-05,994077.3143486568,0.0,0.0,0.0,0.0,0.0,994077.3143486568,0.0,0.0
2017-09-06,994077.3143486568,0.0,0.0,0.0,0.0,0.0,994077.3143486568,0.0,0.0
2017-09-07,994077.3143486568,0.0,0.0,0.0,0.0,0.0,994077.3143486568,0.0,0.0
2017-09-08,994077.3143486568,0.0,0.0,0.0,0.0,0.0,994077.3143486568,0.0,0.0
2017-09-11,994077.3143486568,0.0,0.0,0.0,0.0,0.0,994077.3143486568,0.0,0.0
2017-09-12,994077.3143486568,0.0,0.0,0.0,0.0,0.0,994077.3143486568,0.0,0.0
2017-09-13,994077.3143486568,0.0,0.0,0.0,0.0,0.0,994077.3143486568,0.0,0.0
2017-09-14,994077.3143486568,0.0,0.0,0.0,0.0,0.0,994077.3143486568,0.0,0.0
2017-09-15,994077.3143486568,0.0,0.0,0.0,0.0,0.0,994077.3143486568,0.0,0.0
2017-09-18,994077.3143486568,0.0,0.0,0.0,0.0,0.0,994077.3143486568,0.0,0.0
2017-09-19,994077.3143486568,0.0,0.0,0.0,0.0,0.0,994077.3143486568,0.0,0.0
2017-09-20,994077.3143486568,0.0,0.0,0.0,0.0,0.0,994077.3143486568,0.0,0.0
2017-09-21,994077.3143486568,0.0,0.0,0.0,0.0,0.0,994077.3143486568,0.0,0.0
2017-09-22,994077.3143486568,0.0,0.0,0.0,0.0,0.0,994077.3143486568,0.0,0.0
2017-09-25,994077.3143486568,0.0,0.0,0.0,0.0,0.0,994077.3143486568,0.0,0.0
2017-09-26,994077.3143486568,0.0,0.0,0.0,0.0,0.0,994077.3143486568,0.0,0.0
2017-09-27,994077.3143486568,0.0,0.0,0.0,0.0,0.0,994077.3143486568,0.0,0.0
2017-09-28,994077.3143486568,0.0,0.0,0.0,0.0,0.0,994077.3143486568,0.0,0.0
2017-09-29,994077.3143486568,0.0,0.0,0.0,0.0,0.0,994077.3143486568,0.0,0.0
2017-10-02,994077.3143486568,0.0,0.0,0.0,0.0,0.0,994077.3143486568,0.0,0.0
2017-10-03,994077.3143486568,0.0,0.0,0.0,0.0,0.0,994077.3143486568,0.0,0.0
2017-10-04,994077.3143486568,0.0,0.0,0.0,0.0,0.0,994077.3143486568,0.0,0.0
2017-10-05,994077.3143486568,0.0,0.0,0.0,0.0,0.0,994077.3143486568,0.0,0.0
2017-10-06,994077.3143486568,0.0,0.0,0.0,0.0,0.0,994077.3143486568,0.0,0.0
2017-10-09,994077.3143486568,0.0,0.0,0.0,0.0,0.0,994077.3143486568,0.0,0.0
2017-10-10,994077.3143486568,0.0,0.0,0.0,0.0,0.0,994077.3143486568,0.0,0.0
2017-10-11,994077.3143486568,0.0,0.0,0.0,0.0,0.0,994077.3143486568,0.0,0.0
2017-10-12,994077.3143486568,0.0,0.0,0.0,0.0,0.0,994077.3143486568,0.0,0.0
2017-10-13,994077.3143486568,0.0,0.0,0.0,0.0,0.0,994077.3143486568,0.0,0.0
2017-10-16,994077.3143486568,0.0,0.0,0.0,0.0,0.0,994077.3143486568,0.0,0.0
2017-10-17,994077.3143486568,0.0,0.0,0.0,0.0,0.0,994077.3143486568,0.0,0.0
2017-10-18,994077.3143486568,0.0,0.0,0.0,0.0,0.0,994077.3143486568,0.0,0.0
2017-10-19,994077.3143486568,0.0,0.0,0.0,0.0,0.0,994077.3143486568,0.0,0.0
2017-10-20,994077.3143486568,0.0,0.0,0.0,0.0,0.0,994077.3143486568,0.0,0.0
2017-10-23,994077.3143486568,0.0,0.0,0.0,0.0,0.0,994077.3143486568,0.0,0.0
2017-10-24,994077.3143486568,0.0,0.0,0.0,0.0,0.0,994077.3143486568,0.0,0.0
2017-10-25,994077.3143486568,0.0,0.0,0.0,0.0,0.0,994077.3143486568,0.0,0.0
2017-10-26,994077.3143486568,0.0,0.0,0.0,0.0,0.0,994077.3143486568,0.0,0.0
2017-10-27,994077.3143486568,0.0,0.0,0.0,0.0,0.0,994077.3143486568,0.0,0.0
2017-10-30,994077.3143486568,0.0,0.0,0.0,0.0,0.0,994077.3143486568,0.0,0.0
2017-10-31,994077.3143486568,0.0,0.0,0.0,0.0,0.0,994077.3143486568,0.0,0.0
2017-11-01,994077.3143486568,0.0,0.0,0.0,0.0,0.0,994077.3143486568,0.0,0.0
2017-11-02,994077.3143486568,0.0,0.0,0.0,0.0,0.0,994077.3143486568,0.0,0.0
2017-11-03,994077.3143486568,0.0,0.0,0.0,0.0,0.0,994077.3143486568,0.0,0.0
2017-11-06,994077.3143486568,0.0,0.0,0.0,0.0,0.0,994077.3143486568,0.0,0.0
2017-11-07,994077.3143486568,0.0,0.0,0.0,0.0,0.0,994077.3143486568,0.0,0.0
2017-11-08,994077.3143486568,0.0,0.0,0.0,0.0,0.0,994077.3143486568,0.0,0.0
2017-11-09,994077.3143486568,0.0,0.0,0.0,0.0,0.0,994077.3143486568,0.0,0.0
2017-11-10,994077.3143486568,0.0,0.0,0.0,0.0,0.0,994077.3143486568,0.0,0.0
2017-11-13,994077.3143486568,0.0,0.0,0.0,0.0,0.0,994077.3143486568,0.0,0.0
2017-11-14,994077.3143486568,0.0,0.0,0.0,0.0,0.0,994077.3143486568,0.0,0.0
2017-11-15,994077.3143486568,0.0,0.0,0.0,0.0,0.0,994077.3143486568,0.0,0.0
2017-11-16,994077.3143486568,0.0,0.0,0.0,0.0,0.0,994077.3143486568,0.0,0.0
2017-11-17,994077.3143486568,0.0,0.0,0.0,0.0,0.0,994077.3143486568,0.0,0.0
2017-11-20,994077.3143486568,0.0,0.0,0.0,0.0,0.0,994077.3143486568,0.0,0.0
2017-11-21,994077.3143486568,0.0,0.0,0.0,0.0,0.0,994077.3143486568,0.0,0.0
2017-11-22,994077.3143486568,0.0,0.0,0.0,0.0,0.0,994077.3143486568,0.0,0.0
2017-11-24,994077.3143486568,0.0,0.0,0.0,0.0,0.0,994077.3143486568,0.0,0.0
2017-11-27,994077.3143486568,0.0,0.0,0.0,0.0,0.0,994077.3143486568,0.0,0.0
2017-11-28,994077.3143486568,0.0,0.0,0.0,0.0,0.0,994077.3143486568,0.0,0.0
2017-11-29,994077.3143486568,0.0,0.0,0.0,0.0,0.0,994077.3143486568,0.0,0.0
2017-11-30,994077.3143486568,0.0,0.0,0.0,0.0,0.0,994077.3143486568,0.0,0.0
2017-12-01,994077.3143486568,0.0,0.0,0.0,0.0,0.0,994077.3143486568,0.0,0.0
2017-12-04,994077.3143486568,0.0,0.0,0.0,0.0,0.0,994077.3143486568,0.0,0.0
2017-12-05,994077.3143486568,0.0,0.0,0.0,0.0,0.0,994077.3143486568,0.0,0.0
2017-12-06,994077.3143486568,0.0,0.0,0.0,0.0,0.0,994077.3143486568,0.0,0.0
2017-12-07,994077.3143486568,0.0,0.0,0.0,0.0,0.0,994077.3143486568,0.0,0.0
2017-12-08,994077.3143486568,0.0,0.0,0.0,0.0,0.0,994077.3143486568,0.0,0.0
2017-12-11,994077.3143486568,0.0,0.0,0.0,0.0,0.0,994077.3143486568,0.0,0.0
2017-12-12,994077.3143486568,0.0,0.0,0.0,0.0,0.0,994077.3143486568,0.0,0.0
2017-12-13,994077.3143486568,0.0,0.0,0.0,0.0,0.0,994077.3143486568,0.0,0.0
2017-12-14,994077.3143486568,0.0,0.0,0.0,0.0,0.0,994077.3143486568,0.0,0.0
2017-12-15,994077.3143486568,0.0,0.0,0.0,0.0,0.0,994077.3143486568,0.0,0.0
2017-12-18,994077.3143486568,0.0,0.0,0.0,0.0,0.0,994077.3143486568,0.0,0.0
2017-12-19,994077.3143486568,0.0,0.0,0.0,0.0,0.0,994077.3143486568,0.0,0.0
2017-12-20,994077.3143486568,0.0,0.0,0.0,0.0,0.0,994077.3143486568,0.0,0.0
2017-12-21,994077.3143486568,0.0,0.0,0.0,0.0,0.0,994077.3143486568,0.0,0.0
2017-12-22,994077.3143486568,0.0,0.0,0.0,0.0,0.0,994077.3143486568,0.0,0.0
2017-12-26,994077.3143486568,0.0,0.0,0.0,0.0,0.0,994077.3143486568,0.0,0.0
2017-12-27,994077.3143486568,0.0,0.0,0.0,0.0,0.0,994077.3143486568,0.0,0.0
2017-12-28,994077.3143486568,0.0,0.0,0.0,0.0,0.0,994077.3143486568,0.0,0.0
2017-12-29,994077.3143486568,0.0,0.0,0.0,0.0,0.0,994077.3143486568,0.0,0.0
2018-01-02,994077.3143486568,0.0,0.0,0.0,0.0,0.0,994077.3143486568,0.0,0.0
2018-01-03,994077.3143486568,0.0,0.0,0.0,0.0,0.0,994077.3143486568,0.0,0.0
2018-01-04,994077.3143486568,0.0,0.0,0.0,0.0,0.0,994077.3143486568,0.0,0.0
2018-01-05,994077.3143486568,0.0,0.0,0.0,0.0,0.0,994077.3143486568,0.0,0.0
2018-01-08,994077.3143486568,0.0,0.0,0.0,0.0,0.0,994077.3143486568,0.0,0.0
2018-01-09,994077.3143486568,0.0,0.0,0.0,0.0,0.0,994077.3143486568,0.0,0.0
2018-01-10,994077.3143486568,0.0,0.0,0.0,0.0,0.0,994077.3143486568,0.0,0.0
2018-01-11,994077.3143486568,0.0,0.0,0.0,0.0,0.0,994077.3143486568,0.0,0.0
2018-01-12,994077.3143486568,0.0,0.0,0.0,0.0,0.0,994077.3143486568,0.0,0.0
2018-01-16,994077.3143486568,0.0,0.0,0.0,0.0,0.0,994077.3143486568,0.0,0.0
2018-01-17,994077.3143486568,0.0,0.0,0.0,0.0,0.0,994077.3143486568,0.0,0.0
2018-01-18,994077.3143486568,0.0,0.0,0.0,0.0,0.0,994077.3143486568,0.0,0.0
2018-01-19,994077.3143486568,0.0,0.0,0.0,0.0,0.0,994077.3143486568,0.0,0.0
2018-01-22,994077.3143486568,0.0,0.0,0.0,0.0,0.0,994077.3143486568,0.0,0.0
2018-01-23,994077.3143486568,0.0,0.0,0.0,0.0,0.0,994077.3143486568,0.0,0.0
2018-01-24,994077.3143486568,0.0,0.0,0.0,0.0,0.0,994077.3143486568,0.0,0.0
2018-01-25,994077.3143486568,0.0,0.0,0.0,0.0,0.0,994077.3143486568,0.0,0.0
2018-01-26,994077.3143486568,0.0,0.0,0.0,0.0,0.0,994077.3143486568,0.0,0.0
2018-01-29,994077.3143486568,0.0,0.0,0.0,0.0,0.0,994077.3143486568,0.0,0.0
2018-01-30,994077.3143486568,0.0,0.0,0.0,0.0,0.0,994077.3143486568,0.0,0.0
2018-01-31,994077.3143486568,0.0,0.0,0.0,0.0,0.0,994077.3143486568,0.0,0.0
2018-02-01,994077.3143486568,0.0,0.0,0.0,0.0,0.0,994077.3143486568,0.0,0.0
2018-02-02,994077.3143486568,0.0,0.0,0.0,0.0,0.0,994077.3143486568,0.0,0.0
2018-02-05,994077.3143486568,0.0,0.0,0.0,0.0,0.0,994077.3143486568,0.0,0.0
2018-02-06,994077.3143486568,0.0,0.0,0.0,0.0,0.0,994077.3143486568,0.0,0.0
2018-02-07,994077.3143486568,0.0,0.0,0.0,0.0,0.0,994077.3143486568,0.0,0.0
2018-02-08,994077.3143486568,0.0,0.0,0.0,0.0,0.0,994077.3143486568,0.0,0.0
2018-02-09,994077.3143486568,0.0,0.0,0.0,0.0,0.0,994077.3143486568,0.0,0.0
2018-02-12,994077.3143486568,0.0,0.0,0.0,0.0,0.0,994077.3143486568,0.0,0.0
2018-02-13,994077.3143486568,0.0,0.0,0.0,0.0,0.0,994077.3143486568,0.0,0.0
2018-02-14,994077.3143486568,0.0,0.0,0.0,0.0,0.0,994077.3143486568,0.0,0.0
2018-02-15,994077.3143486568,0.0,0.0,0.0,0.0,0.0,994077.3143486568,0.0,0.0
2018-02-16,994077.3143486568,0.0,0.0,0.0,0.0,0.0,994077.3143486568,0.0,0.0
2018-02-20,994077.3143486568,0.0,0.0,0.0,0.0,0.0,994077.3143486568,0.0,0.0
2018-02-21,994077.3143486568,0.0,0.0,0.0,0.0,0.0,994077.3143486568,0.0,0.0
2018-02-22,994077.3143486568,0.0,0.0,0.0,0.0,0.0,994077.3143486568,0.0,0.0
2018-02-23,994077.3143486568,0.0,0.0,0.0,0.0,0.0,994077.3143486568,0.0,0.0
2018-02-26,994077.3143486568,0.0,0.0,0.0,0.0,0.0,994077.3143486568,0.0,0.0
2018-02-27,994077.3143486568,0.0,0.0,0.0,0.0,0.0,994077.3143486568,0.0,0.0
2018-02-28,994077.3143486568,0.0,0.0,0.0,0.0,0.0,994077.3143486568,0.0,0.0
2018-03-01,994077.3143486568,0.0,0.0,0.0,0.0,0.0,994077.3143486568,0.0,0.0
2018-03-02,994077.3143486568,0.0,0.0,0.0,0.0,0.0,994077.3143486568,0.0,0.0
2018-03-05,994077.3143486568,0.0,0.0,0.0,0.0,0.0,994077.3143486568,0.0,0.0
2018-03-06,994077.3143486568,0.0,0.0,0.0,0.0,0.0,994077.3143486568,0.0,0.0
2018-03-07,994077.3143486568,0.0,0.0,0.0,0.0,0.0,994077.3143486568,0.0,0.0
2018-03-08,994077.3143486568,0.0,0.0,0.0,0.0,0.0,994077.3143486568,0.0,0.0
2018-03-09,994077.3143486568,0.0,0.0,0.0,0.0,0.0,994077.3143486568,0.0,0.0
2018-03-12,994077.3143486568,0.0,0.0,0.0,0.0,0.0,994077.3143486568,0.0,0.0
2018-03-13,994077.3143486568,0.0,0.0,0.0,0.0,0.0,994077.3143486568,0.0,0.0
2018-03-14,994077.3143486568,0.0,0.0,0.0,0.0,0.0,994077.3143486568,0.0,0.0
2018-03-15,994077.3143486568,0.0,0.0,0.0,0.0,0.0,994077.3143486568,0.0,0.0
2018-03-16,994077.3143486568,0.0,0.0,0.0,0.0,0.0,994077.3143486568,0.0,0.0
2018-03-19,994077.3143486568,0.0,0.0,0.0,0.0,0.0,994077.3143486568,0.0,0.0
2018-03-20,994077.3143486568,0.0,0.0,0.0,0.0,0.0,994077.3143486568,0.0,0.0
2018-03-21,994077.3143486568,0.0,0.0,0.0,0.0,0.0,994077.3143486568,0.0,0.0
2018-03-22,994077.3143486568,0.0,0.0,0.0,0.0,0.0,994077.3143486568,0.0,0.0
2018-03-23,994077.3143486568,0.0,0.0,0.0,0.0,0.0,994077.3143486568,0.0,0.0
2018-03-26,994077.3143486568,0.0,0.0,0.0,0.0,0.0,994077.3143486568,0.0,0.0
2018-03-27,994077.3143486568,0.0,0.0,0.0,0.0,0.0,994077.3143486568,0.0,0.0
2018-03-28,994077.3143486568,0.0,0.0,0.0,0.0,0.0,994077.3143486568,0.0,0.0
2018-03-29,994077.3143486568,0.0,0.0,0.0,0.0,0.0,994077.3143486568,0.0,0.0
2018-04-02,994077.3143486568,0.0,0.0,0.0,0.0,0.0,994077.3143486568,-1.1606172994128845,0.0
2018-04-03,993962.9954575067,0.0,114.31889115009552,-0.00011499999999999999,0.1,9939.62995457507,984023.3655029316,-1.3368493010403055,-0.1
2018-04-04,994343.1998819987,380.20442449194246,0.0,0.00038266003389274587,0.1,9943.43199881999,984399.7678831787,-1.4087932691950014,-0.1
2018-04-05,992379.6038756492,-1963.5960063495313,0.0,-0.00197087484944706,0.1,9923.796038756493,982455.8078368927,-1.2524640598510788,-0.1
2018-04-06,990778.1306041984,-1601.4732714507516,0.0,-0.0016111707841031148,0.1,9907.781306041987,980870.3492981564,-1.1433203585203275,-0.1
2018-04-09,986782.9004010895,-3881.2907180895018,113.93948501948283,-0.004016681607255853,0.0,0.0,986782.9004010895,0.0,0.0
2018-04-10,986782.9004010895,0.0,0.0,0.0,0.0,0.0,986782.9004010895,0.0,0.0
2018-04-11,986782.9004010895,0.0,0.0,0.0,0.0,0.0,986782.9004010895,0.0,0.0
2018-04-12,986782.9004010895,0.0,0.0,0.0,0.0,0.0,986782.9004010895,0.0,0.0
2018-04-13,986782.9004010895,0.0,0.0,0.0,0.0,0.0,986782.9004010895,-1.432434446794293,0.0
2018-04-16,986669.4203675434,0.0,113.4800335461253,-0.00011500000000000002,0.1,9866.694203675435,976802.7261638679,-2.1485216828915807,-0.1
2018-04-17,985815.6231406163,-853.7972269270251,0.0,-0.0008645844590943479,0.1,9858.156231406165,975957.4669092102,-1.7597156001617371,-0.1
2018-04-18,983912.7082648489,-1902.9148757674097,0.0,-0.0019265760462378254,0.1,9839.12708264849,974073.5811822005,-1.6518978062007263,-0.1
2018-04-19,983602.162433729,-310.54583111988916,0.0,-0.0003155237694572991,0.1,9836.021624337292,973766.1408093917,-1.892356509913293,-0.1
2018-04-20,986387.4019078466,2785.239474117534,0.0,0.002839713925115692,0.1,9863.874019078468,976523.5278887681,-1.9934369296931822,-0.1
2018-04-23,986760.0253192526,372.62341140609425,0.0,0.0003779085461318361,0.1,9867.600253192528,976892.4250660602,-1.7992754660165857,-0.1
2018-04-24,984408.0512610702,-2351.9740581824008,0.0,-0.002377864245568526,0.1,9844.080512610704,974563.9707484595,-1.6385438006308264,-0.1
2018-04-25,981430.1648209234,-2864.6795142517913,113.20692589502308,-0.0030162753890793986,0.0,0.0,981430.1648209234,-1.8249019996750675,0.0
2018-04-26,981317.300351969,0.0,112.86446895440619,-0.000115,0.1,9813.173003519692,971504.1273484493,-1.943617201505185,-0.1
2018-04-27,978306.4984424127,-3010.801909556223,0.0,-0.0030587381409093264,0.1,9783.064984424129,968523.4334579885,0.0,-0.1
2018-04-30,974837.5430490734,-3356.4501460183683,112.50524732087746,-0.003533754022526146,0.0,0.0,974837.5430490734,0.0,0.0
2018-05-01,974837.5430490734,0.0,0.0,0.0,0.0,0.0,974837.5430490734,0.0,0.0
2018-05-02,974837.5430490734,0.0,0.0,0.0,0.0,0.0,974837.5430490734,0.0,0.0
2018-05-03,974837.5430490734,0.0,0.0,0.0,0.0,0.0,974837.5430490734,0.0,0.0
2018-05-04,974837.5430490734,0.0,0.0,0.0,0.0,0.0,974837.5430490734,0.0,0.0
2018-05-07,974837.5430490734,0.0,0.0,0.0,0.0,0.0,974837.5430490734,0.0,0.0
2018-05-08,974837.5430490734,0.0,0.0,0.0,0.0,0.0,974837.5430490734,0.0,0.0
2018-05-09,974837.5430490734,0.0,0.0,0.0,0.0,0.0,974837.5430490734,0.0,0.0
2018-05-10,974837.5430490734,0.0,0.0,0.0,0.0,0.0,974837.5430490734,0.0,0.0
2018-05-11,974837.5430490734,0.0,0.0,0.0,0.0,0.0,974837.5430490734,0.0,0.0
2018-05-14,974837.5430490734,0.0,0.0,0.0,0.0,0.0,974837.5430490734,0.0,0.0
2018-05-15,974837.5430490734,0.0,0.0,0.0,0.0,0.0,974837.5430490734,0.0,0.0
2018-05-16,974837.5430490734,0.0,0.0,0.0,0.0,0.0,974837.5430490734,0.0,0.0
2018-05-17,974837.5430490734,0.0,0.0,0.0,0.0,0.0,974837.5430490734,0.0,0.0
2018-05-18,974837.5430490734,0.0,0.0,0.0,0.0,0.0,974837.5430490734,0.0,0.0
2018-05-21,974837.5430490734,0.0,0.0,0.0,0.0,0.0,974837.5430490734,0.0,0.0
2018-05-22,974837.5430490734,0.0,0.0,0.0,0.0,0.0,974837.5430490734,0.0,0.0
2018-05-23,974837.5430490734,0.0,0.0,0.0,0.0,0.0,974837.5430490734,0.0,0.0
2018-05-24,974837.5430490734,0.0,0.0,0.0,0.0,0.0,974837.5430490734,0.0,0.0
2018-05-25,974837.5430490734,0.0,0.0,0.0,0.0,0.0,974837.5430490734,0.0,0.0
2018-05-29,974837.5430490734,0.0,0.0,0.0,0.0,0.0,974837.5430490734,0.0,0.0
2018-05-30,974837.5430490734,0.0,0.0,0.0,0.0,0.0,974837.5430490734,0.0,0.0
2018-05-31,974837.5430490734,0.0,0.0,0.0,0.0,0.0,974837.5430490734,0.0,0.0
2018-06-01,974837.5430490734,0.0,0.0,0.0,0.0,0.0,974837.5430490734,0.0,0.0
2018-06-04,974837.5430490734,0.0,0.0,0.0,0.0,0.0,974837.5430490734,0.0,0.0
2018-06-05,974837.5430490734,0.0,0.0,0.0,0.0,0.0,974837.5430490734,0.0,0.0
2018-06-06,974837.5430490734,0.0,0.0,0.0,0.0,0.0,974837.5430490734,0.0,0.0
2018-06-07,974837.5430490734,0.0,0.0,0.0,0.0,0.0,974837.5430490734,0.0,0.0
2018-06-08,974837.5430490734,0.0,0.0,0.0,0.0,0.0,974837.5430490734,0.0,0.0
2018-06-11,974837.5430490734,0.0,0.0,0.0,0.0,0.0,974837.5430490734,0.0,0.0
2018-06-12,974837.5430490734,0.0,0.0,0.0,0.0,0.0,974837.5430490734,0.0,0.0
2018-06-13,974837.5430490734,0.0,0.0,0.0,0.0,0.0,974837.5430490734,0.0,0.0
2018-06-14,974837.5430490734,0.0,0.0,0.0,0.0,0.0,974837.5430490734,0.0,0.0
2018-06-15,974837.5430490734,0.0,0.0,0.0,0.0,0.0,974837.5430490734,0.0,0.0
2018-06-18,974837.5430490734,0.0,0.0,0.0,0.0,0.0,974837.5430490734,0.0,0.0
2018-06-19,974837.5430490734,0.0,0.0,0.0,0.0,0.0,974837.5430490734,0.0,0.0
2018-06-20,974837.5430490734,0.0,0.0,0.0,0.0,0.0,974837.5430490734,0.0,0.0
2018-06-21,974837.5430490734,0.0,0.0,0.0,0.0,0.0,974837.5430490734,0.0,0.0
2018-06-22,974837.5430490734,0.0,0.0,0.0,0.0,0.0,974837.5430490734,0.0,0.0
2018-06-25,974837.5430490734,0.0,0.0,0.0,0.0,0.0,974837.5430490734,0.0,0.0
2018-06-26,974837.5430490734,0.0,0.0,0.0,0.0,0.0,974837.5430490734,0.0,0.0
2018-06-27,974837.5430490734,0.0,0.0,0.0,0.0,0.0,974837.5430490734,0.0,0.0
2018-06-28,974837.5430490734,0.0,0.0,0.0,0.0,0.0,974837.5430490734,0.0,0.0
2018-06-29,974837.5430490734,0.0,0.0,0.0,0.0,0.0,974837.5430490734,0.0,0.0
2018-07-02,974837.5430490734,0.0,0.0,0.0,0.0,0.0,974837.5430490734,0.0,0.0
2018-07-03,974837.5430490734,0.0,0.0,0.0,0.0,0.0,974837.5430490734,0.0,0.0
2018-07-05,974837.5430490734,0.0,0.0,0.0,0.0,0.0,974837.5430490734,0.0,0.0
2018-07-06,974837.5430490734,0.0,0.0,0.0,0.0,0.0,974837.5430490734,0.0,0.0
2018-07-09,974837.5430490734,0.0,0.0,0.0,0.0,0.0,974837.5430490734,0.0,0.0
2018-07-10,974837.5430490734,0.0,0.0,0.0,0.0,0.0,974837.5430490734,0.0,0.0
2018-07-11,974837.5430490734,0.0,0.0,0.0,0.0,0.0,974837.5430490734,0.0,0.0
2018-07-12,974837.5430490734,0.0,0.0,0.0,0.0,0.0,974837.5430490734,0.0,0.0
2018-07-13,974837.5430490734,0.0,0.0,0.0,0.0,0.0,974837.5430490734,0.0,0.0
2018-07-16,974837.5430490734,0.0,0.0,0.0,0.0,0.0,974837.5430490734,0.0,0.0
2018-07-17,974837.5430490734,0.0,0.0,0.0,0.0,0.0,974837.5430490734,0.0,0.0
2018-07-18,974837.5430490734,0.0,0.0,0.0,0.0,0.0,974837.5430490734,0.0,0.0
2018-07-19,974837.5430490734,0.0,0.0,0.0,0.0,0.0,974837.5430490734,0.0,0.0
2018-07-20,974837.5430490734,0.0,0.0,0.0,0.0,0.0,974837.5430490734,0.0,0.0
2018-07-23,974837.5430490734,0.0,0.0,0.0,0.0,0.0,974837.5430490734,0.0,0.0
2018-07-24,974837.5430490734,0.0,0.0,0.0,0.0,0.0,974837.5430490734,0.0,0.0
2018-07-25,974837.5430490734,0.0,0.0,0.0,0.0,0.0,974837.5430490734,0.0,0.0
2018-07-26,974837.5430490734,0.0,0.0,0.0,0.0,0.0,974837.5430490734,0.0,0.0
2018-07-27,974837.5430490734,0.0,0.0,0.0,0.0,0.0,974837.5430490734,0.0,0.0
2018-07-30,974837.5430490734,0.0,0.0,0.0,0.0,0.0,974837.5430490734,0.0,0.0
2018-07-31,974837.5430490734,0.0,0.0,0.0,0.0,0.0,974837.5430490734,0.0,0.0
2018-08-01,974837.5430490734,0.0,0.0,0.0,0.0,0.0,974837.5430490734,0.0,0.0
2018-08-02,974837.5430490734,0.0,0.0,0.0,0.0,0.0,974837.5430490734,0.0,0.0
2018-08-03,974837.5430490734,0.0,0.0,0.0,0.0,0.0,974837.5430490734,0.0,0.0
2018-08-06,974837.5430490734,0.0,0.0,0.0,0.0,0.0,974837.5430490734,0.0,0.0
2018-08-07,974837.5430490734,0.0,0.0,0.0,0.0,0.0,974837.5430490734,0.0,0.0
2018-08-08,974837.5430490734,0.0,0.0,0.0,0.0,0.0,974837.5430490734,0.0,0.0
2018-08-09,974837.5430490734,0.0,0.0,0.0,0.0,0.0,974837.5430490734,0.0,0.0
2018-08-10,974837.5430490734,0.0,0.0,0.0,0.0,0.0,974837.5430490734,0.0,0.0
2018-08-13,974837.5430490734,0.0,0.0,0.0,0.0,0.0,974837.5430490734,0.0,0.0
2018-08-14,974837.5430490734,0.0,0.0,0.0,0.0,0.0,974837.5430490734,0.0,0.0
2018-08-15,974837.5430490734,0.0,0.0,0.0,0.0,0.0,974837.5430490734,0.0,0.0
2018-08-16,974837.5430490734,0.0,0.0,0.0,0.0,0.0,974837.5430490734,0.0,0.0
2018-08-17,974837.5430490734,0.0,0.0,0.0,0.0,0.0,974837.5430490734,0.0,0.0
2018-08-20,974837.5430490734,0.0,0.0,0.0,0.0,0.0,974837.5430490734,0.0,0.0
2018-08-21,974837.5430490734,0.0,0.0,0.0,0.0,0.0,974837.5430490734,0.0,0.0
2018-08-22,974837.5430490734,0.0,0.0,0.0,0.0,0.0,974837.5430490734,0.0,0.0
2018-08-23,974837.5430490734,0.0,0.0,0.0,0.0,0.0,974837.5430490734,0.0,0.0
2018-08-24,974837.5430490734,0.0,0.0,0.0,0.0,0.0,974837.5430490734,0.0,0.0
2018-08-27,974837.5430490734,0.0,0.0,0.0,0.0,0.0,974837.5430490734,0.0,0.0
2018-08-28,974837.5430490734,0.0,0.0,0.0,0.0,0.0,974837.5430490734,0.0,0.0
2018-08-29,974837.5430490734,0.0,0.0,0.0,0.0,0.0,974837.5430490734,0.0,0.0
2018-08-30,974837.5430490734,0.0,0.0,0.0,0.0,0.0,974837.5430490734,0.0,0.0
2018-08-31,974837.5430490734,0.0,0.0,0.0,0.0,0.0,974837.5430490734,0.0,0.0
2018-09-04,974837.5430490734,0.0,0.0,0.0,0.0,0.0,974837.5430490734,0.0,0.0
2018-09-05,974837.5430490734,0.0,0.0,0.0,0.0,0.0,974837.5430490734,0.0,0.0
2018-09-06,974837.5430490734,0.0,0.0,0.0,0.0,0.0,974837.5430490734,0.0,0.0
2018-09-07,974837.5430490734,0.0,0.0,0.0,0.0,0.0,974837.5430490734,0.0,0.0
2018-09-10,974837.5430490734,0.0,0.0,0.0,0.0,0.0,974837.5430490734,0.0,0.0
2018-09-11,974837.5430490734,0.0,0.0,0.0,0.0,0.0,974837.5430490734,0.0,0.0
2018-09-12,974837.5430490734,0.0,0.0,0.0,0.0,0.0,974837.5430490734,0.0,0.0
2018-09-13,974837.5430490734,0.0,0.0,0.0,0.0,0.0,974837.5430490734,0.0,0.0
2018-09-14,974837.5430490734,0.0,0.0,0.0,0.0,0.0,974837.5430490734,0.0,0.0
2018-09-17,974837.5430490734,0.0,0.0,0.0,0.0,0.0,974837.5430490734,0.0,0.0
2018-09-18,974837.5430490734,0.0,0.0,0.0,0.0,0.0,974837.5430490734,0.0,0.0
2018-09-19,974837.5430490734,0.0,0.0,0.0,0.0,0.0,974837.5430490734,0.0,0.0
2018-09-20,974837.5430490734,0.0,0.0,0.0,0.0,0.0,974837.5430490734,0.0,0.0
2018-09-21,974837.5430490734,0.0,0.0,0.0,0.0,0.0,974837.5430490734,0.0,0.0
2018-09-24,974837.5430490734,0.0,0.0,0.0,0.0,0.0,974837.5430490734,0.0,0.0
2018-09-25,974837.5430490734,0.0,0.0,0.0,0.0,0.0,974837.5430490734,0.0,0.0
2018-09-26,974837.5430490734,0.0,0.0,0.0,0.0,0.0,974837.5430490734,0.0,0.0
2018-09-27,974837.5430490734,0.0,0.0,0.0,0.0,0.0,974837.5430490734,0.0,0.0
2018-09-28,974837.5430490734,0.0,0.0,0.0,0.0,0.0,974837.5430490734,0.0,0.0
2018-10-01,974837.5430490734,0.0,0.0,0.0,0.0,0.0,974837.5430490734,0.0,0.0
2018-10-02,974837.5430490734,0.0,0.0,0.0,0.0,0.0,974837.5430490734,0.0,0.0
2018-10-03,974837.5430490734,0.0,0.0,0.0,0.0,0.0,974837.5430490734,0.0,0.0
2018-10-04,974837.5430490734,0.0,0.0,0.0,0.0,0.0,974837.5430490734,0.0,0.0
2018-10-05,974837.5430490734,0.0,0.0,0.0,0.0,0.0,974837.5430490734,0.0,0.0
2018-10-08,974837.5430490734,0.0,0.0,0.0,0.0,0.0,974837.5430490734,0.0,0.0
2018-10-09,974837.5430490734,0.0,0.0,0.0,0.0,0.0,974837.5430490734,0.0,0.0
2018-10-10,974837.5430490734,0.0,0.0,0.0,0.0,0.0,974837.5430490734,0.0,0.0
2018-10-11,974837.5430490734,0.0,0.0,0.0,0.0,0.0,974837.5430490734,0.0,0.0
2018-10-12,974837.5430490734,0.0,0.0,0.0,0.0,0.0,974837.5430490734,0.0,0.0
2018-10-15,974837.5430490734,0.0,0.0,0.0,0.0,0.0,974837.5430490734,0.0,0.0
2018-10-16,974837.5430490734,0.0,0.0,0.0,0.0,0.0,974837.5430490734,0.0,0.0
2018-10-17,974837.5430490734,0.0,0.0,0.0,0.0,0.0,974837.5430490734,0.0,0.0
2018-10-18,974837.5430490734,0.0,0.0,0.0,0.0,0.0,974837.5430490734,0.0,0.0
2018-10-19,974837.5430490734,0.0,0.0,0.0,0.0,0.0,974837.5430490734,0.0,0.0
2018-10-22,974837.5430490734,0.0,0.0,0.0,0.0,0.0,974837.5430490734,0.0,0.0
2018-10-23,974837.5430490734,0.0,0.0,0.0,0.0,0.0,974837.5430490734,0.0,0.0
2018-10-24,974837.5430490734,0.0,0.0,0.0,0.0,0.0,974837.5430490734,0.0,0.0
2018-10-25,974837.5430490734,0.0,0.0,0.0,0.0,0.0,974837.5430490734,0.0,0.0
2018-10-26,974837.5430490734,0.0,0.0,0.0,0.0,0.0,974837.5430490734,0.0,0.0
2018-10-29,974837.5430490734,0.0,0.0,0.0,0.0,0.0,974837.5430490734,0.0,0.0
2018-10-30,974837.5430490734,0.0,0.0,0.0,0.0,0.0,974837.5430490734,0.0,0.0
2018-10-31,974837.5430490734,0.0,0.0,0.0,0.0,0.0,974837.5430490734,0.0,0.0
2018-11-01,974837.5430490734,0.0,0.0,0.0,0.0,0.0,974837.5430490734,0.0,0.0
2018-11-02,974837.5430490734,0.0,0.0,0.0,0.0,0.0,974837.5430490734,0.0,0.0
2018-11-05,974837.5430490734,0.0,0.0,0.0,0.0,0.0,974837.5430490734,0.0,0.0
2018-11-06,974837.5430490734,0.0,0.0,0.0,0.0,0.0,974837.5430490734,0.0,0.0
2018-11-07,974837.5430490734,0.0,0.0,0.0,0.0,0.0,974837.5430490734,0.0,0.0
2018-11-08,974837.5430490734,0.0,0.0,0.0,0.0,0.0,974837.5430490734,0.0,0.0
2018-11-09,974837.5430490734,0.0,0.0,0.0,0.0,0.0,974837.5430490734,0.0,0.0
2018-11-12,974837.5430490734,0.0,0.0,0.0,0.0,0.0,974837.5430490734,0.0,0.0
2018-11-13,974837.5430490734,0.0,0.0,0.0,0.0,0.0,974837.5430490734,0.0,0.0
2018-11-14,974837.5430490734,0.0,0.0,0.0,0.0,0.0,974837.5430490734,0.0,0.0
2018-11-15,974837.5430490734,0.0,0.0,0.0,0.0,0.0,974837.5430490734,0.0,0.0
2018-11-16,974837.5430490734,0.0,0.0,0.0,0.0,0.0,974837.5430490734,0.0,0.0
2018-11-19,974837.5430490734,0.0,0.0,0.0,0.0,0.0,974837.5430490734,0.0,0.0
2018-11-20,974837.5430490734,0.0,0.0,0.0,0.0,0.0,974837.5430490734,0.0,0.0
2018-11-21,974837.5430490734,0.0,0.0,0.0,0.0,0.0,974837.5430490734,0.0,0.0
2018-11-23,974837.5430490734,0.0,0.0,0.0,0.0,0.0,974837.5430490734,0.0,0.0
2018-11-26,974837.5430490734,0.0,0.0,0.0,0.0,0.0,974837.5430490734,0.0,0.0
2018-11-27,974837.5430490734,0.0,0.0,0.0,0.0,0.0,974837.5430490734,0.0,0.0
2018-11-28,974837.5430490734,0.0,0.0,0.0,0.0,0.0,974837.5430490734,0.0,0.0
2018-11-29,974837.5430490734,0.0,0.0,0.0,0.0,0.0,974837.5430490734,0.0,0.0
2018-11-30,974837.5430490734,0.0,0.0,0.0,0.0,0.0,974837.5430490734,0.0,0.0
2018-12-03,974837.5430490734,0.0,0.0,0.0,0.0,0.0,974837.5430490734,0.0,0.0
2018-12-04,974837.5430490734,0.0,0.0,0.0,0.0,0.0,974837.5430490734,0.0,0.0
2018-12-06,974837.5430490734,0.0,0.0,0.0,0.0,0.0,974837.5430490734,0.0,0.0
2018-12-07,974837.5430490734,0.0,0.0,0.0,0.0,0.0,974837.5430490734,0.0,0.0
2018-12-10,974837.5430490734,0.0,0.0,0.0,0.0,0.0,974837.5430490734,0.0,0.0
2018-12-11,974837.5430490734,0.0,0.0,0.0,0.0,0.0,974837.5430490734,0.0,0.0
2018-12-12,974837.5430490734,0.0,0.0,0.0,0.0,0.0,974837.5430490734,0.0,0.0
2018-12-13,974837.5430490734,0.0,0.0,0.0,0.0,0.0,974837.5430490734,0.0,0.0
2018-12-14,974837.5430490734,0.0,0.0,0.0,0.0,0.0,974837.5430490734,0.0,0.0
2018-12-17,974837.5430490734,0.0,0.0,0.0,0.0,0.0,974837.5430490734,0.0,0.0
2018-12-18,974837.5430490734,0.0,0.0,0.0,0.0,0.0,974837.5430490734,0.0,0.0
2018-12-19,974837.5430490734,0.0,0.0,0.0,0.0,0.0,974837.5430490734,0.0,0.0
2018-12-20,974837.5430490734,0.0,0.0,0.0,0.0,0.0,974837.5430490734,0.0,0.0
2018-12-21,974837.5430490734,0.0,0.0,0.0,0.0,0.0,974837.5430490734,0.0,0.0
2018-12-24,974837.5430490734,0.0,0.0,0.0,0.0,0.0,974837.5430490734,0.0,0.0
2018-12-26,974837.5430490734,0.0,0.0,0.0,0.0,0.0,974837.5430490734,0.0,0.0
2018-12-27,974837.5430490734,0.0,0.0,0.0,0.0,0.0,974837.5430490734,0.0,0.0
2018-12-28,974837.5430490734,0.0,0.0,0.0,0.0,0.0,974837.5430490734,0.0,0.0
2018-12-31,974837.5430490734,0.0,0.0,0.0,0.0,0.0,974837.5430490734,0.0,0.0
2019-01-02,974837.5430490734,0.0,0.0,0.0,0.0,0.0,974837.5430490734,0.0,0.0
2019-01-03,974837.5430490734,0.0,0.0,0.0,0.0,0.0,974837.5430490734,0.0,0.0
2019-01-04,974837.5430490734,0.0,0.0,0.0,0.0,0.0,974837.5430490734,0.0,0.0
2019-01-07,974837.5430490734,0.0,0.0,0.0,0.0,0.0,974837.5430490734,0.0,0.0
2019-01-08,974837.5430490734,0.0,0.0,0.0,0.0,0.0,974837.5430490734,0.0,0.0
2019-01-09,974837.5430490734,0.0,0.0,0.0,0.0,0.0,974837.5430490734,0.0,0.0
2019-01-10,974837.5430490734,0.0,0.0,0.0,0.0,0.0,974837.5430490734,0.0,0.0
2019-01-11,974837.5430490734,0.0,0.0,0.0,0.0,0.0,974837.5430490734,0.0,0.0
2019-01-14,974837.5430490734,0.0,0.0,0.0,0.0,0.0,974837.5430490734,0.0,0.0
2019-01-15,974837.5430490734,0.0,0.0,0.0,0.0,0.0,974837.5430490734,0.0,0.0
2019-01-16,974837.5430490734,0.0,0.0,0.0,0.0,0.0,974837.5430490734,0.0,0.0
2019-01-17,974837.5430490734,0.0,0.0,0.0,0.0,0.0,974837.5430490734,0.0,0.0
2019-01-18,974837.5430490734,0.0,0.0,0.0,0.0,0.0,974837.5430490734,0.0,0.0
2019-01-22,974837.5430490734,0.0,0.0,0.0,0.0,0.0,974837.5430490734,0.0,0.0
2019-01-23,974837.5430490734,0.0,0.0,0.0,0.0,0.0,974837.5430490734,0.0,0.0
2019-01-24,974837.5430490734,0.0,0.0,0.0,0.0,0.0,974837.5430490734,0.0,0.0
2019-01-25,974837.5430490734,0.0,0.0,0.0,0.0,0.0,974837.5430490734,0.0,0.0
2019-01-28,974837.5430490734,0.0,0.0,0.0,0.0,0.0,974837.5430490734,0.0,0.0
2019-01-29,974837.5430490734,0.0,0.0,0.0,0.0,0.0,974837.5430490734,0.0,0.0
2019-01-30,974837.5430490734,0.0,0.0,0.0,0.0,0.0,974837.5430490734,0.0,0.0
2019-01-31,974837.5430490734,0.0,0.0,0.0,0.0,0.0,974837.5430490734,0.0,0.0
2019-02-01,974837.5430490734,0.0,0.0,0.0,0.0,0.0,974837.5430490734,0.0,0.0
2019-02-04,974837.5430490734,0.0,0.0,0.0,0.0,0.0,974837.5430490734,0.0,0.0
2019-02-05,974837.5430490734,0.0,0.0,0.0,0.0,0.0,974837.5430490734,0.0,0.0
2019-02-06,974837.5430490734,0.0,0.0,0.0,0.0,0.0,974837.5430490734,0.0,0.0
2019-02-07,974837.5430490734,0.0,0.0,0.0,0.0,0.0,974837.5430490734,0.0,0.0
2019-02-08,974837.5430490734,0.0,0.0,0.0,0.0,0.0,974837.5430490734,0.0,0.0
2019-02-11,974837.5430490734,0.0,0.0,0.0,0.0,0.0,974837.5430490734,0.0,0.0
2019-02-12,974837.5430490734,0.0,0.0,0.0,0.0,0.0,974837.5430490734,0.0,0.0
2019-02-13,974837.5430490734,0.0,0.0,0.0,0.0,0.0,974837.5430490734,0.0,0.0
2019-02-14,974837.5430490734,0.0,0.0,0.0,0.0,0.0,974837.5430490734,0.0,0.0
2019-02-15,974837.5430490734,0.0,0.0,0.0,0.0,0.0,974837.5430490734,0.0,0.0
2019-02-19,974837.5430490734,0.0,0.0,0.0,0.0,0.0,974837.5430490734,0.0,0.0
2019-02-20,974837.5430490734,0.0,0.0,0.0,0.0,0.0,974837.5430490734,0.0,0.0
2019-02-21,974837.5430490734,0.0,0.0,0.0,0.0,0.0,974837.5430490734,0.0,0.0
2019-02-22,974837.5430490734,0.0,0.0,0.0,0.0,0.0,974837.5430490734,0.0,0.0
2019-02-25,974837.5430490734,0.0,0.0,0.0,0.0,0.0,974837.5430490734,0.0,0.0
2019-02-26,974837.5430490734,0.0,0.0,0.0,0.0,0.0,974837.5430490734,0.0,0.0
2019-02-27,974837.5430490734,0.0,0.0,0.0,0.0,0.0,974837.5430490734,0.0,0.0
2019-02-28,974837.5430490734,0.0,0.0,0.0,0.0,0.0,974837.5430490734,0.0,0.0
2019-03-01,974837.5430490734,0.0,0.0,0.0,0.0,0.0,974837.5430490734,0.0,0.0
2019-03-04,974837.5430490734,0.0,0.0,0.0,0.0,0.0,974837.5430490734,0.0,0.0
2019-03-05,974837.5430490734,0.0,0.0,0.0,0.0,0.0,974837.5430490734,0.0,0.0
2019-03-06,974837.5430490734,0.0,0.0,0.0,0.0,0.0,974837.5430490734,0.0,0.0
2019-03-07,974837.5430490734,0.0,0.0,0.0,0.0,0.0,974837.5430490734,0.0,0.0
2019-03-08,974837.5430490734,0.0,0.0,0.0,0.0,0.0,974837.5430490734,0.0,0.0
2019-03-11,974837.5430490734,0.0,0.0,0.0,0.0,0.0,974837.5430490734,0.0,0.0
2019-03-12,974837.5430490734,0.0,0.0,0.0,0.0,0.0,974837.5430490734,0.0,0.0
2019-03-13,974837.5430490734,0.0,0.0,0.0,0.0,0.0,974837.5430490734,0.0,0.0
2019-03-14,974837.5430490734,0.0,0.0,0.0,0.0,0.0,974837.5430490734,0.0,0.0
2019-03-15,974837.5430490734,0.0,0.0,0.0,0.0,0.0,974837.5430490734,0.0,0.0
2019-03-18,974837.5430490734,0.0,0.0,0.0,0.0,0.0,974837.5430490734,0.0,0.0
2019-03-19,974837.5430490734,0.0,0.0,0.0,0.0,0.0,974837.5430490734,0.0,0.0
2019-03-20,974837.5430490734,0.0,0.0,0.0,0.0,0.0,974837.5430490734,0.0,0.0
2019-03-21,974837.5430490734,0.0,0.0,0.0,0.0,0.0,974837.5430490734,0.0,0.0
2019-03-22,974837.5430490734,0.0,0.0,0.0,0.0,0.0,974837.5430490734,0.0,0.0
2019-03-25,974837.5430490734,0.0,0.0,0.0,0.0,0.0,974837.5430490734,0.0,0.0
2019-03-26,974837.5430490734,0.0,0.0,0.0,0.0,0.0,974837.5430490734,0.0,0.0
2019-03-27,974837.5430490734,0.0,0.0,0.0,0.0,0.0,974837.5430490734,0.0,0.0
2019-03-28,974837.5430490734,0.0,0.0,0.0,0.0,0.0,974837.5430490734,0.0,0.0
2019-03-29,974837.5430490734,0.0,0.0,0.0,0.0,0.0,974837.5430490734,0.0,0.0
2019-04-01,974837.5430490734,0.0,0.0,0.0,0.0,0.0,974837.5430490734,0.0,0.0
2019-04-02,974837.5430490734,0.0,0.0,0.0,0.0,0.0,974837.5430490734,0.0,0.0
2019-04-03,974837.5430490734,0.0,0.0,0.0,0.0,0.0,974837.5430490734,-0.22255039582315864,0.0
2019-04-04,974837.5430490734,0.0,0.0,0.0,0.0,0.0,974837.5430490734,-0.24658748926539759,0.0
2019-04-05,974837.5430490734,0.0,0.0,0.0,0.0,0.0,974837.5430490734,-0.16607250765150627,0.0
2019-04-08,974837.5430490734,0.0,0.0,0.0,0.0,0.0,974837.5430490734,-0.12717344504696418,0.0
2019-04-09,974837.5430490734,0.0,0.0,0.0,0.0,0.0,974837.5430490734,-0.11183453560153629,0.0
2019-04-10,974837.5430490734,0.0,0.0,0.0,0.0,0.0,974837.5430490734,-0.05053111594301099,0.0
2019-04-11,974837.5430490734,0.0,0.0,0.0,0.0,0.0,974837.5430490734,0.01838242666452683,0.0
2019-04-12,974837.5430490734,0.0,0.0,0.0,0.0,0.0,974837.5430490734,-0.11192466134458261,0.0
2019-04-15,974837.5430490734,0.0,0.0,0.0,0.0,0.0,974837.5430490734,-0.4889191367819953,0.0
2019-04-16,974837.5430490734,0.0,0.0,0.0,0.0,0.0,974837.5430490734,-0.47851772245178514,0.0
2019-04-17,974837.5430490734,0.0,0.0,0.0,0.0,0.0,974837.5430490734,-0.7858307601308562,0.0
2019-04-18,974725.4367316228,0.0,112.10631745064344,-0.000115,0.1,9747.254367316229,964978.1823643065,-0.9939433644379977,-0.1
2019-04-22,976590.4150573895,1864.9783257667516,0.0,0.0019170049616599007,0.1,9765.904150573897,966824.5109068156,-0.5876651272167741,-0.1
2019-04-23,975918.063652875,-672.351404514554,0.0,-0.0006879944960440318,0.1,9759.180636528752,966158.8830163463,-0.5318489116788857,-0.1
2019-04-24,977363.86819162,1445.8045387450002,0.0,0.001483679525222552,0.1,9773.638681916202,967590.2295097038,-0.3750740765361166,-0.1
2019-04-25,976686.1943842612,-565.2769625168421,112.3968448420363,-0.0006929682080924856,0.0,0.0,976686.1943842612,-0.20354126385634652,0.0
2019-04-26,976686.1943842612,0.0,0.0,0.0,0.0,0.0,976686.1943842612,0.07488315833825131,0.0
2019-04-29,976686.1943842612,0.0,0.0,0.0,0.0,0.0,976686.1943842612,0.5934435274335859,0.0
2019-04-30,976573.875471907,0.0,112.31891235419003,-0.000115,0.1,9765.738754719072,966808.1367171879,0.34894253697032557,0.1
2019-05-01,977978.3508837707,1516.7814075429858,112.30599567926932,0.0014404032547564918,0.0,0.0,977978.3508837707,0.1416063384248368,0.0
2019-05-02,977978.3508837707,0.0,0.0,0.0,0.0,0.0,977978.3508837707,-0.020742558882201067,0.0
2019-05-03,977978.3508837707,0.0,0.0,0.0,0.0,0.0,977978.3508837707,-0.07749160554611954,0.0
2019-05-06,977978.3508837707,0.0,0.0,0.0,0.0,0.0,977978.3508837707,0.7480222530485627,0.0
2019-05-07,977865.883373419,0.0,112.46751035163363,-0.000115,0.1,9778.658833734193,968087.2245396848,0.7886928859331996,0.1
2019-05-08,978036.2432834144,170.35990999536918,0.0,0.00017424638438752395,0.1,9780.362432834147,968255.8808505803,0.5619274326698612,0.1
2019-05-09,975881.7286605292,-2154.514622885203,0.0,-0.0021980564553447483,0.1,9758.817286605294,966122.911373924,0.19918897246898368,0.1
2019-05-10,975133.1834107988,-636.3188509345479,112.22639879596088,-0.0007665452283632488,0.0,0.0,975133.1834107988,-0.38524981337339104,0.0
2019-05-13,975133.1834107988,0.0,0.0,0.0,0.0,0.0,975133.1834107988,-0.3280524991978474,0.0
2019-05-14,975133.1834107988,0.0,0.0,0.0,0.0,0.0,975133.1834107988,-0.17289758449814557,0.0
2019-05-15,975133.1834107988,0.0,0.0,0.0,0.0,0.0,975133.1834107988,0.02454348095093568,0.0
2019-05-16,975133.1834107988,0.0,0.0,0.0,0.0,0.0,975133.1834107988,0.3661549066885506,0.0
2019-05-17,975133.1834107988,0.0,0.0,0.0,0.0,0.0,975133.1834107988,0.7746091192746377,0.0
2019-05-20,975021.0430947065,0.0,112.14031609224186,-0.000115,0.1,9750.210430947067,965270.8326637595,0.8452991519694232,0.1
2019-05-21,975122.9794295831,101.93633487660287,0.0,0.00010455876202425763,0.1,9751.229794295832,965371.7496352872,0.6997369825447226,0.1
2019-05-22,973900.8931890447,-1222.086240538381,0.0,-0.001251695003650777,0.1,9739.008931890448,964161.8842571542,0.5163907318468083,0.1
2019-05-23,973385.8742079822,-515.0189810624245,0.0,-0.0005285412262156448,0.1,9733.858742079825,963652.0154659024,0.7636668117740554,0.1
2019-05-24,977370.4947456757,3984.6205376934945,0.0,0.004110393423370523,0.1,9773.70494745676,967596.789798219,0.0,0.1
2019-05-28,980303.0205391623,3044.9234003823403,112.39760689575272,0.003009800707003433,0.0,0.0,980303.0205391623,0.0,0.0
2019-05-29,980303.0205391623,0.0,0.0,0.0,0.0,0.0,980303.0205391623,0.0,0.0
2019-05-30,980303.0205391623,0.0,0.0,0.0,0.0,0.0,980303.0205391623,0.0,0.0
2019-05-31,980303.0205391623,0.0,0.0,0.0,0.0,0.0,980303.0205391623,0.0,0.0
2019-06-03,980303.0205391623,0.0,0.0,0.0,0.0,0.0,980303.0205391623,0.0,0.0
2019-06-04,980303.0205391623,0.0,0.0,0.0,0.0,0.0,980303.0205391623,0.0,0.0
2019-06-05,980303.0205391623,0.0,0.0,0.0,0.0,0.0,980303.0205391623,0.0,0.0
2019-06-06,980303.0205391623,0.0,0.0,0.0,0.0,0.0,980303.0205391623,0.0,0.0
2019-06-07,980303.0205391623,0.0,0.0,0.0,0.0,0.0,980303.0205391623,0.0,0.0
2019-06-10,980303.0205391623,0.0,0.0,0.0,0.0,0.0,980303.0205391623,0.0,0.0
2019-06-11,980303.0205391623,0.0,0.0,0.0,0.0,0.0,980303.0205391623,0.0,0.0
2019-06-12,980303.0205391623,0.0,0.0,0.0,0.0,0.0,980303.0205391623,0.0,0.0
2019-06-13,980303.0205391623,0.0,0.0,0.0,0.0,0.0,980303.0205391623,0.0,0.0
2019-06-14,980303.0205391623,0.0,0.0,0.0,0.0,0.0,980303.0205391623,0.0,0.0
2019-06-17,980303.0205391623,0.0,0.0,0.0,0.0,0.0,980303.0205391623,0.0,0.0
2019-06-18,980303.0205391623,0.0,0.0,0.0,0.0,0.0,980303.0205391623,0.0,0.0
2019-06-19,980303.0205391623,0.0,0.0,0.0,0.0,0.0,980303.0205391623,0.0,0.0
2019-06-20,980303.0205391623,0.0,0.0,0.0,0.0,0.0,980303.0205391623,0.0,0.0
2019-06-21,980303.0205391623,0.0,0.0,0.0,0.0,0.0,980303.0205391623,0.0,0.0
2019-06-24,980303.0205391623,0.0,0.0,0.0,0.0,0.0,980303.0205391623,0.0,0.0
2019-06-25,980303.0205391623,0.0,0.0,0.0,0.0,0.0,980303.0205391623,0.0,0.0
2019-06-26,980303.0205391623,0.0,0.0,0.0,0.0,0.0,980303.0205391623,0.0,0.0
2019-06-27,980303.0205391623,0.0,0.0,0.0,0.0,0.0,980303.0205391623,0.0,0.0
2019-06-28,980303.0205391623,0.0,0.0,0.0,0.0,0.0,980303.0205391623,0.0,0.0
2019-07-01,980303.0205391623,0.0,0.0,0.0,0.0,0.0,980303.0205391623,0.0,0.0
2019-07-02,980303.0205391623,0.0,0.0,0.0,0.0,0.0,980303.0205391623,0.0,0.0
2019-07-03,980303.0205391623,0.0,0.0,0.0,0.0,0.0,980303.0205391623,0.0,0.0
2019-07-05,980303.0205391623,0.0,0.0,0.0,0.0,0.0,980303.0205391623,0.0,0.0
2019-07-08,980303.0205391623,0.0,0.0,0.0,0.0,0.0,980303.0205391623,0.0,0.0
2019-07-09,980303.0205391623,0.0,0.0,0.0,0.0,0.0,980303.0205391623,0.0,0.0
2019-07-10,980303.0205391623,0.0,0.0,0.0,0.0,0.0,980303.0205391623,0.0,0.0
2019-07-11,980303.0205391623,0.0,0.0,0.0,0.0,0.0,980303.0205391623,0.0,0.0
2019-07-12,980303.0205391623,0.0,0.0,0.0,0.0,0.0,980303.0205391623,0.0,0.0
2019-07-15,980303.0205391623,0.0,0.0,0.0,0.0,0.0,980303.0205391623,0.0,0.0
2019-07-16,980303.0205391623,0.0,0.0,0.0,0.0,0.0,980303.0205391623,0.0,0.0
2019-07-17,980303.0205391623,0.0,0.0,0.0,0.0,0.0,980303.0205391623,0.0,0.0
2019-07-18,980303.0205391623,0.0,0.0,0.0,0.0,0.0,980303.0205391623,0.0,0.0
2019-07-19,980303.0205391623,0.0,0.0,0.0,0.0,0.0,980303.0205391623,0.0,0.0
2019-07-22,980303.0205391623,0.0,0.0,0.0,0.0,0.0,980303.0205391623,0.0,0.0
2019-07-23,980303.0205391623,0.0,0.0,0.0,0.0,0.0,980303.0205391623,0.0,0.0
2019-07-24,980303.0205391623,0.0,0.0,0.0,0.0,0.0,980303.0205391623,0.0,0.0
2019-07-25,980303.0205391623,0.0,0.0,0.0,0.0,0.0,980303.0205391623,0.0,0.0
2019-07-26,980303.0205391623,0.0,0.0,0.0,0.0,0.0,980303.0205391623,0.0,0.0
2019-07-29,980303.0205391623,0.0,0.0,0.0,0.0,0.0,980303.0205391623,0.0,0.0
2019-07-30,980303.0205391623,0.0,0.0,0.0,0.0,0.0,980303.0205391623,0.0,0.0
2019-07-31,980303.0205391623,0.0,0.0,0.0,0.0,0.0,980303.0205391623,0.0,0.0
2019-08-01,980303.0205391623,0.0,0.0,0.0,0.0,0.0,980303.0205391623,0.0,0.0
2019-08-02,980303.0205391623,0.0,0.0,0.0,0.0,0.0,980303.0205391623,0.0,0.0
2019-08-05,980303.0205391623,0.0,0.0,0.0,0.0,0.0,980303.0205391623,0.0,0.0
2019-08-06,980303.0205391623,0.0,0.0,0.0,0.0,0.0,980303.0205391623,0.0,0.0
2019-08-07,980303.0205391623,0.0,0.0,0.0,0.0,0.0,980303.0205391623,0.0,0.0
2019-08-08,980303.0205391623,0.0,0.0,0.0,0.0,0.0,980303.0205391623,0.0,0.0
2019-08-09,980303.0205391623,0.0,0.0,0.0,0.0,0.0,980303.0205391623,0.0,0.0
2019-08-12,980303.0205391623,0.0,0.0,0.0,0.0,0.0,980303.0205391623,0.0,0.0
2019-08-13,980303.0205391623,0.0,0.0,0.0,0.0,0.0,980303.0205391623,0.0,0.0
2019-08-14,980303.0205391623,0.0,0.0,0.0,0.0,0.0,980303.0205391623,0.0,0.0
2019-08-15,980303.0205391623,0.0,0.0,0.0,0.0,0.0,980303.0205391623,0.0,0.0
2019-08-16,980303.0205391623,0.0,0.0,0.0,0.0,0.0,980303.0205391623,0.0,0.0
2019-08-19,980303.0205391623,0.0,0.0,0.0,0.0,0.0,980303.0205391623,0.0,0.0
2019-08-20,980303.0205391623,0.0,0.0,0.0,0.0,0.0,980303.0205391623,0.0,0.0
2019-08-21,980303.0205391623,0.0,0.0,0.0,0.0,0.0,980303.0205391623,0.0,0.0
2019-08-22,980303.0205391623,0.0,0.0,0.0,0.0,0.0,980303.0205391623,0.0,0.0
2019-08-23,980303.0205391623,0.0,0.0,0.0,0.0,0.0,980303.0205391623,0.0,0.0
2019-08-26,980303.0205391623,0.0,0.0,0.0,0.0,0.0,980303.0205391623,0.0,0.0
2019-08-27,980303.0205391623,0.0,0.0,0.0,0.0,0.0,980303.0205391623,0.0,0.0
2019-08-28,980303.0205391623,0.0,0.0,0.0,0.0,0.0,980303.0205391623,0.0,0.0
2019-08-29,980303.0205391623,0.0,0.0,0.0,0.0,0.0,980303.0205391623,0.0,0.0
2019-08-30,980303.0205391623,0.0,0.0,0.0,0.0,0.0,980303.0205391623,0.0,0.0
2019-09-03,980303.0205391623,0.0,0.0,0.0,0.0,0.0,980303.0205391623,0.0,0.0
2019-09-04,980303.0205391623,0.0,0.0,0.0,0.0,0.0,980303.0205391623,0.0,0.0
2019-09-05,980303.0205391623,0.0,0.0,0.0,0.0,0.0,980303.0205391623,0.0,0.0
2019-09-06,980303.0205391623,0.0,0.0,0.0,0.0,0.0,980303.0205391623,0.0,0.0
2019-09-09,980303.0205391623,0.0,0.0,0.0,0.0,0.0,980303.0205391623,0.0,0.0
2019-09-10,980303.0205391623,0.0,0.0,0.0,0.0,0.0,980303.0205391623,0.0,0.0
2019-09-11,980303.0205391623,0.0,0.0,0.0,0.0,0.0,980303.0205391623,0.0,0.0
2019-09-12,980303.0205391623,0.0,0.0,0.0,0.0,0.0,980303.0205391623,0.0,0.0
2019-09-13,980303.0205391623,0.0,0.0,0.0,0.0,0.0,980303.0205391623,0.0,0.0
2019-09-16,980303.0205391623,0.0,0.0,0.0,0.0,0.0,980303.0205391623,0.0,0.0
2019-09-17,980303.0205391623,0.0,0.0,0.0,0.0,0.0,980303.0205391623,0.0,0.0
2019-09-18,980303.0205391623,0.0,0.0,0.0,0.0,0.0,980303.0205391623,0.0,0.0
2019-09-19,980303.0205391623,0.0,0.0,0.0,0.0,0.0,980303.0205391623,0.0,0.0
2019-09-20,980303.0205391623,0.0,0.0,0.0,0.0,0.0,980303.0205391623,0.0,0.0
2019-09-23,980303.0205391623,0.0,0.0,0.0,0.0,0.0,980303.0205391623,0.0,0.0
2019-09-24,980303.0205391623,0.0,0.0,0.0,0.0,0.0,980303.0205391623,0.0,0.0
2019-09-25,980303.0205391623,0.0,0.0,0.0,0.0,0.0,980303.0205391623,0.0,0.0
2019-09-26,980303.0205391623,0.0,0.0,0.0,0.0,0.0,980303.0205391623,0.0,0.0
2019-09-27,980303.0205391623,0.0,0.0,0.0,0.0,0.0,980303.0205391623,0.0,0.0
2019-09-30,980303.0205391623,0.0,0.0,0.0,0.0,0.0,980303.0205391623,0.0,0.0
2019-10-01,980303.0205391623,0.0,0.0,0.0,0.0,0.0,980303.0205391623,0.0,0.0
2019-10-02,980303.0205391623,0.0,0.0,0.0,0.0,0.0,980303.0205391623,0.0,0.0
2019-10-03,980303.0205391623,0.0,0.0,0.0,0.0,0.0,980303.0205391623,0.0,0.0
2019-10-04,980303.0205391623,0.0,0.0,0.0,0.0,0.0,980303.0205391623,0.0,0.0
2019-10-07,980303.0205391623,0.0,0.0,0.0,0.0,0.0,980303.0205391623,0.0,0.0
2019-10-08,980303.0205391623,0.0,0.0,0.0,0.0,0.0,980303.0205391623,0.0,0.0
2019-10-09,980303.0205391623,0.0,0.0,0.0,0.0,0.0,980303.0205391623,0.0,0.0
2019-10-10,980303.0205391623,0.0,0.0,0.0,0.0,0.0,980303.0205391623,0.0,0.0
2019-10-11,980303.0205391623,0.0,0.0,0.0,0.0,0.0,980303.0205391623,0.0,0.0
2019-10-14,980303.0205391623,0.0,0.0,0.0,0.0,0.0,980303.0205391623,0.0,0.0
2019-10-15,980303.0205391623,0.0,0.0,0.0,0.0,0.0,980303.0205391623,0.0,0.0
2019-10-16,980303.0205391623,0.0,0.0,0.0,0.0,0.0,980303.0205391623,0.0,0.0
2019-10-17,980303.0205391623,0.0,0.0,0.0,0.0,0.0,980303.0205391623,0.0,0.0
2019-10-18,980303.0205391623,0.0,0.0,0.0,0.0,0.0,980303.0205391623,0.0,0.0
2019-10-21,980303.0205391623,0.0,0.0,0.0,0.0,0.0,980303.0205391623,0.0,0.0
2019-10-22,980303.0205391623,0.0,0.0,0.0,0.0,0.0,980303.0205391623,0.0,0.0
2019-10-23,980303.0205391623,0.0,0.0,0.0,0.0,0.0,980303.0205391623,0.0,0.0
2019-10-24,980303.0205391623,0.0,0.0,0.0,0.0,0.0,980303.0205391623,0.0,0.0
2019-10-25,980303.0205391623,0.0,0.0,0.0,0.0,0.0,980303.0205391623,0.0,0.0
2019-10-28,980303.0205391623,0.0,0.0,0.0,0.0,0.0,980303.0205391623,0.0,0.0
2019-10-29,980303.0205391623,0.0,0.0,0.0,0.0,0.0,980303.0205391623,0.0,0.0
2019-10-30,980303.0205391623,0.0,0.0,0.0,0.0,0.0,980303.0205391623,0.0,0.0
2019-10-31,980303.0205391623,0.0,0.0,0.0,0.0,0.0,980303.0205391623,0.0,0.0
2019-11-01,980303.0205391623,0.0,0.0,0.0,0.0,0.0,980303.0205391623,0.0,0.0
2019-11-04,980303.0205391623,0.0,0.0,0.0,0.0,0.0,980303.0205391623,0.0,0.0
2019-11-05,980303.0205391623,0.0,0.0,0.0,0.0,0.0,980303.0205391623,0.0,0.0
2019-11-06,980303.0205391623,0.0,0.0,0.0,0.0,0.0,980303.0205391623,0.0,0.0
2019-11-07,980303.0205391623,0.0,0.0,0.0,0.0,0.0,980303.0205391623,0.0,0.0
2019-11-08,980303.0205391623,0.0,0.0,0.0,0.0,0.0,980303.0205391623,0.0,0.0
2019-11-11,980303.0205391623,0.0,0.0,0.0,0.0,0.0,980303.0205391623,0.0,0.0
2019-11-12,980303.0205391623,0.0,0.0,0.0,0.0,0.0,980303.0205391623,0.0,0.0
2019-11-13,980303.0205391623,0.0,0.0,0.0,0.0,0.0,980303.0205391623,0.0,0.0
2019-11-14,980303.0205391623,0.0,0.0,0.0,0.0,0.0,980303.0205391623,0.0,0.0
2019-11-15,980303.0205391623,0.0,0.0,0.0,0.0,0.0,980303.0205391623,0.0,0.0
2019-11-18,980303.0205391623,0.0,0.0,0.0,0.0,0.0,980303.0205391623,0.0,0.0
2019-11-19,980303.0205391623,0.0,0.0,0.0,0.0,0.0,980303.0205391623,0.0,0.0
2019-11-20,980303.0205391623,0.0,0.0,0.0,0.0,0.0,980303.0205391623,0.0,0.0
2019-11-21,980303.0205391623,0.0,0.0,0.0,0.0,0.0,980303.0205391623,0.0,0.0
2019-11-22,980303.0205391623,0.0,0.0,0.0,0.0,0.0,980303.0205391623,0.0,0.0
2019-11-25,980303.0205391623,0.0,0.0,0.0,0.0,0.0,980303.0205391623,0.0,0.0
2019-11-26,980303.0205391623,0.0,0.0,0.0,0.0,0.0,980303.0205391623,0.0,0.0
2019-11-27,980303.0205391623,0.0,0.0,0.0,0.0,0.0,980303.0205391623,0.0,0.0
2019-11-29,980303.0205391623,0.0,0.0,0.0,0.0,0.0,980303.0205391623,0.0,0.0
2019-12-02,980303.0205391623,0.0,0.0,0.0,0.0,0.0,980303.0205391623,0.0,0.0
2019-12-03,980303.0205391623,0.0,0.0,0.0,0.0,0.0,980303.0205391623,0.0,0.0
2019-12-04,980303.0205391623,0.0,0.0,0.0,0.0,0.0,980303.0205391623,0.0,0.0
2019-12-05,980303.0205391623,0.0,0.0,0.0,0.0,0.0,980303.0205391623,0.0,0.0
2019-12-06,980303.0205391623,0.0,0.0,0.0,0.0,0.0,980303.0205391623,0.0,0.0
2019-12-09,980303.0205391623,0.0,0.0,0.0,0.0,0.0,980303.0205391623,0.0,0.0
2019-12-10,980303.0205391623,0.0,0.0,0.0,0.0,0.0,980303.0205391623,0.0,0.0
2019-12-11,980303.0205391623,0.0,0.0,0.0,0.0,0.0,980303.0205391623,0.0,0.0
2019-12-12,980303.0205391623,0.0,0.0,0.0,0.0,0.0,980303.0205391623,0.0,0.0
2019-12-13,980303.0205391623,0.0,0.0,0.0,0.0,0.0,980303.0205391623,0.0,0.0
2019-12-16,980303.0205391623,0.0,0.0,0.0,0.0,0.0,980303.0205391623,0.0,0.0
2019-12-17,980303.0205391623,0.0,0.0,0.0,0.0,0.0,980303.0205391623,0.0,0.0
2019-12-18,980303.0205391623,0.0,0.0,0.0,0.0,0.0,980303.0205391623,0.0,0.0
2019-12-19,980303.0205391623,0.0,0.0,0.0,0.0,0.0,980303.0205391623,0.0,0.0
2019-12-20,980303.0205391623,0.0,0.0,0.0,0.0,0.0,980303.0205391623,0.0,0.0
2019-12-23,980303.0205391623,0.0,0.0,0.0,0.0,0.0,980303.0205391623,0.0,0.0
2019-12-24,980303.0205391623,0.0,0.0,0.0,0.0,0.0,980303.0205391623,0.0,0.0
2019-12-26,980303.0205391623,0.0,0.0,0.0,0.0,0.0,980303.0205391623,0.0,0.0
2019-12-27,980303.0205391623,0.0,0.0,0.0,0.0,0.0,980303.0205391623,0.0,0.0
2019-12-30,980303.0205391623,0.0,0.0,0.0,0.0,0.0,980303.0205391623,0.0,0.0
2019-12-31,980303.0205391623,0.0,0.0,0.0,0.0,0.0,980303.0205391623,0.0,0.0
2020-01-02,980303.0205391623,0.0,0.0,0.0,0.0,0.0,980303.0205391623,0.0,0.0
2020-01-03,980303.0205391623,0.0,0.0,0.0,0.0,0.0,980303.0205391623,0.0,0.0
2020-01-06,980303.0205391623,0.0,0.0,0.0,0.0,0.0,980303.0205391623,0.0,0.0
2020-01-07,980303.0205391623,0.0,0.0,0.0,0.0,0.0,980303.0205391623,0.0,0.0
2020-01-08,980303.0205391623,0.0,0.0,0.0,0.0,0.0,980303.0205391623,0.0,0.0
2020-01-09,980303.0205391623,0.0,0.0,0.0,0.0,0.0,980303.0205391623,0.0,0.0
2020-01-10,980303.0205391623,0.0,0.0,0.0,0.0,0.0,980303.0205391623,0.0,0.0
2020-01-13,980303.0205391623,0.0,0.0,0.0,0.0,0.0,980303.0205391623,0.0,0.0
2020-01-14,980303.0205391623,0.0,0.0,0.0,0.0,0.0,980303.0205391623,0.0,0.0
2020-01-15,980303.0205391623,0.0,0.0,0.0,0.0,0.0,980303.0205391623,0.0,0.0
2020-01-16,980303.0205391623,0.0,0.0,0.0,0.0,0.0,980303.0205391623,0.0,0.0
2020-01-17,980303.0205391623,0.0,0.0,0.0,0.0,0.0,980303.0205391623,0.0,0.0
2020-01-21,980303.0205391623,0.0,0.0,0.0,0.0,0.0,980303.0205391623,0.0,0.0
2020-01-22,980303.0205391623,0.0,0.0,0.0,0.0,0.0,980303.0205391623,0.0,0.0
2020-01-23,980303.0205391623,0.0,0.0,0.0,0.0,0.0,980303.0205391623,0.0,0.0
2020-01-24,980303.0205391623,0.0,0.0,0.0,0.0,0.0,980303.0205391623,0.0,0.0
2020-01-27,980303.0205391623,0.0,0.0,0.0,0.0,0.0,980303.0205391623,0.0,0.0
2020-01-28,980303.0205391623,0.0,0.0,0.0,0.0,0.0,980303.0205391623,0.0,0.0
2020-01-29,980303.0205391623,0.0,0.0,0.0,0.0,0.0,980303.0205391623,0.0,0.0
2020-01-30,980303.0205391623,0.0,0.0,0.0,0.0,0.0,980303.0205391623,0.0,0.0
2020-01-31,980303.0205391623,0.0,0.0,0.0,0.0,0.0,980303.0205391623,0.0,0.0
2020-02-03,980303.0205391623,0.0,0.0,0.0,0.0,0.0,980303.0205391623,0.0,0.0
2020-02-04,980303.0205391623,0.0,0.0,0.0,0.0,0.0,980303.0205391623,0.0,0.0
2020-02-05,980303.0205391623,0.0,0.0,0.0,0.0,0.0,980303.0205391623,0.0,0.0
2020-02-06,980303.0205391623,0.0,0.0,0.0,0.0,0.0,980303.0205391623,0.0,0.0
2020-02-07,980303.0205391623,0.0,0.0,0.0,0.0,0.0,980303.0205391623,0.0,0.0
2020-02-10,980303.0205391623,0.0,0.0,0.0,0.0,0.0,980303.0205391623,0.0,0.0
2020-02-11,980303.0205391623,0.0,0.0,0.0,0.0,0.0,980303.0205391623,0.0,0.0
2020-02-12,980303.0205391623,0.0,0.0,0.0,0.0,0.0,980303.0205391623,0.0,0.0
2020-02-13,980303.0205391623,0.0,0.0,0.0,0.0,0.0,980303.0205391623,0.0,0.0
2020-02-14,980303.0205391623,0.0,0.0,0.0,0.0,0.0,980303.0205391623,0.0,0.0
2020-02-18,980303.0205391623,0.0,0.0,0.0,0.0,0.0,980303.0205391623,0.0,0.0
2020-02-19,980303.0205391623,0.0,0.0,0.0,0.0,0.0,980303.0205391623,0.0,0.0
2020-02-20,980303.0205391623,0.0,0.0,0.0,0.0,0.0,980303.0205391623,0.0,0.0
2020-02-21,980303.0205391623,0.0,0.0,0.0,0.0,0.0,980303.0205391623,0.0,0.0
2020-02-24,980303.0205391623,0.0,0.0,0.0,0.0,0.0,980303.0205391623,0.0,0.0
2020-02-25,980303.0205391623,0.0,0.0,0.0,0.0,0.0,980303.0205391623,0.0,0.0
2020-02-26,980303.0205391623,0.0,0.0,0.0,0.0,0.0,980303.0205391623,0.0,0.0
2020-02-27,980303.0205391623,0.0,0.0,0.0,0.0,0.0,980303.0205391623,0.0,0.0
2020-02-28,980303.0205391623,0.0,0.0,0.0,0.0,0.0,980303.0205391623,0.0,0.0
2020-03-02,980303.0205391623,0.0,0.0,0.0,0.0,0.0,980303.0205391623,0.0,0.0
2020-03-03,980303.0205391623,0.0,0.0,0.0,0.0,0.0,980303.0205391623,0.0,0.0
2020-03-04,980303.0205391623,0.0,0.0,0.0,0.0,0.0,980303.0205391623,0.0,0.0
2020-03-05,980303.0205391623,0.0,0.0,0.0,0.0,0.0,980303.0205391623,0.0,0.0
2020-03-06,980303.0205391623,0.0,0.0,0.0,0.0,0.0,980303.0205391623,0.0,0.0
2020-03-09,980303.0205391623,0.0,0.0,0.0,0.0,0.0,980303.0205391623,0.0,0.0
2020-03-10,980303.0205391623,0.0,0.0,0.0,0.0,0.0,980303.0205391623,0.0,0.0
2020-03-11,980303.0205391623,0.0,0.0,0.0,0.0,0.0,980303.0205391623,0.0,0.0
2020-03-12,980303.0205391623,0.0,0.0,0.0,0.0,0.0,980303.0205391623,0.0,0.0
2020-03-13,980303.0205391623,0.0,0.0,0.0,0.0,0.0,980303.0205391623,0.0,0.0
2020-03-16,980303.0205391623,0.0,0.0,0.0,0.0,0.0,980303.0205391623,0.0,0.0
2020-03-17,980303.0205391623,0.0,0.0,0.0,0.0,0.0,980303.0205391623,0.0,0.0
2020-03-18,980303.0205391623,0.0,0.0,0.0,0.0,0.0,980303.0205391623,0.0,0.0
2020-03-19,980303.0205391623,0.0,0.0,0.0,0.0,0.0,980303.0205391623,0.0,0.0
2020-03-20,980303.0205391623,0.0,0.0,0.0,0.0,0.0,980303.0205391623,0.0,0.0
2020-03-23,980303.0205391623,0.0,0.0,0.0,0.0,0.0,980303.0205391623,0.0,0.0
2020-03-24,980303.0205391623,0.0,0.0,0.0,0.0,0.0,980303.0205391623,0.0,0.0
2020-03-25,980303.0205391623,0.0,0.0,0.0,0.0,0.0,980303.0205391623,0.0,0.0
2020-03-26,980303.0205391623,0.0,0.0,0.0,0.0,0.0,980303.0205391623,0.0,0.0
2020-03-27,980303.0205391623,0.0,0.0,0.0,0.0,0.0,980303.0205391623,0.0,0.0
2020-03-30,980303.0205391623,0.0,0.0,0.0,0.0,0.0,980303.0205391623,0.0,0.0
2020-03-31,980303.0205391623,0.0,0.0,0.0,0.0,0.0,980303.0205391623,0.0,0.0
2020-04-01,980303.0205391623,0.0,0.0,0.0,0.0,0.0,980303.0205391623,0.0,0.0
2020-04-02,980303.0205391623,0.0,0.0,0.0,0.0,0.0,980303.0205391623,0.0,0.0
2020-04-03,980303.0205391623,0.0,0.0,0.0,0.0,0.0,980303.0205391623,0.0,0.0
2020-04-06,980303.0205391623,0.0,0.0,0.0,0.0,0.0,980303.0205391623,0.0,0.0
2020-04-07,980303.0205391623,0.0,0.0,0.0,0.0,0.0,980303.0205391623,0.0,0.0
2020-04-08,980303.0205391623,0.0,0.0,0.0,0.0,0.0,980303.0205391623,0.0,0.0
2020-04-09,980303.0205391623,0.0,0.0,0.0,0.0,0.0,980303.0205391623,0.0,0.0
2020-04-13,980303.0205391623,0.0,0.0,0.0,0.0,0.0,980303.0205391623,0.0,0.0
2020-04-14,980303.0205391623,0.0,0.0,0.0,0.0,0.0,980303.0205391623,0.0,0.0
2020-04-15,980303.0205391623,0.0,0.0,0.0,0.0,0.0,980303.0205391623,0.0,0.0
2020-04-16,980303.0205391623,0.0,0.0,0.0,0.0,0.0,980303.0205391623,0.0,0.0
2020-04-17,980303.0205391623,0.0,0.0,0.0,0.0,0.0,980303.0205391623,-1.7957696688130134,0.0
2020-04-20,980190.2856918003,0.0,112.73484736200368,-0.000115,0.1,9801.902856918005,970388.3828348822,0.0,-0.1
2020-04-21,980434.8085599951,357.24475104940336,112.72188285455704,0.00024955564670494946,0.0,0.0,980434.8085599951,-1.4550617787725508,0.0
2020-04-22,980322.0585570107,0.0,112.75000298439944,-0.000115,0.1,9803.220585570109,970518.8379714406,-1.3555341307301267,-0.1
2020-04-23,979599.9060276869,-722.1525293237648,0.0,-0.000736105999263894,0.1,9795.99906027687,969803.90696741,-1.108606211669616,-0.1
2020-04-24,983226.3956249558,3626.4895972688596,0.0,0.003715766778292583,0.1,9832.263956249559,973394.1316687062,-0.9150860478954771,-0.1
2020-04-27,984299.6849984429,1073.2893734871373,0.0,0.0010927923219461206,0.1,9842.99684998443,974456.6881484585,-0.3418206780602637,-0.1
2020-04-28,983100.1713045834,-1086.3192300846538,113.19446377482095,-0.001217303360015338,0.0,0.0,983100.1713045834,-0.39902977077373225,0.0
2020-04-29,983100.1713045834,0.0,0.0,0.0,0.0,0.0,983100.1713045834,-0.12870513719804358,0.0
2020-04-30,983100.1713045834,0.0,0.0,0.0,0.0,0.0,983100.1713045834,-0.0677473265359241,0.0
2020-05-01,983100.1713045834,0.0,0.0,0.0,0.0,0.0,983100.1713045834,0.06375465383085542,0.0
2020-05-04,983100.1713045834,0.0,0.0,0.0,0.0,0.0,983100.1713045834,0.17464712316595035,0.0
2020-05-05,983100.1713045834,0.0,0.0,0.0,0.0,0.0,983100.1713045834,0.12677366742663465,0.0
2020-05-06,983100.1713045834,0.0,0.0,0.0,0.0,0.0,983100.1713045834,-0.0312576251958582,0.0
2020-05-07,983100.1713045834,0.0,0.0,0.0,0.0,0.0,983100.1713045834,-0.2142390373059054,0.0
2020-05-08,983100.1713045834,0.0,0.0,0.0,0.0,0.0,983100.1713045834,-0.41900963295661703,0.0
2020-05-11,983100.1713045834,0.0,0.0,0.0,0.0,0.0,983100.1713045834,-0.8804895511689976,0.0
2020-05-12,982987.1147848835,0.0,113.0565197000271,-0.000115,0.1,9829.871147848837,973157.2436370347,-0.9293661910868415,-0.1
2020-05-13,985106.636594434,2119.5218095505393,0.0,0.0021608643457382954,0.1,9851.066365944342,975255.5702284897,-1.0109454504779238,-0.1
2020-05-14,985106.636594434,0.0,0.0,0.0,0.1,9851.066365944342,975255.5702284897,-0.915577686421999,-0.1
2020-05-15,987084.5686267735,1977.932032339461,0.0,0.0020118749693311742,0.1,9870.845686267738,977213.7229405058,-0.8665438855272687,-0.1
2020-05-18,987725.8529542172,641.2843274436809,0.0,0.000650097514627194,0.1,9877.258529542174,977848.5944246751,-0.28590362745116293,-0.1
2020-05-19,987264.4736878338,-347.7907932937385,113.58847308973499,-0.00046694825765575504,0.0,0.0,987264.4736878338,0.048042430971546216,0.0
2020-05-20,987264.4736878338,0.0,0.0,0.0,0.0,0.0,987264.4736878338,0.3132177709240886,0.0
2020-05-21,987264.4736878338,0.0,0.0,0.0,0.0,0.0,987264.4736878338,0.4815852727399729,0.0
2020-05-22,987264.4736878338,0.0,0.0,0.0,0.0,0.0,987264.4736878338,0.564283734471071,0.0
2020-05-26,987150.9382733597,0.0,113.53541447410089,-0.000115,0.1,9871.509382733599,977279.4288906261,0.6344317379877067,0.1
2020-05-27,986712.6374127548,-438.3008606048465,0.0,-0.0004438088663149071,0.1,9867.12637412755,976845.5110386272,0.6205402332411581,0.1
2020-05-28,988668.4602817593,1955.8228690044693,0.0,0.0019860973187686196,0.1,9886.684602817595,978781.7756789416,0.7899169621608968,0.1
2020-05-29,989869.4666718002,1201.00639004101,0.0,0.0012162490878131844,0.1,9898.694666718004,979970.7720050822,0.8583751036800517,0.1
2020-06-01,988823.9972398857,-1045.4694319145274,0.0,-0.0010550546710147708,0.1,9888.23997239886,978935.7572674869,1.2158791429165645,0.1
2020-06-02,987432.638874046,-1391.3583658397229,0.0,-0.0014051068365715394,0.1,9874.326388740463,977558.3124853056,1.4184588218621788,0.1
2020-06-03,988210.1448889074,777.5060148614537,0.0,0.0007880220646178094,0.1,9882.101448889076,978328.0434400183,1.855946370722939,0.1
2020-06-04,990478.0099675099,2267.865078602473,0.0,0.002300200655801889,0.1,9904.780099675101,980573.2298678348,2.0313812928592614,0.1
2020-06-05,988870.5516219779,-1607.4583455319969,0.0,-0.0016202821197102554,0.1,9888.705516219781,978981.8461057581,2.251242602410046,0.1
2020-06-08,988150.8496193419,-719.702002636083,0.0,-0.0007272727272727273,0.1,9881.50849619342,978269.3411231484,2.300347597461629,0.1
2020-06-09,986798.541516246,-1352.3081030958735,0.0,-0.0013666536509176104,0.1,9867.985415162462,976930.5561010835,1.92063075030561,0.1
2020-06-10,987140.8403165737,342.2988003277365,0.0,0.0003469984632925197,0.1,9871.408403165738,977269.431913408,1.6165381068628872,0.1
2020-06-11,985775.9048336669,-1364.9354829068675,0.0,-0.0013808067856790611,0.1,9857.759048336671,975918.1457853302,1.4116770048597311,0.1
2020-06-12,986318.8960681772,542.9912345102822,0.0,0.0005511298161230523,0.1,9863.188960681773,976455.7071074954,1.3638721711293833,0.1
2020-06-15,986859.2102044695,540.3141362923283,0.0,0.0005481090238676567,0.1,9868.592102044697,976990.6181024248,1.5607778189628658,0.1
2020-06-16,985148.4587256603,-1710.751478809135,0.0,-0.0017305315203955502,0.1,9851.484587256606,975296.9741384038,1.604729345635136,0.1
2020-06-17,983708.4735793376,-1439.98514632279,0.0,-0.001459560118777996,0.1,9837.084735793378,973871.3888435442,1.7009064655971424,0.1
2020-06-18,982651.8046307358,-1056.668948601846,0.0,-0.0010730161974349805,0.1,9826.51804630736,972825.2865844284,1.5834062937312268,0.1
2020-06-19,982081.5159999004,-457.28367330282435,113.00495753253462,-0.0005800868261925681,0.0,0.0,982081.5159999004,1.3912314896830131,0.0
2020-06-22,981968.5766255604,0.0,112.93937433998855,-0.000115,0.1,9819.685766255607,972148.8908593048,1.169597352193016,0.1
2020-06-23,982171.0443733182,202.46774775784755,0.0,0.0002062280882656218,0.1,9821.710443733184,972349.3339295851,1.1572163618336069,0.1
2020-06-24,981211.1035377681,-959.940835550054,0.0,-0.0009764119430597668,0.1,9812.111035377684,971398.9925023904,1.2136535245464652,0.1
2020-06-25,982332.487656097,1121.384118328878,0.0,0.0011441647597254007,0.1,9823.324876560971,972509.1627795361,1.1630564727649566,0.1
2020-06-26,979759.3517100025,-2573.135946094553,0.0,-0.0026125710773013677,0.1,9797.593517100027,969961.7581929025,1.1311721590419694,0.1
2020-06-29,982136.4049894677,2377.053279465196,0.0,0.00243206090726446,0.1,9821.364049894679,972315.040939573,1.190852110145118,0.1
2020-06-30,983046.7270950192,910.3221055515148,0.0,0.0009277394083084217,0.1,9830.467270950194,973216.259824069,1.2732383330075947,0.1
2020-07-01,983046.7270950192,0.0,0.0,0.0,0.0,0.0,983046.7270950192,0.0,0.0
2020-07-02,983046.7270950192,0.0,0.0,0.0,0.0,0.0,983046.7270950192,0.0,0.0
2020-07-06,983046.7270950192,0.0,0.0,0.0,0.0,0.0,983046.7270950192,0.0,0.0
2020-07-07,983046.7270950192,0.0,0.0,0.0,0.0,0.0,983046.7270950192,0.0,0.0
2020-07-08,983046.7270950192,0.0,0.0,0.0,0.0,0.0,983046.7270950192,0.0,0.0
2020-07-09,983046.7270950192,0.0,0.0,0.0,0.0,0.0,983046.7270950192,0.0,0.0
2020-07-10,983046.7270950192,0.0,0.0,0.0,0.0,0.0,983046.7270950192,0.0,0.0
2020-07-13,983046.7270950192,0.0,0.0,0.0,0.0,0.0,983046.7270950192,0.0,0.0
2020-07-14,983046.7270950192,0.0,0.0,0.0,0.0,0.0,983046.7270950192,0.0,0.0
2020-07-15,983046.7270950192,0.0,0.0,0.0,0.0,0.0,983046.7270950192,0.0,0.0
2020-07-16,983046.7270950192,0.0,0.0,0.0,0.0,0.0,983046.7270950192,0.0,0.0
2020-07-17,983046.7270950192,0.0,0.0,0.0,0.0,0.0,983046.7270950192,0.0,0.0
2020-07-20,983046.7270950192,0.0,0.0,0.0,0.0,0.0,983046.7270950192,0.0,0.0
2020-07-21,983046.7270950192,0.0,0.0,0.0,0.0,0.0,983046.7270950192,0.0,0.0
2020-07-22,983046.7270950192,0.0,0.0,0.0,0.0,0.0,983046.7270950192,0.0,0.0
2020-07-23,983046.7270950192,0.0,0.0,0.0,0.0,0.0,983046.7270950192,0.0,0.0
2020-07-24,983046.7270950192,0.0,0.0,0.0,0.0,0.0,983046.7270950192,0.0,0.0
2020-07-27,983046.7270950192,0.0,0.0,0.0,0.0,0.0,983046.7270950192,0.0,0.0
2020-07-28,983046.7270950192,0.0,0.0,0.0,0.0,0.0,983046.7270950192,0.0,0.0
2020-07-29,983046.7270950192,0.0,0.0,0.0,0.0,0.0,983046.7270950192,0.0,0.0
2020-07-30,983046.7270950192,0.0,0.0,0.0,0.0,0.0,983046.7270950192,0.0,0.0
2020-07-31,983046.7270950192,0.0,0.0,0.0,0.0,0.0,983046.7270950192,0.0,0.0
2020-08-03,983046.7270950192,0.0,0.0,0.0,0.0,0.0,983046.7270950192,0.0,0.0
2020-08-04,983046.7270950192,0.0,0.0,0.0,0.0,0.0,983046.7270950192,0.0,0.0
2020-08-05,983046.7270950192,0.0,0.0,0.0,0.0,0.0,983046.7270950192,0.0,0.0
2020-08-06,983046.7270950192,0.0,0.0,0.0,0.0,0.0,983046.7270950192,0.0,0.0
2020-08-07,983046.7270950192,0.0,0.0,0.0,0.0,0.0,983046.7270950192,0.0,0.0
2020-08-10,983046.7270950192,0.0,0.0,0.0,0.0,0.0,983046.7270950192,0.0,0.0
2020-08-11,983046.7270950192,0.0,0.0,0.0,0.0,0.0,983046.7270950192,0.0,0.0
2020-08-12,983046.7270950192,0.0,0.0,0.0,0.0,0.0,983046.7270950192,0.0,0.0
2020-08-13,983046.7270950192,0.0,0.0,0.0,0.0,0.0,983046.7270950192,0.0,0.0
2020-08-14,983046.7270950192,0.0,0.0,0.0,0.0,0.0,983046.7270950192,0.0,0.0
2020-08-17,983046.7270950192,0.0,0.0,0.0,0.0,0.0,983046.7270950192,0.0,0.0
2020-08-18,983046.7270950192,0.0,0.0,0.0,0.0,0.0,983046.7270950192,0.0,0.0
2020-08-19,983046.7270950192,0.0,0.0,0.0,0.0,0.0,983046.7270950192,0.0,0.0
2020-08-20,983046.7270950192,0.0,0.0,0.0,0.0,0.0,983046.7270950192,0.0,0.0
2020-08-21,983046.7270950192,0.0,0.0,0.0,0.0,0.0,983046.7270950192,0.0,0.0
2020-08-24,983046.7270950192,0.0,0.0,0.0,0.0,0.0,983046.7270950192,0.0,0.0
2020-08-25,983046.7270950192,0.0,0.0,0.0,0.0,0.0,983046.7270950192,0.0,0.0
2020-08-26,983046.7270950192,0.0,0.0,0.0,0.0,0.0,983046.7270950192,0.0,0.0
2020-08-27,983046.7270950192,0.0,0.0,0.0,0.0,0.0,983046.7270950192,0.0,0.0
2020-08-28,983046.7270950192,0.0,0.0,0.0,0.0,0.0,983046.7270950192,0.0,0.0
2020-08-31,983046.7270950192,0.0,0.0,0.0,0.0,0.0,983046.7270950192,0.0,0.0
2020-09-01,983046.7270950192,0.0,0.0,0.0,0.0,0.0,983046.7270950192,0.0,0.0
2020-09-02,983046.7270950192,0.0,0.0,0.0,0.0,0.0,983046.7270950192,0.0,0.0
2020-09-03,983046.7270950192,0.0,0.0,0.0,0.0,0.0,983046.7270950192,0.0,0.0
2020-09-04,983046.7270950192,0.0,0.0,0.0,0.0,0.0,983046.7270950192,0.0,0.0
2020-09-08,983046.7270950192,0.0,0.0,0.0,0.0,0.0,983046.7270950192,0.0,0.0
2020-09-09,983046.7270950192,0.0,0.0,0.0,0.0,0.0,983046.7270950192,0.0,0.0
2020-09-10,983046.7270950192,0.0,0.0,0.0,0.0,0.0,983046.7270950192,0.0,0.0
2020-09-11,983046.7270950192,0.0,0.0,0.0,0.0,0.0,983046.7270950192,0.0,0.0
2020-09-14,983046.7270950192,0.0,0.0,0.0,0.0,0.0,983046.7270950192,0.0,0.0
2020-09-15,983046.7270950192,0.0,0.0,0.0,0.0,0.0,983046.7270950192,0.0,0.0
2020-09-16,983046.7270950192,0.0,0.0,0.0,0.0,0.0,983046.7270950192,0.0,0.0
2020-09-17,983046.7270950192,0.0,0.0,0.0,0.0,0.0,983046.7270950192,0.0,0.0
2020-09-18,983046.7270950192,0.0,0.0,0.0,0.0,0.0,983046.7270950192,0.0,0.0
2020-09-21,983046.7270950192,0.0,0.0,0.0,0.0,0.0,983046.7270950192,0.0,0.0
2020-09-22,983046.7270950192,0.0,0.0,0.0,0.0,0.0,983046.7270950192,0.0,0.0
2020-09-23,983046.7270950192,0.0,0.0,0.0,0.0,0.0,983046.7270950192,0.0,0.0
2020-09-24,983046.7270950192,0.0,0.0,0.0,0.0,0.0,983046.7270950192,0.0,0.0
2020-09-25,983046.7270950192,0.0,0.0,0.0,0.0,0.0,983046.7270950192,0.0,0.0
2020-09-28,983046.7270950192,0.0,0.0,0.0,0.0,0.0,983046.7270950192,0.0,0.0
2020-09-29,983046.7270950192,0.0,0.0,0.0,0.0,0.0,983046.7270950192,0.0,0.0
2020-09-30,983046.7270950192,0.0,0.0,0.0,0.0,0.0,983046.7270950192,0.0,0.0
2020-10-01,983046.7270950192,0.0,0.0,0.0,0.0,0.0,983046.7270950192,0.0,0.0
2020-10-02,983046.7270950192,0.0,0.0,0.0,0.0,0.0,983046.7270950192,0.0,0.0
2020-10-05,983046.7270950192,0.0,0.0,0.0,0.0,0.0,983046.7270950192,0.0,0.0
2020-10-06,983046.7270950192,0.0,0.0,0.0,0.0,0.0,983046.7270950192,0.0,0.0
2020-10-07,983046.7270950192,0.0,0.0,0.0,0.0,0.0,983046.7270950192,0.0,0.0
2020-10-08,983046.7270950192,0.0,0.0,0.0,0.0,0.0,983046.7270950192,0.0,0.0
2020-10-09,983046.7270950192,0.0,0.0,0.0,0.0,0.0,983046.7270950192,0.0,0.0
2020-10-12,983046.7270950192,0.0,0.0,0.0,0.0,0.0,983046.7270950192,0.0,0.0
2020-10-13,983046.7270950192,0.0,0.0,0.0,0.0,0.0,983046.7270950192,0.0,0.0
2020-10-14,983046.7270950192,0.0,0.0,0.0,0.0,0.0,983046.7270950192,0.0,0.0
2020-10-15,983046.7270950192,0.0,0.0,0.0,0.0,0.0,983046.7270950192,0.0,0.0
2020-10-16,983046.7270950192,0.0,0.0,0.0,0.0,0.0,983046.7270950192,0.0,0.0
2020-10-19,983046.7270950192,0.0,0.0,0.0,0.0,0.0,983046.7270950192,0.0,0.0
2020-10-20,983046.7270950192,0.0,0.0,0.0,0.0,0.0,983046.7270950192,0.0,0.0
2020-10-21,983046.7270950192,0.0,0.0,0.0,0.0,0.0,983046.7270950192,0.0,0.0
2020-10-22,983046.7270950192,0.0,0.0,0.0,0.0,0.0,983046.7270950192,0.0,0.0
2020-10-23,983046.7270950192,0.0,0.0,0.0,0.0,0.0,983046.7270950192,0.0,0.0
2020-10-26,983046.7270950192,0.0,0.0,0.0,0.0,0.0,983046.7270950192,0.0,0.0
2020-10-27,983046.7270950192,0.0,0.0,0.0,0.0,0.0,983046.7270950192,0.0,0.0
2020-10-28,983046.7270950192,0.0,0.0,0.0,0.0,0.0,983046.7270950192,0.0,0.0
2020-10-29,983046.7270950192,0.0,0.0,0.0,0.0,0.0,983046.7270950192,0.0,0.0
2020-10-30,983046.7270950192,0.0,0.0,0.0,0.0,0.0,983046.7270950192,0.0,0.0
2020-11-02,983046.7270950192,0.0,0.0,0.0,0.0,0.0,983046.7270950192,0.0,0.0
2020-11-03,983046.7270950192,0.0,0.0,0.0,0.0,0.0,983046.7270950192,0.0,0.0
2020-11-04,983046.7270950192,0.0,0.0,0.0,0.0,0.0,983046.7270950192,0.0,0.0
2020-11-05,983046.7270950192,0.0,0.0,0.0,0.0,0.0,983046.7270950192,0.0,0.0
2020-11-06,983046.7270950192,0.0,0.0,0.0,0.0,0.0,983046.7270950192,0.0,0.0
2020-11-09,983046.7270950192,0.0,0.0,0.0,0.0,0.0,983046.7270950192,0.0,0.0
2020-11-10,983046.7270950192,0.0,0.0,0.0,0.0,0.0,983046.7270950192,0.0,0.0
2020-11-11,983046.7270950192,0.0,0.0,0.0,0.0,0.0,983046.7270950192,0.0,0.0
2020-11-12,983046.7270950192,0.0,0.0,0.0,0.0,0.0,983046.7270950192,0.0,0.0
2020-11-13,983046.7270950192,0.0,0.0,0.0,0.0,0.0,983046.7270950192,0.0,0.0
2020-11-16,983046.7270950192,0.0,0.0,0.0,0.0,0.0,983046.7270950192,0.0,0.0
2020-11-17,983046.7270950192,0.0,0.0,0.0,0.0,0.0,983046.7270950192,0.0,0.0
2020-11-18,983046.7270950192,0.0,0.0,0.0,0.0,0.0,983046.7270950192,0.0,0.0
2020-11-19,983046.7270950192,0.0,0.0,0.0,0.0,0.0,983046.7270950192,0.0,0.0
2020-11-20,983046.7270950192,0.0,0.0,0.0,0.0,0.0,983046.7270950192,0.0,0.0
2020-11-23,983046.7270950192,0.0,0.0,0.0,0.0,0.0,983046.7270950192,0.0,0.0
2020-11-24,983046.7270950192,0.0,0.0,0.0,0.0,0.0,983046.7270950192,0.0,0.0
2020-11-25,983046.7270950192,0.0,0.0,0.0,0.0,0.0,983046.7270950192,0.0,0.0
2020-11-27,983046.7270950192,0.0,0.0,0.0,0.0,0.0,983046.7270950192,0.0,0.0
2020-11-30,983046.7270950192,0.0,0.0,0.0,0.0,0.0,983046.7270950192,0.0,0.0
2020-12-01,983046.7270950192,0.0,0.0,0.0,0.0,0.0,983046.7270950192,0.0,0.0
2020-12-02,983046.7270950192,0.0,0.0,0.0,0.0,0.0,983046.7270950192,0.0,0.0
2020-12-03,983046.7270950192,0.0,0.0,0.0,0.0,0.0,983046.7270950192,0.0,0.0
2020-12-04,983046.7270950192,0.0,0.0,0.0,0.0,0.0,983046.7270950192,0.0,0.0
2020-12-07,983046.7270950192,0.0,0.0,0.0,0.0,0.0,983046.7270950192,0.0,0.0
2020-12-08,983046.7270950192,0.0,0.0,0.0,0.0,0.0,983046.7270950192,0.0,0.0
2020-12-09,983046.7270950192,0.0,0.0,0.0,0.0,0.0,983046.7270950192,0.0,0.0
2020-12-10,983046.7270950192,0.0,0.0,0.0,0.0,0.0,983046.7270950192,0.0,0.0
2020-12-11,983046.7270950192,0.0,0.0,0.0,0.0,0.0,983046.7270950192,0.0,0.0
2020-12-14,983046.7270950192,0.0,0.0,0.0,0.0,0.0,983046.7270950192,0.0,0.0
2020-12-15,983046.7270950192,0.0,0.0,0.0,0.0,0.0,983046.7270950192,0.0,0.0
2020-12-16,983046.7270950192,0.0,0.0,0.0,0.0,0.0,983046.7270950192,0.0,0.0
2020-12-17,983046.7270950192,0.0,0.0,0.0,0.0,0.0,983046.7270950192,0.0,0.0
2020-12-18,983046.7270950192,0.0,0.0,0.0,0.0,0.0,983046.7270950192,0.0,0.0
2020-12-21,983046.7270950192,0.0,0.0,0.0,0.0,0.0,983046.7270950192,0.0,0.0
2020-12-22,983046.7270950192,0.0,0.0,0.0,0.0,0.0,983046.7270950192,0.0,0.0
2020-12-23,983046.7270950192,0.0,0.0,0.0,0.0,0.0,983046.7270950192,0.0,0.0
2020-12-24,983046.7270950192,0.0,0.0,0.0,0.0,0.0,983046.7270950192,0.0,0.0
2020-12-28,983046.7270950192,0.0,0.0,0.0,0.0,0.0,983046.7270950192,0.0,0.0
2020-12-29,983046.7270950192,0.0,0.0,0.0,0.0,0.0,983046.7270950192,0.0,0.0
2020-12-30,983046.7270950192,0.0,0.0,0.0,0.0,0.0,983046.7270950192,0.0,0.0
2020-12-31,983046.7270950192,0.0,0.0,0.0,0.0,0.0,983046.7270950192,0.0,0.0
2021-01-04,983046.7270950192,0.0,0.0,0.0,0.0,0.0,983046.7270950192,0.0,0.0
2021-01-05,983046.7270950192,0.0,0.0,0.0,0.0,0.0,983046.7270950192,0.0,0.0
2021-01-06,983046.7270950192,0.0,0.0,0.0,0.0,0.0,983046.7270950192,0.0,0.0
2021-01-07,983046.7270950192,0.0,0.0,0.0,0.0,0.0,983046.7270950192,0.0,0.0
2021-01-08,983046.7270950192,0.0,0.0,0.0,0.0,0.0,983046.7270950192,0.0,0.0
2021-01-11,983046.7270950192,0.0,0.0,0.0,0.0,0.0,983046.7270950192,0.0,0.0
2021-01-12,983046.7270950192,0.0,0.0,0.0,0.0,0.0,983046.7270950192,0.0,0.0
2021-01-13,983046.7270950192,0.0,0.0,0.0,0.0,0.0,983046.7270950192,0.0,0.0
2021-01-14,983046.7270950192,0.0,0.0,0.0,0.0,0.0,983046.7270950192,0.0,0.0
2021-01-15,983046.7270950192,0.0,0.0,0.0,0.0,0.0,983046.7270950192,0.0,0.0
2021-01-19,983046.7270950192,0.0,0.0,0.0,0.0,0.0,983046.7270950192,0.0,0.0
2021-01-20,983046.7270950192,0.0,0.0,0.0,0.0,0.0,983046.7270950192,0.0,0.0
2021-01-21,983046.7270950192,0.0,0.0,0.0,0.0,0.0,983046.7270950192,0.0,0.0
2021-01-22,983046.7270950192,0.0,0.0,0.0,0.0,0.0,983046.7270950192,0.0,0.0
2021-01-25,983046.7270950192,0.0,0.0,0.0,0.0,0.0,983046.7270950192,0.0,0.0
2021-01-26,983046.7270950192,0.0,0.0,0.0,0.0,0.0,983046.7270950192,0.0,0.0
2021-01-27,983046.7270950192,0.0,0.0,0.0,0.0,0.0,983046.7270950192,0.0,0.0
2021-01-28,983046.7270950192,0.0,0.0,0.0,0.0,0.0,983046.7270950192,0.0,0.0
2021-01-29,983046.7270950192,0.0,0.0,0.0,0.0,0.0,983046.7270950192,0.0,0.0
2021-02-01,983046.7270950192,0.0,0.0,0.0,0.0,0.0,983046.7270950192,0.0,0.0
2021-02-02,983046.7270950192,0.0,0.0,0.0,0.0,0.0,983046.7270950192,0.0,0.0
2021-02-03,983046.7270950192,0.0,0.0,0.0,0.0,0.0,983046.7270950192,0.0,0.0
2021-02-04,983046.7270950192,0.0,0.0,0.0,0.0,0.0,983046.7270950192,0.0,0.0
2021-02-05,983046.7270950192,0.0,0.0,0.0,0.0,0.0,983046.7270950192,0.0,0.0
2021-02-08,983046.7270950192,0.0,0.0,0.0,0.0,0.0,983046.7270950192,0.0,0.0
2021-02-09,983046.7270950192,0.0,0.0,0.0,0.0,0.0,983046.7270950192,0.0,0.0
2021-02-10,983046.7270950192,0.0,0.0,0.0,0.0,0.0,983046.7270950192,0.0,0.0
2021-02-11,983046.7270950192,0.0,0.0,0.0,0.0,0.0,983046.7270950192,0.0,0.0
2021-02-12,983046.7270950192,0.0,0.0,0.0,0.0,0.0,983046.7270950192,0.0,0.0
2021-02-16,983046.7270950192,0.0,0.0,0.0,0.0,0.0,983046.7270950192,0.0,0.0
2021-02-17,983046.7270950192,0.0,0.0,0.0,0.0,0.0,983046.7270950192,0.0,0.0
2021-02-18,983046.7270950192,0.0,0.0,0.0,0.0,0.0,983046.7270950192,0.0,0.0
2021-02-19,983046.7270950192,0.0,0.0,0.0,0.0,0.0,983046.7270950192,0.0,0.0
2021-02-22,983046.7270950192,0.0,0.0,0.0,0.0,0.0,983046.7270950192,0.0,0.0
2021-02-23,983046.7270950192,0.0,0.0,0.0,0.0,0.0,983046.7270950192,0.0,0.0
2021-02-24,983046.7270950192,0.0,0.0,0.0,0.0,0.0,983046.7270950192,0.0,0.0
2021-02-25,983046.7270950192,0.0,0.0,0.0,0.0,0.0,983046.7270950192,0.0,0.0
2021-02-26,983046.7270950192,0.0,0.0,0.0,0.0,0.0,983046.7270950192,0.0,0.0
2021-03-01,983046.7270950192,0.0,0.0,0.0,0.0,0.0,983046.7270950192,0.0,0.0
2021-03-02,983046.7270950192,0.0,0.0,0.0,0.0,0.0,983046.7270950192,0.0,0.0
2021-03-03,983046.7270950192,0.0,0.0,0.0,0.0,0.0,983046.7270950192,0.0,0.0
2021-03-04,983046.7270950192,0.0,0.0,0.0,0.0,0.0,983046.7270950192,0.0,0.0
2021-03-05,983046.7270950192,0.0,0.0,0.0,0.0,0.0,983046.7270950192,0.0,0.0
2021-03-08,983046.7270950192,0.0,0.0,0.0,0.0,0.0,983046.7270950192,0.0,0.0
2021-03-09,983046.7270950192,0.0,0.0,0.0,0.0,0.0,983046.7270950192,0.0,0.0
2021-03-10,983046.7270950192,0.0,0.0,0.0,0.0,0.0,983046.7270950192,0.0,0.0
2021-03-11,983046.7270950192,0.0,0.0,0.0,0.0,0.0,983046.7270950192,0.0,0.0
2021-03-12,983046.7270950192,0.0,0.0,0.0,0.0,0.0,983046.7270950192,0.0,0.0
2021-03-15,983046.7270950192,0.0,0.0,0.0,0.0,0.0,983046.7270950192,0.0,0.0
2021-03-16,983046.7270950192,0.0,0.0,0.0,0.0,0.0,983046.7270950192,0.0,0.0
2021-03-17,983046.7270950192,0.0,0.0,0.0,0.0,0.0,983046.7270950192,0.0,0.0
2021-03-18,983046.7270950192,0.0,0.0,0.0,0.0,0.0,983046.7270950192,0.0,0.0
2021-03-19,983046.7270950192,0.0,0.0,0.0,0.0,0.0,983046.7270950192,0.0,0.0
2021-03-22,983046.7270950192,0.0,0.0,0.0,0.0,0.0,983046.7270950192,0.0,0.0
2021-03-23,983046.7270950192,0.0,0.0,0.0,0.0,0.0,983046.7270950192,0.0,0.0
2021-03-24,983046.7270950192,0.0,0.0,0.0,0.0,0.0,983046.7270950192,0.0,0.0
2021-03-25,983046.7270950192,0.0,0.0,0.0,0.0,0.0,983046.7270950192,0.0,0.0
2021-03-26,983046.7270950192,0.0,0.0,0.0,0.0,0.0,983046.7270950192,0.0,0.0
2021-03-29,983046.7270950192,0.0,0.0,0.0,0.0,0.0,983046.7270950192,0.0,0.0
2021-03-30,983046.7270950192,0.0,0.0,0.0,0.0,0.0,983046.7270950192,0.0,0.0
2021-03-31,983046.7270950192,0.0,0.0,0.0,0.0,0.0,983046.7270950192,0.0,0.0
2021-04-01,983046.7270950192,0.0,0.0,0.0,0.0,0.0,983046.7270950192,-0.3005581449333966,0.0
2021-04-05,983046.7270950192,0.0,0.0,0.0,0.0,0.0,983046.7270950192,0.01617994464618618,0.0
2021-04-06,983046.7270950192,0.0,0.0,0.0,0.0,0.0,983046.7270950192,-0.04458727453501459,0.0
2021-04-07,983046.7270950192,0.0,0.0,0.0,0.0,0.0,983046.7270950192,-0.13488247502336992,0.0
2021-04-08,983046.7270950192,0.0,0.0,0.0,0.0,0.0,983046.7270950192,-0.11424690981978229,0.0
2021-04-09,983046.7270950192,0.0,0.0,0.0,0.0,0.0,983046.7270950192,-0.2204625039205982,0.0
2021-04-12,983046.7270950192,0.0,0.0,0.0,0.0,0.0,983046.7270950192,-0.17461615034886405,0.0
2021-04-13,983046.7270950192,0.0,0.0,0.0,0.0,0.0,983046.7270950192,-0.20469817055765782,0.0
2021-04-14,983046.7270950192,0.0,0.0,0.0,0.0,0.0,983046.7270950192,-0.28577662049120583,0.0
2021-04-15,983046.7270950192,0.0,0.0,0.0,0.0,0.0,983046.7270950192,-0.27912760347421856,0.0
2021-04-16,983046.7270950192,0.0,0.0,0.0,0.0,0.0,983046.7270950192,-0.3545758403437028,0.0
2021-04-19,983046.7270950192,0.0,0.0,0.0,0.0,0.0,983046.7270950192,-0.5458688556928792,0.0
2021-04-20,982933.6767214033,0.0,113.05037361592721,-0.000115,0.1,9829.336767214034,973104.3399541893,-0.7096856651351,-0.1
2021-04-21,980922.3687053762,-2011.3080160271231,0.0,-0.0020420511269096963,0.1,9809.223687053764,971113.1450183224,-0.7501488456277127,-0.1
2021-04-22,975418.6784677914,-5390.88416518365,112.80607240111827,-0.005580063150897409,0.0,0.0,975418.6784677914,-0.7828709771664564,0.0
2021-04-23,975306.5053197676,0.0,112.17314802379602,-0.000115,0.1,9753.065053197679,965553.44026657,-0.7149472670801942,-0.1
2021-04-26,971289.9315386197,-4016.5737811479353,0.0,-0.004101377642233674,0.1,9712.8993153862,961577.0322232335,0.0,-0.1
2021-04-27,971933.4620141191,755.2288176263777,111.69834212694127,0.0006630679703623506,0.0,0.0,971933.4620141191,0.0,0.0
2021-04-28,971933.4620141191,0.0,0.0,0.0,0.0,0.0,971933.4620141191,-0.14010471730566307,0.0
2021-04-29,971933.4620141191,0.0,0.0,0.0,0.0,0.0,971933.4620141191,0.014255270633887642,0.0
2021-04-30,971933.4620141191,0.0,0.0,0.0,0.0,0.0,971933.4620141191,0.04564488189744448,0.0
2021-05-03,971933.4620141191,0.0,0.0,0.0,0.0,0.0,971933.4620141191,0.0,0.0
2021-05-04,971933.4620141191,0.0,0.0,0.0,0.0,0.0,971933.4620141191,-0.029253548356823908,0.0
2021-05-05,971933.4620141191,0.0,0.0,0.0,0.0,0.0,971933.4620141191,0.0,0.0
2021-05-06,971933.4620141191,0.0,0.0,0.0,0.0,0.0,971933.4620141191,0.0,0.0
2021-05-07,971933.4620141191,0.0,0.0,0.0,0.0,0.0,971933.4620141191,0.0,0.0
2021-05-10,971933.4620141191,0.0,0.0,0.0,0.0,0.0,971933.4620141191,0.0,0.0
2021-05-11,971933.4620141191,0.0,0.0,0.0,0.0,0.0,971933.4620141191,0.0,0.0
2021-05-12,971933.4620141191,0.0,0.0,0.0,0.0,0.0,971933.4620141191,0.0,0.0
2021-05-13,971933.4620141191,0.0,0.0,0.0,0.0,0.0,971933.4620141191,0.0,0.0
2021-05-14,971933.4620141191,0.0,0.0,0.0,0.0,0.0,971933.4620141191,0.0,0.0
2021-05-17,971933.4620141191,0.0,0.0,0.0,0.0,0.0,971933.4620141191,0.0,0.0
2021-05-18,971933.4620141191,0.0,0.0,0.0,0.0,0.0,971933.4620141191,0.0,0.0
2021-05-19,971933.4620141191,0.0,0.0,0.0,0.0,0.0,971933.4620141191,0.0,0.0
2021-05-20,971933.4620141191,0.0,0.0,0.0,0.0,0.0,971933.4620141191,0.0,0.0
2021-05-21,971933.4620141191,0.0,0.0,0.0,0.0,0.0,971933.4620141191,0.0,0.0
2021-05-24,971933.4620141191,0.0,0.0,0.0,0.0,0.0,971933.4620141191,0.0,0.0
2021-05-25,971933.4620141191,0.0,0.0,0.0,0.0,0.0,971933.4620141191,0.0,0.0
2021-05-26,971933.4620141191,0.0,0.0,0.0,0.0,0.0,971933.4620141191,0.0,0.0
2021-05-27,971933.4620141191,0.0,0.0,0.0,0.0,0.0,971933.4620141191,0.0,0.0
2021-05-28,971933.4620141191,0.0,0.0,0.0,0.0,0.0,971933.4620141191,0.0,0.0
2021-06-01,971933.4620141191,0.0,0.0,0.0,0.0,0.0,971933.4620141191,0.0,0.0
2021-06-02,971933.4620141191,0.0,0.0,0.0,0.0,0.0,971933.4620141191,0.0,0.0
2021-06-03,971933.4620141191,0.0,0.0,0.0,0.0,0.0,971933.4620141191,0.0,0.0
2021-06-04,971933.4620141191,0.0,0.0,0.0,0.0,0.0,971933.4620141191,0.0,0.0
2021-06-07,971933.4620141191,0.0,0.0,0.0,0.0,0.0,971933.4620141191,0.0,0.0
2021-06-08,971933.4620141191,0.0,0.0,0.0,0.0,0.0,971933.4620141191,0.0,0.0
2021-06-09,971933.4620141191,0.0,0.0,0.0,0.0,0.0,971933.4620141191,0.0,0.0
2021-06-10,971933.4620141191,0.0,0.0,0.0,0.0,0.0,971933.4620141191,0.0,0.0
2021-06-11,971933.4620141191,0.0,0.0,0.0,0.0,0.0,971933.4620141191,0.0,0.0
2021-06-14,971933.4620141191,0.0,0.0,0.0,0.0,0.0,971933.4620141191,0.0,0.0
2021-06-15,971933.4620141191,0.0,0.0,0.0,0.0,0.0,971933.4620141191,1.6555474737770897,0.0
2021-06-16,971821.6896659875,0.0,111.7723481316237,-0.000115,0.1,9718.216896659877,962103.4727693276,1.9438207575750583,0.1
2021-06-17,968339.1147690328,-3482.5748969546894,0.0,-0.0035707573764330014,0.1,9683.39114769033,958655.7236213424,0.0,0.1
2021-06-18,971826.8252506098,3599.069479775357,111.35899819843878,0.0036151816218338902,0.0,0.0,971826.8252506098,0.0,0.0
2021-06-21,971826.8252506098,0.0,0.0,0.0,0.0,0.0,971826.8252506098,0.0,0.0
2021-06-22,971826.8252506098,0.0,0.0,0.0,0.0,0.0,971826.8252506098,0.0,0.0
2021-06-23,971826.8252506098,0.0,0.0,0.0,0.0,0.0,971826.8252506098,0.0,0.0
2021-06-24,971826.8252506098,0.0,0.0,0.0,0.0,0.0,971826.8252506098,0.0,0.0
2021-06-25,971826.8252506098,0.0,0.0,0.0,0.0,0.0,971826.8252506098,0.0,0.0
2021-06-28,971826.8252506098,0.0,0.0,0.0,0.0,0.0,971826.8252506098,0.0,0.0
2021-06-29,971826.8252506098,0.0,0.0,0.0,0.0,0.0,971826.8252506098,-0.3464255341514849,0.0
2021-06-30,971826.8252506098,0.0,0.0,0.0,0.0,0.0,971826.8252506098,0.0,0.0
2021-07-01,971826.8252506098,0.0,0.0,0.0,0.0,0.0,971826.8252506098,0.0,0.0
2021-07-02,971826.8252506098,0.0,0.0,0.0,0.0,0.0,971826.8252506098,0.0,0.0
2021-07-06,971826.8252506098,0.0,0.0,0.0,0.0,0.0,971826.8252506098,0.0,0.0
2021-07-07,971826.8252506098,0.0,0.0,0.0,0.0,0.0,971826.8252506098,0.0,0.0
2021-07-08,971826.8252506098,0.0,0.0,0.0,0.0,0.0,971826.8252506098,0.0,0.0
2021-07-09,971826.8252506098,0.0,0.0,0.0,0.0,0.0,971826.8252506098,0.0,0.0
2021-07-12,971826.8252506098,0.0,0.0,0.0,0.0,0.0,971826.8252506098,0.0,0.0
2021-07-13,971826.8252506098,0.0,0.0,0.0,0.0,0.0,971826.8252506098,0.0,0.0
2021-07-14,971826.8252506098,0.0,0.0,0.0,0.0,0.0,971826.8252506098,0.0,0.0
2021-07-15,971826.8252506098,0.0,0.0,0.0,0.0,0.0,971826.8252506098,0.0,0.0
2021-07-16,971826.8252506098,0.0,0.0,0.0,0.0,0.0,971826.8252506098,0.0,0.0
2021-07-19,971826.8252506098,0.0,0.0,0.0,0.0,0.0,971826.8252506098,0.0,0.0
2021-07-20,971826.8252506098,0.0,0.0,0.0,0.0,0.0,971826.8252506098,0.0,0.0
2021-07-21,971826.8252506098,0.0,0.0,0.0,0.0,0.0,971826.8252506098,0.0,0.0
2021-07-22,971826.8252506098,0.0,0.0,0.0,0.0,0.0,971826.8252506098,0.0,0.0
2021-07-23,971826.8252506098,0.0,0.0,0.0,0.0,0.0,971826.8252506098,0.0,0.0
2021-07-26,971826.8252506098,0.0,0.0,0.0,0.0,0.0,971826.8252506098,0.0,0.0
2021-07-27,971826.8252506098,0.0,0.0,0.0,0.0,0.0,971826.8252506098,0.0,0.0
2021-07-28,971826.8252506098,0.0,0.0,0.0,0.0,0.0,971826.8252506098,0.0,0.0
2021-07-29,971826.8252506098,0.0,0.0,0.0,0.0,0.0,971826.8252506098,0.0,0.0
2021-07-30,971826.8252506098,0.0,0.0,0.0,0.0,0.0,971826.8252506098,0.0,0.0
2021-08-02,971826.8252506098,0.0,0.0,0.0,0.0,0.0,971826.8252506098,0.0,0.0
2021-08-03,971826.8252506098,0.0,0.0,0.0,0.0,0.0,971826.8252506098,0.0,0.0
2021-08-04,971826.8252506098,0.0,0.0,0.0,0.0,0.0,971826.8252506098,0.0,0.0
2021-08-05,971826.8252506098,0.0,0.0,0.0,0.0,0.0,971826.8252506098,0.0,0.0
2021-08-06,971826.8252506098,0.0,0.0,0.0,0.0,0.0,971826.8252506098,0.0,0.0
2021-08-09,971826.8252506098,0.0,0.0,0.0,0.0,0.0,971826.8252506098,0.0,0.0
2021-08-10,971826.8252506098,0.0,0.0,0.0,0.0,0.0,971826.8252506098,0.0,0.0
2021-08-11,971826.8252506098,0.0,0.0,0.0,0.0,0.0,971826.8252506098,0.0,0.0
2021-08-12,971826.8252506098,0.0,0.0,0.0,0.0,0.0,971826.8252506098,0.0,0.0
2021-08-13,971826.8252506098,0.0,0.0,0.0,0.0,0.0,971826.8252506098,0.0,0.0
2021-08-16,971826.8252506098,0.0,0.0,0.0,0.0,0.0,971826.8252506098,0.0,0.0
2021-08-17,971826.8252506098,0.0,0.0,0.0,0.0,0.0,971826.8252506098,0.0,0.0
2021-08-18,971826.8252506098,0.0,0.0,0.0,0.0,0.0,971826.8252506098,0.0,0.0
2021-08-19,971826.8252506098,0.0,0.0,0.0,0.0,0.0,971826.8252506098,0.0,0.0
2021-08-20,971826.8252506098,0.0,0.0,0.0,0.0,0.0,971826.8252506098,0.0,0.0
2021-08-23,971826.8252506098,0.0,0.0,0.0,0.0,0.0,971826.8252506098,0.0,0.0
2021-08-24,971826.8252506098,0.0,0.0,0.0,0.0,0.0,971826.8252506098,0.0,0.0
2021-08-25,971826.8252506098,0.0,0.0,0.0,0.0,0.0,971826.8252506098,0.0,0.0
2021-08-26,971826.8252506098,0.0,0.0,0.0,0.0,0.0,971826.8252506098,0.0,0.0
2021-08-27,971826.8252506098,0.0,0.0,0.0,0.0,0.0,971826.8252506098,0.0,0.0
2021-08-30,971826.8252506098,0.0,0.0,0.0,0.0,0.0,971826.8252506098,0.0,0.0
2021-08-31,971826.8252506098,0.0,0.0,0.0,0.0,0.0,971826.8252506098,0.0,0.0
2021-09-01,971826.8252506098,0.0,0.0,0.0,0.0,0.0,971826.8252506098,0.0,0.0
2021-09-02,971826.8252506098,0.0,0.0,0.0,0.0,0.0,971826.8252506098,0.0,0.0
2021-09-03,971826.8252506098,0.0,0.0,0.0,0.0,0.0,971826.8252506098,0.0,0.0
2021-09-07,971826.8252506098,0.0,0.0,0.0,0.0,0.0,971826.8252506098,0.0,0.0
2021-09-08,971826.8252506098,0.0,0.0,0.0,0.0,0.0,971826.8252506098,0.0,0.0
2021-09-09,971826.8252506098,0.0,0.0,0.0,0.0,0.0,971826.8252506098,0.0,0.0
2021-09-10,971826.8252506098,0.0,0.0,0.0,0.0,0.0,971826.8252506098,0.0,0.0
2021-09-13,971826.8252506098,0.0,0.0,0.0,0.0,0.0,971826.8252506098,0.0,0.0
2021-09-14,971826.8252506098,0.0,0.0,0.0,0.0,0.0,971826.8252506098,0.0,0.0
2021-09-15,971826.8252506098,0.0,0.0,0.0,0.0,0.0,971826.8252506098,0.0,0.0
2021-09-16,971826.8252506098,0.0,0.0,0.0,0.0,0.0,971826.8252506098,0.0,0.0
2021-09-17,971826.8252506098,0.0,0.0,0.0,0.0,0.0,971826.8252506098,0.0,0.0
2021-09-20,971826.8252506098,0.0,0.0,0.0,0.0,0.0,971826.8252506098,0.0,0.0
2021-09-21,971826.8252506098,0.0,0.0,0.0,0.0,0.0,971826.8252506098,0.0,0.0
2021-09-22,971826.8252506098,0.0,0.0,0.0,0.0,0.0,971826.8252506098,0.0,0.0
2021-09-23,971826.8252506098,0.0,0.0,0.0,0.0,0.0,971826.8252506098,0.0,0.0
2021-09-24,971826.8252506098,0.0,0.0,0.0,0.0,0.0,971826.8252506098,0.0,0.0
2021-09-27,971826.8252506098,0.0,0.0,0.0,0.0,0.0,971826.8252506098,0.0,0.0
2021-09-28,971826.8252506098,0.0,0.0,0.0,0.0,0.0,971826.8252506098,0.0,0.0
2021-09-29,971826.8252506098,0.0,0.0,0.0,0.0,0.0,971826.8252506098,0.0,0.0
2021-09-30,971826.8252506098,0.0,0.0,0.0,0.0,0.0,971826.8252506098,0.0,0.0
2021-10-01,971826.8252506098,0.0,0.0,0.0,0.0,0.0,971826.8252506098,0.0,0.0
2021-10-04,971826.8252506098,0.0,0.0,0.0,0.0,0.0,971826.8252506098,0.0,0.0
2021-10-05,971826.8252506098,0.0,0.0,0.0,0.0,0.0,971826.8252506098,0.0,0.0
2021-10-06,971826.8252506098,0.0,0.0,0.0,0.0,0.0,971826.8252506098,0.0,0.0
2021-10-07,971826.8252506098,0.0,0.0,0.0,0.0,0.0,971826.8252506098,0.0,0.0
2021-10-08,971826.8252506098,0.0,0.0,0.0,0.0,0.0,971826.8252506098,0.0,0.0
2021-10-11,971826.8252506098,0.0,0.0,0.0,0.0,0.0,971826.8252506098,0.0,0.0
2021-10-12,971826.8252506098,0.0,0.0,0.0,0.0,0.0,971826.8252506098,0.0,0.0
2021-10-13,971826.8252506098,0.0,0.0,0.0,0.0,0.0,971826.8252506098,0.0,0.0
2021-10-14,971826.8252506098,0.0,0.0,0.0,0.0,0.0,971826.8252506098,0.0,0.0
2021-10-15,971826.8252506098,0.0,0.0,0.0,0.0,0.0,971826.8252506098,0.0,0.0
2021-10-18,971826.8252506098,0.0,0.0,0.0,0.0,0.0,971826.8252506098,0.0,0.0
2021-10-19,971826.8252506098,0.0,0.0,0.0,0.0,0.0,971826.8252506098,0.0,0.0
2021-10-20,971826.8252506098,0.0,0.0,0.0,0.0,0.0,971826.8252506098,0.0,0.0
2021-10-21,971826.8252506098,0.0,0.0,0.0,0.0,0.0,971826.8252506098,0.0,0.0
2021-10-22,971826.8252506098,0.0,0.0,0.0,0.0,0.0,971826.8252506098,0.0,0.0
2021-10-25,971826.8252506098,0.0,0.0,0.0,0.0,0.0,971826.8252506098,0.0,0.0
2021-10-26,971826.8252506098,0.0,0.0,0.0,0.0,0.0,971826.8252506098,0.0,0.0
2021-10-27,971826.8252506098,0.0,0.0,0.0,0.0,0.0,971826.8252506098,0.0,0.0
2021-10-28,971826.8252506098,0.0,0.0,0.0,0.0,0.0,971826.8252506098,0.0,0.0
2021-10-29,971826.8252506098,0.0,0.0,0.0,0.0,0.0,971826.8252506098,0.0,0.0
2021-11-01,971826.8252506098,0.0,0.0,0.0,0.0,0.0,971826.8252506098,0.0,0.0
2021-11-02,971826.8252506098,0.0,0.0,0.0,0.0,0.0,971826.8252506098,0.0,0.0
2021-11-03,971826.8252506098,0.0,0.0,0.0,0.0,0.0,971826.8252506098,0.0,0.0
2021-11-04,971826.8252506098,0.0,0.0,0.0,0.0,0.0,971826.8252506098,0.0,0.0
2021-11-05,971826.8252506098,0.0,0.0,0.0,0.0,0.0,971826.8252506098,0.0,0.0
2021-11-08,971826.8252506098,0.0,0.0,0.0,0.0,0.0,971826.8252506098,0.0,0.0
2021-11-09,971826.8252506098,0.0,0.0,0.0,0.0,0.0,971826.8252506098,0.0,0.0
2021-11-10,971826.8252506098,0.0,0.0,0.0,0.0,0.0,971826.8252506098,0.0,0.0
2021-11-11,971826.8252506098,0.0,0.0,0.0,0.0,0.0,971826.8252506098,0.0,0.0
2021-11-12,971826.8252506098,0.0,0.0,0.0,0.0,0.0,971826.8252506098,0.0,0.0
2021-11-15,971826.8252506098,0.0,0.0,0.0,0.0,0.0,971826.8252506098,0.0,0.0
2021-11-16,971826.8252506098,0.0,0.0,0.0,0.0,0.0,971826.8252506098,0.0,0.0
2021-11-17,971826.8252506098,0.0,0.0,0.0,0.0,0.0,971826.8252506098,0.0,0.0
2021-11-18,971826.8252506098,0.0,0.0,0.0,0.0,0.0,971826.8252506098,0.0,0.0
2021-11-19,971826.8252506098,0.0,0.0,0.0,0.0,0.0,971826.8252506098,0.0,0.0
2021-11-22,971826.8252506098,0.0,0.0,0.0,0.0,0.0,971826.8252506098,0.0,0.0
2021-11-23,971826.8252506098,0.0,0.0,0.0,0.0,0.0,971826.8252506098,0.0,0.0
2021-11-24,971826.8252506098,0.0,0.0,0.0,0.0,0.0,971826.8252506098,0.0,0.0
2021-11-26,971826.8252506098,0.0,0.0,0.0,0.0,0.0,971826.8252506098,0.0,0.0
2021-11-29,971826.8252506098,0.0,0.0,0.0,0.0,0.0,971826.8252506098,0.0,0.0
2021-11-30,971826.8252506098,0.0,0.0,0.0,0.0,0.0,971826.8252506098,0.0,0.0
2021-12-01,971826.8252506098,0.0,0.0,0.0,0.0,0.0,971826.8252506098,0.0,0.0
2021-12-02,971826.8252506098,0.0,0.0,0.0,0.0,0.0,971826.8252506098,0.0,0.0
2021-12-03,971826.8252506098,0.0,0.0,0.0,0.0,0.0,971826.8252506098,0.0,0.0
2021-12-06,971826.8252506098,0.0,0.0,0.0,0.0,0.0,971826.8252506098,0.0,0.0
2021-12-07,971826.8252506098,0.0,0.0,0.0,0.0,0.0,971826.8252506098,0.0,0.0
2021-12-08,971826.8252506098,0.0,0.0,0.0,0.0,0.0,971826.8252506098,0.0,0.0
2021-12-09,971826.8252506098,0.0,0.0,0.0,0.0,0.0,971826.8252506098,0.0,0.0
2021-12-10,971826.8252506098,0.0,0.0,0.0,0.0,0.0,971826.8252506098,0.0,0.0
2021-12-13,971826.8252506098,0.0,0.0,0.0,0.0,0.0,971826.8252506098,0.0,0.0
2021-12-14,971826.8252506098,0.0,0.0,0.0,0.0,0.0,971826.8252506098,0.0,0.0
2021-12-15,971826.8252506098,0.0,0.0,0.0,0.0,0.0,971826.8252506098,0.0,0.0
2021-12-16,971826.8252506098,0.0,0.0,0.0,0.0,0.0,971826.8252506098,0.0,0.0
2021-12-17,971826.8252506098,0.0,0.0,0.0,0.0,0.0,971826.8252506098,0.0,0.0
2021-12-20,971826.8252506098,0.0,0.0,0.0,0.0,0.0,971826.8252506098,0.0,0.0
2021-12-21,971826.8252506098,0.0,0.0,0.0,0.0,0.0,971826.8252506098,0.0,0.0
2021-12-22,971826.8252506098,0.0,0.0,0.0,0.0,0.0,971826.8252506098,0.0,0.0
2021-12-23,971826.8252506098,0.0,0.0,0.0,0.0,0.0,971826.8252506098,0.0,0.0
2021-12-27,971826.8252506098,0.0,0.0,0.0,0.0,0.0,971826.8252506098,0.0,0.0
2021-12-28,971826.8252506098,0.0,0.0,0.0,0.0,0.0,971826.8252506098,0.0,0.0
2021-12-29,971826.8252506098,0.0,0.0,0.0,0.0,0.0,971826.8252506098,0.0,0.0
2021-12-30,971826.8252506098,0.0,0.0,0.0,0.0,0.0,971826.8252506098,0.0,0.0
2021-12-31,971826.8252506098,0.0,0.0,0.0,0.0,0.0,971826.8252506098,0.0,0.0
2022-01-03,971826.8252506098,0.0,0.0,0.0,0.0,0.0,971826.8252506098,0.0,0.0
2022-01-04,971826.8252506098,0.0,0.0,0.0,0.0,0.0,971826.8252506098,0.0,0.0
2022-01-05,971826.8252506098,0.0,0.0,0.0,0.0,0.0,971826.8252506098,0.0,0.0
2022-01-06,971826.8252506098,0.0,0.0,0.0,0.0,0.0,971826.8252506098,0.0,0.0
2022-01-07,971826.8252506098,0.0,0.0,0.0,0.0,0.0,971826.8252506098,0.0,0.0
2022-01-10,971826.8252506098,0.0,0.0,0.0,0.0,0.0,971826.8252506098,0.0,0.0
2022-01-11,971826.8252506098,0.0,0.0,0.0,0.0,0.0,971826.8252506098,0.0,0.0
2022-01-12,971826.8252506098,0.0,0.0,0.0,0.0,0.0,971826.8252506098,0.0,0.0
2022-01-13,971826.8252506098,0.0,0.0,0.0,0.0,0.0,971826.8252506098,0.0,0.0
2022-01-14,971826.8252506098,0.0,0.0,0.0,0.0,0.0,971826.8252506098,0.0,0.0
2022-01-18,971826.8252506098,0.0,0.0,0.0,0.0,0.0,971826.8252506098,0.0,0.0
2022-01-19,971826.8252506098,0.0,0.0,0.0,0.0,0.0,971826.8252506098,0.0,0.0
2022-01-20,971826.8252506098,0.0,0.0,0.0,0.0,0.0,971826.8252506098,0.0,0.0
2022-01-21,971826.8252506098,0.0,0.0,0.0,0.0,0.0,971826.8252506098,0.0,0.0
2022-01-24,971826.8252506098,0.0,0.0,0.0,0.0,0.0,971826.8252506098,0.0,0.0
2022-01-25,971826.8252506098,0.0,0.0,0.0,0.0,0.0,971826.8252506098,0.0,0.0
2022-01-26,971826.8252506098,0.0,0.0,0.0,0.0,0.0,971826.8252506098,0.0,0.0
2022-01-27,971826.8252506098,0.0,0.0,0.0,0.0,0.0,971826.8252506098,0.0,0.0
2022-01-28,971826.8252506098,0.0,0.0,0.0,0.0,0.0,971826.8252506098,0.0,0.0
2022-01-31,971826.8252506098,0.0,0.0,0.0,0.0,0.0,971826.8252506098,0.0,0.0
2022-02-01,971826.8252506098,0.0,0.0,0.0,0.0,0.0,971826.8252506098,0.0,0.0
2022-02-02,971826.8252506098,0.0,0.0,0.0,0.0,0.0,971826.8252506098,0.0,0.0
2022-02-03,971826.8252506098,0.0,0.0,0.0,0.0,0.0,971826.8252506098,0.0,0.0
2022-02-04,971826.8252506098,0.0,0.0,0.0,0.0,0.0,971826.8252506098,0.0,0.0
2022-02-07,971826.8252506098,0.0,0.0,0.0,0.0,0.0,971826.8252506098,0.0,0.0
2022-02-08,971826.8252506098,0.0,0.0,0.0,0.0,0.0,971826.8252506098,0.0,0.0
2022-02-09,971826.8252506098,0.0,0.0,0.0,0.0,0.0,971826.8252506098,0.0,0.0
2022-02-10,971826.8252506098,0.0,0.0,0.0,0.0,0.0,971826.8252506098,0.0,0.0
2022-02-11,971826.8252506098,0.0,0.0,0.0,0.0,0.0,971826.8252506098,0.0,0.0
2022-02-14,971826.8252506098,0.0,0.0,0.0,0.0,0.0,971826.8252506098,0.0,0.0
2022-02-15,971826.8252506098,0.0,0.0,0.0,0.0,0.0,971826.8252506098,0.0,0.0
2022-02-16,971826.8252506098,0.0,0.0,0.0,0.0,0.0,971826.8252506098,0.0,0.0
2022-02-17,971826.8252506098,0.0,0.0,0.0,0.0,0.0,971826.8252506098,0.0,0.0
2022-02-18,971826.8252506098,0.0,0.0,0.0,0.0,0.0,971826.8252506098,0.0,0.0
2022-02-22,971826.8252506098,0.0,0.0,0.0,0.0,0.0,971826.8252506098,0.0,0.0
2022-02-23,971826.8252506098,0.0,0.0,0.0,0.0,0.0,971826.8252506098,0.0,0.0
2022-02-24,971826.8252506098,0.0,0.0,0.0,0.0,0.0,971826.8252506098,0.0,0.0
2022-02-25,971826.8252506098,0.0,0.0,0.0,0.0,0.0,971826.8252506098,0.0,0.0
2022-02-28,971826.8252506098,0.0,0.0,0.0,0.0,0.0,971826.8252506098,0.0,0.0
2022-03-01,971826.8252506098,0.0,0.0,0.0,0.0,0.0,971826.8252506098,0.0,0.0
2022-03-02,971826.8252506098,0.0,0.0,0.0,0.0,0.0,971826.8252506098,0.0,0.0
2022-03-03,971826.8252506098,0.0,0.0,0.0,0.0,0.0,971826.8252506098,0.0,0.0
2022-03-04,971826.8252506098,0.0,0.0,0.0,0.0,0.0,971826.8252506098,0.0,0.0
2022-03-07,971826.8252506098,0.0,0.0,0.0,0.0,0.0,971826.8252506098,0.0,0.0
2022-03-08,971826.8252506098,0.0,0.0,0.0,0.0,0.0,971826.8252506098,0.0,0.0
2022-03-09,971826.8252506098,0.0,0.0,0.0,0.0,0.0,971826.8252506098,0.0,0.0
2022-03-10,971826.8252506098,0.0,0.0,0.0,0.0,0.0,971826.8252506098,0.0,0.0
2022-03-11,971826.8252506098,0.0,0.0,0.0,0.0,0.0,971826.8252506098,0.0,0.0
2022-03-14,971826.8252506098,0.0,0.0,0.0,0.0,0.0,971826.8252506098,0.0,0.0
2022-03-15,971826.8252506098,0.0,0.0,0.0,0.0,0.0,971826.8252506098,0.0,0.0
2022-03-16,971826.8252506098,0.0,0.0,0.0,0.0,0.0,971826.8252506098,0.0,0.0
2022-03-17,971826.8252506098,0.0,0.0,0.0,0.0,0.0,971826.8252506098,0.0,0.0
2022-03-18,971826.8252506098,0.0,0.0,0.0,0.0,0.0,971826.8252506098,0.0,0.0
2022-03-21,971826.8252506098,0.0,0.0,0.0,0.0,0.0,971826.8252506098,0.0,0.0
2022-03-22,971826.8252506098,0.0,0.0,0.0,0.0,0.0,971826.8252506098,0.0,0.0
2022-03-23,971826.8252506098,0.0,0.0,0.0,0.0,0.0,971826.8252506098,0.0,0.0
2022-03-24,971826.8252506098,0.0,0.0,0.0,0.0,0.0,971826.8252506098,0.0,0.0
2022-03-25,971826.8252506098,0.0,0.0,0.0,0.0,0.0,971826.8252506098,0.0,0.0
2022-03-28,971826.8252506098,0.0,0.0,0.0,0.0,0.0,971826.8252506098,0.0,0.0
2022-03-29,971826.8252506098,0.0,0.0,0.0,0.0,0.0,971826.8252506098,0.0,0.0
2022-03-30,971826.8252506098,0.0,0.0,0.0,0.0,0.0,971826.8252506098,0.0,0.0
2022-03-31,971826.8252506098,0.0,0.0,0.0,0.0,0.0,971826.8252506098,0.0,0.0
2022-04-01,971826.8252506098,0.0,0.0,0.0,0.0,0.0,971826.8252506098,0.0,0.0
2022-04-04,971826.8252506098,0.0,0.0,0.0,0.0,0.0,971826.8252506098,0.0,0.0
2022-04-05,971826.8252506098,0.0,0.0,0.0,0.0,0.0,971826.8252506098,0.0,0.0
2022-04-06,971826.8252506098,0.0,0.0,0.0,0.0,0.0,971826.8252506098,0.0,0.0
2022-04-07,971826.8252506098,0.0,0.0,0.0,0.0,0.0,971826.8252506098,0.0,0.0
2022-04-08,971826.8252506098,0.0,0.0,0.0,0.0,0.0,971826.8252506098,0.0,0.0
2022-04-11,971826.8252506098,0.0,0.0,0.0,0.0,0.0,971826.8252506098,0.0,0.0
2022-04-12,971826.8252506098,0.0,0.0,0.0,0.0,0.0,971826.8252506098,0.0,0.0
2022-04-13,971826.8252506098,0.0,0.0,0.0,0.0,0.0,971826.8252506098,0.0,0.0
2022-04-14,971826.8252506098,0.0,0.0,0.0,0.0,0.0,971826.8252506098,0.0,0.0
2022-04-18,971826.8252506098,0.0,0.0,0.0,0.0,0.0,971826.8252506098,0.0,0.0
2022-04-19,971826.8252506098,0.0,0.0,0.0,0.0,0.0,971826.8252506098,0.0,0.0
2022-04-20,971826.8252506098,0.0,0.0,0.0,0.0,0.0,971826.8252506098,0.0,0.0
2022-04-21,971826.8252506098,0.0,0.0,0.0,0.0,0.0,971826.8252506098,0.0,0.0
2022-04-22,971826.8252506098,0.0,0.0,0.0,0.0,0.0,971826.8252506098,0.0,0.0
2022-04-25,971826.8252506098,0.0,0.0,0.0,0.0,0.0,971826.8252506098,0.0,0.0
2022-04-26,971826.8252506098,0.0,0.0,0.0,0.0,0.0,971826.8252506098,0.0,0.0
2022-04-27,971826.8252506098,0.0,0.0,0.0,0.0,0.0,971826.8252506098,0.0,0.0
2022-04-28,971826.8252506098,0.0,0.0,0.0,0.0,0.0,971826.8252506098,0.0,0.0
2022-04-29,971826.8252506098,0.0,0.0,0.0,0.0,0.0,971826.8252506098,0.0,0.0
2022-05-02,971826.8252506098,0.0,0.0,0.0,0.0,0.0,971826.8252506098,0.0,0.0
2022-05-03,971826.8252506098,0.0,0.0,0.0,0.0,0.0,971826.8252506098,1.0029971012071002,0.0
2022-05-04,971715.065165706,0.0,111.76008490382013,-0.000115,0.1,9717.150651657063,961997.914514049,0.8229145242664188,0.1
2022-05-05,974449.7229475982,2734.6577818922306,0.0,0.002822201317027281,0.1,9744.497229475985,964705.2257181222,0.0,0.1
2022-05-06,974426.5708757136,88.9096462543429,112.06171813897379,-2.376129208869422e-05,0.0,0.0,974426.5708757136,0.0016355983770809954,0.0
2022-05-09,974426.5708757136,0.0,0.0,0.0,0.0,0.0,974426.5708757136,2.1159295166967116,0.0
2022-05-10,974314.5118200629,0.0,112.05905565070707,-0.000115,0.1,9743.145118200631,964571.3667018622,2.6059535160130594,0.1
2022-05-11,976608.0747142619,2293.5628941990863,0.0,0.0023595817525677797,0.1,9766.080747142621,966841.9939671193,2.8953196211817063,0.1
2022-05-12,982399.4596894558,5791.384975193932,0.0,0.005965477351600245,0.1,9823.99459689456,972575.4650925612,0.0,0.1
2022-05-13,981680.0643320301,-606.4194195613925,112.97593786428742,-0.0007318322023442319,0.0,0.0,981680.0643320301,0.0,0.0
2022-05-16,981680.0643320301,0.0,0.0,0.0,0.0,0.0,981680.0643320301,0.0,0.0
2022-05-17,981680.0643320301,0.0,0.0,0.0,0.0,0.0,981680.0643320301,0.0,0.0
2022-05-18,981680.0643320301,0.0,0.0,0.0,0.0,0.0,981680.0643320301,0.0,0.0
2022-05-19,981680.0643320301,0.0,0.0,0.0,0.0,0.0,981680.0643320301,0.0,0.0
2022-05-20,981680.0643320301,0.0,0.0,0.0,0.0,0.0,981680.0643320301,0.0,0.0
2022-05-23,981680.0643320301,0.0,0.0,0.0,0.0,0.0,981680.0643320301,0.0,0.0
2022-05-24,981680.0643320301,0.0,0.0,0.0,0.0,0.0,981680.0643320301,0.0,0.0
2022-05-25,981680.0643320301,0.0,0.0,0.0,0.0,0.0,981680.0643320301,0.0,0.0
2022-05-26,981680.0643320301,0.0,0.0,0.0,0.0,0.0,981680.0643320301,0.0,0.0
2022-05-27,981680.0643320301,0.0,0.0,0.0,0.0,0.0,981680.0643320301,0.0,0.0
2022-05-31,981680.0643320301,0.0,0.0,0.0,0.0,0.0,981680.0643320301,0.0,0.0
2022-06-01,981680.0643320301,0.0,0.0,0.0,0.0,0.0,981680.0643320301,0.0,0.0
2022-06-02,981680.0643320301,0.0,0.0,0.0,0.0,0.0,981680.0643320301,0.0,0.0
2022-06-03,981680.0643320301,0.0,0.0,0.0,0.0,0.0,981680.0643320301,0.0,0.0
2022-06-06,981680.0643320301,0.0,0.0,0.0,0.0,0.0,981680.0643320301,0.0,0.0
2022-06-07,981680.0643320301,0.0,0.0,0.0,0.0,0.0,981680.0643320301,0.0,0.0
2022-06-08,981680.0643320301,0.0,0.0,0.0,0.0,0.0,981680.0643320301,0.0,0.0
2022-06-09,981680.0643320301,0.0,0.0,0.0,0.0,0.0,981680.0643320301,0.0,0.0
2022-06-10,981680.0643320301,0.0,0.0,0.0,0.0,0.0,981680.0643320301,0.0,0.0
2022-06-13,981680.0643320301,0.0,0.0,0.0,0.0,0.0,981680.0643320301,0.0,0.0
2022-06-14,981680.0643320301,0.0,0.0,0.0,0.0,0.0,981680.0643320301,0.0,0.0
2022-06-15,981680.0643320301,0.0,0.0,0.0,0.0,0.0,981680.0643320301,0.0,0.0
2022-06-16,981680.0643320301,0.0,0.0,0.0,0.0,0.0,981680.0643320301,0.0,0.0
2022-06-17,981680.0643320301,0.0,0.0,0.0,0.0,0.0,981680.0643320301,0.0,0.0
2022-06-21,981680.0643320301,0.0,0.0,0.0,0.0,0.0,981680.0643320301,0.0,0.0
2022-06-22,981680.0643320301,0.0,0.0,0.0,0.0,0.0,981680.0643320301,0.0,0.0
2022-06-23,981680.0643320301,0.0,0.0,0.0,0.0,0.0,981680.0643320301,0.0,0.0
2022-06-24,981680.0643320301,0.0,0.0,0.0,0.0,0.0,981680.0643320301,0.0,0.0
2022-06-27,981680.0643320301,0.0,0.0,0.0,0.0,0.0,981680.0643320301,0.0,0.0
2022-06-28,981680.0643320301,0.0,0.0,0.0,0.0,0.0,981680.0643320301,0.0,0.0
2022-06-29,981680.0643320301,0.0,0.0,0.0,0.0,0.0,981680.0643320301,0.0,0.0
2022-06-30,981680.0643320301,0.0,0.0,0.0,0.0,0.0,981680.0643320301,0.0,0.0
2022-07-01,981680.0643320301,0.0,0.0,0.0,0.0,0.0,981680.0643320301,0.0,0.0
2022-07-05,981680.0643320301,0.0,0.0,0.0,0.0,0.0,981680.0643320301,0.0,0.0
2022-07-06,981680.0643320301,0.0,0.0,0.0,0.0,0.0,981680.0643320301,0.0,0.0
2022-07-07,981680.0643320301,0.0,0.0,0.0,0.0,0.0,981680.0643320301,0.0,0.0
2022-07-08,981680.0643320301,0.0,0.0,0.0,0.0,0.0,981680.0643320301,0.0,0.0
2022-07-11,981680.0643320301,0.0,0.0,0.0,0.0,0.0,981680.0643320301,0.0,0.0
2022-07-12,981680.0643320301,0.0,0.0,0.0,0.0,0.0,981680.0643320301,0.0,0.0
2022-07-13,981680.0643320301,0.0,0.0,0.0,0.0,0.0,981680.0643320301,0.0,0.0
2022-07-14,981680.0643320301,0.0,0.0,0.0,0.0,0.0,981680.0643320301,0.0,0.0
2022-07-15,981680.0643320301,0.0,0.0,0.0,0.0,0.0,981680.0643320301,0.0,0.0
2022-07-18,981680.0643320301,0.0,0.0,0.0,0.0,0.0,981680.0643320301,0.0,0.0
2022-07-19,981680.0643320301,0.0,0.0,0.0,0.0,0.0,981680.0643320301,0.0,0.0
2022-07-20,981680.0643320301,0.0,0.0,0.0,0.0,0.0,981680.0643320301,0.0,0.0
2022-07-21,981680.0643320301,0.0,0.0,0.0,0.0,0.0,981680.0643320301,0.0,0.0
2022-07-22,981680.0643320301,0.0,0.0,0.0,0.0,0.0,981680.0643320301,0.0,0.0
2022-07-25,981680.0643320301,0.0,0.0,0.0,0.0,0.0,981680.0643320301,0.0,0.0
2022-07-26,981680.0643320301,0.0,0.0,0.0,0.0,0.0,981680.0643320301,0.0,0.0
2022-07-27,981680.0643320301,0.0,0.0,0.0,0.0,0.0,981680.0643320301,0.0,0.0
2022-07-28,981680.0643320301,0.0,0.0,0.0,0.0,0.0,981680.0643320301,0.0,0.0
2022-07-29,981680.0643320301,0.0,0.0,0.0,0.0,0.0,981680.0643320301,0.0,0.0
2022-08-01,981680.0643320301,0.0,0.0,0.0,0.0,0.0,981680.0643320301,0.0,0.0
2022-08-02,981680.0643320301,0.0,0.0,0.0,0.0,0.0,981680.0643320301,0.0,0.0
2022-08-03,981680.0643320301,0.0,0.0,0.0,0.0,0.0,981680.0643320301,0.0,0.0
2022-08-04,981680.0643320301,0.0,0.0,0.0,0.0,0.0,981680.0643320301,0.0,0.0
2022-08-05,981680.0643320301,0.0,0.0,0.0,0.0,0.0,981680.0643320301,0.0,0.0
2022-08-08,981680.0643320301,0.0,0.0,0.0,0.0,0.0,981680.0643320301,0.0,0.0
2022-08-09,981680.0643320301,0.0,0.0,0.0,0.0,0.0,981680.0643320301,0.0,0.0
2022-08-10,981680.0643320301,0.0,0.0,0.0,0.0,0.0,981680.0643320301,0.0,0.0
2022-08-11,981680.0643320301,0.0,0.0,0.0,0.0,0.0,981680.0643320301,0.0,0.0
2022-08-12,981680.0643320301,0.0,0.0,0.0,0.0,0.0,981680.0643320301,0.0,0.0
2022-08-15,981680.0643320301,0.0,0.0,0.0,0.0,0.0,981680.0643320301,0.0,0.0
2022-08-16,981680.0643320301,0.0,0.0,0.0,0.0,0.0,981680.0643320301,0.0,0.0
2022-08-17,981680.0643320301,0.0,0.0,0.0,0.0,0.0,981680.0643320301,0.0,0.0
2022-08-18,981680.0643320301,0.0,0.0,0.0,0.0,0.0,981680.0643320301,0.0,0.0
2022-08-19,981680.0643320301,0.0,0.0,0.0,0.0,0.0,981680.0643320301,0.0,0.0
2022-08-22,981680.0643320301,0.0,0.0,0.0,0.0,0.0,981680.0643320301,0.0,0.0
2022-08-23,981680.0643320301,0.0,0.0,0.0,0.0,0.0,981680.0643320301,0.0,0.0
2022-08-24,981680.0643320301,0.0,0.0,0.0,0.0,0.0,981680.0643320301,0.0,0.0
2022-08-25,981680.0643320301,0.0,0.0,0.0,0.0,0.0,981680.0643320301,0.0,0.0
2022-08-26,981680.0643320301,0.0,0.0,0.0,0.0,0.0,981680.0643320301,0.0,0.0
2022-08-29,981680.0643320301,0.0,0.0,0.0,0.0,0.0,981680.0643320301,0.0,0.0
2022-08-30,981680.0643320301,0.0,0.0,0.0,0.0,0.0,981680.0643320301,0.0,0.0
2022-08-31,981680.0643320301,0.0,0.0,0.0,0.0,0.0,981680.0643320301,0.0,0.0
2022-09-01,981680.0643320301,0.0,0.0,0.0,0.0,0.0,981680.0643320301,0.0,0.0
2022-09-02,981680.0643320301,0.0,0.0,0.0,0.0,0.0,981680.0643320301,0.0,0.0
2022-09-06,981680.0643320301,0.0,0.0,0.0,0.0,0.0,981680.0643320301,0.0,0.0
2022-09-07,981680.0643320301,0.0,0.0,0.0,0.0,0.0,981680.0643320301,0.0,0.0
2022-09-08,981680.0643320301,0.0,0.0,0.0,0.0,0.0,981680.0643320301,0.0,0.0
2022-09-09,981680.0643320301,0.0,0.0,0.0,0.0,0.0,981680.0643320301,0.0,0.0
2022-09-12,981680.0643320301,0.0,0.0,0.0,0.0,0.0,981680.0643320301,0.0,0.0
2022-09-13,981680.0643320301,0.0,0.0,0.0,0.0,0.0,981680.0643320301,0.0,0.0
2022-09-14,981680.0643320301,0.0,0.0,0.0,0.0,0.0,981680.0643320301,0.0,0.0
2022-09-15,981680.0643320301,0.0,0.0,0.0,0.0,0.0,981680.0643320301,0.0,0.0
2022-09-16,981680.0643320301,0.0,0.0,0.0,0.0,0.0,981680.0643320301,0.0,0.0
2022-09-19,981680.0643320301,0.0,0.0,0.0,0.0,0.0,981680.0643320301,0.0,0.0
2022-09-20,981680.0643320301,0.0,0.0,0.0,0.0,0.0,981680.0643320301,0.0,0.0
2022-09-21,981680.0643320301,0.0,0.0,0.0,0.0,0.0,981680.0643320301,0.0,0.0
2022-09-22,981680.0643320301,0.0,0.0,0.0,0.0,0.0,981680.0643320301,0.0,0.0
2022-09-23,981680.0643320301,0.0,0.0,0.0,0.0,0.0,981680.0643320301,0.0,0.0
2022-09-26,981680.0643320301,0.0,0.0,0.0,0.0,0.0,981680.0643320301,0.0,0.0
2022-09-27,981680.0643320301,0.0,0.0,0.0,0.0,0.0,981680.0643320301,0.0,0.0
2022-09-28,981680.0643320301,0.0,0.0,0.0,0.0,0.0,981680.0643320301,0.0,0.0
2022-09-29,981680.0643320301,0.0,0.0,0.0,0.0,0.0,981680.0643320301,0.0,0.0
2022-09-30,981680.0643320301,0.0,0.0,0.0,0.0,0.0,981680.0643320301,0.0,0.0
2022-10-03,981680.0643320301,0.0,0.0,0.0,0.0,0.0,981680.0643320301,0.0,0.0
2022-10-04,981680.0643320301,0.0,0.0,0.0,0.0,0.0,981680.0643320301,0.0,0.0
2022-10-05,981680.0643320301,0.0,0.0,0.0,0.0,0.0,981680.0643320301,0.0,0.0
2022-10-06,981680.0643320301,0.0,0.0,0.0,0.0,0.0,981680.0643320301,0.0,0.0
2022-10-07,981680.0643320301,0.0,0.0,0.0,0.0,0.0,981680.0643320301,0.0,0.0
2022-10-10,981680.0643320301,0.0,0.0,0.0,0.0,0.0,981680.0643320301,0.0,0.0
2022-10-11,981680.0643320301,0.0,0.0,0.0,0.0,0.0,981680.0643320301,0.0,0.0
2022-10-12,981680.0643320301,0.0,0.0,0.0,0.0,0.0,981680.0643320301,0.0,0.0
2022-10-13,981680.0643320301,0.0,0.0,0.0,0.0,0.0,981680.0643320301,0.0,0.0
2022-10-14,981680.0643320301,0.0,0.0,0.0,0.0,0.0,981680.0643320301,0.0,0.0
2022-10-17,981680.0643320301,0.0,0.0,0.0,0.0,0.0,981680.0643320301,0.0,0.0
2022-10-18,981680.0643320301,0.0,0.0,0.0,0.0,0.0,981680.0643320301,0.0,0.0
2022-10-19,981680.0643320301,0.0,0.0,0.0,0.0,0.0,981680.0643320301,0.0,0.0
2022-10-20,981680.0643320301,0.0,0.0,0.0,0.0,0.0,981680.0643320301,0.0,0.0
2022-10-21,981680.0643320301,0.0,0.0,0.0,0.0,0.0,981680.0643320301,0.0,0.0
2022-10-24,981680.0643320301,0.0,0.0,0.0,0.0,0.0,981680.0643320301,0.0,0.0
2022-10-25,981680.0643320301,0.0,0.0,0.0,0.0,0.0,981680.0643320301,0.0,0.0
2022-10-26,981680.0643320301,0.0,0.0,0.0,0.0,0.0,981680.0643320301,0.0,0.0
2022-10-27,981680.0643320301,0.0,0.0,0.0,0.0,0.0,981680.0643320301,0.0,0.0
2022-10-28,981680.0643320301,0.0,0.0,0.0,0.0,0.0,981680.0643320301,0.0,0.0
2022-10-31,981680.0643320301,0.0,0.0,0.0,0.0,0.0,981680.0643320301,0.0,0.0
2022-11-01,981680.0643320301,0.0,0.0,0.0,0.0,0.0,981680.0643320301,0.0,0.0
2022-11-02,981680.0643320301,0.0,0.0,0.0,0.0,0.0,981680.0643320301,0.0,0.0
2022-11-03,981680.0643320301,0.0,0.0,0.0,0.0,0.0,981680.0643320301,0.0,0.0
2022-11-04,981680.0643320301,0.0,0.0,0.0,0.0,0.0,981680.0643320301,0.0,0.0
2022-11-07,981680.0643320301,0.0,0.0,0.0,0.0,0.0,981680.0643320301,0.0,0.0
2022-11-08,981680.0643320301,0.0,0.0,0.0,0.0,0.0,981680.0643320301,0.0,0.0
2022-11-09,981680.0643320301,0.0,0.0,0.0,0.0,0.0,981680.0643320301,0.0,0.0
2022-11-10,981680.0643320301,0.0,0.0,0.0,0.0,0.0,981680.0643320301,0.0,0.0
2022-11-11,981680.0643320301,0.0,0.0,0.0,0.0,0.0,981680.0643320301,0.0,0.0
2022-11-14,981680.0643320301,0.0,0.0,0.0,0.0,0.0,981680.0643320301,0.0,0.0
2022-11-15,981680.0643320301,0.0,0.0,0.0,0.0,0.0,981680.0643320301,0.0,0.0
2022-11-16,981680.0643320301,0.0,0.0,0.0,0.0,0.0,981680.0643320301,0.0,0.0
2022-11-17,981680.0643320301,0.0,0.0,0.0,0.0,0.0,981680.0643320301,0.0,0.0
2022-11-18,981680.0643320301,0.0,0.0,0.0,0.0,0.0,981680.0643320301,0.0,0.0
2022-11-21,981680.0643320301,0.0,0.0,0.0,0.0,0.0,981680.0643320301,0.0,0.0
2022-11-22,981680.0643320301,0.0,0.0,0.0,0.0,0.0,981680.0643320301,0.0,0.0
2022-11-23,981680.0643320301,0.0,0.0,0.0,0.0,0.0,981680.0643320301,0.0,0.0
2022-11-25,981680.0643320301,0.0,0.0,0.0,0.0,0.0,981680.0643320301,0.0,0.0
2022-11-28,981680.0643320301,0.0,0.0,0.0,0.0,0.0,981680.0643320301,0.0,0.0
2022-11-29,981680.0643320301,0.0,0.0,0.0,0.0,0.0,981680.0643320301,0.0,0.0
2022-11-30,981680.0643320301,0.0,0.0,0.0,0.0,0.0,981680.0643320301,0.0,0.0
2022-12-01,981680.0643320301,0.0,0.0,0.0,0.0,0.0,981680.0643320301,0.0,0.0
2022-12-02,981680.0643320301,0.0,0.0,0.0,0.0,0.0,981680.0643320301,0.0,0.0
2022-12-05,981680.0643320301,0.0,0.0,0.0,0.0,0.0,981680.0643320301,0.0,0.0
2022-12-06,981680.0643320301,0.0,0.0,0.0,0.0,0.0,981680.0643320301,0.0,0.0
2022-12-07,981680.0643320301,0.0,0.0,0.0,0.0,0.0,981680.0643320301,0.0,0.0
2022-12-08,981680.0643320301,0.0,0.0,0.0,0.0,0.0,981680.0643320301,0.0,0.0
2022-12-09,981680.0643320301,0.0,0.0,0.0,0.0,0.0,981680.0643320301,0.0,0.0
2022-12-12,981680.0643320301,0.0,0.0,0.0,0.0,0.0,981680.0643320301,0.0,0.0
2022-12-13,981680.0643320301,0.0,0.0,0.0,0.0,0.0,981680.0643320301,0.0,0.0
2022-12-14,981680.0643320301,0.0,0.0,0.0,0.0,0.0,981680.0643320301,0.0,0.0
2022-12-15,981680.0643320301,0.0,0.0,0.0,0.0,0.0,981680.0643320301,0.0,0.0
2022-12-16,981680.0643320301,0.0,0.0,0.0,0.0,0.0,981680.0643320301,0.0,0.0
2022-12-19,981680.0643320301,0.0,0.0,0.0,0.0,0.0,981680.0643320301,0.0,0.0
2022-12-20,981680.0643320301,0.0,0.0,0.0,0.0,0.0,981680.0643320301,0.0,0.0
2022-12-21,981680.0643320301,0.0,0.0,0.0,0.0,0.0,981680.0643320301,0.0,0.0
2022-12-22,981680.0643320301,0.0,0.0,0.0,0.0,0.0,981680.0643320301,0.0,0.0
2022-12-23,981680.0643320301,0.0,0.0,0.0,0.0,0.0,981680.0643320301,0.0,0.0
2022-12-27,981680.0643320301,0.0,0.0,0.0,0.0,0.0,981680.0643320301,0.0,0.0
2022-12-28,981680.0643320301,0.0,0.0,0.0,0.0,0.0,981680.0643320301,0.0,0.0
2022-12-29,981680.0643320301,0.0,0.0,0.0,0.0,0.0,981680.0643320301,0.0,0.0
2022-12-30,981680.0643320301,0.0,0.0,0.0,0.0,0.0,981680.0643320301,0.0,0.0
2023-01-03,981680.0643320301,0.0,0.0,0.0,0.0,0.0,981680.0643320301,0.0,0.0
2023-01-04,981680.0643320301,0.0,0.0,0.0,0.0,0.0,981680.0643320301,0.0,0.0
2023-01-05,981680.0643320301,0.0,0.0,0.0,0.0,0.0,981680.0643320301,0.0,0.0
2023-01-06,981680.0643320301,0.0,0.0,0.0,0.0,0.0,981680.0643320301,0.0,0.0
2023-01-09,981680.0643320301,0.0,0.0,0.0,0.0,0.0,981680.0643320301,0.0,0.0
2023-01-10,981680.0643320301,0.0,0.0,0.0,0.0,0.0,981680.0643320301,0.0,0.0
2023-01-11,981680.0643320301,0.0,0.0,0.0,0.0,0.0,981680.0643320301,0.0,0.0
2023-01-12,981680.0643320301,0.0,0.0,0.0,0.0,0.0,981680.0643320301,0.0,0.0
2023-01-13,981680.0643320301,0.0,0.0,0.0,0.0,0.0,981680.0643320301,0.0,0.0
2023-01-17,981680.0643320301,0.0,0.0,0.0,0.0,0.0,981680.0643320301,0.0,0.0
2023-01-18,981680.0643320301,0.0,0.0,0.0,0.0,0.0,981680.0643320301,0.0,0.0
2023-01-19,981680.0643320301,0.0,0.0,0.0,0.0,0.0,981680.0643320301,0.0,0.0
2023-01-20,981680.0643320301,0.0,0.0,0.0,0.0,0.0,981680.0643320301,0.0,0.0
2023-01-23,981680.0643320301,0.0,0.0,0.0,0.0,0.0,981680.0643320301,0.0,0.0
2023-01-24,981680.0643320301,0.0,0.0,0.0,0.0,0.0,981680.0643320301,0.0,0.0
2023-01-25,981680.0643320301,0.0,0.0,0.0,0.0,0.0,981680.0643320301,0.0,0.0
2023-01-26,981680.0643320301,0.0,0.0,0.0,0.0,0.0,981680.0643320301,0.0,0.0
2023-01-27,981680.0643320301,0.0,0.0,0.0,0.0,0.0,981680.0643320301,0.0,0.0
2023-01-30,981680.0643320301,0.0,0.0,0.0,0.0,0.0,981680.0643320301,0.0,0.0
2023-01-31,981680.0643320301,0.0,0.0,0.0,0.0,0.0,981680.0643320301,0.0,0.0
2023-02-01,981680.0643320301,0.0,0.0,0.0,0.0,0.0,981680.0643320301,0.0,0.0
2023-02-02,981680.0643320301,0.0,0.0,0.0,0.0,0.0,981680.0643320301,0.0,0.0
2023-02-03,981680.0643320301,0.0,0.0,0.0,0.0,0.0,981680.0643320301,0.0,0.0
2023-02-06,981680.0643320301,0.0,0.0,0.0,0.0,0.0,981680.0643320301,0.0,0.0
2023-02-07,981680.0643320301,0.0,0.0,0.0,0.0,0.0,981680.0643320301,0.0,0.0
2023-02-08,981680.0643320301,0.0,0.0,0.0,0.0,0.0,981680.0643320301,0.0,0.0
2023-02-09,981680.0643320301,0.0,0.0,0.0,0.0,0.0,981680.0643320301,0.0,0.0
2023-02-10,981680.0643320301,0.0,0.0,0.0,0.0,0.0,981680.0643320301,0.0,0.0
2023-02-13,981680.0643320301,0.0,0.0,0.0,0.0,0.0,981680.0643320301,0.0,0.0
2023-02-14,981680.0643320301,0.0,0.0,0.0,0.0,0.0,981680.0643320301,0.0,0.0
2023-02-15,981680.0643320301,0.0,0.0,0.0,0.0,0.0,981680.0643320301,0.0,0.0
2023-02-16,981680.0643320301,0.0,0.0,0.0,0.0,0.0,981680.0643320301,0.0,0.0
2023-02-17,981680.0643320301,0.0,0.0,0.0,0.0,0.0,981680.0643320301,0.0,0.0
2023-02-21,981680.0643320301,0.0,0.0,0.0,0.0,0.0,981680.0643320301,0.0,0.0
2023-02-22,981680.0643320301,0.0,0.0,0.0,0.0,0.0,981680.0643320301,0.0,0.0
2023-02-23,981680.0643320301,0.0,0.0,0.0,0.0,0.0,981680.0643320301,0.0,0.0
2023-02-24,981680.0643320301,0.0,0.0,0.0,0.0,0.0,981680.0643320301,0.0,0.0
2023-02-27,981680.0643320301,0.0,0.0,0.0,0.0,0.0,981680.0643320301,0.0,0.0
2023-02-28,981680.0643320301,0.0,0.0,0.0,0.0,0.0,981680.0643320301,0.0,0.0
2023-03-01,981680.0643320301,0.0,0.0,0.0,0.0,0.0,981680.0643320301,0.0,0.0
2023-03-02,981680.0643320301,0.0,0.0,0.0,0.0,0.0,981680.0643320301,0.0,0.0
2023-03-03,981680.0643320301,0.0,0.0,0.0,0.0,0.0,981680.0643320301,0.0,0.0
2023-03-06,981680.0643320301,0.0,0.0,0.0,0.0,0.0,981680.0643320301,0.0,0.0
2023-03-07,981680.0643320301,0.0,0.0,0.0,0.0,0.0,981680.0643320301,0.0,0.0
2023-03-08,981680.0643320301,0.0,0.0,0.0,0.0,0.0,981680.0643320301,0.0,0.0
2023-03-09,981680.0643320301,0.0,0.0,0.0,0.0,0.0,981680.0643320301,0.0,0.0
2023-03-10,981680.0643320301,0.0,0.0,0.0,0.0,0.0,981680.0643320301,0.0,0.0
2023-03-13,981680.0643320301,0.0,0.0,0.0,0.0,0.0,981680.0643320301,0.0,0.0
2023-03-14,981680.0643320301,0.0,0.0,0.0,0.0,0.0,981680.0643320301,0.0,0.0
2023-03-15,981680.0643320301,0.0,0.0,0.0,0.0,0.0,981680.0643320301,0.0,0.0
2023-03-16,981680.0643320301,0.0,0.0,0.0,0.0,0.0,981680.0643320301,0.0,0.0
2023-03-17,981680.0643320301,0.0,0.0,0.0,0.0,0.0,981680.0643320301,0.0,0.0
2023-03-20,981680.0643320301,0.0,0.0,0.0,0.0,0.0,981680.0643320301,0.0,0.0
2023-03-21,981680.0643320301,0.0,0.0,0.0,0.0,0.0,981680.0643320301,0.0,0.0
2023-03-22,981680.0643320301,0.0,0.0,0.0,0.0,0.0,981680.0643320301,0.0,0.0
2023-03-23,981680.0643320301,0.0,0.0,0.0,0.0,0.0,981680.0643320301,0.0,0.0
2023-03-24,981680.0643320301,0.0,0.0,0.0,0.0,0.0,981680.0643320301,0.0,0.0
2023-03-27,981680.0643320301,0.0,0.0,0.0,0.0,0.0,981680.0643320301,0.0,0.0
2023-03-28,981680.0643320301,0.0,0.0,0.0,0.0,0.0,981680.0643320301,0.0,0.0
2023-03-29,981680.0643320301,0.0,0.0,0.0,0.0,0.0,981680.0643320301,0.0,0.0
2023-03-30,981680.0643320301,0.0,0.0,0.0,0.0,0.0,981680.0643320301,0.0,0.0
2023-03-31,981680.0643320301,0.0,0.0,0.0,0.0,0.0,981680.0643320301,0.0,0.0
2023-04-03,981680.0643320301,0.0,0.0,0.0,0.0,0.0,981680.0643320301,0.0,0.0
2023-04-04,981680.0643320301,0.0,0.0,0.0,0.0,0.0,981680.0643320301,0.0,0.0
2023-04-05,981680.0643320301,0.0,0.0,0.0,0.0,0.0,981680.0643320301,-0.6879868921637453,0.0
2023-04-06,981567.171124632,0.0,112.89320739818346,-0.000115,0.1,9815.671711246321,971751.4994133856,-0.5883413404698459,-0.1
2023-04-10,981131.2419590696,-435.9291655623828,0.0,-0.0004439183190292986,0.1,9811.312419590698,971319.929539479,0.09776468598958611,-0.1
2023-04-11,981669.1252912724,650.7134250281229,112.83009282529302,0.0005485915492957746,0.0,0.0,981669.1252912724,0.051208315815379234,0.0
2023-04-12,981669.1252912724,0.0,0.0,0.0,0.0,0.0,981669.1252912724,-0.19119202965762352,0.0
2023-04-13,981669.1252912724,0.0,0.0,0.0,0.0,0.0,981669.1252912724,-0.3744257751376242,0.0
2023-04-14,981669.1252912724,0.0,0.0,0.0,0.0,0.0,981669.1252912724,-0.48399535451432485,0.0
2023-04-17,981669.1252912724,0.0,0.0,0.0,0.0,0.0,981669.1252912724,-0.7844462654963748,0.0
2023-04-18,981556.233341864,0.0,112.89194940849633,-0.000115,0.1,9815.562333418642,971740.6710084453,-0.980404485155186,-0.1
2023-04-19,983841.375002581,2285.14166071709,0.0,0.0023335128343205886,0.1,9838.413750025813,974002.9612525553,-1.2514309806375565,-0.1
2023-04-20,985861.731328219,2020.3563256378634,0.0,0.0020577643859778054,0.1,9858.617313282191,976003.1140149367,-0.8265909258713636,-0.1
2023-04-21,986747.5674027932,885.836074574214,0.0,0.0008993479727197782,0.1,9867.475674027934,976880.0917287653,-0.6956269903926946,-0.1
2023-04-24,989468.858389586,2721.290986792743,0.0,0.0027654657726256773,0.1,9894.688583895862,979574.1698056901,0.09128609375578027,-0.1
2023-04-25,990085.4466390687,730.3771681974412,113.78891871480239,0.0006236110571128649,0.0,0.0,990085.4466390687,0.39777042736999485,0.0
2023-04-26,990085.4466390687,0.0,0.0,0.0,0.0,0.0,990085.4466390687,0.44075044180833595,0.0
2023-04-27,990085.4466390687,0.0,0.0,0.0,0.0,0.0,990085.4466390687,-0.13690188545039664,0.0
2023-04-28,990085.4466390687,0.0,0.0,0.0,0.0,0.0,990085.4466390687,-0.11588593592358896,0.0
2023-05-01,990085.4466390687,0.0,0.0,0.0,0.0,0.0,990085.4466390687,-0.14734562104891463,0.0
2023-05-02,990085.4466390687,0.0,0.0,0.0,0.0,0.0,990085.4466390687,-0.5965715748073808,0.0
2023-05-03,989971.5868127052,0.0,113.8598263634929,-0.000115,0.1,9899.715868127054,980071.8709445781,0.0,-0.1
2023-05-04,989027.8237798996,-829.9163003220283,113.8467324834611,-0.0009525248294842646,0.0,0.0,989027.8237798996,0.0,0.0
2023-05-05,989027.8237798996,0.0,0.0,0.0,0.0,0.0,989027.8237798996,0.0,0.0
2023-05-08,989027.8237798996,0.0,0.0,0.0,0.0,0.0,989027.8237798996,0.0,0.0
2023-05-09,989027.8237798996,0.0,0.0,0.0,0.0,0.0,989027.8237798996,0.0,0.0
2023-05-10,989027.8237798996,0.0,0.0,0.0,0.0,0.0,989027.8237798996,0.0,0.0
2023-05-11,989027.8237798996,0.0,0.0,0.0,0.0,0.0,989027.8237798996,0.0,0.0
2023-05-12,989027.8237798996,0.0,0.0,0.0,0.0,0.0,989027.8237798996,0.0,0.0
2023-05-15,989027.8237798996,0.0,0.0,0.0,0.0,0.0,989027.8237798996,0.0,0.0
2023-05-16,989027.8237798996,0.0,0.0,0.0,0.0,0.0,989027.8237798996,0.0,0.0
2023-05-17,989027.8237798996,0.0,0.0,0.0,0.0,0.0,989027.8237798996,0.0,0.0
2023-05-18,989027.8237798996,0.0,0.0,0.0,0.0,0.0,989027.8237798996,0.0,0.0
2023-05-19,989027.8237798996,0.0,0.0,0.0,0.0,0.0,989027.8237798996,0.0,0.0
2023-05-22,989027.8237798996,0.0,0.0,0.0,0.0,0.0,989027.8237798996,0.0,0.0
2023-05-23,989027.8237798996,0.0,0.0,0.0,0.0,0.0,989027.8237798996,0.0,0.0
2023-05-24,989027.8237798996,0.0,0.0,0.0,0.0,0.0,989027.8237798996,0.0,0.0
2023-05-25,989027.8237798996,0.0,0.0,0.0,0.0,0.0,989027.8237798996,0.0,0.0
2023-05-26,989027.8237798996,0.0,0.0,0.0,0.0,0.0,989027.8237798996,0.0,0.0
2023-05-30,989027.8237798996,0.0,0.0,0.0,0.0,0.0,989027.8237798996,0.0,0.0
2023-05-31,989027.8237798996,0.0,0.0,0.0,0.0,0.0,989027.8237798996,0.0,0.0
2023-06-01,989027.8237798996,0.0,0.0,0.0,0.0,0.0,989027.8237798996,0.0,0.0
2023-06-02,989027.8237798996,0.0,0.0,0.0,0.0,0.0,989027.8237798996,0.0,0.0
2023-06-05,989027.8237798996,0.0,0.0,0.0,0.0,0.0,989027.8237798996,0.0,0.0
2023-06-06,989027.8237798996,0.0,0.0,0.0,0.0,0.0,989027.8237798996,0.0,0.0
2023-06-07,989027.8237798996,0.0,0.0,0.0,0.0,0.0,989027.8237798996,0.0,0.0
2023-06-08,989027.8237798996,0.0,0.0,0.0,0.0,0.0,989027.8237798996,0.0,0.0
2023-06-09,989027.8237798996,0.0,0.0,0.0,0.0,0.0,989027.8237798996,0.0,0.0
2023-06-12,989027.8237798996,0.0,0.0,0.0,0.0,0.0,989027.8237798996,0.0,0.0
2023-06-13,989027.8237798996,0.0,0.0,0.0,0.0,0.0,989027.8237798996,0.0,0.0
2023-06-14,989027.8237798996,0.0,0.0,0.0,0.0,0.0,989027.8237798996,0.0,0.0
2023-06-15,989027.8237798996,0.0,0.0,0.0,0.0,0.0,989027.8237798996,0.0,0.0
2023-06-16,989027.8237798996,0.0,0.0,0.0,0.0,0.0,989027.8237798996,0.0,0.0
2023-06-20,989027.8237798996,0.0,0.0,0.0,0.0,0.0,989027.8237798996,0.0,0.0
2023-06-21,989027.8237798996,0.0,0.0,0.0,0.0,0.0,989027.8237798996,0.0,0.0
2023-06-22,989027.8237798996,0.0,0.0,0.0,0.0,0.0,989027.8237798996,0.0,0.0
2023-06-23,989027.8237798996,0.0,0.0,0.0,0.0,0.0,989027.8237798996,0.0,0.0
2023-06-26,989027.8237798996,0.0,0.0,0.0,0.0,0.0,989027.8237798996,0.0,0.0
2023-06-27,989027.8237798996,0.0,0.0,0.0,0.0,0.0,989027.8237798996,0.0,0.0
2023-06-28,989027.8237798996,0.0,0.0,0.0,0.0,0.0,989027.8237798996,0.0,0.0
2023-06-29,989027.8237798996,0.0,0.0,0.0,0.0,0.0,989027.8237798996,0.0,0.0
2023-06-30,989027.8237798996,0.0,0.0,0.0,0.0,0.0,989027.8237798996,0.0,0.0
2023-07-03,989027.8237798996,0.0,0.0,0.0,0.0,0.0,989027.8237798996,0.0,0.0
2023-07-05,989027.8237798996,0.0,0.0,0.0,0.0,0.0,989027.8237798996,0.0,0.0
2023-07-06,989027.8237798996,0.0,0.0,0.0,0.0,0.0,989027.8237798996,0.0,0.0
2023-07-07,989027.8237798996,0.0,0.0,0.0,0.0,0.0,989027.8237798996,0.0,0.0
2023-07-10,989027.8237798996,0.0,0.0,0.0,0.0,0.0,989027.8237798996,0.0,0.0
2023-07-11,989027.8237798996,0.0,0.0,0.0,0.0,0.0,989027.8237798996,0.0,0.0
2023-07-12,989027.8237798996,0.0,0.0,0.0,0.0,0.0,989027.8237798996,0.0,0.0
2023-07-13,989027.8237798996,0.0,0.0,0.0,0.0,0.0,989027.8237798996,0.0,0.0
2023-07-14,989027.8237798996,0.0,0.0,0.0,0.0,0.0,989027.8237798996,0.0,0.0
2023-07-17,989027.8237798996,0.0,0.0,0.0,0.0,0.0,989027.8237798996,0.0,0.0
2023-07-18,989027.8237798996,0.0,0.0,0.0,0.0,0.0,989027.8237798996,0.0,0.0
2023-07-19,989027.8237798996,0.0,0.0,0.0,0.0,0.0,989027.8237798996,0.0,0.0
2023-07-20,989027.8237798996,0.0,0.0,0.0,0.0,0.0,989027.8237798996,0.0,0.0
2023-07-21,989027.8237798996,0.0,0.0,0.0,0.0,0.0,989027.8237798996,0.0,0.0
2023-07-24,989027.8237798996,0.0,0.0,0.0,0.0,0.0,989027.8237798996,0.0,0.0
2023-07-25,989027.8237798996,0.0,0.0,0.0,0.0,0.0,989027.8237798996,0.0,0.0
2023-07-26,989027.8237798996,0.0,0.0,0.0,0.0,0.0,989027.8237798996,0.0,0.0
2023-07-27,989027.8237798996,0.0,0.0,0.0,0.0,0.0,989027.8237798996,0.0,0.0
2023-07-28,989027.8237798996,0.0,0.0,0.0,0.0,0.0,989027.8237798996,0.0,0.0
2023-07-31,989027.8237798996,0.0,0.0,0.0,0.0,0.0,989027.8237798996,0.0,0.0
2023-08-01,989027.8237798996,0.0,0.0,0.0,0.0,0.0,989027.8237798996,0.0,0.0
2023-08-02,989027.8237798996,0.0,0.0,0.0,0.0,0.0,989027.8237798996,0.0,0.0
2023-08-03,989027.8237798996,0.0,0.0,0.0,0.0,0.0,989027.8237798996,0.0,0.0
2023-08-04,989027.8237798996,0.0,0.0,0.0,0.0,0.0,989027.8237798996,0.0,0.0
2023-08-07,989027.8237798996,0.0,0.0,0.0,0.0,0.0,989027.8237798996,0.0,0.0
2023-08-08,989027.8237798996,0.0,0.0,0.0,0.0,0.0,989027.8237798996,0.0,0.0
2023-08-09,989027.8237798996,0.0,0.0,0.0,0.0,0.0,989027.8237798996,0.0,0.0
2023-08-10,989027.8237798996,0.0,0.0,0.0,0.0,0.0,989027.8237798996,0.0,0.0
2023-08-11,989027.8237798996,0.0,0.0,0.0,0.0,0.0,989027.8237798996,0.0,0.0
2023-08-14,989027.8237798996,0.0,0.0,0.0,0.0,0.0,989027.8237798996,0.0,0.0
2023-08-15,989027.8237798996,0.0,0.0,0.0,0.0,0.0,989027.8237798996,0.0,0.0
2023-08-16,989027.8237798996,0.0,0.0,0.0,0.0,0.0,989027.8237798996,0.0,0.0
2023-08-17,989027.8237798996,0.0,0.0,0.0,0.0,0.0,989027.8237798996,0.0,0.0
2023-08-18,989027.8237798996,0.0,0.0,0.0,0.0,0.0,989027.8237798996,0.0,0.0
2023-08-21,989027.8237798996,0.0,0.0,0.0,0.0,0.0,989027.8237798996,0.0,0.0
2023-08-22,989027.8237798996,0.0,0.0,0.0,0.0,0.0,989027.8237798996,0.0,0.0
2023-08-23,989027.8237798996,0.0,0.0,0.0,0.0,0.0,989027.8237798996,0.0,0.0
2023-08-24,989027.8237798996,0.0,0.0,0.0,0.0,0.0,989027.8237798996,0.0,0.0
2023-08-25,989027.8237798996,0.0,0.0,0.0,0.0,0.0,989027.8237798996,0.0,0.0
2023-08-28,989027.8237798996,0.0,0.0,0.0,0.0,0.0,989027.8237798996,0.0,0.0
2023-08-29,989027.8237798996,0.0,0.0,0.0,0.0,0.0,989027.8237798996,0.0,0.0
2023-08-30,989027.8237798996,0.0,0.0,0.0,0.0,0.0,989027.8237798996,0.0,0.0
2023-08-31,989027.8237798996,0.0,0.0,0.0,0.0,0.0,989027.8237798996,0.0,0.0
2023-09-01,989027.8237798996,0.0,0.0,0.0,0.0,0.0,989027.8237798996,0.0,0.0
2023-09-05,989027.8237798996,0.0,0.0,0.0,0.0,0.0,989027.8237798996,0.0,0.0
2023-09-06,989027.8237798996,0.0,0.0,0.0,0.0,0.0,989027.8237798996,0.0,0.0
2023-09-07,989027.8237798996,0.0,0.0,0.0,0.0,0.0,989027.8237798996,0.0,0.0
2023-09-08,989027.8237798996,0.0,0.0,0.0,0.0,0.0,989027.8237798996,0.0,0.0
2023-09-11,989027.8237798996,0.0,0.0,0.0,0.0,0.0,989027.8237798996,0.0,0.0
2023-09-12,989027.8237798996,0.0,0.0,0.0,0.0,0.0,989027.8237798996,0.0,0.0
2023-09-13,989027.8237798996,0.0,0.0,0.0,0.0,0.0,989027.8237798996,0.0,0.0
2023-09-14,989027.8237798996,0.0,0.0,0.0,0.0,0.0,989027.8237798996,0.0,0.0
2023-09-15,989027.8237798996,0.0,0.0,0.0,0.0,0.0,989027.8237798996,0.0,0.0
2023-09-18,989027.8237798996,0.0,0.0,0.0,0.0,0.0,989027.8237798996,0.0,0.0
2023-09-19,989027.8237798996,0.0,0.0,0.0,0.0,0.0,989027.8237798996,0.0,0.0
2023-09-20,989027.8237798996,0.0,0.0,0.0,0.0,0.0,989027.8237798996,0.0,0.0
2023-09-21,989027.8237798996,0.0,0.0,0.0,0.0,0.0,989027.8237798996,0.0,0.0
2023-09-22,989027.8237798996,0.0,0.0,0.0,0.0,0.0,989027.8237798996,0.0,0.0
2023-09-25,989027.8237798996,0.0,0.0,0.0,0.0,0.0,989027.8237798996,0.0,0.0
2023-09-26,989027.8237798996,0.0,0.0,0.0,0.0,0.0,989027.8237798996,0.0,0.0
2023-09-27,989027.8237798996,0.0,0.0,0.0,0.0,0.0,989027.8237798996,0.0,0.0
2023-09-28,989027.8237798996,0.0,0.0,0.0,0.0,0.0,989027.8237798996,0.0,0.0
2023-09-29,989027.8237798996,0.0,0.0,0.0,0.0,0.0,989027.8237798996,0.0,0.0
2023-10-02,989027.8237798996,0.0,0.0,0.0,0.0,0.0,989027.8237798996,0.0,0.0
2023-10-03,989027.8237798996,0.0,0.0,0.0,0.0,0.0,989027.8237798996,0.0,0.0
2023-10-04,989027.8237798996,0.0,0.0,0.0,0.0,0.0,989027.8237798996,0.0,0.0
2023-10-05,989027.8237798996,0.0,0.0,0.0,0.0,0.0,989027.8237798996,0.0,0.0
2023-10-06,989027.8237798996,0.0,0.0,0.0,0.0,0.0,989027.8237798996,0.0,0.0
2023-10-09,989027.8237798996,0.0,0.0,0.0,0.0,0.0,989027.8237798996,0.0,0.0
2023-10-10,989027.8237798996,0.0,0.0,0.0,0.0,0.0,989027.8237798996,0.0,0.0
2023-10-11,989027.8237798996,0.0,0.0,0.0,0.0,0.0,989027.8237798996,0.0,0.0
2023-10-12,989027.8237798996,0.0,0.0,0.0,0.0,0.0,989027.8237798996,0.0,0.0
2023-10-13,989027.8237798996,0.0,0.0,0.0,0.0,0.0,989027.8237798996,0.0,0.0
2023-10-16,989027.8237798996,0.0,0.0,0.0,0.0,0.0,989027.8237798996,0.0,0.0
2023-10-17,989027.8237798996,0.0,0.0,0.0,0.0,0.0,989027.8237798996,0.0,0.0
2023-10-18,989027.8237798996,0.0,0.0,0.0,0.0,0.0,989027.8237798996,0.0,0.0
2023-10-19,989027.8237798996,0.0,0.0,0.0,0.0,0.0,989027.8237798996,0.0,0.0
2023-10-20,989027.8237798996,0.0,0.0,0.0,0.0,0.0,989027.8237798996,0.0,0.0
2023-10-23,989027.8237798996,0.0,0.0,0.0,0.0,0.0,989027.8237798996,0.0,0.0
2023-10-24,989027.8237798996,0.0,0.0,0.0,0.0,0.0,989027.8237798996,0.0,0.0
2023-10-25,989027.8237798996,0.0,0.0,0.0,0.0,0.0,989027.8237798996,0.0,0.0
2023-10-26,989027.8237798996,0.0,0.0,0.0,0.0,0.0,989027.8237798996,0.0,0.0
2023-10-27,989027.8237798996,0.0,0.0,0.0,0.0,0.0,989027.8237798996,0.0,0.0
2023-10-30,989027.8237798996,0.0,0.0,0.0,0.0,0.0,989027.8237798996,0.0,0.0
2023-10-31,989027.8237798996,0.0,0.0,0.0,0.0,0.0,989027.8237798996,0.0,0.0
2023-11-01,989027.8237798996,0.0,0.0,0.0,0.0,0.0,989027.8237798996,0.0,0.0
2023-11-02,989027.8237798996,0.0,0.0,0.0,0.0,0.0,989027.8237798996,0.0,0.0
2023-11-03,989027.8237798996,0.0,0.0,0.0,0.0,0.0,989027.8237798996,0.0,0.0
2023-11-06,989027.8237798996,0.0,0.0,0.0,0.0,0.0,989027.8237798996,0.0,0.0
2023-11-07,989027.8237798996,0.0,0.0,0.0,0.0,0.0,989027.8237798996,0.0,0.0
2023-11-08,989027.8237798996,0.0,0.0,0.0,0.0,0.0,989027.8237798996,0.0,0.0
2023-11-09,989027.8237798996,0.0,0.0,0.0,0.0,0.0,989027.8237798996,0.0,0.0
2023-11-10,989027.8237798996,0.0,0.0,0.0,0.0,0.0,989027.8237798996,0.0,0.0
2023-11-13,989027.8237798996,0.0,0.0,0.0,0.0,0.0,989027.8237798996,0.0,0.0
2023-11-14,989027.8237798996,0.0,0.0,0.0,0.0,0.0,989027.8237798996,0.0,0.0
2023-11-15,989027.8237798996,0.0,0.0,0.0,0.0,0.0,989027.8237798996,0.0,0.0
2023-11-16,989027.8237798996,0.0,0.0,0.0,0.0,0.0,989027.8237798996,0.0,0.0
2023-11-17,989027.8237798996,0.0,0.0,0.0,0.0,0.0,989027.8237798996,0.0,0.0
2023-11-20,989027.8237798996,0.0,0.0,0.0,0.0,0.0,989027.8237798996,0.0,0.0
2023-11-21,989027.8237798996,0.0,0.0,0.0,0.0,0.0,989027.8237798996,0.0,0.0
2023-11-22,989027.8237798996,0.0,0.0,0.0,0.0,0.0,989027.8237798996,0.0,0.0
2023-11-24,989027.8237798996,0.0,0.0,0.0,0.0,0.0,989027.8237798996,0.0,0.0
2023-11-27,989027.8237798996,0.0,0.0,0.0,0.0,0.0,989027.8237798996,0.0,0.0
2023-11-28,989027.8237798996,0.0,0.0,0.0,0.0,0.0,989027.8237798996,0.0,0.0
2023-11-29,989027.8237798996,0.0,0.0,0.0,0.0,0.0,989027.8237798996,0.0,0.0
2023-11-30,989027.8237798996,0.0,0.0,0.0,0.0,0.0,989027.8237798996,0.0,0.0
2023-12-01,989027.8237798996,0.0,0.0,0.0,0.0,0.0,989027.8237798996,0.0,0.0
2023-12-04,989027.8237798996,0.0,0.0,0.0,0.0,0.0,989027.8237798996,0.0,0.0
2023-12-05,989027.8237798996,0.0,0.0,0.0,0.0,0.0,989027.8237798996,0.0,0.0
2023-12-06,989027.8237798996,0.0,0.0,0.0,0.0,0.0,989027.8237798996,0.0,0.0
2023-12-07,989027.8237798996,0.0,0.0,0.0,0.0,0.0,989027.8237798996,0.0,0.0
2023-12-08,989027.8237798996,0.0,0.0,0.0,0.0,0.0,989027.8237798996,0.0,0.0
2023-12-11,989027.8237798996,0.0,0.0,0.0,0.0,0.0,989027.8237798996,0.0,0.0
2023-12-12,989027.8237798996,0.0,0.0,0.0,0.0,0.0,989027.8237798996,0.0,0.0
2023-12-13,989027.8237798996,0.0,0.0,0.0,0.0,0.0,989027.8237798996,0.0,0.0
2023-12-14,989027.8237798996,0.0,0.0,0.0,0.0,0.0,989027.8237798996,0.0,0.0
2023-12-15,989027.8237798996,0.0,0.0,0.0,0.0,0.0,989027.8237798996,0.0,0.0
2023-12-18,989027.8237798996,0.0,0.0,0.0,0.0,0.0,989027.8237798996,0.0,0.0
2023-12-19,989027.8237798996,0.0,0.0,0.0,0.0,0.0,989027.8237798996,0.0,0.0
2023-12-20,989027.8237798996,0.0,0.0,0.0,0.0,0.0,989027.8237798996,0.0,0.0
2023-12-21,989027.8237798996,0.0,0.0,0.0,0.0,0.0,989027.8237798996,0.0,0.0
2023-12-22,989027.8237798996,0.0,0.0,0.0,0.0,0.0,989027.8237798996,0.0,0.0
2023-12-26,989027.8237798996,0.0,0.0,0.0,0.0,0.0,989027.8237798996,0.0,0.0
2023-12-27,989027.8237798996,0.0,0.0,0.0,0.0,0.0,989027.8237798996,0.0,0.0
2023-12-28,989027.8237798996,0.0,0.0,0.0,0.0,0.0,989027.8237798996,0.0,0.0
2023-12-29,989027.8237798996,0.0,0.0,0.0,0.0,0.0,989027.8237798996,0.0,0.0
2024-01-02,989027.8237798996,0.0,0.0,0.0,0.0,0.0,989027.8237798996,0.0,0.0
2024-01-03,989027.8237798996,0.0,0.0,0.0,0.0,0.0,989027.8237798996,0.0,0.0
2024-01-04,989027.8237798996,0.0,0.0,0.0,0.0,0.0,989027.8237798996,0.0,0.0
2024-01-05,989027.8237798996,0.0,0.0,0.0,0.0,0.0,989027.8237798996,0.0,0.0
2024-01-08,989027.8237798996,0.0,0.0,0.0,0.0,0.0,989027.8237798996,0.0,0.0
2024-01-09,989027.8237798996,0.0,0.0,0.0,0.0,0.0,989027.8237798996,0.0,0.0
2024-01-10,989027.8237798996,0.0,0.0,0.0,0.0,0.0,989027.8237798996,0.0,0.0
2024-01-11,989027.8237798996,0.0,0.0,0.0,0.0,0.0,989027.8237798996,0.0,0.0
2024-01-12,989027.8237798996,0.0,0.0,0.0,0.0,0.0,989027.8237798996,0.0,0.0
2024-01-16,989027.8237798996,0.0,0.0,0.0,0.0,0.0,989027.8237798996,0.0,0.0
2024-01-17,989027.8237798996,0.0,0.0,0.0,0.0,0.0,989027.8237798996,0.0,0.0
2024-01-18,989027.8237798996,0.0,0.0,0.0,0.0,0.0,989027.8237798996,0.0,0.0
2024-01-19,989027.8237798996,0.0,0.0,0.0,0.0,0.0,989027.8237798996,0.0,0.0
2024-01-22,989027.8237798996,0.0,0.0,0.0,0.0,0.0,989027.8237798996,0.0,0.0
2024-01-23,989027.8237798996,0.0,0.0,0.0,0.0,0.0,989027.8237798996,0.0,0.0
2024-01-24,989027.8237798996,0.0,0.0,0.0,0.0,0.0,989027.8237798996,0.0,0.0
2024-01-25,989027.8237798996,0.0,0.0,0.0,0.0,0.0,989027.8237798996,0.0,0.0
2024-01-26,989027.8237798996,0.0,0.0,0.0,0.0,0.0,989027.8237798996,0.0,0.0
2024-01-29,989027.8237798996,0.0,0.0,0.0,0.0,0.0,989027.8237798996,0.0,0.0
2024-01-30,989027.8237798996,0.0,0.0,0.0,0.0,0.0,989027.8237798996,0.0,0.0
2024-01-31,989027.8237798996,0.0,0.0,0.0,0.0,0.0,989027.8237798996,0.0,0.0
2024-02-01,989027.8237798996,0.0,0.0,0.0,0.0,0.0,989027.8237798996,0.0,0.0
2024-02-02,989027.8237798996,0.0,0.0,0.0,0.0,0.0,989027.8237798996,0.0,0.0
2024-02-05,989027.8237798996,0.0,0.0,0.0,0.0,0.0,989027.8237798996,0.0,0.0
2024-02-06,989027.8237798996,0.0,0.0,0.0,0.0,0.0,989027.8237798996,0.0,0.0
2024-02-07,989027.8237798996,0.0,0.0,0.0,0.0,0.0,989027.8237798996,0.0,0.0
2024-02-08,989027.8237798996,0.0,0.0,0.0,0.0,0.0,989027.8237798996,0.0,0.0
2024-02-09,989027.8237798996,0.0,0.0,0.0,0.0,0.0,989027.8237798996,0.0,0.0
2024-02-12,989027.8237798996,0.0,0.0,0.0,0.0,0.0,989027.8237798996,0.0,0.0
2024-02-13,989027.8237798996,0.0,0.0,0.0,0.0,0.0,989027.8237798996,0.0,0.0
2024-02-14,989027.8237798996,0.0,0.0,0.0,0.0,0.0,989027.8237798996,0.0,0.0
2024-02-15,989027.8237798996,0.0,0.0,0.0,0.0,0.0,989027.8237798996,0.0,0.0
2024-02-16,989027.8237798996,0.0,0.0,0.0,0.0,0.0,989027.8237798996,0.0,0.0
2024-02-20,989027.8237798996,0.0,0.0,0.0,0.0,0.0,989027.8237798996,0.0,0.0
2024-02-21,989027.8237798996,0.0,0.0,0.0,0.0,0.0,989027.8237798996,0.0,0.0
2024-02-22,989027.8237798996,0.0,0.0,0.0,0.0,0.0,989027.8237798996,0.0,0.0
2024-02-23,989027.8237798996,0.0,0.0,0.0,0.0,0.0,989027.8237798996,0.0,0.0
2024-02-26,989027.8237798996,0.0,0.0,0.0,0.0,0.0,989027.8237798996,0.0,0.0
2024-02-27,989027.8237798996,0.0,0.0,0.0,0.0,0.0,989027.8237798996,0.0,0.0
2024-02-28,989027.8237798996,0.0,0.0,0.0,0.0,0.0,989027.8237798996,0.0,0.0
2024-02-29,989027.8237798996,0.0,0.0,0.0,0.0,0.0,989027.8237798996,0.0,0.0
2024-03-01,989027.8237798996,0.0,0.0,0.0,0.0,0.0,989027.8237798996,0.0,0.0
2024-03-04,989027.8237798996,0.0,0.0,0.0,0.0,0.0,989027.8237798996,0.0,0.0
2024-03-05,989027.8237798996,0.0,0.0,0.0,0.0,0.0,989027.8237798996,0.0,0.0
2024-03-06,989027.8237798996,0.0,0.0,0.0,0.0,0.0,989027.8237798996,0.0,0.0
2024-03-07,989027.8237798996,0.0,0.0,0.0,0.0,0.0,989027.8237798996,0.0,0.0
2024-03-08,989027.8237798996,0.0,0.0,0.0,0.0,0.0,989027.8237798996,0.0,0.0
2024-03-11,989027.8237798996,0.0,0.0,0.0,0.0,0.0,989027.8237798996,0.0,0.0
2024-03-12,989027.8237798996,0.0,0.0,0.0,0.0,0.0,989027.8237798996,0.0,0.0
2024-03-13,989027.8237798996,0.0,0.0,0.0,0.0,0.0,989027.8237798996,0.0,0.0
2024-03-14,989027.8237798996,0.0,0.0,0.0,0.0,0.0,989027.8237798996,0.0,0.0
2024-03-15,989027.8237798996,0.0,0.0,0.0,0.0,0.0,989027.8237798996,0.0,0.0
2024-03-18,989027.8237798996,0.0,0.0,0.0,0.0,0.0,989027.8237798996,0.0,0.0
2024-03-19,989027.8237798996,0.0,0.0,0.0,0.0,0.0,989027.8237798996,0.0,0.0
2024-03-20,989027.8237798996,0.0,0.0,0.0,0.0,0.0,989027.8237798996,0.0,0.0
2024-03-21,989027.8237798996,0.0,0.0,0.0,0.0,0.0,989027.8237798996,0.0,0.0
2024-03-22,989027.8237798996,0.0,0.0,0.0,0.0,0.0,989027.8237798996,0.0,0.0
2024-03-25,989027.8237798996,0.0,0.0,0.0,0.0,0.0,989027.8237798996,0.0,0.0
2024-03-26,989027.8237798996,0.0,0.0,0.0,0.0,0.0,989027.8237798996,0.0,0.0
2024-03-27,989027.8237798996,0.0,0.0,0.0,0.0,0.0,989027.8237798996,0.0,0.0
2024-03-28,989027.8237798996,0.0,0.0,0.0,0.0,0.0,989027.8237798996,0.0,0.0
2024-04-01,989027.8237798996,0.0,0.0,0.0,0.0,0.0,989027.8237798996,0.0,0.0
2024-04-02,989027.8237798996,0.0,0.0,0.0,0.0,0.0,989027.8237798996,0.0,0.0
2024-04-03,989027.8237798996,0.0,0.0,0.0,0.0,0.0,989027.8237798996,0.0,0.0
2024-04-04,989027.8237798996,0.0,0.0,0.0,0.0,0.0,989027.8237798996,-0.2437511713380445,0.0
2024-04-05,989027.8237798996,0.0,0.0,0.0,0.0,0.0,989027.8237798996,-0.06417911790239827,0.0
2024-04-08,989027.8237798996,0.0,0.0,0.0,0.0,0.0,989027.8237798996,0.2684379738277458,0.0
2024-04-09,989027.8237798996,0.0,0.0,0.0,0.0,0.0,989027.8237798996,0.2403051049556397,0.0
2024-04-10,989027.8237798996,0.0,0.0,0.0,0.0,0.0,989027.8237798996,0.2834439831364623,0.0
2024-04-11,989027.8237798996,0.0,0.0,0.0,0.0,0.0,989027.8237798996,0.5045345717310964,0.0
2024-04-12,988914.0855801649,0.0,113.73819973468845,-0.00011499999999999999,0.1,9889.140855801652,979024.9447243633,0.618948081058353,0.1
2024-04-15,988158.1710363311,-755.9145438337592,0.0,-0.0007638046457294334,0.1,9881.581710363313,978276.5893259678,0.39042459627811854,0.1
2024-04-16,987686.3422998431,-358.19054681878794,113.63818966917809,-0.0004773099918470876,0.0,0.0,987686.3422998431,0.14936348802801552,0.0
2024-04-17,987686.3422998431,0.0,0.0,0.0,0.0,0.0,987686.3422998431,-0.014179908107489654,0.0
2024-04-18,987686.3422998431,0.0,0.0,0.0,0.0,0.0,987686.3422998431,-0.012756465694243373,0.0
2024-04-19,987686.3422998431,0.0,0.0,0.0,0.0,0.0,987686.3422998431,0.17303574589546697,0.0
2024-04-22,987686.3422998431,0.0,0.0,0.0,0.0,0.0,987686.3422998431,0.5788987509960677,0.0
2024-04-23,987572.7583704786,0.0,113.58392936448196,-0.000115,0.1,9875.72758370479,977697.0307867739,1.0269253947771546,0.1
2024-04-24,989176.5090037298,1603.7506332512048,0.0,0.0016265730673743688,0.1,9891.7650900373,979284.7439136925,1.3792221765520487,0.1
2024-04-25,990466.0158068886,1289.5068031587732,0.0,0.0013053181186576278,0.1,9904.660158068888,980561.3556488197,1.0643713929458254,0.1
2024-04-26,990630.4767476618,164.4609407732484,0.0,0.0001660715768496222,0.1,9906.30476747662,980724.1719801852,0.629559210940225,0.1
2024-04-29,988495.6742283548,-2134.802519307021,0.0,-0.00215035977173104,0.1,9884.95674228355,978610.7174860713,-0.03211725097800058,0.1
2024-04-30,987502.7761686904,-879.2210571281429,113.67700253626082,-0.0010035610003808558,0.0,0.0,987502.7761686904,-0.28919572891524176,0.0
2024-05-01,987502.7761686904,0.0,0.0,0.0,0.0,0.0,987502.7761686904,-0.3171832029817925,0.0
2024-05-02,987502.7761686904,0.0,0.0,0.0,0.0,0.0,987502.7761686904,-0.40517956861271576,0.0
2024-05-03,987502.7761686904,0.0,0.0,0.0,0.0,0.0,987502.7761686904,-0.5370036974557783,0.0
2024-05-06,987389.213349431,0.0,113.5628192593994,-0.000115,0.1,9873.892133494312,977515.3212159368,0.0,-0.1
2024-05-07,988446.9437955298,1171.2802056339633,113.54975953518458,0.0010725118764845604,0.0,0.0,988446.9437955298,0.0,0.0
2024-05-08,988446.9437955298,0.0,0.0,0.0,0.0,0.0,988446.9437955298,0.0,0.0
2024-05-09,988446.9437955298,0.0,0.0,0.0,0.0,0.0,988446.9437955298,0.0,0.0
2024-05-10,988446.9437955298,0.0,0.0,0.0,0.0,0.0,988446.9437955298,0.0,0.0
2024-05-13,988446.9437955298,0.0,0.0,0.0,0.0,0.0,988446.9437955298,0.0,0.0
2024-05-14,988446.9437955298,0.0,0.0,0.0,0.0,0.0,988446.9437955298,0.0,0.0
2024-05-15,988446.9437955298,0.0,0.0,0.0,0.0,0.0,988446.9437955298,0.0,0.0
2024-05-16,988446.9437955298,0.0,0.0,0.0,0.0,0.0,988446.9437955298,0.0,0.0
2024-05-17,988446.9437955298,0.0,0.0,0.0,0.0,0.0,988446.9437955298,0.0,0.0
2024-05-20,988446.9437955298,0.0,0.0,0.0,0.0,0.0,988446.9437955298,0.0,0.0
2024-05-21,988446.9437955298,0.0,0.0,0.0,0.0,0.0,988446.9437955298,0.0,0.0
2024-05-22,988446.9437955298,0.0,0.0,0.0,0.0,0.0,988446.9437955298,0.0,0.0
2024-05-23,988446.9437955298,0.0,0.0,0.0,0.0,0.0,988446.9437955298,0.0,0.0
2024-05-24,988446.9437955298,0.0,0.0,0.0,0.0,0.0,988446.9437955298,0.0,0.0
2024-05-28,988446.9437955298,0.0,0.0,0.0,0.0,0.0,988446.9437955298,0.0,0.0
2024-05-29,988446.9437955298,0.0,0.0,0.0,0.0,0.0,988446.9437955298,0.0,0.0
2024-05-30,988446.9437955298,0.0,0.0,0.0,0.0,0.0,988446.9437955298,0.0,0.0
2024-05-31,988446.9437955298,0.0,0.0,0.0,0.0,0.0,988446.9437955298,0.0,0.0
2024-06-03,988446.9437955298,0.0,0.0,0.0,0.0,0.0,988446.9437955298,0.0,0.0
2024-06-04,988446.9437955298,0.0,0.0,0.0,0.0,0.0,988446.9437955298,0.0,0.0
2024-06-05,988446.9437955298,0.0,0.0,0.0,0.0,0.0,988446.9437955298,0.0,0.0
2024-06-06,988446.9437955298,0.0,0.0,0.0,0.0,0.0,988446.9437955298,0.0,0.0
2024-06-07,988446.9437955298,0.0,0.0,0.0,0.0,0.0,988446.9437955298,0.0,0.0
2024-06-10,988446.9437955298,0.0,0.0,0.0,0.0,0.0,988446.9437955298,0.0,0.0
2024-06-11,988446.9437955298,0.0,0.0,0.0,0.0,0.0,988446.9437955298,0.0,0.0
2024-06-12,988446.9437955298,0.0,0.0,0.0,0.0,0.0,988446.9437955298,0.0,0.0
2024-06-13,988446.9437955298,0.0,0.0,0.0,0.0,0.0,988446.9437955298,0.0,0.0
2024-06-14,988446.9437955298,0.0,0.0,0.0,0.0,0.0,988446.9437955298,0.0,0.0
2024-06-17,988446.9437955298,0.0,0.0,0.0,0.0,0.0,988446.9437955298,0.0,0.0
2024-06-18,988446.9437955298,0.0,0.0,0.0,0.0,0.0,988446.9437955298,-0.6222606884771502,0.0
2024-06-20,988333.2723969932,0.0,113.67139853648592,-0.000115,0.1,9883.332723969934,978449.9396730233,0.211823897645419,-0.1
2024-06-21,990160.9059631977,1941.2918925301049,113.65832632565423,0.0018528471462934619,0.0,0.0,990160.9059631977,0.49821102088965163,0.0
2024-06-24,990160.9059631977,0.0,0.0,0.0,0.0,0.0,990160.9059631977,-1.3676679960585767,0.0
2024-06-25,990047.0374590119,0.0,113.86850418576773,-0.000115,0.1,9900.47037459012,980146.5670844218,-3.0,-0.1
2024-06-26,990138.412358639,91.37489962704309,0.0,9.230201218386561e-05,0.1,9901.384123586391,980237.0282350526,-3.0,-0.1
2024-06-27,986754.1055450344,-3384.306813604586,0.0,-0.003406370834100534,0.1,9867.541055450345,976886.5644895841,-3.0,-0.1
2024-06-28,987855.8854752991,1101.7799302646654,0.0,0.0011178180192264698,0.1,9878.558854752993,977977.326620546,-3.0,-0.1
2024-07-01,987855.8854752991,0.0,0.0,0.0,0.0,0.0,987855.8854752991,0.0,0.0
2024-07-02,987855.8854752991,0.0,0.0,0.0,0.0,0.0,987855.8854752991,0.0,0.0
2024-07-03,987855.8854752991,0.0,0.0,0.0,0.0,0.0,987855.8854752991,0.0,0.0
2024-07-05,987855.8854752991,0.0,0.0,0.0,0.0,0.0,987855.8854752991,0.0,0.0
2024-07-08,987855.8854752991,0.0,0.0,0.0,0.0,0.0,987855.8854752991,0.0,0.0
2024-07-09,987855.8854752991,0.0,0.0,0.0,0.0,0.0,987855.8854752991,0.0,0.0
2024-07-10,987855.8854752991,0.0,0.0,0.0,0.0,0.0,987855.8854752991,0.0,0.0
2024-07-11,987855.8854752991,0.0,0.0,0.0,0.0,0.0,987855.8854752991,0.0,0.0
2024-07-12,987855.8854752991,0.0,0.0,0.0,0.0,0.0,987855.8854752991,0.0,0.0
2024-07-15,987855.8854752991,0.0,0.0,0.0,0.0,0.0,987855.8854752991,0.0,0.0
2024-07-16,987855.8854752991,0.0,0.0,0.0,0.0,0.0,987855.8854752991,0.0,0.0
2024-07-17,987855.8854752991,0.0,0.0,0.0,0.0,0.0,987855.8854752991,0.0,0.0
2024-07-18,987855.8854752991,0.0,0.0,0.0,0.0,0.0,987855.8854752991,0.0,0.0
2024-07-19,987855.8854752991,0.0,0.0,0.0,0.0,0.0,987855.8854752991,0.0,0.0
2024-07-22,987855.8854752991,0.0,0.0,0.0,0.0,0.0,987855.8854752991,0.0,0.0
2024-07-23,987855.8854752991,0.0,0.0,0.0,0.0,0.0,987855.8854752991,0.0,0.0
2024-07-24,987855.8854752991,0.0,0.0,0.0,0.0,0.0,987855.8854752991,0.0,0.0
2024-07-25,987855.8854752991,0.0,0.0,0.0,0.0,0.0,987855.8854752991,0.0,0.0
2024-07-26,987855.8854752991,0.0,0.0,0.0,0.0,0.0,987855.8854752991,0.0,0.0
2024-07-29,987855.8854752991,0.0,0.0,0.0,0.0,0.0,987855.8854752991,0.0,0.0
2024-07-30,987855.8854752991,0.0,0.0,0.0,0.0,0.0,987855.8854752991,0.0,0.0
2024-07-31,987855.8854752991,0.0,0.0,0.0,0.0,0.0,987855.8854752991,0.0,0.0
2024-08-01,987855.8854752991,0.0,0.0,0.0,0.0,0.0,987855.8854752991,0.0,0.0
2024-08-02,987855.8854752991,0.0,0.0,0.0,0.0,0.0,987855.8854752991,0.0,0.0
2024-08-05,987855.8854752991,0.0,0.0,0.0,0.0,0.0,987855.8854752991,0.0,0.0
2024-08-06,987855.8854752991,0.0,0.0,0.0,0.0,0.0,987855.8854752991,0.0,0.0
2024-08-07,987855.8854752991,0.0,0.0,0.0,0.0,0.0,987855.8854752991,0.0,0.0
2024-08-08,987855.8854752991,0.0,0.0,0.0,0.0,0.0,987855.8854752991,0.0,0.0
2024-08-09,987855.8854752991,0.0,0.0,0.0,0.0,0.0,987855.8854752991,0.0,0.0
2024-08-12,987855.8854752991,0.0,0.0,0.0,0.0,0.0,987855.8854752991,0.0,0.0
2024-08-13,987855.8854752991,0.0,0.0,0.0,0.0,0.0,987855.8854752991,0.0,0.0
2024-08-14,987855.8854752991,0.0,0.0,0.0,0.0,0.0,987855.8854752991,0.0,0.0
2024-08-15,987855.8854752991,0.0,0.0,0.0,0.0,0.0,987855.8854752991,0.0,0.0
2024-08-16,987855.8854752991,0.0,0.0,0.0,0.0,0.0,987855.8854752991,0.0,0.0
2024-08-19,987855.8854752991,0.0,0.0,0.0,0.0,0.0,987855.8854752991,0.0,0.0
2024-08-20,987855.8854752991,0.0,0.0,0.0,0.0,0.0,987855.8854752991,0.0,0.0
2024-08-21,987855.8854752991,0.0,0.0,0.0,0.0,0.0,987855.8854752991,0.0,0.0
2024-08-22,987855.8854752991,0.0,0.0,0.0,0.0,0.0,987855.8854752991,0.0,0.0
2024-08-23,987855.8854752991,0.0,0.0,0.0,0.0,0.0,987855.8854752991,0.0,0.0
2024-08-26,987855.8854752991,0.0,0.0,0.0,0.0,0.0,987855.8854752991,0.0,0.0
2024-08-27,987855.8854752991,0.0,0.0,0.0,0.0,0.0,987855.8854752991,0.0,0.0
2024-08-28,987855.8854752991,0.0,0.0,0.0,0.0,0.0,987855.8854752991,0.0,0.0
2024-08-29,987855.8854752991,0.0,0.0,0.0,0.0,0.0,987855.8854752991,0.0,0.0
2024-08-30,987855.8854752991,0.0,0.0,0.0,0.0,0.0,987855.8854752991,0.0,0.0
2024-09-03,987855.8854752991,0.0,0.0,0.0,0.0,0.0,987855.8854752991,0.0,0.0
2024-09-04,987855.8854752991,0.0,0.0,0.0,0.0,0.0,987855.8854752991,0.0,0.0
2024-09-05,987855.8854752991,0.0,0.0,0.0,0.0,0.0,987855.8854752991,0.0,0.0
2024-09-06,987855.8854752991,0.0,0.0,0.0,0.0,0.0,987855.8854752991,0.0,0.0
2024-09-09,987855.8854752991,0.0,0.0,0.0,0.0,0.0,987855.8854752991,0.0,0.0
2024-09-10,987855.8854752991,0.0,0.0,0.0,0.0,0.0,987855.8854752991,0.0,0.0
2024-09-11,987855.8854752991,0.0,0.0,0.0,0.0,0.0,987855.8854752991,0.0,0.0
2024-09-12,987855.8854752991,0.0,0.0,0.0,0.0,0.0,987855.8854752991,0.0,0.0
2024-09-13,987855.8854752991,0.0,0.0,0.0,0.0,0.0,987855.8854752991,0.0,0.0
2024-09-16,987855.8854752991,0.0,0.0,0.0,0.0,0.0,987855.8854752991,0.0,0.0
2024-09-17,987855.8854752991,0.0,0.0,0.0,0.0,0.0,987855.8854752991,0.0,0.0
2024-09-18,987855.8854752991,0.0,0.0,0.0,0.0,0.0,987855.8854752991,0.0,0.0
2024-09-19,987855.8854752991,0.0,0.0,0.0,0.0,0.0,987855.8854752991,0.0,0.0
2024-09-20,987855.8854752991,0.0,0.0,0.0,0.0,0.0,987855.8854752991,0.0,0.0
2024-09-23,987855.8854752991,0.0,0.0,0.0,0.0,0.0,987855.8854752991,0.0,0.0
2024-09-24,987855.8854752991,0.0,0.0,0.0,0.0,0.0,987855.8854752991,0.0,0.0
2024-09-25,987855.8854752991,0.0,0.0,0.0,0.0,0.0,987855.8854752991,0.0,0.0
2024-09-26,987855.8854752991,0.0,0.0,0.0,0.0,0.0,987855.8854752991,0.0,0.0
2024-09-27,987855.8854752991,0.0,0.0,0.0,0.0,0.0,987855.8854752991,0.0,0.0
2024-09-30,987855.8854752991,0.0,0.0,0.0,0.0,0.0,987855.8854752991,0.0,0.0
2024-10-01,987855.8854752991,0.0,0.0,0.0,0.0,0.0,987855.8854752991,0.0,0.0
2024-10-02,987855.8854752991,0.0,0.0,0.0,0.0,0.0,987855.8854752991,0.0,0.0
2024-10-03,987855.8854752991,0.0,0.0,0.0,0.0,0.0,987855.8854752991,0.0,0.0
2024-10-04,987855.8854752991,0.0,0.0,0.0,0.0,0.0,987855.8854752991,0.0,0.0
2024-10-07,987855.8854752991,0.0,0.0,0.0,0.0,0.0,987855.8854752991,0.0,0.0
2024-10-08,987855.8854752991,0.0,0.0,0.0,0.0,0.0,987855.8854752991,0.0,0.0
2024-10-09,987855.8854752991,0.0,0.0,0.0,0.0,0.0,987855.8854752991,0.0,0.0
2024-10-10,987855.8854752991,0.0,0.0,0.0,0.0,0.0,987855.8854752991,0.0,0.0
2024-10-11,987855.8854752991,0.0,0.0,0.0,0.0,0.0,987855.8854752991,0.0,0.0
2024-10-14,987855.8854752991,0.0,0.0,0.0,0.0,0.0,987855.8854752991,0.0,0.0
2024-10-15,987855.8854752991,0.0,0.0,0.0,0.0,0.0,987855.8854752991,0.0,0.0
2024-10-16,987855.8854752991,0.0,0.0,0.0,0.0,0.0,987855.8854752991,0.0,0.0
2024-10-17,987855.8854752991,0.0,0.0,0.0,0.0,0.0,987855.8854752991,0.0,0.0
2024-10-18,987855.8854752991,0.0,0.0,0.0,0.0,0.0,987855.8854752991,0.0,0.0
2024-10-21,987855.8854752991,0.0,0.0,0.0,0.0,0.0,987855.8854752991,0.0,0.0
2024-10-22,987855.8854752991,0.0,0.0,0.0,0.0,0.0,987855.8854752991,0.0,0.0
2024-10-23,987855.8854752991,0.0,0.0,0.0,0.0,0.0,987855.8854752991,0.0,0.0
2024-10-24,987855.8854752991,0.0,0.0,0.0,0.0,0.0,987855.8854752991,0.0,0.0
2024-10-25,987855.8854752991,0.0,0.0,0.0,0.0,0.0,987855.8854752991,0.0,0.0
2024-10-28,987855.8854752991,0.0,0.0,0.0,0.0,0.0,987855.8854752991,0.0,0.0
2024-10-29,987855.8854752991,0.0,0.0,0.0,0.0,0.0,987855.8854752991,0.0,0.0
2024-10-30,987855.8854752991,0.0,0.0,0.0,0.0,0.0,987855.8854752991,0.0,0.0
2024-10-31,987855.8854752991,0.0,0.0,0.0,0.0,0.0,987855.8854752991,0.0,0.0
2024-11-01,987855.8854752991,0.0,0.0,0.0,0.0,0.0,987855.8854752991,0.0,0.0
2024-11-04,987855.8854752991,0.0,0.0,0.0,0.0,0.0,987855.8854752991,0.0,0.0
2024-11-05,987855.8854752991,0.0,0.0,0.0,0.0,0.0,987855.8854752991,0.0,0.0
2024-11-06,987855.8854752991,0.0,0.0,0.0,0.0,0.0,987855.8854752991,0.0,0.0
2024-11-07,987855.8854752991,0.0,0.0,0.0,0.0,0.0,987855.8854752991,0.0,0.0
2024-11-08,987855.8854752991,0.0,0.0,0.0,0.0,0.0,987855.8854752991,0.0,0.0
2024-11-11,987855.8854752991,0.0,0.0,0.0,0.0,0.0,987855.8854752991,0.0,0.0
2024-11-12,987855.8854752991,0.0,0.0,0.0,0.0,0.0,987855.8854752991,0.0,0.0
2024-11-13,987855.8854752991,0.0,0.0,0.0,0.0,0.0,987855.8854752991,0.0,0.0
2024-11-14,987855.8854752991,0.0,0.0,0.0,0.0,0.0,987855.8854752991,0.0,0.0
2024-11-15,987855.8854752991,0.0,0.0,0.0,0.0,0.0,987855.8854752991,0.0,0.0
2024-11-18,987855.8854752991,0.0,0.0,0.0,0.0,0.0,987855.8854752991,0.0,0.0
2024-11-19,987855.8854752991,0.0,0.0,0.0,0.0,0.0,987855.8854752991,0.0,0.0
2024-11-20,987855.8854752991,0.0,0.0,0.0,0.0,0.0,987855.8854752991,0.0,0.0
2024-11-21,987855.8854752991,0.0,0.0,0.0,0.0,0.0,987855.8854752991,0.0,0.0
2024-11-22,987855.8854752991,0.0,0.0,0.0,0.0,0.0,987855.8854752991,0.0,0.0
2024-11-25,987855.8854752991,0.0,0.0,0.0,0.0,0.0,987855.8854752991,0.0,0.0
2024-11-26,987855.8854752991,0.0,0.0,0.0,0.0,0.0,987855.8854752991,0.0,0.0
2024-11-27,987855.8854752991,0.0,0.0,0.0,0.0,0.0,987855.8854752991,0.0,0.0
2024-11-29,987855.8854752991,0.0,0.0,0.0,0.0,0.0,987855.8854752991,0.0,0.0
2024-12-02,987855.8854752991,0.0,0.0,0.0,0.0,0.0,987855.8854752991,0.0,0.0
2024-12-03,987855.8854752991,0.0,0.0,0.0,0.0,0.0,987855.8854752991,0.0,0.0
2024-12-04,987855.8854752991,0.0,0.0,0.0,0.0,0.0,987855.8854752991,0.0,0.0
2024-12-05,987855.8854752991,0.0,0.0,0.0,0.0,0.0,987855.8854752991,0.0,0.0
2024-12-06,987855.8854752991,0.0,0.0,0.0,0.0,0.0,987855.8854752991,0.0,0.0
2024-12-09,987855.8854752991,0.0,0.0,0.0,0.0,0.0,987855.8854752991,0.0,0.0
2024-12-10,987855.8854752991,0.0,0.0,0.0,0.0,0.0,987855.8854752991,0.0,0.0
2024-12-11,987855.8854752991,0.0,0.0,0.0,0.0,0.0,987855.8854752991,0.0,0.0
2024-12-12,987855.8854752991,0.0,0.0,0.0,0.0,0.0,987855.8854752991,0.0,0.0
2024-12-13,987855.8854752991,0.0,0.0,0.0,0.0,0.0,987855.8854752991,0.0,0.0
2024-12-16,987855.8854752991,0.0,0.0,0.0,0.0,0.0,987855.8854752991,0.0,0.0
2024-12-17,987855.8854752991,0.0,0.0,0.0,0.0,0.0,987855.8854752991,0.0,0.0
2024-12-18,987855.8854752991,0.0,0.0,0.0,0.0,0.0,987855.8854752991,0.0,0.0
2024-12-19,987855.8854752991,0.0,0.0,0.0,0.0,0.0,987855.8854752991,0.0,0.0
2024-12-20,987855.8854752991,0.0,0.0,0.0,0.0,0.0,987855.8854752991,0.0,0.0
2024-12-23,987855.8854752991,0.0,0.0,0.0,0.0,0.0,987855.8854752991,0.0,0.0
2024-12-24,987855.8854752991,0.0,0.0,0.0,0.0,0.0,987855.8854752991,0.0,0.0
2024-12-26,987855.8854752991,0.0,0.0,0.0,0.0,0.0,987855.8854752991,0.0,0.0
2024-12-27,987855.8854752991,0.0,0.0,0.0,0.0,0.0,987855.8854752991,0.0,0.0
2024-12-30,987855.8854752991,0.0,0.0,0.0,0.0,0.0,987855.8854752991,0.0,0.0
2024-12-31,987855.8854752991,0.0,0.0,0.0,0.0,0.0,987855.8854752991,0.0,0.0
2025-01-02,987855.8854752991,0.0,0.0,0.0,0.0,0.0,987855.8854752991,0.0,0.0
2025-01-03,987855.8854752991,0.0,0.0,0.0,0.0,0.0,987855.8854752991,0.0,0.0
2025-01-06,987855.8854752991,0.0,0.0,0.0,0.0,0.0,987855.8854752991,0.0,0.0
2025-01-07,987855.8854752991,0.0,0.0,0.0,0.0,0.0,987855.8854752991,0.0,0.0
2025-01-08,987855.8854752991,0.0,0.0,0.0,0.0,0.0,987855.8854752991,0.0,0.0
2025-01-09,987855.8854752991,0.0,0.0,0.0,0.0,0.0,987855.8854752991,0.0,0.0
2025-01-10,987855.8854752991,0.0,0.0,0.0,0.0,0.0,987855.8854752991,0.0,0.0
2025-01-13,987855.8854752991,0.0,0.0,0.0,0.0,0.0,987855.8854752991,0.0,0.0
2025-01-14,987855.8854752991,0.0,0.0,0.0,0.0,0.0,987855.8854752991,0.0,0.0
2025-01-15,987855.8854752991,0.0,0.0,0.0,0.0,0.0,987855.8854752991,0.0,0.0
2025-01-16,987855.8854752991,0.0,0.0,0.0,0.0,0.0,987855.8854752991,0.0,0.0
2025-01-17,987855.8854752991,0.0,0.0,0.0,0.0,0.0,987855.8854752991,0.0,0.0
2025-01-21,987855.8854752991,0.0,0.0,0.0,0.0,0.0,987855.8854752991,0.0,0.0
2025-01-22,987855.8854752991,0.0,0.0,0.0,0.0,0.0,987855.8854752991,0.0,0.0
2025-01-23,987855.8854752991,0.0,0.0,0.0,0.0,0.0,987855.8854752991,0.0,0.0
2025-01-24,987855.8854752991,0.0,0.0,0.0,0.0,0.0,987855.8854752991,0.0,0.0
2025-01-27,987855.8854752991,0.0,0.0,0.0,0.0,0.0,987855.8854752991,0.0,0.0
2025-01-28,987855.8854752991,0.0,0.0,0.0,0.0,0.0,987855.8854752991,0.0,0.0
2025-01-29,987855.8854752991,0.0,0.0,0.0,0.0,0.0,987855.8854752991,0.0,0.0
2025-01-30,987855.8854752991,0.0,0.0,0.0,0.0,0.0,987855.8854752991,0.0,0.0
2025-01-31,987855.8854752991,0.0,0.0,0.0,0.0,0.0,987855.8854752991,0.0,0.0
2025-02-03,987855.8854752991,0.0,0.0,0.0,0.0,0.0,987855.8854752991,0.0,0.0
2025-02-04,987855.8854752991,0.0,0.0,0.0,0.0,0.0,987855.8854752991,0.0,0.0
2025-02-05,987855.8854752991,0.0,0.0,0.0,0.0,0.0,987855.8854752991,0.0,0.0
2025-02-06,987855.8854752991,0.0,0.0,0.0,0.0,0.0,987855.8854752991,0.0,0.0
2025-02-07,987855.8854752991,0.0,0.0,0.0,0.0,0.0,987855.8854752991,0.0,0.0
2025-02-10,987855.8854752991,0.0,0.0,0.0,0.0,0.0,987855.8854752991,0.0,0.0
2025-02-11,987855.8854752991,0.0,0.0,0.0,0.0,0.0,987855.8854752991,0.0,0.0
2025-02-12,987855.8854752991,0.0,0.0,0.0,0.0,0.0,987855.8854752991,0.0,0.0
2025-02-13,987855.8854752991,0.0,0.0,0.0,0.0,0.0,987855.8854752991,0.0,0.0
2025-02-14,987855.8854752991,0.0,0.0,0.0,0.0,0.0,987855.8854752991,0.0,0.0
2025-02-18,987855.8854752991,0.0,0.0,0.0,0.0,0.0,987855.8854752991,0.0,0.0
2025-02-19,987855.8854752991,0.0,0.0,0.0,0.0,0.0,987855.8854752991,0.0,0.0
2025-02-20,987855.8854752991,0.0,0.0,0.0,0.0,0.0,987855.8854752991,0.0,0.0
2025-02-21,987855.8854752991,0.0,0.0,0.0,0.0,0.0,987855.8854752991,0.0,0.0
2025-02-24,987855.8854752991,0.0,0.0,0.0,0.0,0.0,987855.8854752991,0.0,0.0
2025-02-25,987855.8854752991,0.0,0.0,0.0,0.0,0.0,987855.8854752991,0.0,0.0
2025-02-26,987855.8854752991,0.0,0.0,0.0,0.0,0.0,987855.8854752991,0.0,0.0
2025-02-27,987855.8854752991,0.0,0.0,0.0,0.0,0.0,987855.8854752991,0.0,0.0
2025-02-28,987855.8854752991,0.0,0.0,0.0,0.0,0.0,987855.8854752991,0.0,0.0
2025-03-03,987855.8854752991,0.0,0.0,0.0,0.0,0.0,987855.8854752991,0.0,0.0
2025-03-04,987855.8854752991,0.0,0.0,0.0,0.0,0.0,987855.8854752991,0.0,0.0
2025-03-05,987855.8854752991,0.0,0.0,0.0,0.0,0.0,987855.8854752991,0.0,0.0
2025-03-06,987855.8854752991,0.0,0.0,0.0,0.0,0.0,987855.8854752991,0.0,0.0
2025-03-07,987855.8854752991,0.0,0.0,0.0,0.0,0.0,987855.8854752991,0.0,0.0
2025-03-10,987855.8854752991,0.0,0.0,0.0,0.0,0.0,987855.8854752991,0.0,0.0
2025-03-11,987855.8854752991,0.0,0.0,0.0,0.0,0.0,987855.8854752991,0.0,0.0
2025-03-12,987855.8854752991,0.0,0.0,0.0,0.0,0.0,987855.8854752991,0.0,0.0
2025-03-13,987855.8854752991,0.0,0.0,0.0,0.0,0.0,987855.8854752991,0.0,0.0
2025-03-14,987855.8854752991,0.0,0.0,0.0,0.0,0.0,987855.8854752991,0.0,0.0
2025-03-17,987855.8854752991,0.0,0.0,0.0,0.0,0.0,987855.8854752991,0.0,0.0
2025-03-18,987855.8854752991,0.0,0.0,0.0,0.0,0.0,987855.8854752991,0.0,0.0
2025-03-19,987855.8854752991,0.0,0.0,0.0,0.0,0.0,987855.8854752991,0.0,0.0
2025-03-20,987855.8854752991,0.0,0.0,0.0,0.0,0.0,987855.8854752991,0.0,0.0
2025-03-21,987855.8854752991,0.0,0.0,0.0,0.0,0.0,987855.8854752991,0.0,0.0
2025-03-24,987855.8854752991,0.0,0.0,0.0,0.0,0.0,987855.8854752991,0.0,0.0
2025-03-25,987855.8854752991,0.0,0.0,0.0,0.0,0.0,987855.8854752991,0.0,0.0
2025-03-26,987855.8854752991,0.0,0.0,0.0,0.0,0.0,987855.8854752991,0.0,0.0
2025-03-27,987855.8854752991,0.0,0.0,0.0,0.0,0.0,987855.8854752991,0.0,0.0
2025-03-28,987855.8854752991,0.0,0.0,0.0,0.0,0.0,987855.8854752991,0.0,0.0
2025-03-31,987855.8854752991,0.0,0.0,0.0,0.0,0.0,987855.8854752991,0.0,0.0
2025-04-01,987855.8854752991,0.0,0.0,0.0,0.0,0.0,987855.8854752991,-0.464200707676101,0.0
2025-04-02,987855.8854752991,0.0,0.0,0.0,0.0,0.0,987855.8854752991,-0.27572808203762356,0.0
2025-04-03,987855.8854752991,0.0,0.0,0.0,0.0,0.0,987855.8854752991,0.31909620852275244,0.0
2025-04-04,987855.8854752991,0.0,0.0,0.0,0.0,0.0,987855.8854752991,0.35713521629696443,0.0
2025-04-07,987855.8854752991,0.0,0.0,0.0,0.0,0.0,987855.8854752991,0.7608207410221061,0.0
2025-04-08,987742.2820484694,0.0,113.6034268296594,-0.000115,0.1,9877.422820484697,977864.8592279847,0.9967689297424758,0.1
2025-04-09,988153.8413326562,411.55928418686227,0.0,0.00041684035014589413,0.1,9881.538413326563,978272.3029193296,0.9677163225777083,0.1
2025-04-10,987379.3546889193,-774.4866437369828,0.0,-0.0007831575067950433,0.1,9873.793546889194,977505.56114203,0.9694498539240947,0.1
2025-04-11,990636.9724483483,3257.6177594290552,0.0,0.003310177630658772,0.1,9906.369724483486,980730.6027238648,0.8112389815940001,0.1
2025-04-14,989166.3912476827,-1470.5812006655644,0.0,-0.0014822800161703275,0.1,9891.66391247683,979274.7273352059,0.11774082099469113,0.1
2025-04-15,988058.953979929,-993.6831327602292,113.75413499348352,-0.0011184426603412098,0.0,0.0,988058.953979929,0.1680032441792731,0.0
2025-04-16,988058.953979929,0.0,0.0,0.0,0.0,0.0,988058.953979929,-0.25886402070616227,0.0
2025-04-17,988058.953979929,0.0,0.0,0.0,0.0,0.0,988058.953979929,-0.7496516344532391,0.0
2025-04-21,987945.3272002212,0.0,113.62677970769184,-0.000115,0.1,9879.453272002214,978065.8739282191,-0.8248298982265753,-0.1
2025-04-22,988495.714569135,550.3873689137723,0.0,0.0005574136008918618,0.1,9884.95714569135,978610.7574234436,-1.1893283884978842,-0.1
2025-04-23,989834.0140893266,1338.2995201916394,0.0,0.001355710345472395,0.1,9898.340140893268,979935.6739484334,-1.3139874322972982,-0.1
2025-04-24,989646.6342475681,-187.37984175850954,0.0,-0.00018926847733509984,0.1,9896.466342475684,979750.1679050924,-0.9266574249531927,-0.1
2025-04-25,989506.3914557522,-140.2427918159048,0.0,-0.00014168988806498845,0.1,9895.063914557524,979611.3275411946,-1.1137150307194847,-0.1
2025-04-28,992213.5315833198,2707.1401275676244,0.0,0.002743354460315959,0.1,9922.1353158332,982291.3962674866,-1.2042459149875004,-0.1
2025-04-29,994090.1721134725,1876.6405301527388,0.0,0.00189495165443856,0.1,9940.901721134727,984149.2703923377,-0.935628469361566,-0.1
2025-04-30,992665.1293556232,-1425.0427578492686,0.0,-0.0014314625598499432,0.1,9926.651293556233,982738.478062067,-1.12634952757705,-0.1
2025-05-01,992229.7499129233,-435.3794426998347,0.0,-0.00043840420868040335,0.1,9922.297499129236,982307.4524137941,-0.9194294996541179,-0.1
2025-05-02,990063.30941093,-2166.4405019932824,0.0,-0.002178649237472767,0.1,9900.633094109302,980162.6763168208,-0.782044209969825,-0.1
2025-05-05,992366.8755154473,2303.566104517359,0.0,0.002332111750987578,0.1,9923.668755154475,982443.2067602929,0.5319053828736698,-0.1
2025-05-06,991222.0064070591,-916.624727019616,228.24438136855292,-0.0011526106173199283,0.1,9912.220064070594,981309.7863429886,0.27529699792350154,0.1
2025-05-07,990917.0289772073,-190.9868991150403,113.9905307368118,-0.0003076189558851859,0.0,0.0,990917.0289772073,0.07969041151997525,0.0
2025-05-08,990917.0289772073,0.0,0.0,0.0,0.0,0.0,990917.0289772073,0.22944895565788276,0.0
2025-05-09,990917.0289772073,0.0,0.0,0.0,0.0,0.0,990917.0289772073,0.2882789063824617,0.0
2025-05-12,990917.0289772073,0.0,0.0,0.0,0.0,0.0,990917.0289772073,0.1599005601946287,0.0
2025-05-13,990917.0289772073,0.0,0.0,0.0,0.0,0.0,990917.0289772073,-0.2366045500501196,0.0
2025-05-14,990917.0289772073,0.0,0.0,0.0,0.0,0.0,990917.0289772073,-1.3661883790234275,0.0
2025-05-15,990803.0735188748,0.0,113.95545833237884,-0.000115,0.1,9908.03073518875,980895.0427836861,-1.3974146529913112,-0.1
2025-05-16,992244.4106976212,1441.3371787463689,0.0,0.001456835377602331,0.1,9922.444106976214,982321.9665906449,-1.4608219530085522,-0.1
2025-05-19,991488.4149561373,-755.9957414839018,0.0,-0.0007613247049866769,0.1,9914.884149561374,981573.5308065759,-1.7359906539578893,-0.1
2025-05-20,988302.1572899267,-3186.25766621065,0.0,-0.003203316374599586,0.1,9883.021572899268,978419.1357170274,0.0,-0.1
2025-05-21,987600.2274482134,-588.2750936249563,113.65474808834156,-0.0007098155859607375,0.0,0.0,987600.2274482134,0.29641297184752224,0.0
2025-05-22,987600.2274482134,0.0,0.0,0.0,0.0,0.0,987600.2274482134,0.7026587641004489,0.0
2025-05-23,987486.6534220568,0.0,113.57402615654453,-0.00011499999999999999,0.1,9874.86653422057,977611.7868878363,1.0109128194322536,0.1
2025-05-27,984938.3007680645,-2548.3526539924046,0.0,-0.002574002574002574,0.1,9849.383007680646,975088.9177603838,1.365547824642692,0.1
2025-05-28,985264.4392782525,326.13851018810084,0.0,0.0003312355084465055,0.1,9852.644392782528,975411.7948854701,1.4858764413242003,0.1
2025-05-29,985961.231668124,696.7923898714657,0.0,0.0007077140835102619,0.1,9859.612316681241,976101.6193514428,1.2966330797022445,0.1
2025-05-30,985961.231668124,0.0,0.0,0.0,0.1,9859.612316681241,976101.6193514428,1.5623380532813027,0.1
2025-06-02,986884.4163419706,923.1846738465582,0.0,0.0009372071227741333,0.1,9868.844163419708,977015.5721785509,1.3329713330330653,0.1
2025-06-03,986335.130024897,-549.286317073453,0.0,-0.0005562766549230484,0.1,9863.351300248973,976471.7787246481,0.8866958932848154,0.1
2025-06-04,987669.2586989047,1334.1286740075566,0.0,0.0013544439773947971,0.1,9876.69258698905,977792.5661119156,0.5698101977382105,0.1
2025-06-05,988078.3255800961,409.066881191447,0.0,0.0004143455642005433,0.1,9880.783255800963,978197.5423242952,0.7775666591749801,0.1
2025-06-06,989753.8021175142,1675.4765374181281,0.0,0.0016985722811366662,0.1,9897.538021175144,979856.264096339,0.7652153313970724,0.1
2025-06-09,987479.0187057074,-2274.783411806815,0.0,-0.0022930623623038534,0.1,9874.790187057075,977604.2285186503,0.031172179616879847,0.1
2025-06-10,985999.0208620447,-1366.4377565115878,113.56008715115635,-0.0014966927683095347,0.0,0.0,985999.0208620447,-0.0938684938078845,0.0
2025-06-11,985999.0208620447,0.0,0.0,0.0,0.0,0.0,985999.0208620447,0.1321511177079302,0.0
2025-06-12,985999.0208620447,0.0,0.0,0.0,0.0,0.0,985999.0208620447,0.0904082689443052,0.0
2025-06-13,985999.0208620447,0.0,0.0,0.0,0.0,0.0,985999.0208620447,0.1354022181481978,0.0
2025-06-16,985999.0208620447,0.0,0.0,0.0,0.0,0.0,985999.0208620447,0.04100904932724343,0.0
2025-06-17,985999.0208620447,0.0,0.0,0.0,0.0,0.0,985999.0208620447,0.2624069704921293,0.0
2025-06-18,985999.0208620447,0.0,0.0,0.0,0.0,0.0,985999.0208620447,0.35025410775222593,0.0
2025-06-20,985999.0208620447,0.0,0.0,0.0,0.0,0.0,985999.0208620447,0.07564729483849483,0.0
2025-06-23,985999.0208620447,0.0,0.0,0.0,0.0,0.0,985999.0208620447,0.0,0.0
2025-06-24,985999.0208620447,0.0,0.0,0.0,0.0,0.0,985999.0208620447,0.0,0.0
2025-06-25,985999.0208620447,0.0,0.0,0.0,0.0,0.0,985999.0208620447,0.0,0.0
2025-06-26,985999.0208620447,0.0,0.0,0.0,0.0,0.0,985999.0208620447,0.0,0.0
2025-06-27,985999.0208620447,0.0,0.0,0.0,0.0,0.0,985999.0208620447,0.0,0.0
2025-06-30,985999.0208620447,0.0,0.0,0.0,0.0,0.0,985999.0208620447,0.0,0.0
2025-07-01,985999.0208620447,0.0,0.0,0.0,0.0,0.0,985999.0208620447,0.0,0.0
2025-07-02,985999.0208620447,0.0,0.0,0.0,0.0,0.0,985999.0208620447,0.0,0.0
2025-07-03,985999.0208620447,0.0,0.0,0.0,0.0,0.0,985999.0208620447,0.0,0.0
2025-07-07,985999.0208620447,0.0,0.0,0.0,0.0,0.0,985999.0208620447,0.0,0.0
2025-07-08,985999.0208620447,0.0,0.0,0.0,0.0,0.0,985999.0208620447,0.0,0.0
2025-07-09,985999.0208620447,0.0,0.0,0.0,0.0,0.0,985999.0208620447,0.0,0.0
2025-07-10,985999.0208620447,0.0,0.0,0.0,0.0,0.0,985999.0208620447,0.0,0.0
2025-07-11,985999.0208620447,0.0,0.0,0.0,0.0,0.0,985999.0208620447,0.0,0.0
2025-07-14,985999.0208620447,0.0,0.0,0.0,0.0,0.0,985999.0208620447,0.0,0.0
2025-07-15,985999.0208620447,0.0,0.0,0.0,0.0,0.0,985999.0208620447,0.0,0.0
2025-07-16,985999.0208620447,0.0,0.0,0.0,0.0,0.0,985999.0208620447,0.0,0.0
2025-07-17,985999.0208620447,0.0,0.0,0.0,0.0,0.0,985999.0208620447,0.0,0.0
2025-07-18,985999.0208620447,0.0,0.0,0.0,0.0,0.0,985999.0208620447,0.0,0.0
2025-07-21,985999.0208620447,0.0,0.0,0.0,0.0,0.0,985999.0208620447,0.0,0.0
2025-07-22,985999.0208620447,0.0,0.0,0.0,0.0,0.0,985999.0208620447,0.0,0.0
2025-07-23,985999.0208620447,0.0,0.0,0.0,0.0,0.0,985999.0208620447,0.0,0.0
2025-07-24,985999.0208620447,0.0,0.0,0.0,0.0,0.0,985999.0208620447,0.0,0.0
2025-07-25,985999.0208620447,0.0,0.0,0.0,0.0,0.0,985999.0208620447,0.0,0.0
2025-07-28,985999.0208620447,0.0,0.0,0.0,0.0,0.0,985999.0208620447,0.0,0.0
2025-07-29,985999.0208620447,0.0,0.0,0.0,0.0,0.0,985999.0208620447,0.0,0.0
2025-07-30,985999.0208620447,0.0,0.0,0.0,0.0,0.0,985999.0208620447,0.0,0.0
2025-07-31,985999.0208620447,0.0,0.0,0.0,0.0,0.0,985999.0208620447,0.0,0.0
2025-08-01,985999.0208620447,0.0,0.0,0.0,0.0,0.0,985999.0208620447,0.0,0.0
2025-08-04,985999.0208620447,0.0,0.0,0.0,0.0,0.0,985999.0208620447,0.0,0.0
2025-08-05,985999.0208620447,0.0,0.0,0.0,0.0,0.0,985999.0208620447,0.0,0.0
2025-08-06,985999.0208620447,0.0,0.0,0.0,0.0,0.0,985999.0208620447,0.0,0.0
2025-08-07,985999.0208620447,0.0,0.0,0.0,0.0,0.0,985999.0208620447,0.0,0.0
2025-08-08,985999.0208620447,0.0,0.0,0.0,0.0,0.0,985999.0208620447,0.0,0.0
2025-08-11,985999.0208620447,0.0,0.0,0.0,0.0,0.0,985999.0208620447,0.0,0.0
2025-08-12,985999.0208620447,0.0,0.0,0.0,0.0,0.0,985999.0208620447,0.0,0.0
2025-08-13,985999.0208620447,0.0,0.0,0.0,0.0,0.0,985999.0208620447,0.0,0.0
2025-08-14,985999.0208620447,0.0,0.0,0.0,0.0,0.0,985999.0208620447,0.0,0.0
2025-08-15,985999.0208620447,0.0,0.0,0.0,0.0,0.0,985999.0208620447,0.0,0.0
2025-08-18,985999.0208620447,0.0,0.0,0.0,0.0,0.0,985999.0208620447,0.0,0.0
2025-08-19,985999.0208620447,0.0,0.0,0.0,0.0,0.0,985999.0208620447,0.0,0.0
2025-08-20,985999.0208620447,0.0,0.0,0.0,0.0,0.0,985999.0208620447,0.0,0.0
2025-08-21,985999.0208620447,0.0,0.0,0.0,0.0,0.0,985999.0208620447,0.0,0.0
2025-08-22,985999.0208620447,0.0,0.0,0.0,0.0,0.0,985999.0208620447,0.0,0.0
2025-08-25,985999.0208620447,0.0,0.0,0.0,0.0,0.0,985999.0208620447,0.0,0.0
2025-08-26,985999.0208620447,0.0,0.0,0.0,0.0,0.0,985999.0208620447,0.0,0.0
2025-08-27,985999.0208620447,0.0,0.0,0.0,0.0,0.0,985999.0208620447,0.0,0.0
2025-08-28,985999.0208620447,0.0,0.0,0.0,0.0,0.0,985999.0208620447,0.0,0.0
2025-08-29,985999.0208620447,0.0,0.0,0.0,0.0,0.0,985999.0208620447,0.0,0.0
2025-09-02,985999.0208620447,0.0,0.0,0.0,0.0,0.0,985999.0208620447,0.0,0.0
2025-09-03,985999.0208620447,0.0,0.0,0.0,0.0,0.0,985999.0208620447,0.0,0.0
2025-09-04,985999.0208620447,0.0,0.0,0.0,0.0,0.0,985999.0208620447,0.0,0.0
2025-09-05,985999.0208620447,0.0,0.0,0.0,0.0,0.0,985999.0208620447,0.0,0.0
2025-09-08,985999.0208620447,0.0,0.0,0.0,0.0,0.0,985999.0208620447,0.0,0.0
2025-09-09,985999.0208620447,0.0,0.0,0.0,0.0,0.0,985999.0208620447,0.0,0.0
2025-09-10,985999.0208620447,0.0,0.0,0.0,0.0,0.0,985999.0208620447,0.0,0.0
2025-09-11,985999.0208620447,0.0,0.0,0.0,0.0,0.0,985999.0208620447,0.0,0.0
2025-09-12,985999.0208620447,0.0,0.0,0.0,0.0,0.0,985999.0208620447,0.0,0.0
2025-09-15,985999.0208620447,0.0,0.0,0.0,0.0,0.0,985999.0208620447,0.0,0.0
2025-09-16,985999.0208620447,0.0,0.0,0.0,0.0,0.0,985999.0208620447,0.0,0.0
2025-09-17,985999.0208620447,0.0,0.0,0.0,0.0,0.0,985999.0208620447,0.0,0.0
2025-09-18,985999.0208620447,0.0,0.0,0.0,0.0,0.0,985999.0208620447,0.0,0.0
2025-09-19,985999.0208620447,0.0,0.0,0.0,0.0,0.0,985999.0208620447,0.0,0.0
2025-09-22,985999.0208620447,0.0,0.0,0.0,0.0,0.0,985999.0208620447,0.0,0.0
2025-09-23,985999.0208620447,0.0,0.0,0.0,0.0,0.0,985999.0208620447,0.0,0.0
2025-09-24,985999.0208620447,0.0,0.0,0.0,0.0,0.0,985999.0208620447,0.0,0.0
2025-09-25,985999.0208620447,0.0,0.0,0.0,0.0,0.0,985999.0208620447,0.0,0.0
2025-09-26,985999.0208620447,0.0,0.0,0.0,0.0,0.0,985999.0208620447,0.0,0.0
2025-09-29,985999.0208620447,0.0,0.0,0.0,0.0,0.0,985999.0208620447,0.0,0.0
2025-09-30,985999.0208620447,0.0,0.0,0.0,0.0,0.0,985999.0208620447,0.0,0.0
2025-10-01,985999.0208620447,0.0,0.0,0.0,0.0,0.0,985999.0208620447,0.0,0.0
2025-10-02,985999.0208620447,0.0,0.0,0.0,0.0,0.0,985999.0208620447,0.0,0.0
2025-10-03,985999.0208620447,0.0,0.0,0.0,0.0,0.0,985999.0208620447,0.0,0.0
2025-10-06,985999.0208620447,0.0,0.0,0.0,0.0,0.0,985999.0208620447,0.0,0.0
2025-10-07,985999.0208620447,0.0,0.0,0.0,0.0,0.0,985999.0208620447,0.0,0.0
2025-10-08,985999.0208620447,0.0,0.0,0.0,0.0,0.0,985999.0208620447,0.0,0.0
2025-10-09,985999.0208620447,0.0,0.0,0.0,0.0,0.0,985999.0208620447,0.0,0.0
2025-10-10,985999.0208620447,0.0,0.0,0.0,0.0,0.0,985999.0208620447,0.0,0.0
2025-10-13,985999.0208620447,0.0,0.0,0.0,0.0,0.0,985999.0208620447,0.0,0.0
2025-10-14,985999.0208620447,0.0,0.0,0.0,0.0,0.0,985999.0208620447,0.0,0.0
2025-10-15,985999.0208620447,0.0,0.0,0.0,0.0,0.0,985999.0208620447,0.0,0.0
2025-10-16,985999.0208620447,0.0,0.0,0.0,0.0,0.0,985999.0208620447,0.0,0.0
2025-10-17,985999.0208620447,0.0,0.0,0.0,0.0,0.0,985999.0208620447,0.0,0.0
2025-10-20,985999.0208620447,0.0,0.0,0.0,0.0,0.0,985999.0208620447,0.0,0.0
2025-10-21,985999.0208620447,0.0,0.0,0.0,0.0,0.0,985999.0208620447,0.0,0.0
2025-10-22,985999.0208620447,0.0,0.0,0.0,0.0,0.0,985999.0208620447,0.0,0.0
2025-10-23,985999.0208620447,0.0,0.0,0.0,0.0,0.0,985999.0208620447,0.0,0.0
2025-10-24,985999.0208620447,0.0,0.0,0.0,0.0,0.0,985999.0208620447,0.0,0.0
2025-10-27,985999.0208620447,0.0,0.0,0.0,0.0,0.0,985999.0208620447,0.0,0.0
2025-10-28,985999.0208620447,0.0,0.0,0.0,0.0,0.0,985999.0208620447,0.0,0.0
2025-10-29,985999.0208620447,0.0,0.0,0.0,0.0,0.0,985999.0208620447,0.0,0.0
2025-10-30,985999.0208620447,0.0,0.0,0.0,0.0,0.0,985999.0208620447,0.0,0.0
2025-10-31,985999.0208620447,0.0,0.0,0.0,0.0,0.0,985999.0208620447,0.0,0.0
2025-11-03,985999.0208620447,0.0,0.0,0.0,0.0,0.0,985999.0208620447,0.0,0.0
2025-11-04,985999.0208620447,0.0,0.0,0.0,0.0,0.0,985999.0208620447,0.0,0.0
2025-11-05,985999.0208620447,0.0,0.0,0.0,0.0,0.0,985999.0208620447,0.0,0.0
2025-11-06,985999.0208620447,0.0,0.0,0.0,0.0,0.0,985999.0208620447,0.0,0.0
2025-11-07,985999.0208620447,0.0,0.0,0.0,0.0,0.0,985999.0208620447,0.0,0.0
2025-11-10,985999.0208620447,0.0,0.0,0.0,0.0,0.0,985999.0208620447,0.0,0.0
2025-11-11,985999.0208620447,0.0,0.0,0.0,0.0,0.0,985999.0208620447,0.0,0.0
2025-11-12,985999.0208620447,0.0,0.0,0.0,0.0,0.0,985999.0208620447,0.0,0.0
2025-11-13,985999.0208620447,0.0,0.0,0.0,0.0,0.0,985999.0208620447,0.0,0.0
2025-11-14,985999.0208620447,0.0,0.0,0.0,0.0,0.0,985999.0208620447,0.0,0.0
2025-11-17,985999.0208620447,0.0,0.0,0.0,0.0,0.0,985999.0208620447,0.0,0.0
2025-11-18,985999.0208620447,0.0,0.0,0.0,0.0,0.0,985999.0208620447,0.0,0.0
2025-11-19,985999.0208620447,0.0,0.0,0.0,0.0,0.0,985999.0208620447,0.0,0.0
2025-11-20,985999.0208620447,0.0,0.0,0.0,0.0,0.0,985999.0208620447,0.0,0.0
2025-11-21,985999.0208620447,0.0,0.0,0.0,0.0,0.0,985999.0208620447,0.0,0.0
2025-11-24,985999.0208620447,0.0,0.0,0.0,0.0,0.0,985999.0208620447,0.0,0.0
2025-11-25,985999.0208620447,0.0,0.0,0.0,0.0,0.0,985999.0208620447,0.0,0.0
2025-11-26,985999.0208620447,0.0,0.0,0.0,0.0,0.0,985999.0208620447,0.0,0.0
2025-11-28,985999.0208620447,0.0,0.0,0.0,0.0,0.0,985999.0208620447,0.0,0.0
2025-12-01,985999.0208620447,0.0,0.0,0.0,0.0,0.0,985999.0208620447,0.0,0.0
2025-12-02,985999.0208620447,0.0,0.0,0.0,0.0,0.0,985999.0208620447,0.0,0.0
2025-12-03,985999.0208620447,0.0,0.0,0.0,0.0,0.0,985999.0208620447,0.0,0.0
2025-12-04,985999.0208620447,0.0,0.0,0.0,0.0,0.0,985999.0208620447,0.0,0.0
2025-12-05,985999.0208620447,0.0,0.0,0.0,0.0,0.0,985999.0208620447,0.0,0.0
2025-12-08,985999.0208620447,0.0,0.0,0.0,0.0,0.0,985999.0208620447,0.0,0.0
2025-12-09,985999.0208620447,0.0,0.0,0.0,0.0,0.0,985999.0208620447,0.0,0.0
2025-12-10,985999.0208620447,0.0,0.0,0.0,0.0,0.0,985999.0208620447,0.0,0.0
2025-12-11,985999.0208620447,0.0,0.0,0.0,0.0,0.0,985999.0208620447,0.0,0.0
2025-12-12,985999.0208620447,0.0,0.0,0.0,0.0,0.0,985999.0208620447,0.0,0.0
2025-12-15,985999.0208620447,0.0,0.0,0.0,0.0,0.0,985999.0208620447,0.0,0.0
2025-12-16,985999.0208620447,0.0,0.0,0.0,0.0,0.0,985999.0208620447,0.0,0.0
2025-12-17,985999.0208620447,0.0,0.0,0.0,0.0,0.0,985999.0208620447,0.0,0.0
2025-12-18,985999.0208620447,0.0,0.0,0.0,0.0,0.0,985999.0208620447,0.0,0.0
2025-12-19,985999.0208620447,0.0,0.0,0.0,0.0,0.0,985999.0208620447,0.0,0.0
2025-12-22,985999.0208620447,0.0,0.0,0.0,0.0,0.0,985999.0208620447,0.0,0.0
2025-12-23,985999.0208620447,0.0,0.0,0.0,0.0,0.0,985999.0208620447,0.0,0.0
2025-12-24,985999.0208620447,0.0,0.0,0.0,0.0,0.0,985999.0208620447,0.0,0.0
2025-12-26,985999.0208620447,0.0,0.0,0.0,0.0,0.0,985999.0208620447,0.0,0.0
2025-12-29,985999.0208620447,0.0,0.0,0.0,0.0,0.0,985999.0208620447,0.0,0.0
2025-12-30,985999.0208620447,0.0,0.0,0.0,0.0,0.0,985999.0208620447,0.0,0.0
2025-12-31,985999.0208620447,0.0,0.0,0.0,0.0,0.0,985999.0208620447,0.0,0.0
2026-01-02,985999.0208620447,0.0,0.0,0.0,0.0,0.0,985999.0208620447,0.0,0.0
2026-01-05,985999.0208620447,0.0,0.0,0.0,0.0,0.0,985999.0208620447,0.0,0.0
2026-01-06,985999.0208620447,0.0,0.0,0.0,0.0,0.0,985999.0208620447,0.0,0.0
2026-01-07,985999.0208620447,0.0,0.0,0.0,0.0,0.0,985999.0208620447,0.0,0.0
2026-01-08,985999.0208620447,0.0,0.0,0.0,0.0,0.0,985999.0208620447,0.0,0.0
2026-01-09,985999.0208620447,0.0,0.0,0.0,0.0,0.0,985999.0208620447,0.0,0.0
2026-01-12,985999.0208620447,0.0,0.0,0.0,0.0,0.0,985999.0208620447,0.0,0.0
2026-01-13,985999.0208620447,0.0,0.0,0.0,0.0,0.0,985999.0208620447,0.0,0.0
2026-01-14,985999.0208620447,0.0,0.0,0.0,0.0,0.0,985999.0208620447,0.0,0.0
2026-01-15,985999.0208620447,0.0,0.0,0.0,0.0,0.0,985999.0208620447,0.0,0.0
2026-01-16,985999.0208620447,0.0,0.0,0.0,0.0,0.0,985999.0208620447,0.0,0.0
2026-01-20,985999.0208620447,0.0,0.0,0.0,0.0,0.0,985999.0208620447,0.0,0.0
2026-01-21,985999.0208620447,0.0,0.0,0.0,0.0,0.0,985999.0208620447,0.0,0.0
2026-01-22,985999.0208620447,0.0,0.0,0.0,0.0,0.0,985999.0208620447,0.0,0.0
2026-01-23,985999.0208620447,0.0,0.0,0.0,0.0,0.0,985999.0208620447,0.0,0.0
2026-01-26,985999.0208620447,0.0,0.0,0.0,0.0,0.0,985999.0208620447,0.0,0.0
2026-01-27,985999.0208620447,0.0,0.0,0.0,0.0,0.0,985999.0208620447,0.0,0.0
2026-01-28,985999.0208620447,0.0,0.0,0.0,0.0,0.0,985999.0208620447,0.0,0.0
2026-01-29,985999.0208620447,0.0,0.0,0.0,0.0,0.0,985999.0208620447,0.0,0.0
2026-01-30,985999.0208620447,0.0,0.0,0.0,0.0,0.0,985999.0208620447,0.0,0.0
2026-02-02,985999.0208620447,0.0,0.0,0.0,0.0,0.0,985999.0208620447,0.0,0.0
2026-02-03,985999.0208620447,0.0,0.0,0.0,0.0,0.0,985999.0208620447,0.0,0.0
2026-02-04,985999.0208620447,0.0,0.0,0.0,0.0,0.0,985999.0208620447,0.0,0.0
2026-02-05,985999.0208620447,0.0,0.0,0.0,0.0,0.0,985999.0208620447,0.0,0.0
2026-02-06,985999.0208620447,0.0,0.0,0.0,0.0,0.0,985999.0208620447,0.0,0.0
2026-02-09,985999.0208620447,0.0,0.0,0.0,0.0,0.0,985999.0208620447,0.0,0.0
2026-02-10,985999.0208620447,0.0,0.0,0.0,0.0,0.0,985999.0208620447,0.0,0.0
2026-02-11,985999.0208620447,0.0,0.0,0.0,0.0,0.0,985999.0208620447,0.0,0.0
2026-02-12,985999.0208620447,0.0,0.0,0.0,0.0,0.0,985999.0208620447,0.0,0.0
2026-02-13,985999.0208620447,0.0,0.0,0.0,0.0,0.0,985999.0208620447,0.0,0.0
2026-02-17,985999.0208620447,0.0,0.0,0.0,0.0,0.0,985999.0208620447,0.0,0.0
2026-02-18,985999.0208620447,0.0,0.0,0.0,0.0,0.0,985999.0208620447,0.0,0.0
2026-02-19,985999.0208620447,0.0,0.0,0.0,0.0,0.0,985999.0208620447,0.0,0.0
2026-02-20,985999.0208620447,0.0,0.0,0.0,0.0,0.0,985999.0208620447,0.0,0.0
2026-02-23,985999.0208620447,0.0,0.0,0.0,0.0,0.0,985999.0208620447,0.0,0.0
2026-02-24,985999.0208620447,0.0,0.0,0.0,0.0,0.0,985999.0208620447,0.0,0.0
2026-02-25,985999.0208620447,0.0,0.0,0.0,0.0,0.0,985999.0208620447,0.0,0.0
2026-02-26,985999.0208620447,0.0,0.0,0.0,0.0,0.0,985999.0208620447,0.0,0.0
2026-02-27,985999.0208620447,0.0,0.0,0.0,0.0,0.0,985999.0208620447,0.0,0.0
2026-03-02,985999.0208620447,0.0,0.0,0.0,0.0,0.0,985999.0208620447,0.0,0.0
2026-03-03,985999.0208620447,0.0,0.0,0.0,0.0,0.0,985999.0208620447,0.0,0.0
2026-03-04,985999.0208620447,0.0,0.0,0.0,0.0,0.0,985999.0208620447,0.0,0.0
2026-03-05,985999.0208620447,0.0,0.0,0.0,0.0,0.0,985999.0208620447,0.0,0.0
2026-03-06,985999.0208620447,0.0,0.0,0.0,0.0,0.0,985999.0208620447,0.0,0.0
2026-03-09,985999.0208620447,0.0,0.0,0.0,0.0,0.0,985999.0208620447,0.0,0.0
2026-03-10,985999.0208620447,0.0,0.0,0.0,0.0,0.0,985999.0208620447,0.0,0.0
2026-03-11,985999.0208620447,0.0,0.0,0.0,0.0,0.0,985999.0208620447,0.0,0.0
2026-03-12,985999.0208620447,0.0,0.0,0.0,0.0,0.0,985999.0208620447,0.0,0.0
2026-03-13,985999.0208620447,0.0,0.0,0.0,0.0,0.0,985999.0208620447,0.0,0.0
2026-03-16,985999.0208620447,0.0,0.0,0.0,0.0,0.0,985999.0208620447,0.0,0.0
2026-03-17,985999.0208620447,0.0,0.0,0.0,0.0,0.0,985999.0208620447,0.0,0.0
2026-03-18,985999.0208620447,0.0,0.0,0.0,0.0,0.0,985999.0208620447,0.0,0.0
2026-03-19,985999.0208620447,0.0,0.0,0.0,0.0,0.0,985999.0208620447,0.0,0.0
2026-03-20,985999.0208620447,0.0,0.0,0.0,0.0,0.0,985999.0208620447,0.0,0.0
2026-03-23,985999.0208620447,0.0,0.0,0.0,0.0,0.0,985999.0208620447,0.0,0.0
2026-03-24,985999.0208620447,0.0,0.0,0.0,0.0,0.0,985999.0208620447,0.0,0.0
2026-03-25,985999.0208620447,0.0,0.0,0.0,0.0,0.0,985999.0208620447,0.0,0.0
2026-03-26,985999.0208620447,0.0,0.0,0.0,0.0,0.0,985999.0208620447,0.0,0.0
2026-03-27,985999.0208620447,0.0,0.0,0.0,0.0,0.0,985999.0208620447,0.0,0.0
2026-03-30,985999.0208620447,0.0,0.0,0.0,0.0,0.0,985999.0208620447,0.0,0.0
2026-03-31,985999.0208620447,0.0,0.0,0.0,0.0,0.0,985999.0208620447,0.0,0.0
2026-04-01,985999.0208620447,0.0,0.0,0.0,0.0,0.0,985999.0208620447,0.0,0.0
2026-04-02,985999.0208620447,0.0,0.0,0.0,0.0,0.0,985999.0208620447,0.0,0.0
2026-04-06,985999.0208620447,0.0,0.0,0.0,0.0,0.0,985999.0208620447,0.0,0.0
2026-04-07,985999.0208620447,0.0,0.0,0.0,0.0,0.0,985999.0208620447,2.143376701735099,0.0
2026-04-08,985885.6309746455,0.0,113.38988739913513,-0.000115,0.1,9858.856309746458,976026.774664899,0.0,0.1
2026-04-09,984795.2886159926,-976.9655110907734,113.37684756208424,-0.0011048573150260407,0.0,0.0,984795.2886159926,0.0,0.0
2026-04-10,984795.2886159926,0.0,0.0,0.0,0.0,0.0,984795.2886159926,0.0,0.0
2026-04-13,984795.2886159926,0.0,0.0,0.0,0.0,0.0,984795.2886159926,0.8940638222555325,0.0
2026-04-14,984682.0371578018,0.0,113.25145819083916,-0.000115,0.1,9846.82037157802,974835.2167862238,0.6069112617527991,0.1
2026-04-15,984973.117151894,291.0799940922556,0.0,0.0002956955181007899,0.1,9849.731171518943,975123.3859803751,0.24490959931009995,0.1
2026-04-16,985647.8237371431,787.9784937215153,113.27190847246781,0.0006855484387510008,0.0,0.0,985647.8237371431,-0.11962842010775895,0.0
2026-04-17,985647.8237371431,0.0,0.0,0.0,0.0,0.0,985647.8237371431,-0.11434451806468726,0.0
2026-04-20,985647.8237371431,0.0,0.0,0.0,0.0,0.0,985647.8237371431,0.030279536441104146,0.0
2026-04-21,985647.8237371431,0.0,0.0,0.0,0.0,0.0,985647.8237371431,-0.0862280029238566,0.0
2026-04-22,985647.8237371431,0.0,0.0,0.0,0.0,0.0,985647.8237371431,-0.1019697391869515,0.0
2026-04-23,985647.8237371431,0.0,0.0,0.0,0.0,0.0,985647.8237371431,-0.22824986294927188,0.0
2026-04-24,985647.8237371431,0.0,0.0,0.0,0.0,0.0,985647.8237371431,-0.3474584533541541,0.0
2026-04-27,985647.8237371431,0.0,0.0,0.0,0.0,0.0,985647.8237371431,-1.640341992832098,0.0
2026-04-28,985534.4742374133,0.0,113.34949972977147,-0.00011500000000000002,0.1,9855.344742374135,975679.1294950391,-1.5493347287021846,-0.1
2026-04-29,986559.4908323443,1025.016594931054,0.0,0.0010411444877183513,0.1,9865.594908323445,976693.8959240208,-1.4687544340806546,-0.1
2026-04-30,989401.2737175756,2841.7828852313537,0.0,0.0028888194878201124,0.1,9894.012737175757,979507.2609803998,-1.0156342326535432,-0.1
2026-05-01,989282.3076325594,-118.96608501614136,0.0,-0.0001202260249268625,0.1,9892.823076325596,979389.4845562339,-0.23518830712762184,-0.1
2026-05-04,988376.4806734807,-792.0594937010084,113.76746537774434,-0.000914908,0.0,0.0,988376.4806734807,1.1621845148976853,0.0
2026-05-05,988262.8173782033,0.0,113.66329527745027,-0.000115,0.1,9882.628173782035,978380.1892044212,0.8596043400096597,0.1
2026-05-06,986579.6446965372,-1683.1726816660398,0.0,-0.0017002671848433326,0.1,9865.796446965374,976713.8482495717,0.6486165700966493,0.1
2026-05-07,985887.7365298771,-691.9081666601128,0.0,-0.0007008286267881438,0.1,9858.877365298773,976028.8591645783,0.5114864428120227,0.1
2026-05-08,986829.7979316297,942.061401752687,0.0,0.0009564602653137606,0.1,9868.2979793163,976961.4999523134,0.41179583472569625,0.1
2026-05-11,989112.3190101336,2396.0065052660966,113.48542676213742,0.0023186130935192437,0.0,0.0,989112.3190101336,1.406784991596412,0.0
2026-05-12,988998.5710934475,0.0,113.74791668616537,-0.000115,0.1,9889.985710934478,979108.585382513,0.0,0.1
2026-05-13,988884.8362577717,0.0,113.73483567574647,-0.000115,0.0,0.0,988884.8362577717,0.0,0.0
2026-05-14,988884.8362577717,0.0,0.0,0.0,0.0,0.0,988884.8362577717,0.0,0.0
2026-05-15,988884.8362577717,0.0,0.0,0.0,0.0,0.0,988884.8362577717,0.0,0.0
2026-05-18,988884.8362577717,0.0,0.0,0.0,0.0,0.0,988884.8362577717,0.0,0.0
2026-05-19,988884.8362577717,0.0,0.0,0.0,0.0,0.0,988884.8362577717,0.0,0.0
2026-05-20,988884.8362577717,0.0,0.0,0.0,0.0,0.0,988884.8362577717,0.0,0.0
2026-05-21,988884.8362577717,0.0,0.0,0.0,0.0,0.0,988884.8362577717,0.0,0.0
2026-05-22,988884.8362577717,0.0,0.0,0.0,0.0,0.0,988884.8362577717,0.0,0.0
2026-05-26,988884.8362577717,0.0,0.0,0.0,0.0,0.0,988884.8362577717,0.0,0.0
2026-05-27,988884.8362577717,0.0,0.0,0.0,0.0,0.0,988884.8362577717,0.0,0.0
2026-05-28,988884.8362577717,0.0,0.0,0.0,0.0,0.0,988884.8362577717,0.0,0.0
2026-05-29,988884.8362577717,0.0,0.0,0.0,0.0,0.0,988884.8362577717,0.0,0.0
2026-06-01,988884.8362577717,0.0,0.0,0.0,0.0,0.0,988884.8362577717,0.0,0.0
2026-06-02,988884.8362577717,0.0,0.0,0.0,0.0,0.0,988884.8362577717,0.0,0.0
2026-06-03,988884.8362577717,0.0,0.0,0.0,0.0,0.0,988884.8362577717,0.0,0.0
2026-06-04,988884.8362577717,0.0,0.0,0.0,0.0,0.0,988884.8362577717,0.0,0.0
2026-06-05,988884.8362577717,0.0,0.0,0.0,0.0,0.0,988884.8362577717,0.0,0.0
2026-06-08,988884.8362577717,0.0,0.0,0.0,0.0,0.0,988884.8362577717,0.0,0.0
2026-06-09,988884.8362577717,0.0,0.0,0.0,0.0,0.0,988884.8362577717,0.0,0.0
2026-06-10,988884.8362577717,0.0,0.0,0.0,0.0,0.0,988884.8362577717,-0.7703680279213354,0.0
2026-06-11,988771.114501602,0.0,113.72175616964375,-0.000115,0.1,9887.711145016023,978883.403356586,-1.2843661361839482,-0.1
2026-06-12,989150.2768377977,379.1623361957571,0.0,0.00038361536166403826,0.1,9891.502768377979,979258.7740694197,-1.748366386175847,-0.1
2026-06-15,988261.8185053087,-888.4583324890399,0.0,-0.0008973975471133713,0.1,9882.618185053088,978379.2003202556,-2.3344776954749373,-0.1
2026-06-16,987214.4872012547,-1047.3313040539517,0.0,-0.0010586491636671608,0.1,9872.144872012548,977342.3423292422,-1.7385745762151503,-0.1
2026-06-17,984440.0169561841,-2774.470245070641,0.0,-0.002802526456686327,0.1,9844.400169561843,974595.6167866222,-1.4745629403789626,-0.1
2026-06-18,985564.6322346326,1124.615278448517,0.0,0.0011436974103422924,0.1,9855.646322346329,975708.9859122863,-1.4112656058364688,-0.1
2026-06-22,986906.9200127483,1342.2877781156783,0.0,0.0013638054304252597,0.1,9869.069200127486,977037.8508126208,-1.5864298337830904,-0.1
2026-06-23,988682.5266052398,1775.6065924915558,0.0,0.0018024060024311524,0.1,9886.8252660524,978795.7013391874,-1.5729698547309767,-0.1
2026-06-24,988851.0281010396,168.50149579978523,0.0,0.0001704593880507969,0.1,9888.510281010398,978962.5178200292,-1.5040616287873747,-0.1
2026-06-25,987964.7339657377,-886.2941353018282,0.0,-0.0008954842011001665,0.1,9879.64733965738,978085.0866260803,-1.62290004620043,-0.1
2026-06-26,990096.12996541,2131.395999672277,0.0,0.002162024672516851,0.1,9900.961299654102,980195.1686657559,-1.5213759336324026,-0.1
2026-06-29,991594.3299026685,1498.1999372585108,0.0,0.0015154795410261964,0.1,9915.943299026687,981678.3866036418,-1.8867006291352595,-0.1
2026-06-30,989635.5175740636,-1958.8123286049204,0.0,-0.0019715224534501644,0.1,9896.355175740639,979739.162398323,-1.946545550797683,-0.1
2026-07-01,989635.5175740636,0.0,0.0,0.0,0.0,0.0,989635.5175740636,0.0,0.0
2026-07-02,989635.5175740636,0.0,0.0,0.0,0.0,0.0,989635.5175740636,0.0,0.0
2026-07-06,989635.5175740636,0.0,0.0,0.0,0.0,0.0,989635.5175740636,0.0,0.0
2026-07-07,989635.5175740636,0.0,0.0,0.0,0.0,0.0,989635.5175740636,0.0,0.0
2026-07-08,989635.5175740636,0.0,0.0,0.0,0.0,0.0,989635.5175740636,0.0,0.0
2026-07-09,989635.5175740636,0.0,0.0,0.0,0.0,0.0,989635.5175740636,0.0,0.0
2026-07-10,989635.5175740636,0.0,0.0,0.0,0.0,0.0,989635.5175740636,0.0,0.0
2026-07-13,989635.5175740636,0.0,0.0,0.0,0.0,0.0,989635.5175740636,0.0,0.0
2026-07-14,989635.5175740636,0.0,0.0,0.0,0.0,0.0,989635.5175740636,0.0,0.0
2026-07-15,989635.5175740636,0.0,0.0,0.0,0.0,0.0,989635.5175740636,0.0,0.0
2026-07-16,989635.5175740636,0.0,0.0,0.0,0.0,0.0,989635.5175740636,0.0,0.0
2026-07-17,989635.5175740636,0.0,0.0,0.0,0.0,0.0,989635.5175740636,0.0,0.0
2026-07-20,989635.5175740636,0.0,0.0,0.0,0.0,0.0,989635.5175740636,0.0,0.0
2026-07-21,989635.5175740636,0.0,0.0,0.0,0.0,0.0,989635.5175740636,0.0,0.0
2026-07-22,989635.5175740636,0.0,0.0,0.0,0.0,0.0,989635.5175740636,0.0,0.0
2026-07-23,989635.5175740636,0.0,0.0,0.0,0.0,0.0,989635.5175740636,0.0,0.0
2026-07-24,989635.5175740636,0.0,0.0,0.0,0.0,0.0,989635.5175740636,0.0,0.0
2026-07-27,989635.5175740636,0.0,0.0,0.0,0.0,0.0,989635.5175740636,0.0,0.0
2026-07-28,989635.5175740636,0.0,0.0,0.0,0.0,0.0,989635.5175740636,0.0,0.0
2026-07-29,989635.5175740636,0.0,0.0,0.0,0.0,0.0,989635.5175740636,0.0,0.0
2026-07-30,989635.5175740636,0.0,0.0,0.0,0.0,0.0,989635.5175740636,0.0,0.0
2026-07-31,989635.5175740636,0.0,0.0,0.0,0.0,0.0,989635.5175740636,0.0,0.0
2026-08-03,989635.5175740636,0.0,0.0,0.0,0.0,0.0,989635.5175740636,0.0,0.0
2026-08-04,989635.5175740636,0.0,0.0,0.0,0.0,0.0,989635.5175740636,0.0,0.0
2026-08-05,989635.5175740636,0.0,0.0,0.0,0.0,0.0,989635.5175740636,0.0,0.0
2026-08-06,989635.5175740636,0.0,0.0,0.0,0.0,0.0,989635.5175740636,0.0,0.0
2026-08-07,989635.5175740636,0.0,0.0,0.0,0.0,0.0,989635.5175740636,0.0,0.0
2026-08-10,989635.5175740636,0.0,0.0,0.0,0.0,0.0,989635.5175740636,0.0,0.0
2026-08-11,989635.5175740636,0.0,0.0,0.0,0.0,0.0,989635.5175740636,0.0,0.0
2026-08-12,989635.5175740636,0.0,0.0,0.0,0.0,0.0,989635.5175740636,0.0,0.0
2026-08-13,989635.5175740636,0.0,0.0,0.0,0.0,0.0,989635.5175740636,0.0,0.0
2026-08-14,989635.5175740636,0.0,0.0,0.0,0.0,0.0,989635.5175740636,0.0,0.0
2026-08-17,989635.5175740636,0.0,0.0,0.0,0.0,0.0,989635.5175740636,0.0,0.0
2026-08-18,989635.5175740636,0.0,0.0,0.0,0.0,0.0,989635.5175740636,0.0,0.0
2026-08-19,989635.5175740636,0.0,0.0,0.0,0.0,0.0,989635.5175740636,0.0,0.0
2026-08-20,989635.5175740636,0.0,0.0,0.0,0.0,0.0,989635.5175740636,0.0,0.0
2026-08-21,989635.5175740636,0.0,0.0,0.0,0.0,0.0,989635.5175740636,0.0,0.0
2026-08-24,989635.5175740636,0.0,0.0,0.0,0.0,0.0,989635.5175740636,0.0,0.0
2026-08-25,989635.5175740636,0.0,0.0,0.0,0.0,0.0,989635.5175740636,0.0,0.0
2026-08-26,989635.5175740636,0.0,0.0,0.0,0.0,0.0,989635.5175740636,0.0,0.0
2026-08-27,989635.5175740636,0.0,0.0,0.0,0.0,0.0,989635.5175740636,0.0,0.0
2026-08-28,989635.5175740636,0.0,0.0,0.0,0.0,0.0,989635.5175740636,0.0,0.0
2026-08-31,989635.5175740636,0.0,0.0,0.0,0.0,0.0,989635.5175740636,0.0,0.0
2026-09-01,989635.5175740636,0.0,0.0,0.0,0.0,0.0,989635.5175740636,0.0,0.0
2026-09-02,989635.5175740636,0.0,0.0,0.0,0.0,0.0,989635.5175740636,0.0,0.0
2026-09-03,989635.5175740636,0.0,0.0,0.0,0.0,0.0,989635.5175740636,0.0,0.0
2026-09-04,989635.5175740636,0.0,0.0,0.0,0.0,0.0,989635.5175740636,0.0,0.0
2026-09-08,989635.5175740636,0.0,0.0,0.0,0.0,0.0,989635.5175740636,0.0,0.0
2026-09-09,989635.5175740636,0.0,0.0,0.0,0.0,0.0,989635.5175740636,0.0,0.0
2026-09-10,989635.5175740636,0.0,0.0,0.0,0.0,0.0,989635.5175740636,0.0,0.0
2026-09-11,989635.5175740636,0.0,0.0,0.0,0.0,0.0,989635.5175740636,0.0,0.0
2026-09-14,989635.5175740636,0.0,0.0,0.0,0.0,0.0,989635.5175740636,0.0,0.0
2026-09-15,989635.5175740636,0.0,0.0,0.0,0.0,0.0,989635.5175740636,0.0,0.0
2026-09-16,989635.5175740636,0.0,0.0,0.0,0.0,0.0,989635.5175740636,0.0,0.0
2026-09-17,989635.5175740636,0.0,0.0,0.0,0.0,0.0,989635.5175740636,0.0,0.0
2026-09-18,989635.5175740636,0.0,0.0,0.0,0.0,0.0,989635.5175740636,0.0,0.0
2026-09-21,989635.5175740636,0.0,0.0,0.0,0.0,0.0,989635.5175740636,0.0,0.0
2026-09-22,989635.5175740636,0.0,0.0,0.0,0.0,0.0,989635.5175740636,0.0,0.0
2026-09-23,989635.5175740636,0.0,0.0,0.0,0.0,0.0,989635.5175740636,0.0,0.0
2026-09-24,989635.5175740636,0.0,0.0,0.0,0.0,0.0,989635.5175740636,0.0,0.0
2026-09-25,989635.5175740636,0.0,0.0,0.0,0.0,0.0,989635.5175740636,0.0,0.0
2026-09-28,989635.5175740636,0.0,0.0,0.0,0.0,0.0,989635.5175740636,0.0,0.0
2026-09-29,989635.5175740636,0.0,0.0,0.0,0.0,0.0,989635.5175740636,0.0,0.0
2026-09-30,989635.5175740636,0.0,0.0,0.0,0.0,0.0,989635.5175740636,0.0,0.0
2026-10-01,989635.5175740636,0.0,0.0,0.0,0.0,0.0,989635.5175740636,0.0,0.0
