date,portfolio_value,daily_pnl,transaction_costs,portfolio_return,cocoa_signal,cocoa_position
2003-01-21,1000000.0,0.0,0.0,0.0,0.0,0.0
2003-01-22,1000000.0,0.0,0.0,0.0,0.0,0.0
2003-01-23,1000000.0,0.0,0.0,0.0,0.0,0.0
2003-01-24,1000000.0,0.0,0.0,0.0,0.0,0.0
2003-01-27,1000000.0,0.0,0.0,0.0,0.0,0.0
2003-01-28,1000000.0,0.0,0.0,0.0,0.0,0.0
2003-01-29,1000000.0,0.0,0.0,0.0,0.0,0.0
2003-01-30,1000000.0,0.0,0.0,0.0,0.0,0.0
2003-01-31,1000000.0,0.0,0.0,0.0,0.0,0.0
2003-02-03,1000000.0,0.0,0.0,0.0,0.0,0.0
2003-02-04,1000000.0,0.0,0.0,0.0,0.0,0.0
2003-02-05,1000000.0,0.0,0.0,0.0,0.0,0.0
2003-02-06,1000000.0,0.0,0.0,0.0,0.0,0.0
2003-02-07,1000000.0,0.0,0.0,0.0,0.0,0.0
2003-02-10,1000000.0,0.0,0.0,0.0,0.0,0.0
2003-02-11,1000000.0,0.0,0.0,0.0,0.0,0.0
2003-02-12,1000000.0,0.0,0.0,0.0,0.0,0.0
2003-02-13,1000000.0,0.0,0.0,0.0,0.0,0.0
2003-02-14,1000000.0,0.0,0.0,0.0,0.0,0.0
2003-02-19,1000000.0,0.0,0.0,0.0,0.0,0.0
2003-02-20,1000000.0,0.0,0.0,0.0,0.0,0.0
2003-02-21,1000000.0,0.0,0.0,0.0,0.0,0.0
2003-02-24,1000000.0,0.0,0.0,0.0,0.0,0.0
2003-02-25,1000000.0,0.0,0.0,0.0,0.0,0.0
2003-02-26,1000000.0,0.0,0.0,0.0,0.0,0.0
2003-02-27,1000000.0,0.0,0.0,0.0,0.0,0.0
2003-02-28,1000000.0,0.0,0.0,0.0,0.0,0.0
2003-03-03,1000000.0,0.0,0.0,0.0,0.0,0.0
2003-03-04,1000000.0,0.0,0.0,0.0,0.0,0.0
2003-03-05,1000000.0,0.0,0.0,0.0,0.0,0.0
2003-03-06,1000000.0,0.0,0.0,0.0,0.0,0.0
2003-03-07,1000000.0,0.0,0.0,0.0,0.0,0.0
2003-03-10,1000000.0,0.0,0.0,0.0,0.0,0.0
2003-03-11,1000000.0,0.0,0.0,0.0,0.0,0.0
2003-03-12,1000000.0,0.0,0.0,0.0,0.0,0.0
2003-03-13,1000000.0,0.0,0.0,0.0,0.0,0.0
2003-03-14,1000000.0,0.0,0.0,0.0,0.0,0.0
2003-03-17,1000000.0,0.0,0.0,0.0,0.0,0.0
2003-03-18,1000000.0,0.0,0.0,0.0,0.0,0.0
2003-03-19,1000000.0,0.0,0.0,0.0,0.0,0.0
2003-03-20,1000000.0,0.0,0.0,0.0,0.0,0.0
2003-03-21,1000000.0,0.0,0.0,0.0,0.0,0.0
2003-03-24,1000000.0,0.0,0.0,0.0,0.0,0.0
2003-03-25,1000000.0,0.0,0.0,0.0,0.0,0.0
2003-03-26,1000000.0,0.0,0.0,0.0,0.0,0.0
2003-03-27,1000000.0,0.0,0.0,0.0,0.0,0.0
2003-03-28,1000000.0,0.0,0.0,0.0,0.0,0.0
2003-03-31,1000000.0,0.0,0.0,0.0,0.0,0.0
2003-04-01,1000000.0,0.0,0.0,0.0,0.007977563375496892,0.0
2003-04-02,1000000.0,0.0,0.0,0.0,0.008178991237619913,0.0
2003-04-03,1000000.0,0.0,0.0,0.0,0.007946383681339023,0.0
2003-04-04,1000000.0,0.0,0.0,0.0,0.0076233739727761644,0.0
2003-04-07,999500.0,0.0,500.0,-0.0005,1.999907515664215,0.5
2003-04-08,1011872.5984848485,12872.348484848484,499.75,0.012540291634689178,0.0,0.0
2003-04-09,1011872.5984848485,0.0,0.0,0.0,0.0,0.0
2003-04-10,1011872.5984848485,0.0,0.0,0.0,0.0,0.0
2003-04-11,1011872.5984848485,0.0,0.0,0.0,0.0,0.0
2003-04-14,1011872.5984848485,0.0,0.0,0.0,0.0,0.0
2003-04-15,1011366.6621856061,0.0,505.93629924242424,-0.0005,2.2887861786988424,0.5
2003-04-16,1019225.6207074127,7858.958521806692,0.0,0.007831487982716715,2.1688534615029735,0.5
2003-04-17,1021914.8703662714,2689.2496588586087,0.0,0.0026455026455026454,2.054699293616529,0.5
2003-04-21,1026206.3763835576,4291.506017286179,0.0,0.004217185028993147,2.3362620322359176,0.5
2003-04-22,1048931.1583451235,23237.88514975781,513.1031881917788,0.02265752330226365,0.0,0.0
2003-04-23,1048931.1583451235,0.0,0.0,0.0,0.0,0.0
2003-04-24,1048931.1583451235,0.0,0.0,0.0,0.0,0.0
2003-04-25,1048931.1583451235,0.0,0.0,0.0,0.0,0.0
2003-04-28,1048931.1583451235,0.0,0.0,0.0,0.0,0.0
2003-04-29,1048931.1583451235,0.0,0.0,0.0,0.0,0.0
2003-04-30,1048931.1583451235,0.0,0.0,0.0,0.0,0.0
2003-05-01,1048931.1583451235,0.0,0.0,0.0,0.0,0.0
2003-05-02,1048931.1583451235,0.0,0.0,0.0,0.0,0.0
2003-05-05,1048931.1583451235,0.0,0.0,0.0,0.0,0.0
2003-05-06,1048931.1583451235,0.0,0.0,0.0,0.0,0.0
2003-05-07,1048931.1583451235,0.0,0.0,0.0,0.0,0.0
2003-05-08,1048931.1583451235,0.0,0.0,0.0,0.0,0.0
2003-05-09,1048931.1583451235,0.0,0.0,0.0,0.0,0.0
2003-05-12,1048931.1583451235,0.0,0.0,0.0,0.0,0.0
2003-05-13,1048931.1583451235,0.0,0.0,0.0,0.0,0.0
2003-05-14,1048931.1583451235,0.0,0.0,0.0,0.0,0.0
2003-05-15,1048931.1583451235,0.0,0.0,0.0,0.0,0.0
2003-05-16,1048931.1583451235,0.0,0.0,0.0,0.0,0.0
2003-05-19,1048931.1583451235,0.0,0.0,0.0,0.0,0.0
2003-05-20,1048931.1583451235,0.0,0.0,0.0,0.0,0.0
2003-05-21,1048931.1583451235,0.0,0.0,0.0,0.0,0.0
2003-05-22,1048406.6927659509,0.0,524.4655791725618,-0.0005,0.2878182370727051,0.5
2003-05-23,1050919.351106912,2512.658340960937,0.0,0.0024024024024024027,0.23703215296020144,0.5
2003-05-27,1018747.2443050024,-31646.647126356023,525.459675553456,-0.029718379160636754,0.0,0.0
2003-05-28,1018747.2443050024,0.0,0.0,0.0,0.0,0.0
2003-05-29,1018747.2443050024,0.0,0.0,0.0,0.0,0.0
2003-05-30,1018747.2443050024,0.0,0.0,0.0,0.0,0.0
2003-06-02,1018747.2443050024,0.0,0.0,0.0,0.0,0.0
2003-06-03,1018747.2443050024,0.0,0.0,0.0,0.0,0.0
2003-06-04,1018747.2443050024,0.0,0.0,0.0,0.0,0.0
2003-06-05,1018747.2443050024,0.0,0.0,0.0,0.0,0.0
2003-06-06,1018747.2443050024,0.0,0.0,0.0,0.0,0.0
2003-06-09,1018747.2443050024,0.0,0.0,0.0,0.0,0.0
2003-06-10,1018747.2443050024,0.0,0.0,0.0,0.0,0.0
2003-06-11,1018747.2443050024,0.0,0.0,0.0,0.0,0.0
2003-06-12,1018747.2443050024,0.0,0.0,0.0,0.0,0.0
2003-06-13,1018747.2443050024,0.0,0.0,0.0,0.0,0.0
2003-06-16,1018747.2443050024,0.0,0.0,0.0,0.0,0.0
2003-06-17,1018747.2443050024,0.0,0.0,0.0,0.0,0.0
2003-06-18,1018747.2443050024,0.0,0.0,0.0,0.0,0.0
2003-06-19,1018747.2443050024,0.0,0.0,0.0,0.0,0.0
2003-06-20,1018747.2443050024,0.0,0.0,0.0,0.0,0.0
2003-06-23,1018747.2443050024,0.0,0.0,0.0,0.0,0.0
2003-06-24,1018747.2443050024,0.0,0.0,0.0,0.0,0.0
2003-06-25,1018747.2443050024,0.0,0.0,0.0,0.0,0.0
2003-06-26,1018747.2443050024,0.0,0.0,0.0,0.0,0.0
2003-06-27,1018747.2443050024,0.0,0.0,0.0,0.0,0.0
2003-06-30,1018747.2443050024,0.0,0.0,0.0,0.0,0.0
2003-07-01,1018747.2443050024,0.0,0.0,0.0,0.0,0.0
2003-07-02,1018747.2443050024,0.0,0.0,0.0,0.0,0.0
2003-07-03,1018747.2443050024,0.0,0.0,0.0,0.0,0.0
2003-07-07,1018747.2443050024,0.0,0.0,0.0,0.0,0.0
2003-07-08,1018747.2443050024,0.0,0.0,0.0,0.0,0.0
2003-07-09,1018747.2443050024,0.0,0.0,0.0,0.0,0.0
2003-07-10,1018747.2443050024,0.0,0.0,0.0,0.0,0.0
2003-07-11,1018747.2443050024,0.0,0.0,0.0,0.0,0.0
2003-07-14,1018747.2443050024,0.0,0.0,0.0,0.0,0.0
2003-07-15,1018747.2443050024,0.0,0.0,0.0,0.0,0.0
2003-07-16,1018747.2443050024,0.0,0.0,0.0,0.0,0.0
2003-07-17,1018747.2443050024,0.0,0.0,0.0,0.0,0.0
2003-07-18,1018747.2443050024,0.0,0.0,0.0,0.0,0.0
2003-07-21,1018747.2443050024,0.0,0.0,0.0,0.0,0.0
2003-07-22,1018747.2443050024,0.0,0.0,0.0,0.0,0.0
2003-07-23,1018747.2443050024,0.0,0.0,0.0,0.0,0.0
2003-07-24,1018747.2443050024,0.0,0.0,0.0,0.0,0.0
2003-07-25,1018747.2443050024,0.0,0.0,0.0,0.0,0.0
2003-07-28,1018747.2443050024,0.0,0.0,0.0,0.0,0.0
2003-07-29,1018747.2443050024,0.0,0.0,0.0,0.0,0.0
2003-07-30,1018747.2443050024,0.0,0.0,0.0,0.0,0.0
2003-07-31,1018747.2443050024,0.0,0.0,0.0,0.0,0.0
2003-08-01,1018747.2443050024,0.0,0.0,0.0,0.0,0.0
2003-08-04,1018747.2443050024,0.0,0.0,0.0,0.0,0.0
2003-08-05,1018747.2443050024,0.0,0.0,0.0,0.0,0.0
2003-08-06,1018747.2443050024,0.0,0.0,0.0,0.0,0.0
2003-08-07,1018747.2443050024,0.0,0.0,0.0,0.0,0.0
2003-08-08,1018747.2443050024,0.0,0.0,0.0,0.0,0.0
2003-08-11,1018747.2443050024,0.0,0.0,0.0,0.0,0.0
2003-08-12,1018747.2443050024,0.0,0.0,0.0,0.0,0.0
2003-08-13,1018747.2443050024,0.0,0.0,0.0,0.0,0.0
2003-08-14,1018747.2443050024,0.0,0.0,0.0,0.0,0.0
2003-08-15,1018747.2443050024,0.0,0.0,0.0,0.0,0.0
2003-08-18,1018747.2443050024,0.0,0.0,0.0,0.0,0.0
2003-08-19,1018747.2443050024,0.0,0.0,0.0,0.0,0.0
2003-08-20,1018747.2443050024,0.0,0.0,0.0,0.0,0.0
2003-08-21,1018747.2443050024,0.0,0.0,0.0,0.0,0.0
2003-08-22,1018747.2443050024,0.0,0.0,0.0,0.0,0.0
2003-08-25,1018747.2443050024,0.0,0.0,0.0,0.0,0.0
2003-08-26,1018747.2443050024,0.0,0.0,0.0,0.0,0.0
2003-08-27,1018747.2443050024,0.0,0.0,0.0,0.0,0.0
2003-08-28,1018747.2443050024,0.0,0.0,0.0,0.0,0.0
2003-08-29,1018747.2443050024,0.0,0.0,0.0,0.0,0.0
2003-09-02,1018747.2443050024,0.0,0.0,0.0,0.0,0.0
2003-09-03,1018747.2443050024,0.0,0.0,0.0,0.0,0.0
2003-09-04,1018747.2443050024,0.0,0.0,0.0,0.0,0.0
2003-09-05,1018747.2443050024,0.0,0.0,0.0,0.0,0.0
2003-09-08,1018747.2443050024,0.0,0.0,0.0,0.0,0.0
2003-09-09,1018747.2443050024,0.0,0.0,0.0,0.0,0.0
2003-09-10,1018747.2443050024,0.0,0.0,0.0,0.0,0.0
2003-09-11,1018747.2443050024,0.0,0.0,0.0,0.0,0.0
2003-09-12,1018747.2443050024,0.0,0.0,0.0,0.0,0.0
2003-09-15,1018747.2443050024,0.0,0.0,0.0,0.0,0.0
2003-09-16,1018747.2443050024,0.0,0.0,0.0,0.0,0.0
2003-09-17,1018747.2443050024,0.0,0.0,0.0,0.0,0.0
2003-09-18,1018747.2443050024,0.0,0.0,0.0,0.0,0.0
2003-09-19,1018747.2443050024,0.0,0.0,0.0,0.0,0.0
2003-09-22,1018747.2443050024,0.0,0.0,0.0,0.0,0.0
2003-09-23,1018747.2443050024,0.0,0.0,0.0,0.0,0.0
2003-09-24,1018747.2443050024,0.0,0.0,0.0,0.0,0.0
2003-09-25,1018747.2443050024,0.0,0.0,0.0,0.0,0.0
2003-09-26,1018747.2443050024,0.0,0.0,0.0,0.0,0.0
2003-09-29,1018747.2443050024,0.0,0.0,0.0,0.0,0.0
2003-09-30,1018747.2443050024,0.0,0.0,0.0,0.0,0.0
2003-10-01,1018747.2443050024,0.0,0.0,0.0,0.0,0.0
2003-10-02,1018747.2443050024,0.0,0.0,0.0,0.0,0.0
2003-10-03,1018747.2443050024,0.0,0.0,0.0,0.0,0.0
2003-10-06,1018747.2443050024,0.0,0.0,0.0,0.0,0.0
2003-10-07,1018747.2443050024,0.0,0.0,0.0,0.0,0.0
2003-10-08,1018747.2443050024,0.0,0.0,0.0,0.0,0.0
2003-10-09,1018747.2443050024,0.0,0.0,0.0,0.0,0.0
2003-10-10,1018747.2443050024,0.0,0.0,0.0,0.0,0.0
2003-10-13,1018747.2443050024,0.0,0.0,0.0,0.0,0.0
2003-10-14,1018747.2443050024,0.0,0.0,0.0,0.0,0.0
2003-10-15,1018747.2443050024,0.0,0.0,0.0,0.0,0.0
2003-10-16,1018747.2443050024,0.0,0.0,0.0,0.0,0.0
2003-10-17,1018747.2443050024,0.0,0.0,0.0,0.0,0.0
2003-10-20,1018747.2443050024,0.0,0.0,0.0,0.0,0.0
2003-10-21,1018747.2443050024,0.0,0.0,0.0,0.0,0.0
2003-10-22,1018747.2443050024,0.0,0.0,0.0,0.0,0.0
2003-10-23,1018747.2443050024,0.0,0.0,0.0,0.0,0.0
2003-10-24,1018747.2443050024,0.0,0.0,0.0,0.0,0.0
2003-10-27,1018747.2443050024,0.0,0.0,0.0,0.0,0.0
2003-10-28,1018747.2443050024,0.0,0.0,0.0,0.0,0.0
2003-10-29,1018747.2443050024,0.0,0.0,0.0,0.0,0.0
2003-10-30,1018747.2443050024,0.0,0.0,0.0,0.0,0.0
2003-10-31,1018747.2443050024,0.0,0.0,0.0,0.0,0.0
2003-11-03,1018747.2443050024,0.0,0.0,0.0,0.0,0.0
2003-11-04,1018747.2443050024,0.0,0.0,0.0,0.0,0.0
2003-11-05,1018747.2443050024,0.0,0.0,0.0,0.0,0.0
2003-11-06,1018747.2443050024,0.0,0.0,0.0,0.0,0.0
2003-11-07,1018747.2443050024,0.0,0.0,0.0,0.0,0.0
2003-11-10,1018747.2443050024,0.0,0.0,0.0,0.0,0.0
2003-11-11,1018747.2443050024,0.0,0.0,0.0,0.0,0.0
2003-11-12,1018747.2443050024,0.0,0.0,0.0,0.0,0.0
2003-11-13,1018747.2443050024,0.0,0.0,0.0,0.0,0.0
2003-11-14,1018747.2443050024,0.0,0.0,0.0,0.0,0.0
2003-11-17,1018747.2443050024,0.0,0.0,0.0,0.0,0.0
2003-11-18,1018747.2443050024,0.0,0.0,0.0,0.0,0.0
2003-11-19,1018747.2443050024,0.0,0.0,0.0,0.0,0.0
2003-11-20,1018747.2443050024,0.0,0.0,0.0,0.0,0.0
2003-11-21,1018747.2443050024,0.0,0.0,0.0,0.0,0.0
2003-11-24,1018747.2443050024,0.0,0.0,0.0,0.0,0.0
2003-11-25,1018747.2443050024,0.0,0.0,0.0,0.0,0.0
2003-11-26,1018747.2443050024,0.0,0.0,0.0,0.0,0.0
2003-12-01,1018747.2443050024,0.0,0.0,0.0,0.0,0.0
2003-12-02,1018747.2443050024,0.0,0.0,0.0,0.0,0.0
2003-12-03,1018747.2443050024,0.0,0.0,0.0,0.0,0.0
2003-12-04,1018747.2443050024,0.0,0.0,0.0,0.0,0.0
2003-12-05,1018747.2443050024,0.0,0.0,0.0,0.0,0.0
2003-12-08,1018747.2443050024,0.0,0.0,0.0,0.0,0.0
2003-12-09,1018747.2443050024,0.0,0.0,0.0,0.0,0.0
2003-12-10,1018747.2443050024,0.0,0.0,0.0,0.0,0.0
2003-12-11,1018747.2443050024,0.0,0.0,0.0,0.0,0.0
2003-12-12,1018747.2443050024,0.0,0.0,0.0,0.0,0.0
2003-12-15,1018747.2443050024,0.0,0.0,0.0,0.0,0.0
2003-12-16,1018747.2443050024,0.0,0.0,0.0,0.0,0.0
2003-12-17,1018747.2443050024,0.0,0.0,0.0,0.0,0.0
2003-12-18,1018747.2443050024,0.0,0.0,0.0,0.0,0.0
2003-12-19,1018747.2443050024,0.0,0.0,0.0,0.0,0.0
2003-12-22,1018747.2443050024,0.0,0.0,0.0,0.0,0.0
2003-12-23,1018747.2443050024,0.0,0.0,0.0,0.0,0.0
2003-12-24,1018747.2443050024,0.0,0.0,0.0,0.0,0.0
2003-12-29,1018747.2443050024,0.0,0.0,0.0,0.0,0.0
2003-12-30,1018747.2443050024,0.0,0.0,0.0,0.0,0.0
2003-12-31,1018747.2443050024,0.0,0.0,0.0,0.0,0.0
2004-01-05,1018747.2443050024,0.0,0.0,0.0,0.0,0.0
2004-01-06,1018747.2443050024,0.0,0.0,0.0,0.0,0.0
2004-01-07,1018747.2443050024,0.0,0.0,0.0,0.0,0.0
2004-01-08,1018747.2443050024,0.0,0.0,0.0,0.0,0.0
2004-01-09,1018747.2443050024,0.0,0.0,0.0,0.0,0.0
2004-01-12,1018747.2443050024,0.0,0.0,0.0,0.0,0.0
2004-01-13,1018747.2443050024,0.0,0.0,0.0,0.0,0.0
2004-01-14,1018747.2443050024,0.0,0.0,0.0,0.0,0.0
2004-01-15,1018747.2443050024,0.0,0.0,0.0,0.0,0.0
2004-01-16,1018747.2443050024,0.0,0.0,0.0,0.0,0.0
2004-01-20,1018747.2443050024,0.0,0.0,0.0,0.0,0.0
2004-01-21,1018747.2443050024,0.0,0.0,0.0,0.0,0.0
2004-01-22,1018747.2443050024,0.0,0.0,0.0,0.0,0.0
2004-01-23,1018747.2443050024,0.0,0.0,0.0,0.0,0.0
2004-01-26,1018747.2443050024,0.0,0.0,0.0,0.0,0.0
2004-01-27,1018747.2443050024,0.0,0.0,0.0,0.0,0.0
2004-01-28,1018747.2443050024,0.0,0.0,0.0,0.0,0.0
2004-01-29,1018747.2443050024,0.0,0.0,0.0,0.0,0.0
2004-01-30,1018747.2443050024,0.0,0.0,0.0,0.0,0.0
2004-02-02,1018747.2443050024,0.0,0.0,0.0,0.0,0.0
2004-02-03,1018747.2443050024,0.0,0.0,0.0,0.0,0.0
2004-02-04,1018747.2443050024,0.0,0.0,0.0,0.0,0.0
2004-02-05,1018747.2443050024,0.0,0.0,0.0,0.0,0.0
2004-02-06,1018747.2443050024,0.0,0.0,0.0,0.0,0.0
2004-02-09,1018747.2443050024,0.0,0.0,0.0,0.0,0.0
2004-02-10,1018747.2443050024,0.0,0.0,0.0,0.0,0.0
2004-02-11,1018747.2443050024,0.0,0.0,0.0,0.0,0.0
2004-02-12,1018747.2443050024,0.0,0.0,0.0,0.0,0.0
2004-02-13,1018747.2443050024,0.0,0.0,0.0,0.0,0.0
2004-02-17,1018747.2443050024,0.0,0.0,0.0,0.0,0.0
2004-02-18,1018747.2443050024,0.0,0.0,0.0,0.0,0.0
2004-02-19,1018747.2443050024,0.0,0.0,0.0,0.0,0.0
2004-02-20,1018747.2443050024,0.0,0.0,0.0,0.0,0.0
2004-02-23,1018747.2443050024,0.0,0.0,0.0,0.0,0.0
2004-02-24,1018747.2443050024,0.0,0.0,0.0,0.0,0.0
2004-02-25,1018747.2443050024,0.0,0.0,0.0,0.0,0.0
2004-02-26,1018747.2443050024,0.0,0.0,0.0,0.0,0.0
2004-02-27,1018747.2443050024,0.0,0.0,0.0,0.0,0.0
2004-03-01,1018747.2443050024,0.0,0.0,0.0,0.0,0.0
2004-03-02,1018747.2443050024,0.0,0.0,0.0,0.0,0.0
2004-03-03,1018747.2443050024,0.0,0.0,0.0,0.0,0.0
2004-03-04,1018747.2443050024,0.0,0.0,0.0,0.0,0.0
2004-03-05,1018747.2443050024,0.0,0.0,0.0,0.0,0.0
2004-03-08,1018747.2443050024,0.0,0.0,0.0,0.0,0.0
2004-03-09,1018747.2443050024,0.0,0.0,0.0,0.0,0.0
2004-03-10,1018747.2443050024,0.0,0.0,0.0,0.0,0.0
2004-03-11,1018747.2443050024,0.0,0.0,0.0,0.0,0.0
2004-03-12,1018747.2443050024,0.0,0.0,0.0,0.0,0.0
2004-03-15,1018747.2443050024,0.0,0.0,0.0,0.0,0.0
2004-03-16,1018747.2443050024,0.0,0.0,0.0,0.0,0.0
2004-03-17,1018747.2443050024,0.0,0.0,0.0,0.0,0.0
2004-03-18,1018747.2443050024,0.0,0.0,0.0,0.0,0.0
2004-03-19,1018747.2443050024,0.0,0.0,0.0,0.0,0.0
2004-03-22,1018747.2443050024,0.0,0.0,0.0,0.0,0.0
2004-03-23,1018747.2443050024,0.0,0.0,0.0,0.0,0.0
2004-03-24,1018747.2443050024,0.0,0.0,0.0,0.0,0.0
2004-03-25,1018747.2443050024,0.0,0.0,0.0,0.0,0.0
2004-03-26,1018747.2443050024,0.0,0.0,0.0,0.0,0.0
2004-03-29,1018747.2443050024,0.0,0.0,0.0,0.0,0.0
2004-03-30,1018747.2443050024,0.0,0.0,0.0,0.0,0.0
2004-03-31,1018747.2443050024,0.0,0.0,0.0,0.0,0.0
2004-04-01,1018237.8706828499,0.0,509.3736221525012,-0.0005,-2.6158844263334045,-0.5
2004-04-02,1050954.0481211413,33225.296373632875,509.11893534142496,0.03321396933560477,0.0,0.0
2004-04-05,1050954.0481211413,0.0,0.0,0.0,0.0,0.0
2004-04-06,1050954.0481211413,0.0,0.0,0.0,0.0,0.0
2004-04-07,1050954.0481211413,0.0,0.0,0.0,0.0,0.0
2004-04-08,1050954.0481211413,0.0,0.0,0.0,0.0,0.0
2004-04-12,1050954.0481211413,0.0,0.0,0.0,0.0,0.0
2004-04-13,1050954.0481211413,0.0,0.0,0.0,0.0,0.0
2004-04-14,1050954.0481211413,0.0,0.0,0.0,0.0,0.0
2004-04-15,1050954.0481211413,0.0,0.0,0.0,0.0,0.0
2004-04-16,1050954.0481211413,0.0,0.0,0.0,0.0,0.0
2004-04-19,1050954.0481211413,0.0,0.0,0.0,0.0,0.0
2004-04-20,1050954.0481211413,0.0,0.0,0.0,0.0,0.0
2004-04-21,1050954.0481211413,0.0,0.0,0.0,0.0,0.0
2004-04-22,1050954.0481211413,0.0,0.0,0.0,0.0,0.0
2004-04-23,1050954.0481211413,0.0,0.0,0.0,0.0,0.0
2004-04-26,1050954.0481211413,0.0,0.0,0.0,0.0,0.0
2004-04-27,1050954.0481211413,0.0,0.0,0.0,0.0,0.0
2004-04-28,1050954.0481211413,0.0,0.0,0.0,0.0,0.0
2004-04-29,1050954.0481211413,0.0,0.0,0.0,0.0,0.0
2004-04-30,1050954.0481211413,0.0,0.0,0.0,0.0,0.0
2004-05-03,1050428.5710970806,0.0,525.4770240605707,-0.0005,-2.5649480903948856,-0.5
2004-05-04,1046614.3787546802,-3814.192342400438,0.0,-0.00361794500723589,-2.41720946045429,-0.5
2004-05-05,1059065.090542317,12450.711787636787,0.0,0.012039401678219628,-2.0898669606491924,-0.5
2004-05-06,1057891.82788662,-1173.2626556968062,0.0,-0.0011066027296200666,-1.520203045246478,-0.5
2004-05-07,1059840.7811435962,1948.9532569760872,0.0,0.001845699520118125,-1.180339054755676,-0.5
2004-05-10,1059056.8752403834,-783.9059032127191,0.0,-0.0007390983000739098,-0.7621167812197691,-0.5
2004-05-11,1059056.8752403834,0.0,0.0,0.0,-0.4860158006248233,-0.5
2004-05-12,1059056.8752403834,0.0,0.0,0.0,-0.5498883719939336,-0.5
2004-05-13,1064923.143013133,5866.267772749538,0.0,0.005569996286669141,-0.7753944365264114,-0.5
2004-05-14,1071683.297393724,6760.154380591211,0.0,0.006388575723412251,-0.5706335029408262,-0.5
2004-05-17,1074925.9094887127,3242.6120949885753,0.0,0.0030349013657056147,-0.33925605571650874,-0.5
2004-05-18,1072471.7407455877,-2454.1687431249147,0.0,-0.002277904328018223,-0.5048663506443873,-0.5
2004-05-19,1069628.065675429,-2843.6750701587557,0.0,-0.002644503211182471,-0.3955596084939959,-0.5
2004-05-20,1033224.0361772134,-35869.21546537799,534.8140328377145,-0.03293000364564345,0.0,0.0
2004-05-21,1033224.0361772134,0.0,0.0,0.0,0.0,0.0
2004-05-24,1033224.0361772134,0.0,0.0,0.0,0.0,0.0
2004-05-25,1033224.0361772134,0.0,0.0,0.0,0.0,0.0
2004-05-26,1033224.0361772134,0.0,0.0,0.0,0.0,0.0
2004-05-27,1033224.0361772134,0.0,0.0,0.0,0.0,0.0
2004-05-28,1033224.0361772134,0.0,0.0,0.0,0.0,0.0
2004-06-01,1033224.0361772134,0.0,0.0,0.0,0.0,0.0
2004-06-02,1033224.0361772134,0.0,0.0,0.0,0.0,0.0
2004-06-03,1033224.0361772134,0.0,0.0,0.0,0.0,0.0
2004-06-04,1033224.0361772134,0.0,0.0,0.0,0.0,0.0
2004-06-07,1033224.0361772134,0.0,0.0,0.0,0.0,0.0
2004-06-08,1033224.0361772134,0.0,0.0,0.0,0.0,0.0
2004-06-09,1033224.0361772134,0.0,0.0,0.0,0.0,0.0
2004-06-10,1033224.0361772134,0.0,0.0,0.0,0.0,0.0
2004-06-14,1033224.0361772134,0.0,0.0,0.0,0.0,0.0
2004-06-15,1033224.0361772134,0.0,0.0,0.0,0.0,0.0
2004-06-16,1033224.0361772134,0.0,0.0,0.0,0.0,0.0
2004-06-17,1033224.0361772134,0.0,0.0,0.0,0.0,0.0
2004-06-18,1033224.0361772134,0.0,0.0,0.0,0.0,0.0
2004-06-21,1033224.0361772134,0.0,0.0,0.0,0.0,0.0
2004-06-22,1033224.0361772134,0.0,0.0,0.0,0.0,0.0
2004-06-23,1033224.0361772134,0.0,0.0,0.0,0.0,0.0
2004-06-24,1033224.0361772134,0.0,0.0,0.0,0.0,0.0
2004-06-25,1033224.0361772134,0.0,0.0,0.0,0.0,0.0
2004-06-28,1032707.4241591248,0.0,516.6120180886068,-0.0005,2.3943608313505735,0.5
2004-06-29,1033456.8489952345,749.4248361096697,0.0,0.0007262164124909223,2.59728623358662,0.5
2004-06-30,1016981.4499532814,-16475.399041953013,0.0,-0.015691868758915834,2.5533386780076786,0.5
2004-07-01,1016981.4499532814,0.0,0.0,0.0,0.0,0.0
2004-07-02,1016981.4499532814,0.0,0.0,0.0,0.0,0.0
2004-07-06,1016981.4499532814,0.0,0.0,0.0,0.0,0.0
2004-07-07,1016981.4499532814,0.0,0.0,0.0,0.0,0.0
2004-07-08,1016981.4499532814,0.0,0.0,0.0,0.0,0.0
2004-07-09,1016981.4499532814,0.0,0.0,0.0,0.0,0.0
2004-07-12,1016981.4499532814,0.0,0.0,0.0,0.0,0.0
2004-07-13,1016981.4499532814,0.0,0.0,0.0,0.0,0.0
2004-07-14,1016981.4499532814,0.0,0.0,0.0,0.0,0.0
2004-07-15,1016981.4499532814,0.0,0.0,0.0,0.0,0.0
2004-07-16,1016981.4499532814,0.0,0.0,0.0,0.0,0.0
2004-07-19,1016981.4499532814,0.0,0.0,0.0,0.0,0.0
2004-07-20,1016981.4499532814,0.0,0.0,0.0,0.0,0.0
2004-07-21,1016981.4499532814,0.0,0.0,0.0,0.0,0.0
2004-07-22,1016981.4499532814,0.0,0.0,0.0,0.0,0.0
2004-07-23,1016981.4499532814,0.0,0.0,0.0,0.0,0.0
2004-07-26,1016981.4499532814,0.0,0.0,0.0,0.0,0.0
2004-07-27,1016981.4499532814,0.0,0.0,0.0,0.0,0.0
2004-07-28,1016981.4499532814,0.0,0.0,0.0,0.0,0.0
2004-07-29,1016981.4499532814,0.0,0.0,0.0,0.0,0.0
2004-07-30,1016981.4499532814,0.0,0.0,0.0,0.0,0.0
2004-08-02,1016981.4499532814,0.0,0.0,0.0,0.0,0.0
2004-08-03,1016981.4499532814,0.0,0.0,0.0,0.0,0.0
2004-08-04,1016981.4499532814,0.0,0.0,0.0,0.0,0.0
2004-08-05,1016981.4499532814,0.0,0.0,0.0,0.0,0.0
2004-08-06,1016981.4499532814,0.0,0.0,0.0,0.0,0.0
2004-08-09,1016981.4499532814,0.0,0.0,0.0,0.0,0.0
2004-08-10,1016981.4499532814,0.0,0.0,0.0,0.0,0.0
2004-08-11,1016981.4499532814,0.0,0.0,0.0,0.0,0.0
2004-08-12,1016981.4499532814,0.0,0.0,0.0,0.0,0.0
2004-08-13,1016981.4499532814,0.0,0.0,0.0,0.0,0.0
2004-08-16,1016981.4499532814,0.0,0.0,0.0,0.0,0.0
2004-08-17,1016981.4499532814,0.0,0.0,0.0,0.0,0.0
2004-08-18,1016981.4499532814,0.0,0.0,0.0,0.0,0.0
2004-08-19,1016981.4499532814,0.0,0.0,0.0,0.0,0.0
2004-08-20,1016981.4499532814,0.0,0.0,0.0,0.0,0.0
2004-08-23,1016981.4499532814,0.0,0.0,0.0,0.0,0.0
2004-08-24,1016981.4499532814,0.0,0.0,0.0,0.0,0.0
2004-08-25,1016981.4499532814,0.0,0.0,0.0,0.0,0.0
2004-08-26,1016981.4499532814,0.0,0.0,0.0,0.0,0.0
2004-08-27,1016981.4499532814,0.0,0.0,0.0,0.0,0.0
2004-08-30,1016981.4499532814,0.0,0.0,0.0,0.0,0.0
2004-08-31,1016981.4499532814,0.0,0.0,0.0,0.0,0.0
2004-09-01,1016981.4499532814,0.0,0.0,0.0,0.0,0.0
2004-09-02,1016981.4499532814,0.0,0.0,0.0,0.0,0.0
2004-09-03,1016981.4499532814,0.0,0.0,0.0,0.0,0.0
2004-09-07,1016981.4499532814,0.0,0.0,0.0,0.0,0.0
2004-09-08,1016981.4499532814,0.0,0.0,0.0,0.0,0.0
2004-09-09,1016981.4499532814,0.0,0.0,0.0,0.0,0.0
2004-09-10,1016981.4499532814,0.0,0.0,0.0,0.0,0.0
2004-09-13,1016981.4499532814,0.0,0.0,0.0,0.0,0.0
2004-09-14,1016981.4499532814,0.0,0.0,0.0,0.0,0.0
2004-09-15,1016981.4499532814,0.0,0.0,0.0,0.0,0.0
2004-09-16,1016981.4499532814,0.0,0.0,0.0,0.0,0.0
2004-09-17,1016981.4499532814,0.0,0.0,0.0,0.0,0.0
2004-09-20,1016981.4499532814,0.0,0.0,0.0,0.0,0.0
2004-09-21,1016981.4499532814,0.0,0.0,0.0,0.0,0.0
2004-09-22,1016981.4499532814,0.0,0.0,0.0,0.0,0.0
2004-09-23,1016981.4499532814,0.0,0.0,0.0,0.0,0.0
2004-09-24,1016981.4499532814,0.0,0.0,0.0,0.0,0.0
2004-09-27,1016981.4499532814,0.0,0.0,0.0,0.0,0.0
2004-09-28,1016981.4499532814,0.0,0.0,0.0,0.0,0.0
2004-09-29,1016981.4499532814,0.0,0.0,0.0,0.0,0.0
2004-09-30,1016981.4499532814,0.0,0.0,0.0,0.0,0.0
2004-10-01,1016981.4499532814,0.0,0.0,0.0,0.0,0.0
2004-10-04,1016981.4499532814,0.0,0.0,0.0,0.0,0.0
2004-10-05,1016981.4499532814,0.0,0.0,0.0,0.0,0.0
2004-10-06,1016981.4499532814,0.0,0.0,0.0,0.0,0.0
2004-10-07,1016981.4499532814,0.0,0.0,0.0,0.0,0.0
2004-10-08,1016981.4499532814,0.0,0.0,0.0,0.0,0.0
2004-10-11,1016981.4499532814,0.0,0.0,0.0,0.0,0.0
2004-10-12,1016981.4499532814,0.0,0.0,0.0,0.0,0.0
2004-10-13,1016981.4499532814,0.0,0.0,0.0,0.0,0.0
2004-10-14,1016981.4499532814,0.0,0.0,0.0,0.0,0.0
2004-10-15,1016981.4499532814,0.0,0.0,0.0,0.0,0.0
2004-10-18,1016981.4499532814,0.0,0.0,0.0,0.0,0.0
2004-10-19,1016981.4499532814,0.0,0.0,0.0,0.0,0.0
2004-10-20,1016981.4499532814,0.0,0.0,0.0,0.0,0.0
2004-10-21,1016981.4499532814,0.0,0.0,0.0,0.0,0.0
2004-10-22,1016981.4499532814,0.0,0.0,0.0,0.0,0.0
2004-10-25,1016981.4499532814,0.0,0.0,0.0,0.0,0.0
2004-10-26,1016981.4499532814,0.0,0.0,0.0,0.0,0.0
2004-10-27,1016981.4499532814,0.0,0.0,0.0,0.0,0.0
2004-10-28,1016981.4499532814,0.0,0.0,0.0,0.0,0.0
2004-10-29,1016981.4499532814,0.0,0.0,0.0,0.0,0.0
2004-11-01,1016981.4499532814,0.0,0.0,0.0,0.0,0.0
2004-11-02,1016981.4499532814,0.0,0.0,0.0,0.0,0.0
2004-11-03,1016981.4499532814,0.0,0.0,0.0,0.0,0.0
2004-11-04,1016981.4499532814,0.0,0.0,0.0,0.0,0.0
2004-11-05,1016981.4499532814,0.0,0.0,0.0,0.0,0.0
2004-11-08,1016981.4499532814,0.0,0.0,0.0,0.0,0.0
2004-11-09,1016981.4499532814,0.0,0.0,0.0,0.0,0.0
2004-11-10,1016981.4499532814,0.0,0.0,0.0,0.0,0.0
2004-11-11,1016981.4499532814,0.0,0.0,0.0,0.0,0.0
2004-11-12,1016981.4499532814,0.0,0.0,0.0,0.0,0.0
2004-11-15,1016981.4499532814,0.0,0.0,0.0,0.0,0.0
2004-11-16,1016981.4499532814,0.0,0.0,0.0,0.0,0.0
2004-11-17,1016981.4499532814,0.0,0.0,0.0,0.0,0.0
2004-11-18,1016981.4499532814,0.0,0.0,0.0,0.0,0.0
2004-11-19,1016981.4499532814,0.0,0.0,0.0,0.0,0.0
2004-11-22,1016981.4499532814,0.0,0.0,0.0,0.0,0.0
2004-11-23,1016981.4499532814,0.0,0.0,0.0,0.0,0.0
2004-11-24,1016981.4499532814,0.0,0.0,0.0,0.0,0.0
2004-11-29,1016981.4499532814,0.0,0.0,0.0,0.0,0.0
2004-11-30,1016981.4499532814,0.0,0.0,0.0,0.0,0.0
2004-12-01,1016981.4499532814,0.0,0.0,0.0,0.0,0.0
2004-12-02,1016981.4499532814,0.0,0.0,0.0,0.0,0.0
2004-12-03,1016981.4499532814,0.0,0.0,0.0,0.0,0.0
2004-12-06,1016981.4499532814,0.0,0.0,0.0,0.0,0.0
2004-12-07,1016981.4499532814,0.0,0.0,0.0,0.0,0.0
2004-12-08,1016981.4499532814,0.0,0.0,0.0,0.0,0.0
2004-12-09,1016981.4499532814,0.0,0.0,0.0,0.0,0.0
2004-12-10,1016981.4499532814,0.0,0.0,0.0,0.0,0.0
2004-12-13,1016981.4499532814,0.0,0.0,0.0,0.0,0.0
2004-12-14,1016981.4499532814,0.0,0.0,0.0,0.0,0.0
2004-12-15,1016981.4499532814,0.0,0.0,0.0,0.0,0.0
2004-12-16,1016981.4499532814,0.0,0.0,0.0,0.0,0.0
2004-12-17,1016981.4499532814,0.0,0.0,0.0,0.0,0.0
2004-12-20,1016981.4499532814,0.0,0.0,0.0,0.0,0.0
2004-12-21,1016981.4499532814,0.0,0.0,0.0,0.0,0.0
2004-12-22,1016981.4499532814,0.0,0.0,0.0,0.0,0.0
2004-12-23,1016981.4499532814,0.0,0.0,0.0,0.0,0.0
2004-12-27,1016981.4499532814,0.0,0.0,0.0,0.0,0.0
2004-12-28,1016981.4499532814,0.0,0.0,0.0,0.0,0.0
2004-12-29,1016981.4499532814,0.0,0.0,0.0,0.0,0.0
2004-12-30,1016981.4499532814,0.0,0.0,0.0,0.0,0.0
2005-01-03,1016981.4499532814,0.0,0.0,0.0,0.0,0.0
2005-01-04,1016981.4499532814,0.0,0.0,0.0,0.0,0.0
2005-01-05,1016981.4499532814,0.0,0.0,0.0,0.0,0.0
2005-01-06,1016981.4499532814,0.0,0.0,0.0,0.0,0.0
2005-01-07,1016981.4499532814,0.0,0.0,0.0,0.0,0.0
2005-01-10,1016981.4499532814,0.0,0.0,0.0,0.0,0.0
2005-01-11,1016981.4499532814,0.0,0.0,0.0,0.0,0.0
2005-01-12,1016981.4499532814,0.0,0.0,0.0,0.0,0.0
2005-01-13,1016981.4499532814,0.0,0.0,0.0,0.0,0.0
2005-01-14,1016981.4499532814,0.0,0.0,0.0,0.0,0.0
2005-01-18,1016981.4499532814,0.0,0.0,0.0,0.0,0.0
2005-01-19,1016981.4499532814,0.0,0.0,0.0,0.0,0.0
2005-01-20,1016981.4499532814,0.0,0.0,0.0,0.0,0.0
2005-01-21,1016981.4499532814,0.0,0.0,0.0,0.0,0.0
2005-01-24,1016981.4499532814,0.0,0.0,0.0,0.0,0.0
2005-01-25,1016981.4499532814,0.0,0.0,0.0,0.0,0.0
2005-01-26,1016981.4499532814,0.0,0.0,0.0,0.0,0.0
2005-01-27,1016981.4499532814,0.0,0.0,0.0,0.0,0.0
2005-01-28,1016981.4499532814,0.0,0.0,0.0,0.0,0.0
2005-01-31,1016981.4499532814,0.0,0.0,0.0,0.0,0.0
2005-02-01,1016981.4499532814,0.0,0.0,0.0,0.0,0.0
2005-02-02,1016981.4499532814,0.0,0.0,0.0,0.0,0.0
2005-02-03,1016981.4499532814,0.0,0.0,0.0,0.0,0.0
2005-02-04,1016981.4499532814,0.0,0.0,0.0,0.0,0.0
2005-02-07,1016981.4499532814,0.0,0.0,0.0,0.0,0.0
2005-02-08,1016981.4499532814,0.0,0.0,0.0,0.0,0.0
2005-02-09,1016981.4499532814,0.0,0.0,0.0,0.0,0.0
2005-02-10,1016981.4499532814,0.0,0.0,0.0,0.0,0.0
2005-02-11,1016981.4499532814,0.0,0.0,0.0,0.0,0.0
2005-02-14,1016981.4499532814,0.0,0.0,0.0,0.0,0.0
2005-02-15,1016981.4499532814,0.0,0.0,0.0,0.0,0.0
2005-02-16,1016981.4499532814,0.0,0.0,0.0,0.0,0.0
2005-02-17,1016981.4499532814,0.0,0.0,0.0,0.0,0.0
2005-02-18,1016981.4499532814,0.0,0.0,0.0,0.0,0.0
2005-02-22,1016981.4499532814,0.0,0.0,0.0,0.0,0.0
2005-02-23,1016981.4499532814,0.0,0.0,0.0,0.0,0.0
2005-02-24,1016981.4499532814,0.0,0.0,0.0,0.0,0.0
2005-02-25,1016981.4499532814,0.0,0.0,0.0,0.0,0.0
2005-02-28,1016981.4499532814,0.0,0.0,0.0,0.0,0.0
2005-03-01,1016981.4499532814,0.0,0.0,0.0,0.0,0.0
2005-03-02,1016981.4499532814,0.0,0.0,0.0,0.0,0.0
2005-03-03,1016981.4499532814,0.0,0.0,0.0,0.0,0.0
2005-03-04,1016981.4499532814,0.0,0.0,0.0,0.0,0.0
2005-03-07,1016981.4499532814,0.0,0.0,0.0,0.0,0.0
2005-03-08,1016981.4499532814,0.0,0.0,0.0,0.0,0.0
2005-03-09,1016981.4499532814,0.0,0.0,0.0,0.0,0.0
2005-03-10,1016981.4499532814,0.0,0.0,0.0,0.0,0.0
2005-03-11,1016981.4499532814,0.0,0.0,0.0,0.0,0.0
2005-03-14,1016981.4499532814,0.0,0.0,0.0,0.0,0.0
2005-03-15,1016981.4499532814,0.0,0.0,0.0,0.0,0.0
2005-03-16,1016981.4499532814,0.0,0.0,0.0,0.0,0.0
2005-03-17,1016981.4499532814,0.0,0.0,0.0,0.0,0.0
2005-03-18,1016981.4499532814,0.0,0.0,0.0,0.0,0.0
2005-03-21,1016981.4499532814,0.0,0.0,0.0,0.0,0.0
2005-03-22,1016981.4499532814,0.0,0.0,0.0,0.0,0.0
2005-03-23,1016981.4499532814,0.0,0.0,0.0,0.0,0.0
2005-03-24,1016981.4499532814,0.0,0.0,0.0,0.0,0.0
2005-03-28,1016981.4499532814,0.0,0.0,0.0,0.0,0.0
2005-03-29,1016981.4499532814,0.0,0.0,0.0,0.0,0.0
2005-03-30,1016981.4499532814,0.0,0.0,0.0,0.0,0.0
2005-03-31,1016981.4499532814,0.0,0.0,0.0,0.0,0.0
2005-04-01,1016981.4499532814,0.0,0.0,0.0,0.0,0.0
2005-04-04,1016981.4499532814,0.0,0.0,0.0,0.0,0.0
2005-04-05,1016981.4499532814,0.0,0.0,0.0,0.0,0.0
2005-04-06,1016981.4499532814,0.0,0.0,0.0,0.0,0.0
2005-04-07,1016981.4499532814,0.0,0.0,0.0,0.0,0.0
2005-04-08,1016981.4499532814,0.0,0.0,0.0,0.0,0.0
2005-04-11,1016981.4499532814,0.0,0.0,0.0,0.0,0.0
2005-04-12,1016981.4499532814,0.0,0.0,0.0,0.0,0.0
2005-04-13,1016981.4499532814,0.0,0.0,0.0,0.0,0.0
2005-04-14,1016981.4499532814,0.0,0.0,0.0,0.0,0.0
2005-04-15,1016981.4499532814,0.0,0.0,0.0,0.0,0.0
2005-04-18,1016981.4499532814,0.0,0.0,0.0,0.0,0.0
2005-04-19,1016981.4499532814,0.0,0.0,0.0,0.0,0.0
2005-04-20,1016981.4499532814,0.0,0.0,0.0,0.0,0.0
2005-04-21,1016472.9592283048,0.0,508.4907249766407,-0.0005,-2.2374654906569753,-0.5
2005-04-22,1027279.3162699346,10806.357041629819,0.0,0.010745466756212223,-2.2289508672178027,-0.5
2005-04-25,1034253.378159072,6974.061889137371,0.0,0.006835269993164731,-1.907241476031908,-0.5
2005-04-26,1037812.4056131638,3559.0274540917826,0.0,0.0034530386740331495,-1.7279963419383506,-0.5
2005-04-27,1029181.9490176282,-8630.456595535667,0.0,-0.008247422680412371,-1.795402463478655,-0.5
2005-04-28,1033391.2821424447,4209.333124816476,0.0,0.004106776180698153,-1.529207264054082,-0.5
2005-04-29,1031970.8130260977,-1420.4691163470031,0.0,-0.0013726835964310226,-1.2843589617643212,-0.5
2005-05-02,1026312.3027421986,-5658.510283899097,0.0,-0.0054533060668029995,-0.9959400719436818,-0.5
2005-05-03,1030835.0349237744,4522.7321815757905,0.0,0.00442628532516173,-0.6115989275875967,-0.5
2005-05-04,1028719.7783541634,-2115.256569611028,0.0,-0.0020477815699658703,-0.1553950398856969,-0.5
2005-05-05,1034325.8806885185,5606.102334355113,0.0,0.00547945205479452,-0.041526385420592275,-0.5
2005-05-06,1031866.8635121158,-1424.6912957142129,1034.3258806885185,-0.00237414030261348,0.35695957796069056,0.5
2005-05-09,1033638.612934355,1771.7494222392097,0.0,0.0017199862401100791,0.6280621128491028,0.5
2005-05-10,1036468.5612243875,2829.9482900324574,0.0,0.002745367192862045,0.7031425883268227,0.5
2005-05-11,1034351.8793430579,-2116.6818813295863,0.0,-0.0020380434782608695,0.4219514290182767,0.5
2005-05-12,1027635.308697973,-6716.570645084792,0.0,-0.0064516129032258064,0.23464783418797205,0.5
2005-05-13,1012176.6562218391,-14944.834821784927,513.8176543489865,-0.014827303754266212,0.12825134976765856,0.5
2005-05-16,1011670.5678937283,0.0,506.0883281109196,-0.0005,0.42659755326109255,0.5
2005-05-17,1007138.6184166027,-4531.949477125592,0.0,-0.004459691252144083,0.9074164546699623,0.5
2005-05-18,1012391.4276225307,5252.80920592804,0.0,0.005242922055225446,0.9193685691293165,0.5
2005-05-19,1009952.7696757455,-2438.657946785174,0.0,-0.002403020940611054,1.3055284324615706,0.5
2005-05-20,1007857.4319793228,-2095.3376964227086,0.0,-0.002070393374741201,1.1913080208347735,0.5
2005-05-23,1014506.4914264086,6649.0594470858105,0.0,0.006641034603285565,1.474617236952309,0.5
2005-05-24,1006510.0386153026,-7996.452811106031,0.0,-0.007820469228153689,1.3291675840513244,0.5
2005-05-25,1004056.8456242486,-2453.1929910540107,0.0,-0.0024313997915943034,1.5346860745886217,0.5
2005-05-26,999138.4426015966,-4918.403022652023,0.0,-0.004874651810584958,1.4182056736852902,0.5
2005-05-27,998079.2852419482,-1059.1573596483356,0.0,-0.0010589481115425344,1.357074201833142,0.5
2005-05-31,1001613.5603313319,3534.275089383669,0.0,0.0035536602700781805,0.5528806154734331,0.5
2005-06-01,991752.3860383371,-9861.17429299483,0.0,-0.009749303621169918,0.46666859264463156,0.5
2005-06-02,1001001.1529095698,9248.7668712327,0.0,0.009413468501086169,0.46362582670899877,0.5
2005-06-03,1004173.339661748,3172.186752178214,0.0,0.0031790886612504416,0.3955539846881087,0.5
2005-06-06,1001362.4975633246,-2810.842098423367,0.0,-0.002791346824842986,0.22070278028279697,0.5
2005-06-07,1006295.3177483657,4932.820185041008,0.0,0.0049504950495049506,0.09443828259283304,0.5
2005-06-08,1003886.5202456022,-1402.5021850151438,1006.2953177483657,-0.002390396659707724,-0.029298637435206526,-0.5
2005-06-09,1006390.2735584999,3507.6398331432642,1003.8865202456022,0.0025028050490883587,0.06135898555787786,0.5
2005-06-10,1001432.6860040245,-4957.587554475369,0.0,-0.004901960784313725,0.25412233021714886,0.5
2005-06-13,1003567.9369336705,2135.2509296461076,0.0,0.0021367521367521365,1.3529341204117673,0.5
2005-06-14,1028781.4272104896,25213.49027681904,0.0,0.025771324863883848,1.6665805630074588,0.5
2005-06-15,1049925.5198856378,21144.092675148204,0.0,0.020983832129342964,1.9169904523602217,0.5
2005-06-16,1043469.6671743669,-6455.852711270912,0.0,-0.006111289803795433,2.046243929568831,0.5
2005-06-17,1046204.8432351123,2735.1760607453916,0.0,0.002628120893561104,2.051955962286284,0.5
2005-06-20,1042453.7828454166,-3751.0603896956436,0.0,-0.0035725885027606363,1.8258626948172512,0.5
2005-06-21,1047245.1002977593,4791.31745234269,0.0,0.004617414248021108,1.7824512302675795,0.5
2005-06-22,1055421.379545367,8176.27924760775,0.0,0.007868852459016393,1.7667187082487181,0.5
2005-06-23,1056773.6170591984,1352.237513831348,0.0,0.0012828736369467609,1.7209303302227736,0.5
2005-06-24,1040567.5040819328,-16206.112977265664,0.0,-0.01510383889238515,1.7889457230700814,0.5
2005-06-27,1045026.0991884144,4458.5951064815845,0.0,0.004303210857332009,1.8694507785008605,0.5
2005-06-28,1033916.7204280879,-10586.865710732303,522.5130495942072,-0.010524102232287285,0.0,0.0
2005-06-29,1033399.7620678738,0.0,516.958360214044,-0.0005,1.7183145135105096,0.5
2005-06-30,1017225.4900342964,-15657.572152543544,516.6998810339369,-0.015417910447761196,0.0,0.0
2005-07-01,1017225.4900342964,0.0,0.0,0.0,0.0,0.0
2005-07-05,1017225.4900342964,0.0,0.0,0.0,0.0,0.0
2005-07-06,1017225.4900342964,0.0,0.0,0.0,0.0,0.0
2005-07-07,1017225.4900342964,0.0,0.0,0.0,0.0,0.0
2005-07-08,1017225.4900342964,0.0,0.0,0.0,0.0,0.0
2005-07-11,1017225.4900342964,0.0,0.0,0.0,0.0,0.0
2005-07-12,1017225.4900342964,0.0,0.0,0.0,0.0,0.0
2005-07-13,1017225.4900342964,0.0,0.0,0.0,0.0,0.0
2005-07-14,1017225.4900342964,0.0,0.0,0.0,0.0,0.0
2005-07-15,1017225.4900342964,0.0,0.0,0.0,0.0,0.0
2005-07-18,1017225.4900342964,0.0,0.0,0.0,0.0,0.0
2005-07-19,1017225.4900342964,0.0,0.0,0.0,0.0,0.0
2005-07-20,1017225.4900342964,0.0,0.0,0.0,0.0,0.0
2005-07-21,1017225.4900342964,0.0,0.0,0.0,0.0,0.0
2005-07-22,1017225.4900342964,0.0,0.0,0.0,0.0,0.0
2005-07-25,1017225.4900342964,0.0,0.0,0.0,0.0,0.0
2005-07-26,1017225.4900342964,0.0,0.0,0.0,0.0,0.0
2005-07-27,1017225.4900342964,0.0,0.0,0.0,0.0,0.0
2005-07-28,1017225.4900342964,0.0,0.0,0.0,0.0,0.0
2005-07-29,1017225.4900342964,0.0,0.0,0.0,0.0,0.0
2005-08-01,1017225.4900342964,0.0,0.0,0.0,0.0,0.0
2005-08-02,1017225.4900342964,0.0,0.0,0.0,0.0,0.0
2005-08-03,1017225.4900342964,0.0,0.0,0.0,0.0,0.0
2005-08-04,1017225.4900342964,0.0,0.0,0.0,0.0,0.0
2005-08-05,1017225.4900342964,0.0,0.0,0.0,0.0,0.0
2005-08-08,1017225.4900342964,0.0,0.0,0.0,0.0,0.0
2005-08-09,1017225.4900342964,0.0,0.0,0.0,0.0,0.0
2005-08-10,1017225.4900342964,0.0,0.0,0.0,0.0,0.0
2005-08-11,1017225.4900342964,0.0,0.0,0.0,0.0,0.0
2005-08-12,1017225.4900342964,0.0,0.0,0.0,0.0,0.0
2005-08-15,1017225.4900342964,0.0,0.0,0.0,0.0,0.0
2005-08-16,1017225.4900342964,0.0,0.0,0.0,0.0,0.0
2005-08-17,1017225.4900342964,0.0,0.0,0.0,0.0,0.0
2005-08-18,1017225.4900342964,0.0,0.0,0.0,0.0,0.0
2005-08-19,1017225.4900342964,0.0,0.0,0.0,0.0,0.0
2005-08-22,1017225.4900342964,0.0,0.0,0.0,0.0,0.0
2005-08-23,1017225.4900342964,0.0,0.0,0.0,0.0,0.0
2005-08-24,1017225.4900342964,0.0,0.0,0.0,0.0,0.0
2005-08-25,1017225.4900342964,0.0,0.0,0.0,0.0,0.0
2005-08-26,1017225.4900342964,0.0,0.0,0.0,0.0,0.0
2005-08-29,1017225.4900342964,0.0,0.0,0.0,0.0,0.0
2005-08-30,1017225.4900342964,0.0,0.0,0.0,0.0,0.0
2005-08-31,1017225.4900342964,0.0,0.0,0.0,0.0,0.0
2005-09-01,1017225.4900342964,0.0,0.0,0.0,0.0,0.0
2005-09-02,1017225.4900342964,0.0,0.0,0.0,0.0,0.0
2005-09-06,1017225.4900342964,0.0,0.0,0.0,0.0,0.0
2005-09-07,1017225.4900342964,0.0,0.0,0.0,0.0,0.0
2005-09-08,1017225.4900342964,0.0,0.0,0.0,0.0,0.0
2005-09-09,1017225.4900342964,0.0,0.0,0.0,0.0,0.0
2005-09-12,1017225.4900342964,0.0,0.0,0.0,0.0,0.0
2005-09-13,1017225.4900342964,0.0,0.0,0.0,0.0,0.0
2005-09-14,1017225.4900342964,0.0,0.0,0.0,0.0,0.0
2005-09-15,1017225.4900342964,0.0,0.0,0.0,0.0,0.0
2005-09-16,1017225.4900342964,0.0,0.0,0.0,0.0,0.0
2005-09-19,1017225.4900342964,0.0,0.0,0.0,0.0,0.0
2005-09-20,1017225.4900342964,0.0,0.0,0.0,0.0,0.0
2005-09-21,1017225.4900342964,0.0,0.0,0.0,0.0,0.0
2005-09-22,1017225.4900342964,0.0,0.0,0.0,0.0,0.0
2005-09-23,1017225.4900342964,0.0,0.0,0.0,0.0,0.0
2005-09-26,1017225.4900342964,0.0,0.0,0.0,0.0,0.0
2005-09-27,1017225.4900342964,0.0,0.0,0.0,0.0,0.0
2005-09-28,1017225.4900342964,0.0,0.0,0.0,0.0,0.0
2005-09-29,1017225.4900342964,0.0,0.0,0.0,0.0,0.0
2005-09-30,1017225.4900342964,0.0,0.0,0.0,0.0,0.0
2005-10-03,1017225.4900342964,0.0,0.0,0.0,0.0,0.0
2005-10-04,1017225.4900342964,0.0,0.0,0.0,0.0,0.0
2005-10-05,1017225.4900342964,0.0,0.0,0.0,0.0,0.0
2005-10-06,1017225.4900342964,0.0,0.0,0.0,0.0,0.0
2005-10-07,1017225.4900342964,0.0,0.0,0.0,0.0,0.0
2005-10-10,1017225.4900342964,0.0,0.0,0.0,0.0,0.0
2005-10-11,1017225.4900342964,0.0,0.0,0.0,0.0,0.0
2005-10-12,1017225.4900342964,0.0,0.0,0.0,0.0,0.0
2005-10-13,1017225.4900342964,0.0,0.0,0.0,0.0,0.0
2005-10-14,1017225.4900342964,0.0,0.0,0.0,0.0,0.0
2005-10-17,1017225.4900342964,0.0,0.0,0.0,0.0,0.0
2005-10-18,1017225.4900342964,0.0,0.0,0.0,0.0,0.0
2005-10-19,1017225.4900342964,0.0,0.0,0.0,0.0,0.0
2005-10-20,1017225.4900342964,0.0,0.0,0.0,0.0,0.0
2005-10-21,1017225.4900342964,0.0,0.0,0.0,0.0,0.0
2005-10-24,1017225.4900342964,0.0,0.0,0.0,0.0,0.0
2005-10-25,1017225.4900342964,0.0,0.0,0.0,0.0,0.0
2005-10-26,1017225.4900342964,0.0,0.0,0.0,0.0,0.0
2005-10-27,1017225.4900342964,0.0,0.0,0.0,0.0,0.0
2005-10-28,1017225.4900342964,0.0,0.0,0.0,0.0,0.0
2005-10-31,1017225.4900342964,0.0,0.0,0.0,0.0,0.0
2005-11-01,1017225.4900342964,0.0,0.0,0.0,0.0,0.0
2005-11-02,1017225.4900342964,0.0,0.0,0.0,0.0,0.0
2005-11-03,1017225.4900342964,0.0,0.0,0.0,0.0,0.0
2005-11-04,1017225.4900342964,0.0,0.0,0.0,0.0,0.0
2005-11-07,1017225.4900342964,0.0,0.0,0.0,0.0,0.0
2005-11-08,1017225.4900342964,0.0,0.0,0.0,0.0,0.0
2005-11-09,1017225.4900342964,0.0,0.0,0.0,0.0,0.0
2005-11-10,1017225.4900342964,0.0,0.0,0.0,0.0,0.0
2005-11-11,1017225.4900342964,0.0,0.0,0.0,0.0,0.0
2005-11-14,1017225.4900342964,0.0,0.0,0.0,0.0,0.0
2005-11-15,1017225.4900342964,0.0,0.0,0.0,0.0,0.0
2005-11-16,1017225.4900342964,0.0,0.0,0.0,0.0,0.0
2005-11-17,1017225.4900342964,0.0,0.0,0.0,0.0,0.0
2005-11-18,1017225.4900342964,0.0,0.0,0.0,0.0,0.0
2005-11-21,1017225.4900342964,0.0,0.0,0.0,0.0,0.0
2005-11-22,1017225.4900342964,0.0,0.0,0.0,0.0,0.0
2005-11-23,1017225.4900342964,0.0,0.0,0.0,0.0,0.0
2005-11-28,1017225.4900342964,0.0,0.0,0.0,0.0,0.0
2005-11-29,1017225.4900342964,0.0,0.0,0.0,0.0,0.0
2005-11-30,1017225.4900342964,0.0,0.0,0.0,0.0,0.0
2005-12-01,1017225.4900342964,0.0,0.0,0.0,0.0,0.0
2005-12-02,1017225.4900342964,0.0,0.0,0.0,0.0,0.0
2005-12-05,1017225.4900342964,0.0,0.0,0.0,0.0,0.0
2005-12-06,1017225.4900342964,0.0,0.0,0.0,0.0,0.0
2005-12-07,1017225.4900342964,0.0,0.0,0.0,0.0,0.0
2005-12-08,1017225.4900342964,0.0,0.0,0.0,0.0,0.0
2005-12-09,1017225.4900342964,0.0,0.0,0.0,0.0,0.0
2005-12-12,1017225.4900342964,0.0,0.0,0.0,0.0,0.0
2005-12-13,1017225.4900342964,0.0,0.0,0.0,0.0,0.0
2005-12-14,1017225.4900342964,0.0,0.0,0.0,0.0,0.0
2005-12-15,1017225.4900342964,0.0,0.0,0.0,0.0,0.0
2005-12-16,1017225.4900342964,0.0,0.0,0.0,0.0,0.0
2005-12-19,1017225.4900342964,0.0,0.0,0.0,0.0,0.0
2005-12-20,1017225.4900342964,0.0,0.0,0.0,0.0,0.0
2005-12-21,1017225.4900342964,0.0,0.0,0.0,0.0,0.0
2005-12-22,1017225.4900342964,0.0,0.0,0.0,0.0,0.0
2005-12-23,1017225.4900342964,0.0,0.0,0.0,0.0,0.0
2005-12-27,1017225.4900342964,0.0,0.0,0.0,0.0,0.0
2005-12-28,1017225.4900342964,0.0,0.0,0.0,0.0,0.0
2005-12-29,1017225.4900342964,0.0,0.0,0.0,0.0,0.0
2005-12-30,1017225.4900342964,0.0,0.0,0.0,0.0,0.0
2006-01-03,1017225.4900342964,0.0,0.0,0.0,0.0,0.0
2006-01-04,1017225.4900342964,0.0,0.0,0.0,0.0,0.0
2006-01-05,1017225.4900342964,0.0,0.0,0.0,0.0,0.0
2006-01-06,1017225.4900342964,0.0,0.0,0.0,0.0,0.0
2006-01-09,1017225.4900342964,0.0,0.0,0.0,0.0,0.0
2006-01-10,1017225.4900342964,0.0,0.0,0.0,0.0,0.0
2006-01-11,1017225.4900342964,0.0,0.0,0.0,0.0,0.0
2006-01-12,1017225.4900342964,0.0,0.0,0.0,0.0,0.0
2006-01-13,1017225.4900342964,0.0,0.0,0.0,0.0,0.0
2006-01-17,1017225.4900342964,0.0,0.0,0.0,0.0,0.0
2006-01-18,1017225.4900342964,0.0,0.0,0.0,0.0,0.0
2006-01-19,1017225.4900342964,0.0,0.0,0.0,0.0,0.0
2006-01-20,1017225.4900342964,0.0,0.0,0.0,0.0,0.0
2006-01-23,1017225.4900342964,0.0,0.0,0.0,0.0,0.0
2006-01-24,1017225.4900342964,0.0,0.0,0.0,0.0,0.0
2006-01-25,1017225.4900342964,0.0,0.0,0.0,0.0,0.0
2006-01-26,1017225.4900342964,0.0,0.0,0.0,0.0,0.0
2006-01-27,1017225.4900342964,0.0,0.0,0.0,0.0,0.0
2006-01-30,1017225.4900342964,0.0,0.0,0.0,0.0,0.0
2006-01-31,1017225.4900342964,0.0,0.0,0.0,0.0,0.0
2006-02-01,1017225.4900342964,0.0,0.0,0.0,0.0,0.0
2006-02-02,1017225.4900342964,0.0,0.0,0.0,0.0,0.0
2006-02-03,1017225.4900342964,0.0,0.0,0.0,0.0,0.0
2006-02-06,1017225.4900342964,0.0,0.0,0.0,0.0,0.0
2006-02-07,1017225.4900342964,0.0,0.0,0.0,0.0,0.0
2006-02-08,1017225.4900342964,0.0,0.0,0.0,0.0,0.0
2006-02-09,1017225.4900342964,0.0,0.0,0.0,0.0,0.0
2006-02-10,1017225.4900342964,0.0,0.0,0.0,0.0,0.0
2006-02-13,1017225.4900342964,0.0,0.0,0.0,0.0,0.0
2006-02-14,1017225.4900342964,0.0,0.0,0.0,0.0,0.0
2006-02-15,1017225.4900342964,0.0,0.0,0.0,0.0,0.0
2006-02-16,1017225.4900342964,0.0,0.0,0.0,0.0,0.0
2006-02-17,1017225.4900342964,0.0,0.0,0.0,0.0,0.0
2006-02-21,1017225.4900342964,0.0,0.0,0.0,0.0,0.0
2006-02-22,1017225.4900342964,0.0,0.0,0.0,0.0,0.0
2006-02-23,1017225.4900342964,0.0,0.0,0.0,0.0,0.0
2006-02-24,1017225.4900342964,0.0,0.0,0.0,0.0,0.0
2006-02-27,1017225.4900342964,0.0,0.0,0.0,0.0,0.0
2006-02-28,1017225.4900342964,0.0,0.0,0.0,0.0,0.0
2006-03-01,1017225.4900342964,0.0,0.0,0.0,0.0,0.0
2006-03-02,1017225.4900342964,0.0,0.0,0.0,0.0,0.0
2006-03-03,1017225.4900342964,0.0,0.0,0.0,0.0,0.0
2006-03-06,1017225.4900342964,0.0,0.0,0.0,0.0,0.0
2006-03-07,1017225.4900342964,0.0,0.0,0.0,0.0,0.0
2006-03-08,1017225.4900342964,0.0,0.0,0.0,0.0,0.0
2006-03-09,1017225.4900342964,0.0,0.0,0.0,0.0,0.0
2006-03-10,1017225.4900342964,0.0,0.0,0.0,0.0,0.0
2006-03-13,1017225.4900342964,0.0,0.0,0.0,0.0,0.0
2006-03-14,1017225.4900342964,0.0,0.0,0.0,0.0,0.0
2006-03-15,1017225.4900342964,0.0,0.0,0.0,0.0,0.0
2006-03-16,1017225.4900342964,0.0,0.0,0.0,0.0,0.0
2006-03-17,1017225.4900342964,0.0,0.0,0.0,0.0,0.0
2006-03-20,1017225.4900342964,0.0,0.0,0.0,0.0,0.0
2006-03-21,1017225.4900342964,0.0,0.0,0.0,0.0,0.0
2006-03-22,1017225.4900342964,0.0,0.0,0.0,0.0,0.0
2006-03-23,1017225.4900342964,0.0,0.0,0.0,0.0,0.0
2006-03-24,1017225.4900342964,0.0,0.0,0.0,0.0,0.0
2006-03-27,1017225.4900342964,0.0,0.0,0.0,0.0,0.0
2006-03-28,1017225.4900342964,0.0,0.0,0.0,0.0,0.0
2006-03-29,1017225.4900342964,0.0,0.0,0.0,0.0,0.0
2006-03-30,1017225.4900342964,0.0,0.0,0.0,0.0,0.0
2006-03-31,1017225.4900342964,0.0,0.0,0.0,0.0,0.0
2006-04-03,1016716.8772892792,0.0,508.6127450171482,-0.0005,-1.2053398327482612,-0.5
2006-04-04,1021119.7151989264,4402.837909647113,0.0,0.004349280695884912,-1.2769128192099364,-0.5
2006-04-05,1015972.9424408673,-5146.7727580591045,0.0,-0.0050150451354062184,-1.2328190018991108,-0.5
2006-04-06,1018338.8142296518,2365.8717887844546,0.0,0.0023341113704568187,-1.3339592632422939,-0.5
2006-04-07,1019019.5219931743,680.7077635224945,0.0,0.0006688963210702341,-1.320132334174926,-0.5
2006-04-10,1038799.6867440458,19780.16475087152,0.0,0.019795221843003412,-1.1799531926403781,-0.5
2006-04-11,1042054.9782415028,3255.291497456968,0.0,0.0031435557107928743,-0.8210983600946827,-0.5
2006-04-12,1040594.4947401132,-1460.4835013896325,0.0,-0.0013995801259622112,-0.6246731556606915,-0.5
2006-04-13,1045321.164352839,4726.66961272588,0.0,0.004563004563004562,-0.6109520778051818,-0.5
2006-04-17,1034632.0551263819,-10689.109226457098,0.0,-0.010122164048865618,-0.6997249253514597,-0.5
2006-04-18,1034632.0551263819,0.0,0.0,0.0,-0.5867968307691361,-0.5
2006-04-19,1030341.9429420292,-4290.112184352655,0.0,-0.0041293874741913286,-0.6272943904502681,-0.5
2006-04-20,1031401.2389765824,1059.2960345531485,0.0,0.0010291595197255575,-0.7098229615063262,-0.5
2006-04-21,1034588.948849793,3187.709873210591,0.0,0.003100241129865656,-0.7722393704238963,-0.5
2006-04-24,1027081.5653232397,-7507.38352655344,0.0,-0.007204116638078903,-1.349103468475392,-0.5
2006-04-25,1016936.6861017226,-10144.879221517012,0.0,-0.009780775716694771,-1.7968323921561096,-0.5
2006-04-26,1013540.1039838145,-3396.5821179082254,0.0,-0.0033288948069241015,-2.274928433044792,-0.5
2006-04-27,1019929.3747123124,6389.270728497835,0.0,0.006343906510851419,-2.4942392426409903,-0.5
2006-04-28,1015474.0380620233,-4455.3366502889985,0.0,-0.004349280695884911,-2.460737736130513,-0.5
2006-05-01,1008032.189681822,-7441.84838020137,0.0,-0.007275132275132275,-2.442799880698767,-0.5
2006-05-02,1010679.6806593186,2647.4909774965777,0.0,0.0026333113890717576,-2.4197364868150473,-0.5
2006-05-03,1013681.6995127621,3002.0188534435206,0.0,0.0029791459781529296,-2.212367753402486,-0.5
2006-05-04,1016374.0811847748,2692.3816720126483,0.0,0.0026631158455392807,-1.8188214404791911,-0.5
2006-05-05,1011624.6695904534,-4749.411594321377,0.0,-0.004651162790697674,-1.6517656963120697,-0.5
2006-05-08,1009952.0097531676,-1672.6598372858025,0.0,-0.001650709805216243,-1.1355148629273635,-0.5
2006-05-09,996304.009621368,-13648.000131799563,0.0,-0.013333333333333332,-1.0597505259100595,-0.5
2006-05-10,996943.4858791481,639.4762577800822,0.0,0.0006422607578676942,-0.9812170632743177,-0.5
2006-05-11,993739.9399733668,-3203.5459057813246,0.0,-0.003203074951953876,-1.1186723737719015,-0.5
2006-05-12,998181.9448136054,4442.004840238549,0.0,0.004490057729313663,-0.9870883944087159,-0.5
2006-05-15,1018119.8573710937,19937.91255748825,0.0,0.020381328073635765,-1.2162242653261146,-0.5
2006-05-16,996595.846963584,-21524.0104075097,0.0,-0.02070325336838646,-1.0983192189620588,-0.5
2006-05-17,1000767.0465806241,4171.199617040113,0.0,0.004203039120594891,-0.8892283873872897,-0.5
2006-05-18,997517.8029228947,-3249.2436577292992,0.0,-0.003236245954692557,-0.8813322015698545,-0.5
2006-05-19,1004275.1815878563,6757.378664961545,0.0,0.006820396232543034,-0.8975333153764343,-0.5
2006-05-22,1008872.909691921,4597.728104064744,0.0,0.0045992115637319315,-0.58439276474172,-0.5
2006-05-23,1013534.3686805965,4661.458988675542,0.0,0.004641909814323606,-0.5083308742472383,-0.5
2006-05-24,1020962.0022951778,7427.633614581319,0.0,0.007382550335570469,-0.4803222072127149,-0.5
2006-05-25,1023378.071942259,2416.0696470812186,0.0,0.0023720772619451034,-0.23708358544922,-0.5
2006-05-26,1027201.8351186736,3823.7631764146904,0.0,0.003750426184793726,-0.1450607233300341,-0.5
2006-05-30,1026877.7146217608,703.0813382057999,1027.2018351186737,-0.00031575342465753434,0.2038086794803106,0.5
2006-05-31,1031804.4754184382,4926.760796677399,0.0,0.0048209366391184574,0.3995542652417407,0.5
2006-06-01,1032855.192806848,1050.7173884098147,0.0,0.001019367991845056,0.35198923253706366,0.5
2006-06-02,1027606.9448759189,-5248.247930929106,0.0,-0.005055611729019212,0.5213341657154464,0.5
2006-06-05,1032178.7759106167,4571.831034697791,0.0,0.004468889652801651,0.8270386873021677,0.5
2006-06-06,1027276.9771104985,-4901.798800118261,0.0,-0.004726536124240378,0.8208202047311567,0.5
2006-06-07,1031850.4705017438,4573.49339124537,0.0,0.004471964224286206,0.748737636267859,0.5
2006-06-08,1027647.4135954231,-4203.056906320749,0.0,-0.004056795131845842,0.6589005208669492,0.5
2006-06-09,1032922.8109958103,5275.397400387182,0.0,0.005159958720330237,0.5840027155793563,0.5
2006-06-12,1031173.280489381,-1749.5305064292181,0.0,-0.0016909029421711193,0.5019549137668011,0.5
2006-06-13,1033626.7859154264,2453.5054260454344,0.0,0.002385008517887564,0.6307954041496958,0.5
2006-06-14,1040620.2012463834,6993.415330956877,0.0,0.0068119891008174395,0.6998330311945212,0.5
2006-06-15,1050692.9602037081,10072.758957324806,0.0,0.00977418267610381,0.7014613376202979,0.5
2006-06-16,1050004.8836089447,-688.0765947633977,0.0,-0.0006544502617801048,0.7250305275130701,0.5
2006-06-19,1050693.411401475,688.5277925304556,0.0,0.0006561679790026247,0.7713877699213234,0.5
2006-06-20,1050693.411401475,0.0,0.0,0.0,0.7327684990895169,0.5
2006-06-21,1054133.7958526914,3440.384451216356,0.0,0.0032851511169513796,0.6863908285555869,0.5
2006-06-22,1054133.7958526914,0.0,0.0,0.0,0.763829311470556,0.5
2006-06-23,1058934.6654499385,4800.8695972471305,0.0,0.00457516339869281,0.8392837462487076,0.5
2006-06-26,1062348.3813282426,3413.7158783041214,0.0,0.0032341526520051744,0.7134201495409606,0.5
2006-06-27,1064730.3283715795,2381.947043336867,0.0,0.0022471910112359553,0.7929807800404939,0.5
2006-06-28,1078311.072355911,13580.743984331371,0.0,0.012919896640826873,0.966693403077034,0.5
2006-06-29,1091052.3101511612,12741.23779525019,0.0,0.01195720578980491,1.1195838323452414,0.5
2006-06-30,1091052.3101511612,0.0,0.0,0.0,1.289976244500531,0.5
2006-07-03,1091052.3101511612,0.0,0.0,0.0,0.0,0.0
2006-07-05,1091052.3101511612,0.0,0.0,0.0,0.0,0.0
2006-07-06,1091052.3101511612,0.0,0.0,0.0,0.0,0.0
2006-07-07,1091052.3101511612,0.0,0.0,0.0,0.0,0.0
2006-07-10,1091052.3101511612,0.0,0.0,0.0,0.0,0.0
2006-07-11,1091052.3101511612,0.0,0.0,0.0,0.0,0.0
2006-07-12,1091052.3101511612,0.0,0.0,0.0,0.0,0.0
2006-07-13,1091052.3101511612,0.0,0.0,0.0,0.0,0.0
2006-07-14,1091052.3101511612,0.0,0.0,0.0,0.0,0.0
2006-07-17,1091052.3101511612,0.0,0.0,0.0,0.0,0.0
2006-07-18,1091052.3101511612,0.0,0.0,0.0,0.0,0.0
2006-07-19,1091052.3101511612,0.0,0.0,0.0,0.0,0.0
2006-07-20,1091052.3101511612,0.0,0.0,0.0,0.0,0.0
2006-07-21,1091052.3101511612,0.0,0.0,0.0,0.0,0.0
2006-07-24,1091052.3101511612,0.0,0.0,0.0,0.0,0.0
2006-07-25,1091052.3101511612,0.0,0.0,0.0,0.0,0.0
2006-07-26,1091052.3101511612,0.0,0.0,0.0,0.0,0.0
2006-07-27,1091052.3101511612,0.0,0.0,0.0,0.0,0.0
2006-07-28,1091052.3101511612,0.0,0.0,0.0,0.0,0.0
2006-07-31,1091052.3101511612,0.0,0.0,0.0,0.0,0.0
2006-08-01,1091052.3101511612,0.0,0.0,0.0,0.0,0.0
2006-08-02,1091052.3101511612,0.0,0.0,0.0,0.0,0.0
2006-08-03,1091052.3101511612,0.0,0.0,0.0,0.0,0.0
2006-08-04,1091052.3101511612,0.0,0.0,0.0,0.0,0.0
2006-08-07,1091052.3101511612,0.0,0.0,0.0,0.0,0.0
2006-08-08,1091052.3101511612,0.0,0.0,0.0,0.0,0.0
2006-08-09,1091052.3101511612,0.0,0.0,0.0,0.0,0.0
2006-08-10,1091052.3101511612,0.0,0.0,0.0,0.0,0.0
2006-08-11,1091052.3101511612,0.0,0.0,0.0,0.0,0.0
2006-08-14,1091052.3101511612,0.0,0.0,0.0,0.0,0.0
2006-08-15,1091052.3101511612,0.0,0.0,0.0,0.0,0.0
2006-08-16,1091052.3101511612,0.0,0.0,0.0,0.0,0.0
2006-08-17,1091052.3101511612,0.0,0.0,0.0,0.0,0.0
2006-08-18,1091052.3101511612,0.0,0.0,0.0,0.0,0.0
2006-08-21,1091052.3101511612,0.0,0.0,0.0,0.0,0.0
2006-08-22,1091052.3101511612,0.0,0.0,0.0,0.0,0.0
2006-08-23,1091052.3101511612,0.0,0.0,0.0,0.0,0.0
2006-08-24,1091052.3101511612,0.0,0.0,0.0,0.0,0.0
2006-08-25,1091052.3101511612,0.0,0.0,0.0,0.0,0.0
2006-08-28,1091052.3101511612,0.0,0.0,0.0,0.0,0.0
2006-08-29,1091052.3101511612,0.0,0.0,0.0,0.0,0.0
2006-08-30,1091052.3101511612,0.0,0.0,0.0,0.0,0.0
2006-08-31,1091052.3101511612,0.0,0.0,0.0,0.0,0.0
2006-09-01,1091052.3101511612,0.0,0.0,0.0,0.0,0.0
2006-09-05,1091052.3101511612,0.0,0.0,0.0,0.0,0.0
2006-09-06,1091052.3101511612,0.0,0.0,0.0,0.0,0.0
2006-09-07,1091052.3101511612,0.0,0.0,0.0,0.0,0.0
2006-09-08,1091052.3101511612,0.0,0.0,0.0,0.0,0.0
2006-09-11,1091052.3101511612,0.0,0.0,0.0,0.0,0.0
2006-09-12,1091052.3101511612,0.0,0.0,0.0,0.0,0.0
2006-09-13,1091052.3101511612,0.0,0.0,0.0,0.0,0.0
2006-09-14,1091052.3101511612,0.0,0.0,0.0,0.0,0.0
2006-09-15,1091052.3101511612,0.0,0.0,0.0,0.0,0.0
2006-09-18,1091052.3101511612,0.0,0.0,0.0,0.0,0.0
2006-09-19,1091052.3101511612,0.0,0.0,0.0,0.0,0.0
2006-09-20,1091052.3101511612,0.0,0.0,0.0,0.0,0.0
2006-09-21,1091052.3101511612,0.0,0.0,0.0,0.0,0.0
2006-09-22,1091052.3101511612,0.0,0.0,0.0,0.0,0.0
2006-09-25,1091052.3101511612,0.0,0.0,0.0,0.0,0.0
2006-09-26,1091052.3101511612,0.0,0.0,0.0,0.0,0.0
2006-09-27,1091052.3101511612,0.0,0.0,0.0,0.0,0.0
2006-09-28,1091052.3101511612,0.0,0.0,0.0,0.0,0.0
2006-09-29,1091052.3101511612,0.0,0.0,0.0,0.0,0.0
2006-10-02,1091052.3101511612,0.0,0.0,0.0,0.0,0.0
2006-10-03,1091052.3101511612,0.0,0.0,0.0,0.0,0.0
2006-10-04,1091052.3101511612,0.0,0.0,0.0,0.0,0.0
2006-10-05,1091052.3101511612,0.0,0.0,0.0,0.0,0.0
2006-10-06,1091052.3101511612,0.0,0.0,0.0,0.0,0.0
2006-10-09,1091052.3101511612,0.0,0.0,0.0,0.0,0.0
2006-10-10,1091052.3101511612,0.0,0.0,0.0,0.0,0.0
2006-10-11,1091052.3101511612,0.0,0.0,0.0,0.0,0.0
2006-10-12,1091052.3101511612,0.0,0.0,0.0,0.0,0.0
2006-10-13,1091052.3101511612,0.0,0.0,0.0,0.0,0.0
2006-10-16,1091052.3101511612,0.0,0.0,0.0,0.0,0.0
2006-10-17,1091052.3101511612,0.0,0.0,0.0,0.0,0.0
2006-10-18,1091052.3101511612,0.0,0.0,0.0,0.0,0.0
2006-10-19,1091052.3101511612,0.0,0.0,0.0,0.0,0.0
2006-10-20,1091052.3101511612,0.0,0.0,0.0,0.0,0.0
2006-10-23,1091052.3101511612,0.0,0.0,0.0,0.0,0.0
2006-10-24,1091052.3101511612,0.0,0.0,0.0,0.0,0.0
2006-10-25,1091052.3101511612,0.0,0.0,0.0,0.0,0.0
2006-10-26,1091052.3101511612,0.0,0.0,0.0,0.0,0.0
2006-10-27,1091052.3101511612,0.0,0.0,0.0,0.0,0.0
2006-10-30,1091052.3101511612,0.0,0.0,0.0,0.0,0.0
2006-10-31,1091052.3101511612,0.0,0.0,0.0,0.0,0.0
2006-11-01,1091052.3101511612,0.0,0.0,0.0,0.0,0.0
2006-11-02,1091052.3101511612,0.0,0.0,0.0,0.0,0.0
2006-11-03,1091052.3101511612,0.0,0.0,0.0,0.0,0.0
2006-11-06,1091052.3101511612,0.0,0.0,0.0,0.0,0.0
2006-11-07,1091052.3101511612,0.0,0.0,0.0,0.0,0.0
2006-11-08,1091052.3101511612,0.0,0.0,0.0,0.0,0.0
2006-11-09,1091052.3101511612,0.0,0.0,0.0,0.0,0.0
2006-11-10,1091052.3101511612,0.0,0.0,0.0,0.0,0.0
2006-11-13,1091052.3101511612,0.0,0.0,0.0,0.0,0.0
2006-11-14,1091052.3101511612,0.0,0.0,0.0,0.0,0.0
2006-11-15,1091052.3101511612,0.0,0.0,0.0,0.0,0.0
2006-11-16,1091052.3101511612,0.0,0.0,0.0,0.0,0.0
2006-11-17,1091052.3101511612,0.0,0.0,0.0,0.0,0.0
2006-11-20,1091052.3101511612,0.0,0.0,0.0,0.0,0.0
2006-11-21,1091052.3101511612,0.0,0.0,0.0,0.0,0.0
2006-11-22,1091052.3101511612,0.0,0.0,0.0,0.0,0.0
2006-11-27,1091052.3101511612,0.0,0.0,0.0,0.0,0.0
2006-11-28,1091052.3101511612,0.0,0.0,0.0,0.0,0.0
2006-11-29,1091052.3101511612,0.0,0.0,0.0,0.0,0.0
2006-11-30,1091052.3101511612,0.0,0.0,0.0,0.0,0.0
2006-12-01,1091052.3101511612,0.0,0.0,0.0,0.0,0.0
2006-12-04,1091052.3101511612,0.0,0.0,0.0,0.0,0.0
2006-12-05,1091052.3101511612,0.0,0.0,0.0,0.0,0.0
2006-12-06,1091052.3101511612,0.0,0.0,0.0,0.0,0.0
2006-12-07,1091052.3101511612,0.0,0.0,0.0,0.0,0.0
2006-12-08,1091052.3101511612,0.0,0.0,0.0,0.0,0.0
2006-12-11,1091052.3101511612,0.0,0.0,0.0,0.0,0.0
2006-12-12,1091052.3101511612,0.0,0.0,0.0,0.0,0.0
2006-12-13,1091052.3101511612,0.0,0.0,0.0,0.0,0.0
2006-12-14,1091052.3101511612,0.0,0.0,0.0,0.0,0.0
2006-12-15,1091052.3101511612,0.0,0.0,0.0,0.0,0.0
2006-12-18,1091052.3101511612,0.0,0.0,0.0,0.0,0.0
2006-12-19,1091052.3101511612,0.0,0.0,0.0,0.0,0.0
2006-12-20,1091052.3101511612,0.0,0.0,0.0,0.0,0.0
2006-12-21,1091052.3101511612,0.0,0.0,0.0,0.0,0.0
2006-12-22,1091052.3101511612,0.0,0.0,0.0,0.0,0.0
2006-12-26,1091052.3101511612,0.0,0.0,0.0,0.0,0.0
2006-12-27,1091052.3101511612,0.0,0.0,0.0,0.0,0.0
2006-12-28,1091052.3101511612,0.0,0.0,0.0,0.0,0.0
2006-12-29,1091052.3101511612,0.0,0.0,0.0,0.0,0.0
2007-01-03,1091052.3101511612,0.0,0.0,0.0,0.0,0.0
2007-01-04,1091052.3101511612,0.0,0.0,0.0,0.0,0.0
2007-01-05,1091052.3101511612,0.0,0.0,0.0,0.0,0.0
2007-01-08,1091052.3101511612,0.0,0.0,0.0,0.0,0.0
2007-01-09,1091052.3101511612,0.0,0.0,0.0,0.0,0.0
2007-01-10,1091052.3101511612,0.0,0.0,0.0,0.0,0.0
2007-01-11,1091052.3101511612,0.0,0.0,0.0,0.0,0.0
2007-01-12,1091052.3101511612,0.0,0.0,0.0,0.0,0.0
2007-01-16,1091052.3101511612,0.0,0.0,0.0,0.0,0.0
2007-01-17,1091052.3101511612,0.0,0.0,0.0,0.0,0.0
2007-01-18,1091052.3101511612,0.0,0.0,0.0,0.0,0.0
2007-01-19,1091052.3101511612,0.0,0.0,0.0,0.0,0.0
2007-01-22,1091052.3101511612,0.0,0.0,0.0,0.0,0.0
2007-01-23,1091052.3101511612,0.0,0.0,0.0,0.0,0.0
2007-01-24,1091052.3101511612,0.0,0.0,0.0,0.0,0.0
2007-01-25,1091052.3101511612,0.0,0.0,0.0,0.0,0.0
2007-01-26,1091052.3101511612,0.0,0.0,0.0,0.0,0.0
2007-01-29,1091052.3101511612,0.0,0.0,0.0,0.0,0.0
2007-01-30,1091052.3101511612,0.0,0.0,0.0,0.0,0.0
2007-01-31,1091052.3101511612,0.0,0.0,0.0,0.0,0.0
2007-02-01,1091052.3101511612,0.0,0.0,0.0,0.0,0.0
2007-02-02,1091052.3101511612,0.0,0.0,0.0,0.0,0.0
2007-02-05,1091052.3101511612,0.0,0.0,0.0,0.0,0.0
2007-02-06,1091052.3101511612,0.0,0.0,0.0,0.0,0.0
2007-02-07,1091052.3101511612,0.0,0.0,0.0,0.0,0.0
2007-02-08,1091052.3101511612,0.0,0.0,0.0,0.0,0.0
2007-02-09,1091052.3101511612,0.0,0.0,0.0,0.0,0.0
2007-02-12,1091052.3101511612,0.0,0.0,0.0,0.0,0.0
2007-02-13,1091052.3101511612,0.0,0.0,0.0,0.0,0.0
2007-02-14,1091052.3101511612,0.0,0.0,0.0,0.0,0.0
2007-02-15,1091052.3101511612,0.0,0.0,0.0,0.0,0.0
2007-02-16,1091052.3101511612,0.0,0.0,0.0,0.0,0.0
2007-02-20,1091052.3101511612,0.0,0.0,0.0,0.0,0.0
2007-02-21,1091052.3101511612,0.0,0.0,0.0,0.0,0.0
2007-02-22,1091052.3101511612,0.0,0.0,0.0,0.0,0.0
2007-02-23,1091052.3101511612,0.0,0.0,0.0,0.0,0.0
2007-02-26,1091052.3101511612,0.0,0.0,0.0,0.0,0.0
2007-02-27,1091052.3101511612,0.0,0.0,0.0,0.0,0.0
2007-02-28,1091052.3101511612,0.0,0.0,0.0,0.0,0.0
2007-03-01,1091052.3101511612,0.0,0.0,0.0,0.0,0.0
2007-03-02,1091052.3101511612,0.0,0.0,0.0,0.0,0.0
2007-03-05,1091052.3101511612,0.0,0.0,0.0,0.0,0.0
2007-03-06,1091052.3101511612,0.0,0.0,0.0,0.0,0.0
2007-03-07,1091052.3101511612,0.0,0.0,0.0,0.0,0.0
2007-03-08,1091052.3101511612,0.0,0.0,0.0,0.0,0.0
2007-03-09,1091052.3101511612,0.0,0.0,0.0,0.0,0.0
2007-03-12,1091052.3101511612,0.0,0.0,0.0,0.0,0.0
2007-03-13,1091052.3101511612,0.0,0.0,0.0,0.0,0.0
2007-03-14,1091052.3101511612,0.0,0.0,0.0,0.0,0.0
2007-03-15,1091052.3101511612,0.0,0.0,0.0,0.0,0.0
2007-03-16,1091052.3101511612,0.0,0.0,0.0,0.0,0.0
2007-03-19,1091052.3101511612,0.0,0.0,0.0,0.0,0.0
2007-03-20,1091052.3101511612,0.0,0.0,0.0,0.0,0.0
2007-03-21,1091052.3101511612,0.0,0.0,0.0,0.0,0.0
2007-03-22,1091052.3101511612,0.0,0.0,0.0,0.0,0.0
2007-03-23,1091052.3101511612,0.0,0.0,0.0,0.0,0.0
2007-03-26,1091052.3101511612,0.0,0.0,0.0,0.0,0.0
2007-03-27,1091052.3101511612,0.0,0.0,0.0,0.0,0.0
2007-03-28,1091052.3101511612,0.0,0.0,0.0,0.0,0.0
2007-03-29,1091052.3101511612,0.0,0.0,0.0,0.0,0.0
2007-03-30,1091052.3101511612,0.0,0.0,0.0,0.0,0.0
2007-04-02,1091052.3101511612,0.0,0.0,0.0,0.0,0.0
2007-04-03,1091052.3101511612,0.0,0.0,0.0,0.0,0.0
2007-04-04,1091052.3101511612,0.0,0.0,0.0,0.0,0.0
2007-04-05,1091052.3101511612,0.0,0.0,0.0,0.0,0.0
2007-04-09,1091052.3101511612,0.0,0.0,0.0,0.0,0.0
2007-04-10,1091052.3101511612,0.0,0.0,0.0,0.0,0.0
2007-04-11,1091052.3101511612,0.0,0.0,0.0,0.0,0.0
2007-04-12,1091052.3101511612,0.0,0.0,0.0,0.0,0.0
2007-04-13,1091052.3101511612,0.0,0.0,0.0,0.0,0.0
2007-04-16,1091052.3101511612,0.0,0.0,0.0,0.0,0.0
2007-04-17,1091052.3101511612,0.0,0.0,0.0,0.0,0.0
2007-04-18,1090506.7839960856,0.0,545.5261550755806,-0.0005,1.8999695374187295,0.5
2007-04-19,1064692.3208822422,-25269.209721845447,545.2533919980428,-0.023135883241066937,0.0,0.0
2007-04-20,1064692.3208822422,0.0,0.0,0.0,0.0,0.0
2007-04-23,1064692.3208822422,0.0,0.0,0.0,0.0,0.0
2007-04-24,1064692.3208822422,0.0,0.0,0.0,0.0,0.0
2007-04-25,1064692.3208822422,0.0,0.0,0.0,0.0,0.0
2007-04-26,1064692.3208822422,0.0,0.0,0.0,0.0,0.0
2007-04-27,1064692.3208822422,0.0,0.0,0.0,0.0,0.0
2007-04-30,1064692.3208822422,0.0,0.0,0.0,0.0,0.0
2007-05-01,1064159.974721801,0.0,532.3461604411211,-0.0005,0.47691608153609966,0.5
2007-05-02,1072496.181979211,8336.20725741011,0.0,0.007895453307922677,0.2243789102398081,0.5
2007-05-03,1078486.1872509033,5990.005271692402,0.0,0.005616474993313719,0.19120623779418713,0.5
2007-05-04,1073380.2558015303,-5105.93144937303,0.0,-0.004712041884816754,0.04074826264483872,0.5
2007-05-07,1072306.8755457287,0.0,1073.3802558015304,-0.001,-0.035196483320121374,-0.5
2007-05-08,1064619.0673567392,-7687.808188989558,0.0,-0.007118375955707883,-0.16448217551411048,-0.5
2007-05-09,1053217.6102767487,-10869.147546312259,532.3095336783696,-0.010601192018657684,-0.3153436130424645,-0.5
2007-05-10,1052691.0014716103,0.0,526.6088051383744,-0.0005,-0.537111424168957,-0.5
2007-05-11,1050522.7398825854,-2168.261589024944,0.0,-0.0020554984583761563,-0.6920293379444102,-0.5
2007-05-14,1048367.8214418006,-2154.9184407847906,0.0,-0.0020470829068577278,-1.0465982537263447,-0.5
2007-05-15,1055596.0980452043,7228.27660340363,0.0,0.006942658781177681,-0.9578037383744165,-0.5
2007-05-16,1064069.2930321025,8473.194986898325,0.0,0.00809188201513965,-0.8888709766624203,-0.5
2007-05-17,1065749.4024421533,1680.1094100506882,0.0,0.0015814443858724304,-0.6841185005531244,-0.5
2007-05-18,1050837.9139708139,-14911.488471339526,0.0,-0.013798489976568603,-0.559755805099455,-0.5
2007-05-21,1050298.1923919895,-539.7215788242496,0.0,-0.000513347022587269,-0.2011331551842479,-0.5
2007-05-22,1056253.4747542902,7005.580554692593,1050.2981923919895,0.005708161157024793,0.05350789050409999,0.5
2007-05-23,1069710.6823109621,13457.207556671923,0.0,0.01290492494074269,0.2696364328911593,0.5
2007-05-24,1061845.1625880874,-7865.519722874721,0.0,-0.0072992700729927005,0.22327821313985516,0.5
2007-05-25,1057746.429330542,-4098.733257545371,0.0,-0.0038451679056652143,0.30226728299040734,0.5
2007-05-29,1050359.7602825614,-6857.795833315236,528.873214665271,-0.006938417933522289,0.007807175506310166,0.0
2007-05-30,1049834.5804024201,0.0,525.1798801412807,-0.0005,0.12388905002872688,0.5
2007-05-31,1050182.2891931604,1397.5433711427318,1049.8345804024202,0.00033164489469474795,-0.15140482344926753,-0.5
2007-06-01,1050182.2891931604,0.0,0.0,0.0,-0.44572856806027783,-0.5
2007-06-04,1057711.4771401107,7529.187946950433,0.0,0.007221182134260497,-0.8186645376135683,-0.5
2007-06-05,1050587.881523596,-7123.595616514754,0.0,-0.006689858175006689,-0.8029952628004609,-0.5
2007-06-06,1052263.4602820068,1675.5787584108386,0.0,0.001597444089456869,-1.0256962331355897,-0.5
2007-06-07,1060681.5679642628,8418.107682256054,0.0,0.008064516129032258,-0.980642307237624,-0.5
2007-06-08,1067292.8622903272,6611.294326064512,0.0,0.006272157076629398,-0.9198130479030231,-0.5
2007-06-11,1062313.7243487972,-4979.137941530066,0.0,-0.004643540016388965,-0.015491796428477032,-0.5
2007-06-12,1062117.8981647003,866.4875402518738,1062.3137243487972,-0.00018448979591836727,0.5176025525182948,0.5
2007-06-13,1062407.1459583181,289.2477936178378,0.0,0.00027240533914464724,0.4124680237050738,0.5
2007-06-14,1081492.3042689466,19085.15831062847,0.0,0.01829268292682927,0.23666123708347386,0.5
2007-06-15,1081776.4588417972,284.1545728504852,0.0,0.00026281208935611036,0.40544083916300805,0.5
2007-06-18,1097400.856225279,15624.39738348184,0.0,0.014654942712496668,0.565448736522839,0.5
2007-06-19,1094319.8431016244,-3081.013123654433,0.0,-0.0027996945787732244,0.6143977026276982,0.5
2007-06-20,1087859.536019659,-6460.307081965441,0.0,-0.0058688440928808365,0.43521340571914335,0.5
2007-06-21,1090685.1452041254,2825.6091844666466,0.0,0.0026041666666666665,0.30055769423177714,0.5
2007-06-22,1096076.5681570338,6482.108098112373,1090.6851452041255,0.00497270600467897,-0.1220596139922473,-0.5
2007-06-25,1097755.9500285715,1679.3818715378454,0.0,0.0015345268542199487,-0.6958314073053609,-0.5
2007-06-26,1077523.9479495613,-19683.124103995902,548.8779750142858,-0.01810568696527428,-0.9009906216363441,-0.5
2007-06-27,1076985.1859755865,0.0,538.7619739747806,-0.0005,-0.8405069872923668,-0.5
2007-06-28,1082311.5222069197,5326.336231333266,0.0,0.004970178926441351,-0.883255405477647,-0.5
2007-06-29,1068255.5284120247,-14055.993794895063,0.0,-0.012820512820512822,-0.8943804112654381,-0.5
2007-07-02,1068255.5284120247,0.0,0.0,0.0,0.0,0.0
2007-07-03,1068255.5284120247,0.0,0.0,0.0,0.0,0.0
2007-07-05,1068255.5284120247,0.0,0.0,0.0,0.0,0.0
2007-07-06,1068255.5284120247,0.0,0.0,0.0,0.0,0.0
2007-07-09,1068255.5284120247,0.0,0.0,0.0,0.0,0.0
2007-07-10,1068255.5284120247,0.0,0.0,0.0,0.0,0.0
2007-07-11,1068255.5284120247,0.0,0.0,0.0,0.0,0.0
2007-07-12,1068255.5284120247,0.0,0.0,0.0,0.0,0.0
2007-07-13,1068255.5284120247,0.0,0.0,0.0,0.0,0.0
2007-07-16,1068255.5284120247,0.0,0.0,0.0,0.0,0.0
2007-07-17,1068255.5284120247,0.0,0.0,0.0,0.0,0.0
2007-07-18,1068255.5284120247,0.0,0.0,0.0,0.0,0.0
2007-07-19,1068255.5284120247,0.0,0.0,0.0,0.0,0.0
2007-07-20,1068255.5284120247,0.0,0.0,0.0,0.0,0.0
2007-07-23,1068255.5284120247,0.0,0.0,0.0,0.0,0.0
2007-07-24,1068255.5284120247,0.0,0.0,0.0,0.0,0.0
2007-07-25,1068255.5284120247,0.0,0.0,0.0,0.0,0.0
2007-07-26,1068255.5284120247,0.0,0.0,0.0,0.0,0.0
2007-07-27,1068255.5284120247,0.0,0.0,0.0,0.0,0.0
2007-07-30,1068255.5284120247,0.0,0.0,0.0,0.0,0.0
2007-07-31,1068255.5284120247,0.0,0.0,0.0,0.0,0.0
2007-08-01,1068255.5284120247,0.0,0.0,0.0,0.0,0.0
2007-08-02,1068255.5284120247,0.0,0.0,0.0,0.0,0.0
2007-08-03,1068255.5284120247,0.0,0.0,0.0,0.0,0.0
2007-08-06,1068255.5284120247,0.0,0.0,0.0,0.0,0.0
2007-08-07,1068255.5284120247,0.0,0.0,0.0,0.0,0.0
2007-08-08,1068255.5284120247,0.0,0.0,0.0,0.0,0.0
2007-08-09,1068255.5284120247,0.0,0.0,0.0,0.0,0.0
2007-08-10,1068255.5284120247,0.0,0.0,0.0,0.0,0.0
2007-08-13,1068255.5284120247,0.0,0.0,0.0,0.0,0.0
2007-08-14,1068255.5284120247,0.0,0.0,0.0,0.0,0.0
2007-08-15,1068255.5284120247,0.0,0.0,0.0,0.0,0.0
2007-08-16,1068255.5284120247,0.0,0.0,0.0,0.0,0.0
2007-08-17,1068255.5284120247,0.0,0.0,0.0,0.0,0.0
2007-08-20,1068255.5284120247,0.0,0.0,0.0,0.0,0.0
2007-08-21,1068255.5284120247,0.0,0.0,0.0,0.0,0.0
2007-08-22,1068255.5284120247,0.0,0.0,0.0,0.0,0.0
2007-08-23,1068255.5284120247,0.0,0.0,0.0,0.0,0.0
2007-08-24,1068255.5284120247,0.0,0.0,0.0,0.0,0.0
2007-08-27,1068255.5284120247,0.0,0.0,0.0,0.0,0.0
2007-08-28,1068255.5284120247,0.0,0.0,0.0,0.0,0.0
2007-08-29,1068255.5284120247,0.0,0.0,0.0,0.0,0.0
2007-08-30,1068255.5284120247,0.0,0.0,0.0,0.0,0.0
2007-08-31,1068255.5284120247,0.0,0.0,0.0,0.0,0.0
2007-09-04,1068255.5284120247,0.0,0.0,0.0,0.0,0.0
2007-09-05,1068255.5284120247,0.0,0.0,0.0,0.0,0.0
2007-09-06,1068255.5284120247,0.0,0.0,0.0,0.0,0.0
2007-09-07,1068255.5284120247,0.0,0.0,0.0,0.0,0.0
2007-09-10,1068255.5284120247,0.0,0.0,0.0,0.0,0.0
2007-09-11,1068255.5284120247,0.0,0.0,0.0,0.0,0.0
2007-09-12,1068255.5284120247,0.0,0.0,0.0,0.0,0.0
2007-09-13,1068255.5284120247,0.0,0.0,0.0,0.0,0.0
2007-09-14,1068255.5284120247,0.0,0.0,0.0,0.0,0.0
2007-09-17,1068255.5284120247,0.0,0.0,0.0,0.0,0.0
2007-09-18,1068255.5284120247,0.0,0.0,0.0,0.0,0.0
2007-09-19,1068255.5284120247,0.0,0.0,0.0,0.0,0.0
2007-09-20,1068255.5284120247,0.0,0.0,0.0,0.0,0.0
2007-09-21,1068255.5284120247,0.0,0.0,0.0,0.0,0.0
2007-09-24,1068255.5284120247,0.0,0.0,0.0,0.0,0.0
2007-09-25,1068255.5284120247,0.0,0.0,0.0,0.0,0.0
2007-09-26,1068255.5284120247,0.0,0.0,0.0,0.0,0.0
2007-09-27,1068255.5284120247,0.0,0.0,0.0,0.0,0.0
2007-09-28,1068255.5284120247,0.0,0.0,0.0,0.0,0.0
2007-10-01,1068255.5284120247,0.0,0.0,0.0,0.0,0.0
2007-10-02,1068255.5284120247,0.0,0.0,0.0,0.0,0.0
2007-10-03,1068255.5284120247,0.0,0.0,0.0,0.0,0.0
2007-10-04,1068255.5284120247,0.0,0.0,0.0,0.0,0.0
2007-10-05,1068255.5284120247,0.0,0.0,0.0,0.0,0.0
2007-10-08,1068255.5284120247,0.0,0.0,0.0,0.0,0.0
2007-10-09,1068255.5284120247,0.0,0.0,0.0,0.0,0.0
2007-10-10,1068255.5284120247,0.0,0.0,0.0,0.0,0.0
2007-10-11,1068255.5284120247,0.0,0.0,0.0,0.0,0.0
2007-10-12,1068255.5284120247,0.0,0.0,0.0,0.0,0.0
2007-10-15,1068255.5284120247,0.0,0.0,0.0,0.0,0.0
2007-10-16,1068255.5284120247,0.0,0.0,0.0,0.0,0.0
2007-10-17,1068255.5284120247,0.0,0.0,0.0,0.0,0.0
2007-10-18,1068255.5284120247,0.0,0.0,0.0,0.0,0.0
2007-10-19,1068255.5284120247,0.0,0.0,0.0,0.0,0.0
2007-10-22,1068255.5284120247,0.0,0.0,0.0,0.0,0.0
2007-10-23,1068255.5284120247,0.0,0.0,0.0,0.0,0.0
2007-10-24,1068255.5284120247,0.0,0.0,0.0,0.0,0.0
2007-10-25,1068255.5284120247,0.0,0.0,0.0,0.0,0.0
2007-10-26,1068255.5284120247,0.0,0.0,0.0,0.0,0.0
2007-10-29,1068255.5284120247,0.0,0.0,0.0,0.0,0.0
2007-10-30,1068255.5284120247,0.0,0.0,0.0,0.0,0.0
2007-10-31,1068255.5284120247,0.0,0.0,0.0,0.0,0.0
2007-11-01,1068255.5284120247,0.0,0.0,0.0,0.0,0.0
2007-11-02,1068255.5284120247,0.0,0.0,0.0,0.0,0.0
2007-11-05,1068255.5284120247,0.0,0.0,0.0,0.0,0.0
2007-11-06,1068255.5284120247,0.0,0.0,0.0,0.0,0.0
2007-11-07,1068255.5284120247,0.0,0.0,0.0,0.0,0.0
2007-11-08,1068255.5284120247,0.0,0.0,0.0,0.0,0.0
2007-11-09,1068255.5284120247,0.0,0.0,0.0,0.0,0.0
2007-11-12,1068255.5284120247,0.0,0.0,0.0,0.0,0.0
2007-11-13,1068255.5284120247,0.0,0.0,0.0,0.0,0.0
2007-11-14,1068255.5284120247,0.0,0.0,0.0,0.0,0.0
2007-11-15,1068255.5284120247,0.0,0.0,0.0,0.0,0.0
2007-11-16,1068255.5284120247,0.0,0.0,0.0,0.0,0.0
2007-11-19,1068255.5284120247,0.0,0.0,0.0,0.0,0.0
2007-11-20,1068255.5284120247,0.0,0.0,0.0,0.0,0.0
2007-11-21,1068255.5284120247,0.0,0.0,0.0,0.0,0.0
2007-11-26,1068255.5284120247,0.0,0.0,0.0,0.0,0.0
2007-11-27,1068255.5284120247,0.0,0.0,0.0,0.0,0.0
2007-11-28,1068255.5284120247,0.0,0.0,0.0,0.0,0.0
2007-11-29,1068255.5284120247,0.0,0.0,0.0,0.0,0.0
2007-11-30,1068255.5284120247,0.0,0.0,0.0,0.0,0.0
2007-12-03,1068255.5284120247,0.0,0.0,0.0,0.0,0.0
2007-12-04,1068255.5284120247,0.0,0.0,0.0,0.0,0.0
2007-12-05,1068255.5284120247,0.0,0.0,0.0,0.0,0.0
2007-12-06,1068255.5284120247,0.0,0.0,0.0,0.0,0.0
2007-12-07,1068255.5284120247,0.0,0.0,0.0,0.0,0.0
2007-12-10,1068255.5284120247,0.0,0.0,0.0,0.0,0.0
2007-12-11,1068255.5284120247,0.0,0.0,0.0,0.0,0.0
2007-12-12,1068255.5284120247,0.0,0.0,0.0,0.0,0.0
2007-12-13,1068255.5284120247,0.0,0.0,0.0,0.0,0.0
2007-12-14,1068255.5284120247,0.0,0.0,0.0,0.0,0.0
2007-12-17,1068255.5284120247,0.0,0.0,0.0,0.0,0.0
2007-12-18,1068255.5284120247,0.0,0.0,0.0,0.0,0.0
2007-12-19,1068255.5284120247,0.0,0.0,0.0,0.0,0.0
2007-12-20,1068255.5284120247,0.0,0.0,0.0,0.0,0.0
2007-12-21,1068255.5284120247,0.0,0.0,0.0,0.0,0.0
2007-12-26,1068255.5284120247,0.0,0.0,0.0,0.0,0.0
2007-12-27,1068255.5284120247,0.0,0.0,0.0,0.0,0.0
2007-12-28,1068255.5284120247,0.0,0.0,0.0,0.0,0.0
2007-12-31,1068255.5284120247,0.0,0.0,0.0,0.0,0.0
2008-01-02,1068255.5284120247,0.0,0.0,0.0,0.0,0.0
2008-01-03,1068255.5284120247,0.0,0.0,0.0,0.0,0.0
2008-01-04,1068255.5284120247,0.0,0.0,0.0,0.0,0.0
2008-01-07,1068255.5284120247,0.0,0.0,0.0,0.0,0.0
2008-01-08,1068255.5284120247,0.0,0.0,0.0,0.0,0.0
2008-01-09,1068255.5284120247,0.0,0.0,0.0,0.0,0.0
2008-01-10,1068255.5284120247,0.0,0.0,0.0,0.0,0.0
2008-01-11,1068255.5284120247,0.0,0.0,0.0,0.0,0.0
2008-01-14,1068255.5284120247,0.0,0.0,0.0,0.0,0.0
2008-01-15,1068255.5284120247,0.0,0.0,0.0,0.0,0.0
2008-01-16,1068255.5284120247,0.0,0.0,0.0,0.0,0.0
2008-01-17,1068255.5284120247,0.0,0.0,0.0,0.0,0.0
2008-01-18,1068255.5284120247,0.0,0.0,0.0,0.0,0.0
2008-01-22,1068255.5284120247,0.0,0.0,0.0,0.0,0.0
2008-01-23,1068255.5284120247,0.0,0.0,0.0,0.0,0.0
2008-01-24,1068255.5284120247,0.0,0.0,0.0,0.0,0.0
2008-01-25,1068255.5284120247,0.0,0.0,0.0,0.0,0.0
2008-01-28,1068255.5284120247,0.0,0.0,0.0,0.0,0.0
2008-01-29,1068255.5284120247,0.0,0.0,0.0,0.0,0.0
2008-01-30,1068255.5284120247,0.0,0.0,0.0,0.0,0.0
2008-01-31,1068255.5284120247,0.0,0.0,0.0,0.0,0.0
2008-02-01,1068255.5284120247,0.0,0.0,0.0,0.0,0.0
2008-02-04,1068255.5284120247,0.0,0.0,0.0,0.0,0.0
2008-02-05,1068255.5284120247,0.0,0.0,0.0,0.0,0.0
2008-02-06,1068255.5284120247,0.0,0.0,0.0,0.0,0.0
2008-02-07,1068255.5284120247,0.0,0.0,0.0,0.0,0.0
2008-02-08,1068255.5284120247,0.0,0.0,0.0,0.0,0.0
2008-02-11,1068255.5284120247,0.0,0.0,0.0,0.0,0.0
2008-02-12,1068255.5284120247,0.0,0.0,0.0,0.0,0.0
2008-02-13,1068255.5284120247,0.0,0.0,0.0,0.0,0.0
2008-02-14,1068255.5284120247,0.0,0.0,0.0,0.0,0.0
2008-02-15,1068255.5284120247,0.0,0.0,0.0,0.0,0.0
2008-02-19,1068255.5284120247,0.0,0.0,0.0,0.0,0.0
2008-02-20,1068255.5284120247,0.0,0.0,0.0,0.0,0.0
2008-02-21,1068255.5284120247,0.0,0.0,0.0,0.0,0.0
2008-02-22,1068255.5284120247,0.0,0.0,0.0,0.0,0.0
2008-02-25,1068255.5284120247,0.0,0.0,0.0,0.0,0.0
2008-02-26,1068255.5284120247,0.0,0.0,0.0,0.0,0.0
2008-02-27,1068255.5284120247,0.0,0.0,0.0,0.0,0.0
2008-02-28,1068255.5284120247,0.0,0.0,0.0,0.0,0.0
2008-02-29,1068255.5284120247,0.0,0.0,0.0,0.0,0.0
2008-03-03,1068255.5284120247,0.0,0.0,0.0,0.0,0.0
2008-03-04,1068255.5284120247,0.0,0.0,0.0,0.0,0.0
2008-03-05,1068255.5284120247,0.0,0.0,0.0,0.0,0.0
2008-03-06,1068255.5284120247,0.0,0.0,0.0,0.0,0.0
2008-03-07,1068255.5284120247,0.0,0.0,0.0,0.0,0.0
2008-03-10,1068255.5284120247,0.0,0.0,0.0,0.0,0.0
2008-03-11,1068255.5284120247,0.0,0.0,0.0,0.0,0.0
2008-03-12,1068255.5284120247,0.0,0.0,0.0,0.0,0.0
2008-03-13,1068255.5284120247,0.0,0.0,0.0,0.0,0.0
2008-03-14,1068255.5284120247,0.0,0.0,0.0,0.0,0.0
2008-03-17,1068255.5284120247,0.0,0.0,0.0,0.0,0.0
2008-03-18,1068255.5284120247,0.0,0.0,0.0,0.0,0.0
2008-03-19,1068255.5284120247,0.0,0.0,0.0,0.0,0.0
2008-03-20,1068255.5284120247,0.0,0.0,0.0,0.0,0.0
2008-03-24,1068255.5284120247,0.0,0.0,0.0,0.0,0.0
2008-03-25,1068255.5284120247,0.0,0.0,0.0,0.0,0.0
2008-03-26,1068255.5284120247,0.0,0.0,0.0,0.0,0.0
2008-03-27,1068255.5284120247,0.0,0.0,0.0,0.0,0.0
2008-03-28,1068255.5284120247,0.0,0.0,0.0,0.0,0.0
2008-03-31,1068255.5284120247,0.0,0.0,0.0,0.0,0.0
2008-04-01,1068255.5284120247,0.0,0.0,0.0,0.0,0.0
2008-04-02,1068255.5284120247,0.0,0.0,0.0,0.0,0.0
2008-04-03,1068255.5284120247,0.0,0.0,0.0,0.0,0.0
2008-04-04,1068255.5284120247,0.0,0.0,0.0,0.0,0.0
2008-04-07,1068255.5284120247,0.0,0.0,0.0,0.0,0.0
2008-04-08,1068255.5284120247,0.0,0.0,0.0,0.0,0.0
2008-04-09,1068255.5284120247,0.0,0.0,0.0,0.0,0.0
2008-04-10,1068255.5284120247,0.0,0.0,0.0,0.0,0.0
2008-04-11,1068255.5284120247,0.0,0.0,0.0,0.0,0.0
2008-04-14,1068255.5284120247,0.0,0.0,0.0,0.0,0.0
2008-04-15,1068255.5284120247,0.0,0.0,0.0,0.0,0.0
2008-04-16,1068255.5284120247,0.0,0.0,0.0,0.0,0.0
2008-04-17,1068255.5284120247,0.0,0.0,0.0,0.0,0.0
2008-04-18,1068255.5284120247,0.0,0.0,0.0,0.0,0.0
2008-04-21,1068255.5284120247,0.0,0.0,0.0,0.0,0.0
2008-04-22,1068255.5284120247,0.0,0.0,0.0,0.0,0.0
2008-04-23,1068255.5284120247,0.0,0.0,0.0,0.0,0.0
2008-04-24,1068255.5284120247,0.0,0.0,0.0,0.0,0.0
2008-04-25,1068255.5284120247,0.0,0.0,0.0,0.0,0.0
2008-04-28,1068255.5284120247,0.0,0.0,0.0,0.0,0.0
2008-04-29,1068255.5284120247,0.0,0.0,0.0,0.0,0.0
2008-04-30,1067721.4006478188,0.0,534.1277642060123,-0.0005,-0.3496828918349056,-0.5
2008-05-01,1097011.1252188862,29823.58527139119,533.8607003239094,0.028220239157594147,0.0,0.0
2008-05-02,1097011.1252188862,0.0,0.0,0.0,0.0,0.0
2008-05-05,1097011.1252188862,0.0,0.0,0.0,0.0,0.0
2008-05-06,1097011.1252188862,0.0,0.0,0.0,0.0,0.0
2008-05-07,1097011.1252188862,0.0,0.0,0.0,0.0,0.0
2008-05-08,1097011.1252188862,0.0,0.0,0.0,0.0,0.0
2008-05-09,1097011.1252188862,0.0,0.0,0.0,0.0,0.0
2008-05-12,1097011.1252188862,0.0,0.0,0.0,0.0,0.0
2008-05-13,1097011.1252188862,0.0,0.0,0.0,0.0,0.0
2008-05-14,1097011.1252188862,0.0,0.0,0.0,0.0,0.0
2008-05-15,1097011.1252188862,0.0,0.0,0.0,0.0,0.0
2008-05-16,1097011.1252188862,0.0,0.0,0.0,0.0,0.0
2008-05-19,1097011.1252188862,0.0,0.0,0.0,0.0,0.0
2008-05-20,1097011.1252188862,0.0,0.0,0.0,0.0,0.0
2008-05-21,1097011.1252188862,0.0,0.0,0.0,0.0,0.0
2008-05-22,1097011.1252188862,0.0,0.0,0.0,0.0,0.0
2008-05-23,1097011.1252188862,0.0,0.0,0.0,0.0,0.0
2008-05-27,1097011.1252188862,0.0,0.0,0.0,0.0,0.0
2008-05-28,1097011.1252188862,0.0,0.0,0.0,0.0,0.0
2008-05-29,1097011.1252188862,0.0,0.0,0.0,0.0,0.0
2008-05-30,1097011.1252188862,0.0,0.0,0.0,0.0,0.0
2008-06-02,1097011.1252188862,0.0,0.0,0.0,0.0,0.0
2008-06-03,1097011.1252188862,0.0,0.0,0.0,0.0,0.0
2008-06-04,1097011.1252188862,0.0,0.0,0.0,0.0,0.0
2008-06-05,1097011.1252188862,0.0,0.0,0.0,0.0,0.0
2008-06-06,1097011.1252188862,0.0,0.0,0.0,0.0,0.0
2008-06-09,1097011.1252188862,0.0,0.0,0.0,0.0,0.0
2008-06-10,1097011.1252188862,0.0,0.0,0.0,0.0,0.0
2008-06-11,1097011.1252188862,0.0,0.0,0.0,0.0,0.0
2008-06-12,1097011.1252188862,0.0,0.0,0.0,0.0,0.0
2008-06-13,1096462.6196562767,0.0,548.5055626094431,-0.0005,-1.1189122484588414,-0.5
2008-06-16,1090930.5176398475,-5532.102016429247,0.0,-0.005020080321285141,-1.8582685616655414,-0.5
2008-06-17,1091838.7182039833,908.2005641357372,0.0,0.0008331944675887353,-2.104225229331786,-0.5
2008-06-18,1079092.1020808548,-12746.616123128557,0.0,-0.01153972964061985,-2.217281083589805,-0.5
2008-06-19,1061845.6215940777,-16706.93443573683,539.5460510404274,-0.01573872572620767,-2.058128608431625,-0.5
2008-06-20,1061314.6987832806,0.0,530.9228107970389,-0.0005,-1.3322105447984869,-0.5
2008-06-23,1063467.802885057,2153.1041017763187,0.0,0.0020328381548084446,-0.6472871598335697,-0.5
2008-06-24,1056969.0181291,-6498.7847559569445,0.0,-0.0060738202772153875,-0.9540325250819831,-0.5
2008-06-25,1061877.5429810928,4908.5248519927245,0.0,0.004665629860031104,-1.1683917270620636,-0.5
2008-06-26,1055738.5634357333,-6138.979545359442,0.0,-0.005748019263632126,-1.3029319930075076,-0.5
2008-06-27,1049541.7661835619,-6196.797252171434,0.0,-0.005835380835380835,-1.5571549926907633,-0.5
2008-06-30,1054348.8277080667,4807.061524504864,0.0,0.004601226993865031,-2.4427674017916567,-0.5
2008-07-01,1054348.8277080667,0.0,0.0,0.0,0.0,0.0
2008-07-02,1054348.8277080667,0.0,0.0,0.0,0.0,0.0
2008-07-03,1054348.8277080667,0.0,0.0,0.0,0.0,0.0
2008-07-07,1054348.8277080667,0.0,0.0,0.0,0.0,0.0
2008-07-08,1054348.8277080667,0.0,0.0,0.0,0.0,0.0
2008-07-09,1054348.8277080667,0.0,0.0,0.0,0.0,0.0
2008-07-10,1054348.8277080667,0.0,0.0,0.0,0.0,0.0
2008-07-11,1054348.8277080667,0.0,0.0,0.0,0.0,0.0
2008-07-14,1054348.8277080667,0.0,0.0,0.0,0.0,0.0
2008-07-15,1054348.8277080667,0.0,0.0,0.0,0.0,0.0
2008-07-16,1054348.8277080667,0.0,0.0,0.0,0.0,0.0
2008-07-17,1054348.8277080667,0.0,0.0,0.0,0.0,0.0
2008-07-18,1054348.8277080667,0.0,0.0,0.0,0.0,0.0
2008-07-21,1054348.8277080667,0.0,0.0,0.0,0.0,0.0
2008-07-22,1054348.8277080667,0.0,0.0,0.0,0.0,0.0
2008-07-23,1054348.8277080667,0.0,0.0,0.0,0.0,0.0
2008-07-24,1054348.8277080667,0.0,0.0,0.0,0.0,0.0
2008-07-25,1054348.8277080667,0.0,0.0,0.0,0.0,0.0
2008-07-28,1054348.8277080667,0.0,0.0,0.0,0.0,0.0
2008-07-29,1054348.8277080667,0.0,0.0,0.0,0.0,0.0
2008-07-30,1054348.8277080667,0.0,0.0,0.0,0.0,0.0
2008-07-31,1054348.8277080667,0.0,0.0,0.0,0.0,0.0
2008-08-01,1054348.8277080667,0.0,0.0,0.0,0.0,0.0
2008-08-04,1054348.8277080667,0.0,0.0,0.0,0.0,0.0
2008-08-05,1054348.8277080667,0.0,0.0,0.0,0.0,0.0
2008-08-06,1054348.8277080667,0.0,0.0,0.0,0.0,0.0
2008-08-07,1054348.8277080667,0.0,0.0,0.0,0.0,0.0
2008-08-08,1054348.8277080667,0.0,0.0,0.0,0.0,0.0
2008-08-11,1054348.8277080667,0.0,0.0,0.0,0.0,0.0
2008-08-12,1054348.8277080667,0.0,0.0,0.0,0.0,0.0
2008-08-13,1054348.8277080667,0.0,0.0,0.0,0.0,0.0
2008-08-14,1054348.8277080667,0.0,0.0,0.0,0.0,0.0
2008-08-15,1054348.8277080667,0.0,0.0,0.0,0.0,0.0
2008-08-18,1054348.8277080667,0.0,0.0,0.0,0.0,0.0
2008-08-19,1054348.8277080667,0.0,0.0,0.0,0.0,0.0
2008-08-20,1054348.8277080667,0.0,0.0,0.0,0.0,0.0
2008-08-21,1054348.8277080667,0.0,0.0,0.0,0.0,0.0
2008-08-22,1054348.8277080667,0.0,0.0,0.0,0.0,0.0
2008-08-25,1054348.8277080667,0.0,0.0,0.0,0.0,0.0
2008-08-26,1054348.8277080667,0.0,0.0,0.0,0.0,0.0
2008-08-27,1054348.8277080667,0.0,0.0,0.0,0.0,0.0
2008-08-28,1054348.8277080667,0.0,0.0,0.0,0.0,0.0
2008-08-29,1054348.8277080667,0.0,0.0,0.0,0.0,0.0
2008-09-02,1054348.8277080667,0.0,0.0,0.0,0.0,0.0
2008-09-03,1054348.8277080667,0.0,0.0,0.0,0.0,0.0
2008-09-04,1054348.8277080667,0.0,0.0,0.0,0.0,0.0
2008-09-05,1054348.8277080667,0.0,0.0,0.0,0.0,0.0
2008-09-08,1054348.8277080667,0.0,0.0,0.0,0.0,0.0
2008-09-09,1054348.8277080667,0.0,0.0,0.0,0.0,0.0
2008-09-10,1054348.8277080667,0.0,0.0,0.0,0.0,0.0
2008-09-11,1054348.8277080667,0.0,0.0,0.0,0.0,0.0
2008-09-12,1054348.8277080667,0.0,0.0,0.0,0.0,0.0
2008-09-15,1054348.8277080667,0.0,0.0,0.0,0.0,0.0
2008-09-16,1054348.8277080667,0.0,0.0,0.0,0.0,0.0
2008-09-17,1054348.8277080667,0.0,0.0,0.0,0.0,0.0
2008-09-18,1054348.8277080667,0.0,0.0,0.0,0.0,0.0
2008-09-19,1054348.8277080667,0.0,0.0,0.0,0.0,0.0
2008-09-22,1054348.8277080667,0.0,0.0,0.0,0.0,0.0
2008-09-23,1054348.8277080667,0.0,0.0,0.0,0.0,0.0
2008-09-24,1054348.8277080667,0.0,0.0,0.0,0.0,0.0
2008-09-25,1054348.8277080667,0.0,0.0,0.0,0.0,0.0
2008-09-26,1054348.8277080667,0.0,0.0,0.0,0.0,0.0
2008-09-29,1054348.8277080667,0.0,0.0,0.0,0.0,0.0
2008-09-30,1054348.8277080667,0.0,0.0,0.0,0.0,0.0
2008-10-01,1054348.8277080667,0.0,0.0,0.0,0.0,0.0
2008-10-02,1054348.8277080667,0.0,0.0,0.0,0.0,0.0
2008-10-03,1054348.8277080667,0.0,0.0,0.0,0.0,0.0
2008-10-06,1054348.8277080667,0.0,0.0,0.0,0.0,0.0
2008-10-07,1054348.8277080667,0.0,0.0,0.0,0.0,0.0
2008-10-08,1054348.8277080667,0.0,0.0,0.0,0.0,0.0
2008-10-09,1054348.8277080667,0.0,0.0,0.0,0.0,0.0
2008-10-10,1054348.8277080667,0.0,0.0,0.0,0.0,0.0
2008-10-13,1054348.8277080667,0.0,0.0,0.0,0.0,0.0
2008-10-14,1054348.8277080667,0.0,0.0,0.0,0.0,0.0
2008-10-15,1054348.8277080667,0.0,0.0,0.0,0.0,0.0
2008-10-16,1054348.8277080667,0.0,0.0,0.0,0.0,0.0
2008-10-17,1054348.8277080667,0.0,0.0,0.0,0.0,0.0
2008-10-20,1054348.8277080667,0.0,0.0,0.0,0.0,0.0
2008-10-21,1054348.8277080667,0.0,0.0,0.0,0.0,0.0
2008-10-22,1054348.8277080667,0.0,0.0,0.0,0.0,0.0
2008-10-23,1054348.8277080667,0.0,0.0,0.0,0.0,0.0
2008-10-24,1054348.8277080667,0.0,0.0,0.0,0.0,0.0
2008-10-27,1054348.8277080667,0.0,0.0,0.0,0.0,0.0
2008-10-28,1054348.8277080667,0.0,0.0,0.0,0.0,0.0
2008-10-29,1054348.8277080667,0.0,0.0,0.0,0.0,0.0
2008-10-30,1054348.8277080667,0.0,0.0,0.0,0.0,0.0
2008-10-31,1054348.8277080667,0.0,0.0,0.0,0.0,0.0
2008-11-03,1054348.8277080667,0.0,0.0,0.0,0.0,0.0
2008-11-04,1054348.8277080667,0.0,0.0,0.0,0.0,0.0
2008-11-05,1054348.8277080667,0.0,0.0,0.0,0.0,0.0
2008-11-06,1054348.8277080667,0.0,0.0,0.0,0.0,0.0
2008-11-07,1054348.8277080667,0.0,0.0,0.0,0.0,0.0
2008-11-10,1054348.8277080667,0.0,0.0,0.0,0.0,0.0
2008-11-11,1054348.8277080667,0.0,0.0,0.0,0.0,0.0
2008-11-12,1054348.8277080667,0.0,0.0,0.0,0.0,0.0
2008-11-13,1054348.8277080667,0.0,0.0,0.0,0.0,0.0
2008-11-14,1054348.8277080667,0.0,0.0,0.0,0.0,0.0
2008-11-17,1054348.8277080667,0.0,0.0,0.0,0.0,0.0
2008-11-18,1054348.8277080667,0.0,0.0,0.0,0.0,0.0
2008-11-19,1054348.8277080667,0.0,0.0,0.0,0.0,0.0
2008-11-20,1054348.8277080667,0.0,0.0,0.0,0.0,0.0
2008-11-21,1054348.8277080667,0.0,0.0,0.0,0.0,0.0
2008-11-24,1054348.8277080667,0.0,0.0,0.0,0.0,0.0
2008-11-25,1054348.8277080667,0.0,0.0,0.0,0.0,0.0
2008-11-26,1054348.8277080667,0.0,0.0,0.0,0.0,0.0
2008-11-28,1054348.8277080667,0.0,0.0,0.0,0.0,0.0
2008-12-01,1054348.8277080667,0.0,0.0,0.0,0.0,0.0
2008-12-02,1054348.8277080667,0.0,0.0,0.0,0.0,0.0
2008-12-03,1054348.8277080667,0.0,0.0,0.0,0.0,0.0
2008-12-04,1054348.8277080667,0.0,0.0,0.0,0.0,0.0
2008-12-05,1054348.8277080667,0.0,0.0,0.0,0.0,0.0
2008-12-08,1054348.8277080667,0.0,0.0,0.0,0.0,0.0
2008-12-09,1054348.8277080667,0.0,0.0,0.0,0.0,0.0
2008-12-10,1054348.8277080667,0.0,0.0,0.0,0.0,0.0
2008-12-11,1054348.8277080667,0.0,0.0,0.0,0.0,0.0
2008-12-12,1054348.8277080667,0.0,0.0,0.0,0.0,0.0
2008-12-15,1054348.8277080667,0.0,0.0,0.0,0.0,0.0
2008-12-16,1054348.8277080667,0.0,0.0,0.0,0.0,0.0
2008-12-17,1054348.8277080667,0.0,0.0,0.0,0.0,0.0
2008-12-18,1054348.8277080667,0.0,0.0,0.0,0.0,0.0
2008-12-19,1054348.8277080667,0.0,0.0,0.0,0.0,0.0
2008-12-22,1054348.8277080667,0.0,0.0,0.0,0.0,0.0
2008-12-23,1054348.8277080667,0.0,0.0,0.0,0.0,0.0
2008-12-24,1054348.8277080667,0.0,0.0,0.0,0.0,0.0
2008-12-26,1054348.8277080667,0.0,0.0,0.0,0.0,0.0
2008-12-29,1054348.8277080667,0.0,0.0,0.0,0.0,0.0
2008-12-30,1054348.8277080667,0.0,0.0,0.0,0.0,0.0
2008-12-31,1054348.8277080667,0.0,0.0,0.0,0.0,0.0
2009-01-02,1054348.8277080667,0.0,0.0,0.0,0.0,0.0
2009-01-05,1054348.8277080667,0.0,0.0,0.0,0.0,0.0
2009-01-06,1054348.8277080667,0.0,0.0,0.0,0.0,0.0
2009-01-07,1054348.8277080667,0.0,0.0,0.0,0.0,0.0
2009-01-08,1054348.8277080667,0.0,0.0,0.0,0.0,0.0
2009-01-09,1054348.8277080667,0.0,0.0,0.0,0.0,0.0
2009-01-12,1054348.8277080667,0.0,0.0,0.0,0.0,0.0
2009-01-13,1054348.8277080667,0.0,0.0,0.0,0.0,0.0
2009-01-14,1054348.8277080667,0.0,0.0,0.0,0.0,0.0
2009-01-15,1054348.8277080667,0.0,0.0,0.0,0.0,0.0
2009-01-16,1054348.8277080667,0.0,0.0,0.0,0.0,0.0
2009-01-20,1054348.8277080667,0.0,0.0,0.0,0.0,0.0
2009-01-21,1054348.8277080667,0.0,0.0,0.0,0.0,0.0
2009-01-22,1054348.8277080667,0.0,0.0,0.0,0.0,0.0
2009-01-23,1054348.8277080667,0.0,0.0,0.0,0.0,0.0
2009-01-26,1054348.8277080667,0.0,0.0,0.0,0.0,0.0
2009-01-27,1054348.8277080667,0.0,0.0,0.0,0.0,0.0
2009-01-28,1054348.8277080667,0.0,0.0,0.0,0.0,0.0
2009-01-29,1054348.8277080667,0.0,0.0,0.0,0.0,0.0
2009-01-30,1054348.8277080667,0.0,0.0,0.0,0.0,0.0
2009-02-02,1054348.8277080667,0.0,0.0,0.0,0.0,0.0
2009-02-03,1054348.8277080667,0.0,0.0,0.0,0.0,0.0
2009-02-04,1054348.8277080667,0.0,0.0,0.0,0.0,0.0
2009-02-05,1054348.8277080667,0.0,0.0,0.0,0.0,0.0
2009-02-06,1054348.8277080667,0.0,0.0,0.0,0.0,0.0
2009-02-09,1054348.8277080667,0.0,0.0,0.0,0.0,0.0
2009-02-10,1054348.8277080667,0.0,0.0,0.0,0.0,0.0
2009-02-11,1054348.8277080667,0.0,0.0,0.0,0.0,0.0
2009-02-12,1054348.8277080667,0.0,0.0,0.0,0.0,0.0
2009-02-13,1054348.8277080667,0.0,0.0,0.0,0.0,0.0
2009-02-17,1054348.8277080667,0.0,0.0,0.0,0.0,0.0
2009-02-18,1054348.8277080667,0.0,0.0,0.0,0.0,0.0
2009-02-19,1054348.8277080667,0.0,0.0,0.0,0.0,0.0
2009-02-20,1054348.8277080667,0.0,0.0,0.0,0.0,0.0
2009-02-23,1054348.8277080667,0.0,0.0,0.0,0.0,0.0
2009-02-24,1054348.8277080667,0.0,0.0,0.0,0.0,0.0
2009-02-25,1054348.8277080667,0.0,0.0,0.0,0.0,0.0
2009-02-26,1054348.8277080667,0.0,0.0,0.0,0.0,0.0
2009-02-27,1054348.8277080667,0.0,0.0,0.0,0.0,0.0
2009-03-02,1054348.8277080667,0.0,0.0,0.0,0.0,0.0
2009-03-03,1054348.8277080667,0.0,0.0,0.0,0.0,0.0
2009-03-04,1054348.8277080667,0.0,0.0,0.0,0.0,0.0
2009-03-05,1054348.8277080667,0.0,0.0,0.0,0.0,0.0
2009-03-06,1054348.8277080667,0.0,0.0,0.0,0.0,0.0
2009-03-09,1054348.8277080667,0.0,0.0,0.0,0.0,0.0
2009-03-10,1054348.8277080667,0.0,0.0,0.0,0.0,0.0
2009-03-11,1054348.8277080667,0.0,0.0,0.0,0.0,0.0
2009-03-12,1054348.8277080667,0.0,0.0,0.0,0.0,0.0
2009-03-13,1054348.8277080667,0.0,0.0,0.0,0.0,0.0
2009-03-16,1054348.8277080667,0.0,0.0,0.0,0.0,0.0
2009-03-17,1054348.8277080667,0.0,0.0,0.0,0.0,0.0
2009-03-18,1054348.8277080667,0.0,0.0,0.0,0.0,0.0
2009-03-19,1054348.8277080667,0.0,0.0,0.0,0.0,0.0
2009-03-20,1054348.8277080667,0.0,0.0,0.0,0.0,0.0
2009-03-23,1054348.8277080667,0.0,0.0,0.0,0.0,0.0
2009-03-24,1054348.8277080667,0.0,0.0,0.0,0.0,0.0
2009-03-25,1054348.8277080667,0.0,0.0,0.0,0.0,0.0
2009-03-26,1054348.8277080667,0.0,0.0,0.0,0.0,0.0
2009-03-27,1054348.8277080667,0.0,0.0,0.0,0.0,0.0
2009-03-30,1054348.8277080667,0.0,0.0,0.0,0.0,0.0
2009-03-31,1054348.8277080667,0.0,0.0,0.0,0.0,0.0
2009-04-01,1053821.6532942127,0.0,527.1744138540333,-0.0005,-1.7422948775797686,-0.5
2009-04-02,1036589.7773752394,-16704.965092326136,526.9108266471063,-0.016096634705771763,0.0,0.0
2009-04-03,1036589.7773752394,0.0,0.0,0.0,0.0,0.0
2009-04-06,1036589.7773752394,0.0,0.0,0.0,0.0,0.0
2009-04-07,1036589.7773752394,0.0,0.0,0.0,0.0,0.0
2009-04-08,1036589.7773752394,0.0,0.0,0.0,0.0,0.0
2009-04-09,1036589.7773752394,0.0,0.0,0.0,0.0,0.0
2009-04-13,1036589.7773752394,0.0,0.0,0.0,0.0,0.0
2009-04-14,1036589.7773752394,0.0,0.0,0.0,0.0,0.0
2009-04-15,1036589.7773752394,0.0,0.0,0.0,0.0,0.0
2009-04-16,1036589.7773752394,0.0,0.0,0.0,0.0,0.0
2009-04-17,1036589.7773752394,0.0,0.0,0.0,0.0,0.0
2009-04-20,1036589.7773752394,0.0,0.0,0.0,0.0,0.0
2009-04-21,1036589.7773752394,0.0,0.0,0.0,0.0,0.0
2009-04-22,1036589.7773752394,0.0,0.0,0.0,0.0,0.0
2009-04-23,1036589.7773752394,0.0,0.0,0.0,0.0,0.0
2009-04-24,1036589.7773752394,0.0,0.0,0.0,0.0,0.0
2009-04-27,1036589.7773752394,0.0,0.0,0.0,0.0,0.0
2009-04-28,1036589.7773752394,0.0,0.0,0.0,0.0,0.0
2009-04-29,1036589.7773752394,0.0,0.0,0.0,0.0,0.0
2009-04-30,1036589.7773752394,0.0,0.0,0.0,0.0,0.0
2009-05-01,1036589.7773752394,0.0,0.0,0.0,0.0,0.0
2009-05-04,1036589.7773752394,0.0,0.0,0.0,0.0,0.0
2009-05-05,1036589.7773752394,0.0,0.0,0.0,0.0,0.0
2009-05-06,1036589.7773752394,0.0,0.0,0.0,0.0,0.0
2009-05-07,1036589.7773752394,0.0,0.0,0.0,0.0,0.0
2009-05-08,1036589.7773752394,0.0,0.0,0.0,0.0,0.0
2009-05-11,1036589.7773752394,0.0,0.0,0.0,0.0,0.0
2009-05-12,1036589.7773752394,0.0,0.0,0.0,0.0,0.0
2009-05-13,1036589.7773752394,0.0,0.0,0.0,0.0,0.0
2009-05-14,1036589.7773752394,0.0,0.0,0.0,0.0,0.0
2009-05-15,1036589.7773752394,0.0,0.0,0.0,0.0,0.0
2009-05-18,1036589.7773752394,0.0,0.0,0.0,0.0,0.0
2009-05-19,1036589.7773752394,0.0,0.0,0.0,0.0,0.0
2009-05-20,1036589.7773752394,0.0,0.0,0.0,0.0,0.0
2009-05-21,1036589.7773752394,0.0,0.0,0.0,0.0,0.0
2009-05-22,1036589.7773752394,0.0,0.0,0.0,0.0,0.0
2009-05-26,1036071.4824865517,0.0,518.2948886876197,-0.0005,1.6355620737803016,0.5
2009-05-27,1055940.1059905908,20386.65924528219,518.0357412432759,0.01956180012676949,0.0,0.0
2009-05-28,1055940.1059905908,0.0,0.0,0.0,0.0,0.0
2009-05-29,1055940.1059905908,0.0,0.0,0.0,0.0,0.0
2009-06-01,1055940.1059905908,0.0,0.0,0.0,0.0,0.0
2009-06-02,1055940.1059905908,0.0,0.0,0.0,0.0,0.0
2009-06-03,1055940.1059905908,0.0,0.0,0.0,0.0,0.0
2009-06-04,1055940.1059905908,0.0,0.0,0.0,0.0,0.0
2009-06-05,1055940.1059905908,0.0,0.0,0.0,0.0,0.0
2009-06-08,1055940.1059905908,0.0,0.0,0.0,0.0,0.0
2009-06-09,1055940.1059905908,0.0,0.0,0.0,0.0,0.0
2009-06-10,1055412.1359375955,0.0,527.9700529952954,-0.0005,1.286530255024289,0.5
2009-06-11,1064961.6485682288,9549.51263063333,0.0,0.009130752373995618,0.650014497977933,0.5
2009-06-12,1055118.4196799337,-9843.22888829504,0.0,-0.00915815427967594,0.28701592885348304,0.5
2009-06-15,1024018.7947060971,-30572.06576399663,527.5592098399669,-0.028645019359380502,0.0,0.0
2009-06-16,1024018.7947060971,0.0,0.0,0.0,0.0,0.0
2009-06-17,1024018.7947060971,0.0,0.0,0.0,0.0,0.0
2009-06-18,1024018.7947060971,0.0,0.0,0.0,0.0,0.0
2009-06-19,1024018.7947060971,0.0,0.0,0.0,0.0,0.0
2009-06-22,1024018.7947060971,0.0,0.0,0.0,0.0,0.0
2009-06-23,1024018.7947060971,0.0,0.0,0.0,0.0,0.0
2009-06-24,1024018.7947060971,0.0,0.0,0.0,0.0,0.0
2009-06-25,1024018.7947060971,0.0,0.0,0.0,0.0,0.0
2009-06-26,1024018.7947060971,0.0,0.0,0.0,0.0,0.0
2009-06-29,1024018.7947060971,0.0,0.0,0.0,0.0,0.0
2009-06-30,1024018.7947060971,0.0,0.0,0.0,0.0,0.0
2009-07-01,1024018.7947060971,0.0,0.0,0.0,0.0,0.0
2009-07-02,1024018.7947060971,0.0,0.0,0.0,0.0,0.0
2009-07-06,1024018.7947060971,0.0,0.0,0.0,0.0,0.0
2009-07-07,1024018.7947060971,0.0,0.0,0.0,0.0,0.0
2009-07-08,1024018.7947060971,0.0,0.0,0.0,0.0,0.0
2009-07-09,1024018.7947060971,0.0,0.0,0.0,0.0,0.0
2009-07-10,1024018.7947060971,0.0,0.0,0.0,0.0,0.0
2009-07-13,1024018.7947060971,0.0,0.0,0.0,0.0,0.0
2009-07-14,1024018.7947060971,0.0,0.0,0.0,0.0,0.0
2009-07-15,1024018.7947060971,0.0,0.0,0.0,0.0,0.0
2009-07-16,1024018.7947060971,0.0,0.0,0.0,0.0,0.0
2009-07-17,1024018.7947060971,0.0,0.0,0.0,0.0,0.0
2009-07-20,1024018.7947060971,0.0,0.0,0.0,0.0,0.0
2009-07-21,1024018.7947060971,0.0,0.0,0.0,0.0,0.0
2009-07-22,1024018.7947060971,0.0,0.0,0.0,0.0,0.0
2009-07-23,1024018.7947060971,0.0,0.0,0.0,0.0,0.0
2009-07-24,1024018.7947060971,0.0,0.0,0.0,0.0,0.0
2009-07-27,1024018.7947060971,0.0,0.0,0.0,0.0,0.0
2009-07-28,1024018.7947060971,0.0,0.0,0.0,0.0,0.0
2009-07-29,1024018.7947060971,0.0,0.0,0.0,0.0,0.0
2009-07-30,1024018.7947060971,0.0,0.0,0.0,0.0,0.0
2009-07-31,1024018.7947060971,0.0,0.0,0.0,0.0,0.0
2009-08-03,1024018.7947060971,0.0,0.0,0.0,0.0,0.0
2009-08-04,1024018.7947060971,0.0,0.0,0.0,0.0,0.0
2009-08-05,1024018.7947060971,0.0,0.0,0.0,0.0,0.0
2009-08-06,1024018.7947060971,0.0,0.0,0.0,0.0,0.0
2009-08-07,1024018.7947060971,0.0,0.0,0.0,0.0,0.0
2009-08-10,1024018.7947060971,0.0,0.0,0.0,0.0,0.0
2009-08-11,1024018.7947060971,0.0,0.0,0.0,0.0,0.0
2009-08-12,1024018.7947060971,0.0,0.0,0.0,0.0,0.0
2009-08-13,1024018.7947060971,0.0,0.0,0.0,0.0,0.0
2009-08-14,1024018.7947060971,0.0,0.0,0.0,0.0,0.0
2009-08-17,1024018.7947060971,0.0,0.0,0.0,0.0,0.0
2009-08-18,1024018.7947060971,0.0,0.0,0.0,0.0,0.0
2009-08-19,1024018.7947060971,0.0,0.0,0.0,0.0,0.0
2009-08-20,1024018.7947060971,0.0,0.0,0.0,0.0,0.0
2009-08-21,1024018.7947060971,0.0,0.0,0.0,0.0,0.0
2009-08-24,1024018.7947060971,0.0,0.0,0.0,0.0,0.0
2009-08-25,1024018.7947060971,0.0,0.0,0.0,0.0,0.0
2009-08-26,1024018.7947060971,0.0,0.0,0.0,0.0,0.0
2009-08-27,1024018.7947060971,0.0,0.0,0.0,0.0,0.0
2009-08-28,1024018.7947060971,0.0,0.0,0.0,0.0,0.0
2009-08-31,1024018.7947060971,0.0,0.0,0.0,0.0,0.0
2009-09-01,1024018.7947060971,0.0,0.0,0.0,0.0,0.0
2009-09-02,1024018.7947060971,0.0,0.0,0.0,0.0,0.0
2009-09-03,1024018.7947060971,0.0,0.0,0.0,0.0,0.0
2009-09-04,1024018.7947060971,0.0,0.0,0.0,0.0,0.0
2009-09-08,1024018.7947060971,0.0,0.0,0.0,0.0,0.0
2009-09-09,1024018.7947060971,0.0,0.0,0.0,0.0,0.0
2009-09-10,1024018.7947060971,0.0,0.0,0.0,0.0,0.0
2009-09-11,1024018.7947060971,0.0,0.0,0.0,0.0,0.0
2009-09-14,1024018.7947060971,0.0,0.0,0.0,0.0,0.0
2009-09-15,1024018.7947060971,0.0,0.0,0.0,0.0,0.0
2009-09-16,1024018.7947060971,0.0,0.0,0.0,0.0,0.0
2009-09-17,1024018.7947060971,0.0,0.0,0.0,0.0,0.0
2009-09-18,1024018.7947060971,0.0,0.0,0.0,0.0,0.0
2009-09-21,1024018.7947060971,0.0,0.0,0.0,0.0,0.0
2009-09-22,1024018.7947060971,0.0,0.0,0.0,0.0,0.0
2009-09-23,1024018.7947060971,0.0,0.0,0.0,0.0,0.0
2009-09-24,1024018.7947060971,0.0,0.0,0.0,0.0,0.0
2009-09-25,1024018.7947060971,0.0,0.0,0.0,0.0,0.0
2009-09-28,1024018.7947060971,0.0,0.0,0.0,0.0,0.0
2009-09-29,1024018.7947060971,0.0,0.0,0.0,0.0,0.0
2009-09-30,1024018.7947060971,0.0,0.0,0.0,0.0,0.0
2009-10-01,1024018.7947060971,0.0,0.0,0.0,0.0,0.0
2009-10-02,1024018.7947060971,0.0,0.0,0.0,0.0,0.0
2009-10-05,1024018.7947060971,0.0,0.0,0.0,0.0,0.0
2009-10-06,1024018.7947060971,0.0,0.0,0.0,0.0,0.0
2009-10-07,1024018.7947060971,0.0,0.0,0.0,0.0,0.0
2009-10-08,1024018.7947060971,0.0,0.0,0.0,0.0,0.0
2009-10-09,1024018.7947060971,0.0,0.0,0.0,0.0,0.0
2009-10-12,1024018.7947060971,0.0,0.0,0.0,0.0,0.0
2009-10-13,1024018.7947060971,0.0,0.0,0.0,0.0,0.0
2009-10-14,1024018.7947060971,0.0,0.0,0.0,0.0,0.0
2009-10-15,1024018.7947060971,0.0,0.0,0.0,0.0,0.0
2009-10-16,1024018.7947060971,0.0,0.0,0.0,0.0,0.0
2009-10-19,1024018.7947060971,0.0,0.0,0.0,0.0,0.0
2009-10-20,1024018.7947060971,0.0,0.0,0.0,0.0,0.0
2009-10-21,1024018.7947060971,0.0,0.0,0.0,0.0,0.0
2009-10-22,1024018.7947060971,0.0,0.0,0.0,0.0,0.0
2009-10-23,1024018.7947060971,0.0,0.0,0.0,0.0,0.0
2009-10-26,1024018.7947060971,0.0,0.0,0.0,0.0,0.0
2009-10-27,1024018.7947060971,0.0,0.0,0.0,0.0,0.0
2009-10-28,1024018.7947060971,0.0,0.0,0.0,0.0,0.0
2009-10-29,1024018.7947060971,0.0,0.0,0.0,0.0,0.0
2009-10-30,1024018.7947060971,0.0,0.0,0.0,0.0,0.0
2009-11-02,1024018.7947060971,0.0,0.0,0.0,0.0,0.0
2009-11-03,1024018.7947060971,0.0,0.0,0.0,0.0,0.0
2009-11-04,1024018.7947060971,0.0,0.0,0.0,0.0,0.0
2009-11-05,1024018.7947060971,0.0,0.0,0.0,0.0,0.0
2009-11-06,1024018.7947060971,0.0,0.0,0.0,0.0,0.0
2009-11-09,1024018.7947060971,0.0,0.0,0.0,0.0,0.0
2009-11-10,1024018.7947060971,0.0,0.0,0.0,0.0,0.0
2009-11-11,1024018.7947060971,0.0,0.0,0.0,0.0,0.0
2009-11-12,1024018.7947060971,0.0,0.0,0.0,0.0,0.0
2009-11-13,1024018.7947060971,0.0,0.0,0.0,0.0,0.0
2009-11-16,1024018.7947060971,0.0,0.0,0.0,0.0,0.0
2009-11-17,1024018.7947060971,0.0,0.0,0.0,0.0,0.0
2009-11-18,1024018.7947060971,0.0,0.0,0.0,0.0,0.0
2009-11-19,1024018.7947060971,0.0,0.0,0.0,0.0,0.0
2009-11-20,1024018.7947060971,0.0,0.0,0.0,0.0,0.0
2009-11-23,1024018.7947060971,0.0,0.0,0.0,0.0,0.0
2009-11-24,1024018.7947060971,0.0,0.0,0.0,0.0,0.0
2009-11-25,1024018.7947060971,0.0,0.0,0.0,0.0,0.0
2009-11-27,1024018.7947060971,0.0,0.0,0.0,0.0,0.0
2009-11-30,1024018.7947060971,0.0,0.0,0.0,0.0,0.0
2009-12-01,1024018.7947060971,0.0,0.0,0.0,0.0,0.0
2009-12-02,1024018.7947060971,0.0,0.0,0.0,0.0,0.0
2009-12-03,1024018.7947060971,0.0,0.0,0.0,0.0,0.0
2009-12-04,1024018.7947060971,0.0,0.0,0.0,0.0,0.0
2009-12-07,1024018.7947060971,0.0,0.0,0.0,0.0,0.0
2009-12-08,1024018.7947060971,0.0,0.0,0.0,0.0,0.0
2009-12-09,1024018.7947060971,0.0,0.0,0.0,0.0,0.0
2009-12-10,1024018.7947060971,0.0,0.0,0.0,0.0,0.0
2009-12-11,1024018.7947060971,0.0,0.0,0.0,0.0,0.0
2009-12-14,1024018.7947060971,0.0,0.0,0.0,0.0,0.0
2009-12-15,1024018.7947060971,0.0,0.0,0.0,0.0,0.0
2009-12-16,1024018.7947060971,0.0,0.0,0.0,0.0,0.0
2009-12-17,1024018.7947060971,0.0,0.0,0.0,0.0,0.0
2009-12-18,1024018.7947060971,0.0,0.0,0.0,0.0,0.0
2009-12-21,1024018.7947060971,0.0,0.0,0.0,0.0,0.0
2009-12-22,1024018.7947060971,0.0,0.0,0.0,0.0,0.0
2009-12-23,1024018.7947060971,0.0,0.0,0.0,0.0,0.0
2009-12-24,1024018.7947060971,0.0,0.0,0.0,0.0,0.0
2009-12-28,1024018.7947060971,0.0,0.0,0.0,0.0,0.0
2009-12-29,1024018.7947060971,0.0,0.0,0.0,0.0,0.0
2009-12-30,1024018.7947060971,0.0,0.0,0.0,0.0,0.0
2009-12-31,1024018.7947060971,0.0,0.0,0.0,0.0,0.0
2010-01-04,1024018.7947060971,0.0,0.0,0.0,0.0,0.0
2010-01-05,1024018.7947060971,0.0,0.0,0.0,0.0,0.0
2010-01-06,1024018.7947060971,0.0,0.0,0.0,0.0,0.0
2010-01-07,1024018.7947060971,0.0,0.0,0.0,0.0,0.0
2010-01-08,1024018.7947060971,0.0,0.0,0.0,0.0,0.0
2010-01-11,1024018.7947060971,0.0,0.0,0.0,0.0,0.0
2010-01-12,1024018.7947060971,0.0,0.0,0.0,0.0,0.0
2010-01-13,1024018.7947060971,0.0,0.0,0.0,0.0,0.0
2010-01-14,1024018.7947060971,0.0,0.0,0.0,0.0,0.0
2010-01-15,1024018.7947060971,0.0,0.0,0.0,0.0,0.0
2010-01-19,1024018.7947060971,0.0,0.0,0.0,0.0,0.0
2010-01-20,1024018.7947060971,0.0,0.0,0.0,0.0,0.0
2010-01-21,1024018.7947060971,0.0,0.0,0.0,0.0,0.0
2010-01-22,1024018.7947060971,0.0,0.0,0.0,0.0,0.0
2010-01-25,1024018.7947060971,0.0,0.0,0.0,0.0,0.0
2010-01-26,1024018.7947060971,0.0,0.0,0.0,0.0,0.0
2010-01-27,1024018.7947060971,0.0,0.0,0.0,0.0,0.0
2010-01-28,1024018.7947060971,0.0,0.0,0.0,0.0,0.0
2010-01-29,1024018.7947060971,0.0,0.0,0.0,0.0,0.0
2010-02-01,1024018.7947060971,0.0,0.0,0.0,0.0,0.0
2010-02-02,1024018.7947060971,0.0,0.0,0.0,0.0,0.0
2010-02-03,1024018.7947060971,0.0,0.0,0.0,0.0,0.0
2010-02-04,1024018.7947060971,0.0,0.0,0.0,0.0,0.0
2010-02-05,1024018.7947060971,0.0,0.0,0.0,0.0,0.0
2010-02-08,1024018.7947060971,0.0,0.0,0.0,0.0,0.0
2010-02-09,1024018.7947060971,0.0,0.0,0.0,0.0,0.0
2010-02-10,1024018.7947060971,0.0,0.0,0.0,0.0,0.0
2010-02-11,1024018.7947060971,0.0,0.0,0.0,0.0,0.0
2010-02-12,1024018.7947060971,0.0,0.0,0.0,0.0,0.0
2010-02-16,1024018.7947060971,0.0,0.0,0.0,0.0,0.0
2010-02-17,1024018.7947060971,0.0,0.0,0.0,0.0,0.0
2010-02-18,1024018.7947060971,0.0,0.0,0.0,0.0,0.0
2010-02-19,1024018.7947060971,0.0,0.0,0.0,0.0,0.0
2010-02-22,1024018.7947060971,0.0,0.0,0.0,0.0,0.0
2010-02-23,1024018.7947060971,0.0,0.0,0.0,0.0,0.0
2010-02-24,1024018.7947060971,0.0,0.0,0.0,0.0,0.0
2010-02-25,1024018.7947060971,0.0,0.0,0.0,0.0,0.0
2010-02-26,1024018.7947060971,0.0,0.0,0.0,0.0,0.0
2010-03-01,1024018.7947060971,0.0,0.0,0.0,0.0,0.0
2010-03-02,1024018.7947060971,0.0,0.0,0.0,0.0,0.0
2010-03-03,1024018.7947060971,0.0,0.0,0.0,0.0,0.0
2010-03-04,1024018.7947060971,0.0,0.0,0.0,0.0,0.0
2010-03-05,1024018.7947060971,0.0,0.0,0.0,0.0,0.0
2010-03-08,1024018.7947060971,0.0,0.0,0.0,0.0,0.0
2010-03-09,1024018.7947060971,0.0,0.0,0.0,0.0,0.0
2010-03-10,1024018.7947060971,0.0,0.0,0.0,0.0,0.0
2010-03-11,1024018.7947060971,0.0,0.0,0.0,0.0,0.0
2010-03-12,1024018.7947060971,0.0,0.0,0.0,0.0,0.0
2010-03-15,1024018.7947060971,0.0,0.0,0.0,0.0,0.0
2010-03-16,1024018.7947060971,0.0,0.0,0.0,0.0,0.0
2010-03-17,1024018.7947060971,0.0,0.0,0.0,0.0,0.0
2010-03-18,1024018.7947060971,0.0,0.0,0.0,0.0,0.0
2010-03-19,1024018.7947060971,0.0,0.0,0.0,0.0,0.0
2010-03-22,1024018.7947060971,0.0,0.0,0.0,0.0,0.0
2010-03-23,1024018.7947060971,0.0,0.0,0.0,0.0,0.0
2010-03-24,1024018.7947060971,0.0,0.0,0.0,0.0,0.0
2010-03-25,1024018.7947060971,0.0,0.0,0.0,0.0,0.0
2010-03-26,1024018.7947060971,0.0,0.0,0.0,0.0,0.0
2010-03-29,1024018.7947060971,0.0,0.0,0.0,0.0,0.0
2010-03-30,1024018.7947060971,0.0,0.0,0.0,0.0,0.0
2010-03-31,1024018.7947060971,0.0,0.0,0.0,0.0,0.0
2010-04-01,1023506.7853087441,0.0,512.0093973530486,-0.0005,1.388472388396471,0.5
2010-04-05,1017174.0510183722,-6332.734290371828,0.0,-0.006149243809207246,0.6902918435592936,0.5
2010-04-06,1010284.9616108654,-6889.089407506754,0.0,-0.006727211570803902,0.7580755479661156,0.5
2010-04-07,1000227.1985189619,-10057.76309190357,0.0,-0.009857239972807614,0.5402460121496299,0.5
2010-04-08,1001278.2253475282,1051.0268285663349,0.0,0.0010518934081346425,0.4457596998193463,0.5
2010-04-09,1000403.2880656796,-874.9372818485916,0.0,-0.0008730574471800245,0.3200483387772748,0.5
2010-04-12,1011437.1478605217,11033.859794842056,0.0,0.011152416356877325,0.9243269992451603,0.5
2010-04-13,1002601.3659932921,-8835.781867229634,0.0,-0.008660213958227204,1.1292849514252523,0.5
2010-04-14,1006446.7687219972,3845.4027287050953,0.0,0.0038501925096254812,1.2982787180018533,0.5
2010-04-15,1004009.0083825322,-2437.760339465045,0.0,-0.002416292716603383,1.3195317656803174,0.5
2010-04-16,1019543.9182827487,15534.90990021651,0.0,0.015716051562775914,1.170251315135161,0.5
2010-04-19,1015589.532090421,-3954.3861923276927,0.0,-0.0038635981857886776,0.5330747659626534,0.5
2010-04-20,1030951.1004718023,15361.568381381281,0.0,0.01535806729939603,0.13400543280109847,0.5
2010-04-21,1037062.9976424978,7142.848271167221,1030.9511004718024,0.005969767441860465,-0.09166585774505394,-0.5
2010-04-22,1028288.6279911131,-8774.36965138462,0.0,-0.008389803162310422,-0.4419008884527647,-0.5
2010-04-23,1018396.4913898386,-9377.992287278952,514.1443139955566,-0.009533058506421437,-0.582465131005524,-0.5
2010-04-26,1017887.2931441437,0.0,509.1982456949193,-0.0005,-1.8168684418608048,-0.5
2010-04-27,1021681.840369285,3794.5472251412625,0.0,0.0037418147801683817,-1.9719145544468515,-0.5
2010-04-28,1023440.6041007501,1758.7637314651229,0.0,0.0017244082144536761,-2.2532471101434597,-0.5
2010-04-29,1021190.577647011,-2250.0264537390863,0.0,-0.0021936696960200568,-2.266048030942181,-0.5
2010-04-30,1016241.0923582278,-4949.485288783199,0.0,-0.0048234012758674345,-2.2683216748310433,-0.5
2010-05-03,1017657.3465903777,1416.2542321498993,0.0,0.0013955652039075825,-2.0460241362633877,-0.5
2010-05-04,1027296.6475441065,9639.300953728733,0.0,0.009562627371061293,-2.02917003328819,-0.5
2010-05-05,1022256.0973583092,-5040.550185797293,0.0,-0.004882658686407308,-1.9147439256215648,-0.5
2010-05-06,1022256.0973583092,0.0,0.0,0.0,-1.8250964305814317,-0.5
2010-05-07,1052188.3327105828,30443.36340095278,511.12804867915463,0.030179321486268174,0.0,0.0
2010-05-10,1052188.3327105828,0.0,0.0,0.0,0.0,0.0
2010-05-11,1052188.3327105828,0.0,0.0,0.0,0.0,0.0
2010-05-12,1052188.3327105828,0.0,0.0,0.0,0.0,0.0
2010-05-13,1052188.3327105828,0.0,0.0,0.0,0.0,0.0
2010-05-14,1052188.3327105828,0.0,0.0,0.0,0.0,0.0
2010-05-17,1052188.3327105828,0.0,0.0,0.0,0.0,0.0
2010-05-18,1052188.3327105828,0.0,0.0,0.0,0.0,0.0
2010-05-19,1052188.3327105828,0.0,0.0,0.0,0.0,0.0
2010-05-20,1052188.3327105828,0.0,0.0,0.0,0.0,0.0
2010-05-21,1052188.3327105828,0.0,0.0,0.0,0.0,0.0
2010-05-24,1052188.3327105828,0.0,0.0,0.0,0.0,0.0
2010-05-25,1052188.3327105828,0.0,0.0,0.0,0.0,0.0
2010-05-26,1052188.3327105828,0.0,0.0,0.0,0.0,0.0
2010-05-27,1052188.3327105828,0.0,0.0,0.0,0.0,0.0
2010-05-28,1052188.3327105828,0.0,0.0,0.0,0.0,0.0
2010-06-01,1052188.3327105828,0.0,0.0,0.0,0.0,0.0
2010-06-02,1052188.3327105828,0.0,0.0,0.0,0.0,0.0
2010-06-03,1052188.3327105828,0.0,0.0,0.0,0.0,0.0
2010-06-04,1052188.3327105828,0.0,0.0,0.0,0.0,0.0
2010-06-07,1051662.2385442276,0.0,526.0941663552913,-0.0005,-0.6497671107616004,-0.5
2010-06-08,1045374.541525258,-6287.697018969588,0.0,-0.005943284088979453,-0.6162731089549749,-0.5
2010-06-09,1043609.8984774436,-1764.6430478144125,0.0,-0.0016852039096730705,-0.5608014769108542,-0.5
2010-06-10,1052915.303023087,9305.404545643423,0.0,0.008996774741130536,-0.5943895781990476,-0.5
2010-06-11,1052915.303023087,0.0,0.0,0.0,-0.5795943742560192,-0.5
2010-06-14,1046783.2166402873,-6132.086382799754,0.0,-0.0057901907356948225,-0.6282908892711241,-0.5
2010-06-15,1050328.0294294518,3544.8127891645354,0.0,0.0033978933061501867,-0.6105198647907099,-0.5
2010-06-16,1054267.207173647,3939.177744195012,0.0,0.0037645448323066393,-0.6011048255529947,-0.5
2010-06-17,1053723.957152774,-543.2500208727139,0.0,-0.0005150214592274677,-0.5235967388442783,-0.5
2010-06-18,1050469.4905726865,-3254.466580087497,0.0,-0.0030790283954840914,-0.5733041880849945,-0.5
2010-06-21,1045632.7449646608,-4836.745608025671,0.0,-0.00458326260397216,-0.8759953878479168,-0.5
2010-06-22,1032734.6053258606,-12898.13963880031,0.0,-0.012184944082790852,-0.7847494527066102,-0.5
2010-06-23,1031372.1586169874,-1362.446708873167,0.0,-0.0013175230566534915,-0.5980156347781911,-0.5
2010-06-24,1023392.5950740033,-7463.877463675567,515.6860793084937,-0.007681254082299151,-0.4997320459088966,-0.5
2010-06-25,1022880.8987764664,0.0,511.69629753700167,-0.0005,-0.3436083777746833,-0.5
2010-06-28,1020038.5337433851,-1819.48413430484,1022.8808987764664,-0.002773849878934625,0.10625367177500236,0.5
2010-06-29,994562.2248922371,-25476.308851148035,0.0,-0.02436723785568307,0.399565783387166,0.5
2010-06-30,984955.995315717,-9108.948464074085,497.2811124461186,-0.00957109243697479,0.5999769327596518,0.5
2010-07-01,984955.995315717,0.0,0.0,0.0,0.0,0.0
2010-07-02,984955.995315717,0.0,0.0,0.0,0.0,0.0
2010-07-06,984955.995315717,0.0,0.0,0.0,0.0,0.0
2010-07-07,984955.995315717,0.0,0.0,0.0,0.0,0.0
2010-07-08,984955.995315717,0.0,0.0,0.0,0.0,0.0
2010-07-09,984955.995315717,0.0,0.0,0.0,0.0,0.0
2010-07-12,984955.995315717,0.0,0.0,0.0,0.0,0.0
2010-07-13,984955.995315717,0.0,0.0,0.0,0.0,0.0
2010-07-14,984955.995315717,0.0,0.0,0.0,0.0,0.0
2010-07-15,984955.995315717,0.0,0.0,0.0,0.0,0.0
2010-07-16,984955.995315717,0.0,0.0,0.0,0.0,0.0
2010-07-19,984955.995315717,0.0,0.0,0.0,0.0,0.0
2010-07-20,984955.995315717,0.0,0.0,0.0,0.0,0.0
2010-07-21,984955.995315717,0.0,0.0,0.0,0.0,0.0
2010-07-22,984955.995315717,0.0,0.0,0.0,0.0,0.0
2010-07-23,984955.995315717,0.0,0.0,0.0,0.0,0.0
2010-07-26,984955.995315717,0.0,0.0,0.0,0.0,0.0
2010-07-27,984955.995315717,0.0,0.0,0.0,0.0,0.0
2010-07-28,984955.995315717,0.0,0.0,0.0,0.0,0.0
2010-07-29,984955.995315717,0.0,0.0,0.0,0.0,0.0
2010-07-30,984955.995315717,0.0,0.0,0.0,0.0,0.0
2010-08-02,984955.995315717,0.0,0.0,0.0,0.0,0.0
2010-08-03,984955.995315717,0.0,0.0,0.0,0.0,0.0
2010-08-04,984955.995315717,0.0,0.0,0.0,0.0,0.0
2010-08-05,984955.995315717,0.0,0.0,0.0,0.0,0.0
2010-08-06,984955.995315717,0.0,0.0,0.0,0.0,0.0
2010-08-09,984955.995315717,0.0,0.0,0.0,0.0,0.0
2010-08-10,984955.995315717,0.0,0.0,0.0,0.0,0.0
2010-08-11,984955.995315717,0.0,0.0,0.0,0.0,0.0
2010-08-12,984955.995315717,0.0,0.0,0.0,0.0,0.0
2010-08-13,984955.995315717,0.0,0.0,0.0,0.0,0.0
2010-08-16,984955.995315717,0.0,0.0,0.0,0.0,0.0
2010-08-17,984955.995315717,0.0,0.0,0.0,0.0,0.0
2010-08-18,984955.995315717,0.0,0.0,0.0,0.0,0.0
2010-08-19,984955.995315717,0.0,0.0,0.0,0.0,0.0
2010-08-20,984955.995315717,0.0,0.0,0.0,0.0,0.0
2010-08-23,984955.995315717,0.0,0.0,0.0,0.0,0.0
2010-08-24,984955.995315717,0.0,0.0,0.0,0.0,0.0
2010-08-25,984955.995315717,0.0,0.0,0.0,0.0,0.0
2010-08-26,984955.995315717,0.0,0.0,0.0,0.0,0.0
2010-08-27,984955.995315717,0.0,0.0,0.0,0.0,0.0
2010-08-30,984955.995315717,0.0,0.0,0.0,0.0,0.0
2010-08-31,984955.995315717,0.0,0.0,0.0,0.0,0.0
2010-09-01,984955.995315717,0.0,0.0,0.0,0.0,0.0
2010-09-02,984955.995315717,0.0,0.0,0.0,0.0,0.0
2010-09-03,984955.995315717,0.0,0.0,0.0,0.0,0.0
2010-09-07,984955.995315717,0.0,0.0,0.0,0.0,0.0
2010-09-08,984955.995315717,0.0,0.0,0.0,0.0,0.0
2010-09-09,984955.995315717,0.0,0.0,0.0,0.0,0.0
2010-09-10,984955.995315717,0.0,0.0,0.0,0.0,0.0
2010-09-13,984955.995315717,0.0,0.0,0.0,0.0,0.0
2010-09-14,984955.995315717,0.0,0.0,0.0,0.0,0.0
2010-09-15,984955.995315717,0.0,0.0,0.0,0.0,0.0
2010-09-16,984955.995315717,0.0,0.0,0.0,0.0,0.0
2010-09-17,984955.995315717,0.0,0.0,0.0,0.0,0.0
2010-09-20,984955.995315717,0.0,0.0,0.0,0.0,0.0
2010-09-21,984955.995315717,0.0,0.0,0.0,0.0,0.0
2010-09-22,984955.995315717,0.0,0.0,0.0,0.0,0.0
2010-09-23,984955.995315717,0.0,0.0,0.0,0.0,0.0
2010-09-24,984955.995315717,0.0,0.0,0.0,0.0,0.0
2010-09-27,984955.995315717,0.0,0.0,0.0,0.0,0.0
2010-09-28,984955.995315717,0.0,0.0,0.0,0.0,0.0
2010-09-29,984955.995315717,0.0,0.0,0.0,0.0,0.0
2010-09-30,984955.995315717,0.0,0.0,0.0,0.0,0.0
2010-10-01,984955.995315717,0.0,0.0,0.0,0.0,0.0
2010-10-04,984955.995315717,0.0,0.0,0.0,0.0,0.0
2010-10-05,984955.995315717,0.0,0.0,0.0,0.0,0.0
2010-10-06,984955.995315717,0.0,0.0,0.0,0.0,0.0
2010-10-07,984955.995315717,0.0,0.0,0.0,0.0,0.0
2010-10-08,984955.995315717,0.0,0.0,0.0,0.0,0.0
2010-10-11,984955.995315717,0.0,0.0,0.0,0.0,0.0
2010-10-12,984955.995315717,0.0,0.0,0.0,0.0,0.0
2010-10-13,984955.995315717,0.0,0.0,0.0,0.0,0.0
2010-10-14,984955.995315717,0.0,0.0,0.0,0.0,0.0
2010-10-15,984955.995315717,0.0,0.0,0.0,0.0,0.0
2010-10-18,984955.995315717,0.0,0.0,0.0,0.0,0.0
2010-10-19,984955.995315717,0.0,0.0,0.0,0.0,0.0
2010-10-20,984955.995315717,0.0,0.0,0.0,0.0,0.0
2010-10-21,984955.995315717,0.0,0.0,0.0,0.0,0.0
2010-10-22,984955.995315717,0.0,0.0,0.0,0.0,0.0
2010-10-25,984955.995315717,0.0,0.0,0.0,0.0,0.0
2010-10-26,984955.995315717,0.0,0.0,0.0,0.0,0.0
2010-10-27,984955.995315717,0.0,0.0,0.0,0.0,0.0
2010-10-28,984955.995315717,0.0,0.0,0.0,0.0,0.0
2010-10-29,984955.995315717,0.0,0.0,0.0,0.0,0.0
2010-11-01,984955.995315717,0.0,0.0,0.0,0.0,0.0
2010-11-02,984955.995315717,0.0,0.0,0.0,0.0,0.0
2010-11-03,984955.995315717,0.0,0.0,0.0,0.0,0.0
2010-11-04,984955.995315717,0.0,0.0,0.0,0.0,0.0
2010-11-05,984955.995315717,0.0,0.0,0.0,0.0,0.0
2010-11-08,984955.995315717,0.0,0.0,0.0,0.0,0.0
2010-11-09,984955.995315717,0.0,0.0,0.0,0.0,0.0
2010-11-10,984955.995315717,0.0,0.0,0.0,0.0,0.0
2010-11-11,984955.995315717,0.0,0.0,0.0,0.0,0.0
2010-11-12,984955.995315717,0.0,0.0,0.0,0.0,0.0
2010-11-15,984955.995315717,0.0,0.0,0.0,0.0,0.0
2010-11-16,984955.995315717,0.0,0.0,0.0,0.0,0.0
2010-11-17,984955.995315717,0.0,0.0,0.0,0.0,0.0
2010-11-18,984955.995315717,0.0,0.0,0.0,0.0,0.0
2010-11-19,984955.995315717,0.0,0.0,0.0,0.0,0.0
2010-11-22,984955.995315717,0.0,0.0,0.0,0.0,0.0
2010-11-23,984955.995315717,0.0,0.0,0.0,0.0,0.0
2010-11-24,984955.995315717,0.0,0.0,0.0,0.0,0.0
2010-11-26,984955.995315717,0.0,0.0,0.0,0.0,0.0
2010-11-29,984955.995315717,0.0,0.0,0.0,0.0,0.0
2010-11-30,984955.995315717,0.0,0.0,0.0,0.0,0.0
2010-12-01,984955.995315717,0.0,0.0,0.0,0.0,0.0
2010-12-02,984955.995315717,0.0,0.0,0.0,0.0,0.0
2010-12-03,984955.995315717,0.0,0.0,0.0,0.0,0.0
2010-12-06,984955.995315717,0.0,0.0,0.0,0.0,0.0
2010-12-07,984955.995315717,0.0,0.0,0.0,0.0,0.0
2010-12-08,984955.995315717,0.0,0.0,0.0,0.0,0.0
2010-12-09,984955.995315717,0.0,0.0,0.0,0.0,0.0
2010-12-10,984955.995315717,0.0,0.0,0.0,0.0,0.0
2010-12-13,984955.995315717,0.0,0.0,0.0,0.0,0.0
2010-12-14,984955.995315717,0.0,0.0,0.0,0.0,0.0
2010-12-15,984955.995315717,0.0,0.0,0.0,0.0,0.0
2010-12-16,984955.995315717,0.0,0.0,0.0,0.0,0.0
2010-12-17,984955.995315717,0.0,0.0,0.0,0.0,0.0
2010-12-20,984955.995315717,0.0,0.0,0.0,0.0,0.0
2010-12-21,984955.995315717,0.0,0.0,0.0,0.0,0.0
2010-12-22,984955.995315717,0.0,0.0,0.0,0.0,0.0
2010-12-23,984955.995315717,0.0,0.0,0.0,0.0,0.0
2010-12-27,984955.995315717,0.0,0.0,0.0,0.0,0.0
2010-12-28,984955.995315717,0.0,0.0,0.0,0.0,0.0
2010-12-29,984955.995315717,0.0,0.0,0.0,0.0,0.0
2010-12-30,984955.995315717,0.0,0.0,0.0,0.0,0.0
2010-12-31,984955.995315717,0.0,0.0,0.0,0.0,0.0
2011-01-04,984955.995315717,0.0,0.0,0.0,0.0,0.0
2011-01-05,984955.995315717,0.0,0.0,0.0,0.0,0.0
2011-01-06,984955.995315717,0.0,0.0,0.0,0.0,0.0
2011-01-07,984955.995315717,0.0,0.0,0.0,0.0,0.0
2011-01-10,984955.995315717,0.0,0.0,0.0,0.0,0.0
2011-01-11,984955.995315717,0.0,0.0,0.0,0.0,0.0
2011-01-12,984955.995315717,0.0,0.0,0.0,0.0,0.0
2011-01-13,984955.995315717,0.0,0.0,0.0,0.0,0.0
2011-01-14,984955.995315717,0.0,0.0,0.0,0.0,0.0
2011-01-18,984955.995315717,0.0,0.0,0.0,0.0,0.0
2011-01-19,984955.995315717,0.0,0.0,0.0,0.0,0.0
2011-01-20,984955.995315717,0.0,0.0,0.0,0.0,0.0
2011-01-21,984955.995315717,0.0,0.0,0.0,0.0,0.0
2011-01-24,984955.995315717,0.0,0.0,0.0,0.0,0.0
2011-01-25,984955.995315717,0.0,0.0,0.0,0.0,0.0
2011-01-26,984955.995315717,0.0,0.0,0.0,0.0,0.0
2011-01-27,984955.995315717,0.0,0.0,0.0,0.0,0.0
2011-01-28,984955.995315717,0.0,0.0,0.0,0.0,0.0
2011-01-31,984955.995315717,0.0,0.0,0.0,0.0,0.0
2011-02-01,984955.995315717,0.0,0.0,0.0,0.0,0.0
2011-02-02,984955.995315717,0.0,0.0,0.0,0.0,0.0
2011-02-03,984955.995315717,0.0,0.0,0.0,0.0,0.0
2011-02-04,984955.995315717,0.0,0.0,0.0,0.0,0.0
2011-02-07,984955.995315717,0.0,0.0,0.0,0.0,0.0
2011-02-08,984955.995315717,0.0,0.0,0.0,0.0,0.0
2011-02-09,984955.995315717,0.0,0.0,0.0,0.0,0.0
2011-02-10,984955.995315717,0.0,0.0,0.0,0.0,0.0
2011-02-11,984955.995315717,0.0,0.0,0.0,0.0,0.0
2011-02-14,984955.995315717,0.0,0.0,0.0,0.0,0.0
2011-02-15,984955.995315717,0.0,0.0,0.0,0.0,0.0
2011-02-16,984955.995315717,0.0,0.0,0.0,0.0,0.0
2011-02-17,984955.995315717,0.0,0.0,0.0,0.0,0.0
2011-02-18,984955.995315717,0.0,0.0,0.0,0.0,0.0
2011-02-22,984955.995315717,0.0,0.0,0.0,0.0,0.0
2011-02-23,984955.995315717,0.0,0.0,0.0,0.0,0.0
2011-02-24,984955.995315717,0.0,0.0,0.0,0.0,0.0
2011-02-25,984955.995315717,0.0,0.0,0.0,0.0,0.0
2011-02-28,984955.995315717,0.0,0.0,0.0,0.0,0.0
2011-03-01,984955.995315717,0.0,0.0,0.0,0.0,0.0
2011-03-02,984955.995315717,0.0,0.0,0.0,0.0,0.0
2011-03-03,984955.995315717,0.0,0.0,0.0,0.0,0.0
2011-03-04,984955.995315717,0.0,0.0,0.0,0.0,0.0
2011-03-07,984955.995315717,0.0,0.0,0.0,0.0,0.0
2011-03-08,984955.995315717,0.0,0.0,0.0,0.0,0.0
2011-03-09,984955.995315717,0.0,0.0,0.0,0.0,0.0
2011-03-10,984955.995315717,0.0,0.0,0.0,0.0,0.0
2011-03-11,984955.995315717,0.0,0.0,0.0,0.0,0.0
2011-03-14,984955.995315717,0.0,0.0,0.0,0.0,0.0
2011-03-15,984955.995315717,0.0,0.0,0.0,0.0,0.0
2011-03-16,984955.995315717,0.0,0.0,0.0,0.0,0.0
2011-03-17,984955.995315717,0.0,0.0,0.0,0.0,0.0
2011-03-18,984955.995315717,0.0,0.0,0.0,0.0,0.0
2011-03-21,984955.995315717,0.0,0.0,0.0,0.0,0.0
2011-03-22,984955.995315717,0.0,0.0,0.0,0.0,0.0
2011-03-23,984955.995315717,0.0,0.0,0.0,0.0,0.0
2011-03-24,984955.995315717,0.0,0.0,0.0,0.0,0.0
2011-03-25,984955.995315717,0.0,0.0,0.0,0.0,0.0
2011-03-28,984955.995315717,0.0,0.0,0.0,0.0,0.0
2011-03-29,984955.995315717,0.0,0.0,0.0,0.0,0.0
2011-03-30,984955.995315717,0.0,0.0,0.0,0.0,0.0
2011-03-31,984955.995315717,0.0,0.0,0.0,0.0,0.0
2011-04-01,984955.995315717,0.0,0.0,0.0,0.0,0.0
2011-04-04,984955.995315717,0.0,0.0,0.0,0.0,0.0
2011-04-05,984955.995315717,0.0,0.0,0.0,0.0,0.0
2011-04-06,984955.995315717,0.0,0.0,0.0,0.0,0.0
2011-04-07,984955.995315717,0.0,0.0,0.0,0.0,0.0
2011-04-08,984955.995315717,0.0,0.0,0.0,0.0,0.0
2011-04-11,984955.995315717,0.0,0.0,0.0,0.0,0.0
2011-04-12,984955.995315717,0.0,0.0,0.0,0.0,0.0
2011-04-13,984955.995315717,0.0,0.0,0.0,0.0,0.0
2011-04-14,984955.995315717,0.0,0.0,0.0,0.0,0.0
2011-04-15,984955.995315717,0.0,0.0,0.0,0.0,0.0
2011-04-18,984955.995315717,0.0,0.0,0.0,0.0,0.0
2011-04-19,984955.995315717,0.0,0.0,0.0,0.0,0.0
2011-04-20,984955.995315717,0.0,0.0,0.0,0.0,0.0
2011-04-21,984955.995315717,0.0,0.0,0.0,0.0,0.0
2011-04-25,984955.995315717,0.0,0.0,0.0,0.0,0.0
2011-04-26,984955.995315717,0.0,0.0,0.0,0.0,0.0
2011-04-27,984463.5173180591,0.0,492.4779976578585,-0.0005,1.217405651629375,0.5
2011-04-28,1003501.8011838482,19038.283865789042,0.0,0.019720101781170486,1.0551823069537054,0.5
2011-04-29,1012542.3579512702,9040.556767422055,0.0,0.009090909090909089,1.0265086247053992,0.5
2011-05-02,1007016.6843164329,-5525.673634837315,0.0,-0.00542760745195834,0.5591496459777573,0.5
2011-05-03,994703.0296618032,-12313.654654629809,0.0,-0.012080141426045963,0.80954202947295,0.5
2011-05-04,989381.3228384826,-5321.706823320561,0.0,-0.005321575186255131,1.0084639248966911,0.5
2011-05-05,966108.8483230871,-22777.78385397619,494.6906614192413,-0.022992901374414742,0.0,0.0
2011-05-06,966108.8483230871,0.0,0.0,0.0,0.0,0.0
2011-05-09,966108.8483230871,0.0,0.0,0.0,0.0,0.0
2011-05-10,966108.8483230871,0.0,0.0,0.0,0.0,0.0
2011-05-11,966108.8483230871,0.0,0.0,0.0,0.0,0.0
2011-05-12,966108.8483230871,0.0,0.0,0.0,0.0,0.0
2011-05-13,966108.8483230871,0.0,0.0,0.0,0.0,0.0
2011-05-16,966108.8483230871,0.0,0.0,0.0,0.0,0.0
2011-05-17,965625.7938989255,0.0,483.0544241615436,-0.0005,-0.15085690343635424,-0.5
2011-05-18,963195.5276391128,-2430.2662598127317,0.0,-0.0025104602510460246,-0.2744036942946927,-0.5
2011-05-19,965768.337061855,2572.8094227422043,0.0,0.002678272514228323,-0.15658311683160794,-0.5
2011-05-20,977766.8496630057,12481.396769681576,482.8841685309275,0.012586464886923993,0.0,0.0
2011-05-23,977766.8496630057,0.0,0.0,0.0,0.0,0.0
2011-05-24,977766.8496630057,0.0,0.0,0.0,0.0,0.0
2011-05-25,977766.8496630057,0.0,0.0,0.0,0.0,0.0
2011-05-26,977277.9662381741,0.0,488.88342483150285,-0.0005,0.2607686090913277,0.5
2011-05-27,970622.0864016683,-6655.879836505837,0.0,-0.006764560303580268,0.05796832290000769,0.5
2011-05-31,974555.2471701083,4903.782854841706,970.6220864016683,0.004072782667569397,-0.26935080765290387,-0.5
2011-06-01,982029.3287589421,7474.081588833775,0.0,0.007728494623655915,-0.5288402484268148,-0.5
2011-06-02,990176.8799118693,8147.55115292722,0.0,0.008366057708724603,-0.5274817913342607,-0.5
2011-06-03,994609.4899114748,4432.609999605475,0.0,0.004496713939813214,-0.6161454276634698,-0.5
2011-06-06,997201.4187420293,2591.928830554573,0.0,0.0026127852290541717,-0.5234733387149443,-0.5
2011-06-07,992325.1281858336,-4876.290556195742,0.0,-0.0048661800486618,-0.6892618845626871,-0.5
2011-06-08,986146.694319578,-6178.433866255623,0.0,-0.00618769336541767,-0.7687392456634334,-0.5
2011-06-09,977218.4786040096,-8928.215715568436,0.0,-0.008972405620450312,-0.8501155996495523,-0.5
2011-06-10,974431.1104603405,-2787.368143669155,0.0,-0.002844236238915844,-0.8823434051590499,-0.5
2011-06-13,973780.8394490223,-650.2710113182119,0.0,-0.0006668889629876626,-1.0389064105127261,-0.5
2011-06-14,971671.6840153607,-2109.155433661661,0.0,-0.0021612635078969242,-1.038199943128632,-0.5
2011-06-15,976023.8962695767,4352.212254216115,0.0,0.004499250124979171,-1.0899611829290372,-0.5
2011-06-16,987950.5357787296,11926.639509152845,0.0,0.012370784612777495,-1.1954513633589483,-0.5
2011-06-17,987441.9819682739,-508.55381045576337,0.0,-0.0005144915108900703,-1.234262955995403,-0.5
2011-06-20,978979.1607309729,-8462.821237300943,0.0,-0.00849762066621346,-1.204297178945338,-0.5
2011-06-21,969080.483676059,-9898.67705491378,0.0,-0.01001001001001001,-1.2212291821922638,-0.5
2011-06-22,966999.5378075773,-2080.9458684817914,0.0,-0.0021427394099225315,-1.316248017329854,-0.5
2011-06-23,975588.020544684,8588.482737106771,0.0,0.008961168270826417,-1.2107595980533397,-0.5
2011-06-24,980162.1103931855,4574.089848501533,0.0,0.004710632570659489,-1.0673984737827684,-0.5
2011-06-27,974031.9552064803,-6130.155186705183,0.0,-0.006215353603225265,-0.4259750990848708,-0.5
2011-06-28,970291.932673968,-3740.022532512362,0.0,-0.003825045734242475,-0.3009886373443503,-0.5
2011-06-29,954859.854221897,-15432.07845207106,0.0,-0.015655577299412915,-0.21938284530758195,-0.5
2011-06-30,945796.6581039662,-8585.766190819882,477.4299271109485,-0.009407065563335454,-0.3140146107687632,-0.5
2011-07-01,945796.6581039662,0.0,0.0,0.0,0.0,0.0
2011-07-05,945796.6581039662,0.0,0.0,0.0,0.0,0.0
2011-07-06,945796.6581039662,0.0,0.0,0.0,0.0,0.0
2011-07-07,945796.6581039662,0.0,0.0,0.0,0.0,0.0
2011-07-08,945796.6581039662,0.0,0.0,0.0,0.0,0.0
2011-07-11,945796.6581039662,0.0,0.0,0.0,0.0,0.0
2011-07-12,945796.6581039662,0.0,0.0,0.0,0.0,0.0
2011-07-13,945796.6581039662,0.0,0.0,0.0,0.0,0.0
2011-07-14,945796.6581039662,0.0,0.0,0.0,0.0,0.0
2011-07-15,945796.6581039662,0.0,0.0,0.0,0.0,0.0
2011-07-18,945796.6581039662,0.0,0.0,0.0,0.0,0.0
2011-07-19,945796.6581039662,0.0,0.0,0.0,0.0,0.0
2011-07-20,945796.6581039662,0.0,0.0,0.0,0.0,0.0
2011-07-21,945796.6581039662,0.0,0.0,0.0,0.0,0.0
2011-07-22,945796.6581039662,0.0,0.0,0.0,0.0,0.0
2011-07-25,945796.6581039662,0.0,0.0,0.0,0.0,0.0
2011-07-26,945796.6581039662,0.0,0.0,0.0,0.0,0.0
2011-07-27,945796.6581039662,0.0,0.0,0.0,0.0,0.0
2011-07-28,945796.6581039662,0.0,0.0,0.0,0.0,0.0
2011-07-29,945796.6581039662,0.0,0.0,0.0,0.0,0.0
2011-08-01,945796.6581039662,0.0,0.0,0.0,0.0,0.0
2011-08-02,945796.6581039662,0.0,0.0,0.0,0.0,0.0
2011-08-03,945796.6581039662,0.0,0.0,0.0,0.0,0.0
2011-08-04,945796.6581039662,0.0,0.0,0.0,0.0,0.0
2011-08-05,945796.6581039662,0.0,0.0,0.0,0.0,0.0
2011-08-08,945796.6581039662,0.0,0.0,0.0,0.0,0.0
2011-08-09,945796.6581039662,0.0,0.0,0.0,0.0,0.0
2011-08-10,945796.6581039662,0.0,0.0,0.0,0.0,0.0
2011-08-11,945796.6581039662,0.0,0.0,0.0,0.0,0.0
2011-08-12,945796.6581039662,0.0,0.0,0.0,0.0,0.0
2011-08-15,945796.6581039662,0.0,0.0,0.0,0.0,0.0
2011-08-16,945796.6581039662,0.0,0.0,0.0,0.0,0.0
2011-08-17,945796.6581039662,0.0,0.0,0.0,0.0,0.0
2011-08-18,945796.6581039662,0.0,0.0,0.0,0.0,0.0
2011-08-19,945796.6581039662,0.0,0.0,0.0,0.0,0.0
2011-08-22,945796.6581039662,0.0,0.0,0.0,0.0,0.0
2011-08-23,945796.6581039662,0.0,0.0,0.0,0.0,0.0
2011-08-24,945796.6581039662,0.0,0.0,0.0,0.0,0.0
2011-08-25,945796.6581039662,0.0,0.0,0.0,0.0,0.0
2011-08-26,945796.6581039662,0.0,0.0,0.0,0.0,0.0
2011-08-29,945796.6581039662,0.0,0.0,0.0,0.0,0.0
2011-08-30,945796.6581039662,0.0,0.0,0.0,0.0,0.0
2011-08-31,945796.6581039662,0.0,0.0,0.0,0.0,0.0
2011-09-01,945796.6581039662,0.0,0.0,0.0,0.0,0.0
2011-09-02,945796.6581039662,0.0,0.0,0.0,0.0,0.0
2011-09-06,945796.6581039662,0.0,0.0,0.0,0.0,0.0
2011-09-07,945796.6581039662,0.0,0.0,0.0,0.0,0.0
2011-09-08,945796.6581039662,0.0,0.0,0.0,0.0,0.0
2011-09-09,945796.6581039662,0.0,0.0,0.0,0.0,0.0
2011-09-12,945796.6581039662,0.0,0.0,0.0,0.0,0.0
2011-09-13,945796.6581039662,0.0,0.0,0.0,0.0,0.0
2011-09-14,945796.6581039662,0.0,0.0,0.0,0.0,0.0
2011-09-15,945796.6581039662,0.0,0.0,0.0,0.0,0.0
2011-09-16,945796.6581039662,0.0,0.0,0.0,0.0,0.0
2011-09-19,945796.6581039662,0.0,0.0,0.0,0.0,0.0
2011-09-20,945796.6581039662,0.0,0.0,0.0,0.0,0.0
2011-09-21,945796.6581039662,0.0,0.0,0.0,0.0,0.0
2011-09-22,945796.6581039662,0.0,0.0,0.0,0.0,0.0
2011-09-23,945796.6581039662,0.0,0.0,0.0,0.0,0.0
2011-09-26,945796.6581039662,0.0,0.0,0.0,0.0,0.0
2011-09-27,945796.6581039662,0.0,0.0,0.0,0.0,0.0
2011-09-28,945796.6581039662,0.0,0.0,0.0,0.0,0.0
2011-09-29,945796.6581039662,0.0,0.0,0.0,0.0,0.0
2011-09-30,945796.6581039662,0.0,0.0,0.0,0.0,0.0
2011-10-03,945796.6581039662,0.0,0.0,0.0,0.0,0.0
2011-10-04,945796.6581039662,0.0,0.0,0.0,0.0,0.0
2011-10-05,945796.6581039662,0.0,0.0,0.0,0.0,0.0
2011-10-06,945796.6581039662,0.0,0.0,0.0,0.0,0.0
2011-10-07,945796.6581039662,0.0,0.0,0.0,0.0,0.0
2011-10-10,945796.6581039662,0.0,0.0,0.0,0.0,0.0
2011-10-11,945796.6581039662,0.0,0.0,0.0,0.0,0.0
2011-10-12,945796.6581039662,0.0,0.0,0.0,0.0,0.0
2011-10-13,945796.6581039662,0.0,0.0,0.0,0.0,0.0
2011-10-14,945796.6581039662,0.0,0.0,0.0,0.0,0.0
2011-10-17,945796.6581039662,0.0,0.0,0.0,0.0,0.0
2011-10-18,945796.6581039662,0.0,0.0,0.0,0.0,0.0
2011-10-19,945796.6581039662,0.0,0.0,0.0,0.0,0.0
2011-10-20,945796.6581039662,0.0,0.0,0.0,0.0,0.0
2011-10-21,945796.6581039662,0.0,0.0,0.0,0.0,0.0
2011-10-24,945796.6581039662,0.0,0.0,0.0,0.0,0.0
2011-10-25,945796.6581039662,0.0,0.0,0.0,0.0,0.0
2011-10-26,945796.6581039662,0.0,0.0,0.0,0.0,0.0
2011-10-27,945796.6581039662,0.0,0.0,0.0,0.0,0.0
2011-10-28,945796.6581039662,0.0,0.0,0.0,0.0,0.0
2011-10-31,945796.6581039662,0.0,0.0,0.0,0.0,0.0
2011-11-01,945796.6581039662,0.0,0.0,0.0,0.0,0.0
2011-11-02,945796.6581039662,0.0,0.0,0.0,0.0,0.0
2011-11-03,945796.6581039662,0.0,0.0,0.0,0.0,0.0
2011-11-04,945796.6581039662,0.0,0.0,0.0,0.0,0.0
2011-11-07,945796.6581039662,0.0,0.0,0.0,0.0,0.0
2011-11-08,945796.6581039662,0.0,0.0,0.0,0.0,0.0
2011-11-09,945796.6581039662,0.0,0.0,0.0,0.0,0.0
2011-11-10,945796.6581039662,0.0,0.0,0.0,0.0,0.0
2011-11-11,945796.6581039662,0.0,0.0,0.0,0.0,0.0
2011-11-14,945796.6581039662,0.0,0.0,0.0,0.0,0.0
2011-11-15,945796.6581039662,0.0,0.0,0.0,0.0,0.0
2011-11-16,945796.6581039662,0.0,0.0,0.0,0.0,0.0
2011-11-17,945796.6581039662,0.0,0.0,0.0,0.0,0.0
2011-11-18,945796.6581039662,0.0,0.0,0.0,0.0,0.0
2011-11-21,945796.6581039662,0.0,0.0,0.0,0.0,0.0
2011-11-22,945796.6581039662,0.0,0.0,0.0,0.0,0.0
2011-11-23,945796.6581039662,0.0,0.0,0.0,0.0,0.0
2011-11-25,945796.6581039662,0.0,0.0,0.0,0.0,0.0
2011-11-28,945796.6581039662,0.0,0.0,0.0,0.0,0.0
2011-11-29,945796.6581039662,0.0,0.0,0.0,0.0,0.0
2011-11-30,945796.6581039662,0.0,0.0,0.0,0.0,0.0
2011-12-01,945796.6581039662,0.0,0.0,0.0,0.0,0.0
2011-12-02,945796.6581039662,0.0,0.0,0.0,0.0,0.0
2011-12-05,945796.6581039662,0.0,0.0,0.0,0.0,0.0
2011-12-06,945796.6581039662,0.0,0.0,0.0,0.0,0.0
2011-12-07,945796.6581039662,0.0,0.0,0.0,0.0,0.0
2011-12-08,945796.6581039662,0.0,0.0,0.0,0.0,0.0
2011-12-09,945796.6581039662,0.0,0.0,0.0,0.0,0.0
2011-12-12,945796.6581039662,0.0,0.0,0.0,0.0,0.0
2011-12-13,945796.6581039662,0.0,0.0,0.0,0.0,0.0
2011-12-14,945796.6581039662,0.0,0.0,0.0,0.0,0.0
2011-12-15,945796.6581039662,0.0,0.0,0.0,0.0,0.0
2011-12-16,945796.6581039662,0.0,0.0,0.0,0.0,0.0
2011-12-19,945796.6581039662,0.0,0.0,0.0,0.0,0.0
2011-12-20,945796.6581039662,0.0,0.0,0.0,0.0,0.0
2011-12-21,945796.6581039662,0.0,0.0,0.0,0.0,0.0
2011-12-22,945796.6581039662,0.0,0.0,0.0,0.0,0.0
2011-12-23,945796.6581039662,0.0,0.0,0.0,0.0,0.0
2011-12-27,945796.6581039662,0.0,0.0,0.0,0.0,0.0
2011-12-28,945796.6581039662,0.0,0.0,0.0,0.0,0.0
2011-12-29,945796.6581039662,0.0,0.0,0.0,0.0,0.0
2011-12-30,945796.6581039662,0.0,0.0,0.0,0.0,0.0
2012-01-03,945796.6581039662,0.0,0.0,0.0,0.0,0.0
2012-01-04,945796.6581039662,0.0,0.0,0.0,0.0,0.0
2012-01-05,945796.6581039662,0.0,0.0,0.0,0.0,0.0
2012-01-06,945796.6581039662,0.0,0.0,0.0,0.0,0.0
2012-01-09,945796.6581039662,0.0,0.0,0.0,0.0,0.0
2012-01-10,945796.6581039662,0.0,0.0,0.0,0.0,0.0
2012-01-11,945796.6581039662,0.0,0.0,0.0,0.0,0.0
2012-01-12,945796.6581039662,0.0,0.0,0.0,0.0,0.0
2012-01-13,945796.6581039662,0.0,0.0,0.0,0.0,0.0
2012-01-17,945796.6581039662,0.0,0.0,0.0,0.0,0.0
2012-01-18,945796.6581039662,0.0,0.0,0.0,0.0,0.0
2012-01-19,945796.6581039662,0.0,0.0,0.0,0.0,0.0
2012-01-20,945796.6581039662,0.0,0.0,0.0,0.0,0.0
2012-01-23,945796.6581039662,0.0,0.0,0.0,0.0,0.0
2012-01-24,945796.6581039662,0.0,0.0,0.0,0.0,0.0
2012-01-25,945796.6581039662,0.0,0.0,0.0,0.0,0.0
2012-01-26,945796.6581039662,0.0,0.0,0.0,0.0,0.0
2012-01-27,945796.6581039662,0.0,0.0,0.0,0.0,0.0
2012-01-30,945796.6581039662,0.0,0.0,0.0,0.0,0.0
2012-01-31,945796.6581039662,0.0,0.0,0.0,0.0,0.0
2012-02-01,945796.6581039662,0.0,0.0,0.0,0.0,0.0
2012-02-02,945796.6581039662,0.0,0.0,0.0,0.0,0.0
2012-02-03,945796.6581039662,0.0,0.0,0.0,0.0,0.0
2012-02-06,945796.6581039662,0.0,0.0,0.0,0.0,0.0
2012-02-07,945796.6581039662,0.0,0.0,0.0,0.0,0.0
2012-02-08,945796.6581039662,0.0,0.0,0.0,0.0,0.0
2012-02-09,945796.6581039662,0.0,0.0,0.0,0.0,0.0
2012-02-10,945796.6581039662,0.0,0.0,0.0,0.0,0.0
2012-02-13,945796.6581039662,0.0,0.0,0.0,0.0,0.0
2012-02-14,945796.6581039662,0.0,0.0,0.0,0.0,0.0
2012-02-15,945796.6581039662,0.0,0.0,0.0,0.0,0.0
2012-02-16,945796.6581039662,0.0,0.0,0.0,0.0,0.0
2012-02-17,945796.6581039662,0.0,0.0,0.0,0.0,0.0
2012-02-21,945796.6581039662,0.0,0.0,0.0,0.0,0.0
2012-02-22,945796.6581039662,0.0,0.0,0.0,0.0,0.0
2012-02-23,945796.6581039662,0.0,0.0,0.0,0.0,0.0
2012-02-24,945796.6581039662,0.0,0.0,0.0,0.0,0.0
2012-02-27,945796.6581039662,0.0,0.0,0.0,0.0,0.0
2012-02-28,945796.6581039662,0.0,0.0,0.0,0.0,0.0
2012-02-29,945796.6581039662,0.0,0.0,0.0,0.0,0.0
2012-03-01,945796.6581039662,0.0,0.0,0.0,0.0,0.0
2012-03-02,945796.6581039662,0.0,0.0,0.0,0.0,0.0
2012-03-05,945796.6581039662,0.0,0.0,0.0,0.0,0.0
2012-03-06,945796.6581039662,0.0,0.0,0.0,0.0,0.0
2012-03-07,945796.6581039662,0.0,0.0,0.0,0.0,0.0
2012-03-08,945796.6581039662,0.0,0.0,0.0,0.0,0.0
2012-03-09,945796.6581039662,0.0,0.0,0.0,0.0,0.0
2012-03-12,945796.6581039662,0.0,0.0,0.0,0.0,0.0
2012-03-13,945796.6581039662,0.0,0.0,0.0,0.0,0.0
2012-03-14,945796.6581039662,0.0,0.0,0.0,0.0,0.0
2012-03-15,945796.6581039662,0.0,0.0,0.0,0.0,0.0
2012-03-16,945796.6581039662,0.0,0.0,0.0,0.0,0.0
2012-03-19,945796.6581039662,0.0,0.0,0.0,0.0,0.0
2012-03-20,945796.6581039662,0.0,0.0,0.0,0.0,0.0
2012-03-21,945796.6581039662,0.0,0.0,0.0,0.0,0.0
2012-03-22,945796.6581039662,0.0,0.0,0.0,0.0,0.0
2012-03-23,945796.6581039662,0.0,0.0,0.0,0.0,0.0
2012-03-26,945796.6581039662,0.0,0.0,0.0,0.0,0.0
2012-03-27,945796.6581039662,0.0,0.0,0.0,0.0,0.0
2012-03-28,945796.6581039662,0.0,0.0,0.0,0.0,0.0
2012-03-29,945796.6581039662,0.0,0.0,0.0,0.0,0.0
2012-03-30,945796.6581039662,0.0,0.0,0.0,0.0,0.0
2012-04-02,945796.6581039662,0.0,0.0,0.0,0.0,0.0
2012-04-03,945796.6581039662,0.0,0.0,0.0,0.0,0.0
2012-04-04,945796.6581039662,0.0,0.0,0.0,0.0,0.0
2012-04-05,945323.7597749141,0.0,472.89832905198307,-0.0005,-2.173198039905733,-0.5
2012-04-09,939637.081953822,-5214.015941204562,472.6618798874571,-0.005982590031004054,0.0,0.0
2012-04-10,939637.081953822,0.0,0.0,0.0,0.0,0.0
2012-04-11,939637.081953822,0.0,0.0,0.0,0.0,0.0
2012-04-12,939637.081953822,0.0,0.0,0.0,0.0,0.0
2012-04-13,939637.081953822,0.0,0.0,0.0,0.0,0.0
2012-04-16,939637.081953822,0.0,0.0,0.0,0.0,0.0
2012-04-17,939637.081953822,0.0,0.0,0.0,0.0,0.0
2012-04-18,939637.081953822,0.0,0.0,0.0,0.0,0.0
2012-04-19,939637.081953822,0.0,0.0,0.0,0.0,0.0
2012-04-20,939637.081953822,0.0,0.0,0.0,0.0,0.0
2012-04-23,939637.081953822,0.0,0.0,0.0,0.0,0.0
2012-04-24,939637.081953822,0.0,0.0,0.0,0.0,0.0
2012-04-25,939637.081953822,0.0,0.0,0.0,0.0,0.0
2012-04-26,939637.081953822,0.0,0.0,0.0,0.0,0.0
2012-04-27,939637.081953822,0.0,0.0,0.0,0.0,0.0
2012-04-30,939637.081953822,0.0,0.0,0.0,0.0,0.0
2012-05-01,939637.081953822,0.0,0.0,0.0,0.0,0.0
2012-05-02,939637.081953822,0.0,0.0,0.0,0.0,0.0
2012-05-03,939637.081953822,0.0,0.0,0.0,0.0,0.0
2012-05-04,939637.081953822,0.0,0.0,0.0,0.0,0.0
2012-05-07,939637.081953822,0.0,0.0,0.0,0.0,0.0
2012-05-08,939637.081953822,0.0,0.0,0.0,0.0,0.0
2012-05-09,939637.081953822,0.0,0.0,0.0,0.0,0.0
2012-05-10,939637.081953822,0.0,0.0,0.0,0.0,0.0
2012-05-11,939637.081953822,0.0,0.0,0.0,0.0,0.0
2012-05-14,939637.081953822,0.0,0.0,0.0,0.0,0.0
2012-05-15,939637.081953822,0.0,0.0,0.0,0.0,0.0
2012-05-16,939637.081953822,0.0,0.0,0.0,0.0,0.0
2012-05-17,939637.081953822,0.0,0.0,0.0,0.0,0.0
2012-05-18,939637.081953822,0.0,0.0,0.0,0.0,0.0
2012-05-21,939637.081953822,0.0,0.0,0.0,0.0,0.0
2012-05-22,939637.081953822,0.0,0.0,0.0,0.0,0.0
2012-05-23,939637.081953822,0.0,0.0,0.0,0.0,0.0
2012-05-24,939637.081953822,0.0,0.0,0.0,0.0,0.0
2012-05-25,939637.081953822,0.0,0.0,0.0,0.0,0.0
2012-05-29,939637.081953822,0.0,0.0,0.0,0.0,0.0
2012-05-30,939167.2634128451,0.0,469.81854097691104,-0.0005,0.3862050544384509,0.5
2012-05-31,942116.3393607598,2949.075947914731,0.0,0.003149987884661982,0.4599588880390799,0.5
2012-06-01,936651.340931333,-4522.882090066058,942.1163393607599,-0.005773053033922599,-0.04534909810263232,-0.5
2012-06-04,929613.9702166284,-7037.370714704635,0.0,-0.00745730093817657,-0.14940392538481467,-0.5
2012-06-05,913368.3667657654,-15315.989480646454,929.6139702166284,-0.017192389006342495,0.09617880489828996,0.5
2012-06-06,921813.7515717364,8445.384805971016,0.0,0.009332711152589828,0.35154031853251155,0.5
2012-06-07,926625.7616230642,4812.010051327721,0.0,0.005247547342003195,0.4592097385268617,0.5
2012-06-08,921214.2005713572,-5411.561051707024,0.0,-0.005806163465832961,0.4168786209013238,0.5
2012-06-11,920586.0999800585,-628.1005912986526,0.0,-0.0006813536225300931,0.8034071683444307,0.5
2012-06-12,931480.6100389941,10894.510058935603,0.0,0.011976047904191616,0.8345631889274759,0.5
2012-06-13,933137.3118798817,1656.701840887495,0.0,0.0017817371937639199,0.8337393629916288,0.5
2012-06-14,926522.2489689033,-6615.062910978337,0.0,-0.007039155301363836,0.9096798166754549,0.5
2012-06-15,925273.0054871475,-1249.2434817558246,0.0,-0.0013464991023339316,0.7888266045582527,0.5
2012-06-18,915891.0124166379,-9381.993070509607,0.0,-0.01003792103502119,0.31652680149271706,0.5
2012-06-19,927687.2168083885,11796.204391750625,0.0,0.0130475302889096,0.10859912493223099,0.5
2012-06-20,913655.4276501163,-13104.101941463783,927.6872168083885,-0.014914879504753481,-0.013670499289201755,-0.5
2012-06-21,921455.4393767093,7800.011726593056,0.0,0.008610658599022575,-0.12264504542588059,-0.5
2012-06-22,928320.9313123471,7786.947375014443,921.4554393767093,0.0075142045454545435,0.07939527349594767,0.5
2012-06-25,926769.29651789,-1551.6347944571226,0.0,-0.00166865315852205,0.2604887400594013,0.5
2012-06-26,940535.3953161911,13766.098798301193,0.0,0.015077821011673152,0.1341171390966771,0.5
2012-06-27,956915.1102707775,16849.982652244467,470.2676976580956,0.017733001658374794,0.0,0.0
2012-06-28,956915.1102707775,0.0,0.0,0.0,0.0,0.0
2012-06-29,956915.1102707775,0.0,0.0,0.0,0.0,0.0
2012-07-02,956915.1102707775,0.0,0.0,0.0,0.0,0.0
2012-07-03,956915.1102707775,0.0,0.0,0.0,0.0,0.0
2012-07-05,956915.1102707775,0.0,0.0,0.0,0.0,0.0
2012-07-06,956915.1102707775,0.0,0.0,0.0,0.0,0.0
2012-07-09,956915.1102707775,0.0,0.0,0.0,0.0,0.0
2012-07-10,956915.1102707775,0.0,0.0,0.0,0.0,0.0
2012-07-11,956915.1102707775,0.0,0.0,0.0,0.0,0.0
2012-07-12,956915.1102707775,0.0,0.0,0.0,0.0,0.0
2012-07-13,956915.1102707775,0.0,0.0,0.0,0.0,0.0
2012-07-16,956915.1102707775,0.0,0.0,0.0,0.0,0.0
2012-07-17,956915.1102707775,0.0,0.0,0.0,0.0,0.0
2012-07-18,956915.1102707775,0.0,0.0,0.0,0.0,0.0
2012-07-19,956915.1102707775,0.0,0.0,0.0,0.0,0.0
2012-07-20,956915.1102707775,0.0,0.0,0.0,0.0,0.0
2012-07-23,956915.1102707775,0.0,0.0,0.0,0.0,0.0
2012-07-24,956915.1102707775,0.0,0.0,0.0,0.0,0.0
2012-07-25,956915.1102707775,0.0,0.0,0.0,0.0,0.0
2012-07-26,956915.1102707775,0.0,0.0,0.0,0.0,0.0
2012-07-27,956915.1102707775,0.0,0.0,0.0,0.0,0.0
2012-07-30,956915.1102707775,0.0,0.0,0.0,0.0,0.0
2012-07-31,956915.1102707775,0.0,0.0,0.0,0.0,0.0
2012-08-01,956915.1102707775,0.0,0.0,0.0,0.0,0.0
2012-08-02,956915.1102707775,0.0,0.0,0.0,0.0,0.0
2012-08-03,956915.1102707775,0.0,0.0,0.0,0.0,0.0
2012-08-06,956915.1102707775,0.0,0.0,0.0,0.0,0.0
2012-08-07,956915.1102707775,0.0,0.0,0.0,0.0,0.0
2012-08-08,956915.1102707775,0.0,0.0,0.0,0.0,0.0
2012-08-09,956915.1102707775,0.0,0.0,0.0,0.0,0.0
2012-08-10,956915.1102707775,0.0,0.0,0.0,0.0,0.0
2012-08-13,956915.1102707775,0.0,0.0,0.0,0.0,0.0
2012-08-14,956915.1102707775,0.0,0.0,0.0,0.0,0.0
2012-08-15,956915.1102707775,0.0,0.0,0.0,0.0,0.0
2012-08-16,956915.1102707775,0.0,0.0,0.0,0.0,0.0
2012-08-17,956915.1102707775,0.0,0.0,0.0,0.0,0.0
2012-08-20,956915.1102707775,0.0,0.0,0.0,0.0,0.0
2012-08-21,956915.1102707775,0.0,0.0,0.0,0.0,0.0
2012-08-22,956915.1102707775,0.0,0.0,0.0,0.0,0.0
2012-08-23,956915.1102707775,0.0,0.0,0.0,0.0,0.0
2012-08-24,956915.1102707775,0.0,0.0,0.0,0.0,0.0
2012-08-27,956915.1102707775,0.0,0.0,0.0,0.0,0.0
2012-08-28,956915.1102707775,0.0,0.0,0.0,0.0,0.0
2012-08-29,956915.1102707775,0.0,0.0,0.0,0.0,0.0
2012-08-30,956915.1102707775,0.0,0.0,0.0,0.0,0.0
2012-08-31,956915.1102707775,0.0,0.0,0.0,0.0,0.0
2012-09-04,956915.1102707775,0.0,0.0,0.0,0.0,0.0
2012-09-05,956915.1102707775,0.0,0.0,0.0,0.0,0.0
2012-09-06,956915.1102707775,0.0,0.0,0.0,0.0,0.0
2012-09-07,956915.1102707775,0.0,0.0,0.0,0.0,0.0
2012-09-10,956915.1102707775,0.0,0.0,0.0,0.0,0.0
2012-09-11,956915.1102707775,0.0,0.0,0.0,0.0,0.0
2012-09-12,956915.1102707775,0.0,0.0,0.0,0.0,0.0
2012-09-13,956915.1102707775,0.0,0.0,0.0,0.0,0.0
2012-09-14,956915.1102707775,0.0,0.0,0.0,0.0,0.0
2012-09-17,956915.1102707775,0.0,0.0,0.0,0.0,0.0
2012-09-18,956915.1102707775,0.0,0.0,0.0,0.0,0.0
2012-09-19,956915.1102707775,0.0,0.0,0.0,0.0,0.0
2012-09-20,956915.1102707775,0.0,0.0,0.0,0.0,0.0
2012-09-21,956915.1102707775,0.0,0.0,0.0,0.0,0.0
2012-09-24,956915.1102707775,0.0,0.0,0.0,0.0,0.0
2012-09-25,956915.1102707775,0.0,0.0,0.0,0.0,0.0
2012-09-26,956915.1102707775,0.0,0.0,0.0,0.0,0.0
2012-09-27,956915.1102707775,0.0,0.0,0.0,0.0,0.0
2012-09-28,956915.1102707775,0.0,0.0,0.0,0.0,0.0
2012-10-01,956915.1102707775,0.0,0.0,0.0,0.0,0.0
2012-10-02,956915.1102707775,0.0,0.0,0.0,0.0,0.0
2012-10-03,956915.1102707775,0.0,0.0,0.0,0.0,0.0
2012-10-04,956915.1102707775,0.0,0.0,0.0,0.0,0.0
2012-10-05,956915.1102707775,0.0,0.0,0.0,0.0,0.0
2012-10-08,956915.1102707775,0.0,0.0,0.0,0.0,0.0
2012-10-09,956915.1102707775,0.0,0.0,0.0,0.0,0.0
2012-10-10,956915.1102707775,0.0,0.0,0.0,0.0,0.0
2012-10-11,956915.1102707775,0.0,0.0,0.0,0.0,0.0
2012-10-12,956915.1102707775,0.0,0.0,0.0,0.0,0.0
2012-10-15,956915.1102707775,0.0,0.0,0.0,0.0,0.0
2012-10-16,956915.1102707775,0.0,0.0,0.0,0.0,0.0
2012-10-17,956915.1102707775,0.0,0.0,0.0,0.0,0.0
2012-10-18,956915.1102707775,0.0,0.0,0.0,0.0,0.0
2012-10-19,956915.1102707775,0.0,0.0,0.0,0.0,0.0
2012-10-22,956915.1102707775,0.0,0.0,0.0,0.0,0.0
2012-10-23,956915.1102707775,0.0,0.0,0.0,0.0,0.0
2012-10-24,956915.1102707775,0.0,0.0,0.0,0.0,0.0
2012-10-25,956915.1102707775,0.0,0.0,0.0,0.0,0.0
2012-10-26,956915.1102707775,0.0,0.0,0.0,0.0,0.0
2012-10-31,956915.1102707775,0.0,0.0,0.0,0.0,0.0
2012-11-01,956915.1102707775,0.0,0.0,0.0,0.0,0.0
2012-11-02,956915.1102707775,0.0,0.0,0.0,0.0,0.0
2012-11-05,956915.1102707775,0.0,0.0,0.0,0.0,0.0
2012-11-06,956915.1102707775,0.0,0.0,0.0,0.0,0.0
2012-11-07,956915.1102707775,0.0,0.0,0.0,0.0,0.0
2012-11-08,956915.1102707775,0.0,0.0,0.0,0.0,0.0
2012-11-09,956915.1102707775,0.0,0.0,0.0,0.0,0.0
2012-11-12,956915.1102707775,0.0,0.0,0.0,0.0,0.0
2012-11-13,956915.1102707775,0.0,0.0,0.0,0.0,0.0
2012-11-14,956915.1102707775,0.0,0.0,0.0,0.0,0.0
2012-11-15,956915.1102707775,0.0,0.0,0.0,0.0,0.0
2012-11-16,956915.1102707775,0.0,0.0,0.0,0.0,0.0
2012-11-19,956915.1102707775,0.0,0.0,0.0,0.0,0.0
2012-11-20,956915.1102707775,0.0,0.0,0.0,0.0,0.0
2012-11-21,956915.1102707775,0.0,0.0,0.0,0.0,0.0
2012-11-23,956915.1102707775,0.0,0.0,0.0,0.0,0.0
2012-11-26,956915.1102707775,0.0,0.0,0.0,0.0,0.0
2012-11-27,956915.1102707775,0.0,0.0,0.0,0.0,0.0
2012-11-28,956915.1102707775,0.0,0.0,0.0,0.0,0.0
2012-11-29,956915.1102707775,0.0,0.0,0.0,0.0,0.0
2012-11-30,956915.1102707775,0.0,0.0,0.0,0.0,0.0
2012-12-03,956915.1102707775,0.0,0.0,0.0,0.0,0.0
2012-12-04,956915.1102707775,0.0,0.0,0.0,0.0,0.0
2012-12-05,956915.1102707775,0.0,0.0,0.0,0.0,0.0
2012-12-06,956915.1102707775,0.0,0.0,0.0,0.0,0.0
2012-12-07,956915.1102707775,0.0,0.0,0.0,0.0,0.0
2012-12-10,956915.1102707775,0.0,0.0,0.0,0.0,0.0
2012-12-11,956915.1102707775,0.0,0.0,0.0,0.0,0.0
2012-12-12,956915.1102707775,0.0,0.0,0.0,0.0,0.0
2012-12-13,956915.1102707775,0.0,0.0,0.0,0.0,0.0
2012-12-14,956915.1102707775,0.0,0.0,0.0,0.0,0.0
2012-12-17,956915.1102707775,0.0,0.0,0.0,0.0,0.0
2012-12-18,956915.1102707775,0.0,0.0,0.0,0.0,0.0
2012-12-19,956915.1102707775,0.0,0.0,0.0,0.0,0.0
2012-12-20,956915.1102707775,0.0,0.0,0.0,0.0,0.0
2012-12-21,956915.1102707775,0.0,0.0,0.0,0.0,0.0
2012-12-24,956915.1102707775,0.0,0.0,0.0,0.0,0.0
2012-12-26,956915.1102707775,0.0,0.0,0.0,0.0,0.0
2012-12-27,956915.1102707775,0.0,0.0,0.0,0.0,0.0
2012-12-28,956915.1102707775,0.0,0.0,0.0,0.0,0.0
2012-12-31,956915.1102707775,0.0,0.0,0.0,0.0,0.0
2013-01-02,956915.1102707775,0.0,0.0,0.0,0.0,0.0
2013-01-03,956915.1102707775,0.0,0.0,0.0,0.0,0.0
2013-01-04,956915.1102707775,0.0,0.0,0.0,0.0,0.0
2013-01-07,956915.1102707775,0.0,0.0,0.0,0.0,0.0
2013-01-08,956915.1102707775,0.0,0.0,0.0,0.0,0.0
2013-01-09,956915.1102707775,0.0,0.0,0.0,0.0,0.0
2013-01-10,956915.1102707775,0.0,0.0,0.0,0.0,0.0
2013-01-11,956915.1102707775,0.0,0.0,0.0,0.0,0.0
2013-01-14,956915.1102707775,0.0,0.0,0.0,0.0,0.0
2013-01-15,956915.1102707775,0.0,0.0,0.0,0.0,0.0
2013-01-16,956915.1102707775,0.0,0.0,0.0,0.0,0.0
2013-01-17,956915.1102707775,0.0,0.0,0.0,0.0,0.0
2013-01-18,956915.1102707775,0.0,0.0,0.0,0.0,0.0
2013-01-22,956915.1102707775,0.0,0.0,0.0,0.0,0.0
2013-01-23,956915.1102707775,0.0,0.0,0.0,0.0,0.0
2013-01-24,956915.1102707775,0.0,0.0,0.0,0.0,0.0
2013-01-25,956915.1102707775,0.0,0.0,0.0,0.0,0.0
2013-01-28,956915.1102707775,0.0,0.0,0.0,0.0,0.0
2013-01-29,956915.1102707775,0.0,0.0,0.0,0.0,0.0
2013-01-30,956915.1102707775,0.0,0.0,0.0,0.0,0.0
2013-01-31,956915.1102707775,0.0,0.0,0.0,0.0,0.0
2013-02-01,956915.1102707775,0.0,0.0,0.0,0.0,0.0
2013-02-04,956915.1102707775,0.0,0.0,0.0,0.0,0.0
2013-02-05,956915.1102707775,0.0,0.0,0.0,0.0,0.0
2013-02-06,956915.1102707775,0.0,0.0,0.0,0.0,0.0
2013-02-07,956915.1102707775,0.0,0.0,0.0,0.0,0.0
2013-02-08,956915.1102707775,0.0,0.0,0.0,0.0,0.0
2013-02-11,956915.1102707775,0.0,0.0,0.0,0.0,0.0
2013-02-12,956915.1102707775,0.0,0.0,0.0,0.0,0.0
2013-02-13,956915.1102707775,0.0,0.0,0.0,0.0,0.0
2013-02-14,956915.1102707775,0.0,0.0,0.0,0.0,0.0
2013-02-15,956915.1102707775,0.0,0.0,0.0,0.0,0.0
2013-02-19,956915.1102707775,0.0,0.0,0.0,0.0,0.0
2013-02-20,956915.1102707775,0.0,0.0,0.0,0.0,0.0
2013-02-21,956915.1102707775,0.0,0.0,0.0,0.0,0.0
2013-02-22,956915.1102707775,0.0,0.0,0.0,0.0,0.0
2013-02-25,956915.1102707775,0.0,0.0,0.0,0.0,0.0
2013-02-26,956915.1102707775,0.0,0.0,0.0,0.0,0.0
2013-02-27,956915.1102707775,0.0,0.0,0.0,0.0,0.0
2013-02-28,956915.1102707775,0.0,0.0,0.0,0.0,0.0
2013-03-01,956915.1102707775,0.0,0.0,0.0,0.0,0.0
2013-03-04,956915.1102707775,0.0,0.0,0.0,0.0,0.0
2013-03-05,956915.1102707775,0.0,0.0,0.0,0.0,0.0
2013-03-06,956915.1102707775,0.0,0.0,0.0,0.0,0.0
2013-03-07,956915.1102707775,0.0,0.0,0.0,0.0,0.0
2013-03-08,956915.1102707775,0.0,0.0,0.0,0.0,0.0
2013-03-11,956915.1102707775,0.0,0.0,0.0,0.0,0.0
2013-03-12,956915.1102707775,0.0,0.0,0.0,0.0,0.0
2013-03-13,956915.1102707775,0.0,0.0,0.0,0.0,0.0
2013-03-14,956915.1102707775,0.0,0.0,0.0,0.0,0.0
2013-03-15,956915.1102707775,0.0,0.0,0.0,0.0,0.0
2013-03-18,956915.1102707775,0.0,0.0,0.0,0.0,0.0
2013-03-19,956915.1102707775,0.0,0.0,0.0,0.0,0.0
2013-03-20,956915.1102707775,0.0,0.0,0.0,0.0,0.0
2013-03-21,956915.1102707775,0.0,0.0,0.0,0.0,0.0
2013-03-22,956915.1102707775,0.0,0.0,0.0,0.0,0.0
2013-03-25,956915.1102707775,0.0,0.0,0.0,0.0,0.0
2013-03-26,956915.1102707775,0.0,0.0,0.0,0.0,0.0
2013-03-27,956915.1102707775,0.0,0.0,0.0,0.0,0.0
2013-03-28,956915.1102707775,0.0,0.0,0.0,0.0,0.0
2013-04-01,956436.6527156421,0.0,478.45755513538876,-0.0005,0.35881299590733223,0.5
2013-04-02,953590.1150587504,-2846.537656891792,0.0,-0.002967359050445104,0.2252612614271339,0.5
2013-04-03,948978.0946957301,-4612.020363020211,0.0,-0.00481320192528077,0.14258844402729504,0.5
2013-04-04,946991.861474274,-1986.2332214561795,0.0,-0.002088651659317707,0.06865823548774111,0.5
2013-04-05,945001.4535449726,-1990.40792930137,0.0,-0.0020974131903985084,0.16090330911860484,0.5
2013-04-08,956274.9840184542,11746.031200254116,472.5007267724863,0.012079791023509855,0.0027088380147679944,0.0
2013-04-09,955796.846526445,0.0,478.1374920092271,-0.0005,-0.28760173775166376,-0.5
2013-04-10,956873.6793864343,1076.832859989235,0.0,0.0011279043537108053,-0.1980324868660706,-0.5
2013-04-11,952551.7567153121,-4321.922671122105,0.0,-0.004496402877697841,-0.3868448325603509,-0.5
2013-04-12,946795.5128855642,-5756.2438297478575,0.0,-0.006006674082313682,-0.2502774687350626,-0.5
2013-04-15,949617.4743899144,3768.7570172357714,946.7955128855642,0.0029924511545293075,0.014637646742915775,0.5
2013-04-16,960413.3930688903,10795.918678975844,0.0,0.011499436302142053,0.26726676148065054,0.5
2013-04-17,961460.0510822609,1046.6580133706302,0.0,0.0010909884355225835,0.4084249776139548,0.5
2013-04-18,963760.1947451371,2300.143662876222,0.0,0.002398081534772182,0.4335867916289699,0.5
2013-04-19,965637.6496699653,1877.4549248281892,0.0,0.0019518542615484709,0.37311949665818717,0.5
2013-04-22,961473.6235825571,-4164.026087408216,0.0,-0.004293688278231,0.3937283968152166,0.5
2013-04-23,965028.4412426057,3554.8176600486017,0.0,0.0037109801353416285,0.44815918829933743,0.5
2013-04-24,966278.4780835935,1250.0368409878313,0.0,0.001297016861219196,0.3757829792202955,0.5
2013-04-25,973977.0792225024,7698.601138908906,0.0,0.008031256783156067,0.4592967980293005,0.5
2013-04-26,975009.2719728441,1032.1927503417787,0.0,0.0010608953957139825,0.5354156822576486,0.5
2013-04-29,969028.8851523678,-5980.386820476412,0.0,-0.006096279167542568,0.5173223187753948,0.5
2013-04-30,975876.4126063352,6847.52745396748,0.0,0.007116670260944575,0.4160083896872007,0.5
2013-05-01,984585.120524915,9684.58433118618,975.8764126063353,0.009013435700575813,-2.3306618391287235,-0.5
2013-05-02,984296.675815693,203.8478510403551,492.2925602624575,-0.0002930213294677987,-2.294793234898243,-0.5
2013-05-03,983804.5274777851,0.0,492.1483379078465,-0.0005,-2.4573030785059404,-0.5
2013-05-06,986669.1829238519,2864.655446066762,0.0,0.002920317062995411,-1.9030329407666926,-0.5
2013-05-07,987907.6798061831,1238.496882331195,0.0,0.0012568077084206116,-1.5328978247397134,-0.5
2013-05-08,988943.6568194027,1035.9770132195713,0.0,0.0010497585555322277,-1.0429336198433738,-0.5
2013-05-09,997881.1467822514,8937.489962848742,0.0,0.009119830328738069,-0.7142630470111034,-0.5
2013-05-10,1005997.4746028263,8116.327820574818,0.0,0.008200258955545964,-0.8786565107894557,-0.5
2013-05-13,1002276.4221510752,-3721.052451751098,0.0,-0.003685237372642532,-0.45740180827283455,-0.5
2013-05-14,996431.6136417709,-5844.8085093043255,0.0,-0.005797723856560017,-0.4432707174756521,-0.5
2013-05-15,998346.1918917231,1914.5782499521645,0.0,0.0019251336898395723,-0.48664718074487917,-0.5
2013-05-16,1006690.7057116496,8344.513819926531,0.0,0.008428787551329154,-0.5062503724559392,-0.5
2013-05-17,1005374.1965062725,-1316.5092053770484,0.0,-0.00130605137135394,-0.533575297955518,-0.5
2013-05-20,1005155.6368983363,-218.55960793614622,0.0,-0.00021734405564007825,-0.7011116227072605,-0.5
2013-05-21,995545.283133989,-9610.353764347414,0.0,-0.009470512268618166,-0.6127666614771847,-0.5
2013-05-22,1001488.8370631471,5943.553929158144,0.0,0.006006006006006007,-0.6350242298422374,-0.5
2013-05-23,1008836.8345728896,7347.997509742555,0.0,0.007391304347826086,-0.48183685816290645,-0.5
2013-05-24,1017011.8154925561,8174.980919666428,0.0,0.008169573857363655,-0.42608539611108814,-0.5
2013-05-28,1025277.4137472316,9282.610070168032,1017.0118154925561,0.008202201752415187,0.47631770020325037,0.5
2013-05-29,1025927.2210876904,1162.446047332462,512.6387068736158,0.0006345062429057889,0.5855851456003327,0.5
2013-05-30,1025414.2574771466,0.0,512.9636105438452,-0.0005,0.826510876349434,0.5
2013-05-31,1020776.472504387,-4637.784972759596,0.0,-0.0045024763619991,0.9844352970548518,0.5
2013-06-03,1033588.5916252773,12812.119120890298,0.0,0.012710885139819736,1.2711150567852072,0.5
2013-06-04,1042102.1218768657,8513.530251588438,0.0,0.00830527497194164,1.1419031194974418,0.5
2013-06-05,1047807.8934596344,5705.771582768648,0.0,0.005505395287381635,0.8466603328262892,0.5
2013-06-06,1060292.606228326,12484.712768691485,0.0,0.012058759044069283,0.8402198556455609,0.5
2013-06-07,1060516.9592977776,224.35306945161364,0.0,0.00021164021164021165,0.8558122197318895,0.5
2013-06-10,1059619.7368279826,-897.2224697950741,0.0,-0.0008453085376162299,0.05271768462231988,0.5
2013-06-11,1057437.6385563791,-1122.4785347754053,1059.6197368279827,-0.002057142857142857,-0.10788481082282449,-0.5
2013-06-12,1053092.265839976,-3816.653897124935,528.7188192781896,-0.004094563147873915,-0.5469910147908056,-0.5
2013-06-13,1052565.719707056,0.0,526.546132919988,-0.0005,-1.200412048074444,-0.5
2013-06-14,1066703.3008642998,14137.581157243818,0.0,0.013614404918752744,-1.7473082402310696,-0.5
2013-06-17,1072639.9844176406,5936.683553340938,0.0,0.005596597268860532,-2.0464420938456476,-0.5
2013-06-18,1063463.865685567,-9176.118732073468,0.0,-0.008482142857142856,-2.0078116809984268,-0.5
2013-06-19,1068877.6923590438,5413.8266734767685,0.0,0.005116796440489432,-1.5223557194773092,-0.5
2013-06-20,1084174.6897452197,15296.997386175939,0.0,0.014519056261343012,-1.6750758045099674,-0.5
2013-06-21,1084424.2695540928,249.57980887320895,0.0,0.00023025558369790466,-1.6729709681380969,-0.5
2013-06-24,1084923.7740541177,499.50450002491607,0.0,0.0004608294930875576,-2.390617886425007,-0.5
2013-06-25,1079421.6249003164,-5502.149153801427,0.0,-0.005045871559633028,-2.5961076051547525,-0.5
2013-06-26,1082131.263849176,2709.638948859763,0.0,0.0025165865934568747,-2.5841287883370225,-0.5
2013-06-27,1082627.6543371803,496.3904880042092,0.0,0.00045892611289582384,-2.2570728542592615,-0.5
2013-06-28,1078651.0605655103,-3976.5937716700837,0.0,-0.0036596523330283625,-1.7613274681445443,-0.5
2013-07-01,1078651.0605655103,0.0,0.0,0.0,0.0,0.0
2013-07-02,1078651.0605655103,0.0,0.0,0.0,0.0,0.0
2013-07-03,1078651.0605655103,0.0,0.0,0.0,0.0,0.0
2013-07-05,1078651.0605655103,0.0,0.0,0.0,0.0,0.0
2013-07-08,1078651.0605655103,0.0,0.0,0.0,0.0,0.0
2013-07-09,1078651.0605655103,0.0,0.0,0.0,0.0,0.0
2013-07-10,1078651.0605655103,0.0,0.0,0.0,0.0,0.0
2013-07-11,1078651.0605655103,0.0,0.0,0.0,0.0,0.0
2013-07-12,1078651.0605655103,0.0,0.0,0.0,0.0,0.0
2013-07-15,1078651.0605655103,0.0,0.0,0.0,0.0,0.0
2013-07-16,1078651.0605655103,0.0,0.0,0.0,0.0,0.0
2013-07-17,1078651.0605655103,0.0,0.0,0.0,0.0,0.0
2013-07-18,1078651.0605655103,0.0,0.0,0.0,0.0,0.0
2013-07-19,1078651.0605655103,0.0,0.0,0.0,0.0,0.0
2013-07-22,1078651.0605655103,0.0,0.0,0.0,0.0,0.0
2013-07-23,1078651.0605655103,0.0,0.0,0.0,0.0,0.0
2013-07-24,1078651.0605655103,0.0,0.0,0.0,0.0,0.0
2013-07-25,1078651.0605655103,0.0,0.0,0.0,0.0,0.0
2013-07-26,1078651.0605655103,0.0,0.0,0.0,0.0,0.0
2013-07-29,1078651.0605655103,0.0,0.0,0.0,0.0,0.0
2013-07-30,1078651.0605655103,0.0,0.0,0.0,0.0,0.0
2013-07-31,1078651.0605655103,0.0,0.0,0.0,0.0,0.0
2013-08-01,1078651.0605655103,0.0,0.0,0.0,0.0,0.0
2013-08-02,1078651.0605655103,0.0,0.0,0.0,0.0,0.0
2013-08-05,1078651.0605655103,0.0,0.0,0.0,0.0,0.0
2013-08-06,1078651.0605655103,0.0,0.0,0.0,0.0,0.0
2013-08-07,1078651.0605655103,0.0,0.0,0.0,0.0,0.0
2013-08-08,1078651.0605655103,0.0,0.0,0.0,0.0,0.0
2013-08-09,1078651.0605655103,0.0,0.0,0.0,0.0,0.0
2013-08-12,1078651.0605655103,0.0,0.0,0.0,0.0,0.0
2013-08-13,1078651.0605655103,0.0,0.0,0.0,0.0,0.0
2013-08-14,1078651.0605655103,0.0,0.0,0.0,0.0,0.0
2013-08-15,1078651.0605655103,0.0,0.0,0.0,0.0,0.0
2013-08-16,1078651.0605655103,0.0,0.0,0.0,0.0,0.0
2013-08-19,1078651.0605655103,0.0,0.0,0.0,0.0,0.0
2013-08-20,1078651.0605655103,0.0,0.0,0.0,0.0,0.0
2013-08-21,1078651.0605655103,0.0,0.0,0.0,0.0,0.0
2013-08-22,1078651.0605655103,0.0,0.0,0.0,0.0,0.0
2013-08-23,1078651.0605655103,0.0,0.0,0.0,0.0,0.0
2013-08-26,1078651.0605655103,0.0,0.0,0.0,0.0,0.0
2013-08-27,1078651.0605655103,0.0,0.0,0.0,0.0,0.0
2013-08-28,1078651.0605655103,0.0,0.0,0.0,0.0,0.0
2013-08-29,1078651.0605655103,0.0,0.0,0.0,0.0,0.0
2013-08-30,1078651.0605655103,0.0,0.0,0.0,0.0,0.0
2013-09-03,1078651.0605655103,0.0,0.0,0.0,0.0,0.0
2013-09-04,1078651.0605655103,0.0,0.0,0.0,0.0,0.0
2013-09-05,1078651.0605655103,0.0,0.0,0.0,0.0,0.0
2013-09-06,1078651.0605655103,0.0,0.0,0.0,0.0,0.0
2013-09-09,1078651.0605655103,0.0,0.0,0.0,0.0,0.0
2013-09-10,1078651.0605655103,0.0,0.0,0.0,0.0,0.0
2013-09-11,1078651.0605655103,0.0,0.0,0.0,0.0,0.0
2013-09-12,1078651.0605655103,0.0,0.0,0.0,0.0,0.0
2013-09-13,1078651.0605655103,0.0,0.0,0.0,0.0,0.0
2013-09-16,1078651.0605655103,0.0,0.0,0.0,0.0,0.0
2013-09-17,1078651.0605655103,0.0,0.0,0.0,0.0,0.0
2013-09-18,1078651.0605655103,0.0,0.0,0.0,0.0,0.0
2013-09-19,1078651.0605655103,0.0,0.0,0.0,0.0,0.0
2013-09-20,1078651.0605655103,0.0,0.0,0.0,0.0,0.0
2013-09-23,1078651.0605655103,0.0,0.0,0.0,0.0,0.0
2013-09-24,1078651.0605655103,0.0,0.0,0.0,0.0,0.0
2013-09-25,1078651.0605655103,0.0,0.0,0.0,0.0,0.0
2013-09-26,1078651.0605655103,0.0,0.0,0.0,0.0,0.0
2013-09-27,1078651.0605655103,0.0,0.0,0.0,0.0,0.0
2013-09-30,1078651.0605655103,0.0,0.0,0.0,0.0,0.0
2013-10-01,1078651.0605655103,0.0,0.0,0.0,0.0,0.0
2013-10-02,1078651.0605655103,0.0,0.0,0.0,0.0,0.0
2013-10-03,1078651.0605655103,0.0,0.0,0.0,0.0,0.0
2013-10-04,1078651.0605655103,0.0,0.0,0.0,0.0,0.0
2013-10-07,1078651.0605655103,0.0,0.0,0.0,0.0,0.0
2013-10-08,1078651.0605655103,0.0,0.0,0.0,0.0,0.0
2013-10-09,1078651.0605655103,0.0,0.0,0.0,0.0,0.0
2013-10-10,1078651.0605655103,0.0,0.0,0.0,0.0,0.0
2013-10-11,1078651.0605655103,0.0,0.0,0.0,0.0,0.0
2013-10-14,1078651.0605655103,0.0,0.0,0.0,0.0,0.0
2013-10-15,1078651.0605655103,0.0,0.0,0.0,0.0,0.0
2013-10-16,1078651.0605655103,0.0,0.0,0.0,0.0,0.0
2013-10-17,1078651.0605655103,0.0,0.0,0.0,0.0,0.0
2013-10-18,1078651.0605655103,0.0,0.0,0.0,0.0,0.0
2013-10-21,1078651.0605655103,0.0,0.0,0.0,0.0,0.0
2013-10-22,1078651.0605655103,0.0,0.0,0.0,0.0,0.0
2013-10-23,1078651.0605655103,0.0,0.0,0.0,0.0,0.0
2013-10-24,1078651.0605655103,0.0,0.0,0.0,0.0,0.0
2013-10-25,1078651.0605655103,0.0,0.0,0.0,0.0,0.0
2013-10-28,1078651.0605655103,0.0,0.0,0.0,0.0,0.0
2013-10-29,1078651.0605655103,0.0,0.0,0.0,0.0,0.0
2013-10-30,1078651.0605655103,0.0,0.0,0.0,0.0,0.0
2013-10-31,1078651.0605655103,0.0,0.0,0.0,0.0,0.0
2013-11-01,1078651.0605655103,0.0,0.0,0.0,0.0,0.0
2013-11-04,1078651.0605655103,0.0,0.0,0.0,0.0,0.0
2013-11-05,1078651.0605655103,0.0,0.0,0.0,0.0,0.0
2013-11-06,1078651.0605655103,0.0,0.0,0.0,0.0,0.0
2013-11-07,1078651.0605655103,0.0,0.0,0.0,0.0,0.0
2013-11-08,1078651.0605655103,0.0,0.0,0.0,0.0,0.0
2013-11-11,1078651.0605655103,0.0,0.0,0.0,0.0,0.0
2013-11-12,1078651.0605655103,0.0,0.0,0.0,0.0,0.0
2013-11-13,1078651.0605655103,0.0,0.0,0.0,0.0,0.0
2013-11-14,1078651.0605655103,0.0,0.0,0.0,0.0,0.0
2013-11-15,1078651.0605655103,0.0,0.0,0.0,0.0,0.0
2013-11-18,1078651.0605655103,0.0,0.0,0.0,0.0,0.0
2013-11-19,1078651.0605655103,0.0,0.0,0.0,0.0,0.0
2013-11-20,1078651.0605655103,0.0,0.0,0.0,0.0,0.0
2013-11-21,1078651.0605655103,0.0,0.0,0.0,0.0,0.0
2013-11-22,1078651.0605655103,0.0,0.0,0.0,0.0,0.0
2013-11-25,1078651.0605655103,0.0,0.0,0.0,0.0,0.0
2013-11-26,1078651.0605655103,0.0,0.0,0.0,0.0,0.0
2013-11-27,1078651.0605655103,0.0,0.0,0.0,0.0,0.0
2013-11-29,1078651.0605655103,0.0,0.0,0.0,0.0,0.0
2013-12-02,1078651.0605655103,0.0,0.0,0.0,0.0,0.0
2013-12-03,1078651.0605655103,0.0,0.0,0.0,0.0,0.0
2013-12-04,1078651.0605655103,0.0,0.0,0.0,0.0,0.0
2013-12-05,1078651.0605655103,0.0,0.0,0.0,0.0,0.0
2013-12-06,1078651.0605655103,0.0,0.0,0.0,0.0,0.0
2013-12-09,1078651.0605655103,0.0,0.0,0.0,0.0,0.0
2013-12-10,1078651.0605655103,0.0,0.0,0.0,0.0,0.0
2013-12-11,1078651.0605655103,0.0,0.0,0.0,0.0,0.0
2013-12-12,1078651.0605655103,0.0,0.0,0.0,0.0,0.0
2013-12-13,1078651.0605655103,0.0,0.0,0.0,0.0,0.0
2013-12-16,1078651.0605655103,0.0,0.0,0.0,0.0,0.0
2013-12-17,1078651.0605655103,0.0,0.0,0.0,0.0,0.0
2013-12-18,1078651.0605655103,0.0,0.0,0.0,0.0,0.0
2013-12-19,1078651.0605655103,0.0,0.0,0.0,0.0,0.0
2013-12-20,1078651.0605655103,0.0,0.0,0.0,0.0,0.0
2013-12-23,1078651.0605655103,0.0,0.0,0.0,0.0,0.0
2013-12-24,1078651.0605655103,0.0,0.0,0.0,0.0,0.0
2013-12-26,1078651.0605655103,0.0,0.0,0.0,0.0,0.0
2013-12-27,1078651.0605655103,0.0,0.0,0.0,0.0,0.0
2013-12-30,1078651.0605655103,0.0,0.0,0.0,0.0,0.0
2013-12-31,1078651.0605655103,0.0,0.0,0.0,0.0,0.0
2014-01-02,1078651.0605655103,0.0,0.0,0.0,0.0,0.0
2014-01-03,1078651.0605655103,0.0,0.0,0.0,0.0,0.0
2014-01-06,1078651.0605655103,0.0,0.0,0.0,0.0,0.0
2014-01-07,1078651.0605655103,0.0,0.0,0.0,0.0,0.0
2014-01-08,1078651.0605655103,0.0,0.0,0.0,0.0,0.0
2014-01-09,1078651.0605655103,0.0,0.0,0.0,0.0,0.0
2014-01-10,1078651.0605655103,0.0,0.0,0.0,0.0,0.0
2014-01-13,1078651.0605655103,0.0,0.0,0.0,0.0,0.0
2014-01-14,1078651.0605655103,0.0,0.0,0.0,0.0,0.0
2014-01-15,1078651.0605655103,0.0,0.0,0.0,0.0,0.0
2014-01-16,1078651.0605655103,0.0,0.0,0.0,0.0,0.0
2014-01-17,1078651.0605655103,0.0,0.0,0.0,0.0,0.0
2014-01-21,1078651.0605655103,0.0,0.0,0.0,0.0,0.0
2014-01-22,1078651.0605655103,0.0,0.0,0.0,0.0,0.0
2014-01-23,1078651.0605655103,0.0,0.0,0.0,0.0,0.0
2014-01-24,1078651.0605655103,0.0,0.0,0.0,0.0,0.0
2014-01-27,1078651.0605655103,0.0,0.0,0.0,0.0,0.0
2014-01-28,1078651.0605655103,0.0,0.0,0.0,0.0,0.0
2014-01-29,1078651.0605655103,0.0,0.0,0.0,0.0,0.0
2014-01-30,1078651.0605655103,0.0,0.0,0.0,0.0,0.0
2014-01-31,1078651.0605655103,0.0,0.0,0.0,0.0,0.0
2014-02-03,1078651.0605655103,0.0,0.0,0.0,0.0,0.0
2014-02-04,1078651.0605655103,0.0,0.0,0.0,0.0,0.0
2014-02-05,1078651.0605655103,0.0,0.0,0.0,0.0,0.0
2014-02-06,1078651.0605655103,0.0,0.0,0.0,0.0,0.0
2014-02-07,1078651.0605655103,0.0,0.0,0.0,0.0,0.0
2014-02-10,1078651.0605655103,0.0,0.0,0.0,0.0,0.0
2014-02-11,1078651.0605655103,0.0,0.0,0.0,0.0,0.0
2014-02-12,1078651.0605655103,0.0,0.0,0.0,0.0,0.0
2014-02-13,1078651.0605655103,0.0,0.0,0.0,0.0,0.0
2014-02-14,1078651.0605655103,0.0,0.0,0.0,0.0,0.0
2014-02-18,1078651.0605655103,0.0,0.0,0.0,0.0,0.0
2014-02-19,1078651.0605655103,0.0,0.0,0.0,0.0,0.0
2014-02-20,1078651.0605655103,0.0,0.0,0.0,0.0,0.0
2014-02-21,1078651.0605655103,0.0,0.0,0.0,0.0,0.0
2014-02-24,1078651.0605655103,0.0,0.0,0.0,0.0,0.0
2014-02-25,1078651.0605655103,0.0,0.0,0.0,0.0,0.0
2014-02-26,1078651.0605655103,0.0,0.0,0.0,0.0,0.0
2014-02-27,1078651.0605655103,0.0,0.0,0.0,0.0,0.0
2014-02-28,1078651.0605655103,0.0,0.0,0.0,0.0,0.0
2014-03-03,1078651.0605655103,0.0,0.0,0.0,0.0,0.0
2014-03-04,1078651.0605655103,0.0,0.0,0.0,0.0,0.0
2014-03-05,1078651.0605655103,0.0,0.0,0.0,0.0,0.0
2014-03-06,1078651.0605655103,0.0,0.0,0.0,0.0,0.0
2014-03-07,1078651.0605655103,0.0,0.0,0.0,0.0,0.0
2014-03-10,1078651.0605655103,0.0,0.0,0.0,0.0,0.0
2014-03-11,1078651.0605655103,0.0,0.0,0.0,0.0,0.0
2014-03-12,1078651.0605655103,0.0,0.0,0.0,0.0,0.0
2014-03-13,1078651.0605655103,0.0,0.0,0.0,0.0,0.0
2014-03-14,1078651.0605655103,0.0,0.0,0.0,0.0,0.0
2014-03-17,1078651.0605655103,0.0,0.0,0.0,0.0,0.0
2014-03-18,1078651.0605655103,0.0,0.0,0.0,0.0,0.0
2014-03-19,1078651.0605655103,0.0,0.0,0.0,0.0,0.0
2014-03-20,1078651.0605655103,0.0,0.0,0.0,0.0,0.0
2014-03-21,1078651.0605655103,0.0,0.0,0.0,0.0,0.0
2014-03-24,1078651.0605655103,0.0,0.0,0.0,0.0,0.0
2014-03-25,1078651.0605655103,0.0,0.0,0.0,0.0,0.0
2014-03-26,1078651.0605655103,0.0,0.0,0.0,0.0,0.0
2014-03-27,1078651.0605655103,0.0,0.0,0.0,0.0,0.0
2014-03-28,1078651.0605655103,0.0,0.0,0.0,0.0,0.0
2014-03-31,1078651.0605655103,0.0,0.0,0.0,0.0,0.0
2014-04-01,1078111.7350352276,0.0,539.3255302827552,-0.0005,2.6840766746378573,0.5
2014-04-02,1073349.433793142,-4762.301242085613,0.0,-0.004397834912043302,2.600795092493432,0.5
2014-04-03,1073349.433793142,0.0,0.0,0.0,2.185451526155447,0.5
2014-04-04,1082364.5387392961,9015.10494615426,0.0,0.008470181503889368,1.8582172234696874,0.5
2014-04-07,1081087.3047927057,-1277.2339465905384,0.0,-0.0011786496043104902,1.4689214942348219,0.5
2014-04-08,1087115.672663297,6028.367870591295,0.0,0.005607476635514018,1.440638877731057,0.5
2014-04-09,1090567.410260323,3451.737597025843,0.0,0.0031852472757753565,1.3879802130514303,0.5
2014-04-10,1083142.4245710713,-7424.985689251618,0.0,-0.006762328880092363,1.472402869466675,0.5
2014-04-11,1086242.327132975,3099.9025619037393,0.0,0.002870167145027857,1.6004209123931716,0.5
2014-04-14,1084787.7006486992,-1454.6264842758287,0.0,-0.0013373453694416585,1.591448591658986,0.5
2014-04-15,1079689.6718440393,-5098.028804659882,0.0,-0.004677581022385566,1.5371542752427143,0.5
2014-04-16,1080604.3530299459,914.6811859065057,0.0,0.0008478887569950823,1.4759636981036317,0.5
2014-04-17,1088829.5214816285,8225.168451682606,0.0,0.0076700187489347205,1.3627278153819966,0.5
2014-04-21,1086289.7658500485,-2539.7556315799397,0.0,-0.0023271276595744675,1.0772972747441147,0.5
2014-04-22,1087380.783358435,1091.0175083863894,0.0,0.001005361930294906,0.9136654009057418,0.5
2014-04-23,1088107.3993179128,726.615959477738,0.0,0.0006686726847208292,0.8627444687744417,0.5
2014-04-24,1082842.9491043293,-5264.4502135834955,0.0,-0.004814876307487963,0.7635341843398606,0.5
2014-04-25,1078647.2975158186,-4195.65158851071,0.0,-0.003859708004698775,0.6146275698884712,0.5
2014-04-28,1076815.977825639,-1831.319690179658,0.0,-0.0016949152542372883,0.5527168995720798,0.5
2014-04-29,1077733.1975682504,917.219742611277,0.0,0.0008525149190110828,0.5641073944721536,0.5
2014-04-30,1083964.9881664342,6231.79059818376,0.0,0.005815942524803284,0.5888308439023571,0.5
2014-05-01,1072311.0888619171,-10569.93431635057,1083.9649881664343,-0.010647352647352646,-0.1364149455241851,-0.5
2014-05-02,1072341.978481761,1103.200708705676,1072.3110888619171,2.883625128733268e-05,0.36190093760284026,0.5
2014-05-05,1074368.7416713312,2026.7631895703385,0.0,0.0018936133585815112,0.6956584045331542,0.5
2014-05-06,1072897.507516355,-1471.2341549761468,0.0,-0.0013675213675213673,0.5307071182713023,0.5
2014-05-07,1069030.2147498182,-3867.29276653681,0.0,-0.0035915854284248334,0.7065773814118802,0.5
2014-05-08,1067366.7859924275,-1663.428757390796,0.0,-0.0015535991714137752,0.852195462851296,0.5
2014-05-09,1061813.3687916344,-5553.417200793067,0.0,-0.005175983436853003,0.8440963891112593,0.5
2014-05-12,1062743.8046212802,930.4358296456663,0.0,0.0008770391159445711,0.8380092003698346,0.5
2014-05-13,1069437.0826069985,6693.27798571835,0.0,0.006338028169014085,0.938783887188329,0.5
2014-05-14,1067774.1707646586,-1662.9118423398388,0.0,-0.0015525271692254615,0.9907155049785346,0.5
2014-05-15,1071845.4067710403,4071.236006381714,0.0,0.003827418232428671,0.9472986542090364,0.5
2014-05-16,1073688.9661222117,1843.5593511713798,0.0,0.0017229496898690556,0.5458939201339703,0.5
2014-05-19,1076081.4852445272,2392.5191223155216,0.0,0.002233293248582718,0.42815166331806015,0.5
2014-05-20,1083059.488049867,6978.002805339937,0.0,0.006526966678117484,0.2550153520763274,0.5
2014-05-21,1084348.3580336245,2371.9294718073234,1083.059488049867,0.001192638865439811,-0.0924510491268532,-0.5
2014-05-22,1080710.8258027167,-3637.532230907831,0.0,-0.0033433634236041455,-0.9572546772068128,-0.5
2014-05-23,1076929.5983215675,-3781.227481149125,0.0,-0.0034866345674912833,-0.9349715354459734,-0.5
2014-05-27,1075325.9639097718,-1603.6344117958483,0.0,-0.0014868660168511482,-0.7339273560077562,-0.5
2014-05-28,1075680.739879389,354.7759696172127,0.0,0.00033003300330033004,-0.7316716692255266,-0.5
2014-05-29,1072662.1574135672,-3018.58246582199,0.0,-0.002798353909465021,-0.10677714281746065,-0.5
2014-05-30,1067187.5658511405,-4401.929405012997,1072.6621574135672,-0.005082883766552231,0.18339087872405477,0.5
2014-06-02,1066840.0609452953,-347.50490584537306,0.0,-0.0003255208333333334,0.5531483938985047,0.5
2014-06-03,1067013.8700135497,173.80906825436549,0.0,0.00016294606485253385,0.4412480386093933,0.5
2014-06-04,1070141.9237041431,3128.053690593468,0.0,0.0029402156158118264,0.5458898896999096,0.5
2014-06-05,1070835.0208049878,693.0971008446523,0.0,0.0006480881399870382,0.7196085146317925,0.5
2014-06-06,1068583.9122554301,-2251.1085495577036,0.0,-0.002097789252864289,0.762894765128298,0.5
2014-06-09,1068236.8567464156,-347.05550901443,0.0,-0.0003246753246753246,1.0841845169032884,0.5
2014-06-10,1069972.6982425912,1735.841496175521,0.0,0.0016276041666666667,1.183530353857813,0.5
2014-06-11,1075691.697115608,5718.998873016765,0.0,0.00537371763556424,1.1286145549053468,0.5
2014-06-12,1069658.169968325,-6033.527147283058,0.0,-0.005577689243027889,1.0087867299780893,0.5
2014-06-13,1076072.651700712,6414.4817323870375,0.0,0.0060329365726398175,0.8469320549664119,0.5
2014-06-16,1076761.999972141,689.3482714290275,0.0,0.0006410256410256409,0.708245802840072,0.5
2014-06-17,1078484.2680463127,1722.2680741716908,0.0,0.0016020506247997435,0.6396126725134691,0.5
2014-06-18,1079344.0291018344,859.7610555216141,0.0,0.000797829902664752,0.5966026788041734,0.5
2014-06-19,1079172.2137517703,-171.815350063966,0.0,-0.00015915963711602736,0.4629121418873473,0.5
2014-06-20,1075219.831440259,-3952.382311511261,0.0,-0.0036490560050769475,0.5398850902574327,0.5
2014-06-23,1071597.8204585065,-3622.0109817525567,0.0,-0.003357314148681055,0.4800425921536874,0.5
2014-06-24,1063603.7560976183,-6922.466540429628,1071.5978204585065,-0.007412066752246469,-0.023230918553759704,-0.5
2014-06-25,1060123.3773145764,-3480.3787830419446,0.0,-0.0032615786040443577,-0.10690055190961047,-0.5
2014-06-26,1062682.0105893435,3618.7566520816167,1060.1233773145764,0.0024217908987114664,0.15707607132785922,0.5
2014-06-27,1077465.6392145634,14783.62862522,0.0,0.014107883817427388,0.1810382471530016,0.5
2014-06-30,1077980.3520995385,514.7128849751099,0.0,0.00047793531942010514,0.30486187315233926,0.5
2014-07-01,1077980.3520995385,0.0,0.0,0.0,0.0,0.0
2014-07-02,1077980.3520995385,0.0,0.0,0.0,0.0,0.0
2014-07-03,1077980.3520995385,0.0,0.0,0.0,0.0,0.0
2014-07-07,1077980.3520995385,0.0,0.0,0.0,0.0,0.0
2014-07-08,1077980.3520995385,0.0,0.0,0.0,0.0,0.0
2014-07-09,1077980.3520995385,0.0,0.0,0.0,0.0,0.0
2014-07-10,1077980.3520995385,0.0,0.0,0.0,0.0,0.0
2014-07-11,1077980.3520995385,0.0,0.0,0.0,0.0,0.0
2014-07-14,1077980.3520995385,0.0,0.0,0.0,0.0,0.0
2014-07-15,1077980.3520995385,0.0,0.0,0.0,0.0,0.0
2014-07-16,1077980.3520995385,0.0,0.0,0.0,0.0,0.0
2014-07-17,1077980.3520995385,0.0,0.0,0.0,0.0,0.0
2014-07-18,1077980.3520995385,0.0,0.0,0.0,0.0,0.0
2014-07-21,1077980.3520995385,0.0,0.0,0.0,0.0,0.0
2014-07-22,1077980.3520995385,0.0,0.0,0.0,0.0,0.0
2014-07-23,1077980.3520995385,0.0,0.0,0.0,0.0,0.0
2014-07-24,1077980.3520995385,0.0,0.0,0.0,0.0,0.0
2014-07-25,1077980.3520995385,0.0,0.0,0.0,0.0,0.0
2014-07-28,1077980.3520995385,0.0,0.0,0.0,0.0,0.0
2014-07-29,1077980.3520995385,0.0,0.0,0.0,0.0,0.0
2014-07-30,1077980.3520995385,0.0,0.0,0.0,0.0,0.0
2014-07-31,1077980.3520995385,0.0,0.0,0.0,0.0,0.0
2014-08-01,1077980.3520995385,0.0,0.0,0.0,0.0,0.0
2014-08-04,1077980.3520995385,0.0,0.0,0.0,0.0,0.0
2014-08-05,1077980.3520995385,0.0,0.0,0.0,0.0,0.0
2014-08-06,1077980.3520995385,0.0,0.0,0.0,0.0,0.0
2014-08-07,1077980.3520995385,0.0,0.0,0.0,0.0,0.0
2014-08-08,1077980.3520995385,0.0,0.0,0.0,0.0,0.0
2014-08-11,1077980.3520995385,0.0,0.0,0.0,0.0,0.0
2014-08-12,1077980.3520995385,0.0,0.0,0.0,0.0,0.0
2014-08-13,1077980.3520995385,0.0,0.0,0.0,0.0,0.0
2014-08-14,1077980.3520995385,0.0,0.0,0.0,0.0,0.0
2014-08-15,1077980.3520995385,0.0,0.0,0.0,0.0,0.0
2014-08-18,1077980.3520995385,0.0,0.0,0.0,0.0,0.0
2014-08-19,1077980.3520995385,0.0,0.0,0.0,0.0,0.0
2014-08-20,1077980.3520995385,0.0,0.0,0.0,0.0,0.0
2014-08-21,1077980.3520995385,0.0,0.0,0.0,0.0,0.0
2014-08-22,1077980.3520995385,0.0,0.0,0.0,0.0,0.0
2014-08-25,1077980.3520995385,0.0,0.0,0.0,0.0,0.0
2014-08-26,1077980.3520995385,0.0,0.0,0.0,0.0,0.0
2014-08-27,1077980.3520995385,0.0,0.0,0.0,0.0,0.0
2014-08-28,1077980.3520995385,0.0,0.0,0.0,0.0,0.0
2014-08-29,1077980.3520995385,0.0,0.0,0.0,0.0,0.0
2014-09-02,1077980.3520995385,0.0,0.0,0.0,0.0,0.0
2014-09-03,1077980.3520995385,0.0,0.0,0.0,0.0,0.0
2014-09-04,1077980.3520995385,0.0,0.0,0.0,0.0,0.0
2014-09-05,1077980.3520995385,0.0,0.0,0.0,0.0,0.0
2014-09-08,1077980.3520995385,0.0,0.0,0.0,0.0,0.0
2014-09-09,1077980.3520995385,0.0,0.0,0.0,0.0,0.0
2014-09-10,1077980.3520995385,0.0,0.0,0.0,0.0,0.0
2014-09-11,1077980.3520995385,0.0,0.0,0.0,0.0,0.0
2014-09-12,1077980.3520995385,0.0,0.0,0.0,0.0,0.0
2014-09-15,1077980.3520995385,0.0,0.0,0.0,0.0,0.0
2014-09-16,1077980.3520995385,0.0,0.0,0.0,0.0,0.0
2014-09-17,1077980.3520995385,0.0,0.0,0.0,0.0,0.0
2014-09-18,1077980.3520995385,0.0,0.0,0.0,0.0,0.0
2014-09-19,1077980.3520995385,0.0,0.0,0.0,0.0,0.0
2014-09-22,1077980.3520995385,0.0,0.0,0.0,0.0,0.0
2014-09-23,1077980.3520995385,0.0,0.0,0.0,0.0,0.0
2014-09-24,1077980.3520995385,0.0,0.0,0.0,0.0,0.0
2014-09-25,1077980.3520995385,0.0,0.0,0.0,0.0,0.0
2014-09-26,1077980.3520995385,0.0,0.0,0.0,0.0,0.0
2014-09-29,1077980.3520995385,0.0,0.0,0.0,0.0,0.0
2014-09-30,1077980.3520995385,0.0,0.0,0.0,0.0,0.0
2014-10-01,1077980.3520995385,0.0,0.0,0.0,0.0,0.0
2014-10-02,1077980.3520995385,0.0,0.0,0.0,0.0,0.0
2014-10-03,1077980.3520995385,0.0,0.0,0.0,0.0,0.0
2014-10-06,1077980.3520995385,0.0,0.0,0.0,0.0,0.0
2014-10-07,1077980.3520995385,0.0,0.0,0.0,0.0,0.0
2014-10-08,1077980.3520995385,0.0,0.0,0.0,0.0,0.0
2014-10-09,1077980.3520995385,0.0,0.0,0.0,0.0,0.0
2014-10-10,1077980.3520995385,0.0,0.0,0.0,0.0,0.0
2014-10-13,1077980.3520995385,0.0,0.0,0.0,0.0,0.0
2014-10-14,1077980.3520995385,0.0,0.0,0.0,0.0,0.0
2014-10-15,1077980.3520995385,0.0,0.0,0.0,0.0,0.0
2014-10-16,1077980.3520995385,0.0,0.0,0.0,0.0,0.0
2014-10-17,1077980.3520995385,0.0,0.0,0.0,0.0,0.0
2014-10-20,1077980.3520995385,0.0,0.0,0.0,0.0,0.0
2014-10-21,1077980.3520995385,0.0,0.0,0.0,0.0,0.0
2014-10-22,1077980.3520995385,0.0,0.0,0.0,0.0,0.0
2014-10-23,1077980.3520995385,0.0,0.0,0.0,0.0,0.0
2014-10-24,1077980.3520995385,0.0,0.0,0.0,0.0,0.0
2014-10-27,1077980.3520995385,0.0,0.0,0.0,0.0,0.0
2014-10-28,1077980.3520995385,0.0,0.0,0.0,0.0,0.0
2014-10-29,1077980.3520995385,0.0,0.0,0.0,0.0,0.0
2014-10-30,1077980.3520995385,0.0,0.0,0.0,0.0,0.0
2014-10-31,1077980.3520995385,0.0,0.0,0.0,0.0,0.0
2014-11-03,1077980.3520995385,0.0,0.0,0.0,0.0,0.0
2014-11-04,1077980.3520995385,0.0,0.0,0.0,0.0,0.0
2014-11-05,1077980.3520995385,0.0,0.0,0.0,0.0,0.0
2014-11-06,1077980.3520995385,0.0,0.0,0.0,0.0,0.0
2014-11-07,1077980.3520995385,0.0,0.0,0.0,0.0,0.0
2014-11-10,1077980.3520995385,0.0,0.0,0.0,0.0,0.0
2014-11-11,1077980.3520995385,0.0,0.0,0.0,0.0,0.0
2014-11-12,1077980.3520995385,0.0,0.0,0.0,0.0,0.0
2014-11-13,1077980.3520995385,0.0,0.0,0.0,0.0,0.0
2014-11-14,1077980.3520995385,0.0,0.0,0.0,0.0,0.0
2014-11-17,1077980.3520995385,0.0,0.0,0.0,0.0,0.0
2014-11-18,1077980.3520995385,0.0,0.0,0.0,0.0,0.0
2014-11-19,1077980.3520995385,0.0,0.0,0.0,0.0,0.0
2014-11-20,1077980.3520995385,0.0,0.0,0.0,0.0,0.0
2014-11-21,1077980.3520995385,0.0,0.0,0.0,0.0,0.0
2014-11-24,1077980.3520995385,0.0,0.0,0.0,0.0,0.0
2014-11-25,1077980.3520995385,0.0,0.0,0.0,0.0,0.0
2014-11-26,1077980.3520995385,0.0,0.0,0.0,0.0,0.0
2014-11-28,1077980.3520995385,0.0,0.0,0.0,0.0,0.0
2014-12-01,1077980.3520995385,0.0,0.0,0.0,0.0,0.0
2014-12-02,1077980.3520995385,0.0,0.0,0.0,0.0,0.0
2014-12-03,1077980.3520995385,0.0,0.0,0.0,0.0,0.0
2014-12-04,1077980.3520995385,0.0,0.0,0.0,0.0,0.0
2014-12-05,1077980.3520995385,0.0,0.0,0.0,0.0,0.0
2014-12-08,1077980.3520995385,0.0,0.0,0.0,0.0,0.0
2014-12-09,1077980.3520995385,0.0,0.0,0.0,0.0,0.0
2014-12-10,1077980.3520995385,0.0,0.0,0.0,0.0,0.0
2014-12-11,1077980.3520995385,0.0,0.0,0.0,0.0,0.0
2014-12-12,1077980.3520995385,0.0,0.0,0.0,0.0,0.0
2014-12-15,1077980.3520995385,0.0,0.0,0.0,0.0,0.0
2014-12-16,1077980.3520995385,0.0,0.0,0.0,0.0,0.0
2014-12-17,1077980.3520995385,0.0,0.0,0.0,0.0,0.0
2014-12-18,1077980.3520995385,0.0,0.0,0.0,0.0,0.0
2014-12-19,1077980.3520995385,0.0,0.0,0.0,0.0,0.0
2014-12-22,1077980.3520995385,0.0,0.0,0.0,0.0,0.0
2014-12-23,1077980.3520995385,0.0,0.0,0.0,0.0,0.0
2014-12-24,1077980.3520995385,0.0,0.0,0.0,0.0,0.0
2014-12-26,1077980.3520995385,0.0,0.0,0.0,0.0,0.0
2014-12-29,1077980.3520995385,0.0,0.0,0.0,0.0,0.0
2014-12-30,1077980.3520995385,0.0,0.0,0.0,0.0,0.0
2014-12-31,1077980.3520995385,0.0,0.0,0.0,0.0,0.0
2015-01-02,1077980.3520995385,0.0,0.0,0.0,0.0,0.0
2015-01-05,1077980.3520995385,0.0,0.0,0.0,0.0,0.0
2015-01-06,1077980.3520995385,0.0,0.0,0.0,0.0,0.0
2015-01-07,1077980.3520995385,0.0,0.0,0.0,0.0,0.0
2015-01-08,1077980.3520995385,0.0,0.0,0.0,0.0,0.0
2015-01-09,1077980.3520995385,0.0,0.0,0.0,0.0,0.0
2015-01-12,1077980.3520995385,0.0,0.0,0.0,0.0,0.0
2015-01-13,1077980.3520995385,0.0,0.0,0.0,0.0,0.0
2015-01-14,1077980.3520995385,0.0,0.0,0.0,0.0,0.0
2015-01-15,1077980.3520995385,0.0,0.0,0.0,0.0,0.0
2015-01-16,1077980.3520995385,0.0,0.0,0.0,0.0,0.0
2015-01-20,1077980.3520995385,0.0,0.0,0.0,0.0,0.0
2015-01-21,1077980.3520995385,0.0,0.0,0.0,0.0,0.0
2015-01-22,1077980.3520995385,0.0,0.0,0.0,0.0,0.0
2015-01-23,1077980.3520995385,0.0,0.0,0.0,0.0,0.0
2015-01-26,1077980.3520995385,0.0,0.0,0.0,0.0,0.0
2015-01-27,1077980.3520995385,0.0,0.0,0.0,0.0,0.0
2015-01-28,1077980.3520995385,0.0,0.0,0.0,0.0,0.0
2015-01-29,1077980.3520995385,0.0,0.0,0.0,0.0,0.0
2015-01-30,1077980.3520995385,0.0,0.0,0.0,0.0,0.0
2015-02-02,1077980.3520995385,0.0,0.0,0.0,0.0,0.0
2015-02-03,1077980.3520995385,0.0,0.0,0.0,0.0,0.0
2015-02-04,1077980.3520995385,0.0,0.0,0.0,0.0,0.0
2015-02-05,1077980.3520995385,0.0,0.0,0.0,0.0,0.0
2015-02-06,1077980.3520995385,0.0,0.0,0.0,0.0,0.0
2015-02-09,1077980.3520995385,0.0,0.0,0.0,0.0,0.0
2015-02-10,1077980.3520995385,0.0,0.0,0.0,0.0,0.0
2015-02-11,1077980.3520995385,0.0,0.0,0.0,0.0,0.0
2015-02-12,1077980.3520995385,0.0,0.0,0.0,0.0,0.0
2015-02-13,1077980.3520995385,0.0,0.0,0.0,0.0,0.0
2015-02-17,1077980.3520995385,0.0,0.0,0.0,0.0,0.0
2015-02-18,1077980.3520995385,0.0,0.0,0.0,0.0,0.0
2015-02-19,1077980.3520995385,0.0,0.0,0.0,0.0,0.0
2015-02-20,1077980.3520995385,0.0,0.0,0.0,0.0,0.0
2015-02-23,1077980.3520995385,0.0,0.0,0.0,0.0,0.0
2015-02-24,1077980.3520995385,0.0,0.0,0.0,0.0,0.0
2015-02-25,1077980.3520995385,0.0,0.0,0.0,0.0,0.0
2015-02-26,1077980.3520995385,0.0,0.0,0.0,0.0,0.0
2015-02-27,1077980.3520995385,0.0,0.0,0.0,0.0,0.0
2015-03-02,1077980.3520995385,0.0,0.0,0.0,0.0,0.0
2015-03-03,1077980.3520995385,0.0,0.0,0.0,0.0,0.0
2015-03-04,1077980.3520995385,0.0,0.0,0.0,0.0,0.0
2015-03-05,1077980.3520995385,0.0,0.0,0.0,0.0,0.0
2015-03-06,1077980.3520995385,0.0,0.0,0.0,0.0,0.0
2015-03-09,1077980.3520995385,0.0,0.0,0.0,0.0,0.0
2015-03-10,1077980.3520995385,0.0,0.0,0.0,0.0,0.0
2015-03-11,1077980.3520995385,0.0,0.0,0.0,0.0,0.0
2015-03-12,1077980.3520995385,0.0,0.0,0.0,0.0,0.0
2015-03-13,1077980.3520995385,0.0,0.0,0.0,0.0,0.0
2015-03-16,1077980.3520995385,0.0,0.0,0.0,0.0,0.0
2015-03-17,1077980.3520995385,0.0,0.0,0.0,0.0,0.0
2015-03-18,1077980.3520995385,0.0,0.0,0.0,0.0,0.0
2015-03-19,1077980.3520995385,0.0,0.0,0.0,0.0,0.0
2015-03-20,1077980.3520995385,0.0,0.0,0.0,0.0,0.0
2015-03-23,1077980.3520995385,0.0,0.0,0.0,0.0,0.0
2015-03-24,1077980.3520995385,0.0,0.0,0.0,0.0,0.0
2015-03-25,1077980.3520995385,0.0,0.0,0.0,0.0,0.0
2015-03-26,1077980.3520995385,0.0,0.0,0.0,0.0,0.0
2015-03-27,1077980.3520995385,0.0,0.0,0.0,0.0,0.0
2015-03-30,1077980.3520995385,0.0,0.0,0.0,0.0,0.0
2015-03-31,1077980.3520995385,0.0,0.0,0.0,0.0,0.0
2015-04-01,1077441.3619234888,0.0,538.9901760497693,-0.0005,-3.0,-0.5
2015-04-02,1073520.541829153,-3920.8200943358397,0.0,-0.003625815808556925,-3.0,-0.5
2015-04-06,1067315.2207781174,-6205.321051035566,0.0,-0.005747126436781609,-2.221726386972167,-0.5
2015-04-07,1070174.1008337731,2858.8800556556716,0.0,0.0026857654431512983,-1.7243551506082424,-0.5
2015-04-08,1065947.2013331729,-4226.899500600181,0.0,-0.003934191702432046,-0.7570364490047055,-0.5
2015-04-09,1067729.3496109985,2848.095479158816,1065.9472013331729,0.0016763707804965174,0.06491034522073286,0.5
2015-04-10,1065626.0145741573,-2103.33503684115,0.0,-0.0019660411081322605,0.1279071021412245,0.5
2015-04-13,1069074.6424530381,3448.627878880768,0.0,0.003246753246753247,0.5969768479236689,0.5
2015-04-14,1078432.38762635,9357.745173311696,0.0,0.008830419895476664,0.4354643343965405,0.5
2015-04-15,1072563.1102358273,-5869.277390522621,0.0,-0.0054129561725161516,0.10039142754942008,0.5
2015-04-16,1081580.331442684,10089.784317092446,1072.5631102358273,0.008487009496506001,-0.35985947885886893,-0.5
2015-04-17,1087421.6189469912,5841.287504307178,0.0,0.005430022771063234,-0.3048385833208767,-0.5
2015-04-20,1098912.5131239584,11490.894176967147,0.0,0.010679957280170878,-0.18795387033671118,-0.5
2015-04-21,1098999.9041514504,1186.303540616004,1098.9125131239584,7.961095100864554e-05,0.5494235988205172,0.5
2015-04-22,1098801.7433320938,-198.16081935655436,0.0,-0.0001802776275464215,0.9840644260854269,0.5
2015-04-23,1105540.4264621967,6738.683130103029,0.0,0.00617059891107078,1.6076957690623883,0.5
2015-04-24,1121891.0778157895,16350.651353592717,0.0,0.015011756194610237,2.321379155132222,0.5
2015-04-27,1127521.8914635323,5630.813647742799,0.0,0.005044355540093929,2.400048744370992,0.5
2015-04-28,1128681.0983430357,1159.206879503289,0.0,0.0010291595197255575,2.0611680953911877,0.5
2015-04-29,1133313.168514074,4632.07017103845,0.0,0.004120879120879121,1.9062803392280048,0.5
2015-04-30,1132352.0820414536,-961.0864726204835,0.0,-0.0008473140145738011,1.5671090831765058,0.5
2015-05-01,1119654.9638941998,-12697.118147253812,0.0,-0.011088709677419355,0.17621884920934083,0.5
2015-05-04,1119265.7894194364,-389.17447476336457,0.0,-0.00034746351633078526,0.5684927208046923,0.5
2015-05-05,1131139.7395332772,11873.950113840978,0.0,0.010722446827210406,0.48642864181393686,0.5
2015-05-06,1120954.8586905315,-9053.74110321254,1131.1397395332772,-0.008932589964521034,-0.08123335464476598,-0.5
2015-05-07,1118454.3416995895,-1940.0395615966277,560.4774293452657,-0.002226848652384243,-0.38130607816764905,-0.5
2015-05-08,1117895.1145287398,0.0,559.2271708497948,-0.0005,-0.5811243829695896,-0.5
2015-05-11,1112347.7226188607,-5547.391909879099,0.0,-0.0049378511833815765,-1.2432409834001665,-0.5
2015-05-12,1106505.1642655593,-5842.558353301369,0.0,-0.005225012641159615,-1.0572915161326382,-0.5
2015-05-13,1102980.0807442572,-3525.0835213020837,0.0,-0.0031756643824168477,-0.5787608622787328,-0.5
2015-05-14,1086440.7088270523,-15987.881876832786,551.4900403721286,-0.014780916406634915,-0.054668173846083454,-0.5
2015-05-15,1085897.4884726387,0.0,543.2203544135261,-0.0005,-0.13299995033350603,-0.5
2015-05-18,1083598.4913321857,-1213.0996519802857,1085.8974884726388,-0.002114777618364419,0.5490820032107278,0.5
2015-05-19,1084461.2289845203,862.7376523345428,0.0,0.0007968127490039841,0.4811388327633023,0.5
2015-05-20,1081013.021579164,-3448.2074053561855,0.0,-0.003169572107765452,0.3221387168503874,0.5
2015-05-21,1087585.5807503655,6572.559171201318,0.0,0.006117192530585964,0.23812612085121138,0.5
2015-05-22,1085866.3496710889,-1719.2310792765816,0.0,-0.0015782828282828283,0.5302587602382568,0.5
2015-05-26,1085349.7624447944,-516.5872262945237,0.0,-0.00047551117451260106,0.20499462282198305,0.5
2015-05-27,1082593.3186036649,-2756.4438411296364,0.0,-0.00253324889170361,0.4652236454318833,0.5
2015-05-28,1079829.8385306497,-2763.4800730150987,0.0,-0.002546148949713558,0.284454235480624,0.5
2015-05-29,1074115.536947662,-5714.301582987722,0.0,-0.005263997447758813,0.06293270218700678,0.5
2015-06-01,1068544.7594464747,-5570.777501187225,0.0,-0.005159625927120283,1.432490467765014,0.5
2015-06-02,1078869.708808961,10324.94936248641,0.0,0.009756904250041344,1.4740236587549491,0.5
2015-06-03,1081123.1320439412,2253.4232349801564,0.0,0.002093060698760264,1.2881200904648462,0.5
2015-06-04,1079393.3350326708,-1729.797011270306,0.0,-0.001597444089456869,1.2340585541234874,0.5
2015-06-05,1079566.5923898187,173.25735714810125,0.0,0.0001605394124257505,1.2895199698831654,0.5
2015-06-08,1079739.8219457222,173.2295559033727,0.0,0.00016048788316482107,0.8692624903558515,0.5
2015-06-09,1078007.8042653473,-1732.0176803749155,0.0,-0.001601537475976938,0.467577929527286,0.5
2015-06-10,1081650.8946885164,3643.0904231690206,0.0,0.00339092523817213,0.47228971919298673,0.5
2015-06-11,1075772.357217383,-5878.5374711332415,0.0,-0.005405405405405406,0.32979192500691346,0.5
2015-06-12,1083769.372154681,7997.014937297935,0.0,0.007489417127971344,0.04268392545798185,0.5
2015-06-15,1094248.1104153867,11562.50763286045,1083.769372154681,0.009773056494447128,-0.0705008915987799,-0.5
2015-06-16,1088547.5793331573,-4606.28297181407,1094.2481104153867,-0.005187703772706102,0.08485658261848295,0.5
2015-06-17,1087537.7949367443,-1009.7843964129474,0.0,-0.0009267840593141798,0.09444091237270846,0.5
2015-06-18,1099666.4692297191,12128.674292974843,0.0,0.011278195488721806,0.27717216371864883,0.5
2015-06-19,1094667.9852786749,-4998.483951044178,0.0,-0.004524886877828054,0.23436861259134703,0.5
2015-06-22,1098015.5937963466,3347.608517671789,0.0,0.003067484662576687,0.6263272021046237,0.5
2015-06-23,1093343.1870142345,-4672.406782112113,0.0,-0.004237288135593221,0.6641595989492453,0.5
2015-06-24,1098203.2349025565,4860.047888322011,0.0,0.004464973056197075,0.614313394436034,0.5
2015-06-25,1095366.7938522156,-2836.441050340848,0.0,-0.002576147901197151,0.39676735467580526,0.5
2015-06-26,1104400.0569658412,9033.263113625479,0.0,0.008315368032029565,0.5220270285107653,0.5
2015-06-29,1105727.4608804637,1327.4039146224054,0.0,0.001203369434416366,0.424086592229668,0.5
2015-06-30,1095618.142068457,-10109.318812006639,0.0,-0.009059854448240014,0.5079205712928867,0.5
2015-07-01,1095618.142068457,0.0,0.0,0.0,0.0,0.0
2015-07-02,1095618.142068457,0.0,0.0,0.0,0.0,0.0
2015-07-06,1095618.142068457,0.0,0.0,0.0,0.0,0.0
2015-07-07,1095618.142068457,0.0,0.0,0.0,0.0,0.0
2015-07-08,1095618.142068457,0.0,0.0,0.0,0.0,0.0
2015-07-09,1095618.142068457,0.0,0.0,0.0,0.0,0.0
2015-07-10,1095618.142068457,0.0,0.0,0.0,0.0,0.0
2015-07-13,1095618.142068457,0.0,0.0,0.0,0.0,0.0
2015-07-14,1095618.142068457,0.0,0.0,0.0,0.0,0.0
2015-07-15,1095618.142068457,0.0,0.0,0.0,0.0,0.0
2015-07-16,1095618.142068457,0.0,0.0,0.0,0.0,0.0
2015-07-17,1095618.142068457,0.0,0.0,0.0,0.0,0.0
2015-07-20,1095618.142068457,0.0,0.0,0.0,0.0,0.0
2015-07-21,1095618.142068457,0.0,0.0,0.0,0.0,0.0
2015-07-22,1095618.142068457,0.0,0.0,0.0,0.0,0.0
2015-07-23,1095618.142068457,0.0,0.0,0.0,0.0,0.0
2015-07-24,1095618.142068457,0.0,0.0,0.0,0.0,0.0
2015-07-27,1095618.142068457,0.0,0.0,0.0,0.0,0.0
2015-07-28,1095618.142068457,0.0,0.0,0.0,0.0,0.0
2015-07-29,1095618.142068457,0.0,0.0,0.0,0.0,0.0
2015-07-30,1095618.142068457,0.0,0.0,0.0,0.0,0.0
2015-07-31,1095618.142068457,0.0,0.0,0.0,0.0,0.0
2015-08-03,1095618.142068457,0.0,0.0,0.0,0.0,0.0
2015-08-04,1095618.142068457,0.0,0.0,0.0,0.0,0.0
2015-08-05,1095618.142068457,0.0,0.0,0.0,0.0,0.0
2015-08-06,1095618.142068457,0.0,0.0,0.0,0.0,0.0
2015-08-07,1095618.142068457,0.0,0.0,0.0,0.0,0.0
2015-08-10,1095618.142068457,0.0,0.0,0.0,0.0,0.0
2015-08-11,1095618.142068457,0.0,0.0,0.0,0.0,0.0
2015-08-12,1095618.142068457,0.0,0.0,0.0,0.0,0.0
2015-08-13,1095618.142068457,0.0,0.0,0.0,0.0,0.0
2015-08-14,1095618.142068457,0.0,0.0,0.0,0.0,0.0
2015-08-17,1095618.142068457,0.0,0.0,0.0,0.0,0.0
2015-08-18,1095618.142068457,0.0,0.0,0.0,0.0,0.0
2015-08-19,1095618.142068457,0.0,0.0,0.0,0.0,0.0
2015-08-20,1095618.142068457,0.0,0.0,0.0,0.0,0.0
2015-08-21,1095618.142068457,0.0,0.0,0.0,0.0,0.0
2015-08-24,1095618.142068457,0.0,0.0,0.0,0.0,0.0
2015-08-25,1095618.142068457,0.0,0.0,0.0,0.0,0.0
2015-08-26,1095618.142068457,0.0,0.0,0.0,0.0,0.0
2015-08-27,1095618.142068457,0.0,0.0,0.0,0.0,0.0
2015-08-28,1095618.142068457,0.0,0.0,0.0,0.0,0.0
2015-08-31,1095618.142068457,0.0,0.0,0.0,0.0,0.0
2015-09-01,1095618.142068457,0.0,0.0,0.0,0.0,0.0
2015-09-02,1095618.142068457,0.0,0.0,0.0,0.0,0.0
2015-09-03,1095618.142068457,0.0,0.0,0.0,0.0,0.0
2015-09-04,1095618.142068457,0.0,0.0,0.0,0.0,0.0
2015-09-08,1095618.142068457,0.0,0.0,0.0,0.0,0.0
2015-09-09,1095618.142068457,0.0,0.0,0.0,0.0,0.0
2015-09-10,1095618.142068457,0.0,0.0,0.0,0.0,0.0
2015-09-11,1095618.142068457,0.0,0.0,0.0,0.0,0.0
2015-09-14,1095618.142068457,0.0,0.0,0.0,0.0,0.0
2015-09-15,1095618.142068457,0.0,0.0,0.0,0.0,0.0
2015-09-16,1095618.142068457,0.0,0.0,0.0,0.0,0.0
2015-09-17,1095618.142068457,0.0,0.0,0.0,0.0,0.0
2015-09-18,1095618.142068457,0.0,0.0,0.0,0.0,0.0
2015-09-21,1095618.142068457,0.0,0.0,0.0,0.0,0.0
2015-09-22,1095618.142068457,0.0,0.0,0.0,0.0,0.0
2015-09-23,1095618.142068457,0.0,0.0,0.0,0.0,0.0
2015-09-24,1095618.142068457,0.0,0.0,0.0,0.0,0.0
2015-09-25,1095618.142068457,0.0,0.0,0.0,0.0,0.0
2015-09-28,1095618.142068457,0.0,0.0,0.0,0.0,0.0
2015-09-29,1095618.142068457,0.0,0.0,0.0,0.0,0.0
2015-09-30,1095618.142068457,0.0,0.0,0.0,0.0,0.0
2015-10-01,1095618.142068457,0.0,0.0,0.0,0.0,0.0
2015-10-02,1095618.142068457,0.0,0.0,0.0,0.0,0.0
2015-10-05,1095618.142068457,0.0,0.0,0.0,0.0,0.0
2015-10-06,1095618.142068457,0.0,0.0,0.0,0.0,0.0
2015-10-07,1095618.142068457,0.0,0.0,0.0,0.0,0.0
2015-10-08,1095618.142068457,0.0,0.0,0.0,0.0,0.0
2015-10-09,1095618.142068457,0.0,0.0,0.0,0.0,0.0
2015-10-12,1095618.142068457,0.0,0.0,0.0,0.0,0.0
2015-10-13,1095618.142068457,0.0,0.0,0.0,0.0,0.0
2015-10-14,1095618.142068457,0.0,0.0,0.0,0.0,0.0
2015-10-15,1095618.142068457,0.0,0.0,0.0,0.0,0.0
2015-10-16,1095618.142068457,0.0,0.0,0.0,0.0,0.0
2015-10-19,1095618.142068457,0.0,0.0,0.0,0.0,0.0
2015-10-20,1095618.142068457,0.0,0.0,0.0,0.0,0.0
2015-10-21,1095618.142068457,0.0,0.0,0.0,0.0,0.0
2015-10-22,1095618.142068457,0.0,0.0,0.0,0.0,0.0
2015-10-23,1095618.142068457,0.0,0.0,0.0,0.0,0.0
2015-10-26,1095618.142068457,0.0,0.0,0.0,0.0,0.0
2015-10-27,1095618.142068457,0.0,0.0,0.0,0.0,0.0
2015-10-28,1095618.142068457,0.0,0.0,0.0,0.0,0.0
2015-10-29,1095618.142068457,0.0,0.0,0.0,0.0,0.0
2015-10-30,1095618.142068457,0.0,0.0,0.0,0.0,0.0
2015-11-02,1095618.142068457,0.0,0.0,0.0,0.0,0.0
2015-11-03,1095618.142068457,0.0,0.0,0.0,0.0,0.0
2015-11-04,1095618.142068457,0.0,0.0,0.0,0.0,0.0
2015-11-05,1095618.142068457,0.0,0.0,0.0,0.0,0.0
2015-11-06,1095618.142068457,0.0,0.0,0.0,0.0,0.0
2015-11-09,1095618.142068457,0.0,0.0,0.0,0.0,0.0
2015-11-10,1095618.142068457,0.0,0.0,0.0,0.0,0.0
2015-11-11,1095618.142068457,0.0,0.0,0.0,0.0,0.0
2015-11-12,1095618.142068457,0.0,0.0,0.0,0.0,0.0
2015-11-13,1095618.142068457,0.0,0.0,0.0,0.0,0.0
2015-11-16,1095618.142068457,0.0,0.0,0.0,0.0,0.0
2015-11-17,1095618.142068457,0.0,0.0,0.0,0.0,0.0
2015-11-18,1095618.142068457,0.0,0.0,0.0,0.0,0.0
2015-11-19,1095618.142068457,0.0,0.0,0.0,0.0,0.0
2015-11-20,1095618.142068457,0.0,0.0,0.0,0.0,0.0
2015-11-23,1095618.142068457,0.0,0.0,0.0,0.0,0.0
2015-11-24,1095618.142068457,0.0,0.0,0.0,0.0,0.0
2015-11-25,1095618.142068457,0.0,0.0,0.0,0.0,0.0
2015-11-27,1095618.142068457,0.0,0.0,0.0,0.0,0.0
2015-11-30,1095618.142068457,0.0,0.0,0.0,0.0,0.0
2015-12-01,1095618.142068457,0.0,0.0,0.0,0.0,0.0
2015-12-02,1095618.142068457,0.0,0.0,0.0,0.0,0.0
2015-12-03,1095618.142068457,0.0,0.0,0.0,0.0,0.0
2015-12-04,1095618.142068457,0.0,0.0,0.0,0.0,0.0
2015-12-07,1095618.142068457,0.0,0.0,0.0,0.0,0.0
2015-12-08,1095618.142068457,0.0,0.0,0.0,0.0,0.0
2015-12-09,1095618.142068457,0.0,0.0,0.0,0.0,0.0
2015-12-10,1095618.142068457,0.0,0.0,0.0,0.0,0.0
2015-12-11,1095618.142068457,0.0,0.0,0.0,0.0,0.0
2015-12-14,1095618.142068457,0.0,0.0,0.0,0.0,0.0
2015-12-15,1095618.142068457,0.0,0.0,0.0,0.0,0.0
2015-12-16,1095618.142068457,0.0,0.0,0.0,0.0,0.0
2015-12-17,1095618.142068457,0.0,0.0,0.0,0.0,0.0
2015-12-18,1095618.142068457,0.0,0.0,0.0,0.0,0.0
2015-12-21,1095618.142068457,0.0,0.0,0.0,0.0,0.0
2015-12-22,1095618.142068457,0.0,0.0,0.0,0.0,0.0
2015-12-23,1095618.142068457,0.0,0.0,0.0,0.0,0.0
2015-12-24,1095618.142068457,0.0,0.0,0.0,0.0,0.0
2015-12-28,1095618.142068457,0.0,0.0,0.0,0.0,0.0
2015-12-29,1095618.142068457,0.0,0.0,0.0,0.0,0.0
2015-12-30,1095618.142068457,0.0,0.0,0.0,0.0,0.0
2015-12-31,1095618.142068457,0.0,0.0,0.0,0.0,0.0
2016-01-04,1095618.142068457,0.0,0.0,0.0,0.0,0.0
2016-01-05,1095618.142068457,0.0,0.0,0.0,0.0,0.0
2016-01-06,1095618.142068457,0.0,0.0,0.0,0.0,0.0
2016-01-07,1095618.142068457,0.0,0.0,0.0,0.0,0.0
2016-01-08,1095618.142068457,0.0,0.0,0.0,0.0,0.0
2016-01-11,1095618.142068457,0.0,0.0,0.0,0.0,0.0
2016-01-12,1095618.142068457,0.0,0.0,0.0,0.0,0.0
2016-01-13,1095618.142068457,0.0,0.0,0.0,0.0,0.0
2016-01-14,1095618.142068457,0.0,0.0,0.0,0.0,0.0
2016-01-15,1095618.142068457,0.0,0.0,0.0,0.0,0.0
2016-01-19,1095618.142068457,0.0,0.0,0.0,0.0,0.0
2016-01-20,1095618.142068457,0.0,0.0,0.0,0.0,0.0
2016-01-21,1095618.142068457,0.0,0.0,0.0,0.0,0.0
2016-01-22,1095618.142068457,0.0,0.0,0.0,0.0,0.0
2016-01-25,1095618.142068457,0.0,0.0,0.0,0.0,0.0
2016-01-26,1095618.142068457,0.0,0.0,0.0,0.0,0.0
2016-01-27,1095618.142068457,0.0,0.0,0.0,0.0,0.0
2016-01-28,1095618.142068457,0.0,0.0,0.0,0.0,0.0
2016-01-29,1095618.142068457,0.0,0.0,0.0,0.0,0.0
2016-02-01,1095618.142068457,0.0,0.0,0.0,0.0,0.0
2016-02-02,1095618.142068457,0.0,0.0,0.0,0.0,0.0
2016-02-03,1095618.142068457,0.0,0.0,0.0,0.0,0.0
2016-02-04,1095618.142068457,0.0,0.0,0.0,0.0,0.0
2016-02-05,1095618.142068457,0.0,0.0,0.0,0.0,0.0
2016-02-08,1095618.142068457,0.0,0.0,0.0,0.0,0.0
2016-02-09,1095618.142068457,0.0,0.0,0.0,0.0,0.0
2016-02-10,1095618.142068457,0.0,0.0,0.0,0.0,0.0
2016-02-11,1095618.142068457,0.0,0.0,0.0,0.0,0.0
2016-02-12,1095618.142068457,0.0,0.0,0.0,0.0,0.0
2016-02-16,1095618.142068457,0.0,0.0,0.0,0.0,0.0
2016-02-17,1095618.142068457,0.0,0.0,0.0,0.0,0.0
2016-02-18,1095618.142068457,0.0,0.0,0.0,0.0,0.0
2016-02-19,1095618.142068457,0.0,0.0,0.0,0.0,0.0
2016-02-22,1095618.142068457,0.0,0.0,0.0,0.0,0.0
2016-02-23,1095618.142068457,0.0,0.0,0.0,0.0,0.0
2016-02-24,1095618.142068457,0.0,0.0,0.0,0.0,0.0
2016-02-25,1095618.142068457,0.0,0.0,0.0,0.0,0.0
2016-02-26,1095618.142068457,0.0,0.0,0.0,0.0,0.0
2016-02-29,1095618.142068457,0.0,0.0,0.0,0.0,0.0
2016-03-01,1095618.142068457,0.0,0.0,0.0,0.0,0.0
2016-03-02,1095618.142068457,0.0,0.0,0.0,0.0,0.0
2016-03-03,1095618.142068457,0.0,0.0,0.0,0.0,0.0
2016-03-04,1095618.142068457,0.0,0.0,0.0,0.0,0.0
2016-03-07,1095618.142068457,0.0,0.0,0.0,0.0,0.0
2016-03-08,1095618.142068457,0.0,0.0,0.0,0.0,0.0
2016-03-09,1095618.142068457,0.0,0.0,0.0,0.0,0.0
2016-03-10,1095618.142068457,0.0,0.0,0.0,0.0,0.0
2016-03-11,1095618.142068457,0.0,0.0,0.0,0.0,0.0
2016-03-14,1095618.142068457,0.0,0.0,0.0,0.0,0.0
2016-03-15,1095618.142068457,0.0,0.0,0.0,0.0,0.0
2016-03-16,1095618.142068457,0.0,0.0,0.0,0.0,0.0
2016-03-17,1095618.142068457,0.0,0.0,0.0,0.0,0.0
2016-03-18,1095618.142068457,0.0,0.0,0.0,0.0,0.0
2016-03-21,1095618.142068457,0.0,0.0,0.0,0.0,0.0
2016-03-22,1095618.142068457,0.0,0.0,0.0,0.0,0.0
2016-03-23,1095618.142068457,0.0,0.0,0.0,0.0,0.0
2016-03-24,1095618.142068457,0.0,0.0,0.0,0.0,0.0
2016-03-28,1095618.142068457,0.0,0.0,0.0,0.0,0.0
2016-03-29,1095618.142068457,0.0,0.0,0.0,0.0,0.0
2016-03-30,1095618.142068457,0.0,0.0,0.0,0.0,0.0
2016-03-31,1095618.142068457,0.0,0.0,0.0,0.0,0.0
2016-04-01,1095070.332997423,0.0,547.8090710342285,-0.0005,2.3124308474928386,0.5
2016-04-04,1093169.829122037,-1900.5038753860167,0.0,-0.0017325017325017325,2.5018735990755276,0.5
2016-04-05,1095264.0241969833,2094.195074946431,0.0,0.0019193857965451055,2.4273889812113936,0.5
2016-04-06,1098684.3490470087,3420.3248500252776,0.0,0.003132613992342499,2.362973121367658,0.5
2016-04-07,1089212.9322448792,-9471.416802129384,0.0,-0.008547008547008546,2.3145067656132667,0.5
2016-04-08,1093416.9119833682,4203.979738489008,0.0,0.003874603733709053,2.2428492333558,0.5
2016-04-11,1099889.087298033,6472.175314664784,0.0,0.005954465849387041,2.1216978019256354,0.5
2016-04-12,1104809.444536462,4920.357238428916,0.0,0.004493605254061528,1.9902789766280047,0.5
2016-04-13,1102171.7685092604,-2637.6760272016486,0.0,-0.0023817625042531474,1.8558373411156417,0.5
2016-04-14,1108781.7774019649,6610.008892704612,0.0,0.006033442509912084,1.7405844298148834,0.5
2016-04-15,1106528.9190665733,-2252.8583353917334,0.0,-0.002027712064886786,1.5949878559758623,0.5
2016-04-18,1116687.4640563037,10158.544989730526,0.0,0.009265614275909401,1.4067058454433647,0.5
2016-04-19,1125635.8777916464,8948.413735342667,0.0,0.008078088185796027,1.3052247586873407,0.5
2016-04-20,1128780.1120871538,3144.2342955073923,0.0,0.0028011204481792717,1.281133664973638,0.5
2016-04-21,1128964.5532819394,184.44119478548265,0.0,0.00016342539630658605,1.2688587714977142,0.5
2016-04-22,1142979.7943876935,14015.24110575423,0.0,0.01257029440952696,1.2234854297084135,0.5
2016-04-25,1138607.5414286077,-4372.252959085853,0.0,-0.0038107335662114954,1.3828020338352758,0.5
2016-04-26,1151043.3449649303,12435.803536322732,0.0,0.01104254628126015,1.4291939706306056,0.5
2016-04-27,1149053.17256716,-1990.1723977702347,0.0,-0.0017260316962184215,1.4230509468877863,0.5
2016-04-28,1146697.0698473852,-2356.102719774934,0.0,-0.002046277349283803,1.4677258017166521,0.5
2016-04-29,1155777.661151213,9080.591303827885,0.0,0.00798212005108557,1.4872671902665136,0.5
2016-05-02,1152534.1316999001,-3243.5294513130393,0.0,-0.002798507462686567,1.888859224044585,0.5
2016-05-03,1150546.38076721,-1987.7509326903262,0.0,-0.0017217091876663014,1.7785516744318828,0.5
2016-05-04,1147107.0508058227,-3439.3299613871914,0.0,-0.002980392156862745,1.7746255106741913,0.5
2016-05-05,1142023.3221856006,-5083.728620222069,0.0,-0.00441222817522849,1.7611695273572978,0.5
2016-05-06,1126703.9419454872,-15319.380240113456,0.0,-0.013236684525685473,1.6327140953533856,0.5
2016-05-09,1128922.5909942803,2218.649048793214,0.0,0.0019730351857941467,1.3891953335538627,0.5
2016-05-10,1132982.1361073686,4059.545113088291,0.0,0.0036089238845144356,1.3407571699509853,0.5
2016-05-11,1126362.9610181337,-6619.17508923487,0.0,-0.005808325266214907,1.3110590757595983,0.5
2016-05-12,1121369.2336047527,-4993.727413380889,0.0,-0.004413928396272682,1.1612567829823193,0.5
2016-05-13,1110779.762710871,-10589.470893881859,0.0,-0.009354997538158542,1.0431933916159815,0.5
2016-05-16,1104402.4388452563,-6377.323865614591,0.0,-0.005708529214237743,0.6432489298876762,0.5
2016-05-17,1099120.0219870966,-5282.4168581597505,0.0,-0.0047602856171370285,0.3859646506218608,0.5
2016-05-18,1105186.2242471152,6066.20226001847,0.0,0.005549774540409296,0.01920677445123175,0.5
2016-05-19,1096916.7465657901,-7164.291457077853,1105.1862242471152,-0.007434237288135592,-0.4043130851270479,-0.5
2016-05-20,1093314.7040174408,-3602.042548349467,0.0,-0.0032730404823428086,-0.5693890316675814,-0.5
2016-05-23,1084491.5942837836,-8823.109733657233,0.0,-0.008005450519502641,-0.802523045478176,-0.5
2016-05-24,1085591.1126287824,1099.5183449987667,0.0,0.0010148849797023004,-1.0704553335559785,-0.5
2016-05-25,1090921.6480616024,5330.535432819961,0.0,0.004934490386251489,-1.3162560838217006,-0.5
2016-05-26,1092414.0169371997,1492.3688755972673,0.0,0.0013698630136986304,-1.1496730067157992,-0.5
2016-05-27,1075743.089723995,-16670.927213204865,0.0,-0.015031244722175308,-1.1418344638655626,-0.5
2016-05-31,1065539.6396691336,-9665.57850999929,537.8715448619974,-0.009400560686015831,-1.2052036656546596,-0.5
2016-06-01,1065006.869849299,0.0,532.7698198345668,-0.0005,-1.4011204756354017,-0.5
2016-06-02,1063083.8436562028,-1923.0261930962392,0.0,-0.0018023922660986398,-1.3246700242779486,-0.5
2016-06-03,1067604.645084901,4520.801428698278,0.0,0.0042706964520367935,-1.350541777564674,-0.5
2016-06-06,1061968.9887598075,-5635.656325093506,0.0,-0.005251066622907779,-1.3077917901497007,-0.5
2016-06-07,1057635.129027683,-4333.859732124582,0.0,-0.004064379775646236,-1.073932321615094,-0.5
2016-06-08,1053353.8987450257,-4281.230282657395,0.0,-0.004031607805192711,-0.8491463801972148,-0.5
2016-06-09,1052846.3398474616,-507.5588975642591,0.0,-0.00048161823727725157,-0.876922025366891,-0.5
2016-06-10,1049636.442469878,-3209.8973775837244,0.0,-0.0030395136778115506,-0.8813395778370314,-0.5
2016-06-13,1047627.5688957729,-2008.8735741050295,0.0,-0.0019102196752626551,-1.0016058400833394,-0.5
2016-06-14,1047960.4661213515,332.8972255785742,0.0,0.0003178639542275906,-1.2034816725198754,-0.5
2016-06-15,1045461.3553118411,-2499.110809510377,0.0,-0.0023790642347343376,-1.5828646801721018,-0.5
2016-06-16,1062168.8864647676,16707.531152926575,0.0,0.01624055314359222,-1.8112012285913375,-0.5
2016-06-17,1054009.0404915994,-8159.845973168368,0.0,-0.007623682076236821,-1.8809338531565458,-0.5
2016-06-20,1043149.9647363736,-10859.07575522575,0.0,-0.010197578075207138,-2.1429849954348,-0.5
2016-06-21,1039036.5973675393,-4113.367368834281,0.0,-0.003927729772191673,-2.100399538645226,-0.5
2016-06-22,1036891.0437052131,-1626.0353636424716,519.5182986837697,-0.00206171875,-1.7931882674423048,-0.5
2016-06-23,1036372.5981833605,0.0,518.4455218526066,-0.0005,-1.6384446379649438,-0.5
2016-06-24,1062802.5021555792,26429.903972218624,0.0,0.026169706582077717,-1.5132596596516916,-0.5
2016-06-27,1069033.917477664,6231.415322084828,0.0,0.005897771952817824,-1.0806741279253886,-0.5
2016-06-28,1066215.1068844467,-2818.810593217308,0.0,-0.0026298487836949372,-0.8677357307222867,-0.5
2016-06-29,1061321.0047544853,-4894.102129961395,0.0,-0.0045691906005221935,-0.7184553314286433,-0.5
2016-06-30,1074078.9245647243,12757.919810239102,0.0,0.012167050312397237,-0.5532678175917044,-0.5
2016-07-01,1074078.9245647243,0.0,0.0,0.0,0.0,0.0
2016-07-05,1074078.9245647243,0.0,0.0,0.0,0.0,0.0
2016-07-06,1074078.9245647243,0.0,0.0,0.0,0.0,0.0
2016-07-07,1074078.9245647243,0.0,0.0,0.0,0.0,0.0
2016-07-08,1074078.9245647243,0.0,0.0,0.0,0.0,0.0
2016-07-11,1074078.9245647243,0.0,0.0,0.0,0.0,0.0
2016-07-12,1074078.9245647243,0.0,0.0,0.0,0.0,0.0
2016-07-13,1074078.9245647243,0.0,0.0,0.0,0.0,0.0
2016-07-14,1074078.9245647243,0.0,0.0,0.0,0.0,0.0
2016-07-15,1074078.9245647243,0.0,0.0,0.0,0.0,0.0
2016-07-18,1074078.9245647243,0.0,0.0,0.0,0.0,0.0
2016-07-19,1074078.9245647243,0.0,0.0,0.0,0.0,0.0
2016-07-20,1074078.9245647243,0.0,0.0,0.0,0.0,0.0
2016-07-21,1074078.9245647243,0.0,0.0,0.0,0.0,0.0
2016-07-22,1074078.9245647243,0.0,0.0,0.0,0.0,0.0
2016-07-25,1074078.9245647243,0.0,0.0,0.0,0.0,0.0
2016-07-26,1074078.9245647243,0.0,0.0,0.0,0.0,0.0
2016-07-27,1074078.9245647243,0.0,0.0,0.0,0.0,0.0
2016-07-28,1074078.9245647243,0.0,0.0,0.0,0.0,0.0
2016-07-29,1074078.9245647243,0.0,0.0,0.0,0.0,0.0
2016-08-01,1074078.9245647243,0.0,0.0,0.0,0.0,0.0
2016-08-02,1074078.9245647243,0.0,0.0,0.0,0.0,0.0
2016-08-03,1074078.9245647243,0.0,0.0,0.0,0.0,0.0
2016-08-04,1074078.9245647243,0.0,0.0,0.0,0.0,0.0
2016-08-05,1074078.9245647243,0.0,0.0,0.0,0.0,0.0
2016-08-08,1074078.9245647243,0.0,0.0,0.0,0.0,0.0
2016-08-09,1074078.9245647243,0.0,0.0,0.0,0.0,0.0
2016-08-10,1074078.9245647243,0.0,0.0,0.0,0.0,0.0
2016-08-11,1074078.9245647243,0.0,0.0,0.0,0.0,0.0
2016-08-12,1074078.9245647243,0.0,0.0,0.0,0.0,0.0
2016-08-15,1074078.9245647243,0.0,0.0,0.0,0.0,0.0
2016-08-16,1074078.9245647243,0.0,0.0,0.0,0.0,0.0
2016-08-17,1074078.9245647243,0.0,0.0,0.0,0.0,0.0
2016-08-18,1074078.9245647243,0.0,0.0,0.0,0.0,0.0
2016-08-19,1074078.9245647243,0.0,0.0,0.0,0.0,0.0
2016-08-22,1074078.9245647243,0.0,0.0,0.0,0.0,0.0
2016-08-23,1074078.9245647243,0.0,0.0,0.0,0.0,0.0
2016-08-24,1074078.9245647243,0.0,0.0,0.0,0.0,0.0
2016-08-25,1074078.9245647243,0.0,0.0,0.0,0.0,0.0
2016-08-26,1074078.9245647243,0.0,0.0,0.0,0.0,0.0
2016-08-29,1074078.9245647243,0.0,0.0,0.0,0.0,0.0
2016-08-30,1074078.9245647243,0.0,0.0,0.0,0.0,0.0
2016-08-31,1074078.9245647243,0.0,0.0,0.0,0.0,0.0
2016-09-01,1074078.9245647243,0.0,0.0,0.0,0.0,0.0
2016-09-02,1074078.9245647243,0.0,0.0,0.0,0.0,0.0
2016-09-06,1074078.9245647243,0.0,0.0,0.0,0.0,0.0
2016-09-07,1074078.9245647243,0.0,0.0,0.0,0.0,0.0
2016-09-08,1074078.9245647243,0.0,0.0,0.0,0.0,0.0
2016-09-09,1074078.9245647243,0.0,0.0,0.0,0.0,0.0
2016-09-12,1074078.9245647243,0.0,0.0,0.0,0.0,0.0
2016-09-13,1074078.9245647243,0.0,0.0,0.0,0.0,0.0
2016-09-14,1074078.9245647243,0.0,0.0,0.0,0.0,0.0
2016-09-15,1074078.9245647243,0.0,0.0,0.0,0.0,0.0
2016-09-16,1074078.9245647243,0.0,0.0,0.0,0.0,0.0
2016-09-19,1074078.9245647243,0.0,0.0,0.0,0.0,0.0
2016-09-20,1074078.9245647243,0.0,0.0,0.0,0.0,0.0
2016-09-21,1074078.9245647243,0.0,0.0,0.0,0.0,0.0
2016-09-22,1074078.9245647243,0.0,0.0,0.0,0.0,0.0
2016-09-23,1074078.9245647243,0.0,0.0,0.0,0.0,0.0
2016-09-26,1074078.9245647243,0.0,0.0,0.0,0.0,0.0
2016-09-27,1074078.9245647243,0.0,0.0,0.0,0.0,0.0
2016-09-28,1074078.9245647243,0.0,0.0,0.0,0.0,0.0
2016-09-29,1074078.9245647243,0.0,0.0,0.0,0.0,0.0
2016-09-30,1074078.9245647243,0.0,0.0,0.0,0.0,0.0
2016-10-03,1074078.9245647243,0.0,0.0,0.0,0.0,0.0
2016-10-04,1074078.9245647243,0.0,0.0,0.0,0.0,0.0
2016-10-05,1074078.9245647243,0.0,0.0,0.0,0.0,0.0
2016-10-06,1074078.9245647243,0.0,0.0,0.0,0.0,0.0
2016-10-07,1074078.9245647243,0.0,0.0,0.0,0.0,0.0
2016-10-11,1074078.9245647243,0.0,0.0,0.0,0.0,0.0
2016-10-12,1074078.9245647243,0.0,0.0,0.0,0.0,0.0
2016-10-13,1074078.9245647243,0.0,0.0,0.0,0.0,0.0
2016-10-14,1074078.9245647243,0.0,0.0,0.0,0.0,0.0
2016-10-17,1074078.9245647243,0.0,0.0,0.0,0.0,0.0
2016-10-18,1074078.9245647243,0.0,0.0,0.0,0.0,0.0
2016-10-19,1074078.9245647243,0.0,0.0,0.0,0.0,0.0
2016-10-20,1074078.9245647243,0.0,0.0,0.0,0.0,0.0
2016-10-21,1074078.9245647243,0.0,0.0,0.0,0.0,0.0
2016-10-24,1074078.9245647243,0.0,0.0,0.0,0.0,0.0
2016-10-25,1074078.9245647243,0.0,0.0,0.0,0.0,0.0
2016-10-26,1074078.9245647243,0.0,0.0,0.0,0.0,0.0
2016-10-27,1074078.9245647243,0.0,0.0,0.0,0.0,0.0
2016-10-28,1074078.9245647243,0.0,0.0,0.0,0.0,0.0
2016-10-31,1074078.9245647243,0.0,0.0,0.0,0.0,0.0
2016-11-01,1074078.9245647243,0.0,0.0,0.0,0.0,0.0
2016-11-02,1074078.9245647243,0.0,0.0,0.0,0.0,0.0
2016-11-03,1074078.9245647243,0.0,0.0,0.0,0.0,0.0
2016-11-04,1074078.9245647243,0.0,0.0,0.0,0.0,0.0
2016-11-07,1074078.9245647243,0.0,0.0,0.0,0.0,0.0
2016-11-08,1074078.9245647243,0.0,0.0,0.0,0.0,0.0
2016-11-09,1074078.9245647243,0.0,0.0,0.0,0.0,0.0
2016-11-10,1074078.9245647243,0.0,0.0,0.0,0.0,0.0
2016-11-14,1074078.9245647243,0.0,0.0,0.0,0.0,0.0
2016-11-15,1074078.9245647243,0.0,0.0,0.0,0.0,0.0
2016-11-16,1074078.9245647243,0.0,0.0,0.0,0.0,0.0
2016-11-17,1074078.9245647243,0.0,0.0,0.0,0.0,0.0
2016-11-18,1074078.9245647243,0.0,0.0,0.0,0.0,0.0
2016-11-21,1074078.9245647243,0.0,0.0,0.0,0.0,0.0
2016-11-22,1074078.9245647243,0.0,0.0,0.0,0.0,0.0
2016-11-23,1074078.9245647243,0.0,0.0,0.0,0.0,0.0
2016-11-25,1074078.9245647243,0.0,0.0,0.0,0.0,0.0
2016-11-28,1074078.9245647243,0.0,0.0,0.0,0.0,0.0
2016-11-29,1074078.9245647243,0.0,0.0,0.0,0.0,0.0
2016-11-30,1074078.9245647243,0.0,0.0,0.0,0.0,0.0
2016-12-01,1074078.9245647243,0.0,0.0,0.0,0.0,0.0
2016-12-02,1074078.9245647243,0.0,0.0,0.0,0.0,0.0
2016-12-05,1074078.9245647243,0.0,0.0,0.0,0.0,0.0
2016-12-06,1074078.9245647243,0.0,0.0,0.0,0.0,0.0
2016-12-07,1074078.9245647243,0.0,0.0,0.0,0.0,0.0
2016-12-08,1074078.9245647243,0.0,0.0,0.0,0.0,0.0
2016-12-09,1074078.9245647243,0.0,0.0,0.0,0.0,0.0
2016-12-12,1074078.9245647243,0.0,0.0,0.0,0.0,0.0
2016-12-13,1074078.9245647243,0.0,0.0,0.0,0.0,0.0
2016-12-14,1074078.9245647243,0.0,0.0,0.0,0.0,0.0
2016-12-15,1074078.9245647243,0.0,0.0,0.0,0.0,0.0
2016-12-16,1074078.9245647243,0.0,0.0,0.0,0.0,0.0
2016-12-19,1074078.9245647243,0.0,0.0,0.0,0.0,0.0
2016-12-20,1074078.9245647243,0.0,0.0,0.0,0.0,0.0
2016-12-21,1074078.9245647243,0.0,0.0,0.0,0.0,0.0
2016-12-22,1074078.9245647243,0.0,0.0,0.0,0.0,0.0
2016-12-23,1074078.9245647243,0.0,0.0,0.0,0.0,0.0
2016-12-27,1074078.9245647243,0.0,0.0,0.0,0.0,0.0
2016-12-28,1074078.9245647243,0.0,0.0,0.0,0.0,0.0
2016-12-29,1074078.9245647243,0.0,0.0,0.0,0.0,0.0
2016-12-30,1074078.9245647243,0.0,0.0,0.0,0.0,0.0
2017-01-03,1074078.9245647243,0.0,0.0,0.0,0.0,0.0
2017-01-04,1074078.9245647243,0.0,0.0,0.0,0.0,0.0
2017-01-05,1074078.9245647243,0.0,0.0,0.0,0.0,0.0
2017-01-06,1074078.9245647243,0.0,0.0,0.0,0.0,0.0
2017-01-09,1074078.9245647243,0.0,0.0,0.0,0.0,0.0
2017-01-10,1074078.9245647243,0.0,0.0,0.0,0.0,0.0
2017-01-11,1074078.9245647243,0.0,0.0,0.0,0.0,0.0
2017-01-12,1074078.9245647243,0.0,0.0,0.0,0.0,0.0
2017-01-13,1074078.9245647243,0.0,0.0,0.0,0.0,0.0
2017-01-17,1074078.9245647243,0.0,0.0,0.0,0.0,0.0
2017-01-18,1074078.9245647243,0.0,0.0,0.0,0.0,0.0
2017-01-19,1074078.9245647243,0.0,0.0,0.0,0.0,0.0
2017-01-20,1074078.9245647243,0.0,0.0,0.0,0.0,0.0
2017-01-23,1074078.9245647243,0.0,0.0,0.0,0.0,0.0
2017-01-24,1074078.9245647243,0.0,0.0,0.0,0.0,0.0
2017-01-25,1074078.9245647243,0.0,0.0,0.0,0.0,0.0
2017-01-26,1074078.9245647243,0.0,0.0,0.0,0.0,0.0
2017-01-27,1074078.9245647243,0.0,0.0,0.0,0.0,0.0
2017-01-30,1074078.9245647243,0.0,0.0,0.0,0.0,0.0
2017-01-31,1074078.9245647243,0.0,0.0,0.0,0.0,0.0
2017-02-01,1074078.9245647243,0.0,0.0,0.0,0.0,0.0
2017-02-02,1074078.9245647243,0.0,0.0,0.0,0.0,0.0
2017-02-03,1074078.9245647243,0.0,0.0,0.0,0.0,0.0
2017-02-06,1074078.9245647243,0.0,0.0,0.0,0.0,0.0
2017-02-07,1074078.9245647243,0.0,0.0,0.0,0.0,0.0
2017-02-08,1074078.9245647243,0.0,0.0,0.0,0.0,0.0
2017-02-09,1074078.9245647243,0.0,0.0,0.0,0.0,0.0
2017-02-10,1074078.9245647243,0.0,0.0,0.0,0.0,0.0
2017-02-13,1074078.9245647243,0.0,0.0,0.0,0.0,0.0
2017-02-14,1074078.9245647243,0.0,0.0,0.0,0.0,0.0
2017-02-15,1074078.9245647243,0.0,0.0,0.0,0.0,0.0
2017-02-16,1074078.9245647243,0.0,0.0,0.0,0.0,0.0
2017-02-17,1074078.9245647243,0.0,0.0,0.0,0.0,0.0
2017-02-21,1074078.9245647243,0.0,0.0,0.0,0.0,0.0
2017-02-22,1074078.9245647243,0.0,0.0,0.0,0.0,0.0
2017-02-23,1074078.9245647243,0.0,0.0,0.0,0.0,0.0
2017-02-24,1074078.9245647243,0.0,0.0,0.0,0.0,0.0
2017-02-27,1074078.9245647243,0.0,0.0,0.0,0.0,0.0
2017-02-28,1074078.9245647243,0.0,0.0,0.0,0.0,0.0
2017-03-01,1074078.9245647243,0.0,0.0,0.0,0.0,0.0
2017-03-02,1074078.9245647243,0.0,0.0,0.0,0.0,0.0
2017-03-03,1074078.9245647243,0.0,0.0,0.0,0.0,0.0
2017-03-06,1074078.9245647243,0.0,0.0,0.0,0.0,0.0
2017-03-07,1074078.9245647243,0.0,0.0,0.0,0.0,0.0
2017-03-08,1074078.9245647243,0.0,0.0,0.0,0.0,0.0
2017-03-09,1074078.9245647243,0.0,0.0,0.0,0.0,0.0
2017-03-10,1074078.9245647243,0.0,0.0,0.0,0.0,0.0
2017-03-13,1074078.9245647243,0.0,0.0,0.0,0.0,0.0
2017-03-14,1074078.9245647243,0.0,0.0,0.0,0.0,0.0
2017-03-15,1074078.9245647243,0.0,0.0,0.0,0.0,0.0
2017-03-16,1074078.9245647243,0.0,0.0,0.0,0.0,0.0
2017-03-17,1074078.9245647243,0.0,0.0,0.0,0.0,0.0
2017-03-20,1074078.9245647243,0.0,0.0,0.0,0.0,0.0
2017-03-21,1074078.9245647243,0.0,0.0,0.0,0.0,0.0
2017-03-22,1074078.9245647243,0.0,0.0,0.0,0.0,0.0
2017-03-23,1074078.9245647243,0.0,0.0,0.0,0.0,0.0
2017-03-24,1074078.9245647243,0.0,0.0,0.0,0.0,0.0
2017-03-27,1074078.9245647243,0.0,0.0,0.0,0.0,0.0
2017-03-28,1074078.9245647243,0.0,0.0,0.0,0.0,0.0
2017-03-29,1074078.9245647243,0.0,0.0,0.0,0.0,0.0
2017-03-30,1074078.9245647243,0.0,0.0,0.0,0.0,0.0
2017-03-31,1074078.9245647243,0.0,0.0,0.0,0.0,0.0
2017-04-03,1074078.9245647243,0.0,0.0,0.0,0.0,0.0
2017-04-04,1074078.9245647243,0.0,0.0,0.0,0.0,0.0
2017-04-05,1074078.9245647243,0.0,0.0,0.0,0.0,0.0
2017-04-06,1074078.9245647243,0.0,0.0,0.0,0.0,0.0
2017-04-07,1074078.9245647243,0.0,0.0,0.0,0.0,0.0
2017-04-10,1074078.9245647243,0.0,0.0,0.0,0.0,0.0
2017-04-11,1074078.9245647243,0.0,0.0,0.0,0.0,0.0
2017-04-12,1073541.885102442,0.0,537.0394622823621,-0.0005,0.042263064432119926,0.5
2017-04-13,1055859.416870774,-17145.697289116797,536.770942551221,-0.01621222109533469,0.0,0.0
2017-04-17,1055859.416870774,0.0,0.0,0.0,0.0,0.0
2017-04-18,1055331.4871623386,0.0,527.929708435387,-0.0005,-0.4486648810130439,-0.5
2017-04-19,1064636.7959184381,9305.308756099459,0.0,0.008895866038723181,-0.3837008204277803,-0.5
2017-04-20,1087683.3157878446,23046.519869406526,0.0,0.022126281705342685,-0.20686338572336394,-0.5
2017-04-21,1072489.3643037265,-14106.268168330214,1087.6833157878445,-0.013790247888858622,0.02947172678090912,0.5
2017-04-24,1062145.5245741494,-9807.595047425148,536.2446821518632,-0.009557302771855009,-0.3269665572559347,-0.5
2017-04-25,1062145.5245741494,0.0,0.0,0.0,0.0,0.0
2017-04-26,1062145.5245741494,0.0,0.0,0.0,0.0,0.0
2017-04-27,1062145.5245741494,0.0,0.0,0.0,0.0,0.0
2017-04-28,1062145.5245741494,0.0,0.0,0.0,0.0,0.0
2017-05-01,1062145.5245741494,0.0,0.0,0.0,0.0,0.0
2017-05-02,1062145.5245741494,0.0,0.0,0.0,0.0,0.0
2017-05-03,1062145.5245741494,0.0,0.0,0.0,0.0,0.0
2017-05-04,1062145.5245741494,0.0,0.0,0.0,0.0,0.0
2017-05-05,1062145.5245741494,0.0,0.0,0.0,0.0,0.0
2017-05-08,1062145.5245741494,0.0,0.0,0.0,0.0,0.0
2017-05-09,1062145.5245741494,0.0,0.0,0.0,0.0,0.0
2017-05-10,1062145.5245741494,0.0,0.0,0.0,0.0,0.0
2017-05-11,1062145.5245741494,0.0,0.0,0.0,0.0,0.0
2017-05-12,1062145.5245741494,0.0,0.0,0.0,0.0,0.0
2017-05-15,1062145.5245741494,0.0,0.0,0.0,0.0,0.0
2017-05-16,1062145.5245741494,0.0,0.0,0.0,0.0,0.0
2017-05-17,1062145.5245741494,0.0,0.0,0.0,0.0,0.0
2017-05-18,1062145.5245741494,0.0,0.0,0.0,0.0,0.0
2017-05-19,1062145.5245741494,0.0,0.0,0.0,0.0,0.0
2017-05-22,1062145.5245741494,0.0,0.0,0.0,0.0,0.0
2017-05-23,1062145.5245741494,0.0,0.0,0.0,0.0,0.0
2017-05-24,1062145.5245741494,0.0,0.0,0.0,0.0,0.0
2017-05-25,1062145.5245741494,0.0,0.0,0.0,0.0,0.0
2017-05-26,1062145.5245741494,0.0,0.0,0.0,0.0,0.0
2017-05-30,1062145.5245741494,0.0,0.0,0.0,0.0,0.0
2017-05-31,1062145.5245741494,0.0,0.0,0.0,0.0,0.0
2017-06-01,1062145.5245741494,0.0,0.0,0.0,0.0,0.0
2017-06-02,1062145.5245741494,0.0,0.0,0.0,0.0,0.0
2017-06-05,1062145.5245741494,0.0,0.0,0.0,0.0,0.0
2017-06-06,1062145.5245741494,0.0,0.0,0.0,0.0,0.0
2017-06-07,1062145.5245741494,0.0,0.0,0.0,0.0,0.0
2017-06-08,1062145.5245741494,0.0,0.0,0.0,0.0,0.0
2017-06-09,1062145.5245741494,0.0,0.0,0.0,0.0,0.0
2017-06-12,1062145.5245741494,0.0,0.0,0.0,0.0,0.0
2017-06-13,1062145.5245741494,0.0,0.0,0.0,0.0,0.0
2017-06-14,1062145.5245741494,0.0,0.0,0.0,0.0,0.0
2017-06-15,1062145.5245741494,0.0,0.0,0.0,0.0,0.0
2017-06-16,1062145.5245741494,0.0,0.0,0.0,0.0,0.0
2017-06-19,1062145.5245741494,0.0,0.0,0.0,0.0,0.0
2017-06-20,1062145.5245741494,0.0,0.0,0.0,0.0,0.0
2017-06-21,1062145.5245741494,0.0,0.0,0.0,0.0,0.0
2017-06-22,1062145.5245741494,0.0,0.0,0.0,0.0,0.0
2017-06-23,1062145.5245741494,0.0,0.0,0.0,0.0,0.0
2017-06-26,1062145.5245741494,0.0,0.0,0.0,0.0,0.0
2017-06-27,1061614.4518118624,0.0,531.0727622870747,-0.0005,0.30816729966444556,0.5
2017-06-28,1063938.7308525015,2324.279040638998,0.0,0.0021941854086670325,0.4539207884181803,0.5
2017-06-29,1060170.010552479,-3768.7203000224845,0.0,-0.003529731197393429,0.9215631695589133,0.5
2017-06-30,1083205.7243547633,23565.798807560594,530.0850052762395,0.022222284591636263,0.0,0.0
2017-07-03,1083205.7243547633,0.0,0.0,0.0,0.0,0.0
2017-07-05,1083205.7243547633,0.0,0.0,0.0,0.0,0.0
2017-07-06,1083205.7243547633,0.0,0.0,0.0,0.0,0.0
2017-07-07,1083205.7243547633,0.0,0.0,0.0,0.0,0.0
2017-07-10,1083205.7243547633,0.0,0.0,0.0,0.0,0.0
2017-07-11,1083205.7243547633,0.0,0.0,0.0,0.0,0.0
2017-07-12,1083205.7243547633,0.0,0.0,0.0,0.0,0.0
2017-07-13,1083205.7243547633,0.0,0.0,0.0,0.0,0.0
2017-07-14,1083205.7243547633,0.0,0.0,0.0,0.0,0.0
2017-07-17,1083205.7243547633,0.0,0.0,0.0,0.0,0.0
2017-07-18,1083205.7243547633,0.0,0.0,0.0,0.0,0.0
2017-07-19,1083205.7243547633,0.0,0.0,0.0,0.0,0.0
2017-07-20,1083205.7243547633,0.0,0.0,0.0,0.0,0.0
2017-07-21,1083205.7243547633,0.0,0.0,0.0,0.0,0.0
2017-07-24,1083205.7243547633,0.0,0.0,0.0,0.0,0.0
2017-07-25,1083205.7243547633,0.0,0.0,0.0,0.0,0.0
2017-07-26,1083205.7243547633,0.0,0.0,0.0,0.0,0.0
2017-07-27,1083205.7243547633,0.0,0.0,0.0,0.0,0.0
2017-07-28,1083205.7243547633,0.0,0.0,0.0,0.0,0.0
2017-07-31,1083205.7243547633,0.0,0.0,0.0,0.0,0.0
2017-08-01,1083205.7243547633,0.0,0.0,0.0,0.0,0.0
2017-08-02,1083205.7243547633,0.0,0.0,0.0,0.0,0.0
2017-08-03,1083205.7243547633,0.0,0.0,0.0,0.0,0.0
2017-08-04,1083205.7243547633,0.0,0.0,0.0,0.0,0.0
2017-08-07,1083205.7243547633,0.0,0.0,0.0,0.0,0.0
2017-08-08,1083205.7243547633,0.0,0.0,0.0,0.0,0.0
2017-08-09,1083205.7243547633,0.0,0.0,0.0,0.0,0.0
2017-08-10,1083205.7243547633,0.0,0.0,0.0,0.0,0.0
2017-08-11,1083205.7243547633,0.0,0.0,0.0,0.0,0.0
2017-08-14,1083205.7243547633,0.0,0.0,0.0,0.0,0.0
2017-08-15,1083205.7243547633,0.0,0.0,0.0,0.0,0.0
2017-08-16,1083205.7243547633,0.0,0.0,0.0,0.0,0.0
2017-08-17,1083205.7243547633,0.0,0.0,0.0,0.0,0.0
2017-08-18,1083205.7243547633,0.0,0.0,0.0,0.0,0.0
2017-08-21,1083205.7243547633,0.0,0.0,0.0,0.0,0.0
2017-08-22,1083205.7243547633,0.0,0.0,0.0,0.0,0.0
2017-08-23,1083205.7243547633,0.0,0.0,0.0,0.0,0.0
2017-08-24,1083205.7243547633,0.0,0.0,0.0,0.0,0.0
2017-08-25,1083205.7243547633,0.0,0.0,0.0,0.0,0.0
2017-08-28,1083205.7243547633,0.0,0.0,0.0,0.0,0.0
2017-08-29,1083205.7243547633,0.0,0.0,0.0,0.0,0.0
2017-08-30,1083205.7243547633,0.0,0.0,0.0,0.0,0.0
2017-08-31,1083205.7243547633,0.0,0.0,0.0,0.0,0.0
2017-09-01,1083205.7243547633,0.0,0.0,0.0,0.0,0.0
2017-09-05,1083205.7243547633,0.0,0.0,0.0,0.0,0.0
2017-09-06,1083205.7243547633,0.0,0.0,0.0,0.0,0.0
2017-09-07,1083205.7243547633,0.0,0.0,0.0,0.0,0.0
2017-09-08,1083205.7243547633,0.0,0.0,0.0,0.0,0.0
2017-09-11,1083205.7243547633,0.0,0.0,0.0,0.0,0.0
2017-09-12,1083205.7243547633,0.0,0.0,0.0,0.0,0.0
2017-09-13,1083205.7243547633,0.0,0.0,0.0,0.0,0.0
2017-09-14,1083205.7243547633,0.0,0.0,0.0,0.0,0.0
2017-09-15,1083205.7243547633,0.0,0.0,0.0,0.0,0.0
2017-09-18,1083205.7243547633,0.0,0.0,0.0,0.0,0.0
2017-09-19,1083205.7243547633,0.0,0.0,0.0,0.0,0.0
2017-09-20,1083205.7243547633,0.0,0.0,0.0,0.0,0.0
2017-09-21,1083205.7243547633,0.0,0.0,0.0,0.0,0.0
2017-09-22,1083205.7243547633,0.0,0.0,0.0,0.0,0.0
2017-09-25,1083205.7243547633,0.0,0.0,0.0,0.0,0.0
2017-09-26,1083205.7243547633,0.0,0.0,0.0,0.0,0.0
2017-09-27,1083205.7243547633,0.0,0.0,0.0,0.0,0.0
2017-09-28,1083205.7243547633,0.0,0.0,0.0,0.0,0.0
2017-09-29,1083205.7243547633,0.0,0.0,0.0,0.0,0.0
2017-10-02,1083205.7243547633,0.0,0.0,0.0,0.0,0.0
2017-10-03,1083205.7243547633,0.0,0.0,0.0,0.0,0.0
2017-10-04,1083205.7243547633,0.0,0.0,0.0,0.0,0.0
2017-10-05,1083205.7243547633,0.0,0.0,0.0,0.0,0.0
2017-10-06,1083205.7243547633,0.0,0.0,0.0,0.0,0.0
2017-10-09,1083205.7243547633,0.0,0.0,0.0,0.0,0.0
2017-10-10,1083205.7243547633,0.0,0.0,0.0,0.0,0.0
2017-10-11,1083205.7243547633,0.0,0.0,0.0,0.0,0.0
2017-10-12,1083205.7243547633,0.0,0.0,0.0,0.0,0.0
2017-10-13,1083205.7243547633,0.0,0.0,0.0,0.0,0.0
2017-10-16,1083205.7243547633,0.0,0.0,0.0,0.0,0.0
2017-10-17,1083205.7243547633,0.0,0.0,0.0,0.0,0.0
2017-10-18,1083205.7243547633,0.0,0.0,0.0,0.0,0.0
2017-10-19,1083205.7243547633,0.0,0.0,0.0,0.0,0.0
2017-10-20,1083205.7243547633,0.0,0.0,0.0,0.0,0.0
2017-10-23,1083205.7243547633,0.0,0.0,0.0,0.0,0.0
2017-10-24,1083205.7243547633,0.0,0.0,0.0,0.0,0.0
2017-10-25,1083205.7243547633,0.0,0.0,0.0,0.0,0.0
2017-10-26,1083205.7243547633,0.0,0.0,0.0,0.0,0.0
2017-10-27,1083205.7243547633,0.0,0.0,0.0,0.0,0.0
2017-10-30,1083205.7243547633,0.0,0.0,0.0,0.0,0.0
2017-10-31,1083205.7243547633,0.0,0.0,0.0,0.0,0.0
2017-11-01,1083205.7243547633,0.0,0.0,0.0,0.0,0.0
2017-11-02,1083205.7243547633,0.0,0.0,0.0,0.0,0.0
2017-11-03,1083205.7243547633,0.0,0.0,0.0,0.0,0.0
2017-11-06,1083205.7243547633,0.0,0.0,0.0,0.0,0.0
2017-11-07,1083205.7243547633,0.0,0.0,0.0,0.0,0.0
2017-11-08,1083205.7243547633,0.0,0.0,0.0,0.0,0.0
2017-11-09,1083205.7243547633,0.0,0.0,0.0,0.0,0.0
2017-11-10,1083205.7243547633,0.0,0.0,0.0,0.0,0.0
2017-11-13,1083205.7243547633,0.0,0.0,0.0,0.0,0.0
2017-11-14,1083205.7243547633,0.0,0.0,0.0,0.0,0.0
2017-11-15,1083205.7243547633,0.0,0.0,0.0,0.0,0.0
2017-11-16,1083205.7243547633,0.0,0.0,0.0,0.0,0.0
2017-11-17,1083205.7243547633,0.0,0.0,0.0,0.0,0.0
2017-11-20,1083205.7243547633,0.0,0.0,0.0,0.0,0.0
2017-11-21,1083205.7243547633,0.0,0.0,0.0,0.0,0.0
2017-11-22,1083205.7243547633,0.0,0.0,0.0,0.0,0.0
2017-11-24,1083205.7243547633,0.0,0.0,0.0,0.0,0.0
2017-11-27,1083205.7243547633,0.0,0.0,0.0,0.0,0.0
2017-11-28,1083205.7243547633,0.0,0.0,0.0,0.0,0.0
2017-11-29,1083205.7243547633,0.0,0.0,0.0,0.0,0.0
2017-11-30,1083205.7243547633,0.0,0.0,0.0,0.0,0.0
2017-12-01,1083205.7243547633,0.0,0.0,0.0,0.0,0.0
2017-12-04,1083205.7243547633,0.0,0.0,0.0,0.0,0.0
2017-12-05,1083205.7243547633,0.0,0.0,0.0,0.0,0.0
2017-12-06,1083205.7243547633,0.0,0.0,0.0,0.0,0.0
2017-12-07,1083205.7243547633,0.0,0.0,0.0,0.0,0.0
2017-12-08,1083205.7243547633,0.0,0.0,0.0,0.0,0.0
2017-12-11,1083205.7243547633,0.0,0.0,0.0,0.0,0.0
2017-12-12,1083205.7243547633,0.0,0.0,0.0,0.0,0.0
2017-12-13,1083205.7243547633,0.0,0.0,0.0,0.0,0.0
2017-12-14,1083205.7243547633,0.0,0.0,0.0,0.0,0.0
2017-12-15,1083205.7243547633,0.0,0.0,0.0,0.0,0.0
2017-12-18,1083205.7243547633,0.0,0.0,0.0,0.0,0.0
2017-12-19,1083205.7243547633,0.0,0.0,0.0,0.0,0.0
2017-12-20,1083205.7243547633,0.0,0.0,0.0,0.0,0.0
2017-12-21,1083205.7243547633,0.0,0.0,0.0,0.0,0.0
2017-12-22,1083205.7243547633,0.0,0.0,0.0,0.0,0.0
2017-12-26,1083205.7243547633,0.0,0.0,0.0,0.0,0.0
2017-12-27,1083205.7243547633,0.0,0.0,0.0,0.0,0.0
2017-12-28,1083205.7243547633,0.0,0.0,0.0,0.0,0.0
2017-12-29,1083205.7243547633,0.0,0.0,0.0,0.0,0.0
2018-01-02,1083205.7243547633,0.0,0.0,0.0,0.0,0.0
2018-01-03,1083205.7243547633,0.0,0.0,0.0,0.0,0.0
2018-01-04,1083205.7243547633,0.0,0.0,0.0,0.0,0.0
2018-01-05,1083205.7243547633,0.0,0.0,0.0,0.0,0.0
2018-01-08,1083205.7243547633,0.0,0.0,0.0,0.0,0.0
2018-01-09,1083205.7243547633,0.0,0.0,0.0,0.0,0.0
2018-01-10,1083205.7243547633,0.0,0.0,0.0,0.0,0.0
2018-01-11,1083205.7243547633,0.0,0.0,0.0,0.0,0.0
2018-01-12,1083205.7243547633,0.0,0.0,0.0,0.0,0.0
2018-01-16,1083205.7243547633,0.0,0.0,0.0,0.0,0.0
2018-01-17,1083205.7243547633,0.0,0.0,0.0,0.0,0.0
2018-01-18,1083205.7243547633,0.0,0.0,0.0,0.0,0.0
2018-01-19,1083205.7243547633,0.0,0.0,0.0,0.0,0.0
2018-01-22,1083205.7243547633,0.0,0.0,0.0,0.0,0.0
2018-01-23,1083205.7243547633,0.0,0.0,0.0,0.0,0.0
2018-01-24,1083205.7243547633,0.0,0.0,0.0,0.0,0.0
2018-01-25,1083205.7243547633,0.0,0.0,0.0,0.0,0.0
2018-01-26,1083205.7243547633,0.0,0.0,0.0,0.0,0.0
2018-01-29,1083205.7243547633,0.0,0.0,0.0,0.0,0.0
2018-01-30,1083205.7243547633,0.0,0.0,0.0,0.0,0.0
2018-01-31,1083205.7243547633,0.0,0.0,0.0,0.0,0.0
2018-02-01,1083205.7243547633,0.0,0.0,0.0,0.0,0.0
2018-02-02,1083205.7243547633,0.0,0.0,0.0,0.0,0.0
2018-02-05,1083205.7243547633,0.0,0.0,0.0,0.0,0.0
2018-02-06,1083205.7243547633,0.0,0.0,0.0,0.0,0.0
2018-02-07,1083205.7243547633,0.0,0.0,0.0,0.0,0.0
2018-02-08,1083205.7243547633,0.0,0.0,0.0,0.0,0.0
2018-02-09,1083205.7243547633,0.0,0.0,0.0,0.0,0.0
2018-02-12,1083205.7243547633,0.0,0.0,0.0,0.0,0.0
2018-02-13,1083205.7243547633,0.0,0.0,0.0,0.0,0.0
2018-02-14,1083205.7243547633,0.0,0.0,0.0,0.0,0.0
2018-02-15,1083205.7243547633,0.0,0.0,0.0,0.0,0.0
2018-02-16,1083205.7243547633,0.0,0.0,0.0,0.0,0.0
2018-02-20,1083205.7243547633,0.0,0.0,0.0,0.0,0.0
2018-02-21,1083205.7243547633,0.0,0.0,0.0,0.0,0.0
2018-02-22,1083205.7243547633,0.0,0.0,0.0,0.0,0.0
2018-02-23,1083205.7243547633,0.0,0.0,0.0,0.0,0.0
2018-02-26,1083205.7243547633,0.0,0.0,0.0,0.0,0.0
2018-02-27,1083205.7243547633,0.0,0.0,0.0,0.0,0.0
2018-02-28,1083205.7243547633,0.0,0.0,0.0,0.0,0.0
2018-03-01,1083205.7243547633,0.0,0.0,0.0,0.0,0.0
2018-03-02,1083205.7243547633,0.0,0.0,0.0,0.0,0.0
2018-03-05,1083205.7243547633,0.0,0.0,0.0,0.0,0.0
2018-03-06,1083205.7243547633,0.0,0.0,0.0,0.0,0.0
2018-03-07,1083205.7243547633,0.0,0.0,0.0,0.0,0.0
2018-03-08,1083205.7243547633,0.0,0.0,0.0,0.0,0.0
2018-03-09,1083205.7243547633,0.0,0.0,0.0,0.0,0.0
2018-03-12,1083205.7243547633,0.0,0.0,0.0,0.0,0.0
2018-03-13,1083205.7243547633,0.0,0.0,0.0,0.0,0.0
2018-03-14,1083205.7243547633,0.0,0.0,0.0,0.0,0.0
2018-03-15,1083205.7243547633,0.0,0.0,0.0,0.0,0.0
2018-03-16,1083205.7243547633,0.0,0.0,0.0,0.0,0.0
2018-03-19,1083205.7243547633,0.0,0.0,0.0,0.0,0.0
2018-03-20,1083205.7243547633,0.0,0.0,0.0,0.0,0.0
2018-03-21,1083205.7243547633,0.0,0.0,0.0,0.0,0.0
2018-03-22,1083205.7243547633,0.0,0.0,0.0,0.0,0.0
2018-03-23,1083205.7243547633,0.0,0.0,0.0,0.0,0.0
2018-03-26,1083205.7243547633,0.0,0.0,0.0,0.0,0.0
2018-03-27,1083205.7243547633,0.0,0.0,0.0,0.0,0.0
2018-03-28,1083205.7243547633,0.0,0.0,0.0,0.0,0.0
2018-03-29,1083205.7243547633,0.0,0.0,0.0,0.0,0.0
2018-04-02,1083205.7243547633,0.0,0.0,0.0,0.0,0.0
2018-04-03,1083205.7243547633,0.0,0.0,0.0,0.0,0.0
2018-04-04,1083205.7243547633,0.0,0.0,0.0,0.0,0.0
2018-04-05,1083205.7243547633,0.0,0.0,0.0,0.0,0.0
2018-04-06,1083205.7243547633,0.0,0.0,0.0,0.0,0.0
2018-04-09,1083205.7243547633,0.0,0.0,0.0,0.0,0.0
2018-04-10,1083205.7243547633,0.0,0.0,0.0,0.0,0.0
2018-04-11,1083205.7243547633,0.0,0.0,0.0,0.0,0.0
2018-04-12,1083205.7243547633,0.0,0.0,0.0,0.0,0.0
2018-04-13,1083205.7243547633,0.0,0.0,0.0,0.0,0.0
2018-04-16,1083205.7243547633,0.0,0.0,0.0,0.0,0.0
2018-04-17,1083205.7243547633,0.0,0.0,0.0,0.0,0.0
2018-04-18,1083205.7243547633,0.0,0.0,0.0,0.0,0.0
2018-04-19,1083205.7243547633,0.0,0.0,0.0,0.0,0.0
2018-04-20,1083205.7243547633,0.0,0.0,0.0,0.0,0.0
2018-04-23,1083205.7243547633,0.0,0.0,0.0,0.0,0.0
2018-04-24,1083205.7243547633,0.0,0.0,0.0,0.0,0.0
2018-04-25,1083205.7243547633,0.0,0.0,0.0,0.0,0.0
2018-04-26,1083205.7243547633,0.0,0.0,0.0,0.0,0.0
2018-04-27,1083205.7243547633,0.0,0.0,0.0,0.0,0.0
2018-04-30,1083205.7243547633,0.0,0.0,0.0,0.0,0.0
2018-05-01,1083205.7243547633,0.0,0.0,0.0,0.0,0.0
2018-05-02,1083205.7243547633,0.0,0.0,0.0,0.0,0.0
2018-05-03,1083205.7243547633,0.0,0.0,0.0,0.0,0.0
2018-05-04,1083205.7243547633,0.0,0.0,0.0,0.0,0.0
2018-05-07,1083205.7243547633,0.0,0.0,0.0,0.0,0.0
2018-05-08,1083205.7243547633,0.0,0.0,0.0,0.0,0.0
2018-05-09,1083205.7243547633,0.0,0.0,0.0,0.0,0.0
2018-05-10,1083205.7243547633,0.0,0.0,0.0,0.0,0.0
2018-05-11,1083205.7243547633,0.0,0.0,0.0,0.0,0.0
2018-05-14,1083205.7243547633,0.0,0.0,0.0,0.0,0.0
2018-05-15,1083205.7243547633,0.0,0.0,0.0,0.0,0.0
2018-05-16,1083205.7243547633,0.0,0.0,0.0,0.0,0.0
2018-05-17,1083205.7243547633,0.0,0.0,0.0,0.0,0.0
2018-05-18,1083205.7243547633,0.0,0.0,0.0,0.0,0.0
2018-05-21,1083205.7243547633,0.0,0.0,0.0,0.0,0.0
2018-05-22,1083205.7243547633,0.0,0.0,0.0,0.0,0.0
2018-05-23,1083205.7243547633,0.0,0.0,0.0,0.0,0.0
2018-05-24,1083205.7243547633,0.0,0.0,0.0,0.0,0.0
2018-05-25,1083205.7243547633,0.0,0.0,0.0,0.0,0.0
2018-05-29,1083205.7243547633,0.0,0.0,0.0,0.0,0.0
2018-05-30,1083205.7243547633,0.0,0.0,0.0,0.0,0.0
2018-05-31,1083205.7243547633,0.0,0.0,0.0,0.0,0.0
2018-06-01,1083205.7243547633,0.0,0.0,0.0,0.0,0.0
2018-06-04,1083205.7243547633,0.0,0.0,0.0,0.0,0.0
2018-06-05,1083205.7243547633,0.0,0.0,0.0,0.0,0.0
2018-06-06,1083205.7243547633,0.0,0.0,0.0,0.0,0.0
2018-06-07,1083205.7243547633,0.0,0.0,0.0,0.0,0.0
2018-06-08,1083205.7243547633,0.0,0.0,0.0,0.0,0.0
2018-06-11,1083205.7243547633,0.0,0.0,0.0,0.0,0.0
2018-06-12,1083205.7243547633,0.0,0.0,0.0,0.0,0.0
2018-06-13,1083205.7243547633,0.0,0.0,0.0,0.0,0.0
2018-06-14,1083205.7243547633,0.0,0.0,0.0,0.0,0.0
2018-06-15,1083205.7243547633,0.0,0.0,0.0,0.0,0.0
2018-06-18,1083205.7243547633,0.0,0.0,0.0,0.0,0.0
2018-06-19,1083205.7243547633,0.0,0.0,0.0,0.0,0.0
2018-06-20,1083205.7243547633,0.0,0.0,0.0,0.0,0.0
2018-06-21,1083205.7243547633,0.0,0.0,0.0,0.0,0.0
2018-06-22,1083205.7243547633,0.0,0.0,0.0,0.0,0.0
2018-06-25,1083205.7243547633,0.0,0.0,0.0,0.0,0.0
2018-06-26,1083205.7243547633,0.0,0.0,0.0,0.0,0.0
2018-06-27,1083205.7243547633,0.0,0.0,0.0,0.0,0.0
2018-06-28,1083205.7243547633,0.0,0.0,0.0,0.0,0.0
2018-06-29,1083205.7243547633,0.0,0.0,0.0,0.0,0.0
2018-07-02,1083205.7243547633,0.0,0.0,0.0,0.0,0.0
2018-07-03,1083205.7243547633,0.0,0.0,0.0,0.0,0.0
2018-07-05,1083205.7243547633,0.0,0.0,0.0,0.0,0.0
2018-07-06,1083205.7243547633,0.0,0.0,0.0,0.0,0.0
2018-07-09,1083205.7243547633,0.0,0.0,0.0,0.0,0.0
2018-07-10,1083205.7243547633,0.0,0.0,0.0,0.0,0.0
2018-07-11,1083205.7243547633,0.0,0.0,0.0,0.0,0.0
2018-07-12,1083205.7243547633,0.0,0.0,0.0,0.0,0.0
2018-07-13,1083205.7243547633,0.0,0.0,0.0,0.0,0.0
2018-07-16,1083205.7243547633,0.0,0.0,0.0,0.0,0.0
2018-07-17,1083205.7243547633,0.0,0.0,0.0,0.0,0.0
2018-07-18,1083205.7243547633,0.0,0.0,0.0,0.0,0.0
2018-07-19,1083205.7243547633,0.0,0.0,0.0,0.0,0.0
2018-07-20,1083205.7243547633,0.0,0.0,0.0,0.0,0.0
2018-07-23,1083205.7243547633,0.0,0.0,0.0,0.0,0.0
2018-07-24,1083205.7243547633,0.0,0.0,0.0,0.0,0.0
2018-07-25,1083205.7243547633,0.0,0.0,0.0,0.0,0.0
2018-07-26,1083205.7243547633,0.0,0.0,0.0,0.0,0.0
2018-07-27,1083205.7243547633,0.0,0.0,0.0,0.0,0.0
2018-07-30,1083205.7243547633,0.0,0.0,0.0,0.0,0.0
2018-07-31,1083205.7243547633,0.0,0.0,0.0,0.0,0.0
2018-08-01,1083205.7243547633,0.0,0.0,0.0,0.0,0.0
2018-08-02,1083205.7243547633,0.0,0.0,0.0,0.0,0.0
2018-08-03,1083205.7243547633,0.0,0.0,0.0,0.0,0.0
2018-08-06,1083205.7243547633,0.0,0.0,0.0,0.0,0.0
2018-08-07,1083205.7243547633,0.0,0.0,0.0,0.0,0.0
2018-08-08,1083205.7243547633,0.0,0.0,0.0,0.0,0.0
2018-08-09,1083205.7243547633,0.0,0.0,0.0,0.0,0.0
2018-08-10,1083205.7243547633,0.0,0.0,0.0,0.0,0.0
2018-08-13,1083205.7243547633,0.0,0.0,0.0,0.0,0.0
2018-08-14,1083205.7243547633,0.0,0.0,0.0,0.0,0.0
2018-08-15,1083205.7243547633,0.0,0.0,0.0,0.0,0.0
2018-08-16,1083205.7243547633,0.0,0.0,0.0,0.0,0.0
2018-08-17,1083205.7243547633,0.0,0.0,0.0,0.0,0.0
2018-08-20,1083205.7243547633,0.0,0.0,0.0,0.0,0.0
2018-08-21,1083205.7243547633,0.0,0.0,0.0,0.0,0.0
2018-08-22,1083205.7243547633,0.0,0.0,0.0,0.0,0.0
2018-08-23,1083205.7243547633,0.0,0.0,0.0,0.0,0.0
2018-08-24,1083205.7243547633,0.0,0.0,0.0,0.0,0.0
2018-08-27,1083205.7243547633,0.0,0.0,0.0,0.0,0.0
2018-08-28,1083205.7243547633,0.0,0.0,0.0,0.0,0.0
2018-08-29,1083205.7243547633,0.0,0.0,0.0,0.0,0.0
2018-08-30,1083205.7243547633,0.0,0.0,0.0,0.0,0.0
2018-08-31,1083205.7243547633,0.0,0.0,0.0,0.0,0.0
2018-09-04,1083205.7243547633,0.0,0.0,0.0,0.0,0.0
2018-09-05,1083205.7243547633,0.0,0.0,0.0,0.0,0.0
2018-09-06,1083205.7243547633,0.0,0.0,0.0,0.0,0.0
2018-09-07,1083205.7243547633,0.0,0.0,0.0,0.0,0.0
2018-09-10,1083205.7243547633,0.0,0.0,0.0,0.0,0.0
2018-09-11,1083205.7243547633,0.0,0.0,0.0,0.0,0.0
2018-09-12,1083205.7243547633,0.0,0.0,0.0,0.0,0.0
2018-09-13,1083205.7243547633,0.0,0.0,0.0,0.0,0.0
2018-09-14,1083205.7243547633,0.0,0.0,0.0,0.0,0.0
2018-09-17,1083205.7243547633,0.0,0.0,0.0,0.0,0.0
2018-09-18,1083205.7243547633,0.0,0.0,0.0,0.0,0.0
2018-09-19,1083205.7243547633,0.0,0.0,0.0,0.0,0.0
2018-09-20,1083205.7243547633,0.0,0.0,0.0,0.0,0.0
2018-09-21,1083205.7243547633,0.0,0.0,0.0,0.0,0.0
2018-09-24,1083205.7243547633,0.0,0.0,0.0,0.0,0.0
2018-09-25,1083205.7243547633,0.0,0.0,0.0,0.0,0.0
2018-09-26,1083205.7243547633,0.0,0.0,0.0,0.0,0.0
2018-09-27,1083205.7243547633,0.0,0.0,0.0,0.0,0.0
2018-09-28,1083205.7243547633,0.0,0.0,0.0,0.0,0.0
2018-10-01,1083205.7243547633,0.0,0.0,0.0,0.0,0.0
2018-10-02,1083205.7243547633,0.0,0.0,0.0,0.0,0.0
2018-10-03,1083205.7243547633,0.0,0.0,0.0,0.0,0.0
2018-10-04,1083205.7243547633,0.0,0.0,0.0,0.0,0.0
2018-10-05,1083205.7243547633,0.0,0.0,0.0,0.0,0.0
2018-10-08,1083205.7243547633,0.0,0.0,0.0,0.0,0.0
2018-10-09,1083205.7243547633,0.0,0.0,0.0,0.0,0.0
2018-10-10,1083205.7243547633,0.0,0.0,0.0,0.0,0.0
2018-10-11,1083205.7243547633,0.0,0.0,0.0,0.0,0.0
2018-10-12,1083205.7243547633,0.0,0.0,0.0,0.0,0.0
2018-10-15,1083205.7243547633,0.0,0.0,0.0,0.0,0.0
2018-10-16,1083205.7243547633,0.0,0.0,0.0,0.0,0.0
2018-10-17,1083205.7243547633,0.0,0.0,0.0,0.0,0.0
2018-10-18,1083205.7243547633,0.0,0.0,0.0,0.0,0.0
2018-10-19,1083205.7243547633,0.0,0.0,0.0,0.0,0.0
2018-10-22,1083205.7243547633,0.0,0.0,0.0,0.0,0.0
2018-10-23,1083205.7243547633,0.0,0.0,0.0,0.0,0.0
2018-10-24,1083205.7243547633,0.0,0.0,0.0,0.0,0.0
2018-10-25,1083205.7243547633,0.0,0.0,0.0,0.0,0.0
2018-10-26,1083205.7243547633,0.0,0.0,0.0,0.0,0.0
2018-10-29,1083205.7243547633,0.0,0.0,0.0,0.0,0.0
2018-10-30,1083205.7243547633,0.0,0.0,0.0,0.0,0.0
2018-10-31,1083205.7243547633,0.0,0.0,0.0,0.0,0.0
2018-11-01,1083205.7243547633,0.0,0.0,0.0,0.0,0.0
2018-11-02,1083205.7243547633,0.0,0.0,0.0,0.0,0.0
2018-11-05,1083205.7243547633,0.0,0.0,0.0,0.0,0.0
2018-11-06,1083205.7243547633,0.0,0.0,0.0,0.0,0.0
2018-11-07,1083205.7243547633,0.0,0.0,0.0,0.0,0.0
2018-11-08,1083205.7243547633,0.0,0.0,0.0,0.0,0.0
2018-11-09,1083205.7243547633,0.0,0.0,0.0,0.0,0.0
2018-11-12,1083205.7243547633,0.0,0.0,0.0,0.0,0.0
2018-11-13,1083205.7243547633,0.0,0.0,0.0,0.0,0.0
2018-11-14,1083205.7243547633,0.0,0.0,0.0,0.0,0.0
2018-11-15,1083205.7243547633,0.0,0.0,0.0,0.0,0.0
2018-11-16,1083205.7243547633,0.0,0.0,0.0,0.0,0.0
2018-11-19,1083205.7243547633,0.0,0.0,0.0,0.0,0.0
2018-11-20,1083205.7243547633,0.0,0.0,0.0,0.0,0.0
2018-11-21,1083205.7243547633,0.0,0.0,0.0,0.0,0.0
2018-11-23,1083205.7243547633,0.0,0.0,0.0,0.0,0.0
2018-11-26,1083205.7243547633,0.0,0.0,0.0,0.0,0.0
2018-11-27,1083205.7243547633,0.0,0.0,0.0,0.0,0.0
2018-11-28,1083205.7243547633,0.0,0.0,0.0,0.0,0.0
2018-11-29,1083205.7243547633,0.0,0.0,0.0,0.0,0.0
2018-11-30,1083205.7243547633,0.0,0.0,0.0,0.0,0.0
2018-12-03,1083205.7243547633,0.0,0.0,0.0,0.0,0.0
2018-12-04,1083205.7243547633,0.0,0.0,0.0,0.0,0.0
2018-12-06,1083205.7243547633,0.0,0.0,0.0,0.0,0.0
2018-12-07,1083205.7243547633,0.0,0.0,0.0,0.0,0.0
2018-12-10,1083205.7243547633,0.0,0.0,0.0,0.0,0.0
2018-12-11,1083205.7243547633,0.0,0.0,0.0,0.0,0.0
2018-12-12,1083205.7243547633,0.0,0.0,0.0,0.0,0.0
2018-12-13,1083205.7243547633,0.0,0.0,0.0,0.0,0.0
2018-12-14,1083205.7243547633,0.0,0.0,0.0,0.0,0.0
2018-12-17,1083205.7243547633,0.0,0.0,0.0,0.0,0.0
2018-12-18,1083205.7243547633,0.0,0.0,0.0,0.0,0.0
2018-12-19,1083205.7243547633,0.0,0.0,0.0,0.0,0.0
2018-12-20,1083205.7243547633,0.0,0.0,0.0,0.0,0.0
2018-12-21,1083205.7243547633,0.0,0.0,0.0,0.0,0.0
2018-12-24,1083205.7243547633,0.0,0.0,0.0,0.0,0.0
2018-12-26,1083205.7243547633,0.0,0.0,0.0,0.0,0.0
2018-12-27,1083205.7243547633,0.0,0.0,0.0,0.0,0.0
2018-12-28,1083205.7243547633,0.0,0.0,0.0,0.0,0.0
2018-12-31,1083205.7243547633,0.0,0.0,0.0,0.0,0.0
2019-01-02,1083205.7243547633,0.0,0.0,0.0,0.0,0.0
2019-01-03,1083205.7243547633,0.0,0.0,0.0,0.0,0.0
2019-01-04,1083205.7243547633,0.0,0.0,0.0,0.0,0.0
2019-01-07,1083205.7243547633,0.0,0.0,0.0,0.0,0.0
2019-01-08,1083205.7243547633,0.0,0.0,0.0,0.0,0.0
2019-01-09,1083205.7243547633,0.0,0.0,0.0,0.0,0.0
2019-01-10,1083205.7243547633,0.0,0.0,0.0,0.0,0.0
2019-01-11,1083205.7243547633,0.0,0.0,0.0,0.0,0.0
2019-01-14,1083205.7243547633,0.0,0.0,0.0,0.0,0.0
2019-01-15,1083205.7243547633,0.0,0.0,0.0,0.0,0.0
2019-01-16,1083205.7243547633,0.0,0.0,0.0,0.0,0.0
2019-01-17,1083205.7243547633,0.0,0.0,0.0,0.0,0.0
2019-01-18,1083205.7243547633,0.0,0.0,0.0,0.0,0.0
2019-01-22,1083205.7243547633,0.0,0.0,0.0,0.0,0.0
2019-01-23,1083205.7243547633,0.0,0.0,0.0,0.0,0.0
2019-01-24,1083205.7243547633,0.0,0.0,0.0,0.0,0.0
2019-01-25,1083205.7243547633,0.0,0.0,0.0,0.0,0.0
2019-01-28,1083205.7243547633,0.0,0.0,0.0,0.0,0.0
2019-01-29,1083205.7243547633,0.0,0.0,0.0,0.0,0.0
2019-01-30,1083205.7243547633,0.0,0.0,0.0,0.0,0.0
2019-01-31,1083205.7243547633,0.0,0.0,0.0,0.0,0.0
2019-02-01,1083205.7243547633,0.0,0.0,0.0,0.0,0.0
2019-02-04,1083205.7243547633,0.0,0.0,0.0,0.0,0.0
2019-02-05,1083205.7243547633,0.0,0.0,0.0,0.0,0.0
2019-02-06,1083205.7243547633,0.0,0.0,0.0,0.0,0.0
2019-02-07,1083205.7243547633,0.0,0.0,0.0,0.0,0.0
2019-02-08,1083205.7243547633,0.0,0.0,0.0,0.0,0.0
2019-02-11,1083205.7243547633,0.0,0.0,0.0,0.0,0.0
2019-02-12,1083205.7243547633,0.0,0.0,0.0,0.0,0.0
2019-02-13,1083205.7243547633,0.0,0.0,0.0,0.0,0.0
2019-02-14,1083205.7243547633,0.0,0.0,0.0,0.0,0.0
2019-02-15,1083205.7243547633,0.0,0.0,0.0,0.0,0.0
2019-02-19,1083205.7243547633,0.0,0.0,0.0,0.0,0.0
2019-02-20,1083205.7243547633,0.0,0.0,0.0,0.0,0.0
2019-02-21,1083205.7243547633,0.0,0.0,0.0,0.0,0.0
2019-02-22,1083205.7243547633,0.0,0.0,0.0,0.0,0.0
2019-02-25,1083205.7243547633,0.0,0.0,0.0,0.0,0.0
2019-02-26,1083205.7243547633,0.0,0.0,0.0,0.0,0.0
2019-02-27,1083205.7243547633,0.0,0.0,0.0,0.0,0.0
2019-02-28,1083205.7243547633,0.0,0.0,0.0,0.0,0.0
2019-03-01,1083205.7243547633,0.0,0.0,0.0,0.0,0.0
2019-03-04,1083205.7243547633,0.0,0.0,0.0,0.0,0.0
2019-03-05,1083205.7243547633,0.0,0.0,0.0,0.0,0.0
2019-03-06,1083205.7243547633,0.0,0.0,0.0,0.0,0.0
2019-03-07,1083205.7243547633,0.0,0.0,0.0,0.0,0.0
2019-03-08,1083205.7243547633,0.0,0.0,0.0,0.0,0.0
2019-03-11,1083205.7243547633,0.0,0.0,0.0,0.0,0.0
2019-03-12,1083205.7243547633,0.0,0.0,0.0,0.0,0.0
2019-03-13,1083205.7243547633,0.0,0.0,0.0,0.0,0.0
2019-03-14,1083205.7243547633,0.0,0.0,0.0,0.0,0.0
2019-03-15,1083205.7243547633,0.0,0.0,0.0,0.0,0.0
2019-03-18,1083205.7243547633,0.0,0.0,0.0,0.0,0.0
2019-03-19,1083205.7243547633,0.0,0.0,0.0,0.0,0.0
2019-03-20,1083205.7243547633,0.0,0.0,0.0,0.0,0.0
2019-03-21,1083205.7243547633,0.0,0.0,0.0,0.0,0.0
2019-03-22,1083205.7243547633,0.0,0.0,0.0,0.0,0.0
2019-03-25,1083205.7243547633,0.0,0.0,0.0,0.0,0.0
2019-03-26,1083205.7243547633,0.0,0.0,0.0,0.0,0.0
2019-03-27,1083205.7243547633,0.0,0.0,0.0,0.0,0.0
2019-03-28,1083205.7243547633,0.0,0.0,0.0,0.0,0.0
2019-03-29,1083205.7243547633,0.0,0.0,0.0,0.0,0.0
2019-04-01,1082664.1214925859,0.0,541.6028621773817,-0.0005,0.6207603413732972,0.5
2019-04-02,1089410.4170498021,6746.295557216371,0.0,0.006270270270270269,0.43361781097284474,0.5
2019-04-03,1094034.400144241,4623.983094438889,0.0,0.004262574595055414,0.41998070393353915,0.5
2019-04-04,1103013.2178221925,8978.817677951474,0.0,0.008274984086569065,0.5223634149614269,0.5
2019-04-05,1102556.4835705063,-456.73425168620804,0.0,-0.0004139072847682119,0.3806297206424346,0.5
2019-04-08,1106440.3335955164,3883.850025010072,0.0,0.003535038469536286,0.06019906829274184,0.5
2019-04-09,1110082.9355168184,3642.6019213021114,0.0,0.003303055326176713,0.09952823445961748,0.5
2019-04-10,1109402.1814680551,-680.7540487633801,0.0,-0.0006128702757916242,0.1872079384497349,0.5
2019-04-11,1095804.6253814,-12488.153905186868,1109.4021814680552,-0.012120218579234973,-0.035753361900330044,-0.5
2019-04-12,1086448.9868963598,-8259.833859658795,1095.8046253814002,-0.008473815461346634,0.47866259505639686,0.5
2019-04-15,1082415.1416479822,-4033.8452483775736,0.0,-0.003699136868064118,1.4047344641054307,0.5
2019-04-16,1072967.6279428252,-9447.51370515695,0.0,-0.00865265760197775,1.3032782487403778,0.5
2019-04-17,1085676.212368544,12708.584425718742,0.0,0.011986301369863013,0.9602839145070553,0.5
2019-04-18,1076703.681687812,-8972.530680731768,0.0,-0.008196721311475409,0.92542006754632,0.5
2019-04-22,1067936.23742264,-7690.740583484372,1076.7036816878121,-0.008085106382978723,-0.3671809256331775,-0.5
2019-04-23,1077495.7689596713,9559.531537031304,0.0,0.009032258064516128,-0.7651743698661054,-0.5
2019-04-24,1087784.357031335,10288.58807166353,0.0,0.009640666082383877,-0.9149237933516761,-0.5
2019-04-25,1079601.9083280019,-8182.44870333305,0.0,-0.007465963987703118,-0.7060371084381912,-0.5
2019-04-26,1067836.4123784814,-11765.49594952051,0.0,-0.01078050884001725,-0.7210659690510619,-0.5
2019-04-29,1056902.9337534457,-10933.478625035645,0.0,-0.010135135135135136,-0.8532432918297337,-0.5
2019-04-30,1062205.1223843158,5302.18863087013,0.0,0.005042016806722689,-0.8631451883640215,-0.5
2019-05-01,1074316.4138979884,12111.29151367252,0.0,0.01153353267834259,-0.8068549973011269,-0.5
2019-05-02,1060620.5045591851,-13695.909338803222,0.0,-0.012588009387668016,-0.9441845427176698,-0.5
2019-05-03,1059503.120968204,-1117.383590981021,0.0,-0.0010524100189433802,-1.0088920375117156,-0.5
2019-05-06,1069527.8561329579,10024.735164753822,0.0,0.009552112078115049,-0.8225845507298828,-0.5
2019-05-07,1079154.98214187,9627.12600891218,0.0,0.009083044982698964,-0.7973611348656509,-0.5
2019-05-08,1078212.9000972242,-942.0820446458927,0.0,-0.0008722197993894461,-0.8564820833644117,-0.5
2019-05-09,1070930.8521880708,-7282.047909153366,0.0,-0.0067085046526725815,-1.151763657028481,-0.5
2019-05-10,1070010.0174054499,-920.8347826208691,0.0,-0.000859106529209622,-1.3312499270885383,-0.5
2019-05-13,1075980.0303780984,5970.012972648433,0.0,0.0056107034958998705,-1.0666987694477779,-0.5
2019-05-14,1074579.0147135435,-1401.0156645548154,0.0,-0.0013003901170351103,-0.9814499361110651,-0.5
2019-05-15,1068066.4146243704,-6512.600089172991,0.0,-0.006024096385542168,-0.6920358831091287,-0.5
2019-05-16,1060300.320078342,-7766.0945460283565,0.0,-0.007218683651804671,-0.3400715506516644,-0.5
2019-05-17,1063486.5851211406,4246.565362877002,1060.300320078342,0.003017142857142857,0.5631774999229792,0.5
2019-05-20,1071170.0836111787,7683.4984900379895,0.0,0.007277397260273973,0.5400630109042541,0.5
2019-05-21,1084408.2559892808,13238.172378102125,0.0,0.012513255567338281,0.5928070968798571,0.5
2019-05-22,1077093.155325412,-7315.1006638688195,0.0,-0.006700507614213199,0.6476579113352008,0.5
2019-05-23,1079994.5666431142,2901.411317702105,0.0,0.0027010180760440477,0.5728064149653058,0.5
2019-05-24,1089120.6542837506,9126.087640636373,0.0,0.008522136769902306,0.22899319102643534,0.5
2019-05-28,1085368.1104809893,-3752.5438027612,0.0,-0.0034336497677236923,0.05072084758234874,0.5
2019-05-29,1081624.69801831,-2658.044352198341,1085.3681104809893,-0.003440553745928339,-0.047316477591209105,-0.5
2019-05-30,1083842.9603194138,2218.262301103999,0.0,0.002055076037813399,-0.1615770619787076,-0.5
2019-05-31,1090092.466680399,6249.506360985089,0.0,0.005799502899751451,-0.5453516335874348,-0.5
2019-06-03,1100130.4014777476,11128.027264029071,1090.092466680399,0.00930330456745948,1.1961438838414653,0.5
2019-06-04,1102236.1381032898,2105.736625542265,0.0,0.0019177498401875134,0.6484574417806835,0.5
2019-06-05,1111810.6469300345,9574.508826744679,0.0,0.00876255610173114,0.4606040171672379,0.5
2019-06-06,1117830.4463511468,6019.799421112223,0.0,0.005443886097152429,0.7390565864379612,0.5
2019-06-07,1129575.265626777,11744.819275630096,0.0,0.010618363522798251,0.4273793993974986,0.5
2019-06-10,1143488.4602423785,15042.769881228265,1129.575265626777,0.012483435582822085,-0.2829571779983636,-0.5
2019-06-11,1144040.4271563634,1123.711144106111,571.7442301211893,0.0004831792248672044,-0.7559248121731437,-0.5
2019-06-12,1143468.4069427853,0.0,572.0202135781817,-0.0005,-0.6722506859532156,-0.5
2019-06-13,1152596.5620605138,9128.15511772862,0.0,0.00804710500490677,-0.17331576784093547,-0.5
2019-06-14,1158297.9696686484,5701.407608134714,0.0,0.004971167230065619,-0.11692244301294817,-0.5
2019-06-17,1157602.620527784,462.9488288044158,1158.2979696686484,-0.0006005597760895641,0.40206060970556234,0.5
2019-06-18,1164316.7157268452,6714.0951990611475,0.0,0.005833836250251458,0.8499177148693654,0.5
2019-06-19,1166388.4536551847,2071.737928339582,0.0,0.0017825311942959,1.854378132576402,0.5
2019-06-20,1150992.8613788062,-15395.592276378522,0.0,-0.013027415905113747,1.630443930834294,0.5
2019-06-21,1164035.2734057615,13042.412026955311,0.0,0.011461318051575931,1.6023183534501668,0.5
2019-06-24,1160580.4793612252,-3454.794044536292,0.0,-0.0029591635431051484,0.7108068358145088,0.5
2019-06-25,1155267.31235778,-5313.167003445099,0.0,-0.0045571626708936,0.6555886711797744,0.5
2019-06-26,1154571.0885857686,-696.2237720115187,0.0,-0.0006022886970487854,0.3807146489015236,0.5
2019-06-27,1151558.8005404882,-1857.71695669472,1154.5710885857686,-0.002604819277108434,-0.1490218109520352,-0.5
2019-06-28,1158064.7824644458,6505.981923957561,0.0,0.005681818181818182,-0.20830519624746668,-0.5
2019-07-01,1158064.7824644458,0.0,0.0,0.0,0.0,0.0
2019-07-02,1158064.7824644458,0.0,0.0,0.0,0.0,0.0
2019-07-03,1158064.7824644458,0.0,0.0,0.0,0.0,0.0
2019-07-05,1158064.7824644458,0.0,0.0,0.0,0.0,0.0
2019-07-08,1158064.7824644458,0.0,0.0,0.0,0.0,0.0
2019-07-09,1158064.7824644458,0.0,0.0,0.0,0.0,0.0
2019-07-10,1158064.7824644458,0.0,0.0,0.0,0.0,0.0
2019-07-11,1158064.7824644458,0.0,0.0,0.0,0.0,0.0
2019-07-12,1158064.7824644458,0.0,0.0,0.0,0.0,0.0
2019-07-15,1158064.7824644458,0.0,0.0,0.0,0.0,0.0
2019-07-16,1158064.7824644458,0.0,0.0,0.0,0.0,0.0
2019-07-17,1158064.7824644458,0.0,0.0,0.0,0.0,0.0
2019-07-18,1158064.7824644458,0.0,0.0,0.0,0.0,0.0
2019-07-19,1158064.7824644458,0.0,0.0,0.0,0.0,0.0
2019-07-22,1158064.7824644458,0.0,0.0,0.0,0.0,0.0
2019-07-23,1158064.7824644458,0.0,0.0,0.0,0.0,0.0
2019-07-24,1158064.7824644458,0.0,0.0,0.0,0.0,0.0
2019-07-25,1158064.7824644458,0.0,0.0,0.0,0.0,0.0
2019-07-26,1158064.7824644458,0.0,0.0,0.0,0.0,0.0
2019-07-29,1158064.7824644458,0.0,0.0,0.0,0.0,0.0
2019-07-30,1158064.7824644458,0.0,0.0,0.0,0.0,0.0
2019-07-31,1158064.7824644458,0.0,0.0,0.0,0.0,0.0
2019-08-01,1158064.7824644458,0.0,0.0,0.0,0.0,0.0
2019-08-02,1158064.7824644458,0.0,0.0,0.0,0.0,0.0
2019-08-05,1158064.7824644458,0.0,0.0,0.0,0.0,0.0
2019-08-06,1158064.7824644458,0.0,0.0,0.0,0.0,0.0
2019-08-07,1158064.7824644458,0.0,0.0,0.0,0.0,0.0
2019-08-08,1158064.7824644458,0.0,0.0,0.0,0.0,0.0
2019-08-09,1158064.7824644458,0.0,0.0,0.0,0.0,0.0
2019-08-12,1158064.7824644458,0.0,0.0,0.0,0.0,0.0
2019-08-13,1158064.7824644458,0.0,0.0,0.0,0.0,0.0
2019-08-14,1158064.7824644458,0.0,0.0,0.0,0.0,0.0
2019-08-15,1158064.7824644458,0.0,0.0,0.0,0.0,0.0
2019-08-16,1158064.7824644458,0.0,0.0,0.0,0.0,0.0
2019-08-19,1158064.7824644458,0.0,0.0,0.0,0.0,0.0
2019-08-20,1158064.7824644458,0.0,0.0,0.0,0.0,0.0
2019-08-21,1158064.7824644458,0.0,0.0,0.0,0.0,0.0
2019-08-22,1158064.7824644458,0.0,0.0,0.0,0.0,0.0
2019-08-23,1158064.7824644458,0.0,0.0,0.0,0.0,0.0
2019-08-26,1158064.7824644458,0.0,0.0,0.0,0.0,0.0
2019-08-27,1158064.7824644458,0.0,0.0,0.0,0.0,0.0
2019-08-28,1158064.7824644458,0.0,0.0,0.0,0.0,0.0
2019-08-29,1158064.7824644458,0.0,0.0,0.0,0.0,0.0
2019-08-30,1158064.7824644458,0.0,0.0,0.0,0.0,0.0
2019-09-03,1158064.7824644458,0.0,0.0,0.0,0.0,0.0
2019-09-04,1158064.7824644458,0.0,0.0,0.0,0.0,0.0
2019-09-05,1158064.7824644458,0.0,0.0,0.0,0.0,0.0
2019-09-06,1158064.7824644458,0.0,0.0,0.0,0.0,0.0
2019-09-09,1158064.7824644458,0.0,0.0,0.0,0.0,0.0
2019-09-10,1158064.7824644458,0.0,0.0,0.0,0.0,0.0
2019-09-11,1158064.7824644458,0.0,0.0,0.0,0.0,0.0
2019-09-12,1158064.7824644458,0.0,0.0,0.0,0.0,0.0
2019-09-13,1158064.7824644458,0.0,0.0,0.0,0.0,0.0
2019-09-16,1158064.7824644458,0.0,0.0,0.0,0.0,0.0
2019-09-17,1158064.7824644458,0.0,0.0,0.0,0.0,0.0
2019-09-18,1158064.7824644458,0.0,0.0,0.0,0.0,0.0
2019-09-19,1158064.7824644458,0.0,0.0,0.0,0.0,0.0
2019-09-20,1158064.7824644458,0.0,0.0,0.0,0.0,0.0
2019-09-23,1158064.7824644458,0.0,0.0,0.0,0.0,0.0
2019-09-24,1158064.7824644458,0.0,0.0,0.0,0.0,0.0
2019-09-25,1158064.7824644458,0.0,0.0,0.0,0.0,0.0
2019-09-26,1158064.7824644458,0.0,0.0,0.0,0.0,0.0
2019-09-27,1158064.7824644458,0.0,0.0,0.0,0.0,0.0
2019-09-30,1158064.7824644458,0.0,0.0,0.0,0.0,0.0
2019-10-01,1158064.7824644458,0.0,0.0,0.0,0.0,0.0
2019-10-02,1158064.7824644458,0.0,0.0,0.0,0.0,0.0
2019-10-03,1158064.7824644458,0.0,0.0,0.0,0.0,0.0
2019-10-04,1158064.7824644458,0.0,0.0,0.0,0.0,0.0
2019-10-07,1158064.7824644458,0.0,0.0,0.0,0.0,0.0
2019-10-08,1158064.7824644458,0.0,0.0,0.0,0.0,0.0
2019-10-09,1158064.7824644458,0.0,0.0,0.0,0.0,0.0
2019-10-10,1158064.7824644458,0.0,0.0,0.0,0.0,0.0
2019-10-11,1158064.7824644458,0.0,0.0,0.0,0.0,0.0
2019-10-14,1158064.7824644458,0.0,0.0,0.0,0.0,0.0
2019-10-15,1158064.7824644458,0.0,0.0,0.0,0.0,0.0
2019-10-16,1158064.7824644458,0.0,0.0,0.0,0.0,0.0
2019-10-17,1158064.7824644458,0.0,0.0,0.0,0.0,0.0
2019-10-18,1158064.7824644458,0.0,0.0,0.0,0.0,0.0
2019-10-21,1158064.7824644458,0.0,0.0,0.0,0.0,0.0
2019-10-22,1158064.7824644458,0.0,0.0,0.0,0.0,0.0
2019-10-23,1158064.7824644458,0.0,0.0,0.0,0.0,0.0
2019-10-24,1158064.7824644458,0.0,0.0,0.0,0.0,0.0
2019-10-25,1158064.7824644458,0.0,0.0,0.0,0.0,0.0
2019-10-28,1158064.7824644458,0.0,0.0,0.0,0.0,0.0
2019-10-29,1158064.7824644458,0.0,0.0,0.0,0.0,0.0
2019-10-30,1158064.7824644458,0.0,0.0,0.0,0.0,0.0
2019-10-31,1158064.7824644458,0.0,0.0,0.0,0.0,0.0
2019-11-01,1158064.7824644458,0.0,0.0,0.0,0.0,0.0
2019-11-04,1158064.7824644458,0.0,0.0,0.0,0.0,0.0
2019-11-05,1158064.7824644458,0.0,0.0,0.0,0.0,0.0
2019-11-06,1158064.7824644458,0.0,0.0,0.0,0.0,0.0
2019-11-07,1158064.7824644458,0.0,0.0,0.0,0.0,0.0
2019-11-08,1158064.7824644458,0.0,0.0,0.0,0.0,0.0
2019-11-11,1158064.7824644458,0.0,0.0,0.0,0.0,0.0
2019-11-12,1158064.7824644458,0.0,0.0,0.0,0.0,0.0
2019-11-13,1158064.7824644458,0.0,0.0,0.0,0.0,0.0
2019-11-14,1158064.7824644458,0.0,0.0,0.0,0.0,0.0
2019-11-15,1158064.7824644458,0.0,0.0,0.0,0.0,0.0
2019-11-18,1158064.7824644458,0.0,0.0,0.0,0.0,0.0
2019-11-19,1158064.7824644458,0.0,0.0,0.0,0.0,0.0
2019-11-20,1158064.7824644458,0.0,0.0,0.0,0.0,0.0
2019-11-21,1158064.7824644458,0.0,0.0,0.0,0.0,0.0
2019-11-22,1158064.7824644458,0.0,0.0,0.0,0.0,0.0
2019-11-25,1158064.7824644458,0.0,0.0,0.0,0.0,0.0
2019-11-26,1158064.7824644458,0.0,0.0,0.0,0.0,0.0
2019-11-27,1158064.7824644458,0.0,0.0,0.0,0.0,0.0
2019-11-29,1158064.7824644458,0.0,0.0,0.0,0.0,0.0
2019-12-02,1158064.7824644458,0.0,0.0,0.0,0.0,0.0
2019-12-03,1158064.7824644458,0.0,0.0,0.0,0.0,0.0
2019-12-04,1158064.7824644458,0.0,0.0,0.0,0.0,0.0
2019-12-05,1158064.7824644458,0.0,0.0,0.0,0.0,0.0
2019-12-06,1158064.7824644458,0.0,0.0,0.0,0.0,0.0
2019-12-09,1158064.7824644458,0.0,0.0,0.0,0.0,0.0
2019-12-10,1158064.7824644458,0.0,0.0,0.0,0.0,0.0
2019-12-11,1158064.7824644458,0.0,0.0,0.0,0.0,0.0
2019-12-12,1158064.7824644458,0.0,0.0,0.0,0.0,0.0
2019-12-13,1158064.7824644458,0.0,0.0,0.0,0.0,0.0
2019-12-16,1158064.7824644458,0.0,0.0,0.0,0.0,0.0
2019-12-17,1158064.7824644458,0.0,0.0,0.0,0.0,0.0
2019-12-18,1158064.7824644458,0.0,0.0,0.0,0.0,0.0
2019-12-19,1158064.7824644458,0.0,0.0,0.0,0.0,0.0
2019-12-20,1158064.7824644458,0.0,0.0,0.0,0.0,0.0
2019-12-23,1158064.7824644458,0.0,0.0,0.0,0.0,0.0
2019-12-24,1158064.7824644458,0.0,0.0,0.0,0.0,0.0
2019-12-26,1158064.7824644458,0.0,0.0,0.0,0.0,0.0
2019-12-27,1158064.7824644458,0.0,0.0,0.0,0.0,0.0
2019-12-30,1158064.7824644458,0.0,0.0,0.0,0.0,0.0
2019-12-31,1158064.7824644458,0.0,0.0,0.0,0.0,0.0
2020-01-02,1158064.7824644458,0.0,0.0,0.0,0.0,0.0
2020-01-03,1158064.7824644458,0.0,0.0,0.0,0.0,0.0
2020-01-06,1158064.7824644458,0.0,0.0,0.0,0.0,0.0
2020-01-07,1158064.7824644458,0.0,0.0,0.0,0.0,0.0
2020-01-08,1158064.7824644458,0.0,0.0,0.0,0.0,0.0
2020-01-09,1158064.7824644458,0.0,0.0,0.0,0.0,0.0
2020-01-10,1158064.7824644458,0.0,0.0,0.0,0.0,0.0
2020-01-13,1158064.7824644458,0.0,0.0,0.0,0.0,0.0
2020-01-14,1158064.7824644458,0.0,0.0,0.0,0.0,0.0
2020-01-15,1158064.7824644458,0.0,0.0,0.0,0.0,0.0
2020-01-16,1158064.7824644458,0.0,0.0,0.0,0.0,0.0
2020-01-17,1158064.7824644458,0.0,0.0,0.0,0.0,0.0
2020-01-21,1158064.7824644458,0.0,0.0,0.0,0.0,0.0
2020-01-22,1158064.7824644458,0.0,0.0,0.0,0.0,0.0
2020-01-23,1158064.7824644458,0.0,0.0,0.0,0.0,0.0
2020-01-24,1158064.7824644458,0.0,0.0,0.0,0.0,0.0
2020-01-27,1158064.7824644458,0.0,0.0,0.0,0.0,0.0
2020-01-28,1158064.7824644458,0.0,0.0,0.0,0.0,0.0
2020-01-29,1158064.7824644458,0.0,0.0,0.0,0.0,0.0
2020-01-30,1158064.7824644458,0.0,0.0,0.0,0.0,0.0
2020-01-31,1158064.7824644458,0.0,0.0,0.0,0.0,0.0
2020-02-03,1158064.7824644458,0.0,0.0,0.0,0.0,0.0
2020-02-04,1158064.7824644458,0.0,0.0,0.0,0.0,0.0
2020-02-05,1158064.7824644458,0.0,0.0,0.0,0.0,0.0
2020-02-06,1158064.7824644458,0.0,0.0,0.0,0.0,0.0
2020-02-07,1158064.7824644458,0.0,0.0,0.0,0.0,0.0
2020-02-10,1158064.7824644458,0.0,0.0,0.0,0.0,0.0
2020-02-11,1158064.7824644458,0.0,0.0,0.0,0.0,0.0
2020-02-12,1158064.7824644458,0.0,0.0,0.0,0.0,0.0
2020-02-13,1158064.7824644458,0.0,0.0,0.0,0.0,0.0
2020-02-14,1158064.7824644458,0.0,0.0,0.0,0.0,0.0
2020-02-18,1158064.7824644458,0.0,0.0,0.0,0.0,0.0
2020-02-19,1158064.7824644458,0.0,0.0,0.0,0.0,0.0
2020-02-20,1158064.7824644458,0.0,0.0,0.0,0.0,0.0
2020-02-21,1158064.7824644458,0.0,0.0,0.0,0.0,0.0
2020-02-24,1158064.7824644458,0.0,0.0,0.0,0.0,0.0
2020-02-25,1158064.7824644458,0.0,0.0,0.0,0.0,0.0
2020-02-26,1158064.7824644458,0.0,0.0,0.0,0.0,0.0
2020-02-27,1158064.7824644458,0.0,0.0,0.0,0.0,0.0
2020-02-28,1158064.7824644458,0.0,0.0,0.0,0.0,0.0
2020-03-02,1158064.7824644458,0.0,0.0,0.0,0.0,0.0
2020-03-03,1158064.7824644458,0.0,0.0,0.0,0.0,0.0
2020-03-04,1158064.7824644458,0.0,0.0,0.0,0.0,0.0
2020-03-05,1158064.7824644458,0.0,0.0,0.0,0.0,0.0
2020-03-06,1158064.7824644458,0.0,0.0,0.0,0.0,0.0
2020-03-09,1158064.7824644458,0.0,0.0,0.0,0.0,0.0
2020-03-10,1158064.7824644458,0.0,0.0,0.0,0.0,0.0
2020-03-11,1158064.7824644458,0.0,0.0,0.0,0.0,0.0
2020-03-12,1158064.7824644458,0.0,0.0,0.0,0.0,0.0
2020-03-13,1158064.7824644458,0.0,0.0,0.0,0.0,0.0
2020-03-16,1158064.7824644458,0.0,0.0,0.0,0.0,0.0
2020-03-17,1158064.7824644458,0.0,0.0,0.0,0.0,0.0
2020-03-18,1158064.7824644458,0.0,0.0,0.0,0.0,0.0
2020-03-19,1158064.7824644458,0.0,0.0,0.0,0.0,0.0
2020-03-20,1158064.7824644458,0.0,0.0,0.0,0.0,0.0
2020-03-23,1158064.7824644458,0.0,0.0,0.0,0.0,0.0
2020-03-24,1158064.7824644458,0.0,0.0,0.0,0.0,0.0
2020-03-25,1158064.7824644458,0.0,0.0,0.0,0.0,0.0
2020-03-26,1158064.7824644458,0.0,0.0,0.0,0.0,0.0
2020-03-27,1158064.7824644458,0.0,0.0,0.0,0.0,0.0
2020-03-30,1158064.7824644458,0.0,0.0,0.0,0.0,0.0
2020-03-31,1158064.7824644458,0.0,0.0,0.0,0.0,0.0
2020-04-01,1158064.7824644458,0.0,0.0,0.0,0.0,0.0
2020-04-02,1158064.7824644458,0.0,0.0,0.0,0.0,0.0
2020-04-03,1158064.7824644458,0.0,0.0,0.0,0.0,0.0
2020-04-06,1158064.7824644458,0.0,0.0,0.0,0.0,0.0
2020-04-07,1158064.7824644458,0.0,0.0,0.0,0.0,0.0
2020-04-08,1158064.7824644458,0.0,0.0,0.0,0.0,0.0
2020-04-09,1158064.7824644458,0.0,0.0,0.0,0.0,0.0
2020-04-13,1158064.7824644458,0.0,0.0,0.0,0.0,0.0
2020-04-14,1158064.7824644458,0.0,0.0,0.0,0.0,0.0
2020-04-15,1158064.7824644458,0.0,0.0,0.0,0.0,0.0
2020-04-16,1158064.7824644458,0.0,0.0,0.0,0.0,0.0
2020-04-17,1158064.7824644458,0.0,0.0,0.0,0.0,0.0
2020-04-20,1158064.7824644458,0.0,0.0,0.0,0.0,0.0
2020-04-21,1158064.7824644458,0.0,0.0,0.0,0.0,0.0
2020-04-22,1158064.7824644458,0.0,0.0,0.0,0.0,0.0
2020-04-23,1158064.7824644458,0.0,0.0,0.0,0.0,0.0
2020-04-24,1158064.7824644458,0.0,0.0,0.0,0.0,0.0
2020-04-27,1158064.7824644458,0.0,0.0,0.0,0.0,0.0
2020-04-28,1158064.7824644458,0.0,0.0,0.0,0.0,0.0
2020-04-29,1158064.7824644458,0.0,0.0,0.0,0.0,0.0
2020-04-30,1158064.7824644458,0.0,0.0,0.0,0.0,0.0
2020-05-01,1158064.7824644458,0.0,0.0,0.0,0.0,0.0
2020-05-04,1158064.7824644458,0.0,0.0,0.0,0.0,0.0
2020-05-05,1158064.7824644458,0.0,0.0,0.0,0.0,0.0
2020-05-06,1158064.7824644458,0.0,0.0,0.0,0.0,0.0
2020-05-07,1158064.7824644458,0.0,0.0,0.0,0.0,0.0
2020-05-08,1158064.7824644458,0.0,0.0,0.0,0.0,0.0
2020-05-11,1158064.7824644458,0.0,0.0,0.0,0.0,0.0
2020-05-12,1158064.7824644458,0.0,0.0,0.0,0.0,0.0
2020-05-13,1158064.7824644458,0.0,0.0,0.0,0.0,0.0
2020-05-14,1158064.7824644458,0.0,0.0,0.0,0.0,0.0
2020-05-15,1157485.7500732136,0.0,579.032391232223,-0.0005,1.3492837289254123,0.5
2020-05-18,1158691.966986587,1206.216913373503,0.0,0.0010431879824744418,1.0996510470999206,0.5
2020-05-19,1165004.042693599,7470.767673998378,1158.691966986587,0.005482939083106553,-0.5962806669141969,-0.5
2020-05-20,1173137.5411436157,8133.498450016912,0.0,0.007030603804797353,-1.9330006423361725,-0.5
2020-05-21,1188039.9547233244,14902.413579708571,0.0,0.01286648386416368,-2.116438172948984,-0.5
2020-05-22,1174331.8013995937,-13708.153323730667,0.0,-0.011406844106463879,-1.4594771478917958,-0.5
2020-05-26,1174331.8013995937,0.0,0.0,0.0,-0.14266020726123066,-0.5
2020-05-27,1181935.035702724,7603.234303130201,0.0,0.006516712213579987,-0.10258796079374602,-0.5
2020-05-28,1165428.9602993429,-16506.075403381248,0.0,-0.013772954924874792,-0.20961959640663005,-0.5
2020-05-29,1159431.487263632,-5997.473035710904,0.0,-0.005119803399549457,-0.7283552500054437,-0.5
2020-06-01,1150218.4008733954,-9213.086390236685,0.0,-0.007883565797453003,-0.5574764348237905,-0.5
2020-06-02,1171211.1554821958,20992.75460880044,0.0,0.018590398365679266,-0.5871428549032387,-0.5
2020-06-03,1172917.7495888518,1706.594106655989,0.0,0.0014592453616843863,-0.38504653175746745,-0.5
2020-06-04,1172672.8815826746,-244.86800617721335,0.0,-0.00020872469213107912,-0.1249682365959344,-0.5
2020-06-05,1172183.4521663212,-489.42941635337,0.0,-0.00041718815185648727,-0.2532345096275193,-0.5
2020-06-08,1168517.3237713056,-3666.1283950156003,0.0,-0.0031178549158179174,-0.650272188602085,-0.5
2020-06-09,1150741.8653606088,-17191.19974881117,584.2586618856528,-0.014991423320400247,0.0,0.0
2020-06-10,1150166.4944279285,0.0,575.3709326803045,-0.0005,-1.1948159937141962,-0.5
2020-06-11,1174736.7515447258,25145.34036401139,575.0832472139642,0.021839817880794702,0.0,0.0
2020-06-12,1174736.7515447258,0.0,0.0,0.0,0.0,0.0
2020-06-15,1174736.7515447258,0.0,0.0,0.0,0.0,0.0
2020-06-16,1174736.7515447258,0.0,0.0,0.0,0.0,0.0
2020-06-17,1174736.7515447258,0.0,0.0,0.0,0.0,0.0
2020-06-18,1174736.7515447258,0.0,0.0,0.0,0.0,0.0
2020-06-19,1174736.7515447258,0.0,0.0,0.0,0.0,0.0
2020-06-22,1174149.3831689535,0.0,587.3683757723629,-0.0005,0.9487610253574369,0.5
2020-06-23,1179031.501186288,4882.1180173345265,0.0,0.004175365344467641,0.8226259427060122,0.5
2020-06-24,1182921.0896438097,3889.588457521775,0.0,0.00330988829127017,1.2377943148660646,0.5
2020-06-25,1202305.29430819,19384.20466438033,0.0,0.016659725114535607,1.2984018304061813,0.5
2020-06-26,1161404.737706636,-40299.403954399866,601.152647154095,-0.032915179428132796,0.0,0.0
2020-06-29,1161404.737706636,0.0,0.0,0.0,0.0,0.0
2020-06-30,1161404.737706636,0.0,0.0,0.0,0.0,0.0
2020-07-01,1161404.737706636,0.0,0.0,0.0,0.0,0.0
2020-07-02,1161404.737706636,0.0,0.0,0.0,0.0,0.0
2020-07-06,1161404.737706636,0.0,0.0,0.0,0.0,0.0
2020-07-07,1161404.737706636,0.0,0.0,0.0,0.0,0.0
2020-07-08,1161404.737706636,0.0,0.0,0.0,0.0,0.0
2020-07-09,1161404.737706636,0.0,0.0,0.0,0.0,0.0
2020-07-10,1161404.737706636,0.0,0.0,0.0,0.0,0.0
2020-07-13,1161404.737706636,0.0,0.0,0.0,0.0,0.0
2020-07-14,1161404.737706636,0.0,0.0,0.0,0.0,0.0
2020-07-15,1161404.737706636,0.0,0.0,0.0,0.0,0.0
2020-07-16,1161404.737706636,0.0,0.0,0.0,0.0,0.0
2020-07-17,1161404.737706636,0.0,0.0,0.0,0.0,0.0
2020-07-20,1161404.737706636,0.0,0.0,0.0,0.0,0.0
2020-07-21,1161404.737706636,0.0,0.0,0.0,0.0,0.0
2020-07-22,1161404.737706636,0.0,0.0,0.0,0.0,0.0
2020-07-23,1161404.737706636,0.0,0.0,0.0,0.0,0.0
2020-07-24,1161404.737706636,0.0,0.0,0.0,0.0,0.0
2020-07-27,1161404.737706636,0.0,0.0,0.0,0.0,0.0
2020-07-28,1161404.737706636,0.0,0.0,0.0,0.0,0.0
2020-07-29,1161404.737706636,0.0,0.0,0.0,0.0,0.0
2020-07-30,1161404.737706636,0.0,0.0,0.0,0.0,0.0
2020-07-31,1161404.737706636,0.0,0.0,0.0,0.0,0.0
2020-08-03,1161404.737706636,0.0,0.0,0.0,0.0,0.0
2020-08-04,1161404.737706636,0.0,0.0,0.0,0.0,0.0
2020-08-05,1161404.737706636,0.0,0.0,0.0,0.0,0.0
2020-08-06,1161404.737706636,0.0,0.0,0.0,0.0,0.0
2020-08-07,1161404.737706636,0.0,0.0,0.0,0.0,0.0
2020-08-10,1161404.737706636,0.0,0.0,0.0,0.0,0.0
2020-08-11,1161404.737706636,0.0,0.0,0.0,0.0,0.0
2020-08-12,1161404.737706636,0.0,0.0,0.0,0.0,0.0
2020-08-13,1161404.737706636,0.0,0.0,0.0,0.0,0.0
2020-08-14,1161404.737706636,0.0,0.0,0.0,0.0,0.0
2020-08-17,1161404.737706636,0.0,0.0,0.0,0.0,0.0
2020-08-18,1161404.737706636,0.0,0.0,0.0,0.0,0.0
2020-08-19,1161404.737706636,0.0,0.0,0.0,0.0,0.0
2020-08-20,1161404.737706636,0.0,0.0,0.0,0.0,0.0
2020-08-21,1161404.737706636,0.0,0.0,0.0,0.0,0.0
2020-08-24,1161404.737706636,0.0,0.0,0.0,0.0,0.0
2020-08-25,1161404.737706636,0.0,0.0,0.0,0.0,0.0
2020-08-26,1161404.737706636,0.0,0.0,0.0,0.0,0.0
2020-08-27,1161404.737706636,0.0,0.0,0.0,0.0,0.0
2020-08-28,1161404.737706636,0.0,0.0,0.0,0.0,0.0
2020-08-31,1161404.737706636,0.0,0.0,0.0,0.0,0.0
2020-09-01,1161404.737706636,0.0,0.0,0.0,0.0,0.0
2020-09-02,1161404.737706636,0.0,0.0,0.0,0.0,0.0
2020-09-03,1161404.737706636,0.0,0.0,0.0,0.0,0.0
2020-09-04,1161404.737706636,0.0,0.0,0.0,0.0,0.0
2020-09-08,1161404.737706636,0.0,0.0,0.0,0.0,0.0
2020-09-09,1161404.737706636,0.0,0.0,0.0,0.0,0.0
2020-09-10,1161404.737706636,0.0,0.0,0.0,0.0,0.0
2020-09-11,1161404.737706636,0.0,0.0,0.0,0.0,0.0
2020-09-14,1161404.737706636,0.0,0.0,0.0,0.0,0.0
2020-09-15,1161404.737706636,0.0,0.0,0.0,0.0,0.0
2020-09-16,1161404.737706636,0.0,0.0,0.0,0.0,0.0
2020-09-17,1161404.737706636,0.0,0.0,0.0,0.0,0.0
2020-09-18,1161404.737706636,0.0,0.0,0.0,0.0,0.0
2020-09-21,1161404.737706636,0.0,0.0,0.0,0.0,0.0
2020-09-22,1161404.737706636,0.0,0.0,0.0,0.0,0.0
2020-09-23,1161404.737706636,0.0,0.0,0.0,0.0,0.0
2020-09-24,1161404.737706636,0.0,0.0,0.0,0.0,0.0
2020-09-25,1161404.737706636,0.0,0.0,0.0,0.0,0.0
2020-09-28,1161404.737706636,0.0,0.0,0.0,0.0,0.0
2020-09-29,1161404.737706636,0.0,0.0,0.0,0.0,0.0
2020-09-30,1161404.737706636,0.0,0.0,0.0,0.0,0.0
2020-10-01,1161404.737706636,0.0,0.0,0.0,0.0,0.0
2020-10-02,1161404.737706636,0.0,0.0,0.0,0.0,0.0
2020-10-05,1161404.737706636,0.0,0.0,0.0,0.0,0.0
2020-10-06,1161404.737706636,0.0,0.0,0.0,0.0,0.0
2020-10-07,1161404.737706636,0.0,0.0,0.0,0.0,0.0
2020-10-08,1161404.737706636,0.0,0.0,0.0,0.0,0.0
2020-10-09,1161404.737706636,0.0,0.0,0.0,0.0,0.0
2020-10-12,1161404.737706636,0.0,0.0,0.0,0.0,0.0
2020-10-13,1161404.737706636,0.0,0.0,0.0,0.0,0.0
2020-10-14,1161404.737706636,0.0,0.0,0.0,0.0,0.0
2020-10-15,1161404.737706636,0.0,0.0,0.0,0.0,0.0
2020-10-16,1161404.737706636,0.0,0.0,0.0,0.0,0.0
2020-10-19,1161404.737706636,0.0,0.0,0.0,0.0,0.0
2020-10-20,1161404.737706636,0.0,0.0,0.0,0.0,0.0
2020-10-21,1161404.737706636,0.0,0.0,0.0,0.0,0.0
2020-10-22,1161404.737706636,0.0,0.0,0.0,0.0,0.0
2020-10-23,1161404.737706636,0.0,0.0,0.0,0.0,0.0
2020-10-26,1161404.737706636,0.0,0.0,0.0,0.0,0.0
2020-10-27,1161404.737706636,0.0,0.0,0.0,0.0,0.0
2020-10-28,1161404.737706636,0.0,0.0,0.0,0.0,0.0
2020-10-29,1161404.737706636,0.0,0.0,0.0,0.0,0.0
2020-10-30,1161404.737706636,0.0,0.0,0.0,0.0,0.0
2020-11-02,1161404.737706636,0.0,0.0,0.0,0.0,0.0
2020-11-03,1161404.737706636,0.0,0.0,0.0,0.0,0.0
2020-11-04,1161404.737706636,0.0,0.0,0.0,0.0,0.0
2020-11-05,1161404.737706636,0.0,0.0,0.0,0.0,0.0
2020-11-06,1161404.737706636,0.0,0.0,0.0,0.0,0.0
2020-11-09,1161404.737706636,0.0,0.0,0.0,0.0,0.0
2020-11-10,1161404.737706636,0.0,0.0,0.0,0.0,0.0
2020-11-11,1161404.737706636,0.0,0.0,0.0,0.0,0.0
2020-11-12,1161404.737706636,0.0,0.0,0.0,0.0,0.0
2020-11-13,1161404.737706636,0.0,0.0,0.0,0.0,0.0
2020-11-16,1161404.737706636,0.0,0.0,0.0,0.0,0.0
2020-11-17,1161404.737706636,0.0,0.0,0.0,0.0,0.0
2020-11-18,1161404.737706636,0.0,0.0,0.0,0.0,0.0
2020-11-19,1161404.737706636,0.0,0.0,0.0,0.0,0.0
2020-11-20,1161404.737706636,0.0,0.0,0.0,0.0,0.0
2020-11-23,1161404.737706636,0.0,0.0,0.0,0.0,0.0
2020-11-24,1161404.737706636,0.0,0.0,0.0,0.0,0.0
2020-11-25,1161404.737706636,0.0,0.0,0.0,0.0,0.0
2020-11-27,1161404.737706636,0.0,0.0,0.0,0.0,0.0
2020-11-30,1161404.737706636,0.0,0.0,0.0,0.0,0.0
2020-12-01,1161404.737706636,0.0,0.0,0.0,0.0,0.0
2020-12-02,1161404.737706636,0.0,0.0,0.0,0.0,0.0
2020-12-03,1161404.737706636,0.0,0.0,0.0,0.0,0.0
2020-12-04,1161404.737706636,0.0,0.0,0.0,0.0,0.0
2020-12-07,1161404.737706636,0.0,0.0,0.0,0.0,0.0
2020-12-08,1161404.737706636,0.0,0.0,0.0,0.0,0.0
2020-12-09,1161404.737706636,0.0,0.0,0.0,0.0,0.0
2020-12-10,1161404.737706636,0.0,0.0,0.0,0.0,0.0
2020-12-11,1161404.737706636,0.0,0.0,0.0,0.0,0.0
2020-12-14,1161404.737706636,0.0,0.0,0.0,0.0,0.0
2020-12-15,1161404.737706636,0.0,0.0,0.0,0.0,0.0
2020-12-16,1161404.737706636,0.0,0.0,0.0,0.0,0.0
2020-12-17,1161404.737706636,0.0,0.0,0.0,0.0,0.0
2020-12-18,1161404.737706636,0.0,0.0,0.0,0.0,0.0
2020-12-21,1161404.737706636,0.0,0.0,0.0,0.0,0.0
2020-12-22,1161404.737706636,0.0,0.0,0.0,0.0,0.0
2020-12-23,1161404.737706636,0.0,0.0,0.0,0.0,0.0
2020-12-24,1161404.737706636,0.0,0.0,0.0,0.0,0.0
2020-12-28,1161404.737706636,0.0,0.0,0.0,0.0,0.0
2020-12-29,1161404.737706636,0.0,0.0,0.0,0.0,0.0
2020-12-30,1161404.737706636,0.0,0.0,0.0,0.0,0.0
2020-12-31,1161404.737706636,0.0,0.0,0.0,0.0,0.0
2021-01-04,1161404.737706636,0.0,0.0,0.0,0.0,0.0
2021-01-05,1161404.737706636,0.0,0.0,0.0,0.0,0.0
2021-01-06,1161404.737706636,0.0,0.0,0.0,0.0,0.0
2021-01-07,1161404.737706636,0.0,0.0,0.0,0.0,0.0
2021-01-08,1161404.737706636,0.0,0.0,0.0,0.0,0.0
2021-01-11,1161404.737706636,0.0,0.0,0.0,0.0,0.0
2021-01-12,1161404.737706636,0.0,0.0,0.0,0.0,0.0
2021-01-13,1161404.737706636,0.0,0.0,0.0,0.0,0.0
2021-01-14,1161404.737706636,0.0,0.0,0.0,0.0,0.0
2021-01-15,1161404.737706636,0.0,0.0,0.0,0.0,0.0
2021-01-19,1161404.737706636,0.0,0.0,0.0,0.0,0.0
2021-01-20,1161404.737706636,0.0,0.0,0.0,0.0,0.0
2021-01-21,1161404.737706636,0.0,0.0,0.0,0.0,0.0
2021-01-22,1161404.737706636,0.0,0.0,0.0,0.0,0.0
2021-01-25,1161404.737706636,0.0,0.0,0.0,0.0,0.0
2021-01-26,1161404.737706636,0.0,0.0,0.0,0.0,0.0
2021-01-27,1161404.737706636,0.0,0.0,0.0,0.0,0.0
2021-01-28,1161404.737706636,0.0,0.0,0.0,0.0,0.0
2021-01-29,1161404.737706636,0.0,0.0,0.0,0.0,0.0
2021-02-01,1161404.737706636,0.0,0.0,0.0,0.0,0.0
2021-02-02,1161404.737706636,0.0,0.0,0.0,0.0,0.0
2021-02-03,1161404.737706636,0.0,0.0,0.0,0.0,0.0
2021-02-04,1161404.737706636,0.0,0.0,0.0,0.0,0.0
2021-02-05,1161404.737706636,0.0,0.0,0.0,0.0,0.0
2021-02-08,1161404.737706636,0.0,0.0,0.0,0.0,0.0
2021-02-09,1161404.737706636,0.0,0.0,0.0,0.0,0.0
2021-02-10,1161404.737706636,0.0,0.0,0.0,0.0,0.0
2021-02-11,1161404.737706636,0.0,0.0,0.0,0.0,0.0
2021-02-12,1161404.737706636,0.0,0.0,0.0,0.0,0.0
2021-02-16,1161404.737706636,0.0,0.0,0.0,0.0,0.0
2021-02-17,1161404.737706636,0.0,0.0,0.0,0.0,0.0
2021-02-18,1161404.737706636,0.0,0.0,0.0,0.0,0.0
2021-02-19,1161404.737706636,0.0,0.0,0.0,0.0,0.0
2021-02-22,1161404.737706636,0.0,0.0,0.0,0.0,0.0
2021-02-23,1161404.737706636,0.0,0.0,0.0,0.0,0.0
2021-02-24,1161404.737706636,0.0,0.0,0.0,0.0,0.0
2021-02-25,1161404.737706636,0.0,0.0,0.0,0.0,0.0
2021-02-26,1161404.737706636,0.0,0.0,0.0,0.0,0.0
2021-03-01,1161404.737706636,0.0,0.0,0.0,0.0,0.0
2021-03-02,1161404.737706636,0.0,0.0,0.0,0.0,0.0
2021-03-03,1161404.737706636,0.0,0.0,0.0,0.0,0.0
2021-03-04,1161404.737706636,0.0,0.0,0.0,0.0,0.0
2021-03-05,1161404.737706636,0.0,0.0,0.0,0.0,0.0
2021-03-08,1161404.737706636,0.0,0.0,0.0,0.0,0.0
2021-03-09,1161404.737706636,0.0,0.0,0.0,0.0,0.0
2021-03-10,1161404.737706636,0.0,0.0,0.0,0.0,0.0
2021-03-11,1161404.737706636,0.0,0.0,0.0,0.0,0.0
2021-03-12,1161404.737706636,0.0,0.0,0.0,0.0,0.0
2021-03-15,1161404.737706636,0.0,0.0,0.0,0.0,0.0
2021-03-16,1161404.737706636,0.0,0.0,0.0,0.0,0.0
2021-03-17,1161404.737706636,0.0,0.0,0.0,0.0,0.0
2021-03-18,1161404.737706636,0.0,0.0,0.0,0.0,0.0
2021-03-19,1161404.737706636,0.0,0.0,0.0,0.0,0.0
2021-03-22,1161404.737706636,0.0,0.0,0.0,0.0,0.0
2021-03-23,1161404.737706636,0.0,0.0,0.0,0.0,0.0
2021-03-24,1161404.737706636,0.0,0.0,0.0,0.0,0.0
2021-03-25,1161404.737706636,0.0,0.0,0.0,0.0,0.0
2021-03-26,1161404.737706636,0.0,0.0,0.0,0.0,0.0
2021-03-29,1161404.737706636,0.0,0.0,0.0,0.0,0.0
2021-03-30,1161404.737706636,0.0,0.0,0.0,0.0,0.0
2021-03-31,1161404.737706636,0.0,0.0,0.0,0.0,0.0
2021-04-01,1161404.737706636,0.0,0.0,0.0,0.0,0.0
2021-04-05,1161404.737706636,0.0,0.0,0.0,0.0,0.0
2021-04-06,1161404.737706636,0.0,0.0,0.0,0.0,0.0
2021-04-07,1161404.737706636,0.0,0.0,0.0,0.0,0.0
2021-04-08,1161404.737706636,0.0,0.0,0.0,0.0,0.0
2021-04-09,1161404.737706636,0.0,0.0,0.0,0.0,0.0
2021-04-12,1160824.0353377827,0.0,580.702368853318,-0.0005,-0.15855218893181502,-0.5
2021-04-13,1150770.4262442363,-10053.60909354649,0.0,-0.008586387434554974,-0.6025406941029734,-0.5
2021-04-14,1147664.1107248892,-3106.3155193469834,0.0,-0.0026920687512942635,-0.9273900374297618,-0.5
2021-04-15,1149560.2926509113,1896.1819260221218,0.0,0.0016549441456350847,-0.9184544310459102,-0.5
2021-04-16,1150751.2999992855,1191.0073483743383,0.0,0.0010371292263015972,-1.1359584116501458,-0.5
2021-04-19,1143821.9420881602,-6929.357911125266,0.0,-0.005985552115583075,-2.059734804882157,-0.5
2021-04-20,1157433.2823920406,13611.340303880444,0.0,0.012043189368770763,-1.747437438917693,-0.5
2021-04-21,1152568.0731344027,-4865.209257637834,0.0,-0.004185851820845542,-1.534646394154436,-0.5
2021-04-22,1151847.4178156443,-720.6553187584844,0.0,-0.0006248698187877526,-1.4895763111718017,-0.5
2021-04-23,1149929.2705753185,-1918.1472403258024,0.0,-0.0016625103906899418,-1.011430541319312,-0.5
2021-04-26,1141102.0126891595,-8827.257886159083,0.0,-0.00761787111385629,-0.8945946823660811,-0.5
2021-04-27,1143200.483901706,2098.471212546472,0.0,0.001842374616171955,-1.3637647818108811,-0.5
2021-04-28,1144607.211322422,1406.727420715799,0.0,0.0012320328542094457,-1.4418513015369037,-0.5
2021-04-29,1138253.5117529924,-6353.699569429562,0.0,-0.005520343488039255,-1.257946469318088,-0.5
2021-04-30,1165332.7433258067,27079.231572814177,0.0,0.024369922932722353,-0.9877342716250498,-0.5
2021-05-03,1168815.8044715286,3483.0611457218815,0.0,0.0029978586723768737,-0.13271732013244922,-0.5
2021-05-04,1178943.533169037,11296.54450197998,1168.8158044715287,0.008749512036434613,0.43236987008754246,0.5
2021-05-05,1197275.7694491511,18332.23628011424,0.0,0.01579532814238042,0.9896828280931522,0.5
2021-05-06,1201853.2893833239,4577.519934172626,0.0,0.0038379530916844355,0.5406577020985793,0.5
2021-05-07,1214520.377171934,12667.087788610075,0.0,0.010651896037494675,0.5811502053412476,0.5
2021-05-10,1227307.4414237442,12787.064251810203,0.0,0.010640517421239308,1.2732644132096007,0.5
2021-05-11,1215396.6534762431,-11910.787947500954,0.0,-0.009611533840608729,1.4481231439874032,0.5
2021-05-12,1228177.113131354,12780.45965511101,0.0,0.010627214002917273,1.3671898513711271,0.5
2021-05-13,1224456.8674332583,-3720.245698095782,0.0,-0.0030199315482182403,1.381304519398333,0.5
2021-05-14,1227690.9062948253,3234.0388615669153,0.0,0.00264819718883683,0.600723639234069,0.5
2021-05-17,1243204.7708071514,16127.709965473654,613.8454531474126,0.012804833094409175,0.0,0.0
2021-05-18,1242583.1684217479,0.0,621.6023854035757,-0.0005,-1.332082026783278,-0.5
2021-05-19,1250646.0643165228,8684.187478985858,621.2915842108739,0.006534486225618339,0.0,0.0
2021-05-20,1250646.0643165228,0.0,0.0,0.0,0.0,0.0
2021-05-21,1250646.0643165228,0.0,0.0,0.0,0.0,0.0
2021-05-24,1250646.0643165228,0.0,0.0,0.0,0.0,0.0
2021-05-25,1250646.0643165228,0.0,0.0,0.0,0.0,0.0
2021-05-26,1250646.0643165228,0.0,0.0,0.0,0.0,0.0
2021-05-27,1250646.0643165228,0.0,0.0,0.0,0.0,0.0
2021-05-28,1250020.7412843646,0.0,625.3230321582614,-0.0005,-0.6677169874567288,-0.5
2021-06-01,1245097.359426072,-4923.381858292481,0.0,-0.00392318810654553,-2.6283426778547234,-0.5
2021-06-02,1246377.796858637,1280.4374325648623,0.0,0.0010294420424130121,-2.793295930521759,-0.5
2021-06-03,1249203.467873774,2825.671015137058,0.0,0.002272257797975625,-2.715619581052556,-0.5
2021-06-04,1250755.2734239278,1551.8055501537565,0.0,0.0012437810945273632,-2.640248273558383,-0.5
2021-06-07,1266071.7037128469,15316.430288919,0.0,0.012397562513133011,-1.9814519366546273,-0.5
2021-06-08,1259337.2797569274,-6734.423955919398,0.0,-0.005291005291005291,-1.9154764428765918,-0.5
2021-06-09,1266495.6179787037,7158.338221776219,0.0,0.005716705483802668,-1.692122022051479,-0.5
2021-06-10,1257056.234113871,-9439.383864832756,0.0,-0.007398013105051785,-1.6232235063586282,-0.5
2021-06-11,1265760.148449951,8703.914336080097,0.0,0.006972321994506657,-1.4932223109434621,-0.5
2021-06-14,1253371.8576353346,-12388.290814616541,0.0,-0.00969237252423093,-1.4004546268436429,-0.5
2021-06-15,1259387.6240638848,6015.766428550229,0.0,0.004822814007129378,-1.802169900360932,-0.5
2021-06-16,1266286.924153573,6899.3000896883705,0.0,0.005508474576271186,-1.521511961370553,-0.5
2021-06-17,1275998.5409557736,9711.61680220039,0.0,0.007728638900815801,-1.143231563671961,-0.5
2021-06-18,1278483.1767992617,2484.635843488092,0.0,0.0019510080208107524,-1.0640821595225083,-0.5
2021-06-21,1276817.038862512,-1666.1379367496895,0.0,-0.0013015184381778742,-1.6501940247736102,-0.5
2021-06-22,1271838.1162672942,-4978.922595217768,0.0,-0.0038843331894691407,-1.4420796123553439,-0.5
2021-06-23,1279766.5997951857,7928.483527891559,0.0,0.00627298291152931,-1.4661339106945834,-0.5
2021-06-24,1274752.2770271592,-5014.3227680264135,0.0,-0.0039028620988725065,-1.4465212242641816,-0.5
2021-06-25,1264840.5962554577,-9911.680771701454,0.0,-0.007715387912558937,-1.4272323388268309,-0.5
2021-06-28,1264840.5962554577,0.0,0.0,0.0,-0.4950288621020298,-0.5
2021-06-29,1262150.5907338595,-2690.005521598166,0.0,-0.002122241086587436,-0.16539052826704945,-0.5
2021-06-30,1262417.8822609102,267.29152705079616,0.0,0.00021181952976064393,-0.035418181139743495,-0.5
2021-07-01,1262417.8822609102,0.0,0.0,0.0,0.0,0.0
2021-07-02,1262417.8822609102,0.0,0.0,0.0,0.0,0.0
2021-07-06,1262417.8822609102,0.0,0.0,0.0,0.0,0.0
2021-07-07,1262417.8822609102,0.0,0.0,0.0,0.0,0.0
2021-07-08,1262417.8822609102,0.0,0.0,0.0,0.0,0.0
2021-07-09,1262417.8822609102,0.0,0.0,0.0,0.0,0.0
2021-07-12,1262417.8822609102,0.0,0.0,0.0,0.0,0.0
2021-07-13,1262417.8822609102,0.0,0.0,0.0,0.0,0.0
2021-07-14,1262417.8822609102,0.0,0.0,0.0,0.0,0.0
2021-07-15,1262417.8822609102,0.0,0.0,0.0,0.0,0.0
2021-07-16,1262417.8822609102,0.0,0.0,0.0,0.0,0.0
2021-07-19,1262417.8822609102,0.0,0.0,0.0,0.0,0.0
2021-07-20,1262417.8822609102,0.0,0.0,0.0,0.0,0.0
2021-07-21,1262417.8822609102,0.0,0.0,0.0,0.0,0.0
2021-07-22,1262417.8822609102,0.0,0.0,0.0,0.0,0.0
2021-07-23,1262417.8822609102,0.0,0.0,0.0,0.0,0.0
2021-07-26,1262417.8822609102,0.0,0.0,0.0,0.0,0.0
2021-07-27,1262417.8822609102,0.0,0.0,0.0,0.0,0.0
2021-07-28,1262417.8822609102,0.0,0.0,0.0,0.0,0.0
2021-07-29,1262417.8822609102,0.0,0.0,0.0,0.0,0.0
2021-07-30,1262417.8822609102,0.0,0.0,0.0,0.0,0.0
2021-08-02,1262417.8822609102,0.0,0.0,0.0,0.0,0.0
2021-08-03,1262417.8822609102,0.0,0.0,0.0,0.0,0.0
2021-08-04,1262417.8822609102,0.0,0.0,0.0,0.0,0.0
2021-08-05,1262417.8822609102,0.0,0.0,0.0,0.0,0.0
2021-08-06,1262417.8822609102,0.0,0.0,0.0,0.0,0.0
2021-08-09,1262417.8822609102,0.0,0.0,0.0,0.0,0.0
2021-08-10,1262417.8822609102,0.0,0.0,0.0,0.0,0.0
2021-08-11,1262417.8822609102,0.0,0.0,0.0,0.0,0.0
2021-08-12,1262417.8822609102,0.0,0.0,0.0,0.0,0.0
2021-08-13,1262417.8822609102,0.0,0.0,0.0,0.0,0.0
2021-08-16,1262417.8822609102,0.0,0.0,0.0,0.0,0.0
2021-08-17,1262417.8822609102,0.0,0.0,0.0,0.0,0.0
2021-08-18,1262417.8822609102,0.0,0.0,0.0,0.0,0.0
2021-08-19,1262417.8822609102,0.0,0.0,0.0,0.0,0.0
2021-08-20,1262417.8822609102,0.0,0.0,0.0,0.0,0.0
2021-08-23,1262417.8822609102,0.0,0.0,0.0,0.0,0.0
2021-08-24,1262417.8822609102,0.0,0.0,0.0,0.0,0.0
2021-08-25,1262417.8822609102,0.0,0.0,0.0,0.0,0.0
2021-08-26,1262417.8822609102,0.0,0.0,0.0,0.0,0.0
2021-08-27,1262417.8822609102,0.0,0.0,0.0,0.0,0.0
2021-08-30,1262417.8822609102,0.0,0.0,0.0,0.0,0.0
2021-08-31,1262417.8822609102,0.0,0.0,0.0,0.0,0.0
2021-09-01,1262417.8822609102,0.0,0.0,0.0,0.0,0.0
2021-09-02,1262417.8822609102,0.0,0.0,0.0,0.0,0.0
2021-09-03,1262417.8822609102,0.0,0.0,0.0,0.0,0.0
2021-09-07,1262417.8822609102,0.0,0.0,0.0,0.0,0.0
2021-09-08,1262417.8822609102,0.0,0.0,0.0,0.0,0.0
2021-09-09,1262417.8822609102,0.0,0.0,0.0,0.0,0.0
2021-09-10,1262417.8822609102,0.0,0.0,0.0,0.0,0.0
2021-09-13,1262417.8822609102,0.0,0.0,0.0,0.0,0.0
2021-09-14,1262417.8822609102,0.0,0.0,0.0,0.0,0.0
2021-09-15,1262417.8822609102,0.0,0.0,0.0,0.0,0.0
2021-09-16,1262417.8822609102,0.0,0.0,0.0,0.0,0.0
2021-09-17,1262417.8822609102,0.0,0.0,0.0,0.0,0.0
2021-09-20,1262417.8822609102,0.0,0.0,0.0,0.0,0.0
2021-09-21,1262417.8822609102,0.0,0.0,0.0,0.0,0.0
2021-09-22,1262417.8822609102,0.0,0.0,0.0,0.0,0.0
2021-09-23,1262417.8822609102,0.0,0.0,0.0,0.0,0.0
2021-09-24,1262417.8822609102,0.0,0.0,0.0,0.0,0.0
2021-09-27,1262417.8822609102,0.0,0.0,0.0,0.0,0.0
2021-09-28,1262417.8822609102,0.0,0.0,0.0,0.0,0.0
2021-09-29,1262417.8822609102,0.0,0.0,0.0,0.0,0.0
2021-09-30,1262417.8822609102,0.0,0.0,0.0,0.0,0.0
2021-10-01,1262417.8822609102,0.0,0.0,0.0,0.0,0.0
2021-10-04,1262417.8822609102,0.0,0.0,0.0,0.0,0.0
2021-10-05,1262417.8822609102,0.0,0.0,0.0,0.0,0.0
2021-10-06,1262417.8822609102,0.0,0.0,0.0,0.0,0.0
2021-10-07,1262417.8822609102,0.0,0.0,0.0,0.0,0.0
2021-10-08,1262417.8822609102,0.0,0.0,0.0,0.0,0.0
2021-10-11,1262417.8822609102,0.0,0.0,0.0,0.0,0.0
2021-10-12,1262417.8822609102,0.0,0.0,0.0,0.0,0.0
2021-10-13,1262417.8822609102,0.0,0.0,0.0,0.0,0.0
2021-10-14,1262417.8822609102,0.0,0.0,0.0,0.0,0.0
2021-10-15,1262417.8822609102,0.0,0.0,0.0,0.0,0.0
2021-10-18,1262417.8822609102,0.0,0.0,0.0,0.0,0.0
2021-10-19,1262417.8822609102,0.0,0.0,0.0,0.0,0.0
2021-10-20,1262417.8822609102,0.0,0.0,0.0,0.0,0.0
2021-10-21,1262417.8822609102,0.0,0.0,0.0,0.0,0.0
2021-10-22,1262417.8822609102,0.0,0.0,0.0,0.0,0.0
2021-10-25,1262417.8822609102,0.0,0.0,0.0,0.0,0.0
2021-10-26,1262417.8822609102,0.0,0.0,0.0,0.0,0.0
2021-10-27,1262417.8822609102,0.0,0.0,0.0,0.0,0.0
2021-10-28,1262417.8822609102,0.0,0.0,0.0,0.0,0.0
2021-10-29,1262417.8822609102,0.0,0.0,0.0,0.0,0.0
2021-11-01,1262417.8822609102,0.0,0.0,0.0,0.0,0.0
2021-11-02,1262417.8822609102,0.0,0.0,0.0,0.0,0.0
2021-11-03,1262417.8822609102,0.0,0.0,0.0,0.0,0.0
2021-11-04,1262417.8822609102,0.0,0.0,0.0,0.0,0.0
2021-11-05,1262417.8822609102,0.0,0.0,0.0,0.0,0.0
2021-11-08,1262417.8822609102,0.0,0.0,0.0,0.0,0.0
2021-11-09,1262417.8822609102,0.0,0.0,0.0,0.0,0.0
2021-11-10,1262417.8822609102,0.0,0.0,0.0,0.0,0.0
2021-11-11,1262417.8822609102,0.0,0.0,0.0,0.0,0.0
2021-11-12,1262417.8822609102,0.0,0.0,0.0,0.0,0.0
2021-11-15,1262417.8822609102,0.0,0.0,0.0,0.0,0.0
2021-11-16,1262417.8822609102,0.0,0.0,0.0,0.0,0.0
2021-11-17,1262417.8822609102,0.0,0.0,0.0,0.0,0.0
2021-11-18,1262417.8822609102,0.0,0.0,0.0,0.0,0.0
2021-11-19,1262417.8822609102,0.0,0.0,0.0,0.0,0.0
2021-11-22,1262417.8822609102,0.0,0.0,0.0,0.0,0.0
2021-11-23,1262417.8822609102,0.0,0.0,0.0,0.0,0.0
2021-11-24,1262417.8822609102,0.0,0.0,0.0,0.0,0.0
2021-11-26,1262417.8822609102,0.0,0.0,0.0,0.0,0.0
2021-11-29,1262417.8822609102,0.0,0.0,0.0,0.0,0.0
2021-11-30,1262417.8822609102,0.0,0.0,0.0,0.0,0.0
2021-12-01,1262417.8822609102,0.0,0.0,0.0,0.0,0.0
2021-12-02,1262417.8822609102,0.0,0.0,0.0,0.0,0.0
2021-12-03,1262417.8822609102,0.0,0.0,0.0,0.0,0.0
2021-12-06,1262417.8822609102,0.0,0.0,0.0,0.0,0.0
2021-12-07,1262417.8822609102,0.0,0.0,0.0,0.0,0.0
2021-12-08,1262417.8822609102,0.0,0.0,0.0,0.0,0.0
2021-12-09,1262417.8822609102,0.0,0.0,0.0,0.0,0.0
2021-12-10,1262417.8822609102,0.0,0.0,0.0,0.0,0.0
2021-12-13,1262417.8822609102,0.0,0.0,0.0,0.0,0.0
2021-12-14,1262417.8822609102,0.0,0.0,0.0,0.0,0.0
2021-12-15,1262417.8822609102,0.0,0.0,0.0,0.0,0.0
2021-12-16,1262417.8822609102,0.0,0.0,0.0,0.0,0.0
2021-12-17,1262417.8822609102,0.0,0.0,0.0,0.0,0.0
2021-12-20,1262417.8822609102,0.0,0.0,0.0,0.0,0.0
2021-12-21,1262417.8822609102,0.0,0.0,0.0,0.0,0.0
2021-12-22,1262417.8822609102,0.0,0.0,0.0,0.0,0.0
2021-12-23,1262417.8822609102,0.0,0.0,0.0,0.0,0.0
2021-12-27,1262417.8822609102,0.0,0.0,0.0,0.0,0.0
2021-12-28,1262417.8822609102,0.0,0.0,0.0,0.0,0.0
2021-12-29,1262417.8822609102,0.0,0.0,0.0,0.0,0.0
2021-12-30,1262417.8822609102,0.0,0.0,0.0,0.0,0.0
2021-12-31,1262417.8822609102,0.0,0.0,0.0,0.0,0.0
2022-01-03,1262417.8822609102,0.0,0.0,0.0,0.0,0.0
2022-01-04,1262417.8822609102,0.0,0.0,0.0,0.0,0.0
2022-01-05,1262417.8822609102,0.0,0.0,0.0,0.0,0.0
2022-01-06,1262417.8822609102,0.0,0.0,0.0,0.0,0.0
2022-01-07,1262417.8822609102,0.0,0.0,0.0,0.0,0.0
2022-01-10,1262417.8822609102,0.0,0.0,0.0,0.0,0.0
2022-01-11,1262417.8822609102,0.0,0.0,0.0,0.0,0.0
2022-01-12,1262417.8822609102,0.0,0.0,0.0,0.0,0.0
2022-01-13,1262417.8822609102,0.0,0.0,0.0,0.0,0.0
2022-01-14,1262417.8822609102,0.0,0.0,0.0,0.0,0.0
2022-01-18,1262417.8822609102,0.0,0.0,0.0,0.0,0.0
2022-01-19,1262417.8822609102,0.0,0.0,0.0,0.0,0.0
2022-01-20,1262417.8822609102,0.0,0.0,0.0,0.0,0.0
2022-01-21,1262417.8822609102,0.0,0.0,0.0,0.0,0.0
2022-01-24,1262417.8822609102,0.0,0.0,0.0,0.0,0.0
2022-01-25,1262417.8822609102,0.0,0.0,0.0,0.0,0.0
2022-01-26,1262417.8822609102,0.0,0.0,0.0,0.0,0.0
2022-01-27,1262417.8822609102,0.0,0.0,0.0,0.0,0.0
2022-01-28,1262417.8822609102,0.0,0.0,0.0,0.0,0.0
2022-01-31,1262417.8822609102,0.0,0.0,0.0,0.0,0.0
2022-02-01,1262417.8822609102,0.0,0.0,0.0,0.0,0.0
2022-02-02,1262417.8822609102,0.0,0.0,0.0,0.0,0.0
2022-02-03,1262417.8822609102,0.0,0.0,0.0,0.0,0.0
2022-02-04,1262417.8822609102,0.0,0.0,0.0,0.0,0.0
2022-02-07,1262417.8822609102,0.0,0.0,0.0,0.0,0.0
2022-02-08,1262417.8822609102,0.0,0.0,0.0,0.0,0.0
2022-02-09,1262417.8822609102,0.0,0.0,0.0,0.0,0.0
2022-02-10,1262417.8822609102,0.0,0.0,0.0,0.0,0.0
2022-02-11,1262417.8822609102,0.0,0.0,0.0,0.0,0.0
2022-02-14,1262417.8822609102,0.0,0.0,0.0,0.0,0.0
2022-02-15,1262417.8822609102,0.0,0.0,0.0,0.0,0.0
2022-02-16,1262417.8822609102,0.0,0.0,0.0,0.0,0.0
2022-02-17,1262417.8822609102,0.0,0.0,0.0,0.0,0.0
2022-02-18,1262417.8822609102,0.0,0.0,0.0,0.0,0.0
2022-02-22,1262417.8822609102,0.0,0.0,0.0,0.0,0.0
2022-02-23,1262417.8822609102,0.0,0.0,0.0,0.0,0.0
2022-02-24,1262417.8822609102,0.0,0.0,0.0,0.0,0.0
2022-02-25,1262417.8822609102,0.0,0.0,0.0,0.0,0.0
2022-02-28,1262417.8822609102,0.0,0.0,0.0,0.0,0.0
2022-03-01,1262417.8822609102,0.0,0.0,0.0,0.0,0.0
2022-03-02,1262417.8822609102,0.0,0.0,0.0,0.0,0.0
2022-03-03,1262417.8822609102,0.0,0.0,0.0,0.0,0.0
2022-03-04,1262417.8822609102,0.0,0.0,0.0,0.0,0.0
2022-03-07,1262417.8822609102,0.0,0.0,0.0,0.0,0.0
2022-03-08,1262417.8822609102,0.0,0.0,0.0,0.0,0.0
2022-03-09,1262417.8822609102,0.0,0.0,0.0,0.0,0.0
2022-03-10,1262417.8822609102,0.0,0.0,0.0,0.0,0.0
2022-03-11,1262417.8822609102,0.0,0.0,0.0,0.0,0.0
2022-03-14,1262417.8822609102,0.0,0.0,0.0,0.0,0.0
2022-03-15,1262417.8822609102,0.0,0.0,0.0,0.0,0.0
2022-03-16,1262417.8822609102,0.0,0.0,0.0,0.0,0.0
2022-03-17,1262417.8822609102,0.0,0.0,0.0,0.0,0.0
2022-03-18,1262417.8822609102,0.0,0.0,0.0,0.0,0.0
2022-03-21,1262417.8822609102,0.0,0.0,0.0,0.0,0.0
2022-03-22,1262417.8822609102,0.0,0.0,0.0,0.0,0.0
2022-03-23,1262417.8822609102,0.0,0.0,0.0,0.0,0.0
2022-03-24,1262417.8822609102,0.0,0.0,0.0,0.0,0.0
2022-03-25,1262417.8822609102,0.0,0.0,0.0,0.0,0.0
2022-03-28,1262417.8822609102,0.0,0.0,0.0,0.0,0.0
2022-03-29,1262417.8822609102,0.0,0.0,0.0,0.0,0.0
2022-03-30,1262417.8822609102,0.0,0.0,0.0,0.0,0.0
2022-03-31,1262417.8822609102,0.0,0.0,0.0,0.0,0.0
2022-04-01,1261786.6733197798,0.0,631.2089411304552,-0.0005,0.739614893619824,0.5
2022-04-04,1252805.1213934943,-8981.551926285467,0.0,-0.007067812798471825,0.7830499412102626,0.5
2022-04-05,1245959.1917683932,-6845.929625101062,0.0,-0.005434782608695652,0.748592508457441,0.5
2022-04-06,1249646.9162902017,3687.7245218085827,0.0,0.002968533544429052,0.6049890435097658,0.5
2022-04-07,1255775.0396537276,6128.123363525901,0.0,0.004928050463236744,0.905497843336478,0.5
2022-04-08,1266996.0287415425,11220.98908781497,0.0,0.00901607212857703,1.1000380275647614,0.5
2022-04-11,1266028.8562005183,-967.1725410240782,0.0,-0.0007627765064836002,0.639671861405972,0.5
2022-04-12,1258043.5824515473,-7985.27374897116,0.0,-0.006267806267806269,0.1302726371800085,0.5
2022-04-13,1258043.5824515473,0.0,0.0,0.0,0.010019556822525926,0.5
2022-04-14,1256785.5388690957,0.0,1258.0435824515473,-0.001,-0.24415222679197468,-0.5
2022-04-18,1270895.7907572892,14110.251888193488,0.0,0.01135473766640564,-0.7086057928385641,-0.5
2022-04-19,1270895.7907572892,0.0,0.0,0.0,-0.4755352598135374,-0.5
2022-04-20,1268127.5028962337,-2768.2878610554817,0.0,-0.0021734835012843317,-0.3389127943571119,-0.5
2022-04-21,1267127.4023418992,-1000.1005543345691,0.0,-0.0007880220646178094,-0.32298442535361066,-0.5
2022-04-22,1274341.0488922393,8480.773952682002,1267.1274023418994,0.005731272294887039,0.07593321684490584,0.5
2022-04-25,1254888.7870633188,-18815.0913044744,637.1705244461197,-0.01504246952418403,0.2493720640282219,0.5
2022-04-26,1254261.3426697871,0.0,627.4443935316594,-0.0005,0.35729508952033157,0.5
2022-04-27,1257940.24766393,3678.9049941429034,0.0,0.002941753284957835,0.38226555365725656,0.5
2022-04-28,1265032.05699174,7091.8093278098695,0.0,0.005669599217986314,0.5315825755278354,0.5
2022-04-29,1264059.3295353833,-972.7274563565859,0.0,-0.000768344218209758,0.6924313479829974,0.5
2022-05-02,1272577.2495457295,8517.920010346248,0.0,0.006784260515603799,0.391302401724466,0.5
2022-05-03,1268467.4825924092,-4109.766953320175,0.0,-0.003219087294073092,0.350559630029888,0.5
2022-05-04,1261918.9888964256,-6548.493695983757,0.0,-0.005136009130682899,0.4161922230254067,0.5
2022-05-05,1245096.6530707197,-16822.335825705828,0.0,-0.01315538608198284,0.6162480871353038,0.5
2022-05-06,1240400.9729579084,-4695.680112811368,0.0,-0.003757168281589876,0.4079528799235802,0.5
2022-05-09,1236183.6096498515,-4217.363308056888,0.0,-0.003388479170819214,0.9895823144151136,0.5
2022-05-10,1233694.3152284864,-2489.294421364985,0.0,-0.0020096463022508037,1.0879525144477304,0.5
2022-05-11,1244669.3556389299,10975.04041044347,0.0,0.00897592819257446,1.2530829034884372,0.5
2022-05-12,1230823.2126282465,-13846.143010683369,0.0,-0.01100196463654224,1.4881109347634858,0.5
2022-05-13,1236324.6573007011,5501.444672454576,0.0,0.004489795918367347,1.4812202352359747,0.5
2022-05-16,1241801.729886407,5477.072585705885,0.0,0.004449838187702265,0.8606457633542847,0.5
2022-05-17,1243784.6468203573,1982.9169339503505,0.0,0.0015993602558976407,1.0140571893531418,0.5
2022-05-18,1233143.433168691,-10641.213651666409,0.0,-0.008482935490234761,1.4384974163028974,0.5
2022-05-19,1229898.3188708785,-3245.1142978123444,0.0,-0.0026246719160104987,1.538149682023637,0.5
2022-05-20,1222275.4020825492,-7007.967628893895,614.9491594354392,-0.006162889518413598,1.288150531606862,0.5
2022-05-23,1221664.2643815079,0.0,611.1377010412746,-0.0005,1.3209238457085217,0.5
2022-05-24,1219172.0892195709,-2492.1751619369807,0.0,-0.002035830618892508,1.1099980589098264,0.5
2022-05-25,1210681.3372667923,-8490.751952778657,0.0,-0.006916192026037429,0.9672534190028599,0.5
2022-05-26,1225016.3676415756,14335.030374783373,0.0,0.011982341812066427,1.0427477241433927,0.5
2022-05-27,1224519.2019079549,-497.16573362076934,0.0,-0.00040567951318458417,1.106269547406582,0.5
2022-05-31,1232974.4522866856,8455.250378730801,0.0,0.006952965235173823,2.33124064893062,0.5
2022-06-01,1239890.174374832,6915.722088146474,0.0,0.0056406124093473006,2.2464806561595156,0.5
2022-06-02,1230310.9911734418,-9579.183201390342,0.0,-0.007666601140161195,2.5798683475501605,0.5
2022-06-03,1226350.231443306,-3960.7597301358287,0.0,-0.0032089851584436425,2.4587896517778725,0.5
2022-06-06,1231068.8734840963,4718.642040790363,0.0,0.003862573693840211,1.8124388402682112,0.5
2022-06-07,1227852.6565718588,-3216.21691223739,0.0,-0.0026057326117458405,2.0237309451080265,0.5
2022-06-08,1223635.78886242,-4216.867709438707,0.0,-0.003422589087980672,1.9402984241766963,0.5
2022-06-09,1216168.5240809163,-7467.264781503784,0.0,-0.006065507480792561,1.4348537427126873,0.5
2022-06-10,1205399.321746592,-10769.202334324424,0.0,-0.00877730149010002,1.4849112933829463,0.5
2022-06-13,1192511.404470056,-12887.917276535887,0.0,-0.01057871810827629,1.3614834194603742,0.5
2022-06-14,1189871.4274233994,-2043.72134442169,596.255702235028,-0.002210008554319932,1.16159779747046,0.5
2022-06-15,1189276.4917096877,0.0,594.9357137116997,-0.0005,0.3965901062627898,0.5
2022-06-16,1187322.243203585,-764.9720143930239,1189.2764917096877,-0.0016421684165416756,-0.06586453957986087,-0.5
2022-06-17,1172538.067569019,-14784.175634565892,0.0,-0.012298558100084815,-0.31475236774589765,-0.5
2022-06-21,1165415.4023072885,-7122.665261730531,0.0,-0.006037892983551947,-1.6966849241229225,-0.5
2022-06-22,1169515.580668055,4100.178360766537,0.0,0.0035306334371754933,-1.5644164613870235,-0.5
2022-06-23,1174390.5935095225,4875.012841467507,0.0,0.0041858518208455426,-1.383993189962523,-0.5
2022-06-24,1173896.9446681987,-493.64884132388505,0.0,-0.0004201680672268908,-1.384507705837206,-0.5
2022-06-27,1178827.2132304339,4930.26856223519,0.0,0.004217629692113032,-2.017917079023925,-0.5
2022-06-28,1180824.3791994816,1997.165969047749,0.0,0.0016970725498515061,-1.7396710643742115,-0.5
2022-06-29,1189857.4598733408,9033.080673859187,0.0,0.007708779443254818,-1.551802439170352,-0.5
2022-06-30,1196533.3972830747,6675.937409733893,0.0,0.005642361111111111,-1.7515830096750582,-0.5
2022-07-01,1196533.3972830747,0.0,0.0,0.0,0.0,0.0
2022-07-05,1196533.3972830747,0.0,0.0,0.0,0.0,0.0
2022-07-06,1196533.3972830747,0.0,0.0,0.0,0.0,0.0
2022-07-07,1196533.3972830747,0.0,0.0,0.0,0.0,0.0
2022-07-08,1196533.3972830747,0.0,0.0,0.0,0.0,0.0
2022-07-11,1196533.3972830747,0.0,0.0,0.0,0.0,0.0
2022-07-12,1196533.3972830747,0.0,0.0,0.0,0.0,0.0
2022-07-13,1196533.3972830747,0.0,0.0,0.0,0.0,0.0
2022-07-14,1196533.3972830747,0.0,0.0,0.0,0.0,0.0
2022-07-15,1196533.3972830747,0.0,0.0,0.0,0.0,0.0
2022-07-18,1196533.3972830747,0.0,0.0,0.0,0.0,0.0
2022-07-19,1196533.3972830747,0.0,0.0,0.0,0.0,0.0
2022-07-20,1196533.3972830747,0.0,0.0,0.0,0.0,0.0
2022-07-21,1196533.3972830747,0.0,0.0,0.0,0.0,0.0
2022-07-22,1196533.3972830747,0.0,0.0,0.0,0.0,0.0
2022-07-25,1196533.3972830747,0.0,0.0,0.0,0.0,0.0
2022-07-26,1196533.3972830747,0.0,0.0,0.0,0.0,0.0
2022-07-27,1196533.3972830747,0.0,0.0,0.0,0.0,0.0
2022-07-28,1196533.3972830747,0.0,0.0,0.0,0.0,0.0
2022-07-29,1196533.3972830747,0.0,0.0,0.0,0.0,0.0
2022-08-01,1196533.3972830747,0.0,0.0,0.0,0.0,0.0
2022-08-02,1196533.3972830747,0.0,0.0,0.0,0.0,0.0
2022-08-03,1196533.3972830747,0.0,0.0,0.0,0.0,0.0
2022-08-04,1196533.3972830747,0.0,0.0,0.0,0.0,0.0
2022-08-05,1196533.3972830747,0.0,0.0,0.0,0.0,0.0
2022-08-08,1196533.3972830747,0.0,0.0,0.0,0.0,0.0
2022-08-09,1196533.3972830747,0.0,0.0,0.0,0.0,0.0
2022-08-10,1196533.3972830747,0.0,0.0,0.0,0.0,0.0
2022-08-11,1196533.3972830747,0.0,0.0,0.0,0.0,0.0
2022-08-12,1196533.3972830747,0.0,0.0,0.0,0.0,0.0
2022-08-15,1196533.3972830747,0.0,0.0,0.0,0.0,0.0
2022-08-16,1196533.3972830747,0.0,0.0,0.0,0.0,0.0
2022-08-17,1196533.3972830747,0.0,0.0,0.0,0.0,0.0
2022-08-18,1196533.3972830747,0.0,0.0,0.0,0.0,0.0
2022-08-19,1196533.3972830747,0.0,0.0,0.0,0.0,0.0
2022-08-22,1196533.3972830747,0.0,0.0,0.0,0.0,0.0
2022-08-23,1196533.3972830747,0.0,0.0,0.0,0.0,0.0
2022-08-24,1196533.3972830747,0.0,0.0,0.0,0.0,0.0
2022-08-25,1196533.3972830747,0.0,0.0,0.0,0.0,0.0
2022-08-26,1196533.3972830747,0.0,0.0,0.0,0.0,0.0
2022-08-29,1196533.3972830747,0.0,0.0,0.0,0.0,0.0
2022-08-30,1196533.3972830747,0.0,0.0,0.0,0.0,0.0
2022-08-31,1196533.3972830747,0.0,0.0,0.0,0.0,0.0
2022-09-01,1196533.3972830747,0.0,0.0,0.0,0.0,0.0
2022-09-02,1196533.3972830747,0.0,0.0,0.0,0.0,0.0
2022-09-06,1196533.3972830747,0.0,0.0,0.0,0.0,0.0
2022-09-07,1196533.3972830747,0.0,0.0,0.0,0.0,0.0
2022-09-08,1196533.3972830747,0.0,0.0,0.0,0.0,0.0
2022-09-09,1196533.3972830747,0.0,0.0,0.0,0.0,0.0
2022-09-12,1196533.3972830747,0.0,0.0,0.0,0.0,0.0
2022-09-13,1196533.3972830747,0.0,0.0,0.0,0.0,0.0
2022-09-14,1196533.3972830747,0.0,0.0,0.0,0.0,0.0
2022-09-15,1196533.3972830747,0.0,0.0,0.0,0.0,0.0
2022-09-16,1196533.3972830747,0.0,0.0,0.0,0.0,0.0
2022-09-19,1196533.3972830747,0.0,0.0,0.0,0.0,0.0
2022-09-20,1196533.3972830747,0.0,0.0,0.0,0.0,0.0
2022-09-21,1196533.3972830747,0.0,0.0,0.0,0.0,0.0
2022-09-22,1196533.3972830747,0.0,0.0,0.0,0.0,0.0
2022-09-23,1196533.3972830747,0.0,0.0,0.0,0.0,0.0
2022-09-26,1196533.3972830747,0.0,0.0,0.0,0.0,0.0
2022-09-27,1196533.3972830747,0.0,0.0,0.0,0.0,0.0
2022-09-28,1196533.3972830747,0.0,0.0,0.0,0.0,0.0
2022-09-29,1196533.3972830747,0.0,0.0,0.0,0.0,0.0
2022-09-30,1196533.3972830747,0.0,0.0,0.0,0.0,0.0
2022-10-03,1196533.3972830747,0.0,0.0,0.0,0.0,0.0
2022-10-04,1196533.3972830747,0.0,0.0,0.0,0.0,0.0
2022-10-05,1196533.3972830747,0.0,0.0,0.0,0.0,0.0
2022-10-06,1196533.3972830747,0.0,0.0,0.0,0.0,0.0
2022-10-07,1196533.3972830747,0.0,0.0,0.0,0.0,0.0
2022-10-10,1196533.3972830747,0.0,0.0,0.0,0.0,0.0
2022-10-11,1196533.3972830747,0.0,0.0,0.0,0.0,0.0
2022-10-12,1196533.3972830747,0.0,0.0,0.0,0.0,0.0
2022-10-13,1196533.3972830747,0.0,0.0,0.0,0.0,0.0
2022-10-14,1196533.3972830747,0.0,0.0,0.0,0.0,0.0
2022-10-17,1196533.3972830747,0.0,0.0,0.0,0.0,0.0
2022-10-18,1196533.3972830747,0.0,0.0,0.0,0.0,0.0
2022-10-19,1196533.3972830747,0.0,0.0,0.0,0.0,0.0
2022-10-20,1196533.3972830747,0.0,0.0,0.0,0.0,0.0
2022-10-21,1196533.3972830747,0.0,0.0,0.0,0.0,0.0
2022-10-24,1196533.3972830747,0.0,0.0,0.0,0.0,0.0
2022-10-25,1196533.3972830747,0.0,0.0,0.0,0.0,0.0
2022-10-26,1196533.3972830747,0.0,0.0,0.0,0.0,0.0
2022-10-27,1196533.3972830747,0.0,0.0,0.0,0.0,0.0
2022-10-28,1196533.3972830747,0.0,0.0,0.0,0.0,0.0
2022-10-31,1196533.3972830747,0.0,0.0,0.0,0.0,0.0
2022-11-01,1196533.3972830747,0.0,0.0,0.0,0.0,0.0
2022-11-02,1196533.3972830747,0.0,0.0,0.0,0.0,0.0
2022-11-03,1196533.3972830747,0.0,0.0,0.0,0.0,0.0
2022-11-04,1196533.3972830747,0.0,0.0,0.0,0.0,0.0
2022-11-07,1196533.3972830747,0.0,0.0,0.0,0.0,0.0
2022-11-08,1196533.3972830747,0.0,0.0,0.0,0.0,0.0
2022-11-09,1196533.3972830747,0.0,0.0,0.0,0.0,0.0
2022-11-10,1196533.3972830747,0.0,0.0,0.0,0.0,0.0
2022-11-11,1196533.3972830747,0.0,0.0,0.0,0.0,0.0
2022-11-14,1196533.3972830747,0.0,0.0,0.0,0.0,0.0
2022-11-15,1196533.3972830747,0.0,0.0,0.0,0.0,0.0
2022-11-16,1196533.3972830747,0.0,0.0,0.0,0.0,0.0
2022-11-17,1196533.3972830747,0.0,0.0,0.0,0.0,0.0
2022-11-18,1196533.3972830747,0.0,0.0,0.0,0.0,0.0
2022-11-21,1196533.3972830747,0.0,0.0,0.0,0.0,0.0
2022-11-22,1196533.3972830747,0.0,0.0,0.0,0.0,0.0
2022-11-23,1196533.3972830747,0.0,0.0,0.0,0.0,0.0
2022-11-25,1196533.3972830747,0.0,0.0,0.0,0.0,0.0
2022-11-28,1196533.3972830747,0.0,0.0,0.0,0.0,0.0
2022-11-29,1196533.3972830747,0.0,0.0,0.0,0.0,0.0
2022-11-30,1196533.3972830747,0.0,0.0,0.0,0.0,0.0
2022-12-01,1196533.3972830747,0.0,0.0,0.0,0.0,0.0
2022-12-02,1196533.3972830747,0.0,0.0,0.0,0.0,0.0
2022-12-05,1196533.3972830747,0.0,0.0,0.0,0.0,0.0
2022-12-06,1196533.3972830747,0.0,0.0,0.0,0.0,0.0
2022-12-07,1196533.3972830747,0.0,0.0,0.0,0.0,0.0
2022-12-08,1196533.3972830747,0.0,0.0,0.0,0.0,0.0
2022-12-09,1196533.3972830747,0.0,0.0,0.0,0.0,0.0
2022-12-12,1196533.3972830747,0.0,0.0,0.0,0.0,0.0
2022-12-13,1196533.3972830747,0.0,0.0,0.0,0.0,0.0
2022-12-14,1196533.3972830747,0.0,0.0,0.0,0.0,0.0
2022-12-15,1196533.3972830747,0.0,0.0,0.0,0.0,0.0
2022-12-16,1196533.3972830747,0.0,0.0,0.0,0.0,0.0
2022-12-19,1196533.3972830747,0.0,0.0,0.0,0.0,0.0
2022-12-20,1196533.3972830747,0.0,0.0,0.0,0.0,0.0
2022-12-21,1196533.3972830747,0.0,0.0,0.0,0.0,0.0
2022-12-22,1196533.3972830747,0.0,0.0,0.0,0.0,0.0
2022-12-23,1196533.3972830747,0.0,0.0,0.0,0.0,0.0
2022-12-27,1196533.3972830747,0.0,0.0,0.0,0.0,0.0
2022-12-28,1196533.3972830747,0.0,0.0,0.0,0.0,0.0
2022-12-29,1196533.3972830747,0.0,0.0,0.0,0.0,0.0
2022-12-30,1196533.3972830747,0.0,0.0,0.0,0.0,0.0
2023-01-03,1196533.3972830747,0.0,0.0,0.0,0.0,0.0
2023-01-04,1196533.3972830747,0.0,0.0,0.0,0.0,0.0
2023-01-05,1196533.3972830747,0.0,0.0,0.0,0.0,0.0
2023-01-06,1196533.3972830747,0.0,0.0,0.0,0.0,0.0
2023-01-09,1196533.3972830747,0.0,0.0,0.0,0.0,0.0
2023-01-10,1196533.3972830747,0.0,0.0,0.0,0.0,0.0
2023-01-11,1196533.3972830747,0.0,0.0,0.0,0.0,0.0
2023-01-12,1196533.3972830747,0.0,0.0,0.0,0.0,0.0
2023-01-13,1196533.3972830747,0.0,0.0,0.0,0.0,0.0
2023-01-17,1196533.3972830747,0.0,0.0,0.0,0.0,0.0
2023-01-18,1196533.3972830747,0.0,0.0,0.0,0.0,0.0
2023-01-19,1196533.3972830747,0.0,0.0,0.0,0.0,0.0
2023-01-20,1196533.3972830747,0.0,0.0,0.0,0.0,0.0
2023-01-23,1196533.3972830747,0.0,0.0,0.0,0.0,0.0
2023-01-24,1196533.3972830747,0.0,0.0,0.0,0.0,0.0
2023-01-25,1196533.3972830747,0.0,0.0,0.0,0.0,0.0
2023-01-26,1196533.3972830747,0.0,0.0,0.0,0.0,0.0
2023-01-27,1196533.3972830747,0.0,0.0,0.0,0.0,0.0
2023-01-30,1196533.3972830747,0.0,0.0,0.0,0.0,0.0
2023-01-31,1196533.3972830747,0.0,0.0,0.0,0.0,0.0
2023-02-01,1196533.3972830747,0.0,0.0,0.0,0.0,0.0
2023-02-02,1196533.3972830747,0.0,0.0,0.0,0.0,0.0
2023-02-03,1196533.3972830747,0.0,0.0,0.0,0.0,0.0
2023-02-06,1196533.3972830747,0.0,0.0,0.0,0.0,0.0
2023-02-07,1196533.3972830747,0.0,0.0,0.0,0.0,0.0
2023-02-08,1196533.3972830747,0.0,0.0,0.0,0.0,0.0
2023-02-09,1196533.3972830747,0.0,0.0,0.0,0.0,0.0
2023-02-10,1196533.3972830747,0.0,0.0,0.0,0.0,0.0
2023-02-13,1196533.3972830747,0.0,0.0,0.0,0.0,0.0
2023-02-14,1196533.3972830747,0.0,0.0,0.0,0.0,0.0
2023-02-15,1196533.3972830747,0.0,0.0,0.0,0.0,0.0
2023-02-16,1196533.3972830747,0.0,0.0,0.0,0.0,0.0
2023-02-17,1196533.3972830747,0.0,0.0,0.0,0.0,0.0
2023-02-21,1196533.3972830747,0.0,0.0,0.0,0.0,0.0
2023-02-22,1196533.3972830747,0.0,0.0,0.0,0.0,0.0
2023-02-23,1196533.3972830747,0.0,0.0,0.0,0.0,0.0
2023-02-24,1196533.3972830747,0.0,0.0,0.0,0.0,0.0
2023-02-27,1196533.3972830747,0.0,0.0,0.0,0.0,0.0
2023-02-28,1196533.3972830747,0.0,0.0,0.0,0.0,0.0
2023-03-01,1196533.3972830747,0.0,0.0,0.0,0.0,0.0
2023-03-02,1196533.3972830747,0.0,0.0,0.0,0.0,0.0
2023-03-03,1196533.3972830747,0.0,0.0,0.0,0.0,0.0
2023-03-06,1196533.3972830747,0.0,0.0,0.0,0.0,0.0
2023-03-07,1196533.3972830747,0.0,0.0,0.0,0.0,0.0
2023-03-08,1196533.3972830747,0.0,0.0,0.0,0.0,0.0
2023-03-09,1196533.3972830747,0.0,0.0,0.0,0.0,0.0
2023-03-10,1196533.3972830747,0.0,0.0,0.0,0.0,0.0
2023-03-13,1196533.3972830747,0.0,0.0,0.0,0.0,0.0
2023-03-14,1196533.3972830747,0.0,0.0,0.0,0.0,0.0
2023-03-15,1196533.3972830747,0.0,0.0,0.0,0.0,0.0
2023-03-16,1196533.3972830747,0.0,0.0,0.0,0.0,0.0
2023-03-17,1196533.3972830747,0.0,0.0,0.0,0.0,0.0
2023-03-20,1196533.3972830747,0.0,0.0,0.0,0.0,0.0
2023-03-21,1196533.3972830747,0.0,0.0,0.0,0.0,0.0
2023-03-22,1196533.3972830747,0.0,0.0,0.0,0.0,0.0
2023-03-23,1196533.3972830747,0.0,0.0,0.0,0.0,0.0
2023-03-24,1196533.3972830747,0.0,0.0,0.0,0.0,0.0
2023-03-27,1196533.3972830747,0.0,0.0,0.0,0.0,0.0
2023-03-28,1196533.3972830747,0.0,0.0,0.0,0.0,0.0
2023-03-29,1196533.3972830747,0.0,0.0,0.0,0.0,0.0
2023-03-30,1196533.3972830747,0.0,0.0,0.0,0.0,0.0
2023-03-31,1196533.3972830747,0.0,0.0,0.0,0.0,0.0
2023-04-03,1195935.1305844332,0.0,598.2666986415373,-0.0005,-0.450578228751715,-0.5
2023-04-04,1186344.2979472498,-9590.83263718339,0.0,-0.007955724662746454,-0.06884635737866639,-0.5
2023-04-05,1187397.107265881,2239.153616578543,1186.34429794725,0.0008891181021144918,0.07713000805808748,0.5
2023-04-06,1190669.3004653736,3272.193199492611,0.0,0.002763385146804836,0.31710900696422195,0.5
2023-04-10,1191281.1551932592,611.854727885598,0.0,0.0005141388174807199,1.414977873975078,0.5
2023-04-11,1204123.5085089977,12842.35331573842,0.0,0.010897768552153608,1.3830186830769238,0.5
2023-04-12,1197870.940876874,-6252.567632123774,0.0,-0.005165805699050159,1.4116615885843802,0.5
2023-04-13,1207603.1353863678,9732.194509493898,0.0,0.008191126279863481,1.3701884112557376,0.5
2023-04-14,1203982.7395774147,-3620.3958089531343,0.0,-0.0029890401859847225,1.5116531893796799,0.5
2023-04-17,1207815.7945459085,3833.05496849378,0.0,0.0031938140864010756,1.1029417474927252,0.5
2023-04-18,1218071.972621473,10256.178075564658,0.0,0.008564231738035263,0.8251170726022821,0.5
2023-04-19,1223057.5324308274,4985.559809354425,0.0,0.004109814236396515,0.43278141846054496,0.5
2023-04-20,1224646.4347139464,1588.9022831189702,0.0,0.0013008130081300813,0.38184354206166415,0.5
2023-04-21,1241308.2909685578,16661.856254611514,0.0,0.013793103448275858,0.27942608850139405,0.5
2023-04-24,1246330.2853125616,6263.302634972225,1241.308290968558,0.004066244057052298,-0.3472234596818631,-0.5
2023-04-25,1256213.182518778,10506.06234887267,623.1651426562808,0.007997008816120907,-0.5881588233810289,-0.5
2023-04-26,1255585.0759275185,0.0,628.106591259389,-0.0005,-0.6039441889891735,-0.5
2023-04-27,1260724.435495232,5139.359567713394,0.0,0.004110022130888397,-0.8660136681812526,-0.5
2023-04-28,1255921.6757409645,-4802.75975426755,0.0,-0.003795066413662239,-0.9581325079570595,-0.5
2023-05-01,1256515.2115045472,593.5357635826864,0.0,0.00047281323877068556,-1.2224482599842366,-0.5
2023-05-02,1264638.3782771246,8123.16677257749,0.0,0.006506903666084749,-1.0288571979658083,-0.5
2023-05-03,1288072.5718682024,23434.193591077707,0.0,0.018880208333333332,-1.019372079547386,-0.5
2023-05-04,1279952.6717801148,-8119.90008808754,0.0,-0.006264424662050775,-0.8148580235064774,-0.5
2023-05-05,1268000.2959132297,-11952.375866885082,0.0,-0.00925174484661581,-0.6368877430627159,-0.5
2023-05-08,1252457.6058916932,-14274.689725623362,1268.0002959132298,-0.012121183206106868,0.34995654754229594,0.5
2023-05-09,1262307.0680330244,9849.46214133134,0.0,0.007926442612555484,0.6305882950031839,0.5
2023-05-10,1268366.4547021207,6059.386669096278,0.0,0.0048234012758674345,0.8690515975316692,0.5
2023-05-11,1264864.8295204279,-3501.6251816929716,0.0,-0.0027531355154481497,1.0787612504336852,0.5
2023-05-12,1261743.6331490017,-3121.1963714261024,0.0,-0.0024615384615384616,1.0862787796221938,0.5
2023-05-15,1248836.7701936648,-12906.862955336966,0.0,-0.010125805461798096,0.3871509731966554,0.5
2023-05-16,1215608.227270284,-32604.12453828397,624.4183850968325,-0.02593060909791827,0.0,0.0
2023-05-17,1215608.227270284,0.0,0.0,0.0,0.0,0.0
2023-05-18,1215608.227270284,0.0,0.0,0.0,0.0,0.0
2023-05-19,1215608.227270284,0.0,0.0,0.0,0.0,0.0
2023-05-22,1215608.227270284,0.0,0.0,0.0,0.0,0.0
2023-05-23,1215608.227270284,0.0,0.0,0.0,0.0,0.0
2023-05-24,1215608.227270284,0.0,0.0,0.0,0.0,0.0
2023-05-25,1215608.227270284,0.0,0.0,0.0,0.0,0.0
2023-05-26,1215608.227270284,0.0,0.0,0.0,0.0,0.0
2023-05-30,1215608.227270284,0.0,0.0,0.0,0.0,0.0
2023-05-31,1215608.227270284,0.0,0.0,0.0,0.0,0.0
2023-06-01,1215000.4231566489,0.0,607.804113635142,-0.0005,-0.2375307867571694,-0.5
2023-06-02,1211365.1160394913,-3635.3071171575266,0.0,-0.0029830957905203842,-0.30658872635086,-0.5
2023-06-05,1205360.3319216485,-6004.784117842818,0.0,-0.004932587964485366,-0.5211431636037154,-0.5
2023-06-06,1207529.6649797536,2169.333058105061,0.0,0.0018029831175217176,-0.6119347469686316,-0.5
2023-06-07,1196029.3824561369,-11500.282523616701,0.0,-0.009433962264150943,-0.5569284084220242,-0.5
2023-06-08,1187164.1952835647,-8865.187172572074,0.0,-0.007357645553422903,-0.5197296856978211,-0.5
2023-06-09,1180727.1565244764,-5843.456661446571,593.5820976417824,-0.005395639121504188,-0.4542508159340798,-0.5
2023-06-12,1180136.792946214,0.0,590.3635782622382,-0.0005,-0.14977673490417484,-0.5
2023-06-13,1170728.81468612,-9407.978260094182,0.0,-0.007908889591901298,-0.1037747991902748,-0.5
2023-06-14,1170177.6240954015,-551.1905907185122,0.0,-0.0004705882352941176,-0.1677002022996093,-0.5
2023-06-15,1163389.1994965414,-6788.4245988601215,0.0,-0.005767731878409977,-0.1746015398272681,-0.5
2023-06-16,1170241.1507645,6851.951267958552,0.0,0.005924540068599939,-0.13322602083235702,-0.5
2023-06-20,1178683.9194180707,8442.768653570734,0.0,0.0072669826224328595,-0.30601175145851717,-0.5
2023-06-21,1174557.4002857986,-4126.519132272049,0.0,-0.0034887408816999684,-0.19912424995587938,-0.5
2023-06-22,1179383.3314500574,4825.93116425897,0.0,0.00412567438908283,-0.14077770295988695,-0.5
2023-06-23,1182202.1252632746,2818.7938132171544,0.0,0.0023957834211787254,-0.2688953073673494,-0.5
2023-06-26,1166492.4268327828,-15709.698430491802,0.0,-0.013114236056249012,-0.6635466940722687,-0.5
2023-06-27,1165400.8868201508,-1091.5400126320487,0.0,-0.0009348706762231224,-0.9035328742121383,-0.5
2023-06-28,1150887.7998111825,-14513.087008968254,0.0,-0.012300123001230012,-0.8738789310839352,-0.5
2023-06-29,1163823.0515101538,12935.251698971371,0.0,0.011367127496159753,-0.8207246984795308,-0.5
2023-06-30,1145158.1217819415,-18083.01820245733,581.9115257550769,-0.0157922276621787,-0.7205463135324874,-0.5
2023-07-03,1145158.1217819415,0.0,0.0,0.0,0.0,0.0
2023-07-05,1145158.1217819415,0.0,0.0,0.0,0.0,0.0
2023-07-06,1145158.1217819415,0.0,0.0,0.0,0.0,0.0
2023-07-07,1145158.1217819415,0.0,0.0,0.0,0.0,0.0
2023-07-10,1145158.1217819415,0.0,0.0,0.0,0.0,0.0
2023-07-11,1145158.1217819415,0.0,0.0,0.0,0.0,0.0
2023-07-12,1145158.1217819415,0.0,0.0,0.0,0.0,0.0
2023-07-13,1145158.1217819415,0.0,0.0,0.0,0.0,0.0
2023-07-14,1145158.1217819415,0.0,0.0,0.0,0.0,0.0
2023-07-17,1145158.1217819415,0.0,0.0,0.0,0.0,0.0
2023-07-18,1145158.1217819415,0.0,0.0,0.0,0.0,0.0
2023-07-19,1145158.1217819415,0.0,0.0,0.0,0.0,0.0
2023-07-20,1145158.1217819415,0.0,0.0,0.0,0.0,0.0
2023-07-21,1145158.1217819415,0.0,0.0,0.0,0.0,0.0
2023-07-24,1145158.1217819415,0.0,0.0,0.0,0.0,0.0
2023-07-25,1145158.1217819415,0.0,0.0,0.0,0.0,0.0
2023-07-26,1145158.1217819415,0.0,0.0,0.0,0.0,0.0
2023-07-27,1145158.1217819415,0.0,0.0,0.0,0.0,0.0
2023-07-28,1145158.1217819415,0.0,0.0,0.0,0.0,0.0
2023-07-31,1145158.1217819415,0.0,0.0,0.0,0.0,0.0
2023-08-01,1145158.1217819415,0.0,0.0,0.0,0.0,0.0
2023-08-02,1145158.1217819415,0.0,0.0,0.0,0.0,0.0
2023-08-03,1145158.1217819415,0.0,0.0,0.0,0.0,0.0
2023-08-04,1145158.1217819415,0.0,0.0,0.0,0.0,0.0
2023-08-07,1145158.1217819415,0.0,0.0,0.0,0.0,0.0
2023-08-08,1145158.1217819415,0.0,0.0,0.0,0.0,0.0
2023-08-09,1145158.1217819415,0.0,0.0,0.0,0.0,0.0
2023-08-10,1145158.1217819415,0.0,0.0,0.0,0.0,0.0
2023-08-11,1145158.1217819415,0.0,0.0,0.0,0.0,0.0
2023-08-14,1145158.1217819415,0.0,0.0,0.0,0.0,0.0
2023-08-15,1145158.1217819415,0.0,0.0,0.0,0.0,0.0
2023-08-16,1145158.1217819415,0.0,0.0,0.0,0.0,0.0
2023-08-17,1145158.1217819415,0.0,0.0,0.0,0.0,0.0
2023-08-18,1145158.1217819415,0.0,0.0,0.0,0.0,0.0
2023-08-21,1145158.1217819415,0.0,0.0,0.0,0.0,0.0
2023-08-22,1145158.1217819415,0.0,0.0,0.0,0.0,0.0
2023-08-23,1145158.1217819415,0.0,0.0,0.0,0.0,0.0
2023-08-24,1145158.1217819415,0.0,0.0,0.0,0.0,0.0
2023-08-25,1145158.1217819415,0.0,0.0,0.0,0.0,0.0
2023-08-28,1145158.1217819415,0.0,0.0,0.0,0.0,0.0
2023-08-29,1145158.1217819415,0.0,0.0,0.0,0.0,0.0
2023-08-30,1145158.1217819415,0.0,0.0,0.0,0.0,0.0
2023-08-31,1145158.1217819415,0.0,0.0,0.0,0.0,0.0
2023-09-01,1145158.1217819415,0.0,0.0,0.0,0.0,0.0
2023-09-05,1145158.1217819415,0.0,0.0,0.0,0.0,0.0
2023-09-06,1145158.1217819415,0.0,0.0,0.0,0.0,0.0
2023-09-07,1145158.1217819415,0.0,0.0,0.0,0.0,0.0
2023-09-08,1145158.1217819415,0.0,0.0,0.0,0.0,0.0
2023-09-11,1145158.1217819415,0.0,0.0,0.0,0.0,0.0
2023-09-12,1145158.1217819415,0.0,0.0,0.0,0.0,0.0
2023-09-13,1145158.1217819415,0.0,0.0,0.0,0.0,0.0
2023-09-14,1145158.1217819415,0.0,0.0,0.0,0.0,0.0
2023-09-15,1145158.1217819415,0.0,0.0,0.0,0.0,0.0
2023-09-18,1145158.1217819415,0.0,0.0,0.0,0.0,0.0
2023-09-19,1145158.1217819415,0.0,0.0,0.0,0.0,0.0
2023-09-20,1145158.1217819415,0.0,0.0,0.0,0.0,0.0
2023-09-21,1145158.1217819415,0.0,0.0,0.0,0.0,0.0
2023-09-22,1145158.1217819415,0.0,0.0,0.0,0.0,0.0
2023-09-25,1145158.1217819415,0.0,0.0,0.0,0.0,0.0
2023-09-26,1145158.1217819415,0.0,0.0,0.0,0.0,0.0
2023-09-27,1145158.1217819415,0.0,0.0,0.0,0.0,0.0
2023-09-28,1145158.1217819415,0.0,0.0,0.0,0.0,0.0
2023-09-29,1145158.1217819415,0.0,0.0,0.0,0.0,0.0
2023-10-02,1145158.1217819415,0.0,0.0,0.0,0.0,0.0
2023-10-03,1145158.1217819415,0.0,0.0,0.0,0.0,0.0
2023-10-04,1145158.1217819415,0.0,0.0,0.0,0.0,0.0
2023-10-05,1145158.1217819415,0.0,0.0,0.0,0.0,0.0
2023-10-06,1145158.1217819415,0.0,0.0,0.0,0.0,0.0
2023-10-09,1145158.1217819415,0.0,0.0,0.0,0.0,0.0
2023-10-10,1145158.1217819415,0.0,0.0,0.0,0.0,0.0
2023-10-11,1145158.1217819415,0.0,0.0,0.0,0.0,0.0
2023-10-12,1145158.1217819415,0.0,0.0,0.0,0.0,0.0
2023-10-13,1145158.1217819415,0.0,0.0,0.0,0.0,0.0
2023-10-16,1145158.1217819415,0.0,0.0,0.0,0.0,0.0
2023-10-17,1145158.1217819415,0.0,0.0,0.0,0.0,0.0
2023-10-18,1145158.1217819415,0.0,0.0,0.0,0.0,0.0
2023-10-19,1145158.1217819415,0.0,0.0,0.0,0.0,0.0
2023-10-20,1145158.1217819415,0.0,0.0,0.0,0.0,0.0
2023-10-23,1145158.1217819415,0.0,0.0,0.0,0.0,0.0
2023-10-24,1145158.1217819415,0.0,0.0,0.0,0.0,0.0
2023-10-25,1145158.1217819415,0.0,0.0,0.0,0.0,0.0
2023-10-26,1145158.1217819415,0.0,0.0,0.0,0.0,0.0
2023-10-27,1145158.1217819415,0.0,0.0,0.0,0.0,0.0
2023-10-30,1145158.1217819415,0.0,0.0,0.0,0.0,0.0
2023-10-31,1145158.1217819415,0.0,0.0,0.0,0.0,0.0
2023-11-01,1145158.1217819415,0.0,0.0,0.0,0.0,0.0
2023-11-02,1145158.1217819415,0.0,0.0,0.0,0.0,0.0
2023-11-03,1145158.1217819415,0.0,0.0,0.0,0.0,0.0
2023-11-06,1145158.1217819415,0.0,0.0,0.0,0.0,0.0
2023-11-07,1145158.1217819415,0.0,0.0,0.0,0.0,0.0
2023-11-08,1145158.1217819415,0.0,0.0,0.0,0.0,0.0
2023-11-09,1145158.1217819415,0.0,0.0,0.0,0.0,0.0
2023-11-10,1145158.1217819415,0.0,0.0,0.0,0.0,0.0
2023-11-13,1145158.1217819415,0.0,0.0,0.0,0.0,0.0
2023-11-14,1145158.1217819415,0.0,0.0,0.0,0.0,0.0
2023-11-15,1145158.1217819415,0.0,0.0,0.0,0.0,0.0
2023-11-16,1145158.1217819415,0.0,0.0,0.0,0.0,0.0
2023-11-17,1145158.1217819415,0.0,0.0,0.0,0.0,0.0
2023-11-20,1145158.1217819415,0.0,0.0,0.0,0.0,0.0
2023-11-21,1145158.1217819415,0.0,0.0,0.0,0.0,0.0
2023-11-22,1145158.1217819415,0.0,0.0,0.0,0.0,0.0
2023-11-24,1145158.1217819415,0.0,0.0,0.0,0.0,0.0
2023-11-27,1145158.1217819415,0.0,0.0,0.0,0.0,0.0
2023-11-28,1145158.1217819415,0.0,0.0,0.0,0.0,0.0
2023-11-29,1145158.1217819415,0.0,0.0,0.0,0.0,0.0
2023-11-30,1145158.1217819415,0.0,0.0,0.0,0.0,0.0
2023-12-01,1145158.1217819415,0.0,0.0,0.0,0.0,0.0
2023-12-04,1145158.1217819415,0.0,0.0,0.0,0.0,0.0
2023-12-05,1145158.1217819415,0.0,0.0,0.0,0.0,0.0
2023-12-06,1145158.1217819415,0.0,0.0,0.0,0.0,0.0
2023-12-07,1145158.1217819415,0.0,0.0,0.0,0.0,0.0
2023-12-08,1145158.1217819415,0.0,0.0,0.0,0.0,0.0
2023-12-11,1145158.1217819415,0.0,0.0,0.0,0.0,0.0
2023-12-12,1145158.1217819415,0.0,0.0,0.0,0.0,0.0
2023-12-13,1145158.1217819415,0.0,0.0,0.0,0.0,0.0
2023-12-14,1145158.1217819415,0.0,0.0,0.0,0.0,0.0
2023-12-15,1145158.1217819415,0.0,0.0,0.0,0.0,0.0
2023-12-18,1145158.1217819415,0.0,0.0,0.0,0.0,0.0
2023-12-19,1145158.1217819415,0.0,0.0,0.0,0.0,0.0
2023-12-20,1145158.1217819415,0.0,0.0,0.0,0.0,0.0
2023-12-21,1145158.1217819415,0.0,0.0,0.0,0.0,0.0
2023-12-22,1145158.1217819415,0.0,0.0,0.0,0.0,0.0
2023-12-26,1145158.1217819415,0.0,0.0,0.0,0.0,0.0
2023-12-27,1145158.1217819415,0.0,0.0,0.0,0.0,0.0
2023-12-28,1145158.1217819415,0.0,0.0,0.0,0.0,0.0
2023-12-29,1145158.1217819415,0.0,0.0,0.0,0.0,0.0
2024-01-02,1145158.1217819415,0.0,0.0,0.0,0.0,0.0
2024-01-03,1145158.1217819415,0.0,0.0,0.0,0.0,0.0
2024-01-04,1145158.1217819415,0.0,0.0,0.0,0.0,0.0
2024-01-05,1145158.1217819415,0.0,0.0,0.0,0.0,0.0
2024-01-08,1145158.1217819415,0.0,0.0,0.0,0.0,0.0
2024-01-09,1145158.1217819415,0.0,0.0,0.0,0.0,0.0
2024-01-10,1145158.1217819415,0.0,0.0,0.0,0.0,0.0
2024-01-11,1145158.1217819415,0.0,0.0,0.0,0.0,0.0
2024-01-12,1145158.1217819415,0.0,0.0,0.0,0.0,0.0
2024-01-16,1145158.1217819415,0.0,0.0,0.0,0.0,0.0
2024-01-17,1145158.1217819415,0.0,0.0,0.0,0.0,0.0
2024-01-18,1145158.1217819415,0.0,0.0,0.0,0.0,0.0
2024-01-19,1145158.1217819415,0.0,0.0,0.0,0.0,0.0
2024-01-22,1145158.1217819415,0.0,0.0,0.0,0.0,0.0
2024-01-23,1145158.1217819415,0.0,0.0,0.0,0.0,0.0
2024-01-24,1145158.1217819415,0.0,0.0,0.0,0.0,0.0
2024-01-25,1145158.1217819415,0.0,0.0,0.0,0.0,0.0
2024-01-26,1145158.1217819415,0.0,0.0,0.0,0.0,0.0
2024-01-29,1145158.1217819415,0.0,0.0,0.0,0.0,0.0
2024-01-30,1145158.1217819415,0.0,0.0,0.0,0.0,0.0
2024-01-31,1145158.1217819415,0.0,0.0,0.0,0.0,0.0
2024-02-01,1145158.1217819415,0.0,0.0,0.0,0.0,0.0
2024-02-02,1145158.1217819415,0.0,0.0,0.0,0.0,0.0
2024-02-05,1145158.1217819415,0.0,0.0,0.0,0.0,0.0
2024-02-06,1145158.1217819415,0.0,0.0,0.0,0.0,0.0
2024-02-07,1145158.1217819415,0.0,0.0,0.0,0.0,0.0
2024-02-08,1145158.1217819415,0.0,0.0,0.0,0.0,0.0
2024-02-09,1145158.1217819415,0.0,0.0,0.0,0.0,0.0
2024-02-12,1145158.1217819415,0.0,0.0,0.0,0.0,0.0
2024-02-13,1145158.1217819415,0.0,0.0,0.0,0.0,0.0
2024-02-14,1145158.1217819415,0.0,0.0,0.0,0.0,0.0
2024-02-15,1145158.1217819415,0.0,0.0,0.0,0.0,0.0
2024-02-16,1145158.1217819415,0.0,0.0,0.0,0.0,0.0
2024-02-20,1145158.1217819415,0.0,0.0,0.0,0.0,0.0
2024-02-21,1145158.1217819415,0.0,0.0,0.0,0.0,0.0
2024-02-22,1145158.1217819415,0.0,0.0,0.0,0.0,0.0
2024-02-23,1145158.1217819415,0.0,0.0,0.0,0.0,0.0
2024-02-26,1145158.1217819415,0.0,0.0,0.0,0.0,0.0
2024-02-27,1145158.1217819415,0.0,0.0,0.0,0.0,0.0
2024-02-28,1145158.1217819415,0.0,0.0,0.0,0.0,0.0
2024-02-29,1145158.1217819415,0.0,0.0,0.0,0.0,0.0
2024-03-01,1145158.1217819415,0.0,0.0,0.0,0.0,0.0
2024-03-04,1145158.1217819415,0.0,0.0,0.0,0.0,0.0
2024-03-05,1145158.1217819415,0.0,0.0,0.0,0.0,0.0
2024-03-06,1145158.1217819415,0.0,0.0,0.0,0.0,0.0
2024-03-07,1145158.1217819415,0.0,0.0,0.0,0.0,0.0
2024-03-08,1145158.1217819415,0.0,0.0,0.0,0.0,0.0
2024-03-11,1145158.1217819415,0.0,0.0,0.0,0.0,0.0
2024-03-12,1145158.1217819415,0.0,0.0,0.0,0.0,0.0
2024-03-13,1145158.1217819415,0.0,0.0,0.0,0.0,0.0
2024-03-14,1145158.1217819415,0.0,0.0,0.0,0.0,0.0
2024-03-15,1145158.1217819415,0.0,0.0,0.0,0.0,0.0
2024-03-18,1145158.1217819415,0.0,0.0,0.0,0.0,0.0
2024-03-19,1145158.1217819415,0.0,0.0,0.0,0.0,0.0
2024-03-20,1145158.1217819415,0.0,0.0,0.0,0.0,0.0
2024-03-21,1145158.1217819415,0.0,0.0,0.0,0.0,0.0
2024-03-22,1145158.1217819415,0.0,0.0,0.0,0.0,0.0
2024-03-25,1145158.1217819415,0.0,0.0,0.0,0.0,0.0
2024-03-26,1145158.1217819415,0.0,0.0,0.0,0.0,0.0
2024-03-27,1145158.1217819415,0.0,0.0,0.0,0.0,0.0
2024-03-28,1145158.1217819415,0.0,0.0,0.0,0.0,0.0
2024-04-01,1145158.1217819415,0.0,0.0,0.0,0.0,0.0
2024-04-02,1145158.1217819415,0.0,0.0,0.0,0.0,0.0
2024-04-03,1145158.1217819415,0.0,0.0,0.0,0.0,0.0
2024-04-04,1145158.1217819415,0.0,0.0,0.0,0.0,0.0
2024-04-05,1145158.1217819415,0.0,0.0,0.0,0.0,0.0
2024-04-08,1145158.1217819415,0.0,0.0,0.0,0.0,0.0
2024-04-09,1145158.1217819415,0.0,0.0,0.0,0.0,0.0
2024-04-10,1145158.1217819415,0.0,0.0,0.0,0.0,0.0
2024-04-11,1145158.1217819415,0.0,0.0,0.0,0.0,0.0
2024-04-12,1145158.1217819415,0.0,0.0,0.0,0.0,0.0
2024-04-15,1145158.1217819415,0.0,0.0,0.0,0.0,0.0
2024-04-16,1145158.1217819415,0.0,0.0,0.0,0.0,0.0
2024-04-17,1145158.1217819415,0.0,0.0,0.0,0.0,0.0
2024-04-18,1145158.1217819415,0.0,0.0,0.0,0.0,0.0
2024-04-19,1145158.1217819415,0.0,0.0,0.0,0.0,0.0
2024-04-22,1145158.1217819415,0.0,0.0,0.0,0.0,0.0
2024-04-23,1145158.1217819415,0.0,0.0,0.0,0.0,0.0
2024-04-24,1145158.1217819415,0.0,0.0,0.0,0.0,0.0
2024-04-25,1145158.1217819415,0.0,0.0,0.0,0.0,0.0
2024-04-26,1145158.1217819415,0.0,0.0,0.0,0.0,0.0
2024-04-29,1145158.1217819415,0.0,0.0,0.0,0.0,0.0
2024-04-30,1145158.1217819415,0.0,0.0,0.0,0.0,0.0
2024-05-01,1145158.1217819415,0.0,0.0,0.0,0.0,0.0
2024-05-02,1145158.1217819415,0.0,0.0,0.0,0.0,0.0
2024-05-03,1145158.1217819415,0.0,0.0,0.0,0.0,0.0
2024-05-06,1145158.1217819415,0.0,0.0,0.0,0.0,0.0
2024-05-07,1145158.1217819415,0.0,0.0,0.0,0.0,0.0
2024-05-08,1145158.1217819415,0.0,0.0,0.0,0.0,0.0
2024-05-09,1145158.1217819415,0.0,0.0,0.0,0.0,0.0
2024-05-10,1145158.1217819415,0.0,0.0,0.0,0.0,0.0
2024-05-13,1145158.1217819415,0.0,0.0,0.0,0.0,0.0
2024-05-14,1145158.1217819415,0.0,0.0,0.0,0.0,0.0
2024-05-15,1145158.1217819415,0.0,0.0,0.0,0.0,0.0
2024-05-16,1145158.1217819415,0.0,0.0,0.0,0.0,0.0
2024-05-17,1145158.1217819415,0.0,0.0,0.0,0.0,0.0
2024-05-20,1145158.1217819415,0.0,0.0,0.0,0.0,0.0
2024-05-21,1145158.1217819415,0.0,0.0,0.0,0.0,0.0
2024-05-22,1145158.1217819415,0.0,0.0,0.0,0.0,0.0
2024-05-23,1145158.1217819415,0.0,0.0,0.0,0.0,0.0
2024-05-24,1145158.1217819415,0.0,0.0,0.0,0.0,0.0
2024-05-28,1145158.1217819415,0.0,0.0,0.0,0.0,0.0
2024-05-29,1145158.1217819415,0.0,0.0,0.0,0.0,0.0
2024-05-30,1145158.1217819415,0.0,0.0,0.0,0.0,0.0
2024-05-31,1145158.1217819415,0.0,0.0,0.0,0.0,0.0
2024-06-03,1145158.1217819415,0.0,0.0,0.0,0.0,0.0
2024-06-04,1145158.1217819415,0.0,0.0,0.0,0.0,0.0
2024-06-05,1145158.1217819415,0.0,0.0,0.0,0.0,0.0
2024-06-06,1145158.1217819415,0.0,0.0,0.0,0.0,0.0
2024-06-07,1145158.1217819415,0.0,0.0,0.0,0.0,0.0
2024-06-10,1145158.1217819415,0.0,0.0,0.0,0.0,0.0
2024-06-11,1145158.1217819415,0.0,0.0,0.0,0.0,0.0
2024-06-12,1145158.1217819415,0.0,0.0,0.0,0.0,0.0
2024-06-13,1145158.1217819415,0.0,0.0,0.0,0.0,0.0
2024-06-14,1145158.1217819415,0.0,0.0,0.0,0.0,0.0
2024-06-17,1145158.1217819415,0.0,0.0,0.0,0.0,0.0
2024-06-18,1145158.1217819415,0.0,0.0,0.0,0.0,0.0
2024-06-20,1145158.1217819415,0.0,0.0,0.0,0.0,0.0
2024-06-21,1145158.1217819415,0.0,0.0,0.0,0.0,0.0
2024-06-24,1145158.1217819415,0.0,0.0,0.0,0.0,0.0
2024-06-25,1145158.1217819415,0.0,0.0,0.0,0.0,0.0
2024-06-26,1145158.1217819415,0.0,0.0,0.0,0.0,0.0
2024-06-27,1145158.1217819415,0.0,0.0,0.0,0.0,0.0
2024-06-28,1145158.1217819415,0.0,0.0,0.0,0.0,0.0
2024-07-01,1145158.1217819415,0.0,0.0,0.0,0.0,0.0
2024-07-02,1145158.1217819415,0.0,0.0,0.0,0.0,0.0
2024-07-03,1145158.1217819415,0.0,0.0,0.0,0.0,0.0
2024-07-05,1145158.1217819415,0.0,0.0,0.0,0.0,0.0
2024-07-08,1145158.1217819415,0.0,0.0,0.0,0.0,0.0
2024-07-09,1145158.1217819415,0.0,0.0,0.0,0.0,0.0
2024-07-10,1145158.1217819415,0.0,0.0,0.0,0.0,0.0
2024-07-11,1145158.1217819415,0.0,0.0,0.0,0.0,0.0
2024-07-12,1145158.1217819415,0.0,0.0,0.0,0.0,0.0
2024-07-15,1145158.1217819415,0.0,0.0,0.0,0.0,0.0
2024-07-16,1145158.1217819415,0.0,0.0,0.0,0.0,0.0
2024-07-17,1145158.1217819415,0.0,0.0,0.0,0.0,0.0
2024-07-18,1145158.1217819415,0.0,0.0,0.0,0.0,0.0
2024-07-19,1145158.1217819415,0.0,0.0,0.0,0.0,0.0
2024-07-22,1145158.1217819415,0.0,0.0,0.0,0.0,0.0
2024-07-23,1145158.1217819415,0.0,0.0,0.0,0.0,0.0
2024-07-24,1145158.1217819415,0.0,0.0,0.0,0.0,0.0
2024-07-25,1145158.1217819415,0.0,0.0,0.0,0.0,0.0
2024-07-26,1145158.1217819415,0.0,0.0,0.0,0.0,0.0
2024-07-29,1145158.1217819415,0.0,0.0,0.0,0.0,0.0
2024-07-30,1145158.1217819415,0.0,0.0,0.0,0.0,0.0
2024-07-31,1145158.1217819415,0.0,0.0,0.0,0.0,0.0
2024-08-01,1145158.1217819415,0.0,0.0,0.0,0.0,0.0
2024-08-02,1145158.1217819415,0.0,0.0,0.0,0.0,0.0
2024-08-05,1145158.1217819415,0.0,0.0,0.0,0.0,0.0
2024-08-06,1145158.1217819415,0.0,0.0,0.0,0.0,0.0
2024-08-07,1145158.1217819415,0.0,0.0,0.0,0.0,0.0
2024-08-08,1145158.1217819415,0.0,0.0,0.0,0.0,0.0
2024-08-09,1145158.1217819415,0.0,0.0,0.0,0.0,0.0
2024-08-12,1145158.1217819415,0.0,0.0,0.0,0.0,0.0
2024-08-13,1145158.1217819415,0.0,0.0,0.0,0.0,0.0
2024-08-14,1145158.1217819415,0.0,0.0,0.0,0.0,0.0
2024-08-15,1145158.1217819415,0.0,0.0,0.0,0.0,0.0
2024-08-16,1145158.1217819415,0.0,0.0,0.0,0.0,0.0
2024-08-19,1145158.1217819415,0.0,0.0,0.0,0.0,0.0
2024-08-20,1145158.1217819415,0.0,0.0,0.0,0.0,0.0
2024-08-21,1145158.1217819415,0.0,0.0,0.0,0.0,0.0
2024-08-22,1145158.1217819415,0.0,0.0,0.0,0.0,0.0
2024-08-23,1145158.1217819415,0.0,0.0,0.0,0.0,0.0
2024-08-26,1145158.1217819415,0.0,0.0,0.0,0.0,0.0
2024-08-27,1145158.1217819415,0.0,0.0,0.0,0.0,0.0
2024-08-28,1145158.1217819415,0.0,0.0,0.0,0.0,0.0
2024-08-29,1145158.1217819415,0.0,0.0,0.0,0.0,0.0
2024-08-30,1145158.1217819415,0.0,0.0,0.0,0.0,0.0
2024-09-03,1145158.1217819415,0.0,0.0,0.0,0.0,0.0
2024-09-04,1145158.1217819415,0.0,0.0,0.0,0.0,0.0
2024-09-05,1145158.1217819415,0.0,0.0,0.0,0.0,0.0
2024-09-06,1145158.1217819415,0.0,0.0,0.0,0.0,0.0
2024-09-09,1145158.1217819415,0.0,0.0,0.0,0.0,0.0
2024-09-10,1145158.1217819415,0.0,0.0,0.0,0.0,0.0
2024-09-11,1145158.1217819415,0.0,0.0,0.0,0.0,0.0
2024-09-12,1145158.1217819415,0.0,0.0,0.0,0.0,0.0
2024-09-13,1145158.1217819415,0.0,0.0,0.0,0.0,0.0
2024-09-16,1145158.1217819415,0.0,0.0,0.0,0.0,0.0
2024-09-17,1145158.1217819415,0.0,0.0,0.0,0.0,0.0
2024-09-18,1145158.1217819415,0.0,0.0,0.0,0.0,0.0
2024-09-19,1145158.1217819415,0.0,0.0,0.0,0.0,0.0
2024-09-20,1145158.1217819415,0.0,0.0,0.0,0.0,0.0
2024-09-23,1145158.1217819415,0.0,0.0,0.0,0.0,0.0
2024-09-24,1145158.1217819415,0.0,0.0,0.0,0.0,0.0
2024-09-25,1145158.1217819415,0.0,0.0,0.0,0.0,0.0
2024-09-26,1145158.1217819415,0.0,0.0,0.0,0.0,0.0
2024-09-27,1145158.1217819415,0.0,0.0,0.0,0.0,0.0
2024-09-30,1145158.1217819415,0.0,0.0,0.0,0.0,0.0
2024-10-01,1145158.1217819415,0.0,0.0,0.0,0.0,0.0
2024-10-02,1145158.1217819415,0.0,0.0,0.0,0.0,0.0
2024-10-03,1145158.1217819415,0.0,0.0,0.0,0.0,0.0
2024-10-04,1145158.1217819415,0.0,0.0,0.0,0.0,0.0
2024-10-07,1145158.1217819415,0.0,0.0,0.0,0.0,0.0
2024-10-08,1145158.1217819415,0.0,0.0,0.0,0.0,0.0
2024-10-09,1145158.1217819415,0.0,0.0,0.0,0.0,0.0
2024-10-10,1145158.1217819415,0.0,0.0,0.0,0.0,0.0
2024-10-11,1145158.1217819415,0.0,0.0,0.0,0.0,0.0
2024-10-14,1145158.1217819415,0.0,0.0,0.0,0.0,0.0
2024-10-15,1145158.1217819415,0.0,0.0,0.0,0.0,0.0
2024-10-16,1145158.1217819415,0.0,0.0,0.0,0.0,0.0
2024-10-17,1145158.1217819415,0.0,0.0,0.0,0.0,0.0
2024-10-18,1145158.1217819415,0.0,0.0,0.0,0.0,0.0
2024-10-21,1145158.1217819415,0.0,0.0,0.0,0.0,0.0
2024-10-22,1145158.1217819415,0.0,0.0,0.0,0.0,0.0
2024-10-23,1145158.1217819415,0.0,0.0,0.0,0.0,0.0
2024-10-24,1145158.1217819415,0.0,0.0,0.0,0.0,0.0
2024-10-25,1145158.1217819415,0.0,0.0,0.0,0.0,0.0
2024-10-28,1145158.1217819415,0.0,0.0,0.0,0.0,0.0
2024-10-29,1145158.1217819415,0.0,0.0,0.0,0.0,0.0
2024-10-30,1145158.1217819415,0.0,0.0,0.0,0.0,0.0
2024-10-31,1145158.1217819415,0.0,0.0,0.0,0.0,0.0
2024-11-01,1145158.1217819415,0.0,0.0,0.0,0.0,0.0
2024-11-04,1145158.1217819415,0.0,0.0,0.0,0.0,0.0
2024-11-05,1145158.1217819415,0.0,0.0,0.0,0.0,0.0
2024-11-06,1145158.1217819415,0.0,0.0,0.0,0.0,0.0
2024-11-07,1145158.1217819415,0.0,0.0,0.0,0.0,0.0
2024-11-08,1145158.1217819415,0.0,0.0,0.0,0.0,0.0
2024-11-11,1145158.1217819415,0.0,0.0,0.0,0.0,0.0
2024-11-12,1145158.1217819415,0.0,0.0,0.0,0.0,0.0
2024-11-13,1145158.1217819415,0.0,0.0,0.0,0.0,0.0
2024-11-14,1145158.1217819415,0.0,0.0,0.0,0.0,0.0
2024-11-15,1145158.1217819415,0.0,0.0,0.0,0.0,0.0
2024-11-18,1145158.1217819415,0.0,0.0,0.0,0.0,0.0
2024-11-19,1145158.1217819415,0.0,0.0,0.0,0.0,0.0
2024-11-20,1145158.1217819415,0.0,0.0,0.0,0.0,0.0
2024-11-21,1145158.1217819415,0.0,0.0,0.0,0.0,0.0
2024-11-22,1145158.1217819415,0.0,0.0,0.0,0.0,0.0
2024-11-25,1145158.1217819415,0.0,0.0,0.0,0.0,0.0
2024-11-26,1145158.1217819415,0.0,0.0,0.0,0.0,0.0
2024-11-27,1145158.1217819415,0.0,0.0,0.0,0.0,0.0
2024-11-29,1145158.1217819415,0.0,0.0,0.0,0.0,0.0
2024-12-02,1145158.1217819415,0.0,0.0,0.0,0.0,0.0
2024-12-03,1145158.1217819415,0.0,0.0,0.0,0.0,0.0
2024-12-04,1145158.1217819415,0.0,0.0,0.0,0.0,0.0
2024-12-05,1145158.1217819415,0.0,0.0,0.0,0.0,0.0
2024-12-06,1145158.1217819415,0.0,0.0,0.0,0.0,0.0
2024-12-09,1145158.1217819415,0.0,0.0,0.0,0.0,0.0
2024-12-10,1145158.1217819415,0.0,0.0,0.0,0.0,0.0
2024-12-11,1145158.1217819415,0.0,0.0,0.0,0.0,0.0
2024-12-12,1145158.1217819415,0.0,0.0,0.0,0.0,0.0
2024-12-13,1145158.1217819415,0.0,0.0,0.0,0.0,0.0
2024-12-16,1145158.1217819415,0.0,0.0,0.0,0.0,0.0
2024-12-17,1145158.1217819415,0.0,0.0,0.0,0.0,0.0
2024-12-18,1145158.1217819415,0.0,0.0,0.0,0.0,0.0
2024-12-19,1145158.1217819415,0.0,0.0,0.0,0.0,0.0
2024-12-20,1145158.1217819415,0.0,0.0,0.0,0.0,0.0
2024-12-23,1145158.1217819415,0.0,0.0,0.0,0.0,0.0
2024-12-24,1145158.1217819415,0.0,0.0,0.0,0.0,0.0
2024-12-26,1145158.1217819415,0.0,0.0,0.0,0.0,0.0
2024-12-27,1145158.1217819415,0.0,0.0,0.0,0.0,0.0
2024-12-30,1145158.1217819415,0.0,0.0,0.0,0.0,0.0
2024-12-31,1145158.1217819415,0.0,0.0,0.0,0.0,0.0
2025-01-02,1145158.1217819415,0.0,0.0,0.0,0.0,0.0
2025-01-03,1145158.1217819415,0.0,0.0,0.0,0.0,0.0
2025-01-06,1145158.1217819415,0.0,0.0,0.0,0.0,0.0
2025-01-07,1145158.1217819415,0.0,0.0,0.0,0.0,0.0
2025-01-08,1145158.1217819415,0.0,0.0,0.0,0.0,0.0
2025-01-09,1145158.1217819415,0.0,0.0,0.0,0.0,0.0
2025-01-10,1145158.1217819415,0.0,0.0,0.0,0.0,0.0
2025-01-13,1145158.1217819415,0.0,0.0,0.0,0.0,0.0
2025-01-14,1145158.1217819415,0.0,0.0,0.0,0.0,0.0
2025-01-15,1145158.1217819415,0.0,0.0,0.0,0.0,0.0
2025-01-16,1145158.1217819415,0.0,0.0,0.0,0.0,0.0
2025-01-17,1145158.1217819415,0.0,0.0,0.0,0.0,0.0
2025-01-21,1145158.1217819415,0.0,0.0,0.0,0.0,0.0
2025-01-22,1145158.1217819415,0.0,0.0,0.0,0.0,0.0
2025-01-23,1145158.1217819415,0.0,0.0,0.0,0.0,0.0
2025-01-24,1145158.1217819415,0.0,0.0,0.0,0.0,0.0
2025-01-27,1145158.1217819415,0.0,0.0,0.0,0.0,0.0
2025-01-28,1145158.1217819415,0.0,0.0,0.0,0.0,0.0
2025-01-29,1145158.1217819415,0.0,0.0,0.0,0.0,0.0
2025-01-30,1145158.1217819415,0.0,0.0,0.0,0.0,0.0
2025-01-31,1145158.1217819415,0.0,0.0,0.0,0.0,0.0
2025-02-03,1145158.1217819415,0.0,0.0,0.0,0.0,0.0
2025-02-04,1145158.1217819415,0.0,0.0,0.0,0.0,0.0
2025-02-05,1145158.1217819415,0.0,0.0,0.0,0.0,0.0
2025-02-06,1145158.1217819415,0.0,0.0,0.0,0.0,0.0
2025-02-07,1145158.1217819415,0.0,0.0,0.0,0.0,0.0
2025-02-10,1145158.1217819415,0.0,0.0,0.0,0.0,0.0
2025-02-11,1145158.1217819415,0.0,0.0,0.0,0.0,0.0
2025-02-12,1145158.1217819415,0.0,0.0,0.0,0.0,0.0
2025-02-13,1145158.1217819415,0.0,0.0,0.0,0.0,0.0
2025-02-14,1145158.1217819415,0.0,0.0,0.0,0.0,0.0
2025-02-18,1145158.1217819415,0.0,0.0,0.0,0.0,0.0
2025-02-19,1145158.1217819415,0.0,0.0,0.0,0.0,0.0
2025-02-20,1145158.1217819415,0.0,0.0,0.0,0.0,0.0
2025-02-21,1145158.1217819415,0.0,0.0,0.0,0.0,0.0
2025-02-24,1145158.1217819415,0.0,0.0,0.0,0.0,0.0
2025-02-25,1145158.1217819415,0.0,0.0,0.0,0.0,0.0
2025-02-26,1145158.1217819415,0.0,0.0,0.0,0.0,0.0
2025-02-27,1145158.1217819415,0.0,0.0,0.0,0.0,0.0
2025-02-28,1145158.1217819415,0.0,0.0,0.0,0.0,0.0
2025-03-03,1145158.1217819415,0.0,0.0,0.0,0.0,0.0
2025-03-04,1145158.1217819415,0.0,0.0,0.0,0.0,0.0
2025-03-05,1145158.1217819415,0.0,0.0,0.0,0.0,0.0
2025-03-06,1145158.1217819415,0.0,0.0,0.0,0.0,0.0
2025-03-07,1145158.1217819415,0.0,0.0,0.0,0.0,0.0
2025-03-10,1145158.1217819415,0.0,0.0,0.0,0.0,0.0
2025-03-11,1145158.1217819415,0.0,0.0,0.0,0.0,0.0
2025-03-12,1145158.1217819415,0.0,0.0,0.0,0.0,0.0
2025-03-13,1145158.1217819415,0.0,0.0,0.0,0.0,0.0
2025-03-14,1145158.1217819415,0.0,0.0,0.0,0.0,0.0
2025-03-17,1145158.1217819415,0.0,0.0,0.0,0.0,0.0
2025-03-18,1145158.1217819415,0.0,0.0,0.0,0.0,0.0
2025-03-19,1145158.1217819415,0.0,0.0,0.0,0.0,0.0
2025-03-20,1145158.1217819415,0.0,0.0,0.0,0.0,0.0
2025-03-21,1145158.1217819415,0.0,0.0,0.0,0.0,0.0
2025-03-24,1145158.1217819415,0.0,0.0,0.0,0.0,0.0
2025-03-25,1145158.1217819415,0.0,0.0,0.0,0.0,0.0
2025-03-26,1145158.1217819415,0.0,0.0,0.0,0.0,0.0
2025-03-27,1145158.1217819415,0.0,0.0,0.0,0.0,0.0
2025-03-28,1145158.1217819415,0.0,0.0,0.0,0.0,0.0
2025-03-31,1145158.1217819415,0.0,0.0,0.0,0.0,0.0
2025-04-01,1145158.1217819415,0.0,0.0,0.0,0.0,0.0
2025-04-02,1145158.1217819415,0.0,0.0,0.0,0.0,0.0
2025-04-03,1145158.1217819415,0.0,0.0,0.0,0.0,0.0
2025-04-04,1145158.1217819415,0.0,0.0,0.0,0.0,0.0
2025-04-07,1145158.1217819415,0.0,0.0,0.0,0.0,0.0
2025-04-08,1145158.1217819415,0.0,0.0,0.0,0.0,0.0
2025-04-09,1145158.1217819415,0.0,0.0,0.0,0.0,0.0
2025-04-10,1145158.1217819415,0.0,0.0,0.0,0.0,0.0
2025-04-11,1145158.1217819415,0.0,0.0,0.0,0.0,0.0
2025-04-14,1145158.1217819415,0.0,0.0,0.0,0.0,0.0
2025-04-15,1145158.1217819415,0.0,0.0,0.0,0.0,0.0
2025-04-16,1145158.1217819415,0.0,0.0,0.0,0.0,0.0
2025-04-17,1145158.1217819415,0.0,0.0,0.0,0.0,0.0
2025-04-21,1145158.1217819415,0.0,0.0,0.0,0.0,0.0
2025-04-22,1145158.1217819415,0.0,0.0,0.0,0.0,0.0
2025-04-23,1145158.1217819415,0.0,0.0,0.0,0.0,0.0
2025-04-24,1145158.1217819415,0.0,0.0,0.0,0.0,0.0
2025-04-25,1145158.1217819415,0.0,0.0,0.0,0.0,0.0
2025-04-28,1145158.1217819415,0.0,0.0,0.0,0.0,0.0
2025-04-29,1145158.1217819415,0.0,0.0,0.0,0.0,0.0
2025-04-30,1145158.1217819415,0.0,0.0,0.0,0.0,0.0
2025-05-01,1145158.1217819415,0.0,0.0,0.0,0.0,0.0
2025-05-02,1145158.1217819415,0.0,0.0,0.0,0.0,0.0
2025-05-05,1145158.1217819415,0.0,0.0,0.0,0.0,0.0
2025-05-06,1145158.1217819415,0.0,0.0,0.0,0.0,0.0
2025-05-07,1145158.1217819415,0.0,0.0,0.0,0.0,0.0
2025-05-08,1145158.1217819415,0.0,0.0,0.0,0.0,0.0
2025-05-09,1145158.1217819415,0.0,0.0,0.0,0.0,0.0
2025-05-12,1145158.1217819415,0.0,0.0,0.0,0.0,0.0
2025-05-13,1145158.1217819415,0.0,0.0,0.0,0.0,0.0
2025-05-14,1145158.1217819415,0.0,0.0,0.0,0.0,0.0
2025-05-15,1145158.1217819415,0.0,0.0,0.0,0.0,0.0
2025-05-16,1145158.1217819415,0.0,0.0,0.0,0.0,0.0
2025-05-19,1145158.1217819415,0.0,0.0,0.0,0.0,0.0
2025-05-20,1145158.1217819415,0.0,0.0,0.0,0.0,0.0
2025-05-21,1145158.1217819415,0.0,0.0,0.0,0.0,0.0
2025-05-22,1145158.1217819415,0.0,0.0,0.0,0.0,0.0
2025-05-23,1145158.1217819415,0.0,0.0,0.0,0.0,0.0
2025-05-27,1145158.1217819415,0.0,0.0,0.0,0.0,0.0
2025-05-28,1145158.1217819415,0.0,0.0,0.0,0.0,0.0
2025-05-29,1145158.1217819415,0.0,0.0,0.0,0.0,0.0
2025-05-30,1145158.1217819415,0.0,0.0,0.0,0.0,0.0
