date,portfolio_value,daily_pnl,transaction_costs,portfolio_return,cocoa_signal,cocoa_position
2003-01-21,1000000.0,0.0,0.0,0.0,0.0,0.0
2003-01-22,1000000.0,0.0,0.0,0.0,0.0,0.0
2003-01-23,1000000.0,0.0,0.0,0.0,0.0,0.0
2003-01-24,1000000.0,0.0,0.0,0.0,0.0,0.0
2003-01-27,1000000.0,0.0,0.0,0.0,0.0,0.0
2003-01-28,1000000.0,0.0,0.0,0.0,0.0,0.0
2003-01-29,1000000.0,0.0,0.0,0.0,0.0,0.0
2003-01-30,1000000.0,0.0,0.0,0.0,0.0,0.0
2003-01-31,1000000.0,0.0,0.0,0.0,0.0,0.0
2003-02-03,1000000.0,0.0,0.0,0.0,0.0,0.0
2003-02-04,1000000.0,0.0,0.0,0.0,0.0,0.0
2003-02-05,1000000.0,0.0,0.0,0.0,0.0,0.0
2003-02-06,1000000.0,0.0,0.0,0.0,0.0,0.0
2003-02-07,1000000.0,0.0,0.0,0.0,0.0,0.0
2003-02-10,1000000.0,0.0,0.0,0.0,0.0,0.0
2003-02-11,1000000.0,0.0,0.0,0.0,0.0,0.0
2003-02-12,1000000.0,0.0,0.0,0.0,0.0,0.0
2003-02-13,1000000.0,0.0,0.0,0.0,0.0,0.0
2003-02-14,1000000.0,0.0,0.0,0.0,0.0,0.0
2003-02-19,1000000.0,0.0,0.0,0.0,0.0,0.0
2003-02-20,1000000.0,0.0,0.0,0.0,0.0,0.0
2003-02-21,1000000.0,0.0,0.0,0.0,0.0,0.0
2003-02-24,1000000.0,0.0,0.0,0.0,0.0,0.0
2003-02-25,1000000.0,0.0,0.0,0.0,0.0,0.0
2003-02-26,1000000.0,0.0,0.0,0.0,0.0,0.0
2003-02-27,1000000.0,0.0,0.0,0.0,0.0,0.0
2003-02-28,1000000.0,0.0,0.0,0.0,0.0,0.0
2003-03-03,1000000.0,0.0,0.0,0.0,0.0,0.0
2003-03-04,1000000.0,0.0,0.0,0.0,0.0,0.0
2003-03-05,1000000.0,0.0,0.0,0.0,0.0,0.0
2003-03-06,1000000.0,0.0,0.0,0.0,0.0,0.0
2003-03-07,1000000.0,0.0,0.0,0.0,0.0,0.0
2003-03-10,1000000.0,0.0,0.0,0.0,0.0,0.0
2003-03-11,1000000.0,0.0,0.0,0.0,0.0,0.0
2003-03-12,1000000.0,0.0,0.0,0.0,0.0,0.0
2003-03-13,1000000.0,0.0,0.0,0.0,0.0,0.0
2003-03-14,1000000.0,0.0,0.0,0.0,0.0,0.0
2003-03-17,1000000.0,0.0,0.0,0.0,0.0,0.0
2003-03-18,1000000.0,0.0,0.0,0.0,0.0,0.0
2003-03-19,1000000.0,0.0,0.0,0.0,0.0,0.0
2003-03-20,1000000.0,0.0,0.0,0.0,0.0,0.0
2003-03-21,1000000.0,0.0,0.0,0.0,0.0,0.0
2003-03-24,1000000.0,0.0,0.0,0.0,0.0,0.0
2003-03-25,1000000.0,0.0,0.0,0.0,0.0,0.0
2003-03-26,1000000.0,0.0,0.0,0.0,0.0,0.0
2003-03-27,1000000.0,0.0,0.0,0.0,0.0,0.0
2003-03-28,1000000.0,0.0,0.0,0.0,0.0,0.0
2003-03-31,1000000.0,0.0,0.0,0.0,0.0,0.0
2003-04-01,1000000.0,0.0,0.0,0.0,0.0,0.0
2003-04-02,1000000.0,0.0,0.0,0.0,0.0,0.0
2003-04-03,1000000.0,0.0,0.0,0.0,0.0,0.0
2003-04-04,1000000.0,0.0,0.0,0.0,0.0,0.0
2003-04-07,1000000.0,0.0,0.0,0.0,0.0,0.0
2003-04-08,1000000.0,0.0,0.0,0.0,0.0,0.0
2003-04-09,1000000.0,0.0,0.0,0.0,0.0,0.0
2003-04-10,1000000.0,0.0,0.0,0.0,0.0,0.0
2003-04-11,1000000.0,0.0,0.0,0.0,0.0,0.0
2003-04-14,1000000.0,0.0,0.0,0.0,0.0,0.0
2003-04-15,1000000.0,0.0,0.0,0.0,0.0,0.0
2003-04-16,1000000.0,0.0,0.0,0.0,0.0,0.0
2003-04-17,1000000.0,0.0,0.0,0.0,0.0,0.0
2003-04-21,1000000.0,0.0,0.0,0.0,0.0,0.0
2003-04-22,1000000.0,0.0,0.0,0.0,0.0,0.0
2003-04-23,1000000.0,0.0,0.0,0.0,0.0,0.0
2003-04-24,1000000.0,0.0,0.0,0.0,0.0,0.0
2003-04-25,1000000.0,0.0,0.0,0.0,0.0,0.0
2003-04-28,1000000.0,0.0,0.0,0.0,0.0,0.0
2003-04-29,1000000.0,0.0,0.0,0.0,0.0,0.0
2003-04-30,1000000.0,0.0,0.0,0.0,0.0,0.0
2003-05-01,1000000.0,0.0,0.0,0.0,0.0,0.0
2003-05-02,1000000.0,0.0,0.0,0.0,0.0,0.0
2003-05-05,1000000.0,0.0,0.0,0.0,0.0,0.0
2003-05-06,1000000.0,0.0,0.0,0.0,0.0,0.0
2003-05-07,1000000.0,0.0,0.0,0.0,0.0,0.0
2003-05-08,1000000.0,0.0,0.0,0.0,0.0,0.0
2003-05-09,1000000.0,0.0,0.0,0.0,0.0,0.0
2003-05-12,1000000.0,0.0,0.0,0.0,0.0,0.0
2003-05-13,1000000.0,0.0,0.0,0.0,0.0,0.0
2003-05-14,1000000.0,0.0,0.0,0.0,0.0,0.0
2003-05-15,1000000.0,0.0,0.0,0.0,0.0,0.0
2003-05-16,1000000.0,0.0,0.0,0.0,0.0,0.0
2003-05-19,1000000.0,0.0,0.0,0.0,0.0,0.0
2003-05-20,1000000.0,0.0,0.0,0.0,0.0,0.0
2003-05-21,1000000.0,0.0,0.0,0.0,0.0,0.0
2003-05-22,1000000.0,0.0,0.0,0.0,0.0,0.0
2003-05-23,1000000.0,0.0,0.0,0.0,0.0,0.0
2003-05-27,1000000.0,0.0,0.0,0.0,0.0,0.0
2003-05-28,1000000.0,0.0,0.0,0.0,0.0,0.0
2003-05-29,1000000.0,0.0,0.0,0.0,0.0,0.0
2003-05-30,1000000.0,0.0,0.0,0.0,0.0,0.0
2003-06-02,1000000.0,0.0,0.0,0.0,0.0,0.0
2003-06-03,1000000.0,0.0,0.0,0.0,0.0,0.0
2003-06-04,1000000.0,0.0,0.0,0.0,0.0,0.0
2003-06-05,1000000.0,0.0,0.0,0.0,0.0,0.0
2003-06-06,1000000.0,0.0,0.0,0.0,0.0,0.0
2003-06-09,1000000.0,0.0,0.0,0.0,0.0,0.0
2003-06-10,1000000.0,0.0,0.0,0.0,0.0,0.0
2003-06-11,1000000.0,0.0,0.0,0.0,0.0,0.0
2003-06-12,1000000.0,0.0,0.0,0.0,0.0,0.0
2003-06-13,1000000.0,0.0,0.0,0.0,0.0,0.0
2003-06-16,1000000.0,0.0,0.0,0.0,0.0,0.0
2003-06-17,1000000.0,0.0,0.0,0.0,0.0,0.0
2003-06-18,1000000.0,0.0,0.0,0.0,0.0,0.0
2003-06-19,1000000.0,0.0,0.0,0.0,0.0,0.0
2003-06-20,1000000.0,0.0,0.0,0.0,0.0,0.0
2003-06-23,1000000.0,0.0,0.0,0.0,0.0,0.0
2003-06-24,1000000.0,0.0,0.0,0.0,0.0,0.0
2003-06-25,1000000.0,0.0,0.0,0.0,0.0,0.0
2003-06-26,1000000.0,0.0,0.0,0.0,0.0,0.0
2003-06-27,1000000.0,0.0,0.0,0.0,0.0,0.0
2003-06-30,1000000.0,0.0,0.0,0.0,0.0,0.0
2003-07-01,1000000.0,0.0,0.0,0.0,0.0,0.0
2003-07-02,1000000.0,0.0,0.0,0.0,0.0,0.0
2003-07-03,1000000.0,0.0,0.0,0.0,0.0,0.0
2003-07-07,1000000.0,0.0,0.0,0.0,0.0,0.0
2003-07-08,1000000.0,0.0,0.0,0.0,0.0,0.0
2003-07-09,1000000.0,0.0,0.0,0.0,0.0,0.0
2003-07-10,1000000.0,0.0,0.0,0.0,0.0,0.0
2003-07-11,1000000.0,0.0,0.0,0.0,0.0,0.0
2003-07-14,1000000.0,0.0,0.0,0.0,0.0,0.0
2003-07-15,1000000.0,0.0,0.0,0.0,0.0,0.0
2003-07-16,1000000.0,0.0,0.0,0.0,0.0,0.0
2003-07-17,1000000.0,0.0,0.0,0.0,0.0,0.0
2003-07-18,1000000.0,0.0,0.0,0.0,0.0,0.0
2003-07-21,1000000.0,0.0,0.0,0.0,0.0,0.0
2003-07-22,1000000.0,0.0,0.0,0.0,0.0,0.0
2003-07-23,1000000.0,0.0,0.0,0.0,0.0,0.0
2003-07-24,1000000.0,0.0,0.0,0.0,0.0,0.0
2003-07-25,1000000.0,0.0,0.0,0.0,0.0,0.0
2003-07-28,1000000.0,0.0,0.0,0.0,0.0,0.0
2003-07-29,1000000.0,0.0,0.0,0.0,0.0,0.0
2003-07-30,1000000.0,0.0,0.0,0.0,0.0,0.0
2003-07-31,1000000.0,0.0,0.0,0.0,0.0,0.0
2003-08-01,1000000.0,0.0,0.0,0.0,0.0,0.0
2003-08-04,1000000.0,0.0,0.0,0.0,0.0,0.0
2003-08-05,1000000.0,0.0,0.0,0.0,0.0,0.0
2003-08-06,1000000.0,0.0,0.0,0.0,0.0,0.0
2003-08-07,1000000.0,0.0,0.0,0.0,0.0,0.0
2003-08-08,1000000.0,0.0,0.0,0.0,0.0,0.0
2003-08-11,1000000.0,0.0,0.0,0.0,0.0,0.0
2003-08-12,1000000.0,0.0,0.0,0.0,0.0,0.0
2003-08-13,1000000.0,0.0,0.0,0.0,0.0,0.0
2003-08-14,1000000.0,0.0,0.0,0.0,0.0,0.0
2003-08-15,999500.0,0.0,500.0,-0.0005,-0.49588662351896123,-0.5
2003-08-18,977990.92131809,-21509.078681909887,0.0,-0.02106649111257406,-0.2208836771426674,-0.5
2003-08-19,978306.1988555879,315.2775374977724,0.0,0.0003224766204450177,-0.24178380173034575,-0.5
2003-08-20,962669.078806138,-15147.966950022006,489.15309942779396,-0.01574015247776366,-0.4318287125846586,-0.5
2003-08-21,962669.078806138,0.0,0.0,0.0,0.0,0.0
2003-08-22,962669.078806138,0.0,0.0,0.0,0.0,0.0
2003-08-25,962669.078806138,0.0,0.0,0.0,0.0,0.0
2003-08-26,962669.078806138,0.0,0.0,0.0,0.0,0.0
2003-08-27,962669.078806138,0.0,0.0,0.0,0.0,0.0
2003-08-28,962669.078806138,0.0,0.0,0.0,0.0,0.0
2003-08-29,962669.078806138,0.0,0.0,0.0,0.0,0.0
2003-09-02,962669.078806138,0.0,0.0,0.0,0.0,0.0
2003-09-03,962669.078806138,0.0,0.0,0.0,0.0,0.0
2003-09-04,962669.078806138,0.0,0.0,0.0,0.0,0.0
2003-09-05,962669.078806138,0.0,0.0,0.0,0.0,0.0
2003-09-08,962669.078806138,0.0,0.0,0.0,0.0,0.0
2003-09-09,962669.078806138,0.0,0.0,0.0,0.0,0.0
2003-09-10,962669.078806138,0.0,0.0,0.0,0.0,0.0
2003-09-11,962669.078806138,0.0,0.0,0.0,0.0,0.0
2003-09-12,962669.078806138,0.0,0.0,0.0,0.0,0.0
2003-09-15,962669.078806138,0.0,0.0,0.0,0.0,0.0
2003-09-16,962669.078806138,0.0,0.0,0.0,0.0,0.0
2003-09-17,962669.078806138,0.0,0.0,0.0,0.0,0.0
2003-09-18,962669.078806138,0.0,0.0,0.0,0.0,0.0
2003-09-19,962669.078806138,0.0,0.0,0.0,0.0,0.0
2003-09-22,962669.078806138,0.0,0.0,0.0,0.0,0.0
2003-09-23,962669.078806138,0.0,0.0,0.0,0.0,0.0
2003-09-24,962669.078806138,0.0,0.0,0.0,0.0,0.0
2003-09-25,962669.078806138,0.0,0.0,0.0,0.0,0.0
2003-09-26,962669.078806138,0.0,0.0,0.0,0.0,0.0
2003-09-29,962669.078806138,0.0,0.0,0.0,0.0,0.0
2003-09-30,962669.078806138,0.0,0.0,0.0,0.0,0.0
2003-10-01,962669.078806138,0.0,0.0,0.0,0.0,0.0
2003-10-02,962669.078806138,0.0,0.0,0.0,0.0,0.0
2003-10-03,962669.078806138,0.0,0.0,0.0,0.0,0.0
2003-10-06,962669.078806138,0.0,0.0,0.0,0.0,0.0
2003-10-07,962669.078806138,0.0,0.0,0.0,0.0,0.0
2003-10-08,962669.078806138,0.0,0.0,0.0,0.0,0.0
2003-10-09,962669.078806138,0.0,0.0,0.0,0.0,0.0
2003-10-10,962669.078806138,0.0,0.0,0.0,0.0,0.0
2003-10-13,962669.078806138,0.0,0.0,0.0,0.0,0.0
2003-10-14,962669.078806138,0.0,0.0,0.0,0.0,0.0
2003-10-15,962669.078806138,0.0,0.0,0.0,0.0,0.0
2003-10-16,962669.078806138,0.0,0.0,0.0,0.0,0.0
2003-10-17,962669.078806138,0.0,0.0,0.0,0.0,0.0
2003-10-20,962669.078806138,0.0,0.0,0.0,0.0,0.0
2003-10-21,962669.078806138,0.0,0.0,0.0,0.0,0.0
2003-10-22,962669.078806138,0.0,0.0,0.0,0.0,0.0
2003-10-23,962669.078806138,0.0,0.0,0.0,0.0,0.0
2003-10-24,962669.078806138,0.0,0.0,0.0,0.0,0.0
2003-10-27,962669.078806138,0.0,0.0,0.0,0.0,0.0
2003-10-28,962669.078806138,0.0,0.0,0.0,0.0,0.0
2003-10-29,962669.078806138,0.0,0.0,0.0,0.0,0.0
2003-10-30,962669.078806138,0.0,0.0,0.0,0.0,0.0
2003-10-31,962669.078806138,0.0,0.0,0.0,0.0,0.0
2003-11-03,962669.078806138,0.0,0.0,0.0,0.0,0.0
2003-11-04,962669.078806138,0.0,0.0,0.0,0.0,0.0
2003-11-05,962669.078806138,0.0,0.0,0.0,0.0,0.0
2003-11-06,962669.078806138,0.0,0.0,0.0,0.0,0.0
2003-11-07,962669.078806138,0.0,0.0,0.0,0.0,0.0
2003-11-10,962669.078806138,0.0,0.0,0.0,0.0,0.0
2003-11-11,962669.078806138,0.0,0.0,0.0,0.0,0.0
2003-11-12,962669.078806138,0.0,0.0,0.0,0.0,0.0
2003-11-13,962669.078806138,0.0,0.0,0.0,0.0,0.0
2003-11-14,962669.078806138,0.0,0.0,0.0,0.0,0.0
2003-11-17,962669.078806138,0.0,0.0,0.0,0.0,0.0
2003-11-18,962669.078806138,0.0,0.0,0.0,0.0,0.0
2003-11-19,962669.078806138,0.0,0.0,0.0,0.0,0.0
2003-11-20,962669.078806138,0.0,0.0,0.0,0.0,0.0
2003-11-21,962669.078806138,0.0,0.0,0.0,0.0,0.0
2003-11-24,962669.078806138,0.0,0.0,0.0,0.0,0.0
2003-11-25,962669.078806138,0.0,0.0,0.0,0.0,0.0
2003-11-26,962669.078806138,0.0,0.0,0.0,0.0,0.0
2003-12-01,962669.078806138,0.0,0.0,0.0,0.0,0.0
2003-12-02,962669.078806138,0.0,0.0,0.0,0.0,0.0
2003-12-03,962669.078806138,0.0,0.0,0.0,0.0,0.0
2003-12-04,962669.078806138,0.0,0.0,0.0,0.0,0.0
2003-12-05,962669.078806138,0.0,0.0,0.0,0.0,0.0
2003-12-08,962669.078806138,0.0,0.0,0.0,0.0,0.0
2003-12-09,962669.078806138,0.0,0.0,0.0,0.0,0.0
2003-12-10,962669.078806138,0.0,0.0,0.0,0.0,0.0
2003-12-11,962669.078806138,0.0,0.0,0.0,0.0,0.0
2003-12-12,962669.078806138,0.0,0.0,0.0,0.0,0.0
2003-12-15,962669.078806138,0.0,0.0,0.0,0.0,0.0
2003-12-16,962669.078806138,0.0,0.0,0.0,0.0,0.0
2003-12-17,962669.078806138,0.0,0.0,0.0,0.0,0.0
2003-12-18,962669.078806138,0.0,0.0,0.0,0.0,0.0
2003-12-19,962669.078806138,0.0,0.0,0.0,0.0,0.0
2003-12-22,962669.078806138,0.0,0.0,0.0,0.0,0.0
2003-12-23,962669.078806138,0.0,0.0,0.0,0.0,0.0
2003-12-24,962669.078806138,0.0,0.0,0.0,0.0,0.0
2003-12-29,962669.078806138,0.0,0.0,0.0,0.0,0.0
2003-12-30,962669.078806138,0.0,0.0,0.0,0.0,0.0
2003-12-31,962669.078806138,0.0,0.0,0.0,0.0,0.0
2004-01-05,962669.078806138,0.0,0.0,0.0,0.0,0.0
2004-01-06,962669.078806138,0.0,0.0,0.0,0.0,0.0
2004-01-07,962669.078806138,0.0,0.0,0.0,0.0,0.0
2004-01-08,962669.078806138,0.0,0.0,0.0,0.0,0.0
2004-01-09,962669.078806138,0.0,0.0,0.0,0.0,0.0
2004-01-12,962669.078806138,0.0,0.0,0.0,0.0,0.0
2004-01-13,962669.078806138,0.0,0.0,0.0,0.0,0.0
2004-01-14,962669.078806138,0.0,0.0,0.0,0.0,0.0
2004-01-15,962669.078806138,0.0,0.0,0.0,0.0,0.0
2004-01-16,962669.078806138,0.0,0.0,0.0,0.0,0.0
2004-01-20,962669.078806138,0.0,0.0,0.0,0.0,0.0
2004-01-21,962669.078806138,0.0,0.0,0.0,0.0,0.0
2004-01-22,962669.078806138,0.0,0.0,0.0,0.0,0.0
2004-01-23,962669.078806138,0.0,0.0,0.0,0.0,0.0
2004-01-26,962669.078806138,0.0,0.0,0.0,0.0,0.0
2004-01-27,962669.078806138,0.0,0.0,0.0,0.0,0.0
2004-01-28,962669.078806138,0.0,0.0,0.0,0.0,0.0
2004-01-29,962669.078806138,0.0,0.0,0.0,0.0,0.0
2004-01-30,962669.078806138,0.0,0.0,0.0,0.0,0.0
2004-02-02,962669.078806138,0.0,0.0,0.0,0.0,0.0
2004-02-03,962669.078806138,0.0,0.0,0.0,0.0,0.0
2004-02-04,962669.078806138,0.0,0.0,0.0,0.0,0.0
2004-02-05,962669.078806138,0.0,0.0,0.0,0.0,0.0
2004-02-06,962669.078806138,0.0,0.0,0.0,0.0,0.0
2004-02-09,962669.078806138,0.0,0.0,0.0,0.0,0.0
2004-02-10,962669.078806138,0.0,0.0,0.0,0.0,0.0
2004-02-11,962669.078806138,0.0,0.0,0.0,0.0,0.0
2004-02-12,962669.078806138,0.0,0.0,0.0,0.0,0.0
2004-02-13,962669.078806138,0.0,0.0,0.0,0.0,0.0
2004-02-17,962669.078806138,0.0,0.0,0.0,0.0,0.0
2004-02-18,962669.078806138,0.0,0.0,0.0,0.0,0.0
2004-02-19,962669.078806138,0.0,0.0,0.0,0.0,0.0
2004-02-20,962669.078806138,0.0,0.0,0.0,0.0,0.0
2004-02-23,962669.078806138,0.0,0.0,0.0,0.0,0.0
2004-02-24,962669.078806138,0.0,0.0,0.0,0.0,0.0
2004-02-25,962669.078806138,0.0,0.0,0.0,0.0,0.0
2004-02-26,962669.078806138,0.0,0.0,0.0,0.0,0.0
2004-02-27,962669.078806138,0.0,0.0,0.0,0.0,0.0
2004-03-01,962669.078806138,0.0,0.0,0.0,0.0,0.0
2004-03-02,962669.078806138,0.0,0.0,0.0,0.0,0.0
2004-03-03,962669.078806138,0.0,0.0,0.0,0.0,0.0
2004-03-04,962669.078806138,0.0,0.0,0.0,0.0,0.0
2004-03-05,962669.078806138,0.0,0.0,0.0,0.0,0.0
2004-03-08,962669.078806138,0.0,0.0,0.0,0.0,0.0
2004-03-09,962669.078806138,0.0,0.0,0.0,0.0,0.0
2004-03-10,962669.078806138,0.0,0.0,0.0,0.0,0.0
2004-03-11,962669.078806138,0.0,0.0,0.0,0.0,0.0
2004-03-12,962669.078806138,0.0,0.0,0.0,0.0,0.0
2004-03-15,962669.078806138,0.0,0.0,0.0,0.0,0.0
2004-03-16,962669.078806138,0.0,0.0,0.0,0.0,0.0
2004-03-17,962669.078806138,0.0,0.0,0.0,0.0,0.0
2004-03-18,962669.078806138,0.0,0.0,0.0,0.0,0.0
2004-03-19,962669.078806138,0.0,0.0,0.0,0.0,0.0
2004-03-22,962669.078806138,0.0,0.0,0.0,0.0,0.0
2004-03-23,962669.078806138,0.0,0.0,0.0,0.0,0.0
2004-03-24,962669.078806138,0.0,0.0,0.0,0.0,0.0
2004-03-25,962669.078806138,0.0,0.0,0.0,0.0,0.0
2004-03-26,962669.078806138,0.0,0.0,0.0,0.0,0.0
2004-03-29,962669.078806138,0.0,0.0,0.0,0.0,0.0
2004-03-30,962669.078806138,0.0,0.0,0.0,0.0,0.0
2004-03-31,962669.078806138,0.0,0.0,0.0,0.0,0.0
2004-04-01,962669.078806138,0.0,0.0,0.0,0.0,0.0
2004-04-02,962669.078806138,0.0,0.0,0.0,0.0,0.0
2004-04-05,962669.078806138,0.0,0.0,0.0,0.0,0.0
2004-04-06,962669.078806138,0.0,0.0,0.0,0.0,0.0
2004-04-07,962669.078806138,0.0,0.0,0.0,0.0,0.0
2004-04-08,962669.078806138,0.0,0.0,0.0,0.0,0.0
2004-04-12,962669.078806138,0.0,0.0,0.0,0.0,0.0
2004-04-13,962669.078806138,0.0,0.0,0.0,0.0,0.0
2004-04-14,962669.078806138,0.0,0.0,0.0,0.0,0.0
2004-04-15,962669.078806138,0.0,0.0,0.0,0.0,0.0
2004-04-16,962669.078806138,0.0,0.0,0.0,0.0,0.0
2004-04-19,962669.078806138,0.0,0.0,0.0,0.0,0.0
2004-04-20,962669.078806138,0.0,0.0,0.0,0.0,0.0
2004-04-21,962669.078806138,0.0,0.0,0.0,0.0,0.0
2004-04-22,962669.078806138,0.0,0.0,0.0,0.0,0.0
2004-04-23,962669.078806138,0.0,0.0,0.0,0.0,0.0
2004-04-26,962669.078806138,0.0,0.0,0.0,0.0,0.0
2004-04-27,962669.078806138,0.0,0.0,0.0,0.0,0.0
2004-04-28,962669.078806138,0.0,0.0,0.0,0.0,0.0
2004-04-29,962669.078806138,0.0,0.0,0.0,0.0,0.0
2004-04-30,962669.078806138,0.0,0.0,0.0,0.0,0.0
2004-05-03,962669.078806138,0.0,0.0,0.0,0.0,0.0
2004-05-04,962669.078806138,0.0,0.0,0.0,0.0,0.0
2004-05-05,962669.078806138,0.0,0.0,0.0,0.0,0.0
2004-05-06,962669.078806138,0.0,0.0,0.0,0.0,0.0
2004-05-07,962669.078806138,0.0,0.0,0.0,0.0,0.0
2004-05-10,962669.078806138,0.0,0.0,0.0,0.0,0.0
2004-05-11,962669.078806138,0.0,0.0,0.0,0.0,0.0
2004-05-12,962669.078806138,0.0,0.0,0.0,0.0,0.0
2004-05-13,962669.078806138,0.0,0.0,0.0,0.0,0.0
2004-05-14,962669.078806138,0.0,0.0,0.0,0.0,0.0
2004-05-17,962669.078806138,0.0,0.0,0.0,0.0,0.0
2004-05-18,962669.078806138,0.0,0.0,0.0,0.0,0.0
2004-05-19,962669.078806138,0.0,0.0,0.0,0.0,0.0
2004-05-20,962669.078806138,0.0,0.0,0.0,0.0,0.0
2004-05-21,962669.078806138,0.0,0.0,0.0,0.0,0.0
2004-05-24,962669.078806138,0.0,0.0,0.0,0.0,0.0
2004-05-25,962669.078806138,0.0,0.0,0.0,0.0,0.0
2004-05-26,962669.078806138,0.0,0.0,0.0,0.0,0.0
2004-05-27,962669.078806138,0.0,0.0,0.0,0.0,0.0
2004-05-28,962669.078806138,0.0,0.0,0.0,0.0,0.0
2004-06-01,962669.078806138,0.0,0.0,0.0,0.0,0.0
2004-06-02,962669.078806138,0.0,0.0,0.0,0.0,0.0
2004-06-03,962669.078806138,0.0,0.0,0.0,0.0,0.0
2004-06-04,962669.078806138,0.0,0.0,0.0,0.0,0.0
2004-06-07,962669.078806138,0.0,0.0,0.0,0.0,0.0
2004-06-08,962669.078806138,0.0,0.0,0.0,0.0,0.0
2004-06-09,962669.078806138,0.0,0.0,0.0,0.0,0.0
2004-06-10,962669.078806138,0.0,0.0,0.0,0.0,0.0
2004-06-14,962669.078806138,0.0,0.0,0.0,0.0,0.0
2004-06-15,962669.078806138,0.0,0.0,0.0,0.0,0.0
2004-06-16,962669.078806138,0.0,0.0,0.0,0.0,0.0
2004-06-17,962669.078806138,0.0,0.0,0.0,0.0,0.0
2004-06-18,962669.078806138,0.0,0.0,0.0,0.0,0.0
2004-06-21,962669.078806138,0.0,0.0,0.0,0.0,0.0
2004-06-22,962669.078806138,0.0,0.0,0.0,0.0,0.0
2004-06-23,962669.078806138,0.0,0.0,0.0,0.0,0.0
2004-06-24,962669.078806138,0.0,0.0,0.0,0.0,0.0
2004-06-25,962669.078806138,0.0,0.0,0.0,0.0,0.0
2004-06-28,962187.7442667349,0.0,481.334539403069,-0.0005,-0.5373603406219348,-0.5
2004-06-29,961489.4948151625,-698.2494515723765,0.0,-0.000725163161711385,-0.5045213253319061,-0.5
2004-06-30,976817.5882107666,15328.093395604039,0.0,0.016200294550810013,-0.4951070045274162,-0.5
2004-07-01,979742.1917682838,2924.6035575172655,0.0,0.0030030030030030034,-0.45615000311410425,-0.5
2004-07-02,985644.2531644783,5902.061396194481,0.0,0.006060606060606061,-0.4706871644583829,-0.5
2004-07-06,975877.9610218426,-9766.292142635837,0.0,-0.009811320754716982,-0.5932099886393779,-0.5
2004-07-07,948162.4434442417,-27715.51757760091,0.0,-0.027616279069767442,-0.639335866203654,-0.5
2004-07-08,946150.7833803571,-2011.6600638845296,0.0,-0.0021171489061397315,-0.6843364961086841,-0.5
2004-07-09,947150.2384332237,999.4550528665743,0.0,0.0010574550581600281,-0.7193127916384845,-0.5
2004-07-12,939463.415750103,-7686.822683120729,0.0,-0.008050402520126006,-0.7284849983278544,-0.5
2004-07-13,938811.0106002765,-652.4051498264604,0.0,-0.0006939625260235947,-0.7509490825130458,-0.5
2004-07-14,920112.2650833206,-18229.340011655855,469.40550530013826,-0.01953809523809524,0.0,0.0
2004-07-15,920112.2650833206,0.0,0.0,0.0,0.0,0.0
2004-07-16,920112.2650833206,0.0,0.0,0.0,0.0,0.0
2004-07-19,920112.2650833206,0.0,0.0,0.0,0.0,0.0
2004-07-20,920112.2650833206,0.0,0.0,0.0,0.0,0.0
2004-07-21,920112.2650833206,0.0,0.0,0.0,0.0,0.0
2004-07-22,920112.2650833206,0.0,0.0,0.0,0.0,0.0
2004-07-23,920112.2650833206,0.0,0.0,0.0,0.0,0.0
2004-07-26,920112.2650833206,0.0,0.0,0.0,0.0,0.0
2004-07-27,920112.2650833206,0.0,0.0,0.0,0.0,0.0
2004-07-28,920112.2650833206,0.0,0.0,0.0,0.0,0.0
2004-07-29,920112.2650833206,0.0,0.0,0.0,0.0,0.0
2004-07-30,920112.2650833206,0.0,0.0,0.0,0.0,0.0
2004-08-02,920112.2650833206,0.0,0.0,0.0,0.0,0.0
2004-08-03,920112.2650833206,0.0,0.0,0.0,0.0,0.0
2004-08-04,919652.2089507789,0.0,460.0561325416603,-0.0005,0.0723965449467145,0.5
2004-08-05,913262.0372614857,-6390.1716892931945,0.0,-0.006900517538815411,0.10746964641739139,0.5
2004-08-06,887869.0088660733,-24936.397376781613,456.63101863074286,-0.027065733066590457,0.0,0.0
2004-08-09,887869.0088660733,0.0,0.0,0.0,0.0,0.0
2004-08-10,887869.0088660733,0.0,0.0,0.0,0.0,0.0
2004-08-11,887869.0088660733,0.0,0.0,0.0,0.0,0.0
2004-08-12,887869.0088660733,0.0,0.0,0.0,0.0,0.0
2004-08-13,887869.0088660733,0.0,0.0,0.0,0.0,0.0
2004-08-16,887869.0088660733,0.0,0.0,0.0,0.0,0.0
2004-08-17,887869.0088660733,0.0,0.0,0.0,0.0,0.0
2004-08-18,887869.0088660733,0.0,0.0,0.0,0.0,0.0
2004-08-19,887869.0088660733,0.0,0.0,0.0,0.0,0.0
2004-08-20,887869.0088660733,0.0,0.0,0.0,0.0,0.0
2004-08-23,887869.0088660733,0.0,0.0,0.0,0.0,0.0
2004-08-24,887869.0088660733,0.0,0.0,0.0,0.0,0.0
2004-08-25,887869.0088660733,0.0,0.0,0.0,0.0,0.0
2004-08-26,887869.0088660733,0.0,0.0,0.0,0.0,0.0
2004-08-27,887869.0088660733,0.0,0.0,0.0,0.0,0.0
2004-08-30,887869.0088660733,0.0,0.0,0.0,0.0,0.0
2004-08-31,887869.0088660733,0.0,0.0,0.0,0.0,0.0
2004-09-01,887869.0088660733,0.0,0.0,0.0,0.0,0.0
2004-09-02,887869.0088660733,0.0,0.0,0.0,0.0,0.0
2004-09-03,887869.0088660733,0.0,0.0,0.0,0.0,0.0
2004-09-07,887869.0088660733,0.0,0.0,0.0,0.0,0.0
2004-09-08,887869.0088660733,0.0,0.0,0.0,0.0,0.0
2004-09-09,887869.0088660733,0.0,0.0,0.0,0.0,0.0
2004-09-10,887869.0088660733,0.0,0.0,0.0,0.0,0.0
2004-09-13,887869.0088660733,0.0,0.0,0.0,0.0,0.0
2004-09-14,887869.0088660733,0.0,0.0,0.0,0.0,0.0
2004-09-15,887869.0088660733,0.0,0.0,0.0,0.0,0.0
2004-09-16,887869.0088660733,0.0,0.0,0.0,0.0,0.0
2004-09-17,887869.0088660733,0.0,0.0,0.0,0.0,0.0
2004-09-20,887869.0088660733,0.0,0.0,0.0,0.0,0.0
2004-09-21,887869.0088660733,0.0,0.0,0.0,0.0,0.0
2004-09-22,887869.0088660733,0.0,0.0,0.0,0.0,0.0
2004-09-23,887869.0088660733,0.0,0.0,0.0,0.0,0.0
2004-09-24,887869.0088660733,0.0,0.0,0.0,0.0,0.0
2004-09-27,887869.0088660733,0.0,0.0,0.0,0.0,0.0
2004-09-28,887869.0088660733,0.0,0.0,0.0,0.0,0.0
2004-09-29,887869.0088660733,0.0,0.0,0.0,0.0,0.0
2004-09-30,887425.0743616403,0.0,443.9345044330367,-0.0005,0.5905385908375901,0.5
2004-10-01,887425.0743616403,0.0,0.0,0.0,0.0,0.0
2004-10-04,887425.0743616403,0.0,0.0,0.0,0.0,0.0
2004-10-05,887425.0743616403,0.0,0.0,0.0,0.0,0.0
2004-10-06,887425.0743616403,0.0,0.0,0.0,0.0,0.0
2004-10-07,887425.0743616403,0.0,0.0,0.0,0.0,0.0
2004-10-08,887425.0743616403,0.0,0.0,0.0,0.0,0.0
2004-10-11,887425.0743616403,0.0,0.0,0.0,0.0,0.0
2004-10-12,887425.0743616403,0.0,0.0,0.0,0.0,0.0
2004-10-13,887425.0743616403,0.0,0.0,0.0,0.0,0.0
2004-10-14,887425.0743616403,0.0,0.0,0.0,0.0,0.0
2004-10-15,887425.0743616403,0.0,0.0,0.0,0.0,0.0
2004-10-18,887425.0743616403,0.0,0.0,0.0,0.0,0.0
2004-10-19,887425.0743616403,0.0,0.0,0.0,0.0,0.0
2004-10-20,887425.0743616403,0.0,0.0,0.0,0.0,0.0
2004-10-21,887425.0743616403,0.0,0.0,0.0,0.0,0.0
2004-10-22,887425.0743616403,0.0,0.0,0.0,0.0,0.0
2004-10-25,887425.0743616403,0.0,0.0,0.0,0.0,0.0
2004-10-26,887425.0743616403,0.0,0.0,0.0,0.0,0.0
2004-10-27,887425.0743616403,0.0,0.0,0.0,0.0,0.0
2004-10-28,887425.0743616403,0.0,0.0,0.0,0.0,0.0
2004-10-29,887425.0743616403,0.0,0.0,0.0,0.0,0.0
2004-11-01,887425.0743616403,0.0,0.0,0.0,0.0,0.0
2004-11-02,887425.0743616403,0.0,0.0,0.0,0.0,0.0
2004-11-03,887425.0743616403,0.0,0.0,0.0,0.0,0.0
2004-11-04,887425.0743616403,0.0,0.0,0.0,0.0,0.0
2004-11-05,887425.0743616403,0.0,0.0,0.0,0.0,0.0
2004-11-08,887425.0743616403,0.0,0.0,0.0,0.0,0.0
2004-11-09,887425.0743616403,0.0,0.0,0.0,0.0,0.0
2004-11-10,887425.0743616403,0.0,0.0,0.0,0.0,0.0
2004-11-11,887425.0743616403,0.0,0.0,0.0,0.0,0.0
2004-11-12,887425.0743616403,0.0,0.0,0.0,0.0,0.0
2004-11-15,887425.0743616403,0.0,0.0,0.0,0.0,0.0
2004-11-16,887425.0743616403,0.0,0.0,0.0,0.0,0.0
2004-11-17,887425.0743616403,0.0,0.0,0.0,0.0,0.0
2004-11-18,887425.0743616403,0.0,0.0,0.0,0.0,0.0
2004-11-19,887425.0743616403,0.0,0.0,0.0,0.0,0.0
2004-11-22,887425.0743616403,0.0,0.0,0.0,0.0,0.0
2004-11-23,887425.0743616403,0.0,0.0,0.0,0.0,0.0
2004-11-24,887425.0743616403,0.0,0.0,0.0,0.0,0.0
2004-11-29,887425.0743616403,0.0,0.0,0.0,0.0,0.0
2004-11-30,887425.0743616403,0.0,0.0,0.0,0.0,0.0
2004-12-01,887425.0743616403,0.0,0.0,0.0,0.0,0.0
2004-12-02,887425.0743616403,0.0,0.0,0.0,0.0,0.0
2004-12-03,887425.0743616403,0.0,0.0,0.0,0.0,0.0
2004-12-06,887425.0743616403,0.0,0.0,0.0,0.0,0.0
2004-12-07,887425.0743616403,0.0,0.0,0.0,0.0,0.0
2004-12-08,887425.0743616403,0.0,0.0,0.0,0.0,0.0
2004-12-09,887425.0743616403,0.0,0.0,0.0,0.0,0.0
2004-12-10,887425.0743616403,0.0,0.0,0.0,0.0,0.0
2004-12-13,887425.0743616403,0.0,0.0,0.0,0.0,0.0
2004-12-14,887425.0743616403,0.0,0.0,0.0,0.0,0.0
2004-12-15,887425.0743616403,0.0,0.0,0.0,0.0,0.0
2004-12-16,887425.0743616403,0.0,0.0,0.0,0.0,0.0
2004-12-17,887425.0743616403,0.0,0.0,0.0,0.0,0.0
2004-12-20,887425.0743616403,0.0,0.0,0.0,0.0,0.0
2004-12-21,887425.0743616403,0.0,0.0,0.0,0.0,0.0
2004-12-22,887425.0743616403,0.0,0.0,0.0,0.0,0.0
2004-12-23,887425.0743616403,0.0,0.0,0.0,0.0,0.0
2004-12-27,887425.0743616403,0.0,0.0,0.0,0.0,0.0
2004-12-28,887425.0743616403,0.0,0.0,0.0,0.0,0.0
2004-12-29,887425.0743616403,0.0,0.0,0.0,0.0,0.0
2004-12-30,887425.0743616403,0.0,0.0,0.0,0.0,0.0
2005-01-03,887425.0743616403,0.0,0.0,0.0,0.0,0.0
2005-01-04,887425.0743616403,0.0,0.0,0.0,0.0,0.0
2005-01-05,887425.0743616403,0.0,0.0,0.0,0.0,0.0
2005-01-06,887425.0743616403,0.0,0.0,0.0,0.0,0.0
2005-01-07,887425.0743616403,0.0,0.0,0.0,0.0,0.0
2005-01-10,887425.0743616403,0.0,0.0,0.0,0.0,0.0
2005-01-11,887425.0743616403,0.0,0.0,0.0,0.0,0.0
2005-01-12,887425.0743616403,0.0,0.0,0.0,0.0,0.0
2005-01-13,887425.0743616403,0.0,0.0,0.0,0.0,0.0
2005-01-14,887425.0743616403,0.0,0.0,0.0,0.0,0.0
2005-01-18,887425.0743616403,0.0,0.0,0.0,0.0,0.0
2005-01-19,887425.0743616403,0.0,0.0,0.0,0.0,0.0
2005-01-20,887425.0743616403,0.0,0.0,0.0,0.0,0.0
2005-01-21,887425.0743616403,0.0,0.0,0.0,0.0,0.0
2005-01-24,887425.0743616403,0.0,0.0,0.0,0.0,0.0
2005-01-25,887425.0743616403,0.0,0.0,0.0,0.0,0.0
2005-01-26,887425.0743616403,0.0,0.0,0.0,0.0,0.0
2005-01-27,887425.0743616403,0.0,0.0,0.0,0.0,0.0
2005-01-28,887425.0743616403,0.0,0.0,0.0,0.0,0.0
2005-01-31,887425.0743616403,0.0,0.0,0.0,0.0,0.0
2005-02-01,887425.0743616403,0.0,0.0,0.0,0.0,0.0
2005-02-02,887425.0743616403,0.0,0.0,0.0,0.0,0.0
2005-02-03,887425.0743616403,0.0,0.0,0.0,0.0,0.0
2005-02-04,887425.0743616403,0.0,0.0,0.0,0.0,0.0
2005-02-07,887425.0743616403,0.0,0.0,0.0,0.0,0.0
2005-02-08,887425.0743616403,0.0,0.0,0.0,0.0,0.0
2005-02-09,887425.0743616403,0.0,0.0,0.0,0.0,0.0
2005-02-10,887425.0743616403,0.0,0.0,0.0,0.0,0.0
2005-02-11,887425.0743616403,0.0,0.0,0.0,0.0,0.0
2005-02-14,887425.0743616403,0.0,0.0,0.0,0.0,0.0
2005-02-15,887425.0743616403,0.0,0.0,0.0,0.0,0.0
2005-02-16,887425.0743616403,0.0,0.0,0.0,0.0,0.0
2005-02-17,887425.0743616403,0.0,0.0,0.0,0.0,0.0
2005-02-18,887425.0743616403,0.0,0.0,0.0,0.0,0.0
2005-02-22,887425.0743616403,0.0,0.0,0.0,0.0,0.0
2005-02-23,887425.0743616403,0.0,0.0,0.0,0.0,0.0
2005-02-24,887425.0743616403,0.0,0.0,0.0,0.0,0.0
2005-02-25,887425.0743616403,0.0,0.0,0.0,0.0,0.0
2005-02-28,887425.0743616403,0.0,0.0,0.0,0.0,0.0
2005-03-01,887425.0743616403,0.0,0.0,0.0,0.0,0.0
2005-03-02,887425.0743616403,0.0,0.0,0.0,0.0,0.0
2005-03-03,887425.0743616403,0.0,0.0,0.0,0.0,0.0
2005-03-04,887425.0743616403,0.0,0.0,0.0,0.0,0.0
2005-03-07,887425.0743616403,0.0,0.0,0.0,0.0,0.0
2005-03-08,887425.0743616403,0.0,0.0,0.0,0.0,0.0
2005-03-09,887425.0743616403,0.0,0.0,0.0,0.0,0.0
2005-03-10,887425.0743616403,0.0,0.0,0.0,0.0,0.0
2005-03-11,887425.0743616403,0.0,0.0,0.0,0.0,0.0
2005-03-14,887425.0743616403,0.0,0.0,0.0,0.0,0.0
2005-03-15,887425.0743616403,0.0,0.0,0.0,0.0,0.0
2005-03-16,887425.0743616403,0.0,0.0,0.0,0.0,0.0
2005-03-17,887425.0743616403,0.0,0.0,0.0,0.0,0.0
2005-03-18,887425.0743616403,0.0,0.0,0.0,0.0,0.0
2005-03-21,887425.0743616403,0.0,0.0,0.0,0.0,0.0
2005-03-22,887425.0743616403,0.0,0.0,0.0,0.0,0.0
2005-03-23,887425.0743616403,0.0,0.0,0.0,0.0,0.0
2005-03-24,887425.0743616403,0.0,0.0,0.0,0.0,0.0
2005-03-28,887425.0743616403,0.0,0.0,0.0,0.0,0.0
2005-03-29,887425.0743616403,0.0,0.0,0.0,0.0,0.0
2005-03-30,887425.0743616403,0.0,0.0,0.0,0.0,0.0
2005-03-31,887425.0743616403,0.0,0.0,0.0,0.0,0.0
2005-04-01,887425.0743616403,0.0,0.0,0.0,0.0,0.0
2005-04-04,887425.0743616403,0.0,0.0,0.0,0.0,0.0
2005-04-05,887425.0743616403,0.0,0.0,0.0,0.0,0.0
2005-04-06,887425.0743616403,0.0,0.0,0.0,0.0,0.0
2005-04-07,887425.0743616403,0.0,0.0,0.0,0.0,0.0
2005-04-08,887425.0743616403,0.0,0.0,0.0,0.0,0.0
2005-04-11,887425.0743616403,0.0,0.0,0.0,0.0,0.0
2005-04-12,887425.0743616403,0.0,0.0,0.0,0.0,0.0
2005-04-13,887425.0743616403,0.0,0.0,0.0,0.0,0.0
2005-04-14,887425.0743616403,0.0,0.0,0.0,0.0,0.0
2005-04-15,887425.0743616403,0.0,0.0,0.0,0.0,0.0
2005-04-18,887425.0743616403,0.0,0.0,0.0,0.0,0.0
2005-04-19,887425.0743616403,0.0,0.0,0.0,0.0,0.0
2005-04-20,887425.0743616403,0.0,0.0,0.0,0.0,0.0
2005-04-21,887425.0743616403,0.0,0.0,0.0,0.0,0.0
2005-04-22,887425.0743616403,0.0,0.0,0.0,0.0,0.0
2005-04-25,887425.0743616403,0.0,0.0,0.0,0.0,0.0
2005-04-26,887425.0743616403,0.0,0.0,0.0,0.0,0.0
2005-04-27,887425.0743616403,0.0,0.0,0.0,0.0,0.0
2005-04-28,887425.0743616403,0.0,0.0,0.0,0.0,0.0
2005-04-29,887425.0743616403,0.0,0.0,0.0,0.0,0.0
2005-05-02,887425.0743616403,0.0,0.0,0.0,0.0,0.0
2005-05-03,887425.0743616403,0.0,0.0,0.0,0.0,0.0
2005-05-04,887425.0743616403,0.0,0.0,0.0,0.0,0.0
2005-05-05,887425.0743616403,0.0,0.0,0.0,0.0,0.0
2005-05-06,887425.0743616403,0.0,0.0,0.0,0.0,0.0
2005-05-09,887425.0743616403,0.0,0.0,0.0,0.0,0.0
2005-05-10,887425.0743616403,0.0,0.0,0.0,0.0,0.0
2005-05-11,887425.0743616403,0.0,0.0,0.0,0.0,0.0
2005-05-12,887425.0743616403,0.0,0.0,0.0,0.0,0.0
2005-05-13,887425.0743616403,0.0,0.0,0.0,0.0,0.0
2005-05-16,887425.0743616403,0.0,0.0,0.0,0.0,0.0
2005-05-17,887425.0743616403,0.0,0.0,0.0,0.0,0.0
2005-05-18,887425.0743616403,0.0,0.0,0.0,0.0,0.0
2005-05-19,887425.0743616403,0.0,0.0,0.0,0.0,0.0
2005-05-20,887425.0743616403,0.0,0.0,0.0,0.0,0.0
2005-05-23,887425.0743616403,0.0,0.0,0.0,0.0,0.0
2005-05-24,887425.0743616403,0.0,0.0,0.0,0.0,0.0
2005-05-25,887425.0743616403,0.0,0.0,0.0,0.0,0.0
2005-05-26,887425.0743616403,0.0,0.0,0.0,0.0,0.0
2005-05-27,887425.0743616403,0.0,0.0,0.0,0.0,0.0
2005-05-31,887425.0743616403,0.0,0.0,0.0,0.0,0.0
2005-06-01,886981.3618244594,0.0,443.71253718082016,-0.0005,-2.072559435664147,-0.5
2005-06-02,878709.6561546474,-8271.70566981203,0.0,-0.009239516702203267,-2.067804283708112,-0.5
2005-06-03,875925.012878101,-2784.643276546418,0.0,-0.0031590031590031592,-2.177123092175721,-0.5
2005-06-06,878376.8673578157,2451.8544797147683,0.0,0.0028070175438596493,-2.459023554198049,-0.5
2005-06-07,874049.887715659,-4326.979642156728,0.0,-0.004901960784313725,-2.6303179096002283,-0.5
2005-06-08,875268.0757124752,1218.1879968162496,0.0,0.0013956734124214935,-2.752103249487893,-0.5
2005-06-09,878326.3149707299,3058.2392582546304,0.0,0.0035063113604488078,-2.5232870705359804,-0.5
2005-06-10,882653.0455863492,4326.730615619359,0.0,0.0049504950495049506,-2.131465927842421,-0.5
2005-06-13,880771.0561501309,-1881.9894362182285,0.0,-0.002127659574468085,-0.35742978179886753,-0.5
2005-06-14,858202.310754165,-22128.359867890762,440.38552807506545,-0.024995857783914395,0.22199429282506072,0.5
2005-06-15,857773.209598788,0.0,429.10115537708253,-0.0005,0.7258978667016479,0.5
2005-06-16,852498.8759475333,-5274.333651254683,0.0,-0.006111289803795433,1.0439613685879703,0.5
2005-06-17,854733.4732632543,2234.597315720926,0.0,0.002628120893561104,1.1561883966103543,0.5
2005-06-20,851668.9138741096,-3064.5593891446533,0.0,-0.0035725885027606363,0.8377384729793342,0.5
2005-06-21,855583.3474900773,3914.433615967674,0.0,0.004617414248021108,0.8312323375035071,0.5
2005-06-22,862263.2435017109,6679.896011633655,0.0,0.007868852459016393,0.8990598268414745,0.5
2005-06-23,863368.0010206113,1104.7575189003342,0.0,0.0012828736369467604,0.8947089394827509,0.5
2005-06-24,850127.8527621482,-13240.148258463048,0.0,-0.015103838892385148,1.1320392470324077,0.5
2005-06-27,853770.4572729947,3642.6045108463836,0.0,0.00430321085733201,1.471565062511377,0.5
2005-06-28,844694.2634902854,-8649.308554072823,426.88522863649735,-0.010524102232287287,0.0,0.0
2005-06-29,844271.9163585402,0.0,422.3471317451427,-0.0005,1.4828989437283822,0.5
2005-06-30,831057.7816676558,-12791.998732705155,422.1359581792701,-0.015417910447761194,0.0,0.0
2005-07-01,831057.7816676558,0.0,0.0,0.0,0.0,0.0
2005-07-05,831057.7816676558,0.0,0.0,0.0,0.0,0.0
2005-07-06,831057.7816676558,0.0,0.0,0.0,0.0,0.0
2005-07-07,831057.7816676558,0.0,0.0,0.0,0.0,0.0
2005-07-08,831057.7816676558,0.0,0.0,0.0,0.0,0.0
2005-07-11,831057.7816676558,0.0,0.0,0.0,0.0,0.0
2005-07-12,831057.7816676558,0.0,0.0,0.0,0.0,0.0
2005-07-13,830642.252776822,0.0,415.5288908338279,-0.0005,1.1020147015907364,0.5
2005-07-14,832137.2892289041,1495.036452082113,0.0,0.0018031013342949876,1.2438505561547972,0.5
2005-07-15,835420.4707861199,3283.1815572159053,0.0,0.003961109110550954,1.3747019508669458,0.5
2005-07-18,845528.7611799734,10108.290393853407,0.0,0.012247838616714697,0.5207339594635619,0.5
2005-07-19,841415.6956287157,-4113.065551257689,0.0,-0.004840940525587829,0.14905694567849667,0.5
2005-07-20,834374.3748074017,-6199.905125685274,841.4156956287158,-0.008307210031347963,-0.21991006737227536,-0.5
2005-07-21,833482.9491932912,-891.425614110472,0.0,-0.0010672358591248669,-0.6950422329532775,-0.5
2005-07-22,833482.9491932912,0.0,0.0,0.0,-0.9110837529399015,-0.5
2005-07-25,829632.4593782547,-3850.4898150365266,0.0,-0.004598514326140785,-0.7292033581372789,-0.5
2005-07-26,824666.3495862018,-4966.109792052933,0.0,-0.005950297514875744,-0.3998210550371668,-0.5
2005-07-27,818640.6038167828,-6025.745769419011,0.0,-0.0072538860103626935,-0.07878531092323733,-0.5
2005-07-28,819225.6679520209,1403.7047390548403,818.6406038167828,0.0007159051872208864,0.15872633801975314,0.5
2005-07-29,826555.2850775379,7329.617125517048,0.0,0.009027777777777777,0.1915800418885367,0.5
2005-08-01,827393.5764417138,838.2913641760019,0.0,0.0010152284263959391,0.3569914602666288,0.5
2005-08-02,831859.938527769,4466.3620860551355,0.0,0.005427408412483039,0.630257010178478,0.5
2005-08-03,829916.3405405545,-1943.5979872144133,0.0,-0.0023310023310023306,0.939324743719062,0.5
2005-08-04,826576.6369568902,-3339.7035836642035,0.0,-0.004008016032064129,1.2329179804500987,0.5
2005-08-05,819870.1328030818,-6706.50415380844,0.0,-0.008048289738430582,1.448737025171587,0.5
2005-08-08,812826.5749611309,-7043.557841950875,0.0,-0.008517887563884156,0.7775159904819787,0.5
2005-08-09,804868.8322692037,-7957.742691927156,0.0,-0.009695290858725763,0.5802444402821966,0.5
2005-08-10,804007.7029907417,-861.1292784620582,0.0,-0.0010687566797292483,0.1414784696254508,0.5
2005-08-11,790847.6083583006,-12356.086929450283,804.0077029907417,-0.01612038014783527,-0.2895416755252485,-0.5
2005-08-12,794638.5445340595,3790.936175758816,0.0,0.004816598740274176,-0.19949329959856252,-0.5
2005-08-15,796413.6120199881,1775.067485928651,0.0,0.0022388059701492534,-0.186850083844158,-0.5
2005-08-16,795222.2677985671,-1191.3442214210743,0.0,-0.0014936519790888724,-0.27662863429223794,-0.5
2005-08-17,802041.8472763326,6819.57947776549,0.0,0.008649868371568259,-0.22615620870620096,-0.5
2005-08-18,792913.9051601376,-9127.942116194983,0.0,-0.011252813203300824,-0.1759874500162336,-0.5
2005-08-19,792619.79762855,-294.10753158758814,0.0,-0.00037078235076010385,-0.3794917270664982,-0.5
2005-08-22,787037.9680677855,-5581.829560764437,0.0,-0.006993006993006993,-0.7281146482730996,-0.5
2005-08-23,789339.2486761708,2301.2806083853375,0.0,0.0029325513196480934,-0.5098058296118679,-0.5
2005-08-24,787307.8609038425,-2031.3877723283808,0.0,-0.0025669233590025673,-0.20465071392591191,-0.5
2005-08-25,792491.3069522219,5183.446048379357,0.0,0.0066273932253313695,-0.23081208670093042,-0.5
2005-08-26,785147.9849826868,-7343.3219695350435,0.0,-0.00918105031215571,-0.5366780562325688,-0.5
2005-08-29,787719.4303483507,2571.445365663821,0.0,0.0032858707557502733,-0.7561940527056069,-0.5
2005-08-30,791470.4752547714,3751.044906420718,0.0,0.004784688995215312,-1.080146950226086,-0.5
2005-08-31,792055.882411025,585.4071562535291,0.0,0.0007401924500370097,-1.762244703032509,-0.5
2005-09-01,764671.2836617401,-26988.57080807937,396.0279412055125,-0.03343481375358166,0.0,0.0
2005-09-02,764671.2836617401,0.0,0.0,0.0,0.0,0.0
2005-09-06,764671.2836617401,0.0,0.0,0.0,0.0,0.0
2005-09-07,764671.2836617401,0.0,0.0,0.0,0.0,0.0
2005-09-08,764671.2836617401,0.0,0.0,0.0,0.0,0.0
2005-09-09,764671.2836617401,0.0,0.0,0.0,0.0,0.0
2005-09-12,764671.2836617401,0.0,0.0,0.0,0.0,0.0
2005-09-13,764671.2836617401,0.0,0.0,0.0,0.0,0.0
2005-09-14,764671.2836617401,0.0,0.0,0.0,0.0,0.0
2005-09-15,764671.2836617401,0.0,0.0,0.0,0.0,0.0
2005-09-16,764671.2836617401,0.0,0.0,0.0,0.0,0.0
2005-09-19,764671.2836617401,0.0,0.0,0.0,0.0,0.0
2005-09-20,764671.2836617401,0.0,0.0,0.0,0.0,0.0
2005-09-21,764671.2836617401,0.0,0.0,0.0,0.0,0.0
2005-09-22,764671.2836617401,0.0,0.0,0.0,0.0,0.0
2005-09-23,764671.2836617401,0.0,0.0,0.0,0.0,0.0
2005-09-26,764671.2836617401,0.0,0.0,0.0,0.0,0.0
2005-09-27,764671.2836617401,0.0,0.0,0.0,0.0,0.0
2005-09-28,764671.2836617401,0.0,0.0,0.0,0.0,0.0
2005-09-29,764671.2836617401,0.0,0.0,0.0,0.0,0.0
2005-09-30,764671.2836617401,0.0,0.0,0.0,0.0,0.0
2005-10-03,764671.2836617401,0.0,0.0,0.0,0.0,0.0
2005-10-04,764671.2836617401,0.0,0.0,0.0,0.0,0.0
2005-10-05,764671.2836617401,0.0,0.0,0.0,0.0,0.0
2005-10-06,764671.2836617401,0.0,0.0,0.0,0.0,0.0
2005-10-07,764671.2836617401,0.0,0.0,0.0,0.0,0.0
2005-10-10,764671.2836617401,0.0,0.0,0.0,0.0,0.0
2005-10-11,764671.2836617401,0.0,0.0,0.0,0.0,0.0
2005-10-12,764671.2836617401,0.0,0.0,0.0,0.0,0.0
2005-10-13,764671.2836617401,0.0,0.0,0.0,0.0,0.0
2005-10-14,764671.2836617401,0.0,0.0,0.0,0.0,0.0
2005-10-17,764671.2836617401,0.0,0.0,0.0,0.0,0.0
2005-10-18,764671.2836617401,0.0,0.0,0.0,0.0,0.0
2005-10-19,764671.2836617401,0.0,0.0,0.0,0.0,0.0
2005-10-20,764671.2836617401,0.0,0.0,0.0,0.0,0.0
2005-10-21,764671.2836617401,0.0,0.0,0.0,0.0,0.0
2005-10-24,764671.2836617401,0.0,0.0,0.0,0.0,0.0
2005-10-25,764671.2836617401,0.0,0.0,0.0,0.0,0.0
2005-10-26,764671.2836617401,0.0,0.0,0.0,0.0,0.0
2005-10-27,764671.2836617401,0.0,0.0,0.0,0.0,0.0
2005-10-28,764671.2836617401,0.0,0.0,0.0,0.0,0.0
2005-10-31,764671.2836617401,0.0,0.0,0.0,0.0,0.0
2005-11-01,764671.2836617401,0.0,0.0,0.0,0.0,0.0
2005-11-02,764671.2836617401,0.0,0.0,0.0,0.0,0.0
2005-11-03,764671.2836617401,0.0,0.0,0.0,0.0,0.0
2005-11-04,764671.2836617401,0.0,0.0,0.0,0.0,0.0
2005-11-07,764671.2836617401,0.0,0.0,0.0,0.0,0.0
2005-11-08,764671.2836617401,0.0,0.0,0.0,0.0,0.0
2005-11-09,764671.2836617401,0.0,0.0,0.0,0.0,0.0
2005-11-10,764671.2836617401,0.0,0.0,0.0,0.0,0.0
2005-11-11,764671.2836617401,0.0,0.0,0.0,0.0,0.0
2005-11-14,764671.2836617401,0.0,0.0,0.0,0.0,0.0
2005-11-15,764671.2836617401,0.0,0.0,0.0,0.0,0.0
2005-11-16,764671.2836617401,0.0,0.0,0.0,0.0,0.0
2005-11-17,764671.2836617401,0.0,0.0,0.0,0.0,0.0
2005-11-18,764671.2836617401,0.0,0.0,0.0,0.0,0.0
2005-11-21,764671.2836617401,0.0,0.0,0.0,0.0,0.0
2005-11-22,764671.2836617401,0.0,0.0,0.0,0.0,0.0
2005-11-23,764671.2836617401,0.0,0.0,0.0,0.0,0.0
2005-11-28,764671.2836617401,0.0,0.0,0.0,0.0,0.0
2005-11-29,764671.2836617401,0.0,0.0,0.0,0.0,0.0
2005-11-30,764671.2836617401,0.0,0.0,0.0,0.0,0.0
2005-12-01,764671.2836617401,0.0,0.0,0.0,0.0,0.0
2005-12-02,764671.2836617401,0.0,0.0,0.0,0.0,0.0
2005-12-05,764671.2836617401,0.0,0.0,0.0,0.0,0.0
2005-12-06,764671.2836617401,0.0,0.0,0.0,0.0,0.0
2005-12-07,764671.2836617401,0.0,0.0,0.0,0.0,0.0
2005-12-08,764671.2836617401,0.0,0.0,0.0,0.0,0.0
2005-12-09,764671.2836617401,0.0,0.0,0.0,0.0,0.0
2005-12-12,764671.2836617401,0.0,0.0,0.0,0.0,0.0
2005-12-13,764671.2836617401,0.0,0.0,0.0,0.0,0.0
2005-12-14,764671.2836617401,0.0,0.0,0.0,0.0,0.0
2005-12-15,764671.2836617401,0.0,0.0,0.0,0.0,0.0
2005-12-16,764671.2836617401,0.0,0.0,0.0,0.0,0.0
2005-12-19,764671.2836617401,0.0,0.0,0.0,0.0,0.0
2005-12-20,764671.2836617401,0.0,0.0,0.0,0.0,0.0
2005-12-21,764671.2836617401,0.0,0.0,0.0,0.0,0.0
2005-12-22,764671.2836617401,0.0,0.0,0.0,0.0,0.0
2005-12-23,764671.2836617401,0.0,0.0,0.0,0.0,0.0
2005-12-27,764671.2836617401,0.0,0.0,0.0,0.0,0.0
2005-12-28,764671.2836617401,0.0,0.0,0.0,0.0,0.0
2005-12-29,764671.2836617401,0.0,0.0,0.0,0.0,0.0
2005-12-30,764671.2836617401,0.0,0.0,0.0,0.0,0.0
2006-01-03,764671.2836617401,0.0,0.0,0.0,0.0,0.0
2006-01-04,764671.2836617401,0.0,0.0,0.0,0.0,0.0
2006-01-05,764671.2836617401,0.0,0.0,0.0,0.0,0.0
2006-01-06,764671.2836617401,0.0,0.0,0.0,0.0,0.0
2006-01-09,764671.2836617401,0.0,0.0,0.0,0.0,0.0
2006-01-10,764671.2836617401,0.0,0.0,0.0,0.0,0.0
2006-01-11,764671.2836617401,0.0,0.0,0.0,0.0,0.0
2006-01-12,764671.2836617401,0.0,0.0,0.0,0.0,0.0
2006-01-13,764671.2836617401,0.0,0.0,0.0,0.0,0.0
2006-01-17,764671.2836617401,0.0,0.0,0.0,0.0,0.0
2006-01-18,764671.2836617401,0.0,0.0,0.0,0.0,0.0
2006-01-19,764671.2836617401,0.0,0.0,0.0,0.0,0.0
2006-01-20,764671.2836617401,0.0,0.0,0.0,0.0,0.0
2006-01-23,764671.2836617401,0.0,0.0,0.0,0.0,0.0
2006-01-24,764671.2836617401,0.0,0.0,0.0,0.0,0.0
2006-01-25,764671.2836617401,0.0,0.0,0.0,0.0,0.0
2006-01-26,764671.2836617401,0.0,0.0,0.0,0.0,0.0
2006-01-27,764671.2836617401,0.0,0.0,0.0,0.0,0.0
2006-01-30,764671.2836617401,0.0,0.0,0.0,0.0,0.0
2006-01-31,764671.2836617401,0.0,0.0,0.0,0.0,0.0
2006-02-01,764671.2836617401,0.0,0.0,0.0,0.0,0.0
2006-02-02,764671.2836617401,0.0,0.0,0.0,0.0,0.0
2006-02-03,764671.2836617401,0.0,0.0,0.0,0.0,0.0
2006-02-06,764671.2836617401,0.0,0.0,0.0,0.0,0.0
2006-02-07,764671.2836617401,0.0,0.0,0.0,0.0,0.0
2006-02-08,764671.2836617401,0.0,0.0,0.0,0.0,0.0
2006-02-09,764671.2836617401,0.0,0.0,0.0,0.0,0.0
2006-02-10,764671.2836617401,0.0,0.0,0.0,0.0,0.0
2006-02-13,764671.2836617401,0.0,0.0,0.0,0.0,0.0
2006-02-14,764671.2836617401,0.0,0.0,0.0,0.0,0.0
2006-02-15,764671.2836617401,0.0,0.0,0.0,0.0,0.0
2006-02-16,764671.2836617401,0.0,0.0,0.0,0.0,0.0
2006-02-17,764671.2836617401,0.0,0.0,0.0,0.0,0.0
2006-02-21,764671.2836617401,0.0,0.0,0.0,0.0,0.0
2006-02-22,764671.2836617401,0.0,0.0,0.0,0.0,0.0
2006-02-23,764671.2836617401,0.0,0.0,0.0,0.0,0.0
2006-02-24,764671.2836617401,0.0,0.0,0.0,0.0,0.0
2006-02-27,764671.2836617401,0.0,0.0,0.0,0.0,0.0
2006-02-28,764671.2836617401,0.0,0.0,0.0,0.0,0.0
2006-03-01,764671.2836617401,0.0,0.0,0.0,0.0,0.0
2006-03-02,764671.2836617401,0.0,0.0,0.0,0.0,0.0
2006-03-03,764671.2836617401,0.0,0.0,0.0,0.0,0.0
2006-03-06,764671.2836617401,0.0,0.0,0.0,0.0,0.0
2006-03-07,764671.2836617401,0.0,0.0,0.0,0.0,0.0
2006-03-08,764671.2836617401,0.0,0.0,0.0,0.0,0.0
2006-03-09,764671.2836617401,0.0,0.0,0.0,0.0,0.0
2006-03-10,764671.2836617401,0.0,0.0,0.0,0.0,0.0
2006-03-13,764671.2836617401,0.0,0.0,0.0,0.0,0.0
2006-03-14,764671.2836617401,0.0,0.0,0.0,0.0,0.0
2006-03-15,764671.2836617401,0.0,0.0,0.0,0.0,0.0
2006-03-16,764671.2836617401,0.0,0.0,0.0,0.0,0.0
2006-03-17,764671.2836617401,0.0,0.0,0.0,0.0,0.0
2006-03-20,764671.2836617401,0.0,0.0,0.0,0.0,0.0
2006-03-21,764671.2836617401,0.0,0.0,0.0,0.0,0.0
2006-03-22,764671.2836617401,0.0,0.0,0.0,0.0,0.0
2006-03-23,764671.2836617401,0.0,0.0,0.0,0.0,0.0
2006-03-24,764671.2836617401,0.0,0.0,0.0,0.0,0.0
2006-03-27,764671.2836617401,0.0,0.0,0.0,0.0,0.0
2006-03-28,764671.2836617401,0.0,0.0,0.0,0.0,0.0
2006-03-29,764671.2836617401,0.0,0.0,0.0,0.0,0.0
2006-03-30,764671.2836617401,0.0,0.0,0.0,0.0,0.0
2006-03-31,764671.2836617401,0.0,0.0,0.0,0.0,0.0
2006-04-03,764671.2836617401,0.0,0.0,0.0,0.0,0.0
2006-04-04,764671.2836617401,0.0,0.0,0.0,0.0,0.0
2006-04-05,764671.2836617401,0.0,0.0,0.0,0.0,0.0
2006-04-06,764671.2836617401,0.0,0.0,0.0,0.0,0.0
2006-04-07,764671.2836617401,0.0,0.0,0.0,0.0,0.0
2006-04-10,764671.2836617401,0.0,0.0,0.0,0.0,0.0
2006-04-11,764671.2836617401,0.0,0.0,0.0,0.0,0.0
2006-04-12,764671.2836617401,0.0,0.0,0.0,0.0,0.0
2006-04-13,764671.2836617401,0.0,0.0,0.0,0.0,0.0
2006-04-17,764671.2836617401,0.0,0.0,0.0,0.0,0.0
2006-04-18,764671.2836617401,0.0,0.0,0.0,0.0,0.0
2006-04-19,764671.2836617401,0.0,0.0,0.0,0.0,0.0
2006-04-20,764671.2836617401,0.0,0.0,0.0,0.0,0.0
2006-04-21,764671.2836617401,0.0,0.0,0.0,0.0,0.0
2006-04-24,764671.2836617401,0.0,0.0,0.0,0.0,0.0
2006-04-25,764671.2836617401,0.0,0.0,0.0,0.0,0.0
2006-04-26,764671.2836617401,0.0,0.0,0.0,0.0,0.0
2006-04-27,764671.2836617401,0.0,0.0,0.0,0.0,0.0
2006-04-28,764671.2836617401,0.0,0.0,0.0,0.0,0.0
2006-05-01,764671.2836617401,0.0,0.0,0.0,0.0,0.0
2006-05-02,764671.2836617401,0.0,0.0,0.0,0.0,0.0
2006-05-03,764671.2836617401,0.0,0.0,0.0,0.0,0.0
2006-05-04,764671.2836617401,0.0,0.0,0.0,0.0,0.0
2006-05-05,764671.2836617401,0.0,0.0,0.0,0.0,0.0
2006-05-08,764671.2836617401,0.0,0.0,0.0,0.0,0.0
2006-05-09,764671.2836617401,0.0,0.0,0.0,0.0,0.0
2006-05-10,764671.2836617401,0.0,0.0,0.0,0.0,0.0
2006-05-11,764671.2836617401,0.0,0.0,0.0,0.0,0.0
2006-05-12,764671.2836617401,0.0,0.0,0.0,0.0,0.0
2006-05-15,764671.2836617401,0.0,0.0,0.0,0.0,0.0
2006-05-16,764671.2836617401,0.0,0.0,0.0,0.0,0.0
2006-05-17,764671.2836617401,0.0,0.0,0.0,0.0,0.0
2006-05-18,764671.2836617401,0.0,0.0,0.0,0.0,0.0
2006-05-19,764671.2836617401,0.0,0.0,0.0,0.0,0.0
2006-05-22,764671.2836617401,0.0,0.0,0.0,0.0,0.0
2006-05-23,764671.2836617401,0.0,0.0,0.0,0.0,0.0
2006-05-24,764671.2836617401,0.0,0.0,0.0,0.0,0.0
2006-05-25,764671.2836617401,0.0,0.0,0.0,0.0,0.0
2006-05-26,764671.2836617401,0.0,0.0,0.0,0.0,0.0
2006-05-30,764671.2836617401,0.0,0.0,0.0,0.0,0.0
2006-05-31,764671.2836617401,0.0,0.0,0.0,0.0,0.0
2006-06-01,764288.9480199092,0.0,382.3356418308701,-0.0005,-1.5234677250039952,-0.5
2006-06-02,768172.5300728559,3883.5820529466932,0.0,0.005107252298263534,-1.113495559137819,-0.5
2006-06-05,764754.9247029219,-3417.6053699339927,0.0,-0.004429301533219762,-0.3853622449293913,-0.5
2006-06-06,768386.7323507648,3631.8076478429125,0.0,0.004771642808452625,-0.3469870564562751,-0.5
2006-06-07,764965.8325149566,-3420.8998358081994,0.0,-0.004432321854756222,-0.46974047168198224,-0.5
2006-06-08,768081.7829528993,3115.9504379427963,0.0,0.004089979550102249,-0.6830883671668657,-0.5
2006-06-09,764138.8579890755,-3942.9249638239185,0.0,-0.005107252298263534,-0.8787860858373187,-0.5
2006-06-12,765433.1311225258,1294.2731334503312,0.0,0.0016966406515100103,-1.1001893799891744,-0.5
2006-06-13,763611.910212309,-1821.2209102167508,0.0,-0.002373685995252628,-0.8362204363113174,-0.5
2006-06-14,758445.3884923339,-5166.521719975027,0.0,-0.006720430107526881,-0.7331806470665596,-0.5
2006-06-15,751103.9611671411,-7341.427325192818,0.0,-0.009586776859504131,-0.7819139335585654,-0.5
2006-06-16,751595.8432635177,491.8820963766478,0.0,0.000655307994757536,-0.7814435085711666,-0.5
2006-06-19,751102.9935302301,-492.8497332875526,0.0,-0.000655307994757536,-0.7349450217988178,-0.5
2006-06-20,751102.9935302301,0.0,0.0,0.0,-0.8661528649808313,-0.5
2006-06-21,748643.5862167716,-2459.4073134585137,0.0,-0.0032637075718015664,-1.0166812215046819,-0.5
2006-06-22,748643.5862167716,0.0,0.0,0.0,-0.9400080093358074,-0.5
2006-06-23,744859.6970173409,-3409.5674063223173,374.3217931083858,-0.005031411917098446,-0.8845039620693946,-0.5
2006-06-26,744487.2671688322,0.0,372.4298485086705,-0.0005,-1.2076332480165353,-0.5
2006-06-27,742818.0132065703,-1669.2539622619556,0.0,-0.0022371364653243847,-1.17779783992808,-0.5
2006-06-28,733343.293650364,-9474.719556206253,0.0,-0.012594458438287152,-0.8150162337366337,-0.5
2006-06-29,724311.4960213518,-8665.125982187137,366.67164682518205,-0.012172095881991396,-0.444483724489298,-0.5
2006-06-30,723949.340273341,0.0,362.1557480106759,-0.0005,0.03872398245319869,0.5
2006-07-03,730106.868076395,6157.527803053933,0.0,0.008578431372549019,1.2398262857811309,0.5
2006-07-05,737521.3344786045,7414.466402209507,0.0,0.010259505129752563,1.387543726962937,0.5
2006-07-06,736873.6283886057,-647.7060899987745,0.0,-0.0008774495466510676,1.3584497611193007,0.5
2006-07-07,740979.3758781609,4105.747489555281,0.0,0.005603066941905044,1.4325590680110183,0.5
2006-07-10,742053.8819336687,1074.506055507774,0.0,0.0014522218995062445,1.087883163537604,0.5
2006-07-11,736903.7103991378,-5150.171534530957,0.0,-0.006892590465249856,1.4460626818188345,0.5
2006-07-12,734094.4000662379,-2809.3103328999387,0.0,-0.0037978381536663743,1.806192893714228,0.5
2006-07-13,733877.4690969512,-216.93096928671332,0.0,-0.0002954209748892171,2.3283990181639527,0.5
2006-07-14,736481.4104420616,2603.9413451104124,0.0,0.003560830860534125,2.2071032453896238,0.5
2006-07-17,704759.7332969995,-31353.436439841145,368.2407052210308,-0.04131315122500704,0.0,0.0
2006-07-18,704759.7332969995,0.0,0.0,0.0,0.0,0.0
2006-07-19,704759.7332969995,0.0,0.0,0.0,0.0,0.0
2006-07-20,704759.7332969995,0.0,0.0,0.0,0.0,0.0
2006-07-21,704759.7332969995,0.0,0.0,0.0,0.0,0.0
2006-07-24,704759.7332969995,0.0,0.0,0.0,0.0,0.0
2006-07-25,704759.7332969995,0.0,0.0,0.0,0.0,0.0
2006-07-26,704759.7332969995,0.0,0.0,0.0,0.0,0.0
2006-07-27,704759.7332969995,0.0,0.0,0.0,0.0,0.0
2006-07-28,704759.7332969995,0.0,0.0,0.0,0.0,0.0
2006-07-31,704759.7332969995,0.0,0.0,0.0,0.0,0.0
2006-08-01,704759.7332969995,0.0,0.0,0.0,0.0,0.0
2006-08-02,704759.7332969995,0.0,0.0,0.0,0.0,0.0
2006-08-03,704759.7332969995,0.0,0.0,0.0,0.0,0.0
2006-08-04,704759.7332969995,0.0,0.0,0.0,0.0,0.0
2006-08-07,704759.7332969995,0.0,0.0,0.0,0.0,0.0
2006-08-08,704759.7332969995,0.0,0.0,0.0,0.0,0.0
2006-08-09,704759.7332969995,0.0,0.0,0.0,0.0,0.0
2006-08-10,704759.7332969995,0.0,0.0,0.0,0.0,0.0
2006-08-11,704759.7332969995,0.0,0.0,0.0,0.0,0.0
2006-08-14,704407.353430351,0.0,352.3798666484997,-0.0005,2.8783429079309553,0.5
2006-08-15,705334.2052111804,926.8517808294092,0.0,0.0013175230566534913,2.393109429544121,0.5
2006-08-16,709268.1558307966,3933.9506196161633,0.0,0.005608709996700759,1.9601481565055026,0.5
2006-08-17,699832.7261133849,-9435.429717411635,0.0,-0.013128402177393531,1.9987684664793508,0.5
2006-08-18,695400.4521813334,-4432.273932051437,0.0,-0.006293474660483603,1.9526671926848231,0.5
2006-08-21,695870.0000896261,469.5479082925952,0.0,0.0006756756756756757,2.1990655891007562,0.5
2006-08-22,690473.8402777375,-5396.159811888537,0.0,-0.007694881231180997,1.8967684645641936,0.5
2006-08-23,692838.4767170448,2364.63643930732,0.0,0.003436426116838488,1.675567275549494,0.5
2006-08-24,691424.5206421121,-1413.9560749327447,0.0,-0.0020366598778004076,1.4796801647222577,0.5
2006-08-25,687173.9600643942,-4250.560577717903,0.0,-0.006109979633401222,1.3902577517821568,0.5
2006-08-28,674236.9360569025,-12593.437027459506,343.5869800321971,-0.01848760611205433,1.6890484908641734,0.5
2006-08-29,673899.817588874,0.0,337.1184680284513,-0.0005,1.779044501873128,0.5
2006-08-30,674620.3091971301,720.491608256102,0.0,0.0010702818408847665,2.2198823650575266,0.5
2006-08-31,677979.0162841714,3358.7070870411885,0.0,0.005003573981415297,2.0326800725075795,0.5
2006-09-01,682992.2414045825,5013.225120411126,0.0,0.007449450159631075,0.43627805098957134,0.5
2006-09-05,682546.2346737278,236.98551054982045,682.9922414045825,-0.0006532454009024644,-0.8149589527047659,-0.5
2006-09-06,688936.2306294111,6389.995955683304,0.0,0.00945047252362618,-1.6508792974386315,-0.5
2006-09-07,686501.826987611,-2434.403641800039,0.0,-0.0035211267605633804,-1.8820900753965366,-0.5
2006-09-08,688910.6053279184,2408.7783403074072,0.0,0.0035211267605633804,-1.8808627923260197,-0.5
2006-09-11,689397.4679465247,486.86261860630276,0.0,0.0007072135785007072,-1.8841984825253142,-0.5
2006-09-12,689641.4160951257,243.94814860103494,0.0,0.00035398230088495576,-1.5982793658987073,-0.5
2006-09-13,684268.8554881524,-5372.5606069733585,0.0,-0.007730147575544623,-1.4123046822714769,-0.5
2006-09-14,684984.6178892906,715.7624011382346,0.0,0.0010471204188481674,-1.3294854977275632,-0.5
2006-09-15,674932.4327211039,-10052.185168186654,0.0,-0.01446280991735537,-1.2990075472402218,-0.5
2006-09-18,687074.801673656,12142.368952552106,0.0,0.018320082958866227,-1.181517376658797,-0.5
2006-09-19,683445.8854676331,-3628.916206022831,0.0,-0.005253940455341506,-0.8369270258704439,-0.5
2006-09-20,675825.5829118965,-7620.302555736676,0.0,-0.011026878015161959,-0.3527218355423472,-0.5
2006-09-21,661206.4205837883,-14281.24953665221,337.91279145594825,-0.021183911882510013,0.0,0.0
2006-09-22,661206.4205837883,0.0,0.0,0.0,0.0,0.0
2006-09-25,661206.4205837883,0.0,0.0,0.0,0.0,0.0
2006-09-26,660875.8173734964,0.0,330.6032102918942,-0.0005,-1.0415587592852353,-0.5
2006-09-27,657990.8658537329,-2884.951519763416,0.0,-0.0043463724506853894,-1.3606446281829487,-0.5
2006-09-28,665657.2041709368,7666.338317203946,0.0,0.011788480970023578,-1.4775207109906356,-0.5
2006-09-29,664522.819024088,-1134.385146848904,0.0,-0.0017012589316093912,-1.3380179354202166,-0.5
2006-10-02,664522.819024088,0.0,0.0,0.0,0.0,0.0
2006-10-03,664522.819024088,0.0,0.0,0.0,0.0,0.0
2006-10-04,664522.819024088,0.0,0.0,0.0,0.0,0.0
2006-10-05,664522.819024088,0.0,0.0,0.0,0.0,0.0
2006-10-06,664522.819024088,0.0,0.0,0.0,0.0,0.0
2006-10-09,664522.819024088,0.0,0.0,0.0,0.0,0.0
2006-10-10,664522.819024088,0.0,0.0,0.0,0.0,0.0
2006-10-11,664522.819024088,0.0,0.0,0.0,0.0,0.0
2006-10-12,664522.819024088,0.0,0.0,0.0,0.0,0.0
2006-10-13,664522.819024088,0.0,0.0,0.0,0.0,0.0
2006-10-16,664522.819024088,0.0,0.0,0.0,0.0,0.0
2006-10-17,664522.819024088,0.0,0.0,0.0,0.0,0.0
2006-10-18,664522.819024088,0.0,0.0,0.0,0.0,0.0
2006-10-19,664522.819024088,0.0,0.0,0.0,0.0,0.0
2006-10-20,664522.819024088,0.0,0.0,0.0,0.0,0.0
2006-10-23,664522.819024088,0.0,0.0,0.0,0.0,0.0
2006-10-24,664522.819024088,0.0,0.0,0.0,0.0,0.0
2006-10-25,664522.819024088,0.0,0.0,0.0,0.0,0.0
2006-10-26,664522.819024088,0.0,0.0,0.0,0.0,0.0
2006-10-27,664522.819024088,0.0,0.0,0.0,0.0,0.0
2006-10-30,664522.819024088,0.0,0.0,0.0,0.0,0.0
2006-10-31,664522.819024088,0.0,0.0,0.0,0.0,0.0
2006-11-01,664522.819024088,0.0,0.0,0.0,0.0,0.0
2006-11-02,664522.819024088,0.0,0.0,0.0,0.0,0.0
2006-11-03,664522.819024088,0.0,0.0,0.0,0.0,0.0
2006-11-06,664522.819024088,0.0,0.0,0.0,0.0,0.0
2006-11-07,664522.819024088,0.0,0.0,0.0,0.0,0.0
2006-11-08,664522.819024088,0.0,0.0,0.0,0.0,0.0
2006-11-09,664522.819024088,0.0,0.0,0.0,0.0,0.0
2006-11-10,664522.819024088,0.0,0.0,0.0,0.0,0.0
2006-11-13,664522.819024088,0.0,0.0,0.0,0.0,0.0
2006-11-14,664522.819024088,0.0,0.0,0.0,0.0,0.0
2006-11-15,664522.819024088,0.0,0.0,0.0,0.0,0.0
2006-11-16,664522.819024088,0.0,0.0,0.0,0.0,0.0
2006-11-17,664522.819024088,0.0,0.0,0.0,0.0,0.0
2006-11-20,664522.819024088,0.0,0.0,0.0,0.0,0.0
2006-11-21,664522.819024088,0.0,0.0,0.0,0.0,0.0
2006-11-22,664522.819024088,0.0,0.0,0.0,0.0,0.0
2006-11-27,664522.819024088,0.0,0.0,0.0,0.0,0.0
2006-11-28,664522.819024088,0.0,0.0,0.0,0.0,0.0
2006-11-29,664522.819024088,0.0,0.0,0.0,0.0,0.0
2006-11-30,664522.819024088,0.0,0.0,0.0,0.0,0.0
2006-12-01,664522.819024088,0.0,0.0,0.0,0.0,0.0
2006-12-04,664522.819024088,0.0,0.0,0.0,0.0,0.0
2006-12-05,664522.819024088,0.0,0.0,0.0,0.0,0.0
2006-12-06,664522.819024088,0.0,0.0,0.0,0.0,0.0
2006-12-07,664522.819024088,0.0,0.0,0.0,0.0,0.0
2006-12-08,664522.819024088,0.0,0.0,0.0,0.0,0.0
2006-12-11,664522.819024088,0.0,0.0,0.0,0.0,0.0
2006-12-12,664522.819024088,0.0,0.0,0.0,0.0,0.0
2006-12-13,664522.819024088,0.0,0.0,0.0,0.0,0.0
2006-12-14,664522.819024088,0.0,0.0,0.0,0.0,0.0
2006-12-15,664522.819024088,0.0,0.0,0.0,0.0,0.0
2006-12-18,664522.819024088,0.0,0.0,0.0,0.0,0.0
2006-12-19,664522.819024088,0.0,0.0,0.0,0.0,0.0
2006-12-20,664522.819024088,0.0,0.0,0.0,0.0,0.0
2006-12-21,664522.819024088,0.0,0.0,0.0,0.0,0.0
2006-12-22,664522.819024088,0.0,0.0,0.0,0.0,0.0
2006-12-26,664522.819024088,0.0,0.0,0.0,0.0,0.0
2006-12-27,664522.819024088,0.0,0.0,0.0,0.0,0.0
2006-12-28,664522.819024088,0.0,0.0,0.0,0.0,0.0
2006-12-29,664522.819024088,0.0,0.0,0.0,0.0,0.0
2007-01-03,664522.819024088,0.0,0.0,0.0,0.0,0.0
2007-01-04,664522.819024088,0.0,0.0,0.0,0.0,0.0
2007-01-05,664522.819024088,0.0,0.0,0.0,0.0,0.0
2007-01-08,664522.819024088,0.0,0.0,0.0,0.0,0.0
2007-01-09,664522.819024088,0.0,0.0,0.0,0.0,0.0
2007-01-10,664522.819024088,0.0,0.0,0.0,0.0,0.0
2007-01-11,664522.819024088,0.0,0.0,0.0,0.0,0.0
2007-01-12,664522.819024088,0.0,0.0,0.0,0.0,0.0
2007-01-16,664522.819024088,0.0,0.0,0.0,0.0,0.0
2007-01-17,664522.819024088,0.0,0.0,0.0,0.0,0.0
2007-01-18,664522.819024088,0.0,0.0,0.0,0.0,0.0
2007-01-19,664522.819024088,0.0,0.0,0.0,0.0,0.0
2007-01-22,664522.819024088,0.0,0.0,0.0,0.0,0.0
2007-01-23,664522.819024088,0.0,0.0,0.0,0.0,0.0
2007-01-24,664522.819024088,0.0,0.0,0.0,0.0,0.0
2007-01-25,664522.819024088,0.0,0.0,0.0,0.0,0.0
2007-01-26,664522.819024088,0.0,0.0,0.0,0.0,0.0
2007-01-29,664522.819024088,0.0,0.0,0.0,0.0,0.0
2007-01-30,664522.819024088,0.0,0.0,0.0,0.0,0.0
2007-01-31,664522.819024088,0.0,0.0,0.0,0.0,0.0
2007-02-01,664522.819024088,0.0,0.0,0.0,0.0,0.0
2007-02-02,664522.819024088,0.0,0.0,0.0,0.0,0.0
2007-02-05,664522.819024088,0.0,0.0,0.0,0.0,0.0
2007-02-06,664522.819024088,0.0,0.0,0.0,0.0,0.0
2007-02-07,664522.819024088,0.0,0.0,0.0,0.0,0.0
2007-02-08,664522.819024088,0.0,0.0,0.0,0.0,0.0
2007-02-09,664522.819024088,0.0,0.0,0.0,0.0,0.0
2007-02-12,664522.819024088,0.0,0.0,0.0,0.0,0.0
2007-02-13,664522.819024088,0.0,0.0,0.0,0.0,0.0
2007-02-14,664522.819024088,0.0,0.0,0.0,0.0,0.0
2007-02-15,664522.819024088,0.0,0.0,0.0,0.0,0.0
2007-02-16,664522.819024088,0.0,0.0,0.0,0.0,0.0
2007-02-20,664522.819024088,0.0,0.0,0.0,0.0,0.0
2007-02-21,664522.819024088,0.0,0.0,0.0,0.0,0.0
2007-02-22,664522.819024088,0.0,0.0,0.0,0.0,0.0
2007-02-23,664522.819024088,0.0,0.0,0.0,0.0,0.0
2007-02-26,664522.819024088,0.0,0.0,0.0,0.0,0.0
2007-02-27,664522.819024088,0.0,0.0,0.0,0.0,0.0
2007-02-28,664522.819024088,0.0,0.0,0.0,0.0,0.0
2007-03-01,664522.819024088,0.0,0.0,0.0,0.0,0.0
2007-03-02,664522.819024088,0.0,0.0,0.0,0.0,0.0
2007-03-05,664522.819024088,0.0,0.0,0.0,0.0,0.0
2007-03-06,664522.819024088,0.0,0.0,0.0,0.0,0.0
2007-03-07,664522.819024088,0.0,0.0,0.0,0.0,0.0
2007-03-08,664522.819024088,0.0,0.0,0.0,0.0,0.0
2007-03-09,664522.819024088,0.0,0.0,0.0,0.0,0.0
2007-03-12,664522.819024088,0.0,0.0,0.0,0.0,0.0
2007-03-13,664522.819024088,0.0,0.0,0.0,0.0,0.0
2007-03-14,664522.819024088,0.0,0.0,0.0,0.0,0.0
2007-03-15,664522.819024088,0.0,0.0,0.0,0.0,0.0
2007-03-16,664522.819024088,0.0,0.0,0.0,0.0,0.0
2007-03-19,664522.819024088,0.0,0.0,0.0,0.0,0.0
2007-03-20,664522.819024088,0.0,0.0,0.0,0.0,0.0
2007-03-21,664522.819024088,0.0,0.0,0.0,0.0,0.0
2007-03-22,664522.819024088,0.0,0.0,0.0,0.0,0.0
2007-03-23,664522.819024088,0.0,0.0,0.0,0.0,0.0
2007-03-26,664522.819024088,0.0,0.0,0.0,0.0,0.0
2007-03-27,664522.819024088,0.0,0.0,0.0,0.0,0.0
2007-03-28,664522.819024088,0.0,0.0,0.0,0.0,0.0
2007-03-29,664522.819024088,0.0,0.0,0.0,0.0,0.0
2007-03-30,664522.819024088,0.0,0.0,0.0,0.0,0.0
2007-04-02,664522.819024088,0.0,0.0,0.0,0.0,0.0
2007-04-03,664522.819024088,0.0,0.0,0.0,0.0,0.0
2007-04-04,664522.819024088,0.0,0.0,0.0,0.0,0.0
2007-04-05,664522.819024088,0.0,0.0,0.0,0.0,0.0
2007-04-09,664522.819024088,0.0,0.0,0.0,0.0,0.0
2007-04-10,664522.819024088,0.0,0.0,0.0,0.0,0.0
2007-04-11,664522.819024088,0.0,0.0,0.0,0.0,0.0
2007-04-12,664522.819024088,0.0,0.0,0.0,0.0,0.0
2007-04-13,664522.819024088,0.0,0.0,0.0,0.0,0.0
2007-04-16,664522.819024088,0.0,0.0,0.0,0.0,0.0
2007-04-17,664522.819024088,0.0,0.0,0.0,0.0,0.0
2007-04-18,664522.819024088,0.0,0.0,0.0,0.0,0.0
2007-04-19,664522.819024088,0.0,0.0,0.0,0.0,0.0
2007-04-20,664522.819024088,0.0,0.0,0.0,0.0,0.0
2007-04-23,664522.819024088,0.0,0.0,0.0,0.0,0.0
2007-04-24,664522.819024088,0.0,0.0,0.0,0.0,0.0
2007-04-25,664522.819024088,0.0,0.0,0.0,0.0,0.0
2007-04-26,664522.819024088,0.0,0.0,0.0,0.0,0.0
2007-04-27,664522.819024088,0.0,0.0,0.0,0.0,0.0
2007-04-30,664522.819024088,0.0,0.0,0.0,0.0,0.0
2007-05-01,664522.819024088,0.0,0.0,0.0,0.0,0.0
2007-05-02,664522.819024088,0.0,0.0,0.0,0.0,0.0
2007-05-03,664522.819024088,0.0,0.0,0.0,0.0,0.0
2007-05-04,664522.819024088,0.0,0.0,0.0,0.0,0.0
2007-05-07,664522.819024088,0.0,0.0,0.0,0.0,0.0
2007-05-08,664522.819024088,0.0,0.0,0.0,0.0,0.0
2007-05-09,664522.819024088,0.0,0.0,0.0,0.0,0.0
2007-05-10,664522.819024088,0.0,0.0,0.0,0.0,0.0
2007-05-11,664522.819024088,0.0,0.0,0.0,0.0,0.0
2007-05-14,664522.819024088,0.0,0.0,0.0,0.0,0.0
2007-05-15,664522.819024088,0.0,0.0,0.0,0.0,0.0
2007-05-16,664522.819024088,0.0,0.0,0.0,0.0,0.0
2007-05-17,664522.819024088,0.0,0.0,0.0,0.0,0.0
2007-05-18,664522.819024088,0.0,0.0,0.0,0.0,0.0
2007-05-21,664522.819024088,0.0,0.0,0.0,0.0,0.0
2007-05-22,664522.819024088,0.0,0.0,0.0,0.0,0.0
2007-05-23,664522.819024088,0.0,0.0,0.0,0.0,0.0
2007-05-24,664522.819024088,0.0,0.0,0.0,0.0,0.0
2007-05-25,664522.819024088,0.0,0.0,0.0,0.0,0.0
2007-05-29,664522.819024088,0.0,0.0,0.0,0.0,0.0
2007-05-30,664522.819024088,0.0,0.0,0.0,0.0,0.0
2007-05-31,664522.819024088,0.0,0.0,0.0,0.0,0.0
2007-06-01,664190.557614576,0.0,332.261409512044,-0.0005,-0.8298824905000356,-0.5
2007-06-04,668952.4123823915,4761.8547678156,0.0,0.007221182134260496,-1.0539943672901873,-0.5
2007-06-05,664447.0755533075,-4505.336829083994,0.0,-0.00668985817500669,-1.0245983311347724,-0.5
2007-06-06,665506.7997567418,1059.7242034343024,0.0,0.0015974440894568692,-1.1421184075936799,-0.5
2007-06-07,670830.8541547958,5324.054398053935,0.0,0.008064516129032258,-1.0911481737295505,-0.5
2007-06-08,675012.1846820479,4181.330527252115,0.0,0.0062721570766293986,-1.0322199118281699,-0.5
2007-06-11,671863.1157633886,-3149.068918659389,0.0,-0.004643540016388965,-0.44503745461423144,-0.5
2007-06-12,672411.1280927225,548.0123293339221,0.0,0.0008163265306122448,-0.09686381939430162,-0.5
2007-06-13,672228.0095937866,-183.11849893592662,0.0,-0.0002722570106180234,-0.1585480870250182,-0.5
2007-06-14,660152.0573256348,-12075.952268151854,0.0,-0.01764705882352941,-0.2690433091522259,-0.5
2007-06-15,659978.6069690069,-173.4503566278599,0.0,-0.0002626740215392698,-0.15720039643674832,-0.5
2007-06-18,650446.3529292761,-9532.254039730931,0.0,-0.01423763914056433,-0.04686975815703089,-0.5
2007-06-19,651947.2935818625,1826.163829051056,325.223176464638,0.0023140517020732022,-0.005977750319370904,0.0
2007-06-20,651621.3199350715,0.0,325.97364679093124,-0.0005,-0.10755531353331485,-0.5
2007-06-21,649928.7970261492,-1692.5229089222637,0.0,-0.0025906735751295338,-0.17673556494557213,-0.5
2007-06-22,646066.1711006708,-3862.6259254784063,0.0,-0.005908040071923966,-0.42902419290514204,-0.5
2007-06-25,647056.0579818261,989.8868811552668,0.0,0.001534526854219949,-0.7778581526552868,-0.5
2007-06-26,635130.6026836939,-11601.92726914135,323.52802899091307,-0.018105686965274283,-0.9088415307359565,-0.5
2007-06-27,634813.037382352,0.0,317.5653013418469,-0.0005,-0.8557238709100066,-0.5
2007-06-28,637952.5677353805,3139.5303530284473,0.0,0.004970178926441352,-0.8665459316754887,-0.5
2007-06-29,629667.4694531028,-8285.09828227767,0.0,-0.012820512820512822,-0.8507751823306289,-0.5
2007-07-02,631353.5313235956,1686.061870492729,0.0,0.002684891383939468,-0.511952554095611,-0.5
2007-07-03,627799.6568203056,-3553.8745032899405,0.0,-0.005597468970552445,-0.4514364770712513,-0.5
2007-07-05,620202.8555519088,-7596.801268396728,0.0,-0.011956001912960305,-0.4057674475457452,-0.5
2007-07-06,618134.1448928893,-1758.609231243598,310.10142777595445,-0.003326107445805844,-0.35095116217790506,-0.5
2007-07-09,617825.0778204428,0.0,309.0670724464447,-0.0005,-0.3536990504237318,-0.5
2007-07-10,628289.1953121535,10464.117491710746,0.0,0.017228827954380004,-0.24404804528243185,-0.5
2007-07-11,622083.8699263545,-6205.325385799048,0.0,-0.009779951100244499,-0.021299845358461862,-0.5
2007-07-12,619362.8178415556,-2410.010149835756,311.04193496317725,-0.00435721177038109,0.004865811601810918,0.0
2007-07-13,619053.1364326348,0.0,309.6814089207778,-0.0005,0.0839092009983132,0.5
2007-07-16,606094.6876055786,-12648.922258839893,309.5265682163174,-0.020513545347467608,0.0,0.0
2007-07-17,606094.6876055786,0.0,0.0,0.0,0.0,0.0
2007-07-18,606094.6876055786,0.0,0.0,0.0,0.0,0.0
2007-07-19,606094.6876055786,0.0,0.0,0.0,0.0,0.0
2007-07-20,606094.6876055786,0.0,0.0,0.0,0.0,0.0
2007-07-23,606094.6876055786,0.0,0.0,0.0,0.0,0.0
2007-07-24,606094.6876055786,0.0,0.0,0.0,0.0,0.0
2007-07-25,606094.6876055786,0.0,0.0,0.0,0.0,0.0
2007-07-26,606094.6876055786,0.0,0.0,0.0,0.0,0.0
2007-07-27,606094.6876055786,0.0,0.0,0.0,0.0,0.0
2007-07-30,606094.6876055786,0.0,0.0,0.0,0.0,0.0
2007-07-31,606094.6876055786,0.0,0.0,0.0,0.0,0.0
2007-08-01,606094.6876055786,0.0,0.0,0.0,0.0,0.0
2007-08-02,606094.6876055786,0.0,0.0,0.0,0.0,0.0
2007-08-03,606094.6876055786,0.0,0.0,0.0,0.0,0.0
2007-08-06,606094.6876055786,0.0,0.0,0.0,0.0,0.0
2007-08-07,606094.6876055786,0.0,0.0,0.0,0.0,0.0
2007-08-08,606094.6876055786,0.0,0.0,0.0,0.0,0.0
2007-08-09,606094.6876055786,0.0,0.0,0.0,0.0,0.0
2007-08-10,606094.6876055786,0.0,0.0,0.0,0.0,0.0
2007-08-13,606094.6876055786,0.0,0.0,0.0,0.0,0.0
2007-08-14,605791.6402617758,0.0,303.04734380278927,-0.0005,-1.0875408579177075,-0.5
2007-08-15,602685.85473426,-3105.78552751585,0.0,-0.005100671140939597,-0.910434845766741,-0.5
2007-08-16,616368.6265431307,13682.771808870753,0.0,0.023230390817163157,-0.8356806403567034,-0.5
2007-08-17,618438.1350821676,2069.5085390368126,0.0,0.003368893879842785,-0.984512355691804,-0.5
2007-08-20,618786.5509329181,348.41585075051694,0.0,0.0005636978579481398,-0.6585547838701618,-0.5
2007-08-21,615296.4970641481,-3490.053868769983,0.0,-0.005608524957936062,-1.0454271315007801,-0.5
2007-08-22,618556.573317416,3260.0762532679346,0.0,0.005326604990187833,-1.1779502318655735,-0.5
2007-08-23,610013.9374401462,-8542.635877269839,0.0,-0.01362246316374757,-1.2119896011591957,-0.5
2007-08-24,607002.3491587632,-3011.588281383059,0.0,-0.0049126637554585155,-1.0111162693588462,-0.5
2007-08-27,610134.6263543136,3132.2771955503804,0.0,0.005187005187005187,-0.5758067538605507,-0.5
2007-08-28,611808.9804332223,1674.3540789086542,0.0,0.00275178866263071,-0.40412121625275693,-0.5
2007-08-29,609614.3014195269,-2194.6790136953337,0.0,-0.0035743744844652183,-0.4639191083472798,-0.5
2007-08-30,611284.4775877995,1670.1761682726765,0.0,0.002747252747252747,-0.5267589838477991,-0.5
2007-08-31,602359.3874191622,-8925.090168637293,0.0,-0.014390442573988594,-0.7974703687356017,-0.5
2007-09-04,609636.069398017,7577.861672564406,301.1796937095811,0.012234209812957439,0.0,0.0
2007-09-05,609331.2513633181,0.0,304.81803469900854,-0.0005,-1.685899324382314,-0.5
2007-09-06,603870.107611284,-5461.143752034084,0.0,-0.008882907133243608,-1.8141267777565904,-0.5
2007-09-07,603386.7537364617,-483.35387482226577,0.0,-0.0007997867235403893,-1.433432439521799,-0.5
2007-09-10,597118.21793579,-6268.535800671819,0.0,-0.010282098602689164,-1.2262337031468757,-0.5
2007-09-11,603351.1847200884,6232.966784298434,0.0,0.010548523206751054,-0.9807333358026076,-0.5
2007-09-12,604798.4556855684,1447.2709654799562,0.0,0.0024044883783061717,-0.6157386039696819,-0.5
2007-09-13,606418.1623156851,1619.7066301166801,0.0,0.0026852846401718583,-0.6026636867744114,-0.5
2007-09-14,609683.7420804438,3265.57976475867,0.0,0.005414185165132647,-0.843275104959869,-0.5
2007-09-17,605203.213763576,-4480.528316867714,0.0,-0.007295325587679005,-1.3705445709320472,-0.5
2007-09-18,603742.1545028806,-1461.0592606953285,0.0,-0.0024083489430024086,-1.5955174184210652,-0.5
2007-09-19,599390.5692995763,-4351.585203304266,0.0,-0.0071561091969255235,-1.7112741580699913,-0.5
2007-09-20,587891.734430645,-11199.139584281558,299.69528464978816,-0.0188323430638078,-1.786858361780902,-0.5
2007-09-21,587597.7885634297,0.0,293.9458672153225,-0.0005,-1.4326542061108665,-0.5
2007-09-24,583449.34224982,-4148.44631360969,0.0,-0.00701051577366049,-1.721986052776253,-0.5
2007-09-25,578952.3433413804,-4496.998908439687,0.0,-0.0076486553170490995,-1.7250135837093932,-0.5
2007-09-26,578385.298930664,-567.0444107163373,0.0,-0.0009784735812133072,-1.7890606054626934,-0.5
2007-09-27,580505.4796452192,2120.1807145552198,0.0,0.003679175864606328,-1.8569354162217,-0.5
2007-09-28,579790.923417197,-714.5562280221802,0.0,-0.0012294074256208507,-1.3890581596121492,-0.5
2007-10-01,579790.923417197,0.0,0.0,0.0,0.0,0.0
2007-10-02,579790.923417197,0.0,0.0,0.0,0.0,0.0
2007-10-03,579790.923417197,0.0,0.0,0.0,0.0,0.0
2007-10-04,579790.923417197,0.0,0.0,0.0,0.0,0.0
2007-10-05,579790.923417197,0.0,0.0,0.0,0.0,0.0
2007-10-08,579790.923417197,0.0,0.0,0.0,0.0,0.0
2007-10-09,579790.923417197,0.0,0.0,0.0,0.0,0.0
2007-10-10,579790.923417197,0.0,0.0,0.0,0.0,0.0
2007-10-11,579790.923417197,0.0,0.0,0.0,0.0,0.0
2007-10-12,579790.923417197,0.0,0.0,0.0,0.0,0.0
2007-10-15,579790.923417197,0.0,0.0,0.0,0.0,0.0
2007-10-16,579790.923417197,0.0,0.0,0.0,0.0,0.0
2007-10-17,579790.923417197,0.0,0.0,0.0,0.0,0.0
2007-10-18,579790.923417197,0.0,0.0,0.0,0.0,0.0
2007-10-19,579790.923417197,0.0,0.0,0.0,0.0,0.0
2007-10-22,579790.923417197,0.0,0.0,0.0,0.0,0.0
2007-10-23,579790.923417197,0.0,0.0,0.0,0.0,0.0
2007-10-24,579790.923417197,0.0,0.0,0.0,0.0,0.0
2007-10-25,579790.923417197,0.0,0.0,0.0,0.0,0.0
2007-10-26,579790.923417197,0.0,0.0,0.0,0.0,0.0
2007-10-29,579790.923417197,0.0,0.0,0.0,0.0,0.0
2007-10-30,579790.923417197,0.0,0.0,0.0,0.0,0.0
2007-10-31,579790.923417197,0.0,0.0,0.0,0.0,0.0
2007-11-01,579790.923417197,0.0,0.0,0.0,0.0,0.0
2007-11-02,579790.923417197,0.0,0.0,0.0,0.0,0.0
2007-11-05,579790.923417197,0.0,0.0,0.0,0.0,0.0
2007-11-06,579790.923417197,0.0,0.0,0.0,0.0,0.0
2007-11-07,579790.923417197,0.0,0.0,0.0,0.0,0.0
2007-11-08,579790.923417197,0.0,0.0,0.0,0.0,0.0
2007-11-09,579790.923417197,0.0,0.0,0.0,0.0,0.0
2007-11-12,579790.923417197,0.0,0.0,0.0,0.0,0.0
2007-11-13,579790.923417197,0.0,0.0,0.0,0.0,0.0
2007-11-14,579790.923417197,0.0,0.0,0.0,0.0,0.0
2007-11-15,579790.923417197,0.0,0.0,0.0,0.0,0.0
2007-11-16,579790.923417197,0.0,0.0,0.0,0.0,0.0
2007-11-19,579790.923417197,0.0,0.0,0.0,0.0,0.0
2007-11-20,579790.923417197,0.0,0.0,0.0,0.0,0.0
2007-11-21,579790.923417197,0.0,0.0,0.0,0.0,0.0
2007-11-26,579790.923417197,0.0,0.0,0.0,0.0,0.0
2007-11-27,579790.923417197,0.0,0.0,0.0,0.0,0.0
2007-11-28,579790.923417197,0.0,0.0,0.0,0.0,0.0
2007-11-29,579790.923417197,0.0,0.0,0.0,0.0,0.0
2007-11-30,579790.923417197,0.0,0.0,0.0,0.0,0.0
2007-12-03,579790.923417197,0.0,0.0,0.0,0.0,0.0
2007-12-04,579790.923417197,0.0,0.0,0.0,0.0,0.0
2007-12-05,579790.923417197,0.0,0.0,0.0,0.0,0.0
2007-12-06,579790.923417197,0.0,0.0,0.0,0.0,0.0
2007-12-07,579790.923417197,0.0,0.0,0.0,0.0,0.0
2007-12-10,579790.923417197,0.0,0.0,0.0,0.0,0.0
2007-12-11,579790.923417197,0.0,0.0,0.0,0.0,0.0
2007-12-12,579790.923417197,0.0,0.0,0.0,0.0,0.0
2007-12-13,579790.923417197,0.0,0.0,0.0,0.0,0.0
2007-12-14,579790.923417197,0.0,0.0,0.0,0.0,0.0
2007-12-17,579790.923417197,0.0,0.0,0.0,0.0,0.0
2007-12-18,579790.923417197,0.0,0.0,0.0,0.0,0.0
2007-12-19,579790.923417197,0.0,0.0,0.0,0.0,0.0
2007-12-20,579790.923417197,0.0,0.0,0.0,0.0,0.0
2007-12-21,579790.923417197,0.0,0.0,0.0,0.0,0.0
2007-12-26,579790.923417197,0.0,0.0,0.0,0.0,0.0
2007-12-27,579790.923417197,0.0,0.0,0.0,0.0,0.0
2007-12-28,579790.923417197,0.0,0.0,0.0,0.0,0.0
2007-12-31,579790.923417197,0.0,0.0,0.0,0.0,0.0
2008-01-02,579790.923417197,0.0,0.0,0.0,0.0,0.0
2008-01-03,579790.923417197,0.0,0.0,0.0,0.0,0.0
2008-01-04,579790.923417197,0.0,0.0,0.0,0.0,0.0
2008-01-07,579790.923417197,0.0,0.0,0.0,0.0,0.0
2008-01-08,579790.923417197,0.0,0.0,0.0,0.0,0.0
2008-01-09,579790.923417197,0.0,0.0,0.0,0.0,0.0
2008-01-10,579790.923417197,0.0,0.0,0.0,0.0,0.0
2008-01-11,579790.923417197,0.0,0.0,0.0,0.0,0.0
2008-01-14,579790.923417197,0.0,0.0,0.0,0.0,0.0
2008-01-15,579790.923417197,0.0,0.0,0.0,0.0,0.0
2008-01-16,579790.923417197,0.0,0.0,0.0,0.0,0.0
2008-01-17,579790.923417197,0.0,0.0,0.0,0.0,0.0
2008-01-18,579790.923417197,0.0,0.0,0.0,0.0,0.0
2008-01-22,579790.923417197,0.0,0.0,0.0,0.0,0.0
2008-01-23,579790.923417197,0.0,0.0,0.0,0.0,0.0
2008-01-24,579790.923417197,0.0,0.0,0.0,0.0,0.0
2008-01-25,579790.923417197,0.0,0.0,0.0,0.0,0.0
2008-01-28,579790.923417197,0.0,0.0,0.0,0.0,0.0
2008-01-29,579790.923417197,0.0,0.0,0.0,0.0,0.0
2008-01-30,579790.923417197,0.0,0.0,0.0,0.0,0.0
2008-01-31,579790.923417197,0.0,0.0,0.0,0.0,0.0
2008-02-01,579790.923417197,0.0,0.0,0.0,0.0,0.0
2008-02-04,579790.923417197,0.0,0.0,0.0,0.0,0.0
2008-02-05,579790.923417197,0.0,0.0,0.0,0.0,0.0
2008-02-06,579790.923417197,0.0,0.0,0.0,0.0,0.0
2008-02-07,579790.923417197,0.0,0.0,0.0,0.0,0.0
2008-02-08,579790.923417197,0.0,0.0,0.0,0.0,0.0
2008-02-11,579790.923417197,0.0,0.0,0.0,0.0,0.0
2008-02-12,579790.923417197,0.0,0.0,0.0,0.0,0.0
2008-02-13,579790.923417197,0.0,0.0,0.0,0.0,0.0
2008-02-14,579790.923417197,0.0,0.0,0.0,0.0,0.0
2008-02-15,579790.923417197,0.0,0.0,0.0,0.0,0.0
2008-02-19,579790.923417197,0.0,0.0,0.0,0.0,0.0
2008-02-20,579790.923417197,0.0,0.0,0.0,0.0,0.0
2008-02-21,579790.923417197,0.0,0.0,0.0,0.0,0.0
2008-02-22,579790.923417197,0.0,0.0,0.0,0.0,0.0
2008-02-25,579790.923417197,0.0,0.0,0.0,0.0,0.0
2008-02-26,579790.923417197,0.0,0.0,0.0,0.0,0.0
2008-02-27,579790.923417197,0.0,0.0,0.0,0.0,0.0
2008-02-28,579790.923417197,0.0,0.0,0.0,0.0,0.0
2008-02-29,579790.923417197,0.0,0.0,0.0,0.0,0.0
2008-03-03,579790.923417197,0.0,0.0,0.0,0.0,0.0
2008-03-04,579790.923417197,0.0,0.0,0.0,0.0,0.0
2008-03-05,579790.923417197,0.0,0.0,0.0,0.0,0.0
2008-03-06,579790.923417197,0.0,0.0,0.0,0.0,0.0
2008-03-07,579790.923417197,0.0,0.0,0.0,0.0,0.0
2008-03-10,579790.923417197,0.0,0.0,0.0,0.0,0.0
2008-03-11,579790.923417197,0.0,0.0,0.0,0.0,0.0
2008-03-12,579790.923417197,0.0,0.0,0.0,0.0,0.0
2008-03-13,579790.923417197,0.0,0.0,0.0,0.0,0.0
2008-03-14,579790.923417197,0.0,0.0,0.0,0.0,0.0
2008-03-17,579790.923417197,0.0,0.0,0.0,0.0,0.0
2008-03-18,579790.923417197,0.0,0.0,0.0,0.0,0.0
2008-03-19,579790.923417197,0.0,0.0,0.0,0.0,0.0
2008-03-20,579790.923417197,0.0,0.0,0.0,0.0,0.0
2008-03-24,579790.923417197,0.0,0.0,0.0,0.0,0.0
2008-03-25,579790.923417197,0.0,0.0,0.0,0.0,0.0
2008-03-26,579790.923417197,0.0,0.0,0.0,0.0,0.0
2008-03-27,579790.923417197,0.0,0.0,0.0,0.0,0.0
2008-03-28,579790.923417197,0.0,0.0,0.0,0.0,0.0
2008-03-31,579790.923417197,0.0,0.0,0.0,0.0,0.0
2008-04-01,579790.923417197,0.0,0.0,0.0,0.0,0.0
2008-04-02,579790.923417197,0.0,0.0,0.0,0.0,0.0
2008-04-03,579790.923417197,0.0,0.0,0.0,0.0,0.0
2008-04-04,579790.923417197,0.0,0.0,0.0,0.0,0.0
2008-04-07,579790.923417197,0.0,0.0,0.0,0.0,0.0
2008-04-08,579790.923417197,0.0,0.0,0.0,0.0,0.0
2008-04-09,579790.923417197,0.0,0.0,0.0,0.0,0.0
2008-04-10,579790.923417197,0.0,0.0,0.0,0.0,0.0
2008-04-11,579790.923417197,0.0,0.0,0.0,0.0,0.0
2008-04-14,579790.923417197,0.0,0.0,0.0,0.0,0.0
2008-04-15,579790.923417197,0.0,0.0,0.0,0.0,0.0
2008-04-16,579790.923417197,0.0,0.0,0.0,0.0,0.0
2008-04-17,579790.923417197,0.0,0.0,0.0,0.0,0.0
2008-04-18,579790.923417197,0.0,0.0,0.0,0.0,0.0
2008-04-21,579790.923417197,0.0,0.0,0.0,0.0,0.0
2008-04-22,579790.923417197,0.0,0.0,0.0,0.0,0.0
2008-04-23,579790.923417197,0.0,0.0,0.0,0.0,0.0
2008-04-24,579790.923417197,0.0,0.0,0.0,0.0,0.0
2008-04-25,579790.923417197,0.0,0.0,0.0,0.0,0.0
2008-04-28,579790.923417197,0.0,0.0,0.0,0.0,0.0
2008-04-29,579790.923417197,0.0,0.0,0.0,0.0,0.0
2008-04-30,579790.923417197,0.0,0.0,0.0,0.0,0.0
2008-05-01,579790.923417197,0.0,0.0,0.0,0.0,0.0
2008-05-02,579790.923417197,0.0,0.0,0.0,0.0,0.0
2008-05-05,579790.923417197,0.0,0.0,0.0,0.0,0.0
2008-05-06,579790.923417197,0.0,0.0,0.0,0.0,0.0
2008-05-07,579790.923417197,0.0,0.0,0.0,0.0,0.0
2008-05-08,579790.923417197,0.0,0.0,0.0,0.0,0.0
2008-05-09,579790.923417197,0.0,0.0,0.0,0.0,0.0
2008-05-12,579790.923417197,0.0,0.0,0.0,0.0,0.0
2008-05-13,579790.923417197,0.0,0.0,0.0,0.0,0.0
2008-05-14,579790.923417197,0.0,0.0,0.0,0.0,0.0
2008-05-15,579790.923417197,0.0,0.0,0.0,0.0,0.0
2008-05-16,579790.923417197,0.0,0.0,0.0,0.0,0.0
2008-05-19,579790.923417197,0.0,0.0,0.0,0.0,0.0
2008-05-20,579790.923417197,0.0,0.0,0.0,0.0,0.0
2008-05-21,579790.923417197,0.0,0.0,0.0,0.0,0.0
2008-05-22,579790.923417197,0.0,0.0,0.0,0.0,0.0
2008-05-23,579790.923417197,0.0,0.0,0.0,0.0,0.0
2008-05-27,579790.923417197,0.0,0.0,0.0,0.0,0.0
2008-05-28,579790.923417197,0.0,0.0,0.0,0.0,0.0
2008-05-29,579790.923417197,0.0,0.0,0.0,0.0,0.0
2008-05-30,579790.923417197,0.0,0.0,0.0,0.0,0.0
2008-06-02,579790.923417197,0.0,0.0,0.0,0.0,0.0
2008-06-03,579790.923417197,0.0,0.0,0.0,0.0,0.0
2008-06-04,579790.923417197,0.0,0.0,0.0,0.0,0.0
2008-06-05,579790.923417197,0.0,0.0,0.0,0.0,0.0
2008-06-06,579790.923417197,0.0,0.0,0.0,0.0,0.0
2008-06-09,579790.923417197,0.0,0.0,0.0,0.0,0.0
2008-06-10,579790.923417197,0.0,0.0,0.0,0.0,0.0
2008-06-11,579790.923417197,0.0,0.0,0.0,0.0,0.0
2008-06-12,579790.923417197,0.0,0.0,0.0,0.0,0.0
2008-06-13,579501.0279554883,0.0,289.8954617085985,-0.0005,0.5382775504541215,0.5
2008-06-16,581845.346442949,2923.819515416187,579.5010279554883,0.004065922920892495,-0.032924990511986184,-0.5
2008-06-17,582329.7331782496,484.3867353004904,0.0,0.0008331944675887353,-0.27917971027436406,-0.5
2008-06-18,575531.3540384101,-6798.379139839471,0.0,-0.011539729640619847,-0.41189334283515844,-0.5
2008-06-19,566332.9823259201,-8910.60603547082,287.76567701920504,-0.01573872572620767,-0.31791668480380314,-0.5
2008-06-20,566049.8158347572,0.0,283.1664911629601,-0.0005,0.23214851060765992,0.5
2008-06-23,564901.4625879014,-1148.353246855781,0.0,-0.002024606759071796,0.7504054491157987,0.5
2008-06-24,568353.5398428258,3452.0772549244994,0.0,0.006148510168689894,0.5319496420888249,0.5
2008-06-25,565714.1271190975,-2639.4127237282933,0.0,-0.004622496147919876,0.3399289992837121,0.5
2008-06-26,568984.6619165048,3270.5347974072824,0.0,0.005814867201005816,0.19532470141715486,0.5
2008-06-27,571755.4080474254,3339.7307928370687,568.9846619165048,0.004898384089496582,-0.035445480544882474,-0.5
2008-06-30,574374.1351071846,2618.7270597592005,0.0,0.004601226993865031,-0.8060183249596677,-0.5
2008-07-01,563622.0991019193,-10177.661870158126,574.3741351071847,-0.018393641180923542,0.7552095975703838,0.5
2008-07-02,561357.5460251706,-2264.5530767487826,0.0,-0.004001778568252556,0.9018341025555336,0.5
2008-07-03,552683.7045549346,-8673.84147023591,0.0,-0.015216427832767025,0.848425564333089,0.5
2008-07-07,528452.0318550749,-23955.330847582307,276.3418522774673,-0.04202225519287834,0.0,0.0
2008-07-08,528452.0318550749,0.0,0.0,0.0,0.0,0.0
2008-07-09,528452.0318550749,0.0,0.0,0.0,0.0,0.0
2008-07-10,528452.0318550749,0.0,0.0,0.0,0.0,0.0
2008-07-11,528452.0318550749,0.0,0.0,0.0,0.0,0.0
2008-07-14,528452.0318550749,0.0,0.0,0.0,0.0,0.0
2008-07-15,528452.0318550749,0.0,0.0,0.0,0.0,0.0
2008-07-16,528452.0318550749,0.0,0.0,0.0,0.0,0.0
2008-07-17,528452.0318550749,0.0,0.0,0.0,0.0,0.0
2008-07-18,528452.0318550749,0.0,0.0,0.0,0.0,0.0
2008-07-21,528452.0318550749,0.0,0.0,0.0,0.0,0.0
2008-07-22,528452.0318550749,0.0,0.0,0.0,0.0,0.0
2008-07-23,528452.0318550749,0.0,0.0,0.0,0.0,0.0
2008-07-24,528452.0318550749,0.0,0.0,0.0,0.0,0.0
2008-07-25,528452.0318550749,0.0,0.0,0.0,0.0,0.0
2008-07-28,528452.0318550749,0.0,0.0,0.0,0.0,0.0
2008-07-29,528452.0318550749,0.0,0.0,0.0,0.0,0.0
2008-07-30,528452.0318550749,0.0,0.0,0.0,0.0,0.0
2008-07-31,528452.0318550749,0.0,0.0,0.0,0.0,0.0
2008-08-01,528452.0318550749,0.0,0.0,0.0,0.0,0.0
2008-08-04,528452.0318550749,0.0,0.0,0.0,0.0,0.0
2008-08-05,528452.0318550749,0.0,0.0,0.0,0.0,0.0
2008-08-06,528452.0318550749,0.0,0.0,0.0,0.0,0.0
2008-08-07,528452.0318550749,0.0,0.0,0.0,0.0,0.0
2008-08-08,528452.0318550749,0.0,0.0,0.0,0.0,0.0
2008-08-11,528452.0318550749,0.0,0.0,0.0,0.0,0.0
2008-08-12,528452.0318550749,0.0,0.0,0.0,0.0,0.0
2008-08-13,528452.0318550749,0.0,0.0,0.0,0.0,0.0
2008-08-14,528452.0318550749,0.0,0.0,0.0,0.0,0.0
2008-08-15,528452.0318550749,0.0,0.0,0.0,0.0,0.0
2008-08-18,528452.0318550749,0.0,0.0,0.0,0.0,0.0
2008-08-19,528452.0318550749,0.0,0.0,0.0,0.0,0.0
2008-08-20,528452.0318550749,0.0,0.0,0.0,0.0,0.0
2008-08-21,528452.0318550749,0.0,0.0,0.0,0.0,0.0
2008-08-22,528452.0318550749,0.0,0.0,0.0,0.0,0.0
2008-08-25,528452.0318550749,0.0,0.0,0.0,0.0,0.0
2008-08-26,528452.0318550749,0.0,0.0,0.0,0.0,0.0
2008-08-27,528452.0318550749,0.0,0.0,0.0,0.0,0.0
2008-08-28,528452.0318550749,0.0,0.0,0.0,0.0,0.0
2008-08-29,528452.0318550749,0.0,0.0,0.0,0.0,0.0
2008-09-02,528452.0318550749,0.0,0.0,0.0,0.0,0.0
2008-09-03,528452.0318550749,0.0,0.0,0.0,0.0,0.0
2008-09-04,528452.0318550749,0.0,0.0,0.0,0.0,0.0
2008-09-05,528452.0318550749,0.0,0.0,0.0,0.0,0.0
2008-09-08,528452.0318550749,0.0,0.0,0.0,0.0,0.0
2008-09-09,528452.0318550749,0.0,0.0,0.0,0.0,0.0
2008-09-10,528452.0318550749,0.0,0.0,0.0,0.0,0.0
2008-09-11,528452.0318550749,0.0,0.0,0.0,0.0,0.0
2008-09-12,528452.0318550749,0.0,0.0,0.0,0.0,0.0
2008-09-15,528452.0318550749,0.0,0.0,0.0,0.0,0.0
2008-09-16,528452.0318550749,0.0,0.0,0.0,0.0,0.0
2008-09-17,528452.0318550749,0.0,0.0,0.0,0.0,0.0
2008-09-18,528452.0318550749,0.0,0.0,0.0,0.0,0.0
2008-09-19,528452.0318550749,0.0,0.0,0.0,0.0,0.0
2008-09-22,528452.0318550749,0.0,0.0,0.0,0.0,0.0
2008-09-23,528452.0318550749,0.0,0.0,0.0,0.0,0.0
2008-09-24,528452.0318550749,0.0,0.0,0.0,0.0,0.0
2008-09-25,528452.0318550749,0.0,0.0,0.0,0.0,0.0
2008-09-26,528452.0318550749,0.0,0.0,0.0,0.0,0.0
2008-09-29,528452.0318550749,0.0,0.0,0.0,0.0,0.0
2008-09-30,528452.0318550749,0.0,0.0,0.0,0.0,0.0
2008-10-01,528452.0318550749,0.0,0.0,0.0,0.0,0.0
2008-10-02,528452.0318550749,0.0,0.0,0.0,0.0,0.0
2008-10-03,528452.0318550749,0.0,0.0,0.0,0.0,0.0
2008-10-06,528452.0318550749,0.0,0.0,0.0,0.0,0.0
2008-10-07,528452.0318550749,0.0,0.0,0.0,0.0,0.0
2008-10-08,528452.0318550749,0.0,0.0,0.0,0.0,0.0
2008-10-09,528452.0318550749,0.0,0.0,0.0,0.0,0.0
2008-10-10,528452.0318550749,0.0,0.0,0.0,0.0,0.0
2008-10-13,528452.0318550749,0.0,0.0,0.0,0.0,0.0
2008-10-14,528452.0318550749,0.0,0.0,0.0,0.0,0.0
2008-10-15,528452.0318550749,0.0,0.0,0.0,0.0,0.0
2008-10-16,528452.0318550749,0.0,0.0,0.0,0.0,0.0
2008-10-17,528452.0318550749,0.0,0.0,0.0,0.0,0.0
2008-10-20,528452.0318550749,0.0,0.0,0.0,0.0,0.0
2008-10-21,528452.0318550749,0.0,0.0,0.0,0.0,0.0
2008-10-22,528452.0318550749,0.0,0.0,0.0,0.0,0.0
2008-10-23,528452.0318550749,0.0,0.0,0.0,0.0,0.0
2008-10-24,528452.0318550749,0.0,0.0,0.0,0.0,0.0
2008-10-27,528452.0318550749,0.0,0.0,0.0,0.0,0.0
2008-10-28,528452.0318550749,0.0,0.0,0.0,0.0,0.0
2008-10-29,528452.0318550749,0.0,0.0,0.0,0.0,0.0
2008-10-30,528452.0318550749,0.0,0.0,0.0,0.0,0.0
2008-10-31,528452.0318550749,0.0,0.0,0.0,0.0,0.0
2008-11-03,528452.0318550749,0.0,0.0,0.0,0.0,0.0
2008-11-04,528452.0318550749,0.0,0.0,0.0,0.0,0.0
2008-11-05,528452.0318550749,0.0,0.0,0.0,0.0,0.0
2008-11-06,528452.0318550749,0.0,0.0,0.0,0.0,0.0
2008-11-07,528452.0318550749,0.0,0.0,0.0,0.0,0.0
2008-11-10,528452.0318550749,0.0,0.0,0.0,0.0,0.0
2008-11-11,528452.0318550749,0.0,0.0,0.0,0.0,0.0
2008-11-12,528452.0318550749,0.0,0.0,0.0,0.0,0.0
2008-11-13,528452.0318550749,0.0,0.0,0.0,0.0,0.0
2008-11-14,528452.0318550749,0.0,0.0,0.0,0.0,0.0
2008-11-17,528452.0318550749,0.0,0.0,0.0,0.0,0.0
2008-11-18,528452.0318550749,0.0,0.0,0.0,0.0,0.0
2008-11-19,528452.0318550749,0.0,0.0,0.0,0.0,0.0
2008-11-20,528452.0318550749,0.0,0.0,0.0,0.0,0.0
2008-11-21,528452.0318550749,0.0,0.0,0.0,0.0,0.0
2008-11-24,528452.0318550749,0.0,0.0,0.0,0.0,0.0
2008-11-25,528452.0318550749,0.0,0.0,0.0,0.0,0.0
2008-11-26,528452.0318550749,0.0,0.0,0.0,0.0,0.0
2008-11-28,528452.0318550749,0.0,0.0,0.0,0.0,0.0
2008-12-01,528452.0318550749,0.0,0.0,0.0,0.0,0.0
2008-12-02,528452.0318550749,0.0,0.0,0.0,0.0,0.0
2008-12-03,528452.0318550749,0.0,0.0,0.0,0.0,0.0
2008-12-04,528452.0318550749,0.0,0.0,0.0,0.0,0.0
2008-12-05,528452.0318550749,0.0,0.0,0.0,0.0,0.0
2008-12-08,528452.0318550749,0.0,0.0,0.0,0.0,0.0
2008-12-09,528452.0318550749,0.0,0.0,0.0,0.0,0.0
2008-12-10,528452.0318550749,0.0,0.0,0.0,0.0,0.0
2008-12-11,528452.0318550749,0.0,0.0,0.0,0.0,0.0
2008-12-12,528452.0318550749,0.0,0.0,0.0,0.0,0.0
2008-12-15,528452.0318550749,0.0,0.0,0.0,0.0,0.0
2008-12-16,528452.0318550749,0.0,0.0,0.0,0.0,0.0
2008-12-17,528452.0318550749,0.0,0.0,0.0,0.0,0.0
2008-12-18,528452.0318550749,0.0,0.0,0.0,0.0,0.0
2008-12-19,528452.0318550749,0.0,0.0,0.0,0.0,0.0
2008-12-22,528452.0318550749,0.0,0.0,0.0,0.0,0.0
2008-12-23,528452.0318550749,0.0,0.0,0.0,0.0,0.0
2008-12-24,528452.0318550749,0.0,0.0,0.0,0.0,0.0
2008-12-26,528452.0318550749,0.0,0.0,0.0,0.0,0.0
2008-12-29,528452.0318550749,0.0,0.0,0.0,0.0,0.0
2008-12-30,528452.0318550749,0.0,0.0,0.0,0.0,0.0
2008-12-31,528452.0318550749,0.0,0.0,0.0,0.0,0.0
2009-01-02,528452.0318550749,0.0,0.0,0.0,0.0,0.0
2009-01-05,528452.0318550749,0.0,0.0,0.0,0.0,0.0
2009-01-06,528452.0318550749,0.0,0.0,0.0,0.0,0.0
2009-01-07,528452.0318550749,0.0,0.0,0.0,0.0,0.0
2009-01-08,528452.0318550749,0.0,0.0,0.0,0.0,0.0
2009-01-09,528452.0318550749,0.0,0.0,0.0,0.0,0.0
2009-01-12,528452.0318550749,0.0,0.0,0.0,0.0,0.0
2009-01-13,528452.0318550749,0.0,0.0,0.0,0.0,0.0
2009-01-14,528452.0318550749,0.0,0.0,0.0,0.0,0.0
2009-01-15,528452.0318550749,0.0,0.0,0.0,0.0,0.0
2009-01-16,528452.0318550749,0.0,0.0,0.0,0.0,0.0
2009-01-20,528452.0318550749,0.0,0.0,0.0,0.0,0.0
2009-01-21,528452.0318550749,0.0,0.0,0.0,0.0,0.0
2009-01-22,528452.0318550749,0.0,0.0,0.0,0.0,0.0
2009-01-23,528452.0318550749,0.0,0.0,0.0,0.0,0.0
2009-01-26,528452.0318550749,0.0,0.0,0.0,0.0,0.0
2009-01-27,528452.0318550749,0.0,0.0,0.0,0.0,0.0
2009-01-28,528452.0318550749,0.0,0.0,0.0,0.0,0.0
2009-01-29,528452.0318550749,0.0,0.0,0.0,0.0,0.0
2009-01-30,528452.0318550749,0.0,0.0,0.0,0.0,0.0
2009-02-02,528452.0318550749,0.0,0.0,0.0,0.0,0.0
2009-02-03,528452.0318550749,0.0,0.0,0.0,0.0,0.0
2009-02-04,528452.0318550749,0.0,0.0,0.0,0.0,0.0
2009-02-05,528452.0318550749,0.0,0.0,0.0,0.0,0.0
2009-02-06,528452.0318550749,0.0,0.0,0.0,0.0,0.0
2009-02-09,528452.0318550749,0.0,0.0,0.0,0.0,0.0
2009-02-10,528452.0318550749,0.0,0.0,0.0,0.0,0.0
2009-02-11,528452.0318550749,0.0,0.0,0.0,0.0,0.0
2009-02-12,528452.0318550749,0.0,0.0,0.0,0.0,0.0
2009-02-13,528452.0318550749,0.0,0.0,0.0,0.0,0.0
2009-02-17,528452.0318550749,0.0,0.0,0.0,0.0,0.0
2009-02-18,528452.0318550749,0.0,0.0,0.0,0.0,0.0
2009-02-19,528452.0318550749,0.0,0.0,0.0,0.0,0.0
2009-02-20,528452.0318550749,0.0,0.0,0.0,0.0,0.0
2009-02-23,528452.0318550749,0.0,0.0,0.0,0.0,0.0
2009-02-24,528452.0318550749,0.0,0.0,0.0,0.0,0.0
2009-02-25,528452.0318550749,0.0,0.0,0.0,0.0,0.0
2009-02-26,528452.0318550749,0.0,0.0,0.0,0.0,0.0
2009-02-27,528452.0318550749,0.0,0.0,0.0,0.0,0.0
2009-03-02,528452.0318550749,0.0,0.0,0.0,0.0,0.0
2009-03-03,528452.0318550749,0.0,0.0,0.0,0.0,0.0
2009-03-04,528452.0318550749,0.0,0.0,0.0,0.0,0.0
2009-03-05,528452.0318550749,0.0,0.0,0.0,0.0,0.0
2009-03-06,528452.0318550749,0.0,0.0,0.0,0.0,0.0
2009-03-09,528452.0318550749,0.0,0.0,0.0,0.0,0.0
2009-03-10,528452.0318550749,0.0,0.0,0.0,0.0,0.0
2009-03-11,528452.0318550749,0.0,0.0,0.0,0.0,0.0
2009-03-12,528452.0318550749,0.0,0.0,0.0,0.0,0.0
2009-03-13,528452.0318550749,0.0,0.0,0.0,0.0,0.0
2009-03-16,528452.0318550749,0.0,0.0,0.0,0.0,0.0
2009-03-17,528452.0318550749,0.0,0.0,0.0,0.0,0.0
2009-03-18,528452.0318550749,0.0,0.0,0.0,0.0,0.0
2009-03-19,528452.0318550749,0.0,0.0,0.0,0.0,0.0
2009-03-20,528452.0318550749,0.0,0.0,0.0,0.0,0.0
2009-03-23,528452.0318550749,0.0,0.0,0.0,0.0,0.0
2009-03-24,528452.0318550749,0.0,0.0,0.0,0.0,0.0
2009-03-25,528452.0318550749,0.0,0.0,0.0,0.0,0.0
2009-03-26,528452.0318550749,0.0,0.0,0.0,0.0,0.0
2009-03-27,528452.0318550749,0.0,0.0,0.0,0.0,0.0
2009-03-30,528452.0318550749,0.0,0.0,0.0,0.0,0.0
2009-03-31,528452.0318550749,0.0,0.0,0.0,0.0,0.0
2009-04-01,528452.0318550749,0.0,0.0,0.0,0.0,0.0
2009-04-02,528452.0318550749,0.0,0.0,0.0,0.0,0.0
2009-04-03,528452.0318550749,0.0,0.0,0.0,0.0,0.0
2009-04-06,528452.0318550749,0.0,0.0,0.0,0.0,0.0
2009-04-07,528452.0318550749,0.0,0.0,0.0,0.0,0.0
2009-04-08,528452.0318550749,0.0,0.0,0.0,0.0,0.0
2009-04-09,528452.0318550749,0.0,0.0,0.0,0.0,0.0
2009-04-13,528452.0318550749,0.0,0.0,0.0,0.0,0.0
2009-04-14,528452.0318550749,0.0,0.0,0.0,0.0,0.0
2009-04-15,528452.0318550749,0.0,0.0,0.0,0.0,0.0
2009-04-16,528452.0318550749,0.0,0.0,0.0,0.0,0.0
2009-04-17,528452.0318550749,0.0,0.0,0.0,0.0,0.0
2009-04-20,528452.0318550749,0.0,0.0,0.0,0.0,0.0
2009-04-21,528452.0318550749,0.0,0.0,0.0,0.0,0.0
2009-04-22,528452.0318550749,0.0,0.0,0.0,0.0,0.0
2009-04-23,528452.0318550749,0.0,0.0,0.0,0.0,0.0
2009-04-24,528452.0318550749,0.0,0.0,0.0,0.0,0.0
2009-04-27,528452.0318550749,0.0,0.0,0.0,0.0,0.0
2009-04-28,528452.0318550749,0.0,0.0,0.0,0.0,0.0
2009-04-29,528452.0318550749,0.0,0.0,0.0,0.0,0.0
2009-04-30,528452.0318550749,0.0,0.0,0.0,0.0,0.0
2009-05-01,528452.0318550749,0.0,0.0,0.0,0.0,0.0
2009-05-04,528452.0318550749,0.0,0.0,0.0,0.0,0.0
2009-05-05,528452.0318550749,0.0,0.0,0.0,0.0,0.0
2009-05-06,528452.0318550749,0.0,0.0,0.0,0.0,0.0
2009-05-07,528452.0318550749,0.0,0.0,0.0,0.0,0.0
2009-05-08,528452.0318550749,0.0,0.0,0.0,0.0,0.0
2009-05-11,528452.0318550749,0.0,0.0,0.0,0.0,0.0
2009-05-12,528452.0318550749,0.0,0.0,0.0,0.0,0.0
2009-05-13,528452.0318550749,0.0,0.0,0.0,0.0,0.0
2009-05-14,528452.0318550749,0.0,0.0,0.0,0.0,0.0
2009-05-15,528452.0318550749,0.0,0.0,0.0,0.0,0.0
2009-05-18,528452.0318550749,0.0,0.0,0.0,0.0,0.0
2009-05-19,528452.0318550749,0.0,0.0,0.0,0.0,0.0
2009-05-20,528452.0318550749,0.0,0.0,0.0,0.0,0.0
2009-05-21,528452.0318550749,0.0,0.0,0.0,0.0,0.0
2009-05-22,528452.0318550749,0.0,0.0,0.0,0.0,0.0
2009-05-26,528452.0318550749,0.0,0.0,0.0,0.0,0.0
2009-05-27,528452.0318550749,0.0,0.0,0.0,0.0,0.0
2009-05-28,528452.0318550749,0.0,0.0,0.0,0.0,0.0
2009-05-29,528452.0318550749,0.0,0.0,0.0,0.0,0.0
2009-06-01,528452.0318550749,0.0,0.0,0.0,0.0,0.0
2009-06-02,528452.0318550749,0.0,0.0,0.0,0.0,0.0
2009-06-03,528452.0318550749,0.0,0.0,0.0,0.0,0.0
2009-06-04,528452.0318550749,0.0,0.0,0.0,0.0,0.0
2009-06-05,528452.0318550749,0.0,0.0,0.0,0.0,0.0
2009-06-08,528452.0318550749,0.0,0.0,0.0,0.0,0.0
2009-06-09,528452.0318550749,0.0,0.0,0.0,0.0,0.0
2009-06-10,528187.8058391474,0.0,264.22601592753745,-0.0005,1.5632714463777093,0.5
2009-06-11,532966.9209842718,4779.115145124389,0.0,0.009130752373995618,0.8745506052327514,0.5
2009-06-12,528040.813644922,-4926.107339349828,0.0,-0.009158154279675942,0.484561954831107,0.5
2009-06-15,512476.80588149186,-15299.987356607662,264.020406822461,-0.028645019359380495,0.0,0.0
2009-06-16,512476.80588149186,0.0,0.0,0.0,0.0,0.0
2009-06-17,512476.80588149186,0.0,0.0,0.0,0.0,0.0
2009-06-18,512476.80588149186,0.0,0.0,0.0,0.0,0.0
2009-06-19,512476.80588149186,0.0,0.0,0.0,0.0,0.0
2009-06-22,512476.80588149186,0.0,0.0,0.0,0.0,0.0
2009-06-23,512476.80588149186,0.0,0.0,0.0,0.0,0.0
2009-06-24,512476.80588149186,0.0,0.0,0.0,0.0,0.0
2009-06-25,512476.80588149186,0.0,0.0,0.0,0.0,0.0
2009-06-26,512476.80588149186,0.0,0.0,0.0,0.0,0.0
2009-06-29,512476.80588149186,0.0,0.0,0.0,0.0,0.0
2009-06-30,512476.80588149186,0.0,0.0,0.0,0.0,0.0
2009-07-01,512476.80588149186,0.0,0.0,0.0,0.0,0.0
2009-07-02,512476.80588149186,0.0,0.0,0.0,0.0,0.0
2009-07-06,512476.80588149186,0.0,0.0,0.0,0.0,0.0
2009-07-07,512476.80588149186,0.0,0.0,0.0,0.0,0.0
2009-07-08,512476.80588149186,0.0,0.0,0.0,0.0,0.0
2009-07-09,512476.80588149186,0.0,0.0,0.0,0.0,0.0
2009-07-10,512476.80588149186,0.0,0.0,0.0,0.0,0.0
2009-07-13,512476.80588149186,0.0,0.0,0.0,0.0,0.0
2009-07-14,512220.5674785511,0.0,256.2384029407459,-0.0005,-0.8815517892174435,-0.5
2009-07-15,513169.12408499286,948.5566064417613,0.0,0.0018552875695732839,-0.8785655878968069,-0.5
2009-07-16,517270.6616938506,4101.53760885775,0.0,0.008056960839422896,-0.7056932764270766,-0.5
2009-07-17,506034.14373110165,-11236.517962748927,0.0,-0.02126086152708449,-0.46094535624692295,-0.5
2009-07-20,496070.84077301295,-9710.285886223168,253.01707186555083,-0.019318294849023088,0.0,0.0
2009-07-21,495822.8053526264,0.0,248.03542038650647,-0.0005,0.6321783784241705,0.5
2009-07-22,484968.59741805913,-10606.296531890965,247.91140267631323,-0.02143282819683296,0.0,0.0
2009-07-23,484968.59741805913,0.0,0.0,0.0,0.0,0.0
2009-07-24,484968.59741805913,0.0,0.0,0.0,0.0,0.0
2009-07-27,484968.59741805913,0.0,0.0,0.0,0.0,0.0
2009-07-28,484968.59741805913,0.0,0.0,0.0,0.0,0.0
2009-07-29,484968.59741805913,0.0,0.0,0.0,0.0,0.0
2009-07-30,484968.59741805913,0.0,0.0,0.0,0.0,0.0
2009-07-31,484968.59741805913,0.0,0.0,0.0,0.0,0.0
2009-08-03,484968.59741805913,0.0,0.0,0.0,0.0,0.0
2009-08-04,484968.59741805913,0.0,0.0,0.0,0.0,0.0
2009-08-05,484968.59741805913,0.0,0.0,0.0,0.0,0.0
2009-08-06,484968.59741805913,0.0,0.0,0.0,0.0,0.0
2009-08-07,484968.59741805913,0.0,0.0,0.0,0.0,0.0
2009-08-10,484968.59741805913,0.0,0.0,0.0,0.0,0.0
2009-08-11,484968.59741805913,0.0,0.0,0.0,0.0,0.0
2009-08-12,484968.59741805913,0.0,0.0,0.0,0.0,0.0
2009-08-13,484968.59741805913,0.0,0.0,0.0,0.0,0.0
2009-08-14,484968.59741805913,0.0,0.0,0.0,0.0,0.0
2009-08-17,484968.59741805913,0.0,0.0,0.0,0.0,0.0
2009-08-18,484968.59741805913,0.0,0.0,0.0,0.0,0.0
2009-08-19,484968.59741805913,0.0,0.0,0.0,0.0,0.0
2009-08-20,484968.59741805913,0.0,0.0,0.0,0.0,0.0
2009-08-21,484968.59741805913,0.0,0.0,0.0,0.0,0.0
2009-08-24,484968.59741805913,0.0,0.0,0.0,0.0,0.0
2009-08-25,484968.59741805913,0.0,0.0,0.0,0.0,0.0
2009-08-26,484968.59741805913,0.0,0.0,0.0,0.0,0.0
2009-08-27,484968.59741805913,0.0,0.0,0.0,0.0,0.0
2009-08-28,484968.59741805913,0.0,0.0,0.0,0.0,0.0
2009-08-31,484968.59741805913,0.0,0.0,0.0,0.0,0.0
2009-09-01,484968.59741805913,0.0,0.0,0.0,0.0,0.0
2009-09-02,484968.59741805913,0.0,0.0,0.0,0.0,0.0
2009-09-03,484968.59741805913,0.0,0.0,0.0,0.0,0.0
2009-09-04,484968.59741805913,0.0,0.0,0.0,0.0,0.0
2009-09-08,484968.59741805913,0.0,0.0,0.0,0.0,0.0
2009-09-09,484968.59741805913,0.0,0.0,0.0,0.0,0.0
2009-09-10,484968.59741805913,0.0,0.0,0.0,0.0,0.0
2009-09-11,484968.59741805913,0.0,0.0,0.0,0.0,0.0
2009-09-14,484968.59741805913,0.0,0.0,0.0,0.0,0.0
2009-09-15,484968.59741805913,0.0,0.0,0.0,0.0,0.0
2009-09-16,484968.59741805913,0.0,0.0,0.0,0.0,0.0
2009-09-17,484968.59741805913,0.0,0.0,0.0,0.0,0.0
2009-09-18,484968.59741805913,0.0,0.0,0.0,0.0,0.0
2009-09-21,484968.59741805913,0.0,0.0,0.0,0.0,0.0
2009-09-22,484968.59741805913,0.0,0.0,0.0,0.0,0.0
2009-09-23,484968.59741805913,0.0,0.0,0.0,0.0,0.0
2009-09-24,484968.59741805913,0.0,0.0,0.0,0.0,0.0
2009-09-25,484726.1131193501,0.0,242.48429870902956,-0.0005,1.3598565107349796,0.5
2009-09-28,484883.3385858176,157.22546646751545,0.0,0.0003244646333549643,1.7969714629999025,0.5
2009-09-29,482604.3083072133,-2279.030278604329,0.0,-0.00467817389901597,1.6378927022452088,0.5
2009-09-30,489236.9591412784,6632.650834065104,0.0,0.013934970139349702,1.5065895185004685,0.5
2009-10-01,489236.9591412784,0.0,0.0,0.0,0.0,0.0
2009-10-02,489236.9591412784,0.0,0.0,0.0,0.0,0.0
2009-10-05,489236.9591412784,0.0,0.0,0.0,0.0,0.0
2009-10-06,489236.9591412784,0.0,0.0,0.0,0.0,0.0
2009-10-07,489236.9591412784,0.0,0.0,0.0,0.0,0.0
2009-10-08,489236.9591412784,0.0,0.0,0.0,0.0,0.0
2009-10-09,489236.9591412784,0.0,0.0,0.0,0.0,0.0
2009-10-12,489236.9591412784,0.0,0.0,0.0,0.0,0.0
2009-10-13,489236.9591412784,0.0,0.0,0.0,0.0,0.0
2009-10-14,489236.9591412784,0.0,0.0,0.0,0.0,0.0
2009-10-15,489236.9591412784,0.0,0.0,0.0,0.0,0.0
2009-10-16,489236.9591412784,0.0,0.0,0.0,0.0,0.0
2009-10-19,489236.9591412784,0.0,0.0,0.0,0.0,0.0
2009-10-20,489236.9591412784,0.0,0.0,0.0,0.0,0.0
2009-10-21,489236.9591412784,0.0,0.0,0.0,0.0,0.0
2009-10-22,489236.9591412784,0.0,0.0,0.0,0.0,0.0
2009-10-23,489236.9591412784,0.0,0.0,0.0,0.0,0.0
2009-10-26,489236.9591412784,0.0,0.0,0.0,0.0,0.0
2009-10-27,489236.9591412784,0.0,0.0,0.0,0.0,0.0
2009-10-28,489236.9591412784,0.0,0.0,0.0,0.0,0.0
2009-10-29,489236.9591412784,0.0,0.0,0.0,0.0,0.0
2009-10-30,489236.9591412784,0.0,0.0,0.0,0.0,0.0
2009-11-02,489236.9591412784,0.0,0.0,0.0,0.0,0.0
2009-11-03,489236.9591412784,0.0,0.0,0.0,0.0,0.0
2009-11-04,489236.9591412784,0.0,0.0,0.0,0.0,0.0
2009-11-05,489236.9591412784,0.0,0.0,0.0,0.0,0.0
2009-11-06,489236.9591412784,0.0,0.0,0.0,0.0,0.0
2009-11-09,489236.9591412784,0.0,0.0,0.0,0.0,0.0
2009-11-10,489236.9591412784,0.0,0.0,0.0,0.0,0.0
2009-11-11,489236.9591412784,0.0,0.0,0.0,0.0,0.0
2009-11-12,489236.9591412784,0.0,0.0,0.0,0.0,0.0
2009-11-13,489236.9591412784,0.0,0.0,0.0,0.0,0.0
2009-11-16,489236.9591412784,0.0,0.0,0.0,0.0,0.0
2009-11-17,489236.9591412784,0.0,0.0,0.0,0.0,0.0
2009-11-18,489236.9591412784,0.0,0.0,0.0,0.0,0.0
2009-11-19,489236.9591412784,0.0,0.0,0.0,0.0,0.0
2009-11-20,489236.9591412784,0.0,0.0,0.0,0.0,0.0
2009-11-23,489236.9591412784,0.0,0.0,0.0,0.0,0.0
2009-11-24,489236.9591412784,0.0,0.0,0.0,0.0,0.0
2009-11-25,489236.9591412784,0.0,0.0,0.0,0.0,0.0
2009-11-27,489236.9591412784,0.0,0.0,0.0,0.0,0.0
2009-11-30,489236.9591412784,0.0,0.0,0.0,0.0,0.0
2009-12-01,489236.9591412784,0.0,0.0,0.0,0.0,0.0
2009-12-02,489236.9591412784,0.0,0.0,0.0,0.0,0.0
2009-12-03,489236.9591412784,0.0,0.0,0.0,0.0,0.0
2009-12-04,489236.9591412784,0.0,0.0,0.0,0.0,0.0
2009-12-07,489236.9591412784,0.0,0.0,0.0,0.0,0.0
2009-12-08,489236.9591412784,0.0,0.0,0.0,0.0,0.0
2009-12-09,489236.9591412784,0.0,0.0,0.0,0.0,0.0
2009-12-10,489236.9591412784,0.0,0.0,0.0,0.0,0.0
2009-12-11,489236.9591412784,0.0,0.0,0.0,0.0,0.0
2009-12-14,489236.9591412784,0.0,0.0,0.0,0.0,0.0
2009-12-15,489236.9591412784,0.0,0.0,0.0,0.0,0.0
2009-12-16,489236.9591412784,0.0,0.0,0.0,0.0,0.0
2009-12-17,489236.9591412784,0.0,0.0,0.0,0.0,0.0
2009-12-18,489236.9591412784,0.0,0.0,0.0,0.0,0.0
2009-12-21,489236.9591412784,0.0,0.0,0.0,0.0,0.0
2009-12-22,489236.9591412784,0.0,0.0,0.0,0.0,0.0
2009-12-23,489236.9591412784,0.0,0.0,0.0,0.0,0.0
2009-12-24,489236.9591412784,0.0,0.0,0.0,0.0,0.0
2009-12-28,489236.9591412784,0.0,0.0,0.0,0.0,0.0
2009-12-29,489236.9591412784,0.0,0.0,0.0,0.0,0.0
2009-12-30,489236.9591412784,0.0,0.0,0.0,0.0,0.0
2009-12-31,489236.9591412784,0.0,0.0,0.0,0.0,0.0
2010-01-04,489236.9591412784,0.0,0.0,0.0,0.0,0.0
2010-01-05,489236.9591412784,0.0,0.0,0.0,0.0,0.0
2010-01-06,489236.9591412784,0.0,0.0,0.0,0.0,0.0
2010-01-07,489236.9591412784,0.0,0.0,0.0,0.0,0.0
2010-01-08,489236.9591412784,0.0,0.0,0.0,0.0,0.0
2010-01-11,489236.9591412784,0.0,0.0,0.0,0.0,0.0
2010-01-12,489236.9591412784,0.0,0.0,0.0,0.0,0.0
2010-01-13,489236.9591412784,0.0,0.0,0.0,0.0,0.0
2010-01-14,489236.9591412784,0.0,0.0,0.0,0.0,0.0
2010-01-15,489236.9591412784,0.0,0.0,0.0,0.0,0.0
2010-01-19,489236.9591412784,0.0,0.0,0.0,0.0,0.0
2010-01-20,489236.9591412784,0.0,0.0,0.0,0.0,0.0
2010-01-21,489236.9591412784,0.0,0.0,0.0,0.0,0.0
2010-01-22,489236.9591412784,0.0,0.0,0.0,0.0,0.0
2010-01-25,489236.9591412784,0.0,0.0,0.0,0.0,0.0
2010-01-26,489236.9591412784,0.0,0.0,0.0,0.0,0.0
2010-01-27,489236.9591412784,0.0,0.0,0.0,0.0,0.0
2010-01-28,489236.9591412784,0.0,0.0,0.0,0.0,0.0
2010-01-29,489236.9591412784,0.0,0.0,0.0,0.0,0.0
2010-02-01,489236.9591412784,0.0,0.0,0.0,0.0,0.0
2010-02-02,489236.9591412784,0.0,0.0,0.0,0.0,0.0
2010-02-03,489236.9591412784,0.0,0.0,0.0,0.0,0.0
2010-02-04,489236.9591412784,0.0,0.0,0.0,0.0,0.0
2010-02-05,489236.9591412784,0.0,0.0,0.0,0.0,0.0
2010-02-08,489236.9591412784,0.0,0.0,0.0,0.0,0.0
2010-02-09,489236.9591412784,0.0,0.0,0.0,0.0,0.0
2010-02-10,489236.9591412784,0.0,0.0,0.0,0.0,0.0
2010-02-11,489236.9591412784,0.0,0.0,0.0,0.0,0.0
2010-02-12,489236.9591412784,0.0,0.0,0.0,0.0,0.0
2010-02-16,489236.9591412784,0.0,0.0,0.0,0.0,0.0
2010-02-17,489236.9591412784,0.0,0.0,0.0,0.0,0.0
2010-02-18,489236.9591412784,0.0,0.0,0.0,0.0,0.0
2010-02-19,489236.9591412784,0.0,0.0,0.0,0.0,0.0
2010-02-22,489236.9591412784,0.0,0.0,0.0,0.0,0.0
2010-02-23,489236.9591412784,0.0,0.0,0.0,0.0,0.0
2010-02-24,489236.9591412784,0.0,0.0,0.0,0.0,0.0
2010-02-25,489236.9591412784,0.0,0.0,0.0,0.0,0.0
2010-02-26,489236.9591412784,0.0,0.0,0.0,0.0,0.0
2010-03-01,489236.9591412784,0.0,0.0,0.0,0.0,0.0
2010-03-02,489236.9591412784,0.0,0.0,0.0,0.0,0.0
2010-03-03,489236.9591412784,0.0,0.0,0.0,0.0,0.0
2010-03-04,489236.9591412784,0.0,0.0,0.0,0.0,0.0
2010-03-05,489236.9591412784,0.0,0.0,0.0,0.0,0.0
2010-03-08,489236.9591412784,0.0,0.0,0.0,0.0,0.0
2010-03-09,489236.9591412784,0.0,0.0,0.0,0.0,0.0
2010-03-10,489236.9591412784,0.0,0.0,0.0,0.0,0.0
2010-03-11,489236.9591412784,0.0,0.0,0.0,0.0,0.0
2010-03-12,489236.9591412784,0.0,0.0,0.0,0.0,0.0
2010-03-15,489236.9591412784,0.0,0.0,0.0,0.0,0.0
2010-03-16,489236.9591412784,0.0,0.0,0.0,0.0,0.0
2010-03-17,489236.9591412784,0.0,0.0,0.0,0.0,0.0
2010-03-18,489236.9591412784,0.0,0.0,0.0,0.0,0.0
2010-03-19,489236.9591412784,0.0,0.0,0.0,0.0,0.0
2010-03-22,489236.9591412784,0.0,0.0,0.0,0.0,0.0
2010-03-23,489236.9591412784,0.0,0.0,0.0,0.0,0.0
2010-03-24,489236.9591412784,0.0,0.0,0.0,0.0,0.0
2010-03-25,489236.9591412784,0.0,0.0,0.0,0.0,0.0
2010-03-26,489236.9591412784,0.0,0.0,0.0,0.0,0.0
2010-03-29,489236.9591412784,0.0,0.0,0.0,0.0,0.0
2010-03-30,489236.9591412784,0.0,0.0,0.0,0.0,0.0
2010-03-31,489236.9591412784,0.0,0.0,0.0,0.0,0.0
2010-04-01,489236.9591412784,0.0,0.0,0.0,0.0,0.0
2010-04-05,489236.9591412784,0.0,0.0,0.0,0.0,0.0
2010-04-06,489236.9591412784,0.0,0.0,0.0,0.0,0.0
2010-04-07,489236.9591412784,0.0,0.0,0.0,0.0,0.0
2010-04-08,489236.9591412784,0.0,0.0,0.0,0.0,0.0
2010-04-09,489236.9591412784,0.0,0.0,0.0,0.0,0.0
2010-04-12,489236.9591412784,0.0,0.0,0.0,0.0,0.0
2010-04-13,489236.9591412784,0.0,0.0,0.0,0.0,0.0
2010-04-14,489236.9591412784,0.0,0.0,0.0,0.0,0.0
2010-04-15,489236.9591412784,0.0,0.0,0.0,0.0,0.0
2010-04-16,489236.9591412784,0.0,0.0,0.0,0.0,0.0
2010-04-19,489236.9591412784,0.0,0.0,0.0,0.0,0.0
2010-04-20,489236.9591412784,0.0,0.0,0.0,0.0,0.0
2010-04-21,489236.9591412784,0.0,0.0,0.0,0.0,0.0
2010-04-22,489236.9591412784,0.0,0.0,0.0,0.0,0.0
2010-04-23,489236.9591412784,0.0,0.0,0.0,0.0,0.0
2010-04-26,489236.9591412784,0.0,0.0,0.0,0.0,0.0
2010-04-27,489236.9591412784,0.0,0.0,0.0,0.0,0.0
2010-04-28,489236.9591412784,0.0,0.0,0.0,0.0,0.0
2010-04-29,489236.9591412784,0.0,0.0,0.0,0.0,0.0
2010-04-30,489236.9591412784,0.0,0.0,0.0,0.0,0.0
2010-05-03,489236.9591412784,0.0,0.0,0.0,0.0,0.0
2010-05-04,489236.9591412784,0.0,0.0,0.0,0.0,0.0
2010-05-05,489236.9591412784,0.0,0.0,0.0,0.0,0.0
2010-05-06,489236.9591412784,0.0,0.0,0.0,0.0,0.0
2010-05-07,489236.9591412784,0.0,0.0,0.0,0.0,0.0
2010-05-10,489236.9591412784,0.0,0.0,0.0,0.0,0.0
2010-05-11,489236.9591412784,0.0,0.0,0.0,0.0,0.0
2010-05-12,489236.9591412784,0.0,0.0,0.0,0.0,0.0
2010-05-13,489236.9591412784,0.0,0.0,0.0,0.0,0.0
2010-05-14,489236.9591412784,0.0,0.0,0.0,0.0,0.0
2010-05-17,489236.9591412784,0.0,0.0,0.0,0.0,0.0
2010-05-18,489236.9591412784,0.0,0.0,0.0,0.0,0.0
2010-05-19,489236.9591412784,0.0,0.0,0.0,0.0,0.0
2010-05-20,489236.9591412784,0.0,0.0,0.0,0.0,0.0
2010-05-21,489236.9591412784,0.0,0.0,0.0,0.0,0.0
2010-05-24,489236.9591412784,0.0,0.0,0.0,0.0,0.0
2010-05-25,489236.9591412784,0.0,0.0,0.0,0.0,0.0
2010-05-26,489236.9591412784,0.0,0.0,0.0,0.0,0.0
2010-05-27,489236.9591412784,0.0,0.0,0.0,0.0,0.0
2010-05-28,489236.9591412784,0.0,0.0,0.0,0.0,0.0
2010-06-01,489236.9591412784,0.0,0.0,0.0,0.0,0.0
2010-06-02,489236.9591412784,0.0,0.0,0.0,0.0,0.0
2010-06-03,489236.9591412784,0.0,0.0,0.0,0.0,0.0
2010-06-04,489236.9591412784,0.0,0.0,0.0,0.0,0.0
2010-06-07,488992.34066170774,0.0,244.6184795706392,-0.0005,-2.2999779294452773,-0.5
2010-06-08,486068.7445012773,-2923.5961604304357,0.0,-0.005943284088979453,-2.2303461540091694,-0.5
2010-06-09,485248.2368299382,-820.5076713390906,0.0,-0.0016852039096730705,-2.1174627239326007,-0.5
2010-06-10,489574.97918390634,4326.742353968157,0.0,0.008996774741130538,-2.1128133690874367,-0.5
2010-06-11,489574.97918390634,0.0,0.0,0.0,-1.9952202579054847,-0.5
2010-06-14,486723.7374414855,-2851.241742420832,0.0,-0.005790190735694823,-1.9746590710081808,-0.5
2010-06-15,488371.97224487696,1648.2348033914172,0.0,0.003397893306150187,-1.8628362638572908,-0.5
2010-06-16,490203.5752775035,1831.6030326265416,0.0,0.0037645448323066393,-1.7705310587963679,-0.5
2010-06-17,489950.9798247669,-252.59545273660433,0.0,-0.0005150214592274677,-1.592753564101546,-0.5
2010-06-18,488437.7475603802,-1513.23226438672,0.0,-0.003079028395484092,-1.5939719099911658,-0.5
2010-06-21,486188.8015876431,-2248.9459727370845,0.0,-0.00458326260397216,-1.9125700083269797,-0.5
2010-06-22,480191.5419533244,-5997.25963431868,0.0,-0.012184944082790852,-1.7234308428853142,-0.5
2010-06-23,479558.04387686885,-633.498076455573,0.0,-0.0013175230566534913,-1.431579466965349,-0.5
2010-06-24,475847.77901108464,-3470.4858438457613,239.77902193843443,-0.00768125408229915,-1.262716042064458,-0.5
2010-06-25,475609.8551215791,0.0,237.92388950554232,-0.0005,-1.0321482381780624,-0.5
2010-06-28,474763.8479407354,-846.0071808436886,0.0,-0.001775625504439064,-0.5063198652524002,-0.5
2010-06-29,486621.4690220783,11857.621081342893,0.0,0.025615600727152542,-0.1803231925675366,-0.5
2010-06-30,490591.6927578039,4456.845204747664,486.6214690220783,0.00823416638137624,0.02325840026169386,0.5
2010-07-01,496703.4074430137,6357.010531588682,245.29584637890196,0.01262138981270786,0.0,0.0
2010-07-02,496455.0557392922,0.0,248.35170372150685,-0.0005,0.6400457812515729,0.5
2010-07-06,497899.7212558221,1444.6655165299499,0.0,0.0029184549356223175,1.1955698103148835,0.5
2010-07-07,498153.92465333187,254.20339750977982,0.0,0.000510812191384301,0.9838715802919844,0.5
2010-07-08,497984.54215599986,-169.38249733197276,0.0,-0.0003399048266485384,0.9209986310007029,0.5
2010-07-09,500017.823716351,2033.2815603511392,0.0,0.004099760847283908,0.5021176950060838,0.5
2010-07-12,499433.4289395944,-84.37695304022122,500.017823716351,-0.0011685507001855913,-0.46054669589100017,-0.5
2010-07-13,494037.7943257973,-5395.634613797104,0.0,-0.01068804275217101,-0.6308780742151348,-0.5
2010-07-14,484974.5028266539,-8816.272601980521,247.01889716289864,-0.018023701298701303,-0.7545517218850379,-0.5
2010-07-15,484974.5028266539,0.0,0.0,0.0,0.0,0.0
2010-07-16,484974.5028266539,0.0,0.0,0.0,0.0,0.0
2010-07-19,484974.5028266539,0.0,0.0,0.0,0.0,0.0
2010-07-20,484974.5028266539,0.0,0.0,0.0,0.0,0.0
2010-07-21,484974.5028266539,0.0,0.0,0.0,0.0,0.0
2010-07-22,484974.5028266539,0.0,0.0,0.0,0.0,0.0
2010-07-23,484974.5028266539,0.0,0.0,0.0,0.0,0.0
2010-07-26,484974.5028266539,0.0,0.0,0.0,0.0,0.0
2010-07-27,484974.5028266539,0.0,0.0,0.0,0.0,0.0
2010-07-28,484974.5028266539,0.0,0.0,0.0,0.0,0.0
2010-07-29,484974.5028266539,0.0,0.0,0.0,0.0,0.0
2010-07-30,484974.5028266539,0.0,0.0,0.0,0.0,0.0
2010-08-02,484974.5028266539,0.0,0.0,0.0,0.0,0.0
2010-08-03,484974.5028266539,0.0,0.0,0.0,0.0,0.0
2010-08-04,484974.5028266539,0.0,0.0,0.0,0.0,0.0
2010-08-05,484974.5028266539,0.0,0.0,0.0,0.0,0.0
2010-08-06,484974.5028266539,0.0,0.0,0.0,0.0,0.0
2010-08-09,484974.5028266539,0.0,0.0,0.0,0.0,0.0
2010-08-10,484974.5028266539,0.0,0.0,0.0,0.0,0.0
2010-08-11,484974.5028266539,0.0,0.0,0.0,0.0,0.0
2010-08-12,484974.5028266539,0.0,0.0,0.0,0.0,0.0
2010-08-13,484974.5028266539,0.0,0.0,0.0,0.0,0.0
2010-08-16,484732.01557524054,0.0,242.48725141332696,-0.0005,-0.8303946793674064,-0.5
2010-08-17,484732.01557524054,0.0,0.0,0.0,-0.9696012892663414,-0.5
2010-08-18,484646.61529060785,-85.40028463270623,0.0,-0.00017614937466971993,-1.0586330230907628,-0.5
2010-08-19,483793.0636610013,-853.5516296065654,0.0,-0.0017580872011251757,-1.1504487970959494,-0.5
2010-08-20,488802.5039481194,5009.440287118125,0.0,0.01046284802269906,-1.320036579802617,-0.5
2010-08-23,488101.7118277637,-700.7921203557268,0.0,-0.0014316392269148176,-1.3547796070621307,-0.5
2010-08-24,489933.4015969529,1831.689769189249,0.0,0.0037668161434977576,-1.2018286429790221,-0.5
2010-08-25,495049.73888406553,5116.33728711258,0.0,0.010553129548762738,-1.0580584135924611,-0.5
2010-08-26,495869.05621579714,819.3173317316274,0.0,0.0016577638607478357,-0.7697210645578527,-0.5
2010-08-27,499071.1626673752,3202.106451578026,0.0,0.006499535747446611,-0.5749507492346821,-0.5
2010-08-30,498851.94449311943,279.8529884116123,499.0711626673752,-0.00043949878436506446,0.03412262876242422,0.5
2010-08-31,501278.9936242611,2427.049131141674,0.0,0.004889056036103799,0.12394589807991346,0.5
2010-09-01,502115.0779353468,836.0843110856838,0.0,0.001670688695006497,0.27510817251953995,0.5
2010-09-02,500380.1191686426,-1483.9012277365255,251.05753896767342,-0.0034451197053407,0.5571613646074968,0.5
2010-09-03,500129.9291090583,0.0,250.19005958432132,-0.0005,0.5259878066477756,0.5
2010-09-07,494811.34900485486,-5318.580104203406,0.0,-0.010522496371552973,0.49965100766072396,0.5
2010-09-08,496201.7892886827,1390.440283827805,0.0,0.002817959797106895,0.24410404574752553,0.5
2010-09-09,491823.2337083872,-3882.353791006832,496.2017892886827,-0.008755637707948245,-0.20614666903110831,-0.5
2010-09-10,496197.89154038834,4374.657832001173,0.0,0.008974603780790529,-0.3398652252550897,-0.5
2010-09-13,499352.9070357318,3155.01549534351,0.0,0.006399069226294357,-0.6888680440363262,-0.5
2010-09-14,491654.0624502863,-7698.844585445514,0.0,-0.015183547953103978,-0.7263410768273627,-0.5
2010-09-15,490350.92786598037,-1303.1345843059464,0.0,-0.002643504531722055,-0.7391413002405731,-0.5
2010-09-16,482593.9640353321,-7756.963830648277,0.0,-0.01557285873192436,-0.789577600700895,-0.5
2010-09-17,481977.2868268167,-616.6772085153933,0.0,-0.001276207839562443,-0.8278895724097739,-0.5
2010-09-20,484610.0833681139,2632.7965412972508,0.0,0.005492493592090809,-0.7466874074609804,-0.5
2010-09-21,478989.60559709196,-5620.47777102194,0.0,-0.011464968152866241,-0.6342216225870104,-0.5
2010-09-22,480454.6691622504,1465.0635651584319,0.0,0.003068038260241834,-0.5708348474286166,-0.5
2010-09-23,478889.1036218955,-1565.5655403549072,0.0,-0.003247924936845904,-0.6237551238798257,-0.5
2010-09-24,477683.26774946623,-1205.8358724292332,0.0,-0.0025116612845353424,-0.5703428974935673,-0.5
2010-09-27,473836.4984136169,-3846.7693358493166,0.0,-0.007988638380969288,-0.35047439732839475,-0.5
2010-09-28,475672.42707953794,1835.9286659210236,0.0,0.00388967468175389,-0.35404093950287446,-0.5
2010-09-29,471382.00362783385,-4052.587238164328,237.83621353976898,-0.00894350580781415,-0.19032681000267423,-0.5
2010-09-30,471146.31262601994,0.0,235.69100181391693,-0.0005,-0.02123643810857739,-0.5
2010-10-01,471146.31262601994,0.0,0.0,0.0,0.0,0.0
2010-10-04,471146.31262601994,0.0,0.0,0.0,0.0,0.0
2010-10-05,471146.31262601994,0.0,0.0,0.0,0.0,0.0
2010-10-06,471146.31262601994,0.0,0.0,0.0,0.0,0.0
2010-10-07,471146.31262601994,0.0,0.0,0.0,0.0,0.0
2010-10-08,471146.31262601994,0.0,0.0,0.0,0.0,0.0
2010-10-11,471146.31262601994,0.0,0.0,0.0,0.0,0.0
2010-10-12,471146.31262601994,0.0,0.0,0.0,0.0,0.0
2010-10-13,471146.31262601994,0.0,0.0,0.0,0.0,0.0
2010-10-14,471146.31262601994,0.0,0.0,0.0,0.0,0.0
2010-10-15,471146.31262601994,0.0,0.0,0.0,0.0,0.0
2010-10-18,471146.31262601994,0.0,0.0,0.0,0.0,0.0
2010-10-19,471146.31262601994,0.0,0.0,0.0,0.0,0.0
2010-10-20,471146.31262601994,0.0,0.0,0.0,0.0,0.0
2010-10-21,471146.31262601994,0.0,0.0,0.0,0.0,0.0
2010-10-22,471146.31262601994,0.0,0.0,0.0,0.0,0.0
2010-10-25,471146.31262601994,0.0,0.0,0.0,0.0,0.0
2010-10-26,471146.31262601994,0.0,0.0,0.0,0.0,0.0
2010-10-27,471146.31262601994,0.0,0.0,0.0,0.0,0.0
2010-10-28,471146.31262601994,0.0,0.0,0.0,0.0,0.0
2010-10-29,471146.31262601994,0.0,0.0,0.0,0.0,0.0
2010-11-01,471146.31262601994,0.0,0.0,0.0,0.0,0.0
2010-11-02,471146.31262601994,0.0,0.0,0.0,0.0,0.0
2010-11-03,471146.31262601994,0.0,0.0,0.0,0.0,0.0
2010-11-04,471146.31262601994,0.0,0.0,0.0,0.0,0.0
2010-11-05,471146.31262601994,0.0,0.0,0.0,0.0,0.0
2010-11-08,471146.31262601994,0.0,0.0,0.0,0.0,0.0
2010-11-09,471146.31262601994,0.0,0.0,0.0,0.0,0.0
2010-11-10,471146.31262601994,0.0,0.0,0.0,0.0,0.0
2010-11-11,471146.31262601994,0.0,0.0,0.0,0.0,0.0
2010-11-12,471146.31262601994,0.0,0.0,0.0,0.0,0.0
2010-11-15,471146.31262601994,0.0,0.0,0.0,0.0,0.0
2010-11-16,471146.31262601994,0.0,0.0,0.0,0.0,0.0
2010-11-17,471146.31262601994,0.0,0.0,0.0,0.0,0.0
2010-11-18,471146.31262601994,0.0,0.0,0.0,0.0,0.0
2010-11-19,471146.31262601994,0.0,0.0,0.0,0.0,0.0
2010-11-22,471146.31262601994,0.0,0.0,0.0,0.0,0.0
2010-11-23,471146.31262601994,0.0,0.0,0.0,0.0,0.0
2010-11-24,471146.31262601994,0.0,0.0,0.0,0.0,0.0
2010-11-26,471146.31262601994,0.0,0.0,0.0,0.0,0.0
2010-11-29,471146.31262601994,0.0,0.0,0.0,0.0,0.0
2010-11-30,471146.31262601994,0.0,0.0,0.0,0.0,0.0
2010-12-01,471146.31262601994,0.0,0.0,0.0,0.0,0.0
2010-12-02,471146.31262601994,0.0,0.0,0.0,0.0,0.0
2010-12-03,471146.31262601994,0.0,0.0,0.0,0.0,0.0
2010-12-06,471146.31262601994,0.0,0.0,0.0,0.0,0.0
2010-12-07,471146.31262601994,0.0,0.0,0.0,0.0,0.0
2010-12-08,471146.31262601994,0.0,0.0,0.0,0.0,0.0
2010-12-09,471146.31262601994,0.0,0.0,0.0,0.0,0.0
2010-12-10,471146.31262601994,0.0,0.0,0.0,0.0,0.0
2010-12-13,471146.31262601994,0.0,0.0,0.0,0.0,0.0
2010-12-14,471146.31262601994,0.0,0.0,0.0,0.0,0.0
2010-12-15,471146.31262601994,0.0,0.0,0.0,0.0,0.0
2010-12-16,471146.31262601994,0.0,0.0,0.0,0.0,0.0
2010-12-17,471146.31262601994,0.0,0.0,0.0,0.0,0.0
2010-12-20,471146.31262601994,0.0,0.0,0.0,0.0,0.0
2010-12-21,471146.31262601994,0.0,0.0,0.0,0.0,0.0
2010-12-22,471146.31262601994,0.0,0.0,0.0,0.0,0.0
2010-12-23,471146.31262601994,0.0,0.0,0.0,0.0,0.0
2010-12-27,471146.31262601994,0.0,0.0,0.0,0.0,0.0
2010-12-28,471146.31262601994,0.0,0.0,0.0,0.0,0.0
2010-12-29,471146.31262601994,0.0,0.0,0.0,0.0,0.0
2010-12-30,471146.31262601994,0.0,0.0,0.0,0.0,0.0
2010-12-31,471146.31262601994,0.0,0.0,0.0,0.0,0.0
2011-01-04,471146.31262601994,0.0,0.0,0.0,0.0,0.0
2011-01-05,471146.31262601994,0.0,0.0,0.0,0.0,0.0
2011-01-06,471146.31262601994,0.0,0.0,0.0,0.0,0.0
2011-01-07,471146.31262601994,0.0,0.0,0.0,0.0,0.0
2011-01-10,471146.31262601994,0.0,0.0,0.0,0.0,0.0
2011-01-11,471146.31262601994,0.0,0.0,0.0,0.0,0.0
2011-01-12,471146.31262601994,0.0,0.0,0.0,0.0,0.0
2011-01-13,471146.31262601994,0.0,0.0,0.0,0.0,0.0
2011-01-14,471146.31262601994,0.0,0.0,0.0,0.0,0.0
2011-01-18,471146.31262601994,0.0,0.0,0.0,0.0,0.0
2011-01-19,471146.31262601994,0.0,0.0,0.0,0.0,0.0
2011-01-20,471146.31262601994,0.0,0.0,0.0,0.0,0.0
2011-01-21,471146.31262601994,0.0,0.0,0.0,0.0,0.0
2011-01-24,471146.31262601994,0.0,0.0,0.0,0.0,0.0
2011-01-25,471146.31262601994,0.0,0.0,0.0,0.0,0.0
2011-01-26,471146.31262601994,0.0,0.0,0.0,0.0,0.0
2011-01-27,471146.31262601994,0.0,0.0,0.0,0.0,0.0
2011-01-28,471146.31262601994,0.0,0.0,0.0,0.0,0.0
2011-01-31,471146.31262601994,0.0,0.0,0.0,0.0,0.0
2011-02-01,471146.31262601994,0.0,0.0,0.0,0.0,0.0
2011-02-02,471146.31262601994,0.0,0.0,0.0,0.0,0.0
2011-02-03,471146.31262601994,0.0,0.0,0.0,0.0,0.0
2011-02-04,471146.31262601994,0.0,0.0,0.0,0.0,0.0
2011-02-07,471146.31262601994,0.0,0.0,0.0,0.0,0.0
2011-02-08,471146.31262601994,0.0,0.0,0.0,0.0,0.0
2011-02-09,471146.31262601994,0.0,0.0,0.0,0.0,0.0
2011-02-10,471146.31262601994,0.0,0.0,0.0,0.0,0.0
2011-02-11,471146.31262601994,0.0,0.0,0.0,0.0,0.0
2011-02-14,471146.31262601994,0.0,0.0,0.0,0.0,0.0
2011-02-15,471146.31262601994,0.0,0.0,0.0,0.0,0.0
2011-02-16,471146.31262601994,0.0,0.0,0.0,0.0,0.0
2011-02-17,471146.31262601994,0.0,0.0,0.0,0.0,0.0
2011-02-18,471146.31262601994,0.0,0.0,0.0,0.0,0.0
2011-02-22,471146.31262601994,0.0,0.0,0.0,0.0,0.0
2011-02-23,471146.31262601994,0.0,0.0,0.0,0.0,0.0
2011-02-24,471146.31262601994,0.0,0.0,0.0,0.0,0.0
2011-02-25,471146.31262601994,0.0,0.0,0.0,0.0,0.0
2011-02-28,471146.31262601994,0.0,0.0,0.0,0.0,0.0
2011-03-01,471146.31262601994,0.0,0.0,0.0,0.0,0.0
2011-03-02,471146.31262601994,0.0,0.0,0.0,0.0,0.0
2011-03-03,471146.31262601994,0.0,0.0,0.0,0.0,0.0
2011-03-04,471146.31262601994,0.0,0.0,0.0,0.0,0.0
2011-03-07,471146.31262601994,0.0,0.0,0.0,0.0,0.0
2011-03-08,471146.31262601994,0.0,0.0,0.0,0.0,0.0
2011-03-09,471146.31262601994,0.0,0.0,0.0,0.0,0.0
2011-03-10,471146.31262601994,0.0,0.0,0.0,0.0,0.0
2011-03-11,471146.31262601994,0.0,0.0,0.0,0.0,0.0
2011-03-14,471146.31262601994,0.0,0.0,0.0,0.0,0.0
2011-03-15,471146.31262601994,0.0,0.0,0.0,0.0,0.0
2011-03-16,471146.31262601994,0.0,0.0,0.0,0.0,0.0
2011-03-17,471146.31262601994,0.0,0.0,0.0,0.0,0.0
2011-03-18,471146.31262601994,0.0,0.0,0.0,0.0,0.0
2011-03-21,471146.31262601994,0.0,0.0,0.0,0.0,0.0
2011-03-22,471146.31262601994,0.0,0.0,0.0,0.0,0.0
2011-03-23,471146.31262601994,0.0,0.0,0.0,0.0,0.0
2011-03-24,471146.31262601994,0.0,0.0,0.0,0.0,0.0
2011-03-25,471146.31262601994,0.0,0.0,0.0,0.0,0.0
2011-03-28,471146.31262601994,0.0,0.0,0.0,0.0,0.0
2011-03-29,471146.31262601994,0.0,0.0,0.0,0.0,0.0
2011-03-30,471146.31262601994,0.0,0.0,0.0,0.0,0.0
2011-03-31,471146.31262601994,0.0,0.0,0.0,0.0,0.0
2011-04-01,471146.31262601994,0.0,0.0,0.0,0.0,0.0
2011-04-04,471146.31262601994,0.0,0.0,0.0,0.0,0.0
2011-04-05,471146.31262601994,0.0,0.0,0.0,0.0,0.0
2011-04-06,471146.31262601994,0.0,0.0,0.0,0.0,0.0
2011-04-07,471146.31262601994,0.0,0.0,0.0,0.0,0.0
2011-04-08,471146.31262601994,0.0,0.0,0.0,0.0,0.0
2011-04-11,471146.31262601994,0.0,0.0,0.0,0.0,0.0
2011-04-12,471146.31262601994,0.0,0.0,0.0,0.0,0.0
2011-04-13,471146.31262601994,0.0,0.0,0.0,0.0,0.0
2011-04-14,471146.31262601994,0.0,0.0,0.0,0.0,0.0
2011-04-15,471146.31262601994,0.0,0.0,0.0,0.0,0.0
2011-04-18,471146.31262601994,0.0,0.0,0.0,0.0,0.0
2011-04-19,471146.31262601994,0.0,0.0,0.0,0.0,0.0
2011-04-20,471146.31262601994,0.0,0.0,0.0,0.0,0.0
2011-04-21,471146.31262601994,0.0,0.0,0.0,0.0,0.0
2011-04-25,471146.31262601994,0.0,0.0,0.0,0.0,0.0
2011-04-26,471146.31262601994,0.0,0.0,0.0,0.0,0.0
2011-04-27,471146.31262601994,0.0,0.0,0.0,0.0,0.0
2011-04-28,471146.31262601994,0.0,0.0,0.0,0.0,0.0
2011-04-29,471146.31262601994,0.0,0.0,0.0,0.0,0.0
2011-05-02,471146.31262601994,0.0,0.0,0.0,0.0,0.0
2011-05-03,471146.31262601994,0.0,0.0,0.0,0.0,0.0
2011-05-04,471146.31262601994,0.0,0.0,0.0,0.0,0.0
2011-05-05,471146.31262601994,0.0,0.0,0.0,0.0,0.0
2011-05-06,471146.31262601994,0.0,0.0,0.0,0.0,0.0
2011-05-09,471146.31262601994,0.0,0.0,0.0,0.0,0.0
2011-05-10,471146.31262601994,0.0,0.0,0.0,0.0,0.0
2011-05-11,471146.31262601994,0.0,0.0,0.0,0.0,0.0
2011-05-12,471146.31262601994,0.0,0.0,0.0,0.0,0.0
2011-05-13,471146.31262601994,0.0,0.0,0.0,0.0,0.0
2011-05-16,471146.31262601994,0.0,0.0,0.0,0.0,0.0
2011-05-17,471146.31262601994,0.0,0.0,0.0,0.0,0.0
2011-05-18,471146.31262601994,0.0,0.0,0.0,0.0,0.0
2011-05-19,471146.31262601994,0.0,0.0,0.0,0.0,0.0
2011-05-20,471146.31262601994,0.0,0.0,0.0,0.0,0.0
2011-05-23,471146.31262601994,0.0,0.0,0.0,0.0,0.0
2011-05-24,471146.31262601994,0.0,0.0,0.0,0.0,0.0
2011-05-25,471146.31262601994,0.0,0.0,0.0,0.0,0.0
2011-05-26,471146.31262601994,0.0,0.0,0.0,0.0,0.0
2011-05-27,471146.31262601994,0.0,0.0,0.0,0.0,0.0
2011-05-31,471146.31262601994,0.0,0.0,0.0,0.0,0.0
2011-06-01,470910.73946970695,0.0,235.57315631300997,-0.0005,0.12162120962026643,0.5
2011-06-02,467003.7590711266,-3906.9803985803655,0.0,-0.008228379513014273,0.15120681884030188,0.5
2011-06-03,464913.1775050368,-2090.5815660897542,0.0,-0.004456633527596846,0.0537379657271792,0.5
2011-06-06,463701.6247492037,-1211.5527558331396,0.0,-0.00259920291110726,0.19056759716528096,0.5
2011-06-07,465737.26354440465,2267.4896075755682,231.85081237460184,0.004411547911547912,-0.004710284278933733,0.0
2011-06-08,465504.3949126324,0.0,232.86863177220232,-0.0005,-0.08770139514835953,-0.5
2011-06-09,461289.8863833585,-4214.508529273918,0.0,-0.008972405620450312,-0.17190957750490493,-0.5
2011-06-10,459974.1266403187,-1315.759743039781,0.0,-0.0028442362389158437,-0.19387600447196146,-0.5
2011-06-13,459667.1702661844,-306.95637413434685,0.0,-0.0006668889629876626,-0.360526871057454,-0.5
2011-06-14,458671.55660182907,-995.613664355281,0.0,-0.0021612635078969242,-0.32765994431786394,-0.5
2011-06-15,460725.9912448698,2054.4346430407077,0.0,0.00449925012497917,-0.35169836853677133,-0.5
2011-06-16,466355.8870200414,5629.895775171659,0.0,0.012370784612777493,-0.4220803820149747,-0.5
2011-06-17,466115.8273664621,-240.0596535792938,0.0,-0.0005144915108900703,-0.4065161954713568,-0.5
2011-06-20,462121.0053972603,-3994.8219692017665,0.0,-0.00849762066621346,-0.3164459752075798,-0.5
2011-06-21,457448.3966470352,-4672.608750225078,0.0,-0.010010010010010008,-0.28204721140056643,-0.5
2011-06-22,456466.09913193586,-982.2975150993487,0.0,-0.0021427394099225315,-0.34165563541704935,-0.5
2011-06-23,460520.23882817343,4054.139696237588,0.0,0.008961168270826417,-0.17887081683510134,-0.5
2011-06-24,462218.88916657044,2159.1705772251935,460.52023882817343,0.003705921938088829,0.04562262189758612,0.5
2011-06-27,465109.7104815067,2890.8213149362923,0.0,0.006293587344786527,0.9540674932828548,0.5
2011-06-28,466895.60753343906,1785.8970519323298,0.0,0.0038545332662979727,1.2045031113987412,0.5
2011-06-29,474321.3826035534,7425.775070114339,0.0,0.01616161616161616,1.4227181193200367,0.5
2011-06-30,478586.3147528468,4264.93214929335,0.0,0.009073233959818534,1.427468806604163,0.5
2011-07-01,476095.25033851806,-2491.0644143286977,0.0,-0.005178095088655264,1.2274029356169027,0.5
2011-07-05,482524.58508193237,6905.429993752812,476.0952503385181,0.013703056768558953,-0.622598109051619,-0.5
2011-07-06,484226.57545545866,1943.2526660672615,241.2622925409662,0.0035415241057542768,-0.747322132807421,-0.5
2011-07-07,483984.4621677309,0.0,242.11328772772933,-0.0005,-0.489687100481032,-0.5
2011-07-08,491182.1021029116,7197.6399351807195,0.0,0.01509613856666137,-0.03470247038625739,-0.5
2011-07-11,493940.10783337074,3249.187832562016,491.18210210291164,0.005652428130583075,0.5823502559483865,0.5
2011-07-12,495393.82299703994,1453.715163669175,0.0,0.0029517874713020664,0.3279435806329235,0.5
2011-07-13,503768.49100609263,8374.668009052692,0.0,0.0171957671957672,0.557155857730603,0.5
2011-07-14,502659.56665482133,-1108.924351271273,0.0,-0.0021964229683087543,0.8356831868145062,0.5
2011-07-15,502818.3346796649,158.76802484359484,0.0,0.000315955766192733,0.5016088685151323,0.5
2011-07-18,501601.28575595166,-714.2305890336149,502.81833467966493,-0.0024170212765957447,-0.06534510761276022,-0.5
2011-07-19,501204.3236747899,-396.96208116172176,0.0,-0.0007907638779060572,-0.4273122054033328,-0.5
2011-07-20,499699.4434361962,-1504.880238593712,0.0,-0.0029935402552386955,-0.7179909927580602,-0.5
2011-07-21,500562.8889086747,863.4454724785043,0.0,0.0017309205350118017,-0.8389380493025059,-0.5
2011-07-22,509005.5479744421,8442.65906576737,0.0,0.017155683822350488,-0.48611642337346145,-0.5
2011-07-25,514225.96865978517,5729.4262333175375,509.0055479744421,0.0103728757630754,1.2295681549783806,0.5
2011-07-26,515599.41198462347,1630.5563091682106,257.1129843298926,0.002679390590992801,1.7723215320940866,0.5
2011-07-27,515341.61227863113,0.0,257.7997059923117,-0.0005,2.050782688594282,0.5
2011-07-28,510079.560242848,-5262.052035783124,0.0,-0.010107597000326051,2.2028321097251506,0.5
2011-07-29,510079.560242848,0.0,0.0,0.0,2.2396785467018017,0.5
2011-08-01,508450.18706789607,-1629.3731749519354,0.0,-0.00318417965476789,1.4571213587818557,0.5
2011-08-02,506557.47909573134,-1892.707972164757,0.0,-0.00370869858395145,1.3196244362736052,0.5
2011-08-03,505089.4468515057,-1468.0322442256108,0.0,-0.002889682134965154,0.941355025031667,0.5
2011-08-04,504136.7747123825,-952.6721391232104,0.0,-0.001882594557590279,0.7496594187631432,0.5
2011-08-05,506826.6611179047,2689.886405522179,0.0,0.0053642498702197615,0.3842165186834877,0.5
2011-08-08,504496.225176116,-2330.435941788731,0.0,-0.004577046957111375,0.03905677454076534,0.5
2011-08-09,503731.58995548985,-260.1389954500426,504.496225176116,-0.0015148599896924926,-0.08712469985622581,-0.5
2011-08-10,508845.17629536835,5113.5863398785095,0.0,0.010255518859725359,-0.13384410560263674,-0.5
2011-08-11,507532.04474979686,-804.2863692761355,508.84517629536833,-0.002576538663861126,0.16896949560404384,0.5
2011-08-12,509321.91266111337,2043.6339336914086,253.76602237489843,0.0035408683424151864,0.22907476070095595,0.5
2011-08-15,509067.25170478283,0.0,254.6609563305567,-0.0005,0.21646018517297053,0.5
2011-08-16,514242.1255591216,5174.873854338764,0.0,0.010269799825935597,0.2668398304190191,0.5
2011-08-17,519104.9352570802,4862.809697958596,0.0,0.009546539379474939,0.35268599477971,0.5
2011-08-18,516351.97570649575,-2752.959550584449,0.0,-0.005275304978569074,0.1244451685067949,0.5
2011-08-19,517476.36024321005,1124.3845367143124,0.0,0.0021823065301326172,0.8305393875599552,0.5
2011-08-22,521360.02205290727,3883.661809697207,0.0,0.007561754327003865,2.241759167996669,0.5
2011-08-23,529412.5757947695,8052.55374186219,0.0,0.01568758344459279,2.4932573750964258,0.5
2011-08-24,524602.8026324644,-4809.773162305047,0.0,-0.009003317011530567,2.1755102906949206,0.5
2011-08-25,518471.0815627343,-6131.721069730104,0.0,-0.011553273427471117,1.5541066016516298,0.5
2011-08-26,522866.3650001844,4395.283437450042,0.0,0.008549874266554904,0.5622937270893573,0.5
2011-08-29,527556.7788354149,5213.280200230671,522.8663650001844,0.009060921248142643,-1.6848753907001384,-0.5
2011-08-30,530082.964180223,2789.963734225752,263.77838941770744,0.004813919768003867,-2.0419056002089926,-0.5
2011-08-31,529817.9226981328,0.0,265.04148209011146,-0.0005,-1.65800690142117,-0.5
2011-09-01,533067.2902033828,3249.3675052500075,0.0,0.006170834686586554,-1.1013172927596058,-0.5
2011-09-02,530280.010254607,-2787.279948775858,0.0,-0.005201560468140441,-0.9597301535131457,-0.5
2011-09-06,539611.0176278064,9861.287383454044,530.280010254607,0.01792980721700445,1.1520641192575871,0.5
2011-09-07,536801.4876401575,-2809.5299876489753,0.0,-0.005179615705931496,1.292837396309803,0.5
2011-09-08,533162.1339019915,-3370.952994345863,268.40074382007873,-0.006737392477652216,1.700152785742106,0.5
2011-09-09,532895.5528350405,0.0,266.58106695099576,-0.0005,1.5807353701859652,0.5
2011-09-12,531316.1901435838,-1579.3626914567099,0.0,-0.0029549800104293413,0.3327774201722011,0.5
2011-09-13,530505.3319382822,-279.54201515797115,531.3161901435839,-0.0015253286590709905,-0.30807730767179914,-0.5
2011-09-14,535627.8377768717,5122.505838589453,0.0,0.009750044318383267,-0.7935555240385528,-0.5
2011-09-15,536490.8257002502,862.9879233784185,0.0,0.0016137708445400755,-0.794160926260846,-0.5
2011-09-16,535720.0055483821,-770.8201518681756,0.0,-0.0014347202295552368,-0.9476002499967954,-0.5
2011-09-19,543011.3236754732,7291.31812709116,0.0,0.013798111837327523,-1.8498943854922147,-0.5
2011-09-20,541611.8099546601,-1399.5137208130752,0.0,-0.002570694087403599,-2.0185722575340432,-0.5
2011-09-21,541909.3988612286,297.58890656849456,0.0,0.0005497526113249037,-1.976877615754835,-0.5
2011-09-22,546579.3185067141,4669.919645485469,0.0,0.008692435731459221,-2.152262827401347,-0.5
2011-09-23,551270.1111655403,4690.792658826277,0.0,0.008656379375235225,-2.2289707112037576,-0.5
2011-09-26,546665.7290677264,-4604.382097813928,0.0,-0.008283132530120483,-2.2889273841838245,-0.5
2011-09-27,542276.8891965703,-4388.83987115613,0.0,-0.007964437858862751,-2.1622317782779286,-0.5
2011-09-28,547956.7463601506,5679.857163580394,0.0,0.010584958217270193,-2.0870198613752393,-0.5
2011-09-29,544871.4043198344,-3085.342040316163,0.0,-0.005599104143337065,-1.9594568151933647,-0.5
2011-09-30,553568.3124066024,8696.908086767959,0.0,0.016220294228592985,-1.8146030177093626,-0.5
2011-10-03,553568.3124066024,0.0,0.0,0.0,0.0,0.0
2011-10-04,553568.3124066024,0.0,0.0,0.0,0.0,0.0
2011-10-05,553568.3124066024,0.0,0.0,0.0,0.0,0.0
2011-10-06,553568.3124066024,0.0,0.0,0.0,0.0,0.0
2011-10-07,553568.3124066024,0.0,0.0,0.0,0.0,0.0
2011-10-10,553568.3124066024,0.0,0.0,0.0,0.0,0.0
2011-10-11,553568.3124066024,0.0,0.0,0.0,0.0,0.0
2011-10-12,553568.3124066024,0.0,0.0,0.0,0.0,0.0
2011-10-13,553568.3124066024,0.0,0.0,0.0,0.0,0.0
2011-10-14,553568.3124066024,0.0,0.0,0.0,0.0,0.0
2011-10-17,553568.3124066024,0.0,0.0,0.0,0.0,0.0
2011-10-18,553568.3124066024,0.0,0.0,0.0,0.0,0.0
2011-10-19,553568.3124066024,0.0,0.0,0.0,0.0,0.0
2011-10-20,553568.3124066024,0.0,0.0,0.0,0.0,0.0
2011-10-21,553568.3124066024,0.0,0.0,0.0,0.0,0.0
2011-10-24,553568.3124066024,0.0,0.0,0.0,0.0,0.0
2011-10-25,553568.3124066024,0.0,0.0,0.0,0.0,0.0
2011-10-26,553568.3124066024,0.0,0.0,0.0,0.0,0.0
2011-10-27,553568.3124066024,0.0,0.0,0.0,0.0,0.0
2011-10-28,553568.3124066024,0.0,0.0,0.0,0.0,0.0
2011-10-31,553568.3124066024,0.0,0.0,0.0,0.0,0.0
2011-11-01,553568.3124066024,0.0,0.0,0.0,0.0,0.0
2011-11-02,553568.3124066024,0.0,0.0,0.0,0.0,0.0
2011-11-03,553568.3124066024,0.0,0.0,0.0,0.0,0.0
2011-11-04,553568.3124066024,0.0,0.0,0.0,0.0,0.0
2011-11-07,553568.3124066024,0.0,0.0,0.0,0.0,0.0
2011-11-08,553568.3124066024,0.0,0.0,0.0,0.0,0.0
2011-11-09,553568.3124066024,0.0,0.0,0.0,0.0,0.0
2011-11-10,553568.3124066024,0.0,0.0,0.0,0.0,0.0
2011-11-11,553568.3124066024,0.0,0.0,0.0,0.0,0.0
2011-11-14,553568.3124066024,0.0,0.0,0.0,0.0,0.0
2011-11-15,553568.3124066024,0.0,0.0,0.0,0.0,0.0
2011-11-16,553568.3124066024,0.0,0.0,0.0,0.0,0.0
2011-11-17,553568.3124066024,0.0,0.0,0.0,0.0,0.0
2011-11-18,553568.3124066024,0.0,0.0,0.0,0.0,0.0
2011-11-21,553568.3124066024,0.0,0.0,0.0,0.0,0.0
2011-11-22,553568.3124066024,0.0,0.0,0.0,0.0,0.0
2011-11-23,553568.3124066024,0.0,0.0,0.0,0.0,0.0
2011-11-25,553568.3124066024,0.0,0.0,0.0,0.0,0.0
2011-11-28,553568.3124066024,0.0,0.0,0.0,0.0,0.0
2011-11-29,553568.3124066024,0.0,0.0,0.0,0.0,0.0
2011-11-30,553568.3124066024,0.0,0.0,0.0,0.0,0.0
2011-12-01,553568.3124066024,0.0,0.0,0.0,0.0,0.0
2011-12-02,553568.3124066024,0.0,0.0,0.0,0.0,0.0
2011-12-05,553568.3124066024,0.0,0.0,0.0,0.0,0.0
2011-12-06,553568.3124066024,0.0,0.0,0.0,0.0,0.0
2011-12-07,553568.3124066024,0.0,0.0,0.0,0.0,0.0
2011-12-08,553568.3124066024,0.0,0.0,0.0,0.0,0.0
2011-12-09,553568.3124066024,0.0,0.0,0.0,0.0,0.0
2011-12-12,553568.3124066024,0.0,0.0,0.0,0.0,0.0
2011-12-13,553568.3124066024,0.0,0.0,0.0,0.0,0.0
2011-12-14,553568.3124066024,0.0,0.0,0.0,0.0,0.0
2011-12-15,553568.3124066024,0.0,0.0,0.0,0.0,0.0
2011-12-16,553568.3124066024,0.0,0.0,0.0,0.0,0.0
2011-12-19,553568.3124066024,0.0,0.0,0.0,0.0,0.0
2011-12-20,553568.3124066024,0.0,0.0,0.0,0.0,0.0
2011-12-21,553568.3124066024,0.0,0.0,0.0,0.0,0.0
2011-12-22,553568.3124066024,0.0,0.0,0.0,0.0,0.0
2011-12-23,553568.3124066024,0.0,0.0,0.0,0.0,0.0
2011-12-27,553568.3124066024,0.0,0.0,0.0,0.0,0.0
2011-12-28,553568.3124066024,0.0,0.0,0.0,0.0,0.0
2011-12-29,553568.3124066024,0.0,0.0,0.0,0.0,0.0
2011-12-30,553568.3124066024,0.0,0.0,0.0,0.0,0.0
2012-01-03,553568.3124066024,0.0,0.0,0.0,0.0,0.0
2012-01-04,553568.3124066024,0.0,0.0,0.0,0.0,0.0
2012-01-05,553568.3124066024,0.0,0.0,0.0,0.0,0.0
2012-01-06,553568.3124066024,0.0,0.0,0.0,0.0,0.0
2012-01-09,553568.3124066024,0.0,0.0,0.0,0.0,0.0
2012-01-10,553568.3124066024,0.0,0.0,0.0,0.0,0.0
2012-01-11,553568.3124066024,0.0,0.0,0.0,0.0,0.0
2012-01-12,553568.3124066024,0.0,0.0,0.0,0.0,0.0
2012-01-13,553568.3124066024,0.0,0.0,0.0,0.0,0.0
2012-01-17,553568.3124066024,0.0,0.0,0.0,0.0,0.0
2012-01-18,553568.3124066024,0.0,0.0,0.0,0.0,0.0
2012-01-19,553568.3124066024,0.0,0.0,0.0,0.0,0.0
2012-01-20,553568.3124066024,0.0,0.0,0.0,0.0,0.0
2012-01-23,553568.3124066024,0.0,0.0,0.0,0.0,0.0
2012-01-24,553568.3124066024,0.0,0.0,0.0,0.0,0.0
2012-01-25,553568.3124066024,0.0,0.0,0.0,0.0,0.0
2012-01-26,553568.3124066024,0.0,0.0,0.0,0.0,0.0
2012-01-27,553568.3124066024,0.0,0.0,0.0,0.0,0.0
2012-01-30,553568.3124066024,0.0,0.0,0.0,0.0,0.0
2012-01-31,553568.3124066024,0.0,0.0,0.0,0.0,0.0
2012-02-01,553568.3124066024,0.0,0.0,0.0,0.0,0.0
2012-02-02,553568.3124066024,0.0,0.0,0.0,0.0,0.0
2012-02-03,553568.3124066024,0.0,0.0,0.0,0.0,0.0
2012-02-06,553568.3124066024,0.0,0.0,0.0,0.0,0.0
2012-02-07,553568.3124066024,0.0,0.0,0.0,0.0,0.0
2012-02-08,553568.3124066024,0.0,0.0,0.0,0.0,0.0
2012-02-09,553568.3124066024,0.0,0.0,0.0,0.0,0.0
2012-02-10,553568.3124066024,0.0,0.0,0.0,0.0,0.0
2012-02-13,553568.3124066024,0.0,0.0,0.0,0.0,0.0
2012-02-14,553568.3124066024,0.0,0.0,0.0,0.0,0.0
2012-02-15,553568.3124066024,0.0,0.0,0.0,0.0,0.0
2012-02-16,553568.3124066024,0.0,0.0,0.0,0.0,0.0
2012-02-17,553568.3124066024,0.0,0.0,0.0,0.0,0.0
2012-02-21,553568.3124066024,0.0,0.0,0.0,0.0,0.0
2012-02-22,553568.3124066024,0.0,0.0,0.0,0.0,0.0
2012-02-23,553568.3124066024,0.0,0.0,0.0,0.0,0.0
2012-02-24,553568.3124066024,0.0,0.0,0.0,0.0,0.0
2012-02-27,553568.3124066024,0.0,0.0,0.0,0.0,0.0
2012-02-28,553568.3124066024,0.0,0.0,0.0,0.0,0.0
2012-02-29,553568.3124066024,0.0,0.0,0.0,0.0,0.0
2012-03-01,553568.3124066024,0.0,0.0,0.0,0.0,0.0
2012-03-02,553568.3124066024,0.0,0.0,0.0,0.0,0.0
2012-03-05,553568.3124066024,0.0,0.0,0.0,0.0,0.0
2012-03-06,553568.3124066024,0.0,0.0,0.0,0.0,0.0
2012-03-07,553568.3124066024,0.0,0.0,0.0,0.0,0.0
2012-03-08,553568.3124066024,0.0,0.0,0.0,0.0,0.0
2012-03-09,553568.3124066024,0.0,0.0,0.0,0.0,0.0
2012-03-12,553568.3124066024,0.0,0.0,0.0,0.0,0.0
2012-03-13,553568.3124066024,0.0,0.0,0.0,0.0,0.0
2012-03-14,553568.3124066024,0.0,0.0,0.0,0.0,0.0
2012-03-15,553568.3124066024,0.0,0.0,0.0,0.0,0.0
2012-03-16,553568.3124066024,0.0,0.0,0.0,0.0,0.0
2012-03-19,553568.3124066024,0.0,0.0,0.0,0.0,0.0
2012-03-20,553568.3124066024,0.0,0.0,0.0,0.0,0.0
2012-03-21,553568.3124066024,0.0,0.0,0.0,0.0,0.0
2012-03-22,553568.3124066024,0.0,0.0,0.0,0.0,0.0
2012-03-23,553568.3124066024,0.0,0.0,0.0,0.0,0.0
2012-03-26,553568.3124066024,0.0,0.0,0.0,0.0,0.0
2012-03-27,553568.3124066024,0.0,0.0,0.0,0.0,0.0
2012-03-28,553568.3124066024,0.0,0.0,0.0,0.0,0.0
2012-03-29,553568.3124066024,0.0,0.0,0.0,0.0,0.0
2012-03-30,553568.3124066024,0.0,0.0,0.0,0.0,0.0
2012-04-02,553568.3124066024,0.0,0.0,0.0,0.0,0.0
2012-04-03,553568.3124066024,0.0,0.0,0.0,0.0,0.0
2012-04-04,553568.3124066024,0.0,0.0,0.0,0.0,0.0
2012-04-05,553568.3124066024,0.0,0.0,0.0,0.0,0.0
2012-04-09,553568.3124066024,0.0,0.0,0.0,0.0,0.0
2012-04-10,553568.3124066024,0.0,0.0,0.0,0.0,0.0
2012-04-11,553568.3124066024,0.0,0.0,0.0,0.0,0.0
2012-04-12,553568.3124066024,0.0,0.0,0.0,0.0,0.0
2012-04-13,553568.3124066024,0.0,0.0,0.0,0.0,0.0
2012-04-16,553568.3124066024,0.0,0.0,0.0,0.0,0.0
2012-04-17,553568.3124066024,0.0,0.0,0.0,0.0,0.0
2012-04-18,553568.3124066024,0.0,0.0,0.0,0.0,0.0
2012-04-19,553568.3124066024,0.0,0.0,0.0,0.0,0.0
2012-04-20,553568.3124066024,0.0,0.0,0.0,0.0,0.0
2012-04-23,553568.3124066024,0.0,0.0,0.0,0.0,0.0
2012-04-24,553568.3124066024,0.0,0.0,0.0,0.0,0.0
2012-04-25,553568.3124066024,0.0,0.0,0.0,0.0,0.0
2012-04-26,553568.3124066024,0.0,0.0,0.0,0.0,0.0
2012-04-27,553568.3124066024,0.0,0.0,0.0,0.0,0.0
2012-04-30,553568.3124066024,0.0,0.0,0.0,0.0,0.0
2012-05-01,553568.3124066024,0.0,0.0,0.0,0.0,0.0
2012-05-02,553568.3124066024,0.0,0.0,0.0,0.0,0.0
2012-05-03,553568.3124066024,0.0,0.0,0.0,0.0,0.0
2012-05-04,553568.3124066024,0.0,0.0,0.0,0.0,0.0
2012-05-07,553568.3124066024,0.0,0.0,0.0,0.0,0.0
2012-05-08,553568.3124066024,0.0,0.0,0.0,0.0,0.0
2012-05-09,553568.3124066024,0.0,0.0,0.0,0.0,0.0
2012-05-10,553568.3124066024,0.0,0.0,0.0,0.0,0.0
2012-05-11,553568.3124066024,0.0,0.0,0.0,0.0,0.0
2012-05-14,553568.3124066024,0.0,0.0,0.0,0.0,0.0
2012-05-15,553568.3124066024,0.0,0.0,0.0,0.0,0.0
2012-05-16,553568.3124066024,0.0,0.0,0.0,0.0,0.0
2012-05-17,553568.3124066024,0.0,0.0,0.0,0.0,0.0
2012-05-18,553568.3124066024,0.0,0.0,0.0,0.0,0.0
2012-05-21,553568.3124066024,0.0,0.0,0.0,0.0,0.0
2012-05-22,553568.3124066024,0.0,0.0,0.0,0.0,0.0
2012-05-23,553568.3124066024,0.0,0.0,0.0,0.0,0.0
2012-05-24,553568.3124066024,0.0,0.0,0.0,0.0,0.0
2012-05-25,553568.3124066024,0.0,0.0,0.0,0.0,0.0
2012-05-29,553568.3124066024,0.0,0.0,0.0,0.0,0.0
2012-05-30,553568.3124066024,0.0,0.0,0.0,0.0,0.0
2012-05-31,553568.3124066024,0.0,0.0,0.0,0.0,0.0
2012-06-01,553291.5282503992,0.0,276.7841562033012,-0.0005,-0.6741389657832908,-0.5
2012-06-04,549134.4663561281,-4157.061894271055,0.0,-0.0074573009381765695,-0.7598299438811446,-0.5
2012-06-05,540087.1219963925,-9047.344359735634,0.0,-0.01620859760394644,-0.5457581398256903,-0.5
2012-06-06,534823.2076818447,-4993.87075354963,270.04356099819626,-0.009657123224919835,-0.3231039091734204,-0.5
2012-06-07,534555.7960780038,0.0,267.41160384092234,-0.0005,-0.2200441919523988,-0.5
2012-06-08,537677.6403497981,3121.844271794272,0.0,0.0058743786714866705,-0.25021576496363734,-0.5
2012-06-11,537506.561100596,366.59839114758967,537.6776403497981,-0.0003183989083465999,0.0854796556816533,0.5
2012-06-12,543867.585492319,6361.024391723029,0.0,0.011976047904191616,0.11587309750965902,0.5
2012-06-13,544834.8911134703,967.3056211513009,0.0,0.0017817371937639199,0.11673628209888123,0.5
2012-06-14,540972.5259128432,-3862.365200627171,0.0,-0.007039155301363837,0.1833381718353259,0.5
2012-06-15,540243.124754309,-729.4011585341706,0.0,-0.0013464991023339316,0.07828577008956314,0.5
2012-06-18,534224.9770297476,-5477.904599807099,540.243124754309,-0.01102788311398617,-0.32353626767354465,-0.5
2012-06-19,527344.4345473037,-6880.542482443851,0.0,-0.012715712988192553,-0.4915138021993082,-0.5
2012-06-20,534793.4702819405,7449.035734636801,0.0,0.014327950875596998,-0.5867914208638834,-0.5
2012-06-21,539359.0813572594,4565.611075318828,0.0,0.008610658599022575,-0.6850340345421059,-0.5
2012-06-22,543917.0454250672,4557.964067807826,0.0,0.008522727272727272,-0.5149362746671273,-0.5
2012-06-25,544826.1713367137,909.1259116464829,0.0,0.0016742406122937099,-0.3790925479114287,-0.5
2012-06-26,536733.4011826945,-8092.7701540192265,0.0,-0.014636449480642116,-0.4974367698591292,-0.5
2012-06-27,526849.2895097748,-9615.744972328403,268.36670059134724,-0.018091199999999998,0.0,0.0
2012-06-28,526849.2895097748,0.0,0.0,0.0,0.0,0.0
2012-06-29,526849.2895097748,0.0,0.0,0.0,0.0,0.0
2012-07-02,526849.2895097748,0.0,0.0,0.0,0.0,0.0
2012-07-03,526849.2895097748,0.0,0.0,0.0,0.0,0.0
2012-07-05,526849.2895097748,0.0,0.0,0.0,0.0,0.0
2012-07-06,526849.2895097748,0.0,0.0,0.0,0.0,0.0
2012-07-09,526849.2895097748,0.0,0.0,0.0,0.0,0.0
2012-07-10,526849.2895097748,0.0,0.0,0.0,0.0,0.0
2012-07-11,526849.2895097748,0.0,0.0,0.0,0.0,0.0
2012-07-12,526849.2895097748,0.0,0.0,0.0,0.0,0.0
2012-07-13,526849.2895097748,0.0,0.0,0.0,0.0,0.0
2012-07-16,526849.2895097748,0.0,0.0,0.0,0.0,0.0
2012-07-17,526849.2895097748,0.0,0.0,0.0,0.0,0.0
2012-07-18,526849.2895097748,0.0,0.0,0.0,0.0,0.0
2012-07-19,526849.2895097748,0.0,0.0,0.0,0.0,0.0
2012-07-20,526849.2895097748,0.0,0.0,0.0,0.0,0.0
2012-07-23,526849.2895097748,0.0,0.0,0.0,0.0,0.0
2012-07-24,526849.2895097748,0.0,0.0,0.0,0.0,0.0
2012-07-25,526849.2895097748,0.0,0.0,0.0,0.0,0.0
2012-07-26,526849.2895097748,0.0,0.0,0.0,0.0,0.0
2012-07-27,526849.2895097748,0.0,0.0,0.0,0.0,0.0
2012-07-30,526849.2895097748,0.0,0.0,0.0,0.0,0.0
2012-07-31,526849.2895097748,0.0,0.0,0.0,0.0,0.0
2012-08-01,526585.8648650199,0.0,263.42464475488737,-0.0005,1.0004989598330207,0.5
2012-08-02,523076.75456187944,-3509.110303140491,0.0,-0.00661977658254034,0.9339000289288046,0.5
2012-08-03,526278.3640769268,3201.6095150473834,0.0,0.006158420046719048,1.0290145059905467,0.5
2012-08-06,526278.3640769268,0.0,0.0,0.0,0.5442455674963481,0.5
2012-08-07,531655.2697983133,5376.905721386451,0.0,0.010322308826627343,0.5981067153215556,0.5
2012-08-08,533393.4153473065,1738.1455489932596,0.0,0.003280032800328003,0.6688002539585567,0.5
2012-08-09,533393.4153473065,0.0,0.0,0.0,0.5508244403655584,0.5
2012-08-10,531552.6341737572,-1840.7811735493729,0.0,-0.003439206959336435,0.4948336854047761,0.5
2012-08-13,525250.4974644199,-6302.136709337267,0.0,-0.011717171717171716,0.8037924674055622,0.5
2012-08-14,529869.5345024236,4619.037038003693,0.0,0.008871989860583017,0.11784841501297688,0.5
2012-08-15,529230.6383147314,-109.02665318979909,529.8695345024236,-0.001205513268874717,-0.1850159323282009,-0.5
2012-08-16,529775.3384365045,544.7001217730871,0.0,0.001030290541932825,-0.6814818221928285,-0.5
2012-08-17,522890.8816870202,-6884.456749484279,0.0,-0.012828344532681734,-0.9819020377392751,-0.5
2012-08-20,525203.6278464722,2312.746159452039,0.0,0.00444264943457189,-2.5927409626300557,-0.5
2012-08-21,524351.370438202,-852.2574082701374,0.0,-0.0016200891049007694,-2.564188404070114,-0.5
2012-08-22,529970.178087459,5618.807649256916,0.0,0.010831800531371345,-2.618337618664458,-0.5
2012-08-23,529422.6882340629,-547.4898533961353,0.0,-0.0010319917440660476,-2.810694097726992,-0.5
2012-08-24,528112.7764281229,-1309.9118059399493,0.0,-0.0024681201151789383,-2.786140158332017,-0.5
2012-08-27,519336.1791998344,-8776.59722828846,0.0,-0.016347124117053483,-1.705961836141921,-0.5
2012-08-28,509176.5362883155,-9899.974821919004,259.6680895999172,-0.01919680436477007,-1.2136995205488719,-0.5
2012-08-29,508921.9480201713,0.0,254.58826814415775,-0.0005,-0.5483409786404612,-0.5
2012-08-30,506178.35543365096,-2234.67063850018,508.9219480201713,-0.005367420642463411,0.09752188988845777,0.5
2012-08-31,507519.47900974314,1341.1235760921866,0.0,0.0026565464895635677,0.17694534571789494,0.5
2012-09-04,501309.24442095676,-6210.234588786389,0.0,-0.012088525199925608,0.5637284309313076,0.5
2012-09-05,511796.7847294152,10738.194930668891,250.65462221047838,0.02137822914612502,0.0,0.0
2012-09-06,511796.7847294152,0.0,0.0,0.0,0.0,0.0
2012-09-07,511796.7847294152,0.0,0.0,0.0,0.0,0.0
2012-09-10,511796.7847294152,0.0,0.0,0.0,0.0,0.0
2012-09-11,511540.88633705047,0.0,255.8983923647076,-0.0005,-0.3281630168092105,-0.5
2012-09-12,511349.5845844936,-191.30175255686254,0.0,-0.00037383177570093456,-0.16230800265609643,-0.5
2012-09-13,512366.93330957874,1528.6983096696372,511.3495845844936,0.001995502248875562,0.22463936810461038,0.5
2012-09-14,510633.36097883206,-1733.572330746695,0.0,-0.0033720494567253652,0.5205330493924402,0.5
2012-09-17,505028.3770770962,-5604.983901735855,0.0,-0.010857356795207787,0.8584500534182606,0.5
2012-09-18,499694.30801084696,-5081.554877710721,252.5141885385481,-0.010456704980842913,0.0,0.0
2012-09-19,499694.30801084696,0.0,0.0,0.0,0.0,0.0
2012-09-20,499444.4608568415,0.0,249.84715400542348,-0.0005,0.5385916238343303,0.5
2012-09-21,499143.28732129507,198.27092531037772,499.44446085684154,-0.0006032565528196983,-0.045042574869773776,-0.5
2012-09-24,506318.4968258092,7424.7811481747585,249.57164366064754,0.014592107912220658,0.0,0.0
2012-09-25,506065.3375773963,0.0,253.1592484129046,-0.0005,-0.8932000696903778,-0.5
2012-09-26,507492.0219765271,1426.6843991307992,0.0,0.0028271405492730213,-0.7532885497780014,-0.5
2012-09-27,506155.9757461312,-1336.0462303958793,0.0,-0.002625732175318117,-0.6723930524206796,-0.5
2012-09-28,502689.1539944454,-3466.82175168583,0.0,-0.006802721088435374,-0.7158003331243292,-0.5
2012-10-01,502689.1539944454,0.0,0.0,0.0,0.0,0.0
2012-10-02,502689.1539944454,0.0,0.0,0.0,0.0,0.0
2012-10-03,502689.1539944454,0.0,0.0,0.0,0.0,0.0
2012-10-04,502689.1539944454,0.0,0.0,0.0,0.0,0.0
2012-10-05,502689.1539944454,0.0,0.0,0.0,0.0,0.0
2012-10-08,502689.1539944454,0.0,0.0,0.0,0.0,0.0
2012-10-09,502689.1539944454,0.0,0.0,0.0,0.0,0.0
2012-10-10,502689.1539944454,0.0,0.0,0.0,0.0,0.0
2012-10-11,502689.1539944454,0.0,0.0,0.0,0.0,0.0
2012-10-12,502689.1539944454,0.0,0.0,0.0,0.0,0.0
2012-10-15,502689.1539944454,0.0,0.0,0.0,0.0,0.0
2012-10-16,502689.1539944454,0.0,0.0,0.0,0.0,0.0
2012-10-17,502689.1539944454,0.0,0.0,0.0,0.0,0.0
2012-10-18,502689.1539944454,0.0,0.0,0.0,0.0,0.0
2012-10-19,502689.1539944454,0.0,0.0,0.0,0.0,0.0
2012-10-22,502689.1539944454,0.0,0.0,0.0,0.0,0.0
2012-10-23,502689.1539944454,0.0,0.0,0.0,0.0,0.0
2012-10-24,502689.1539944454,0.0,0.0,0.0,0.0,0.0
2012-10-25,502689.1539944454,0.0,0.0,0.0,0.0,0.0
2012-10-26,502689.1539944454,0.0,0.0,0.0,0.0,0.0
2012-10-31,502689.1539944454,0.0,0.0,0.0,0.0,0.0
2012-11-01,502689.1539944454,0.0,0.0,0.0,0.0,0.0
2012-11-02,502689.1539944454,0.0,0.0,0.0,0.0,0.0
2012-11-05,502689.1539944454,0.0,0.0,0.0,0.0,0.0
2012-11-06,502689.1539944454,0.0,0.0,0.0,0.0,0.0
2012-11-07,502689.1539944454,0.0,0.0,0.0,0.0,0.0
2012-11-08,502689.1539944454,0.0,0.0,0.0,0.0,0.0
2012-11-09,502689.1539944454,0.0,0.0,0.0,0.0,0.0
2012-11-12,502689.1539944454,0.0,0.0,0.0,0.0,0.0
2012-11-13,502689.1539944454,0.0,0.0,0.0,0.0,0.0
2012-11-14,502689.1539944454,0.0,0.0,0.0,0.0,0.0
2012-11-15,502689.1539944454,0.0,0.0,0.0,0.0,0.0
2012-11-16,502689.1539944454,0.0,0.0,0.0,0.0,0.0
2012-11-19,502689.1539944454,0.0,0.0,0.0,0.0,0.0
2012-11-20,502689.1539944454,0.0,0.0,0.0,0.0,0.0
2012-11-21,502689.1539944454,0.0,0.0,0.0,0.0,0.0
2012-11-23,502689.1539944454,0.0,0.0,0.0,0.0,0.0
2012-11-26,502689.1539944454,0.0,0.0,0.0,0.0,0.0
2012-11-27,502689.1539944454,0.0,0.0,0.0,0.0,0.0
2012-11-28,502689.1539944454,0.0,0.0,0.0,0.0,0.0
2012-11-29,502689.1539944454,0.0,0.0,0.0,0.0,0.0
2012-11-30,502689.1539944454,0.0,0.0,0.0,0.0,0.0
2012-12-03,502689.1539944454,0.0,0.0,0.0,0.0,0.0
2012-12-04,502689.1539944454,0.0,0.0,0.0,0.0,0.0
2012-12-05,502689.1539944454,0.0,0.0,0.0,0.0,0.0
2012-12-06,502689.1539944454,0.0,0.0,0.0,0.0,0.0
2012-12-07,502689.1539944454,0.0,0.0,0.0,0.0,0.0
2012-12-10,502689.1539944454,0.0,0.0,0.0,0.0,0.0
2012-12-11,502689.1539944454,0.0,0.0,0.0,0.0,0.0
2012-12-12,502689.1539944454,0.0,0.0,0.0,0.0,0.0
2012-12-13,502689.1539944454,0.0,0.0,0.0,0.0,0.0
2012-12-14,502689.1539944454,0.0,0.0,0.0,0.0,0.0
2012-12-17,502689.1539944454,0.0,0.0,0.0,0.0,0.0
2012-12-18,502689.1539944454,0.0,0.0,0.0,0.0,0.0
2012-12-19,502689.1539944454,0.0,0.0,0.0,0.0,0.0
2012-12-20,502689.1539944454,0.0,0.0,0.0,0.0,0.0
2012-12-21,502689.1539944454,0.0,0.0,0.0,0.0,0.0
2012-12-24,502689.1539944454,0.0,0.0,0.0,0.0,0.0
2012-12-26,502689.1539944454,0.0,0.0,0.0,0.0,0.0
2012-12-27,502689.1539944454,0.0,0.0,0.0,0.0,0.0
2012-12-28,502689.1539944454,0.0,0.0,0.0,0.0,0.0
2012-12-31,502689.1539944454,0.0,0.0,0.0,0.0,0.0
2013-01-02,502689.1539944454,0.0,0.0,0.0,0.0,0.0
2013-01-03,502689.1539944454,0.0,0.0,0.0,0.0,0.0
2013-01-04,502689.1539944454,0.0,0.0,0.0,0.0,0.0
2013-01-07,502689.1539944454,0.0,0.0,0.0,0.0,0.0
2013-01-08,502689.1539944454,0.0,0.0,0.0,0.0,0.0
2013-01-09,502689.1539944454,0.0,0.0,0.0,0.0,0.0
2013-01-10,502689.1539944454,0.0,0.0,0.0,0.0,0.0
2013-01-11,502689.1539944454,0.0,0.0,0.0,0.0,0.0
2013-01-14,502689.1539944454,0.0,0.0,0.0,0.0,0.0
2013-01-15,502689.1539944454,0.0,0.0,0.0,0.0,0.0
2013-01-16,502689.1539944454,0.0,0.0,0.0,0.0,0.0
2013-01-17,502689.1539944454,0.0,0.0,0.0,0.0,0.0
2013-01-18,502689.1539944454,0.0,0.0,0.0,0.0,0.0
2013-01-22,502689.1539944454,0.0,0.0,0.0,0.0,0.0
2013-01-23,502689.1539944454,0.0,0.0,0.0,0.0,0.0
2013-01-24,502689.1539944454,0.0,0.0,0.0,0.0,0.0
2013-01-25,502689.1539944454,0.0,0.0,0.0,0.0,0.0
2013-01-28,502689.1539944454,0.0,0.0,0.0,0.0,0.0
2013-01-29,502689.1539944454,0.0,0.0,0.0,0.0,0.0
2013-01-30,502689.1539944454,0.0,0.0,0.0,0.0,0.0
2013-01-31,502689.1539944454,0.0,0.0,0.0,0.0,0.0
2013-02-01,502689.1539944454,0.0,0.0,0.0,0.0,0.0
2013-02-04,502689.1539944454,0.0,0.0,0.0,0.0,0.0
2013-02-05,502689.1539944454,0.0,0.0,0.0,0.0,0.0
2013-02-06,502689.1539944454,0.0,0.0,0.0,0.0,0.0
2013-02-07,502689.1539944454,0.0,0.0,0.0,0.0,0.0
2013-02-08,502689.1539944454,0.0,0.0,0.0,0.0,0.0
2013-02-11,502689.1539944454,0.0,0.0,0.0,0.0,0.0
2013-02-12,502689.1539944454,0.0,0.0,0.0,0.0,0.0
2013-02-13,502689.1539944454,0.0,0.0,0.0,0.0,0.0
2013-02-14,502689.1539944454,0.0,0.0,0.0,0.0,0.0
2013-02-15,502689.1539944454,0.0,0.0,0.0,0.0,0.0
2013-02-19,502689.1539944454,0.0,0.0,0.0,0.0,0.0
2013-02-20,502689.1539944454,0.0,0.0,0.0,0.0,0.0
2013-02-21,502689.1539944454,0.0,0.0,0.0,0.0,0.0
2013-02-22,502689.1539944454,0.0,0.0,0.0,0.0,0.0
2013-02-25,502689.1539944454,0.0,0.0,0.0,0.0,0.0
2013-02-26,502689.1539944454,0.0,0.0,0.0,0.0,0.0
2013-02-27,502689.1539944454,0.0,0.0,0.0,0.0,0.0
2013-02-28,502689.1539944454,0.0,0.0,0.0,0.0,0.0
2013-03-01,502689.1539944454,0.0,0.0,0.0,0.0,0.0
2013-03-04,502689.1539944454,0.0,0.0,0.0,0.0,0.0
2013-03-05,502689.1539944454,0.0,0.0,0.0,0.0,0.0
2013-03-06,502689.1539944454,0.0,0.0,0.0,0.0,0.0
2013-03-07,502689.1539944454,0.0,0.0,0.0,0.0,0.0
2013-03-08,502689.1539944454,0.0,0.0,0.0,0.0,0.0
2013-03-11,502689.1539944454,0.0,0.0,0.0,0.0,0.0
2013-03-12,502689.1539944454,0.0,0.0,0.0,0.0,0.0
2013-03-13,502689.1539944454,0.0,0.0,0.0,0.0,0.0
2013-03-14,502689.1539944454,0.0,0.0,0.0,0.0,0.0
2013-03-15,502689.1539944454,0.0,0.0,0.0,0.0,0.0
2013-03-18,502689.1539944454,0.0,0.0,0.0,0.0,0.0
2013-03-19,502689.1539944454,0.0,0.0,0.0,0.0,0.0
2013-03-20,502689.1539944454,0.0,0.0,0.0,0.0,0.0
2013-03-21,502689.1539944454,0.0,0.0,0.0,0.0,0.0
2013-03-22,502689.1539944454,0.0,0.0,0.0,0.0,0.0
2013-03-25,502689.1539944454,0.0,0.0,0.0,0.0,0.0
2013-03-26,502689.1539944454,0.0,0.0,0.0,0.0,0.0
2013-03-27,502689.1539944454,0.0,0.0,0.0,0.0,0.0
2013-03-28,502689.1539944454,0.0,0.0,0.0,0.0,0.0
2013-04-01,502689.1539944454,0.0,0.0,0.0,0.0,0.0
2013-04-02,502689.1539944454,0.0,0.0,0.0,0.0,0.0
2013-04-03,502689.1539944454,0.0,0.0,0.0,0.0,0.0
2013-04-04,502689.1539944454,0.0,0.0,0.0,0.0,0.0
2013-04-05,502689.1539944454,0.0,0.0,0.0,0.0,0.0
2013-04-08,502689.1539944454,0.0,0.0,0.0,0.0,0.0
2013-04-09,502689.1539944454,0.0,0.0,0.0,0.0,0.0
2013-04-10,502689.1539944454,0.0,0.0,0.0,0.0,0.0
2013-04-11,502689.1539944454,0.0,0.0,0.0,0.0,0.0
2013-04-12,502689.1539944454,0.0,0.0,0.0,0.0,0.0
2013-04-15,502689.1539944454,0.0,0.0,0.0,0.0,0.0
2013-04-16,502689.1539944454,0.0,0.0,0.0,0.0,0.0
2013-04-17,502689.1539944454,0.0,0.0,0.0,0.0,0.0
2013-04-18,502689.1539944454,0.0,0.0,0.0,0.0,0.0
2013-04-19,502689.1539944454,0.0,0.0,0.0,0.0,0.0
2013-04-22,502689.1539944454,0.0,0.0,0.0,0.0,0.0
2013-04-23,502689.1539944454,0.0,0.0,0.0,0.0,0.0
2013-04-24,502689.1539944454,0.0,0.0,0.0,0.0,0.0
2013-04-25,502689.1539944454,0.0,0.0,0.0,0.0,0.0
2013-04-26,502689.1539944454,0.0,0.0,0.0,0.0,0.0
2013-04-29,502689.1539944454,0.0,0.0,0.0,0.0,0.0
2013-04-30,502689.1539944454,0.0,0.0,0.0,0.0,0.0
2013-05-01,502689.1539944454,0.0,0.0,0.0,0.0,0.0
2013-05-02,502689.1539944454,0.0,0.0,0.0,0.0,0.0
2013-05-03,502689.1539944454,0.0,0.0,0.0,0.0,0.0
2013-05-06,502689.1539944454,0.0,0.0,0.0,0.0,0.0
2013-05-07,502689.1539944454,0.0,0.0,0.0,0.0,0.0
2013-05-08,502689.1539944454,0.0,0.0,0.0,0.0,0.0
2013-05-09,502689.1539944454,0.0,0.0,0.0,0.0,0.0
2013-05-10,502689.1539944454,0.0,0.0,0.0,0.0,0.0
2013-05-13,502689.1539944454,0.0,0.0,0.0,0.0,0.0
2013-05-14,502689.1539944454,0.0,0.0,0.0,0.0,0.0
2013-05-15,502689.1539944454,0.0,0.0,0.0,0.0,0.0
2013-05-16,502689.1539944454,0.0,0.0,0.0,0.0,0.0
2013-05-17,502689.1539944454,0.0,0.0,0.0,0.0,0.0
2013-05-20,502689.1539944454,0.0,0.0,0.0,0.0,0.0
2013-05-21,502689.1539944454,0.0,0.0,0.0,0.0,0.0
2013-05-22,502689.1539944454,0.0,0.0,0.0,0.0,0.0
2013-05-23,502689.1539944454,0.0,0.0,0.0,0.0,0.0
2013-05-24,502689.1539944454,0.0,0.0,0.0,0.0,0.0
2013-05-28,502689.1539944454,0.0,0.0,0.0,0.0,0.0
2013-05-29,502689.1539944454,0.0,0.0,0.0,0.0,0.0
2013-05-30,502689.1539944454,0.0,0.0,0.0,0.0,0.0
2013-05-31,502689.1539944454,0.0,0.0,0.0,0.0,0.0
2013-06-03,502437.8094174482,0.0,251.3445769972227,-0.0005,0.44167078504182555,0.5
2013-06-04,506576.3220951965,4138.512677748348,0.0,0.008305274971941638,0.3526008063727745,0.5
2013-06-05,509349.9550457834,2773.632950586928,0.0,0.005505395287381634,0.1714291149368309,0.5
2013-06-06,515418.8994841539,6068.9444383704695,0.0,0.012058759044069282,0.16206549332387704,0.5
2013-06-07,515527.9597675826,109.0602834287249,0.0,0.00021164021164021162,0.16265086662870884,0.5
2013-06-10,514576.28294168337,-436.14886613162656,515.5279597675826,-0.001844463229078614,-0.27075985871155656,-0.5
2013-06-11,515121.38493632496,545.1019946416137,0.0,0.0010604453870625662,-0.33824847058680857,-0.5
2013-06-12,513004.57508378936,-1859.249160067415,257.5606924681625,-0.004094563147873916,-0.560190710619919,-0.5
2013-06-13,512748.07279624743,0.0,256.5022875418947,-0.0005,-0.9124983441618074,-0.5
2013-06-14,519635.0703078088,6886.997511561382,0.0,0.013614404918752744,-1.2131722154529303,-0.5
2013-06-17,522527.0731479013,2892.0028400924352,0.0,0.005596597268860533,-1.3947216279046812,-0.5
2013-06-18,518057.0081367306,-4470.0650111707,0.0,-0.008482142857142856,-1.385473097841287,-0.5
2013-06-19,520694.30587624916,2637.297739518549,0.0,0.005116796440489433,-1.0980352861822453,-0.5
2013-06-20,528146.10274031,7451.796864060811,0.0,0.014519056261343012,-1.1993488198183295,-0.5
2013-06-21,528267.6833348635,121.58059455347836,0.0,0.0002302555836979047,-1.2054272862831017,-0.5
2013-06-24,528511.0125303195,243.3291954559482,0.0,0.00046082949308755766,-1.6795172425491502,-0.5
2013-06-25,525830.6892763622,-2680.3232539573605,0.0,-0.005045871559633028,-1.8501757902445386,-0.5
2013-06-26,527150.6659039386,1319.9766275764455,0.0,0.0025165865934568747,-1.8870461108248942,-0.5
2013-06-27,527392.4781360046,241.8122320660269,0.0,0.00045892611289582384,-1.7028987085752467,-0.5
2013-06-28,525455.3156818779,-1937.1624541267388,0.0,-0.003659652333028362,-1.367524341460367,-0.5
2013-07-01,524617.0779403617,-838.2377415162136,0.0,-0.0015927189988623437,-1.692138199243084,-0.5
2013-07-02,524378.7239749186,-238.35396544314477,0.0,-0.00045413260672116256,-1.8779219456427385,-0.5
2013-07-03,518785.03354667954,-5593.6904282390315,0.0,-0.010554682236694363,-1.9995805776895779,-0.5
2013-07-05,522935.31381505297,4150.280268373436,0.0,0.008064516129032258,-1.980434311586666,-0.5
2013-07-08,527068.7230254249,4133.409210371919,0.0,0.00796722057819258,-0.965644510220543,-0.5
2013-07-09,525617.4094237027,-1451.3136017221427,0.0,-0.002745995423340961,-0.6355408940384941,-0.5
2013-07-10,526577.0030511308,959.5936274280288,0.0,0.0018289894833104711,-0.4321123184222838,-0.5
2013-07-11,519219.8804707096,-7357.1225804212045,0.0,-0.013779082900384008,-0.23101001262326434,-0.5
2013-07-12,519566.9525833237,347.07211261411067,0.0,0.0006688963210702341,-0.1435614048457601,-0.5
2013-07-15,520786.23085357615,1738.8452228357553,519.5669525833237,0.0023546004029550032,0.3798896020471338,0.5
2013-07-16,528740.7375242957,7954.506670719493,0.0,0.015510948905109491,0.60946771431069,0.5
2013-07-17,529432.2031792969,691.4656550012586,0.0,0.0013094718463553033,0.6707520127619528,0.5
2013-07-18,534841.6191683027,5409.41598900586,0.0,0.010322864045684164,0.6981901668576457,0.5
2013-07-19,536778.6254584308,1937.006290128067,0.0,0.0036348086380158223,0.6609803940076656,0.5
2013-07-22,534962.115727607,-1816.509730823793,0.0,-0.003372681281618887,0.6263885446119677,0.5
2013-07-23,536215.221194601,1253.1054669939688,0.0,0.0023479188900747067,0.6008687951804711,0.5
2013-07-24,536328.8742724295,113.65307782844448,0.0,0.000211999152003392,0.7371245455515457,0.5
2013-07-25,534851.6972882046,-1477.1769842249116,0.0,-0.0027466723008662576,0.8520761285636154,0.5
2013-07-26,533256.485579207,-1595.2117089976277,0.0,-0.0029736618521665256,0.7329000409694633,0.5
2013-07-29,527199.35018793,-6057.13539127689,0.0,-0.011231193049374867,0.25350219951782293,0.5
2013-07-30,527481.4480858376,809.2972480955067,527.19935018793,0.0005359103887546674,-0.05969665214552794,-0.5
2013-07-31,526212.9094043894,-1268.5386814482322,0.0,-0.0023991275899672847,-0.24298775041848059,-0.5
2013-08-01,525343.2154836245,-343.48101136056755,526.2129094043895,-0.001651663405088063,0.6482062534551244,0.5
2013-08-02,524201.66134306905,-1141.5541405554638,0.0,-0.002168256721595837,0.5163523163099939,0.5
2013-08-05,532028.9920427133,8351.53236098735,524.2016613430691,0.015173652694610778,-0.2474121626418277,-0.5
2013-08-06,530903.7192169039,-1125.2728258094614,0.0,-0.002110595187842972,-0.3300125015839359,-0.5
2013-08-07,523034.7600054106,-7603.507351884891,265.45185960845197,-0.014612541528239202,-0.2141786048408511,-0.5
2013-08-08,522773.2426254079,0.0,261.5173800027053,-0.0005,-0.14259234942878282,-0.5
2013-08-09,523091.2312158126,317.98859040474935,0.0,0.0006086427267194157,-0.15062430977689234,-0.5
2013-08-12,522029.33265467617,-1061.8985611364446,0.0,-0.002025931928687196,-0.4522620927500252,-0.5
2013-08-13,526778.8918882913,4749.559233615129,0.0,0.009181799632728015,-0.30183450517772625,-0.5
2013-08-14,523741.45181974274,-3037.440068548632,0.0,-0.005733005733005733,-0.37206950059354943,-0.5
2013-08-15,525873.9495877385,2132.497767995695,0.0,0.004088307440719542,-0.5021149136242469,-0.5
2013-08-16,524902.507562638,-971.4420251005021,0.0,-0.0018438844499078057,-0.29412308465474696,-0.5
2013-08-19,522863.0090669959,-2039.4984956421517,0.0,-0.00387044204522306,-0.38481122938260426,-0.5
2013-08-20,521483.7032395058,-1379.3058274900459,0.0,-0.0026310463468933415,-0.47872947427557117,-0.5
2013-08-21,527483.818516989,6000.115277483212,0.0,0.01163977945681029,-0.8389455062165051,-0.5
2013-08-22,527483.818516989,0.0,0.0,0.0,-1.0145871216412303,-0.5
2013-08-23,526720.9286968198,-762.889820169199,0.0,-0.0014441922838869404,-1.3117801279869983,-0.5
2013-08-26,524550.6735311963,-2170.255165623485,0.0,-0.004103405826836274,-1.3836544340326467,-0.5
2013-08-27,527444.5983749524,2893.924843756089,0.0,0.005547565235257859,-1.504775893726536,-0.5
2013-08-28,522758.62363732373,-4685.9747376287105,0.0,-0.008806061847225068,-1.420713984290152,-0.5
2013-08-29,523501.479984352,742.8563470282717,0.0,0.0014230534661516568,-1.2168062642140727,-0.5
2013-08-30,528084.2494548991,4582.769470547056,0.0,0.008831382214006983,-0.9820576642187803,-0.5
2013-09-03,529306.962551337,1750.7973458927445,528.0842494548991,0.0023230769230769225,1.0924553874416973,0.5
2013-09-04,537918.965696728,8612.003145390965,0.0,0.016539440203562343,1.1129223458018094,0.5
2013-09-05,545634.5710632871,7715.605366559129,0.0,0.014552162328345972,1.0216022661350654,0.5
2013-09-06,545420.2605483369,-214.3105149502306,0.0,-0.0003926187671770711,1.154903944218891,0.5
2013-09-09,543490.7077397932,-1929.5528085436447,0.0,-0.003525264394829612,1.683112334522057,0.5
2013-09-10,545427.1354395787,1936.4276997854868,0.0,0.0035756853396901075,1.9361545402223974,0.5
2013-09-11,545319.936710129,-107.19872944960274,0.0,-0.00019650225977598743,2.080457353332697,0.5
2013-09-12,547464.332843476,2144.3961333469483,0.0,0.003947887879984208,2.0964286423359786,0.5
2013-09-13,548852.7519474489,1388.41910397292,0.0,0.0025425386270291417,2.041417713118408,0.5
2013-09-16,555244.6706424891,6391.918695040166,0.0,0.01178318931657502,1.7741681522291632,0.5
2013-09-17,552927.6405297929,-2317.0301126962745,0.0,-0.00415564790328674,1.6597839770083649,0.5
2013-09-18,553879.5052514394,951.8647216465447,0.0,0.001724468288944242,1.502349288296097,0.5
2013-09-19,554618.5743587136,739.0691072741281,0.0,0.0013361328497804926,1.3333312701582827,0.5
2013-09-20,552298.8768994185,-2319.6974592949996,0.0,-0.0041650889814464215,1.2000772424584527,0.5
2013-09-23,552510.6479411745,211.77104175591202,0.0,0.00038358266206367476,1.1193694634329086,0.5
2013-09-24,551769.7332791843,-740.9146619900806,0.0,-0.0013392003061029269,1.1966908197530035,0.5
2013-09-25,548590.1151465728,-3179.6181326115116,0.0,-0.005729564553093965,1.2248004192239714,0.5
2013-09-26,551148.6388083524,2558.523661779586,0.0,0.00468566966028895,1.2573218488974114,0.5
2013-09-27,555605.3663458863,4456.727537533847,0.0,0.008152173913043478,1.2637952318193704,0.5
2013-09-30,555710.6345092712,105.26816338497277,0.0,0.0001895016107636915,0.9169067851072006,0.5
2013-10-01,555710.6345092712,0.0,0.0,0.0,0.0,0.0
2013-10-02,555710.6345092712,0.0,0.0,0.0,0.0,0.0
2013-10-03,555710.6345092712,0.0,0.0,0.0,0.0,0.0
2013-10-04,555710.6345092712,0.0,0.0,0.0,0.0,0.0
2013-10-07,555710.6345092712,0.0,0.0,0.0,0.0,0.0
2013-10-08,555710.6345092712,0.0,0.0,0.0,0.0,0.0
2013-10-09,555710.6345092712,0.0,0.0,0.0,0.0,0.0
2013-10-10,555710.6345092712,0.0,0.0,0.0,0.0,0.0
2013-10-11,555710.6345092712,0.0,0.0,0.0,0.0,0.0
2013-10-14,555710.6345092712,0.0,0.0,0.0,0.0,0.0
2013-10-15,555710.6345092712,0.0,0.0,0.0,0.0,0.0
2013-10-16,555710.6345092712,0.0,0.0,0.0,0.0,0.0
2013-10-17,555710.6345092712,0.0,0.0,0.0,0.0,0.0
2013-10-18,555710.6345092712,0.0,0.0,0.0,0.0,0.0
2013-10-21,555710.6345092712,0.0,0.0,0.0,0.0,0.0
2013-10-22,555710.6345092712,0.0,0.0,0.0,0.0,0.0
2013-10-23,555710.6345092712,0.0,0.0,0.0,0.0,0.0
2013-10-24,555710.6345092712,0.0,0.0,0.0,0.0,0.0
2013-10-25,555710.6345092712,0.0,0.0,0.0,0.0,0.0
2013-10-28,555710.6345092712,0.0,0.0,0.0,0.0,0.0
2013-10-29,555710.6345092712,0.0,0.0,0.0,0.0,0.0
2013-10-30,555710.6345092712,0.0,0.0,0.0,0.0,0.0
2013-10-31,555710.6345092712,0.0,0.0,0.0,0.0,0.0
2013-11-01,555710.6345092712,0.0,0.0,0.0,0.0,0.0
2013-11-04,555710.6345092712,0.0,0.0,0.0,0.0,0.0
2013-11-05,555710.6345092712,0.0,0.0,0.0,0.0,0.0
2013-11-06,555710.6345092712,0.0,0.0,0.0,0.0,0.0
2013-11-07,555710.6345092712,0.0,0.0,0.0,0.0,0.0
2013-11-08,555710.6345092712,0.0,0.0,0.0,0.0,0.0
2013-11-11,555710.6345092712,0.0,0.0,0.0,0.0,0.0
2013-11-12,555710.6345092712,0.0,0.0,0.0,0.0,0.0
2013-11-13,555710.6345092712,0.0,0.0,0.0,0.0,0.0
2013-11-14,555710.6345092712,0.0,0.0,0.0,0.0,0.0
2013-11-15,555710.6345092712,0.0,0.0,0.0,0.0,0.0
2013-11-18,555710.6345092712,0.0,0.0,0.0,0.0,0.0
2013-11-19,555710.6345092712,0.0,0.0,0.0,0.0,0.0
2013-11-20,555710.6345092712,0.0,0.0,0.0,0.0,0.0
2013-11-21,555710.6345092712,0.0,0.0,0.0,0.0,0.0
2013-11-22,555710.6345092712,0.0,0.0,0.0,0.0,0.0
2013-11-25,555710.6345092712,0.0,0.0,0.0,0.0,0.0
2013-11-26,555710.6345092712,0.0,0.0,0.0,0.0,0.0
2013-11-27,555710.6345092712,0.0,0.0,0.0,0.0,0.0
2013-11-29,555710.6345092712,0.0,0.0,0.0,0.0,0.0
2013-12-02,555710.6345092712,0.0,0.0,0.0,0.0,0.0
2013-12-03,555710.6345092712,0.0,0.0,0.0,0.0,0.0
2013-12-04,555710.6345092712,0.0,0.0,0.0,0.0,0.0
2013-12-05,555710.6345092712,0.0,0.0,0.0,0.0,0.0
2013-12-06,555710.6345092712,0.0,0.0,0.0,0.0,0.0
2013-12-09,555710.6345092712,0.0,0.0,0.0,0.0,0.0
2013-12-10,555710.6345092712,0.0,0.0,0.0,0.0,0.0
2013-12-11,555710.6345092712,0.0,0.0,0.0,0.0,0.0
2013-12-12,555710.6345092712,0.0,0.0,0.0,0.0,0.0
2013-12-13,555710.6345092712,0.0,0.0,0.0,0.0,0.0
2013-12-16,555710.6345092712,0.0,0.0,0.0,0.0,0.0
2013-12-17,555710.6345092712,0.0,0.0,0.0,0.0,0.0
2013-12-18,555710.6345092712,0.0,0.0,0.0,0.0,0.0
2013-12-19,555710.6345092712,0.0,0.0,0.0,0.0,0.0
2013-12-20,555710.6345092712,0.0,0.0,0.0,0.0,0.0
2013-12-23,555710.6345092712,0.0,0.0,0.0,0.0,0.0
2013-12-24,555710.6345092712,0.0,0.0,0.0,0.0,0.0
2013-12-26,555710.6345092712,0.0,0.0,0.0,0.0,0.0
2013-12-27,555710.6345092712,0.0,0.0,0.0,0.0,0.0
2013-12-30,555710.6345092712,0.0,0.0,0.0,0.0,0.0
2013-12-31,555710.6345092712,0.0,0.0,0.0,0.0,0.0
2014-01-02,555710.6345092712,0.0,0.0,0.0,0.0,0.0
2014-01-03,555710.6345092712,0.0,0.0,0.0,0.0,0.0
2014-01-06,555710.6345092712,0.0,0.0,0.0,0.0,0.0
2014-01-07,555710.6345092712,0.0,0.0,0.0,0.0,0.0
2014-01-08,555710.6345092712,0.0,0.0,0.0,0.0,0.0
2014-01-09,555710.6345092712,0.0,0.0,0.0,0.0,0.0
2014-01-10,555710.6345092712,0.0,0.0,0.0,0.0,0.0
2014-01-13,555710.6345092712,0.0,0.0,0.0,0.0,0.0
2014-01-14,555710.6345092712,0.0,0.0,0.0,0.0,0.0
2014-01-15,555710.6345092712,0.0,0.0,0.0,0.0,0.0
2014-01-16,555710.6345092712,0.0,0.0,0.0,0.0,0.0
2014-01-17,555710.6345092712,0.0,0.0,0.0,0.0,0.0
2014-01-21,555710.6345092712,0.0,0.0,0.0,0.0,0.0
2014-01-22,555710.6345092712,0.0,0.0,0.0,0.0,0.0
2014-01-23,555710.6345092712,0.0,0.0,0.0,0.0,0.0
2014-01-24,555710.6345092712,0.0,0.0,0.0,0.0,0.0
2014-01-27,555710.6345092712,0.0,0.0,0.0,0.0,0.0
2014-01-28,555710.6345092712,0.0,0.0,0.0,0.0,0.0
2014-01-29,555710.6345092712,0.0,0.0,0.0,0.0,0.0
2014-01-30,555710.6345092712,0.0,0.0,0.0,0.0,0.0
2014-01-31,555710.6345092712,0.0,0.0,0.0,0.0,0.0
2014-02-03,555710.6345092712,0.0,0.0,0.0,0.0,0.0
2014-02-04,555710.6345092712,0.0,0.0,0.0,0.0,0.0
2014-02-05,555710.6345092712,0.0,0.0,0.0,0.0,0.0
2014-02-06,555710.6345092712,0.0,0.0,0.0,0.0,0.0
2014-02-07,555710.6345092712,0.0,0.0,0.0,0.0,0.0
2014-02-10,555710.6345092712,0.0,0.0,0.0,0.0,0.0
2014-02-11,555710.6345092712,0.0,0.0,0.0,0.0,0.0
2014-02-12,555710.6345092712,0.0,0.0,0.0,0.0,0.0
2014-02-13,555710.6345092712,0.0,0.0,0.0,0.0,0.0
2014-02-14,555710.6345092712,0.0,0.0,0.0,0.0,0.0
2014-02-18,555710.6345092712,0.0,0.0,0.0,0.0,0.0
2014-02-19,555710.6345092712,0.0,0.0,0.0,0.0,0.0
2014-02-20,555710.6345092712,0.0,0.0,0.0,0.0,0.0
2014-02-21,555710.6345092712,0.0,0.0,0.0,0.0,0.0
2014-02-24,555710.6345092712,0.0,0.0,0.0,0.0,0.0
2014-02-25,555710.6345092712,0.0,0.0,0.0,0.0,0.0
2014-02-26,555710.6345092712,0.0,0.0,0.0,0.0,0.0
2014-02-27,555710.6345092712,0.0,0.0,0.0,0.0,0.0
2014-02-28,555710.6345092712,0.0,0.0,0.0,0.0,0.0
2014-03-03,555710.6345092712,0.0,0.0,0.0,0.0,0.0
2014-03-04,555710.6345092712,0.0,0.0,0.0,0.0,0.0
2014-03-05,555710.6345092712,0.0,0.0,0.0,0.0,0.0
2014-03-06,555710.6345092712,0.0,0.0,0.0,0.0,0.0
2014-03-07,555710.6345092712,0.0,0.0,0.0,0.0,0.0
2014-03-10,555710.6345092712,0.0,0.0,0.0,0.0,0.0
2014-03-11,555710.6345092712,0.0,0.0,0.0,0.0,0.0
2014-03-12,555710.6345092712,0.0,0.0,0.0,0.0,0.0
2014-03-13,555710.6345092712,0.0,0.0,0.0,0.0,0.0
2014-03-14,555710.6345092712,0.0,0.0,0.0,0.0,0.0
2014-03-17,555710.6345092712,0.0,0.0,0.0,0.0,0.0
2014-03-18,555710.6345092712,0.0,0.0,0.0,0.0,0.0
2014-03-19,555710.6345092712,0.0,0.0,0.0,0.0,0.0
2014-03-20,555710.6345092712,0.0,0.0,0.0,0.0,0.0
2014-03-21,555710.6345092712,0.0,0.0,0.0,0.0,0.0
2014-03-24,555710.6345092712,0.0,0.0,0.0,0.0,0.0
2014-03-25,555710.6345092712,0.0,0.0,0.0,0.0,0.0
2014-03-26,555710.6345092712,0.0,0.0,0.0,0.0,0.0
2014-03-27,555710.6345092712,0.0,0.0,0.0,0.0,0.0
2014-03-28,555710.6345092712,0.0,0.0,0.0,0.0,0.0
2014-03-31,555710.6345092712,0.0,0.0,0.0,0.0,0.0
2014-04-01,555710.6345092712,0.0,0.0,0.0,0.0,0.0
2014-04-02,555710.6345092712,0.0,0.0,0.0,0.0,0.0
2014-04-03,555710.6345092712,0.0,0.0,0.0,0.0,0.0
2014-04-04,555710.6345092712,0.0,0.0,0.0,0.0,0.0
2014-04-07,555710.6345092712,0.0,0.0,0.0,0.0,0.0
2014-04-08,555710.6345092712,0.0,0.0,0.0,0.0,0.0
2014-04-09,555710.6345092712,0.0,0.0,0.0,0.0,0.0
2014-04-10,555710.6345092712,0.0,0.0,0.0,0.0,0.0
2014-04-11,555710.6345092712,0.0,0.0,0.0,0.0,0.0
2014-04-14,555710.6345092712,0.0,0.0,0.0,0.0,0.0
2014-04-15,555710.6345092712,0.0,0.0,0.0,0.0,0.0
2014-04-16,555710.6345092712,0.0,0.0,0.0,0.0,0.0
2014-04-17,555710.6345092712,0.0,0.0,0.0,0.0,0.0
2014-04-21,555710.6345092712,0.0,0.0,0.0,0.0,0.0
2014-04-22,555710.6345092712,0.0,0.0,0.0,0.0,0.0
2014-04-23,555710.6345092712,0.0,0.0,0.0,0.0,0.0
2014-04-24,555710.6345092712,0.0,0.0,0.0,0.0,0.0
2014-04-25,555710.6345092712,0.0,0.0,0.0,0.0,0.0
2014-04-28,555710.6345092712,0.0,0.0,0.0,0.0,0.0
2014-04-29,555710.6345092712,0.0,0.0,0.0,0.0,0.0
2014-04-30,555710.6345092712,0.0,0.0,0.0,0.0,0.0
2014-05-01,555710.6345092712,0.0,0.0,0.0,0.0,0.0
2014-05-02,555710.6345092712,0.0,0.0,0.0,0.0,0.0
2014-05-05,555710.6345092712,0.0,0.0,0.0,0.0,0.0
2014-05-06,555710.6345092712,0.0,0.0,0.0,0.0,0.0
2014-05-07,555710.6345092712,0.0,0.0,0.0,0.0,0.0
2014-05-08,555710.6345092712,0.0,0.0,0.0,0.0,0.0
2014-05-09,555710.6345092712,0.0,0.0,0.0,0.0,0.0
2014-05-12,555710.6345092712,0.0,0.0,0.0,0.0,0.0
2014-05-13,555710.6345092712,0.0,0.0,0.0,0.0,0.0
2014-05-14,555710.6345092712,0.0,0.0,0.0,0.0,0.0
2014-05-15,555710.6345092712,0.0,0.0,0.0,0.0,0.0
2014-05-16,555710.6345092712,0.0,0.0,0.0,0.0,0.0
2014-05-19,555710.6345092712,0.0,0.0,0.0,0.0,0.0
2014-05-20,555710.6345092712,0.0,0.0,0.0,0.0,0.0
2014-05-21,555710.6345092712,0.0,0.0,0.0,0.0,0.0
2014-05-22,555710.6345092712,0.0,0.0,0.0,0.0,0.0
2014-05-23,555710.6345092712,0.0,0.0,0.0,0.0,0.0
2014-05-27,555710.6345092712,0.0,0.0,0.0,0.0,0.0
2014-05-28,555710.6345092712,0.0,0.0,0.0,0.0,0.0
2014-05-29,555710.6345092712,0.0,0.0,0.0,0.0,0.0
2014-05-30,555710.6345092712,0.0,0.0,0.0,0.0,0.0
2014-06-02,555432.7791920166,0.0,277.8553172546356,-0.0005,1.2263258239539332,0.5
2014-06-03,555523.2700325496,90.49084053307536,0.0,0.0001629460648525338,1.071148102670445,0.5
2014-06-04,557151.8398795506,1628.5698470009597,0.0,0.0029402156158118264,1.1611390681662308,0.5
2014-06-05,557512.6895167783,360.8496372276882,0.0,0.0006480881399870382,1.3326651398074327,0.5
2014-06-06,556340.6867736157,-1172.002743162697,0.0,-0.002097789252864289,1.356754475087446,0.5
2014-06-09,556159.9980153261,-180.68875828957962,0.0,-0.0003246753246753247,1.683865397864973,0.5
2014-06-10,557063.7354186659,903.7374033398214,0.0,0.0016276041666666667,1.760832996241084,0.5
2014-06-11,560041.2383776578,2977.5029589918977,0.0,0.005373717635564241,1.6737296924034282,0.5
2014-06-12,556899.9814316293,-3141.2569460285295,0.0,-0.005577689243027888,1.5266858305016788,0.5
2014-06-13,560239.5761338935,3339.5947022642276,0.0,0.0060329365726398175,1.349059901466869,0.5
2014-06-16,560598.474004575,358.89787068154607,0.0,0.000641025641025641,1.2062988208275078,0.5
2014-06-17,561495.1446283828,896.6706238077015,0.0,0.0016020506247997435,1.1353500829234229,0.5
2014-06-18,561942.7651199552,447.62049157237146,0.0,0.000797829902664752,1.0935071331099455,0.5
2014-06-19,561853.3122760965,-89.45284385863661,0.0,-0.0001591596371160274,0.9801978329051534,0.5
2014-06-20,559795.5692534293,-2057.7430226672327,0.0,-0.0036490560050769475,1.0351401354048864,0.5
2014-06-23,557909.8286447796,-1885.7406086496655,0.0,-0.003357314148681055,0.9735111886669257,0.5
2014-06-24,554305.7599842836,-3604.0686604959924,0.0,-0.006418485237483953,0.661048854759945,0.5
2014-06-25,556119.5877329232,1813.8277486396714,0.0,0.0032829940906106366,0.6373463172840351,0.5
2014-06-26,554221.2601415071,-1898.3275914160254,0.0,-0.003401911550299692,0.7400487250524069,0.5
2014-06-27,561931.37587179,7710.115730282832,0.0,0.014107883817427386,0.7198877289413924,0.5
2014-06-30,562199.8144271427,268.43855535276595,0.0,0.0004779353194201052,0.7430425418812536,0.5
2014-07-01,561484.319913077,-715.4945140657242,0.0,-0.001271051795360661,0.8255470650803545,0.5
2014-07-02,561573.8708412929,89.55092821580176,0.0,0.0001595150741745095,0.8536340242212087,0.5
2014-07-03,560499.4310373873,-1074.4398039055347,0.0,-0.0019096117122851684,0.7997115831762887,0.5
2014-07-07,559871.4707273262,-627.9603100610934,0.0,-0.0011191047162270183,0.5071153845152535,0.5
2014-07-08,561398.2296304967,1526.7589031704438,0.0,0.002734437831751649,0.34826840650736685,0.5
2014-07-09,559517.3485165464,-1880.8811139502923,0.0,-0.003339163619017332,0.11783983173854122,0.5
2014-07-10,559407.1705099159,449.3393418860797,559.5173485165465,-0.00019707442533354772,-0.041911787086662315,-0.5
2014-07-11,558599.815709629,-807.3548002869217,0.0,-0.0014411529223378704,-0.26130658667785334,-0.5
2014-07-14,559225.0473549707,625.2316453417657,0.0,0.0011205378581719224,-0.634384621650848,-0.5
2014-07-15,557163.8011868354,-2061.246168135309,0.0,-0.0036723614881047422,-0.5320575706051469,-0.5
2014-07-16,560531.9565233132,3368.155336477847,0.0,0.006081946222791293,-0.28449628045251885,-0.5
2014-07-17,564232.7311154961,3700.774592182905,0.0,0.006646133895282866,-0.07534987731685268,-0.5
2014-07-18,562011.1568112607,-1657.3415731199298,564.2327311154961,-0.003925805401887406,0.29503508638414006,0.5
2014-07-21,566205.2699217926,4194.113110531796,0.0,0.007518796992481203,1.466704489544973,0.5
2014-07-22,566476.7877941976,271.5178724049517,0.0,0.00047976971053894133,1.651776885846607,0.5
2014-07-23,571361.7680785934,4884.980284395827,0.0,0.008698453608247423,1.7737330113697023,0.5
2014-07-24,572527.8125032436,1166.0444246501906,0.0,0.0020449897750511245,1.7208714080723932,0.5
2014-07-25,572169.7588368875,-358.0536663559997,0.0,-0.000625,1.5930005729640768,0.5
2014-07-28,569572.2442773588,-2597.514559528763,0.0,-0.004519245753467352,1.5567742671113691,0.5
2014-07-29,570652.0020864153,1079.7578090566044,0.0,0.001899335232668566,1.3844788724177506,0.5
2014-07-30,573166.6788346715,2514.6767482561577,0.0,0.004426177679418273,0.8779078898612456,0.5
2014-07-31,574418.5249350904,1251.8461004189394,0.0,0.002188868042526579,0.8040242217858713,0.5
2014-08-01,573347.8473490046,-1070.6775860859095,0.0,-0.0018604651162790699,1.5095074725681326,0.5
2014-08-04,572275.1666243104,-1072.6807246941153,0.0,-0.0018674136321195143,1.6938255704259442,0.5
2014-08-05,572275.1666243104,0.0,0.0,0.0,1.8723004305832809,0.5
2014-08-06,574424.5569214909,2149.3902971805087,0.0,0.003770028275212064,2.0254404232967658,0.5
2014-08-07,575584.4698199034,1159.9128984124545,0.0,0.0020233463035019454,1.8638725097363973,0.5
2014-08-08,575228.2913113515,-356.1785085519204,0.0,-0.0006184291898577613,1.867317629982483,0.5
2014-08-11,574693.6925276049,-534.5987837466091,0.0,-0.0009285051067780872,0.8592170180363099,0.5
2014-08-12,574693.6925276049,0.0,0.0,0.0,0.43082482020598767,0.5
2014-08-13,573851.4505610886,-267.54827398864285,574.6936925276049,-0.0014648673801768263,-0.08323352796844087,-0.5
2014-08-14,574207.9907602568,356.54019916811967,0.0,0.0006216972334473111,-0.5753488252328971,-0.5
2014-08-15,572849.2699858529,-1071.6167790238073,287.10399538012837,-0.0023618441477801923,-0.8411746544332257,-0.5
2014-08-18,572562.8453508599,0.0,286.4246349929264,-0.0005,-0.3191121391458989,-0.5
2014-08-19,577833.4453387476,5270.599987887634,0.0,0.009290802105915145,-0.17089182602685687,-0.5
2014-08-20,575268.6885115,-1986.9233819087913,577.8334453387475,-0.004423364485981308,0.10962166368687466,0.5
2014-08-21,573214.7953361252,-2053.893175374806,0.0,-0.003557617942768755,0.49870024297284427,0.5
2014-08-22,573035.5536865516,-179.24164957352258,0.0,-0.00031259768677711783,0.8704453184849957,0.5
2014-08-25,575276.775345213,2241.221658661419,0.0,0.003926495994974084,1.82871656748901,0.5
2014-08-26,575187.4743866061,-89.3009586068322,0.0,-0.00015520720161415488,1.8893871672800857,0.5
2014-08-27,574830.2150857449,-357.25930086124606,0.0,-0.0006207324643078833,1.882367216916408,0.5
2014-08-28,575008.9558242665,178.74073852168684,0.0,0.00031104199066874026,1.7748325360191588,0.5
2014-08-29,575098.2984215046,89.34259723807746,0.0,0.00015540015540015537,1.3479647734525655,0.5
2014-09-02,568806.1620524126,-5717.03807067044,575.0982984215045,-0.01083328206705629,-0.016727081904711366,-0.5
2014-09-03,570518.8905910808,1712.7285386681206,0.0,0.003020187569543793,-0.48059298756441643,-0.5
2014-09-04,570973.7047576872,454.8141666064101,0.0,0.0007978299026647519,-0.6718454553987417,-0.5
2014-09-05,572797.3192730423,1823.6145153551172,0.0,0.0032041012495994873,-0.7058826794489881,-0.5
2014-09-08,575467.059269654,2669.739996611737,0.0,0.004682706281285322,-0.6746422535863885,-0.5
2014-09-09,576494.0121658198,1026.952896165833,0.0,0.0017877458150495694,-0.8027798084134876,-0.5
2014-09-10,577714.2046370271,1220.1924712073683,0.0,0.0021210637950726053,-0.6301456237106445,-0.5
2014-09-11,579414.4753504782,1700.270713451028,0.0,0.0029517874713020664,-0.6547225727023118,-0.5
2014-09-12,576174.328613321,-3240.1467371572794,0.0,-0.005561007523716062,-0.47029244034201984,-0.5
2014-09-15,574018.829335815,-2155.4992775059177,0.0,-0.003727110678982337,-0.26847852982373904,-0.5
2014-09-16,576521.0102192614,2502.1808834464005,0.0,0.004378141722069077,-0.2322466483666225,-0.5
2014-09-17,568727.6480290011,-7793.362190260374,0.0,-0.01333761851197172,-0.0232922732440784,-0.5
2014-09-18,564641.5752694702,-3517.3451115019097,568.7276480290011,-0.007140425531914895,0.07359334069673541,0.5
2014-09-19,570567.4815262144,5925.906256744126,0.0,0.010606300459078677,0.08784600937442175,0.5
2014-09-22,576607.5484524661,6040.066926251733,0.0,0.010699333229958134,0.34689754607200196,0.5
2014-09-23,573922.0265170656,-2685.5219354006085,0.0,-0.004635860625093465,0.3542753116421907,0.5
2014-09-24,580362.7650615398,6440.738544474197,0.0,0.011349693251533743,0.2863158237246469,0.5
2014-09-25,577091.6607790808,-3271.104282458991,0.0,-0.0056047197640118,0.3999409877353046,0.5
2014-09-26,575187.0678392159,-1904.5929398649532,0.0,-0.003289473684210526,0.5402203563852523,0.5
2014-09-29,575187.0678392159,0.0,0.0,0.0,0.5192157846561526,0.5
2014-09-30,574231.6075936358,-955.4602455800928,0.0,-0.001658374792703151,0.3285115824251401,0.5
2014-10-01,574231.6075936358,0.0,0.0,0.0,0.0,0.0
2014-10-02,574231.6075936358,0.0,0.0,0.0,0.0,0.0
2014-10-03,574231.6075936358,0.0,0.0,0.0,0.0,0.0
2014-10-06,574231.6075936358,0.0,0.0,0.0,0.0,0.0
2014-10-07,574231.6075936358,0.0,0.0,0.0,0.0,0.0
2014-10-08,574231.6075936358,0.0,0.0,0.0,0.0,0.0
2014-10-09,574231.6075936358,0.0,0.0,0.0,0.0,0.0
2014-10-10,574231.6075936358,0.0,0.0,0.0,0.0,0.0
2014-10-13,574231.6075936358,0.0,0.0,0.0,0.0,0.0
2014-10-14,574231.6075936358,0.0,0.0,0.0,0.0,0.0
2014-10-15,574231.6075936358,0.0,0.0,0.0,0.0,0.0
2014-10-16,574231.6075936358,0.0,0.0,0.0,0.0,0.0
2014-10-17,574231.6075936358,0.0,0.0,0.0,0.0,0.0
2014-10-20,574231.6075936358,0.0,0.0,0.0,0.0,0.0
2014-10-21,574231.6075936358,0.0,0.0,0.0,0.0,0.0
2014-10-22,574231.6075936358,0.0,0.0,0.0,0.0,0.0
2014-10-23,574231.6075936358,0.0,0.0,0.0,0.0,0.0
2014-10-24,574231.6075936358,0.0,0.0,0.0,0.0,0.0
2014-10-27,574231.6075936358,0.0,0.0,0.0,0.0,0.0
2014-10-28,574231.6075936358,0.0,0.0,0.0,0.0,0.0
2014-10-29,574231.6075936358,0.0,0.0,0.0,0.0,0.0
2014-10-30,574231.6075936358,0.0,0.0,0.0,0.0,0.0
2014-10-31,574231.6075936358,0.0,0.0,0.0,0.0,0.0
2014-11-03,574231.6075936358,0.0,0.0,0.0,0.0,0.0
2014-11-04,574231.6075936358,0.0,0.0,0.0,0.0,0.0
2014-11-05,574231.6075936358,0.0,0.0,0.0,0.0,0.0
2014-11-06,574231.6075936358,0.0,0.0,0.0,0.0,0.0
2014-11-07,574231.6075936358,0.0,0.0,0.0,0.0,0.0
2014-11-10,574231.6075936358,0.0,0.0,0.0,0.0,0.0
2014-11-11,574231.6075936358,0.0,0.0,0.0,0.0,0.0
2014-11-12,574231.6075936358,0.0,0.0,0.0,0.0,0.0
2014-11-13,574231.6075936358,0.0,0.0,0.0,0.0,0.0
2014-11-14,574231.6075936358,0.0,0.0,0.0,0.0,0.0
2014-11-17,574231.6075936358,0.0,0.0,0.0,0.0,0.0
2014-11-18,574231.6075936358,0.0,0.0,0.0,0.0,0.0
2014-11-19,574231.6075936358,0.0,0.0,0.0,0.0,0.0
2014-11-20,574231.6075936358,0.0,0.0,0.0,0.0,0.0
2014-11-21,574231.6075936358,0.0,0.0,0.0,0.0,0.0
2014-11-24,574231.6075936358,0.0,0.0,0.0,0.0,0.0
2014-11-25,574231.6075936358,0.0,0.0,0.0,0.0,0.0
2014-11-26,574231.6075936358,0.0,0.0,0.0,0.0,0.0
2014-11-28,574231.6075936358,0.0,0.0,0.0,0.0,0.0
2014-12-01,574231.6075936358,0.0,0.0,0.0,0.0,0.0
2014-12-02,574231.6075936358,0.0,0.0,0.0,0.0,0.0
2014-12-03,574231.6075936358,0.0,0.0,0.0,0.0,0.0
2014-12-04,574231.6075936358,0.0,0.0,0.0,0.0,0.0
2014-12-05,574231.6075936358,0.0,0.0,0.0,0.0,0.0
2014-12-08,574231.6075936358,0.0,0.0,0.0,0.0,0.0
2014-12-09,574231.6075936358,0.0,0.0,0.0,0.0,0.0
2014-12-10,574231.6075936358,0.0,0.0,0.0,0.0,0.0
2014-12-11,574231.6075936358,0.0,0.0,0.0,0.0,0.0
2014-12-12,574231.6075936358,0.0,0.0,0.0,0.0,0.0
2014-12-15,574231.6075936358,0.0,0.0,0.0,0.0,0.0
2014-12-16,574231.6075936358,0.0,0.0,0.0,0.0,0.0
2014-12-17,574231.6075936358,0.0,0.0,0.0,0.0,0.0
2014-12-18,574231.6075936358,0.0,0.0,0.0,0.0,0.0
2014-12-19,574231.6075936358,0.0,0.0,0.0,0.0,0.0
2014-12-22,574231.6075936358,0.0,0.0,0.0,0.0,0.0
2014-12-23,574231.6075936358,0.0,0.0,0.0,0.0,0.0
2014-12-24,574231.6075936358,0.0,0.0,0.0,0.0,0.0
2014-12-26,574231.6075936358,0.0,0.0,0.0,0.0,0.0
2014-12-29,574231.6075936358,0.0,0.0,0.0,0.0,0.0
2014-12-30,574231.6075936358,0.0,0.0,0.0,0.0,0.0
2014-12-31,574231.6075936358,0.0,0.0,0.0,0.0,0.0
2015-01-02,574231.6075936358,0.0,0.0,0.0,0.0,0.0
2015-01-05,574231.6075936358,0.0,0.0,0.0,0.0,0.0
2015-01-06,574231.6075936358,0.0,0.0,0.0,0.0,0.0
2015-01-07,574231.6075936358,0.0,0.0,0.0,0.0,0.0
2015-01-08,574231.6075936358,0.0,0.0,0.0,0.0,0.0
2015-01-09,574231.6075936358,0.0,0.0,0.0,0.0,0.0
2015-01-12,574231.6075936358,0.0,0.0,0.0,0.0,0.0
2015-01-13,574231.6075936358,0.0,0.0,0.0,0.0,0.0
2015-01-14,574231.6075936358,0.0,0.0,0.0,0.0,0.0
2015-01-15,574231.6075936358,0.0,0.0,0.0,0.0,0.0
2015-01-16,574231.6075936358,0.0,0.0,0.0,0.0,0.0
2015-01-20,574231.6075936358,0.0,0.0,0.0,0.0,0.0
2015-01-21,574231.6075936358,0.0,0.0,0.0,0.0,0.0
2015-01-22,574231.6075936358,0.0,0.0,0.0,0.0,0.0
2015-01-23,574231.6075936358,0.0,0.0,0.0,0.0,0.0
2015-01-26,574231.6075936358,0.0,0.0,0.0,0.0,0.0
2015-01-27,574231.6075936358,0.0,0.0,0.0,0.0,0.0
2015-01-28,574231.6075936358,0.0,0.0,0.0,0.0,0.0
2015-01-29,574231.6075936358,0.0,0.0,0.0,0.0,0.0
2015-01-30,574231.6075936358,0.0,0.0,0.0,0.0,0.0
2015-02-02,574231.6075936358,0.0,0.0,0.0,0.0,0.0
2015-02-03,574231.6075936358,0.0,0.0,0.0,0.0,0.0
2015-02-04,574231.6075936358,0.0,0.0,0.0,0.0,0.0
2015-02-05,574231.6075936358,0.0,0.0,0.0,0.0,0.0
2015-02-06,574231.6075936358,0.0,0.0,0.0,0.0,0.0
2015-02-09,574231.6075936358,0.0,0.0,0.0,0.0,0.0
2015-02-10,574231.6075936358,0.0,0.0,0.0,0.0,0.0
2015-02-11,574231.6075936358,0.0,0.0,0.0,0.0,0.0
2015-02-12,574231.6075936358,0.0,0.0,0.0,0.0,0.0
2015-02-13,574231.6075936358,0.0,0.0,0.0,0.0,0.0
2015-02-17,574231.6075936358,0.0,0.0,0.0,0.0,0.0
2015-02-18,574231.6075936358,0.0,0.0,0.0,0.0,0.0
2015-02-19,574231.6075936358,0.0,0.0,0.0,0.0,0.0
2015-02-20,574231.6075936358,0.0,0.0,0.0,0.0,0.0
2015-02-23,574231.6075936358,0.0,0.0,0.0,0.0,0.0
2015-02-24,574231.6075936358,0.0,0.0,0.0,0.0,0.0
2015-02-25,574231.6075936358,0.0,0.0,0.0,0.0,0.0
2015-02-26,574231.6075936358,0.0,0.0,0.0,0.0,0.0
2015-02-27,574231.6075936358,0.0,0.0,0.0,0.0,0.0
2015-03-02,574231.6075936358,0.0,0.0,0.0,0.0,0.0
2015-03-03,574231.6075936358,0.0,0.0,0.0,0.0,0.0
2015-03-04,574231.6075936358,0.0,0.0,0.0,0.0,0.0
2015-03-05,574231.6075936358,0.0,0.0,0.0,0.0,0.0
2015-03-06,574231.6075936358,0.0,0.0,0.0,0.0,0.0
2015-03-09,574231.6075936358,0.0,0.0,0.0,0.0,0.0
2015-03-10,574231.6075936358,0.0,0.0,0.0,0.0,0.0
2015-03-11,574231.6075936358,0.0,0.0,0.0,0.0,0.0
2015-03-12,574231.6075936358,0.0,0.0,0.0,0.0,0.0
2015-03-13,574231.6075936358,0.0,0.0,0.0,0.0,0.0
2015-03-16,574231.6075936358,0.0,0.0,0.0,0.0,0.0
2015-03-17,574231.6075936358,0.0,0.0,0.0,0.0,0.0
2015-03-18,574231.6075936358,0.0,0.0,0.0,0.0,0.0
2015-03-19,574231.6075936358,0.0,0.0,0.0,0.0,0.0
2015-03-20,574231.6075936358,0.0,0.0,0.0,0.0,0.0
2015-03-23,574231.6075936358,0.0,0.0,0.0,0.0,0.0
2015-03-24,574231.6075936358,0.0,0.0,0.0,0.0,0.0
2015-03-25,574231.6075936358,0.0,0.0,0.0,0.0,0.0
2015-03-26,574231.6075936358,0.0,0.0,0.0,0.0,0.0
2015-03-27,574231.6075936358,0.0,0.0,0.0,0.0,0.0
2015-03-30,574231.6075936358,0.0,0.0,0.0,0.0,0.0
2015-03-31,574231.6075936358,0.0,0.0,0.0,0.0,0.0
2015-04-01,574231.6075936358,0.0,0.0,0.0,0.0,0.0
2015-04-02,574231.6075936358,0.0,0.0,0.0,0.0,0.0
2015-04-06,574231.6075936358,0.0,0.0,0.0,0.0,0.0
2015-04-07,574231.6075936358,0.0,0.0,0.0,0.0,0.0
2015-04-08,574231.6075936358,0.0,0.0,0.0,0.0,0.0
2015-04-09,574231.6075936358,0.0,0.0,0.0,0.0,0.0
2015-04-10,574231.6075936358,0.0,0.0,0.0,0.0,0.0
2015-04-13,574231.6075936358,0.0,0.0,0.0,0.0,0.0
2015-04-14,574231.6075936358,0.0,0.0,0.0,0.0,0.0
2015-04-15,574231.6075936358,0.0,0.0,0.0,0.0,0.0
2015-04-16,574231.6075936358,0.0,0.0,0.0,0.0,0.0
2015-04-17,574231.6075936358,0.0,0.0,0.0,0.0,0.0
2015-04-20,574231.6075936358,0.0,0.0,0.0,0.0,0.0
2015-04-21,574231.6075936358,0.0,0.0,0.0,0.0,0.0
2015-04-22,574231.6075936358,0.0,0.0,0.0,0.0,0.0
2015-04-23,574231.6075936358,0.0,0.0,0.0,0.0,0.0
2015-04-24,574231.6075936358,0.0,0.0,0.0,0.0,0.0
2015-04-27,574231.6075936358,0.0,0.0,0.0,0.0,0.0
2015-04-28,574231.6075936358,0.0,0.0,0.0,0.0,0.0
2015-04-29,574231.6075936358,0.0,0.0,0.0,0.0,0.0
2015-04-30,574231.6075936358,0.0,0.0,0.0,0.0,0.0
2015-05-01,574231.6075936358,0.0,0.0,0.0,0.0,0.0
2015-05-04,574231.6075936358,0.0,0.0,0.0,0.0,0.0
2015-05-05,574231.6075936358,0.0,0.0,0.0,0.0,0.0
2015-05-06,574231.6075936358,0.0,0.0,0.0,0.0,0.0
2015-05-07,574231.6075936358,0.0,0.0,0.0,0.0,0.0
2015-05-08,574231.6075936358,0.0,0.0,0.0,0.0,0.0
2015-05-11,574231.6075936358,0.0,0.0,0.0,0.0,0.0
2015-05-12,574231.6075936358,0.0,0.0,0.0,0.0,0.0
2015-05-13,574231.6075936358,0.0,0.0,0.0,0.0,0.0
2015-05-14,574231.6075936358,0.0,0.0,0.0,0.0,0.0
2015-05-15,574231.6075936358,0.0,0.0,0.0,0.0,0.0
2015-05-18,574231.6075936358,0.0,0.0,0.0,0.0,0.0
2015-05-19,574231.6075936358,0.0,0.0,0.0,0.0,0.0
2015-05-20,574231.6075936358,0.0,0.0,0.0,0.0,0.0
2015-05-21,574231.6075936358,0.0,0.0,0.0,0.0,0.0
2015-05-22,574231.6075936358,0.0,0.0,0.0,0.0,0.0
2015-05-26,574231.6075936358,0.0,0.0,0.0,0.0,0.0
2015-05-27,574231.6075936358,0.0,0.0,0.0,0.0,0.0
2015-05-28,574231.6075936358,0.0,0.0,0.0,0.0,0.0
2015-05-29,574231.6075936358,0.0,0.0,0.0,0.0,0.0
2015-06-01,573944.491789839,0.0,287.1158037968179,-0.0005,0.959971845126676,0.5
2015-06-02,579490.3032892823,5545.8114994432535,0.0,0.009756904250041344,1.0277798157050095,0.5
2015-06-03,580700.6782800857,1210.3749908034492,0.0,0.0020930606987602635,0.836237083087613,0.5
2015-06-04,579771.5571948375,-929.1210852481371,0.0,-0.001597444089456869,0.7765332716721112,0.5
2015-06-05,579864.6184399731,93.06124513560795,0.0,0.00016053941242575052,0.8572192171372192,0.5
2015-06-08,579957.664752303,93.04631232990582,0.0,0.00016048788316482104,0.29061260238314535,0.5
2015-06-09,578447.3932204472,-930.3138671034698,579.957664752303,-0.0025999359385009612,-0.320809945874275,-0.5
2015-06-10,576492.5500827534,-1954.843137693819,0.0,-0.003368083400160385,-0.36039802290501427,-0.5
2015-06-11,579625.6617679858,3133.1116852323553,0.0,0.00546448087431694,-0.6022216934587108,-0.5
2015-06-12,575316.8737199368,-4308.788048049021,0.0,-0.007378889958293231,-1.0157296721023783,-0.5
2015-06-15,568891.2804838355,-6137.934799241364,287.6584368599684,-0.011050890184339059,-1.1570146576654303,-0.5
2015-06-16,568606.8348435935,0.0,284.4456402419178,-0.0005,-0.890098549422873,-0.5
2015-06-17,569134.2994399234,527.4645963298641,0.0,0.0009285051067780872,-0.8492744786761379,-0.5
2015-06-18,562787.0767695897,-6347.222670333717,0.0,-0.011029411764705881,-0.5437323500463596,-0.5
2015-06-19,565345.1998458151,2558.1230762254077,0.0,0.0045662100456621,-0.5770346752105702,-0.5
2015-06-22,563050.9702427711,-1728.8844031982112,565.345199845815,-0.004045731707317072,0.06223841651853601,0.5
2015-06-23,560655.00866727,-2395.9615755011537,0.0,-0.00423728813559322,0.1415458824487729,0.5
2015-06-24,563147.19064939,2492.1819821199924,0.0,0.004464973056197075,0.08273309299142684,0.5
2015-06-25,561129.5460049212,-1454.4974538194517,563.14719064939,-0.003573571753295954,-0.2298512427227927,-0.5
2015-06-26,555940.8972951616,-4627.519163754695,561.1295460049212,-0.009171160254468343,0.01903794736771291,0.5
2015-06-29,556053.1545917308,668.198193864377,555.9408972951617,0.00020216606498194947,-0.07030055329872859,-0.5
2015-06-30,560580.9207462062,5083.819309067083,556.0531545917308,0.008217818786870367,0.104516171775548,0.5
2015-07-01,561180.0148599808,599.0941137745715,0.0,0.0010698456365581539,0.6660295829592119,0.5
2015-07-02,562205.9381046974,1025.9232447166012,0.0,0.0018315018315018317,1.4504368048974232,0.5
2015-07-06,561437.8972056472,-768.040899050133,0.0,-0.0013642564802182808,2.3173263155329678,0.5
2015-07-07,559045.1633971605,-2392.7338084867765,0.0,-0.004243710215216733,2.4034952846178963,0.5
2015-07-08,558787.6970953196,-257.4663018408783,0.0,-0.0004603345097437471,2.423372547474882,0.5
2015-07-09,561535.2702832499,2747.5731879302743,0.0,0.004941321803582458,2.251168213503206,0.5
2015-07-10,562902.3677154672,1367.0974322172854,0.0,0.002440512507626602,2.0975221230977885,0.5
2015-07-13,563499.0237684667,596.6560529994354,0.0,0.0010610883735031075,1.8342485947940406,0.5
2015-07-14,569288.9804950088,5789.956726542117,0.0,0.010381679389312977,1.628130622634707,0.5
2015-07-15,567518.9081541152,-1770.0723408935717,0.0,-0.003099630996309963,1.3277863481401213,0.5
2015-07-16,567688.0139074388,169.10575332363385,0.0,0.00029806259314456036,0.9703965460565156,0.5
2015-07-17,566673.6815419104,-1014.3323655284792,0.0,-0.0017835909631391202,0.6238557762682866,0.5
2015-07-20,567266.4364389208,592.7548970103664,0.0,0.0010471204188481674,0.2550873516686085,0.5
2015-07-21,565828.3914911931,-1438.0449477276547,0.0,-0.002528633050721404,0.30309632580093127,0.5
2015-07-22,560824.8130892176,-5003.578401975479,0.0,-0.00876541375724261,0.2568904855253652,0.5
2015-07-23,557183.4735872038,-3080.514688924601,560.8248130892176,-0.006457359635811836,-0.07886246791748931,-0.5
2015-07-24,561783.8045250995,5157.514411482911,557.1834735872038,0.008333540952974153,0.08212266476250021,0.5
2015-07-27,562843.4407486614,1059.6362235619606,0.0,0.0018897637795275589,0.69315835331364,0.5
2015-07-28,563812.948711116,969.5079624546313,0.0,0.0017254901960784311,0.5566603970722619,0.5
2015-07-29,564956.7639940818,1143.8152829657472,0.0,0.002032838154808444,0.3285217705806086,0.5
2015-07-30,565307.9960512742,351.2320571924661,0.0,0.0006220839813374805,0.6236199540991132,0.5
2015-07-31,564254.9541461803,-1053.0419050939602,0.0,-0.0018593120545398205,0.8016882275420436,0.5
2015-08-03,560474.4987039419,-3780.4554422383535,0.0,-0.006655316514471443,0.19793501393509386,0.5
2015-08-04,560385.984095808,-88.51460813391375,0.0,-0.0001579030475288173,0.5093052791066558,0.5
2015-08-05,556402.1974790131,-3983.786616794843,0.0,-0.007058823529411763,1.0839852132112966,0.5
2015-08-06,550506.4741941874,-5617.52218608619,278.20109873950656,-0.010490242741551643,1.6561106825405718,0.5
2015-08-07,550231.2209570904,0.0,275.25323709709374,-0.0005,1.8664989319953362,0.5
2015-08-10,549168.6566424002,-1062.5643146902291,0.0,-0.0019274012206874397,2.126748444327745,0.5
2015-08-11,548015.3137447668,-1153.3428976334737,0.0,-0.0020957601160728682,2.279609074529039,0.5
2015-08-12,543836.7414303599,-4178.572314406884,0.0,-0.007567219449364031,2.2147480922030955,0.5
2015-08-13,544463.9007697359,627.1593393760329,0.0,0.0011545439551377207,2.1842430287336727,0.5
2015-08-14,544195.4274458849,-268.4733238509546,0.0,-0.0004928536224741252,2.00048688341351,0.5
2015-08-17,543568.6804909456,-626.7469549393212,0.0,-0.0011503697617091207,2.0435939855916705,0.5
2015-08-18,548319.5281271626,4750.847636217038,0.0,0.008817168524371985,1.9363381470640264,0.5
2015-08-19,551429.930636798,3110.4025096354444,0.0,0.0057049714751426246,2.103245035183059,0.5
2015-08-20,553374.0746230175,1944.1439862194802,0.0,0.0035381151495657765,2.097761540988971,0.5
2015-08-21,547650.1225462358,-5723.952076781689,0.0,-0.010237832729563712,1.9897172825489327,0.5
2015-08-24,548540.0317476434,889.909201407598,0.0,0.0016276041666666665,1.4849460213593504,0.5
2015-08-25,550850.0480782943,2310.0163306509116,0.0,0.004229017566688354,1.2925722066412935,0.5
2015-08-26,549434.4360048518,-1415.6120734424524,0.0,-0.0025632809996795902,1.0810276447824032,0.5
2015-08-27,550765.0005092226,1330.5645043708068,0.0,0.002427577277876679,0.897497084533278,0.5
2015-08-28,551030.4720711648,265.471561942106,0.0,0.00048223758238225364,0.5729393246192642,0.5
2015-08-31,549329.6187841778,-1149.822814915753,551.0304720711648,-0.003080249879865449,-1.2388552705484077,-0.5
2015-09-01,545522.2084670083,-3807.410317169511,0.0,-0.0068833039859132385,-2.494093626331277,-0.5
2015-09-02,547950.6062153511,2428.3977483428034,0.0,0.004471414883423827,-2.6074076402134305,-0.5
2015-09-03,548214.297556167,263.69134081585713,0.0,0.00048146364949446316,-2.5250364849330866,-0.5
2015-09-04,543460.9943981656,-4753.303158001448,0.0,-0.008595988538681949,-2.3366622700049087,-0.5
2015-09-08,538657.6775284848,-4803.316869680756,0.0,-0.008760951188986232,-0.8294703849832673,-0.5
2015-09-09,534211.4126046672,-4176.936085053388,269.32883876424245,-0.008190827947060634,-0.43786661700947455,-0.5
2015-09-10,533944.3068983649,0.0,267.1057063023336,-0.0005,-0.2601529015747888,-0.5
2015-09-11,536226.1201757083,2281.81327734344,0.0,0.004291845493562232,-0.010056236310195338,-0.5
2015-09-14,533048.3860743715,-2641.507981161125,536.2261201757083,-0.005897058823529412,0.5557917827979334,0.5
2015-09-15,528010.4287669613,-5037.957307410218,0.0,-0.00936273029296285,0.6424860705753505,0.5
2015-09-16,532030.3962948639,4019.9675279025955,0.0,0.007671833411617347,0.6926704198044557,0.5
2015-09-17,533251.7700237319,1221.3737288679151,0.0,0.002300966405890474,0.7733308334215373,0.5
2015-09-18,535607.6964909299,2355.926467198084,0.0,0.004437643458301454,0.6030452200758941,0.5
2015-09-21,535607.6964909299,0.0,0.0,0.0,0.5545933175606454,0.5
2015-09-22,535688.5795619796,80.8830710496723,0.0,0.00015103458692040478,0.47343556096704514,0.5
2015-09-23,535931.192143303,242.61258132336033,0.0,0.00045310376076121433,0.45075385407207974,0.5
2015-09-24,534152.8382628878,-1778.3538804151833,0.0,-0.0033072760072158747,0.47372253124790614,0.5
2015-09-25,532774.065373354,-1378.772889533722,0.0,-0.0025745873087990308,0.5774892689369187,0.5
2015-09-28,530009.3647899148,-2764.7005834392608,0.0,-0.00516246583662314,0.7285319329442702,0.5
2015-09-29,525104.8981200514,-4904.466669863493,0.0,-0.009168704156479218,0.6940800888996865,0.5
2015-09-30,519494.0978258711,-5610.80029418031,0.0,-0.010572139303482588,0.6099326311502462,0.5
2015-10-01,519494.0978258711,0.0,0.0,0.0,0.0,0.0
2015-10-02,519494.0978258711,0.0,0.0,0.0,0.0,0.0
2015-10-05,519494.0978258711,0.0,0.0,0.0,0.0,0.0
2015-10-06,519494.0978258711,0.0,0.0,0.0,0.0,0.0
2015-10-07,519494.0978258711,0.0,0.0,0.0,0.0,0.0
2015-10-08,519494.0978258711,0.0,0.0,0.0,0.0,0.0
2015-10-09,519494.0978258711,0.0,0.0,0.0,0.0,0.0
2015-10-12,519494.0978258711,0.0,0.0,0.0,0.0,0.0
2015-10-13,519494.0978258711,0.0,0.0,0.0,0.0,0.0
2015-10-14,519494.0978258711,0.0,0.0,0.0,0.0,0.0
2015-10-15,519494.0978258711,0.0,0.0,0.0,0.0,0.0
2015-10-16,519494.0978258711,0.0,0.0,0.0,0.0,0.0
2015-10-19,519494.0978258711,0.0,0.0,0.0,0.0,0.0
2015-10-20,519494.0978258711,0.0,0.0,0.0,0.0,0.0
2015-10-21,519494.0978258711,0.0,0.0,0.0,0.0,0.0
2015-10-22,519494.0978258711,0.0,0.0,0.0,0.0,0.0
2015-10-23,519494.0978258711,0.0,0.0,0.0,0.0,0.0
2015-10-26,519494.0978258711,0.0,0.0,0.0,0.0,0.0
2015-10-27,519494.0978258711,0.0,0.0,0.0,0.0,0.0
2015-10-28,519494.0978258711,0.0,0.0,0.0,0.0,0.0
2015-10-29,519494.0978258711,0.0,0.0,0.0,0.0,0.0
2015-10-30,519494.0978258711,0.0,0.0,0.0,0.0,0.0
2015-11-02,519494.0978258711,0.0,0.0,0.0,0.0,0.0
2015-11-03,519494.0978258711,0.0,0.0,0.0,0.0,0.0
2015-11-04,519494.0978258711,0.0,0.0,0.0,0.0,0.0
2015-11-05,519494.0978258711,0.0,0.0,0.0,0.0,0.0
2015-11-06,519494.0978258711,0.0,0.0,0.0,0.0,0.0
2015-11-09,519494.0978258711,0.0,0.0,0.0,0.0,0.0
2015-11-10,519494.0978258711,0.0,0.0,0.0,0.0,0.0
2015-11-11,519494.0978258711,0.0,0.0,0.0,0.0,0.0
2015-11-12,519494.0978258711,0.0,0.0,0.0,0.0,0.0
2015-11-13,519494.0978258711,0.0,0.0,0.0,0.0,0.0
2015-11-16,519494.0978258711,0.0,0.0,0.0,0.0,0.0
2015-11-17,519494.0978258711,0.0,0.0,0.0,0.0,0.0
2015-11-18,519494.0978258711,0.0,0.0,0.0,0.0,0.0
2015-11-19,519494.0978258711,0.0,0.0,0.0,0.0,0.0
2015-11-20,519494.0978258711,0.0,0.0,0.0,0.0,0.0
2015-11-23,519494.0978258711,0.0,0.0,0.0,0.0,0.0
2015-11-24,519494.0978258711,0.0,0.0,0.0,0.0,0.0
2015-11-25,519494.0978258711,0.0,0.0,0.0,0.0,0.0
2015-11-27,519494.0978258711,0.0,0.0,0.0,0.0,0.0
2015-11-30,519494.0978258711,0.0,0.0,0.0,0.0,0.0
2015-12-01,519494.0978258711,0.0,0.0,0.0,0.0,0.0
2015-12-02,519494.0978258711,0.0,0.0,0.0,0.0,0.0
2015-12-03,519494.0978258711,0.0,0.0,0.0,0.0,0.0
2015-12-04,519494.0978258711,0.0,0.0,0.0,0.0,0.0
2015-12-07,519494.0978258711,0.0,0.0,0.0,0.0,0.0
2015-12-08,519494.0978258711,0.0,0.0,0.0,0.0,0.0
2015-12-09,519494.0978258711,0.0,0.0,0.0,0.0,0.0
2015-12-10,519494.0978258711,0.0,0.0,0.0,0.0,0.0
2015-12-11,519494.0978258711,0.0,0.0,0.0,0.0,0.0
2015-12-14,519494.0978258711,0.0,0.0,0.0,0.0,0.0
2015-12-15,519494.0978258711,0.0,0.0,0.0,0.0,0.0
2015-12-16,519494.0978258711,0.0,0.0,0.0,0.0,0.0
2015-12-17,519494.0978258711,0.0,0.0,0.0,0.0,0.0
2015-12-18,519494.0978258711,0.0,0.0,0.0,0.0,0.0
2015-12-21,519494.0978258711,0.0,0.0,0.0,0.0,0.0
2015-12-22,519494.0978258711,0.0,0.0,0.0,0.0,0.0
2015-12-23,519494.0978258711,0.0,0.0,0.0,0.0,0.0
2015-12-24,519494.0978258711,0.0,0.0,0.0,0.0,0.0
2015-12-28,519494.0978258711,0.0,0.0,0.0,0.0,0.0
2015-12-29,519494.0978258711,0.0,0.0,0.0,0.0,0.0
2015-12-30,519494.0978258711,0.0,0.0,0.0,0.0,0.0
2015-12-31,519494.0978258711,0.0,0.0,0.0,0.0,0.0
2016-01-04,519494.0978258711,0.0,0.0,0.0,0.0,0.0
2016-01-05,519494.0978258711,0.0,0.0,0.0,0.0,0.0
2016-01-06,519494.0978258711,0.0,0.0,0.0,0.0,0.0
2016-01-07,519494.0978258711,0.0,0.0,0.0,0.0,0.0
2016-01-08,519494.0978258711,0.0,0.0,0.0,0.0,0.0
2016-01-11,519494.0978258711,0.0,0.0,0.0,0.0,0.0
2016-01-12,519494.0978258711,0.0,0.0,0.0,0.0,0.0
2016-01-13,519494.0978258711,0.0,0.0,0.0,0.0,0.0
2016-01-14,519494.0978258711,0.0,0.0,0.0,0.0,0.0
2016-01-15,519494.0978258711,0.0,0.0,0.0,0.0,0.0
2016-01-19,519494.0978258711,0.0,0.0,0.0,0.0,0.0
2016-01-20,519494.0978258711,0.0,0.0,0.0,0.0,0.0
2016-01-21,519494.0978258711,0.0,0.0,0.0,0.0,0.0
2016-01-22,519494.0978258711,0.0,0.0,0.0,0.0,0.0
2016-01-25,519494.0978258711,0.0,0.0,0.0,0.0,0.0
2016-01-26,519494.0978258711,0.0,0.0,0.0,0.0,0.0
2016-01-27,519494.0978258711,0.0,0.0,0.0,0.0,0.0
2016-01-28,519494.0978258711,0.0,0.0,0.0,0.0,0.0
2016-01-29,519494.0978258711,0.0,0.0,0.0,0.0,0.0
2016-02-01,519494.0978258711,0.0,0.0,0.0,0.0,0.0
2016-02-02,519494.0978258711,0.0,0.0,0.0,0.0,0.0
2016-02-03,519494.0978258711,0.0,0.0,0.0,0.0,0.0
2016-02-04,519494.0978258711,0.0,0.0,0.0,0.0,0.0
2016-02-05,519494.0978258711,0.0,0.0,0.0,0.0,0.0
2016-02-08,519494.0978258711,0.0,0.0,0.0,0.0,0.0
2016-02-09,519494.0978258711,0.0,0.0,0.0,0.0,0.0
2016-02-10,519494.0978258711,0.0,0.0,0.0,0.0,0.0
2016-02-11,519494.0978258711,0.0,0.0,0.0,0.0,0.0
2016-02-12,519494.0978258711,0.0,0.0,0.0,0.0,0.0
2016-02-16,519494.0978258711,0.0,0.0,0.0,0.0,0.0
2016-02-17,519494.0978258711,0.0,0.0,0.0,0.0,0.0
2016-02-18,519494.0978258711,0.0,0.0,0.0,0.0,0.0
2016-02-19,519494.0978258711,0.0,0.0,0.0,0.0,0.0
2016-02-22,519494.0978258711,0.0,0.0,0.0,0.0,0.0
2016-02-23,519494.0978258711,0.0,0.0,0.0,0.0,0.0
2016-02-24,519494.0978258711,0.0,0.0,0.0,0.0,0.0
2016-02-25,519494.0978258711,0.0,0.0,0.0,0.0,0.0
2016-02-26,519494.0978258711,0.0,0.0,0.0,0.0,0.0
2016-02-29,519494.0978258711,0.0,0.0,0.0,0.0,0.0
2016-03-01,519494.0978258711,0.0,0.0,0.0,0.0,0.0
2016-03-02,519494.0978258711,0.0,0.0,0.0,0.0,0.0
2016-03-03,519494.0978258711,0.0,0.0,0.0,0.0,0.0
2016-03-04,519494.0978258711,0.0,0.0,0.0,0.0,0.0
2016-03-07,519494.0978258711,0.0,0.0,0.0,0.0,0.0
2016-03-08,519494.0978258711,0.0,0.0,0.0,0.0,0.0
2016-03-09,519494.0978258711,0.0,0.0,0.0,0.0,0.0
2016-03-10,519494.0978258711,0.0,0.0,0.0,0.0,0.0
2016-03-11,519494.0978258711,0.0,0.0,0.0,0.0,0.0
2016-03-14,519494.0978258711,0.0,0.0,0.0,0.0,0.0
2016-03-15,519494.0978258711,0.0,0.0,0.0,0.0,0.0
2016-03-16,519494.0978258711,0.0,0.0,0.0,0.0,0.0
2016-03-17,519494.0978258711,0.0,0.0,0.0,0.0,0.0
2016-03-18,519494.0978258711,0.0,0.0,0.0,0.0,0.0
2016-03-21,519494.0978258711,0.0,0.0,0.0,0.0,0.0
2016-03-22,519494.0978258711,0.0,0.0,0.0,0.0,0.0
2016-03-23,519494.0978258711,0.0,0.0,0.0,0.0,0.0
2016-03-24,519494.0978258711,0.0,0.0,0.0,0.0,0.0
2016-03-28,519494.0978258711,0.0,0.0,0.0,0.0,0.0
2016-03-29,519494.0978258711,0.0,0.0,0.0,0.0,0.0
2016-03-30,519494.0978258711,0.0,0.0,0.0,0.0,0.0
2016-03-31,519494.0978258711,0.0,0.0,0.0,0.0,0.0
2016-04-01,519494.0978258711,0.0,0.0,0.0,0.0,0.0
2016-04-04,519494.0978258711,0.0,0.0,0.0,0.0,0.0
2016-04-05,519494.0978258711,0.0,0.0,0.0,0.0,0.0
2016-04-06,519494.0978258711,0.0,0.0,0.0,0.0,0.0
2016-04-07,519494.0978258711,0.0,0.0,0.0,0.0,0.0
2016-04-08,519494.0978258711,0.0,0.0,0.0,0.0,0.0
2016-04-11,519494.0978258711,0.0,0.0,0.0,0.0,0.0
2016-04-12,519494.0978258711,0.0,0.0,0.0,0.0,0.0
2016-04-13,519494.0978258711,0.0,0.0,0.0,0.0,0.0
2016-04-14,519494.0978258711,0.0,0.0,0.0,0.0,0.0
2016-04-15,519494.0978258711,0.0,0.0,0.0,0.0,0.0
2016-04-18,519494.0978258711,0.0,0.0,0.0,0.0,0.0
2016-04-19,519494.0978258711,0.0,0.0,0.0,0.0,0.0
2016-04-20,519494.0978258711,0.0,0.0,0.0,0.0,0.0
2016-04-21,519494.0978258711,0.0,0.0,0.0,0.0,0.0
2016-04-22,519494.0978258711,0.0,0.0,0.0,0.0,0.0
2016-04-25,519494.0978258711,0.0,0.0,0.0,0.0,0.0
2016-04-26,519494.0978258711,0.0,0.0,0.0,0.0,0.0
2016-04-27,519494.0978258711,0.0,0.0,0.0,0.0,0.0
2016-04-28,519494.0978258711,0.0,0.0,0.0,0.0,0.0
2016-04-29,519494.0978258711,0.0,0.0,0.0,0.0,0.0
2016-05-02,519494.0978258711,0.0,0.0,0.0,0.0,0.0
2016-05-03,519494.0978258711,0.0,0.0,0.0,0.0,0.0
2016-05-04,519494.0978258711,0.0,0.0,0.0,0.0,0.0
2016-05-05,519494.0978258711,0.0,0.0,0.0,0.0,0.0
2016-05-06,519494.0978258711,0.0,0.0,0.0,0.0,0.0
2016-05-09,519494.0978258711,0.0,0.0,0.0,0.0,0.0
2016-05-10,519494.0978258711,0.0,0.0,0.0,0.0,0.0
2016-05-11,519494.0978258711,0.0,0.0,0.0,0.0,0.0
2016-05-12,519494.0978258711,0.0,0.0,0.0,0.0,0.0
2016-05-13,519494.0978258711,0.0,0.0,0.0,0.0,0.0
2016-05-16,519494.0978258711,0.0,0.0,0.0,0.0,0.0
2016-05-17,519494.0978258711,0.0,0.0,0.0,0.0,0.0
2016-05-18,519494.0978258711,0.0,0.0,0.0,0.0,0.0
2016-05-19,519494.0978258711,0.0,0.0,0.0,0.0,0.0
2016-05-20,519494.0978258711,0.0,0.0,0.0,0.0,0.0
2016-05-23,519494.0978258711,0.0,0.0,0.0,0.0,0.0
2016-05-24,519494.0978258711,0.0,0.0,0.0,0.0,0.0
2016-05-25,519494.0978258711,0.0,0.0,0.0,0.0,0.0
2016-05-26,519494.0978258711,0.0,0.0,0.0,0.0,0.0
2016-05-27,519494.0978258711,0.0,0.0,0.0,0.0,0.0
2016-05-31,519494.0978258711,0.0,0.0,0.0,0.0,0.0
2016-06-01,519234.35077695816,0.0,259.74704891293555,-0.0005,-1.4761947904425057,-0.5
2016-06-02,518296.7969590746,-937.5538178835423,0.0,-0.00180239226609864,-1.3660768513765769,-0.5
2016-06-03,520500.87231415085,2204.0753550762083,0.0,0.0042706964520367935,-1.3576482803303829,-0.5
2016-06-06,517753.25965924276,-2747.6126549080877,0.0,-0.005251066622907778,-1.277139473601781,-0.5
2016-06-07,515640.3260171466,-2112.9336420961586,0.0,-0.0040643797756462355,-0.987591184767392,-0.5
2016-06-08,513553.05138139066,-2087.2746357559363,0.0,-0.004031607805192711,-0.7050832619217071,-0.5
2016-06-09,513305.5956868606,-247.45569453006294,0.0,-0.00048161823727725157,-0.6939626986088837,-0.5
2016-06-10,511740.63960244943,-1564.9560844111604,0.0,-0.00303951367781155,-0.6672773457752119,-0.5
2016-06-13,510761.23167976533,-979.4079226841138,0.0,-0.0019102196752626554,-0.7643491835605745,-0.5
2016-06-14,510923.5326748971,162.30099513179707,0.0,0.0003178639542275906,-0.9486972067874507,-0.5
2016-06-15,509705.11407551344,-1218.4185993836973,0.0,-0.0023790642347343376,-1.3112921114402238,-0.5
2016-06-16,517850.7179555177,8145.603880004249,0.0,0.016240553143592216,-1.5485604228476664,-0.5
2016-06-17,513872.4597430448,-3978.258212472921,0.0,-0.007623682076236821,-1.6284051720865267,-0.5
2016-06-20,508578.2167579265,-5294.242985118298,0.0,-0.010197578075207138,-1.8964743865647873,-0.5
2016-06-21,506572.7821492596,-2005.4346086669025,0.0,-0.003927729772191673,-1.8518093601047616,-0.5
2016-06-22,505526.73710067436,-792.7586575105784,253.2863910746298,-0.00206171875,-1.5446532079937205,-0.5
2016-06-23,505273.973732124,0.0,252.7633685503372,-0.0005,-1.3837254107032408,-0.5
2016-06-24,518159.63148572535,12885.657753601308,0.0,0.026169706582077717,-1.252819559827589,-0.5
2016-06-27,521197.70098629314,3038.069500567771,0.0,0.005897771952817825,-0.834684798338734,-0.5
2016-06-28,519823.41568375845,-1374.2853025347215,0.0,-0.0026298487836949377,-0.6342981234899382,-0.5
2016-06-29,517437.3409888166,-2386.074694941842,0.0,-0.0045691906005221935,-0.49345203282719086,-0.5
2016-06-30,523657.3480117491,6220.007022932493,0.0,0.012167050312397239,-0.3324479940809885,-0.5
2016-07-01,521042.54767214315,-2614.8003396059376,0.0,-0.004968532626697582,-0.3144454389024977,-0.5
2016-07-05,515031.8393107308,-6010.70836141233,0.0,-0.01140436624307592,-0.27570297068477273,-0.5
2016-07-06,513787.4002660045,-1244.439044726315,0.0,-0.0024104129840912744,-0.1919252363748342,-0.5
2016-07-07,511316.4765712337,-2470.9236947707814,0.0,-0.004786215698787492,-0.1656832230380422,-0.5
2016-07-08,512371.9091205233,1055.4325492896216,0.0,0.0020684168655529032,-0.09654187049530058,-0.5
2016-07-11,511696.1533118108,-163.3838995920036,512.3719091205234,-0.0013184571246413772,0.0952645387525743,0.5
2016-07-12,512919.13646982185,1222.9831580110201,0.0,0.0023957834211787254,0.06598739181907025,0.5
2016-07-13,514765.0271902542,2358.8098569021304,512.9191364698219,0.0036154213796399555,-0.21191861540139625,-0.5
2016-07-14,513551.72181504144,-1213.3053752127298,0.0,-0.0023514657469822856,-0.190237966566563,-0.5
2016-07-15,523896.8895386797,10601.943584545741,256.7758609075207,0.02056898754391568,0.0,0.0
2016-07-18,523634.9410939103,0.0,261.94844476933986,-0.0005,-0.1918858266648453,-0.5
2016-07-19,530756.6308964866,7383.507273123209,261.8174705469552,0.013795002465888542,0.0,0.0
2016-07-20,530756.6308964866,0.0,0.0,0.0,0.0,0.0
2016-07-21,530756.6308964866,0.0,0.0,0.0,0.0,0.0
2016-07-22,530756.6308964866,0.0,0.0,0.0,0.0,0.0
2016-07-25,530491.2525810383,0.0,265.3783154482433,-0.0005,0.6529378354150975,0.5
2016-07-26,530212.4379773692,-278.8146036690811,0.0,-0.0005253020486779899,0.7697962094261899,0.5
2016-07-27,530770.3605708213,557.9225934521598,0.0,0.0010533707865168541,0.8127002825103241,0.5
2016-07-28,530120.134367812,-650.2262030094065,0.0,-0.00122356231428072,0.8338631049250587,0.5
2016-07-29,528725.0813826335,-1395.0529851784524,0.0,-0.0026246719160104987,0.8510423560657616,0.5
2016-08-01,536682.0674839352,8485.711182684243,528.7250813826336,0.015294855708908407,-0.02285415483520978,-0.5
2016-08-02,539433.3426077421,2751.275123806913,0.0,0.005152868430092752,-0.043239720951720496,-0.5
2016-08-03,530399.3242664177,-9034.018341324409,0.0,-0.016471387332314482,-0.07204565923654767,-0.5
2016-08-04,530576.5375388087,177.21327239105167,0.0,0.00033422459893048126,-0.013818345783922496,-0.5
2016-08-05,527650.3839864946,-2660.8652835446774,265.28826876940434,-0.0054875249500998015,-0.007298928235150466,0.0
2016-08-08,527386.5587945014,0.0,263.8251919932473,-0.0005,0.03618842502298586,0.5
2016-08-09,522601.62630791316,-4784.9324865881845,0.0,-0.008991335622036948,0.1506666747112391,0.5
2016-08-10,526464.9447819636,3863.3184740504335,0.0,0.007447528774542993,0.20944957735868802,0.5
2016-08-11,524896.0095160571,-1568.9352659065141,0.0,-0.0029712776493892377,0.2715095387032589,0.5
2016-08-12,524109.19004809496,-786.8194679621108,0.0,-0.0014967570264427072,0.3414627959679174,0.5
2016-08-15,527348.7557065947,3239.5656584997514,0.0,0.0062195326945705155,0.48079670869514896,0.5
2016-08-16,528305.9894215736,957.2337149789672,0.0,0.0018184823937840962,0.4099446496077956,0.5
2016-08-17,529522.0834452339,1216.094023660314,0.0,0.002307185234014502,0.4290771494337527,0.5
2016-08-18,534201.9840190542,4679.900573820398,0.0,0.00891677675033025,0.63618686468284,0.5
2016-08-19,532999.2133892268,-1202.770629827398,0.0,-0.0022464698331193843,0.6856938162733429,0.5
2016-08-22,523355.2857802457,-9643.927608981165,0.0,-0.017772135829895272,0.664057440701135,0.5
2016-08-23,528267.7725391618,4912.48675891615,0.0,0.009475465313028763,0.879224337135678,0.5
2016-08-24,526181.8188470033,-2085.9536921585855,0.0,-0.003933136676499508,0.9949000655384828,0.5
2016-08-25,527054.4255117578,872.6066647545659,0.0,0.0016611295681063123,0.8229211767317565,0.5
2016-08-26,525921.9118701624,-1132.5136415955128,0.0,-0.0021441530595414813,0.741609809744108,0.5
2016-08-29,520072.5147759889,-5849.397094173452,0.0,-0.01099983582334592,0.732656181556024,0.5
2016-08-30,517246.993473301,-2825.5213026878855,0.0,-0.005403579871664978,0.7029997131783002,0.5
2016-08-31,517957.2536771778,710.2602038768295,0.0,0.0013750429700928155,0.7222747322329316,0.5
2016-09-01,517868.59272995475,-88.6609472230705,0.0,-0.00017114495978093444,0.5268582869827487,0.5
2016-09-02,517616.7525239011,266.0283866763466,517.8685927299548,-0.00048655131060476283,-0.07383114140992696,-0.5
2016-09-06,515403.20158084645,-2213.5509430546576,0.0,-0.0042582183614375746,-0.08430515594749224,-0.5
2016-09-07,516627.0219373817,1223.8203565352528,0.0,0.0023801428085685142,-0.2821923617857324,-0.5
2016-09-08,519796.5128695129,3169.490932131176,0.0,0.00617283950617284,-0.06510694264657861,-0.5
2016-09-09,528603.6379126181,9326.921555974695,519.7965128695129,0.017252986647926915,0.4251111997535413,0.5
2016-09-12,531744.799759527,3405.4636658651134,264.30181895630903,0.005980907780979828,-0.22185535183417204,-0.5
2016-09-13,531478.9273596472,0.0,265.87239987976346,-0.0005,-0.8946710496941012,-0.5
2016-09-14,528936.4165448509,-2542.510814796328,0.0,-0.004761065067889261,-0.9269122502662888,-0.5
2016-09-15,526801.3625644137,-2135.053980437271,0.0,-0.004020276175493795,-1.1896038953940498,-0.5
2016-09-16,533129.5822748846,6328.2197104708475,0.0,0.012158590308370045,-1.2158273753094893,-0.5
2016-09-19,526567.6948012908,-6561.887473593834,0.0,-0.012158590308370045,-1.9370676522820172,-0.5
2016-09-20,527117.7306941891,550.0358928982843,0.0,0.0010456605088881145,-1.5787393069985818,-0.5
2016-09-21,526106.1649165136,-1011.5657776755198,0.0,-0.001915375239421905,-1.7598672355355696,-0.5
2016-09-22,522174.54081303603,-3931.624103477596,0.0,-0.00741762980852165,-1.7496383087267984,-0.5
2016-09-23,528254.6553293522,6080.114516316174,0.0,0.011781011781011782,-2.0648955727714284,-0.5
2016-09-26,528902.9341840692,648.278854716947,0.0,0.001228716868527295,-1.3296159885667524,-0.5
2016-09-27,526765.0137119719,-2137.920472097292,0.0,-0.004025905828811484,-1.5132986990091581,-0.5
2016-09-28,530713.9146167164,3948.9009047445593,0.0,0.007553135429474793,-1.9012643394977562,-0.5
2016-09-29,539825.2862481893,9111.37163147283,0.0,0.017468035296236268,-1.827538872960005,-0.5
2016-09-30,536560.2139523333,-3265.0722958559836,0.0,-0.006012024048096192,-1.705077729148817,-0.5
2016-10-03,536560.2139523333,0.0,0.0,0.0,0.0,0.0
2016-10-04,536560.2139523333,0.0,0.0,0.0,0.0,0.0
2016-10-05,536560.2139523333,0.0,0.0,0.0,0.0,0.0
2016-10-06,536560.2139523333,0.0,0.0,0.0,0.0,0.0
2016-10-07,536560.2139523333,0.0,0.0,0.0,0.0,0.0
2016-10-11,536560.2139523333,0.0,0.0,0.0,0.0,0.0
2016-10-12,536560.2139523333,0.0,0.0,0.0,0.0,0.0
2016-10-13,536560.2139523333,0.0,0.0,0.0,0.0,0.0
2016-10-14,536560.2139523333,0.0,0.0,0.0,0.0,0.0
2016-10-17,536560.2139523333,0.0,0.0,0.0,0.0,0.0
2016-10-18,536560.2139523333,0.0,0.0,0.0,0.0,0.0
2016-10-19,536560.2139523333,0.0,0.0,0.0,0.0,0.0
2016-10-20,536560.2139523333,0.0,0.0,0.0,0.0,0.0
2016-10-21,536560.2139523333,0.0,0.0,0.0,0.0,0.0
2016-10-24,536560.2139523333,0.0,0.0,0.0,0.0,0.0
2016-10-25,536560.2139523333,0.0,0.0,0.0,0.0,0.0
2016-10-26,536560.2139523333,0.0,0.0,0.0,0.0,0.0
2016-10-27,536560.2139523333,0.0,0.0,0.0,0.0,0.0
2016-10-28,536560.2139523333,0.0,0.0,0.0,0.0,0.0
2016-10-31,536560.2139523333,0.0,0.0,0.0,0.0,0.0
2016-11-01,536560.2139523333,0.0,0.0,0.0,0.0,0.0
2016-11-02,536560.2139523333,0.0,0.0,0.0,0.0,0.0
2016-11-03,536560.2139523333,0.0,0.0,0.0,0.0,0.0
2016-11-04,536560.2139523333,0.0,0.0,0.0,0.0,0.0
2016-11-07,536560.2139523333,0.0,0.0,0.0,0.0,0.0
2016-11-08,536560.2139523333,0.0,0.0,0.0,0.0,0.0
2016-11-09,536560.2139523333,0.0,0.0,0.0,0.0,0.0
2016-11-10,536560.2139523333,0.0,0.0,0.0,0.0,0.0
2016-11-14,536560.2139523333,0.0,0.0,0.0,0.0,0.0
2016-11-15,536560.2139523333,0.0,0.0,0.0,0.0,0.0
2016-11-16,536560.2139523333,0.0,0.0,0.0,0.0,0.0
2016-11-17,536560.2139523333,0.0,0.0,0.0,0.0,0.0
2016-11-18,536560.2139523333,0.0,0.0,0.0,0.0,0.0
2016-11-21,536560.2139523333,0.0,0.0,0.0,0.0,0.0
2016-11-22,536560.2139523333,0.0,0.0,0.0,0.0,0.0
2016-11-23,536560.2139523333,0.0,0.0,0.0,0.0,0.0
2016-11-25,536560.2139523333,0.0,0.0,0.0,0.0,0.0
2016-11-28,536560.2139523333,0.0,0.0,0.0,0.0,0.0
2016-11-29,536560.2139523333,0.0,0.0,0.0,0.0,0.0
2016-11-30,536560.2139523333,0.0,0.0,0.0,0.0,0.0
2016-12-01,536560.2139523333,0.0,0.0,0.0,0.0,0.0
2016-12-02,536560.2139523333,0.0,0.0,0.0,0.0,0.0
2016-12-05,536560.2139523333,0.0,0.0,0.0,0.0,0.0
2016-12-06,536560.2139523333,0.0,0.0,0.0,0.0,0.0
2016-12-07,536560.2139523333,0.0,0.0,0.0,0.0,0.0
2016-12-08,536560.2139523333,0.0,0.0,0.0,0.0,0.0
2016-12-09,536560.2139523333,0.0,0.0,0.0,0.0,0.0
2016-12-12,536560.2139523333,0.0,0.0,0.0,0.0,0.0
2016-12-13,536560.2139523333,0.0,0.0,0.0,0.0,0.0
2016-12-14,536560.2139523333,0.0,0.0,0.0,0.0,0.0
2016-12-15,536560.2139523333,0.0,0.0,0.0,0.0,0.0
2016-12-16,536560.2139523333,0.0,0.0,0.0,0.0,0.0
2016-12-19,536560.2139523333,0.0,0.0,0.0,0.0,0.0
2016-12-20,536560.2139523333,0.0,0.0,0.0,0.0,0.0
2016-12-21,536560.2139523333,0.0,0.0,0.0,0.0,0.0
2016-12-22,536560.2139523333,0.0,0.0,0.0,0.0,0.0
2016-12-23,536560.2139523333,0.0,0.0,0.0,0.0,0.0
2016-12-27,536560.2139523333,0.0,0.0,0.0,0.0,0.0
2016-12-28,536560.2139523333,0.0,0.0,0.0,0.0,0.0
2016-12-29,536560.2139523333,0.0,0.0,0.0,0.0,0.0
2016-12-30,536560.2139523333,0.0,0.0,0.0,0.0,0.0
2017-01-03,536560.2139523333,0.0,0.0,0.0,0.0,0.0
2017-01-04,536560.2139523333,0.0,0.0,0.0,0.0,0.0
2017-01-05,536560.2139523333,0.0,0.0,0.0,0.0,0.0
2017-01-06,536560.2139523333,0.0,0.0,0.0,0.0,0.0
2017-01-09,536560.2139523333,0.0,0.0,0.0,0.0,0.0
2017-01-10,536560.2139523333,0.0,0.0,0.0,0.0,0.0
2017-01-11,536560.2139523333,0.0,0.0,0.0,0.0,0.0
2017-01-12,536560.2139523333,0.0,0.0,0.0,0.0,0.0
2017-01-13,536560.2139523333,0.0,0.0,0.0,0.0,0.0
2017-01-17,536560.2139523333,0.0,0.0,0.0,0.0,0.0
2017-01-18,536560.2139523333,0.0,0.0,0.0,0.0,0.0
2017-01-19,536560.2139523333,0.0,0.0,0.0,0.0,0.0
2017-01-20,536560.2139523333,0.0,0.0,0.0,0.0,0.0
2017-01-23,536560.2139523333,0.0,0.0,0.0,0.0,0.0
2017-01-24,536560.2139523333,0.0,0.0,0.0,0.0,0.0
2017-01-25,536560.2139523333,0.0,0.0,0.0,0.0,0.0
2017-01-26,536560.2139523333,0.0,0.0,0.0,0.0,0.0
2017-01-27,536560.2139523333,0.0,0.0,0.0,0.0,0.0
2017-01-30,536560.2139523333,0.0,0.0,0.0,0.0,0.0
2017-01-31,536560.2139523333,0.0,0.0,0.0,0.0,0.0
2017-02-01,536560.2139523333,0.0,0.0,0.0,0.0,0.0
2017-02-02,536560.2139523333,0.0,0.0,0.0,0.0,0.0
2017-02-03,536560.2139523333,0.0,0.0,0.0,0.0,0.0
2017-02-06,536560.2139523333,0.0,0.0,0.0,0.0,0.0
2017-02-07,536560.2139523333,0.0,0.0,0.0,0.0,0.0
2017-02-08,536560.2139523333,0.0,0.0,0.0,0.0,0.0
2017-02-09,536560.2139523333,0.0,0.0,0.0,0.0,0.0
2017-02-10,536560.2139523333,0.0,0.0,0.0,0.0,0.0
2017-02-13,536560.2139523333,0.0,0.0,0.0,0.0,0.0
2017-02-14,536560.2139523333,0.0,0.0,0.0,0.0,0.0
2017-02-15,536560.2139523333,0.0,0.0,0.0,0.0,0.0
2017-02-16,536560.2139523333,0.0,0.0,0.0,0.0,0.0
2017-02-17,536560.2139523333,0.0,0.0,0.0,0.0,0.0
2017-02-21,536560.2139523333,0.0,0.0,0.0,0.0,0.0
2017-02-22,536560.2139523333,0.0,0.0,0.0,0.0,0.0
2017-02-23,536560.2139523333,0.0,0.0,0.0,0.0,0.0
2017-02-24,536560.2139523333,0.0,0.0,0.0,0.0,0.0
2017-02-27,536560.2139523333,0.0,0.0,0.0,0.0,0.0
2017-02-28,536560.2139523333,0.0,0.0,0.0,0.0,0.0
2017-03-01,536560.2139523333,0.0,0.0,0.0,0.0,0.0
2017-03-02,536560.2139523333,0.0,0.0,0.0,0.0,0.0
2017-03-03,536560.2139523333,0.0,0.0,0.0,0.0,0.0
2017-03-06,536560.2139523333,0.0,0.0,0.0,0.0,0.0
2017-03-07,536560.2139523333,0.0,0.0,0.0,0.0,0.0
2017-03-08,536560.2139523333,0.0,0.0,0.0,0.0,0.0
2017-03-09,536560.2139523333,0.0,0.0,0.0,0.0,0.0
2017-03-10,536560.2139523333,0.0,0.0,0.0,0.0,0.0
2017-03-13,536560.2139523333,0.0,0.0,0.0,0.0,0.0
2017-03-14,536560.2139523333,0.0,0.0,0.0,0.0,0.0
2017-03-15,536560.2139523333,0.0,0.0,0.0,0.0,0.0
2017-03-16,536560.2139523333,0.0,0.0,0.0,0.0,0.0
2017-03-17,536560.2139523333,0.0,0.0,0.0,0.0,0.0
2017-03-20,536560.2139523333,0.0,0.0,0.0,0.0,0.0
2017-03-21,536560.2139523333,0.0,0.0,0.0,0.0,0.0
2017-03-22,536560.2139523333,0.0,0.0,0.0,0.0,0.0
2017-03-23,536560.2139523333,0.0,0.0,0.0,0.0,0.0
2017-03-24,536560.2139523333,0.0,0.0,0.0,0.0,0.0
2017-03-27,536560.2139523333,0.0,0.0,0.0,0.0,0.0
2017-03-28,536560.2139523333,0.0,0.0,0.0,0.0,0.0
2017-03-29,536560.2139523333,0.0,0.0,0.0,0.0,0.0
2017-03-30,536560.2139523333,0.0,0.0,0.0,0.0,0.0
2017-03-31,536560.2139523333,0.0,0.0,0.0,0.0,0.0
2017-04-03,536560.2139523333,0.0,0.0,0.0,0.0,0.0
2017-04-04,536560.2139523333,0.0,0.0,0.0,0.0,0.0
2017-04-05,536560.2139523333,0.0,0.0,0.0,0.0,0.0
2017-04-06,536560.2139523333,0.0,0.0,0.0,0.0,0.0
2017-04-07,536560.2139523333,0.0,0.0,0.0,0.0,0.0
2017-04-10,536560.2139523333,0.0,0.0,0.0,0.0,0.0
2017-04-11,536560.2139523333,0.0,0.0,0.0,0.0,0.0
2017-04-12,536560.2139523333,0.0,0.0,0.0,0.0,0.0
2017-04-13,536560.2139523333,0.0,0.0,0.0,0.0,0.0
2017-04-17,536560.2139523333,0.0,0.0,0.0,0.0,0.0
2017-04-18,536560.2139523333,0.0,0.0,0.0,0.0,0.0
2017-04-19,536560.2139523333,0.0,0.0,0.0,0.0,0.0
2017-04-20,536560.2139523333,0.0,0.0,0.0,0.0,0.0
2017-04-21,536560.2139523333,0.0,0.0,0.0,0.0,0.0
2017-04-24,536560.2139523333,0.0,0.0,0.0,0.0,0.0
2017-04-25,536560.2139523333,0.0,0.0,0.0,0.0,0.0
2017-04-26,536560.2139523333,0.0,0.0,0.0,0.0,0.0
2017-04-27,536560.2139523333,0.0,0.0,0.0,0.0,0.0
2017-04-28,536560.2139523333,0.0,0.0,0.0,0.0,0.0
2017-05-01,536560.2139523333,0.0,0.0,0.0,0.0,0.0
2017-05-02,536560.2139523333,0.0,0.0,0.0,0.0,0.0
2017-05-03,536560.2139523333,0.0,0.0,0.0,0.0,0.0
2017-05-04,536560.2139523333,0.0,0.0,0.0,0.0,0.0
2017-05-05,536560.2139523333,0.0,0.0,0.0,0.0,0.0
2017-05-08,536560.2139523333,0.0,0.0,0.0,0.0,0.0
2017-05-09,536560.2139523333,0.0,0.0,0.0,0.0,0.0
2017-05-10,536560.2139523333,0.0,0.0,0.0,0.0,0.0
2017-05-11,536560.2139523333,0.0,0.0,0.0,0.0,0.0
2017-05-12,536560.2139523333,0.0,0.0,0.0,0.0,0.0
2017-05-15,536560.2139523333,0.0,0.0,0.0,0.0,0.0
2017-05-16,536560.2139523333,0.0,0.0,0.0,0.0,0.0
2017-05-17,536560.2139523333,0.0,0.0,0.0,0.0,0.0
2017-05-18,536560.2139523333,0.0,0.0,0.0,0.0,0.0
2017-05-19,536560.2139523333,0.0,0.0,0.0,0.0,0.0
2017-05-22,536560.2139523333,0.0,0.0,0.0,0.0,0.0
2017-05-23,536560.2139523333,0.0,0.0,0.0,0.0,0.0
2017-05-24,536560.2139523333,0.0,0.0,0.0,0.0,0.0
2017-05-25,536560.2139523333,0.0,0.0,0.0,0.0,0.0
2017-05-26,536560.2139523333,0.0,0.0,0.0,0.0,0.0
2017-05-30,536560.2139523333,0.0,0.0,0.0,0.0,0.0
2017-05-31,536560.2139523333,0.0,0.0,0.0,0.0,0.0
2017-06-01,536560.2139523333,0.0,0.0,0.0,0.0,0.0
2017-06-02,536560.2139523333,0.0,0.0,0.0,0.0,0.0
2017-06-05,536560.2139523333,0.0,0.0,0.0,0.0,0.0
2017-06-06,536560.2139523333,0.0,0.0,0.0,0.0,0.0
2017-06-07,536560.2139523333,0.0,0.0,0.0,0.0,0.0
2017-06-08,536560.2139523333,0.0,0.0,0.0,0.0,0.0
2017-06-09,536560.2139523333,0.0,0.0,0.0,0.0,0.0
2017-06-12,536560.2139523333,0.0,0.0,0.0,0.0,0.0
2017-06-13,536560.2139523333,0.0,0.0,0.0,0.0,0.0
2017-06-14,536560.2139523333,0.0,0.0,0.0,0.0,0.0
2017-06-15,536560.2139523333,0.0,0.0,0.0,0.0,0.0
2017-06-16,536560.2139523333,0.0,0.0,0.0,0.0,0.0
2017-06-19,536560.2139523333,0.0,0.0,0.0,0.0,0.0
2017-06-20,536560.2139523333,0.0,0.0,0.0,0.0,0.0
2017-06-21,536560.2139523333,0.0,0.0,0.0,0.0,0.0
2017-06-22,536560.2139523333,0.0,0.0,0.0,0.0,0.0
2017-06-23,536560.2139523333,0.0,0.0,0.0,0.0,0.0
2017-06-26,536560.2139523333,0.0,0.0,0.0,0.0,0.0
2017-06-27,536291.9338453572,0.0,268.2801069761667,-0.0005,0.04282801326324859,0.5
2017-06-28,537466.0814837706,1174.1476384134803,0.0,0.002194185408667032,0.19251096954366792,0.5
2017-06-29,535562.2506774248,-1903.8308063457814,0.0,-0.003529731197393429,0.6736543192258596,0.5
2017-06-30,547199.1189222484,11904.649370162299,267.7811253387124,0.022222284591636266,0.0,0.0
2017-07-03,547199.1189222484,0.0,0.0,0.0,0.0,0.0
2017-07-05,547199.1189222484,0.0,0.0,0.0,0.0,0.0
2017-07-06,547199.1189222484,0.0,0.0,0.0,0.0,0.0
2017-07-07,547199.1189222484,0.0,0.0,0.0,0.0,0.0
2017-07-10,547199.1189222484,0.0,0.0,0.0,0.0,0.0
2017-07-11,547199.1189222484,0.0,0.0,0.0,0.0,0.0
2017-07-12,547199.1189222484,0.0,0.0,0.0,0.0,0.0
2017-07-13,547199.1189222484,0.0,0.0,0.0,0.0,0.0
2017-07-14,547199.1189222484,0.0,0.0,0.0,0.0,0.0
2017-07-17,547199.1189222484,0.0,0.0,0.0,0.0,0.0
2017-07-18,547199.1189222484,0.0,0.0,0.0,0.0,0.0
2017-07-19,547199.1189222484,0.0,0.0,0.0,0.0,0.0
2017-07-20,546925.5193627873,0.0,273.5995594611242,-0.0005,-2.2150547676371115,-0.5
2017-07-21,545247.8337205701,-1677.6856422171388,0.0,-0.0030581039755351682,-1.7402271853700941,-0.5
2017-07-24,545247.8337205701,0.0,0.0,0.0,-1.1291317075052312,-0.5
2017-07-25,551066.0270681981,5818.193347628035,0.0,0.010785824345146378,-0.8928164434023207,-0.5
2017-07-26,553068.8630959641,2002.8360277660368,0.0,0.0036477331943720686,-0.7467875732605502,-0.5
2017-07-27,538184.5998012644,-14607.728863151771,276.534431547982,-0.026219617834394904,0.0,0.0
2017-07-28,538184.5998012644,0.0,0.0,0.0,0.0,0.0
2017-07-31,538184.5998012644,0.0,0.0,0.0,0.0,0.0
2017-08-01,538184.5998012644,0.0,0.0,0.0,0.0,0.0
2017-08-02,538184.5998012644,0.0,0.0,0.0,0.0,0.0
2017-08-03,538184.5998012644,0.0,0.0,0.0,0.0,0.0
2017-08-04,538184.5998012644,0.0,0.0,0.0,0.0,0.0
2017-08-07,538184.5998012644,0.0,0.0,0.0,0.0,0.0
2017-08-08,538184.5998012644,0.0,0.0,0.0,0.0,0.0
2017-08-09,538184.5998012644,0.0,0.0,0.0,0.0,0.0
2017-08-10,538184.5998012644,0.0,0.0,0.0,0.0,0.0
2017-08-11,538184.5998012644,0.0,0.0,0.0,0.0,0.0
2017-08-14,538184.5998012644,0.0,0.0,0.0,0.0,0.0
2017-08-15,538184.5998012644,0.0,0.0,0.0,0.0,0.0
2017-08-16,538184.5998012644,0.0,0.0,0.0,0.0,0.0
2017-08-17,538184.5998012644,0.0,0.0,0.0,0.0,0.0
2017-08-18,538184.5998012644,0.0,0.0,0.0,0.0,0.0
2017-08-21,538184.5998012644,0.0,0.0,0.0,0.0,0.0
2017-08-22,538184.5998012644,0.0,0.0,0.0,0.0,0.0
2017-08-23,538184.5998012644,0.0,0.0,0.0,0.0,0.0
2017-08-24,537915.5075013638,0.0,269.09229990063216,-0.0005,-1.0416613203497105,-0.5
2017-08-25,532603.4520738554,-5312.05542750827,0.0,-0.00977869274318065,-1.0220422386039358,-0.5
2017-08-28,525143.4747718974,-7193.6755759210855,266.30172603692773,-0.013819964797586121,0.0,0.0
2017-08-29,525143.4747718974,0.0,0.0,0.0,0.0,0.0
2017-08-30,525143.4747718974,0.0,0.0,0.0,0.0,0.0
2017-08-31,525143.4747718974,0.0,0.0,0.0,0.0,0.0
2017-09-01,524880.9030345115,0.0,262.5717373859487,-0.0005,0.3231160043872864,0.5
2017-09-05,523163.8794463261,-1717.0235881853673,0.0,-0.0032605969400551797,0.1029948953474498,0.5
2017-09-06,519990.44262135634,-2650.2729455234353,523.1638794463262,-0.006035282258064516,-0.17966488562174826,-0.5
2017-09-07,520667.973668907,1197.5214901720078,519.9904426213564,0.0013059758912541675,0.047218116607579096,0.5
2017-09-08,524281.86448871694,3613.8908198098943,0.0,0.006989386487186125,0.1961283513580632,0.5
2017-09-11,524414.7959959402,132.93150722330552,0.0,0.000253613999492772,0.4636048132839824,0.5
2017-09-12,527870.1393045805,3455.3433086402547,0.0,0.0066326530612244895,0.9723760198175397,0.5
2017-09-13,533019.4478170564,5149.308512475898,0.0,0.009850972467794898,1.1453949888552166,0.5
2017-09-14,530796.3539473582,-2223.0938696982234,0.0,-0.004153432689958466,1.1497601466253553,0.5
2017-09-15,529220.5112340064,-1575.8427133518799,0.0,-0.002960039467192896,1.0400178007965235,0.5
2017-09-18,524742.2888890696,-4478.222344936838,0.0,-0.008390918065153012,0.6986070454185512,0.5
2017-09-19,523413.8273982112,-1328.461490858404,0.0,-0.0025252525252525255,0.5536559787933919,0.5
2017-09-20,527808.9053381962,4395.07793998498,0.0,0.00846805234795997,0.5605792966007376,0.5
2017-09-21,530846.8444830356,3037.9391448394676,0.0,0.005789076264787314,0.5794183090979309,0.5
2017-09-22,525856.2012147637,-4990.643268271982,0.0,-0.009313725490196078,0.591319605951943,0.5
2017-09-25,524397.6993959632,-1458.5018188004037,0.0,-0.0027659039476992707,1.2285664252891995,0.5
2017-09-26,524264.7385188344,-132.96087712879392,0.0,-0.0002534854245880862,1.5666396754318452,0.5
2017-09-27,530116.5012014393,5851.76268260495,0.0,0.011287839917906618,1.6572834386675428,0.5
2017-09-28,525512.5117369107,-4603.9894645286295,0.0,-0.00861008610086101,1.771590472817417,0.5
2017-09-29,533872.9380599979,8360.426323087215,0.0,0.016166281755196302,1.8762584762600314,0.5
2017-10-02,533872.9380599979,0.0,0.0,0.0,0.0,0.0
2017-10-03,533872.9380599979,0.0,0.0,0.0,0.0,0.0
2017-10-04,533872.9380599979,0.0,0.0,0.0,0.0,0.0
2017-10-05,533872.9380599979,0.0,0.0,0.0,0.0,0.0
2017-10-06,533872.9380599979,0.0,0.0,0.0,0.0,0.0
2017-10-09,533872.9380599979,0.0,0.0,0.0,0.0,0.0
2017-10-10,533872.9380599979,0.0,0.0,0.0,0.0,0.0
2017-10-11,533872.9380599979,0.0,0.0,0.0,0.0,0.0
2017-10-12,533872.9380599979,0.0,0.0,0.0,0.0,0.0
2017-10-13,533872.9380599979,0.0,0.0,0.0,0.0,0.0
2017-10-16,533872.9380599979,0.0,0.0,0.0,0.0,0.0
2017-10-17,533872.9380599979,0.0,0.0,0.0,0.0,0.0
2017-10-18,533872.9380599979,0.0,0.0,0.0,0.0,0.0
2017-10-19,533872.9380599979,0.0,0.0,0.0,0.0,0.0
2017-10-20,533872.9380599979,0.0,0.0,0.0,0.0,0.0
2017-10-23,533872.9380599979,0.0,0.0,0.0,0.0,0.0
2017-10-24,533872.9380599979,0.0,0.0,0.0,0.0,0.0
2017-10-25,533872.9380599979,0.0,0.0,0.0,0.0,0.0
2017-10-26,533872.9380599979,0.0,0.0,0.0,0.0,0.0
2017-10-27,533872.9380599979,0.0,0.0,0.0,0.0,0.0
2017-10-30,533872.9380599979,0.0,0.0,0.0,0.0,0.0
2017-10-31,533872.9380599979,0.0,0.0,0.0,0.0,0.0
2017-11-01,533872.9380599979,0.0,0.0,0.0,0.0,0.0
2017-11-02,533872.9380599979,0.0,0.0,0.0,0.0,0.0
2017-11-03,533872.9380599979,0.0,0.0,0.0,0.0,0.0
2017-11-06,533872.9380599979,0.0,0.0,0.0,0.0,0.0
2017-11-07,533872.9380599979,0.0,0.0,0.0,0.0,0.0
2017-11-08,533872.9380599979,0.0,0.0,0.0,0.0,0.0
2017-11-09,533872.9380599979,0.0,0.0,0.0,0.0,0.0
2017-11-10,533872.9380599979,0.0,0.0,0.0,0.0,0.0
2017-11-13,533872.9380599979,0.0,0.0,0.0,0.0,0.0
2017-11-14,533872.9380599979,0.0,0.0,0.0,0.0,0.0
2017-11-15,533872.9380599979,0.0,0.0,0.0,0.0,0.0
2017-11-16,533872.9380599979,0.0,0.0,0.0,0.0,0.0
2017-11-17,533872.9380599979,0.0,0.0,0.0,0.0,0.0
2017-11-20,533872.9380599979,0.0,0.0,0.0,0.0,0.0
2017-11-21,533872.9380599979,0.0,0.0,0.0,0.0,0.0
2017-11-22,533872.9380599979,0.0,0.0,0.0,0.0,0.0
2017-11-24,533872.9380599979,0.0,0.0,0.0,0.0,0.0
2017-11-27,533872.9380599979,0.0,0.0,0.0,0.0,0.0
2017-11-28,533872.9380599979,0.0,0.0,0.0,0.0,0.0
2017-11-29,533872.9380599979,0.0,0.0,0.0,0.0,0.0
2017-11-30,533872.9380599979,0.0,0.0,0.0,0.0,0.0
2017-12-01,533872.9380599979,0.0,0.0,0.0,0.0,0.0
2017-12-04,533872.9380599979,0.0,0.0,0.0,0.0,0.0
2017-12-05,533872.9380599979,0.0,0.0,0.0,0.0,0.0
2017-12-06,533872.9380599979,0.0,0.0,0.0,0.0,0.0
2017-12-07,533872.9380599979,0.0,0.0,0.0,0.0,0.0
2017-12-08,533872.9380599979,0.0,0.0,0.0,0.0,0.0
2017-12-11,533872.9380599979,0.0,0.0,0.0,0.0,0.0
2017-12-12,533872.9380599979,0.0,0.0,0.0,0.0,0.0
2017-12-13,533872.9380599979,0.0,0.0,0.0,0.0,0.0
2017-12-14,533872.9380599979,0.0,0.0,0.0,0.0,0.0
2017-12-15,533872.9380599979,0.0,0.0,0.0,0.0,0.0
2017-12-18,533872.9380599979,0.0,0.0,0.0,0.0,0.0
2017-12-19,533872.9380599979,0.0,0.0,0.0,0.0,0.0
2017-12-20,533872.9380599979,0.0,0.0,0.0,0.0,0.0
2017-12-21,533872.9380599979,0.0,0.0,0.0,0.0,0.0
2017-12-22,533872.9380599979,0.0,0.0,0.0,0.0,0.0
2017-12-26,533872.9380599979,0.0,0.0,0.0,0.0,0.0
2017-12-27,533872.9380599979,0.0,0.0,0.0,0.0,0.0
2017-12-28,533872.9380599979,0.0,0.0,0.0,0.0,0.0
2017-12-29,533872.9380599979,0.0,0.0,0.0,0.0,0.0
2018-01-02,533872.9380599979,0.0,0.0,0.0,0.0,0.0
2018-01-03,533872.9380599979,0.0,0.0,0.0,0.0,0.0
2018-01-04,533872.9380599979,0.0,0.0,0.0,0.0,0.0
2018-01-05,533872.9380599979,0.0,0.0,0.0,0.0,0.0
2018-01-08,533872.9380599979,0.0,0.0,0.0,0.0,0.0
2018-01-09,533872.9380599979,0.0,0.0,0.0,0.0,0.0
2018-01-10,533872.9380599979,0.0,0.0,0.0,0.0,0.0
2018-01-11,533872.9380599979,0.0,0.0,0.0,0.0,0.0
2018-01-12,533872.9380599979,0.0,0.0,0.0,0.0,0.0
2018-01-16,533872.9380599979,0.0,0.0,0.0,0.0,0.0
2018-01-17,533872.9380599979,0.0,0.0,0.0,0.0,0.0
2018-01-18,533872.9380599979,0.0,0.0,0.0,0.0,0.0
2018-01-19,533872.9380599979,0.0,0.0,0.0,0.0,0.0
2018-01-22,533872.9380599979,0.0,0.0,0.0,0.0,0.0
2018-01-23,533872.9380599979,0.0,0.0,0.0,0.0,0.0
2018-01-24,533872.9380599979,0.0,0.0,0.0,0.0,0.0
2018-01-25,533872.9380599979,0.0,0.0,0.0,0.0,0.0
2018-01-26,533872.9380599979,0.0,0.0,0.0,0.0,0.0
2018-01-29,533872.9380599979,0.0,0.0,0.0,0.0,0.0
2018-01-30,533872.9380599979,0.0,0.0,0.0,0.0,0.0
2018-01-31,533872.9380599979,0.0,0.0,0.0,0.0,0.0
2018-02-01,533872.9380599979,0.0,0.0,0.0,0.0,0.0
2018-02-02,533872.9380599979,0.0,0.0,0.0,0.0,0.0
2018-02-05,533872.9380599979,0.0,0.0,0.0,0.0,0.0
2018-02-06,533872.9380599979,0.0,0.0,0.0,0.0,0.0
2018-02-07,533872.9380599979,0.0,0.0,0.0,0.0,0.0
2018-02-08,533872.9380599979,0.0,0.0,0.0,0.0,0.0
2018-02-09,533872.9380599979,0.0,0.0,0.0,0.0,0.0
2018-02-12,533872.9380599979,0.0,0.0,0.0,0.0,0.0
2018-02-13,533872.9380599979,0.0,0.0,0.0,0.0,0.0
2018-02-14,533872.9380599979,0.0,0.0,0.0,0.0,0.0
2018-02-15,533872.9380599979,0.0,0.0,0.0,0.0,0.0
2018-02-16,533872.9380599979,0.0,0.0,0.0,0.0,0.0
2018-02-20,533872.9380599979,0.0,0.0,0.0,0.0,0.0
2018-02-21,533872.9380599979,0.0,0.0,0.0,0.0,0.0
2018-02-22,533872.9380599979,0.0,0.0,0.0,0.0,0.0
2018-02-23,533872.9380599979,0.0,0.0,0.0,0.0,0.0
2018-02-26,533872.9380599979,0.0,0.0,0.0,0.0,0.0
2018-02-27,533872.9380599979,0.0,0.0,0.0,0.0,0.0
2018-02-28,533872.9380599979,0.0,0.0,0.0,0.0,0.0
2018-03-01,533872.9380599979,0.0,0.0,0.0,0.0,0.0
2018-03-02,533872.9380599979,0.0,0.0,0.0,0.0,0.0
2018-03-05,533872.9380599979,0.0,0.0,0.0,0.0,0.0
2018-03-06,533872.9380599979,0.0,0.0,0.0,0.0,0.0
2018-03-07,533872.9380599979,0.0,0.0,0.0,0.0,0.0
2018-03-08,533872.9380599979,0.0,0.0,0.0,0.0,0.0
2018-03-09,533872.9380599979,0.0,0.0,0.0,0.0,0.0
2018-03-12,533872.9380599979,0.0,0.0,0.0,0.0,0.0
2018-03-13,533872.9380599979,0.0,0.0,0.0,0.0,0.0
2018-03-14,533872.9380599979,0.0,0.0,0.0,0.0,0.0
2018-03-15,533872.9380599979,0.0,0.0,0.0,0.0,0.0
2018-03-16,533872.9380599979,0.0,0.0,0.0,0.0,0.0
2018-03-19,533872.9380599979,0.0,0.0,0.0,0.0,0.0
2018-03-20,533872.9380599979,0.0,0.0,0.0,0.0,0.0
2018-03-21,533872.9380599979,0.0,0.0,0.0,0.0,0.0
2018-03-22,533872.9380599979,0.0,0.0,0.0,0.0,0.0
2018-03-23,533872.9380599979,0.0,0.0,0.0,0.0,0.0
2018-03-26,533872.9380599979,0.0,0.0,0.0,0.0,0.0
2018-03-27,533872.9380599979,0.0,0.0,0.0,0.0,0.0
2018-03-28,533872.9380599979,0.0,0.0,0.0,0.0,0.0
2018-03-29,533872.9380599979,0.0,0.0,0.0,0.0,0.0
2018-04-02,533872.9380599979,0.0,0.0,0.0,0.0,0.0
2018-04-03,533872.9380599979,0.0,0.0,0.0,0.0,0.0
2018-04-04,533872.9380599979,0.0,0.0,0.0,0.0,0.0
2018-04-05,533872.9380599979,0.0,0.0,0.0,0.0,0.0
2018-04-06,533872.9380599979,0.0,0.0,0.0,0.0,0.0
2018-04-09,533872.9380599979,0.0,0.0,0.0,0.0,0.0
2018-04-10,533872.9380599979,0.0,0.0,0.0,0.0,0.0
2018-04-11,533872.9380599979,0.0,0.0,0.0,0.0,0.0
2018-04-12,533872.9380599979,0.0,0.0,0.0,0.0,0.0
2018-04-13,533872.9380599979,0.0,0.0,0.0,0.0,0.0
2018-04-16,533872.9380599979,0.0,0.0,0.0,0.0,0.0
2018-04-17,533872.9380599979,0.0,0.0,0.0,0.0,0.0
2018-04-18,533872.9380599979,0.0,0.0,0.0,0.0,0.0
2018-04-19,533872.9380599979,0.0,0.0,0.0,0.0,0.0
2018-04-20,533872.9380599979,0.0,0.0,0.0,0.0,0.0
2018-04-23,533872.9380599979,0.0,0.0,0.0,0.0,0.0
2018-04-24,533872.9380599979,0.0,0.0,0.0,0.0,0.0
2018-04-25,533872.9380599979,0.0,0.0,0.0,0.0,0.0
2018-04-26,533872.9380599979,0.0,0.0,0.0,0.0,0.0
2018-04-27,533872.9380599979,0.0,0.0,0.0,0.0,0.0
2018-04-30,533872.9380599979,0.0,0.0,0.0,0.0,0.0
2018-05-01,533872.9380599979,0.0,0.0,0.0,0.0,0.0
2018-05-02,533872.9380599979,0.0,0.0,0.0,0.0,0.0
2018-05-03,533872.9380599979,0.0,0.0,0.0,0.0,0.0
2018-05-04,533872.9380599979,0.0,0.0,0.0,0.0,0.0
2018-05-07,533872.9380599979,0.0,0.0,0.0,0.0,0.0
2018-05-08,533872.9380599979,0.0,0.0,0.0,0.0,0.0
2018-05-09,533872.9380599979,0.0,0.0,0.0,0.0,0.0
2018-05-10,533872.9380599979,0.0,0.0,0.0,0.0,0.0
2018-05-11,533872.9380599979,0.0,0.0,0.0,0.0,0.0
2018-05-14,533872.9380599979,0.0,0.0,0.0,0.0,0.0
2018-05-15,533872.9380599979,0.0,0.0,0.0,0.0,0.0
2018-05-16,533872.9380599979,0.0,0.0,0.0,0.0,0.0
2018-05-17,533872.9380599979,0.0,0.0,0.0,0.0,0.0
2018-05-18,533872.9380599979,0.0,0.0,0.0,0.0,0.0
2018-05-21,533872.9380599979,0.0,0.0,0.0,0.0,0.0
2018-05-22,533872.9380599979,0.0,0.0,0.0,0.0,0.0
2018-05-23,533872.9380599979,0.0,0.0,0.0,0.0,0.0
2018-05-24,533872.9380599979,0.0,0.0,0.0,0.0,0.0
2018-05-25,533872.9380599979,0.0,0.0,0.0,0.0,0.0
2018-05-29,533872.9380599979,0.0,0.0,0.0,0.0,0.0
2018-05-30,533872.9380599979,0.0,0.0,0.0,0.0,0.0
2018-05-31,533872.9380599979,0.0,0.0,0.0,0.0,0.0
2018-06-01,533872.9380599979,0.0,0.0,0.0,0.0,0.0
2018-06-04,533872.9380599979,0.0,0.0,0.0,0.0,0.0
2018-06-05,533872.9380599979,0.0,0.0,0.0,0.0,0.0
2018-06-06,533872.9380599979,0.0,0.0,0.0,0.0,0.0
2018-06-07,533872.9380599979,0.0,0.0,0.0,0.0,0.0
2018-06-08,533872.9380599979,0.0,0.0,0.0,0.0,0.0
2018-06-11,533872.9380599979,0.0,0.0,0.0,0.0,0.0
2018-06-12,533872.9380599979,0.0,0.0,0.0,0.0,0.0
2018-06-13,533872.9380599979,0.0,0.0,0.0,0.0,0.0
2018-06-14,533872.9380599979,0.0,0.0,0.0,0.0,0.0
2018-06-15,533872.9380599979,0.0,0.0,0.0,0.0,0.0
2018-06-18,533872.9380599979,0.0,0.0,0.0,0.0,0.0
2018-06-19,533872.9380599979,0.0,0.0,0.0,0.0,0.0
2018-06-20,533872.9380599979,0.0,0.0,0.0,0.0,0.0
2018-06-21,533872.9380599979,0.0,0.0,0.0,0.0,0.0
2018-06-22,533872.9380599979,0.0,0.0,0.0,0.0,0.0
2018-06-25,533872.9380599979,0.0,0.0,0.0,0.0,0.0
2018-06-26,533872.9380599979,0.0,0.0,0.0,0.0,0.0
2018-06-27,533872.9380599979,0.0,0.0,0.0,0.0,0.0
2018-06-28,533872.9380599979,0.0,0.0,0.0,0.0,0.0
2018-06-29,533872.9380599979,0.0,0.0,0.0,0.0,0.0
2018-07-02,533872.9380599979,0.0,0.0,0.0,0.0,0.0
2018-07-03,533872.9380599979,0.0,0.0,0.0,0.0,0.0
2018-07-05,533872.9380599979,0.0,0.0,0.0,0.0,0.0
2018-07-06,533872.9380599979,0.0,0.0,0.0,0.0,0.0
2018-07-09,533872.9380599979,0.0,0.0,0.0,0.0,0.0
2018-07-10,533872.9380599979,0.0,0.0,0.0,0.0,0.0
2018-07-11,533872.9380599979,0.0,0.0,0.0,0.0,0.0
2018-07-12,533872.9380599979,0.0,0.0,0.0,0.0,0.0
2018-07-13,533872.9380599979,0.0,0.0,0.0,0.0,0.0
2018-07-16,533872.9380599979,0.0,0.0,0.0,0.0,0.0
2018-07-17,533872.9380599979,0.0,0.0,0.0,0.0,0.0
2018-07-18,533872.9380599979,0.0,0.0,0.0,0.0,0.0
2018-07-19,533872.9380599979,0.0,0.0,0.0,0.0,0.0
2018-07-20,533872.9380599979,0.0,0.0,0.0,0.0,0.0
2018-07-23,533872.9380599979,0.0,0.0,0.0,0.0,0.0
2018-07-24,533872.9380599979,0.0,0.0,0.0,0.0,0.0
2018-07-25,533872.9380599979,0.0,0.0,0.0,0.0,0.0
2018-07-26,533872.9380599979,0.0,0.0,0.0,0.0,0.0
2018-07-27,533872.9380599979,0.0,0.0,0.0,0.0,0.0
2018-07-30,533606.0015909679,0.0,266.93646902999893,-0.0005,-0.4739569774357051,-0.5
2018-07-31,541561.3544878447,8222.15589767235,266.80300079548397,0.015141982308913587,0.0,0.0
2018-08-01,541561.3544878447,0.0,0.0,0.0,0.0,0.0
2018-08-02,541561.3544878447,0.0,0.0,0.0,0.0,0.0
2018-08-03,541561.3544878447,0.0,0.0,0.0,0.0,0.0
2018-08-06,541561.3544878447,0.0,0.0,0.0,0.0,0.0
2018-08-07,541561.3544878447,0.0,0.0,0.0,0.0,0.0
2018-08-08,541561.3544878447,0.0,0.0,0.0,0.0,0.0
2018-08-09,541561.3544878447,0.0,0.0,0.0,0.0,0.0
2018-08-10,541561.3544878447,0.0,0.0,0.0,0.0,0.0
2018-08-13,541561.3544878447,0.0,0.0,0.0,0.0,0.0
2018-08-14,541561.3544878447,0.0,0.0,0.0,0.0,0.0
2018-08-15,541561.3544878447,0.0,0.0,0.0,0.0,0.0
2018-08-16,541561.3544878447,0.0,0.0,0.0,0.0,0.0
2018-08-17,541561.3544878447,0.0,0.0,0.0,0.0,0.0
2018-08-20,541561.3544878447,0.0,0.0,0.0,0.0,0.0
2018-08-21,541561.3544878447,0.0,0.0,0.0,0.0,0.0
2018-08-22,541561.3544878447,0.0,0.0,0.0,0.0,0.0
2018-08-23,541561.3544878447,0.0,0.0,0.0,0.0,0.0
2018-08-24,541561.3544878447,0.0,0.0,0.0,0.0,0.0
2018-08-27,541561.3544878447,0.0,0.0,0.0,0.0,0.0
2018-08-28,541561.3544878447,0.0,0.0,0.0,0.0,0.0
2018-08-29,541290.5738106008,0.0,270.78067724392236,-0.0005,-0.07272662455858302,-0.5
2018-08-30,549593.4521670997,8573.523643404209,270.6452869053004,0.01558590691605046,0.0,0.0
2018-08-31,549593.4521670997,0.0,0.0,0.0,0.0,0.0
2018-09-04,549318.6554410162,0.0,274.79672608354986,-0.0005,-0.22867242061711962,-0.5
2018-09-05,551788.8249836846,2470.1695426683814,0.0,0.004517100451710046,-0.1284922618944336,-0.5
2018-09-06,552265.7384019938,476.9134183091483,0.0,0.0008650519031141869,-0.08474881125159002,-0.5
2018-09-07,554343.3095131251,2629.836849533304,552.2657384019938,0.0037799043062200963,0.03856076002551504,0.5
2018-09-10,559310.1092705635,4966.799757438403,0.0,0.009040793825799339,0.28596630187410527,0.5
2018-09-11,553506.9967177646,-5523.457498163572,279.6550546352817,-0.010274022108843537,0.0,0.0
2018-09-12,553506.9967177646,0.0,0.0,0.0,0.0,0.0
2018-09-13,553506.9967177646,0.0,0.0,0.0,0.0,0.0
2018-09-14,553506.9967177646,0.0,0.0,0.0,0.0,0.0
2018-09-17,553506.9967177646,0.0,0.0,0.0,0.0,0.0
2018-09-18,553506.9967177646,0.0,0.0,0.0,0.0,0.0
2018-09-19,553506.9967177646,0.0,0.0,0.0,0.0,0.0
2018-09-20,553506.9967177646,0.0,0.0,0.0,0.0,0.0
2018-09-21,553506.9967177646,0.0,0.0,0.0,0.0,0.0
2018-09-24,553506.9967177646,0.0,0.0,0.0,0.0,0.0
2018-09-25,553506.9967177646,0.0,0.0,0.0,0.0,0.0
2018-09-26,553506.9967177646,0.0,0.0,0.0,0.0,0.0
2018-09-27,553506.9967177646,0.0,0.0,0.0,0.0,0.0
2018-09-28,553506.9967177646,0.0,0.0,0.0,0.0,0.0
2018-10-01,553506.9967177646,0.0,0.0,0.0,0.0,0.0
2018-10-02,553506.9967177646,0.0,0.0,0.0,0.0,0.0
2018-10-03,553506.9967177646,0.0,0.0,0.0,0.0,0.0
2018-10-04,553506.9967177646,0.0,0.0,0.0,0.0,0.0
2018-10-05,553506.9967177646,0.0,0.0,0.0,0.0,0.0
2018-10-08,553506.9967177646,0.0,0.0,0.0,0.0,0.0
2018-10-09,553506.9967177646,0.0,0.0,0.0,0.0,0.0
2018-10-10,553506.9967177646,0.0,0.0,0.0,0.0,0.0
2018-10-11,553506.9967177646,0.0,0.0,0.0,0.0,0.0
2018-10-12,553506.9967177646,0.0,0.0,0.0,0.0,0.0
2018-10-15,553506.9967177646,0.0,0.0,0.0,0.0,0.0
2018-10-16,553506.9967177646,0.0,0.0,0.0,0.0,0.0
2018-10-17,553506.9967177646,0.0,0.0,0.0,0.0,0.0
2018-10-18,553506.9967177646,0.0,0.0,0.0,0.0,0.0
2018-10-19,553506.9967177646,0.0,0.0,0.0,0.0,0.0
2018-10-22,553506.9967177646,0.0,0.0,0.0,0.0,0.0
2018-10-23,553506.9967177646,0.0,0.0,0.0,0.0,0.0
2018-10-24,553506.9967177646,0.0,0.0,0.0,0.0,0.0
2018-10-25,553506.9967177646,0.0,0.0,0.0,0.0,0.0
2018-10-26,553506.9967177646,0.0,0.0,0.0,0.0,0.0
2018-10-29,553506.9967177646,0.0,0.0,0.0,0.0,0.0
2018-10-30,553506.9967177646,0.0,0.0,0.0,0.0,0.0
2018-10-31,553506.9967177646,0.0,0.0,0.0,0.0,0.0
2018-11-01,553506.9967177646,0.0,0.0,0.0,0.0,0.0
2018-11-02,553506.9967177646,0.0,0.0,0.0,0.0,0.0
2018-11-05,553506.9967177646,0.0,0.0,0.0,0.0,0.0
2018-11-06,553506.9967177646,0.0,0.0,0.0,0.0,0.0
2018-11-07,553506.9967177646,0.0,0.0,0.0,0.0,0.0
2018-11-08,553506.9967177646,0.0,0.0,0.0,0.0,0.0
2018-11-09,553506.9967177646,0.0,0.0,0.0,0.0,0.0
2018-11-12,553506.9967177646,0.0,0.0,0.0,0.0,0.0
2018-11-13,553506.9967177646,0.0,0.0,0.0,0.0,0.0
2018-11-14,553506.9967177646,0.0,0.0,0.0,0.0,0.0
2018-11-15,553506.9967177646,0.0,0.0,0.0,0.0,0.0
2018-11-16,553506.9967177646,0.0,0.0,0.0,0.0,0.0
2018-11-19,553506.9967177646,0.0,0.0,0.0,0.0,0.0
2018-11-20,553506.9967177646,0.0,0.0,0.0,0.0,0.0
2018-11-21,553506.9967177646,0.0,0.0,0.0,0.0,0.0
2018-11-23,553506.9967177646,0.0,0.0,0.0,0.0,0.0
2018-11-26,553506.9967177646,0.0,0.0,0.0,0.0,0.0
2018-11-27,553506.9967177646,0.0,0.0,0.0,0.0,0.0
2018-11-28,553506.9967177646,0.0,0.0,0.0,0.0,0.0
2018-11-29,553506.9967177646,0.0,0.0,0.0,0.0,0.0
2018-11-30,553506.9967177646,0.0,0.0,0.0,0.0,0.0
2018-12-03,553506.9967177646,0.0,0.0,0.0,0.0,0.0
2018-12-04,553506.9967177646,0.0,0.0,0.0,0.0,0.0
2018-12-06,553506.9967177646,0.0,0.0,0.0,0.0,0.0
2018-12-07,553506.9967177646,0.0,0.0,0.0,0.0,0.0
2018-12-10,553506.9967177646,0.0,0.0,0.0,0.0,0.0
2018-12-11,553506.9967177646,0.0,0.0,0.0,0.0,0.0
2018-12-12,553506.9967177646,0.0,0.0,0.0,0.0,0.0
2018-12-13,553506.9967177646,0.0,0.0,0.0,0.0,0.0
2018-12-14,553506.9967177646,0.0,0.0,0.0,0.0,0.0
2018-12-17,553506.9967177646,0.0,0.0,0.0,0.0,0.0
2018-12-18,553506.9967177646,0.0,0.0,0.0,0.0,0.0
2018-12-19,553506.9967177646,0.0,0.0,0.0,0.0,0.0
2018-12-20,553506.9967177646,0.0,0.0,0.0,0.0,0.0
2018-12-21,553506.9967177646,0.0,0.0,0.0,0.0,0.0
2018-12-24,553506.9967177646,0.0,0.0,0.0,0.0,0.0
2018-12-26,553506.9967177646,0.0,0.0,0.0,0.0,0.0
2018-12-27,553506.9967177646,0.0,0.0,0.0,0.0,0.0
2018-12-28,553506.9967177646,0.0,0.0,0.0,0.0,0.0
2018-12-31,553506.9967177646,0.0,0.0,0.0,0.0,0.0
2019-01-02,553506.9967177646,0.0,0.0,0.0,0.0,0.0
2019-01-03,553506.9967177646,0.0,0.0,0.0,0.0,0.0
2019-01-04,553506.9967177646,0.0,0.0,0.0,0.0,0.0
2019-01-07,553506.9967177646,0.0,0.0,0.0,0.0,0.0
2019-01-08,553506.9967177646,0.0,0.0,0.0,0.0,0.0
2019-01-09,553506.9967177646,0.0,0.0,0.0,0.0,0.0
2019-01-10,553506.9967177646,0.0,0.0,0.0,0.0,0.0
2019-01-11,553506.9967177646,0.0,0.0,0.0,0.0,0.0
2019-01-14,553506.9967177646,0.0,0.0,0.0,0.0,0.0
2019-01-15,553506.9967177646,0.0,0.0,0.0,0.0,0.0
2019-01-16,553506.9967177646,0.0,0.0,0.0,0.0,0.0
2019-01-17,553506.9967177646,0.0,0.0,0.0,0.0,0.0
2019-01-18,553506.9967177646,0.0,0.0,0.0,0.0,0.0
2019-01-22,553506.9967177646,0.0,0.0,0.0,0.0,0.0
2019-01-23,553506.9967177646,0.0,0.0,0.0,0.0,0.0
2019-01-24,553506.9967177646,0.0,0.0,0.0,0.0,0.0
2019-01-25,553506.9967177646,0.0,0.0,0.0,0.0,0.0
2019-01-28,553506.9967177646,0.0,0.0,0.0,0.0,0.0
2019-01-29,553506.9967177646,0.0,0.0,0.0,0.0,0.0
2019-01-30,553506.9967177646,0.0,0.0,0.0,0.0,0.0
2019-01-31,553506.9967177646,0.0,0.0,0.0,0.0,0.0
2019-02-01,553506.9967177646,0.0,0.0,0.0,0.0,0.0
2019-02-04,553506.9967177646,0.0,0.0,0.0,0.0,0.0
2019-02-05,553506.9967177646,0.0,0.0,0.0,0.0,0.0
2019-02-06,553506.9967177646,0.0,0.0,0.0,0.0,0.0
2019-02-07,553506.9967177646,0.0,0.0,0.0,0.0,0.0
2019-02-08,553506.9967177646,0.0,0.0,0.0,0.0,0.0
2019-02-11,553506.9967177646,0.0,0.0,0.0,0.0,0.0
2019-02-12,553506.9967177646,0.0,0.0,0.0,0.0,0.0
2019-02-13,553506.9967177646,0.0,0.0,0.0,0.0,0.0
2019-02-14,553506.9967177646,0.0,0.0,0.0,0.0,0.0
2019-02-15,553506.9967177646,0.0,0.0,0.0,0.0,0.0
2019-02-19,553506.9967177646,0.0,0.0,0.0,0.0,0.0
2019-02-20,553506.9967177646,0.0,0.0,0.0,0.0,0.0
2019-02-21,553506.9967177646,0.0,0.0,0.0,0.0,0.0
2019-02-22,553506.9967177646,0.0,0.0,0.0,0.0,0.0
2019-02-25,553506.9967177646,0.0,0.0,0.0,0.0,0.0
2019-02-26,553506.9967177646,0.0,0.0,0.0,0.0,0.0
2019-02-27,553506.9967177646,0.0,0.0,0.0,0.0,0.0
2019-02-28,553506.9967177646,0.0,0.0,0.0,0.0,0.0
2019-03-01,553506.9967177646,0.0,0.0,0.0,0.0,0.0
2019-03-04,553506.9967177646,0.0,0.0,0.0,0.0,0.0
2019-03-05,553506.9967177646,0.0,0.0,0.0,0.0,0.0
2019-03-06,553506.9967177646,0.0,0.0,0.0,0.0,0.0
2019-03-07,553506.9967177646,0.0,0.0,0.0,0.0,0.0
2019-03-08,553506.9967177646,0.0,0.0,0.0,0.0,0.0
2019-03-11,553506.9967177646,0.0,0.0,0.0,0.0,0.0
2019-03-12,553506.9967177646,0.0,0.0,0.0,0.0,0.0
2019-03-13,553506.9967177646,0.0,0.0,0.0,0.0,0.0
2019-03-14,553506.9967177646,0.0,0.0,0.0,0.0,0.0
2019-03-15,553506.9967177646,0.0,0.0,0.0,0.0,0.0
2019-03-18,553506.9967177646,0.0,0.0,0.0,0.0,0.0
2019-03-19,553506.9967177646,0.0,0.0,0.0,0.0,0.0
2019-03-20,553506.9967177646,0.0,0.0,0.0,0.0,0.0
2019-03-21,553506.9967177646,0.0,0.0,0.0,0.0,0.0
2019-03-22,553506.9967177646,0.0,0.0,0.0,0.0,0.0
2019-03-25,553506.9967177646,0.0,0.0,0.0,0.0,0.0
2019-03-26,553506.9967177646,0.0,0.0,0.0,0.0,0.0
2019-03-27,553506.9967177646,0.0,0.0,0.0,0.0,0.0
2019-03-28,553506.9967177646,0.0,0.0,0.0,0.0,0.0
2019-03-29,553506.9967177646,0.0,0.0,0.0,0.0,0.0
2019-04-01,553506.9967177646,0.0,0.0,0.0,0.0,0.0
2019-04-02,553506.9967177646,0.0,0.0,0.0,0.0,0.0
2019-04-03,553506.9967177646,0.0,0.0,0.0,0.0,0.0
2019-04-04,553506.9967177646,0.0,0.0,0.0,0.0,0.0
2019-04-05,553506.9967177646,0.0,0.0,0.0,0.0,0.0
2019-04-08,553506.9967177646,0.0,0.0,0.0,0.0,0.0
2019-04-09,553506.9967177646,0.0,0.0,0.0,0.0,0.0
2019-04-10,553506.9967177646,0.0,0.0,0.0,0.0,0.0
2019-04-11,553506.9967177646,0.0,0.0,0.0,0.0,0.0
2019-04-12,553506.9967177646,0.0,0.0,0.0,0.0,0.0
2019-04-15,553506.9967177646,0.0,0.0,0.0,0.0,0.0
2019-04-16,553506.9967177646,0.0,0.0,0.0,0.0,0.0
2019-04-17,553506.9967177646,0.0,0.0,0.0,0.0,0.0
2019-04-18,553506.9967177646,0.0,0.0,0.0,0.0,0.0
2019-04-22,553506.9967177646,0.0,0.0,0.0,0.0,0.0
2019-04-23,553506.9967177646,0.0,0.0,0.0,0.0,0.0
2019-04-24,553506.9967177646,0.0,0.0,0.0,0.0,0.0
2019-04-25,553506.9967177646,0.0,0.0,0.0,0.0,0.0
2019-04-26,553506.9967177646,0.0,0.0,0.0,0.0,0.0
2019-04-29,553506.9967177646,0.0,0.0,0.0,0.0,0.0
2019-04-30,553506.9967177646,0.0,0.0,0.0,0.0,0.0
2019-05-01,553506.9967177646,0.0,0.0,0.0,0.0,0.0
2019-05-02,553506.9967177646,0.0,0.0,0.0,0.0,0.0
2019-05-03,553506.9967177646,0.0,0.0,0.0,0.0,0.0
2019-05-06,553506.9967177646,0.0,0.0,0.0,0.0,0.0
2019-05-07,553506.9967177646,0.0,0.0,0.0,0.0,0.0
2019-05-08,553506.9967177646,0.0,0.0,0.0,0.0,0.0
2019-05-09,553506.9967177646,0.0,0.0,0.0,0.0,0.0
2019-05-10,553506.9967177646,0.0,0.0,0.0,0.0,0.0
2019-05-13,553506.9967177646,0.0,0.0,0.0,0.0,0.0
2019-05-14,553506.9967177646,0.0,0.0,0.0,0.0,0.0
2019-05-15,553506.9967177646,0.0,0.0,0.0,0.0,0.0
2019-05-16,553506.9967177646,0.0,0.0,0.0,0.0,0.0
2019-05-17,553506.9967177646,0.0,0.0,0.0,0.0,0.0
2019-05-20,553506.9967177646,0.0,0.0,0.0,0.0,0.0
2019-05-21,553506.9967177646,0.0,0.0,0.0,0.0,0.0
2019-05-22,553506.9967177646,0.0,0.0,0.0,0.0,0.0
2019-05-23,553506.9967177646,0.0,0.0,0.0,0.0,0.0
2019-05-24,553506.9967177646,0.0,0.0,0.0,0.0,0.0
2019-05-28,553506.9967177646,0.0,0.0,0.0,0.0,0.0
2019-05-29,553506.9967177646,0.0,0.0,0.0,0.0,0.0
2019-05-30,553506.9967177646,0.0,0.0,0.0,0.0,0.0
2019-05-31,553506.9967177646,0.0,0.0,0.0,0.0,0.0
2019-06-03,553230.2432194058,0.0,276.7534983588823,-0.0005,2.2728588759162225,0.5
2019-06-04,554289.1696738878,1058.9264544820612,0.0,0.0019177498401875132,1.6961566561512194,0.5
2019-06-05,559103.969664699,4814.799990811313,0.0,0.008762556101731139,1.5053385031791218,0.5
2019-06-06,562131.1881593434,3027.2184946443513,0.0,0.005443886097152429,1.775481113608324,0.5
2019-06-07,568037.3872932796,5906.199133936241,0.0,0.01061836352279825,1.4675025743588597,0.5
2019-06-10,575602.0498359263,7564.662542646582,0.0,0.013496932515337425,0.8127896775501833,0.5
2019-06-11,575036.4031674555,-565.6466684708395,0.0,-0.0009817396426467701,0.40786892299999083,0.5
2019-06-12,578320.3842016927,3283.981034237142,0.0,0.005743711626064568,0.5292415908262272,0.5
2019-06-13,573703.7300443193,-4616.654157373325,0.0,-0.007919644581804133,1.0082438392692847,0.5
2019-06-14,570865.8603864032,-2837.869657916103,0.0,-0.004922228785193936,1.0733381613525792,0.5
2019-06-17,570637.6965732991,-228.163813104078,0.0,-0.0003995205753096285,1.52004747615482,0.5
2019-06-18,573947.3952134242,3309.6986401251347,0.0,0.005833836250251458,1.861619501738993,0.5
2019-06-19,574968.6539237684,1021.2587103441712,0.0,0.0017825311942959,2.5978946495437123,0.5
2019-06-20,567379.4301623633,-7589.223761405139,0.0,-0.013027415905113748,2.3428252494625785,0.5
2019-06-21,573808.6588327584,6429.228670395052,0.0,0.011461318051575933,2.252143470418709,0.5
2019-06-24,572105.6256150118,-1703.0332177466119,0.0,-0.002959163543105149,1.5231013497138535,0.5
2019-06-25,569486.5114850068,-2619.11413000503,0.0,-0.0045571626708936,1.4405432650387457,0.5
2019-06-26,569143.3094893348,-343.2019956719607,0.0,-0.0006022886970487853,1.1870084429518923,0.5
2019-06-27,568227.5519519425,-915.7575373923327,0.0,-0.0016064257028112448,0.7598156658517072,0.5
2019-06-28,565017.2267996717,-3210.3251522708615,0.0,-0.0056179775280898875,0.6864746308809117,0.5
2019-07-01,573780.7592969727,8763.53249730103,0.0,0.015754560530679935,0.8922399526885647,0.5
2019-07-02,570487.0851046504,-3293.67419232229,0.0,-0.005707537886242866,0.5255166829969901,0.5
2019-07-03,565461.4525812034,-4455.145438342283,570.4870851046504,-0.00874110868269422,-0.04162387459442994,-0.5
2019-07-05,561727.9806878184,-3450.7411670944066,282.7307262906017,-0.006562474727052163,-0.4190320808092775,-0.5
2019-07-08,561447.1166974745,0.0,280.86399034390917,-0.0005,-0.08090892019130141,-0.5
2019-07-09,567380.935186783,5933.818489308435,0.0,0.010681685764226064,-0.12101167087944315,-0.5
2019-07-10,568828.9038081862,1447.9686214032547,0.0,0.002558551466246802,-0.07112023854084665,-0.5
2019-07-11,570280.3827711,2020.3078667220504,568.8289038081862,0.0025607920792079207,0.314911096916829,0.5
2019-07-12,571640.3518874063,1359.9691163062798,0.0,0.002390438247011952,0.016159696628335374,0.5
2019-07-15,561970.4040993869,-9384.127612075697,285.8201759437032,-0.016642926639424016,0.0,0.0
2019-07-16,561970.4040993869,0.0,0.0,0.0,0.0,0.0
2019-07-17,561689.4188973372,0.0,280.98520204969344,-0.0005,1.3313950481168926,0.5
2019-07-18,563262.3346462955,1853.7604584070534,280.8447094486686,0.002809602649006623,0.0,0.0
2019-07-19,562980.7034789724,0.0,281.6311673231478,-0.0005,0.6330737881122185,0.5
2019-07-22,569834.3716863433,7416.64891084986,562.9807034789725,0.012336414048059149,-0.570762682498209,-0.5
2019-07-23,575963.4669780124,6414.0124775121585,284.9171858431717,0.010878370281605751,0.0,0.0
2019-07-24,575963.4669780124,0.0,0.0,0.0,0.0,0.0
2019-07-25,575963.4669780124,0.0,0.0,0.0,0.0,0.0
2019-07-26,575963.4669780124,0.0,0.0,0.0,0.0,0.0
2019-07-29,575963.4669780124,0.0,0.0,0.0,0.0,0.0
2019-07-30,575675.4852445234,0.0,287.98173348900616,-0.0005,-2.654840360912505,-0.5
2019-07-31,579789.1814400497,4113.696195526229,0.0,0.007197290431837427,-2.679825488516143,-0.5
2019-08-01,581767.1402679902,1977.958827940468,0.0,0.0034231921266581087,-2.943625902379197,-0.5
2019-08-02,582891.207305863,1124.0670378728878,0.0,0.0019359001935900192,-2.7074734622232866,-0.5
2019-08-05,584398.6845661368,1507.4772602737837,0.0,0.0025929127052722557,-1.8717902794426278,-0.5
2019-08-06,591488.4433043741,7089.758738237361,0.0,0.012280701754385963,-1.6861829002499984,-0.5
2019-08-07,595165.547303602,3677.103999227903,0.0,0.0062555853440571935,-1.2840325739900156,-0.5
2019-08-08,597707.8461792244,2542.298875622401,0.0,0.00428990742831339,-1.3513252448423079,-0.5
2019-08-09,599063.1927692,1355.3465899755656,0.0,0.0022727272727272726,-1.3818225879235693,-0.5
2019-08-12,599199.6536331564,136.4608639565376,0.0,0.00022784233310549102,-0.4668355530500994,-0.5
2019-08-13,604798.3741889813,5598.720555824844,0.0,0.009431792040487693,-0.20886116057257265,-0.5
2019-08-14,606202.9222014963,1404.5480125150518,0.0,0.0023277467411545625,-0.2285468711073655,-0.5
2019-08-15,606869.6605531664,1272.9412738715507,606.2029222014963,0.0011021744213233573,0.25628138533377065,0.5
2019-08-16,603295.8409542106,-3270.3847686792005,303.4348302765832,-0.005857375903052902,0.516424821793892,0.5
2019-08-19,602994.1930337335,0.0,301.6479204771053,-0.0005,-0.03055939120537725,-0.5
2019-08-20,599732.4652727327,-3261.7277610009105,0.0,-0.005380116959064328,-0.24733536531142583,-0.5
2019-08-21,593871.8874361913,-5860.577836541361,0.0,-0.009677419354838708,-0.3246756334539522,-0.5
2019-08-22,592652.159689289,-1219.7277469022642,0.0,-0.0020496470052379866,-0.22402268749319632,-0.5
2019-08-23,591574.6103080357,-1077.549381253253,0.0,-0.0018148820326678765,-0.35383360188760477,-0.5
2019-08-26,593048.1883681328,1473.5780600970093,0.0,0.002497162315550511,-0.6661804026109778,-0.5
2019-08-27,591833.4788334689,-1214.7095346639042,0.0,-0.002044060867590279,-0.6076671767302689,-0.5
2019-08-28,592906.6129745994,1073.1341411304966,0.0,0.0018165304268846503,-0.9932452992474059,-0.5
2019-08-29,602887.2975424157,9980.684567816277,0.0,0.017121702915316984,-0.9784981525806326,-0.5
2019-08-30,597636.160534631,-5251.137007784694,0.0,-0.008634772462077013,-0.7891949524876605,-0.5
2019-09-03,594455.7737478896,-3180.3867867414424,0.0,-0.005293440736478711,-1.9388443612272799,-0.5
2019-09-04,591189.5332327912,-3266.2405150982945,0.0,-0.00546448087431694,-1.7116021275796318,-0.5
2019-09-05,594402.5198264477,3212.986593656474,0.0,0.005464480874316939,-1.675755505211313,-0.5
2019-09-06,590047.9226116019,-4354.59721484577,0.0,-0.007272727272727272,-1.7006981665156808,-0.5
2019-09-09,587223.3610759232,-2529.5375743728423,295.0239613058009,-0.004766569310267356,-1.7698739338675662,-0.5
2019-09-10,586929.7493953853,0.0,293.6116805379616,-0.0005,-1.8885763824996842,-0.5
2019-09-11,584680.4694720936,-2249.2799232916027,0.0,-0.003817651021783067,-1.6818293145732193,-0.5
2019-09-12,583503.2604731566,-1177.2089989371013,0.0,-0.002009377093101139,-1.6366596140844465,-0.5
2019-09-13,576742.5275086726,-6760.732964483989,0.0,-0.01145374449339207,-1.746139794438684,-0.5
2019-09-16,565527.1963378506,-10926.959907067621,288.37126375433627,-0.01908441974780936,-1.4522017113771482,-0.5
2019-09-17,565244.4327396817,0.0,282.76359816892534,-0.0005,-1.3493485596923418,-0.5
2019-09-18,564418.0519900622,-826.3807496194177,0.0,-0.00145985401459854,-1.597243109486576,-0.5
2019-09-19,556542.9979535495,-7875.054036512739,0.0,-0.013760525775313207,-1.7518662829388887,-0.5
2019-09-20,555979.2388389288,-563.7591146206944,0.0,-0.0010119409026512851,-1.8538182310927194,-0.5
2019-09-23,558115.0264527459,2135.7876138171546,0.0,0.00385630200933631,-1.6327337359787906,-0.5
2019-09-24,559820.7569736895,1705.7305209436001,0.0,0.003065603923973023,-1.427087649176358,-0.5
2019-09-25,556377.8248889805,-3442.9320847090376,0.0,-0.006112469437652811,-1.3415828580138722,-0.5
2019-09-26,552321.6074535808,-4056.2174353996147,0.0,-0.007237635705669481,-1.3131360974182704,-0.5
2019-09-27,553975.2649609268,1653.6575073460506,0.0,0.003003003003003003,-1.3363598263621712,-0.5
2019-09-30,559314.7855870563,5339.520626129416,0.0,0.009732360097323603,-1.020814485409837,-0.5
2019-10-01,559314.7855870563,0.0,0.0,0.0,0.0,0.0
2019-10-02,559314.7855870563,0.0,0.0,0.0,0.0,0.0
2019-10-03,559314.7855870563,0.0,0.0,0.0,0.0,0.0
2019-10-04,559314.7855870563,0.0,0.0,0.0,0.0,0.0
2019-10-07,559314.7855870563,0.0,0.0,0.0,0.0,0.0
2019-10-08,559314.7855870563,0.0,0.0,0.0,0.0,0.0
2019-10-09,559314.7855870563,0.0,0.0,0.0,0.0,0.0
2019-10-10,559314.7855870563,0.0,0.0,0.0,0.0,0.0
2019-10-11,559314.7855870563,0.0,0.0,0.0,0.0,0.0
2019-10-14,559314.7855870563,0.0,0.0,0.0,0.0,0.0
2019-10-15,559314.7855870563,0.0,0.0,0.0,0.0,0.0
2019-10-16,559314.7855870563,0.0,0.0,0.0,0.0,0.0
2019-10-17,559314.7855870563,0.0,0.0,0.0,0.0,0.0
2019-10-18,559314.7855870563,0.0,0.0,0.0,0.0,0.0
2019-10-21,559314.7855870563,0.0,0.0,0.0,0.0,0.0
2019-10-22,559314.7855870563,0.0,0.0,0.0,0.0,0.0
2019-10-23,559314.7855870563,0.0,0.0,0.0,0.0,0.0
2019-10-24,559314.7855870563,0.0,0.0,0.0,0.0,0.0
2019-10-25,559314.7855870563,0.0,0.0,0.0,0.0,0.0
2019-10-28,559314.7855870563,0.0,0.0,0.0,0.0,0.0
2019-10-29,559314.7855870563,0.0,0.0,0.0,0.0,0.0
2019-10-30,559314.7855870563,0.0,0.0,0.0,0.0,0.0
2019-10-31,559314.7855870563,0.0,0.0,0.0,0.0,0.0
2019-11-01,559314.7855870563,0.0,0.0,0.0,0.0,0.0
2019-11-04,559314.7855870563,0.0,0.0,0.0,0.0,0.0
2019-11-05,559314.7855870563,0.0,0.0,0.0,0.0,0.0
2019-11-06,559314.7855870563,0.0,0.0,0.0,0.0,0.0
2019-11-07,559314.7855870563,0.0,0.0,0.0,0.0,0.0
2019-11-08,559314.7855870563,0.0,0.0,0.0,0.0,0.0
2019-11-11,559314.7855870563,0.0,0.0,0.0,0.0,0.0
2019-11-12,559314.7855870563,0.0,0.0,0.0,0.0,0.0
2019-11-13,559314.7855870563,0.0,0.0,0.0,0.0,0.0
2019-11-14,559314.7855870563,0.0,0.0,0.0,0.0,0.0
2019-11-15,559314.7855870563,0.0,0.0,0.0,0.0,0.0
2019-11-18,559314.7855870563,0.0,0.0,0.0,0.0,0.0
2019-11-19,559314.7855870563,0.0,0.0,0.0,0.0,0.0
2019-11-20,559314.7855870563,0.0,0.0,0.0,0.0,0.0
2019-11-21,559314.7855870563,0.0,0.0,0.0,0.0,0.0
2019-11-22,559314.7855870563,0.0,0.0,0.0,0.0,0.0
2019-11-25,559314.7855870563,0.0,0.0,0.0,0.0,0.0
2019-11-26,559314.7855870563,0.0,0.0,0.0,0.0,0.0
2019-11-27,559314.7855870563,0.0,0.0,0.0,0.0,0.0
2019-11-29,559314.7855870563,0.0,0.0,0.0,0.0,0.0
2019-12-02,559314.7855870563,0.0,0.0,0.0,0.0,0.0
2019-12-03,559314.7855870563,0.0,0.0,0.0,0.0,0.0
2019-12-04,559314.7855870563,0.0,0.0,0.0,0.0,0.0
2019-12-05,559314.7855870563,0.0,0.0,0.0,0.0,0.0
2019-12-06,559314.7855870563,0.0,0.0,0.0,0.0,0.0
2019-12-09,559314.7855870563,0.0,0.0,0.0,0.0,0.0
2019-12-10,559314.7855870563,0.0,0.0,0.0,0.0,0.0
2019-12-11,559314.7855870563,0.0,0.0,0.0,0.0,0.0
2019-12-12,559314.7855870563,0.0,0.0,0.0,0.0,0.0
2019-12-13,559314.7855870563,0.0,0.0,0.0,0.0,0.0
2019-12-16,559314.7855870563,0.0,0.0,0.0,0.0,0.0
2019-12-17,559314.7855870563,0.0,0.0,0.0,0.0,0.0
2019-12-18,559314.7855870563,0.0,0.0,0.0,0.0,0.0
2019-12-19,559314.7855870563,0.0,0.0,0.0,0.0,0.0
2019-12-20,559314.7855870563,0.0,0.0,0.0,0.0,0.0
2019-12-23,559314.7855870563,0.0,0.0,0.0,0.0,0.0
2019-12-24,559314.7855870563,0.0,0.0,0.0,0.0,0.0
2019-12-26,559314.7855870563,0.0,0.0,0.0,0.0,0.0
2019-12-27,559314.7855870563,0.0,0.0,0.0,0.0,0.0
2019-12-30,559314.7855870563,0.0,0.0,0.0,0.0,0.0
2019-12-31,559314.7855870563,0.0,0.0,0.0,0.0,0.0
2020-01-02,559314.7855870563,0.0,0.0,0.0,0.0,0.0
2020-01-03,559314.7855870563,0.0,0.0,0.0,0.0,0.0
2020-01-06,559314.7855870563,0.0,0.0,0.0,0.0,0.0
2020-01-07,559314.7855870563,0.0,0.0,0.0,0.0,0.0
2020-01-08,559314.7855870563,0.0,0.0,0.0,0.0,0.0
2020-01-09,559314.7855870563,0.0,0.0,0.0,0.0,0.0
2020-01-10,559314.7855870563,0.0,0.0,0.0,0.0,0.0
2020-01-13,559314.7855870563,0.0,0.0,0.0,0.0,0.0
2020-01-14,559314.7855870563,0.0,0.0,0.0,0.0,0.0
2020-01-15,559314.7855870563,0.0,0.0,0.0,0.0,0.0
2020-01-16,559314.7855870563,0.0,0.0,0.0,0.0,0.0
2020-01-17,559314.7855870563,0.0,0.0,0.0,0.0,0.0
2020-01-21,559314.7855870563,0.0,0.0,0.0,0.0,0.0
2020-01-22,559314.7855870563,0.0,0.0,0.0,0.0,0.0
2020-01-23,559314.7855870563,0.0,0.0,0.0,0.0,0.0
2020-01-24,559314.7855870563,0.0,0.0,0.0,0.0,0.0
2020-01-27,559314.7855870563,0.0,0.0,0.0,0.0,0.0
2020-01-28,559314.7855870563,0.0,0.0,0.0,0.0,0.0
2020-01-29,559314.7855870563,0.0,0.0,0.0,0.0,0.0
2020-01-30,559314.7855870563,0.0,0.0,0.0,0.0,0.0
2020-01-31,559314.7855870563,0.0,0.0,0.0,0.0,0.0
2020-02-03,559314.7855870563,0.0,0.0,0.0,0.0,0.0
2020-02-04,559314.7855870563,0.0,0.0,0.0,0.0,0.0
2020-02-05,559314.7855870563,0.0,0.0,0.0,0.0,0.0
2020-02-06,559314.7855870563,0.0,0.0,0.0,0.0,0.0
2020-02-07,559314.7855870563,0.0,0.0,0.0,0.0,0.0
2020-02-10,559314.7855870563,0.0,0.0,0.0,0.0,0.0
2020-02-11,559314.7855870563,0.0,0.0,0.0,0.0,0.0
2020-02-12,559314.7855870563,0.0,0.0,0.0,0.0,0.0
2020-02-13,559314.7855870563,0.0,0.0,0.0,0.0,0.0
2020-02-14,559314.7855870563,0.0,0.0,0.0,0.0,0.0
2020-02-18,559314.7855870563,0.0,0.0,0.0,0.0,0.0
2020-02-19,559314.7855870563,0.0,0.0,0.0,0.0,0.0
2020-02-20,559314.7855870563,0.0,0.0,0.0,0.0,0.0
2020-02-21,559314.7855870563,0.0,0.0,0.0,0.0,0.0
2020-02-24,559314.7855870563,0.0,0.0,0.0,0.0,0.0
2020-02-25,559314.7855870563,0.0,0.0,0.0,0.0,0.0
2020-02-26,559314.7855870563,0.0,0.0,0.0,0.0,0.0
2020-02-27,559314.7855870563,0.0,0.0,0.0,0.0,0.0
2020-02-28,559314.7855870563,0.0,0.0,0.0,0.0,0.0
2020-03-02,559314.7855870563,0.0,0.0,0.0,0.0,0.0
2020-03-03,559314.7855870563,0.0,0.0,0.0,0.0,0.0
2020-03-04,559314.7855870563,0.0,0.0,0.0,0.0,0.0
2020-03-05,559314.7855870563,0.0,0.0,0.0,0.0,0.0
2020-03-06,559314.7855870563,0.0,0.0,0.0,0.0,0.0
2020-03-09,559314.7855870563,0.0,0.0,0.0,0.0,0.0
2020-03-10,559314.7855870563,0.0,0.0,0.0,0.0,0.0
2020-03-11,559314.7855870563,0.0,0.0,0.0,0.0,0.0
2020-03-12,559314.7855870563,0.0,0.0,0.0,0.0,0.0
2020-03-13,559314.7855870563,0.0,0.0,0.0,0.0,0.0
2020-03-16,559314.7855870563,0.0,0.0,0.0,0.0,0.0
2020-03-17,559314.7855870563,0.0,0.0,0.0,0.0,0.0
2020-03-18,559314.7855870563,0.0,0.0,0.0,0.0,0.0
2020-03-19,559314.7855870563,0.0,0.0,0.0,0.0,0.0
2020-03-20,559314.7855870563,0.0,0.0,0.0,0.0,0.0
2020-03-23,559314.7855870563,0.0,0.0,0.0,0.0,0.0
2020-03-24,559314.7855870563,0.0,0.0,0.0,0.0,0.0
2020-03-25,559314.7855870563,0.0,0.0,0.0,0.0,0.0
2020-03-26,559314.7855870563,0.0,0.0,0.0,0.0,0.0
2020-03-27,559314.7855870563,0.0,0.0,0.0,0.0,0.0
2020-03-30,559314.7855870563,0.0,0.0,0.0,0.0,0.0
2020-03-31,559314.7855870563,0.0,0.0,0.0,0.0,0.0
2020-04-01,559314.7855870563,0.0,0.0,0.0,0.0,0.0
2020-04-02,559314.7855870563,0.0,0.0,0.0,0.0,0.0
2020-04-03,559314.7855870563,0.0,0.0,0.0,0.0,0.0
2020-04-06,559314.7855870563,0.0,0.0,0.0,0.0,0.0
2020-04-07,559314.7855870563,0.0,0.0,0.0,0.0,0.0
2020-04-08,559314.7855870563,0.0,0.0,0.0,0.0,0.0
2020-04-09,559314.7855870563,0.0,0.0,0.0,0.0,0.0
2020-04-13,559314.7855870563,0.0,0.0,0.0,0.0,0.0
2020-04-14,559314.7855870563,0.0,0.0,0.0,0.0,0.0
2020-04-15,559314.7855870563,0.0,0.0,0.0,0.0,0.0
2020-04-16,559314.7855870563,0.0,0.0,0.0,0.0,0.0
2020-04-17,559314.7855870563,0.0,0.0,0.0,0.0,0.0
2020-04-20,559314.7855870563,0.0,0.0,0.0,0.0,0.0
2020-04-21,559314.7855870563,0.0,0.0,0.0,0.0,0.0
2020-04-22,559314.7855870563,0.0,0.0,0.0,0.0,0.0
2020-04-23,559314.7855870563,0.0,0.0,0.0,0.0,0.0
2020-04-24,559314.7855870563,0.0,0.0,0.0,0.0,0.0
2020-04-27,559314.7855870563,0.0,0.0,0.0,0.0,0.0
2020-04-28,559314.7855870563,0.0,0.0,0.0,0.0,0.0
2020-04-29,559314.7855870563,0.0,0.0,0.0,0.0,0.0
2020-04-30,559314.7855870563,0.0,0.0,0.0,0.0,0.0
2020-05-01,559314.7855870563,0.0,0.0,0.0,0.0,0.0
2020-05-04,559314.7855870563,0.0,0.0,0.0,0.0,0.0
2020-05-05,559314.7855870563,0.0,0.0,0.0,0.0,0.0
2020-05-06,559314.7855870563,0.0,0.0,0.0,0.0,0.0
2020-05-07,559314.7855870563,0.0,0.0,0.0,0.0,0.0
2020-05-08,559314.7855870563,0.0,0.0,0.0,0.0,0.0
2020-05-11,559314.7855870563,0.0,0.0,0.0,0.0,0.0
2020-05-12,559314.7855870563,0.0,0.0,0.0,0.0,0.0
2020-05-13,559314.7855870563,0.0,0.0,0.0,0.0,0.0
2020-05-14,559314.7855870563,0.0,0.0,0.0,0.0,0.0
2020-05-15,559314.7855870563,0.0,0.0,0.0,0.0,0.0
2020-05-18,559314.7855870563,0.0,0.0,0.0,0.0,0.0
2020-05-19,559314.7855870563,0.0,0.0,0.0,0.0,0.0
2020-05-20,559314.7855870563,0.0,0.0,0.0,0.0,0.0
2020-05-21,559314.7855870563,0.0,0.0,0.0,0.0,0.0
2020-05-22,559314.7855870563,0.0,0.0,0.0,0.0,0.0
2020-05-26,559314.7855870563,0.0,0.0,0.0,0.0,0.0
2020-05-27,559314.7855870563,0.0,0.0,0.0,0.0,0.0
2020-05-28,559314.7855870563,0.0,0.0,0.0,0.0,0.0
2020-05-29,559314.7855870563,0.0,0.0,0.0,0.0,0.0
2020-06-01,559035.1281942627,0.0,279.6573927935282,-0.0005,1.0854614661507946,0.5
2020-06-02,548832.1204394136,-10203.007754849159,0.0,-0.01792397084892653,1.046697968023662,0.5
2020-06-03,548032.4066918957,-799.7137475178799,0.0,-0.001454998960715028,1.161543505818254,0.5
2020-06-04,548146.818467823,114.41177592732687,0.0,0.00020881186051367718,1.3233223381885864,0.5
2020-06-05,548375.5942685191,228.77580069608638,0.0,0.0004175365344467641,1.2276228595239382,0.5
2020-06-08,550090.6972530953,1715.1029845762691,0.0,0.003137418950010458,1.0062751407149702,0.5
2020-06-09,557908.5734761575,8092.921571688722,275.04534862654765,0.014424185068349107,0.0,0.0
2020-06-10,557629.6191894194,0.0,278.95428673807874,-0.0005,0.6860102141619333,0.5
2020-06-11,545159.7114906634,-12191.092889161397,278.81480959470974,-0.02188391442155309,0.0,0.0
2020-06-12,545159.7114906634,0.0,0.0,0.0,0.0,0.0
2020-06-15,545159.7114906634,0.0,0.0,0.0,0.0,0.0
2020-06-16,545159.7114906634,0.0,0.0,0.0,0.0,0.0
2020-06-17,545159.7114906634,0.0,0.0,0.0,0.0,0.0
2020-06-18,545159.7114906634,0.0,0.0,0.0,0.0,0.0
2020-06-19,545159.7114906634,0.0,0.0,0.0,0.0,0.0
2020-06-22,544887.131634918,0.0,272.57985574533166,-0.0005,1.7892393896943701,0.5
2020-06-23,547152.774593899,2265.642958980948,0.0,0.004175365344467641,1.64570543497256,0.5
2020-06-24,548957.8146750336,1805.0400811345123,0.0,0.00330988829127017,1.8309985571354104,0.5
2020-06-25,557953.4363821214,8995.621707087808,0.0,0.01665972511453561,1.8102801785495748,0.5
2020-06-26,538972.7280596902,-18701.73160424009,278.9767181910607,-0.032915179428132796,0.0,0.0
2020-06-29,538972.7280596902,0.0,0.0,0.0,0.0,0.0
2020-06-30,538972.7280596902,0.0,0.0,0.0,0.0,0.0
2020-07-01,538972.7280596902,0.0,0.0,0.0,0.0,0.0
2020-07-02,538972.7280596902,0.0,0.0,0.0,0.0,0.0
2020-07-06,538972.7280596902,0.0,0.0,0.0,0.0,0.0
2020-07-07,538972.7280596902,0.0,0.0,0.0,0.0,0.0
2020-07-08,538972.7280596902,0.0,0.0,0.0,0.0,0.0
2020-07-09,538972.7280596902,0.0,0.0,0.0,0.0,0.0
2020-07-10,538972.7280596902,0.0,0.0,0.0,0.0,0.0
2020-07-13,538972.7280596902,0.0,0.0,0.0,0.0,0.0
2020-07-14,538972.7280596902,0.0,0.0,0.0,0.0,0.0
2020-07-15,538972.7280596902,0.0,0.0,0.0,0.0,0.0
2020-07-16,538972.7280596902,0.0,0.0,0.0,0.0,0.0
2020-07-17,538972.7280596902,0.0,0.0,0.0,0.0,0.0
2020-07-20,538972.7280596902,0.0,0.0,0.0,0.0,0.0
2020-07-21,538972.7280596902,0.0,0.0,0.0,0.0,0.0
2020-07-22,538972.7280596902,0.0,0.0,0.0,0.0,0.0
2020-07-23,538972.7280596902,0.0,0.0,0.0,0.0,0.0
2020-07-24,538972.7280596902,0.0,0.0,0.0,0.0,0.0
2020-07-27,538972.7280596902,0.0,0.0,0.0,0.0,0.0
2020-07-28,538972.7280596902,0.0,0.0,0.0,0.0,0.0
2020-07-29,538972.7280596902,0.0,0.0,0.0,0.0,0.0
2020-07-30,538972.7280596902,0.0,0.0,0.0,0.00942085507056058,0.0
2020-07-31,538972.7280596902,0.0,0.0,0.0,0.0,0.0
2020-08-03,538972.7280596902,0.0,0.0,0.0,0.0,0.0
2020-08-04,538972.7280596902,0.0,0.0,0.0,0.0,0.0
2020-08-05,538972.7280596902,0.0,0.0,0.0,0.0,0.0
2020-08-06,538972.7280596902,0.0,0.0,0.0,0.0,0.0
2020-08-07,538972.7280596902,0.0,0.0,0.0,0.0,0.0
2020-08-10,538972.7280596902,0.0,0.0,0.0,0.0,0.0
2020-08-11,538972.7280596902,0.0,0.0,0.0,0.0,0.0
2020-08-12,538972.7280596902,0.0,0.0,0.0,0.0,0.0
2020-08-13,538972.7280596902,0.0,0.0,0.0,0.0,0.0
2020-08-14,538703.2416956604,0.0,269.4863640298451,-0.0005,-0.23224017332183727,-0.5
2020-08-17,540361.810789551,1658.5690938905802,0.0,0.0030883261272390368,-1.5862753823307478,-0.5
2020-08-18,534223.8720052831,-6137.938784267927,0.0,-0.011231366142536246,-2.0494330895072697,-0.5
2020-08-19,537460.2848001455,3236.4127948623777,0.0,0.00609508329947176,-2.615794275016353,-0.5
2020-08-20,538119.4756645774,659.1908644319038,0.0,0.00122799836266885,-3.0,-0.5
2020-08-21,536024.338361785,-2095.1373027924124,0.0,-0.0038783425188814048,-3.0,-0.5
2020-08-24,530574.7212576595,-5449.617104125508,0.0,-0.01006441223832528,-3.0,-0.5
2020-08-25,527614.1608361341,-2960.5604215254016,0.0,-0.005548949663099485,-2.7483046848066497,-0.5
2020-08-26,528757.9834157947,1143.8225796605193,0.0,0.0021726249259332413,-2.360931966432296,-0.5
2020-08-27,521899.8290964551,-6593.775327631643,264.37899170789734,-0.012810557184750734,-2.1622592870490833,-0.5
2020-08-28,521638.8791819069,0.0,260.9499145482276,-0.0005,-1.9858283114543862,-0.5
2020-08-31,518635.38637829636,-3003.492803610534,0.0,-0.005724838411819021,-1.7141340978068988,-0.5
2020-09-01,517492.5981600555,-1142.7882182408293,0.0,-0.0021986075485525836,-0.37659951123487845,-0.5
2020-09-02,516073.5142528525,-1419.0839072030772,0.0,-0.0027347310847766633,-0.5016607238891138,-0.5
2020-09-03,520483.5970110132,4410.082758160739,0.0,0.008619108747478451,-0.338930079099093,-0.5
2020-09-04,523717.9895300639,3754.876116061693,520.4835970110132,0.006259362772498602,0.05072326451565963,0.5
2020-09-08,519262.4548023201,-3931.8167382136926,523.7179895300638,-0.008444113263785394,-0.18222034911979657,-0.5
2020-09-09,518569.8410097103,-692.613792609802,0.0,-0.0013320647002854425,-0.05080470025181281,-0.5
2020-09-10,520515.019938226,2463.748769525419,518.5698410097103,0.0037689516898987965,0.06547532841586765,0.5
2020-09-11,521913.1800071314,1398.160068905442,0.0,0.0026933435936898806,0.27534008149117506,0.5
2020-09-14,522709.9940224095,796.8140152780633,0.0,0.0015290519877675841,0.2533739619813161,0.5
2020-09-15,536434.1148700299,13724.12084762034,0.0,0.026963657678780773,0.4016977477413423,0.5
2020-09-16,520262.9341758116,-15902.96363678324,268.2170574350149,-0.029277738764044943,0.0,0.0
2020-09-17,520262.9341758116,0.0,0.0,0.0,0.0,0.0
2020-09-18,520262.9341758116,0.0,0.0,0.0,0.0,0.0
2020-09-21,520262.9341758116,0.0,0.0,0.0,0.0,0.0
2020-09-22,520262.9341758116,0.0,0.0,0.0,0.0,0.0
2020-09-23,520262.9341758116,0.0,0.0,0.0,0.0,0.0
2020-09-24,520262.9341758116,0.0,0.0,0.0,0.0,0.0
2020-09-25,520262.9341758116,0.0,0.0,0.0,0.0,0.0
2020-09-28,520262.9341758116,0.0,0.0,0.0,0.0,0.0
2020-09-29,520262.9341758116,0.0,0.0,0.0,0.0,0.0
2020-09-30,520262.9341758116,0.0,0.0,0.0,0.0,0.0
2020-10-01,520262.9341758116,0.0,0.0,0.0,0.0,0.0
2020-10-02,520262.9341758116,0.0,0.0,0.0,0.0,0.0
2020-10-05,520262.9341758116,0.0,0.0,0.0,0.0,0.0
2020-10-06,520262.9341758116,0.0,0.0,0.0,0.0,0.0
2020-10-07,520262.9341758116,0.0,0.0,0.0,0.0,0.0
2020-10-08,520262.9341758116,0.0,0.0,0.0,0.0,0.0
2020-10-09,520262.9341758116,0.0,0.0,0.0,0.0,0.0
2020-10-12,520262.9341758116,0.0,0.0,0.0,0.0,0.0
2020-10-13,520262.9341758116,0.0,0.0,0.0,0.0,0.0
2020-10-14,520262.9341758116,0.0,0.0,0.0,0.0,0.0
2020-10-15,520262.9341758116,0.0,0.0,0.0,0.0,0.0
2020-10-16,520262.9341758116,0.0,0.0,0.0,0.0,0.0
2020-10-19,520262.9341758116,0.0,0.0,0.0,0.0,0.0
2020-10-20,520262.9341758116,0.0,0.0,0.0,0.0,0.0
2020-10-21,520262.9341758116,0.0,0.0,0.0,0.0,0.0
2020-10-22,520262.9341758116,0.0,0.0,0.0,0.0,0.0
2020-10-23,520262.9341758116,0.0,0.0,0.0,0.0,0.0
2020-10-26,520262.9341758116,0.0,0.0,0.0,0.0,0.0
2020-10-27,520262.9341758116,0.0,0.0,0.0,0.0,0.0
2020-10-28,520262.9341758116,0.0,0.0,0.0,0.0,0.0
2020-10-29,520262.9341758116,0.0,0.0,0.0,0.0,0.0
2020-10-30,520262.9341758116,0.0,0.0,0.0,0.0,0.0
2020-11-02,520262.9341758116,0.0,0.0,0.0,0.0,0.0
2020-11-03,520262.9341758116,0.0,0.0,0.0,0.0,0.0
2020-11-04,520262.9341758116,0.0,0.0,0.0,0.0,0.0
2020-11-05,520262.9341758116,0.0,0.0,0.0,0.0,0.0
2020-11-06,520262.9341758116,0.0,0.0,0.0,0.0,0.0
2020-11-09,520262.9341758116,0.0,0.0,0.0,0.0,0.0
2020-11-10,520262.9341758116,0.0,0.0,0.0,0.0,0.0
2020-11-11,520262.9341758116,0.0,0.0,0.0,0.0,0.0
2020-11-12,520262.9341758116,0.0,0.0,0.0,0.0,0.0
2020-11-13,520262.9341758116,0.0,0.0,0.0,0.0,0.0
2020-11-16,520262.9341758116,0.0,0.0,0.0,0.0,0.0
2020-11-17,520262.9341758116,0.0,0.0,0.0,0.0,0.0
2020-11-18,520262.9341758116,0.0,0.0,0.0,0.0,0.0
2020-11-19,520262.9341758116,0.0,0.0,0.0,0.0,0.0
2020-11-20,520262.9341758116,0.0,0.0,0.0,0.0,0.0
2020-11-23,520262.9341758116,0.0,0.0,0.0,0.0,0.0
2020-11-24,520262.9341758116,0.0,0.0,0.0,0.0,0.0
2020-11-25,520262.9341758116,0.0,0.0,0.0,0.0,0.0
2020-11-27,520262.9341758116,0.0,0.0,0.0,0.0,0.0
2020-11-30,520262.9341758116,0.0,0.0,0.0,0.0,0.0
2020-12-01,520262.9341758116,0.0,0.0,0.0,0.0,0.0
2020-12-02,520262.9341758116,0.0,0.0,0.0,0.0,0.0
2020-12-03,520262.9341758116,0.0,0.0,0.0,0.0,0.0
2020-12-04,520262.9341758116,0.0,0.0,0.0,0.0,0.0
2020-12-07,520262.9341758116,0.0,0.0,0.0,0.0,0.0
2020-12-08,520262.9341758116,0.0,0.0,0.0,0.0,0.0
2020-12-09,520262.9341758116,0.0,0.0,0.0,0.0,0.0
2020-12-10,520262.9341758116,0.0,0.0,0.0,0.0,0.0
2020-12-11,520262.9341758116,0.0,0.0,0.0,0.0,0.0
2020-12-14,520262.9341758116,0.0,0.0,0.0,0.0,0.0
2020-12-15,520262.9341758116,0.0,0.0,0.0,0.0,0.0
2020-12-16,520262.9341758116,0.0,0.0,0.0,0.0,0.0
2020-12-17,520262.9341758116,0.0,0.0,0.0,0.0,0.0
2020-12-18,520262.9341758116,0.0,0.0,0.0,0.0,0.0
2020-12-21,520262.9341758116,0.0,0.0,0.0,0.0,0.0
2020-12-22,520262.9341758116,0.0,0.0,0.0,0.0,0.0
2020-12-23,520262.9341758116,0.0,0.0,0.0,0.0,0.0
2020-12-24,520262.9341758116,0.0,0.0,0.0,0.0,0.0
2020-12-28,520262.9341758116,0.0,0.0,0.0,0.0,0.0
2020-12-29,520262.9341758116,0.0,0.0,0.0,0.0,0.0
2020-12-30,520262.9341758116,0.0,0.0,0.0,0.0,0.0
2020-12-31,520262.9341758116,0.0,0.0,0.0,0.0,0.0
2021-01-04,520262.9341758116,0.0,0.0,0.0,0.0,0.0
2021-01-05,520262.9341758116,0.0,0.0,0.0,0.0,0.0
2021-01-06,520262.9341758116,0.0,0.0,0.0,0.0,0.0
2021-01-07,520262.9341758116,0.0,0.0,0.0,0.0,0.0
2021-01-08,520262.9341758116,0.0,0.0,0.0,0.0,0.0
2021-01-11,520262.9341758116,0.0,0.0,0.0,0.0,0.0
2021-01-12,520262.9341758116,0.0,0.0,0.0,0.0,0.0
2021-01-13,520262.9341758116,0.0,0.0,0.0,0.0,0.0
2021-01-14,520262.9341758116,0.0,0.0,0.0,0.0,0.0
2021-01-15,520262.9341758116,0.0,0.0,0.0,0.0,0.0
2021-01-19,520262.9341758116,0.0,0.0,0.0,0.0,0.0
2021-01-20,520262.9341758116,0.0,0.0,0.0,0.0,0.0
2021-01-21,520262.9341758116,0.0,0.0,0.0,0.0,0.0
2021-01-22,520262.9341758116,0.0,0.0,0.0,0.0,0.0
2021-01-25,520262.9341758116,0.0,0.0,0.0,0.0,0.0
2021-01-26,520262.9341758116,0.0,0.0,0.0,0.0,0.0
2021-01-27,520262.9341758116,0.0,0.0,0.0,0.0,0.0
2021-01-28,520262.9341758116,0.0,0.0,0.0,0.0,0.0
2021-01-29,520262.9341758116,0.0,0.0,0.0,0.0,0.0
2021-02-01,520262.9341758116,0.0,0.0,0.0,0.0,0.0
2021-02-02,520262.9341758116,0.0,0.0,0.0,0.0,0.0
2021-02-03,520262.9341758116,0.0,0.0,0.0,0.0,0.0
2021-02-04,520262.9341758116,0.0,0.0,0.0,0.0,0.0
2021-02-05,520262.9341758116,0.0,0.0,0.0,0.0,0.0
2021-02-08,520262.9341758116,0.0,0.0,0.0,0.0,0.0
2021-02-09,520262.9341758116,0.0,0.0,0.0,0.0,0.0
2021-02-10,520262.9341758116,0.0,0.0,0.0,0.0,0.0
2021-02-11,520262.9341758116,0.0,0.0,0.0,0.0,0.0
2021-02-12,520262.9341758116,0.0,0.0,0.0,0.0,0.0
2021-02-16,520262.9341758116,0.0,0.0,0.0,0.0,0.0
2021-02-17,520262.9341758116,0.0,0.0,0.0,0.0,0.0
2021-02-18,520262.9341758116,0.0,0.0,0.0,0.0,0.0
2021-02-19,520262.9341758116,0.0,0.0,0.0,0.0,0.0
2021-02-22,520262.9341758116,0.0,0.0,0.0,0.0,0.0
2021-02-23,520262.9341758116,0.0,0.0,0.0,0.0,0.0
2021-02-24,520262.9341758116,0.0,0.0,0.0,0.0,0.0
2021-02-25,520262.9341758116,0.0,0.0,0.0,0.0,0.0
2021-02-26,520262.9341758116,0.0,0.0,0.0,0.0,0.0
2021-03-01,520262.9341758116,0.0,0.0,0.0,0.0,0.0
2021-03-02,520262.9341758116,0.0,0.0,0.0,0.0,0.0
2021-03-03,520262.9341758116,0.0,0.0,0.0,0.0,0.0
2021-03-04,520262.9341758116,0.0,0.0,0.0,0.0,0.0
2021-03-05,520262.9341758116,0.0,0.0,0.0,0.0,0.0
2021-03-08,520262.9341758116,0.0,0.0,0.0,0.0,0.0
2021-03-09,520262.9341758116,0.0,0.0,0.0,0.0,0.0
2021-03-10,520262.9341758116,0.0,0.0,0.0,0.0,0.0
2021-03-11,520262.9341758116,0.0,0.0,0.0,0.0,0.0
2021-03-12,520262.9341758116,0.0,0.0,0.0,0.0,0.0
2021-03-15,520262.9341758116,0.0,0.0,0.0,0.0,0.0
2021-03-16,520262.9341758116,0.0,0.0,0.0,0.0,0.0
2021-03-17,520262.9341758116,0.0,0.0,0.0,0.0,0.0
2021-03-18,520262.9341758116,0.0,0.0,0.0,0.0,0.0
2021-03-19,520262.9341758116,0.0,0.0,0.0,0.0,0.0
2021-03-22,520262.9341758116,0.0,0.0,0.0,0.0,0.0
2021-03-23,520262.9341758116,0.0,0.0,0.0,0.0,0.0
2021-03-24,520262.9341758116,0.0,0.0,0.0,0.0,0.0
2021-03-25,520262.9341758116,0.0,0.0,0.0,0.0,0.0
2021-03-26,520262.9341758116,0.0,0.0,0.0,0.0,0.0
2021-03-29,520262.9341758116,0.0,0.0,0.0,0.0,0.0
2021-03-30,520262.9341758116,0.0,0.0,0.0,0.0,0.0
2021-03-31,520262.9341758116,0.0,0.0,0.0,0.0,0.0
2021-04-01,520262.9341758116,0.0,0.0,0.0,0.0,0.0
2021-04-05,520262.9341758116,0.0,0.0,0.0,0.0,0.0
2021-04-06,520262.9341758116,0.0,0.0,0.0,0.0,0.0
2021-04-07,520262.9341758116,0.0,0.0,0.0,0.0,0.0
2021-04-08,520262.9341758116,0.0,0.0,0.0,0.0,0.0
2021-04-09,520262.9341758116,0.0,0.0,0.0,0.0,0.0
2021-04-12,520262.9341758116,0.0,0.0,0.0,0.0,0.0
2021-04-13,520262.9341758116,0.0,0.0,0.0,0.0,0.0
2021-04-14,520262.9341758116,0.0,0.0,0.0,0.0,0.0
2021-04-15,520262.9341758116,0.0,0.0,0.0,0.0,0.0
2021-04-16,520262.9341758116,0.0,0.0,0.0,0.0,0.0
2021-04-19,520262.9341758116,0.0,0.0,0.0,0.0,0.0
2021-04-20,520262.9341758116,0.0,0.0,0.0,0.0,0.0
2021-04-21,520262.9341758116,0.0,0.0,0.0,0.0,0.0
2021-04-22,520262.9341758116,0.0,0.0,0.0,0.0,0.0
2021-04-23,520262.9341758116,0.0,0.0,0.0,0.0,0.0
2021-04-26,520262.9341758116,0.0,0.0,0.0,0.0,0.0
2021-04-27,520262.9341758116,0.0,0.0,0.0,0.0,0.0
2021-04-28,520262.9341758116,0.0,0.0,0.0,0.0,0.0
2021-04-29,520262.9341758116,0.0,0.0,0.0,0.0,0.0
2021-04-30,520262.9341758116,0.0,0.0,0.0,0.0,0.0
2021-05-03,520262.9341758116,0.0,0.0,0.0,0.0,0.0
2021-05-04,520262.9341758116,0.0,0.0,0.0,0.0,0.0
2021-05-05,520262.9341758116,0.0,0.0,0.0,0.0,0.0
2021-05-06,520262.9341758116,0.0,0.0,0.0,0.0,0.0
2021-05-07,520262.9341758116,0.0,0.0,0.0,0.0,0.0
2021-05-10,520262.9341758116,0.0,0.0,0.0,0.0,0.0
2021-05-11,520262.9341758116,0.0,0.0,0.0,0.0,0.0
2021-05-12,520262.9341758116,0.0,0.0,0.0,0.0,0.0
2021-05-13,520262.9341758116,0.0,0.0,0.0,0.0,0.0
2021-05-14,520262.9341758116,0.0,0.0,0.0,0.0,0.0
2021-05-17,520262.9341758116,0.0,0.0,0.0,0.0,0.0
2021-05-18,520262.9341758116,0.0,0.0,0.0,0.0,0.0
2021-05-19,520262.9341758116,0.0,0.0,0.0,0.0,0.0
2021-05-20,520262.9341758116,0.0,0.0,0.0,0.0,0.0
2021-05-21,520262.9341758116,0.0,0.0,0.0,0.0,0.0
2021-05-24,520262.9341758116,0.0,0.0,0.0,0.0,0.0
2021-05-25,520262.9341758116,0.0,0.0,0.0,0.0,0.0
2021-05-26,520262.9341758116,0.0,0.0,0.0,0.0,0.0
2021-05-27,520262.9341758116,0.0,0.0,0.0,0.0,0.0
2021-05-28,520262.9341758116,0.0,0.0,0.0,0.0,0.0
2021-06-01,520002.8027087237,0.0,260.1314670879058,-0.0005,-0.890975298409543,-0.5
2021-06-02,520537.56494927156,534.7622405478442,0.0,0.0010294420424130121,-1.0539233003837132,-0.5
2021-06-03,521717.6789670873,1180.1140178157434,0.0,0.002272257797975625,-1.0943396065191173,-0.5
2021-06-04,522365.7754626986,648.0964956112886,0.0,0.0012437810945273632,-1.1278142427639994,-0.5
2021-06-07,528762.5336097097,6396.758147011045,0.0,0.012397562513133011,-0.7922436466572793,-0.5
2021-06-08,525949.966941573,-2812.566668136754,0.0,-0.005291005291005292,-0.7844341920595531,-0.5
2021-06-09,528939.5772799777,2989.6103384047306,0.0,0.005716705483802668,-0.6732036804323787,-0.5
2021-06-10,524997.3104135384,-3942.266866439357,0.0,-0.007398013105051785,-0.6480669831945424,-0.5
2021-06-11,528632.4155842573,3635.1051707190027,0.0,0.006972321994506655,-0.5782955484228134,-0.5
2021-06-14,523458.566410454,-5173.849173803369,0.0,-0.00969237252423093,-0.5272179300043087,-0.5
2021-06-15,525970.9927517396,2512.426341285568,0.0,0.004822814007129378,-0.8241164718628692,-0.5
2021-06-16,528852.4183336075,2881.425581867937,0.0,0.005508474576271186,-0.6473663129085321,-0.5
2021-06-17,532908.38063868,4055.9623050724053,0.0,0.007728638900815802,-0.39264129347470994,-0.5
2021-06-18,533946.0646338656,1037.6839951856598,0.0,0.0019510080208107522,-0.35352883267538243,-0.5
2021-06-21,533250.2183289562,-695.8463049094687,0.0,-0.0013015184381778744,-0.7997997263509167,-0.5
2021-06-22,531170.8197306197,-2079.398598336484,0.0,-0.003884333189469141,-0.6699461812963339,-0.5
2021-06-23,534482.0737659137,3311.254035294061,0.0,0.00627298291152931,-0.7069688426732711,-0.5
2021-06-24,532387.8906296955,-2094.183136218208,0.0,-0.0039028620988725065,-0.7046161748736359,-0.5
2021-06-25,528248.3735535251,-4139.5170761704185,0.0,-0.007715387912558937,-0.7011511418665187,-0.5
2021-06-28,527984.2493667483,0.0,264.12418677676254,-0.0005,-0.009350261145728341,0.0
2021-06-29,527720.2572420649,0.0,263.99212468337413,-0.0005,0.23196541055629744,0.5
2021-06-30,527608.499457812,-111.7577842528727,0.0,-0.00021172983273343211,0.3345677169119598,0.5
2021-07-01,523696.14829657826,-3912.351161233776,0.0,-0.007360672975814933,0.4824723980596989,0.5
2021-07-02,519754.34933090507,-3941.7989656731697,0.0,-0.007470651013874067,0.6185277244352242,0.5
2021-07-06,516851.4418514543,-2383.15313011987,519.754349330905,-0.005559660943273201,-0.25965224627366973,-0.5
2021-07-07,517079.23005852854,227.78820707424165,0.0,0.0004409171075837742,-0.32364776040557125,-0.5
2021-07-08,517193.2748820968,114.04482356826831,0.0,0.00022060445621001543,-0.26455103430592336,-0.5
2021-07-09,511259.01841831283,-5934.256463783989,0.0,-0.011343804537521816,-0.1908624070429239,-0.5
2021-07-12,501594.50259904895,-9153.25680084555,511.25901841831285,-0.018570883661792756,0.759664905603984,0.5
2021-07-13,498356.3873177973,-3238.11528125167,0.0,-0.006414235464514795,1.1209851455646624,0.5
2021-07-14,498671.80275280855,315.4154350112641,0.0,0.0006333122229259025,1.1244688908521836,0.5
2021-07-15,495204.42612178397,-3467.3766310245855,0.0,-0.006905210295040804,1.0293636029713136,0.5
2021-07-16,493088.1678904943,-2116.258231289675,0.0,-0.00425531914893617,1.0927661747961852,0.5
2021-07-19,484233.8346688055,-8607.789137743543,246.54408394524714,-0.017648803219656853,0.8612299440336805,0.5
2021-07-20,483991.7177514711,0.0,242.11691733440273,-0.0005,0.8980611316812378,0.5
2021-07-21,484849.4788817351,857.7611302640161,0.0,0.001775410563692854,1.3639755142461323,0.5
2021-07-22,490415.0799638213,5565.601082086143,0.0,0.011612326931665922,1.8949563985009004,0.5
2021-07-23,490838.39897975896,423.3190159376964,0.0,0.0008639308855291577,2.410112307658164,0.5
2021-07-26,498345.8367926764,7507.437812917468,0.0,0.015532706191205427,2.7666166742174525,0.5
2021-07-27,498450.00607294246,104.16928026602768,0.0,0.00020907380305247754,2.5310038089766733,0.5
2021-07-28,501991.02157784847,3541.015504905985,0.0,0.007154882154882155,2.171110281467394,0.5
2021-07-29,502818.365659559,827.3440817105043,0.0,0.001650846058605035,2.1951389276732236,0.5
2021-07-30,495694.2450783455,-7124.120581213464,0.0,-0.013970439360194372,1.842474124165467,0.5
2021-08-02,495379.98414528655,-314.260933058968,0.0,-0.0006335797254487857,1.7461231628758542,0.5
2021-08-03,501983.6529986833,6603.668853396753,0.0,0.013510615483594252,1.6068715809857188,0.5
2021-08-04,498569.5020199206,-3414.150978762685,0.0,-0.006755373592630502,1.3205210322244487,0.5
2021-08-05,499819.57181186357,1250.0697919429685,0.0,0.0025136154168412233,0.9590605212054327,0.5
2021-08-06,501066.5229265709,1246.951114707352,0.0,0.0025010421008753647,0.8970491498009318,0.5
2021-08-09,500444.5950950526,-621.9278315182925,0.0,-0.0012396694214876034,0.385247476874328,0.5
2021-08-10,506360.2611921945,5915.66609714185,0.0,0.011962224554039873,0.2988898349580317,0.5
2021-08-11,510566.2520165219,4205.990824327386,0.0,0.008375893769152197,0.34535943290983,0.5
2021-08-12,510362.75809383695,-203.49392268494296,0.0,-0.00039840637450199205,0.35933830803396505,0.5
2021-08-13,514434.2599533809,4071.501859543973,0.0,0.008041817450743869,0.3390788765884592,0.5
2021-08-16,514131.2951359761,-302.96481740481795,0.0,-0.0005885815185403178,1.0123605482830371,0.5
2021-08-17,520497.3076347117,6366.012498735554,0.0,0.012537313432835822,1.1817668757439028,0.5
2021-08-18,522793.3256775959,2296.0180428842286,0.0,0.0044307455210942015,1.4413625336504734,0.5
2021-08-19,523886.61970467836,1093.294027082425,0.0,0.002095637264240808,1.5779687181502748,0.5
2021-08-20,517836.4334490961,-6050.186255582238,0.0,-0.011416807037244995,1.6449080816493649,0.5
2021-08-23,517234.2980613646,-602.1353877315071,0.0,-0.0011614401858304297,0.9673183406374863,0.5
2021-08-24,518841.86386730516,1607.565805940527,0.0,0.003117692907248636,0.6926536993707274,0.5
2021-08-25,523048.6897905536,4206.825923248421,0.0,0.008174386920980927,0.35725525756369614,0.5
2021-08-26,524141.6866727147,1092.9968821611112,0.0,0.0020940415000951836,0.13925054343637236,0.5
2021-08-27,519552.1251688681,-4065.419817173913,524.1416866727147,-0.008688943119954946,-0.036798430432345035,-0.5
2021-08-30,517794.7930191328,-1497.5560871508496,259.77606258443404,-0.003372676757999617,-0.4246105395235732,-0.5
2021-08-31,517535.8956226232,0.0,258.8973965095664,-0.0005,-0.48859494584681606,-0.5
2021-09-01,517738.0580818508,202.1624592275872,0.0,0.00039077764751856197,-0.12325096853178111,-0.5
2021-09-02,510350.4743758353,-7387.583706015464,0.0,-0.014068221237232609,-0.11926560398394481,-0.5
2021-09-03,506179.99349439086,-4170.480881444492,0.0,-0.008105560791705938,-0.0289642917981752,-0.5
2021-09-07,498449.67472313787,-7477.228774505774,253.08999674719544,-0.015049566979915238,0.8172805480583432,0.5
2021-09-08,498200.4498857763,0.0,249.22483736156894,-0.0005,0.8591331292326435,0.5
2021-09-09,496921.6075134989,-1278.8423722773869,0.0,-0.0025603511338697874,1.0012668981350505,0.5
2021-09-10,490510.89750134543,-6410.710012153506,0.0,-0.012736535662299854,1.1614091781764209,0.5
2021-09-13,493665.90516593977,3155.0076645943523,0.0,0.006473724295506474,1.2792153882727844,0.5
2021-09-14,495417.80135535944,1751.8961894196593,0.0,0.003561387066541706,1.113681871051819,0.5
2021-09-15,496060.96244762343,643.1610922640052,0.0,0.0012999071494893223,0.9067734609784301,0.5
2021-09-16,491839.9479687868,-4221.014478836603,0.0,-0.008437270726338958,0.8992062941948107,0.5
2021-09-17,492580.3920003544,740.4440315676128,0.0,0.0015077271013946474,0.7070971606993369,0.5
2021-09-20,485926.3979620757,-6653.994038278709,0.0,-0.013328396890040726,0.4075398526223713,0.5
2021-09-21,487050.79379230033,1124.3958302246258,0.0,0.002319288751449556,0.4226287199893758,0.5
2021-09-22,491444.5341585649,4393.740366264514,0.0,0.009103234553554137,0.5391567604868256,0.5
2021-09-23,487738.31595224084,-3706.218206324019,0.0,-0.0074850299401197605,0.8701902484980181,0.5
2021-09-24,485777.65273727203,-1960.663214968809,0.0,-0.004003813155386082,0.7467714887619004,0.5
2021-09-27,481316.3165212513,-4218.447389652112,242.88882636863602,-0.009104840252534916,0.6294216873842836,0.5
2021-09-28,481075.65836299065,0.0,240.65815826062564,-0.0005,0.6641756670138432,0.5
2021-09-29,484276.55315444694,3200.8947914562978,0.0,0.006698187549251378,0.5361182959325652,0.5
2021-09-30,489684.40152379737,5892.124922504859,484.27655315444696,0.011304398826979473,-0.17578837303946396,-0.5
2021-10-01,489684.40152379737,0.0,0.0,0.0,0.0,0.0
2021-10-04,489684.40152379737,0.0,0.0,0.0,0.0,0.0
2021-10-05,489684.40152379737,0.0,0.0,0.0,0.0,0.0
2021-10-06,489684.40152379737,0.0,0.0,0.0,0.0,0.0
2021-10-07,489684.40152379737,0.0,0.0,0.0,0.0,0.0
2021-10-08,489684.40152379737,0.0,0.0,0.0,0.0,0.0
2021-10-11,489684.40152379737,0.0,0.0,0.0,0.0,0.0
2021-10-12,489684.40152379737,0.0,0.0,0.0,0.0,0.0
2021-10-13,489684.40152379737,0.0,0.0,0.0,0.0,0.0
2021-10-14,489684.40152379737,0.0,0.0,0.0,0.0,0.0
2021-10-15,489684.40152379737,0.0,0.0,0.0,0.0,0.0
2021-10-18,489684.40152379737,0.0,0.0,0.0,0.0,0.0
2021-10-19,489684.40152379737,0.0,0.0,0.0,0.0,0.0
2021-10-20,489684.40152379737,0.0,0.0,0.0,0.0,0.0
2021-10-21,489684.40152379737,0.0,0.0,0.0,0.0,0.0
2021-10-22,489684.40152379737,0.0,0.0,0.0,0.0,0.0
2021-10-25,489684.40152379737,0.0,0.0,0.0,0.0,0.0
2021-10-26,489684.40152379737,0.0,0.0,0.0,0.0,0.0
2021-10-27,489684.40152379737,0.0,0.0,0.0,0.0,0.0
2021-10-28,489684.40152379737,0.0,0.0,0.0,0.0,0.0
2021-10-29,489684.40152379737,0.0,0.0,0.0,0.0,0.0
2021-11-01,489684.40152379737,0.0,0.0,0.0,0.0,0.0
2021-11-02,489684.40152379737,0.0,0.0,0.0,0.0,0.0
2021-11-03,489684.40152379737,0.0,0.0,0.0,0.0,0.0
2021-11-04,489684.40152379737,0.0,0.0,0.0,0.0,0.0
2021-11-05,489684.40152379737,0.0,0.0,0.0,0.0,0.0
2021-11-08,489684.40152379737,0.0,0.0,0.0,0.0,0.0
2021-11-09,489684.40152379737,0.0,0.0,0.0,0.0,0.0
2021-11-10,489684.40152379737,0.0,0.0,0.0,0.0,0.0
2021-11-11,489684.40152379737,0.0,0.0,0.0,0.0,0.0
2021-11-12,489684.40152379737,0.0,0.0,0.0,0.0,0.0
2021-11-15,489684.40152379737,0.0,0.0,0.0,0.0,0.0
2021-11-16,489684.40152379737,0.0,0.0,0.0,0.0,0.0
2021-11-17,489684.40152379737,0.0,0.0,0.0,0.0,0.0
2021-11-18,489684.40152379737,0.0,0.0,0.0,0.0,0.0
2021-11-19,489684.40152379737,0.0,0.0,0.0,0.0,0.0
2021-11-22,489684.40152379737,0.0,0.0,0.0,0.0,0.0
2021-11-23,489684.40152379737,0.0,0.0,0.0,0.0,0.0
2021-11-24,489684.40152379737,0.0,0.0,0.0,0.0,0.0
2021-11-26,489684.40152379737,0.0,0.0,0.0,0.0,0.0
2021-11-29,489684.40152379737,0.0,0.0,0.0,0.0,0.0
2021-11-30,489684.40152379737,0.0,0.0,0.0,0.0,0.0
2021-12-01,489684.40152379737,0.0,0.0,0.0,0.0,0.0
2021-12-02,489684.40152379737,0.0,0.0,0.0,0.0,0.0
2021-12-03,489684.40152379737,0.0,0.0,0.0,0.0,0.0
2021-12-06,489684.40152379737,0.0,0.0,0.0,0.0,0.0
2021-12-07,489684.40152379737,0.0,0.0,0.0,0.0,0.0
2021-12-08,489684.40152379737,0.0,0.0,0.0,0.0,0.0
2021-12-09,489684.40152379737,0.0,0.0,0.0,0.0,0.0
2021-12-10,489684.40152379737,0.0,0.0,0.0,0.0,0.0
2021-12-13,489684.40152379737,0.0,0.0,0.0,0.0,0.0
2021-12-14,489684.40152379737,0.0,0.0,0.0,0.0,0.0
2021-12-15,489684.40152379737,0.0,0.0,0.0,0.0,0.0
2021-12-16,489684.40152379737,0.0,0.0,0.0,0.0,0.0
2021-12-17,489684.40152379737,0.0,0.0,0.0,0.0,0.0
2021-12-20,489684.40152379737,0.0,0.0,0.0,0.0,0.0
2021-12-21,489684.40152379737,0.0,0.0,0.0,0.0,0.0
2021-12-22,489684.40152379737,0.0,0.0,0.0,0.0,0.0
2021-12-23,489684.40152379737,0.0,0.0,0.0,0.0,0.0
2021-12-27,489684.40152379737,0.0,0.0,0.0,0.0,0.0
2021-12-28,489684.40152379737,0.0,0.0,0.0,0.0,0.0
2021-12-29,489684.40152379737,0.0,0.0,0.0,0.0,0.0
2021-12-30,489684.40152379737,0.0,0.0,0.0,0.0,0.0
2021-12-31,489684.40152379737,0.0,0.0,0.0,0.0,0.0
2022-01-03,489684.40152379737,0.0,0.0,0.0,0.0,0.0
2022-01-04,489684.40152379737,0.0,0.0,0.0,0.0,0.0
2022-01-05,489684.40152379737,0.0,0.0,0.0,0.0,0.0
2022-01-06,489684.40152379737,0.0,0.0,0.0,0.0,0.0
2022-01-07,489684.40152379737,0.0,0.0,0.0,0.0,0.0
2022-01-10,489684.40152379737,0.0,0.0,0.0,0.0,0.0
2022-01-11,489684.40152379737,0.0,0.0,0.0,0.0,0.0
2022-01-12,489684.40152379737,0.0,0.0,0.0,0.0,0.0
2022-01-13,489684.40152379737,0.0,0.0,0.0,0.0,0.0
2022-01-14,489684.40152379737,0.0,0.0,0.0,0.0,0.0
2022-01-18,489684.40152379737,0.0,0.0,0.0,0.0,0.0
2022-01-19,489684.40152379737,0.0,0.0,0.0,0.0,0.0
2022-01-20,489684.40152379737,0.0,0.0,0.0,0.0,0.0
2022-01-21,489684.40152379737,0.0,0.0,0.0,0.0,0.0
2022-01-24,489684.40152379737,0.0,0.0,0.0,0.0,0.0
2022-01-25,489684.40152379737,0.0,0.0,0.0,0.0,0.0
2022-01-26,489684.40152379737,0.0,0.0,0.0,0.0,0.0
2022-01-27,489684.40152379737,0.0,0.0,0.0,0.0,0.0
2022-01-28,489684.40152379737,0.0,0.0,0.0,0.0,0.0
2022-01-31,489684.40152379737,0.0,0.0,0.0,0.0,0.0
2022-02-01,489684.40152379737,0.0,0.0,0.0,0.0,0.0
2022-02-02,489684.40152379737,0.0,0.0,0.0,0.0,0.0
2022-02-03,489684.40152379737,0.0,0.0,0.0,0.0,0.0
2022-02-04,489684.40152379737,0.0,0.0,0.0,0.0,0.0
2022-02-07,489684.40152379737,0.0,0.0,0.0,0.0,0.0
2022-02-08,489684.40152379737,0.0,0.0,0.0,0.0,0.0
2022-02-09,489684.40152379737,0.0,0.0,0.0,0.0,0.0
2022-02-10,489684.40152379737,0.0,0.0,0.0,0.0,0.0
2022-02-11,489684.40152379737,0.0,0.0,0.0,0.0,0.0
2022-02-14,489684.40152379737,0.0,0.0,0.0,0.0,0.0
2022-02-15,489684.40152379737,0.0,0.0,0.0,0.0,0.0
2022-02-16,489684.40152379737,0.0,0.0,0.0,0.0,0.0
2022-02-17,489684.40152379737,0.0,0.0,0.0,0.0,0.0
2022-02-18,489684.40152379737,0.0,0.0,0.0,0.0,0.0
2022-02-22,489684.40152379737,0.0,0.0,0.0,0.0,0.0
2022-02-23,489684.40152379737,0.0,0.0,0.0,0.0,0.0
2022-02-24,489684.40152379737,0.0,0.0,0.0,0.0,0.0
2022-02-25,489684.40152379737,0.0,0.0,0.0,0.0,0.0
2022-02-28,489684.40152379737,0.0,0.0,0.0,0.0,0.0
2022-03-01,489684.40152379737,0.0,0.0,0.0,0.0,0.0
2022-03-02,489684.40152379737,0.0,0.0,0.0,0.0,0.0
2022-03-03,489684.40152379737,0.0,0.0,0.0,0.0,0.0
2022-03-04,489684.40152379737,0.0,0.0,0.0,0.0,0.0
2022-03-07,489684.40152379737,0.0,0.0,0.0,0.0,0.0
2022-03-08,489684.40152379737,0.0,0.0,0.0,0.0,0.0
2022-03-09,489684.40152379737,0.0,0.0,0.0,0.0,0.0
2022-03-10,489684.40152379737,0.0,0.0,0.0,0.0,0.0
2022-03-11,489684.40152379737,0.0,0.0,0.0,0.0,0.0
2022-03-14,489684.40152379737,0.0,0.0,0.0,0.0,0.0
2022-03-15,489684.40152379737,0.0,0.0,0.0,0.0,0.0
2022-03-16,489684.40152379737,0.0,0.0,0.0,0.0,0.0
2022-03-17,489684.40152379737,0.0,0.0,0.0,0.0,0.0
2022-03-18,489684.40152379737,0.0,0.0,0.0,0.0,0.0
2022-03-21,489684.40152379737,0.0,0.0,0.0,0.0,0.0
2022-03-22,489684.40152379737,0.0,0.0,0.0,0.0,0.0
2022-03-23,489684.40152379737,0.0,0.0,0.0,0.0,0.0
2022-03-24,489684.40152379737,0.0,0.0,0.0,0.0,0.0
2022-03-25,489684.40152379737,0.0,0.0,0.0,0.0,0.0
2022-03-28,489684.40152379737,0.0,0.0,0.0,0.0,0.0
2022-03-29,489684.40152379737,0.0,0.0,0.0,0.0,0.0
2022-03-30,489684.40152379737,0.0,0.0,0.0,0.0,0.0
2022-03-31,489684.40152379737,0.0,0.0,0.0,0.0,0.0
2022-04-01,489684.40152379737,0.0,0.0,0.0,0.0,0.0
2022-04-04,489684.40152379737,0.0,0.0,0.0,0.0,0.0
2022-04-05,489684.40152379737,0.0,0.0,0.0,0.0,0.0
2022-04-06,489684.40152379737,0.0,0.0,0.0,0.0,0.0
2022-04-07,489684.40152379737,0.0,0.0,0.0,0.0,0.0
2022-04-08,489684.40152379737,0.0,0.0,0.0,0.0,0.0
2022-04-11,489684.40152379737,0.0,0.0,0.0,0.0,0.0
2022-04-12,489684.40152379737,0.0,0.0,0.0,0.0,0.0
2022-04-13,489684.40152379737,0.0,0.0,0.0,0.0,0.0
2022-04-14,489684.40152379737,0.0,0.0,0.0,0.0,0.0
2022-04-18,489684.40152379737,0.0,0.0,0.0,0.0,0.0
2022-04-19,489684.40152379737,0.0,0.0,0.0,0.0,0.0
2022-04-20,489684.40152379737,0.0,0.0,0.0,0.0,0.0
2022-04-21,489684.40152379737,0.0,0.0,0.0,0.0,0.0
2022-04-22,489684.40152379737,0.0,0.0,0.0,0.0,0.0
2022-04-25,489684.40152379737,0.0,0.0,0.0,0.0,0.0
2022-04-26,489684.40152379737,0.0,0.0,0.0,0.0,0.0
2022-04-27,489684.40152379737,0.0,0.0,0.0,0.0,0.0
2022-04-28,489684.40152379737,0.0,0.0,0.0,0.0,0.0
2022-04-29,489684.40152379737,0.0,0.0,0.0,0.0,0.0
2022-05-02,489684.40152379737,0.0,0.0,0.0,0.0,0.0
2022-05-03,489684.40152379737,0.0,0.0,0.0,0.0,0.0
2022-05-04,489684.40152379737,0.0,0.0,0.0,0.0,0.0
2022-05-05,489684.40152379737,0.0,0.0,0.0,0.0,0.0
2022-05-06,489684.40152379737,0.0,0.0,0.0,0.0,0.0
2022-05-09,489684.40152379737,0.0,0.0,0.0,0.0,0.0
2022-05-10,489684.40152379737,0.0,0.0,0.0,0.0,0.0
2022-05-11,489684.40152379737,0.0,0.0,0.0,0.0,0.0
2022-05-12,489684.40152379737,0.0,0.0,0.0,0.0,0.0
2022-05-13,489684.40152379737,0.0,0.0,0.0,0.0,0.0
2022-05-16,489684.40152379737,0.0,0.0,0.0,0.0,0.0
2022-05-17,489684.40152379737,0.0,0.0,0.0,0.0,0.0
2022-05-18,489684.40152379737,0.0,0.0,0.0,0.0,0.0
2022-05-19,489684.40152379737,0.0,0.0,0.0,0.0,0.0
2022-05-20,489684.40152379737,0.0,0.0,0.0,0.0,0.0
2022-05-23,489684.40152379737,0.0,0.0,0.0,0.0,0.0
2022-05-24,489684.40152379737,0.0,0.0,0.0,0.0,0.0
2022-05-25,489684.40152379737,0.0,0.0,0.0,0.0,0.0
2022-05-26,489684.40152379737,0.0,0.0,0.0,0.0,0.0
2022-05-27,489684.40152379737,0.0,0.0,0.0,0.0,0.0
2022-05-31,489684.40152379737,0.0,0.0,0.0,0.0,0.0
2022-06-01,489439.5593230355,0.0,244.84220076189868,-0.0005,1.146691703065267,0.5
2022-06-02,485658.2315073464,-3781.3278156890615,0.0,-0.007666601140161195,1.7571725432938343,0.5
2022-06-03,484094.74424293643,-1563.4872644099682,0.0,-0.0032089851584436425,1.7429074180827502,0.5
2022-06-06,485957.40121754474,1862.6569746083014,0.0,0.0038625736938402116,0.9588659061631468,0.5
2022-06-07,484687.81797481404,-1269.5832427307237,0.0,-0.0026057326117458405,1.3301213378667918,0.5
2022-06-08,483023.233549446,-1664.5844253680482,0.0,-0.0034225890879806724,1.2965659833713505,0.5
2022-06-09,480075.5734586235,-2947.660090822494,0.0,-0.006065507480792561,0.6407315974711644,0.5
2022-06-10,475584.454605436,-4251.081066458157,240.03778672931176,-0.00927291283935497,0.7437709396440602,0.5
2022-06-13,475346.6623781333,0.0,237.792227302718,-0.0005,0.6017603766483769,0.5
2022-06-14,474532.0151418383,-814.6472362950013,0.0,-0.0017108639863130882,0.3528799374808292,0.5
2022-06-15,474669.51925972546,612.0361330290262,474.5320151418383,0.0002901420576840294,-0.687946017129281,-0.5
2022-06-16,474974.838418769,305.3191590435627,0.0,0.0006436387041407423,-1.2378801860524697,-0.5
2022-06-17,469060.59611986636,-5914.242298902663,0.0,-0.012298558100084818,-1.4632300194927799,-0.5
2022-06-21,466211.2544174206,-2849.341702445774,0.0,-0.006037892983551947,-2.9153676527352035,-0.5
2022-06-22,467851.4844101971,1640.2299927765212,0.0,0.0035306334371754933,-2.5117324579124074,-0.5
2022-06-23,469801.67817597534,1950.1937657782291,0.0,0.0041858518208455426,-2.12594811988303,-0.5
2022-06-24,469604.19953865884,-197.47863731650918,0.0,-0.0004201680672268908,-2.0176935503306126,-0.5
2022-06-27,471576.49773075734,1972.2981920985253,0.0,0.004217629692113032,-2.5334404394509438,-0.5
2022-06-28,472375.4413948501,798.9436640927697,0.0,0.0016970725498515061,-2.1789782575992898,-0.5
2022-06-29,475989.023181976,3613.5817871259246,0.0,0.007708779443254817,-1.9510602119642944,-0.5
2022-06-30,478659.6564583531,2670.6332763770774,0.0,0.005642361111111112,-2.094958449282035,-0.5
2022-07-01,481375.7522828658,2716.0958245126976,0.0,0.005706760316066726,-1.770048864708011,-0.5
2022-07-05,481269.48831988947,-106.26396297635007,0.0,-0.00022070183182520416,-0.35763089461018616,-0.5
2022-07-06,476915.54987745447,-4353.938442435011,0.0,-0.008965668051607261,-0.011320220119656083,-0.5
2022-07-07,476645.3597501507,206.72542257366902,476.91554987745445,-0.0005667823070251518,0.3746975364105822,0.5
2022-07-08,472923.1834050302,-3722.176345120483,0.0,-0.007748600947051227,0.27500840068232874,0.5
2022-07-11,478182.03084464784,5731.770623022623,472.9231834050302,0.011256301583760875,-0.3807624442552651,-0.5
2022-07-12,480136.73363854806,1954.7027939002387,0.0,0.004104558219917909,-0.4772237703836928,-0.5
2022-07-13,485448.44153780316,5311.707899255087,0.0,0.011186663742048695,-0.517708868912562,-0.5
2022-07-14,491478.856960633,6030.415422829852,0.0,0.012578616352201257,-0.5664739187181498,-0.5
2022-07-15,477481.5480585044,-13751.569473648286,245.73942848031652,-0.02770480194733348,0.0,0.0
2022-07-18,477481.5480585044,0.0,0.0,0.0,0.0,0.0
2022-07-19,477242.8072844752,0.0,238.7407740292522,-0.0005,0.8816429504111277,0.5
2022-07-20,479377.89440696646,2135.087122491261,0.0,0.0044939011341750485,1.4568701328876612,0.5
2022-07-21,472660.12580561475,-6478.079654148196,239.68894720348322,-0.013826666666666668,0.0,0.0
2022-07-22,472660.12580561475,0.0,0.0,0.0,0.0,0.0
2022-07-25,472660.12580561475,0.0,0.0,0.0,0.0,0.0
2022-07-26,472660.12580561475,0.0,0.0,0.0,0.0,0.0
2022-07-27,472660.12580561475,0.0,0.0,0.0,0.0,0.0
2022-07-28,472660.12580561475,0.0,0.0,0.0,0.0,0.0
2022-07-29,472660.12580561475,0.0,0.0,0.0,0.0,0.0
2022-08-01,472660.12580561475,0.0,0.0,0.0,0.0,0.0
2022-08-02,472660.12580561475,0.0,0.0,0.0,0.0,0.0
2022-08-03,472660.12580561475,0.0,0.0,0.0,0.0,0.0
2022-08-04,472660.12580561475,0.0,0.0,0.0,0.0,0.0
2022-08-05,472660.12580561475,0.0,0.0,0.0,0.0,0.0
2022-08-08,472660.12580561475,0.0,0.0,0.0,0.0,0.0
2022-08-09,472660.12580561475,0.0,0.0,0.0,0.0,0.0
2022-08-10,472660.12580561475,0.0,0.0,0.0,0.0,0.0
2022-08-11,472660.12580561475,0.0,0.0,0.0,0.0,0.0
2022-08-12,472423.7957427119,0.0,236.33006290280738,-0.0005,0.6942464349613029,0.5
2022-08-15,472754.8137764636,803.441829494408,472.42379574271195,0.0007018739352640545,-0.6392236714603823,-0.5
2022-08-16,475459.13156713406,2704.3177906704486,0.0,0.0057532495205625395,-0.6902394112046087,-0.5
2022-08-17,468631.9215767787,-6827.209990355333,0.0,-0.01415592647369533,-0.41684383626504257,-0.5
2022-08-18,468436.6582761217,-195.26330065699113,0.0,-0.00041649312786339027,-0.19479397727033151,-0.5
2022-08-19,472337.0467713434,3900.3884952216627,0.0,0.008396305625524769,-0.17225695223422557,-0.5
2022-08-22,473264.52315700194,1399.8134324298915,472.3370467713434,0.0019694267515923567,0.6436740027602335,0.5
2022-08-23,468427.06636153004,-4837.4567954719105,0.0,-0.01011804384485666,0.4508504062316807,0.5
2022-08-24,478579.71386506147,10386.861036712187,234.21353318076504,0.02216540684748777,0.0,0.0
2022-08-25,478340.42400812893,0.0,239.28985693253074,-0.0005,-0.19656286778495463,-0.5
2022-08-26,478736.0736557783,395.64964764940356,0.0,0.0008278145695364237,-0.3062458867445647,-0.5
2022-08-29,477248.69977325207,-1487.3738825262376,0.0,-0.0030972537683254184,-0.8594223295497315,-0.5
2022-08-30,477936.37801500026,687.6782417482018,0.0,0.001443001443001443,-0.8356419060826829,-0.5
2022-08-31,477443.04979657027,-493.32821843001676,0.0,-0.0010311404413281089,-1.0407726263911636,-0.5
2022-09-01,481869.28326192783,4426.233465357574,0.0,0.009357454772301934,-1.351457369396704,-0.5
2022-09-02,477014.1771333442,-4855.106128583656,0.0,-0.00997506234413965,-1.090570472218823,-0.5
2022-09-06,481627.27720027155,4613.100066927403,0.0,0.009765219198005402,-0.8240429046314323,-0.5
2022-09-07,489206.3887802171,7579.111579945524,0.0,0.015988062246855683,-0.5581946031084005,-0.5
2022-09-08,491537.9616903481,2331.572910131017,0.0,0.004788855028297779,-0.38532202564072027,-0.5
2022-09-09,483336.4164266758,-7955.776282827157,245.76898084517407,-0.016419715884631942,0.0,0.0
2022-09-12,483336.4164266758,0.0,0.0,0.0,0.0,0.0
2022-09-13,483336.4164266758,0.0,0.0,0.0,0.0,0.0
2022-09-14,483336.4164266758,0.0,0.0,0.0,0.0,0.0
2022-09-15,483336.4164266758,0.0,0.0,0.0,0.0,0.0
2022-09-16,483336.4164266758,0.0,0.0,0.0,0.0,0.0
2022-09-19,483336.4164266758,0.0,0.0,0.0,0.0,0.0
2022-09-20,483336.4164266758,0.0,0.0,0.0,0.0,0.0
2022-09-21,483336.4164266758,0.0,0.0,0.0,0.0,0.0
2022-09-22,483094.74821846245,0.0,241.66820821333792,-0.0005,-0.6851077788309793,-0.5
2022-09-23,490795.9570440045,7701.208825542055,0.0,0.016199649737302976,-0.6763311159326029,-0.5
2022-09-26,491232.80257764406,436.84553363952335,0.0,0.0008908685968819599,-0.9913808232515905,-0.5
2022-09-27,486524.1511039841,-4708.651473659986,0.0,-0.009494369618017223,-1.0523813727491385,-0.5
2022-09-28,486949.80652927194,425.6554252878251,0.0,0.0008756567425569177,-1.0186824513407255,-0.5
2022-09-29,482148.59239828656,-4801.214130985371,0.0,-0.009763506183553915,-1.1662464151777427,-0.5
2022-09-30,479351.426090862,-2797.1663074245243,0.0,-0.0057679982909634685,-1.0158679213113202,-0.5
2022-10-03,479351.426090862,0.0,0.0,0.0,0.0,0.0
2022-10-04,479351.426090862,0.0,0.0,0.0,0.0,0.0
2022-10-05,479351.426090862,0.0,0.0,0.0,0.0,0.0
2022-10-06,479351.426090862,0.0,0.0,0.0,0.0,0.0
2022-10-07,479351.426090862,0.0,0.0,0.0,0.0,0.0
2022-10-10,479351.426090862,0.0,0.0,0.0,0.0,0.0
2022-10-11,479351.426090862,0.0,0.0,0.0,0.0,0.0
2022-10-12,479351.426090862,0.0,0.0,0.0,0.0,0.0
2022-10-13,479351.426090862,0.0,0.0,0.0,0.0,0.0
2022-10-14,479351.426090862,0.0,0.0,0.0,0.0,0.0
2022-10-17,479351.426090862,0.0,0.0,0.0,0.0,0.0
2022-10-18,479351.426090862,0.0,0.0,0.0,0.0,0.0
2022-10-19,479351.426090862,0.0,0.0,0.0,0.0,0.0
2022-10-20,479351.426090862,0.0,0.0,0.0,0.0,0.0
2022-10-21,479351.426090862,0.0,0.0,0.0,0.0,0.0
2022-10-24,479351.426090862,0.0,0.0,0.0,0.0,0.0
2022-10-25,479351.426090862,0.0,0.0,0.0,0.0,0.0
2022-10-26,479351.426090862,0.0,0.0,0.0,0.0,0.0
2022-10-27,479351.426090862,0.0,0.0,0.0,0.0,0.0
2022-10-28,479351.426090862,0.0,0.0,0.0,0.0,0.0
2022-10-31,479351.426090862,0.0,0.0,0.0,0.0,0.0
2022-11-01,479351.426090862,0.0,0.0,0.0,0.0,0.0
2022-11-02,479351.426090862,0.0,0.0,0.0,0.0,0.0
2022-11-03,479351.426090862,0.0,0.0,0.0,0.0,0.0
2022-11-04,479351.426090862,0.0,0.0,0.0,0.0,0.0
2022-11-07,479351.426090862,0.0,0.0,0.0,0.0,0.0
2022-11-08,479351.426090862,0.0,0.0,0.0,0.0,0.0
2022-11-09,479351.426090862,0.0,0.0,0.0,0.0,0.0
2022-11-10,479351.426090862,0.0,0.0,0.0,0.0,0.0
2022-11-11,479351.426090862,0.0,0.0,0.0,0.0,0.0
2022-11-14,479351.426090862,0.0,0.0,0.0,0.0,0.0
2022-11-15,479351.426090862,0.0,0.0,0.0,0.0,0.0
2022-11-16,479351.426090862,0.0,0.0,0.0,0.0,0.0
2022-11-17,479351.426090862,0.0,0.0,0.0,0.0,0.0
2022-11-18,479351.426090862,0.0,0.0,0.0,0.0,0.0
2022-11-21,479351.426090862,0.0,0.0,0.0,0.0,0.0
2022-11-22,479351.426090862,0.0,0.0,0.0,0.0,0.0
2022-11-23,479351.426090862,0.0,0.0,0.0,0.0,0.0
2022-11-25,479351.426090862,0.0,0.0,0.0,0.0,0.0
2022-11-28,479351.426090862,0.0,0.0,0.0,0.0,0.0
2022-11-29,479351.426090862,0.0,0.0,0.0,0.0,0.0
2022-11-30,479351.426090862,0.0,0.0,0.0,0.0,0.0
2022-12-01,479351.426090862,0.0,0.0,0.0,0.0,0.0
2022-12-02,479351.426090862,0.0,0.0,0.0,0.0,0.0
2022-12-05,479351.426090862,0.0,0.0,0.0,0.0,0.0
2022-12-06,479351.426090862,0.0,0.0,0.0,0.0,0.0
2022-12-07,479351.426090862,0.0,0.0,0.0,0.0,0.0
2022-12-08,479351.426090862,0.0,0.0,0.0,0.0,0.0
2022-12-09,479351.426090862,0.0,0.0,0.0,0.0,0.0
2022-12-12,479351.426090862,0.0,0.0,0.0,0.0,0.0
2022-12-13,479351.426090862,0.0,0.0,0.0,0.0,0.0
2022-12-14,479351.426090862,0.0,0.0,0.0,0.0,0.0
2022-12-15,479351.426090862,0.0,0.0,0.0,0.0,0.0
2022-12-16,479351.426090862,0.0,0.0,0.0,0.0,0.0
2022-12-19,479351.426090862,0.0,0.0,0.0,0.0,0.0
2022-12-20,479351.426090862,0.0,0.0,0.0,0.0,0.0
2022-12-21,479351.426090862,0.0,0.0,0.0,0.0,0.0
2022-12-22,479351.426090862,0.0,0.0,0.0,0.0,0.0
2022-12-23,479351.426090862,0.0,0.0,0.0,0.0,0.0
2022-12-27,479351.426090862,0.0,0.0,0.0,0.0,0.0
2022-12-28,479351.426090862,0.0,0.0,0.0,0.0,0.0
2022-12-29,479351.426090862,0.0,0.0,0.0,0.0,0.0
2022-12-30,479351.426090862,0.0,0.0,0.0,0.0,0.0
2023-01-03,479351.426090862,0.0,0.0,0.0,0.0,0.0
2023-01-04,479351.426090862,0.0,0.0,0.0,0.0,0.0
2023-01-05,479351.426090862,0.0,0.0,0.0,0.0,0.0
2023-01-06,479351.426090862,0.0,0.0,0.0,0.0,0.0
2023-01-09,479351.426090862,0.0,0.0,0.0,0.0,0.0
2023-01-10,479351.426090862,0.0,0.0,0.0,0.0,0.0
2023-01-11,479351.426090862,0.0,0.0,0.0,0.0,0.0
2023-01-12,479351.426090862,0.0,0.0,0.0,0.0,0.0
2023-01-13,479351.426090862,0.0,0.0,0.0,0.0,0.0
2023-01-17,479351.426090862,0.0,0.0,0.0,0.0,0.0
2023-01-18,479351.426090862,0.0,0.0,0.0,0.0,0.0
2023-01-19,479351.426090862,0.0,0.0,0.0,0.0,0.0
2023-01-20,479351.426090862,0.0,0.0,0.0,0.0,0.0
2023-01-23,479351.426090862,0.0,0.0,0.0,0.0,0.0
2023-01-24,479351.426090862,0.0,0.0,0.0,0.0,0.0
2023-01-25,479351.426090862,0.0,0.0,0.0,0.0,0.0
2023-01-26,479351.426090862,0.0,0.0,0.0,0.0,0.0
2023-01-27,479351.426090862,0.0,0.0,0.0,0.0,0.0
2023-01-30,479351.426090862,0.0,0.0,0.0,0.0,0.0
2023-01-31,479351.426090862,0.0,0.0,0.0,0.0,0.0
2023-02-01,479351.426090862,0.0,0.0,0.0,0.0,0.0
2023-02-02,479351.426090862,0.0,0.0,0.0,0.0,0.0
2023-02-03,479351.426090862,0.0,0.0,0.0,0.0,0.0
2023-02-06,479351.426090862,0.0,0.0,0.0,0.0,0.0
2023-02-07,479351.426090862,0.0,0.0,0.0,0.0,0.0
2023-02-08,479351.426090862,0.0,0.0,0.0,0.0,0.0
2023-02-09,479351.426090862,0.0,0.0,0.0,0.0,0.0
2023-02-10,479351.426090862,0.0,0.0,0.0,0.0,0.0
2023-02-13,479351.426090862,0.0,0.0,0.0,0.0,0.0
2023-02-14,479351.426090862,0.0,0.0,0.0,0.0,0.0
2023-02-15,479351.426090862,0.0,0.0,0.0,0.0,0.0
2023-02-16,479351.426090862,0.0,0.0,0.0,0.0,0.0
2023-02-17,479351.426090862,0.0,0.0,0.0,0.0,0.0
2023-02-21,479351.426090862,0.0,0.0,0.0,0.0,0.0
2023-02-22,479351.426090862,0.0,0.0,0.0,0.0,0.0
2023-02-23,479351.426090862,0.0,0.0,0.0,0.0,0.0
2023-02-24,479351.426090862,0.0,0.0,0.0,0.0,0.0
2023-02-27,479351.426090862,0.0,0.0,0.0,0.0,0.0
2023-02-28,479351.426090862,0.0,0.0,0.0,0.0,0.0
2023-03-01,479351.426090862,0.0,0.0,0.0,0.0,0.0
2023-03-02,479351.426090862,0.0,0.0,0.0,0.0,0.0
2023-03-03,479351.426090862,0.0,0.0,0.0,0.0,0.0
2023-03-06,479351.426090862,0.0,0.0,0.0,0.0,0.0
2023-03-07,479351.426090862,0.0,0.0,0.0,0.0,0.0
2023-03-08,479351.426090862,0.0,0.0,0.0,0.0,0.0
2023-03-09,479351.426090862,0.0,0.0,0.0,0.0,0.0
2023-03-10,479351.426090862,0.0,0.0,0.0,0.0,0.0
2023-03-13,479351.426090862,0.0,0.0,0.0,0.0,0.0
2023-03-14,479351.426090862,0.0,0.0,0.0,0.0,0.0
2023-03-15,479351.426090862,0.0,0.0,0.0,0.0,0.0
2023-03-16,479351.426090862,0.0,0.0,0.0,0.0,0.0
2023-03-17,479351.426090862,0.0,0.0,0.0,0.0,0.0
2023-03-20,479351.426090862,0.0,0.0,0.0,0.0,0.0
2023-03-21,479351.426090862,0.0,0.0,0.0,0.0,0.0
2023-03-22,479351.426090862,0.0,0.0,0.0,0.0,0.0
2023-03-23,479351.426090862,0.0,0.0,0.0,0.0,0.0
2023-03-24,479351.426090862,0.0,0.0,0.0,0.0,0.0
2023-03-27,479351.426090862,0.0,0.0,0.0,0.0,0.0
2023-03-28,479351.426090862,0.0,0.0,0.0,0.0,0.0
2023-03-29,479351.426090862,0.0,0.0,0.0,0.0,0.0
2023-03-30,479351.426090862,0.0,0.0,0.0,0.0,0.0
2023-03-31,479351.426090862,0.0,0.0,0.0,0.0,0.0
2023-04-03,479351.426090862,0.0,0.0,0.0,0.0,0.0
2023-04-04,479351.426090862,0.0,0.0,0.0,0.0,0.0
2023-04-05,479351.426090862,0.0,0.0,0.0,0.0,0.0
2023-04-06,479351.426090862,0.0,0.0,0.0,0.0,0.0
2023-04-10,479351.426090862,0.0,0.0,0.0,0.0,0.0
2023-04-11,479351.426090862,0.0,0.0,0.0,0.0,0.0
2023-04-12,479351.426090862,0.0,0.0,0.0,0.0,0.0
2023-04-13,479351.426090862,0.0,0.0,0.0,0.0,0.0
2023-04-14,479351.426090862,0.0,0.0,0.0,0.0,0.0
2023-04-17,479351.426090862,0.0,0.0,0.0,0.0,0.0
2023-04-18,479351.426090862,0.0,0.0,0.0,0.0,0.0
2023-04-19,479351.426090862,0.0,0.0,0.0,0.0,0.0
2023-04-20,479351.426090862,0.0,0.0,0.0,0.0,0.0
2023-04-21,479351.426090862,0.0,0.0,0.0,0.0,0.0
2023-04-24,479351.426090862,0.0,0.0,0.0,0.0,0.0
2023-04-25,479351.426090862,0.0,0.0,0.0,0.0,0.0
2023-04-26,479351.426090862,0.0,0.0,0.0,0.0,0.0
2023-04-27,479351.426090862,0.0,0.0,0.0,0.0,0.0
2023-04-28,479351.426090862,0.0,0.0,0.0,0.0,0.0
2023-05-01,479351.426090862,0.0,0.0,0.0,0.0,0.0
2023-05-02,479351.426090862,0.0,0.0,0.0,0.0,0.0
2023-05-03,479351.426090862,0.0,0.0,0.0,0.0,0.0
2023-05-04,479351.426090862,0.0,0.0,0.0,0.0,0.0
2023-05-05,479351.426090862,0.0,0.0,0.0,0.0,0.0
2023-05-08,479351.426090862,0.0,0.0,0.0,0.0,0.0
2023-05-09,479351.426090862,0.0,0.0,0.0,0.0,0.0
2023-05-10,479351.426090862,0.0,0.0,0.0,0.0,0.0
2023-05-11,479351.426090862,0.0,0.0,0.0,0.0,0.0
2023-05-12,479351.426090862,0.0,0.0,0.0,0.0,0.0
2023-05-15,479351.426090862,0.0,0.0,0.0,0.0,0.0
2023-05-16,479351.426090862,0.0,0.0,0.0,0.0,0.0
2023-05-17,479351.426090862,0.0,0.0,0.0,0.0,0.0
2023-05-18,479351.426090862,0.0,0.0,0.0,0.0,0.0
2023-05-19,479351.426090862,0.0,0.0,0.0,0.0,0.0
2023-05-22,479351.426090862,0.0,0.0,0.0,0.0,0.0
2023-05-23,479351.426090862,0.0,0.0,0.0,0.0,0.0
2023-05-24,479351.426090862,0.0,0.0,0.0,0.0,0.0
2023-05-25,479351.426090862,0.0,0.0,0.0,0.0,0.0
2023-05-26,479351.426090862,0.0,0.0,0.0,0.0,0.0
2023-05-30,479351.426090862,0.0,0.0,0.0,0.0,0.0
2023-05-31,479351.426090862,0.0,0.0,0.0,0.0,0.0
2023-06-01,479111.7503778166,0.0,239.67571304543102,-0.0005,-0.6127168261158459,-0.5
2023-06-02,477678.2378268192,-1433.5125509974566,0.0,-0.0029830957905203847,-0.7068141283127962,-0.5
2023-06-05,475310.3681746704,-2367.869652148806,0.0,-0.004932587964485366,-0.9526673641933944,-0.5
2023-06-06,476165.80241058685,855.4342359164551,0.0,0.0018029831175217176,-1.059310671300077,-0.5
2023-06-07,471630.8900066765,-4534.912403910352,0.0,-0.009433962264150945,-1.0178878928154886,-0.5
2023-06-08,468135.076126511,-3495.813880165504,0.0,-0.007357645553422904,-0.9916111306358262,-0.5
2023-06-09,465596.75527629757,-2304.253312150181,234.06753806325548,-0.005395639121504188,-0.9274695474248906,-0.5
2023-06-12,465363.9568986594,0.0,232.7983776381488,-0.0005,-0.6371500550879521,-0.5
2023-06-13,461654.1039259341,-3709.852972725282,0.0,-0.007908889591901296,-0.5782000094245648,-0.5
2023-06-14,461436.7526528993,-217.3512730348089,0.0,-0.00047058823529411766,-0.6189939301269225,-0.5
2023-06-15,458759.86964127223,-2676.883011627042,0.0,-0.005767731878409976,-0.6040502449605925,-0.5
2023-06-16,461461.80315744836,2701.9335161761232,0.0,0.005924540068599938,-0.5083090493092519,-0.5
2023-06-20,464791.0445227625,3329.241365314088,0.0,0.0072669826224328595,-0.6449046975031932,-0.5
2023-06-21,463163.83208172163,-1627.2124410408617,0.0,-0.0034887408816999684,-0.47720782320290506,-0.5
2023-06-22,465066.84403401695,1903.0119522953162,0.0,0.00412567438908283,-0.3659567140888871,-0.5
2023-06-23,466178.3804681327,1111.5364341157192,0.0,0.0023957834211787254,-0.44125282532548,-0.5
2023-06-26,459983.566894829,-6194.813573303716,0.0,-0.013114236056249012,-0.8000339572335591,-0.5
2023-06-27,459553.13935250696,-430.42754232204834,0.0,-0.0009348706762231225,-0.9778239540172154,-0.5
2023-06-28,453830.18618497887,-5722.953167528106,0.0,-0.012300123001230012,-0.8579004512470159,-0.5
2023-06-29,458930.95073201536,5100.764547036518,0.0,0.011367127496159753,-0.7814456780707532,-0.5
2023-06-30,451570.7992601917,-7130.685996457666,229.4654753660077,-0.015792227662178703,-0.6694496563163603,-0.5
2023-07-03,451345.0138605616,0.0,225.78539963009584,-0.0005,-0.3315926341796688,-0.5
2023-07-05,452906.20606665005,2012.5372199489964,451.3450138605616,0.0034744699910421025,0.10631339596235277,0.5
2023-07-06,449034.6323195296,-3871.573747120434,0.0,-0.008475836431226765,0.11143386754127887,0.5
2023-07-07,448829.093122557,-205.5391969726257,0.0,-0.00045752630776269633,0.13154550398782217,0.5
2023-07-10,450542.7045043627,1713.6113818057306,0.0,0.0038325923654760076,0.5307763319789327,0.5
2023-07-11,450337.85028891667,-204.85421544605762,0.0,-0.00045447659445538557,0.5448807042777125,0.5
2023-07-12,450542.7977329195,204.94744400284438,0.0,0.00045530429503718323,0.7386628369009957,0.5
2023-07-13,445967.71930792625,-4575.078424993272,0.0,-0.010052513128282071,1.0518534068979024,0.5
2023-07-14,451142.1591204409,5174.4398125146145,0.0,0.011738926279542965,1.0980116269839888,0.5
2023-07-17,454689.0887053007,3546.9295848598317,0.0,0.007924413288631514,1.0372899519424477,0.5
2023-07-18,457937.83479905693,3248.746093756242,0.0,0.007196401799100449,1.4001292376362529,0.5
2023-07-19,459685.17611176247,1747.3413127055298,0.0,0.0038302887448438423,1.92563691664707,0.5
2023-07-20,456672.38366710336,-3012.79244465909,0.0,-0.0065113587035161334,2.1043950053980636,0.5
2023-07-21,458492.0640624711,1819.6803953677377,0.0,0.004000592680397095,2.1471250351188043,0.5
2023-07-24,458626.3223535582,134.2582910871072,0.0,0.00029291154071470416,2.073012147619499,0.5
2023-07-25,462183.1258485448,3556.8034949866233,0.0,0.007815956348621146,1.86806357366481,0.5
2023-07-26,467644.07920871495,5460.953360170127,0.0,0.011956838728492273,1.9254898958867201,0.5
2023-07-27,466130.0288396552,-1514.050369059747,0.0,-0.0032271643047565596,2.2462699831602375,0.5
2023-07-28,465865.8576700096,-264.17116964559665,0.0,-0.0005664117813650525,2.711512165380135,0.5
2023-07-31,467385.7037304933,1519.8460604837194,0.0,0.0032730895118827383,3.0,0.5
2023-08-01,467056.3733304577,-329.3304000355787,0.0,-0.0007041261794113504,3.0,0.5
2023-08-02,468308.7118985185,1252.3385680607812,0.0,0.0026885524267723218,3.0,0.5
2023-08-03,463641.40160306724,-4667.310295451265,0.0,-0.009867963863794302,2.8032757822783174,0.5
2023-08-04,464903.1012063984,1261.6996033311768,0.0,0.00272870888984633,2.5179972195399403,0.5
2023-08-07,462651.433764658,-2251.667441740391,0.0,-0.004819960306209243,2.8010483704911597,0.5
2023-08-08,453134.8694625369,-9516.564302121129,0.0,-0.020155038759689922,2.6308004505928175,0.5
2023-08-09,452183.1910688262,-951.6783937106985,0.0,-0.002095808383233533,2.439782382790866,0.5
2023-08-10,449662.73640333256,-2520.4546654936075,0.0,-0.005543071161048688,2.384217165239122,0.5
2023-08-11,450690.3020715303,1027.5656681977434,0.0,0.0022904260192395786,2.2863495415627355,0.5
2023-08-14,452330.6671382147,1640.365066684369,0.0,0.0036529680365296807,2.390398517303757,0.5
2023-08-15,453624.5970803445,1293.9299421297922,0.0,0.0028687905782877852,2.334928265714193,0.5
2023-08-16,455797.64904240606,2173.0519620615305,0.0,0.0048134777376654635,2.268208114331125,0.5
2023-08-17,458568.6608470826,2771.0118046765497,0.0,0.006116664180217814,2.1675428045240333,0.5
2023-08-18,455411.2147498349,-3157.4460972477123,0.0,-0.006838352975411029,1.892227095731269,0.5
2023-08-21,454667.07877802145,-744.1359718134557,0.0,-0.0016313213703099511,1.5202613623048082,0.5
2023-08-22,452905.3285472869,-1761.7502307345094,0.0,-0.003859857482185273,1.383306086812192,0.5
2023-08-23,452497.1831625943,-408.14538469265864,0.0,-0.0009003601440576229,1.2920446422969853,0.5
2023-08-24,455220.6088812978,2723.4257187035464,0.0,0.006055101422948834,1.207374520512298,0.5
2023-08-25,459755.21797958016,4534.60909828233,0.0,0.01006157080642739,1.2412583803088455,0.5
2023-08-28,460559.454512489,804.2365329088866,0.0,0.0017523364485981308,1.3610615650870639,0.5
2023-08-29,468119.4804218312,7560.0259093421355,0.0,0.016688819967508494,1.2203166743072198,0.5
2023-08-30,471477.2994797093,3357.819057878114,0.0,0.007224819379515512,1.070599855610125,0.5
2023-08-31,471215.80347334227,-261.4960063670046,0.0,-0.0005543237250554324,1.0575487860018842,0.5
2023-09-01,469384.3150645064,-1831.4884088358667,0.0,-0.0038716814159292035,0.9646712320268019,0.5
2023-09-05,468464.983725544,-919.3313389623795,0.0,-0.001954761239877129,0.6874055388880947,0.5
2023-09-06,469583.50966983254,1118.525944288518,0.0,0.0023933549204561456,0.6656524368128345,0.5
2023-09-07,469320.9524936123,-262.5571762202027,0.0,-0.0005588153115395361,0.3420265022091843,0.5
2023-09-08,471685.2897857716,2364.337292159256,0.0,0.005063291139240506,0.22524251571139506,0.5
2023-09-11,471344.3014452199,130.6969492340736,471.6852897857716,-0.0007231152993348116,-0.12367691170578711,-0.5
2023-09-12,460600.953784572,-10507.675509925284,235.67215072260996,-0.02229595015576324,-0.32221898716244957,-0.5
2023-09-13,460370.65330767975,0.0,230.300476892286,-0.0005,-0.4318784861672082,-0.5
2023-09-14,460131.43758759263,-239.21572008712903,0.0,-0.0005193456245131136,-0.5068326105953459,-0.5
2023-09-15,465863.6745468982,5732.236959305593,0.0,0.0126149802890933,-0.5690347763480683,-0.5
2023-09-18,474295.5962581543,8431.921711256076,0.0,0.018433179723502304,-0.33190127009118214,-0.5
2023-09-19,472920.2569152351,-1375.3393429192545,0.0,-0.0028913672036348617,-0.16890346089789482,-0.5
2023-09-20,477594.9217282357,4674.664813000676,0.0,0.009983361064891847,-0.09921462145346939,-0.5
2023-09-21,475922.6706017363,-1672.2511264994248,0.0,-0.0034891835310537334,-0.2523704763405909,-0.5
2023-09-22,476783.1705624905,860.4999607541824,0.0,0.0018113417862616692,-0.3424487016862043,-0.5
2023-09-25,482268.3067086964,5723.527731487183,238.39158528124523,0.011644249788075727,0.0,0.0
2023-09-26,482268.3067086964,0.0,0.0,0.0,0.0,0.0
2023-09-27,482027.1725553421,0.0,241.1341533543482,-0.0005,-0.8222328882364357,-0.5
2023-09-28,478993.3364283105,-3033.8361270315736,0.0,-0.0062545454545454545,-0.7161191407129285,-0.5
2023-09-29,481832.12318655866,2838.7867582481545,0.0,0.00596190199214774,-0.5458412050310248,-0.5
2023-10-02,481832.12318655866,0.0,0.0,0.0,0.0,0.0
2023-10-03,481832.12318655866,0.0,0.0,0.0,0.0,0.0
2023-10-04,481832.12318655866,0.0,0.0,0.0,0.0,0.0
2023-10-05,481832.12318655866,0.0,0.0,0.0,0.0,0.0
2023-10-06,481832.12318655866,0.0,0.0,0.0,0.0,0.0
2023-10-09,481832.12318655866,0.0,0.0,0.0,0.0,0.0
2023-10-10,481832.12318655866,0.0,0.0,0.0,0.0,0.0
2023-10-11,481832.12318655866,0.0,0.0,0.0,0.0,0.0
2023-10-12,481832.12318655866,0.0,0.0,0.0,0.0,0.0
2023-10-13,481832.12318655866,0.0,0.0,0.0,0.0,0.0
2023-10-16,481832.12318655866,0.0,0.0,0.0,0.0,0.0
2023-10-17,481832.12318655866,0.0,0.0,0.0,0.0,0.0
2023-10-18,481832.12318655866,0.0,0.0,0.0,0.0,0.0
2023-10-19,481832.12318655866,0.0,0.0,0.0,0.0,0.0
2023-10-20,481832.12318655866,0.0,0.0,0.0,0.0,0.0
2023-10-23,481832.12318655866,0.0,0.0,0.0,0.0,0.0
2023-10-24,481832.12318655866,0.0,0.0,0.0,0.0,0.0
2023-10-25,481832.12318655866,0.0,0.0,0.0,0.0,0.0
2023-10-26,481832.12318655866,0.0,0.0,0.0,0.0,0.0
2023-10-27,481832.12318655866,0.0,0.0,0.0,0.0,0.0
2023-10-30,481832.12318655866,0.0,0.0,0.0,0.0,0.0
2023-10-31,481832.12318655866,0.0,0.0,0.0,0.0,0.0
2023-11-01,481832.12318655866,0.0,0.0,0.0,0.0,0.0
2023-11-02,481832.12318655866,0.0,0.0,0.0,0.0,0.0
2023-11-03,481832.12318655866,0.0,0.0,0.0,0.0,0.0
2023-11-06,481832.12318655866,0.0,0.0,0.0,0.0,0.0
2023-11-07,481832.12318655866,0.0,0.0,0.0,0.0,0.0
2023-11-08,481832.12318655866,0.0,0.0,0.0,0.0,0.0
2023-11-09,481832.12318655866,0.0,0.0,0.0,0.0,0.0
2023-11-10,481832.12318655866,0.0,0.0,0.0,0.0,0.0
2023-11-13,481832.12318655866,0.0,0.0,0.0,0.0,0.0
2023-11-14,481832.12318655866,0.0,0.0,0.0,0.0,0.0
2023-11-15,481832.12318655866,0.0,0.0,0.0,0.0,0.0
2023-11-16,481832.12318655866,0.0,0.0,0.0,0.0,0.0
2023-11-17,481832.12318655866,0.0,0.0,0.0,0.0,0.0
2023-11-20,481832.12318655866,0.0,0.0,0.0,0.0,0.0
2023-11-21,481832.12318655866,0.0,0.0,0.0,0.0,0.0
2023-11-22,481832.12318655866,0.0,0.0,0.0,0.0,0.0
2023-11-24,481832.12318655866,0.0,0.0,0.0,0.0,0.0
2023-11-27,481832.12318655866,0.0,0.0,0.0,0.0,0.0
2023-11-28,481832.12318655866,0.0,0.0,0.0,0.0,0.0
2023-11-29,481832.12318655866,0.0,0.0,0.0,0.0,0.0
2023-11-30,481832.12318655866,0.0,0.0,0.0,0.0,0.0
2023-12-01,481832.12318655866,0.0,0.0,0.0,0.0,0.0
2023-12-04,481832.12318655866,0.0,0.0,0.0,0.0,0.0
2023-12-05,481832.12318655866,0.0,0.0,0.0,0.0,0.0
2023-12-06,481832.12318655866,0.0,0.0,0.0,0.0,0.0
2023-12-07,481832.12318655866,0.0,0.0,0.0,0.0,0.0
2023-12-08,481832.12318655866,0.0,0.0,0.0,0.0,0.0
2023-12-11,481832.12318655866,0.0,0.0,0.0,0.0,0.0
2023-12-12,481832.12318655866,0.0,0.0,0.0,0.0,0.0
2023-12-13,481832.12318655866,0.0,0.0,0.0,0.0,0.0
2023-12-14,481832.12318655866,0.0,0.0,0.0,0.0,0.0
2023-12-15,481832.12318655866,0.0,0.0,0.0,0.0,0.0
2023-12-18,481832.12318655866,0.0,0.0,0.0,0.0,0.0
2023-12-19,481832.12318655866,0.0,0.0,0.0,0.0,0.0
2023-12-20,481832.12318655866,0.0,0.0,0.0,0.0,0.0
2023-12-21,481832.12318655866,0.0,0.0,0.0,0.0,0.0
2023-12-22,481832.12318655866,0.0,0.0,0.0,0.0,0.0
2023-12-26,481832.12318655866,0.0,0.0,0.0,0.0,0.0
2023-12-27,481832.12318655866,0.0,0.0,0.0,0.0,0.0
2023-12-28,481832.12318655866,0.0,0.0,0.0,0.0,0.0
2023-12-29,481832.12318655866,0.0,0.0,0.0,0.0,0.0
2024-01-02,481832.12318655866,0.0,0.0,0.0,0.0,0.0
2024-01-03,481832.12318655866,0.0,0.0,0.0,0.0,0.0
2024-01-04,481832.12318655866,0.0,0.0,0.0,0.0,0.0
2024-01-05,481832.12318655866,0.0,0.0,0.0,0.0,0.0
2024-01-08,481832.12318655866,0.0,0.0,0.0,0.0,0.0
2024-01-09,481832.12318655866,0.0,0.0,0.0,0.0,0.0
2024-01-10,481832.12318655866,0.0,0.0,0.0,0.0,0.0
2024-01-11,481832.12318655866,0.0,0.0,0.0,0.0,0.0
2024-01-12,481832.12318655866,0.0,0.0,0.0,0.0,0.0
2024-01-16,481832.12318655866,0.0,0.0,0.0,0.0,0.0
2024-01-17,481832.12318655866,0.0,0.0,0.0,0.0,0.0
2024-01-18,481832.12318655866,0.0,0.0,0.0,0.0,0.0
2024-01-19,481832.12318655866,0.0,0.0,0.0,0.0,0.0
2024-01-22,481832.12318655866,0.0,0.0,0.0,0.0,0.0
2024-01-23,481832.12318655866,0.0,0.0,0.0,0.0,0.0
2024-01-24,481832.12318655866,0.0,0.0,0.0,0.0,0.0
2024-01-25,481832.12318655866,0.0,0.0,0.0,0.0,0.0
2024-01-26,481832.12318655866,0.0,0.0,0.0,0.0,0.0
2024-01-29,481832.12318655866,0.0,0.0,0.0,0.0,0.0
2024-01-30,481832.12318655866,0.0,0.0,0.0,0.0,0.0
2024-01-31,481832.12318655866,0.0,0.0,0.0,0.0,0.0
2024-02-01,481832.12318655866,0.0,0.0,0.0,0.0,0.0
2024-02-02,481832.12318655866,0.0,0.0,0.0,0.0,0.0
2024-02-05,481832.12318655866,0.0,0.0,0.0,0.0,0.0
2024-02-06,481832.12318655866,0.0,0.0,0.0,0.0,0.0
2024-02-07,481832.12318655866,0.0,0.0,0.0,0.0,0.0
2024-02-08,481832.12318655866,0.0,0.0,0.0,0.0,0.0
2024-02-09,481832.12318655866,0.0,0.0,0.0,0.0,0.0
2024-02-12,481832.12318655866,0.0,0.0,0.0,0.0,0.0
2024-02-13,481832.12318655866,0.0,0.0,0.0,0.0,0.0
2024-02-14,481832.12318655866,0.0,0.0,0.0,0.0,0.0
2024-02-15,481832.12318655866,0.0,0.0,0.0,0.0,0.0
2024-02-16,481832.12318655866,0.0,0.0,0.0,0.0,0.0
2024-02-20,481832.12318655866,0.0,0.0,0.0,0.0,0.0
2024-02-21,481832.12318655866,0.0,0.0,0.0,0.0,0.0
2024-02-22,481832.12318655866,0.0,0.0,0.0,0.0,0.0
2024-02-23,481832.12318655866,0.0,0.0,0.0,0.0,0.0
2024-02-26,481832.12318655866,0.0,0.0,0.0,0.0,0.0
2024-02-27,481832.12318655866,0.0,0.0,0.0,0.0,0.0
2024-02-28,481832.12318655866,0.0,0.0,0.0,0.0,0.0
2024-02-29,481832.12318655866,0.0,0.0,0.0,0.0,0.0
2024-03-01,481832.12318655866,0.0,0.0,0.0,0.0,0.0
2024-03-04,481832.12318655866,0.0,0.0,0.0,0.0,0.0
2024-03-05,481832.12318655866,0.0,0.0,0.0,0.0,0.0
2024-03-06,481832.12318655866,0.0,0.0,0.0,0.0,0.0
2024-03-07,481832.12318655866,0.0,0.0,0.0,0.0,0.0
2024-03-08,481832.12318655866,0.0,0.0,0.0,0.0,0.0
2024-03-11,481832.12318655866,0.0,0.0,0.0,0.0,0.0
2024-03-12,481832.12318655866,0.0,0.0,0.0,0.0,0.0
2024-03-13,481832.12318655866,0.0,0.0,0.0,0.0,0.0
2024-03-14,481832.12318655866,0.0,0.0,0.0,0.0,0.0
2024-03-15,481832.12318655866,0.0,0.0,0.0,0.0,0.0
2024-03-18,481832.12318655866,0.0,0.0,0.0,0.0,0.0
2024-03-19,481832.12318655866,0.0,0.0,0.0,0.0,0.0
2024-03-20,481832.12318655866,0.0,0.0,0.0,0.0,0.0
2024-03-21,481832.12318655866,0.0,0.0,0.0,0.0,0.0
2024-03-22,481832.12318655866,0.0,0.0,0.0,0.0,0.0
2024-03-25,481832.12318655866,0.0,0.0,0.0,0.0,0.0
2024-03-26,481832.12318655866,0.0,0.0,0.0,0.0,0.0
2024-03-27,481832.12318655866,0.0,0.0,0.0,0.0,0.0
2024-03-28,481832.12318655866,0.0,0.0,0.0,0.0,0.0
2024-04-01,481832.12318655866,0.0,0.0,0.0,0.0,0.0
2024-04-02,481832.12318655866,0.0,0.0,0.0,0.0,0.0
2024-04-03,481832.12318655866,0.0,0.0,0.0,0.0,0.0
2024-04-04,481832.12318655866,0.0,0.0,0.0,0.0,0.0
2024-04-05,481832.12318655866,0.0,0.0,0.0,0.0,0.0
2024-04-08,481832.12318655866,0.0,0.0,0.0,0.0,0.0
2024-04-09,481832.12318655866,0.0,0.0,0.0,0.0,0.0
2024-04-10,481832.12318655866,0.0,0.0,0.0,0.0,0.0
2024-04-11,481832.12318655866,0.0,0.0,0.0,0.0,0.0
2024-04-12,481832.12318655866,0.0,0.0,0.0,0.0,0.0
2024-04-15,481832.12318655866,0.0,0.0,0.0,0.0,0.0
2024-04-16,481832.12318655866,0.0,0.0,0.0,0.0,0.0
2024-04-17,481832.12318655866,0.0,0.0,0.0,0.0,0.0
2024-04-18,481832.12318655866,0.0,0.0,0.0,0.0,0.0
2024-04-19,481832.12318655866,0.0,0.0,0.0,0.0,0.0
2024-04-22,481832.12318655866,0.0,0.0,0.0,0.0,0.0
2024-04-23,481832.12318655866,0.0,0.0,0.0,0.0,0.0
2024-04-24,481832.12318655866,0.0,0.0,0.0,0.0,0.0
2024-04-25,481832.12318655866,0.0,0.0,0.0,0.0,0.0
2024-04-26,481832.12318655866,0.0,0.0,0.0,0.0,0.0
2024-04-29,481832.12318655866,0.0,0.0,0.0,0.0,0.0
2024-04-30,481832.12318655866,0.0,0.0,0.0,0.0,0.0
2024-05-01,481832.12318655866,0.0,0.0,0.0,0.0,0.0
2024-05-02,481832.12318655866,0.0,0.0,0.0,0.0,0.0
2024-05-03,481832.12318655866,0.0,0.0,0.0,0.0,0.0
2024-05-06,481832.12318655866,0.0,0.0,0.0,0.0,0.0
2024-05-07,481832.12318655866,0.0,0.0,0.0,0.0,0.0
2024-05-08,481832.12318655866,0.0,0.0,0.0,0.0,0.0
2024-05-09,481832.12318655866,0.0,0.0,0.0,0.0,0.0
2024-05-10,481832.12318655866,0.0,0.0,0.0,0.0,0.0
2024-05-13,481832.12318655866,0.0,0.0,0.0,0.0,0.0
2024-05-14,481832.12318655866,0.0,0.0,0.0,0.0,0.0
2024-05-15,481832.12318655866,0.0,0.0,0.0,0.0,0.0
2024-05-16,481832.12318655866,0.0,0.0,0.0,0.0,0.0
2024-05-17,481832.12318655866,0.0,0.0,0.0,0.0,0.0
2024-05-20,481832.12318655866,0.0,0.0,0.0,0.0,0.0
2024-05-21,481832.12318655866,0.0,0.0,0.0,0.0,0.0
2024-05-22,481832.12318655866,0.0,0.0,0.0,0.0,0.0
2024-05-23,481832.12318655866,0.0,0.0,0.0,0.0,0.0
2024-05-24,481832.12318655866,0.0,0.0,0.0,0.0,0.0
2024-05-28,481832.12318655866,0.0,0.0,0.0,0.0,0.0
2024-05-29,481832.12318655866,0.0,0.0,0.0,0.0,0.0
2024-05-30,481832.12318655866,0.0,0.0,0.0,0.0,0.0
2024-05-31,481832.12318655866,0.0,0.0,0.0,0.0,0.0
2024-06-03,481832.12318655866,0.0,0.0,0.0,0.0,0.0
2024-06-04,481832.12318655866,0.0,0.0,0.0,0.0,0.0
2024-06-05,481832.12318655866,0.0,0.0,0.0,0.0,0.0
2024-06-06,481832.12318655866,0.0,0.0,0.0,0.0,0.0
2024-06-07,481832.12318655866,0.0,0.0,0.0,0.0,0.0
2024-06-10,481832.12318655866,0.0,0.0,0.0,0.0,0.0
2024-06-11,481832.12318655866,0.0,0.0,0.0,0.0,0.0
2024-06-12,481832.12318655866,0.0,0.0,0.0,0.0,0.0
2024-06-13,481832.12318655866,0.0,0.0,0.0,0.0,0.0
2024-06-14,481832.12318655866,0.0,0.0,0.0,0.0,0.0
2024-06-17,481832.12318655866,0.0,0.0,0.0,0.0,0.0
2024-06-18,481832.12318655866,0.0,0.0,0.0,0.0,0.0
2024-06-20,481832.12318655866,0.0,0.0,0.0,0.0,0.0
2024-06-21,481832.12318655866,0.0,0.0,0.0,0.0,0.0
2024-06-24,481832.12318655866,0.0,0.0,0.0,0.0,0.0
2024-06-25,481832.12318655866,0.0,0.0,0.0,0.0,0.0
2024-06-26,481832.12318655866,0.0,0.0,0.0,0.0,0.0
2024-06-27,481832.12318655866,0.0,0.0,0.0,0.0,0.0
2024-06-28,481832.12318655866,0.0,0.0,0.0,0.0,0.0
2024-07-01,481832.12318655866,0.0,0.0,0.0,0.0,0.0
2024-07-02,481832.12318655866,0.0,0.0,0.0,0.0,0.0
2024-07-03,481832.12318655866,0.0,0.0,0.0,0.0,0.0
2024-07-05,481832.12318655866,0.0,0.0,0.0,0.0,0.0
2024-07-08,481832.12318655866,0.0,0.0,0.0,0.0,0.0
2024-07-09,481832.12318655866,0.0,0.0,0.0,0.0,0.0
2024-07-10,481832.12318655866,0.0,0.0,0.0,0.0,0.0
2024-07-11,481832.12318655866,0.0,0.0,0.0,0.0,0.0
2024-07-12,481832.12318655866,0.0,0.0,0.0,0.0,0.0
2024-07-15,481832.12318655866,0.0,0.0,0.0,0.0,0.0
2024-07-16,481832.12318655866,0.0,0.0,0.0,0.0,0.0
2024-07-17,481832.12318655866,0.0,0.0,0.0,0.0,0.0
2024-07-18,481832.12318655866,0.0,0.0,0.0,0.0,0.0
2024-07-19,481832.12318655866,0.0,0.0,0.0,0.0,0.0
2024-07-22,481832.12318655866,0.0,0.0,0.0,0.0,0.0
2024-07-23,481832.12318655866,0.0,0.0,0.0,0.0,0.0
2024-07-24,481832.12318655866,0.0,0.0,0.0,0.0,0.0
2024-07-25,481832.12318655866,0.0,0.0,0.0,0.0,0.0
2024-07-26,481832.12318655866,0.0,0.0,0.0,0.0,0.0
2024-07-29,481832.12318655866,0.0,0.0,0.0,0.0,0.0
2024-07-30,481832.12318655866,0.0,0.0,0.0,0.0,0.0
2024-07-31,481832.12318655866,0.0,0.0,0.0,0.0,0.0
2024-08-01,481832.12318655866,0.0,0.0,0.0,0.0,0.0
2024-08-02,481832.12318655866,0.0,0.0,0.0,0.0,0.0
2024-08-05,481832.12318655866,0.0,0.0,0.0,0.0,0.0
2024-08-06,481832.12318655866,0.0,0.0,0.0,0.0,0.0
2024-08-07,481832.12318655866,0.0,0.0,0.0,0.0,0.0
2024-08-08,481832.12318655866,0.0,0.0,0.0,0.0,0.0
2024-08-09,481832.12318655866,0.0,0.0,0.0,0.0,0.0
2024-08-12,481832.12318655866,0.0,0.0,0.0,0.0,0.0
2024-08-13,481832.12318655866,0.0,0.0,0.0,0.0,0.0
2024-08-14,481832.12318655866,0.0,0.0,0.0,0.0,0.0
2024-08-15,481832.12318655866,0.0,0.0,0.0,0.0,0.0
2024-08-16,481832.12318655866,0.0,0.0,0.0,0.0,0.0
2024-08-19,481832.12318655866,0.0,0.0,0.0,0.0,0.0
2024-08-20,481832.12318655866,0.0,0.0,0.0,0.0,0.0
2024-08-21,481832.12318655866,0.0,0.0,0.0,0.0,0.0
2024-08-22,481832.12318655866,0.0,0.0,0.0,0.0,0.0
2024-08-23,481832.12318655866,0.0,0.0,0.0,0.0,0.0
2024-08-26,481832.12318655866,0.0,0.0,0.0,0.0,0.0
2024-08-27,481832.12318655866,0.0,0.0,0.0,0.0,0.0
2024-08-28,481832.12318655866,0.0,0.0,0.0,0.0,0.0
2024-08-29,481832.12318655866,0.0,0.0,0.0,0.0,0.0
2024-08-30,481832.12318655866,0.0,0.0,0.0,0.0,0.0
2024-09-03,481832.12318655866,0.0,0.0,0.0,0.0,0.0
2024-09-04,481832.12318655866,0.0,0.0,0.0,0.0,0.0
2024-09-05,481832.12318655866,0.0,0.0,0.0,0.0,0.0
2024-09-06,481832.12318655866,0.0,0.0,0.0,0.0,0.0
2024-09-09,481832.12318655866,0.0,0.0,0.0,0.0,0.0
2024-09-10,481832.12318655866,0.0,0.0,0.0,0.0,0.0
2024-09-11,481832.12318655866,0.0,0.0,0.0,0.0,0.0
2024-09-12,481832.12318655866,0.0,0.0,0.0,0.0,0.0
2024-09-13,481832.12318655866,0.0,0.0,0.0,0.0,0.0
2024-09-16,481832.12318655866,0.0,0.0,0.0,0.0,0.0
2024-09-17,481832.12318655866,0.0,0.0,0.0,0.0,0.0
2024-09-18,481832.12318655866,0.0,0.0,0.0,0.0,0.0
2024-09-19,481832.12318655866,0.0,0.0,0.0,0.0,0.0
2024-09-20,481832.12318655866,0.0,0.0,0.0,0.0,0.0
2024-09-23,481832.12318655866,0.0,0.0,0.0,0.0,0.0
2024-09-24,481832.12318655866,0.0,0.0,0.0,0.0,0.0
2024-09-25,481832.12318655866,0.0,0.0,0.0,0.0,0.0
2024-09-26,481832.12318655866,0.0,0.0,0.0,0.0,0.0
2024-09-27,481832.12318655866,0.0,0.0,0.0,0.0,0.0
2024-09-30,481832.12318655866,0.0,0.0,0.0,0.0,0.0
2024-10-01,481832.12318655866,0.0,0.0,0.0,0.0,0.0
2024-10-02,481832.12318655866,0.0,0.0,0.0,0.0,0.0
2024-10-03,481832.12318655866,0.0,0.0,0.0,0.0,0.0
2024-10-04,481832.12318655866,0.0,0.0,0.0,0.0,0.0
2024-10-07,481832.12318655866,0.0,0.0,0.0,0.0,0.0
2024-10-08,481832.12318655866,0.0,0.0,0.0,0.0,0.0
2024-10-09,481832.12318655866,0.0,0.0,0.0,0.0,0.0
2024-10-10,481832.12318655866,0.0,0.0,0.0,0.0,0.0
2024-10-11,481832.12318655866,0.0,0.0,0.0,0.0,0.0
2024-10-14,481832.12318655866,0.0,0.0,0.0,0.0,0.0
2024-10-15,481832.12318655866,0.0,0.0,0.0,0.0,0.0
2024-10-16,481832.12318655866,0.0,0.0,0.0,0.0,0.0
2024-10-17,481832.12318655866,0.0,0.0,0.0,0.0,0.0
2024-10-18,481832.12318655866,0.0,0.0,0.0,0.0,0.0
2024-10-21,481832.12318655866,0.0,0.0,0.0,0.0,0.0
2024-10-22,481832.12318655866,0.0,0.0,0.0,0.0,0.0
2024-10-23,481832.12318655866,0.0,0.0,0.0,0.0,0.0
2024-10-24,481832.12318655866,0.0,0.0,0.0,0.0,0.0
2024-10-25,481832.12318655866,0.0,0.0,0.0,0.0,0.0
2024-10-28,481832.12318655866,0.0,0.0,0.0,0.0,0.0
2024-10-29,481832.12318655866,0.0,0.0,0.0,0.0,0.0
2024-10-30,481832.12318655866,0.0,0.0,0.0,0.0,0.0
2024-10-31,481832.12318655866,0.0,0.0,0.0,0.0,0.0
2024-11-01,481832.12318655866,0.0,0.0,0.0,0.0,0.0
2024-11-04,481832.12318655866,0.0,0.0,0.0,0.0,0.0
2024-11-05,481832.12318655866,0.0,0.0,0.0,0.0,0.0
2024-11-06,481832.12318655866,0.0,0.0,0.0,0.0,0.0
2024-11-07,481832.12318655866,0.0,0.0,0.0,0.0,0.0
2024-11-08,481832.12318655866,0.0,0.0,0.0,0.0,0.0
2024-11-11,481832.12318655866,0.0,0.0,0.0,0.0,0.0
2024-11-12,481832.12318655866,0.0,0.0,0.0,0.0,0.0
2024-11-13,481832.12318655866,0.0,0.0,0.0,0.0,0.0
2024-11-14,481832.12318655866,0.0,0.0,0.0,0.0,0.0
2024-11-15,481832.12318655866,0.0,0.0,0.0,0.0,0.0
2024-11-18,481832.12318655866,0.0,0.0,0.0,0.0,0.0
2024-11-19,481832.12318655866,0.0,0.0,0.0,0.0,0.0
2024-11-20,481832.12318655866,0.0,0.0,0.0,0.0,0.0
2024-11-21,481832.12318655866,0.0,0.0,0.0,0.0,0.0
2024-11-22,481832.12318655866,0.0,0.0,0.0,0.0,0.0
2024-11-25,481832.12318655866,0.0,0.0,0.0,0.0,0.0
2024-11-26,481832.12318655866,0.0,0.0,0.0,0.0,0.0
2024-11-27,481832.12318655866,0.0,0.0,0.0,0.0,0.0
2024-11-29,481832.12318655866,0.0,0.0,0.0,0.0,0.0
2024-12-02,481832.12318655866,0.0,0.0,0.0,0.0,0.0
2024-12-03,481832.12318655866,0.0,0.0,0.0,0.0,0.0
2024-12-04,481832.12318655866,0.0,0.0,0.0,0.0,0.0
2024-12-05,481832.12318655866,0.0,0.0,0.0,0.0,0.0
2024-12-06,481832.12318655866,0.0,0.0,0.0,0.0,0.0
2024-12-09,481832.12318655866,0.0,0.0,0.0,0.0,0.0
2024-12-10,481832.12318655866,0.0,0.0,0.0,0.0,0.0
2024-12-11,481832.12318655866,0.0,0.0,0.0,0.0,0.0
2024-12-12,481832.12318655866,0.0,0.0,0.0,0.0,0.0
2024-12-13,481832.12318655866,0.0,0.0,0.0,0.0,0.0
2024-12-16,481832.12318655866,0.0,0.0,0.0,0.0,0.0
2024-12-17,481832.12318655866,0.0,0.0,0.0,0.0,0.0
2024-12-18,481832.12318655866,0.0,0.0,0.0,0.0,0.0
2024-12-19,481832.12318655866,0.0,0.0,0.0,0.0,0.0
2024-12-20,481832.12318655866,0.0,0.0,0.0,0.0,0.0
2024-12-23,481832.12318655866,0.0,0.0,0.0,0.0,0.0
2024-12-24,481832.12318655866,0.0,0.0,0.0,0.0,0.0
2024-12-26,481832.12318655866,0.0,0.0,0.0,0.0,0.0
2024-12-27,481832.12318655866,0.0,0.0,0.0,0.0,0.0
2024-12-30,481832.12318655866,0.0,0.0,0.0,0.0,0.0
2024-12-31,481832.12318655866,0.0,0.0,0.0,0.0,0.0
2025-01-02,481832.12318655866,0.0,0.0,0.0,0.0,0.0
2025-01-03,481832.12318655866,0.0,0.0,0.0,0.0,0.0
2025-01-06,481832.12318655866,0.0,0.0,0.0,0.0,0.0
2025-01-07,481832.12318655866,0.0,0.0,0.0,0.0,0.0
2025-01-08,481832.12318655866,0.0,0.0,0.0,0.0,0.0
2025-01-09,481832.12318655866,0.0,0.0,0.0,0.0,0.0
2025-01-10,481832.12318655866,0.0,0.0,0.0,0.0,0.0
2025-01-13,481832.12318655866,0.0,0.0,0.0,0.0,0.0
2025-01-14,481832.12318655866,0.0,0.0,0.0,0.0,0.0
2025-01-15,481832.12318655866,0.0,0.0,0.0,0.0,0.0
2025-01-16,481832.12318655866,0.0,0.0,0.0,0.0,0.0
2025-01-17,481832.12318655866,0.0,0.0,0.0,0.0,0.0
2025-01-21,481832.12318655866,0.0,0.0,0.0,0.0,0.0
2025-01-22,481832.12318655866,0.0,0.0,0.0,0.0,0.0
2025-01-23,481832.12318655866,0.0,0.0,0.0,0.0,0.0
2025-01-24,481832.12318655866,0.0,0.0,0.0,0.0,0.0
2025-01-27,481832.12318655866,0.0,0.0,0.0,0.0,0.0
2025-01-28,481832.12318655866,0.0,0.0,0.0,0.0,0.0
2025-01-29,481832.12318655866,0.0,0.0,0.0,0.0,0.0
2025-01-30,481832.12318655866,0.0,0.0,0.0,0.0,0.0
2025-01-31,481832.12318655866,0.0,0.0,0.0,0.0,0.0
2025-02-03,481832.12318655866,0.0,0.0,0.0,0.0,0.0
2025-02-04,481832.12318655866,0.0,0.0,0.0,0.0,0.0
2025-02-05,481832.12318655866,0.0,0.0,0.0,0.0,0.0
2025-02-06,481832.12318655866,0.0,0.0,0.0,0.0,0.0
2025-02-07,481832.12318655866,0.0,0.0,0.0,0.0,0.0
2025-02-10,481832.12318655866,0.0,0.0,0.0,0.0,0.0
2025-02-11,481832.12318655866,0.0,0.0,0.0,0.0,0.0
2025-02-12,481832.12318655866,0.0,0.0,0.0,0.0,0.0
2025-02-13,481832.12318655866,0.0,0.0,0.0,0.0,0.0
2025-02-14,481832.12318655866,0.0,0.0,0.0,0.0,0.0
2025-02-18,481832.12318655866,0.0,0.0,0.0,0.0,0.0
2025-02-19,481832.12318655866,0.0,0.0,0.0,0.0,0.0
2025-02-20,481832.12318655866,0.0,0.0,0.0,0.0,0.0
2025-02-21,481832.12318655866,0.0,0.0,0.0,0.0,0.0
2025-02-24,481832.12318655866,0.0,0.0,0.0,0.0,0.0
2025-02-25,481832.12318655866,0.0,0.0,0.0,0.0,0.0
2025-02-26,481832.12318655866,0.0,0.0,0.0,0.0,0.0
2025-02-27,481832.12318655866,0.0,0.0,0.0,0.0,0.0
2025-02-28,481832.12318655866,0.0,0.0,0.0,0.0,0.0
2025-03-03,481832.12318655866,0.0,0.0,0.0,0.0,0.0
2025-03-04,481832.12318655866,0.0,0.0,0.0,0.0,0.0
2025-03-05,481832.12318655866,0.0,0.0,0.0,0.0,0.0
2025-03-06,481832.12318655866,0.0,0.0,0.0,0.0,0.0
2025-03-07,481832.12318655866,0.0,0.0,0.0,0.0,0.0
2025-03-10,481832.12318655866,0.0,0.0,0.0,0.0,0.0
2025-03-11,481832.12318655866,0.0,0.0,0.0,0.0,0.0
2025-03-12,481832.12318655866,0.0,0.0,0.0,0.0,0.0
2025-03-13,481832.12318655866,0.0,0.0,0.0,0.0,0.0
2025-03-14,481832.12318655866,0.0,0.0,0.0,0.0,0.0
2025-03-17,481832.12318655866,0.0,0.0,0.0,0.0,0.0
2025-03-18,481832.12318655866,0.0,0.0,0.0,0.0,0.0
2025-03-19,481832.12318655866,0.0,0.0,0.0,0.0,0.0
2025-03-20,481832.12318655866,0.0,0.0,0.0,0.0,0.0
2025-03-21,481832.12318655866,0.0,0.0,0.0,0.0,0.0
2025-03-24,481832.12318655866,0.0,0.0,0.0,0.0,0.0
2025-03-25,481832.12318655866,0.0,0.0,0.0,0.0,0.0
2025-03-26,481832.12318655866,0.0,0.0,0.0,0.0,0.0
2025-03-27,481832.12318655866,0.0,0.0,0.0,0.0,0.0
2025-03-28,481832.12318655866,0.0,0.0,0.0,0.0,0.0
2025-03-31,481832.12318655866,0.0,0.0,0.0,0.0,0.0
2025-04-01,481832.12318655866,0.0,0.0,0.0,0.0,0.0
2025-04-02,481832.12318655866,0.0,0.0,0.0,0.0,0.0
2025-04-03,481832.12318655866,0.0,0.0,0.0,0.0,0.0
2025-04-04,481832.12318655866,0.0,0.0,0.0,0.0,0.0
2025-04-07,481832.12318655866,0.0,0.0,0.0,0.0,0.0
2025-04-08,481832.12318655866,0.0,0.0,0.0,0.0,0.0
2025-04-09,481832.12318655866,0.0,0.0,0.0,0.0,0.0
2025-04-10,481832.12318655866,0.0,0.0,0.0,0.0,0.0
2025-04-11,481832.12318655866,0.0,0.0,0.0,0.0,0.0
2025-04-14,481832.12318655866,0.0,0.0,0.0,0.0,0.0
2025-04-15,481832.12318655866,0.0,0.0,0.0,0.0,0.0
2025-04-16,481832.12318655866,0.0,0.0,0.0,0.0,0.0
2025-04-17,481832.12318655866,0.0,0.0,0.0,0.0,0.0
2025-04-21,481832.12318655866,0.0,0.0,0.0,0.0,0.0
2025-04-22,481832.12318655866,0.0,0.0,0.0,0.0,0.0
2025-04-23,481832.12318655866,0.0,0.0,0.0,0.0,0.0
2025-04-24,481832.12318655866,0.0,0.0,0.0,0.0,0.0
2025-04-25,481832.12318655866,0.0,0.0,0.0,0.0,0.0
2025-04-28,481832.12318655866,0.0,0.0,0.0,0.0,0.0
2025-04-29,481832.12318655866,0.0,0.0,0.0,0.0,0.0
2025-04-30,481832.12318655866,0.0,0.0,0.0,0.0,0.0
2025-05-01,481832.12318655866,0.0,0.0,0.0,0.0,0.0
2025-05-02,481832.12318655866,0.0,0.0,0.0,0.0,0.0
2025-05-05,481832.12318655866,0.0,0.0,0.0,0.0,0.0
2025-05-06,481832.12318655866,0.0,0.0,0.0,0.0,0.0
2025-05-07,481832.12318655866,0.0,0.0,0.0,0.0,0.0
2025-05-08,481832.12318655866,0.0,0.0,0.0,0.0,0.0
2025-05-09,481832.12318655866,0.0,0.0,0.0,0.0,0.0
2025-05-12,481832.12318655866,0.0,0.0,0.0,0.0,0.0
2025-05-13,481832.12318655866,0.0,0.0,0.0,0.0,0.0
2025-05-14,481832.12318655866,0.0,0.0,0.0,0.0,0.0
2025-05-15,481832.12318655866,0.0,0.0,0.0,0.0,0.0
2025-05-16,481832.12318655866,0.0,0.0,0.0,0.0,0.0
2025-05-19,481832.12318655866,0.0,0.0,0.0,0.0,0.0
2025-05-20,481832.12318655866,0.0,0.0,0.0,0.0,0.0
2025-05-21,481832.12318655866,0.0,0.0,0.0,0.0,0.0
2025-05-22,481832.12318655866,0.0,0.0,0.0,0.0,0.0
2025-05-23,481832.12318655866,0.0,0.0,0.0,0.0,0.0
2025-05-27,481832.12318655866,0.0,0.0,0.0,0.0,0.0
2025-05-28,481832.12318655866,0.0,0.0,0.0,0.0,0.0
2025-05-29,481832.12318655866,0.0,0.0,0.0,0.0,0.0
2025-05-30,481832.12318655866,0.0,0.0,0.0,0.0,0.0
