date,portfolio_value,daily_pnl,transaction_costs,portfolio_return,corn_signal,corn_position
2003-09-10,1000000.0,0.0,0.0,0.0,0.0,0.0
2003-09-11,1000000.0,0.0,0.0,0.0,0.0,0.0
2003-09-12,1000000.0,0.0,0.0,0.0,0.0,0.0
2003-09-15,1000000.0,0.0,0.0,0.0,0.0,0.0
2003-09-16,1000000.0,0.0,0.0,0.0,0.0,0.0
2003-09-17,1000000.0,0.0,0.0,0.0,0.0,0.0
2003-09-18,1000000.0,0.0,0.0,0.0,0.0,0.0
2003-09-19,1000000.0,0.0,0.0,0.0,0.0,0.0
2003-09-22,1000000.0,0.0,0.0,0.0,0.0,0.0
2003-09-23,1000000.0,0.0,0.0,0.0,0.0,0.0
2003-09-24,1000000.0,0.0,0.0,0.0,0.0,0.0
2003-09-25,1000000.0,0.0,0.0,0.0,0.0,0.0
2003-09-26,1000000.0,0.0,0.0,0.0,0.0,0.0
2003-09-29,1000000.0,0.0,0.0,0.0,0.0,0.0
2003-09-30,1000000.0,0.0,0.0,0.0,0.0,0.0
2003-10-01,1000000.0,0.0,0.0,0.0,0.0,0.0
2003-10-02,1000000.0,0.0,0.0,0.0,0.0,0.0
2003-10-03,1000000.0,0.0,0.0,0.0,0.0,0.0
2003-10-06,1000000.0,0.0,0.0,0.0,0.0,0.0
2003-10-07,1000000.0,0.0,0.0,0.0,0.0,0.0
2003-10-08,1000000.0,0.0,0.0,0.0,0.0,0.0
2003-10-09,1000000.0,0.0,0.0,0.0,0.0,0.0
2003-10-10,1000000.0,0.0,0.0,0.0,0.0,0.0
2003-10-13,1000000.0,0.0,0.0,0.0,0.0,0.0
2003-10-14,1000000.0,0.0,0.0,0.0,0.0,0.0
2003-10-15,1000000.0,0.0,0.0,0.0,0.0,0.0
2003-10-16,1000000.0,0.0,0.0,0.0,0.0,0.0
2003-10-17,1000000.0,0.0,0.0,0.0,0.0,0.0
2003-10-20,1000000.0,0.0,0.0,0.0,0.0,0.0
2003-10-21,1000000.0,0.0,0.0,0.0,0.0,0.0
2003-10-22,1000000.0,0.0,0.0,0.0,0.0,0.0
2003-10-23,1000000.0,0.0,0.0,0.0,0.0,0.0
2003-10-24,1000000.0,0.0,0.0,0.0,0.0,0.0
2003-10-27,1000000.0,0.0,0.0,0.0,0.0,0.0
2003-10-28,1000000.0,0.0,0.0,0.0,0.0,0.0
2003-10-29,1000000.0,0.0,0.0,0.0,0.0,0.0
2003-10-30,1000000.0,0.0,0.0,0.0,0.0,0.0
2003-10-31,1000000.0,0.0,0.0,0.0,0.0,0.0
2003-11-03,1000000.0,0.0,0.0,0.0,0.0,0.0
2003-11-04,1000000.0,0.0,0.0,0.0,0.0,0.0
2003-11-05,1000000.0,0.0,0.0,0.0,0.0,0.0
2003-11-06,1000000.0,0.0,0.0,0.0,0.0,0.0
2003-11-07,1000000.0,0.0,0.0,0.0,0.0,0.0
2003-11-10,1000000.0,0.0,0.0,0.0,0.0,0.0
2003-11-11,1000000.0,0.0,0.0,0.0,0.0,0.0
2003-11-12,1000000.0,0.0,0.0,0.0,0.0,0.0
2003-11-13,1000000.0,0.0,0.0,0.0,0.0,0.0
2003-11-14,1000000.0,0.0,0.0,0.0,0.0,0.0
2003-11-17,1000000.0,0.0,0.0,0.0,0.0,0.0
2003-11-18,1000000.0,0.0,0.0,0.0,0.0,0.0
2003-11-19,1000000.0,0.0,0.0,0.0,0.0,0.0
2003-11-20,1000000.0,0.0,0.0,0.0,0.0,0.0
2003-11-21,1000000.0,0.0,0.0,0.0,0.0,0.0
2003-11-24,1000000.0,0.0,0.0,0.0,0.0,0.0
2003-11-25,1000000.0,0.0,0.0,0.0,0.0,0.0
2003-11-26,1000000.0,0.0,0.0,0.0,0.0,0.0
2003-11-28,1000000.0,0.0,0.0,0.0,0.0,0.0
2003-12-01,1000000.0,0.0,0.0,0.0,0.0,0.0
2003-12-02,1000000.0,0.0,0.0,0.0,0.0,0.0
2003-12-03,1000000.0,0.0,0.0,0.0,0.0,0.0
2003-12-04,1000000.0,0.0,0.0,0.0,0.0,0.0
2003-12-05,1000000.0,0.0,0.0,0.0,0.0,0.0
2003-12-08,1000000.0,0.0,0.0,0.0,0.0,0.0
2003-12-09,1000000.0,0.0,0.0,0.0,0.0,0.0
2003-12-10,1000000.0,0.0,0.0,0.0,0.0,0.0
2003-12-11,1000000.0,0.0,0.0,0.0,0.0,0.0
2003-12-12,1000000.0,0.0,0.0,0.0,0.0,0.0
2003-12-15,1000000.0,0.0,0.0,0.0,0.0,0.0
2003-12-16,1000000.0,0.0,0.0,0.0,0.0,0.0
2003-12-17,1000000.0,0.0,0.0,0.0,0.0,0.0
2003-12-18,1000000.0,0.0,0.0,0.0,0.0,0.0
2003-12-19,1000000.0,0.0,0.0,0.0,0.0,0.0
2003-12-22,1000000.0,0.0,0.0,0.0,0.0,0.0
2003-12-23,1000000.0,0.0,0.0,0.0,0.0,0.0
2003-12-24,1000000.0,0.0,0.0,0.0,0.0,0.0
2003-12-26,1000000.0,0.0,0.0,0.0,0.0,0.0
2003-12-29,1000000.0,0.0,0.0,0.0,0.0,0.0
2003-12-30,1000000.0,0.0,0.0,0.0,0.0,0.0
2003-12-31,1000000.0,0.0,0.0,0.0,0.0,0.0
2004-01-02,1000000.0,0.0,0.0,0.0,0.0,0.0
2004-01-05,1000000.0,0.0,0.0,0.0,0.0,0.0
2004-01-06,1000000.0,0.0,0.0,0.0,0.0,0.0
2004-01-07,1000000.0,0.0,0.0,0.0,0.0,0.0
2004-01-08,1000000.0,0.0,0.0,0.0,0.0,0.0
2004-01-09,1000000.0,0.0,0.0,0.0,0.0,0.0
2004-01-12,1000000.0,0.0,0.0,0.0,0.0,0.0
2004-01-13,1000000.0,0.0,0.0,0.0,0.0,0.0
2004-01-14,1000000.0,0.0,0.0,0.0,0.0,0.0
2004-01-15,1000000.0,0.0,0.0,0.0,0.0,0.0
2004-01-16,1000000.0,0.0,0.0,0.0,0.0,0.0
2004-01-20,1000000.0,0.0,0.0,0.0,0.0,0.0
2004-01-21,1000000.0,0.0,0.0,0.0,0.0,0.0
2004-01-22,1000000.0,0.0,0.0,0.0,0.0,0.0
2004-01-23,1000000.0,0.0,0.0,0.0,0.0,0.0
2004-01-26,1000000.0,0.0,0.0,0.0,0.0,0.0
2004-01-27,1000000.0,0.0,0.0,0.0,0.0,0.0
2004-01-28,1000000.0,0.0,0.0,0.0,0.0,0.0
2004-01-29,1000000.0,0.0,0.0,0.0,0.0,0.0
2004-01-30,1000000.0,0.0,0.0,0.0,0.0,0.0
2004-02-02,1000000.0,0.0,0.0,0.0,0.0,0.0
2004-02-03,1000000.0,0.0,0.0,0.0,0.0,0.0
2004-02-04,1000000.0,0.0,0.0,0.0,0.0,0.0
2004-02-05,1000000.0,0.0,0.0,0.0,0.0,0.0
2004-02-06,1000000.0,0.0,0.0,0.0,0.0,0.0
2004-02-09,1000000.0,0.0,0.0,0.0,0.0,0.0
2004-02-10,1000000.0,0.0,0.0,0.0,0.0,0.0
2004-02-11,1000000.0,0.0,0.0,0.0,0.0,0.0
2004-02-12,1000000.0,0.0,0.0,0.0,0.0,0.0
2004-02-13,1000000.0,0.0,0.0,0.0,0.0,0.0
2004-02-17,1000000.0,0.0,0.0,0.0,0.0,0.0
2004-02-18,1000000.0,0.0,0.0,0.0,0.0,0.0
2004-02-19,1000000.0,0.0,0.0,0.0,0.0,0.0
2004-02-20,1000000.0,0.0,0.0,0.0,0.0,0.0
2004-02-23,1000000.0,0.0,0.0,0.0,0.0,0.0
2004-02-24,1000000.0,0.0,0.0,0.0,0.0,0.0
2004-02-25,1000000.0,0.0,0.0,0.0,0.0,0.0
2004-02-26,1000000.0,0.0,0.0,0.0,0.0,0.0
2004-02-27,1000000.0,0.0,0.0,0.0,0.0,0.0
2004-03-01,1000000.0,0.0,0.0,0.0,0.0,0.0
2004-03-02,1000000.0,0.0,0.0,0.0,0.0,0.0
2004-03-03,1000000.0,0.0,0.0,0.0,0.0,0.0
2004-03-04,1000000.0,0.0,0.0,0.0,0.0,0.0
2004-03-05,1000000.0,0.0,0.0,0.0,0.0,0.0
2004-03-08,1000000.0,0.0,0.0,0.0,0.0,0.0
2004-03-09,1000000.0,0.0,0.0,0.0,0.0,0.0
2004-03-10,1000000.0,0.0,0.0,0.0,0.0,0.0
2004-03-11,1000000.0,0.0,0.0,0.0,0.0,0.0
2004-03-12,1000000.0,0.0,0.0,0.0,0.0,0.0
2004-03-15,1000000.0,0.0,0.0,0.0,0.0,0.0
2004-03-16,1000000.0,0.0,0.0,0.0,0.0,0.0
2004-03-17,1000000.0,0.0,0.0,0.0,0.0,0.0
2004-03-18,1000000.0,0.0,0.0,0.0,0.0,0.0
2004-03-19,1000000.0,0.0,0.0,0.0,0.0,0.0
2004-03-22,1000000.0,0.0,0.0,0.0,0.0,0.0
2004-03-23,1000000.0,0.0,0.0,0.0,0.0,0.0
2004-03-24,1000000.0,0.0,0.0,0.0,0.0,0.0
2004-03-25,1000000.0,0.0,0.0,0.0,0.0,0.0
2004-03-26,1000000.0,0.0,0.0,0.0,0.0,0.0
2004-03-29,1000000.0,0.0,0.0,0.0,0.0,0.0
2004-03-30,1000000.0,0.0,0.0,0.0,0.0,0.0
2004-03-31,1000000.0,0.0,0.0,0.0,0.0,0.0
2004-04-01,999500.0,0.0,500.0,-0.0005,0.025103578035586063,0.5
2004-04-02,1006787.2217958557,7287.221795855718,0.0,0.007344414379590259,0.025354657026284103,0.5
2004-04-05,1005264.0943801282,-1523.127415727467,0.0,-0.0015105740181268882,0.026376201077946384,0.5
2004-04-06,1001069.1379923507,-4194.956387777469,0.0,-0.004155647903286739,0.02732977174887492,0.5
2004-04-07,1006047.6761690533,4978.538176702586,0.0,0.004998077662437523,1.3371172177130206,0.5
2004-04-08,1006809.8334994843,762.157330431101,0.0,0.0007581501137225169,2.080148551379354,0.5
2004-04-12,994243.7501010415,-12566.083398442885,0.0,-0.012327231976092643,2.3810337833595194,0.5
2004-04-13,978045.8302002487,-16197.919900792764,0.0,-0.01603053435114504,1.7586544201919319,0.5
2004-04-14,985496.8609836508,7451.030783402055,0.0,0.007676767676767676,1.5323824508696,0.5
2004-04-15,970992.3088424909,-14011.80371066802,492.7484304918254,-0.014511682242990653,1.428617395311106,0.5
2004-04-16,970506.8126880697,0.0,485.4961544212455,-0.0005,0.897337102709627,0.5
2004-04-19,965492.2703331631,-5014.54235490656,0.0,-0.005140371688414393,0.01802473128295289,0.5
2004-04-20,961424.7948649724,-3101.983197857552,965.4922703331631,-0.004199359487590072,-0.11277778862535752,-0.5
2004-04-21,969585.6358884827,8160.841023510275,0.0,0.008560945780676723,-0.08271617102120744,-0.5
2004-04-22,969585.6358884827,0.0,0.0,0.0,-0.17031390370149327,-0.5
2004-04-23,970382.9924969436,797.3566084609232,0.0,0.0008230452674897118,-0.36120352987663984,-0.5
2004-04-26,973979.9640506802,3596.971553736611,0.0,0.003720545680033071,-1.026472264963995,-0.5
2004-04-27,961047.4500051939,-12932.514045486208,0.0,-0.013104013104013103,-1.2819951791526818,-0.5
2004-04-28,962601.2858176518,1553.8358124578722,0.0,0.0016194331983805667,-1.7154316654585022,-0.5
2004-04-29,953623.2527382495,-8978.033079402267,0.0,-0.009240658899156286,-1.8644217866547994,-0.5
2004-04-30,949826.9818276673,-3796.270910582203,0.0,-0.003965107057890563,-1.5579365420965627,-0.5
2004-05-03,946626.3800073855,-2250.7748384541883,949.8269818276674,-0.003361702127659575,0.27869823881909944,0.5
2004-05-04,946254.2784429172,-372.10156446831195,0.0,-0.00039292730844793717,0.22173247076027847,0.5
2004-05-05,941042.8072005092,-5211.471242407883,0.0,-0.005477308294209702,0.7368290477135413,0.5
2004-05-06,928315.8957268349,-12726.911473674349,0.0,-0.013343799058084771,0.18241715668082228,0.5
2004-05-07,929285.2002230271,1897.6203919191228,928.3158957268349,0.0010462925030725113,-0.2399956454082212,-0.5
2004-05-10,946690.3790545659,17405.178831538782,0.0,0.01908713692946058,-0.47502427873737724,-0.5
2004-05-11,945889.4565680561,-800.922486509785,0.0,-0.0008453085376162299,-0.9234399647863564,-0.5
2004-05-12,948286.1359343603,2396.6793663041963,0.0,0.002540220152413209,-1.2382832576434706,-0.5
2004-05-13,955933.6047725406,7647.468838180325,0.0,0.008130081300813007,-0.958017409461019,-0.5
2004-05-14,961294.7509597896,5361.1461872489335,0.0,0.005639913232104121,-0.8357451572322814,-0.5
2004-05-17,946615.2935934752,-14679.457366314413,0.0,-0.015040825096691019,-1.7363397489194174,-0.5
2004-05-18,951825.2846251074,5209.9910316321675,0.0,0.005534269902085995,-1.8707152772876947,-0.5
2004-05-19,941231.3388202047,-10593.945804902736,0.0,-0.01100762066045724,-2.4130573813363494,-0.5
2004-05-20,951085.1007425268,9853.761922322077,0.0,0.0105797714769361,-2.3689801157551478,-0.5
2004-05-21,954746.2495477804,3661.148805253525,0.0,0.003864319450407901,-2.5499959380084167,-0.5
2004-05-24,944869.5642076309,-9876.685340149452,0.0,-0.010238907849829351,-2.727535056822828,-0.5
2004-05-25,932500.0724464669,-12369.491761164087,0.0,-0.012922050854522717,-2.474840175345309,-0.5
2004-05-26,937105.0110758322,4604.938629365269,0.0,0.004962779156327543,-2.2163511114362904,-0.5
2004-05-27,940220.9047119946,3115.8936361623682,0.0,0.0033361134278565474,-2.1955801351060695,-0.5
2004-05-28,931959.5494823076,-8261.355229686982,0.0,-0.008710078805474907,-2.1399092141887155,-0.5
2004-06-01,900837.005579859,-30656.564127707486,465.97977474115385,-0.0323312101910828,0.0,0.0
2004-06-02,900837.005579859,0.0,0.0,0.0,0.0,0.0
2004-06-03,900837.005579859,0.0,0.0,0.0,0.0,0.0
2004-06-04,900837.005579859,0.0,0.0,0.0,0.0,0.0
2004-06-07,900837.005579859,0.0,0.0,0.0,0.0,0.0
2004-06-08,900837.005579859,0.0,0.0,0.0,0.0,0.0
2004-06-09,900837.005579859,0.0,0.0,0.0,0.0,0.0
2004-06-10,900837.005579859,0.0,0.0,0.0,0.0,0.0
2004-06-11,900837.005579859,0.0,0.0,0.0,0.0,0.0
2004-06-14,900837.005579859,0.0,0.0,0.0,0.0,0.0
2004-06-15,900837.005579859,0.0,0.0,0.0,0.0,0.0
2004-06-16,900837.005579859,0.0,0.0,0.0,0.0,0.0
2004-06-17,900837.005579859,0.0,0.0,0.0,0.0,0.0
2004-06-18,900837.005579859,0.0,0.0,0.0,0.0,0.0
2004-06-21,900837.005579859,0.0,0.0,0.0,0.0,0.0
2004-06-22,900837.005579859,0.0,0.0,0.0,0.0,0.0
2004-06-23,900837.005579859,0.0,0.0,0.0,0.0,0.0
2004-06-24,900837.005579859,0.0,0.0,0.0,0.0,0.0
2004-06-25,900837.005579859,0.0,0.0,0.0,0.0,0.0
2004-06-28,900837.005579859,0.0,0.0,0.0,0.0,0.0
2004-06-29,900386.5870770691,0.0,450.4185027899295,-0.0005,-0.7378813645680816,-0.5
2004-06-30,918024.7571597355,17638.170082666467,0.0,0.019980970504281638,-0.4262644325956117,-0.5
2004-07-01,918024.7571597355,0.0,0.0,0.0,0.0,0.0
2004-07-02,918024.7571597355,0.0,0.0,0.0,0.0,0.0
2004-07-06,918024.7571597355,0.0,0.0,0.0,0.0,0.0
2004-07-07,918024.7571597355,0.0,0.0,0.0,0.0,0.0
2004-07-08,918024.7571597355,0.0,0.0,0.0,0.0,0.0
2004-07-09,918024.7571597355,0.0,0.0,0.0,0.0,0.0
2004-07-12,918024.7571597355,0.0,0.0,0.0,0.0,0.0
2004-07-13,918024.7571597355,0.0,0.0,0.0,0.0,0.0
2004-07-14,918024.7571597355,0.0,0.0,0.0,0.0,0.0
2004-07-15,918024.7571597355,0.0,0.0,0.0,0.0,0.0
2004-07-16,918024.7571597355,0.0,0.0,0.0,0.0,0.0
2004-07-19,918024.7571597355,0.0,0.0,0.0,0.0,0.0
2004-07-20,918024.7571597355,0.0,0.0,0.0,0.0,0.0
2004-07-21,918024.7571597355,0.0,0.0,0.0,0.0,0.0
2004-07-22,918024.7571597355,0.0,0.0,0.0,0.0,0.0
2004-07-23,918024.7571597355,0.0,0.0,0.0,0.0,0.0
2004-07-26,918024.7571597355,0.0,0.0,0.0,0.0,0.0
2004-07-27,918024.7571597355,0.0,0.0,0.0,0.0,0.0
2004-07-28,918024.7571597355,0.0,0.0,0.0,0.0,0.0
2004-07-29,918024.7571597355,0.0,0.0,0.0,0.0,0.0
2004-07-30,918024.7571597355,0.0,0.0,0.0,0.0,0.0
2004-08-02,918024.7571597355,0.0,0.0,0.0,0.0,0.0
2004-08-03,918024.7571597355,0.0,0.0,0.0,0.0,0.0
2004-08-04,918024.7571597355,0.0,0.0,0.0,0.0,0.0
2004-08-05,918024.7571597355,0.0,0.0,0.0,0.0,0.0
2004-08-06,918024.7571597355,0.0,0.0,0.0,0.0,0.0
2004-08-09,918024.7571597355,0.0,0.0,0.0,0.0,0.0
2004-08-10,918024.7571597355,0.0,0.0,0.0,0.0,0.0
2004-08-11,918024.7571597355,0.0,0.0,0.0,0.0,0.0
2004-08-12,918024.7571597355,0.0,0.0,0.0,0.0,0.0
2004-08-13,918024.7571597355,0.0,0.0,0.0,0.0,0.0
2004-08-16,918024.7571597355,0.0,0.0,0.0,0.0,0.0
2004-08-17,918024.7571597355,0.0,0.0,0.0,0.0,0.0
2004-08-18,918024.7571597355,0.0,0.0,0.0,0.0,0.0
2004-08-19,918024.7571597355,0.0,0.0,0.0,0.0,0.0
2004-08-20,918024.7571597355,0.0,0.0,0.0,0.0,0.0
2004-08-23,918024.7571597355,0.0,0.0,0.0,0.0,0.0
2004-08-24,918024.7571597355,0.0,0.0,0.0,0.0,0.0
2004-08-25,918024.7571597355,0.0,0.0,0.0,0.0,0.0
2004-08-26,918024.7571597355,0.0,0.0,0.0,0.0,0.0
2004-08-27,918024.7571597355,0.0,0.0,0.0,0.0,0.0
2004-08-30,918024.7571597355,0.0,0.0,0.0,0.0,0.0
2004-08-31,918024.7571597355,0.0,0.0,0.0,0.0,0.0
2004-09-01,918024.7571597355,0.0,0.0,0.0,0.0,0.0
2004-09-02,918024.7571597355,0.0,0.0,0.0,0.0,0.0
2004-09-03,918024.7571597355,0.0,0.0,0.0,0.0,0.0
2004-09-07,918024.7571597355,0.0,0.0,0.0,0.0,0.0
2004-09-08,918024.7571597355,0.0,0.0,0.0,0.0,0.0
2004-09-09,918024.7571597355,0.0,0.0,0.0,0.0,0.0
2004-09-10,918024.7571597355,0.0,0.0,0.0,0.0,0.0
2004-09-13,918024.7571597355,0.0,0.0,0.0,0.0,0.0
2004-09-14,918024.7571597355,0.0,0.0,0.0,0.0,0.0
2004-09-15,918024.7571597355,0.0,0.0,0.0,0.0,0.0
2004-09-16,918024.7571597355,0.0,0.0,0.0,0.0,0.0
2004-09-17,918024.7571597355,0.0,0.0,0.0,0.0,0.0
2004-09-20,918024.7571597355,0.0,0.0,0.0,0.0,0.0
2004-09-21,918024.7571597355,0.0,0.0,0.0,0.0,0.0
2004-09-22,918024.7571597355,0.0,0.0,0.0,0.0,0.0
2004-09-23,918024.7571597355,0.0,0.0,0.0,0.0,0.0
2004-09-24,918024.7571597355,0.0,0.0,0.0,0.0,0.0
2004-09-27,918024.7571597355,0.0,0.0,0.0,0.0,0.0
2004-09-28,918024.7571597355,0.0,0.0,0.0,0.0,0.0
2004-09-29,918024.7571597355,0.0,0.0,0.0,0.0,0.0
2004-09-30,918024.7571597355,0.0,0.0,0.0,0.0,0.0
2004-10-01,918024.7571597355,0.0,0.0,0.0,0.0,0.0
2004-10-04,918024.7571597355,0.0,0.0,0.0,0.0,0.0
2004-10-05,918024.7571597355,0.0,0.0,0.0,0.0,0.0
2004-10-06,918024.7571597355,0.0,0.0,0.0,0.0,0.0
2004-10-07,918024.7571597355,0.0,0.0,0.0,0.0,0.0
2004-10-08,918024.7571597355,0.0,0.0,0.0,0.0,0.0
2004-10-11,918024.7571597355,0.0,0.0,0.0,0.0,0.0
2004-10-12,918024.7571597355,0.0,0.0,0.0,0.0,0.0
2004-10-13,918024.7571597355,0.0,0.0,0.0,0.0,0.0
2004-10-14,918024.7571597355,0.0,0.0,0.0,0.0,0.0
2004-10-15,918024.7571597355,0.0,0.0,0.0,0.0,0.0
2004-10-18,918024.7571597355,0.0,0.0,0.0,0.0,0.0
2004-10-19,918024.7571597355,0.0,0.0,0.0,0.0,0.0
2004-10-20,918024.7571597355,0.0,0.0,0.0,0.0,0.0
2004-10-21,918024.7571597355,0.0,0.0,0.0,0.0,0.0
2004-10-22,918024.7571597355,0.0,0.0,0.0,0.0,0.0
2004-10-25,918024.7571597355,0.0,0.0,0.0,0.0,0.0
2004-10-26,918024.7571597355,0.0,0.0,0.0,0.0,0.0
2004-10-27,918024.7571597355,0.0,0.0,0.0,0.0,0.0
2004-10-28,918024.7571597355,0.0,0.0,0.0,0.0,0.0
2004-10-29,918024.7571597355,0.0,0.0,0.0,0.0,0.0
2004-11-01,918024.7571597355,0.0,0.0,0.0,0.0,0.0
2004-11-02,918024.7571597355,0.0,0.0,0.0,0.0,0.0
2004-11-03,918024.7571597355,0.0,0.0,0.0,0.0,0.0
2004-11-04,918024.7571597355,0.0,0.0,0.0,0.0,0.0
2004-11-05,918024.7571597355,0.0,0.0,0.0,0.0,0.0
2004-11-08,918024.7571597355,0.0,0.0,0.0,0.0,0.0
2004-11-09,918024.7571597355,0.0,0.0,0.0,0.0,0.0
2004-11-10,918024.7571597355,0.0,0.0,0.0,0.0,0.0
2004-11-11,918024.7571597355,0.0,0.0,0.0,0.0,0.0
2004-11-12,918024.7571597355,0.0,0.0,0.0,0.0,0.0
2004-11-15,918024.7571597355,0.0,0.0,0.0,0.0,0.0
2004-11-16,918024.7571597355,0.0,0.0,0.0,0.0,0.0
2004-11-17,918024.7571597355,0.0,0.0,0.0,0.0,0.0
2004-11-18,918024.7571597355,0.0,0.0,0.0,0.0,0.0
2004-11-19,918024.7571597355,0.0,0.0,0.0,0.0,0.0
2004-11-22,918024.7571597355,0.0,0.0,0.0,0.0,0.0
2004-11-23,918024.7571597355,0.0,0.0,0.0,0.0,0.0
2004-11-24,918024.7571597355,0.0,0.0,0.0,0.0,0.0
2004-11-26,918024.7571597355,0.0,0.0,0.0,0.0,0.0
2004-11-29,918024.7571597355,0.0,0.0,0.0,0.0,0.0
2004-11-30,918024.7571597355,0.0,0.0,0.0,0.0,0.0
2004-12-01,918024.7571597355,0.0,0.0,0.0,0.0,0.0
2004-12-02,918024.7571597355,0.0,0.0,0.0,0.0,0.0
2004-12-03,918024.7571597355,0.0,0.0,0.0,0.0,0.0
2004-12-06,918024.7571597355,0.0,0.0,0.0,0.0,0.0
2004-12-07,918024.7571597355,0.0,0.0,0.0,0.0,0.0
2004-12-08,918024.7571597355,0.0,0.0,0.0,0.0,0.0
2004-12-09,918024.7571597355,0.0,0.0,0.0,0.0,0.0
2004-12-10,918024.7571597355,0.0,0.0,0.0,0.0,0.0
2004-12-13,918024.7571597355,0.0,0.0,0.0,0.0,0.0
2004-12-14,918024.7571597355,0.0,0.0,0.0,0.0,0.0
2004-12-15,918024.7571597355,0.0,0.0,0.0,0.0,0.0
2004-12-16,918024.7571597355,0.0,0.0,0.0,0.0,0.0
2004-12-17,918024.7571597355,0.0,0.0,0.0,0.0,0.0
2004-12-20,918024.7571597355,0.0,0.0,0.0,0.0,0.0
2004-12-21,918024.7571597355,0.0,0.0,0.0,0.0,0.0
2004-12-22,918024.7571597355,0.0,0.0,0.0,0.0,0.0
2004-12-23,918024.7571597355,0.0,0.0,0.0,0.0,0.0
2004-12-27,918024.7571597355,0.0,0.0,0.0,0.0,0.0
2004-12-28,918024.7571597355,0.0,0.0,0.0,0.0,0.0
2004-12-29,918024.7571597355,0.0,0.0,0.0,0.0,0.0
2004-12-30,918024.7571597355,0.0,0.0,0.0,0.0,0.0
2004-12-31,918024.7571597355,0.0,0.0,0.0,0.0,0.0
2005-01-03,918024.7571597355,0.0,0.0,0.0,0.0,0.0
2005-01-04,918024.7571597355,0.0,0.0,0.0,0.0,0.0
2005-01-05,918024.7571597355,0.0,0.0,0.0,0.0,0.0
2005-01-06,918024.7571597355,0.0,0.0,0.0,0.0,0.0
2005-01-07,918024.7571597355,0.0,0.0,0.0,0.0,0.0
2005-01-10,918024.7571597355,0.0,0.0,0.0,0.0,0.0
2005-01-11,918024.7571597355,0.0,0.0,0.0,0.0,0.0
2005-01-12,918024.7571597355,0.0,0.0,0.0,0.0,0.0
2005-01-13,918024.7571597355,0.0,0.0,0.0,0.0,0.0
2005-01-14,918024.7571597355,0.0,0.0,0.0,0.0,0.0
2005-01-18,918024.7571597355,0.0,0.0,0.0,0.0,0.0
2005-01-19,918024.7571597355,0.0,0.0,0.0,0.0,0.0
2005-01-20,918024.7571597355,0.0,0.0,0.0,0.0,0.0
2005-01-21,918024.7571597355,0.0,0.0,0.0,0.0,0.0
2005-01-24,918024.7571597355,0.0,0.0,0.0,0.0,0.0
2005-01-25,918024.7571597355,0.0,0.0,0.0,0.0,0.0
2005-01-26,918024.7571597355,0.0,0.0,0.0,0.0,0.0
2005-01-27,918024.7571597355,0.0,0.0,0.0,0.0,0.0
2005-01-28,918024.7571597355,0.0,0.0,0.0,0.0,0.0
2005-01-31,918024.7571597355,0.0,0.0,0.0,0.0,0.0
2005-02-01,918024.7571597355,0.0,0.0,0.0,0.0,0.0
2005-02-02,918024.7571597355,0.0,0.0,0.0,0.0,0.0
2005-02-03,918024.7571597355,0.0,0.0,0.0,0.0,0.0
2005-02-04,918024.7571597355,0.0,0.0,0.0,0.0,0.0
2005-02-07,918024.7571597355,0.0,0.0,0.0,0.0,0.0
2005-02-08,918024.7571597355,0.0,0.0,0.0,0.0,0.0
2005-02-09,918024.7571597355,0.0,0.0,0.0,0.0,0.0
2005-02-10,918024.7571597355,0.0,0.0,0.0,0.0,0.0
2005-02-11,918024.7571597355,0.0,0.0,0.0,0.0,0.0
2005-02-14,918024.7571597355,0.0,0.0,0.0,0.0,0.0
2005-02-15,918024.7571597355,0.0,0.0,0.0,0.0,0.0
2005-02-16,918024.7571597355,0.0,0.0,0.0,0.0,0.0
2005-02-17,918024.7571597355,0.0,0.0,0.0,0.0,0.0
2005-02-18,918024.7571597355,0.0,0.0,0.0,0.0,0.0
2005-02-22,918024.7571597355,0.0,0.0,0.0,0.0,0.0
2005-02-23,918024.7571597355,0.0,0.0,0.0,0.0,0.0
2005-02-24,918024.7571597355,0.0,0.0,0.0,0.0,0.0
2005-02-25,918024.7571597355,0.0,0.0,0.0,0.0,0.0
2005-02-28,918024.7571597355,0.0,0.0,0.0,0.0,0.0
2005-03-01,918024.7571597355,0.0,0.0,0.0,0.0,0.0
2005-03-02,918024.7571597355,0.0,0.0,0.0,0.0,0.0
2005-03-03,918024.7571597355,0.0,0.0,0.0,0.0,0.0
2005-03-04,918024.7571597355,0.0,0.0,0.0,0.0,0.0
2005-03-07,918024.7571597355,0.0,0.0,0.0,0.0,0.0
2005-03-08,918024.7571597355,0.0,0.0,0.0,0.0,0.0
2005-03-09,918024.7571597355,0.0,0.0,0.0,0.0,0.0
2005-03-10,918024.7571597355,0.0,0.0,0.0,0.0,0.0
2005-03-11,918024.7571597355,0.0,0.0,0.0,0.0,0.0
2005-03-14,918024.7571597355,0.0,0.0,0.0,0.0,0.0
2005-03-15,918024.7571597355,0.0,0.0,0.0,0.0,0.0
2005-03-16,918024.7571597355,0.0,0.0,0.0,0.0,0.0
2005-03-17,918024.7571597355,0.0,0.0,0.0,0.0,0.0
2005-03-18,918024.7571597355,0.0,0.0,0.0,0.0,0.0
2005-03-21,918024.7571597355,0.0,0.0,0.0,0.0,0.0
2005-03-22,918024.7571597355,0.0,0.0,0.0,0.0,0.0
2005-03-23,918024.7571597355,0.0,0.0,0.0,0.0,0.0
2005-03-24,918024.7571597355,0.0,0.0,0.0,0.0,0.0
2005-03-28,918024.7571597355,0.0,0.0,0.0,0.0,0.0
2005-03-29,918024.7571597355,0.0,0.0,0.0,0.0,0.0
2005-03-30,918024.7571597355,0.0,0.0,0.0,0.0,0.0
2005-03-31,918024.7571597355,0.0,0.0,0.0,0.0,0.0
2005-04-01,918024.7571597355,0.0,0.0,0.0,0.0,0.0
2005-04-04,918024.7571597355,0.0,0.0,0.0,0.0,0.0
2005-04-05,918024.7571597355,0.0,0.0,0.0,0.0,0.0
2005-04-06,918024.7571597355,0.0,0.0,0.0,0.0,0.0
2005-04-07,918024.7571597355,0.0,0.0,0.0,0.0,0.0
2005-04-08,918024.7571597355,0.0,0.0,0.0,0.0,0.0
2005-04-11,917565.7447811557,0.0,459.0123785798678,-0.0005,0.5787449903395351,0.5
2005-04-12,919795.5521803809,2229.8073992251657,0.0,0.00243605359317905,0.9354053463886213,0.5
2005-04-13,917571.1373020728,-2224.4148783080554,0.0,-0.0024125452352231603,1.1679694885875207,0.5
2005-04-14,921473.3231836734,3902.1858816005524,0.0,0.004270896888346552,1.115284130371159,0.5
2005-04-15,918697.8011258913,-2775.522057782149,0.0,-0.0030030030030030034,1.0537164629325453,0.5
2005-04-18,914243.508756796,-4454.29236909523,0.0,-0.0048250904704463205,0.21762011963372943,0.5
2005-04-19,925079.0288244729,11749.76357643373,914.243508756796,0.012006199628022319,-0.7887653340739605,-0.5
2005-04-20,922319.2465189106,-2759.78230556227,0.0,-0.00297441998810232,-1.3971957191222468,-0.5
2005-04-21,921225.1548860293,-1094.09163288127,0.0,-0.0011848341232227487,-1.5502886747870464,-0.5
2005-04-22,925585.9840215845,4360.829135555168,0.0,0.004756242568370987,-1.7022647218841271,-0.5
2005-04-25,916739.284054831,-8846.699966753495,0.0,-0.009467455621301774,-0.5140338423025699,-0.5
2005-04-26,916359.9066019924,537.3618312161964,916.739284054831,-0.00041407624633431084,0.4086107933669494,0.5
2005-04-27,906142.2785354209,-10217.628066571511,0.0,-0.011027278003482298,1.0392187052349018,0.5
2005-04-28,897983.7346110323,-8158.543924388543,0.0,-0.00892325996430696,0.6371446296141428,0.5
2005-04-29,898532.6244243642,548.8898133319268,0.0,0.0006116207951070336,0.14153045582035012,0.5
2005-05-02,888308.6616319214,-9325.43016801843,898.5326244243643,-0.011261631419939576,-1.3152608622281374,-0.5
2005-05-03,896061.9791274619,7753.317495540461,0.0,0.00880503144654088,-1.2959968725281958,-0.5
2005-05-04,893787.7101449049,-2274.2689825570096,0.0,-0.0025316455696202528,-1.213278226283319,-0.5
2005-05-05,889837.8907187595,-3949.8194261454128,0.0,-0.004399748585795097,-1.0824874549334191,-0.5
2005-05-06,888167.3565058957,-1670.5342128637537,0.0,-0.0018738288569643971,-0.9805697887640341,-0.5
2005-05-09,889828.5173971163,1661.1608912205031,0.0,0.0018738288569643971,-2.1948701611581165,-0.5
2005-05-10,888714.83965319,-1113.6777439263033,0.0,-0.00125,-2.5674935130184293,-0.5
2005-05-11,893152.8663181248,4438.026664934781,0.0,0.005018820577164367,-2.6589820135593754,-0.5
2005-05-12,897658.0510158202,4505.184697695459,0.0,0.005069708491761723,-2.3954608868844094,-0.5
2005-05-13,899945.0778973892,2287.0268815689687,0.0,0.0025542784163473816,-2.295086850172338,-0.5
2005-05-16,872866.0646700029,-27079.01322738623,0.0,-0.02921068986948415,-1.3942550439209465,-0.5
2005-05-17,871811.8786015608,-1054.1860684420324,0.0,-0.00120627261761158,-1.085633859015368,-0.5
2005-05-18,864984.4361787775,-6827.442422783308,0.0,-0.0077704722056186485,-1.2933247032560324,-0.5
2005-05-19,867549.6332018463,2565.1970230687352,0.0,0.0029744199881023203,-1.9712370983686318,-0.5
2005-05-20,859785.167510899,-7764.4656909473115,0.0,-0.008870490833826138,-2.1159663468959216,-0.5
2005-05-23,836676.2992307834,-22678.975696360172,429.8925837554495,-0.026186750428326667,0.0,0.0
2005-05-24,836676.2992307834,0.0,0.0,0.0,0.0,0.0
2005-05-25,836676.2992307834,0.0,0.0,0.0,0.0,0.0
2005-05-26,836676.2992307834,0.0,0.0,0.0,0.0,0.0
2005-05-27,836676.2992307834,0.0,0.0,0.0,0.0,0.0
2005-05-31,836676.2992307834,0.0,0.0,0.0,0.0,0.0
2005-06-01,836676.2992307834,0.0,0.0,0.0,0.0,0.0
2005-06-02,836676.2992307834,0.0,0.0,0.0,0.0,0.0
2005-06-03,836676.2992307834,0.0,0.0,0.0,0.0,0.0
2005-06-06,836676.2992307834,0.0,0.0,0.0,0.0,0.0
2005-06-07,836676.2992307834,0.0,0.0,0.0,0.0,0.0
2005-06-08,836676.2992307834,0.0,0.0,0.0,0.0,0.0
2005-06-09,836676.2992307834,0.0,0.0,0.0,0.0,0.0
2005-06-10,836676.2992307834,0.0,0.0,0.0,0.0,0.0
2005-06-13,836676.2992307834,0.0,0.0,0.0,0.0,0.0
2005-06-14,836676.2992307834,0.0,0.0,0.0,0.0,0.0
2005-06-15,836676.2992307834,0.0,0.0,0.0,0.0,0.0
2005-06-16,836676.2992307834,0.0,0.0,0.0,0.0,0.0
2005-06-17,836676.2992307834,0.0,0.0,0.0,0.0,0.0
2005-06-20,836676.2992307834,0.0,0.0,0.0,0.0,0.0
2005-06-21,836257.9610811679,0.0,418.33814961539167,-0.0005,-2.123405336995237,-0.5
2005-06-22,841208.8962651792,4950.93518401122,0.0,0.005955603681645913,-1.6428969312267931,-0.5
2005-06-23,846706.9936263894,5498.097361210322,0.0,0.006578947368421052,-1.045957691677034,-0.5
2005-06-24,835025.0538688509,-11681.939757538485,0.0,-0.01360914534567229,-0.5841277706020305,-0.5
2005-06-27,854788.0609037308,20180.519561814337,417.51252693442547,0.024253714914694555,0.0,0.0
2005-06-28,854788.0609037308,0.0,0.0,0.0,0.0,0.0
2005-06-29,854788.0609037308,0.0,0.0,0.0,0.0,0.0
2005-06-30,854788.0609037308,0.0,0.0,0.0,0.0,0.0
2005-07-01,854788.0609037308,0.0,0.0,0.0,0.0,0.0
2005-07-05,854788.0609037308,0.0,0.0,0.0,0.0,0.0
2005-07-06,854788.0609037308,0.0,0.0,0.0,0.0,0.0
2005-07-07,854788.0609037308,0.0,0.0,0.0,0.0,0.0
2005-07-08,854788.0609037308,0.0,0.0,0.0,0.0,0.0
2005-07-11,854788.0609037308,0.0,0.0,0.0,0.0,0.0
2005-07-12,854788.0609037308,0.0,0.0,0.0,0.0,0.0
2005-07-13,854788.0609037308,0.0,0.0,0.0,0.0,0.0
2005-07-14,854788.0609037308,0.0,0.0,0.0,0.0,0.0
2005-07-15,854788.0609037308,0.0,0.0,0.0,0.0,0.0
2005-07-18,854788.0609037308,0.0,0.0,0.0,0.0,0.0
2005-07-19,854788.0609037308,0.0,0.0,0.0,0.0,0.0
2005-07-20,854788.0609037308,0.0,0.0,0.0,0.0,0.0
2005-07-21,854788.0609037308,0.0,0.0,0.0,0.0,0.0
2005-07-22,854788.0609037308,0.0,0.0,0.0,0.0,0.0
2005-07-25,854788.0609037308,0.0,0.0,0.0,0.0,0.0
2005-07-26,854788.0609037308,0.0,0.0,0.0,0.0,0.0
2005-07-27,854788.0609037308,0.0,0.0,0.0,0.0,0.0
2005-07-28,854788.0609037308,0.0,0.0,0.0,0.0,0.0
2005-07-29,854788.0609037308,0.0,0.0,0.0,0.0,0.0
2005-08-01,854788.0609037308,0.0,0.0,0.0,0.0,0.0
2005-08-02,854788.0609037308,0.0,0.0,0.0,0.0,0.0
2005-08-03,854788.0609037308,0.0,0.0,0.0,0.0,0.0
2005-08-04,854788.0609037308,0.0,0.0,0.0,0.0,0.0
2005-08-05,854788.0609037308,0.0,0.0,0.0,0.0,0.0
2005-08-08,854788.0609037308,0.0,0.0,0.0,0.0,0.0
2005-08-09,854788.0609037308,0.0,0.0,0.0,0.0,0.0
2005-08-10,854788.0609037308,0.0,0.0,0.0,0.0,0.0
2005-08-11,854788.0609037308,0.0,0.0,0.0,0.0,0.0
2005-08-12,854788.0609037308,0.0,0.0,0.0,0.0,0.0
2005-08-15,854788.0609037308,0.0,0.0,0.0,0.0,0.0
2005-08-16,854788.0609037308,0.0,0.0,0.0,0.0,0.0
2005-08-17,854788.0609037308,0.0,0.0,0.0,0.0,0.0
2005-08-18,854788.0609037308,0.0,0.0,0.0,0.0,0.0
2005-08-19,854788.0609037308,0.0,0.0,0.0,0.0,0.0
2005-08-22,854788.0609037308,0.0,0.0,0.0,0.0,0.0
2005-08-23,854788.0609037308,0.0,0.0,0.0,0.0,0.0
2005-08-24,854788.0609037308,0.0,0.0,0.0,0.0,0.0
2005-08-25,854788.0609037308,0.0,0.0,0.0,0.0,0.0
2005-08-26,854788.0609037308,0.0,0.0,0.0,0.0,0.0
2005-08-29,854788.0609037308,0.0,0.0,0.0,0.0,0.0
2005-08-30,854788.0609037308,0.0,0.0,0.0,0.0,0.0
2005-08-31,854788.0609037308,0.0,0.0,0.0,0.0,0.0
2005-09-01,854788.0609037308,0.0,0.0,0.0,0.0,0.0
2005-09-02,854788.0609037308,0.0,0.0,0.0,0.0,0.0
2005-09-06,854788.0609037308,0.0,0.0,0.0,0.0,0.0
2005-09-07,854788.0609037308,0.0,0.0,0.0,0.0,0.0
2005-09-08,854788.0609037308,0.0,0.0,0.0,0.0,0.0
2005-09-09,854788.0609037308,0.0,0.0,0.0,0.0,0.0
2005-09-12,854788.0609037308,0.0,0.0,0.0,0.0,0.0
2005-09-13,854788.0609037308,0.0,0.0,0.0,0.0,0.0
2005-09-14,854788.0609037308,0.0,0.0,0.0,0.0,0.0
2005-09-15,854788.0609037308,0.0,0.0,0.0,0.0,0.0
2005-09-16,854788.0609037308,0.0,0.0,0.0,0.0,0.0
2005-09-19,854788.0609037308,0.0,0.0,0.0,0.0,0.0
2005-09-20,854788.0609037308,0.0,0.0,0.0,0.0,0.0
2005-09-21,854788.0609037308,0.0,0.0,0.0,0.0,0.0
2005-09-22,854788.0609037308,0.0,0.0,0.0,0.0,0.0
2005-09-23,854788.0609037308,0.0,0.0,0.0,0.0,0.0
2005-09-26,854788.0609037308,0.0,0.0,0.0,0.0,0.0
2005-09-27,854788.0609037308,0.0,0.0,0.0,0.0,0.0
2005-09-28,854788.0609037308,0.0,0.0,0.0,0.0,0.0
2005-09-29,854788.0609037308,0.0,0.0,0.0,0.0,0.0
2005-09-30,854788.0609037308,0.0,0.0,0.0,0.0,0.0
2005-10-03,854788.0609037308,0.0,0.0,0.0,0.0,0.0
2005-10-04,854788.0609037308,0.0,0.0,0.0,0.0,0.0
2005-10-05,854788.0609037308,0.0,0.0,0.0,0.0,0.0
2005-10-06,854788.0609037308,0.0,0.0,0.0,0.0,0.0
2005-10-07,854788.0609037308,0.0,0.0,0.0,0.0,0.0
2005-10-10,854788.0609037308,0.0,0.0,0.0,0.0,0.0
2005-10-11,854788.0609037308,0.0,0.0,0.0,0.0,0.0
2005-10-12,854788.0609037308,0.0,0.0,0.0,0.0,0.0
2005-10-13,854788.0609037308,0.0,0.0,0.0,0.0,0.0
2005-10-14,854788.0609037308,0.0,0.0,0.0,0.0,0.0
2005-10-17,854788.0609037308,0.0,0.0,0.0,0.0,0.0
2005-10-18,854788.0609037308,0.0,0.0,0.0,0.0,0.0
2005-10-19,854788.0609037308,0.0,0.0,0.0,0.0,0.0
2005-10-20,854788.0609037308,0.0,0.0,0.0,0.0,0.0
2005-10-21,854788.0609037308,0.0,0.0,0.0,0.0,0.0
2005-10-24,854788.0609037308,0.0,0.0,0.0,0.0,0.0
2005-10-25,854788.0609037308,0.0,0.0,0.0,0.0,0.0
2005-10-26,854788.0609037308,0.0,0.0,0.0,0.0,0.0
2005-10-27,854788.0609037308,0.0,0.0,0.0,0.0,0.0
2005-10-28,854788.0609037308,0.0,0.0,0.0,0.0,0.0
2005-10-31,854788.0609037308,0.0,0.0,0.0,0.0,0.0
2005-11-01,854788.0609037308,0.0,0.0,0.0,0.0,0.0
2005-11-02,854788.0609037308,0.0,0.0,0.0,0.0,0.0
2005-11-03,854788.0609037308,0.0,0.0,0.0,0.0,0.0
2005-11-04,854788.0609037308,0.0,0.0,0.0,0.0,0.0
2005-11-07,854788.0609037308,0.0,0.0,0.0,0.0,0.0
2005-11-08,854788.0609037308,0.0,0.0,0.0,0.0,0.0
2005-11-09,854788.0609037308,0.0,0.0,0.0,0.0,0.0
2005-11-10,854788.0609037308,0.0,0.0,0.0,0.0,0.0
2005-11-11,854788.0609037308,0.0,0.0,0.0,0.0,0.0
2005-11-14,854788.0609037308,0.0,0.0,0.0,0.0,0.0
2005-11-15,854788.0609037308,0.0,0.0,0.0,0.0,0.0
2005-11-16,854788.0609037308,0.0,0.0,0.0,0.0,0.0
2005-11-17,854788.0609037308,0.0,0.0,0.0,0.0,0.0
2005-11-18,854788.0609037308,0.0,0.0,0.0,0.0,0.0
2005-11-21,854788.0609037308,0.0,0.0,0.0,0.0,0.0
2005-11-22,854788.0609037308,0.0,0.0,0.0,0.0,0.0
2005-11-23,854788.0609037308,0.0,0.0,0.0,0.0,0.0
2005-11-24,854788.0609037308,0.0,0.0,0.0,0.0,0.0
2005-11-25,854788.0609037308,0.0,0.0,0.0,0.0,0.0
2005-11-28,854788.0609037308,0.0,0.0,0.0,0.0,0.0
2005-11-29,854788.0609037308,0.0,0.0,0.0,0.0,0.0
2005-11-30,854788.0609037308,0.0,0.0,0.0,0.0,0.0
2005-12-01,854788.0609037308,0.0,0.0,0.0,0.0,0.0
2005-12-02,854788.0609037308,0.0,0.0,0.0,0.0,0.0
2005-12-05,854788.0609037308,0.0,0.0,0.0,0.0,0.0
2005-12-06,854788.0609037308,0.0,0.0,0.0,0.0,0.0
2005-12-07,854788.0609037308,0.0,0.0,0.0,0.0,0.0
2005-12-08,854788.0609037308,0.0,0.0,0.0,0.0,0.0
2005-12-09,854788.0609037308,0.0,0.0,0.0,0.0,0.0
2005-12-12,854788.0609037308,0.0,0.0,0.0,0.0,0.0
2005-12-13,854788.0609037308,0.0,0.0,0.0,0.0,0.0
2005-12-14,854788.0609037308,0.0,0.0,0.0,0.0,0.0
2005-12-15,854788.0609037308,0.0,0.0,0.0,0.0,0.0
2005-12-16,854788.0609037308,0.0,0.0,0.0,0.0,0.0
2005-12-19,854788.0609037308,0.0,0.0,0.0,0.0,0.0
2005-12-20,854788.0609037308,0.0,0.0,0.0,0.0,0.0
2005-12-21,854788.0609037308,0.0,0.0,0.0,0.0,0.0
2005-12-22,854788.0609037308,0.0,0.0,0.0,0.0,0.0
2005-12-23,854788.0609037308,0.0,0.0,0.0,0.0,0.0
2005-12-27,854788.0609037308,0.0,0.0,0.0,0.0,0.0
2005-12-28,854788.0609037308,0.0,0.0,0.0,0.0,0.0
2005-12-29,854788.0609037308,0.0,0.0,0.0,0.0,0.0
2005-12-30,854788.0609037308,0.0,0.0,0.0,0.0,0.0
2006-01-03,854788.0609037308,0.0,0.0,0.0,0.0,0.0
2006-01-04,854788.0609037308,0.0,0.0,0.0,0.0,0.0
2006-01-05,854788.0609037308,0.0,0.0,0.0,0.0,0.0
2006-01-06,854788.0609037308,0.0,0.0,0.0,0.0,0.0
2006-01-09,854788.0609037308,0.0,0.0,0.0,0.0,0.0
2006-01-10,854788.0609037308,0.0,0.0,0.0,0.0,0.0
2006-01-11,854788.0609037308,0.0,0.0,0.0,0.0,0.0
2006-01-12,854788.0609037308,0.0,0.0,0.0,0.0,0.0
2006-01-13,854788.0609037308,0.0,0.0,0.0,0.0,0.0
2006-01-17,854788.0609037308,0.0,0.0,0.0,0.0,0.0
2006-01-18,854788.0609037308,0.0,0.0,0.0,0.0,0.0
2006-01-19,854788.0609037308,0.0,0.0,0.0,0.0,0.0
2006-01-20,854788.0609037308,0.0,0.0,0.0,0.0,0.0
2006-01-23,854788.0609037308,0.0,0.0,0.0,0.0,0.0
2006-01-24,854788.0609037308,0.0,0.0,0.0,0.0,0.0
2006-01-25,854788.0609037308,0.0,0.0,0.0,0.0,0.0
2006-01-26,854788.0609037308,0.0,0.0,0.0,0.0,0.0
2006-01-27,854788.0609037308,0.0,0.0,0.0,0.0,0.0
2006-01-30,854788.0609037308,0.0,0.0,0.0,0.0,0.0
2006-01-31,854788.0609037308,0.0,0.0,0.0,0.0,0.0
2006-02-01,854788.0609037308,0.0,0.0,0.0,0.0,0.0
2006-02-02,854788.0609037308,0.0,0.0,0.0,0.0,0.0
2006-02-03,854788.0609037308,0.0,0.0,0.0,0.0,0.0
2006-02-06,854788.0609037308,0.0,0.0,0.0,0.0,0.0
2006-02-07,854788.0609037308,0.0,0.0,0.0,0.0,0.0
2006-02-08,854788.0609037308,0.0,0.0,0.0,0.0,0.0
2006-02-09,854788.0609037308,0.0,0.0,0.0,0.0,0.0
2006-02-10,854788.0609037308,0.0,0.0,0.0,0.0,0.0
2006-02-13,854788.0609037308,0.0,0.0,0.0,0.0,0.0
2006-02-14,854788.0609037308,0.0,0.0,0.0,0.0,0.0
2006-02-15,854788.0609037308,0.0,0.0,0.0,0.0,0.0
2006-02-16,854788.0609037308,0.0,0.0,0.0,0.0,0.0
2006-02-17,854788.0609037308,0.0,0.0,0.0,0.0,0.0
2006-02-21,854788.0609037308,0.0,0.0,0.0,0.0,0.0
2006-02-22,854788.0609037308,0.0,0.0,0.0,0.0,0.0
2006-02-23,854788.0609037308,0.0,0.0,0.0,0.0,0.0
2006-02-24,854788.0609037308,0.0,0.0,0.0,0.0,0.0
2006-02-27,854788.0609037308,0.0,0.0,0.0,0.0,0.0
2006-02-28,854788.0609037308,0.0,0.0,0.0,0.0,0.0
2006-03-01,854788.0609037308,0.0,0.0,0.0,0.0,0.0
2006-03-02,854788.0609037308,0.0,0.0,0.0,0.0,0.0
2006-03-03,854788.0609037308,0.0,0.0,0.0,0.0,0.0
2006-03-06,854788.0609037308,0.0,0.0,0.0,0.0,0.0
2006-03-07,854788.0609037308,0.0,0.0,0.0,0.0,0.0
2006-03-08,854788.0609037308,0.0,0.0,0.0,0.0,0.0
2006-03-09,854788.0609037308,0.0,0.0,0.0,0.0,0.0
2006-03-10,854788.0609037308,0.0,0.0,0.0,0.0,0.0
2006-03-13,854788.0609037308,0.0,0.0,0.0,0.0,0.0
2006-03-14,854788.0609037308,0.0,0.0,0.0,0.0,0.0
2006-03-15,854788.0609037308,0.0,0.0,0.0,0.0,0.0
2006-03-16,854788.0609037308,0.0,0.0,0.0,0.0,0.0
2006-03-17,854788.0609037308,0.0,0.0,0.0,0.0,0.0
2006-03-20,854788.0609037308,0.0,0.0,0.0,0.0,0.0
2006-03-21,854788.0609037308,0.0,0.0,0.0,0.0,0.0
2006-03-22,854788.0609037308,0.0,0.0,0.0,0.0,0.0
2006-03-23,854788.0609037308,0.0,0.0,0.0,0.0,0.0
2006-03-24,854788.0609037308,0.0,0.0,0.0,0.0,0.0
2006-03-27,854788.0609037308,0.0,0.0,0.0,0.0,0.0
2006-03-28,854788.0609037308,0.0,0.0,0.0,0.0,0.0
2006-03-29,854788.0609037308,0.0,0.0,0.0,0.0,0.0
2006-03-30,854788.0609037308,0.0,0.0,0.0,0.0,0.0
2006-03-31,854788.0609037308,0.0,0.0,0.0,0.0,0.0
2006-04-03,854788.0609037308,0.0,0.0,0.0,0.0,0.0
2006-04-04,854788.0609037308,0.0,0.0,0.0,0.0,0.0
2006-04-05,854360.6668732789,0.0,427.39403045186543,-0.0005,1.2857534578764713,0.5
2006-04-06,863426.3828384343,9492.896298591988,427.18033343663944,0.010730337078651685,0.0,0.0
2006-04-07,863426.3828384343,0.0,0.0,0.0,0.0,0.0
2006-04-10,863426.3828384343,0.0,0.0,0.0,0.0027645285226431853,0.0
2006-04-11,862994.669647015,0.0,431.71319141921714,-0.0005,-0.11753297424255502,-0.5
2006-04-12,871909.9038375834,8915.234190568337,0.0,0.010438413361169102,-0.4341691861978188,-0.5
2006-04-13,873289.5081158074,1379.6042782240243,0.0,0.001584786053882726,-0.6479852447689324,-0.5
2006-04-17,871954.1606668896,-462.05794080201457,873.2895081158074,-0.0015282919090428345,0.3872496221758404,0.5
2006-04-18,877023.6616009994,5069.500934109823,0.0,0.005847953216374269,0.6776321793317507,0.5
2006-04-19,875649.0163633802,-1374.6452376191212,0.0,-0.0015649452269170577,0.7394924209148381,0.5
2006-04-20,870600.7253885389,-5048.29097484129,0.0,-0.005732152162584679,0.33870701254622176,0.5
2006-04-21,871985.5621733563,1384.8367848174003,0.0,0.0015932023366967605,0.44082809722119454,0.5
2006-04-24,864200.3718370813,-6913.204774101661,871.9855621733564,-0.00885789197692711,-0.11845058644952222,-0.5
2006-04-25,866585.0450435791,3248.8735783348916,864.2003718370813,0.0027698113207547167,0.13223702496055478,0.5
2006-04-26,867522.9076464401,937.8626028610163,0.0,0.0010834236186348862,0.3688897584253771,0.5
2006-04-27,867054.4827503026,-468.42489613738667,0.0,-0.0005396654074473826,1.499204576976511,0.5
2006-04-28,880177.4695162532,13122.986765950527,0.0,0.015367727771679475,2.025502009525567,0.5
2006-05-01,879715.6765102111,-461.79300604210556,0.0,-0.0005243838489774515,1.652497805736715,0.5
2006-05-02,870937.0011668844,-8778.675343326686,0.0,-0.009880395215808633,0.6378588730681743,0.5
2006-05-03,869070.0408214035,-1866.9603454809956,0.0,-0.0021390374331550803,0.3193859564222675,0.5
2006-05-04,863958.0567115343,-4677.449089458577,434.53502041070175,-0.005850642398286939,-0.5431561930734572,-0.5
2006-05-05,863526.0776831785,0.0,431.9790283557671,-0.0005,-1.4518102172477203,-0.5
2006-05-08,870542.8117921967,7016.734109018243,0.0,0.00819224467504096,-1.9711555756043115,-0.5
2006-05-09,867666.5690219582,-2876.2427702385353,0.0,-0.003293084522502744,-1.7076268849468297,-0.5
2006-05-10,864818.6481170721,-2847.920904886077,0.0,-0.003271537622682661,-1.7283962076100587,-0.5
2006-05-11,850248.3339368388,-14570.31418023328,0.0,-0.016568679850347406,-1.4044582975433137,-0.5
2006-05-12,831048.0099668487,-18775.19980302168,425.1241669684194,-0.02209413580246914,-0.8861636661869123,-0.5
2006-05-15,831048.0099668487,0.0,0.0,0.0,0.0,0.0
2006-05-16,831048.0099668487,0.0,0.0,0.0,0.0,0.0
2006-05-17,831048.0099668487,0.0,0.0,0.0,0.0,0.0
2006-05-18,831048.0099668487,0.0,0.0,0.0,0.0,0.0
2006-05-19,831048.0099668487,0.0,0.0,0.0,0.0,0.0
2006-05-22,831048.0099668487,0.0,0.0,0.0,0.0,0.0
2006-05-23,831048.0099668487,0.0,0.0,0.0,0.0,0.0
2006-05-24,831048.0099668487,0.0,0.0,0.0,0.0,0.0
2006-05-25,831048.0099668487,0.0,0.0,0.0,0.0,0.0
2006-05-26,831048.0099668487,0.0,0.0,0.0,0.0,0.0
2006-05-30,831048.0099668487,0.0,0.0,0.0,0.0,0.0
2006-05-31,831048.0099668487,0.0,0.0,0.0,0.0,0.0
2006-06-01,831048.0099668487,0.0,0.0,0.0,0.0,0.0
2006-06-02,831048.0099668487,0.0,0.0,0.0,0.0,0.0
2006-06-05,831048.0099668487,0.0,0.0,0.0,0.0,0.0
2006-06-06,831048.0099668487,0.0,0.0,0.0,0.0,0.0
2006-06-07,831048.0099668487,0.0,0.0,0.0,0.0,0.0
2006-06-08,831048.0099668487,0.0,0.0,0.0,0.0,0.0
2006-06-09,831048.0099668487,0.0,0.0,0.0,0.0,0.0
2006-06-12,831048.0099668487,0.0,0.0,0.0,0.0,0.0
2006-06-13,830632.4859618653,0.0,415.52400498342433,-0.0005,-0.894003700659276,-0.5
2006-06-14,841303.5096766888,10671.023714823552,0.0,0.013014055179593961,-1.263068443454456,-0.5
2006-06-15,848403.1173532853,7099.60767659653,0.0,0.00851063829787234,-1.1758993899349939,-0.5
2006-06-16,843851.5984833642,-4551.5188699210585,0.0,-0.005336179295624332,-0.9740459256608669,-0.5
2006-06-19,854153.3961293926,10301.797646028332,0.0,0.012358946802794197,-0.21788367706187065,-0.5
2006-06-20,853299.2427332632,0.0,854.1533961293926,-0.001,0.2694564705141682,0.5
2006-06-21,858870.2932842964,5571.050551033274,0.0,0.0065717415115005475,0.3055705707909618,0.5
2006-06-22,854289.497966033,-4151.360171621196,429.4351466421482,-0.005307856761090326,-0.07234748069562115,-0.5
2006-06-23,853862.3532170501,0.0,427.14474898301654,-0.0005,-0.5921711400515584,-0.5
2006-06-26,863682.2378926021,9819.884675552054,0.0,0.011634349030470913,-1.1748527083342786,-0.5
2006-06-27,859325.0965579421,-4357.141334659988,0.0,-0.00501952035694367,-1.3130467178906053,-0.5
2006-06-28,857894.4776402541,-1430.6189176880278,0.0,-0.0016620498614958446,-1.4386607710446082,-0.5
2006-06-29,853149.4860603854,-4744.991579868662,0.0,-0.0055005500550055,-1.2456587017978733,-0.5
2006-06-30,840081.5508253247,-13067.935235060606,0.0,-0.015086206896551721,-0.9085614385064363,-0.5
2006-07-03,840081.5508253247,0.0,0.0,0.0,0.0,0.0
2006-07-05,840081.5508253247,0.0,0.0,0.0,0.0,0.0
2006-07-06,840081.5508253247,0.0,0.0,0.0,0.0,0.0
2006-07-07,840081.5508253247,0.0,0.0,0.0,0.0,0.0
2006-07-10,840081.5508253247,0.0,0.0,0.0,0.0,0.0
2006-07-11,840081.5508253247,0.0,0.0,0.0,0.0,0.0
2006-07-12,840081.5508253247,0.0,0.0,0.0,0.0,0.0
2006-07-13,840081.5508253247,0.0,0.0,0.0,0.0,0.0
2006-07-14,840081.5508253247,0.0,0.0,0.0,0.0,0.0
2006-07-17,840081.5508253247,0.0,0.0,0.0,0.0,0.0
2006-07-18,840081.5508253247,0.0,0.0,0.0,0.0,0.0
2006-07-19,840081.5508253247,0.0,0.0,0.0,0.0,0.0
2006-07-20,840081.5508253247,0.0,0.0,0.0,0.0,0.0
2006-07-21,840081.5508253247,0.0,0.0,0.0,0.0,0.0
2006-07-24,840081.5508253247,0.0,0.0,0.0,0.0,0.0
2006-07-25,840081.5508253247,0.0,0.0,0.0,0.0,0.0
2006-07-26,840081.5508253247,0.0,0.0,0.0,0.0,0.0
2006-07-27,840081.5508253247,0.0,0.0,0.0,0.0,0.0
2006-07-28,840081.5508253247,0.0,0.0,0.0,0.0,0.0
2006-07-31,840081.5508253247,0.0,0.0,0.0,0.0,0.0
2006-08-01,840081.5508253247,0.0,0.0,0.0,0.0,0.0
2006-08-02,840081.5508253247,0.0,0.0,0.0,0.0,0.0
2006-08-03,840081.5508253247,0.0,0.0,0.0,0.0,0.0
2006-08-04,840081.5508253247,0.0,0.0,0.0,0.0,0.0
2006-08-07,840081.5508253247,0.0,0.0,0.0,0.0,0.0
2006-08-08,840081.5508253247,0.0,0.0,0.0,0.0,0.0
2006-08-09,840081.5508253247,0.0,0.0,0.0,0.0,0.0
2006-08-10,840081.5508253247,0.0,0.0,0.0,0.0,0.0
2006-08-11,840081.5508253247,0.0,0.0,0.0,0.0,0.0
2006-08-14,840081.5508253247,0.0,0.0,0.0,0.0,0.0
2006-08-15,840081.5508253247,0.0,0.0,0.0,0.0,0.0
2006-08-16,840081.5508253247,0.0,0.0,0.0,0.0,0.0
2006-08-17,840081.5508253247,0.0,0.0,0.0,0.0,0.0
2006-08-18,840081.5508253247,0.0,0.0,0.0,0.0,0.0
2006-08-21,840081.5508253247,0.0,0.0,0.0,0.0,0.0
2006-08-22,840081.5508253247,0.0,0.0,0.0,0.0,0.0
2006-08-23,840081.5508253247,0.0,0.0,0.0,0.0,0.0
2006-08-24,840081.5508253247,0.0,0.0,0.0,0.0,0.0
2006-08-25,840081.5508253247,0.0,0.0,0.0,0.0,0.0
2006-08-28,840081.5508253247,0.0,0.0,0.0,0.0,0.0
2006-08-29,840081.5508253247,0.0,0.0,0.0,0.0,0.0
2006-08-30,840081.5508253247,0.0,0.0,0.0,0.0,0.0
2006-08-31,840081.5508253247,0.0,0.0,0.0,0.0,0.0
2006-09-01,840081.5508253247,0.0,0.0,0.0,0.0,0.0
2006-09-05,840081.5508253247,0.0,0.0,0.0,0.0,0.0
2006-09-06,840081.5508253247,0.0,0.0,0.0,0.0,0.0
2006-09-07,840081.5508253247,0.0,0.0,0.0,0.0,0.0
2006-09-08,840081.5508253247,0.0,0.0,0.0,0.0,0.0
2006-09-11,840081.5508253247,0.0,0.0,0.0,0.0,0.0
2006-09-12,840081.5508253247,0.0,0.0,0.0,0.0,0.0
2006-09-13,840081.5508253247,0.0,0.0,0.0,0.0,0.0
2006-09-14,840081.5508253247,0.0,0.0,0.0,0.0,0.0
2006-09-15,840081.5508253247,0.0,0.0,0.0,0.0,0.0
2006-09-18,840081.5508253247,0.0,0.0,0.0,0.0,0.0
2006-09-19,840081.5508253247,0.0,0.0,0.0,0.0,0.0
2006-09-20,840081.5508253247,0.0,0.0,0.0,0.0,0.0
2006-09-21,840081.5508253247,0.0,0.0,0.0,0.0,0.0
2006-09-22,840081.5508253247,0.0,0.0,0.0,0.0,0.0
2006-09-25,840081.5508253247,0.0,0.0,0.0,0.0,0.0
2006-09-26,840081.5508253247,0.0,0.0,0.0,0.0,0.0
2006-09-27,840081.5508253247,0.0,0.0,0.0,0.0,0.0
2006-09-28,840081.5508253247,0.0,0.0,0.0,0.0,0.0
2006-09-29,840081.5508253247,0.0,0.0,0.0,0.0,0.0
2006-10-02,840081.5508253247,0.0,0.0,0.0,0.0,0.0
2006-10-03,840081.5508253247,0.0,0.0,0.0,0.0,0.0
2006-10-04,840081.5508253247,0.0,0.0,0.0,0.0,0.0
2006-10-05,840081.5508253247,0.0,0.0,0.0,0.0,0.0
2006-10-06,840081.5508253247,0.0,0.0,0.0,0.0,0.0
2006-10-09,840081.5508253247,0.0,0.0,0.0,0.0,0.0
2006-10-10,840081.5508253247,0.0,0.0,0.0,0.0,0.0
2006-10-11,840081.5508253247,0.0,0.0,0.0,0.0,0.0
2006-10-12,840081.5508253247,0.0,0.0,0.0,0.0,0.0
2006-10-13,840081.5508253247,0.0,0.0,0.0,0.0,0.0
2006-10-16,840081.5508253247,0.0,0.0,0.0,0.0,0.0
2006-10-17,840081.5508253247,0.0,0.0,0.0,0.0,0.0
2006-10-18,840081.5508253247,0.0,0.0,0.0,0.0,0.0
2006-10-19,840081.5508253247,0.0,0.0,0.0,0.0,0.0
2006-10-20,840081.5508253247,0.0,0.0,0.0,0.0,0.0
2006-10-23,840081.5508253247,0.0,0.0,0.0,0.0,0.0
2006-10-24,840081.5508253247,0.0,0.0,0.0,0.0,0.0
2006-10-25,840081.5508253247,0.0,0.0,0.0,0.0,0.0
2006-10-26,840081.5508253247,0.0,0.0,0.0,0.0,0.0
2006-10-27,840081.5508253247,0.0,0.0,0.0,0.0,0.0
2006-10-30,840081.5508253247,0.0,0.0,0.0,0.0,0.0
2006-10-31,840081.5508253247,0.0,0.0,0.0,0.0,0.0
2006-11-01,840081.5508253247,0.0,0.0,0.0,0.0,0.0
2006-11-02,840081.5508253247,0.0,0.0,0.0,0.0,0.0
2006-11-03,840081.5508253247,0.0,0.0,0.0,0.0,0.0
2006-11-06,840081.5508253247,0.0,0.0,0.0,0.0,0.0
2006-11-07,840081.5508253247,0.0,0.0,0.0,0.0,0.0
2006-11-08,840081.5508253247,0.0,0.0,0.0,0.0,0.0
2006-11-09,840081.5508253247,0.0,0.0,0.0,0.0,0.0
2006-11-10,840081.5508253247,0.0,0.0,0.0,0.0,0.0
2006-11-13,840081.5508253247,0.0,0.0,0.0,0.0,0.0
2006-11-14,840081.5508253247,0.0,0.0,0.0,0.0,0.0
2006-11-15,840081.5508253247,0.0,0.0,0.0,0.0,0.0
2006-11-16,840081.5508253247,0.0,0.0,0.0,0.0,0.0
2006-11-17,840081.5508253247,0.0,0.0,0.0,0.0,0.0
2006-11-20,840081.5508253247,0.0,0.0,0.0,0.0,0.0
2006-11-21,840081.5508253247,0.0,0.0,0.0,0.0,0.0
2006-11-22,840081.5508253247,0.0,0.0,0.0,0.0,0.0
2006-11-23,840081.5508253247,0.0,0.0,0.0,0.0,0.0
2006-11-24,840081.5508253247,0.0,0.0,0.0,0.0,0.0
2006-11-27,840081.5508253247,0.0,0.0,0.0,0.0,0.0
2006-11-28,840081.5508253247,0.0,0.0,0.0,0.0,0.0
2006-11-29,840081.5508253247,0.0,0.0,0.0,0.0,0.0
2006-11-30,840081.5508253247,0.0,0.0,0.0,0.0,0.0
2006-12-01,840081.5508253247,0.0,0.0,0.0,0.0,0.0
2006-12-04,840081.5508253247,0.0,0.0,0.0,0.0,0.0
2006-12-05,840081.5508253247,0.0,0.0,0.0,0.0,0.0
2006-12-06,840081.5508253247,0.0,0.0,0.0,0.0,0.0
2006-12-07,840081.5508253247,0.0,0.0,0.0,0.0,0.0
2006-12-08,840081.5508253247,0.0,0.0,0.0,0.0,0.0
2006-12-11,840081.5508253247,0.0,0.0,0.0,0.0,0.0
2006-12-12,840081.5508253247,0.0,0.0,0.0,0.0,0.0
2006-12-13,840081.5508253247,0.0,0.0,0.0,0.0,0.0
2006-12-14,840081.5508253247,0.0,0.0,0.0,0.0,0.0
2006-12-15,840081.5508253247,0.0,0.0,0.0,0.0,0.0
2006-12-18,840081.5508253247,0.0,0.0,0.0,0.0,0.0
2006-12-19,840081.5508253247,0.0,0.0,0.0,0.0,0.0
2006-12-20,840081.5508253247,0.0,0.0,0.0,0.0,0.0
2006-12-21,840081.5508253247,0.0,0.0,0.0,0.0,0.0
2006-12-22,840081.5508253247,0.0,0.0,0.0,0.0,0.0
2006-12-26,840081.5508253247,0.0,0.0,0.0,0.0,0.0
2006-12-27,840081.5508253247,0.0,0.0,0.0,0.0,0.0
2006-12-28,840081.5508253247,0.0,0.0,0.0,0.0,0.0
2006-12-29,840081.5508253247,0.0,0.0,0.0,0.0,0.0
2007-01-03,840081.5508253247,0.0,0.0,0.0,0.0,0.0
2007-01-04,840081.5508253247,0.0,0.0,0.0,0.0,0.0
2007-01-05,840081.5508253247,0.0,0.0,0.0,0.0,0.0
2007-01-08,840081.5508253247,0.0,0.0,0.0,0.0,0.0
2007-01-09,840081.5508253247,0.0,0.0,0.0,0.0,0.0
2007-01-10,840081.5508253247,0.0,0.0,0.0,0.0,0.0
2007-01-11,840081.5508253247,0.0,0.0,0.0,0.0,0.0
2007-01-12,840081.5508253247,0.0,0.0,0.0,0.0,0.0
2007-01-16,840081.5508253247,0.0,0.0,0.0,0.0,0.0
2007-01-17,840081.5508253247,0.0,0.0,0.0,0.0,0.0
2007-01-18,840081.5508253247,0.0,0.0,0.0,0.0,0.0
2007-01-19,840081.5508253247,0.0,0.0,0.0,0.0,0.0
2007-01-22,840081.5508253247,0.0,0.0,0.0,0.0,0.0
2007-01-23,840081.5508253247,0.0,0.0,0.0,0.0,0.0
2007-01-24,840081.5508253247,0.0,0.0,0.0,0.0,0.0
2007-01-25,840081.5508253247,0.0,0.0,0.0,0.0,0.0
2007-01-26,840081.5508253247,0.0,0.0,0.0,0.0,0.0
2007-01-29,840081.5508253247,0.0,0.0,0.0,0.0,0.0
2007-01-30,840081.5508253247,0.0,0.0,0.0,0.0,0.0
2007-01-31,840081.5508253247,0.0,0.0,0.0,0.0,0.0
2007-02-01,840081.5508253247,0.0,0.0,0.0,0.0,0.0
2007-02-02,840081.5508253247,0.0,0.0,0.0,0.0,0.0
2007-02-05,840081.5508253247,0.0,0.0,0.0,0.0,0.0
2007-02-06,840081.5508253247,0.0,0.0,0.0,0.0,0.0
2007-02-07,840081.5508253247,0.0,0.0,0.0,0.0,0.0
2007-02-08,840081.5508253247,0.0,0.0,0.0,0.0,0.0
2007-02-09,840081.5508253247,0.0,0.0,0.0,0.0,0.0
2007-02-12,840081.5508253247,0.0,0.0,0.0,0.0,0.0
2007-02-13,840081.5508253247,0.0,0.0,0.0,0.0,0.0
2007-02-14,840081.5508253247,0.0,0.0,0.0,0.0,0.0
2007-02-15,840081.5508253247,0.0,0.0,0.0,0.0,0.0
2007-02-16,840081.5508253247,0.0,0.0,0.0,0.0,0.0
2007-02-20,840081.5508253247,0.0,0.0,0.0,0.0,0.0
2007-02-21,840081.5508253247,0.0,0.0,0.0,0.0,0.0
2007-02-22,840081.5508253247,0.0,0.0,0.0,0.0,0.0
2007-02-23,840081.5508253247,0.0,0.0,0.0,0.0,0.0
2007-02-26,840081.5508253247,0.0,0.0,0.0,0.0,0.0
2007-02-27,840081.5508253247,0.0,0.0,0.0,0.0,0.0
2007-02-28,840081.5508253247,0.0,0.0,0.0,0.0,0.0
2007-03-01,840081.5508253247,0.0,0.0,0.0,0.0,0.0
2007-03-02,840081.5508253247,0.0,0.0,0.0,0.0,0.0
2007-03-05,840081.5508253247,0.0,0.0,0.0,0.0,0.0
2007-03-06,840081.5508253247,0.0,0.0,0.0,0.0,0.0
2007-03-07,840081.5508253247,0.0,0.0,0.0,0.0,0.0
2007-03-08,840081.5508253247,0.0,0.0,0.0,0.0,0.0
2007-03-09,840081.5508253247,0.0,0.0,0.0,0.0,0.0
2007-03-12,840081.5508253247,0.0,0.0,0.0,0.0,0.0
2007-03-13,840081.5508253247,0.0,0.0,0.0,0.0,0.0
2007-03-14,840081.5508253247,0.0,0.0,0.0,0.0,0.0
2007-03-15,840081.5508253247,0.0,0.0,0.0,0.0,0.0
2007-03-16,840081.5508253247,0.0,0.0,0.0,0.0,0.0
2007-03-19,840081.5508253247,0.0,0.0,0.0,0.0,0.0
2007-03-20,840081.5508253247,0.0,0.0,0.0,0.0,0.0
2007-03-21,840081.5508253247,0.0,0.0,0.0,0.0,0.0
2007-03-22,840081.5508253247,0.0,0.0,0.0,0.0,0.0
2007-03-23,840081.5508253247,0.0,0.0,0.0,0.0,0.0
2007-03-26,840081.5508253247,0.0,0.0,0.0,0.0,0.0
2007-03-27,840081.5508253247,0.0,0.0,0.0,0.0,0.0
2007-03-28,840081.5508253247,0.0,0.0,0.0,0.0,0.0
2007-03-29,840081.5508253247,0.0,0.0,0.0,0.0,0.0
2007-03-30,840081.5508253247,0.0,0.0,0.0,0.0,0.0
2007-04-02,840081.5508253247,0.0,0.0,0.0,0.0,0.0
2007-04-03,840081.5508253247,0.0,0.0,0.0,0.0,0.0
2007-04-04,840081.5508253247,0.0,0.0,0.0,0.0,0.0
2007-04-05,840081.5508253247,0.0,0.0,0.0,0.0,0.0
2007-04-09,840081.5508253247,0.0,0.0,0.0,0.0,0.0
2007-04-10,840081.5508253247,0.0,0.0,0.0,0.0,0.0
2007-04-11,840081.5508253247,0.0,0.0,0.0,0.0,0.0
2007-04-12,840081.5508253247,0.0,0.0,0.0,0.0,0.0
2007-04-13,840081.5508253247,0.0,0.0,0.0,0.0,0.0
2007-04-16,840081.5508253247,0.0,0.0,0.0,0.0,0.0
2007-04-17,840081.5508253247,0.0,0.0,0.0,0.0,0.0
2007-04-18,840081.5508253247,0.0,0.0,0.0,0.0,0.0
2007-04-19,840081.5508253247,0.0,0.0,0.0,0.0,0.0
2007-04-20,840081.5508253247,0.0,0.0,0.0,0.0,0.0
2007-04-23,840081.5508253247,0.0,0.0,0.0,0.0,0.0
2007-04-24,840081.5508253247,0.0,0.0,0.0,0.0,0.0
2007-04-25,840081.5508253247,0.0,0.0,0.0,0.0,0.0
2007-04-26,840081.5508253247,0.0,0.0,0.0,0.0,0.0
2007-04-27,840081.5508253247,0.0,0.0,0.0,0.0,0.0
2007-04-30,840081.5508253247,0.0,0.0,0.0,0.0,0.0
2007-05-01,840081.5508253247,0.0,0.0,0.0,0.0,0.0
2007-05-02,840081.5508253247,0.0,0.0,0.0,0.0,0.0
2007-05-03,840081.5508253247,0.0,0.0,0.0,0.0,0.0
2007-05-04,840081.5508253247,0.0,0.0,0.0,0.0,0.0
2007-05-07,840081.5508253247,0.0,0.0,0.0,0.0,0.0
2007-05-08,840081.5508253247,0.0,0.0,0.0,0.0,0.0
2007-05-09,840081.5508253247,0.0,0.0,0.0,0.0,0.0
2007-05-10,840081.5508253247,0.0,0.0,0.0,0.0,0.0
2007-05-11,840081.5508253247,0.0,0.0,0.0,0.0,0.0
2007-05-14,840081.5508253247,0.0,0.0,0.0,0.0,0.0
2007-05-15,840081.5508253247,0.0,0.0,0.0,0.0,0.0
2007-05-16,840081.5508253247,0.0,0.0,0.0,0.0,0.0
2007-05-17,840081.5508253247,0.0,0.0,0.0,0.0,0.0
2007-05-18,840081.5508253247,0.0,0.0,0.0,0.0,0.0
2007-05-21,840081.5508253247,0.0,0.0,0.0,0.0,0.0
2007-05-22,840081.5508253247,0.0,0.0,0.0,0.0,0.0
2007-05-23,840081.5508253247,0.0,0.0,0.0,0.0,0.0
2007-05-24,840081.5508253247,0.0,0.0,0.0,0.0,0.0
2007-05-25,840081.5508253247,0.0,0.0,0.0,0.0,0.0
2007-05-29,840081.5508253247,0.0,0.0,0.0,0.0,0.0
2007-05-30,840081.5508253247,0.0,0.0,0.0,0.0,0.0
2007-05-31,840081.5508253247,0.0,0.0,0.0,0.0,0.0
2007-06-01,840081.5508253247,0.0,0.0,0.0,0.0,0.0
2007-06-04,840081.5508253247,0.0,0.0,0.0,0.0,0.0
2007-06-05,840081.5508253247,0.0,0.0,0.0,0.0,0.0
2007-06-06,840081.5508253247,0.0,0.0,0.0,0.0,0.0
2007-06-07,840081.5508253247,0.0,0.0,0.0,0.0,0.0
2007-06-08,840081.5508253247,0.0,0.0,0.0,0.0,0.0
2007-06-11,840081.5508253247,0.0,0.0,0.0,0.0,0.0
2007-06-12,840081.5508253247,0.0,0.0,0.0,0.0,0.0
2007-06-13,840081.5508253247,0.0,0.0,0.0,0.0,0.0
2007-06-14,840081.5508253247,0.0,0.0,0.0,0.0,0.0
2007-06-15,840081.5508253247,0.0,0.0,0.0,0.0,0.0
2007-06-18,840081.5508253247,0.0,0.0,0.0,0.0,0.0
2007-06-19,840081.5508253247,0.0,0.0,0.0,0.0,0.0
2007-06-20,840081.5508253247,0.0,0.0,0.0,0.0,0.0
2007-06-21,840081.5508253247,0.0,0.0,0.0,0.0,0.0
2007-06-22,840081.5508253247,0.0,0.0,0.0,0.0,0.0
2007-06-25,840081.5508253247,0.0,0.0,0.0,0.0,0.0
2007-06-26,840081.5508253247,0.0,0.0,0.0,0.0,0.0
2007-06-27,840081.5508253247,0.0,0.0,0.0,0.0,0.0
2007-06-28,840081.5508253247,0.0,0.0,0.0,0.0,0.0
2007-06-29,840081.5508253247,0.0,0.0,0.0,0.0,0.0
2007-07-02,840081.5508253247,0.0,0.0,0.0,0.0,0.0
2007-07-03,840081.5508253247,0.0,0.0,0.0,0.0,0.0
2007-07-05,840081.5508253247,0.0,0.0,0.0,0.0,0.0
2007-07-06,840081.5508253247,0.0,0.0,0.0,0.0,0.0
2007-07-09,840081.5508253247,0.0,0.0,0.0,0.0,0.0
2007-07-10,840081.5508253247,0.0,0.0,0.0,0.0,0.0
2007-07-11,840081.5508253247,0.0,0.0,0.0,0.0,0.0
2007-07-12,840081.5508253247,0.0,0.0,0.0,0.0,0.0
2007-07-13,840081.5508253247,0.0,0.0,0.0,0.0,0.0
2007-07-16,840081.5508253247,0.0,0.0,0.0,0.0,0.0
2007-07-17,840081.5508253247,0.0,0.0,0.0,0.0,0.0
2007-07-18,840081.5508253247,0.0,0.0,0.0,0.0,0.0
2007-07-19,840081.5508253247,0.0,0.0,0.0,0.0,0.0
2007-07-20,840081.5508253247,0.0,0.0,0.0,0.0,0.0
2007-07-23,840081.5508253247,0.0,0.0,0.0,0.0,0.0
2007-07-24,840081.5508253247,0.0,0.0,0.0,0.0,0.0
2007-07-25,840081.5508253247,0.0,0.0,0.0,0.0,0.0
2007-07-26,840081.5508253247,0.0,0.0,0.0,0.0,0.0
2007-07-27,840081.5508253247,0.0,0.0,0.0,0.0,0.0
2007-07-30,840081.5508253247,0.0,0.0,0.0,0.0,0.0
2007-07-31,840081.5508253247,0.0,0.0,0.0,0.0,0.0
2007-08-01,840081.5508253247,0.0,0.0,0.0,0.0,0.0
2007-08-02,840081.5508253247,0.0,0.0,0.0,0.0,0.0
2007-08-03,840081.5508253247,0.0,0.0,0.0,0.0,0.0
2007-08-06,840081.5508253247,0.0,0.0,0.0,0.0,0.0
2007-08-07,840081.5508253247,0.0,0.0,0.0,0.0,0.0
2007-08-08,840081.5508253247,0.0,0.0,0.0,0.0,0.0
2007-08-09,840081.5508253247,0.0,0.0,0.0,0.0,0.0
2007-08-10,840081.5508253247,0.0,0.0,0.0,0.0,0.0
2007-08-13,840081.5508253247,0.0,0.0,0.0,0.0,0.0
2007-08-14,840081.5508253247,0.0,0.0,0.0,0.0,0.0
2007-08-15,840081.5508253247,0.0,0.0,0.0,0.0,0.0
2007-08-16,840081.5508253247,0.0,0.0,0.0,0.0,0.0
2007-08-17,840081.5508253247,0.0,0.0,0.0,0.0,0.0
2007-08-20,840081.5508253247,0.0,0.0,0.0,0.0,0.0
2007-08-21,840081.5508253247,0.0,0.0,0.0,0.0,0.0
2007-08-22,840081.5508253247,0.0,0.0,0.0,0.0,0.0
2007-08-23,840081.5508253247,0.0,0.0,0.0,0.0,0.0
2007-08-24,840081.5508253247,0.0,0.0,0.0,0.0,0.0
2007-08-27,840081.5508253247,0.0,0.0,0.0,0.0,0.0
2007-08-28,840081.5508253247,0.0,0.0,0.0,0.0,0.0
2007-08-29,840081.5508253247,0.0,0.0,0.0,0.0,0.0
2007-08-30,840081.5508253247,0.0,0.0,0.0,0.0,0.0
2007-08-31,840081.5508253247,0.0,0.0,0.0,0.0,0.0
2007-09-04,840081.5508253247,0.0,0.0,0.0,0.0,0.0
2007-09-05,840081.5508253247,0.0,0.0,0.0,0.0,0.0
2007-09-06,840081.5508253247,0.0,0.0,0.0,0.0,0.0
2007-09-07,840081.5508253247,0.0,0.0,0.0,0.0,0.0
2007-09-10,840081.5508253247,0.0,0.0,0.0,0.0,0.0
2007-09-11,840081.5508253247,0.0,0.0,0.0,0.0,0.0
2007-09-12,840081.5508253247,0.0,0.0,0.0,0.0,0.0
2007-09-13,840081.5508253247,0.0,0.0,0.0,0.0,0.0
2007-09-14,840081.5508253247,0.0,0.0,0.0,0.0,0.0
2007-09-17,840081.5508253247,0.0,0.0,0.0,0.0,0.0
2007-09-18,840081.5508253247,0.0,0.0,0.0,0.0,0.0
2007-09-19,840081.5508253247,0.0,0.0,0.0,0.0,0.0
2007-09-20,840081.5508253247,0.0,0.0,0.0,0.0,0.0
2007-09-21,840081.5508253247,0.0,0.0,0.0,0.0,0.0
2007-09-24,840081.5508253247,0.0,0.0,0.0,0.0,0.0
2007-09-25,840081.5508253247,0.0,0.0,0.0,0.0,0.0
2007-09-26,840081.5508253247,0.0,0.0,0.0,0.0,0.0
2007-09-27,840081.5508253247,0.0,0.0,0.0,0.0,0.0
2007-09-28,840081.5508253247,0.0,0.0,0.0,0.0,0.0
2007-10-01,840081.5508253247,0.0,0.0,0.0,0.0,0.0
2007-10-02,840081.5508253247,0.0,0.0,0.0,0.0,0.0
2007-10-03,840081.5508253247,0.0,0.0,0.0,0.0,0.0
2007-10-04,840081.5508253247,0.0,0.0,0.0,0.0,0.0
2007-10-05,840081.5508253247,0.0,0.0,0.0,0.0,0.0
2007-10-08,840081.5508253247,0.0,0.0,0.0,0.0,0.0
2007-10-09,840081.5508253247,0.0,0.0,0.0,0.0,0.0
2007-10-10,840081.5508253247,0.0,0.0,0.0,0.0,0.0
2007-10-11,840081.5508253247,0.0,0.0,0.0,0.0,0.0
2007-10-12,840081.5508253247,0.0,0.0,0.0,0.0,0.0
2007-10-15,840081.5508253247,0.0,0.0,0.0,0.0,0.0
2007-10-16,840081.5508253247,0.0,0.0,0.0,0.0,0.0
2007-10-17,840081.5508253247,0.0,0.0,0.0,0.0,0.0
2007-10-18,840081.5508253247,0.0,0.0,0.0,0.0,0.0
2007-10-19,840081.5508253247,0.0,0.0,0.0,0.0,0.0
2007-10-22,840081.5508253247,0.0,0.0,0.0,0.0,0.0
2007-10-23,840081.5508253247,0.0,0.0,0.0,0.0,0.0
2007-10-24,840081.5508253247,0.0,0.0,0.0,0.0,0.0
2007-10-25,840081.5508253247,0.0,0.0,0.0,0.0,0.0
2007-10-26,840081.5508253247,0.0,0.0,0.0,0.0,0.0
2007-10-29,840081.5508253247,0.0,0.0,0.0,0.0,0.0
2007-10-30,840081.5508253247,0.0,0.0,0.0,0.0,0.0
2007-10-31,840081.5508253247,0.0,0.0,0.0,0.0,0.0
2007-11-01,840081.5508253247,0.0,0.0,0.0,0.0,0.0
2007-11-02,840081.5508253247,0.0,0.0,0.0,0.0,0.0
2007-11-05,840081.5508253247,0.0,0.0,0.0,0.0,0.0
2007-11-06,840081.5508253247,0.0,0.0,0.0,0.0,0.0
2007-11-07,840081.5508253247,0.0,0.0,0.0,0.0,0.0
2007-11-08,840081.5508253247,0.0,0.0,0.0,0.0,0.0
2007-11-09,840081.5508253247,0.0,0.0,0.0,0.0,0.0
2007-11-12,840081.5508253247,0.0,0.0,0.0,0.0,0.0
2007-11-13,840081.5508253247,0.0,0.0,0.0,0.0,0.0
2007-11-14,840081.5508253247,0.0,0.0,0.0,0.0,0.0
2007-11-15,840081.5508253247,0.0,0.0,0.0,0.0,0.0
2007-11-16,840081.5508253247,0.0,0.0,0.0,0.0,0.0
2007-11-19,840081.5508253247,0.0,0.0,0.0,0.0,0.0
2007-11-20,840081.5508253247,0.0,0.0,0.0,0.0,0.0
2007-11-21,840081.5508253247,0.0,0.0,0.0,0.0,0.0
2007-11-23,840081.5508253247,0.0,0.0,0.0,0.0,0.0
2007-11-26,840081.5508253247,0.0,0.0,0.0,0.0,0.0
2007-11-27,840081.5508253247,0.0,0.0,0.0,0.0,0.0
2007-11-28,840081.5508253247,0.0,0.0,0.0,0.0,0.0
2007-11-29,840081.5508253247,0.0,0.0,0.0,0.0,0.0
2007-11-30,840081.5508253247,0.0,0.0,0.0,0.0,0.0
2007-12-03,840081.5508253247,0.0,0.0,0.0,0.0,0.0
2007-12-04,840081.5508253247,0.0,0.0,0.0,0.0,0.0
2007-12-05,840081.5508253247,0.0,0.0,0.0,0.0,0.0
2007-12-06,840081.5508253247,0.0,0.0,0.0,0.0,0.0
2007-12-07,840081.5508253247,0.0,0.0,0.0,0.0,0.0
2007-12-10,840081.5508253247,0.0,0.0,0.0,0.0,0.0
2007-12-11,840081.5508253247,0.0,0.0,0.0,0.0,0.0
2007-12-12,840081.5508253247,0.0,0.0,0.0,0.0,0.0
2007-12-13,840081.5508253247,0.0,0.0,0.0,0.0,0.0
2007-12-14,840081.5508253247,0.0,0.0,0.0,0.0,0.0
2007-12-17,840081.5508253247,0.0,0.0,0.0,0.0,0.0
2007-12-18,840081.5508253247,0.0,0.0,0.0,0.0,0.0
2007-12-19,840081.5508253247,0.0,0.0,0.0,0.0,0.0
2007-12-20,840081.5508253247,0.0,0.0,0.0,0.0,0.0
2007-12-21,840081.5508253247,0.0,0.0,0.0,0.0,0.0
2007-12-24,840081.5508253247,0.0,0.0,0.0,0.0,0.0
2007-12-26,840081.5508253247,0.0,0.0,0.0,0.0,0.0
2007-12-27,840081.5508253247,0.0,0.0,0.0,0.0,0.0
2007-12-28,840081.5508253247,0.0,0.0,0.0,0.0,0.0
2007-12-31,840081.5508253247,0.0,0.0,0.0,0.0,0.0
2008-01-02,840081.5508253247,0.0,0.0,0.0,0.0,0.0
2008-01-03,840081.5508253247,0.0,0.0,0.0,0.0,0.0
2008-01-04,840081.5508253247,0.0,0.0,0.0,0.0,0.0
2008-01-07,840081.5508253247,0.0,0.0,0.0,0.0,0.0
2008-01-08,840081.5508253247,0.0,0.0,0.0,0.0,0.0
2008-01-09,840081.5508253247,0.0,0.0,0.0,0.0,0.0
2008-01-10,840081.5508253247,0.0,0.0,0.0,0.0,0.0
2008-01-11,840081.5508253247,0.0,0.0,0.0,0.0,0.0
2008-01-14,840081.5508253247,0.0,0.0,0.0,0.0,0.0
2008-01-15,840081.5508253247,0.0,0.0,0.0,0.0,0.0
2008-01-16,840081.5508253247,0.0,0.0,0.0,0.0,0.0
2008-01-17,840081.5508253247,0.0,0.0,0.0,0.0,0.0
2008-01-18,840081.5508253247,0.0,0.0,0.0,0.0,0.0
2008-01-22,840081.5508253247,0.0,0.0,0.0,0.0,0.0
2008-01-23,840081.5508253247,0.0,0.0,0.0,0.0,0.0
2008-01-24,840081.5508253247,0.0,0.0,0.0,0.0,0.0
2008-01-25,840081.5508253247,0.0,0.0,0.0,0.0,0.0
2008-01-28,840081.5508253247,0.0,0.0,0.0,0.0,0.0
2008-01-29,840081.5508253247,0.0,0.0,0.0,0.0,0.0
2008-01-30,840081.5508253247,0.0,0.0,0.0,0.0,0.0
2008-01-31,840081.5508253247,0.0,0.0,0.0,0.0,0.0
2008-02-01,840081.5508253247,0.0,0.0,0.0,0.0,0.0
2008-02-04,840081.5508253247,0.0,0.0,0.0,0.0,0.0
2008-02-05,840081.5508253247,0.0,0.0,0.0,0.0,0.0
2008-02-06,840081.5508253247,0.0,0.0,0.0,0.0,0.0
2008-02-07,840081.5508253247,0.0,0.0,0.0,0.0,0.0
2008-02-08,840081.5508253247,0.0,0.0,0.0,0.0,0.0
2008-02-11,840081.5508253247,0.0,0.0,0.0,0.0,0.0
2008-02-12,840081.5508253247,0.0,0.0,0.0,0.0,0.0
2008-02-13,840081.5508253247,0.0,0.0,0.0,0.0,0.0
2008-02-14,840081.5508253247,0.0,0.0,0.0,0.0,0.0
2008-02-15,840081.5508253247,0.0,0.0,0.0,0.0,0.0
2008-02-19,840081.5508253247,0.0,0.0,0.0,0.0,0.0
2008-02-20,840081.5508253247,0.0,0.0,0.0,0.0,0.0
2008-02-21,840081.5508253247,0.0,0.0,0.0,0.0,0.0
2008-02-22,840081.5508253247,0.0,0.0,0.0,0.0,0.0
2008-02-25,840081.5508253247,0.0,0.0,0.0,0.0,0.0
2008-02-26,840081.5508253247,0.0,0.0,0.0,0.0,0.0
2008-02-27,840081.5508253247,0.0,0.0,0.0,0.0,0.0
2008-02-28,840081.5508253247,0.0,0.0,0.0,0.0,0.0
2008-02-29,840081.5508253247,0.0,0.0,0.0,0.0,0.0
2008-03-03,840081.5508253247,0.0,0.0,0.0,0.0,0.0
2008-03-04,840081.5508253247,0.0,0.0,0.0,0.0,0.0
2008-03-05,840081.5508253247,0.0,0.0,0.0,0.0,0.0
2008-03-06,840081.5508253247,0.0,0.0,0.0,0.0,0.0
2008-03-07,840081.5508253247,0.0,0.0,0.0,0.0,0.0
2008-03-10,840081.5508253247,0.0,0.0,0.0,0.0,0.0
2008-03-11,840081.5508253247,0.0,0.0,0.0,0.0,0.0
2008-03-12,840081.5508253247,0.0,0.0,0.0,0.0,0.0
2008-03-13,840081.5508253247,0.0,0.0,0.0,0.0,0.0
2008-03-14,840081.5508253247,0.0,0.0,0.0,0.0,0.0
2008-03-17,840081.5508253247,0.0,0.0,0.0,0.0,0.0
2008-03-18,840081.5508253247,0.0,0.0,0.0,0.0,0.0
2008-03-19,840081.5508253247,0.0,0.0,0.0,0.0,0.0
2008-03-20,840081.5508253247,0.0,0.0,0.0,0.0,0.0
2008-03-24,840081.5508253247,0.0,0.0,0.0,0.0,0.0
2008-03-25,840081.5508253247,0.0,0.0,0.0,0.0,0.0
2008-03-26,840081.5508253247,0.0,0.0,0.0,0.0,0.0
2008-03-27,840081.5508253247,0.0,0.0,0.0,0.0,0.0
2008-03-28,840081.5508253247,0.0,0.0,0.0,0.0,0.0
2008-03-31,840081.5508253247,0.0,0.0,0.0,0.0,0.0
2008-04-01,840081.5508253247,0.0,0.0,0.0,0.0,0.0
2008-04-02,840081.5508253247,0.0,0.0,0.0,0.0,0.0
2008-04-03,840081.5508253247,0.0,0.0,0.0,0.0,0.0
2008-04-04,840081.5508253247,0.0,0.0,0.0,0.0,0.0
2008-04-07,840081.5508253247,0.0,0.0,0.0,0.0,0.0
2008-04-08,840081.5508253247,0.0,0.0,0.0,0.0,0.0
2008-04-09,840081.5508253247,0.0,0.0,0.0,0.0,0.0
2008-04-10,840081.5508253247,0.0,0.0,0.0,0.0,0.0
2008-04-11,840081.5508253247,0.0,0.0,0.0,0.0,0.0
2008-04-14,840081.5508253247,0.0,0.0,0.0,0.0,0.0
2008-04-15,840081.5508253247,0.0,0.0,0.0,0.0,0.0
2008-04-16,840081.5508253247,0.0,0.0,0.0,0.0,0.0
2008-04-17,840081.5508253247,0.0,0.0,0.0,0.0,0.0
2008-04-18,839661.510049912,0.0,420.04077541266236,-0.0005,1.827151182501782,0.5
2008-04-21,826180.7059894777,-13480.804060434368,0.0,-0.01580135440180587,1.3036655150700323,0.5
2008-04-22,836147.55638487,9966.850395392234,0.0,0.012211077191452245,1.2289519311474058,0.5
2008-04-23,831574.5996187768,-4572.956766093104,0.0,-0.005439330543933054,1.300043215013475,0.5
2008-04-24,823439.2462409666,-8135.353377810236,0.0,-0.009688289806234204,1.2968686167910108,0.5
2008-04-25,824153.7271487679,714.4809078012726,0.0,0.0008684324793747286,1.4217246831235646,0.5
2008-04-28,839982.0117339891,16240.361448795555,412.07686357438394,0.019591561740667104,0.0,0.0
2008-04-29,839562.0207281221,0.0,419.99100586699456,-0.0005,1.6523350569590292,0.5
2008-04-30,845951.9219429662,6389.901214844058,0.0,0.007669365146996165,1.3854167058092164,0.5
2008-05-01,849651.420143883,3699.498200916762,0.0,0.004392386530014642,1.015559960746345,0.5
2008-05-02,847195.7802012706,-2455.6399426123785,0.0,-0.002881844380403458,0.9746017114665658,0.5
2008-05-05,832699.1627064977,-14073.01960467227,423.5978901006353,-0.01683169934640523,0.0,0.0
2008-05-06,832699.1627064977,0.0,0.0,0.0,0.0,0.0
2008-05-07,832699.1627064977,0.0,0.0,0.0,0.0,0.0
2008-05-08,832699.1627064977,0.0,0.0,0.0,0.0,0.0
2008-05-09,832699.1627064977,0.0,0.0,0.0,0.0,0.0
2008-05-12,832699.1627064977,0.0,0.0,0.0,0.0,0.0
2008-05-13,832699.1627064977,0.0,0.0,0.0,0.0,0.0
2008-05-14,832699.1627064977,0.0,0.0,0.0,0.0,0.0
2008-05-15,832699.1627064977,0.0,0.0,0.0,0.0,0.0
2008-05-16,832699.1627064977,0.0,0.0,0.0,0.0,0.0
2008-05-19,832699.1627064977,0.0,0.0,0.0,0.0,0.0
2008-05-20,832282.8131251445,0.0,416.3495813532489,-0.0005,0.5419534819896421,0.5
2008-05-21,844215.081408866,12348.409690284043,416.14140656257223,0.014552710843373494,0.0,0.0
2008-05-22,844215.081408866,0.0,0.0,0.0,0.0,0.0
2008-05-23,844215.081408866,0.0,0.0,0.0,0.0,0.0
2008-05-27,843792.9738681616,0.0,422.107540704433,-0.0005,0.9831339307432033,0.5
2008-05-28,839912.6550084,-3880.3188597616127,0.0,-0.004577611319184353,1.039639986075148,0.5
2008-05-29,832647.58773934,-7265.0672690599995,0.0,-0.008575611796695252,0.9135643396864096,0.5
2008-05-30,844803.0269764106,12155.439237070657,0.0,0.014814814814814814,0.994547988633879,0.5
2008-06-02,856011.2053086553,11630.579845732813,422.40151348820535,0.01345241116751269,0.0,0.0
2008-06-03,855583.199706001,0.0,428.0056026543277,-0.0005,1.194432528003197,0.5
2008-06-04,860156.62963864,4573.4299326389855,0.0,0.005374121537825548,1.4868382363467054,0.5
2008-06-05,879848.1974606074,20121.646136786738,430.07831481932,0.023441366382003753,0.0,0.0
2008-06-06,879848.1974606074,0.0,0.0,0.0,0.0,0.0
2008-06-09,879848.1974606074,0.0,0.0,0.0,0.0,0.0
2008-06-10,879408.2733618771,0.0,439.9240987303037,-0.0005,1.4191268341608065,0.5
2008-06-11,898561.7724935632,19593.20326836711,439.7041366809385,0.02227630079756931,0.0,0.0
2008-06-12,898561.7724935632,0.0,0.0,0.0,0.0,0.0
2008-06-13,898561.7724935632,0.0,0.0,0.0,0.0,0.0
2008-06-16,898561.7724935632,0.0,0.0,0.0,0.0,0.0
2008-06-17,898561.7724935632,0.0,0.0,0.0,0.0,0.0
2008-06-18,898561.7724935632,0.0,0.0,0.0,0.0,0.0
2008-06-19,898561.7724935632,0.0,0.0,0.0,0.0,0.0
2008-06-20,898561.7724935632,0.0,0.0,0.0,0.0,0.0
2008-06-23,898561.7724935632,0.0,0.0,0.0,0.0,0.0
2008-06-24,898561.7724935632,0.0,0.0,0.0,0.0,0.0
2008-06-25,898561.7724935632,0.0,0.0,0.0,0.0,0.0
2008-06-26,898561.7724935632,0.0,0.0,0.0,0.0,0.0
2008-06-27,898561.7724935632,0.0,0.0,0.0,0.0,0.0
2008-06-30,898561.7724935632,0.0,0.0,0.0,0.0,0.0
2008-07-01,898561.7724935632,0.0,0.0,0.0,0.0,0.0
2008-07-02,898561.7724935632,0.0,0.0,0.0,0.0,0.0
2008-07-03,898561.7724935632,0.0,0.0,0.0,0.0,0.0
2008-07-07,898561.7724935632,0.0,0.0,0.0,0.0,0.0
2008-07-08,898561.7724935632,0.0,0.0,0.0,0.0,0.0
2008-07-09,898561.7724935632,0.0,0.0,0.0,0.0,0.0
2008-07-10,898561.7724935632,0.0,0.0,0.0,0.0,0.0
2008-07-11,898561.7724935632,0.0,0.0,0.0,0.0,0.0
2008-07-14,898561.7724935632,0.0,0.0,0.0,0.0,0.0
2008-07-15,898561.7724935632,0.0,0.0,0.0,0.0,0.0
2008-07-16,898561.7724935632,0.0,0.0,0.0,0.0,0.0
2008-07-17,898561.7724935632,0.0,0.0,0.0,0.0,0.0
2008-07-18,898561.7724935632,0.0,0.0,0.0,0.0,0.0
2008-07-21,898561.7724935632,0.0,0.0,0.0,0.0,0.0
2008-07-22,898561.7724935632,0.0,0.0,0.0,0.0,0.0
2008-07-23,898561.7724935632,0.0,0.0,0.0,0.0,0.0
2008-07-24,898561.7724935632,0.0,0.0,0.0,0.0,0.0
2008-07-25,898561.7724935632,0.0,0.0,0.0,0.0,0.0
2008-07-28,898561.7724935632,0.0,0.0,0.0,0.0,0.0
2008-07-29,898561.7724935632,0.0,0.0,0.0,0.0,0.0
2008-07-30,898561.7724935632,0.0,0.0,0.0,0.0,0.0
2008-07-31,898561.7724935632,0.0,0.0,0.0,0.0,0.0
2008-08-01,898561.7724935632,0.0,0.0,0.0,0.0,0.0
2008-08-04,898561.7724935632,0.0,0.0,0.0,0.0,0.0
2008-08-05,898561.7724935632,0.0,0.0,0.0,0.0,0.0
2008-08-06,898561.7724935632,0.0,0.0,0.0,0.0,0.0
2008-08-07,898561.7724935632,0.0,0.0,0.0,0.0,0.0
2008-08-08,898561.7724935632,0.0,0.0,0.0,0.0,0.0
2008-08-11,898561.7724935632,0.0,0.0,0.0,0.0,0.0
2008-08-12,898561.7724935632,0.0,0.0,0.0,0.0,0.0
2008-08-13,898561.7724935632,0.0,0.0,0.0,0.0,0.0
2008-08-14,898561.7724935632,0.0,0.0,0.0,0.0,0.0
2008-08-15,898561.7724935632,0.0,0.0,0.0,0.0,0.0
2008-08-18,898561.7724935632,0.0,0.0,0.0,0.0,0.0
2008-08-19,898561.7724935632,0.0,0.0,0.0,0.0,0.0
2008-08-20,898561.7724935632,0.0,0.0,0.0,0.0,0.0
2008-08-21,898561.7724935632,0.0,0.0,0.0,0.0,0.0
2008-08-22,898561.7724935632,0.0,0.0,0.0,0.0,0.0
2008-08-25,898561.7724935632,0.0,0.0,0.0,0.0,0.0
2008-08-26,898561.7724935632,0.0,0.0,0.0,0.0,0.0
2008-08-27,898561.7724935632,0.0,0.0,0.0,0.0,0.0
2008-08-28,898561.7724935632,0.0,0.0,0.0,0.0,0.0
2008-08-29,898561.7724935632,0.0,0.0,0.0,0.0,0.0
2008-09-02,898561.7724935632,0.0,0.0,0.0,0.0,0.0
2008-09-03,898561.7724935632,0.0,0.0,0.0,0.0,0.0
2008-09-04,898561.7724935632,0.0,0.0,0.0,0.0,0.0
2008-09-05,898561.7724935632,0.0,0.0,0.0,0.0,0.0
2008-09-08,898561.7724935632,0.0,0.0,0.0,0.0,0.0
2008-09-09,898561.7724935632,0.0,0.0,0.0,0.0,0.0
2008-09-10,898561.7724935632,0.0,0.0,0.0,0.0,0.0
2008-09-11,898561.7724935632,0.0,0.0,0.0,0.0,0.0
2008-09-12,898561.7724935632,0.0,0.0,0.0,0.0,0.0
2008-09-15,898561.7724935632,0.0,0.0,0.0,0.0,0.0
2008-09-16,898561.7724935632,0.0,0.0,0.0,0.0,0.0
2008-09-17,898561.7724935632,0.0,0.0,0.0,0.0,0.0
2008-09-18,898561.7724935632,0.0,0.0,0.0,0.0,0.0
2008-09-19,898561.7724935632,0.0,0.0,0.0,0.0,0.0
2008-09-22,898561.7724935632,0.0,0.0,0.0,0.0,0.0
2008-09-23,898561.7724935632,0.0,0.0,0.0,0.0,0.0
2008-09-24,898561.7724935632,0.0,0.0,0.0,0.0,0.0
2008-09-25,898561.7724935632,0.0,0.0,0.0,0.0,0.0
2008-09-26,898561.7724935632,0.0,0.0,0.0,0.0,0.0
2008-09-29,898561.7724935632,0.0,0.0,0.0,0.0,0.0
2008-09-30,898561.7724935632,0.0,0.0,0.0,0.0,0.0
2008-10-01,898561.7724935632,0.0,0.0,0.0,0.0,0.0
2008-10-02,898561.7724935632,0.0,0.0,0.0,0.0,0.0
2008-10-03,898561.7724935632,0.0,0.0,0.0,0.0,0.0
2008-10-06,898561.7724935632,0.0,0.0,0.0,0.0,0.0
2008-10-07,898561.7724935632,0.0,0.0,0.0,0.0,0.0
2008-10-08,898561.7724935632,0.0,0.0,0.0,0.0,0.0
2008-10-09,898561.7724935632,0.0,0.0,0.0,0.0,0.0
2008-10-10,898561.7724935632,0.0,0.0,0.0,0.0,0.0
2008-10-13,898561.7724935632,0.0,0.0,0.0,0.0,0.0
2008-10-14,898561.7724935632,0.0,0.0,0.0,0.0,0.0
2008-10-15,898561.7724935632,0.0,0.0,0.0,0.0,0.0
2008-10-16,898561.7724935632,0.0,0.0,0.0,0.0,0.0
2008-10-17,898561.7724935632,0.0,0.0,0.0,0.0,0.0
2008-10-20,898561.7724935632,0.0,0.0,0.0,0.0,0.0
2008-10-21,898561.7724935632,0.0,0.0,0.0,0.0,0.0
2008-10-22,898561.7724935632,0.0,0.0,0.0,0.0,0.0
2008-10-23,898561.7724935632,0.0,0.0,0.0,0.0,0.0
2008-10-24,898561.7724935632,0.0,0.0,0.0,0.0,0.0
2008-10-27,898561.7724935632,0.0,0.0,0.0,0.0,0.0
2008-10-28,898561.7724935632,0.0,0.0,0.0,0.0,0.0
2008-10-29,898561.7724935632,0.0,0.0,0.0,0.0,0.0
2008-10-30,898561.7724935632,0.0,0.0,0.0,0.0,0.0
2008-10-31,898561.7724935632,0.0,0.0,0.0,0.0,0.0
2008-11-03,898561.7724935632,0.0,0.0,0.0,0.0,0.0
2008-11-04,898561.7724935632,0.0,0.0,0.0,0.0,0.0
2008-11-05,898561.7724935632,0.0,0.0,0.0,0.0,0.0
2008-11-06,898561.7724935632,0.0,0.0,0.0,0.0,0.0
2008-11-07,898561.7724935632,0.0,0.0,0.0,0.0,0.0
2008-11-10,898561.7724935632,0.0,0.0,0.0,0.0,0.0
2008-11-11,898561.7724935632,0.0,0.0,0.0,0.0,0.0
2008-11-12,898561.7724935632,0.0,0.0,0.0,0.0,0.0
2008-11-13,898561.7724935632,0.0,0.0,0.0,0.0,0.0
2008-11-14,898561.7724935632,0.0,0.0,0.0,0.0,0.0
2008-11-17,898561.7724935632,0.0,0.0,0.0,0.0,0.0
2008-11-18,898561.7724935632,0.0,0.0,0.0,0.0,0.0
2008-11-19,898561.7724935632,0.0,0.0,0.0,0.0,0.0
2008-11-20,898561.7724935632,0.0,0.0,0.0,0.0,0.0
2008-11-21,898561.7724935632,0.0,0.0,0.0,0.0,0.0
2008-11-24,898561.7724935632,0.0,0.0,0.0,0.0,0.0
2008-11-25,898561.7724935632,0.0,0.0,0.0,0.0,0.0
2008-11-26,898561.7724935632,0.0,0.0,0.0,0.0,0.0
2008-11-28,898561.7724935632,0.0,0.0,0.0,0.0,0.0
2008-12-01,898561.7724935632,0.0,0.0,0.0,0.0,0.0
2008-12-02,898561.7724935632,0.0,0.0,0.0,0.0,0.0
2008-12-03,898561.7724935632,0.0,0.0,0.0,0.0,0.0
2008-12-04,898561.7724935632,0.0,0.0,0.0,0.0,0.0
2008-12-05,898561.7724935632,0.0,0.0,0.0,0.0,0.0
2008-12-08,898561.7724935632,0.0,0.0,0.0,0.0,0.0
2008-12-09,898561.7724935632,0.0,0.0,0.0,0.0,0.0
2008-12-10,898561.7724935632,0.0,0.0,0.0,0.0,0.0
2008-12-11,898561.7724935632,0.0,0.0,0.0,0.0,0.0
2008-12-12,898561.7724935632,0.0,0.0,0.0,0.0,0.0
2008-12-15,898561.7724935632,0.0,0.0,0.0,0.0,0.0
2008-12-16,898561.7724935632,0.0,0.0,0.0,0.0,0.0
2008-12-17,898561.7724935632,0.0,0.0,0.0,0.0,0.0
2008-12-18,898561.7724935632,0.0,0.0,0.0,0.0,0.0
2008-12-19,898561.7724935632,0.0,0.0,0.0,0.0,0.0
2008-12-22,898561.7724935632,0.0,0.0,0.0,0.0,0.0
2008-12-23,898561.7724935632,0.0,0.0,0.0,0.0,0.0
2008-12-24,898561.7724935632,0.0,0.0,0.0,0.0,0.0
2008-12-26,898561.7724935632,0.0,0.0,0.0,0.0,0.0
2008-12-29,898561.7724935632,0.0,0.0,0.0,0.0,0.0
2008-12-30,898561.7724935632,0.0,0.0,0.0,0.0,0.0
2008-12-31,898561.7724935632,0.0,0.0,0.0,0.0,0.0
2009-01-02,898561.7724935632,0.0,0.0,0.0,0.0,0.0
2009-01-05,898561.7724935632,0.0,0.0,0.0,0.0,0.0
2009-01-06,898561.7724935632,0.0,0.0,0.0,0.0,0.0
2009-01-07,898561.7724935632,0.0,0.0,0.0,0.0,0.0
2009-01-08,898561.7724935632,0.0,0.0,0.0,0.0,0.0
2009-01-09,898561.7724935632,0.0,0.0,0.0,0.0,0.0
2009-01-12,898561.7724935632,0.0,0.0,0.0,0.0,0.0
2009-01-13,898561.7724935632,0.0,0.0,0.0,0.0,0.0
2009-01-14,898561.7724935632,0.0,0.0,0.0,0.0,0.0
2009-01-15,898561.7724935632,0.0,0.0,0.0,0.0,0.0
2009-01-16,898561.7724935632,0.0,0.0,0.0,0.0,0.0
2009-01-20,898561.7724935632,0.0,0.0,0.0,0.0,0.0
2009-01-21,898561.7724935632,0.0,0.0,0.0,0.0,0.0
2009-01-22,898561.7724935632,0.0,0.0,0.0,0.0,0.0
2009-01-23,898561.7724935632,0.0,0.0,0.0,0.0,0.0
2009-01-26,898561.7724935632,0.0,0.0,0.0,0.0,0.0
2009-01-27,898561.7724935632,0.0,0.0,0.0,0.0,0.0
2009-01-28,898561.7724935632,0.0,0.0,0.0,0.0,0.0
2009-01-29,898561.7724935632,0.0,0.0,0.0,0.0,0.0
2009-01-30,898561.7724935632,0.0,0.0,0.0,0.0,0.0
2009-02-02,898561.7724935632,0.0,0.0,0.0,0.0,0.0
2009-02-03,898561.7724935632,0.0,0.0,0.0,0.0,0.0
2009-02-04,898561.7724935632,0.0,0.0,0.0,0.0,0.0
2009-02-05,898561.7724935632,0.0,0.0,0.0,0.0,0.0
2009-02-06,898561.7724935632,0.0,0.0,0.0,0.0,0.0
2009-02-09,898561.7724935632,0.0,0.0,0.0,0.0,0.0
2009-02-10,898561.7724935632,0.0,0.0,0.0,0.0,0.0
2009-02-11,898561.7724935632,0.0,0.0,0.0,0.0,0.0
2009-02-12,898561.7724935632,0.0,0.0,0.0,0.0,0.0
2009-02-13,898561.7724935632,0.0,0.0,0.0,0.0,0.0
2009-02-17,898561.7724935632,0.0,0.0,0.0,0.0,0.0
2009-02-18,898561.7724935632,0.0,0.0,0.0,0.0,0.0
2009-02-19,898561.7724935632,0.0,0.0,0.0,0.0,0.0
2009-02-20,898561.7724935632,0.0,0.0,0.0,0.0,0.0
2009-02-23,898561.7724935632,0.0,0.0,0.0,0.0,0.0
2009-02-24,898561.7724935632,0.0,0.0,0.0,0.0,0.0
2009-02-25,898561.7724935632,0.0,0.0,0.0,0.0,0.0
2009-02-26,898561.7724935632,0.0,0.0,0.0,0.0,0.0
2009-02-27,898561.7724935632,0.0,0.0,0.0,0.0,0.0
2009-03-02,898561.7724935632,0.0,0.0,0.0,0.0,0.0
2009-03-03,898561.7724935632,0.0,0.0,0.0,0.0,0.0
2009-03-04,898561.7724935632,0.0,0.0,0.0,0.0,0.0
2009-03-05,898561.7724935632,0.0,0.0,0.0,0.0,0.0
2009-03-06,898561.7724935632,0.0,0.0,0.0,0.0,0.0
2009-03-09,898561.7724935632,0.0,0.0,0.0,0.0,0.0
2009-03-10,898561.7724935632,0.0,0.0,0.0,0.0,0.0
2009-03-11,898561.7724935632,0.0,0.0,0.0,0.0,0.0
2009-03-12,898561.7724935632,0.0,0.0,0.0,0.0,0.0
2009-03-13,898561.7724935632,0.0,0.0,0.0,0.0,0.0
2009-03-16,898561.7724935632,0.0,0.0,0.0,0.0,0.0
2009-03-17,898561.7724935632,0.0,0.0,0.0,0.0,0.0
2009-03-18,898561.7724935632,0.0,0.0,0.0,0.0,0.0
2009-03-19,898561.7724935632,0.0,0.0,0.0,0.0,0.0
2009-03-20,898561.7724935632,0.0,0.0,0.0,0.0,0.0
2009-03-23,898561.7724935632,0.0,0.0,0.0,0.0,0.0
2009-03-24,898561.7724935632,0.0,0.0,0.0,0.0,0.0
2009-03-25,898561.7724935632,0.0,0.0,0.0,0.0,0.0
2009-03-26,898561.7724935632,0.0,0.0,0.0,0.0,0.0
2009-03-27,898561.7724935632,0.0,0.0,0.0,0.0,0.0
2009-03-30,898561.7724935632,0.0,0.0,0.0,0.0,0.0
2009-03-31,898561.7724935632,0.0,0.0,0.0,0.0,0.0
2009-04-01,898561.7724935632,0.0,0.0,0.0,0.0,0.0
2009-04-02,898561.7724935632,0.0,0.0,0.0,0.0,0.0
2009-04-03,898561.7724935632,0.0,0.0,0.0,0.0,0.0
2009-04-06,898561.7724935632,0.0,0.0,0.0,0.0,0.0
2009-04-07,898561.7724935632,0.0,0.0,0.0,0.0,0.0
2009-04-08,898561.7724935632,0.0,0.0,0.0,0.0,0.0
2009-04-09,898561.7724935632,0.0,0.0,0.0,0.0,0.0
2009-04-13,898561.7724935632,0.0,0.0,0.0,0.0,0.0
2009-04-14,898112.4916073164,0.0,449.2808862467816,-0.0005,-1.168293493937718,-0.5
2009-04-15,909217.877521294,11105.385913977598,0.0,0.012520064205457466,-0.9786070303953732,-0.5
2009-04-16,907739.9550935937,-1477.922427700413,0.0,-0.001622849724115547,-1.526108639230494,-0.5
2009-04-17,918917.5695762757,11177.61448268197,0.0,0.012467191601049867,-1.6979586091524468,-0.5
2009-04-20,927160.3517618435,8242.782185567921,0.0,0.009051290646999664,-2.0966789131596433,-0.5
2009-04-21,921514.585073172,-5645.766688671578,0.0,-0.006052454606590451,-2.140724820594961,-0.5
2009-04-22,922130.5707583814,615.9856852093395,0.0,0.0006688963210702341,-2.264408846949292,-0.5
2009-04-23,912872.2316945422,-9258.33906383917,0.0,-0.009940357852882704,-2.0033574733021684,-0.5
2009-04-24,917664.2119134112,4791.980218868988,0.0,0.005277044854881266,-2.164592366153369,-0.5
2009-04-27,923445.2530362079,5781.041122796689,0.0,0.006339673006339674,-1.9181342405270956,-0.5
2009-04-28,920034.273256692,-3410.979779515879,0.0,-0.0036801605888256944,-1.5974264934931712,-0.5
2009-04-29,897953.4506985313,-22080.82255816061,0.0,-0.0234375,-1.1520765698786064,-0.5
2009-04-30,894240.5388476787,-3712.911850852706,0.0,-0.004117833386126069,-0.8044309200077381,-0.5
2009-05-01,882956.7465593799,-11283.792288298784,0.0,-0.01246105919003115,-0.45734117566193694,-0.5
2009-05-04,891480.6751511646,8965.406965064472,441.47837327968995,0.009752875349704693,0.0,0.0
2009-05-05,891480.6751511646,0.0,0.0,0.0,0.0,0.0
2009-05-06,891034.9348135891,0.0,445.7403375755823,-0.0005,-1.3071826668991666,-0.5
2009-05-07,886588.0979586242,-4446.836854964887,0.0,-0.004965859714463067,-1.4620194923659109,-0.5
2009-05-08,876457.2271666325,-10130.87079199169,0.0,-0.01129770992366412,-1.5731866854235783,-0.5
2009-05-11,876986.4887772404,529.2616106078699,0.0,0.0006042296072507553,-2.0282242864623536,-0.5
2009-05-12,870623.8298501987,-6362.658927041647,0.0,-0.0072028811524609835,-1.9035685954831172,-0.5
2009-05-13,870623.8298501987,0.0,0.0,0.0,-1.4514013290022891,-0.5
2009-05-14,868113.1333587535,-2075.38457652014,435.31191492509936,-0.0028769322235434004,-1.4502747981095576,-0.5
2009-05-15,867679.0767920741,0.0,434.0565666793768,-0.0005,-1.3213312359044358,-0.5
2009-05-18,863260.1000678485,-4418.976724225662,0.0,-0.005067064083457526,-0.5683166086020173,-0.5
2009-05-19,858907.9584008397,-4352.1416670087265,0.0,-0.005016228976099144,-0.7926477878586113,-0.5
2009-05-20,858655.7834277332,-252.17497310652956,0.0,-0.00029351335485764606,-1.139282059297956,-0.5
2009-05-21,860671.4073324931,2015.6239047599372,0.0,0.002352941176470588,-1.2629088578569412,-0.5
2009-05-22,854328.0154742053,-6343.391858287832,0.0,-0.0073163593795727245,-1.7143024760921743,-0.5
2009-05-26,857058.2909449247,2730.275470719424,0.0,0.0032060623724861556,-1.839800979667271,-0.5
2009-05-27,858561.9019816702,1503.611036745482,0.0,0.0017574692442882249,-1.5695319301969846,-0.5
2009-05-28,855790.7221337246,-2771.179847945532,0.0,-0.003217315004387248,-1.44368989266186,-0.5
2009-05-29,848305.6720859078,-7485.050047816833,0.0,-0.008670520231213874,-1.1964161296040658,-0.5
2009-06-01,838644.953192769,-9236.566057095844,424.1528360429539,-0.011265589569160999,-0.7999460877158173,-0.5
2009-06-02,838225.6307161726,0.0,419.3224765963845,-0.0005,-1.0126414515235245,-0.5
2009-06-03,854076.3934772126,15850.762761039972,0.0,0.019274376417233563,-1.1144719902566385,-0.5
2009-06-04,838278.448626767,-15797.944850445552,0.0,-0.018161180476730987,-1.3533334038050429,-0.5
2009-06-05,842483.8589041588,4205.4102773918075,0.0,0.0050420168067226885,-1.3983848229954157,-0.5
2009-06-08,851022.5466633226,8538.687759163773,0.0,0.010238907849829353,-1.2239515362285698,-0.5
2009-06-09,842218.8651461158,-8803.681517206785,0.0,-0.010238907849829351,-1.5486320060113103,-0.5
2009-06-10,850043.5336567638,7824.668510648035,0.0,0.00937766410912191,-1.7009269423764553,-0.5
2009-06-11,844922.7894781086,-5120.744178655204,0.0,-0.005988023952095809,-1.2949196536458034,-0.5
2009-06-12,859348.744451749,14848.416368379461,422.4613947390543,0.01737911136757069,0.0,0.0
2009-06-15,859348.744451749,0.0,0.0,0.0,0.0,0.0
2009-06-16,859348.744451749,0.0,0.0,0.0,0.0,0.0
2009-06-17,859348.744451749,0.0,0.0,0.0,0.0,0.0
2009-06-18,859348.744451749,0.0,0.0,0.0,0.0,0.0
2009-06-19,859348.744451749,0.0,0.0,0.0,0.0,0.0
2009-06-22,859348.744451749,0.0,0.0,0.0,0.0,0.0
2009-06-23,859348.744451749,0.0,0.0,0.0,0.0,0.0
2009-06-24,859348.744451749,0.0,0.0,0.0,0.0,0.0
2009-06-25,859348.744451749,0.0,0.0,0.0,0.0,0.0
2009-06-26,859348.744451749,0.0,0.0,0.0,0.0,0.0
2009-06-29,859348.744451749,0.0,0.0,0.0,0.0,0.0
2009-06-30,859348.744451749,0.0,0.0,0.0,0.0,0.0
2009-07-01,859348.744451749,0.0,0.0,0.0,0.0,0.0
2009-07-02,859348.744451749,0.0,0.0,0.0,0.0,0.0
2009-07-06,859348.744451749,0.0,0.0,0.0,0.0,0.0
2009-07-07,859348.744451749,0.0,0.0,0.0,0.0,0.0
2009-07-08,859348.744451749,0.0,0.0,0.0,0.0,0.0
2009-07-09,859348.744451749,0.0,0.0,0.0,0.0,0.0
2009-07-10,859348.744451749,0.0,0.0,0.0,0.0,0.0
2009-07-13,859348.744451749,0.0,0.0,0.0,0.0,0.0
2009-07-14,859348.744451749,0.0,0.0,0.0,0.0,0.0
2009-07-15,859348.744451749,0.0,0.0,0.0,0.0,0.0
2009-07-16,859348.744451749,0.0,0.0,0.0,0.0,0.0
2009-07-17,859348.744451749,0.0,0.0,0.0,0.0,0.0
2009-07-20,859348.744451749,0.0,0.0,0.0,0.0,0.0
2009-07-21,859348.744451749,0.0,0.0,0.0,0.0,0.0
2009-07-22,859348.744451749,0.0,0.0,0.0,0.0,0.0
2009-07-23,859348.744451749,0.0,0.0,0.0,0.0,0.0
2009-07-24,859348.744451749,0.0,0.0,0.0,0.0,0.0
2009-07-27,859348.744451749,0.0,0.0,0.0,0.0,0.0
2009-07-28,859348.744451749,0.0,0.0,0.0,0.0,0.0
2009-07-29,859348.744451749,0.0,0.0,0.0,0.0,0.0
2009-07-30,859348.744451749,0.0,0.0,0.0,0.0,0.0
2009-07-31,859348.744451749,0.0,0.0,0.0,0.0,0.0
2009-08-03,859348.744451749,0.0,0.0,0.0,0.0,0.0
2009-08-04,859348.744451749,0.0,0.0,0.0,0.0,0.0
2009-08-05,859348.744451749,0.0,0.0,0.0,0.0,0.0
2009-08-06,859348.744451749,0.0,0.0,0.0,0.0,0.0
2009-08-07,859348.744451749,0.0,0.0,0.0,0.0,0.0
2009-08-10,859348.744451749,0.0,0.0,0.0,0.0,0.0
2009-08-11,859348.744451749,0.0,0.0,0.0,0.0,0.0
2009-08-12,859348.744451749,0.0,0.0,0.0,0.0,0.0
2009-08-13,859348.744451749,0.0,0.0,0.0,0.0,0.0
2009-08-14,859348.744451749,0.0,0.0,0.0,0.0,0.0
2009-08-17,859348.744451749,0.0,0.0,0.0,0.0,0.0
2009-08-18,859348.744451749,0.0,0.0,0.0,0.0,0.0
2009-08-19,859348.744451749,0.0,0.0,0.0,0.0,0.0
2009-08-20,859348.744451749,0.0,0.0,0.0,0.0,0.0
2009-08-21,859348.744451749,0.0,0.0,0.0,0.0,0.0
2009-08-24,859348.744451749,0.0,0.0,0.0,0.0,0.0
2009-08-25,859348.744451749,0.0,0.0,0.0,0.0,0.0
2009-08-26,859348.744451749,0.0,0.0,0.0,0.0,0.0
2009-08-27,859348.744451749,0.0,0.0,0.0,0.0,0.0
2009-08-28,859348.744451749,0.0,0.0,0.0,0.0,0.0
2009-08-31,859348.744451749,0.0,0.0,0.0,0.0,0.0
2009-09-01,859348.744451749,0.0,0.0,0.0,0.0,0.0
2009-09-02,859348.744451749,0.0,0.0,0.0,0.0,0.0
2009-09-03,859348.744451749,0.0,0.0,0.0,0.0,0.0
2009-09-04,859348.744451749,0.0,0.0,0.0,0.0,0.0
2009-09-08,859348.744451749,0.0,0.0,0.0,0.0,0.0
2009-09-09,859348.744451749,0.0,0.0,0.0,0.0,0.0
2009-09-10,859348.744451749,0.0,0.0,0.0,0.0,0.0
2009-09-11,859348.744451749,0.0,0.0,0.0,0.0,0.0
2009-09-14,859348.744451749,0.0,0.0,0.0,0.0,0.0
2009-09-15,859348.744451749,0.0,0.0,0.0,0.0,0.0
2009-09-16,859348.744451749,0.0,0.0,0.0,0.0,0.0
2009-09-17,859348.744451749,0.0,0.0,0.0,0.0,0.0
2009-09-18,859348.744451749,0.0,0.0,0.0,0.0,0.0
2009-09-21,859348.744451749,0.0,0.0,0.0,0.0,0.0
2009-09-22,859348.744451749,0.0,0.0,0.0,0.0,0.0
2009-09-23,859348.744451749,0.0,0.0,0.0,0.0,0.0
2009-09-24,859348.744451749,0.0,0.0,0.0,0.0,0.0
2009-09-25,859348.744451749,0.0,0.0,0.0,0.0,0.0
2009-09-28,859348.744451749,0.0,0.0,0.0,0.0,0.0
2009-09-29,859348.744451749,0.0,0.0,0.0,0.0,0.0
2009-09-30,859348.744451749,0.0,0.0,0.0,0.0,0.0
2009-10-01,859348.744451749,0.0,0.0,0.0,0.0,0.0
2009-10-02,859348.744451749,0.0,0.0,0.0,0.0,0.0
2009-10-05,859348.744451749,0.0,0.0,0.0,0.0,0.0
2009-10-06,859348.744451749,0.0,0.0,0.0,0.0,0.0
2009-10-07,859348.744451749,0.0,0.0,0.0,0.0,0.0
2009-10-08,859348.744451749,0.0,0.0,0.0,0.0,0.0
2009-10-09,859348.744451749,0.0,0.0,0.0,0.0,0.0
2009-10-12,859348.744451749,0.0,0.0,0.0,0.0,0.0
2009-10-13,859348.744451749,0.0,0.0,0.0,0.0,0.0
2009-10-14,859348.744451749,0.0,0.0,0.0,0.0,0.0
2009-10-15,859348.744451749,0.0,0.0,0.0,0.0,0.0
2009-10-16,859348.744451749,0.0,0.0,0.0,0.0,0.0
2009-10-19,859348.744451749,0.0,0.0,0.0,0.0,0.0
2009-10-20,859348.744451749,0.0,0.0,0.0,0.0,0.0
2009-10-21,859348.744451749,0.0,0.0,0.0,0.0,0.0
2009-10-22,859348.744451749,0.0,0.0,0.0,0.0,0.0
2009-10-23,859348.744451749,0.0,0.0,0.0,0.0,0.0
2009-10-26,859348.744451749,0.0,0.0,0.0,0.0,0.0
2009-10-27,859348.744451749,0.0,0.0,0.0,0.0,0.0
2009-10-28,859348.744451749,0.0,0.0,0.0,0.0,0.0
2009-10-29,859348.744451749,0.0,0.0,0.0,0.0,0.0
2009-10-30,859348.744451749,0.0,0.0,0.0,0.0,0.0
2009-11-02,859348.744451749,0.0,0.0,0.0,0.0,0.0
2009-11-03,859348.744451749,0.0,0.0,0.0,0.0,0.0
2009-11-04,859348.744451749,0.0,0.0,0.0,0.0,0.0
2009-11-05,859348.744451749,0.0,0.0,0.0,0.0,0.0
2009-11-06,859348.744451749,0.0,0.0,0.0,0.0,0.0
2009-11-09,859348.744451749,0.0,0.0,0.0,0.0,0.0
2009-11-10,859348.744451749,0.0,0.0,0.0,0.0,0.0
2009-11-11,859348.744451749,0.0,0.0,0.0,0.0,0.0
2009-11-12,859348.744451749,0.0,0.0,0.0,0.0,0.0
2009-11-13,859348.744451749,0.0,0.0,0.0,0.0,0.0
2009-11-16,859348.744451749,0.0,0.0,0.0,0.0,0.0
2009-11-17,859348.744451749,0.0,0.0,0.0,0.0,0.0
2009-11-18,859348.744451749,0.0,0.0,0.0,0.0,0.0
2009-11-19,859348.744451749,0.0,0.0,0.0,0.0,0.0
2009-11-20,859348.744451749,0.0,0.0,0.0,0.0,0.0
2009-11-23,859348.744451749,0.0,0.0,0.0,0.0,0.0
2009-11-24,859348.744451749,0.0,0.0,0.0,0.0,0.0
2009-11-25,859348.744451749,0.0,0.0,0.0,0.0,0.0
2009-11-27,859348.744451749,0.0,0.0,0.0,0.0,0.0
2009-11-30,859348.744451749,0.0,0.0,0.0,0.0,0.0
2009-12-01,859348.744451749,0.0,0.0,0.0,0.0,0.0
2009-12-02,859348.744451749,0.0,0.0,0.0,0.0,0.0
2009-12-03,859348.744451749,0.0,0.0,0.0,0.0,0.0
2009-12-04,859348.744451749,0.0,0.0,0.0,0.0,0.0
2009-12-07,859348.744451749,0.0,0.0,0.0,0.0,0.0
2009-12-08,859348.744451749,0.0,0.0,0.0,0.0,0.0
2009-12-09,859348.744451749,0.0,0.0,0.0,0.0,0.0
2009-12-10,859348.744451749,0.0,0.0,0.0,0.0,0.0
2009-12-11,859348.744451749,0.0,0.0,0.0,0.0,0.0
2009-12-14,859348.744451749,0.0,0.0,0.0,0.0,0.0
2009-12-15,859348.744451749,0.0,0.0,0.0,0.0,0.0
2009-12-16,859348.744451749,0.0,0.0,0.0,0.0,0.0
2009-12-17,859348.744451749,0.0,0.0,0.0,0.0,0.0
2009-12-18,859348.744451749,0.0,0.0,0.0,0.0,0.0
2009-12-21,859348.744451749,0.0,0.0,0.0,0.0,0.0
2009-12-22,859348.744451749,0.0,0.0,0.0,0.0,0.0
2009-12-23,859348.744451749,0.0,0.0,0.0,0.0,0.0
2009-12-24,859348.744451749,0.0,0.0,0.0,0.0,0.0
2009-12-28,859348.744451749,0.0,0.0,0.0,0.0,0.0
2009-12-29,859348.744451749,0.0,0.0,0.0,0.0,0.0
2009-12-30,859348.744451749,0.0,0.0,0.0,0.0,0.0
2009-12-31,859348.744451749,0.0,0.0,0.0,0.0,0.0
2010-01-04,859348.744451749,0.0,0.0,0.0,0.0,0.0
2010-01-05,859348.744451749,0.0,0.0,0.0,0.0,0.0
2010-01-06,859348.744451749,0.0,0.0,0.0,0.0,0.0
2010-01-07,859348.744451749,0.0,0.0,0.0,0.0,0.0
2010-01-08,859348.744451749,0.0,0.0,0.0,0.0,0.0
2010-01-11,859348.744451749,0.0,0.0,0.0,0.0,0.0
2010-01-12,859348.744451749,0.0,0.0,0.0,0.0,0.0
2010-01-13,859348.744451749,0.0,0.0,0.0,0.0,0.0
2010-01-14,859348.744451749,0.0,0.0,0.0,0.0,0.0
2010-01-15,859348.744451749,0.0,0.0,0.0,0.0,0.0
2010-01-19,859348.744451749,0.0,0.0,0.0,0.0,0.0
2010-01-20,859348.744451749,0.0,0.0,0.0,0.0,0.0
2010-01-21,859348.744451749,0.0,0.0,0.0,0.0,0.0
2010-01-22,859348.744451749,0.0,0.0,0.0,0.0,0.0
2010-01-25,859348.744451749,0.0,0.0,0.0,0.0,0.0
2010-01-26,859348.744451749,0.0,0.0,0.0,0.0,0.0
2010-01-27,859348.744451749,0.0,0.0,0.0,0.0,0.0
2010-01-28,859348.744451749,0.0,0.0,0.0,0.0,0.0
2010-01-29,859348.744451749,0.0,0.0,0.0,0.0,0.0
2010-02-01,859348.744451749,0.0,0.0,0.0,0.0,0.0
2010-02-02,859348.744451749,0.0,0.0,0.0,0.0,0.0
2010-02-03,859348.744451749,0.0,0.0,0.0,0.0,0.0
2010-02-04,859348.744451749,0.0,0.0,0.0,0.0,0.0
2010-02-05,859348.744451749,0.0,0.0,0.0,0.0,0.0
2010-02-08,859348.744451749,0.0,0.0,0.0,0.0,0.0
2010-02-09,859348.744451749,0.0,0.0,0.0,0.0,0.0
2010-02-10,859348.744451749,0.0,0.0,0.0,0.0,0.0
2010-02-11,859348.744451749,0.0,0.0,0.0,0.0,0.0
2010-02-12,859348.744451749,0.0,0.0,0.0,0.0,0.0
2010-02-16,859348.744451749,0.0,0.0,0.0,0.0,0.0
2010-02-17,859348.744451749,0.0,0.0,0.0,0.0,0.0
2010-02-18,859348.744451749,0.0,0.0,0.0,0.0,0.0
2010-02-19,859348.744451749,0.0,0.0,0.0,0.0,0.0
2010-02-22,859348.744451749,0.0,0.0,0.0,0.0,0.0
2010-02-23,859348.744451749,0.0,0.0,0.0,0.0,0.0
2010-02-24,859348.744451749,0.0,0.0,0.0,0.0,0.0
2010-02-25,859348.744451749,0.0,0.0,0.0,0.0,0.0
2010-02-26,859348.744451749,0.0,0.0,0.0,0.0,0.0
2010-03-01,859348.744451749,0.0,0.0,0.0,0.0,0.0
2010-03-02,859348.744451749,0.0,0.0,0.0,0.0,0.0
2010-03-03,859348.744451749,0.0,0.0,0.0,0.0,0.0
2010-03-04,859348.744451749,0.0,0.0,0.0,0.0,0.0
2010-03-05,859348.744451749,0.0,0.0,0.0,0.0,0.0
2010-03-08,859348.744451749,0.0,0.0,0.0,0.0,0.0
2010-03-09,859348.744451749,0.0,0.0,0.0,0.0,0.0
2010-03-10,859348.744451749,0.0,0.0,0.0,0.0,0.0
2010-03-11,859348.744451749,0.0,0.0,0.0,0.0,0.0
2010-03-12,859348.744451749,0.0,0.0,0.0,0.0,0.0
2010-03-15,859348.744451749,0.0,0.0,0.0,0.0,0.0
2010-03-16,859348.744451749,0.0,0.0,0.0,0.0,0.0
2010-03-17,859348.744451749,0.0,0.0,0.0,0.0,0.0
2010-03-18,859348.744451749,0.0,0.0,0.0,0.0,0.0
2010-03-19,859348.744451749,0.0,0.0,0.0,0.0,0.0
2010-03-22,859348.744451749,0.0,0.0,0.0,0.0,0.0
2010-03-23,859348.744451749,0.0,0.0,0.0,0.0,0.0
2010-03-24,859348.744451749,0.0,0.0,0.0,0.0,0.0
2010-03-25,859348.744451749,0.0,0.0,0.0,0.0,0.0
2010-03-26,859348.744451749,0.0,0.0,0.0,0.0,0.0
2010-03-29,859348.744451749,0.0,0.0,0.0,0.0,0.0
2010-03-30,859348.744451749,0.0,0.0,0.0,0.0,0.0
2010-03-31,859348.744451749,0.0,0.0,0.0,0.0,0.0
2010-04-01,858919.0700795231,0.0,429.6743722258745,-0.0005,-1.0644975646454298,-0.5
2010-04-05,857360.7989073904,-1558.2711721326618,0.0,-0.0018109380659181457,-1.2333020481724917,-0.5
2010-04-06,856430.9065007664,-929.8924066240678,0.0,-0.0010834236186348864,-1.0139597517254466,-0.5
2010-04-07,844072.59616165,-12358.310339116399,0.0,-0.01422475106685633,-0.5422887786065457,-0.5
2010-04-08,852995.1419642733,9766.61839878487,844.07259616165,0.010694572543455126,0.1805092656975886,0.5
2010-04-09,849933.4221438703,-3061.719820402991,0.0,-0.00357653791130186,0.5153807238839863,0.5
2010-04-12,853006.2110887143,3072.7889448440715,0.0,0.003628447024673439,0.4414565666121457,0.5
2010-04-13,858211.2023265134,5204.991237799047,0.0,0.006139400505597689,0.21843047923606512,0.5
2010-04-14,864048.255823188,6695.264699001168,858.2112023265133,0.006854896354538956,-0.24957944504471455,-0.5
2010-04-15,857280.6823334444,-6335.549361832035,432.024127911594,-0.007775389948006933,-0.39159859219605125,-0.5
2010-04-16,856852.0419922776,0.0,428.6403411667222,-0.0005,-0.4908261353704282,-0.5
2010-04-19,875978.2036438909,19126.16165161334,0.0,0.0228310502283105,-0.5572361120030895,-0.5
2010-04-20,866217.1237326901,-9761.079911200797,0.0,-0.011020263064344116,-0.37175344135101895,-0.5
2010-04-21,861648.4680168004,-4568.655715889716,0.0,-0.005246589716684155,-0.47453765498985706,-0.5
2010-04-22,858050.7708643294,-3597.6971524709825,0.0,-0.004158004158004158,-0.4671397998943074,-0.5
2010-04-23,869005.8704233288,10955.099558999374,0.0,0.0129325410695561,-0.0660539692510434,-0.5
2010-04-26,869060.0294294176,923.164876512035,869.0058704233288,6.238922367954642e-05,1.6179646105530228,0.5
2010-04-27,863200.5047455429,-5859.524683874711,0.0,-0.0066972153683468455,2.21256050426753,0.5
2010-04-28,874568.0480832171,11799.143590046988,431.6002523727715,0.01335156819839533,0.0,0.0
2010-04-29,874130.7640591755,0.0,437.2840240416086,-0.0005,2.2556134016073415,0.5
2010-04-30,881101.9872122133,6971.223153037808,0.0,0.008039147151345684,1.6809385544709186,0.5
2010-05-03,876891.9435873085,-4210.043624904773,0.0,-0.004755434782608695,0.06348797891750714,0.5
2010-05-04,872691.2020987659,-3323.849544955339,876.8919435873086,-0.004772399588053554,-0.11523282046832047,-0.5
2010-05-05,866933.8643071421,-5757.337791623802,0.0,-0.006553984132459468,-0.3192614441234982,-0.5
2010-05-06,867825.1602608506,891.2959537085079,0.0,0.0010291595197255573,-0.4373526703905099,-0.5
2010-05-07,866931.1096149774,-894.050645873129,0.0,-0.0010291595197255575,-0.18600105280462387,-0.5
2010-05-10,869010.7935653903,2079.6839504129,0.0,0.002404671934043284,-0.742914352508203,-0.5
2010-05-11,860931.1477574476,-8079.645807942678,0.0,-0.009211873080859774,-0.4239384373102885,-0.5
2010-05-12,857741.8024169722,-2328.4141927179107,860.9311477574475,-0.0036945380984490894,0.3229506515112689,0.5
2010-05-13,851685.1185397845,-6056.6838771877665,0.0,-0.007011686143572621,0.7739306155374029,0.5
2010-05-14,840356.428354569,-11328.690185215413,0.0,-0.013126893301918545,0.7605925140002103,0.5
2010-05-17,839473.0824242734,-883.3459302956228,0.0,-0.0010500525026251315,1.2733399813870063,0.5
2010-05-18,843894.4645297383,4421.3821054649225,0.0,0.005294740557712671,0.4846908065205093,0.5
2010-05-19,842464.1249890934,-586.445076115176,843.8944645297383,-0.0016937500000000002,-0.32423045056510896,-0.5
2010-05-20,839239.662436943,-3224.4625521503226,0.0,-0.0038128249566724433,-0.9237207455686252,-0.5
2010-05-21,831125.4668056467,-8114.19563129641,0.0,-0.009575923392612859,-0.7419599672897023,-0.5
2010-05-24,828873.094266878,-2252.37253876869,0.0,-0.0027027027027027024,-1.8071209069459115,-0.5
2010-05-25,836413.3818494944,7540.287582616478,0.0,0.009180550833049984,-1.754015787630288,-0.5
2010-05-26,828089.432613518,-8323.949235976437,0.0,-0.009853890587835541,-1.9525240067538416,-0.5
2010-05-27,826139.0200871739,-1950.4125263440867,0.0,-0.0023497818059751594,-2.7252629590655624,-0.5
2010-05-28,841909.2559026357,15770.235815461792,0.0,0.019460566746329806,-3.0,-0.5
2010-06-01,847772.1337292558,5862.877826620026,0.0,0.0070126227208976155,-3.0,-0.5
2010-06-02,854357.9342031413,6585.8004738854615,0.0,0.007829181494661922,-2.8079817251074393,-0.5
2010-06-03,853132.169591659,-1225.7646114822687,0.0,-0.0014326647564469916,-2.433300746815625,-0.5
2010-06-04,864726.955873663,11594.786282003948,0.0,0.013778100072516316,-1.993656697174733,-0.5
2010-06-07,870131.4993478734,5404.5434742103935,0.0,0.006289308176100629,-1.5562794852997188,-0.5
2010-06-08,868187.7953284812,-1943.704019392122,0.0,-0.002228826151560178,-1.751736723286422,-0.5
2010-06-09,866900.6377371863,-1287.1575912950054,0.0,-0.0014803849000740192,-1.7034625903919411,-0.5
2010-06-10,860493.3898603409,-6407.247876845427,0.0,-0.007336757153338224,-1.5072014263956823,-0.5
2010-06-11,852659.3276802576,-7834.06218008322,0.0,-0.009022013713460845,-1.4561061086997595,-0.5
2010-06-14,847475.0613817725,-5184.266298485114,0.0,-0.006043370067543547,-1.2347886911460915,-0.5
2010-06-15,847475.0613817725,0.0,0.0,0.0,-1.3648235482812021,-0.5
2010-06-16,844480.4498574553,-2994.611524317217,0.0,-0.0035211267605633804,-1.3406136065333065,-0.5
2010-06-17,842998.9052085826,-1481.5446488727287,0.0,-0.0017513134851138354,-1.3669972309184875,-0.5
2010-06-18,839167.092003089,-3831.8132054935572,0.0,-0.004524886877828054,-1.3380472292191923,-0.5
2010-06-21,845854.8408305565,6687.748827467445,0.0,0.008033531260915123,-1.7071250701285914,-0.5
2010-06-22,850024.5477923972,4169.706961840771,0.0,0.004953998584571833,-1.7820768567504517,-0.5
2010-06-23,856070.2415889292,6045.693796531986,0.0,0.0071633237822349575,-1.560039767404168,-0.5
2010-06-24,858232.0351282952,2161.793539365983,0.0,0.0025316455696202536,-1.6052467032476088,-0.5
2010-06-25,863522.080304938,5290.045176642864,0.0,0.006202116016052536,-1.8259165360438276,-0.5
2010-06-28,872081.2198674319,8559.13956249388,0.0,0.010011123470522803,-2.6210241535945937,-0.5
2010-06-29,883512.996157829,11431.776290397049,0.0,0.013282732447817839,-2.704878015143666,-0.5
2010-06-30,843313.1548326478,-39758.0848271023,441.7564980789145,-0.04354066985645933,0.0,0.0
2010-07-01,843313.1548326478,0.0,0.0,0.0,0.0,0.0
2010-07-02,843313.1548326478,0.0,0.0,0.0,0.0,0.0
2010-07-06,843313.1548326478,0.0,0.0,0.0,0.0,0.0
2010-07-07,843313.1548326478,0.0,0.0,0.0,0.0,0.0
2010-07-08,843313.1548326478,0.0,0.0,0.0,0.0,0.0
2010-07-09,843313.1548326478,0.0,0.0,0.0,0.0,0.0
2010-07-12,843313.1548326478,0.0,0.0,0.0,0.0,0.0
2010-07-13,843313.1548326478,0.0,0.0,0.0,0.0,0.0
2010-07-14,843313.1548326478,0.0,0.0,0.0,0.0,0.0
2010-07-15,843313.1548326478,0.0,0.0,0.0,0.0,0.0
2010-07-16,843313.1548326478,0.0,0.0,0.0,0.0,0.0
2010-07-19,843313.1548326478,0.0,0.0,0.0,0.0,0.0
2010-07-20,843313.1548326478,0.0,0.0,0.0,0.0,0.0
2010-07-21,843313.1548326478,0.0,0.0,0.0,0.0,0.0
2010-07-22,843313.1548326478,0.0,0.0,0.0,0.0,0.0
2010-07-23,843313.1548326478,0.0,0.0,0.0,0.0,0.0
2010-07-26,843313.1548326478,0.0,0.0,0.0,0.0,0.0
2010-07-27,843313.1548326478,0.0,0.0,0.0,0.0,0.0
2010-07-28,843313.1548326478,0.0,0.0,0.0,0.0,0.0
2010-07-29,843313.1548326478,0.0,0.0,0.0,0.0,0.0
2010-07-30,843313.1548326478,0.0,0.0,0.0,0.0,0.0
2010-08-02,843313.1548326478,0.0,0.0,0.0,0.0,0.0
2010-08-03,843313.1548326478,0.0,0.0,0.0,0.0,0.0
2010-08-04,843313.1548326478,0.0,0.0,0.0,0.0,0.0
2010-08-05,843313.1548326478,0.0,0.0,0.0,0.0,0.0
2010-08-06,843313.1548326478,0.0,0.0,0.0,0.0,0.0
2010-08-09,843313.1548326478,0.0,0.0,0.0,0.0,0.0
2010-08-10,843313.1548326478,0.0,0.0,0.0,0.0,0.0
2010-08-11,843313.1548326478,0.0,0.0,0.0,0.0,0.0
2010-08-12,843313.1548326478,0.0,0.0,0.0,0.0,0.0
2010-08-13,843313.1548326478,0.0,0.0,0.0,0.0,0.0
2010-08-16,843313.1548326478,0.0,0.0,0.0,0.0,0.0
2010-08-17,843313.1548326478,0.0,0.0,0.0,0.0,0.0
2010-08-18,843313.1548326478,0.0,0.0,0.0,0.0,0.0
2010-08-19,843313.1548326478,0.0,0.0,0.0,0.0,0.0
2010-08-20,843313.1548326478,0.0,0.0,0.0,0.0,0.0
2010-08-23,843313.1548326478,0.0,0.0,0.0,0.0,0.0
2010-08-24,843313.1548326478,0.0,0.0,0.0,0.0,0.0
2010-08-25,843313.1548326478,0.0,0.0,0.0,0.0,0.0
2010-08-26,843313.1548326478,0.0,0.0,0.0,0.0,0.0
2010-08-27,843313.1548326478,0.0,0.0,0.0,0.0,0.0
2010-08-30,843313.1548326478,0.0,0.0,0.0,0.0,0.0
2010-08-31,843313.1548326478,0.0,0.0,0.0,0.0,0.0
2010-09-01,843313.1548326478,0.0,0.0,0.0,0.0,0.0
2010-09-02,843313.1548326478,0.0,0.0,0.0,0.0,0.0
2010-09-03,843313.1548326478,0.0,0.0,0.0,0.0,0.0
2010-09-07,843313.1548326478,0.0,0.0,0.0,0.0,0.0
2010-09-08,843313.1548326478,0.0,0.0,0.0,0.0,0.0
2010-09-09,843313.1548326478,0.0,0.0,0.0,0.0,0.0
2010-09-10,843313.1548326478,0.0,0.0,0.0,0.0,0.0
2010-09-13,843313.1548326478,0.0,0.0,0.0,0.0,0.0
2010-09-14,843313.1548326478,0.0,0.0,0.0,0.0,0.0
2010-09-15,843313.1548326478,0.0,0.0,0.0,0.0,0.0
2010-09-16,843313.1548326478,0.0,0.0,0.0,0.0,0.0
2010-09-17,843313.1548326478,0.0,0.0,0.0,0.0,0.0
2010-09-20,843313.1548326478,0.0,0.0,0.0,0.0,0.0
2010-09-21,843313.1548326478,0.0,0.0,0.0,0.0,0.0
2010-09-22,843313.1548326478,0.0,0.0,0.0,0.0,0.0
2010-09-23,843313.1548326478,0.0,0.0,0.0,0.0,0.0
2010-09-24,843313.1548326478,0.0,0.0,0.0,0.0,0.0
2010-09-27,843313.1548326478,0.0,0.0,0.0,0.0,0.0
2010-09-28,843313.1548326478,0.0,0.0,0.0,0.0,0.0
2010-09-29,843313.1548326478,0.0,0.0,0.0,0.0,0.0
2010-09-30,843313.1548326478,0.0,0.0,0.0,0.0,0.0
2010-10-01,843313.1548326478,0.0,0.0,0.0,0.0,0.0
2010-10-04,843313.1548326478,0.0,0.0,0.0,0.0,0.0
2010-10-05,843313.1548326478,0.0,0.0,0.0,0.0,0.0
2010-10-06,843313.1548326478,0.0,0.0,0.0,0.0,0.0
2010-10-07,843313.1548326478,0.0,0.0,0.0,0.0,0.0
2010-10-08,843313.1548326478,0.0,0.0,0.0,0.0,0.0
2010-10-11,843313.1548326478,0.0,0.0,0.0,0.0,0.0
2010-10-12,843313.1548326478,0.0,0.0,0.0,0.0,0.0
2010-10-13,843313.1548326478,0.0,0.0,0.0,0.0,0.0
2010-10-14,843313.1548326478,0.0,0.0,0.0,0.0,0.0
2010-10-15,843313.1548326478,0.0,0.0,0.0,0.0,0.0
2010-10-18,843313.1548326478,0.0,0.0,0.0,0.0,0.0
2010-10-19,843313.1548326478,0.0,0.0,0.0,0.0,0.0
2010-10-20,843313.1548326478,0.0,0.0,0.0,0.0,0.0
2010-10-21,843313.1548326478,0.0,0.0,0.0,0.0,0.0
2010-10-22,843313.1548326478,0.0,0.0,0.0,0.0,0.0
2010-10-25,843313.1548326478,0.0,0.0,0.0,0.0,0.0
2010-10-26,843313.1548326478,0.0,0.0,0.0,0.0,0.0
2010-10-27,843313.1548326478,0.0,0.0,0.0,0.0,0.0
2010-10-28,843313.1548326478,0.0,0.0,0.0,0.0,0.0
2010-10-29,843313.1548326478,0.0,0.0,0.0,0.0,0.0
2010-11-01,843313.1548326478,0.0,0.0,0.0,0.0,0.0
2010-11-02,843313.1548326478,0.0,0.0,0.0,0.0,0.0
2010-11-03,843313.1548326478,0.0,0.0,0.0,0.0,0.0
2010-11-04,843313.1548326478,0.0,0.0,0.0,0.0,0.0
2010-11-05,843313.1548326478,0.0,0.0,0.0,0.0,0.0
2010-11-08,843313.1548326478,0.0,0.0,0.0,0.0,0.0
2010-11-09,843313.1548326478,0.0,0.0,0.0,0.0,0.0
2010-11-10,843313.1548326478,0.0,0.0,0.0,0.0,0.0
2010-11-11,843313.1548326478,0.0,0.0,0.0,0.0,0.0
2010-11-12,843313.1548326478,0.0,0.0,0.0,0.0,0.0
2010-11-15,843313.1548326478,0.0,0.0,0.0,0.0,0.0
2010-11-16,843313.1548326478,0.0,0.0,0.0,0.0,0.0
2010-11-17,843313.1548326478,0.0,0.0,0.0,0.0,0.0
2010-11-18,843313.1548326478,0.0,0.0,0.0,0.0,0.0
2010-11-19,843313.1548326478,0.0,0.0,0.0,0.0,0.0
2010-11-22,843313.1548326478,0.0,0.0,0.0,0.0,0.0
2010-11-23,843313.1548326478,0.0,0.0,0.0,0.0,0.0
2010-11-24,843313.1548326478,0.0,0.0,0.0,0.0,0.0
2010-11-26,843313.1548326478,0.0,0.0,0.0,0.0,0.0
2010-11-29,843313.1548326478,0.0,0.0,0.0,0.0,0.0
2010-11-30,843313.1548326478,0.0,0.0,0.0,0.0,0.0
2010-12-01,843313.1548326478,0.0,0.0,0.0,0.0,0.0
2010-12-02,843313.1548326478,0.0,0.0,0.0,0.0,0.0
2010-12-03,843313.1548326478,0.0,0.0,0.0,0.0,0.0
2010-12-06,843313.1548326478,0.0,0.0,0.0,0.0,0.0
2010-12-07,843313.1548326478,0.0,0.0,0.0,0.0,0.0
2010-12-08,843313.1548326478,0.0,0.0,0.0,0.0,0.0
2010-12-09,843313.1548326478,0.0,0.0,0.0,0.0,0.0
2010-12-10,843313.1548326478,0.0,0.0,0.0,0.0,0.0
2010-12-13,843313.1548326478,0.0,0.0,0.0,0.0,0.0
2010-12-14,843313.1548326478,0.0,0.0,0.0,0.0,0.0
2010-12-15,843313.1548326478,0.0,0.0,0.0,0.0,0.0
2010-12-16,843313.1548326478,0.0,0.0,0.0,0.0,0.0
2010-12-17,843313.1548326478,0.0,0.0,0.0,0.0,0.0
2010-12-20,843313.1548326478,0.0,0.0,0.0,0.0,0.0
2010-12-21,843313.1548326478,0.0,0.0,0.0,0.0,0.0
2010-12-22,843313.1548326478,0.0,0.0,0.0,0.0,0.0
2010-12-23,843313.1548326478,0.0,0.0,0.0,0.0,0.0
2010-12-27,843313.1548326478,0.0,0.0,0.0,0.0,0.0
2010-12-28,843313.1548326478,0.0,0.0,0.0,0.0,0.0
2010-12-29,843313.1548326478,0.0,0.0,0.0,0.0,0.0
2010-12-30,843313.1548326478,0.0,0.0,0.0,0.0,0.0
2010-12-31,843313.1548326478,0.0,0.0,0.0,0.0,0.0
2011-01-03,843313.1548326478,0.0,0.0,0.0,0.0,0.0
2011-01-04,843313.1548326478,0.0,0.0,0.0,0.0,0.0
2011-01-05,843313.1548326478,0.0,0.0,0.0,0.0,0.0
2011-01-06,843313.1548326478,0.0,0.0,0.0,0.0,0.0
2011-01-07,843313.1548326478,0.0,0.0,0.0,0.0,0.0
2011-01-10,843313.1548326478,0.0,0.0,0.0,0.0,0.0
2011-01-11,843313.1548326478,0.0,0.0,0.0,0.0,0.0
2011-01-12,843313.1548326478,0.0,0.0,0.0,0.0,0.0
2011-01-13,843313.1548326478,0.0,0.0,0.0,0.0,0.0
2011-01-14,843313.1548326478,0.0,0.0,0.0,0.0,0.0
2011-01-18,843313.1548326478,0.0,0.0,0.0,0.0,0.0
2011-01-19,843313.1548326478,0.0,0.0,0.0,0.0,0.0
2011-01-20,843313.1548326478,0.0,0.0,0.0,0.0,0.0
2011-01-21,843313.1548326478,0.0,0.0,0.0,0.0,0.0
2011-01-24,843313.1548326478,0.0,0.0,0.0,0.0,0.0
2011-01-25,843313.1548326478,0.0,0.0,0.0,0.0,0.0
2011-01-26,843313.1548326478,0.0,0.0,0.0,0.0,0.0
2011-01-27,843313.1548326478,0.0,0.0,0.0,0.0,0.0
2011-01-28,843313.1548326478,0.0,0.0,0.0,0.0,0.0
2011-01-31,843313.1548326478,0.0,0.0,0.0,0.0,0.0
2011-02-01,843313.1548326478,0.0,0.0,0.0,0.0,0.0
2011-02-02,843313.1548326478,0.0,0.0,0.0,0.0,0.0
2011-02-03,843313.1548326478,0.0,0.0,0.0,0.0,0.0
2011-02-04,843313.1548326478,0.0,0.0,0.0,0.0,0.0
2011-02-07,843313.1548326478,0.0,0.0,0.0,0.0,0.0
2011-02-08,843313.1548326478,0.0,0.0,0.0,0.0,0.0
2011-02-09,843313.1548326478,0.0,0.0,0.0,0.0,0.0
2011-02-10,843313.1548326478,0.0,0.0,0.0,0.0,0.0
2011-02-11,843313.1548326478,0.0,0.0,0.0,0.0,0.0
2011-02-14,843313.1548326478,0.0,0.0,0.0,0.0,0.0
2011-02-15,843313.1548326478,0.0,0.0,0.0,0.0,0.0
2011-02-16,843313.1548326478,0.0,0.0,0.0,0.0,0.0
2011-02-17,843313.1548326478,0.0,0.0,0.0,0.0,0.0
2011-02-18,843313.1548326478,0.0,0.0,0.0,0.0,0.0
2011-02-22,843313.1548326478,0.0,0.0,0.0,0.0,0.0
2011-02-23,843313.1548326478,0.0,0.0,0.0,0.0,0.0
2011-02-24,843313.1548326478,0.0,0.0,0.0,0.0,0.0
2011-02-25,843313.1548326478,0.0,0.0,0.0,0.0,0.0
2011-02-28,843313.1548326478,0.0,0.0,0.0,0.0,0.0
2011-03-01,843313.1548326478,0.0,0.0,0.0,0.0,0.0
2011-03-02,843313.1548326478,0.0,0.0,0.0,0.0,0.0
2011-03-03,843313.1548326478,0.0,0.0,0.0,0.0,0.0
2011-03-04,843313.1548326478,0.0,0.0,0.0,0.0,0.0
2011-03-07,843313.1548326478,0.0,0.0,0.0,0.0,0.0
2011-03-08,843313.1548326478,0.0,0.0,0.0,0.0,0.0
2011-03-09,843313.1548326478,0.0,0.0,0.0,0.0,0.0
2011-03-10,843313.1548326478,0.0,0.0,0.0,0.0,0.0
2011-03-11,843313.1548326478,0.0,0.0,0.0,0.0,0.0
2011-03-14,843313.1548326478,0.0,0.0,0.0,0.0,0.0
2011-03-15,843313.1548326478,0.0,0.0,0.0,0.0,0.0
2011-03-16,843313.1548326478,0.0,0.0,0.0,0.0,0.0
2011-03-17,843313.1548326478,0.0,0.0,0.0,0.0,0.0
2011-03-18,843313.1548326478,0.0,0.0,0.0,0.0,0.0
2011-03-21,843313.1548326478,0.0,0.0,0.0,0.0,0.0
2011-03-22,843313.1548326478,0.0,0.0,0.0,0.0,0.0
2011-03-23,843313.1548326478,0.0,0.0,0.0,0.0,0.0
2011-03-24,843313.1548326478,0.0,0.0,0.0,0.0,0.0
2011-03-25,843313.1548326478,0.0,0.0,0.0,0.0,0.0
2011-03-28,843313.1548326478,0.0,0.0,0.0,0.0,0.0
2011-03-29,843313.1548326478,0.0,0.0,0.0,0.0,0.0
2011-03-30,843313.1548326478,0.0,0.0,0.0,0.0,0.0
2011-03-31,843313.1548326478,0.0,0.0,0.0,0.0,0.0
2011-04-01,843313.1548326478,0.0,0.0,0.0,0.0,0.0
2011-04-04,843313.1548326478,0.0,0.0,0.0,0.0,0.0
2011-04-05,843313.1548326478,0.0,0.0,0.0,0.0,0.0
2011-04-06,843313.1548326478,0.0,0.0,0.0,0.0,0.0
2011-04-07,843313.1548326478,0.0,0.0,0.0,0.0,0.0
2011-04-08,843313.1548326478,0.0,0.0,0.0,0.0,0.0
2011-04-11,843313.1548326478,0.0,0.0,0.0,0.0,0.0
2011-04-12,843313.1548326478,0.0,0.0,0.0,0.0,0.0
2011-04-13,843313.1548326478,0.0,0.0,0.0,0.0,0.0
2011-04-14,843313.1548326478,0.0,0.0,0.0,0.0,0.0
2011-04-15,843313.1548326478,0.0,0.0,0.0,0.0,0.0
2011-04-18,843313.1548326478,0.0,0.0,0.0,0.0,0.0
2011-04-19,843313.1548326478,0.0,0.0,0.0,0.0,0.0
2011-04-20,843313.1548326478,0.0,0.0,0.0,0.0,0.0
2011-04-21,843313.1548326478,0.0,0.0,0.0,0.0,0.0
2011-04-25,843313.1548326478,0.0,0.0,0.0,0.0,0.0
2011-04-26,843313.1548326478,0.0,0.0,0.0,0.0,0.0
2011-04-27,843313.1548326478,0.0,0.0,0.0,0.0,0.0
2011-04-28,843313.1548326478,0.0,0.0,0.0,0.0,0.0
2011-04-29,843313.1548326478,0.0,0.0,0.0,0.0,0.0
2011-05-02,843313.1548326478,0.0,0.0,0.0,0.0,0.0
2011-05-03,843313.1548326478,0.0,0.0,0.0,0.0,0.0
2011-05-04,843313.1548326478,0.0,0.0,0.0,0.0,0.0
2011-05-05,843313.1548326478,0.0,0.0,0.0,0.0,0.0
2011-05-06,843313.1548326478,0.0,0.0,0.0,0.0,0.0
2011-05-09,843313.1548326478,0.0,0.0,0.0,0.0,0.0
2011-05-10,843313.1548326478,0.0,0.0,0.0,0.0,0.0
2011-05-11,843313.1548326478,0.0,0.0,0.0,0.0,0.0
2011-05-12,843313.1548326478,0.0,0.0,0.0,0.0,0.0
2011-05-13,843313.1548326478,0.0,0.0,0.0,0.0,0.0
2011-05-16,843313.1548326478,0.0,0.0,0.0,0.0,0.0
2011-05-17,843313.1548326478,0.0,0.0,0.0,0.0,0.0
2011-05-18,843313.1548326478,0.0,0.0,0.0,0.0,0.0
2011-05-19,843313.1548326478,0.0,0.0,0.0,0.0,0.0
2011-05-20,843313.1548326478,0.0,0.0,0.0,0.0,0.0
2011-05-23,843313.1548326478,0.0,0.0,0.0,0.0,0.0
2011-05-24,843313.1548326478,0.0,0.0,0.0,0.0,0.0
2011-05-25,843313.1548326478,0.0,0.0,0.0,0.0,0.0
2011-05-26,843313.1548326478,0.0,0.0,0.0,0.0,0.0
2011-05-27,843313.1548326478,0.0,0.0,0.0,0.0,0.0
2011-05-31,843313.1548326478,0.0,0.0,0.0,0.0,0.0
2011-06-01,843313.1548326478,0.0,0.0,0.0,0.0,0.0
2011-06-02,843313.1548326478,0.0,0.0,0.0,0.0,0.0
2011-06-03,843313.1548326478,0.0,0.0,0.0,0.0,0.0
2011-06-06,843313.1548326478,0.0,0.0,0.0,0.0,0.0
2011-06-07,843313.1548326478,0.0,0.0,0.0,0.0,0.0
2011-06-08,843313.1548326478,0.0,0.0,0.0,0.0,0.0
2011-06-09,843313.1548326478,0.0,0.0,0.0,0.0,0.0
2011-06-10,843313.1548326478,0.0,0.0,0.0,0.0,0.0
2011-06-13,843313.1548326478,0.0,0.0,0.0,0.0,0.0
2011-06-14,843313.1548326478,0.0,0.0,0.0,0.0,0.0
2011-06-15,843313.1548326478,0.0,0.0,0.0,0.0,0.0
2011-06-16,843313.1548326478,0.0,0.0,0.0,0.0,0.0
2011-06-17,843313.1548326478,0.0,0.0,0.0,0.0,0.0
2011-06-20,843313.1548326478,0.0,0.0,0.0,0.0,0.0
2011-06-21,843313.1548326478,0.0,0.0,0.0,0.0,0.0
2011-06-22,843313.1548326478,0.0,0.0,0.0,0.0,0.0
2011-06-23,843313.1548326478,0.0,0.0,0.0,0.0,0.0
2011-06-24,843313.1548326478,0.0,0.0,0.0,0.0,0.0
2011-06-27,843313.1548326478,0.0,0.0,0.0,0.0,0.0
2011-06-28,843313.1548326478,0.0,0.0,0.0,0.0,0.0
2011-06-29,843313.1548326478,0.0,0.0,0.0,0.0,0.0
2011-06-30,843313.1548326478,0.0,0.0,0.0,0.0,0.0
2011-07-01,843313.1548326478,0.0,0.0,0.0,0.0,0.0
2011-07-05,843313.1548326478,0.0,0.0,0.0,0.0,0.0
2011-07-06,843313.1548326478,0.0,0.0,0.0,0.0,0.0
2011-07-07,843313.1548326478,0.0,0.0,0.0,0.0,0.0
2011-07-08,843313.1548326478,0.0,0.0,0.0,0.0,0.0
2011-07-11,843313.1548326478,0.0,0.0,0.0,0.0,0.0
2011-07-12,843313.1548326478,0.0,0.0,0.0,0.0,0.0
2011-07-13,843313.1548326478,0.0,0.0,0.0,0.0,0.0
2011-07-14,843313.1548326478,0.0,0.0,0.0,0.0,0.0
2011-07-15,843313.1548326478,0.0,0.0,0.0,0.0,0.0
2011-07-18,843313.1548326478,0.0,0.0,0.0,0.0,0.0
2011-07-19,843313.1548326478,0.0,0.0,0.0,0.0,0.0
2011-07-20,843313.1548326478,0.0,0.0,0.0,0.0,0.0
2011-07-21,843313.1548326478,0.0,0.0,0.0,0.0,0.0
2011-07-22,843313.1548326478,0.0,0.0,0.0,0.0,0.0
2011-07-25,843313.1548326478,0.0,0.0,0.0,0.0,0.0
2011-07-26,843313.1548326478,0.0,0.0,0.0,0.0,0.0
2011-07-27,843313.1548326478,0.0,0.0,0.0,0.0,0.0
2011-07-28,843313.1548326478,0.0,0.0,0.0,0.0,0.0
2011-07-29,843313.1548326478,0.0,0.0,0.0,0.0,0.0
2011-08-01,843313.1548326478,0.0,0.0,0.0,0.0,0.0
2011-08-02,843313.1548326478,0.0,0.0,0.0,0.0,0.0
2011-08-03,843313.1548326478,0.0,0.0,0.0,0.0,0.0
2011-08-04,843313.1548326478,0.0,0.0,0.0,0.0,0.0
2011-08-05,843313.1548326478,0.0,0.0,0.0,0.0,0.0
2011-08-08,843313.1548326478,0.0,0.0,0.0,0.0,0.0
2011-08-09,843313.1548326478,0.0,0.0,0.0,0.0,0.0
2011-08-10,843313.1548326478,0.0,0.0,0.0,0.0,0.0
2011-08-11,843313.1548326478,0.0,0.0,0.0,0.0,0.0
2011-08-12,843313.1548326478,0.0,0.0,0.0,0.0,0.0
2011-08-15,843313.1548326478,0.0,0.0,0.0,0.0,0.0
2011-08-16,843313.1548326478,0.0,0.0,0.0,0.0,0.0
2011-08-17,843313.1548326478,0.0,0.0,0.0,0.0,0.0
2011-08-18,843313.1548326478,0.0,0.0,0.0,0.0,0.0
2011-08-19,843313.1548326478,0.0,0.0,0.0,0.0,0.0
2011-08-22,843313.1548326478,0.0,0.0,0.0,0.0,0.0
2011-08-23,843313.1548326478,0.0,0.0,0.0,0.0,0.0
2011-08-24,843313.1548326478,0.0,0.0,0.0,0.0,0.0
2011-08-25,843313.1548326478,0.0,0.0,0.0,0.0,0.0
2011-08-26,843313.1548326478,0.0,0.0,0.0,0.0,0.0
2011-08-29,843313.1548326478,0.0,0.0,0.0,0.0,0.0
2011-08-30,843313.1548326478,0.0,0.0,0.0,0.0,0.0
2011-08-31,843313.1548326478,0.0,0.0,0.0,0.0,0.0
2011-09-01,843313.1548326478,0.0,0.0,0.0,0.0,0.0
2011-09-02,843313.1548326478,0.0,0.0,0.0,0.0,0.0
2011-09-06,843313.1548326478,0.0,0.0,0.0,0.0,0.0
2011-09-07,843313.1548326478,0.0,0.0,0.0,0.0,0.0
2011-09-08,843313.1548326478,0.0,0.0,0.0,0.0,0.0
2011-09-09,843313.1548326478,0.0,0.0,0.0,0.0,0.0
2011-09-12,843313.1548326478,0.0,0.0,0.0,0.0,0.0
2011-09-13,843313.1548326478,0.0,0.0,0.0,0.0,0.0
2011-09-14,843313.1548326478,0.0,0.0,0.0,0.0,0.0
2011-09-15,843313.1548326478,0.0,0.0,0.0,0.0,0.0
2011-09-16,843313.1548326478,0.0,0.0,0.0,0.0,0.0
2011-09-19,843313.1548326478,0.0,0.0,0.0,0.0,0.0
2011-09-20,843313.1548326478,0.0,0.0,0.0,0.0,0.0
2011-09-21,843313.1548326478,0.0,0.0,0.0,0.0,0.0
2011-09-22,843313.1548326478,0.0,0.0,0.0,0.0,0.0
2011-09-23,843313.1548326478,0.0,0.0,0.0,0.0,0.0
2011-09-26,843313.1548326478,0.0,0.0,0.0,0.0,0.0
2011-09-27,843313.1548326478,0.0,0.0,0.0,0.0,0.0
2011-09-28,843313.1548326478,0.0,0.0,0.0,0.0,0.0
2011-09-29,843313.1548326478,0.0,0.0,0.0,0.0,0.0
2011-09-30,843313.1548326478,0.0,0.0,0.0,0.0,0.0
2011-10-03,843313.1548326478,0.0,0.0,0.0,0.0,0.0
2011-10-04,843313.1548326478,0.0,0.0,0.0,0.0,0.0
2011-10-05,843313.1548326478,0.0,0.0,0.0,0.0,0.0
2011-10-06,843313.1548326478,0.0,0.0,0.0,0.0,0.0
2011-10-07,843313.1548326478,0.0,0.0,0.0,0.0,0.0
2011-10-10,843313.1548326478,0.0,0.0,0.0,0.0,0.0
2011-10-11,843313.1548326478,0.0,0.0,0.0,0.0,0.0
2011-10-12,843313.1548326478,0.0,0.0,0.0,0.0,0.0
2011-10-13,843313.1548326478,0.0,0.0,0.0,0.0,0.0
2011-10-14,843313.1548326478,0.0,0.0,0.0,0.0,0.0
2011-10-17,843313.1548326478,0.0,0.0,0.0,0.0,0.0
2011-10-18,843313.1548326478,0.0,0.0,0.0,0.0,0.0
2011-10-19,843313.1548326478,0.0,0.0,0.0,0.0,0.0
2011-10-20,843313.1548326478,0.0,0.0,0.0,0.0,0.0
2011-10-21,843313.1548326478,0.0,0.0,0.0,0.0,0.0
2011-10-24,843313.1548326478,0.0,0.0,0.0,0.0,0.0
2011-10-25,843313.1548326478,0.0,0.0,0.0,0.0,0.0
2011-10-26,843313.1548326478,0.0,0.0,0.0,0.0,0.0
2011-10-27,843313.1548326478,0.0,0.0,0.0,0.0,0.0
2011-10-28,843313.1548326478,0.0,0.0,0.0,0.0,0.0
2011-10-31,843313.1548326478,0.0,0.0,0.0,0.0,0.0
2011-11-01,843313.1548326478,0.0,0.0,0.0,0.0,0.0
2011-11-02,843313.1548326478,0.0,0.0,0.0,0.0,0.0
2011-11-03,843313.1548326478,0.0,0.0,0.0,0.0,0.0
2011-11-04,843313.1548326478,0.0,0.0,0.0,0.0,0.0
2011-11-07,843313.1548326478,0.0,0.0,0.0,0.0,0.0
2011-11-08,843313.1548326478,0.0,0.0,0.0,0.0,0.0
2011-11-09,843313.1548326478,0.0,0.0,0.0,0.0,0.0
2011-11-10,843313.1548326478,0.0,0.0,0.0,0.0,0.0
2011-11-11,843313.1548326478,0.0,0.0,0.0,0.0,0.0
2011-11-14,843313.1548326478,0.0,0.0,0.0,0.0,0.0
2011-11-15,843313.1548326478,0.0,0.0,0.0,0.0,0.0
2011-11-16,843313.1548326478,0.0,0.0,0.0,0.0,0.0
2011-11-17,843313.1548326478,0.0,0.0,0.0,0.0,0.0
2011-11-18,843313.1548326478,0.0,0.0,0.0,0.0,0.0
2011-11-21,843313.1548326478,0.0,0.0,0.0,0.0,0.0
2011-11-22,843313.1548326478,0.0,0.0,0.0,0.0,0.0
2011-11-23,843313.1548326478,0.0,0.0,0.0,0.0,0.0
2011-11-25,843313.1548326478,0.0,0.0,0.0,0.0,0.0
2011-11-28,843313.1548326478,0.0,0.0,0.0,0.0,0.0
2011-11-29,843313.1548326478,0.0,0.0,0.0,0.0,0.0
2011-11-30,843313.1548326478,0.0,0.0,0.0,0.0,0.0
2011-12-01,843313.1548326478,0.0,0.0,0.0,0.0,0.0
2011-12-02,843313.1548326478,0.0,0.0,0.0,0.0,0.0
2011-12-05,843313.1548326478,0.0,0.0,0.0,0.0,0.0
2011-12-06,843313.1548326478,0.0,0.0,0.0,0.0,0.0
2011-12-07,843313.1548326478,0.0,0.0,0.0,0.0,0.0
2011-12-08,843313.1548326478,0.0,0.0,0.0,0.0,0.0
2011-12-09,843313.1548326478,0.0,0.0,0.0,0.0,0.0
2011-12-12,843313.1548326478,0.0,0.0,0.0,0.0,0.0
2011-12-13,843313.1548326478,0.0,0.0,0.0,0.0,0.0
2011-12-14,843313.1548326478,0.0,0.0,0.0,0.0,0.0
2011-12-15,843313.1548326478,0.0,0.0,0.0,0.0,0.0
2011-12-16,843313.1548326478,0.0,0.0,0.0,0.0,0.0
2011-12-19,843313.1548326478,0.0,0.0,0.0,0.0,0.0
2011-12-20,843313.1548326478,0.0,0.0,0.0,0.0,0.0
2011-12-21,843313.1548326478,0.0,0.0,0.0,0.0,0.0
2011-12-22,843313.1548326478,0.0,0.0,0.0,0.0,0.0
2011-12-23,843313.1548326478,0.0,0.0,0.0,0.0,0.0
2011-12-27,843313.1548326478,0.0,0.0,0.0,0.0,0.0
2011-12-28,843313.1548326478,0.0,0.0,0.0,0.0,0.0
2011-12-29,843313.1548326478,0.0,0.0,0.0,0.0,0.0
2011-12-30,843313.1548326478,0.0,0.0,0.0,0.0,0.0
2012-01-03,843313.1548326478,0.0,0.0,0.0,0.0,0.0
2012-01-04,843313.1548326478,0.0,0.0,0.0,0.0,0.0
2012-01-05,843313.1548326478,0.0,0.0,0.0,0.0,0.0
2012-01-06,843313.1548326478,0.0,0.0,0.0,0.0,0.0
2012-01-09,843313.1548326478,0.0,0.0,0.0,0.0,0.0
2012-01-10,843313.1548326478,0.0,0.0,0.0,0.0,0.0
2012-01-11,843313.1548326478,0.0,0.0,0.0,0.0,0.0
2012-01-12,843313.1548326478,0.0,0.0,0.0,0.0,0.0
2012-01-13,843313.1548326478,0.0,0.0,0.0,0.0,0.0
2012-01-17,843313.1548326478,0.0,0.0,0.0,0.0,0.0
2012-01-18,843313.1548326478,0.0,0.0,0.0,0.0,0.0
2012-01-19,843313.1548326478,0.0,0.0,0.0,0.0,0.0
2012-01-20,843313.1548326478,0.0,0.0,0.0,0.0,0.0
2012-01-23,843313.1548326478,0.0,0.0,0.0,0.0,0.0
2012-01-24,843313.1548326478,0.0,0.0,0.0,0.0,0.0
2012-01-25,843313.1548326478,0.0,0.0,0.0,0.0,0.0
2012-01-26,843313.1548326478,0.0,0.0,0.0,0.0,0.0
2012-01-27,843313.1548326478,0.0,0.0,0.0,0.0,0.0
2012-01-30,843313.1548326478,0.0,0.0,0.0,0.0,0.0
2012-01-31,843313.1548326478,0.0,0.0,0.0,0.0,0.0
2012-02-01,843313.1548326478,0.0,0.0,0.0,0.0,0.0
2012-02-02,843313.1548326478,0.0,0.0,0.0,0.0,0.0
2012-02-03,843313.1548326478,0.0,0.0,0.0,0.0,0.0
2012-02-06,843313.1548326478,0.0,0.0,0.0,0.0,0.0
2012-02-07,843313.1548326478,0.0,0.0,0.0,0.0,0.0
2012-02-08,843313.1548326478,0.0,0.0,0.0,0.0,0.0
2012-02-09,843313.1548326478,0.0,0.0,0.0,0.0,0.0
2012-02-10,843313.1548326478,0.0,0.0,0.0,0.0,0.0
2012-02-13,843313.1548326478,0.0,0.0,0.0,0.0,0.0
2012-02-14,843313.1548326478,0.0,0.0,0.0,0.0,0.0
2012-02-15,843313.1548326478,0.0,0.0,0.0,0.0,0.0
2012-02-16,843313.1548326478,0.0,0.0,0.0,0.0,0.0
2012-02-17,843313.1548326478,0.0,0.0,0.0,0.0,0.0
2012-02-21,843313.1548326478,0.0,0.0,0.0,0.0,0.0
2012-02-22,843313.1548326478,0.0,0.0,0.0,0.0,0.0
2012-02-23,843313.1548326478,0.0,0.0,0.0,0.0,0.0
2012-02-24,843313.1548326478,0.0,0.0,0.0,0.0,0.0
2012-02-27,843313.1548326478,0.0,0.0,0.0,0.0,0.0
2012-02-28,843313.1548326478,0.0,0.0,0.0,0.0,0.0
2012-02-29,843313.1548326478,0.0,0.0,0.0,0.0,0.0
2012-03-01,843313.1548326478,0.0,0.0,0.0,0.0,0.0
2012-03-02,843313.1548326478,0.0,0.0,0.0,0.0,0.0
2012-03-05,843313.1548326478,0.0,0.0,0.0,0.0,0.0
2012-03-06,843313.1548326478,0.0,0.0,0.0,0.0,0.0
2012-03-07,843313.1548326478,0.0,0.0,0.0,0.0,0.0
2012-03-08,843313.1548326478,0.0,0.0,0.0,0.0,0.0
2012-03-09,843313.1548326478,0.0,0.0,0.0,0.0,0.0
2012-03-12,843313.1548326478,0.0,0.0,0.0,0.0,0.0
2012-03-13,843313.1548326478,0.0,0.0,0.0,0.0,0.0
2012-03-14,843313.1548326478,0.0,0.0,0.0,0.0,0.0
2012-03-15,843313.1548326478,0.0,0.0,0.0,0.0,0.0
2012-03-16,843313.1548326478,0.0,0.0,0.0,0.0,0.0
2012-03-19,843313.1548326478,0.0,0.0,0.0,0.0,0.0
2012-03-20,843313.1548326478,0.0,0.0,0.0,0.0,0.0
2012-03-21,843313.1548326478,0.0,0.0,0.0,0.0,0.0
2012-03-22,843313.1548326478,0.0,0.0,0.0,0.0,0.0
2012-03-23,843313.1548326478,0.0,0.0,0.0,0.0,0.0
2012-03-26,843313.1548326478,0.0,0.0,0.0,0.0,0.0
2012-03-27,843313.1548326478,0.0,0.0,0.0,0.0,0.0
2012-03-28,843313.1548326478,0.0,0.0,0.0,0.0,0.0
2012-03-29,843313.1548326478,0.0,0.0,0.0,0.0,0.0
2012-03-30,843313.1548326478,0.0,0.0,0.0,0.0,0.0
2012-04-02,843313.1548326478,0.0,0.0,0.0,0.0,0.0
2012-04-03,843313.1548326478,0.0,0.0,0.0,0.0,0.0
2012-04-04,843313.1548326478,0.0,0.0,0.0,0.0,0.0
2012-04-05,843313.1548326478,0.0,0.0,0.0,0.0,0.0
2012-04-09,843313.1548326478,0.0,0.0,0.0,0.0,0.0
2012-04-10,843313.1548326478,0.0,0.0,0.0,0.0,0.0
2012-04-11,843313.1548326478,0.0,0.0,0.0,0.0,0.0
2012-04-12,843313.1548326478,0.0,0.0,0.0,0.0,0.0
2012-04-13,843313.1548326478,0.0,0.0,0.0,0.0,0.0
2012-04-16,843313.1548326478,0.0,0.0,0.0,0.0,0.0
2012-04-17,843313.1548326478,0.0,0.0,0.0,0.0,0.0
2012-04-18,843313.1548326478,0.0,0.0,0.0,0.0,0.0
2012-04-19,843313.1548326478,0.0,0.0,0.0,0.0,0.0
2012-04-20,843313.1548326478,0.0,0.0,0.0,0.0,0.0
2012-04-23,843313.1548326478,0.0,0.0,0.0,0.0,0.0
2012-04-24,843313.1548326478,0.0,0.0,0.0,0.0,0.0
2012-04-25,843313.1548326478,0.0,0.0,0.0,0.0,0.0
2012-04-26,843313.1548326478,0.0,0.0,0.0,0.0,0.0
2012-04-27,843313.1548326478,0.0,0.0,0.0,0.0,0.0
2012-04-30,842891.4982552314,0.0,421.6565774163239,-0.0005,0.3340440054942497,0.5
2012-05-01,841729.4505668001,-319.1561901761573,842.8914982552315,-0.0013781226343679031,-0.08007274830345266,-0.5
2012-05-02,852892.9711313465,11163.520564546421,0.0,0.013440860215053765,-0.5046910392802882,-0.5
2012-05-03,846822.6240972278,-5643.900548553091,426.4464855656733,-0.007070572312451662,0.0,0.0
2012-05-04,846822.6240972278,0.0,0.0,0.0,0.0,0.0
2012-05-07,846822.6240972278,0.0,0.0,0.0,0.0,0.0
2012-05-08,846399.2127851793,0.0,423.4113120486139,-0.0005,-0.7485003808010876,-0.5
2012-05-09,861703.0255785113,15727.012399724616,423.19960639258966,0.01842340791738382,0.0,0.0
2012-05-10,861703.0255785113,0.0,0.0,0.0,0.0,0.0
2012-05-11,861703.0255785113,0.0,0.0,0.0,0.0,0.0
2012-05-14,861703.0255785113,0.0,0.0,0.0,0.0,0.0
2012-05-15,861703.0255785113,0.0,0.0,0.0,0.0,0.0
2012-05-16,861703.0255785113,0.0,0.0,0.0,0.0,0.0
2012-05-17,861703.0255785113,0.0,0.0,0.0,0.0,0.0
2012-05-18,861703.0255785113,0.0,0.0,0.0,0.0,0.0
2012-05-21,861703.0255785113,0.0,0.0,0.0,0.0,0.0
2012-05-22,861703.0255785113,0.0,0.0,0.0,0.0,0.0
2012-05-23,861703.0255785113,0.0,0.0,0.0,0.0,0.0
2012-05-24,861703.0255785113,0.0,0.0,0.0,0.0,0.0
2012-05-25,861703.0255785113,0.0,0.0,0.0,0.0,0.0
2012-05-29,861703.0255785113,0.0,0.0,0.0,0.0,0.0
2012-05-30,861703.0255785113,0.0,0.0,0.0,0.0,0.0
2012-05-31,861703.0255785113,0.0,0.0,0.0,0.0,0.0
2012-06-01,861703.0255785113,0.0,0.0,0.0,0.0,0.0
2012-06-04,861703.0255785113,0.0,0.0,0.0,0.0,0.0
2012-06-05,861703.0255785113,0.0,0.0,0.0,0.0,0.0
2012-06-06,861703.0255785113,0.0,0.0,0.0,0.0,0.0
2012-06-07,861703.0255785113,0.0,0.0,0.0,0.0,0.0
2012-06-08,861703.0255785113,0.0,0.0,0.0,0.0,0.0
2012-06-11,861703.0255785113,0.0,0.0,0.0,0.0,0.0
2012-06-12,861703.0255785113,0.0,0.0,0.0,0.0,0.0
2012-06-13,861703.0255785113,0.0,0.0,0.0,0.0,0.0
2012-06-14,861703.0255785113,0.0,0.0,0.0,0.0,0.0
2012-06-15,861703.0255785113,0.0,0.0,0.0,0.0,0.0
2012-06-18,861703.0255785113,0.0,0.0,0.0,0.0,0.0
2012-06-19,861703.0255785113,0.0,0.0,0.0,0.0,0.0
2012-06-20,861703.0255785113,0.0,0.0,0.0,0.0,0.0
2012-06-21,861703.0255785113,0.0,0.0,0.0,0.0,0.0
2012-06-22,861703.0255785113,0.0,0.0,0.0,0.0,0.0
2012-06-25,861703.0255785113,0.0,0.0,0.0,0.0,0.0
2012-06-26,861703.0255785113,0.0,0.0,0.0,0.0,0.0
2012-06-27,861703.0255785113,0.0,0.0,0.0,0.0,0.0
2012-06-28,861703.0255785113,0.0,0.0,0.0,0.0,0.0
2012-06-29,861703.0255785113,0.0,0.0,0.0,0.0,0.0
2012-07-02,861703.0255785113,0.0,0.0,0.0,0.0,0.0
2012-07-03,861703.0255785113,0.0,0.0,0.0,0.0,0.0
2012-07-05,861703.0255785113,0.0,0.0,0.0,0.0,0.0
2012-07-06,861703.0255785113,0.0,0.0,0.0,0.0,0.0
2012-07-09,861703.0255785113,0.0,0.0,0.0,0.0,0.0
2012-07-10,861703.0255785113,0.0,0.0,0.0,0.0,0.0
2012-07-11,861703.0255785113,0.0,0.0,0.0,0.0,0.0
2012-07-12,861703.0255785113,0.0,0.0,0.0,0.0,0.0
2012-07-13,861703.0255785113,0.0,0.0,0.0,0.0,0.0
2012-07-16,861703.0255785113,0.0,0.0,0.0,0.0,0.0
2012-07-17,861703.0255785113,0.0,0.0,0.0,0.0,0.0
2012-07-18,861703.0255785113,0.0,0.0,0.0,0.0,0.0
2012-07-19,861703.0255785113,0.0,0.0,0.0,0.0,0.0
2012-07-20,861703.0255785113,0.0,0.0,0.0,0.0,0.0
2012-07-23,861703.0255785113,0.0,0.0,0.0,0.0,0.0
2012-07-24,861703.0255785113,0.0,0.0,0.0,0.0,0.0
2012-07-25,861703.0255785113,0.0,0.0,0.0,0.0,0.0
2012-07-26,861703.0255785113,0.0,0.0,0.0,0.0,0.0
2012-07-27,861703.0255785113,0.0,0.0,0.0,0.0,0.0
2012-07-30,861703.0255785113,0.0,0.0,0.0,0.0,0.0
2012-07-31,861703.0255785113,0.0,0.0,0.0,0.0,0.0
2012-08-01,861703.0255785113,0.0,0.0,0.0,0.0,0.0
2012-08-02,861703.0255785113,0.0,0.0,0.0,0.0,0.0
2012-08-03,861703.0255785113,0.0,0.0,0.0,0.0,0.0
2012-08-06,861703.0255785113,0.0,0.0,0.0,0.0,0.0
2012-08-07,861703.0255785113,0.0,0.0,0.0,0.0,0.0
2012-08-08,861703.0255785113,0.0,0.0,0.0,0.0,0.0
2012-08-09,861703.0255785113,0.0,0.0,0.0,0.0,0.0
2012-08-10,861703.0255785113,0.0,0.0,0.0,0.0,0.0
2012-08-13,861703.0255785113,0.0,0.0,0.0,0.0,0.0
2012-08-14,861703.0255785113,0.0,0.0,0.0,0.0,0.0
2012-08-15,861703.0255785113,0.0,0.0,0.0,0.0,0.0
2012-08-16,861703.0255785113,0.0,0.0,0.0,0.0,0.0
2012-08-17,861703.0255785113,0.0,0.0,0.0,0.0,0.0
2012-08-20,861703.0255785113,0.0,0.0,0.0,0.0,0.0
2012-08-21,861703.0255785113,0.0,0.0,0.0,0.0,0.0
2012-08-22,861703.0255785113,0.0,0.0,0.0,0.0,0.0
2012-08-23,861703.0255785113,0.0,0.0,0.0,0.0,0.0
2012-08-24,861703.0255785113,0.0,0.0,0.0,0.0,0.0
2012-08-27,861703.0255785113,0.0,0.0,0.0,0.0,0.0
2012-08-28,861703.0255785113,0.0,0.0,0.0,0.0,0.0
2012-08-29,861703.0255785113,0.0,0.0,0.0,0.0,0.0
2012-08-30,861703.0255785113,0.0,0.0,0.0,0.0,0.0
2012-08-31,861703.0255785113,0.0,0.0,0.0,0.0,0.0
2012-09-04,861703.0255785113,0.0,0.0,0.0,0.0,0.0
2012-09-05,861703.0255785113,0.0,0.0,0.0,0.0,0.0
2012-09-06,861703.0255785113,0.0,0.0,0.0,0.0,0.0
2012-09-07,861703.0255785113,0.0,0.0,0.0,0.0,0.0
2012-09-10,861703.0255785113,0.0,0.0,0.0,0.0,0.0
2012-09-11,861703.0255785113,0.0,0.0,0.0,0.0,0.0
2012-09-12,861703.0255785113,0.0,0.0,0.0,0.0,0.0
2012-09-13,861703.0255785113,0.0,0.0,0.0,0.0,0.0
2012-09-14,861703.0255785113,0.0,0.0,0.0,0.0,0.0
2012-09-17,861703.0255785113,0.0,0.0,0.0,0.0,0.0
2012-09-18,861703.0255785113,0.0,0.0,0.0,0.0,0.0
2012-09-19,861703.0255785113,0.0,0.0,0.0,0.0,0.0
2012-09-20,861703.0255785113,0.0,0.0,0.0,0.0,0.0
2012-09-21,861703.0255785113,0.0,0.0,0.0,0.0,0.0
2012-09-24,861703.0255785113,0.0,0.0,0.0,0.0,0.0
2012-09-25,861703.0255785113,0.0,0.0,0.0,0.0,0.0
2012-09-26,861703.0255785113,0.0,0.0,0.0,0.0,0.0
2012-09-27,861703.0255785113,0.0,0.0,0.0,0.0,0.0
2012-09-28,861703.0255785113,0.0,0.0,0.0,0.0,0.0
2012-10-01,861703.0255785113,0.0,0.0,0.0,0.0,0.0
2012-10-02,861703.0255785113,0.0,0.0,0.0,0.0,0.0
2012-10-03,861703.0255785113,0.0,0.0,0.0,0.0,0.0
2012-10-04,861703.0255785113,0.0,0.0,0.0,0.0,0.0
2012-10-05,861703.0255785113,0.0,0.0,0.0,0.0,0.0
2012-10-08,861703.0255785113,0.0,0.0,0.0,0.0,0.0
2012-10-09,861703.0255785113,0.0,0.0,0.0,0.0,0.0
2012-10-10,861703.0255785113,0.0,0.0,0.0,0.0,0.0
2012-10-11,861703.0255785113,0.0,0.0,0.0,0.0,0.0
2012-10-12,861703.0255785113,0.0,0.0,0.0,0.0,0.0
2012-10-15,861703.0255785113,0.0,0.0,0.0,0.0,0.0
2012-10-16,861703.0255785113,0.0,0.0,0.0,0.0,0.0
2012-10-17,861703.0255785113,0.0,0.0,0.0,0.0,0.0
2012-10-18,861703.0255785113,0.0,0.0,0.0,0.0,0.0
2012-10-19,861703.0255785113,0.0,0.0,0.0,0.0,0.0
2012-10-22,861703.0255785113,0.0,0.0,0.0,0.0,0.0
2012-10-23,861703.0255785113,0.0,0.0,0.0,0.0,0.0
2012-10-24,861703.0255785113,0.0,0.0,0.0,0.0,0.0
2012-10-25,861703.0255785113,0.0,0.0,0.0,0.0,0.0
2012-10-26,861703.0255785113,0.0,0.0,0.0,0.0,0.0
2012-10-31,861703.0255785113,0.0,0.0,0.0,0.0,0.0
2012-11-01,861703.0255785113,0.0,0.0,0.0,0.0,0.0
2012-11-02,861703.0255785113,0.0,0.0,0.0,0.0,0.0
2012-11-05,861703.0255785113,0.0,0.0,0.0,0.0,0.0
2012-11-06,861703.0255785113,0.0,0.0,0.0,0.0,0.0
2012-11-07,861703.0255785113,0.0,0.0,0.0,0.0,0.0
2012-11-08,861703.0255785113,0.0,0.0,0.0,0.0,0.0
2012-11-09,861703.0255785113,0.0,0.0,0.0,0.0,0.0
2012-11-12,861703.0255785113,0.0,0.0,0.0,0.0,0.0
2012-11-13,861703.0255785113,0.0,0.0,0.0,0.0,0.0
2012-11-14,861703.0255785113,0.0,0.0,0.0,0.0,0.0
2012-11-15,861703.0255785113,0.0,0.0,0.0,0.0,0.0
2012-11-16,861703.0255785113,0.0,0.0,0.0,0.0,0.0
2012-11-19,861703.0255785113,0.0,0.0,0.0,0.0,0.0
2012-11-20,861703.0255785113,0.0,0.0,0.0,0.0,0.0
2012-11-21,861703.0255785113,0.0,0.0,0.0,0.0,0.0
2012-11-23,861703.0255785113,0.0,0.0,0.0,0.0,0.0
2012-11-26,861703.0255785113,0.0,0.0,0.0,0.0,0.0
2012-11-27,861703.0255785113,0.0,0.0,0.0,0.0,0.0
2012-11-28,861703.0255785113,0.0,0.0,0.0,0.0,0.0
2012-11-29,861703.0255785113,0.0,0.0,0.0,0.0,0.0
2012-11-30,861703.0255785113,0.0,0.0,0.0,0.0,0.0
2012-12-03,861703.0255785113,0.0,0.0,0.0,0.0,0.0
2012-12-04,861703.0255785113,0.0,0.0,0.0,0.0,0.0
2012-12-05,861703.0255785113,0.0,0.0,0.0,0.0,0.0
2012-12-06,861703.0255785113,0.0,0.0,0.0,0.0,0.0
2012-12-07,861703.0255785113,0.0,0.0,0.0,0.0,0.0
2012-12-10,861703.0255785113,0.0,0.0,0.0,0.0,0.0
2012-12-11,861703.0255785113,0.0,0.0,0.0,0.0,0.0
2012-12-12,861703.0255785113,0.0,0.0,0.0,0.0,0.0
2012-12-13,861703.0255785113,0.0,0.0,0.0,0.0,0.0
2012-12-14,861703.0255785113,0.0,0.0,0.0,0.0,0.0
2012-12-17,861703.0255785113,0.0,0.0,0.0,0.0,0.0
2012-12-18,861703.0255785113,0.0,0.0,0.0,0.0,0.0
2012-12-19,861703.0255785113,0.0,0.0,0.0,0.0,0.0
2012-12-20,861703.0255785113,0.0,0.0,0.0,0.0,0.0
2012-12-21,861703.0255785113,0.0,0.0,0.0,0.0,0.0
2012-12-24,861703.0255785113,0.0,0.0,0.0,0.0,0.0
2012-12-26,861703.0255785113,0.0,0.0,0.0,0.0,0.0
2012-12-27,861703.0255785113,0.0,0.0,0.0,0.0,0.0
2012-12-28,861703.0255785113,0.0,0.0,0.0,0.0,0.0
2012-12-31,861703.0255785113,0.0,0.0,0.0,0.0,0.0
2013-01-02,861703.0255785113,0.0,0.0,0.0,0.0,0.0
2013-01-03,861703.0255785113,0.0,0.0,0.0,0.0,0.0
2013-01-04,861703.0255785113,0.0,0.0,0.0,0.0,0.0
2013-01-07,861703.0255785113,0.0,0.0,0.0,0.0,0.0
2013-01-08,861703.0255785113,0.0,0.0,0.0,0.0,0.0
2013-01-09,861703.0255785113,0.0,0.0,0.0,0.0,0.0
2013-01-10,861703.0255785113,0.0,0.0,0.0,0.0,0.0
2013-01-11,861703.0255785113,0.0,0.0,0.0,0.0,0.0
2013-01-14,861703.0255785113,0.0,0.0,0.0,0.0,0.0
2013-01-15,861703.0255785113,0.0,0.0,0.0,0.0,0.0
2013-01-16,861703.0255785113,0.0,0.0,0.0,0.0,0.0
2013-01-17,861703.0255785113,0.0,0.0,0.0,0.0,0.0
2013-01-18,861703.0255785113,0.0,0.0,0.0,0.0,0.0
2013-01-22,861703.0255785113,0.0,0.0,0.0,0.0,0.0
2013-01-23,861703.0255785113,0.0,0.0,0.0,0.0,0.0
2013-01-24,861703.0255785113,0.0,0.0,0.0,0.0,0.0
2013-01-25,861703.0255785113,0.0,0.0,0.0,0.0,0.0
2013-01-28,861703.0255785113,0.0,0.0,0.0,0.0,0.0
2013-01-29,861703.0255785113,0.0,0.0,0.0,0.0,0.0
2013-01-30,861703.0255785113,0.0,0.0,0.0,0.0,0.0
2013-01-31,861703.0255785113,0.0,0.0,0.0,0.0,0.0
2013-02-01,861703.0255785113,0.0,0.0,0.0,0.0,0.0
2013-02-04,861703.0255785113,0.0,0.0,0.0,0.0,0.0
2013-02-05,861703.0255785113,0.0,0.0,0.0,0.0,0.0
2013-02-06,861703.0255785113,0.0,0.0,0.0,0.0,0.0
2013-02-07,861703.0255785113,0.0,0.0,0.0,0.0,0.0
2013-02-08,861703.0255785113,0.0,0.0,0.0,0.0,0.0
2013-02-11,861703.0255785113,0.0,0.0,0.0,0.0,0.0
2013-02-12,861703.0255785113,0.0,0.0,0.0,0.0,0.0
2013-02-13,861703.0255785113,0.0,0.0,0.0,0.0,0.0
2013-02-14,861703.0255785113,0.0,0.0,0.0,0.0,0.0
2013-02-15,861703.0255785113,0.0,0.0,0.0,0.0,0.0
2013-02-19,861703.0255785113,0.0,0.0,0.0,0.0,0.0
2013-02-20,861703.0255785113,0.0,0.0,0.0,0.0,0.0
2013-02-21,861703.0255785113,0.0,0.0,0.0,0.0,0.0
2013-02-22,861703.0255785113,0.0,0.0,0.0,0.0,0.0
2013-02-25,861703.0255785113,0.0,0.0,0.0,0.0,0.0
2013-02-26,861703.0255785113,0.0,0.0,0.0,0.0,0.0
2013-02-27,861703.0255785113,0.0,0.0,0.0,0.0,0.0
2013-02-28,861703.0255785113,0.0,0.0,0.0,0.0,0.0
2013-03-01,861703.0255785113,0.0,0.0,0.0,0.0,0.0
2013-03-04,861703.0255785113,0.0,0.0,0.0,0.0,0.0
2013-03-05,861703.0255785113,0.0,0.0,0.0,0.0,0.0
2013-03-06,861703.0255785113,0.0,0.0,0.0,0.0,0.0
2013-03-07,861703.0255785113,0.0,0.0,0.0,0.0,0.0
2013-03-08,861703.0255785113,0.0,0.0,0.0,0.0,0.0
2013-03-11,861703.0255785113,0.0,0.0,0.0,0.0,0.0
2013-03-12,861703.0255785113,0.0,0.0,0.0,0.0,0.0
2013-03-13,861703.0255785113,0.0,0.0,0.0,0.0,0.0
2013-03-14,861703.0255785113,0.0,0.0,0.0,0.0,0.0
2013-03-15,861703.0255785113,0.0,0.0,0.0,0.0,0.0
2013-03-18,861703.0255785113,0.0,0.0,0.0,0.0,0.0
2013-03-19,861703.0255785113,0.0,0.0,0.0,0.0,0.0
2013-03-20,861703.0255785113,0.0,0.0,0.0,0.0,0.0
2013-03-21,861703.0255785113,0.0,0.0,0.0,0.0,0.0
2013-03-22,861703.0255785113,0.0,0.0,0.0,0.0,0.0
2013-03-25,861703.0255785113,0.0,0.0,0.0,0.0,0.0
2013-03-26,861703.0255785113,0.0,0.0,0.0,0.0,0.0
2013-03-27,861703.0255785113,0.0,0.0,0.0,0.0,0.0
2013-03-28,861703.0255785113,0.0,0.0,0.0,0.0,0.0
2013-04-01,861703.0255785113,0.0,0.0,0.0,0.0,0.0
2013-04-02,861703.0255785113,0.0,0.0,0.0,0.0,0.0
2013-04-03,861703.0255785113,0.0,0.0,0.0,0.0,0.0
2013-04-04,861703.0255785113,0.0,0.0,0.0,0.0,0.0
2013-04-05,861703.0255785113,0.0,0.0,0.0,0.0,0.0
2013-04-08,861703.0255785113,0.0,0.0,0.0,0.0,0.0
2013-04-09,861703.0255785113,0.0,0.0,0.0,0.0,0.0
2013-04-10,861703.0255785113,0.0,0.0,0.0,0.0,0.0
2013-04-11,861703.0255785113,0.0,0.0,0.0,0.0,0.0
2013-04-12,861703.0255785113,0.0,0.0,0.0,0.0,0.0
2013-04-15,861703.0255785113,0.0,0.0,0.0,0.0,0.0
2013-04-16,861703.0255785113,0.0,0.0,0.0,0.0,0.0
2013-04-17,861703.0255785113,0.0,0.0,0.0,0.0,0.0
2013-04-18,861703.0255785113,0.0,0.0,0.0,0.0,0.0
2013-04-19,861703.0255785113,0.0,0.0,0.0,0.0,0.0
2013-04-22,861703.0255785113,0.0,0.0,0.0,0.0,0.0
2013-04-23,861703.0255785113,0.0,0.0,0.0,0.0,0.0
2013-04-24,861703.0255785113,0.0,0.0,0.0,0.0,0.0
2013-04-25,861703.0255785113,0.0,0.0,0.0,0.0,0.0
2013-04-26,861703.0255785113,0.0,0.0,0.0,0.0,0.0
2013-04-29,861272.174065722,0.0,430.85151278925565,-0.0005,0.9563900322412332,0.5
2013-04-30,860799.9853738,-472.1886919219967,0.0,-0.000547945205479452,1.0047388549242058,0.5
2013-05-01,859855.089670865,-944.8957029350165,0.0,-0.0010964912280701754,0.8431922659758587,0.5
2013-05-02,869787.4091885153,9932.319517650254,0.0,0.011686143572621033,0.7969796795032559,0.5
2013-05-03,871034.4162267784,1247.0070382631043,0.0,0.0014357501794687725,0.6290489160442125,0.5
2013-05-06,857679.6966336003,-12919.202385064798,435.5172081133892,-0.015107941539003347,0.0,0.0
2013-05-07,857679.6966336003,0.0,0.0,0.0,0.0,0.0
2013-05-08,857679.6966336003,0.0,0.0,0.0,0.0,0.0
2013-05-09,857679.6966336003,0.0,0.0,0.0,0.0,0.0
2013-05-10,857679.6966336003,0.0,0.0,0.0,0.0,0.0
2013-05-13,857679.6966336003,0.0,0.0,0.0,0.0,0.0
2013-05-14,857679.6966336003,0.0,0.0,0.0,0.0,0.0
2013-05-15,857679.6966336003,0.0,0.0,0.0,0.0,0.0
2013-05-16,857679.6966336003,0.0,0.0,0.0,0.0,0.0
2013-05-17,857679.6966336003,0.0,0.0,0.0,0.0,0.0
2013-05-20,857679.6966336003,0.0,0.0,0.0,0.0,0.0
2013-05-21,857679.6966336003,0.0,0.0,0.0,0.0,0.0
2013-05-22,857679.6966336003,0.0,0.0,0.0,0.0,0.0
2013-05-23,857679.6966336003,0.0,0.0,0.0,0.0,0.0
2013-05-24,857679.6966336003,0.0,0.0,0.0,0.0,0.0
2013-05-28,857679.6966336003,0.0,0.0,0.0,0.0,0.0
2013-05-29,857679.6966336003,0.0,0.0,0.0,0.0,0.0
2013-05-30,857679.6966336003,0.0,0.0,0.0,0.0,0.0
2013-05-31,857679.6966336003,0.0,0.0,0.0,0.0,0.0
2013-06-03,857679.6966336003,0.0,0.0,0.0,0.0,0.0
2013-06-04,857679.6966336003,0.0,0.0,0.0,0.0,0.0
2013-06-05,857679.6966336003,0.0,0.0,0.0,0.0,0.0
2013-06-06,857679.6966336003,0.0,0.0,0.0,0.0,0.0
2013-06-07,857679.6966336003,0.0,0.0,0.0,0.0,0.0
2013-06-10,857679.6966336003,0.0,0.0,0.0,0.0,0.0
2013-06-11,857679.6966336003,0.0,0.0,0.0,0.0,0.0
2013-06-12,857679.6966336003,0.0,0.0,0.0,0.0,0.0
2013-06-13,857250.8567852834,0.0,428.83984831680016,-0.0005,0.6127958196572473,0.5
2013-06-14,864910.829476061,7659.972690777591,0.0,0.00901607212857703,0.5783966920152979,0.5
2013-06-17,873824.0326805853,8913.203204524294,0.0,0.01041264944080216,0.5116603887264373,0.5
2013-06-18,876928.4935296748,3104.460849089589,0.0,0.0035653968849690375,0.5534712019728594,0.5
2013-06-19,882789.8796728364,5861.386143161585,0.0,0.006728971962616823,0.5788198949386678,0.5
2013-06-20,876967.1541931328,-5822.725479703574,0.0,-0.006552602839461229,0.5517230280772026,0.5
2013-06-21,869477.2750448068,-7489.879148326051,0.0,-0.008468335787923418,0.6083775892499972,0.5
2013-06-24,863023.6974011327,-5584.100368629284,869.4772750448068,-0.007375,-0.1584957117986249,-0.5
2013-06-25,860711.7318895338,-2311.9655115989012,0.0,-0.00267175572519084,-0.09961516570875738,-0.5
2013-06-26,855633.3033229987,-5078.428566535125,0.0,-0.00586565752128666,-0.1132371854482376,-0.5
2013-06-27,853007.1722137026,-1770.4978059730975,855.6333033229987,-0.003062887178524498,0.11867582576557356,0.5
2013-06-28,860677.5252047587,7670.352991056149,0.0,0.009073724007561438,0.27438507712356003,0.5
2013-07-01,860677.5252047587,0.0,0.0,0.0,0.0,0.0
2013-07-02,860677.5252047587,0.0,0.0,0.0,0.0,0.0
2013-07-03,860677.5252047587,0.0,0.0,0.0,0.0,0.0
2013-07-05,860677.5252047587,0.0,0.0,0.0,0.0,0.0
2013-07-08,860677.5252047587,0.0,0.0,0.0,0.0,0.0
2013-07-09,860677.5252047587,0.0,0.0,0.0,0.0,0.0
2013-07-10,860677.5252047587,0.0,0.0,0.0,0.0,0.0
2013-07-11,860677.5252047587,0.0,0.0,0.0,0.0,0.0
2013-07-12,860677.5252047587,0.0,0.0,0.0,0.0,0.0
2013-07-15,860677.5252047587,0.0,0.0,0.0,0.0,0.0
2013-07-16,860677.5252047587,0.0,0.0,0.0,0.0,0.0
2013-07-17,860677.5252047587,0.0,0.0,0.0,0.0,0.0
2013-07-18,860677.5252047587,0.0,0.0,0.0,0.0,0.0
2013-07-19,860677.5252047587,0.0,0.0,0.0,0.0,0.0
2013-07-22,860677.5252047587,0.0,0.0,0.0,0.0,0.0
2013-07-23,860677.5252047587,0.0,0.0,0.0,0.0,0.0
2013-07-24,860677.5252047587,0.0,0.0,0.0,0.0,0.0
2013-07-25,860677.5252047587,0.0,0.0,0.0,0.0,0.0
2013-07-26,860677.5252047587,0.0,0.0,0.0,0.0,0.0
2013-07-29,860677.5252047587,0.0,0.0,0.0,0.0,0.0
2013-07-30,860677.5252047587,0.0,0.0,0.0,0.0,0.0
2013-07-31,860677.5252047587,0.0,0.0,0.0,0.0,0.0
2013-08-01,860677.5252047587,0.0,0.0,0.0,0.0,0.0
2013-08-02,860677.5252047587,0.0,0.0,0.0,0.0,0.0
2013-08-05,860677.5252047587,0.0,0.0,0.0,0.0,0.0
2013-08-06,860677.5252047587,0.0,0.0,0.0,0.0,0.0
2013-08-07,860677.5252047587,0.0,0.0,0.0,0.0,0.0
2013-08-08,860677.5252047587,0.0,0.0,0.0,0.0,0.0
2013-08-09,860677.5252047587,0.0,0.0,0.0,0.0,0.0
2013-08-12,860677.5252047587,0.0,0.0,0.0,0.0,0.0
2013-08-13,860677.5252047587,0.0,0.0,0.0,0.0,0.0
2013-08-14,860677.5252047587,0.0,0.0,0.0,0.0,0.0
2013-08-15,860677.5252047587,0.0,0.0,0.0,0.0,0.0
2013-08-16,860677.5252047587,0.0,0.0,0.0,0.0,0.0
2013-08-19,860677.5252047587,0.0,0.0,0.0,0.0,0.0
2013-08-20,860677.5252047587,0.0,0.0,0.0,0.0,0.0
2013-08-21,860677.5252047587,0.0,0.0,0.0,0.0,0.0
2013-08-22,860677.5252047587,0.0,0.0,0.0,0.0,0.0
2013-08-23,860677.5252047587,0.0,0.0,0.0,0.0,0.0
2013-08-26,860677.5252047587,0.0,0.0,0.0,0.0,0.0
2013-08-27,860677.5252047587,0.0,0.0,0.0,0.0,0.0
2013-08-28,860677.5252047587,0.0,0.0,0.0,0.0,0.0
2013-08-29,860677.5252047587,0.0,0.0,0.0,0.0,0.0
2013-08-30,860677.5252047587,0.0,0.0,0.0,0.0,0.0
2013-09-03,860677.5252047587,0.0,0.0,0.0,0.0,0.0
2013-09-04,860677.5252047587,0.0,0.0,0.0,0.0,0.0
2013-09-05,860677.5252047587,0.0,0.0,0.0,0.0,0.0
2013-09-06,860677.5252047587,0.0,0.0,0.0,0.0,0.0
2013-09-09,860677.5252047587,0.0,0.0,0.0,0.0,0.0
2013-09-10,860677.5252047587,0.0,0.0,0.0,0.0,0.0
2013-09-11,860677.5252047587,0.0,0.0,0.0,0.0,0.0
2013-09-12,860677.5252047587,0.0,0.0,0.0,0.0,0.0
2013-09-13,860677.5252047587,0.0,0.0,0.0,0.0,0.0
2013-09-16,860677.5252047587,0.0,0.0,0.0,0.0,0.0
2013-09-17,860677.5252047587,0.0,0.0,0.0,0.0,0.0
2013-09-18,860677.5252047587,0.0,0.0,0.0,0.0,0.0
2013-09-19,860677.5252047587,0.0,0.0,0.0,0.0,0.0
2013-09-20,860677.5252047587,0.0,0.0,0.0,0.0,0.0
2013-09-23,860677.5252047587,0.0,0.0,0.0,0.0,0.0
2013-09-24,860677.5252047587,0.0,0.0,0.0,0.0,0.0
2013-09-25,860677.5252047587,0.0,0.0,0.0,0.0,0.0
2013-09-26,860677.5252047587,0.0,0.0,0.0,0.0,0.0
2013-09-27,860677.5252047587,0.0,0.0,0.0,0.0,0.0
2013-09-30,860677.5252047587,0.0,0.0,0.0,0.0,0.0
2013-10-01,860677.5252047587,0.0,0.0,0.0,0.0,0.0
2013-10-02,860677.5252047587,0.0,0.0,0.0,0.0,0.0
2013-10-03,860677.5252047587,0.0,0.0,0.0,0.0,0.0
2013-10-04,860677.5252047587,0.0,0.0,0.0,0.0,0.0
2013-10-07,860677.5252047587,0.0,0.0,0.0,0.0,0.0
2013-10-08,860677.5252047587,0.0,0.0,0.0,0.0,0.0
2013-10-09,860677.5252047587,0.0,0.0,0.0,0.0,0.0
2013-10-10,860677.5252047587,0.0,0.0,0.0,0.0,0.0
2013-10-11,860677.5252047587,0.0,0.0,0.0,0.0,0.0
2013-10-14,860677.5252047587,0.0,0.0,0.0,0.0,0.0
2013-10-15,860677.5252047587,0.0,0.0,0.0,0.0,0.0
2013-10-16,860677.5252047587,0.0,0.0,0.0,0.0,0.0
2013-10-17,860677.5252047587,0.0,0.0,0.0,0.0,0.0
2013-10-18,860677.5252047587,0.0,0.0,0.0,0.0,0.0
2013-10-21,860677.5252047587,0.0,0.0,0.0,0.0,0.0
2013-10-22,860677.5252047587,0.0,0.0,0.0,0.0,0.0
2013-10-23,860677.5252047587,0.0,0.0,0.0,0.0,0.0
2013-10-24,860677.5252047587,0.0,0.0,0.0,0.0,0.0
2013-10-25,860677.5252047587,0.0,0.0,0.0,0.0,0.0
2013-10-28,860677.5252047587,0.0,0.0,0.0,0.0,0.0
2013-10-29,860677.5252047587,0.0,0.0,0.0,0.0,0.0
2013-10-30,860677.5252047587,0.0,0.0,0.0,0.0,0.0
2013-10-31,860677.5252047587,0.0,0.0,0.0,0.0,0.0
2013-11-01,860677.5252047587,0.0,0.0,0.0,0.0,0.0
2013-11-04,860677.5252047587,0.0,0.0,0.0,0.0,0.0
2013-11-05,860677.5252047587,0.0,0.0,0.0,0.0,0.0
2013-11-06,860677.5252047587,0.0,0.0,0.0,0.0,0.0
2013-11-07,860677.5252047587,0.0,0.0,0.0,0.0,0.0
2013-11-08,860677.5252047587,0.0,0.0,0.0,0.0,0.0
2013-11-11,860677.5252047587,0.0,0.0,0.0,0.0,0.0
2013-11-12,860677.5252047587,0.0,0.0,0.0,0.0,0.0
2013-11-13,860677.5252047587,0.0,0.0,0.0,0.0,0.0
2013-11-14,860677.5252047587,0.0,0.0,0.0,0.0,0.0
2013-11-15,860677.5252047587,0.0,0.0,0.0,0.0,0.0
2013-11-18,860677.5252047587,0.0,0.0,0.0,0.0,0.0
2013-11-19,860677.5252047587,0.0,0.0,0.0,0.0,0.0
2013-11-20,860677.5252047587,0.0,0.0,0.0,0.0,0.0
2013-11-21,860677.5252047587,0.0,0.0,0.0,0.0,0.0
2013-11-22,860677.5252047587,0.0,0.0,0.0,0.0,0.0
2013-11-25,860677.5252047587,0.0,0.0,0.0,0.0,0.0
2013-11-26,860677.5252047587,0.0,0.0,0.0,0.0,0.0
2013-11-27,860677.5252047587,0.0,0.0,0.0,0.0,0.0
2013-11-29,860677.5252047587,0.0,0.0,0.0,0.0,0.0
2013-12-02,860677.5252047587,0.0,0.0,0.0,0.0,0.0
2013-12-03,860677.5252047587,0.0,0.0,0.0,0.0,0.0
2013-12-04,860677.5252047587,0.0,0.0,0.0,0.0,0.0
2013-12-05,860677.5252047587,0.0,0.0,0.0,0.0,0.0
2013-12-06,860677.5252047587,0.0,0.0,0.0,0.0,0.0
2013-12-09,860677.5252047587,0.0,0.0,0.0,0.0,0.0
2013-12-10,860677.5252047587,0.0,0.0,0.0,0.0,0.0
2013-12-11,860677.5252047587,0.0,0.0,0.0,0.0,0.0
2013-12-12,860677.5252047587,0.0,0.0,0.0,0.0,0.0
2013-12-13,860677.5252047587,0.0,0.0,0.0,0.0,0.0
2013-12-16,860677.5252047587,0.0,0.0,0.0,0.0,0.0
2013-12-17,860677.5252047587,0.0,0.0,0.0,0.0,0.0
2013-12-18,860677.5252047587,0.0,0.0,0.0,0.0,0.0
2013-12-19,860677.5252047587,0.0,0.0,0.0,0.0,0.0
2013-12-20,860677.5252047587,0.0,0.0,0.0,0.0,0.0
2013-12-23,860677.5252047587,0.0,0.0,0.0,0.0,0.0
2013-12-24,860677.5252047587,0.0,0.0,0.0,0.0,0.0
2013-12-26,860677.5252047587,0.0,0.0,0.0,0.0,0.0
2013-12-27,860677.5252047587,0.0,0.0,0.0,0.0,0.0
2013-12-30,860677.5252047587,0.0,0.0,0.0,0.0,0.0
2013-12-31,860677.5252047587,0.0,0.0,0.0,0.0,0.0
2014-01-02,860677.5252047587,0.0,0.0,0.0,0.0,0.0
2014-01-03,860677.5252047587,0.0,0.0,0.0,0.0,0.0
2014-01-06,860677.5252047587,0.0,0.0,0.0,0.0,0.0
2014-01-07,860677.5252047587,0.0,0.0,0.0,0.0,0.0
2014-01-08,860677.5252047587,0.0,0.0,0.0,0.0,0.0
2014-01-09,860677.5252047587,0.0,0.0,0.0,0.0,0.0
2014-01-10,860677.5252047587,0.0,0.0,0.0,0.0,0.0
2014-01-13,860677.5252047587,0.0,0.0,0.0,0.0,0.0
2014-01-14,860677.5252047587,0.0,0.0,0.0,0.0,0.0
2014-01-15,860677.5252047587,0.0,0.0,0.0,0.0,0.0
2014-01-16,860677.5252047587,0.0,0.0,0.0,0.0,0.0
2014-01-17,860677.5252047587,0.0,0.0,0.0,0.0,0.0
2014-01-21,860677.5252047587,0.0,0.0,0.0,0.0,0.0
2014-01-22,860677.5252047587,0.0,0.0,0.0,0.0,0.0
2014-01-23,860677.5252047587,0.0,0.0,0.0,0.0,0.0
2014-01-24,860677.5252047587,0.0,0.0,0.0,0.0,0.0
2014-01-27,860677.5252047587,0.0,0.0,0.0,0.0,0.0
2014-01-28,860677.5252047587,0.0,0.0,0.0,0.0,0.0
2014-01-29,860677.5252047587,0.0,0.0,0.0,0.0,0.0
2014-01-30,860677.5252047587,0.0,0.0,0.0,0.0,0.0
2014-01-31,860677.5252047587,0.0,0.0,0.0,0.0,0.0
2014-02-03,860677.5252047587,0.0,0.0,0.0,0.0,0.0
2014-02-04,860677.5252047587,0.0,0.0,0.0,0.0,0.0
2014-02-05,860677.5252047587,0.0,0.0,0.0,0.0,0.0
2014-02-06,860677.5252047587,0.0,0.0,0.0,0.0,0.0
2014-02-07,860677.5252047587,0.0,0.0,0.0,0.0,0.0
2014-02-10,860677.5252047587,0.0,0.0,0.0,0.0,0.0
2014-02-11,860677.5252047587,0.0,0.0,0.0,0.0,0.0
2014-02-12,860677.5252047587,0.0,0.0,0.0,0.0,0.0
2014-02-13,860677.5252047587,0.0,0.0,0.0,0.0,0.0
2014-02-14,860677.5252047587,0.0,0.0,0.0,0.0,0.0
2014-02-18,860677.5252047587,0.0,0.0,0.0,0.0,0.0
2014-02-19,860677.5252047587,0.0,0.0,0.0,0.0,0.0
2014-02-20,860677.5252047587,0.0,0.0,0.0,0.0,0.0
2014-02-21,860677.5252047587,0.0,0.0,0.0,0.0,0.0
2014-02-24,860677.5252047587,0.0,0.0,0.0,0.0,0.0
2014-02-25,860677.5252047587,0.0,0.0,0.0,0.0,0.0
2014-02-26,860677.5252047587,0.0,0.0,0.0,0.0,0.0
2014-02-27,860677.5252047587,0.0,0.0,0.0,0.0,0.0
2014-02-28,860677.5252047587,0.0,0.0,0.0,0.0,0.0
2014-03-03,860677.5252047587,0.0,0.0,0.0,0.0,0.0
2014-03-04,860677.5252047587,0.0,0.0,0.0,0.0,0.0
2014-03-05,860677.5252047587,0.0,0.0,0.0,0.0,0.0
2014-03-06,860677.5252047587,0.0,0.0,0.0,0.0,0.0
2014-03-07,860677.5252047587,0.0,0.0,0.0,0.0,0.0
2014-03-10,860677.5252047587,0.0,0.0,0.0,0.0,0.0
2014-03-11,860677.5252047587,0.0,0.0,0.0,0.0,0.0
2014-03-12,860677.5252047587,0.0,0.0,0.0,0.0,0.0
2014-03-13,860677.5252047587,0.0,0.0,0.0,0.0,0.0
2014-03-14,860677.5252047587,0.0,0.0,0.0,0.0,0.0
2014-03-17,860677.5252047587,0.0,0.0,0.0,0.0,0.0
2014-03-18,860677.5252047587,0.0,0.0,0.0,0.0,0.0
2014-03-19,860677.5252047587,0.0,0.0,0.0,0.0,0.0
2014-03-20,860677.5252047587,0.0,0.0,0.0,0.0,0.0
2014-03-21,860677.5252047587,0.0,0.0,0.0,0.0,0.0
2014-03-24,860677.5252047587,0.0,0.0,0.0,0.0,0.0
2014-03-25,860677.5252047587,0.0,0.0,0.0,0.0,0.0
2014-03-26,860677.5252047587,0.0,0.0,0.0,0.0,0.0
2014-03-27,860677.5252047587,0.0,0.0,0.0,0.0,0.0
2014-03-28,860677.5252047587,0.0,0.0,0.0,0.0,0.0
2014-03-31,860677.5252047587,0.0,0.0,0.0,0.0,0.0
2014-04-01,860247.1864421563,0.0,430.3387626023794,-0.0005,0.829559963661728,0.5
2014-04-02,850288.6598995994,-9958.526542556981,0.0,-0.011443876308741174,0.6304247382727738,0.5
2014-04-03,853933.3667120788,3644.7068124793723,0.0,0.00430488731324386,0.04030937056166669,0.5
2014-04-04,854573.8167371128,1494.383391746138,853.9333667120789,0.0007513148009015777,-0.026695240944049427,-0.5
2014-04-07,855848.226021365,2128.9831009893196,854.5738167371128,0.0014950049950049954,0.09001246979999292,0.5
2014-04-08,861635.1657289095,6642.787933565927,855.848226021365,0.00681453444360333,-0.09782882330493156,-0.5
2014-04-09,865671.4251344444,4036.2594055348322,0.0,0.004706465196928412,-0.1908108850722322,-0.5
2014-04-10,866533.2184894811,861.7933550367788,0.0,0.000996512207274539,-0.2878426678605263,-0.5
2014-04-11,868910.2422808488,2377.023791367654,0.0,0.00275068767191798,-0.6485605408960852,-0.5
2014-04-14,864988.3806055591,-3921.8616752896887,0.0,-0.0044932601098352475,-1.862102544299609,-0.5
2014-04-15,864343.5085524238,-644.8720531353572,0.0,-0.0007449714427613609,-1.810980923608264,-0.5
2014-04-16,869705.4409876126,5361.9324351887335,0.0,0.006242197253433209,-1.6537085400729223,-0.5
2014-04-17,872109.1494928547,2403.7085052421453,0.0,0.002771478961955152,-0.908197432943753,-0.5
2014-04-21,877617.6711546337,5508.521661779021,0.0,0.006356470887363335,-1.2587293773732737,-0.5
2014-04-22,870656.0161377981,-6961.655016835631,0.0,-0.007870017771007869,-1.155969486960206,-0.5
2014-04-23,864296.0603524087,-6359.955785389458,0.0,-0.00725181295323831,-1.2583218599383046,-0.5
2014-04-24,866227.2084515078,1931.1480990992252,0.0,0.002239363025628266,-1.5048363475543391,-0.5
2014-04-25,861258.8229666239,-4968.38548488396,0.0,-0.005702950657079098,-1.428154547370326,-0.5
2014-04-28,860621.7972099918,-637.0257566321183,0.0,-0.0007390983000739098,-1.1599972381751007,-0.5
2014-04-29,853841.9110675203,-6779.886142471625,0.0,-0.007816316560820715,-1.2494645972822545,-0.5
2014-04-30,855290.5037426227,1448.592675102434,0.0,0.0016994416120417579,-1.274259102914016,-0.5
2014-05-01,864234.4462671686,8943.942524545908,0.0,0.010567707053330056,-0.7099060250631424,-0.5
2014-05-02,872176.988371462,7942.542104293403,0.0,0.009275507646026573,-0.30086346695525124,-0.5
2014-05-05,864011.3637333688,-8165.624638093141,0.0,-0.009275507646026573,-0.1574765143065676,-0.5
2014-05-06,855641.6560369949,-8369.707696373915,0.0,-0.009594095940959408,-0.44016826639140444,-0.5
2014-05-07,857935.0425419674,2293.3865049724523,0.0,0.002687515269973125,-0.5757446071530015,-0.5
2014-05-08,855412.9405060773,-2522.1020358901537,0.0,-0.0029311187103077674,-0.7579945781520245,-0.5
2014-05-09,862287.9105588538,6874.970052776558,0.0,0.008102136017677387,-0.9857300780041325,-0.5
2014-05-12,868691.0386075581,6403.12804870436,0.0,0.007481296758104738,-1.1370825500309085,-0.5
2014-05-13,863670.9647663586,-5020.073841199456,0.0,-0.005745690731951036,-0.2513484751572015,-0.5
2014-05-14,870101.0873440801,7293.793542487878,863.6709647663587,0.007508517034068138,0.17041394072795488,0.5
2014-05-15,859997.9782556114,-9233.00800112465,870.1010873440802,-0.011489500000000001,-0.028073454844991356,-0.5
2014-05-16,860663.9550069709,665.9767513595338,0.0,0.0007749935417204855,-0.05153061495949366,-0.5
2014-05-19,866226.6744679777,5562.719461006793,0.0,0.006505334374186834,-0.782725840229502,-0.5
2014-05-20,869629.8698888839,3403.1954209061464,0.0,0.003944254535892717,-1.4168929700763635,-0.5
2014-05-21,868711.5701318735,-918.299757010437,0.0,-0.0010548523206751054,-1.969814208531642,-0.5
2014-05-22,866651.9273154386,-2059.642816434895,0.0,-0.0023653088042049934,-2.490704773199435,-0.5
2014-05-23,865515.7816320151,-1136.1456834234907,0.0,-0.0013092432573972245,-2.6778471120422553,-0.5
2014-05-27,872984.9293291534,7469.147697138206,0.0,0.00870482722236877,-2.872478125188667,-0.5
2014-05-28,870429.624852671,-2555.304476482354,0.0,-0.002918546033430618,-2.5132684952957516,-0.5
2014-05-29,873192.893502997,2763.2686503259397,0.0,0.003184713375796178,-2.219490073331159,-0.5
2014-05-30,876680.0855697022,3487.1920667052595,0.0,0.00400962309542903,-2.1556964378667525,-0.5
2014-06-02,876915.372763897,235.2871941947671,0.0,0.00026845637583892615,-2.79974175210394,-0.5
2014-06-03,883744.198169416,6828.825405519068,0.0,0.007848443843031122,-2.5549505406301107,-0.5
2014-06-04,885672.717969022,1928.519799605927,0.0,0.002186987424822307,-2.408344132258571,-0.5
2014-06-05,892709.5697008306,7036.851731808668,0.0,0.008008837337752001,-2.264599233082516,-0.5
2014-06-06,882768.4831785497,-9941.086522280964,0.0,-0.011013215859030838,-1.9975785810223072,-0.5
2014-06-09,890461.4547095174,7692.971530967754,0.0,0.008791208791208791,-1.4949974244418185,-0.5
2014-06-10,895891.0977260389,5429.643016521448,0.0,0.006134969325153374,-1.2425176809599783,-0.5
2014-06-11,900415.8002398068,4524.702513767874,0.0,0.005076142131979696,-1.258766857799132,-0.5
2014-06-12,897353.1614634809,-3062.638776325873,0.0,-0.003389830508474576,-1.2187244682874405,-0.5
2014-06-13,894321.5629450232,-3031.5985184577057,0.0,-0.003367003367003367,-1.0319192734384122,-0.5
2014-06-16,900323.7210855938,6002.158140570626,0.0,0.006756756756756757,-1.5603853832625927,-0.5
2014-06-17,902620.4652720366,2296.744186442841,0.0,0.002557544757033248,-1.7064235139891688,-0.5
2014-06-18,899791.7401671954,-2828.7251048411404,0.0,-0.0031241124680488497,-1.5342610495592612,-0.5
2014-06-19,890620.5899276657,-9171.150239529738,0.0,-0.010089686098654706,-1.4727404993646023,-0.5
2014-06-20,887902.2695921484,-2718.3203355172927,0.0,-0.003042876901798064,-1.2354853668425947,-0.5
2014-06-23,896472.7548198719,8570.48522772344,0.0,0.009746588693957116,-1.104948306895011,-0.5
2014-06-24,897985.3635175432,1512.6086976713248,0.0,0.0016901408450704224,-1.111660330869064,-0.5
2014-06-25,900012.4185141968,2027.0549966535962,0.0,0.002262443438914027,-1.137840448768595,-0.5
2014-06-26,898226.6795885734,-1785.7389256234062,0.0,-0.0019801980198019802,-1.4729793952731953,-0.5
2014-06-27,897973.0865113321,-253.5930772412686,0.0,-0.00028224668360146764,-1.6567374899963943,-0.5
2014-06-30,916976.4672924692,19003.380781137108,0.0,0.021620063418852697,-2.449947034493509,-0.5
2014-07-01,916976.4672924692,0.0,0.0,0.0,0.0,0.0
2014-07-02,916976.4672924692,0.0,0.0,0.0,0.0,0.0
2014-07-03,916976.4672924692,0.0,0.0,0.0,0.0,0.0
2014-07-07,916976.4672924692,0.0,0.0,0.0,0.0,0.0
2014-07-08,916976.4672924692,0.0,0.0,0.0,0.0,0.0
2014-07-09,916976.4672924692,0.0,0.0,0.0,0.0,0.0
2014-07-10,916976.4672924692,0.0,0.0,0.0,0.0,0.0
2014-07-11,916976.4672924692,0.0,0.0,0.0,0.0,0.0
2014-07-14,916976.4672924692,0.0,0.0,0.0,0.0,0.0
2014-07-15,916976.4672924692,0.0,0.0,0.0,0.0,0.0
2014-07-16,916976.4672924692,0.0,0.0,0.0,0.0,0.0
2014-07-17,916976.4672924692,0.0,0.0,0.0,0.0,0.0
2014-07-18,916976.4672924692,0.0,0.0,0.0,0.0,0.0
2014-07-21,916976.4672924692,0.0,0.0,0.0,0.0,0.0
2014-07-22,916976.4672924692,0.0,0.0,0.0,0.0,0.0
2014-07-23,916976.4672924692,0.0,0.0,0.0,0.0,0.0
2014-07-24,916976.4672924692,0.0,0.0,0.0,0.0,0.0
2014-07-25,916976.4672924692,0.0,0.0,0.0,0.0,0.0
2014-07-28,916976.4672924692,0.0,0.0,0.0,0.0,0.0
2014-07-29,916976.4672924692,0.0,0.0,0.0,0.0,0.0
2014-07-30,916976.4672924692,0.0,0.0,0.0,0.0,0.0
2014-07-31,916976.4672924692,0.0,0.0,0.0,0.0,0.0
2014-08-01,916976.4672924692,0.0,0.0,0.0,0.0,0.0
2014-08-04,916976.4672924692,0.0,0.0,0.0,0.0,0.0
2014-08-05,916976.4672924692,0.0,0.0,0.0,0.0,0.0
2014-08-06,916976.4672924692,0.0,0.0,0.0,0.0,0.0
2014-08-07,916976.4672924692,0.0,0.0,0.0,0.0,0.0
2014-08-08,916976.4672924692,0.0,0.0,0.0,0.0,0.0
2014-08-11,916976.4672924692,0.0,0.0,0.0,0.0,0.0
2014-08-12,916976.4672924692,0.0,0.0,0.0,0.0,0.0
2014-08-13,916976.4672924692,0.0,0.0,0.0,0.0,0.0
2014-08-14,916976.4672924692,0.0,0.0,0.0,0.0,0.0
2014-08-15,916976.4672924692,0.0,0.0,0.0,0.0,0.0
2014-08-18,916976.4672924692,0.0,0.0,0.0,0.0,0.0
2014-08-19,916976.4672924692,0.0,0.0,0.0,0.0,0.0
2014-08-20,916976.4672924692,0.0,0.0,0.0,0.0,0.0
2014-08-21,916976.4672924692,0.0,0.0,0.0,0.0,0.0
2014-08-22,916976.4672924692,0.0,0.0,0.0,0.0,0.0
2014-08-25,916976.4672924692,0.0,0.0,0.0,0.0,0.0
2014-08-26,916976.4672924692,0.0,0.0,0.0,0.0,0.0
2014-08-27,916976.4672924692,0.0,0.0,0.0,0.0,0.0
2014-08-28,916976.4672924692,0.0,0.0,0.0,0.0,0.0
2014-08-29,916976.4672924692,0.0,0.0,0.0,0.0,0.0
2014-09-02,916976.4672924692,0.0,0.0,0.0,0.0,0.0
2014-09-03,916976.4672924692,0.0,0.0,0.0,0.0,0.0
2014-09-04,916976.4672924692,0.0,0.0,0.0,0.0,0.0
2014-09-05,916976.4672924692,0.0,0.0,0.0,0.0,0.0
2014-09-08,916976.4672924692,0.0,0.0,0.0,0.0,0.0
2014-09-09,916976.4672924692,0.0,0.0,0.0,0.0,0.0
2014-09-10,916976.4672924692,0.0,0.0,0.0,0.0,0.0
2014-09-11,916976.4672924692,0.0,0.0,0.0,0.0,0.0
2014-09-12,916976.4672924692,0.0,0.0,0.0,0.0,0.0
2014-09-15,916976.4672924692,0.0,0.0,0.0,0.0,0.0
2014-09-16,916976.4672924692,0.0,0.0,0.0,0.0,0.0
2014-09-17,916976.4672924692,0.0,0.0,0.0,0.0,0.0
2014-09-18,916976.4672924692,0.0,0.0,0.0,0.0,0.0
2014-09-19,916976.4672924692,0.0,0.0,0.0,0.0,0.0
2014-09-22,916976.4672924692,0.0,0.0,0.0,0.0,0.0
2014-09-23,916976.4672924692,0.0,0.0,0.0,0.0,0.0
2014-09-24,916976.4672924692,0.0,0.0,0.0,0.0,0.0
2014-09-25,916976.4672924692,0.0,0.0,0.0,0.0,0.0
2014-09-26,916976.4672924692,0.0,0.0,0.0,0.0,0.0
2014-09-29,916976.4672924692,0.0,0.0,0.0,0.0,0.0
2014-09-30,916976.4672924692,0.0,0.0,0.0,0.0,0.0
2014-10-01,916976.4672924692,0.0,0.0,0.0,0.0,0.0
2014-10-02,916976.4672924692,0.0,0.0,0.0,0.0,0.0
2014-10-03,916976.4672924692,0.0,0.0,0.0,0.0,0.0
2014-10-06,916976.4672924692,0.0,0.0,0.0,0.0,0.0
2014-10-07,916976.4672924692,0.0,0.0,0.0,0.0,0.0
2014-10-08,916976.4672924692,0.0,0.0,0.0,0.0,0.0
2014-10-09,916976.4672924692,0.0,0.0,0.0,0.0,0.0
2014-10-10,916976.4672924692,0.0,0.0,0.0,0.0,0.0
2014-10-13,916976.4672924692,0.0,0.0,0.0,0.0,0.0
2014-10-14,916976.4672924692,0.0,0.0,0.0,0.0,0.0
2014-10-15,916976.4672924692,0.0,0.0,0.0,0.0,0.0
2014-10-16,916976.4672924692,0.0,0.0,0.0,0.0,0.0
2014-10-17,916976.4672924692,0.0,0.0,0.0,0.0,0.0
2014-10-20,916976.4672924692,0.0,0.0,0.0,0.0,0.0
2014-10-21,916976.4672924692,0.0,0.0,0.0,0.0,0.0
2014-10-22,916976.4672924692,0.0,0.0,0.0,0.0,0.0
2014-10-23,916976.4672924692,0.0,0.0,0.0,0.0,0.0
2014-10-24,916976.4672924692,0.0,0.0,0.0,0.0,0.0
2014-10-27,916976.4672924692,0.0,0.0,0.0,0.0,0.0
2014-10-28,916976.4672924692,0.0,0.0,0.0,0.0,0.0
2014-10-29,916976.4672924692,0.0,0.0,0.0,0.0,0.0
2014-10-30,916976.4672924692,0.0,0.0,0.0,0.0,0.0
2014-10-31,916976.4672924692,0.0,0.0,0.0,0.0,0.0
2014-11-03,916976.4672924692,0.0,0.0,0.0,0.0,0.0
2014-11-04,916976.4672924692,0.0,0.0,0.0,0.0,0.0
2014-11-05,916976.4672924692,0.0,0.0,0.0,0.0,0.0
2014-11-06,916976.4672924692,0.0,0.0,0.0,0.0,0.0
2014-11-07,916976.4672924692,0.0,0.0,0.0,0.0,0.0
2014-11-10,916976.4672924692,0.0,0.0,0.0,0.0,0.0
2014-11-11,916976.4672924692,0.0,0.0,0.0,0.0,0.0
2014-11-12,916976.4672924692,0.0,0.0,0.0,0.0,0.0
2014-11-13,916976.4672924692,0.0,0.0,0.0,0.0,0.0
2014-11-14,916976.4672924692,0.0,0.0,0.0,0.0,0.0
2014-11-17,916976.4672924692,0.0,0.0,0.0,0.0,0.0
2014-11-18,916976.4672924692,0.0,0.0,0.0,0.0,0.0
2014-11-19,916976.4672924692,0.0,0.0,0.0,0.0,0.0
2014-11-20,916976.4672924692,0.0,0.0,0.0,0.0,0.0
2014-11-21,916976.4672924692,0.0,0.0,0.0,0.0,0.0
2014-11-24,916976.4672924692,0.0,0.0,0.0,0.0,0.0
2014-11-25,916976.4672924692,0.0,0.0,0.0,0.0,0.0
2014-11-26,916976.4672924692,0.0,0.0,0.0,0.0,0.0
2014-11-28,916976.4672924692,0.0,0.0,0.0,0.0,0.0
2014-12-01,916976.4672924692,0.0,0.0,0.0,0.0,0.0
2014-12-02,916976.4672924692,0.0,0.0,0.0,0.0,0.0
2014-12-03,916976.4672924692,0.0,0.0,0.0,0.0,0.0
2014-12-04,916976.4672924692,0.0,0.0,0.0,0.0,0.0
2014-12-05,916976.4672924692,0.0,0.0,0.0,0.0,0.0
2014-12-08,916976.4672924692,0.0,0.0,0.0,0.0,0.0
2014-12-09,916976.4672924692,0.0,0.0,0.0,0.0,0.0
2014-12-10,916976.4672924692,0.0,0.0,0.0,0.0,0.0
2014-12-11,916976.4672924692,0.0,0.0,0.0,0.0,0.0
2014-12-12,916976.4672924692,0.0,0.0,0.0,0.0,0.0
2014-12-15,916976.4672924692,0.0,0.0,0.0,0.0,0.0
2014-12-16,916976.4672924692,0.0,0.0,0.0,0.0,0.0
2014-12-17,916976.4672924692,0.0,0.0,0.0,0.0,0.0
2014-12-18,916976.4672924692,0.0,0.0,0.0,0.0,0.0
2014-12-19,916976.4672924692,0.0,0.0,0.0,0.0,0.0
2014-12-22,916976.4672924692,0.0,0.0,0.0,0.0,0.0
2014-12-23,916976.4672924692,0.0,0.0,0.0,0.0,0.0
2014-12-24,916976.4672924692,0.0,0.0,0.0,0.0,0.0
2014-12-26,916976.4672924692,0.0,0.0,0.0,0.0,0.0
2014-12-29,916976.4672924692,0.0,0.0,0.0,0.0,0.0
2014-12-30,916976.4672924692,0.0,0.0,0.0,0.0,0.0
2014-12-31,916976.4672924692,0.0,0.0,0.0,0.0,0.0
2015-01-02,916976.4672924692,0.0,0.0,0.0,0.0,0.0
2015-01-05,916976.4672924692,0.0,0.0,0.0,0.0,0.0
2015-01-06,916976.4672924692,0.0,0.0,0.0,0.0,0.0
2015-01-07,916976.4672924692,0.0,0.0,0.0,0.0,0.0
2015-01-08,916976.4672924692,0.0,0.0,0.0,0.0,0.0
2015-01-09,916976.4672924692,0.0,0.0,0.0,0.0,0.0
2015-01-12,916976.4672924692,0.0,0.0,0.0,0.0,0.0
2015-01-13,916976.4672924692,0.0,0.0,0.0,0.0,0.0
2015-01-14,916976.4672924692,0.0,0.0,0.0,0.0,0.0
2015-01-15,916976.4672924692,0.0,0.0,0.0,0.0,0.0
2015-01-16,916976.4672924692,0.0,0.0,0.0,0.0,0.0
2015-01-20,916976.4672924692,0.0,0.0,0.0,0.0,0.0
2015-01-21,916976.4672924692,0.0,0.0,0.0,0.0,0.0
2015-01-22,916976.4672924692,0.0,0.0,0.0,0.0,0.0
2015-01-23,916976.4672924692,0.0,0.0,0.0,0.0,0.0
2015-01-26,916976.4672924692,0.0,0.0,0.0,0.0,0.0
2015-01-27,916976.4672924692,0.0,0.0,0.0,0.0,0.0
2015-01-28,916976.4672924692,0.0,0.0,0.0,0.0,0.0
2015-01-29,916976.4672924692,0.0,0.0,0.0,0.0,0.0
2015-01-30,916976.4672924692,0.0,0.0,0.0,0.0,0.0
2015-02-02,916976.4672924692,0.0,0.0,0.0,0.0,0.0
2015-02-03,916976.4672924692,0.0,0.0,0.0,0.0,0.0
2015-02-04,916976.4672924692,0.0,0.0,0.0,0.0,0.0
2015-02-05,916976.4672924692,0.0,0.0,0.0,0.0,0.0
2015-02-06,916976.4672924692,0.0,0.0,0.0,0.0,0.0
2015-02-09,916976.4672924692,0.0,0.0,0.0,0.0,0.0
2015-02-10,916976.4672924692,0.0,0.0,0.0,0.0,0.0
2015-02-11,916976.4672924692,0.0,0.0,0.0,0.0,0.0
2015-02-12,916976.4672924692,0.0,0.0,0.0,0.0,0.0
2015-02-13,916976.4672924692,0.0,0.0,0.0,0.0,0.0
2015-02-17,916976.4672924692,0.0,0.0,0.0,0.0,0.0
2015-02-18,916976.4672924692,0.0,0.0,0.0,0.0,0.0
2015-02-19,916976.4672924692,0.0,0.0,0.0,0.0,0.0
2015-02-20,916976.4672924692,0.0,0.0,0.0,0.0,0.0
2015-02-23,916976.4672924692,0.0,0.0,0.0,0.0,0.0
2015-02-24,916976.4672924692,0.0,0.0,0.0,0.0,0.0
2015-02-25,916976.4672924692,0.0,0.0,0.0,0.0,0.0
2015-02-26,916976.4672924692,0.0,0.0,0.0,0.0,0.0
2015-02-27,916976.4672924692,0.0,0.0,0.0,0.0,0.0
2015-03-02,916976.4672924692,0.0,0.0,0.0,0.0,0.0
2015-03-03,916976.4672924692,0.0,0.0,0.0,0.0,0.0
2015-03-04,916976.4672924692,0.0,0.0,0.0,0.0,0.0
2015-03-05,916976.4672924692,0.0,0.0,0.0,0.0,0.0
2015-03-06,916976.4672924692,0.0,0.0,0.0,0.0,0.0
2015-03-09,916976.4672924692,0.0,0.0,0.0,0.0,0.0
2015-03-10,916976.4672924692,0.0,0.0,0.0,0.0,0.0
2015-03-11,916976.4672924692,0.0,0.0,0.0,0.0,0.0
2015-03-12,916976.4672924692,0.0,0.0,0.0,0.0,0.0
2015-03-13,916976.4672924692,0.0,0.0,0.0,0.0,0.0
2015-03-16,916976.4672924692,0.0,0.0,0.0,0.0,0.0
2015-03-17,916976.4672924692,0.0,0.0,0.0,0.0,0.0
2015-03-18,916976.4672924692,0.0,0.0,0.0,0.0,0.0
2015-03-19,916976.4672924692,0.0,0.0,0.0,0.0,0.0
2015-03-20,916976.4672924692,0.0,0.0,0.0,0.0,0.0
2015-03-23,916976.4672924692,0.0,0.0,0.0,0.0,0.0
2015-03-24,916976.4672924692,0.0,0.0,0.0,0.0,0.0
2015-03-25,916976.4672924692,0.0,0.0,0.0,0.0,0.0
2015-03-26,916976.4672924692,0.0,0.0,0.0,0.0,0.0
2015-03-27,916976.4672924692,0.0,0.0,0.0,0.0,0.0
2015-03-30,916976.4672924692,0.0,0.0,0.0,0.0,0.0
2015-03-31,916976.4672924692,0.0,0.0,0.0,0.0,0.0
2015-04-01,916517.979058823,0.0,458.4882336462346,-0.0005,0.5581048356392722,0.5
2015-04-02,922219.9573175387,5701.978258715664,0.0,0.006260296540362439,0.5671072846392837,0.5
2015-04-06,920430.3972451243,-1789.56007241437,0.0,-0.001936733376371853,0.09461174040416981,0.5
2015-04-07,918039.6689405915,-2390.7283045327904,0.0,-0.0025906735751295333,0.029679045518901603,0.5
2015-04-08,912627.3097435475,-4494.319528103418,918.0396689405916,-0.005866839883078921,-0.08350743763882044,-0.5
2015-04-09,914131.3099244037,1504.0001808562088,0.0,0.001650709805216243,-0.11000087179874246,-0.5
2015-04-10,915340.4783237745,1209.1683993709044,0.0,0.0013245033112582781,-0.04491940479781366,-0.5
2015-04-13,922316.0040378971,7890.866192446332,915.3404783237745,0.00768695652173913,0.22627267503848505,0.5
2015-04-14,926050.0769287387,3734.0728908416886,0.0,0.004065040650406504,0.18910897866060514,0.5
2015-04-15,929149.3074405484,3099.230511809701,0.0,0.0033579583613163196,0.13403204026753457,0.5
2015-04-16,928529.0508549963,308.8927218884802,929.1493074405485,-0.0006677751912204855,-0.1931046404218822,-0.5
2015-04-17,924210.3110835777,-4318.739771418587,0.0,-0.004629629629629629,-0.4235573845787993,-0.5
2015-04-20,926339.8279293923,2129.516845814695,0.0,0.0023094688221709002,-0.8792620728557369,-0.5
2015-04-21,932466.4140929466,6126.586163554181,0.0,0.006657789613848202,-0.7487260217309726,-0.5
2015-04-22,933091.391582285,624.977489338436,0.0,0.000670690811535882,-0.5587488088759648,-0.5
2015-04-23,935283.2169987535,2191.8254164684545,0.0,0.002354524049781365,-0.23030647598740886,-0.5
2015-04-24,942231.3054692021,7883.371687447348,935.2832169987535,0.007492009520571234,0.024213686812050304,0.5
2015-04-27,936913.3209611733,-4846.868855294249,471.11565273460104,-0.005615148413510747,-0.5122210812775934,-0.5
2015-04-28,936444.8643006927,0.0,468.45666048058666,-0.0005,-0.4074120785503104,-0.5
2015-04-29,932878.072920046,-3566.7913806466827,0.0,-0.0037944118661607453,-0.4216064265627992,-0.5
2015-04-30,934480.9562068502,1602.8832868042027,0.0,0.001721170395869191,-0.35964005361518603,-0.5
2015-05-01,938025.5391441865,3544.5829373363285,0.0,0.0038075458636206297,-0.4761386313883123,-0.5
2015-05-04,939329.257753143,1303.7186089564789,0.0,0.0013917884481558802,-0.8446931340141859,-0.5
2015-05-05,936056.3335101006,-3272.92424304231,0.0,-0.003472222222222222,-0.976675639244077,-0.5
2015-05-06,929254.5400832106,-6801.793426890004,0.0,-0.007214015802129852,-1.0600409563589208,-0.5
2015-05-07,940347.2784539174,11092.738370706811,0.0,0.012081463583016913,-0.9539298868797123,-0.5
2015-05-08,939361.5894827916,-985.6889711256996,0.0,-0.0010471204188481676,-0.6882305317824039,-0.5
2015-05-11,939689.1214177577,327.53193496610584,0.0,0.0003487966515521451,-0.8449701105234125,-0.5
2015-05-12,941328.4953211383,1639.3739033805962,0.0,0.0017476406850751485,-0.6823008424404241,-0.5
2015-05-13,942646.8825694872,1318.387248348933,0.0,0.001402524544179523,-0.30005966557541436,-0.5
2015-05-14,936027.171315488,-6619.711253999208,0.0,-0.00697350069735007,-0.3710367340617912,-0.5
2015-05-15,930193.2069513333,-5833.9643641547045,0.0,-0.006194081211286993,-0.45144510028636003,-0.5
2015-05-18,927011.9716334423,-3181.2353178910166,0.0,-0.0034083162917518746,-0.5184283095624515,-0.5
2015-05-19,933642.122474038,7557.1628122291495,927.0119716334424,0.007210958904109589,0.3102186557861568,0.5
2015-05-20,931063.0005887507,-2579.1218852873976,0.0,-0.002754820936639118,0.4455086372778155,0.5
2015-05-21,937528.7158706171,6465.7152818663235,0.0,0.006993006993006992,0.19708065496065535,0.5
2015-05-22,930169.7575939888,-6421.4295607576505,937.5287158706171,-0.007795918367346937,-0.23426103067754844,-0.5
2015-05-26,936629.2697995026,6459.512205513811,0.0,0.006993006993006992,-1.5216482346712015,-0.5
2015-05-27,943884.8486500621,7255.578850559527,0.0,0.0078069552874379,-1.864725257860027,-0.5
2015-05-28,938483.5047379015,-5401.343912160584,0.0,-0.005689900426742532,-1.742986641232003,-0.5
2015-05-29,941138.3378488998,2654.833110998307,0.0,0.0028368794326241132,-1.731835396235243,-0.5
2015-06-01,940134.2784557466,-1004.0593931531648,0.0,-0.0010657193605683837,-1.0391727833026163,-0.5
2015-06-02,931126.6043896341,-9007.674066112548,0.0,-0.009490333919156416,-0.9052940356440041,-0.5
2015-06-03,931126.6043896341,0.0,0.0,0.0,-0.7322384962277858,-0.5
2015-06-04,925290.8526908132,-5835.751698820826,0.0,-0.0062283737024221445,-0.5724686088092631,-0.5
2015-06-05,929109.109304393,3818.2566135796965,0.0,0.004143646408839778,-0.6262938642056393,-0.5
2015-06-08,922988.0714830394,-6121.03782135349,0.0,-0.006544953496383051,-0.8233116767596577,-0.5
2015-06-09,923303.9469352923,315.87545225292246,0.0,0.00034234851078397807,-0.05668959725093133,-0.5
2015-06-10,933106.1463719341,9802.199436641802,0.0,0.010730356524749048,-0.19517831636526226,-0.5
2015-06-11,934085.6139853406,979.4676134065088,0.0,0.001050788091068301,-0.4830144137046649,-0.5
2015-06-12,938670.8869852686,4585.272999928039,0.0,0.004933051444679351,-0.6684580581954433,-0.5
2015-06-15,944986.3072588947,6315.420273626099,0.0,0.006773618538324421,-0.6008980528505126,-0.5
2015-06-16,937184.9127625003,-7801.39449639432,0.0,-0.008187967248131008,-0.8097845696852044,-0.5
2015-06-17,930235.4483670157,-6949.464395484642,0.0,-0.007360672975814932,-1.0726438194388452,-0.5
2015-06-18,931853.8120558936,1618.3636888778979,0.0,0.001742767514813524,-1.545702517962694,-0.5
2015-06-19,938035.8031274935,6181.991071599853,0.0,0.006678383128295255,-1.7804847822389498,-0.5
2015-06-22,929073.6776199059,-8962.125507587516,0.0,-0.009463722397476339,-2.686036669537114,-0.5
2015-06-23,919395.8268113652,-9677.850808540687,0.0,-0.010309278350515464,-2.611142840230379,-0.5
2015-06-24,920646.705487299,1250.8786759338302,0.0,0.0013623978201634877,-2.6749435942511592,-0.5
2015-06-25,908086.7231477724,-12559.98233952659,0.0,-0.013458950201884253,-2.719002698272235,-0.5
2015-06-26,897382.0328449553,-10250.646941243114,454.0433615738862,-0.011656598818122126,-2.7393807102825156,-0.5
2015-06-29,896933.3418285329,0.0,448.6910164224777,-0.0005,-2.756511940652685,-0.5
2015-06-30,860502.2264149867,-35982.64874263194,448.46667091426644,-0.03905079962370649,0.0,0.0
2015-07-01,860502.2264149867,0.0,0.0,0.0,0.0,0.0
2015-07-02,860502.2264149867,0.0,0.0,0.0,0.0,0.0
2015-07-06,860502.2264149867,0.0,0.0,0.0,0.0,0.0
2015-07-07,860502.2264149867,0.0,0.0,0.0,0.0,0.0
2015-07-08,860502.2264149867,0.0,0.0,0.0,0.0,0.0
2015-07-09,860502.2264149867,0.0,0.0,0.0,0.0,0.0
2015-07-10,860502.2264149867,0.0,0.0,0.0,0.0,0.0
2015-07-13,860502.2264149867,0.0,0.0,0.0,0.0,0.0
2015-07-14,860502.2264149867,0.0,0.0,0.0,0.0,0.0
2015-07-15,860502.2264149867,0.0,0.0,0.0,0.0,0.0
2015-07-16,860502.2264149867,0.0,0.0,0.0,0.0,0.0
2015-07-17,860502.2264149867,0.0,0.0,0.0,0.0,0.0
2015-07-20,860502.2264149867,0.0,0.0,0.0,0.0,0.0
2015-07-21,860502.2264149867,0.0,0.0,0.0,0.0,0.0
2015-07-22,860502.2264149867,0.0,0.0,0.0,0.0,0.0
2015-07-23,860502.2264149867,0.0,0.0,0.0,0.0,0.0
2015-07-24,860502.2264149867,0.0,0.0,0.0,0.0,0.0
2015-07-27,860502.2264149867,0.0,0.0,0.0,0.0,0.0
2015-07-28,860502.2264149867,0.0,0.0,0.0,0.0,0.0
2015-07-29,860502.2264149867,0.0,0.0,0.0,0.0,0.0
2015-07-30,860502.2264149867,0.0,0.0,0.0,0.0,0.0
2015-07-31,860502.2264149867,0.0,0.0,0.0,0.0,0.0
2015-08-03,860502.2264149867,0.0,0.0,0.0,0.0,0.0
2015-08-04,860502.2264149867,0.0,0.0,0.0,0.0,0.0
2015-08-05,860502.2264149867,0.0,0.0,0.0,0.0,0.0
2015-08-06,860502.2264149867,0.0,0.0,0.0,0.0,0.0
2015-08-07,860502.2264149867,0.0,0.0,0.0,0.0,0.0
2015-08-10,860502.2264149867,0.0,0.0,0.0,0.0,0.0
2015-08-11,860502.2264149867,0.0,0.0,0.0,0.0,0.0
2015-08-12,860502.2264149867,0.0,0.0,0.0,0.0,0.0
2015-08-13,860502.2264149867,0.0,0.0,0.0,0.0,0.0
2015-08-14,860502.2264149867,0.0,0.0,0.0,0.0,0.0
2015-08-17,860502.2264149867,0.0,0.0,0.0,0.0,0.0
2015-08-18,860502.2264149867,0.0,0.0,0.0,0.0,0.0
2015-08-19,860502.2264149867,0.0,0.0,0.0,0.0,0.0
2015-08-20,860502.2264149867,0.0,0.0,0.0,0.0,0.0
2015-08-21,860502.2264149867,0.0,0.0,0.0,0.0,0.0
2015-08-24,860502.2264149867,0.0,0.0,0.0,0.0,0.0
2015-08-25,860502.2264149867,0.0,0.0,0.0,0.0,0.0
2015-08-26,860502.2264149867,0.0,0.0,0.0,0.0,0.0
2015-08-27,860502.2264149867,0.0,0.0,0.0,0.0,0.0
2015-08-28,860502.2264149867,0.0,0.0,0.0,0.0,0.0
2015-08-31,860502.2264149867,0.0,0.0,0.0,0.0,0.0
2015-09-01,860502.2264149867,0.0,0.0,0.0,0.0,0.0
2015-09-02,860502.2264149867,0.0,0.0,0.0,0.0,0.0
2015-09-03,860502.2264149867,0.0,0.0,0.0,0.0,0.0
2015-09-04,860502.2264149867,0.0,0.0,0.0,0.0,0.0
2015-09-08,860502.2264149867,0.0,0.0,0.0,0.0,0.0
2015-09-09,860502.2264149867,0.0,0.0,0.0,0.0,0.0
2015-09-10,860502.2264149867,0.0,0.0,0.0,0.0,0.0
2015-09-11,860502.2264149867,0.0,0.0,0.0,0.0,0.0
2015-09-14,860502.2264149867,0.0,0.0,0.0,0.0,0.0
2015-09-15,860502.2264149867,0.0,0.0,0.0,0.0,0.0
2015-09-16,860502.2264149867,0.0,0.0,0.0,0.0,0.0
2015-09-17,860502.2264149867,0.0,0.0,0.0,0.0,0.0
2015-09-18,860502.2264149867,0.0,0.0,0.0,0.0,0.0
2015-09-21,860502.2264149867,0.0,0.0,0.0,0.0,0.0
2015-09-22,860502.2264149867,0.0,0.0,0.0,0.0,0.0
2015-09-23,860502.2264149867,0.0,0.0,0.0,0.0,0.0
2015-09-24,860502.2264149867,0.0,0.0,0.0,0.0,0.0
2015-09-25,860502.2264149867,0.0,0.0,0.0,0.0,0.0
2015-09-28,860502.2264149867,0.0,0.0,0.0,0.0,0.0
2015-09-29,860502.2264149867,0.0,0.0,0.0,0.0,0.0
2015-09-30,860502.2264149867,0.0,0.0,0.0,0.0,0.0
2015-10-01,860502.2264149867,0.0,0.0,0.0,0.0,0.0
2015-10-02,860502.2264149867,0.0,0.0,0.0,0.0,0.0
2015-10-05,860502.2264149867,0.0,0.0,0.0,0.0,0.0
2015-10-06,860502.2264149867,0.0,0.0,0.0,0.0,0.0
2015-10-07,860502.2264149867,0.0,0.0,0.0,0.0,0.0
2015-10-08,860502.2264149867,0.0,0.0,0.0,0.0,0.0
2015-10-09,860502.2264149867,0.0,0.0,0.0,0.0,0.0
2015-10-12,860502.2264149867,0.0,0.0,0.0,0.0,0.0
2015-10-13,860502.2264149867,0.0,0.0,0.0,0.0,0.0
2015-10-14,860502.2264149867,0.0,0.0,0.0,0.0,0.0
2015-10-15,860502.2264149867,0.0,0.0,0.0,0.0,0.0
2015-10-16,860502.2264149867,0.0,0.0,0.0,0.0,0.0
2015-10-19,860502.2264149867,0.0,0.0,0.0,0.0,0.0
2015-10-20,860502.2264149867,0.0,0.0,0.0,0.0,0.0
2015-10-21,860502.2264149867,0.0,0.0,0.0,0.0,0.0
2015-10-22,860502.2264149867,0.0,0.0,0.0,0.0,0.0
2015-10-23,860502.2264149867,0.0,0.0,0.0,0.0,0.0
2015-10-26,860502.2264149867,0.0,0.0,0.0,0.0,0.0
2015-10-27,860502.2264149867,0.0,0.0,0.0,0.0,0.0
2015-10-28,860502.2264149867,0.0,0.0,0.0,0.0,0.0
2015-10-29,860502.2264149867,0.0,0.0,0.0,0.0,0.0
2015-10-30,860502.2264149867,0.0,0.0,0.0,0.0,0.0
2015-11-02,860502.2264149867,0.0,0.0,0.0,0.0,0.0
2015-11-03,860502.2264149867,0.0,0.0,0.0,0.0,0.0
2015-11-04,860502.2264149867,0.0,0.0,0.0,0.0,0.0
2015-11-05,860502.2264149867,0.0,0.0,0.0,0.0,0.0
2015-11-06,860502.2264149867,0.0,0.0,0.0,0.0,0.0
2015-11-09,860502.2264149867,0.0,0.0,0.0,0.0,0.0
2015-11-10,860502.2264149867,0.0,0.0,0.0,0.0,0.0
2015-11-11,860502.2264149867,0.0,0.0,0.0,0.0,0.0
2015-11-12,860502.2264149867,0.0,0.0,0.0,0.0,0.0
2015-11-13,860502.2264149867,0.0,0.0,0.0,0.0,0.0
2015-11-16,860502.2264149867,0.0,0.0,0.0,0.0,0.0
2015-11-17,860502.2264149867,0.0,0.0,0.0,0.0,0.0
2015-11-18,860502.2264149867,0.0,0.0,0.0,0.0,0.0
2015-11-19,860502.2264149867,0.0,0.0,0.0,0.0,0.0
2015-11-20,860502.2264149867,0.0,0.0,0.0,0.0,0.0
2015-11-23,860502.2264149867,0.0,0.0,0.0,0.0,0.0
2015-11-24,860502.2264149867,0.0,0.0,0.0,0.0,0.0
2015-11-25,860502.2264149867,0.0,0.0,0.0,0.0,0.0
2015-11-27,860502.2264149867,0.0,0.0,0.0,0.0,0.0
2015-11-30,860502.2264149867,0.0,0.0,0.0,0.0,0.0
2015-12-01,860502.2264149867,0.0,0.0,0.0,0.0,0.0
2015-12-02,860502.2264149867,0.0,0.0,0.0,0.0,0.0
2015-12-03,860502.2264149867,0.0,0.0,0.0,0.0,0.0
2015-12-04,860502.2264149867,0.0,0.0,0.0,0.0,0.0
2015-12-07,860502.2264149867,0.0,0.0,0.0,0.0,0.0
2015-12-08,860502.2264149867,0.0,0.0,0.0,0.0,0.0
2015-12-09,860502.2264149867,0.0,0.0,0.0,0.0,0.0
2015-12-10,860502.2264149867,0.0,0.0,0.0,0.0,0.0
2015-12-11,860502.2264149867,0.0,0.0,0.0,0.0,0.0
2015-12-14,860502.2264149867,0.0,0.0,0.0,0.0,0.0
2015-12-15,860502.2264149867,0.0,0.0,0.0,0.0,0.0
2015-12-16,860502.2264149867,0.0,0.0,0.0,0.0,0.0
2015-12-17,860502.2264149867,0.0,0.0,0.0,0.0,0.0
2015-12-18,860502.2264149867,0.0,0.0,0.0,0.0,0.0
2015-12-21,860502.2264149867,0.0,0.0,0.0,0.0,0.0
2015-12-22,860502.2264149867,0.0,0.0,0.0,0.0,0.0
2015-12-23,860502.2264149867,0.0,0.0,0.0,0.0,0.0
2015-12-24,860502.2264149867,0.0,0.0,0.0,0.0,0.0
2015-12-28,860502.2264149867,0.0,0.0,0.0,0.0,0.0
2015-12-29,860502.2264149867,0.0,0.0,0.0,0.0,0.0
2015-12-30,860502.2264149867,0.0,0.0,0.0,0.0,0.0
2015-12-31,860502.2264149867,0.0,0.0,0.0,0.0,0.0
2016-01-04,860502.2264149867,0.0,0.0,0.0,0.0,0.0
2016-01-05,860502.2264149867,0.0,0.0,0.0,0.0,0.0
2016-01-06,860502.2264149867,0.0,0.0,0.0,0.0,0.0
2016-01-07,860502.2264149867,0.0,0.0,0.0,0.0,0.0
2016-01-08,860502.2264149867,0.0,0.0,0.0,0.0,0.0
2016-01-11,860502.2264149867,0.0,0.0,0.0,0.0,0.0
2016-01-12,860502.2264149867,0.0,0.0,0.0,0.0,0.0
2016-01-13,860502.2264149867,0.0,0.0,0.0,0.0,0.0
2016-01-14,860502.2264149867,0.0,0.0,0.0,0.0,0.0
2016-01-15,860502.2264149867,0.0,0.0,0.0,0.0,0.0
2016-01-19,860502.2264149867,0.0,0.0,0.0,0.0,0.0
2016-01-20,860502.2264149867,0.0,0.0,0.0,0.0,0.0
2016-01-21,860502.2264149867,0.0,0.0,0.0,0.0,0.0
2016-01-22,860502.2264149867,0.0,0.0,0.0,0.0,0.0
2016-01-25,860502.2264149867,0.0,0.0,0.0,0.0,0.0
2016-01-26,860502.2264149867,0.0,0.0,0.0,0.0,0.0
2016-01-27,860502.2264149867,0.0,0.0,0.0,0.0,0.0
2016-01-28,860502.2264149867,0.0,0.0,0.0,0.0,0.0
2016-01-29,860502.2264149867,0.0,0.0,0.0,0.0,0.0
2016-02-01,860502.2264149867,0.0,0.0,0.0,0.0,0.0
2016-02-02,860502.2264149867,0.0,0.0,0.0,0.0,0.0
2016-02-03,860502.2264149867,0.0,0.0,0.0,0.0,0.0
2016-02-04,860502.2264149867,0.0,0.0,0.0,0.0,0.0
2016-02-05,860502.2264149867,0.0,0.0,0.0,0.0,0.0
2016-02-08,860502.2264149867,0.0,0.0,0.0,0.0,0.0
2016-02-09,860502.2264149867,0.0,0.0,0.0,0.0,0.0
2016-02-10,860502.2264149867,0.0,0.0,0.0,0.0,0.0
2016-02-11,860502.2264149867,0.0,0.0,0.0,0.0,0.0
2016-02-12,860502.2264149867,0.0,0.0,0.0,0.0,0.0
2016-02-16,860502.2264149867,0.0,0.0,0.0,0.0,0.0
2016-02-17,860502.2264149867,0.0,0.0,0.0,0.0,0.0
2016-02-18,860502.2264149867,0.0,0.0,0.0,0.0,0.0
2016-02-19,860502.2264149867,0.0,0.0,0.0,0.0,0.0
2016-02-22,860502.2264149867,0.0,0.0,0.0,0.0,0.0
2016-02-23,860502.2264149867,0.0,0.0,0.0,0.0,0.0
2016-02-24,860502.2264149867,0.0,0.0,0.0,0.0,0.0
2016-02-25,860502.2264149867,0.0,0.0,0.0,0.0,0.0
2016-02-26,860502.2264149867,0.0,0.0,0.0,0.0,0.0
2016-02-29,860502.2264149867,0.0,0.0,0.0,0.0,0.0
2016-03-01,860502.2264149867,0.0,0.0,0.0,0.0,0.0
2016-03-02,860502.2264149867,0.0,0.0,0.0,0.0,0.0
2016-03-03,860502.2264149867,0.0,0.0,0.0,0.0,0.0
2016-03-04,860502.2264149867,0.0,0.0,0.0,0.0,0.0
2016-03-07,860502.2264149867,0.0,0.0,0.0,0.0,0.0
2016-03-08,860502.2264149867,0.0,0.0,0.0,0.0,0.0
2016-03-09,860502.2264149867,0.0,0.0,0.0,0.0,0.0
2016-03-10,860502.2264149867,0.0,0.0,0.0,0.0,0.0
2016-03-11,860502.2264149867,0.0,0.0,0.0,0.0,0.0
2016-03-14,860502.2264149867,0.0,0.0,0.0,0.0,0.0
2016-03-15,860502.2264149867,0.0,0.0,0.0,0.0,0.0
2016-03-16,860502.2264149867,0.0,0.0,0.0,0.0,0.0
2016-03-17,860502.2264149867,0.0,0.0,0.0,0.0,0.0
2016-03-18,860502.2264149867,0.0,0.0,0.0,0.0,0.0
2016-03-21,860502.2264149867,0.0,0.0,0.0,0.0,0.0
2016-03-22,860502.2264149867,0.0,0.0,0.0,0.0,0.0
2016-03-23,860502.2264149867,0.0,0.0,0.0,0.0,0.0
2016-03-24,860502.2264149867,0.0,0.0,0.0,0.0,0.0
2016-03-28,860502.2264149867,0.0,0.0,0.0,0.0,0.0
2016-03-29,860502.2264149867,0.0,0.0,0.0,0.0,0.0
2016-03-30,860502.2264149867,0.0,0.0,0.0,0.0,0.0
2016-03-31,860502.2264149867,0.0,0.0,0.0,0.0,0.0
2016-04-01,860071.9753017791,0.0,430.25111320749335,-0.0005,1.2589524605345142,0.5
2016-04-04,860679.3707645629,607.3954627837423,0.0,0.000706713780918728,1.3427781491960826,0.5
2016-04-05,863410.7227874405,2731.3520228776674,0.0,0.0031835868411743892,1.4874680703329424,0.5
2016-04-06,864923.3554482454,1512.6326608049062,0.0,0.0017550017550017549,1.4436946466137595,0.5
2016-04-07,869151.332744431,4227.977296185557,0.0,0.004912280701754385,1.3686068474054114,0.5
2016-04-08,870052.9420107633,901.6092663323973,0.0,0.0010384215991692627,1.5276422401140815,0.5
2016-04-11,863447.9852391151,-6604.956771648307,0.0,-0.007534246575342466,1.6773723572090296,0.5
2016-04-12,870708.9353602569,7260.950121141824,0.0,0.008480565371024736,1.6214571366181614,0.5
2016-04-13,883610.5494955054,12901.614135248466,0.0,0.01504022385449458,1.164946194387945,0.5
2016-04-14,884201.988952999,591.4394574936448,0.0,0.0006697923643670461,0.8668856939420543,0.5
2016-04-15,889521.3859453633,5319.396992364299,0.0,0.006052454606590451,0.8070303155868647,0.5
2016-04-18,892459.0391354074,2937.6531900441328,0.0,0.003313452617627568,1.1915638456474114,0.5
2016-04-19,896558.2604437722,4099.221308364732,0.0,0.004614370468029005,1.116563690364441,0.5
2016-04-20,908508.4843313517,11950.22388757954,0.0,0.013509060955518947,1.237602084012633,0.5
2016-04-21,896713.4090122937,-11795.07531905808,0.0,-0.012816505157861832,1.4719509117875682,0.5
2016-04-22,881845.924012415,-14867.48499987873,0.0,-0.016309561880396548,1.4039173635039484,0.5
2016-04-25,888072.8118416889,6226.887829273946,0.0,0.007111412123264478,0.7575172024464958,0.5
2016-04-26,894256.3426933718,6183.530851682847,0.0,0.007011686143572621,0.8175117374769036,0.5
2016-04-27,892501.752092927,-1754.5906004448107,0.0,-0.0019582245430809398,1.2224543200718718,0.5
2016-04-28,899826.9470378788,7325.194944951798,0.0,0.00827540549486925,1.5059985683626371,0.5
2016-04-29,903605.2901617459,3778.3431238670623,0.0,0.0042166720726565035,1.3977938955322327,0.5
2016-05-02,903605.2901617459,0.0,0.0,0.0,1.5369980279106983,0.5
2016-05-03,889712.5758991693,-13892.71426257649,0.0,-0.015141955835962145,1.5580991477587032,0.5
2016-05-04,883832.1226546275,-5880.453244541767,0.0,-0.006565988181221274,1.4905633498862556,0.5
2016-05-05,882056.1706332184,-1775.9520214091644,0.0,-0.0020053475935828875,1.1375683616196937,0.5
2016-05-06,887098.1864034822,5042.015770263857,0.0,0.0057490700033818055,0.9998220575295091,0.5
2016-05-09,877366.0586936036,-9732.127709878629,0.0,-0.010851693521867807,1.3091689548029695,0.5
2016-05-10,889750.876862022,12823.501197765112,438.6830293468018,0.014325284580889965,0.0,0.0
2016-05-11,889306.0014235909,0.0,444.875438431011,-0.0005,0.8542585689165815,0.5
2016-05-12,902236.6057972313,13375.257374352135,444.65300071179547,0.014762130980658296,0.0,0.0
2016-05-13,902236.6057972313,0.0,0.0,0.0,0.0,0.0
2016-05-16,902236.6057972313,0.0,0.0,0.0,0.0,0.0
2016-05-17,902236.6057972313,0.0,0.0,0.0,0.0,0.0
2016-05-18,902236.6057972313,0.0,0.0,0.0,0.0,0.0
2016-05-19,902236.6057972313,0.0,0.0,0.0,0.0,0.0
2016-05-20,901785.4874943327,0.0,451.11830289861564,-0.0005,-0.11569649378674626,-0.5
2016-05-23,897169.1230025842,-3714.5790042542226,901.7854874943328,-0.005098138213947618,0.08968770584470818,0.5
2016-05-24,896887.1716754306,-281.9513271535463,0.0,-0.00031416902293433867,0.09932165227483003,0.5
2016-05-25,905066.3314171248,8179.159741694179,0.0,0.009203427483338623,0.2826975921174627,0.5
2016-05-26,908979.5274146047,3913.195997479848,0.0,0.004342431761786601,0.487610901861457,0.5
2016-05-27,913989.2125013968,5009.685086792065,0.0,0.005541871921182266,0.4034033437025804,0.5
2016-05-31,905131.6550210683,-8857.557480328496,0.0,-0.009598080383923215,0.6151294217265856,0.5
2016-06-01,915194.8852807219,10063.230259653632,0.0,0.011242973141786385,0.7283032842559017,0.5
2016-06-02,916853.8488189952,1658.963538273212,0.0,0.0018159806295399517,0.7583524141263118,0.5
2016-06-03,920165.7832518151,3311.9344328199704,0.0,0.0036253776435045317,0.8527024452745625,0.5
2016-06-06,930065.9530656422,9900.169813827062,0.0,0.010876132930513597,0.8259274748792458,0.5
2016-06-07,930610.1695390568,544.2164734146531,0.0,0.000585480093676815,0.614559504854744,0.5
2016-06-08,934417.4583682639,3807.2888292071293,0.0,0.004107981220657277,0.3193891779001551,0.5
2016-06-09,928336.9737478675,-5146.06716202812,934.417458368264,-0.00647160565004324,-0.22574337435344757,-0.5
2016-06-10,931681.9253174034,3809.120056409773,464.1684868739338,0.0036180105944673335,-0.6072754361713989,-0.5
2016-06-13,931216.0843547446,0.0,465.8409626587017,-0.0005,-1.9568412183700743,-0.5
2016-06-14,924177.8232520635,-7038.261102681209,0.0,-0.0075014425851125215,-1.819417730063239,-0.5
2016-06-15,932117.4952731293,7939.672021065838,0.0,0.008665511265164644,-1.9471992446910609,-0.5
2016-06-16,936191.4353748475,4073.9401017182226,0.0,0.004389815627743635,-1.939956092572063,-0.5
2016-06-17,922432.0080471749,-13759.427327672656,0.0,-0.014484356894553883,-2.0930254896695812,-0.5
2016-06-20,939816.5061999771,17384.49815280227,0.0,0.01920838183934808,-1.987777198891736,-0.5
2016-06-21,967234.3281011791,27887.730154301993,469.9082530999886,0.030065749235474008,0.0,0.0
2016-06-22,967234.3281011791,0.0,0.0,0.0,0.0,0.0
2016-06-23,967234.3281011791,0.0,0.0,0.0,0.0,0.0
2016-06-24,967234.3281011791,0.0,0.0,0.0,0.0,0.0
2016-06-27,967234.3281011791,0.0,0.0,0.0,0.0,0.0
2016-06-28,967234.3281011791,0.0,0.0,0.0,0.0,0.0
2016-06-29,967234.3281011791,0.0,0.0,0.0,0.0,0.0
2016-06-30,967234.3281011791,0.0,0.0,0.0,0.0,0.0
2016-07-01,967234.3281011791,0.0,0.0,0.0,0.0,0.0
2016-07-05,967234.3281011791,0.0,0.0,0.0,0.0,0.0
2016-07-06,967234.3281011791,0.0,0.0,0.0,0.0,0.0
2016-07-07,967234.3281011791,0.0,0.0,0.0,0.0,0.0
2016-07-08,967234.3281011791,0.0,0.0,0.0,0.0,0.0
2016-07-11,967234.3281011791,0.0,0.0,0.0,0.0,0.0
2016-07-12,967234.3281011791,0.0,0.0,0.0,0.0,0.0
2016-07-13,967234.3281011791,0.0,0.0,0.0,0.0,0.0
2016-07-14,967234.3281011791,0.0,0.0,0.0,0.0,0.0
2016-07-15,967234.3281011791,0.0,0.0,0.0,0.0,0.0
2016-07-18,967234.3281011791,0.0,0.0,0.0,0.0,0.0
2016-07-19,967234.3281011791,0.0,0.0,0.0,0.0,0.0
2016-07-20,967234.3281011791,0.0,0.0,0.0,0.0,0.0
2016-07-21,967234.3281011791,0.0,0.0,0.0,0.0,0.0
2016-07-22,967234.3281011791,0.0,0.0,0.0,0.0,0.0
2016-07-25,967234.3281011791,0.0,0.0,0.0,0.0,0.0
2016-07-26,967234.3281011791,0.0,0.0,0.0,0.0,0.0
2016-07-27,967234.3281011791,0.0,0.0,0.0,0.0,0.0
2016-07-28,967234.3281011791,0.0,0.0,0.0,0.0,0.0
2016-07-29,967234.3281011791,0.0,0.0,0.0,0.0,0.0
2016-08-01,967234.3281011791,0.0,0.0,0.0,0.0,0.0
2016-08-02,967234.3281011791,0.0,0.0,0.0,0.0,0.0
2016-08-03,967234.3281011791,0.0,0.0,0.0,0.0,0.0
2016-08-04,967234.3281011791,0.0,0.0,0.0,0.0,0.0
2016-08-05,967234.3281011791,0.0,0.0,0.0,0.0,0.0
2016-08-08,967234.3281011791,0.0,0.0,0.0,0.0,0.0
2016-08-09,967234.3281011791,0.0,0.0,0.0,0.0,0.0
2016-08-10,967234.3281011791,0.0,0.0,0.0,0.0,0.0
2016-08-11,967234.3281011791,0.0,0.0,0.0,0.0,0.0
2016-08-12,967234.3281011791,0.0,0.0,0.0,0.0,0.0
2016-08-15,967234.3281011791,0.0,0.0,0.0,0.0,0.0
2016-08-16,967234.3281011791,0.0,0.0,0.0,0.0,0.0
2016-08-17,967234.3281011791,0.0,0.0,0.0,0.0,0.0
2016-08-18,967234.3281011791,0.0,0.0,0.0,0.0,0.0
2016-08-19,967234.3281011791,0.0,0.0,0.0,0.0,0.0
2016-08-22,967234.3281011791,0.0,0.0,0.0,0.0,0.0
2016-08-23,967234.3281011791,0.0,0.0,0.0,0.0,0.0
2016-08-24,967234.3281011791,0.0,0.0,0.0,0.0,0.0
2016-08-25,967234.3281011791,0.0,0.0,0.0,0.0,0.0
2016-08-26,967234.3281011791,0.0,0.0,0.0,0.0,0.0
2016-08-29,967234.3281011791,0.0,0.0,0.0,0.0,0.0
2016-08-30,967234.3281011791,0.0,0.0,0.0,0.0,0.0
2016-08-31,967234.3281011791,0.0,0.0,0.0,0.0,0.0
2016-09-01,967234.3281011791,0.0,0.0,0.0,0.0,0.0
2016-09-02,967234.3281011791,0.0,0.0,0.0,0.0,0.0
2016-09-06,967234.3281011791,0.0,0.0,0.0,0.0,0.0
2016-09-07,967234.3281011791,0.0,0.0,0.0,0.0,0.0
2016-09-08,967234.3281011791,0.0,0.0,0.0,0.0,0.0
2016-09-09,967234.3281011791,0.0,0.0,0.0,0.0,0.0
2016-09-12,967234.3281011791,0.0,0.0,0.0,0.0,0.0
2016-09-13,967234.3281011791,0.0,0.0,0.0,0.0,0.0
2016-09-14,967234.3281011791,0.0,0.0,0.0,0.0,0.0
2016-09-15,967234.3281011791,0.0,0.0,0.0,0.0,0.0
2016-09-16,967234.3281011791,0.0,0.0,0.0,0.0,0.0
2016-09-19,967234.3281011791,0.0,0.0,0.0,0.0,0.0
2016-09-20,967234.3281011791,0.0,0.0,0.0,0.0,0.0
2016-09-21,967234.3281011791,0.0,0.0,0.0,0.0,0.0
2016-09-22,967234.3281011791,0.0,0.0,0.0,0.0,0.0
2016-09-23,967234.3281011791,0.0,0.0,0.0,0.0,0.0
2016-09-26,967234.3281011791,0.0,0.0,0.0,0.0,0.0
2016-09-27,967234.3281011791,0.0,0.0,0.0,0.0,0.0
2016-09-28,967234.3281011791,0.0,0.0,0.0,0.0,0.0
2016-09-29,967234.3281011791,0.0,0.0,0.0,0.0,0.0
2016-09-30,967234.3281011791,0.0,0.0,0.0,0.0,0.0
2016-10-03,967234.3281011791,0.0,0.0,0.0,0.0,0.0
2016-10-04,967234.3281011791,0.0,0.0,0.0,0.0,0.0
2016-10-05,967234.3281011791,0.0,0.0,0.0,0.0,0.0
2016-10-06,967234.3281011791,0.0,0.0,0.0,0.0,0.0
2016-10-07,967234.3281011791,0.0,0.0,0.0,0.0,0.0
2016-10-11,967234.3281011791,0.0,0.0,0.0,0.0,0.0
2016-10-12,967234.3281011791,0.0,0.0,0.0,0.0,0.0
2016-10-13,967234.3281011791,0.0,0.0,0.0,0.0,0.0
2016-10-14,967234.3281011791,0.0,0.0,0.0,0.0,0.0
2016-10-17,967234.3281011791,0.0,0.0,0.0,0.0,0.0
2016-10-18,967234.3281011791,0.0,0.0,0.0,0.0,0.0
2016-10-19,967234.3281011791,0.0,0.0,0.0,0.0,0.0
2016-10-20,967234.3281011791,0.0,0.0,0.0,0.0,0.0
2016-10-21,967234.3281011791,0.0,0.0,0.0,0.0,0.0
2016-10-24,967234.3281011791,0.0,0.0,0.0,0.0,0.0
2016-10-25,967234.3281011791,0.0,0.0,0.0,0.0,0.0
2016-10-26,967234.3281011791,0.0,0.0,0.0,0.0,0.0
2016-10-27,967234.3281011791,0.0,0.0,0.0,0.0,0.0
2016-10-28,967234.3281011791,0.0,0.0,0.0,0.0,0.0
2016-10-31,967234.3281011791,0.0,0.0,0.0,0.0,0.0
2016-11-01,967234.3281011791,0.0,0.0,0.0,0.0,0.0
2016-11-02,967234.3281011791,0.0,0.0,0.0,0.0,0.0
2016-11-03,967234.3281011791,0.0,0.0,0.0,0.0,0.0
2016-11-04,967234.3281011791,0.0,0.0,0.0,0.0,0.0
2016-11-07,967234.3281011791,0.0,0.0,0.0,0.0,0.0
2016-11-08,967234.3281011791,0.0,0.0,0.0,0.0,0.0
2016-11-09,967234.3281011791,0.0,0.0,0.0,0.0,0.0
2016-11-10,967234.3281011791,0.0,0.0,0.0,0.0,0.0
2016-11-14,967234.3281011791,0.0,0.0,0.0,0.0,0.0
2016-11-15,967234.3281011791,0.0,0.0,0.0,0.0,0.0
2016-11-16,967234.3281011791,0.0,0.0,0.0,0.0,0.0
2016-11-17,967234.3281011791,0.0,0.0,0.0,0.0,0.0
2016-11-18,967234.3281011791,0.0,0.0,0.0,0.0,0.0
2016-11-21,967234.3281011791,0.0,0.0,0.0,0.0,0.0
2016-11-22,967234.3281011791,0.0,0.0,0.0,0.0,0.0
2016-11-23,967234.3281011791,0.0,0.0,0.0,0.0,0.0
2016-11-25,967234.3281011791,0.0,0.0,0.0,0.0,0.0
2016-11-28,967234.3281011791,0.0,0.0,0.0,0.0,0.0
2016-11-29,967234.3281011791,0.0,0.0,0.0,0.0,0.0
2016-11-30,967234.3281011791,0.0,0.0,0.0,0.0,0.0
2016-12-01,967234.3281011791,0.0,0.0,0.0,0.0,0.0
2016-12-02,967234.3281011791,0.0,0.0,0.0,0.0,0.0
2016-12-05,967234.3281011791,0.0,0.0,0.0,0.0,0.0
2016-12-06,967234.3281011791,0.0,0.0,0.0,0.0,0.0
2016-12-07,967234.3281011791,0.0,0.0,0.0,0.0,0.0
2016-12-08,967234.3281011791,0.0,0.0,0.0,0.0,0.0
2016-12-09,967234.3281011791,0.0,0.0,0.0,0.0,0.0
2016-12-12,967234.3281011791,0.0,0.0,0.0,0.0,0.0
2016-12-13,967234.3281011791,0.0,0.0,0.0,0.0,0.0
2016-12-14,967234.3281011791,0.0,0.0,0.0,0.0,0.0
2016-12-15,967234.3281011791,0.0,0.0,0.0,0.0,0.0
2016-12-16,967234.3281011791,0.0,0.0,0.0,0.0,0.0
2016-12-19,967234.3281011791,0.0,0.0,0.0,0.0,0.0
2016-12-20,967234.3281011791,0.0,0.0,0.0,0.0,0.0
2016-12-21,967234.3281011791,0.0,0.0,0.0,0.0,0.0
2016-12-22,967234.3281011791,0.0,0.0,0.0,0.0,0.0
2016-12-23,967234.3281011791,0.0,0.0,0.0,0.0,0.0
2016-12-27,967234.3281011791,0.0,0.0,0.0,0.0,0.0
2016-12-28,967234.3281011791,0.0,0.0,0.0,0.0,0.0
2016-12-29,967234.3281011791,0.0,0.0,0.0,0.0,0.0
2016-12-30,967234.3281011791,0.0,0.0,0.0,0.0,0.0
2017-01-03,967234.3281011791,0.0,0.0,0.0,0.0,0.0
2017-01-04,967234.3281011791,0.0,0.0,0.0,0.0,0.0
2017-01-05,967234.3281011791,0.0,0.0,0.0,0.0,0.0
2017-01-06,967234.3281011791,0.0,0.0,0.0,0.0,0.0
2017-01-09,967234.3281011791,0.0,0.0,0.0,0.0,0.0
2017-01-10,967234.3281011791,0.0,0.0,0.0,0.0,0.0
2017-01-11,967234.3281011791,0.0,0.0,0.0,0.0,0.0
2017-01-12,967234.3281011791,0.0,0.0,0.0,0.0,0.0
2017-01-13,967234.3281011791,0.0,0.0,0.0,0.0,0.0
2017-01-17,967234.3281011791,0.0,0.0,0.0,0.0,0.0
2017-01-18,967234.3281011791,0.0,0.0,0.0,0.0,0.0
2017-01-19,967234.3281011791,0.0,0.0,0.0,0.0,0.0
2017-01-20,967234.3281011791,0.0,0.0,0.0,0.0,0.0
2017-01-23,967234.3281011791,0.0,0.0,0.0,0.0,0.0
2017-01-24,967234.3281011791,0.0,0.0,0.0,0.0,0.0
2017-01-25,967234.3281011791,0.0,0.0,0.0,0.0,0.0
2017-01-26,967234.3281011791,0.0,0.0,0.0,0.0,0.0
2017-01-27,967234.3281011791,0.0,0.0,0.0,0.0,0.0
2017-01-30,967234.3281011791,0.0,0.0,0.0,0.0,0.0
2017-01-31,967234.3281011791,0.0,0.0,0.0,0.0,0.0
2017-02-01,967234.3281011791,0.0,0.0,0.0,0.0,0.0
2017-02-02,967234.3281011791,0.0,0.0,0.0,0.0,0.0
2017-02-03,967234.3281011791,0.0,0.0,0.0,0.0,0.0
2017-02-06,967234.3281011791,0.0,0.0,0.0,0.0,0.0
2017-02-07,967234.3281011791,0.0,0.0,0.0,0.0,0.0
2017-02-08,967234.3281011791,0.0,0.0,0.0,0.0,0.0
2017-02-09,967234.3281011791,0.0,0.0,0.0,0.0,0.0
2017-02-10,967234.3281011791,0.0,0.0,0.0,0.0,0.0
2017-02-13,967234.3281011791,0.0,0.0,0.0,0.0,0.0
2017-02-14,967234.3281011791,0.0,0.0,0.0,0.0,0.0
2017-02-15,967234.3281011791,0.0,0.0,0.0,0.0,0.0
2017-02-16,967234.3281011791,0.0,0.0,0.0,0.0,0.0
2017-02-17,967234.3281011791,0.0,0.0,0.0,0.0,0.0
2017-02-21,967234.3281011791,0.0,0.0,0.0,0.0,0.0
2017-02-22,967234.3281011791,0.0,0.0,0.0,0.0,0.0
2017-02-23,967234.3281011791,0.0,0.0,0.0,0.0,0.0
2017-02-24,967234.3281011791,0.0,0.0,0.0,0.0,0.0
2017-02-27,967234.3281011791,0.0,0.0,0.0,0.0,0.0
2017-02-28,967234.3281011791,0.0,0.0,0.0,0.0,0.0
2017-03-01,967234.3281011791,0.0,0.0,0.0,0.0,0.0
2017-03-02,967234.3281011791,0.0,0.0,0.0,0.0,0.0
2017-03-03,967234.3281011791,0.0,0.0,0.0,0.0,0.0
2017-03-06,967234.3281011791,0.0,0.0,0.0,0.0,0.0
2017-03-07,967234.3281011791,0.0,0.0,0.0,0.0,0.0
2017-03-08,967234.3281011791,0.0,0.0,0.0,0.0,0.0
2017-03-09,967234.3281011791,0.0,0.0,0.0,0.0,0.0
2017-03-10,967234.3281011791,0.0,0.0,0.0,0.0,0.0
2017-03-13,967234.3281011791,0.0,0.0,0.0,0.0,0.0
2017-03-14,967234.3281011791,0.0,0.0,0.0,0.0,0.0
2017-03-15,967234.3281011791,0.0,0.0,0.0,0.0,0.0
2017-03-16,967234.3281011791,0.0,0.0,0.0,0.0,0.0
2017-03-17,967234.3281011791,0.0,0.0,0.0,0.0,0.0
2017-03-20,967234.3281011791,0.0,0.0,0.0,0.0,0.0
2017-03-21,967234.3281011791,0.0,0.0,0.0,0.0,0.0
2017-03-22,967234.3281011791,0.0,0.0,0.0,0.0,0.0
2017-03-23,967234.3281011791,0.0,0.0,0.0,0.0,0.0
2017-03-24,967234.3281011791,0.0,0.0,0.0,0.0,0.0
2017-03-27,967234.3281011791,0.0,0.0,0.0,0.0,0.0
2017-03-28,967234.3281011791,0.0,0.0,0.0,0.0,0.0
2017-03-29,967234.3281011791,0.0,0.0,0.0,0.0,0.0
2017-03-30,967234.3281011791,0.0,0.0,0.0,0.0,0.0
2017-03-31,967234.3281011791,0.0,0.0,0.0,0.0,0.0
2017-04-03,966750.7109371285,0.0,483.61716405058957,-0.0005,1.9823553692086744,0.5
2017-04-04,960507.2495136732,-6243.461423455283,0.0,-0.006416751097602162,1.871938200189189,0.5
2017-04-05,962822.5218093329,2315.272295659681,0.0,0.002416292716603383,2.008315208993616,0.5
2017-04-06,957543.1659666498,-5279.355842683114,0.0,-0.0054533060668029995,1.9243838524967207,0.5
2017-04-07,955884.2207726673,-1658.9451939824146,0.0,-0.0017295053614666204,1.7465903860484335,0.5
2017-04-10,965855.19664999,9970.975877322679,0.0,0.010541110330288126,1.4275236219196006,0.5
2017-04-11,965197.2571427353,-657.9395072547616,0.0,-0.0006807351940095302,1.3912057415613808,0.5
2017-04-12,968489.1986746,3291.941531864718,0.0,0.0034223134839151265,1.1663701416591583,0.5
2017-04-13,971113.830649328,2624.631974727913,0.0,0.002717391304347826,0.965901073655379,0.5
2017-04-17,965224.3262855517,-5889.504363776247,0.0,-0.006028131279303415,0.5881366615398612,0.5
2017-04-18,958969.4619610546,-6254.8643244970945,0.0,-0.006438495425279567,0.3534926886082793,0.5
2017-04-19,958969.4619610546,0.0,0.0,0.0,0.2561238389321819,0.5
2017-04-20,953667.6266495906,-5301.8353114640195,0.0,-0.00549828178694158,0.280846855276985,0.5
2017-04-21,952667.975049329,-999.6516002616254,0.0,-0.0010471204188481676,0.48340898097037327,0.5
2017-04-24,955670.0800127197,3002.104963390743,0.0,0.003161222339304531,0.30340318624498835,0.5
2017-04-25,963318.1008339768,7648.020821256977,0.0,0.008067344791301298,0.2524251567475069,0.5
2017-04-26,955400.4178134236,-7917.683020553233,0.0,-0.008152173913043478,0.2631008598096961,0.5
2017-04-27,959392.3415647331,3991.9237513095695,0.0,0.004195804195804196,0.19251219997965063,0.5
2017-04-28,953132.4390487776,-5300.51017439079,959.3923415647331,-0.0064890109890109885,-0.026681712106202998,-0.5
2017-05-01,938156.5452788073,-14975.893769970318,0.0,-0.015469233413544173,-0.13543951124777592,-0.5
2017-05-02,944825.9046054339,6669.359326626592,0.0,0.007159904534606205,-0.19553854731918546,-0.5
2017-05-03,941905.7695980682,-2920.1350073656954,0.0,-0.0030811365970558027,-0.18413020776524838,-0.5
2017-05-04,952514.2646140192,10608.495015950939,0.0,0.011391094235415948,-0.13061834900006716,-0.5
2017-05-05,946573.0234048485,-4988.726944556664,952.5142646140192,-0.006204932268148662,0.06614865205122208,0.5
2017-05-08,940031.399193343,-6541.624211505519,0.0,-0.006863417982155114,0.5483152826189296,0.5
2017-05-09,942007.6389954314,1976.2398020883177,0.0,0.0021067415730337082,0.6528403917119907,0.5
2017-05-10,951210.7841077384,9203.145112307075,0.0,0.009866102889358703,0.7910697047700301,0.5
2017-05-11,945025.6352719933,-6185.148835745048,0.0,-0.006460387623257396,0.928311611073813,0.5
2017-05-12,946664.0292305093,1638.3939585159387,0.0,0.001736714136853074,0.7363444670191177,0.5
2017-05-15,954514.732997452,7850.703766942717,0.0,0.008362369337979094,0.3355131694852842,0.5
2017-05-16,954514.732997452,0.0,0.0,0.0,0.48355216832668374,0.5
2017-05-17,959381.3954702467,4866.662472794623,0.0,0.005124701059104886,0.5724430750816303,0.5
2017-05-18,952279.6489358101,-7101.74653443655,0.0,-0.007348029392117568,0.5365879983103292,0.5
2017-05-19,960735.684069803,8456.03513399285,0.0,0.00895933838731909,0.5382010077188814,0.5
2017-05-22,963959.6293183594,3223.9452485563856,0.0,0.003367003367003367,0.6303183364249428,0.5
2017-05-23,956890.5920366915,-7069.037281667969,0.0,-0.00727994705493051,0.6114963802830389,0.5
2017-05-24,959156.5711112033,2265.9790745117866,0.0,0.0023736859952526285,0.4836933553179614,0.5
2017-05-25,956572.9843876715,-2583.586723531861,0.0,-0.0026863666890530563,0.5063862678264078,0.5
2017-05-26,963049.4433205603,6476.458932888771,0.0,0.00681663258350375,0.699952473720789,0.5
2017-05-30,953721.3091000204,-9328.134220539829,0.0,-0.00959311941779689,0.9159487982402568,0.5
2017-05-31,960218.0482628271,6496.739162806679,0.0,0.006858710562414266,0.7616209942075622,0.5
2017-06-01,958282.1247784263,-1935.923484400861,0.0,-0.002012072434607646,0.7961258886299971,0.5
2017-06-02,961191.8883152029,2909.763536776598,0.0,0.003045685279187817,0.5624951244184917,0.5
2017-06-05,961514.2195990108,322.3312838079151,0.0,0.00033545790003354574,0.14175829075062937,0.5
2017-06-06,966030.5008664035,5477.795486991684,961.5142195990107,0.0047239635995955515,-0.031195823734262065,-0.5
2017-06-07,956427.8119909919,-9602.688875411566,0.0,-0.009842519685039372,-0.2689961817378647,-0.5
2017-06-08,955184.8908578003,-1242.9211331916724,0.0,-0.0012978585334198572,-0.32021250559530107,-0.5
2017-06-09,952231.1224153324,-2476.175997039016,477.59244542890013,-0.0030843568196509373,-0.7410218945006709,-0.5
2017-06-12,951755.0068541247,0.0,476.1155612076662,-0.0005,-2.2755955219778428,-0.5
2017-06-13,947024.6141759233,-4730.392678201415,0.0,-0.004945598417408506,-2.611654052876015,-0.5
2017-06-14,951995.8719931197,4971.257817196448,0.0,0.005277044854881266,-2.3879377561281983,-0.5
2017-06-15,948839.3870064052,-3156.484986714588,0.0,-0.0033046926635822873,-2.7095113969177618,-0.5
2017-06-16,943213.8570439166,-5625.529962488567,0.0,-0.005893909626719056,-2.592368401721699,-0.5
2017-06-19,953960.1086703935,10746.251626476913,0.0,0.011524530786960814,-1.9201111654039862,-0.5
2017-06-20,960633.3805831444,6673.271912750921,0.0,0.007044615900704462,-1.68694785234244,-0.5
2017-06-21,962256.0721043997,1622.6915212553115,0.0,0.001692047377326565,-1.7523796209622016,-0.5
2017-06-22,970084.5960808422,7828.523976442574,0.0,0.008202323991797676,-1.6533914960627718,-0.5
2017-06-23,976770.2238966991,6685.627815856941,0.0,0.006939625260235947,-1.4900620090206385,-0.5
2017-06-26,975063.7769646643,-1706.4469320347644,0.0,-0.0017439832577607255,-1.1745840591963057,-0.5
2017-06-27,974724.2700785346,-339.5068861297578,0.0,-0.0003480682213713888,-1.079189804873756,-0.5
2017-06-28,978115.7950266158,3391.524948081192,0.0,0.003491620111731844,-1.0101065412508967,-0.5
2017-06-29,974003.1848162727,-4112.610210343164,0.0,-0.00418702023726448,-0.8210799856429191,-0.5
2017-06-30,959450.6702411859,-14552.51457508677,0.0,-0.014720985963711058,-0.6144324377742139,-0.5
2017-07-03,959450.6702411859,0.0,0.0,0.0,0.0,0.0
2017-07-05,959450.6702411859,0.0,0.0,0.0,0.0,0.0
2017-07-06,959450.6702411859,0.0,0.0,0.0,0.0,0.0
2017-07-07,959450.6702411859,0.0,0.0,0.0,0.0,0.0
2017-07-10,959450.6702411859,0.0,0.0,0.0,0.0,0.0
2017-07-11,959450.6702411859,0.0,0.0,0.0,0.0,0.0
2017-07-12,959450.6702411859,0.0,0.0,0.0,0.0,0.0
2017-07-13,959450.6702411859,0.0,0.0,0.0,0.0,0.0
2017-07-14,959450.6702411859,0.0,0.0,0.0,0.0,0.0
2017-07-17,959450.6702411859,0.0,0.0,0.0,0.0,0.0
2017-07-18,959450.6702411859,0.0,0.0,0.0,0.0,0.0
2017-07-19,959450.6702411859,0.0,0.0,0.0,0.0,0.0
2017-07-20,959450.6702411859,0.0,0.0,0.0,0.0,0.0
2017-07-21,959450.6702411859,0.0,0.0,0.0,0.0,0.0
2017-07-24,959450.6702411859,0.0,0.0,0.0,0.0,0.0
2017-07-25,959450.6702411859,0.0,0.0,0.0,0.0,0.0
2017-07-26,959450.6702411859,0.0,0.0,0.0,0.0,0.0
2017-07-27,959450.6702411859,0.0,0.0,0.0,0.0,0.0
2017-07-28,959450.6702411859,0.0,0.0,0.0,0.0,0.0
2017-07-31,959450.6702411859,0.0,0.0,0.0,0.0,0.0
2017-08-01,959450.6702411859,0.0,0.0,0.0,0.0,0.0
2017-08-02,959450.6702411859,0.0,0.0,0.0,0.0,0.0
2017-08-03,959450.6702411859,0.0,0.0,0.0,0.0,0.0
2017-08-04,959450.6702411859,0.0,0.0,0.0,0.0,0.0
2017-08-07,959450.6702411859,0.0,0.0,0.0,0.0,0.0
2017-08-08,959450.6702411859,0.0,0.0,0.0,0.0,0.0
2017-08-09,959450.6702411859,0.0,0.0,0.0,0.0,0.0
2017-08-10,959450.6702411859,0.0,0.0,0.0,0.0,0.0
2017-08-11,959450.6702411859,0.0,0.0,0.0,0.0,0.0
2017-08-14,959450.6702411859,0.0,0.0,0.0,0.0,0.0
2017-08-15,959450.6702411859,0.0,0.0,0.0,0.0,0.0
2017-08-16,959450.6702411859,0.0,0.0,0.0,0.0,0.0
2017-08-17,959450.6702411859,0.0,0.0,0.0,0.0,0.0
2017-08-18,959450.6702411859,0.0,0.0,0.0,0.0,0.0
2017-08-21,959450.6702411859,0.0,0.0,0.0,0.0,0.0
2017-08-22,959450.6702411859,0.0,0.0,0.0,0.0,0.0
2017-08-23,959450.6702411859,0.0,0.0,0.0,0.0,0.0
2017-08-24,959450.6702411859,0.0,0.0,0.0,0.0,0.0
2017-08-25,959450.6702411859,0.0,0.0,0.0,0.0,0.0
2017-08-28,959450.6702411859,0.0,0.0,0.0,0.0,0.0
2017-08-29,959450.6702411859,0.0,0.0,0.0,0.0,0.0
2017-08-30,959450.6702411859,0.0,0.0,0.0,0.0,0.0
2017-08-31,959450.6702411859,0.0,0.0,0.0,0.0,0.0
2017-09-01,959450.6702411859,0.0,0.0,0.0,0.0,0.0
2017-09-05,959450.6702411859,0.0,0.0,0.0,0.0,0.0
2017-09-06,959450.6702411859,0.0,0.0,0.0,0.0,0.0
2017-09-07,959450.6702411859,0.0,0.0,0.0,0.0,0.0
2017-09-08,959450.6702411859,0.0,0.0,0.0,0.0,0.0
2017-09-11,959450.6702411859,0.0,0.0,0.0,0.0,0.0
2017-09-12,959450.6702411859,0.0,0.0,0.0,0.0,0.0
2017-09-13,959450.6702411859,0.0,0.0,0.0,0.0,0.0
2017-09-14,959450.6702411859,0.0,0.0,0.0,0.0,0.0
2017-09-15,959450.6702411859,0.0,0.0,0.0,0.0,0.0
2017-09-18,959450.6702411859,0.0,0.0,0.0,0.0,0.0
2017-09-19,959450.6702411859,0.0,0.0,0.0,0.0,0.0
2017-09-20,959450.6702411859,0.0,0.0,0.0,0.0,0.0
2017-09-21,959450.6702411859,0.0,0.0,0.0,0.0,0.0
2017-09-22,959450.6702411859,0.0,0.0,0.0,0.0,0.0
2017-09-25,959450.6702411859,0.0,0.0,0.0,0.0,0.0
2017-09-26,959450.6702411859,0.0,0.0,0.0,0.0,0.0
2017-09-27,959450.6702411859,0.0,0.0,0.0,0.0,0.0
2017-09-28,959450.6702411859,0.0,0.0,0.0,0.0,0.0
2017-09-29,959450.6702411859,0.0,0.0,0.0,0.0,0.0
2017-10-02,959450.6702411859,0.0,0.0,0.0,0.0,0.0
2017-10-03,959450.6702411859,0.0,0.0,0.0,0.0,0.0
2017-10-04,959450.6702411859,0.0,0.0,0.0,0.0,0.0
2017-10-05,959450.6702411859,0.0,0.0,0.0,0.0,0.0
2017-10-06,959450.6702411859,0.0,0.0,0.0,0.0,0.0
2017-10-09,959450.6702411859,0.0,0.0,0.0,0.0,0.0
2017-10-10,959450.6702411859,0.0,0.0,0.0,0.0,0.0
2017-10-11,959450.6702411859,0.0,0.0,0.0,0.0,0.0
2017-10-12,959450.6702411859,0.0,0.0,0.0,0.0,0.0
2017-10-13,959450.6702411859,0.0,0.0,0.0,0.0,0.0
2017-10-16,959450.6702411859,0.0,0.0,0.0,0.0,0.0
2017-10-17,959450.6702411859,0.0,0.0,0.0,0.0,0.0
2017-10-18,959450.6702411859,0.0,0.0,0.0,0.0,0.0
2017-10-19,959450.6702411859,0.0,0.0,0.0,0.0,0.0
2017-10-20,959450.6702411859,0.0,0.0,0.0,0.0,0.0
2017-10-23,959450.6702411859,0.0,0.0,0.0,0.0,0.0
2017-10-24,959450.6702411859,0.0,0.0,0.0,0.0,0.0
2017-10-25,959450.6702411859,0.0,0.0,0.0,0.0,0.0
2017-10-26,959450.6702411859,0.0,0.0,0.0,0.0,0.0
2017-10-27,959450.6702411859,0.0,0.0,0.0,0.0,0.0
2017-10-30,959450.6702411859,0.0,0.0,0.0,0.0,0.0
2017-10-31,959450.6702411859,0.0,0.0,0.0,0.0,0.0
2017-11-01,959450.6702411859,0.0,0.0,0.0,0.0,0.0
2017-11-02,959450.6702411859,0.0,0.0,0.0,0.0,0.0
2017-11-03,959450.6702411859,0.0,0.0,0.0,0.0,0.0
2017-11-06,959450.6702411859,0.0,0.0,0.0,0.0,0.0
2017-11-07,959450.6702411859,0.0,0.0,0.0,0.0,0.0
2017-11-08,959450.6702411859,0.0,0.0,0.0,0.0,0.0
2017-11-09,959450.6702411859,0.0,0.0,0.0,0.0,0.0
2017-11-10,959450.6702411859,0.0,0.0,0.0,0.0,0.0
2017-11-13,959450.6702411859,0.0,0.0,0.0,0.0,0.0
2017-11-14,959450.6702411859,0.0,0.0,0.0,0.0,0.0
2017-11-15,959450.6702411859,0.0,0.0,0.0,0.0,0.0
2017-11-16,959450.6702411859,0.0,0.0,0.0,0.0,0.0
2017-11-17,959450.6702411859,0.0,0.0,0.0,0.0,0.0
2017-11-20,959450.6702411859,0.0,0.0,0.0,0.0,0.0
2017-11-21,959450.6702411859,0.0,0.0,0.0,0.0,0.0
2017-11-22,959450.6702411859,0.0,0.0,0.0,0.0,0.0
2017-11-24,959450.6702411859,0.0,0.0,0.0,0.0,0.0
2017-11-27,959450.6702411859,0.0,0.0,0.0,0.0,0.0
2017-11-28,959450.6702411859,0.0,0.0,0.0,0.0,0.0
2017-11-29,959450.6702411859,0.0,0.0,0.0,0.0,0.0
2017-11-30,959450.6702411859,0.0,0.0,0.0,0.0,0.0
2017-12-01,959450.6702411859,0.0,0.0,0.0,0.0,0.0
2017-12-04,959450.6702411859,0.0,0.0,0.0,0.0,0.0
2017-12-05,959450.6702411859,0.0,0.0,0.0,0.0,0.0
2017-12-06,959450.6702411859,0.0,0.0,0.0,0.0,0.0
2017-12-07,959450.6702411859,0.0,0.0,0.0,0.0,0.0
2017-12-08,959450.6702411859,0.0,0.0,0.0,0.0,0.0
2017-12-11,959450.6702411859,0.0,0.0,0.0,0.0,0.0
2017-12-12,959450.6702411859,0.0,0.0,0.0,0.0,0.0
2017-12-13,959450.6702411859,0.0,0.0,0.0,0.0,0.0
2017-12-14,959450.6702411859,0.0,0.0,0.0,0.0,0.0
2017-12-15,959450.6702411859,0.0,0.0,0.0,0.0,0.0
2017-12-18,959450.6702411859,0.0,0.0,0.0,0.0,0.0
2017-12-19,959450.6702411859,0.0,0.0,0.0,0.0,0.0
2017-12-20,959450.6702411859,0.0,0.0,0.0,0.0,0.0
2017-12-21,959450.6702411859,0.0,0.0,0.0,0.0,0.0
2017-12-22,959450.6702411859,0.0,0.0,0.0,0.0,0.0
2017-12-26,959450.6702411859,0.0,0.0,0.0,0.0,0.0
2017-12-27,959450.6702411859,0.0,0.0,0.0,0.0,0.0
2017-12-28,959450.6702411859,0.0,0.0,0.0,0.0,0.0
2017-12-29,959450.6702411859,0.0,0.0,0.0,0.0,0.0
2018-01-02,959450.6702411859,0.0,0.0,0.0,0.0,0.0
2018-01-03,959450.6702411859,0.0,0.0,0.0,0.0,0.0
2018-01-04,959450.6702411859,0.0,0.0,0.0,0.0,0.0
2018-01-05,959450.6702411859,0.0,0.0,0.0,0.0,0.0
2018-01-08,959450.6702411859,0.0,0.0,0.0,0.0,0.0
2018-01-09,959450.6702411859,0.0,0.0,0.0,0.0,0.0
2018-01-10,959450.6702411859,0.0,0.0,0.0,0.0,0.0
2018-01-11,959450.6702411859,0.0,0.0,0.0,0.0,0.0
2018-01-12,959450.6702411859,0.0,0.0,0.0,0.0,0.0
2018-01-16,959450.6702411859,0.0,0.0,0.0,0.0,0.0
2018-01-17,959450.6702411859,0.0,0.0,0.0,0.0,0.0
2018-01-18,959450.6702411859,0.0,0.0,0.0,0.0,0.0
2018-01-19,959450.6702411859,0.0,0.0,0.0,0.0,0.0
2018-01-22,959450.6702411859,0.0,0.0,0.0,0.0,0.0
2018-01-23,959450.6702411859,0.0,0.0,0.0,0.0,0.0
2018-01-24,959450.6702411859,0.0,0.0,0.0,0.0,0.0
2018-01-25,959450.6702411859,0.0,0.0,0.0,0.0,0.0
2018-01-26,959450.6702411859,0.0,0.0,0.0,0.0,0.0
2018-01-29,959450.6702411859,0.0,0.0,0.0,0.0,0.0
2018-01-30,959450.6702411859,0.0,0.0,0.0,0.0,0.0
2018-01-31,959450.6702411859,0.0,0.0,0.0,0.0,0.0
2018-02-01,959450.6702411859,0.0,0.0,0.0,0.0,0.0
2018-02-02,959450.6702411859,0.0,0.0,0.0,0.0,0.0
2018-02-05,959450.6702411859,0.0,0.0,0.0,0.0,0.0
2018-02-06,959450.6702411859,0.0,0.0,0.0,0.0,0.0
2018-02-07,959450.6702411859,0.0,0.0,0.0,0.0,0.0
2018-02-08,959450.6702411859,0.0,0.0,0.0,0.0,0.0
2018-02-09,959450.6702411859,0.0,0.0,0.0,0.0,0.0
2018-02-12,959450.6702411859,0.0,0.0,0.0,0.0,0.0
2018-02-13,959450.6702411859,0.0,0.0,0.0,0.0,0.0
2018-02-14,959450.6702411859,0.0,0.0,0.0,0.0,0.0
2018-02-15,959450.6702411859,0.0,0.0,0.0,0.0,0.0
2018-02-16,959450.6702411859,0.0,0.0,0.0,0.0,0.0
2018-02-20,959450.6702411859,0.0,0.0,0.0,0.0,0.0
2018-02-21,959450.6702411859,0.0,0.0,0.0,0.0,0.0
2018-02-22,959450.6702411859,0.0,0.0,0.0,0.0,0.0
2018-02-23,959450.6702411859,0.0,0.0,0.0,0.0,0.0
2018-02-26,959450.6702411859,0.0,0.0,0.0,0.0,0.0
2018-02-27,959450.6702411859,0.0,0.0,0.0,0.0,0.0
2018-02-28,959450.6702411859,0.0,0.0,0.0,0.0,0.0
2018-03-01,959450.6702411859,0.0,0.0,0.0,0.0,0.0
2018-03-02,959450.6702411859,0.0,0.0,0.0,0.0,0.0
2018-03-05,959450.6702411859,0.0,0.0,0.0,0.0,0.0
2018-03-06,959450.6702411859,0.0,0.0,0.0,0.0,0.0
2018-03-07,959450.6702411859,0.0,0.0,0.0,0.0,0.0
2018-03-08,959450.6702411859,0.0,0.0,0.0,0.0,0.0
2018-03-09,959450.6702411859,0.0,0.0,0.0,0.0,0.0
2018-03-12,959450.6702411859,0.0,0.0,0.0,0.0,0.0
2018-03-13,959450.6702411859,0.0,0.0,0.0,0.0,0.0
2018-03-14,959450.6702411859,0.0,0.0,0.0,0.0,0.0
2018-03-15,959450.6702411859,0.0,0.0,0.0,0.0,0.0
2018-03-16,959450.6702411859,0.0,0.0,0.0,0.0,0.0
2018-03-19,959450.6702411859,0.0,0.0,0.0,0.0,0.0
2018-03-20,959450.6702411859,0.0,0.0,0.0,0.0,0.0
2018-03-21,959450.6702411859,0.0,0.0,0.0,0.0,0.0
2018-03-22,959450.6702411859,0.0,0.0,0.0,0.0,0.0
2018-03-23,959450.6702411859,0.0,0.0,0.0,0.0,0.0
2018-03-26,959450.6702411859,0.0,0.0,0.0,0.0,0.0
2018-03-27,959450.6702411859,0.0,0.0,0.0,0.0,0.0
2018-03-28,959450.6702411859,0.0,0.0,0.0,0.0,0.0
2018-03-29,959450.6702411859,0.0,0.0,0.0,0.0,0.0
2018-04-02,958970.9449060654,0.0,479.725335120593,-0.0005,1.513422132780785,0.5
2018-04-03,960518.670769374,1547.7258633086917,0.0,0.0016165535079211122,1.583957747932584,0.5
2018-04-04,951247.2550283569,-9271.415741017123,0.0,-0.009560229445506692,1.5709873308572693,0.5
2018-04-05,961858.2808390406,10611.025810683772,0.0,0.0112806901128069,1.5676915833776446,0.5
2018-04-06,960623.5462038172,-1234.7346352234154,0.0,-0.001282051282051282,1.5091012832921573,0.5
2018-04-09,963405.2746194653,2781.728415648119,0.0,0.0029041626331074537,1.4671302706218796,0.5
2018-04-10,961556.1282190441,-1849.1464004212387,0.0,-0.0019157088122605363,1.2937229755330877,0.5
2018-04-11,958777.0642646537,-2779.0639543903008,0.0,-0.002881844380403458,1.1790457725321197,0.5
2018-04-12,960944.8418647354,2167.777600081581,0.0,0.0022661055357720943,1.0292410177385487,0.5
2018-04-13,957854.9870677426,-3089.854796992718,0.0,-0.003205128205128205,1.0601138823209053,0.5
2018-04-16,953205.2055771225,-4649.781490620109,0.0,-0.004830917874396135,1.3020761549285815,0.5
2018-04-17,950401.6608548368,-2803.544722285654,0.0,-0.0029325513196480934,1.3629220722885385,0.5
2018-04-18,953838.3532510903,3436.692396253519,0.0,0.0036291652919828435,1.4729103223737534,0.5
2018-04-19,952593.1334687781,-1245.2197823121282,0.0,-0.001303780964797914,1.434146218371,0.5
2018-04-20,945735.4603875239,-6857.673081254293,0.0,-0.0071474983755685515,1.3372620579914818,0.5
2018-04-23,948247.3739609303,2511.9135734064375,0.0,0.0026631158455392803,1.1098065203389818,0.5
2018-04-24,951692.1299429548,3444.7559820245156,0.0,0.003646005966191581,1.0389158075815699,0.5
2018-04-25,958244.764280267,6552.634337312148,0.0,0.0069329811819082215,0.9578179495673929,0.5
2018-04-26,957624.9423111335,-619.8219691334198,0.0,-0.0006464124111182935,0.9369429362119936,0.5
2018-04-27,961966.5061687616,4341.563857628195,0.0,0.004554326610279765,0.8803105249000122,0.5
2018-04-30,965671.1268600406,3704.620691278928,0.0,0.003865979381443299,0.6046705543049131,0.5
2018-05-01,970899.2826424039,5228.155782363277,0.0,0.005443483829650976,0.4372353124007685,0.5
2018-05-02,969981.6084622125,-917.674180191308,0.0,-0.0009442870632672332,0.5022227621383257,0.5
2018-05-03,974268.1433480935,4286.534885880989,0.0,0.004438807863031071,0.6379852371332647,0.5
2018-05-04,973353.6238142874,-914.5195338060953,0.0,-0.0009377930603313535,0.6461807213957979,0.5
2018-05-07,966640.8402017751,-6712.783612512327,0.0,-0.006849315068493151,0.6116510516269489,0.5
2018-05-08,969406.1827198348,2765.3425180597505,0.0,0.0028689831048772712,0.5613987144178655,0.5
2018-05-09,968487.0238866619,-919.1588331730419,0.0,-0.000947268708556994,0.5180566477400109,0.5
2018-05-10,968487.0238866619,0.0,0.0,0.0,0.3570590685483342,0.5
2018-05-11,962353.4771869363,-6133.546699725534,0.0,-0.0062932662051604785,0.36708360203990015,0.5
2018-05-14,961427.5437579559,-925.9334289803749,0.0,-0.0009612303748798461,0.5773699229367516,0.5
2018-05-15,977801.4704350677,16373.926677111715,0.0,0.017325923504413206,0.5903208977883174,0.5
2018-05-16,974155.2250512203,-3646.245383847362,0.0,-0.0037151702786377707,0.4196599773490578,0.5
2018-05-17,969275.2990647395,-4879.925986480753,0.0,-0.004984423676012461,0.31758556111455744,0.5
2018-05-18,978164.9207196659,8889.621654926452,0.0,0.009256303862112989,0.32441379329721026,0.5
2018-05-21,978468.6986453553,303.7779256893373,0.0,0.0003106554830692762,0.37193425926776086,0.5
2018-05-22,980898.1677915883,2429.469146233036,0.0,0.002489110143123833,0.3992236740568199,0.5
2018-05-23,985442.1679512159,4544.000159627494,0.0,0.004654049022649705,0.37743805595710445,0.5
2018-05-24,980315.9388033669,-5126.229147849042,0.0,-0.005175038051750381,0.33924399400766825,0.5
2018-05-25,982437.8347748027,2121.895971435859,0.0,0.0021691973969631233,0.18445532059009342,0.5
2018-05-29,974196.0040722338,-7259.3928677941085,982.4378347748027,-0.008327628361858191,-0.9210404280217795,-0.5
2018-05-30,982111.3466053207,7915.3425330868995,0.0,0.008191556395715185,-0.8481411769623112,-0.5
2018-05-31,981487.387681175,-623.958924145693,0.0,-0.000634920634920635,-0.8640628191438753,-0.5
2018-06-01,984601.2436065595,3113.8559253844387,0.0,0.003182686187141948,-0.9144388189687205,-0.5
2018-06-04,998119.0767722945,13517.833165735012,0.0,0.013920362576885724,-0.5614365843711306,-0.5
2018-06-05,994186.8939353714,-3932.1828369230243,0.0,-0.003924133420536297,-0.6205614214309565,-0.5
2018-06-06,1001311.3602762764,7124.466340904942,0.0,0.007217847769028871,-0.7186540596443315,-0.5
2018-06-07,1003958.5813212896,2647.2210450132884,0.0,0.0026507620941020544,-0.6282997417916001,-0.5
2018-06-08,1001957.3349797854,-2001.2463415042316,0.0,-0.0019893899204244028,-0.5641380929618316,-0.5
2018-06-11,1015882.6189206031,13925.283940817666,0.0,0.014093959731543626,-0.019625214510290156,-0.5
2018-06-12,1000690.021742205,-14176.714559477443,1015.8826189206031,-0.014749244712990937,0.0658559761751834,0.5
2018-06-13,997701.2058494518,-1988.1258710110033,1000.6900217422051,-0.0029808327825512227,-0.011925454912495545,-0.5
2018-06-14,1014948.7000995089,17247.494250057014,0.0,0.017591339648173207,-0.11820913132477749,-0.5
2018-06-15,1017395.2017870765,2446.5016875676865,0.0,0.0024162927166033825,-0.4451133576611864,-0.5
2018-06-18,1024788.0388934878,7392.8371064112835,0.0,0.007319623562216801,-1.0851551344841859,-0.5
2018-06-19,1028026.4842411147,3238.4453476268923,0.0,0.0031701303275801338,-1.0183358672995853,-0.5
2018-06-20,1027299.9637575521,-726.5204835626251,0.0,-0.0007062146892655366,-0.8987054103070007,-0.5
2018-06-21,1023312.5609342165,-3987.402823335594,0.0,-0.003866432337434095,-0.8023760953362203,-0.5
2018-06-22,1022954.2582168025,-358.30271741394137,0.0,-0.00035001750087504374,-0.5965723337902112,-0.5
2018-06-25,1032618.2767513909,9664.018534588407,0.0,0.009537265983751325,-0.20387818401383004,-0.5
2018-06-26,1029672.1475737835,-2946.129177607392,0.0,-0.002844950213371266,-0.15783673239513313,-0.5
2018-06-27,1029672.1475737835,0.0,0.0,0.0,-0.22910598976052374,-0.5
2018-06-28,1040111.270516739,10953.959016742378,514.8360737868918,0.01024731182795699,0.0,0.0
2018-06-29,1039591.2148814807,0.0,520.0556352583695,-0.0005,-0.530418213180383,-0.5
2018-07-02,1039591.2148814807,0.0,0.0,0.0,0.0,0.0
2018-07-03,1039591.2148814807,0.0,0.0,0.0,0.0,0.0
2018-07-05,1039591.2148814807,0.0,0.0,0.0,0.0,0.0
2018-07-06,1039591.2148814807,0.0,0.0,0.0,0.0,0.0
2018-07-09,1039591.2148814807,0.0,0.0,0.0,0.0,0.0
2018-07-10,1039591.2148814807,0.0,0.0,0.0,0.0,0.0
2018-07-11,1039591.2148814807,0.0,0.0,0.0,0.0,0.0
2018-07-12,1039591.2148814807,0.0,0.0,0.0,0.0,0.0
2018-07-13,1039591.2148814807,0.0,0.0,0.0,0.0,0.0
2018-07-16,1039591.2148814807,0.0,0.0,0.0,0.0,0.0
2018-07-17,1039591.2148814807,0.0,0.0,0.0,0.0,0.0
2018-07-18,1039591.2148814807,0.0,0.0,0.0,0.0,0.0
2018-07-19,1039591.2148814807,0.0,0.0,0.0,0.0,0.0
2018-07-20,1039591.2148814807,0.0,0.0,0.0,0.0,0.0
2018-07-23,1039591.2148814807,0.0,0.0,0.0,0.0,0.0
2018-07-24,1039591.2148814807,0.0,0.0,0.0,0.0,0.0
2018-07-25,1039591.2148814807,0.0,0.0,0.0,0.0,0.0
2018-07-26,1039591.2148814807,0.0,0.0,0.0,0.0,0.0
2018-07-27,1039591.2148814807,0.0,0.0,0.0,0.0,0.0
2018-07-30,1039591.2148814807,0.0,0.0,0.0,0.0,0.0
2018-07-31,1039591.2148814807,0.0,0.0,0.0,0.0,0.0
2018-08-01,1039591.2148814807,0.0,0.0,0.0,0.0,0.0
2018-08-02,1039591.2148814807,0.0,0.0,0.0,0.0,0.0
2018-08-03,1039591.2148814807,0.0,0.0,0.0,0.0,0.0
2018-08-06,1039591.2148814807,0.0,0.0,0.0,0.0,0.0
2018-08-07,1039591.2148814807,0.0,0.0,0.0,0.0,0.0
2018-08-08,1039591.2148814807,0.0,0.0,0.0,0.0,0.0
2018-08-09,1039591.2148814807,0.0,0.0,0.0,0.0,0.0
2018-08-10,1039591.2148814807,0.0,0.0,0.0,0.0,0.0
2018-08-13,1039591.2148814807,0.0,0.0,0.0,0.0,0.0
2018-08-14,1039591.2148814807,0.0,0.0,0.0,0.0,0.0
2018-08-15,1039591.2148814807,0.0,0.0,0.0,0.0,0.0
2018-08-16,1039591.2148814807,0.0,0.0,0.0,0.0,0.0
2018-08-17,1039591.2148814807,0.0,0.0,0.0,0.0,0.0
2018-08-20,1039591.2148814807,0.0,0.0,0.0,0.0,0.0
2018-08-21,1039591.2148814807,0.0,0.0,0.0,0.0,0.0
2018-08-22,1039591.2148814807,0.0,0.0,0.0,0.0,0.0
2018-08-23,1039591.2148814807,0.0,0.0,0.0,0.0,0.0
2018-08-24,1039591.2148814807,0.0,0.0,0.0,0.0,0.0
2018-08-27,1039591.2148814807,0.0,0.0,0.0,0.0,0.0
2018-08-28,1039591.2148814807,0.0,0.0,0.0,0.0,0.0
2018-08-29,1039591.2148814807,0.0,0.0,0.0,0.0,0.0
2018-08-30,1039591.2148814807,0.0,0.0,0.0,0.0,0.0
2018-08-31,1039591.2148814807,0.0,0.0,0.0,0.0,0.0
2018-09-04,1039591.2148814807,0.0,0.0,0.0,0.0,0.0
2018-09-05,1039591.2148814807,0.0,0.0,0.0,0.0,0.0
2018-09-06,1039591.2148814807,0.0,0.0,0.0,0.0,0.0
2018-09-07,1039591.2148814807,0.0,0.0,0.0,0.0,0.0
2018-09-10,1039591.2148814807,0.0,0.0,0.0,0.0,0.0
2018-09-11,1039591.2148814807,0.0,0.0,0.0,0.0,0.0
2018-09-12,1039591.2148814807,0.0,0.0,0.0,0.0,0.0
2018-09-13,1039591.2148814807,0.0,0.0,0.0,0.0,0.0
2018-09-14,1039591.2148814807,0.0,0.0,0.0,0.0,0.0
2018-09-17,1039591.2148814807,0.0,0.0,0.0,0.0,0.0
2018-09-18,1039591.2148814807,0.0,0.0,0.0,0.0,0.0
2018-09-19,1039591.2148814807,0.0,0.0,0.0,0.0,0.0
2018-09-20,1039591.2148814807,0.0,0.0,0.0,0.0,0.0
2018-09-21,1039591.2148814807,0.0,0.0,0.0,0.0,0.0
2018-09-24,1039591.2148814807,0.0,0.0,0.0,0.0,0.0
2018-09-25,1039591.2148814807,0.0,0.0,0.0,0.0,0.0
2018-09-26,1039591.2148814807,0.0,0.0,0.0,0.0,0.0
2018-09-27,1039591.2148814807,0.0,0.0,0.0,0.0,0.0
2018-09-28,1039591.2148814807,0.0,0.0,0.0,0.0,0.0
2018-10-01,1039591.2148814807,0.0,0.0,0.0,0.0,0.0
2018-10-02,1039591.2148814807,0.0,0.0,0.0,0.0,0.0
2018-10-03,1039591.2148814807,0.0,0.0,0.0,0.0,0.0
2018-10-04,1039591.2148814807,0.0,0.0,0.0,0.0,0.0
2018-10-05,1039591.2148814807,0.0,0.0,0.0,0.0,0.0
2018-10-08,1039591.2148814807,0.0,0.0,0.0,0.0,0.0
2018-10-09,1039591.2148814807,0.0,0.0,0.0,0.0,0.0
2018-10-10,1039591.2148814807,0.0,0.0,0.0,0.0,0.0
2018-10-11,1039591.2148814807,0.0,0.0,0.0,0.0,0.0
2018-10-12,1039591.2148814807,0.0,0.0,0.0,0.0,0.0
2018-10-15,1039591.2148814807,0.0,0.0,0.0,0.0,0.0
2018-10-16,1039591.2148814807,0.0,0.0,0.0,0.0,0.0
2018-10-17,1039591.2148814807,0.0,0.0,0.0,0.0,0.0
2018-10-18,1039591.2148814807,0.0,0.0,0.0,0.0,0.0
2018-10-19,1039591.2148814807,0.0,0.0,0.0,0.0,0.0
2018-10-22,1039591.2148814807,0.0,0.0,0.0,0.0,0.0
2018-10-23,1039591.2148814807,0.0,0.0,0.0,0.0,0.0
2018-10-24,1039591.2148814807,0.0,0.0,0.0,0.0,0.0
2018-10-25,1039591.2148814807,0.0,0.0,0.0,0.0,0.0
2018-10-26,1039591.2148814807,0.0,0.0,0.0,0.0,0.0
2018-10-29,1039591.2148814807,0.0,0.0,0.0,0.0,0.0
2018-10-30,1039591.2148814807,0.0,0.0,0.0,0.0,0.0
2018-10-31,1039591.2148814807,0.0,0.0,0.0,0.0,0.0
2018-11-01,1039591.2148814807,0.0,0.0,0.0,0.0,0.0
2018-11-02,1039591.2148814807,0.0,0.0,0.0,0.0,0.0
2018-11-05,1039591.2148814807,0.0,0.0,0.0,0.0,0.0
2018-11-06,1039591.2148814807,0.0,0.0,0.0,0.0,0.0
2018-11-07,1039591.2148814807,0.0,0.0,0.0,0.0,0.0
2018-11-08,1039591.2148814807,0.0,0.0,0.0,0.0,0.0
2018-11-09,1039591.2148814807,0.0,0.0,0.0,0.0,0.0
2018-11-12,1039591.2148814807,0.0,0.0,0.0,0.0,0.0
2018-11-13,1039591.2148814807,0.0,0.0,0.0,0.0,0.0
2018-11-14,1039591.2148814807,0.0,0.0,0.0,0.0,0.0
2018-11-15,1039591.2148814807,0.0,0.0,0.0,0.0,0.0
2018-11-16,1039591.2148814807,0.0,0.0,0.0,0.0,0.0
2018-11-19,1039591.2148814807,0.0,0.0,0.0,0.0,0.0
2018-11-20,1039591.2148814807,0.0,0.0,0.0,0.0,0.0
2018-11-21,1039591.2148814807,0.0,0.0,0.0,0.0,0.0
2018-11-23,1039591.2148814807,0.0,0.0,0.0,0.0,0.0
2018-11-26,1039591.2148814807,0.0,0.0,0.0,0.0,0.0
2018-11-27,1039591.2148814807,0.0,0.0,0.0,0.0,0.0
2018-11-28,1039591.2148814807,0.0,0.0,0.0,0.0,0.0
2018-11-29,1039591.2148814807,0.0,0.0,0.0,0.0,0.0
2018-11-30,1039591.2148814807,0.0,0.0,0.0,0.0,0.0
2018-12-03,1039591.2148814807,0.0,0.0,0.0,0.0,0.0
2018-12-04,1039591.2148814807,0.0,0.0,0.0,0.0,0.0
2018-12-06,1039591.2148814807,0.0,0.0,0.0,0.0,0.0
2018-12-07,1039591.2148814807,0.0,0.0,0.0,0.0,0.0
2018-12-10,1039591.2148814807,0.0,0.0,0.0,0.0,0.0
2018-12-11,1039591.2148814807,0.0,0.0,0.0,0.0,0.0
2018-12-12,1039591.2148814807,0.0,0.0,0.0,0.0,0.0
2018-12-13,1039591.2148814807,0.0,0.0,0.0,0.0,0.0
2018-12-14,1039591.2148814807,0.0,0.0,0.0,0.0,0.0
2018-12-19,1039591.2148814807,0.0,0.0,0.0,0.0,0.0
2018-12-20,1039591.2148814807,0.0,0.0,0.0,0.0,0.0
2018-12-21,1039591.2148814807,0.0,0.0,0.0,0.0,0.0
2018-12-24,1039591.2148814807,0.0,0.0,0.0,0.0,0.0
2018-12-26,1039591.2148814807,0.0,0.0,0.0,0.0,0.0
2018-12-27,1039591.2148814807,0.0,0.0,0.0,0.0,0.0
2018-12-28,1039591.2148814807,0.0,0.0,0.0,0.0,0.0
2018-12-31,1039591.2148814807,0.0,0.0,0.0,0.0,0.0
2019-01-02,1039591.2148814807,0.0,0.0,0.0,0.0,0.0
2019-01-03,1039591.2148814807,0.0,0.0,0.0,0.0,0.0
2019-01-04,1039591.2148814807,0.0,0.0,0.0,0.0,0.0
2019-01-07,1039591.2148814807,0.0,0.0,0.0,0.0,0.0
2019-01-08,1039591.2148814807,0.0,0.0,0.0,0.0,0.0
2019-01-09,1039591.2148814807,0.0,0.0,0.0,0.0,0.0
2019-01-10,1039591.2148814807,0.0,0.0,0.0,0.0,0.0
2019-01-11,1039591.2148814807,0.0,0.0,0.0,0.0,0.0
2019-01-14,1039591.2148814807,0.0,0.0,0.0,0.0,0.0
2019-01-15,1039591.2148814807,0.0,0.0,0.0,0.0,0.0
2019-01-16,1039591.2148814807,0.0,0.0,0.0,0.0,0.0
2019-01-17,1039591.2148814807,0.0,0.0,0.0,0.0,0.0
2019-01-18,1039591.2148814807,0.0,0.0,0.0,0.0,0.0
2019-01-22,1039591.2148814807,0.0,0.0,0.0,0.0,0.0
2019-01-23,1039591.2148814807,0.0,0.0,0.0,0.0,0.0
2019-01-24,1039591.2148814807,0.0,0.0,0.0,0.0,0.0
2019-01-25,1039591.2148814807,0.0,0.0,0.0,0.0,0.0
2019-01-28,1039591.2148814807,0.0,0.0,0.0,0.0,0.0
2019-01-29,1039591.2148814807,0.0,0.0,0.0,0.0,0.0
2019-01-30,1039591.2148814807,0.0,0.0,0.0,0.0,0.0
2019-01-31,1039591.2148814807,0.0,0.0,0.0,0.0,0.0
2019-02-01,1039591.2148814807,0.0,0.0,0.0,0.0,0.0
2019-02-04,1039591.2148814807,0.0,0.0,0.0,0.0,0.0
2019-02-05,1039591.2148814807,0.0,0.0,0.0,0.0,0.0
2019-02-06,1039591.2148814807,0.0,0.0,0.0,0.0,0.0
2019-02-07,1039591.2148814807,0.0,0.0,0.0,0.0,0.0
2019-02-08,1039591.2148814807,0.0,0.0,0.0,0.0,0.0
2019-02-11,1039591.2148814807,0.0,0.0,0.0,0.0,0.0
2019-02-12,1039591.2148814807,0.0,0.0,0.0,0.0,0.0
2019-02-13,1039591.2148814807,0.0,0.0,0.0,0.0,0.0
2019-02-14,1039591.2148814807,0.0,0.0,0.0,0.0,0.0
2019-02-15,1039591.2148814807,0.0,0.0,0.0,0.0,0.0
2019-02-19,1039591.2148814807,0.0,0.0,0.0,0.0,0.0
2019-02-20,1039591.2148814807,0.0,0.0,0.0,0.0,0.0
2019-02-21,1039591.2148814807,0.0,0.0,0.0,0.0,0.0
2019-02-22,1039591.2148814807,0.0,0.0,0.0,0.0,0.0
2019-02-25,1039591.2148814807,0.0,0.0,0.0,0.0,0.0
2019-02-26,1039591.2148814807,0.0,0.0,0.0,0.0,0.0
2019-02-27,1039591.2148814807,0.0,0.0,0.0,0.0,0.0
2019-02-28,1039591.2148814807,0.0,0.0,0.0,0.0,0.0
2019-03-01,1039591.2148814807,0.0,0.0,0.0,0.0,0.0
2019-03-04,1039591.2148814807,0.0,0.0,0.0,0.0,0.0
2019-03-05,1039591.2148814807,0.0,0.0,0.0,0.0,0.0
2019-03-06,1039591.2148814807,0.0,0.0,0.0,0.0,0.0
2019-03-07,1039591.2148814807,0.0,0.0,0.0,0.0,0.0
2019-03-08,1039591.2148814807,0.0,0.0,0.0,0.0,0.0
2019-03-11,1039591.2148814807,0.0,0.0,0.0,0.0,0.0
2019-03-12,1039591.2148814807,0.0,0.0,0.0,0.0,0.0
2019-03-13,1039591.2148814807,0.0,0.0,0.0,0.0,0.0
2019-03-14,1039591.2148814807,0.0,0.0,0.0,0.0,0.0
2019-03-15,1039591.2148814807,0.0,0.0,0.0,0.0,0.0
2019-03-18,1039591.2148814807,0.0,0.0,0.0,0.0,0.0
2019-03-19,1039591.2148814807,0.0,0.0,0.0,0.0,0.0
2019-03-20,1039591.2148814807,0.0,0.0,0.0,0.0,0.0
2019-03-21,1039591.2148814807,0.0,0.0,0.0,0.0,0.0
2019-03-22,1039591.2148814807,0.0,0.0,0.0,0.0,0.0
2019-03-25,1039591.2148814807,0.0,0.0,0.0,0.0,0.0
2019-03-26,1039591.2148814807,0.0,0.0,0.0,0.0,0.0
2019-03-27,1039591.2148814807,0.0,0.0,0.0,0.0,0.0
2019-03-28,1039591.2148814807,0.0,0.0,0.0,0.0,0.0
2019-03-29,1039591.2148814807,0.0,0.0,0.0,0.0,0.0
2019-04-01,1039071.4192740399,0.0,519.7956074407404,-0.0005,0.41527771694295484,0.5
2019-04-02,1038712.3759363502,-359.0433376897166,0.0,-0.0003454231433506045,0.3772769916270157,0.5
2019-04-03,1040508.2133774573,1795.837441107106,0.0,0.0017319016279875303,0.3827141272416793,0.5
2019-04-04,1044093.6999845471,3585.486607089791,0.0,0.003457814661134163,0.44472202758244445,0.5
2019-04-05,1040163.1624418263,-3930.5375427207455,0.0,-0.0037504261847937266,0.4564646594941809,0.5
2019-04-08,1036576.3929161648,-3586.76952566147,0.0,-0.003436426116838488,0.3163901674974033,0.5
2019-04-09,1036576.3929161648,0.0,0.0,0.0,0.3244958539909343,0.5
2019-04-10,1039095.849426725,2519.4565105601228,0.0,0.0024364775495997215,0.3694789804267405,0.5
2019-04-11,1036582.4869713044,-2513.362455420551,0.0,-0.0024129610479145126,0.41734979691965507,0.5
2019-04-12,1038022.1848698757,1439.6978985712562,0.0,0.0013908205841446455,0.4001859340076201,0.5
2019-04-15,1040538.1666199066,2515.981750030862,0.0,0.002429711905588337,0.28877629643842134,0.5
2019-04-16,1035159.7818854825,-5378.384734424052,0.0,-0.005142269454919438,0.2729487541981863,0.5
2019-04-17,1034078.486848694,-1081.2950367884566,0.0,-0.0010434782608695651,0.2906608233256053,0.5
2019-04-18,1034439.295811307,360.80896261294276,0.0,0.00034904013961605586,0.34295287602754115,0.5
2019-04-22,1029029.0484482772,-5410.247363029848,0.0,-0.005202913631633715,0.368391931512792,0.5
2019-04-23,1023952.7952142124,-5076.253234064792,0.0,-0.004908835904628331,0.3223191907996121,0.5
2019-04-24,1017393.6669886409,-6559.128225571467,0.0,-0.006364922206506364,0.36858610768090583,0.5
2019-04-25,1018493.9485318875,1100.2815432465475,0.0,0.0010826416456153013,0.4350573898749226,0.5
2019-04-26,1023989.4194772034,5495.47094531594,0.0,0.0054249547920434,0.47577152240050735,0.5
2019-04-29,1025082.6466154353,1093.2271382318897,0.0,0.0010687566797292483,0.4722277567699451,0.5
2019-04-30,1026902.7507464996,1820.1041310643382,0.0,0.0017787264318747777,0.5640780395547171,0.5
2019-05-01,1036713.9235243325,9811.172777832799,0.0,0.00964630225080386,0.4304358898595458,0.5
2019-05-02,1039593.6844230111,2879.7608986787013,0.0,0.002785515320334262,0.4237411464726958,0.5
2019-05-03,1041029.5873020485,1435.9028790373081,0.0,0.0013831258644536651,0.3578393024839541,0.5
2019-05-06,1030633.6306795417,-10395.956622506683,0.0,-0.009887487214456188,0.3309110039875405,0.5
2019-05-07,1033892.8375228713,3259.2068433295417,0.0,0.003172365174480085,0.3951972733551801,0.5
2019-05-08,1029921.880395514,-3970.9571273573965,0.0,-0.003826086956521739,0.526684435550244,0.5
2019-05-09,1014338.9666527247,-15582.913742789267,0.0,-0.014904679376083188,0.6534845832952642,0.5
2019-05-10,1010887.4170049492,-2944.380164449128,507.16948332636235,-0.003392908827785818,0.7319228135025081,0.5
2019-05-13,1010381.9732964467,0.0,505.4437085024746,-0.0005,0.6694746651354985,0.5
2019-05-14,1029281.2044516321,18899.231155185335,0.0,0.01906158357771261,0.6140968807183016,0.5
2019-05-15,1042129.3748262017,12848.17037456961,0.0,0.012640449438202247,0.6713896879976057,0.5
2019-05-16,1055526.1665188253,13396.791692623703,0.0,0.013022618231665525,0.755168458038614,0.5
2019-05-17,1061444.354127935,5918.187609109509,0.0,0.005638474295190714,0.6996712455161106,0.5
2019-05-20,1069406.9177759918,7962.563648056915,0.0,0.0075583305948077545,0.9168303106508472,0.5
2019-05-21,1076623.3526324495,7216.434856457528,0.0,0.006793917825946297,1.0527092147630293,0.5
2019-05-22,1076964.7043612485,341.3517287991279,0.0,0.00031715826197272433,0.9972468455002279,0.5
2019-05-23,1070481.076546653,-6483.627814595603,0.0,-0.005984251968503937,1.0126562032796569,0.5
2019-05-24,1090393.8098499582,19912.733303305282,0.0,0.01895424836601307,0.9657582143031737,0.5
2019-05-28,1111972.4133844038,21578.60353444568,0.0,0.02018927444794953,0.6719195820812017,0.5
2019-05-29,1109431.9433941583,-1984.4837835533679,555.9862066922019,-0.0022805819477434677,0.0,0.0
2019-05-30,1109431.9433941583,0.0,0.0,0.0,0.0,0.0
2019-05-31,1109431.9433941583,0.0,0.0,0.0,0.0,0.0
2019-06-03,1109431.9433941583,0.0,0.0,0.0,0.0,0.0
2019-06-04,1109431.9433941583,0.0,0.0,0.0,0.0,0.0
2019-06-05,1109431.9433941583,0.0,0.0,0.0,0.0,0.0
2019-06-06,1109431.9433941583,0.0,0.0,0.0,0.0,0.0
2019-06-07,1109431.9433941583,0.0,0.0,0.0,0.0,0.0
2019-06-10,1109431.9433941583,0.0,0.0,0.0,0.0,0.0
2019-06-11,1109431.9433941583,0.0,0.0,0.0,0.0,0.0
2019-06-12,1109431.9433941583,0.0,0.0,0.0,0.0,0.0
2019-06-13,1109431.9433941583,0.0,0.0,0.0,0.0,0.0
2019-06-14,1109431.9433941583,0.0,0.0,0.0,0.0,0.0
2019-06-17,1109431.9433941583,0.0,0.0,0.0,0.0,0.0
2019-06-18,1109431.9433941583,0.0,0.0,0.0,0.0,0.0
2019-06-19,1109431.9433941583,0.0,0.0,0.0,0.0,0.0
2019-06-20,1109431.9433941583,0.0,0.0,0.0,0.0,0.0
2019-06-21,1109431.9433941583,0.0,0.0,0.0,0.0,0.0
2019-06-24,1109431.9433941583,0.0,0.0,0.0,0.0,0.0
2019-06-25,1108877.2274224611,0.0,554.7159716970791,-0.0005,-1.1019470369197286,-0.5
2019-06-26,1114142.8455415063,5265.618119045207,0.0,0.0047712601740106655,-1.6456043716635533,-0.5
2019-06-27,1118227.4075809985,4084.562039492268,0.0,0.0036795924143787147,-2.8770039802260934,-0.5
2019-06-28,1143323.9886034129,25096.581022414455,0.0,0.02295844231328102,-3.0,-0.5
2019-07-01,1143323.9886034129,0.0,0.0,0.0,0.0,0.0
2019-07-02,1143323.9886034129,0.0,0.0,0.0,0.0,0.0
2019-07-03,1143323.9886034129,0.0,0.0,0.0,0.0,0.0
2019-07-05,1143323.9886034129,0.0,0.0,0.0,0.0,0.0
2019-07-08,1143323.9886034129,0.0,0.0,0.0,0.0,0.0
2019-07-09,1143323.9886034129,0.0,0.0,0.0,0.0,0.0
2019-07-10,1143323.9886034129,0.0,0.0,0.0,0.0,0.0
2019-07-11,1143323.9886034129,0.0,0.0,0.0,0.0,0.0
2019-07-12,1143323.9886034129,0.0,0.0,0.0,0.0,0.0
2019-07-15,1143323.9886034129,0.0,0.0,0.0,0.0,0.0
2019-07-16,1143323.9886034129,0.0,0.0,0.0,0.0,0.0
2019-07-17,1143323.9886034129,0.0,0.0,0.0,0.0,0.0
2019-07-18,1143323.9886034129,0.0,0.0,0.0,0.0,0.0
2019-07-19,1143323.9886034129,0.0,0.0,0.0,0.0,0.0
2019-07-22,1143323.9886034129,0.0,0.0,0.0,0.0,0.0
2019-07-23,1143323.9886034129,0.0,0.0,0.0,0.0,0.0
2019-07-24,1143323.9886034129,0.0,0.0,0.0,0.0,0.0
2019-07-25,1143323.9886034129,0.0,0.0,0.0,0.0,0.0
2019-07-26,1143323.9886034129,0.0,0.0,0.0,0.0,0.0
2019-07-29,1143323.9886034129,0.0,0.0,0.0,0.0,0.0
2019-07-30,1143323.9886034129,0.0,0.0,0.0,0.0,0.0
2019-07-31,1143323.9886034129,0.0,0.0,0.0,0.0,0.0
2019-08-01,1143323.9886034129,0.0,0.0,0.0,0.0,0.0
2019-08-02,1143323.9886034129,0.0,0.0,0.0,0.0,0.0
2019-08-05,1143323.9886034129,0.0,0.0,0.0,0.0,0.0
2019-08-06,1143323.9886034129,0.0,0.0,0.0,0.0,0.0
2019-08-07,1143323.9886034129,0.0,0.0,0.0,0.0,0.0
2019-08-08,1143323.9886034129,0.0,0.0,0.0,0.0,0.0
2019-08-09,1143323.9886034129,0.0,0.0,0.0,0.0,0.0
2019-08-12,1143323.9886034129,0.0,0.0,0.0,0.0,0.0
2019-08-13,1143323.9886034129,0.0,0.0,0.0,0.0,0.0
2019-08-14,1143323.9886034129,0.0,0.0,0.0,0.0,0.0
2019-08-15,1143323.9886034129,0.0,0.0,0.0,0.0,0.0
2019-08-16,1143323.9886034129,0.0,0.0,0.0,0.0,0.0
2019-08-19,1143323.9886034129,0.0,0.0,0.0,0.0,0.0
2019-08-20,1143323.9886034129,0.0,0.0,0.0,0.0,0.0
2019-08-21,1143323.9886034129,0.0,0.0,0.0,0.0,0.0
2019-08-22,1143323.9886034129,0.0,0.0,0.0,0.0,0.0
2019-08-23,1143323.9886034129,0.0,0.0,0.0,0.0,0.0
2019-08-26,1143323.9886034129,0.0,0.0,0.0,0.0,0.0
2019-08-27,1143323.9886034129,0.0,0.0,0.0,0.0,0.0
2019-08-28,1143323.9886034129,0.0,0.0,0.0,0.0,0.0
2019-08-29,1143323.9886034129,0.0,0.0,0.0,0.0,0.0
2019-08-30,1143323.9886034129,0.0,0.0,0.0,0.0,0.0
2019-09-03,1143323.9886034129,0.0,0.0,0.0,0.0,0.0
2019-09-04,1143323.9886034129,0.0,0.0,0.0,0.0,0.0
2019-09-05,1143323.9886034129,0.0,0.0,0.0,0.0,0.0
2019-09-06,1143323.9886034129,0.0,0.0,0.0,0.0,0.0
2019-09-09,1143323.9886034129,0.0,0.0,0.0,0.0,0.0
2019-09-10,1143323.9886034129,0.0,0.0,0.0,0.0,0.0
2019-09-11,1143323.9886034129,0.0,0.0,0.0,0.0,0.0
2019-09-12,1143323.9886034129,0.0,0.0,0.0,0.0,0.0
2019-09-13,1143323.9886034129,0.0,0.0,0.0,0.0,0.0
2019-09-16,1143323.9886034129,0.0,0.0,0.0,0.0,0.0
2019-09-17,1143323.9886034129,0.0,0.0,0.0,0.0,0.0
2019-09-18,1143323.9886034129,0.0,0.0,0.0,0.0,0.0
2019-09-19,1143323.9886034129,0.0,0.0,0.0,0.0,0.0
2019-09-20,1143323.9886034129,0.0,0.0,0.0,0.0,0.0
2019-09-23,1143323.9886034129,0.0,0.0,0.0,0.0,0.0
2019-09-24,1143323.9886034129,0.0,0.0,0.0,0.0,0.0
2019-09-25,1143323.9886034129,0.0,0.0,0.0,0.0,0.0
2019-09-26,1143323.9886034129,0.0,0.0,0.0,0.0,0.0
2019-09-27,1143323.9886034129,0.0,0.0,0.0,0.0,0.0
2019-09-30,1143323.9886034129,0.0,0.0,0.0,0.0,0.0
2019-10-01,1143323.9886034129,0.0,0.0,0.0,0.0,0.0
2019-10-02,1143323.9886034129,0.0,0.0,0.0,0.0,0.0
2019-10-03,1143323.9886034129,0.0,0.0,0.0,0.0,0.0
2019-10-04,1143323.9886034129,0.0,0.0,0.0,0.0,0.0
2019-10-07,1143323.9886034129,0.0,0.0,0.0,0.0,0.0
2019-10-08,1143323.9886034129,0.0,0.0,0.0,0.0,0.0
2019-10-09,1143323.9886034129,0.0,0.0,0.0,0.0,0.0
2019-10-10,1143323.9886034129,0.0,0.0,0.0,0.0,0.0
2019-10-11,1143323.9886034129,0.0,0.0,0.0,0.0,0.0
2019-10-14,1143323.9886034129,0.0,0.0,0.0,0.0,0.0
2019-10-15,1143323.9886034129,0.0,0.0,0.0,0.0,0.0
2019-10-16,1143323.9886034129,0.0,0.0,0.0,0.0,0.0
2019-10-17,1143323.9886034129,0.0,0.0,0.0,0.0,0.0
2019-10-18,1143323.9886034129,0.0,0.0,0.0,0.0,0.0
2019-10-21,1143323.9886034129,0.0,0.0,0.0,0.0,0.0
2019-10-22,1143323.9886034129,0.0,0.0,0.0,0.0,0.0
2019-10-23,1143323.9886034129,0.0,0.0,0.0,0.0,0.0
2019-10-24,1143323.9886034129,0.0,0.0,0.0,0.0,0.0
2019-10-25,1143323.9886034129,0.0,0.0,0.0,0.0,0.0
2019-10-28,1143323.9886034129,0.0,0.0,0.0,0.0,0.0
2019-10-29,1143323.9886034129,0.0,0.0,0.0,0.0,0.0
2019-10-30,1143323.9886034129,0.0,0.0,0.0,0.0,0.0
2019-10-31,1143323.9886034129,0.0,0.0,0.0,0.0,0.0
2019-11-01,1143323.9886034129,0.0,0.0,0.0,0.0,0.0
2019-11-04,1143323.9886034129,0.0,0.0,0.0,0.0,0.0
2019-11-05,1143323.9886034129,0.0,0.0,0.0,0.0,0.0
2019-11-06,1143323.9886034129,0.0,0.0,0.0,0.0,0.0
2019-11-07,1143323.9886034129,0.0,0.0,0.0,0.0,0.0
2019-11-08,1143323.9886034129,0.0,0.0,0.0,0.0,0.0
2019-11-11,1143323.9886034129,0.0,0.0,0.0,0.0,0.0
2019-11-12,1143323.9886034129,0.0,0.0,0.0,0.0,0.0
2019-11-13,1143323.9886034129,0.0,0.0,0.0,0.0,0.0
2019-11-14,1143323.9886034129,0.0,0.0,0.0,0.0,0.0
2019-11-15,1143323.9886034129,0.0,0.0,0.0,0.0,0.0
2019-11-18,1143323.9886034129,0.0,0.0,0.0,0.0,0.0
2019-11-19,1143323.9886034129,0.0,0.0,0.0,0.0,0.0
2019-11-20,1143323.9886034129,0.0,0.0,0.0,0.0,0.0
2019-11-21,1143323.9886034129,0.0,0.0,0.0,0.0,0.0
2019-11-22,1143323.9886034129,0.0,0.0,0.0,0.0,0.0
2019-11-25,1143323.9886034129,0.0,0.0,0.0,0.0,0.0
2019-11-26,1143323.9886034129,0.0,0.0,0.0,0.0,0.0
2019-11-27,1143323.9886034129,0.0,0.0,0.0,0.0,0.0
2019-11-29,1143323.9886034129,0.0,0.0,0.0,0.0,0.0
2019-12-02,1143323.9886034129,0.0,0.0,0.0,0.0,0.0
2019-12-03,1143323.9886034129,0.0,0.0,0.0,0.0,0.0
2019-12-04,1143323.9886034129,0.0,0.0,0.0,0.0,0.0
2019-12-05,1143323.9886034129,0.0,0.0,0.0,0.0,0.0
2019-12-06,1143323.9886034129,0.0,0.0,0.0,0.0,0.0
2019-12-09,1143323.9886034129,0.0,0.0,0.0,0.0,0.0
2019-12-10,1143323.9886034129,0.0,0.0,0.0,0.0,0.0
2019-12-11,1143323.9886034129,0.0,0.0,0.0,0.0,0.0
2019-12-12,1143323.9886034129,0.0,0.0,0.0,0.0,0.0
2019-12-13,1143323.9886034129,0.0,0.0,0.0,0.0,0.0
2019-12-16,1143323.9886034129,0.0,0.0,0.0,0.0,0.0
2019-12-17,1143323.9886034129,0.0,0.0,0.0,0.0,0.0
2019-12-18,1143323.9886034129,0.0,0.0,0.0,0.0,0.0
2019-12-19,1143323.9886034129,0.0,0.0,0.0,0.0,0.0
2019-12-20,1143323.9886034129,0.0,0.0,0.0,0.0,0.0
2019-12-23,1143323.9886034129,0.0,0.0,0.0,0.0,0.0
2019-12-24,1143323.9886034129,0.0,0.0,0.0,0.0,0.0
2019-12-26,1143323.9886034129,0.0,0.0,0.0,0.0,0.0
2019-12-27,1143323.9886034129,0.0,0.0,0.0,0.0,0.0
2019-12-30,1143323.9886034129,0.0,0.0,0.0,0.0,0.0
2019-12-31,1143323.9886034129,0.0,0.0,0.0,0.0,0.0
2020-01-02,1143323.9886034129,0.0,0.0,0.0,0.0,0.0
2020-01-03,1143323.9886034129,0.0,0.0,0.0,0.0,0.0
2020-01-06,1143323.9886034129,0.0,0.0,0.0,0.0,0.0
2020-01-07,1143323.9886034129,0.0,0.0,0.0,0.0,0.0
2020-01-08,1143323.9886034129,0.0,0.0,0.0,0.0,0.0
2020-01-09,1143323.9886034129,0.0,0.0,0.0,0.0,0.0
2020-01-10,1143323.9886034129,0.0,0.0,0.0,0.0,0.0
2020-01-13,1143323.9886034129,0.0,0.0,0.0,0.0,0.0
2020-01-14,1143323.9886034129,0.0,0.0,0.0,0.0,0.0
2020-01-15,1143323.9886034129,0.0,0.0,0.0,0.0,0.0
2020-01-16,1143323.9886034129,0.0,0.0,0.0,0.0,0.0
2020-01-17,1143323.9886034129,0.0,0.0,0.0,0.0,0.0
2020-01-21,1143323.9886034129,0.0,0.0,0.0,0.0,0.0
2020-01-22,1143323.9886034129,0.0,0.0,0.0,0.0,0.0
2020-01-23,1143323.9886034129,0.0,0.0,0.0,0.0,0.0
2020-01-24,1143323.9886034129,0.0,0.0,0.0,0.0,0.0
2020-01-27,1143323.9886034129,0.0,0.0,0.0,0.0,0.0
2020-01-28,1143323.9886034129,0.0,0.0,0.0,0.0,0.0
2020-01-29,1143323.9886034129,0.0,0.0,0.0,0.0,0.0
2020-01-30,1143323.9886034129,0.0,0.0,0.0,0.0,0.0
2020-01-31,1143323.9886034129,0.0,0.0,0.0,0.0,0.0
2020-02-03,1143323.9886034129,0.0,0.0,0.0,0.0,0.0
2020-02-04,1143323.9886034129,0.0,0.0,0.0,0.0,0.0
2020-02-05,1143323.9886034129,0.0,0.0,0.0,0.0,0.0
2020-02-06,1143323.9886034129,0.0,0.0,0.0,0.0,0.0
2020-02-07,1143323.9886034129,0.0,0.0,0.0,0.0,0.0
2020-02-10,1143323.9886034129,0.0,0.0,0.0,0.0,0.0
2020-02-11,1143323.9886034129,0.0,0.0,0.0,0.0,0.0
2020-02-12,1143323.9886034129,0.0,0.0,0.0,0.0,0.0
2020-02-13,1143323.9886034129,0.0,0.0,0.0,0.0,0.0
2020-02-14,1143323.9886034129,0.0,0.0,0.0,0.0,0.0
2020-02-18,1143323.9886034129,0.0,0.0,0.0,0.0,0.0
2020-02-19,1143323.9886034129,0.0,0.0,0.0,0.0,0.0
2020-02-20,1143323.9886034129,0.0,0.0,0.0,0.0,0.0
2020-02-21,1143323.9886034129,0.0,0.0,0.0,0.0,0.0
2020-02-24,1143323.9886034129,0.0,0.0,0.0,0.0,0.0
2020-02-25,1143323.9886034129,0.0,0.0,0.0,0.0,0.0
2020-02-26,1143323.9886034129,0.0,0.0,0.0,0.0,0.0
2020-02-27,1143323.9886034129,0.0,0.0,0.0,0.0,0.0
2020-02-28,1143323.9886034129,0.0,0.0,0.0,0.0,0.0
2020-03-02,1143323.9886034129,0.0,0.0,0.0,0.0,0.0
2020-03-03,1143323.9886034129,0.0,0.0,0.0,0.0,0.0
2020-03-04,1143323.9886034129,0.0,0.0,0.0,0.0,0.0
2020-03-05,1143323.9886034129,0.0,0.0,0.0,0.0,0.0
2020-03-06,1143323.9886034129,0.0,0.0,0.0,0.0,0.0
2020-03-09,1143323.9886034129,0.0,0.0,0.0,0.0,0.0
2020-03-10,1143323.9886034129,0.0,0.0,0.0,0.0,0.0
2020-03-11,1143323.9886034129,0.0,0.0,0.0,0.0,0.0
2020-03-12,1143323.9886034129,0.0,0.0,0.0,0.0,0.0
2020-03-13,1143323.9886034129,0.0,0.0,0.0,0.0,0.0
2020-03-16,1143323.9886034129,0.0,0.0,0.0,0.0,0.0
2020-03-17,1143323.9886034129,0.0,0.0,0.0,0.0,0.0
2020-03-18,1143323.9886034129,0.0,0.0,0.0,0.0,0.0
2020-03-19,1143323.9886034129,0.0,0.0,0.0,0.0,0.0
2020-03-20,1143323.9886034129,0.0,0.0,0.0,0.0,0.0
2020-03-23,1143323.9886034129,0.0,0.0,0.0,0.0,0.0
2020-03-24,1143323.9886034129,0.0,0.0,0.0,0.0,0.0
2020-03-25,1143323.9886034129,0.0,0.0,0.0,0.0,0.0
2020-03-26,1143323.9886034129,0.0,0.0,0.0,0.0,0.0
2020-03-27,1143323.9886034129,0.0,0.0,0.0,0.0,0.0
2020-03-30,1143323.9886034129,0.0,0.0,0.0,0.0,0.0
2020-03-31,1143323.9886034129,0.0,0.0,0.0,0.0,0.0
2020-04-01,1142752.3266091112,0.0,571.6619943017065,-0.0005,-1.0617582777763421,-0.5
2020-04-02,1144885.9194519212,2133.59284281014,0.0,0.0018705574261129814,-1.242997794131948,-0.5
2020-04-03,1149606.2137225252,4720.294270603874,0.0,0.004140007527286414,-1.1705582774613288,-0.5
2020-04-06,1154819.8473448495,5213.633622324377,0.0,0.004555808656036446,-1.6926107204099055,-0.5
2020-04-07,1148213.3264790322,-6606.520865817217,0.0,-0.005688282138794084,-2.2588778249049475,-0.5
2020-04-08,1150811.0941859982,2597.7677069661363,0.0,0.0022675736961451248,-2.520684337048826,-0.5
2020-04-09,1147759.7011332323,-3051.3930527659045,0.0,-0.002644503211182471,-2.5247471823797154,-0.5
2020-04-13,1148192.165225596,432.46409236368964,0.0,0.00037693177534866185,-2.4927022931497813,-0.5
2020-04-14,1157717.1379386287,9524.972713032847,0.0,0.008365019011406842,-2.5958832209424227,-0.5
2020-04-15,1169702.7064679014,11985.568529272612,0.0,0.010461061604029445,-2.4481331327587577,-0.5
2020-04-16,1168786.7294072374,-915.9770606639792,0.0,-0.000782472613458529,-2.104389634504545,-0.5
2020-04-17,1164217.5866026743,-4569.1428045630855,0.0,-0.003894080996884735,-1.975703019216355,-0.5
2020-04-20,1178668.697064771,14451.11046209681,0.0,0.012568735271013353,-1.970607066225374,-0.5
2020-04-21,1188045.5363413405,9376.83927656938,0.0,0.008019246190858061,-1.9947245958803432,-0.5
2020-04-22,1172198.526357806,-15847.009983534454,0.0,-0.01316314319904268,-1.8716456452349715,-0.5
2020-04-23,1168968.05797808,-3230.468379726237,0.0,-0.002748331370239497,-1.61408157954591,-0.5
2020-04-24,1175375.8703554068,6407.8123773269845,0.0,0.005511811023622047,-1.425750064191138,-0.5
2020-04-27,1194453.625970835,19077.755615428217,0.0,0.016498993963782696,-1.3051650023524686,-0.5
2020-04-28,1199829.6447456628,5376.018774827818,0.0,0.0045211672831894775,-1.3410631109008933,-0.5
2020-04-29,1196361.9290094036,-3467.715736259141,0.0,-0.002881844380403458,-1.1663667326211893,-0.5
2020-04-30,1182610.6424690655,-13751.286540337971,0.0,-0.011363636363636362,-0.7715141075519046,-0.5
2020-05-01,1182610.6424690655,0.0,0.0,0.0,-0.6410111541217363,-0.5
2020-05-04,1184034.3310434665,1423.6885744009617,0.0,0.0012053033346725592,-0.7597311407088206,-0.5
2020-05-05,1179747.8028940733,-4286.528149393081,0.0,-0.0036072144288577155,-0.4833496891703122,-0.5
2020-05-06,1182103.529337552,2355.7264434785807,0.0,0.0020008003201280513,-0.34859396733144954,-0.5
2020-05-07,1174045.8869964378,-8057.642341114027,0.0,-0.00677021107128634,-0.24945557183458172,-0.5
2020-05-08,1168472.8843682902,-5573.002628147648,0.0,-0.004724409448818898,-0.20332744602596683,-0.5
2020-05-11,1169388.6154688923,915.7311006021083,0.0,0.000784313725490196,-0.04139455383380234,-0.5
2020-05-12,1159750.7972095332,-9637.818259359003,0.0,-0.008174386920980926,-0.02961432655418148,-0.5
2020-05-13,1166019.7204376927,6268.923228159639,0.0,0.005434782608695652,-0.12287616917034076,-0.5
2020-05-14,1166019.7204376927,0.0,0.0,0.0,-0.3184152378550159,-0.5
2020-05-15,1167840.2039980951,1820.4835604023306,0.0,0.0015637216575449572,-0.4823566523831889,-0.5
2020-05-18,1163928.8081073356,-2743.5556867613827,1167.8402039980951,-0.00334140625,0.39581403459360254,0.5
2020-05-19,1164836.0012547302,907.1931473946497,0.0,0.0007800312012480498,0.9190103406780559,0.5
2020-05-20,1161663.2961929468,-3172.7050617833115,0.0,-0.0027163368257663947,1.4782451447313603,0.5
2020-05-21,1157901.070541192,-3181.3940036583053,580.8316480964735,-0.0032298088177916506,2.0613370565908027,0.5
2020-05-22,1157322.1200059215,0.0,578.9505352705961,-0.0005,2.285161658940203,0.5
2020-05-26,1159141.8088738553,1819.6888679338388,0.0,0.0015748031496062992,1.9558403685460903,0.5
2020-05-27,1161867.0639103926,2725.2550365372776,0.0,0.002356637863315004,1.9889107979275533,0.5
2020-05-28,1174555.1597721286,12688.095861735957,0.0,0.011041009463722398,2.002565043973324,0.5
2020-05-29,1171417.035299455,-3138.124472673626,0.0,-0.002664636467453369,2.2315249053602324,0.5
2020-06-01,1166921.9584180296,-4495.076881425383,0.0,-0.0038226299694189597,2.358980300184391,0.5
2020-06-02,1168726.9421124116,1804.983694382103,0.0,0.0015491866769945777,1.9279747733028054,0.5
2020-06-03,1168276.392019076,-450.550093335548,0.0,-0.0003853564547206165,1.5710827170452621,0.5
2020-06-04,1177290.8703525565,9014.478333480525,0.0,0.0077760497667185065,1.1803441969121642,0.5
2020-06-05,1181316.5610186555,4025.690666099167,0.0,0.003431185665268776,0.7933193387222097,0.5
2020-06-08,1184593.0428011036,4457.798343466625,1181.3165610186556,0.0027840909090909092,-0.12571033851439342,-0.5
2020-06-09,1195684.7379584173,11091.695157313705,0.0,0.009451795841209832,-0.2610259701322625,-0.5
2020-06-10,1197966.5790613913,2281.8411029740787,0.0,0.0019120458891013384,-0.4195107602530006,-0.5
2020-06-11,1191540.704690947,-6425.874370444244,0.0,-0.005335365853658536,-0.5512406695769078,-0.5
2020-06-12,1191089.0213305638,-451.6833603832248,0.0,-0.0003789314134141721,-0.623340014072715,-0.5
2020-06-15,1192442.5315820759,1353.5102515120043,0.0,0.0011376564277588168,-0.9619533636250011,-0.5
2020-06-16,1192895.2432493432,452.7116672673029,0.0,0.000379794910748196,-1.052770059443694,-0.5
2020-06-17,1190629.1048693103,-2266.1383800329468,0.0,-0.0018960940462646946,-1.1626997209223593,-0.5
2020-06-18,1189277.1414648409,-1351.9634044693153,0.0,-0.0011342155009451795,-1.2818744488244265,-0.5
2020-06-19,1186582.4047394674,-2694.736725373507,0.0,-0.0022607385079125852,-1.5063812450888674,-0.5
2020-06-22,1194165.8261231408,7583.421383673288,0.0,0.006432084752175558,-1.9799315255946806,-0.5
2020-06-23,1200077.5381336513,5911.712010510598,0.0,0.004975124378109453,-1.9359218157537497,-0.5
2020-06-24,1201462.242985344,1384.7048516926745,0.0,0.001155179052753177,-1.9405266948382738,-0.5
2020-06-25,1214430.9950299044,12968.752044560382,0.0,0.010911925175370226,-1.6983001067009091,-0.5
2020-06-26,1214909.494239924,478.49921001966294,0.0,0.0003941663381947182,-1.4877499859485166,-0.5
2020-06-29,1197184.0796946255,-17725.414545298576,0.0,-0.014380101049358725,-1.3422682968735995,-0.5
2020-06-30,1174109.6179593618,-22475.869695416342,598.5920398473128,-0.01891876645355397,-1.298910965690012,-0.5
2020-07-01,1174109.6179593618,0.0,0.0,0.0,0.0,0.0
2020-07-02,1174109.6179593618,0.0,0.0,0.0,0.0,0.0
2020-07-06,1174109.6179593618,0.0,0.0,0.0,0.0,0.0
2020-07-07,1174109.6179593618,0.0,0.0,0.0,0.0,0.0
2020-07-08,1174109.6179593618,0.0,0.0,0.0,0.0,0.0
2020-07-09,1174109.6179593618,0.0,0.0,0.0,0.0,0.0
2020-07-10,1174109.6179593618,0.0,0.0,0.0,0.0,0.0
2020-07-13,1174109.6179593618,0.0,0.0,0.0,0.0,0.0
2020-07-14,1174109.6179593618,0.0,0.0,0.0,0.0,0.0
2020-07-15,1174109.6179593618,0.0,0.0,0.0,0.0,0.0
2020-07-16,1174109.6179593618,0.0,0.0,0.0,0.0,0.0
2020-07-17,1174109.6179593618,0.0,0.0,0.0,0.0,0.0
2020-07-20,1174109.6179593618,0.0,0.0,0.0,0.0,0.0
2020-07-21,1174109.6179593618,0.0,0.0,0.0,0.0,0.0
2020-07-22,1174109.6179593618,0.0,0.0,0.0,0.0,0.0
2020-07-23,1174109.6179593618,0.0,0.0,0.0,0.0,0.0
2020-07-24,1174109.6179593618,0.0,0.0,0.0,0.0,0.0
2020-07-27,1174109.6179593618,0.0,0.0,0.0,0.0,0.0
2020-07-28,1174109.6179593618,0.0,0.0,0.0,0.0,0.0
2020-07-29,1174109.6179593618,0.0,0.0,0.0,0.0,0.0
2020-07-30,1174109.6179593618,0.0,0.0,0.0,0.0,0.0
2020-07-31,1174109.6179593618,0.0,0.0,0.0,0.0,0.0
2020-08-03,1174109.6179593618,0.0,0.0,0.0,0.0,0.0
2020-08-04,1174109.6179593618,0.0,0.0,0.0,0.0,0.0
2020-08-05,1174109.6179593618,0.0,0.0,0.0,0.0,0.0
2020-08-06,1174109.6179593618,0.0,0.0,0.0,0.0,0.0
2020-08-07,1174109.6179593618,0.0,0.0,0.0,0.0,0.0
2020-08-10,1174109.6179593618,0.0,0.0,0.0,0.0,0.0
2020-08-11,1174109.6179593618,0.0,0.0,0.0,0.0,0.0
2020-08-12,1174109.6179593618,0.0,0.0,0.0,0.0,0.0
2020-08-13,1174109.6179593618,0.0,0.0,0.0,0.0,0.0
2020-08-14,1174109.6179593618,0.0,0.0,0.0,0.0,0.0
2020-08-17,1174109.6179593618,0.0,0.0,0.0,0.0,0.0
2020-08-18,1174109.6179593618,0.0,0.0,0.0,0.0,0.0
2020-08-19,1174109.6179593618,0.0,0.0,0.0,0.0,0.0
2020-08-20,1174109.6179593618,0.0,0.0,0.0,0.0,0.0
2020-08-21,1174109.6179593618,0.0,0.0,0.0,0.0,0.0
2020-08-24,1174109.6179593618,0.0,0.0,0.0,0.0,0.0
2020-08-25,1174109.6179593618,0.0,0.0,0.0,0.0,0.0
2020-08-26,1174109.6179593618,0.0,0.0,0.0,0.0,0.0
2020-08-27,1174109.6179593618,0.0,0.0,0.0,0.0,0.0
2020-08-28,1174109.6179593618,0.0,0.0,0.0,0.0,0.0
2020-08-31,1174109.6179593618,0.0,0.0,0.0,0.0,0.0
2020-09-01,1174109.6179593618,0.0,0.0,0.0,0.0,0.0
2020-09-02,1174109.6179593618,0.0,0.0,0.0,0.0,0.0
2020-09-03,1174109.6179593618,0.0,0.0,0.0,0.0,0.0
2020-09-04,1174109.6179593618,0.0,0.0,0.0,0.0,0.0
2020-09-08,1174109.6179593618,0.0,0.0,0.0,0.0,0.0
2020-09-09,1174109.6179593618,0.0,0.0,0.0,0.0,0.0
2020-09-10,1174109.6179593618,0.0,0.0,0.0,0.0,0.0
2020-09-11,1174109.6179593618,0.0,0.0,0.0,0.0,0.0
2020-09-14,1174109.6179593618,0.0,0.0,0.0,0.0,0.0
2020-09-15,1174109.6179593618,0.0,0.0,0.0,0.0,0.0
2020-09-16,1174109.6179593618,0.0,0.0,0.0,0.0,0.0
2020-09-17,1174109.6179593618,0.0,0.0,0.0,0.0,0.0
2020-09-18,1174109.6179593618,0.0,0.0,0.0,0.0,0.0
2020-09-21,1174109.6179593618,0.0,0.0,0.0,0.0,0.0
2020-09-22,1174109.6179593618,0.0,0.0,0.0,0.0,0.0
2020-09-23,1174109.6179593618,0.0,0.0,0.0,0.0,0.0
2020-09-24,1174109.6179593618,0.0,0.0,0.0,0.0,0.0
2020-09-25,1174109.6179593618,0.0,0.0,0.0,0.0,0.0
2020-09-28,1174109.6179593618,0.0,0.0,0.0,0.0,0.0
2020-09-29,1174109.6179593618,0.0,0.0,0.0,0.0,0.0
2020-09-30,1174109.6179593618,0.0,0.0,0.0,0.0,0.0
2020-10-01,1174109.6179593618,0.0,0.0,0.0,0.0,0.0
2020-10-02,1174109.6179593618,0.0,0.0,0.0,0.0,0.0
2020-10-05,1174109.6179593618,0.0,0.0,0.0,0.0,0.0
2020-10-06,1174109.6179593618,0.0,0.0,0.0,0.0,0.0
2020-10-07,1174109.6179593618,0.0,0.0,0.0,0.0,0.0
2020-10-08,1174109.6179593618,0.0,0.0,0.0,0.0,0.0
2020-10-09,1174109.6179593618,0.0,0.0,0.0,0.0,0.0
2020-10-12,1174109.6179593618,0.0,0.0,0.0,0.0,0.0
2020-10-13,1174109.6179593618,0.0,0.0,0.0,0.0,0.0
2020-10-14,1174109.6179593618,0.0,0.0,0.0,0.0,0.0
2020-10-15,1174109.6179593618,0.0,0.0,0.0,0.0,0.0
2020-10-16,1174109.6179593618,0.0,0.0,0.0,0.0,0.0
2020-10-19,1174109.6179593618,0.0,0.0,0.0,0.0,0.0
2020-10-20,1174109.6179593618,0.0,0.0,0.0,0.0,0.0
2020-10-21,1174109.6179593618,0.0,0.0,0.0,0.0,0.0
2020-10-22,1174109.6179593618,0.0,0.0,0.0,0.0,0.0
2020-10-23,1174109.6179593618,0.0,0.0,0.0,0.0,0.0
2020-10-26,1174109.6179593618,0.0,0.0,0.0,0.0,0.0
2020-10-27,1174109.6179593618,0.0,0.0,0.0,0.0,0.0
2020-10-28,1174109.6179593618,0.0,0.0,0.0,0.0,0.0
2020-10-29,1174109.6179593618,0.0,0.0,0.0,0.0,0.0
2020-10-30,1174109.6179593618,0.0,0.0,0.0,0.0,0.0
2020-11-02,1174109.6179593618,0.0,0.0,0.0,0.0,0.0
2020-11-03,1174109.6179593618,0.0,0.0,0.0,0.0,0.0
2020-11-04,1174109.6179593618,0.0,0.0,0.0,0.0,0.0
2020-11-05,1174109.6179593618,0.0,0.0,0.0,0.0,0.0
2020-11-06,1174109.6179593618,0.0,0.0,0.0,0.0,0.0
2020-11-09,1174109.6179593618,0.0,0.0,0.0,0.0,0.0
2020-11-10,1174109.6179593618,0.0,0.0,0.0,0.0,0.0
2020-11-11,1174109.6179593618,0.0,0.0,0.0,0.0,0.0
2020-11-12,1174109.6179593618,0.0,0.0,0.0,0.0,0.0
2020-11-13,1174109.6179593618,0.0,0.0,0.0,0.0,0.0
2020-11-16,1174109.6179593618,0.0,0.0,0.0,0.0,0.0
2020-11-17,1174109.6179593618,0.0,0.0,0.0,0.0,0.0
2020-11-18,1174109.6179593618,0.0,0.0,0.0,0.0,0.0
2020-11-19,1174109.6179593618,0.0,0.0,0.0,0.0,0.0
2020-11-20,1174109.6179593618,0.0,0.0,0.0,0.0,0.0
2020-11-23,1174109.6179593618,0.0,0.0,0.0,0.0,0.0
2020-11-24,1174109.6179593618,0.0,0.0,0.0,0.0,0.0
2020-11-25,1174109.6179593618,0.0,0.0,0.0,0.0,0.0
2020-11-27,1174109.6179593618,0.0,0.0,0.0,0.0,0.0
2020-11-30,1174109.6179593618,0.0,0.0,0.0,0.0,0.0
2020-12-01,1174109.6179593618,0.0,0.0,0.0,0.0,0.0
2020-12-02,1174109.6179593618,0.0,0.0,0.0,0.0,0.0
2020-12-03,1174109.6179593618,0.0,0.0,0.0,0.0,0.0
2020-12-04,1174109.6179593618,0.0,0.0,0.0,0.0,0.0
2020-12-07,1174109.6179593618,0.0,0.0,0.0,0.0,0.0
2020-12-08,1174109.6179593618,0.0,0.0,0.0,0.0,0.0
2020-12-09,1174109.6179593618,0.0,0.0,0.0,0.0,0.0
2020-12-10,1174109.6179593618,0.0,0.0,0.0,0.0,0.0
2020-12-11,1174109.6179593618,0.0,0.0,0.0,0.0,0.0
2020-12-14,1174109.6179593618,0.0,0.0,0.0,0.0,0.0
2020-12-15,1174109.6179593618,0.0,0.0,0.0,0.0,0.0
2020-12-16,1174109.6179593618,0.0,0.0,0.0,0.0,0.0
2020-12-17,1174109.6179593618,0.0,0.0,0.0,0.0,0.0
2020-12-18,1174109.6179593618,0.0,0.0,0.0,0.0,0.0
2020-12-21,1174109.6179593618,0.0,0.0,0.0,0.0,0.0
2020-12-22,1174109.6179593618,0.0,0.0,0.0,0.0,0.0
2020-12-23,1174109.6179593618,0.0,0.0,0.0,0.0,0.0
2020-12-24,1174109.6179593618,0.0,0.0,0.0,0.0,0.0
2020-12-28,1174109.6179593618,0.0,0.0,0.0,0.0,0.0
2020-12-29,1174109.6179593618,0.0,0.0,0.0,0.0,0.0
2020-12-30,1174109.6179593618,0.0,0.0,0.0,0.0,0.0
2020-12-31,1174109.6179593618,0.0,0.0,0.0,0.0,0.0
2021-01-04,1174109.6179593618,0.0,0.0,0.0,0.0,0.0
2021-01-05,1174109.6179593618,0.0,0.0,0.0,0.0,0.0
2021-01-06,1174109.6179593618,0.0,0.0,0.0,0.0,0.0
2021-01-07,1174109.6179593618,0.0,0.0,0.0,0.0,0.0
2021-01-08,1174109.6179593618,0.0,0.0,0.0,0.0,0.0
2021-01-11,1174109.6179593618,0.0,0.0,0.0,0.0,0.0
2021-01-12,1174109.6179593618,0.0,0.0,0.0,0.0,0.0
2021-01-13,1174109.6179593618,0.0,0.0,0.0,0.0,0.0
2021-01-14,1174109.6179593618,0.0,0.0,0.0,0.0,0.0
2021-01-15,1174109.6179593618,0.0,0.0,0.0,0.0,0.0
2021-01-19,1174109.6179593618,0.0,0.0,0.0,0.0,0.0
2021-01-20,1174109.6179593618,0.0,0.0,0.0,0.0,0.0
2021-01-21,1174109.6179593618,0.0,0.0,0.0,0.0,0.0
2021-01-22,1174109.6179593618,0.0,0.0,0.0,0.0,0.0
2021-01-25,1174109.6179593618,0.0,0.0,0.0,0.0,0.0
2021-01-26,1174109.6179593618,0.0,0.0,0.0,0.0,0.0
2021-01-27,1174109.6179593618,0.0,0.0,0.0,0.0,0.0
2021-01-28,1174109.6179593618,0.0,0.0,0.0,0.0,0.0
2021-01-29,1174109.6179593618,0.0,0.0,0.0,0.0,0.0
2021-02-01,1174109.6179593618,0.0,0.0,0.0,0.0,0.0
2021-02-02,1174109.6179593618,0.0,0.0,0.0,0.0,0.0
2021-02-03,1174109.6179593618,0.0,0.0,0.0,0.0,0.0
2021-02-04,1174109.6179593618,0.0,0.0,0.0,0.0,0.0
2021-02-05,1174109.6179593618,0.0,0.0,0.0,0.0,0.0
2021-02-08,1174109.6179593618,0.0,0.0,0.0,0.0,0.0
2021-02-09,1174109.6179593618,0.0,0.0,0.0,0.0,0.0
2021-02-10,1174109.6179593618,0.0,0.0,0.0,0.0,0.0
2021-02-11,1174109.6179593618,0.0,0.0,0.0,0.0,0.0
2021-02-12,1174109.6179593618,0.0,0.0,0.0,0.0,0.0
2021-02-16,1174109.6179593618,0.0,0.0,0.0,0.0,0.0
2021-02-17,1174109.6179593618,0.0,0.0,0.0,0.0,0.0
2021-02-18,1174109.6179593618,0.0,0.0,0.0,0.0,0.0
2021-02-19,1174109.6179593618,0.0,0.0,0.0,0.0,0.0
2021-02-22,1174109.6179593618,0.0,0.0,0.0,0.0,0.0
2021-02-23,1174109.6179593618,0.0,0.0,0.0,0.0,0.0
2021-02-24,1174109.6179593618,0.0,0.0,0.0,0.0,0.0
2021-02-25,1174109.6179593618,0.0,0.0,0.0,0.0,0.0
2021-02-26,1174109.6179593618,0.0,0.0,0.0,0.0,0.0
2021-03-01,1174109.6179593618,0.0,0.0,0.0,0.0,0.0
2021-03-02,1174109.6179593618,0.0,0.0,0.0,0.0,0.0
2021-03-03,1174109.6179593618,0.0,0.0,0.0,0.0,0.0
2021-03-04,1174109.6179593618,0.0,0.0,0.0,0.0,0.0
2021-03-05,1174109.6179593618,0.0,0.0,0.0,0.0,0.0
2021-03-08,1174109.6179593618,0.0,0.0,0.0,0.0,0.0
2021-03-09,1174109.6179593618,0.0,0.0,0.0,0.0,0.0
2021-03-10,1174109.6179593618,0.0,0.0,0.0,0.0,0.0
2021-03-11,1174109.6179593618,0.0,0.0,0.0,0.0,0.0
2021-03-12,1174109.6179593618,0.0,0.0,0.0,0.0,0.0
2021-03-15,1174109.6179593618,0.0,0.0,0.0,0.0,0.0
2021-03-16,1174109.6179593618,0.0,0.0,0.0,0.0,0.0
2021-03-17,1174109.6179593618,0.0,0.0,0.0,0.0,0.0
2021-03-18,1174109.6179593618,0.0,0.0,0.0,0.0,0.0
2021-03-19,1174109.6179593618,0.0,0.0,0.0,0.0,0.0
2021-03-22,1174109.6179593618,0.0,0.0,0.0,0.0,0.0
2021-03-23,1174109.6179593618,0.0,0.0,0.0,0.0,0.0
2021-03-24,1174109.6179593618,0.0,0.0,0.0,0.0,0.0
2021-03-25,1174109.6179593618,0.0,0.0,0.0,0.0,0.0
2021-03-26,1174109.6179593618,0.0,0.0,0.0,0.0,0.0
2021-03-29,1174109.6179593618,0.0,0.0,0.0,0.0,0.0
2021-03-30,1174109.6179593618,0.0,0.0,0.0,0.0,0.0
2021-03-31,1174109.6179593618,0.0,0.0,0.0,0.0,0.0
2021-04-01,1173522.5631503821,0.0,587.0548089796808,-0.0005,1.4173924632150139,0.5
2021-04-05,1166708.8993178878,-6813.663832494402,0.0,-0.005772646536412078,1.6427812656060397,0.5
2021-04-06,1167763.313144655,1054.4138267671829,0.0,0.0009045680687471731,1.6840339408901022,0.5
2021-04-07,1174347.45451331,6584.141368655023,0.0,0.005670220004536175,1.3089575920738048,0.5
2021-04-08,1194513.5459489757,20166.09143566567,0.0,0.017472203312911275,1.1816760520885026,0.5
2021-04-09,1191938.053180651,-2575.4927683246565,0.0,-0.0021514629948364886,1.0685719240804281,0.5
2021-04-12,1183420.5227010145,-8517.530479636527,0.0,-0.007095248333691679,0.9194501848989962,0.5
2021-04-13,1194859.5611454004,11439.038444385904,0.0,0.009760425909494231,0.9046273456287335,0.5
2021-04-14,1209280.2799868104,14420.718841410004,0.0,0.012216404886561954,0.8632668097728846,0.5
2021-04-15,1205208.629212444,-4071.6507743663647,0.0,-0.0033557046979865767,0.7357781933606526,0.5
2021-04-16,1200612.4946095152,-4596.134602928812,0.0,-0.003799071338117349,0.6072528782462764,0.5
2021-04-19,1207276.867978398,6664.373368882877,0.0,0.0055817947617003,0.5495998121619915,0.5
2021-04-20,1222061.9309730658,14785.06299466788,0.0,0.012398460880718254,0.499631261664681,0.5
2021-04-21,1241203.8738324954,19141.942859429717,0.0,0.01591289782244556,0.6069161868230305,0.5
2021-04-22,1265387.5059849576,24804.234089378402,620.6019369162477,0.01988132137030995,0.0,0.0
2021-04-23,1265387.5059849576,0.0,0.0,0.0,0.0,0.0
2021-04-26,1265387.5059849576,0.0,0.0,0.0,0.0,0.0
2021-04-27,1265387.5059849576,0.0,0.0,0.0,0.0,0.0
2021-04-28,1265387.5059849576,0.0,0.0,0.0,0.0,0.0
2021-04-29,1264754.8122319651,0.0,632.6937529924788,-0.0005,0.0605605635555149,0.5
2021-04-30,1298353.690427569,34231.25560171985,632.3774061159826,0.027304538799414347,0.0,0.0
2021-05-03,1298353.690427569,0.0,0.0,0.0,0.0,0.0
2021-05-04,1298353.690427569,0.0,0.0,0.0,0.0,0.0
2021-05-05,1298353.690427569,0.0,0.0,0.0,0.0,0.0
2021-05-06,1298353.690427569,0.0,0.0,0.0,0.0,0.0
2021-05-07,1297704.513582355,0.0,649.1768452137845,-0.0005,0.2866627642974271,0.5
2021-05-10,1276273.9164461312,-20781.744879432732,648.8522567911775,-0.016253940455341506,0.0,0.0
2021-05-11,1276273.9164461312,0.0,0.0,0.0,0.0,0.0
2021-05-12,1276273.9164461312,0.0,0.0,0.0,0.0,0.0
2021-05-13,1276273.9164461312,0.0,0.0,0.0,0.0,0.0
2021-05-14,1276273.9164461312,0.0,0.0,0.0,0.0,0.0
2021-05-17,1276273.9164461312,0.0,0.0,0.0,0.0,0.0
2021-05-18,1276273.9164461312,0.0,0.0,0.0,0.0,0.0
2021-05-19,1276273.9164461312,0.0,0.0,0.0,0.0,0.0
2021-05-20,1276273.9164461312,0.0,0.0,0.0,0.0,0.0
2021-05-21,1276273.9164461312,0.0,0.0,0.0,0.0,0.0
2021-05-24,1276273.9164461312,0.0,0.0,0.0,0.0,0.0
2021-05-25,1276273.9164461312,0.0,0.0,0.0,0.0,0.0
2021-05-26,1276273.9164461312,0.0,0.0,0.0,0.0,0.0
2021-05-27,1276273.9164461312,0.0,0.0,0.0,0.0,0.0
2021-05-28,1276273.9164461312,0.0,0.0,0.0,0.0,0.0
2021-06-01,1276273.9164461312,0.0,0.0,0.0,0.0,0.0
2021-06-02,1276273.9164461312,0.0,0.0,0.0,0.0,0.0
2021-06-03,1276273.9164461312,0.0,0.0,0.0,0.0,0.0
2021-06-04,1276273.9164461312,0.0,0.0,0.0,0.0,0.0
2021-06-07,1276273.9164461312,0.0,0.0,0.0,0.0,0.0
2021-06-08,1276273.9164461312,0.0,0.0,0.0,0.0,0.0
2021-06-09,1276273.9164461312,0.0,0.0,0.0,0.0,0.0
2021-06-10,1276273.9164461312,0.0,0.0,0.0,0.0,0.0
2021-06-11,1276273.9164461312,0.0,0.0,0.0,0.0,0.0
2021-06-14,1276273.9164461312,0.0,0.0,0.0,0.0,0.0
2021-06-15,1276273.9164461312,0.0,0.0,0.0,0.0,0.0
2021-06-16,1276273.9164461312,0.0,0.0,0.0,0.0,0.0
2021-06-17,1276273.9164461312,0.0,0.0,0.0,0.0,0.0
2021-06-18,1276273.9164461312,0.0,0.0,0.0,0.0,0.0
2021-06-21,1276273.9164461312,0.0,0.0,0.0,0.0,0.0
2021-06-22,1276273.9164461312,0.0,0.0,0.0,0.0,0.0
2021-06-23,1276273.9164461312,0.0,0.0,0.0,0.0,0.0
2021-06-24,1276273.9164461312,0.0,0.0,0.0,0.0,0.0
2021-06-25,1276273.9164461312,0.0,0.0,0.0,0.0,0.0
2021-06-28,1276273.9164461312,0.0,0.0,0.0,0.0,0.0
2021-06-29,1276273.9164461312,0.0,0.0,0.0,0.0,0.0
2021-06-30,1276273.9164461312,0.0,0.0,0.0,0.0,0.0
2021-07-01,1276273.9164461312,0.0,0.0,0.0,0.0,0.0
2021-07-02,1276273.9164461312,0.0,0.0,0.0,0.0,0.0
2021-07-06,1276273.9164461312,0.0,0.0,0.0,0.0,0.0
2021-07-07,1276273.9164461312,0.0,0.0,0.0,0.0,0.0
2021-07-08,1276273.9164461312,0.0,0.0,0.0,0.0,0.0
2021-07-09,1276273.9164461312,0.0,0.0,0.0,0.0,0.0
2021-07-12,1276273.9164461312,0.0,0.0,0.0,0.0,0.0
2021-07-13,1276273.9164461312,0.0,0.0,0.0,0.0,0.0
2021-07-14,1276273.9164461312,0.0,0.0,0.0,0.0,0.0
2021-07-15,1276273.9164461312,0.0,0.0,0.0,0.0,0.0
2021-07-16,1276273.9164461312,0.0,0.0,0.0,0.0,0.0
2021-07-19,1276273.9164461312,0.0,0.0,0.0,0.0,0.0
2021-07-20,1276273.9164461312,0.0,0.0,0.0,0.0,0.0
2021-07-21,1276273.9164461312,0.0,0.0,0.0,0.0,0.0
2021-07-22,1276273.9164461312,0.0,0.0,0.0,0.0,0.0
2021-07-23,1276273.9164461312,0.0,0.0,0.0,0.0,0.0
2021-07-26,1276273.9164461312,0.0,0.0,0.0,0.0,0.0
2021-07-27,1276273.9164461312,0.0,0.0,0.0,0.0,0.0
2021-07-28,1276273.9164461312,0.0,0.0,0.0,0.0,0.0
2021-07-29,1276273.9164461312,0.0,0.0,0.0,0.0,0.0
2021-07-30,1276273.9164461312,0.0,0.0,0.0,0.0,0.0
2021-08-02,1276273.9164461312,0.0,0.0,0.0,0.0,0.0
2021-08-03,1276273.9164461312,0.0,0.0,0.0,0.0,0.0
2021-08-04,1276273.9164461312,0.0,0.0,0.0,0.0,0.0
2021-08-05,1276273.9164461312,0.0,0.0,0.0,0.0,0.0
2021-08-06,1276273.9164461312,0.0,0.0,0.0,0.0,0.0
2021-08-09,1276273.9164461312,0.0,0.0,0.0,0.0,0.0
2021-08-10,1276273.9164461312,0.0,0.0,0.0,0.0,0.0
2021-08-11,1276273.9164461312,0.0,0.0,0.0,0.0,0.0
2021-08-12,1276273.9164461312,0.0,0.0,0.0,0.0,0.0
2021-08-13,1276273.9164461312,0.0,0.0,0.0,0.0,0.0
2021-08-16,1276273.9164461312,0.0,0.0,0.0,0.0,0.0
2021-08-17,1276273.9164461312,0.0,0.0,0.0,0.0,0.0
2021-08-18,1276273.9164461312,0.0,0.0,0.0,0.0,0.0
2021-08-19,1276273.9164461312,0.0,0.0,0.0,0.0,0.0
2021-08-20,1276273.9164461312,0.0,0.0,0.0,0.0,0.0
2021-08-23,1276273.9164461312,0.0,0.0,0.0,0.0,0.0
2021-08-24,1276273.9164461312,0.0,0.0,0.0,0.0,0.0
2021-08-25,1276273.9164461312,0.0,0.0,0.0,0.0,0.0
2021-08-26,1276273.9164461312,0.0,0.0,0.0,0.0,0.0
2021-08-27,1276273.9164461312,0.0,0.0,0.0,0.0,0.0
2021-08-30,1276273.9164461312,0.0,0.0,0.0,0.0,0.0
2021-08-31,1276273.9164461312,0.0,0.0,0.0,0.0,0.0
2021-09-01,1276273.9164461312,0.0,0.0,0.0,0.0,0.0
2021-09-02,1276273.9164461312,0.0,0.0,0.0,0.0,0.0
2021-09-03,1276273.9164461312,0.0,0.0,0.0,0.0,0.0
2021-09-07,1276273.9164461312,0.0,0.0,0.0,0.0,0.0
2021-09-08,1276273.9164461312,0.0,0.0,0.0,0.0,0.0
2021-09-09,1276273.9164461312,0.0,0.0,0.0,0.0,0.0
2021-09-10,1276273.9164461312,0.0,0.0,0.0,0.0,0.0
2021-09-13,1276273.9164461312,0.0,0.0,0.0,0.0,0.0
2021-09-14,1276273.9164461312,0.0,0.0,0.0,0.0,0.0
2021-09-15,1276273.9164461312,0.0,0.0,0.0,0.0,0.0
2021-09-16,1276273.9164461312,0.0,0.0,0.0,0.0,0.0
2021-09-17,1276273.9164461312,0.0,0.0,0.0,0.0,0.0
2021-09-20,1276273.9164461312,0.0,0.0,0.0,0.0,0.0
2021-09-21,1276273.9164461312,0.0,0.0,0.0,0.0,0.0
2021-09-22,1276273.9164461312,0.0,0.0,0.0,0.0,0.0
2021-09-23,1276273.9164461312,0.0,0.0,0.0,0.0,0.0
2021-09-24,1276273.9164461312,0.0,0.0,0.0,0.0,0.0
2021-09-27,1276273.9164461312,0.0,0.0,0.0,0.0,0.0
2021-09-28,1276273.9164461312,0.0,0.0,0.0,0.0,0.0
2021-09-29,1276273.9164461312,0.0,0.0,0.0,0.0,0.0
2021-09-30,1276273.9164461312,0.0,0.0,0.0,0.0,0.0
2021-10-01,1276273.9164461312,0.0,0.0,0.0,0.0,0.0
2021-10-04,1276273.9164461312,0.0,0.0,0.0,0.0,0.0
2021-10-05,1276273.9164461312,0.0,0.0,0.0,0.0,0.0
2021-10-06,1276273.9164461312,0.0,0.0,0.0,0.0,0.0
2021-10-07,1276273.9164461312,0.0,0.0,0.0,0.0,0.0
2021-10-08,1276273.9164461312,0.0,0.0,0.0,0.0,0.0
2021-10-11,1276273.9164461312,0.0,0.0,0.0,0.0,0.0
2021-10-12,1276273.9164461312,0.0,0.0,0.0,0.0,0.0
2021-10-13,1276273.9164461312,0.0,0.0,0.0,0.0,0.0
2021-10-14,1276273.9164461312,0.0,0.0,0.0,0.0,0.0
2021-10-15,1276273.9164461312,0.0,0.0,0.0,0.0,0.0
2021-10-18,1276273.9164461312,0.0,0.0,0.0,0.0,0.0
2021-10-19,1276273.9164461312,0.0,0.0,0.0,0.0,0.0
2021-10-20,1276273.9164461312,0.0,0.0,0.0,0.0,0.0
2021-10-21,1276273.9164461312,0.0,0.0,0.0,0.0,0.0
2021-10-22,1276273.9164461312,0.0,0.0,0.0,0.0,0.0
2021-10-25,1276273.9164461312,0.0,0.0,0.0,0.0,0.0
2021-10-26,1276273.9164461312,0.0,0.0,0.0,0.0,0.0
2021-10-27,1276273.9164461312,0.0,0.0,0.0,0.0,0.0
2021-10-28,1276273.9164461312,0.0,0.0,0.0,0.0,0.0
2021-10-29,1276273.9164461312,0.0,0.0,0.0,0.0,0.0
2021-11-01,1276273.9164461312,0.0,0.0,0.0,0.0,0.0
2021-11-02,1276273.9164461312,0.0,0.0,0.0,0.0,0.0
2021-11-03,1276273.9164461312,0.0,0.0,0.0,0.0,0.0
2021-11-04,1276273.9164461312,0.0,0.0,0.0,0.0,0.0
2021-11-05,1276273.9164461312,0.0,0.0,0.0,0.0,0.0
2021-11-08,1276273.9164461312,0.0,0.0,0.0,0.0,0.0
2021-11-09,1276273.9164461312,0.0,0.0,0.0,0.0,0.0
2021-11-10,1276273.9164461312,0.0,0.0,0.0,0.0,0.0
2021-11-11,1276273.9164461312,0.0,0.0,0.0,0.0,0.0
2021-11-12,1276273.9164461312,0.0,0.0,0.0,0.0,0.0
2021-11-15,1276273.9164461312,0.0,0.0,0.0,0.0,0.0
2021-11-16,1276273.9164461312,0.0,0.0,0.0,0.0,0.0
2021-11-17,1276273.9164461312,0.0,0.0,0.0,0.0,0.0
2021-11-18,1276273.9164461312,0.0,0.0,0.0,0.0,0.0
2021-11-19,1276273.9164461312,0.0,0.0,0.0,0.0,0.0
2021-11-22,1276273.9164461312,0.0,0.0,0.0,0.0,0.0
2021-11-23,1276273.9164461312,0.0,0.0,0.0,0.0,0.0
2021-11-24,1276273.9164461312,0.0,0.0,0.0,0.0,0.0
2021-11-26,1276273.9164461312,0.0,0.0,0.0,0.0,0.0
2021-11-29,1276273.9164461312,0.0,0.0,0.0,0.0,0.0
2021-11-30,1276273.9164461312,0.0,0.0,0.0,0.0,0.0
2021-12-01,1276273.9164461312,0.0,0.0,0.0,0.0,0.0
2021-12-02,1276273.9164461312,0.0,0.0,0.0,0.0,0.0
2021-12-03,1276273.9164461312,0.0,0.0,0.0,0.0,0.0
2021-12-06,1276273.9164461312,0.0,0.0,0.0,0.0,0.0
2021-12-07,1276273.9164461312,0.0,0.0,0.0,0.0,0.0
2021-12-08,1276273.9164461312,0.0,0.0,0.0,0.0,0.0
2021-12-09,1276273.9164461312,0.0,0.0,0.0,0.0,0.0
2021-12-10,1276273.9164461312,0.0,0.0,0.0,0.0,0.0
2021-12-13,1276273.9164461312,0.0,0.0,0.0,0.0,0.0
2021-12-14,1276273.9164461312,0.0,0.0,0.0,0.0,0.0
2021-12-15,1276273.9164461312,0.0,0.0,0.0,0.0,0.0
2021-12-16,1276273.9164461312,0.0,0.0,0.0,0.0,0.0
2021-12-17,1276273.9164461312,0.0,0.0,0.0,0.0,0.0
2021-12-20,1276273.9164461312,0.0,0.0,0.0,0.0,0.0
2021-12-21,1276273.9164461312,0.0,0.0,0.0,0.0,0.0
2021-12-22,1276273.9164461312,0.0,0.0,0.0,0.0,0.0
2021-12-23,1276273.9164461312,0.0,0.0,0.0,0.0,0.0
2021-12-27,1276273.9164461312,0.0,0.0,0.0,0.0,0.0
2021-12-28,1276273.9164461312,0.0,0.0,0.0,0.0,0.0
2021-12-29,1276273.9164461312,0.0,0.0,0.0,0.0,0.0
2021-12-30,1276273.9164461312,0.0,0.0,0.0,0.0,0.0
2021-12-31,1276273.9164461312,0.0,0.0,0.0,0.0,0.0
2022-01-03,1276273.9164461312,0.0,0.0,0.0,0.0,0.0
2022-01-04,1276273.9164461312,0.0,0.0,0.0,0.0,0.0
2022-01-05,1276273.9164461312,0.0,0.0,0.0,0.0,0.0
2022-01-06,1276273.9164461312,0.0,0.0,0.0,0.0,0.0
2022-01-07,1276273.9164461312,0.0,0.0,0.0,0.0,0.0
2022-01-10,1276273.9164461312,0.0,0.0,0.0,0.0,0.0
2022-01-11,1276273.9164461312,0.0,0.0,0.0,0.0,0.0
2022-01-12,1276273.9164461312,0.0,0.0,0.0,0.0,0.0
2022-01-13,1276273.9164461312,0.0,0.0,0.0,0.0,0.0
2022-01-14,1276273.9164461312,0.0,0.0,0.0,0.0,0.0
2022-01-18,1276273.9164461312,0.0,0.0,0.0,0.0,0.0
2022-01-19,1276273.9164461312,0.0,0.0,0.0,0.0,0.0
2022-01-20,1276273.9164461312,0.0,0.0,0.0,0.0,0.0
2022-01-21,1276273.9164461312,0.0,0.0,0.0,0.0,0.0
2022-01-24,1276273.9164461312,0.0,0.0,0.0,0.0,0.0
2022-01-25,1276273.9164461312,0.0,0.0,0.0,0.0,0.0
2022-01-26,1276273.9164461312,0.0,0.0,0.0,0.0,0.0
2022-01-27,1276273.9164461312,0.0,0.0,0.0,0.0,0.0
2022-01-28,1276273.9164461312,0.0,0.0,0.0,0.0,0.0
2022-01-31,1276273.9164461312,0.0,0.0,0.0,0.0,0.0
2022-02-01,1276273.9164461312,0.0,0.0,0.0,0.0,0.0
2022-02-02,1276273.9164461312,0.0,0.0,0.0,0.0,0.0
2022-02-03,1276273.9164461312,0.0,0.0,0.0,0.0,0.0
2022-02-04,1276273.9164461312,0.0,0.0,0.0,0.0,0.0
2022-02-07,1276273.9164461312,0.0,0.0,0.0,0.0,0.0
2022-02-08,1276273.9164461312,0.0,0.0,0.0,0.0,0.0
2022-02-09,1276273.9164461312,0.0,0.0,0.0,0.0,0.0
2022-02-10,1276273.9164461312,0.0,0.0,0.0,0.0,0.0
2022-02-11,1276273.9164461312,0.0,0.0,0.0,0.0,0.0
2022-02-14,1276273.9164461312,0.0,0.0,0.0,0.0,0.0
2022-02-15,1276273.9164461312,0.0,0.0,0.0,0.0,0.0
2022-02-16,1276273.9164461312,0.0,0.0,0.0,0.0,0.0
2022-02-17,1276273.9164461312,0.0,0.0,0.0,0.0,0.0
2022-02-18,1276273.9164461312,0.0,0.0,0.0,0.0,0.0
2022-02-22,1276273.9164461312,0.0,0.0,0.0,0.0,0.0
2022-02-23,1276273.9164461312,0.0,0.0,0.0,0.0,0.0
2022-02-24,1276273.9164461312,0.0,0.0,0.0,0.0,0.0
2022-02-25,1276273.9164461312,0.0,0.0,0.0,0.0,0.0
2022-02-28,1276273.9164461312,0.0,0.0,0.0,0.0,0.0
2022-03-01,1276273.9164461312,0.0,0.0,0.0,0.0,0.0
2022-03-02,1276273.9164461312,0.0,0.0,0.0,0.0,0.0
2022-03-03,1276273.9164461312,0.0,0.0,0.0,0.0,0.0
2022-03-04,1276273.9164461312,0.0,0.0,0.0,0.0,0.0
2022-03-07,1276273.9164461312,0.0,0.0,0.0,0.0,0.0
2022-03-08,1276273.9164461312,0.0,0.0,0.0,0.0,0.0
2022-03-09,1276273.9164461312,0.0,0.0,0.0,0.0,0.0
2022-03-10,1276273.9164461312,0.0,0.0,0.0,0.0,0.0
2022-03-11,1276273.9164461312,0.0,0.0,0.0,0.0,0.0
2022-03-14,1276273.9164461312,0.0,0.0,0.0,0.0,0.0
2022-03-15,1276273.9164461312,0.0,0.0,0.0,0.0,0.0
2022-03-16,1276273.9164461312,0.0,0.0,0.0,0.0,0.0
2022-03-17,1276273.9164461312,0.0,0.0,0.0,0.0,0.0
2022-03-18,1276273.9164461312,0.0,0.0,0.0,0.0,0.0
2022-03-21,1276273.9164461312,0.0,0.0,0.0,0.0,0.0
2022-03-22,1276273.9164461312,0.0,0.0,0.0,0.0,0.0
2022-03-23,1276273.9164461312,0.0,0.0,0.0,0.0,0.0
2022-03-24,1276273.9164461312,0.0,0.0,0.0,0.0,0.0
2022-03-25,1276273.9164461312,0.0,0.0,0.0,0.0,0.0
2022-03-28,1276273.9164461312,0.0,0.0,0.0,0.0,0.0
2022-03-29,1276273.9164461312,0.0,0.0,0.0,0.0,0.0
2022-03-30,1276273.9164461312,0.0,0.0,0.0,0.0,0.0
2022-03-31,1276273.9164461312,0.0,0.0,0.0,0.0,0.0
2022-04-01,1276273.9164461312,0.0,0.0,0.0,0.0,0.0
2022-04-04,1276273.9164461312,0.0,0.0,0.0,0.0,0.0
2022-04-05,1276273.9164461312,0.0,0.0,0.0,0.0,0.0
2022-04-06,1276273.9164461312,0.0,0.0,0.0,0.0,0.0
2022-04-07,1276273.9164461312,0.0,0.0,0.0,0.0,0.0
2022-04-08,1276273.9164461312,0.0,0.0,0.0,0.0,0.0
2022-04-11,1276273.9164461312,0.0,0.0,0.0,0.0,0.0
2022-04-12,1275635.7794879081,0.0,638.1369582230656,-0.0005,1.0286911935418486,0.5
2022-04-13,1281592.854786644,5957.075298735802,0.0,0.004691797443779323,1.0283442044014208,0.5
2022-04-14,1287113.4366435744,5520.581856930343,0.0,0.0043262297708700536,1.0108707927792078,0.5
2022-04-18,1305843.970678881,18730.534035306682,0.0,0.014767255216693418,0.6163241129950915,0.5
2022-04-19,1298417.5601478145,-7426.410531066493,0.0,-0.005654898364664527,0.7438747194910853,0.5
2022-04-20,1307905.3750307353,9487.814882920908,0.0,0.007361002349256068,0.7744184768473708,0.5
2022-04-21,1294678.0145109638,-13227.360519771457,0.0,-0.010012135922330098,0.41562259750299646,0.5
2022-04-22,1289615.9328151906,-5062.08169577324,0.0,-0.0038946876460507875,0.15579870410576357,0.5
2022-04-25,1294221.471682445,5895.15480006944,1289.6159328151907,0.0035876484560570074,-0.16672895777804783,-0.5
2022-04-26,1291795.5645190289,-2425.907163416017,0.0,-0.0018709073900841909,-0.23968759400590142,-0.5
2022-04-27,1281299.373761134,-9850.292975635297,645.8977822595144,-0.008063783783783784,-0.03177513590342116,-0.5
2022-04-28,1280658.7240742533,0.0,640.6496868805671,-0.0005,0.03365270109849549,0.5
2022-04-29,1281143.6793999139,1765.6140497347244,1280.6587240742533,0.00037919926369075026,-0.16460394053218735,-0.5
2022-05-02,1285253.672871866,4109.993471952062,0.0,0.0032183908045977016,-0.26372052947939284,-0.5
2022-05-03,1294936.5495586314,9682.876686765288,0.0,0.007591014717273432,-0.4470097213646801,-0.5
2022-05-04,1296755.8484887013,1819.2989300698848,0.0,0.0014069094888228856,-0.41928666444609747,-0.5
2022-05-05,1292492.8752860927,-4262.973202608442,0.0,-0.0032766422218754873,-0.39516958506371197,-0.5
2022-05-06,1301739.3250937383,9246.449807645455,0.0,0.007205513784461154,-0.1432471215419051,-0.5
2022-05-09,1306804.5657430696,6366.979974425037,1301.7393250937382,0.003910258442999841,0.49020446821409636,0.5
2022-05-10,1308470.3459415948,1665.780198525264,0.0,0.001276324186343331,0.8460039908660192,0.5
2022-05-11,1321571.6860233368,13101.34008174197,0.0,0.010113982982822284,0.8997436272524169,0.5
2022-05-12,1330837.9256417616,9266.239618424766,0.0,0.007061038757257178,0.9740924339057978,0.5
2022-05-13,1315296.487050985,-15541.438590776565,0.0,-0.011543134872417982,1.1673518965456176,0.5
2022-05-16,1327712.7534485713,12416.266397586392,0.0,0.009529860228716646,1.2273768764931328,0.5
2022-05-17,1320537.0359731698,-7175.717475401482,0.0,-0.005375518353555522,1.0745916886454345,0.5
2022-05-18,1304664.205537651,-15872.830435518901,0.0,-0.011877217337652322,0.5514751743116483,0.5
2022-05-19,1306124.9620057833,1460.7564681323668,0.0,0.0011208967173738991,0.4947681457574234,0.5
2022-05-20,1302372.9273239921,-3752.0346817912705,0.0,-0.0028644175684277534,0.14855826241492334,0.5
2022-05-23,1307342.0131157243,6271.4587190561415,1302.3729273239921,0.003833870967741935,-0.5449595003951613,-0.5
2022-05-24,1319396.9951126578,12054.981996933548,0.0,0.009306803594351733,-0.7537568377254846,-0.5
2022-05-25,1318969.5908382449,-427.4042744129115,0.0,-0.0003238341968911917,-0.8738399033075859,-0.5
2022-05-26,1325160.9340131087,6191.343174863889,0.0,0.0047162140185396,-0.9366456243937061,-0.5
2022-05-27,1314550.9853584287,-10609.948654680118,0.0,-0.007942940508996596,-0.892014946091298,-0.5
2022-05-31,1334634.9904419042,20084.00508347551,0.0,0.015515270292340354,-0.4342307893954155,-0.5
2022-06-01,1354340.1188674732,19705.128425568924,0.0,0.014985687826233374,-0.8826617911844524,-0.5
2022-06-02,1355266.1633931946,926.0445257213493,0.0,0.0006842285323297982,-0.6550303211638171,-0.5
2022-06-03,1358281.990186093,3015.826792898242,0.0,0.002230228169497341,-0.38721835228070156,-0.5
2022-06-06,1343802.3678698037,-14479.62231628916,0.0,-0.010547805375978223,-0.6508503553543913,-0.5
2022-06-07,1330681.06528791,-13121.302581893706,0.0,-0.009669889963321106,-0.8643202875606012,-0.5
2022-06-08,1324089.1841850965,-6591.881102813292,0.0,-0.004929346040092014,-1.1210190246745364,-0.5
2022-06-09,1316728.322140902,-7360.862044194455,0.0,-0.005528455284552846,-1.2423550528642544,-0.5
2022-06-10,1316515.397121151,-212.92501975111614,0.0,-0.00016168148746968473,-1.404461060814123,-0.5
2022-06-13,1319920.5452546685,3405.1481335173644,0.0,0.0025931928687196112,-1.435720615654456,-0.5
2022-06-14,1320778.4721609114,857.9269062428784,0.0,0.0006504065040650406,-1.4759876783666994,-0.5
2022-06-15,1315835.7606640516,-4942.711496859903,0.0,-0.003728319014426974,-1.2435423350106933,-0.5
2022-06-16,1303722.9314718922,-12112.829192159392,0.0,-0.009121459433509362,-1.2547876864021112,-0.5
2022-06-17,1306824.0802146893,3101.148742797079,0.0,0.002384358607534573,-1.1812436175651138,-0.5
2022-06-21,1326605.5154633182,19781.435248628983,0.0,0.015369681281346062,-0.2586473463134672,-0.5
2022-06-22,1318957.5888915886,-6321.3210562662225,1326.6055154633182,-0.005737694194603434,0.17048177274611578,0.5
2022-06-23,1300050.812724782,-18247.297372360845,659.4787944457943,-0.014139027131160697,0.4506114850644218,0.5
2022-06-24,1299400.7873184194,0.0,650.025406362391,-0.0005,0.28014880564753697,0.5
2022-06-27,1292905.5153388914,-5195.871192209608,1299.4007873184194,-0.00497875871224693,-0.07225050356194904,-0.5
2022-06-28,1279659.4225549358,-13246.092783955723,0.0,-0.010141313383208644,-0.5088159751423142,-0.5
2022-06-29,1270603.2416514035,-9056.180903532297,0.0,-0.007027292041183199,-0.724143260737147,-0.5
2022-06-30,1292460.421725251,21857.18007384758,0.0,0.01750330250990753,-1.0482506457327265,-0.5
2022-07-01,1292460.421725251,0.0,0.0,0.0,0.0,0.0
2022-07-05,1292460.421725251,0.0,0.0,0.0,0.0,0.0
2022-07-06,1292460.421725251,0.0,0.0,0.0,0.0,0.0
2022-07-07,1292460.421725251,0.0,0.0,0.0,0.0,0.0
2022-07-08,1292460.421725251,0.0,0.0,0.0,0.0,0.0
2022-07-11,1292460.421725251,0.0,0.0,0.0,0.0,0.0
2022-07-12,1292460.421725251,0.0,0.0,0.0,0.0,0.0
2022-07-13,1292460.421725251,0.0,0.0,0.0,0.0,0.0
2022-07-14,1292460.421725251,0.0,0.0,0.0,0.0,0.0
2022-07-15,1292460.421725251,0.0,0.0,0.0,0.0,0.0
2022-07-18,1292460.421725251,0.0,0.0,0.0,0.0,0.0
2022-07-19,1292460.421725251,0.0,0.0,0.0,0.0,0.0
2022-07-20,1292460.421725251,0.0,0.0,0.0,0.0,0.0
2022-07-21,1292460.421725251,0.0,0.0,0.0,0.0,0.0
2022-07-22,1292460.421725251,0.0,0.0,0.0,0.0,0.0
2022-07-25,1292460.421725251,0.0,0.0,0.0,0.0,0.0
2022-07-26,1292460.421725251,0.0,0.0,0.0,0.0,0.0
2022-07-27,1292460.421725251,0.0,0.0,0.0,0.0,0.0
2022-07-28,1292460.421725251,0.0,0.0,0.0,0.0,0.0
2022-07-29,1292460.421725251,0.0,0.0,0.0,0.0,0.0
2022-08-01,1292460.421725251,0.0,0.0,0.0,0.0,0.0
2022-08-02,1292460.421725251,0.0,0.0,0.0,0.0,0.0
2022-08-03,1292460.421725251,0.0,0.0,0.0,0.0,0.0
2022-08-04,1292460.421725251,0.0,0.0,0.0,0.0,0.0
2022-08-05,1292460.421725251,0.0,0.0,0.0,0.0,0.0
2022-08-08,1292460.421725251,0.0,0.0,0.0,0.0,0.0
2022-08-09,1292460.421725251,0.0,0.0,0.0,0.0,0.0
2022-08-10,1292460.421725251,0.0,0.0,0.0,0.0,0.0
2022-08-11,1292460.421725251,0.0,0.0,0.0,0.0,0.0
2022-08-12,1292460.421725251,0.0,0.0,0.0,0.0,0.0
2022-08-15,1292460.421725251,0.0,0.0,0.0,0.0,0.0
2022-08-16,1292460.421725251,0.0,0.0,0.0,0.0,0.0
2022-08-17,1292460.421725251,0.0,0.0,0.0,0.0,0.0
2022-08-18,1292460.421725251,0.0,0.0,0.0,0.0,0.0
2022-08-19,1292460.421725251,0.0,0.0,0.0,0.0,0.0
2022-08-22,1292460.421725251,0.0,0.0,0.0,0.0,0.0
2022-08-23,1292460.421725251,0.0,0.0,0.0,0.0,0.0
2022-08-24,1292460.421725251,0.0,0.0,0.0,0.0,0.0
2022-08-25,1292460.421725251,0.0,0.0,0.0,0.0,0.0
2022-08-26,1292460.421725251,0.0,0.0,0.0,0.0,0.0
2022-08-29,1292460.421725251,0.0,0.0,0.0,0.0,0.0
2022-08-30,1292460.421725251,0.0,0.0,0.0,0.0,0.0
2022-08-31,1292460.421725251,0.0,0.0,0.0,0.0,0.0
2022-09-01,1292460.421725251,0.0,0.0,0.0,0.0,0.0
2022-09-02,1292460.421725251,0.0,0.0,0.0,0.0,0.0
2022-09-06,1292460.421725251,0.0,0.0,0.0,0.0,0.0
2022-09-07,1292460.421725251,0.0,0.0,0.0,0.0,0.0
2022-09-08,1292460.421725251,0.0,0.0,0.0,0.0,0.0
2022-09-09,1292460.421725251,0.0,0.0,0.0,0.0,0.0
2022-09-12,1292460.421725251,0.0,0.0,0.0,0.0,0.0
2022-09-13,1292460.421725251,0.0,0.0,0.0,0.0,0.0
2022-09-14,1292460.421725251,0.0,0.0,0.0,0.0,0.0
2022-09-15,1292460.421725251,0.0,0.0,0.0,0.0,0.0
2022-09-16,1292460.421725251,0.0,0.0,0.0,0.0,0.0
2022-09-19,1292460.421725251,0.0,0.0,0.0,0.0,0.0
2022-09-20,1292460.421725251,0.0,0.0,0.0,0.0,0.0
2022-09-21,1292460.421725251,0.0,0.0,0.0,0.0,0.0
2022-09-22,1292460.421725251,0.0,0.0,0.0,0.0,0.0
2022-09-23,1292460.421725251,0.0,0.0,0.0,0.0,0.0
2022-09-26,1292460.421725251,0.0,0.0,0.0,0.0,0.0
2022-09-27,1292460.421725251,0.0,0.0,0.0,0.0,0.0
2022-09-28,1292460.421725251,0.0,0.0,0.0,0.0,0.0
2022-09-29,1292460.421725251,0.0,0.0,0.0,0.0,0.0
2022-09-30,1292460.421725251,0.0,0.0,0.0,0.0,0.0
2022-10-03,1292460.421725251,0.0,0.0,0.0,0.0,0.0
2022-10-04,1292460.421725251,0.0,0.0,0.0,0.0,0.0
2022-10-05,1292460.421725251,0.0,0.0,0.0,0.0,0.0
2022-10-06,1292460.421725251,0.0,0.0,0.0,0.0,0.0
2022-10-07,1292460.421725251,0.0,0.0,0.0,0.0,0.0
2022-10-10,1292460.421725251,0.0,0.0,0.0,0.0,0.0
2022-10-11,1292460.421725251,0.0,0.0,0.0,0.0,0.0
2022-10-12,1292460.421725251,0.0,0.0,0.0,0.0,0.0
2022-10-13,1292460.421725251,0.0,0.0,0.0,0.0,0.0
2022-10-14,1292460.421725251,0.0,0.0,0.0,0.0,0.0
2022-10-17,1292460.421725251,0.0,0.0,0.0,0.0,0.0
2022-10-18,1292460.421725251,0.0,0.0,0.0,0.0,0.0
2022-10-19,1292460.421725251,0.0,0.0,0.0,0.0,0.0
2022-10-20,1292460.421725251,0.0,0.0,0.0,0.0,0.0
2022-10-21,1292460.421725251,0.0,0.0,0.0,0.0,0.0
2022-10-24,1292460.421725251,0.0,0.0,0.0,0.0,0.0
2022-10-25,1292460.421725251,0.0,0.0,0.0,0.0,0.0
2022-10-26,1292460.421725251,0.0,0.0,0.0,0.0,0.0
2022-10-27,1292460.421725251,0.0,0.0,0.0,0.0,0.0
2022-10-28,1292460.421725251,0.0,0.0,0.0,0.0,0.0
2022-10-31,1292460.421725251,0.0,0.0,0.0,0.0,0.0
2022-11-01,1292460.421725251,0.0,0.0,0.0,0.0,0.0
2022-11-02,1292460.421725251,0.0,0.0,0.0,0.0,0.0
2022-11-03,1292460.421725251,0.0,0.0,0.0,0.0,0.0
2022-11-04,1292460.421725251,0.0,0.0,0.0,0.0,0.0
2022-11-07,1292460.421725251,0.0,0.0,0.0,0.0,0.0
2022-11-08,1292460.421725251,0.0,0.0,0.0,0.0,0.0
2022-11-09,1292460.421725251,0.0,0.0,0.0,0.0,0.0
2022-11-10,1292460.421725251,0.0,0.0,0.0,0.0,0.0
2022-11-11,1292460.421725251,0.0,0.0,0.0,0.0,0.0
2022-11-14,1292460.421725251,0.0,0.0,0.0,0.0,0.0
2022-11-15,1292460.421725251,0.0,0.0,0.0,0.0,0.0
2022-11-16,1292460.421725251,0.0,0.0,0.0,0.0,0.0
2022-11-17,1292460.421725251,0.0,0.0,0.0,0.0,0.0
2022-11-18,1292460.421725251,0.0,0.0,0.0,0.0,0.0
2022-11-21,1292460.421725251,0.0,0.0,0.0,0.0,0.0
2022-11-22,1292460.421725251,0.0,0.0,0.0,0.0,0.0
2022-11-23,1292460.421725251,0.0,0.0,0.0,0.0,0.0
2022-11-25,1292460.421725251,0.0,0.0,0.0,0.0,0.0
2022-11-28,1292460.421725251,0.0,0.0,0.0,0.0,0.0
2022-11-29,1292460.421725251,0.0,0.0,0.0,0.0,0.0
2022-11-30,1292460.421725251,0.0,0.0,0.0,0.0,0.0
2022-12-01,1292460.421725251,0.0,0.0,0.0,0.0,0.0
2022-12-02,1292460.421725251,0.0,0.0,0.0,0.0,0.0
2022-12-05,1292460.421725251,0.0,0.0,0.0,0.0,0.0
2022-12-06,1292460.421725251,0.0,0.0,0.0,0.0,0.0
2022-12-07,1292460.421725251,0.0,0.0,0.0,0.0,0.0
2022-12-08,1292460.421725251,0.0,0.0,0.0,0.0,0.0
2022-12-09,1292460.421725251,0.0,0.0,0.0,0.0,0.0
2022-12-12,1292460.421725251,0.0,0.0,0.0,0.0,0.0
2022-12-13,1292460.421725251,0.0,0.0,0.0,0.0,0.0
2022-12-14,1292460.421725251,0.0,0.0,0.0,0.0,0.0
2022-12-15,1292460.421725251,0.0,0.0,0.0,0.0,0.0
2022-12-16,1292460.421725251,0.0,0.0,0.0,0.0,0.0
2022-12-19,1292460.421725251,0.0,0.0,0.0,0.0,0.0
2022-12-20,1292460.421725251,0.0,0.0,0.0,0.0,0.0
2022-12-21,1292460.421725251,0.0,0.0,0.0,0.0,0.0
2022-12-22,1292460.421725251,0.0,0.0,0.0,0.0,0.0
2022-12-23,1292460.421725251,0.0,0.0,0.0,0.0,0.0
2022-12-27,1292460.421725251,0.0,0.0,0.0,0.0,0.0
2022-12-28,1292460.421725251,0.0,0.0,0.0,0.0,0.0
2022-12-29,1292460.421725251,0.0,0.0,0.0,0.0,0.0
2022-12-30,1292460.421725251,0.0,0.0,0.0,0.0,0.0
2023-01-03,1292460.421725251,0.0,0.0,0.0,0.0,0.0
2023-01-04,1292460.421725251,0.0,0.0,0.0,0.0,0.0
2023-01-05,1292460.421725251,0.0,0.0,0.0,0.0,0.0
2023-01-06,1292460.421725251,0.0,0.0,0.0,0.0,0.0
2023-01-09,1292460.421725251,0.0,0.0,0.0,0.0,0.0
2023-01-10,1292460.421725251,0.0,0.0,0.0,0.0,0.0
2023-01-11,1292460.421725251,0.0,0.0,0.0,0.0,0.0
2023-01-12,1292460.421725251,0.0,0.0,0.0,0.0,0.0
2023-01-13,1292460.421725251,0.0,0.0,0.0,0.0,0.0
2023-01-17,1292460.421725251,0.0,0.0,0.0,0.0,0.0
2023-01-18,1292460.421725251,0.0,0.0,0.0,0.0,0.0
2023-01-19,1292460.421725251,0.0,0.0,0.0,0.0,0.0
2023-01-20,1292460.421725251,0.0,0.0,0.0,0.0,0.0
2023-01-23,1292460.421725251,0.0,0.0,0.0,0.0,0.0
2023-01-24,1292460.421725251,0.0,0.0,0.0,0.0,0.0
2023-01-25,1292460.421725251,0.0,0.0,0.0,0.0,0.0
2023-01-26,1292460.421725251,0.0,0.0,0.0,0.0,0.0
2023-01-27,1292460.421725251,0.0,0.0,0.0,0.0,0.0
2023-01-30,1292460.421725251,0.0,0.0,0.0,0.0,0.0
2023-01-31,1292460.421725251,0.0,0.0,0.0,0.0,0.0
2023-02-01,1292460.421725251,0.0,0.0,0.0,0.0,0.0
2023-02-02,1292460.421725251,0.0,0.0,0.0,0.0,0.0
2023-02-03,1292460.421725251,0.0,0.0,0.0,0.0,0.0
2023-02-06,1292460.421725251,0.0,0.0,0.0,0.0,0.0
2023-02-07,1292460.421725251,0.0,0.0,0.0,0.0,0.0
2023-02-08,1292460.421725251,0.0,0.0,0.0,0.0,0.0
2023-02-09,1292460.421725251,0.0,0.0,0.0,0.0,0.0
2023-02-10,1292460.421725251,0.0,0.0,0.0,0.0,0.0
2023-02-13,1292460.421725251,0.0,0.0,0.0,0.0,0.0
2023-02-14,1292460.421725251,0.0,0.0,0.0,0.0,0.0
2023-02-15,1292460.421725251,0.0,0.0,0.0,0.0,0.0
2023-02-16,1292460.421725251,0.0,0.0,0.0,0.0,0.0
2023-02-17,1292460.421725251,0.0,0.0,0.0,0.0,0.0
2023-02-21,1292460.421725251,0.0,0.0,0.0,0.0,0.0
2023-02-22,1292460.421725251,0.0,0.0,0.0,0.0,0.0
2023-02-23,1292460.421725251,0.0,0.0,0.0,0.0,0.0
2023-02-24,1292460.421725251,0.0,0.0,0.0,0.0,0.0
2023-02-27,1292460.421725251,0.0,0.0,0.0,0.0,0.0
2023-02-28,1292460.421725251,0.0,0.0,0.0,0.0,0.0
2023-03-01,1292460.421725251,0.0,0.0,0.0,0.0,0.0
2023-03-02,1292460.421725251,0.0,0.0,0.0,0.0,0.0
2023-03-03,1292460.421725251,0.0,0.0,0.0,0.0,0.0
2023-03-06,1292460.421725251,0.0,0.0,0.0,0.0,0.0
2023-03-07,1292460.421725251,0.0,0.0,0.0,0.0,0.0
2023-03-08,1292460.421725251,0.0,0.0,0.0,0.0,0.0
2023-03-09,1292460.421725251,0.0,0.0,0.0,0.0,0.0
2023-03-10,1292460.421725251,0.0,0.0,0.0,0.0,0.0
2023-03-13,1292460.421725251,0.0,0.0,0.0,0.0,0.0
2023-03-14,1292460.421725251,0.0,0.0,0.0,0.0,0.0
2023-03-15,1292460.421725251,0.0,0.0,0.0,0.0,0.0
2023-03-16,1292460.421725251,0.0,0.0,0.0,0.0,0.0
2023-03-17,1292460.421725251,0.0,0.0,0.0,0.0,0.0
2023-03-20,1292460.421725251,0.0,0.0,0.0,0.0,0.0
2023-03-21,1292460.421725251,0.0,0.0,0.0,0.0,0.0
2023-03-22,1292460.421725251,0.0,0.0,0.0,0.0,0.0
2023-03-23,1292460.421725251,0.0,0.0,0.0,0.0,0.0
2023-03-24,1292460.421725251,0.0,0.0,0.0,0.0,0.0
2023-03-27,1292460.421725251,0.0,0.0,0.0,0.0,0.0
2023-03-28,1292460.421725251,0.0,0.0,0.0,0.0,0.0
2023-03-29,1292460.421725251,0.0,0.0,0.0,0.0,0.0
2023-03-30,1292460.421725251,0.0,0.0,0.0,0.0,0.0
2023-03-31,1292460.421725251,0.0,0.0,0.0,0.0,0.0
2023-04-03,1291814.1915143884,0.0,646.2302108626255,-0.0005,1.1528407765631585,0.5
2023-04-04,1287886.2122167393,-3927.9792976492236,0.0,-0.0030314513073133767,0.6730387598778682,0.5
2023-04-05,1286901.2132016595,-984.9990150797241,0.0,-0.0007642338555598013,0.07009498044699113,0.5
2023-04-06,1277782.9931923794,-9118.220009280238,0.0,-0.007035558090891805,0.061699093083088415,0.5
2023-04-10,1288207.7961671425,10424.802974763,0.0,0.008225616921269096,1.1065968816161726,0.5
2023-04-11,1285253.1911300619,-2954.605037080602,0.0,-0.002288329519450801,1.6864219417313064,0.5
2023-04-12,1290188.879268042,4935.688137980268,0.0,0.003855050115651503,2.392975937603633,0.5
2023-04-13,1286501.2205048902,-3687.658763151797,0.0,-0.002850085502565077,2.5372947746100203,0.5
2023-04-14,1300308.0561408184,13806.835635928297,0.0,0.01084850833010461,2.0829320000556613,0.5
2023-04-17,1310310.4258034402,10002.36966262168,0.0,0.007751937984496125,0.7078901790967433,0.5
2023-04-18,1311278.8740117205,968.4482082804436,0.0,0.0007396449704142012,0.89760403085021,0.5
2023-04-19,1306198.2732083541,-5080.600803366445,0.0,-0.003859584635177357,1.1342332059868612,0.5
2023-04-20,1297940.4187477583,-8257.854460595767,0.0,-0.006282335550628232,0.4683129814931565,0.5
2023-04-21,1297451.552300019,-488.86644773926866,0.0,-0.00037650602409638556,0.07446928545234142,0.5
2023-04-24,1284416.883538823,-11737.217208895761,1297.4515523000189,-0.00995629435935749,-0.09363925643427755,-0.5
2023-04-25,1289100.9374327266,4684.053893903578,0.0,0.003660181082643036,-0.44571918211260386,-0.5
2023-04-26,1294085.85985126,4984.922418533359,0.0,0.0038819875776397515,-0.32945736494400746,-0.5
2023-04-27,1307417.062352939,14625.288361530218,1294.08585985126,0.01041939298383918,0.3269097606550212,0.5
2023-04-28,1316800.4383985342,9383.376045595256,0.0,0.007228915662650602,0.5579940501882267,0.5
2023-05-01,1320423.710045071,3623.271646536847,0.0,0.0027591643673630273,0.3721523647810263,0.5
2023-05-02,1318875.128680671,-1548.5813644000052,0.0,-0.0011714174150722375,0.47073820726469323,0.5
2023-05-03,1326368.7373663567,7493.608685685632,0.0,0.005714285714285714,0.5074187359754687,0.5
2023-05-04,1327653.4804285092,1284.743062152612,0.0,0.0009695559433779329,0.35252402943155786,0.5
2023-05-05,1334584.3860687972,6930.905640288041,0.0,0.005247813411078717,0.019233363574549047,0.5
2023-05-08,1336569.663339616,3319.861656887555,1334.5843860687971,0.0014912718204488776,-2.182300989914372,-0.5
2023-05-09,1351075.4650933018,14505.801753685855,0.0,0.010972088546679498,-2.859081135021596,-0.5
2023-05-10,1347657.0180231943,-3418.4470701076148,0.0,-0.0025237817899437004,-3.0,-0.5
2023-05-11,1361227.537956813,13570.519933618532,0.0,0.010172143974960877,-3.0,-0.5
2023-05-12,1360420.4860568384,-807.051899974395,0.0,-0.0005925340707090658,-3.0,-0.5
2023-05-15,1404192.4045778145,43771.91852097605,0.0,0.03324495207016113,-2.35030462809621,-0.5
2023-05-16,1417523.345127604,13330.940549789379,0.0,0.009584664536741215,-2.0467271912843437,-0.5
2023-05-17,1441605.9998082665,24082.65468066252,0.0,0.017282870269087727,-1.6814214237613418,-0.5
2023-05-18,1449629.185470601,8023.185662334519,0.0,0.005596597268860533,-1.148899300548524,-0.5
2023-05-19,1450608.223641788,979.0381711868084,0.0,0.0006758278891642261,-0.604208915190745,-0.5
2023-05-22,1428300.3805848907,-21582.538945076198,725.3041118208939,-0.015152820968458464,0.0,0.0
2023-05-23,1428300.3805848907,0.0,0.0,0.0,0.0,0.0
2023-05-24,1428300.3805848907,0.0,0.0,0.0,0.0,0.0
2023-05-25,1428300.3805848907,0.0,0.0,0.0,0.0,0.0
2023-05-26,1428300.3805848907,0.0,0.0,0.0,0.0,0.0
2023-05-30,1428300.3805848907,0.0,0.0,0.0,0.0,0.0
2023-05-31,1428300.3805848907,0.0,0.0,0.0,0.0,0.0
2023-06-01,1428300.3805848907,0.0,0.0,0.0,0.0,0.0
2023-06-02,1428300.3805848907,0.0,0.0,0.0,0.0,0.0
2023-06-05,1428300.3805848907,0.0,0.0,0.0,0.0,0.0
2023-06-06,1428300.3805848907,0.0,0.0,0.0,0.0,0.0
2023-06-07,1428300.3805848907,0.0,0.0,0.0,0.0,0.0
2023-06-08,1428300.3805848907,0.0,0.0,0.0,0.0,0.0
2023-06-09,1428300.3805848907,0.0,0.0,0.0,0.0,0.0
2023-06-12,1428300.3805848907,0.0,0.0,0.0,0.0,0.0
2023-06-13,1427586.2303945983,0.0,714.1501902924454,-0.0005,-0.7025619317271481,-0.5
2023-06-14,1433121.7688389856,5535.538444387218,0.0,0.003892644949805368,-0.5748552859943435,-0.5
2023-06-15,1414846.6660689285,-18275.102770056994,0.0,-0.012591389114541022,-0.5305568766067774,-0.5
2023-06-16,1395550.7227691517,-19295.9432997768,0.0,-0.01345468935496636,-0.6478632198052856,-0.5
2023-06-20,1391038.4784271407,-3814.4689806263423,697.7753613845758,-0.003224493769470405,-1.2447032386559325,-0.5
2023-06-21,1390342.9591879272,0.0,695.5192392135704,-0.0005,-1.2815405772497128,-0.5
2023-06-22,1401221.2014170429,10878.242229115676,0.0,0.007885843034171988,-1.2831618341694184,-0.5
2023-06-23,1432077.2378580885,31556.647041753993,700.6106007085215,0.022528170377541144,0.0,0.0
2023-06-26,1432077.2378580885,0.0,0.0,0.0,0.0,0.0
2023-06-27,1432077.2378580885,0.0,0.0,0.0,0.0,0.0
2023-06-28,1432077.2378580885,0.0,0.0,0.0,0.0,0.0
2023-06-29,1432077.2378580885,0.0,0.0,0.0,0.0,0.0
2023-06-30,1432077.2378580885,0.0,0.0,0.0,0.0,0.0
2023-07-03,1432077.2378580885,0.0,0.0,0.0,0.0,0.0
2023-07-05,1432077.2378580885,0.0,0.0,0.0,0.0,0.0
2023-07-06,1432077.2378580885,0.0,0.0,0.0,0.0,0.0
2023-07-07,1432077.2378580885,0.0,0.0,0.0,0.0,0.0
2023-07-10,1432077.2378580885,0.0,0.0,0.0,0.0,0.0
2023-07-11,1432077.2378580885,0.0,0.0,0.0,0.0,0.0
2023-07-12,1432077.2378580885,0.0,0.0,0.0,0.0,0.0
2023-07-13,1432077.2378580885,0.0,0.0,0.0,0.0,0.0
2023-07-14,1432077.2378580885,0.0,0.0,0.0,0.0,0.0
2023-07-17,1432077.2378580885,0.0,0.0,0.0,0.0,0.0
2023-07-18,1432077.2378580885,0.0,0.0,0.0,0.0,0.0
2023-07-19,1432077.2378580885,0.0,0.0,0.0,0.0,0.0
2023-07-20,1432077.2378580885,0.0,0.0,0.0,0.0,0.0
2023-07-21,1432077.2378580885,0.0,0.0,0.0,0.0,0.0
2023-07-24,1432077.2378580885,0.0,0.0,0.0,0.0,0.0
2023-07-25,1432077.2378580885,0.0,0.0,0.0,0.0,0.0
2023-07-26,1432077.2378580885,0.0,0.0,0.0,0.0,0.0
2023-07-27,1432077.2378580885,0.0,0.0,0.0,0.0,0.0
2023-07-28,1432077.2378580885,0.0,0.0,0.0,0.0,0.0
2023-07-31,1432077.2378580885,0.0,0.0,0.0,0.0,0.0
2023-08-01,1432077.2378580885,0.0,0.0,0.0,0.0,0.0
2023-08-02,1432077.2378580885,0.0,0.0,0.0,0.0,0.0
2023-08-03,1432077.2378580885,0.0,0.0,0.0,0.0,0.0
2023-08-04,1432077.2378580885,0.0,0.0,0.0,0.0,0.0
2023-08-07,1432077.2378580885,0.0,0.0,0.0,0.0,0.0
2023-08-08,1432077.2378580885,0.0,0.0,0.0,0.0,0.0
2023-08-09,1432077.2378580885,0.0,0.0,0.0,0.0,0.0
2023-08-10,1432077.2378580885,0.0,0.0,0.0,0.0,0.0
2023-08-11,1432077.2378580885,0.0,0.0,0.0,0.0,0.0
2023-08-14,1432077.2378580885,0.0,0.0,0.0,0.0,0.0
2023-08-15,1432077.2378580885,0.0,0.0,0.0,0.0,0.0
2023-08-16,1432077.2378580885,0.0,0.0,0.0,0.0,0.0
2023-08-17,1432077.2378580885,0.0,0.0,0.0,0.0,0.0
2023-08-18,1432077.2378580885,0.0,0.0,0.0,0.0,0.0
2023-08-21,1432077.2378580885,0.0,0.0,0.0,0.0,0.0
2023-08-22,1432077.2378580885,0.0,0.0,0.0,0.0,0.0
2023-08-23,1432077.2378580885,0.0,0.0,0.0,0.0,0.0
2023-08-24,1432077.2378580885,0.0,0.0,0.0,0.0,0.0
2023-08-25,1432077.2378580885,0.0,0.0,0.0,0.0,0.0
2023-08-28,1432077.2378580885,0.0,0.0,0.0,0.0,0.0
2023-08-29,1432077.2378580885,0.0,0.0,0.0,0.0,0.0
2023-08-30,1432077.2378580885,0.0,0.0,0.0,0.0,0.0
2023-08-31,1432077.2378580885,0.0,0.0,0.0,0.0,0.0
2023-09-01,1432077.2378580885,0.0,0.0,0.0,0.0,0.0
2023-09-05,1432077.2378580885,0.0,0.0,0.0,0.0,0.0
2023-09-06,1432077.2378580885,0.0,0.0,0.0,0.0,0.0
2023-09-07,1432077.2378580885,0.0,0.0,0.0,0.0,0.0
2023-09-08,1432077.2378580885,0.0,0.0,0.0,0.0,0.0
2023-09-11,1432077.2378580885,0.0,0.0,0.0,0.0,0.0
2023-09-12,1432077.2378580885,0.0,0.0,0.0,0.0,0.0
2023-09-13,1432077.2378580885,0.0,0.0,0.0,0.0,0.0
2023-09-14,1432077.2378580885,0.0,0.0,0.0,0.0,0.0
2023-09-15,1432077.2378580885,0.0,0.0,0.0,0.0,0.0
2023-09-18,1432077.2378580885,0.0,0.0,0.0,0.0,0.0
2023-09-19,1432077.2378580885,0.0,0.0,0.0,0.0,0.0
2023-09-20,1432077.2378580885,0.0,0.0,0.0,0.0,0.0
2023-09-21,1432077.2378580885,0.0,0.0,0.0,0.0,0.0
2023-09-22,1432077.2378580885,0.0,0.0,0.0,0.0,0.0
2023-09-25,1432077.2378580885,0.0,0.0,0.0,0.0,0.0
2023-09-26,1432077.2378580885,0.0,0.0,0.0,0.0,0.0
2023-09-27,1432077.2378580885,0.0,0.0,0.0,0.0,0.0
2023-09-28,1432077.2378580885,0.0,0.0,0.0,0.0,0.0
2023-09-29,1432077.2378580885,0.0,0.0,0.0,0.0,0.0
2023-10-02,1432077.2378580885,0.0,0.0,0.0,0.0,0.0
2023-10-03,1432077.2378580885,0.0,0.0,0.0,0.0,0.0
2023-10-04,1432077.2378580885,0.0,0.0,0.0,0.0,0.0
2023-10-05,1432077.2378580885,0.0,0.0,0.0,0.0,0.0
2023-10-06,1432077.2378580885,0.0,0.0,0.0,0.0,0.0
2023-10-09,1432077.2378580885,0.0,0.0,0.0,0.0,0.0
2023-10-10,1432077.2378580885,0.0,0.0,0.0,0.0,0.0
2023-10-11,1432077.2378580885,0.0,0.0,0.0,0.0,0.0
2023-10-12,1432077.2378580885,0.0,0.0,0.0,0.0,0.0
2023-10-13,1432077.2378580885,0.0,0.0,0.0,0.0,0.0
2023-10-16,1432077.2378580885,0.0,0.0,0.0,0.0,0.0
2023-10-17,1432077.2378580885,0.0,0.0,0.0,0.0,0.0
2023-10-18,1432077.2378580885,0.0,0.0,0.0,0.0,0.0
2023-10-19,1432077.2378580885,0.0,0.0,0.0,0.0,0.0
2023-10-20,1432077.2378580885,0.0,0.0,0.0,0.0,0.0
2023-10-23,1432077.2378580885,0.0,0.0,0.0,0.0,0.0
2023-10-24,1432077.2378580885,0.0,0.0,0.0,0.0,0.0
2023-10-25,1432077.2378580885,0.0,0.0,0.0,0.0,0.0
2023-10-26,1432077.2378580885,0.0,0.0,0.0,0.0,0.0
2023-10-27,1432077.2378580885,0.0,0.0,0.0,0.0,0.0
2023-10-30,1432077.2378580885,0.0,0.0,0.0,0.0,0.0
2023-10-31,1432077.2378580885,0.0,0.0,0.0,0.0,0.0
2023-11-01,1432077.2378580885,0.0,0.0,0.0,0.0,0.0
2023-11-02,1432077.2378580885,0.0,0.0,0.0,0.0,0.0
2023-11-03,1432077.2378580885,0.0,0.0,0.0,0.0,0.0
2023-11-06,1432077.2378580885,0.0,0.0,0.0,0.0,0.0
2023-11-07,1432077.2378580885,0.0,0.0,0.0,0.0,0.0
2023-11-08,1432077.2378580885,0.0,0.0,0.0,0.0,0.0
2023-11-09,1432077.2378580885,0.0,0.0,0.0,0.0,0.0
2023-11-10,1432077.2378580885,0.0,0.0,0.0,0.0,0.0
2023-11-13,1432077.2378580885,0.0,0.0,0.0,0.0,0.0
2023-11-14,1432077.2378580885,0.0,0.0,0.0,0.0,0.0
2023-11-15,1432077.2378580885,0.0,0.0,0.0,0.0,0.0
2023-11-16,1432077.2378580885,0.0,0.0,0.0,0.0,0.0
2023-11-17,1432077.2378580885,0.0,0.0,0.0,0.0,0.0
2023-11-20,1432077.2378580885,0.0,0.0,0.0,0.0,0.0
2023-11-21,1432077.2378580885,0.0,0.0,0.0,0.0,0.0
2023-11-22,1432077.2378580885,0.0,0.0,0.0,0.0,0.0
2023-11-24,1432077.2378580885,0.0,0.0,0.0,0.0,0.0
2023-11-27,1432077.2378580885,0.0,0.0,0.0,0.0,0.0
2023-11-28,1432077.2378580885,0.0,0.0,0.0,0.0,0.0
2023-11-29,1432077.2378580885,0.0,0.0,0.0,0.0,0.0
2023-11-30,1432077.2378580885,0.0,0.0,0.0,0.0,0.0
2023-12-01,1432077.2378580885,0.0,0.0,0.0,0.0,0.0
2023-12-04,1432077.2378580885,0.0,0.0,0.0,0.0,0.0
2023-12-05,1432077.2378580885,0.0,0.0,0.0,0.0,0.0
2023-12-06,1432077.2378580885,0.0,0.0,0.0,0.0,0.0
2023-12-07,1432077.2378580885,0.0,0.0,0.0,0.0,0.0
2023-12-08,1432077.2378580885,0.0,0.0,0.0,0.0,0.0
2023-12-11,1432077.2378580885,0.0,0.0,0.0,0.0,0.0
2023-12-12,1432077.2378580885,0.0,0.0,0.0,0.0,0.0
2023-12-13,1432077.2378580885,0.0,0.0,0.0,0.0,0.0
2023-12-14,1432077.2378580885,0.0,0.0,0.0,0.0,0.0
2023-12-15,1432077.2378580885,0.0,0.0,0.0,0.0,0.0
2023-12-18,1432077.2378580885,0.0,0.0,0.0,0.0,0.0
2023-12-19,1432077.2378580885,0.0,0.0,0.0,0.0,0.0
2023-12-20,1432077.2378580885,0.0,0.0,0.0,0.0,0.0
2023-12-21,1432077.2378580885,0.0,0.0,0.0,0.0,0.0
2023-12-22,1432077.2378580885,0.0,0.0,0.0,0.0,0.0
2023-12-26,1432077.2378580885,0.0,0.0,0.0,0.0,0.0
2023-12-27,1432077.2378580885,0.0,0.0,0.0,0.0,0.0
2023-12-28,1432077.2378580885,0.0,0.0,0.0,0.0,0.0
2023-12-29,1432077.2378580885,0.0,0.0,0.0,0.0,0.0
2024-01-02,1432077.2378580885,0.0,0.0,0.0,0.0,0.0
2024-01-03,1432077.2378580885,0.0,0.0,0.0,0.0,0.0
2024-01-04,1432077.2378580885,0.0,0.0,0.0,0.0,0.0
2024-01-05,1432077.2378580885,0.0,0.0,0.0,0.0,0.0
2024-01-08,1432077.2378580885,0.0,0.0,0.0,0.0,0.0
2024-01-09,1432077.2378580885,0.0,0.0,0.0,0.0,0.0
2024-01-10,1432077.2378580885,0.0,0.0,0.0,0.0,0.0
2024-01-11,1432077.2378580885,0.0,0.0,0.0,0.0,0.0
2024-01-12,1432077.2378580885,0.0,0.0,0.0,0.0,0.0
2024-01-16,1432077.2378580885,0.0,0.0,0.0,0.0,0.0
2024-01-17,1432077.2378580885,0.0,0.0,0.0,0.0,0.0
2024-01-18,1432077.2378580885,0.0,0.0,0.0,0.0,0.0
2024-01-19,1432077.2378580885,0.0,0.0,0.0,0.0,0.0
2024-01-22,1432077.2378580885,0.0,0.0,0.0,0.0,0.0
2024-01-23,1432077.2378580885,0.0,0.0,0.0,0.0,0.0
2024-01-24,1432077.2378580885,0.0,0.0,0.0,0.0,0.0
2024-01-25,1432077.2378580885,0.0,0.0,0.0,0.0,0.0
2024-01-26,1432077.2378580885,0.0,0.0,0.0,0.0,0.0
2024-01-29,1432077.2378580885,0.0,0.0,0.0,0.0,0.0
2024-01-30,1432077.2378580885,0.0,0.0,0.0,0.0,0.0
2024-01-31,1432077.2378580885,0.0,0.0,0.0,0.0,0.0
2024-02-01,1432077.2378580885,0.0,0.0,0.0,0.0,0.0
2024-02-02,1432077.2378580885,0.0,0.0,0.0,0.0,0.0
2024-02-05,1432077.2378580885,0.0,0.0,0.0,0.0,0.0
2024-02-06,1432077.2378580885,0.0,0.0,0.0,0.0,0.0
2024-02-07,1432077.2378580885,0.0,0.0,0.0,0.0,0.0
2024-02-08,1432077.2378580885,0.0,0.0,0.0,0.0,0.0
2024-02-09,1432077.2378580885,0.0,0.0,0.0,0.0,0.0
2024-02-12,1432077.2378580885,0.0,0.0,0.0,0.0,0.0
2024-02-13,1432077.2378580885,0.0,0.0,0.0,0.0,0.0
2024-02-14,1432077.2378580885,0.0,0.0,0.0,0.0,0.0
2024-02-15,1432077.2378580885,0.0,0.0,0.0,0.0,0.0
2024-02-16,1432077.2378580885,0.0,0.0,0.0,0.0,0.0
2024-02-20,1432077.2378580885,0.0,0.0,0.0,0.0,0.0
2024-02-21,1432077.2378580885,0.0,0.0,0.0,0.0,0.0
2024-02-22,1432077.2378580885,0.0,0.0,0.0,0.0,0.0
2024-02-23,1432077.2378580885,0.0,0.0,0.0,0.0,0.0
2024-02-26,1432077.2378580885,0.0,0.0,0.0,0.0,0.0
2024-02-27,1432077.2378580885,0.0,0.0,0.0,0.0,0.0
2024-02-28,1432077.2378580885,0.0,0.0,0.0,0.0,0.0
2024-02-29,1432077.2378580885,0.0,0.0,0.0,0.0,0.0
2024-03-01,1432077.2378580885,0.0,0.0,0.0,0.0,0.0
2024-03-04,1432077.2378580885,0.0,0.0,0.0,0.0,0.0
2024-03-05,1432077.2378580885,0.0,0.0,0.0,0.0,0.0
2024-03-06,1432077.2378580885,0.0,0.0,0.0,0.0,0.0
2024-03-07,1432077.2378580885,0.0,0.0,0.0,0.0,0.0
2024-03-08,1432077.2378580885,0.0,0.0,0.0,0.0,0.0
2024-03-11,1432077.2378580885,0.0,0.0,0.0,0.0,0.0
2024-03-12,1432077.2378580885,0.0,0.0,0.0,0.0,0.0
2024-03-13,1432077.2378580885,0.0,0.0,0.0,0.0,0.0
2024-03-14,1432077.2378580885,0.0,0.0,0.0,0.0,0.0
2024-03-15,1432077.2378580885,0.0,0.0,0.0,0.0,0.0
2024-03-18,1432077.2378580885,0.0,0.0,0.0,0.0,0.0
2024-03-19,1432077.2378580885,0.0,0.0,0.0,0.0,0.0
2024-03-20,1432077.2378580885,0.0,0.0,0.0,0.0,0.0
2024-03-21,1432077.2378580885,0.0,0.0,0.0,0.0,0.0
2024-03-22,1432077.2378580885,0.0,0.0,0.0,0.0,0.0
2024-03-25,1432077.2378580885,0.0,0.0,0.0,0.0,0.0
2024-03-26,1432077.2378580885,0.0,0.0,0.0,0.0,0.0
2024-03-27,1432077.2378580885,0.0,0.0,0.0,0.0,0.0
2024-03-28,1432077.2378580885,0.0,0.0,0.0,0.0,0.0
2024-04-01,1431361.1992391595,0.0,716.0386189290442,-0.0005,0.11765413383415509,0.5
2024-04-02,1416571.0146316367,-14790.184607522888,0.0,-0.010227272727272727,0.10843893104779997,0.5
2024-04-03,1423873.0811630965,8718.63754609155,1416.5710146316367,0.005186670598643467,-0.18023401450104634,-0.5
2024-04-04,1418101.736885076,-5771.344278020658,0.0,-0.004036908881199539,-0.4016127955848165,-0.5
2024-04-05,1419730.8026368106,1629.0657517347224,0.0,0.001150086256469235,-0.3779575560665149,-0.5
2024-04-08,1417687.4364844835,-2043.3661523270157,0.0,-0.0014371945961483184,-0.27657808407327206,-0.5
2024-04-09,1423187.2824636812,6917.533415682037,1417.6874364844837,0.003898471300836458,0.0919627993213524,0.5
2024-04-10,1428137.4990983375,4950.216634656283,0.0,0.0034904013961605585,0.2559710162064561,0.5
2024-04-11,1419093.4504569548,-9044.048641382678,0.0,-0.006292906178489702,0.3393823530985537,0.5
2024-04-12,1430264.1569182777,11170.706461322967,0.0,0.007934175727299441,0.21254449221061714,0.5
2024-04-15,1423695.7796189974,-6568.377299280265,0.0,-0.004571428571428571,0.3138735956028413,0.5
2024-04-16,1422870.9269077466,-824.8527112508675,0.0,-0.0005790387955993052,0.1472750269181637,0.5
2024-04-17,1421632.9301615972,-1237.9967461494314,0.0,-0.0008693132425383947,0.28928848039455796,0.5
2024-04-18,1415850.5765816255,-5782.353579971633,0.0,-0.004050925925925926,0.324632147337155,0.5
2024-04-19,1427047.9888744503,11197.412292824807,0.0,0.007971656333038087,0.5478592476525668,0.5
2024-04-22,1437335.2436962097,10287.254821759301,0.0,0.007261109497531223,0.8962933864924199,0.5
2024-04-23,1442646.601902023,5311.358205813169,0.0,0.0037089871611982886,1.1325871587635314,0.5
2024-04-24,1434098.1880645675,-8548.413837455553,0.0,-0.005890603085553997,1.1780684140943078,0.5
2024-04-25,1439421.796415464,5323.608350896453,0.0,0.003725995987388937,1.4980128164177644,0.5
2024-04-26,1437789.7989138593,-1631.9975016048345,0.0,-0.0011325028312570782,1.3022165498110827,0.5
2024-04-29,1435126.6200817802,-1225.389033165221,1437.7897989138594,-0.0018506954300312232,-0.01866546086579466,-0.5
2024-04-30,1434718.2175148816,-408.40256689862844,0.0,-0.0002844950213371266,-0.011079812896003008,-0.5
2024-05-01,1428597.4060067122,-6120.81150816929,0.0,-0.004248088360237893,-0.909811351730239,-0.5
2024-05-02,1414496.754791192,-14100.651215520285,0.0,-0.009773806199385648,-1.3504327610547722,-0.5
2024-05-03,1422320.298788931,7823.543997738894,0.0,0.0055617352614015575,-1.144887399609536,-0.5
2024-05-06,1406410.675759972,-15909.62302895896,0.0,-0.011061946902654869,-0.20948569165365005,-0.5
2024-05-07,1411411.5889943484,5000.9132343762685,0.0,0.0035684875102937144,-0.43913007043762886,-0.5
2024-05-08,1424242.6034397515,12831.014445403167,0.0,0.009174311926605503,-0.339203841636144,-0.5
2024-05-09,1428638.4139441953,4395.810504443677,0.0,0.003095975232198142,-0.16602529825977486,-0.5
2024-05-10,1407664.6145299948,-20973.799414200497,0.0,-0.014468558708959378,-0.07756619830536651,-0.5
2024-05-13,1402713.8511311691,-4246.931091560598,703.8323072649974,-0.0035064260322668853,-0.19521025521469026,-0.5
2024-05-14,1402012.4942056036,0.0,701.3569255655846,-0.0005,0.07904194407326122,0.5
2024-05-15,1415530.521009239,13518.026803635297,0.0,0.009735744089012517,0.10599797553529156,0.5
2024-05-16,1407113.8530464813,-8416.667962757636,0.0,-0.005910800644814615,0.11429975962331261,0.5
2024-05-17,1398778.9357593984,-6927.8034340362865,1407.1138530464814,-0.005894393032117583,-0.19312281310647664,-0.5
2024-05-20,1386414.039089702,-12364.89666969634,0.0,-0.008762322015334063,-0.2101910009136271,-0.5
2024-05-21,1390177.3779580237,3763.3388683216667,0.0,0.002721829069134458,-0.10095621635166978,-0.5
2024-05-22,1383854.802677922,-4932.3979021436435,1390.1773779580237,-0.004531955398422627,0.042091084810201795,0.5
2024-05-23,1387980.1150978291,4125.312419907084,0.0,0.0029899429192715415,0.013188809076161259,0.5
2024-05-24,1388407.8762108872,1121.7511706070818,693.9900575489146,0.0003084389323267727,-0.0027230469259100117,0.0
2024-05-28,1387713.6722727818,0.0,694.2039381054436,-0.0005,-0.3441854737635987,-0.5
2024-05-29,1398590.3470014064,10876.674728624506,0.0,0.00789975483519477,-0.40497664647903237,-0.5
2024-05-30,1408574.792092575,9984.445091168744,0.0,0.007190265486725663,-0.28014095548758644,-0.5
2024-05-31,1412498.3987557855,3923.6066632105153,0.0,0.002793296089385475,-0.06576189178977629,-0.5
2024-06-03,1415438.1363195826,4352.235962552841,1412.4983987557855,0.002087665074459118,0.23625952929320726,0.5
2024-06-04,1413134.6583604198,-1595.7588910029115,707.7190681597913,-0.001625563063063063,0.0,0.0
2024-06-05,1412428.0910312396,0.0,706.5673291802099,-0.0005,-0.47084005318477457,-0.5
2024-06-06,1391928.9923850833,-20499.098646156293,0.0,-0.014305750350631136,-0.8761363053012522,-0.5
2024-06-07,1396933.161882043,5004.1694969596465,0.0,0.0036081043574798773,-0.9593151961580182,-0.5
2024-06-10,1392263.7474133563,-4669.414468686494,0.0,-0.0033314825097168236,-0.2756435627852436,-0.5
2024-06-11,1394338.6595726172,3467.1759066741024,1392.2637474133564,0.0014940360610263522,0.06456825704216619,0.5
2024-06-12,1401705.8549374335,7367.195364816386,0.0,0.0053117137265865245,0.3138809408128827,0.5
2024-06-13,1408263.0920133654,6557.237075931857,0.0,0.004700027647221454,0.21784906902895756,0.5
2024-06-14,1393801.13613824,-13053.692783111894,1408.2630920133654,-0.010175040518638575,-0.04380122646125896,-0.5
2024-06-17,1403480.3106947558,9679.174556515556,0.0,0.006993006993006993,-1.096448811113024,-0.5
2024-06-18,1393596.6465349335,-9883.664159822223,0.0,-0.006993006993006992,-1.651110136165512,-0.5
2024-06-20,1409468.163898248,15871.51736331452,0.0,0.011520089912896882,-2.3219763205774298,-0.5
2024-06-21,1417080.4137885454,7612.249890297529,0.0,0.005430122892254929,-2.0469950133051333,-0.5
2024-06-24,1419523.6558812843,2443.242092738871,0.0,0.0017271157167530224,-1.7023728620048169,-0.5
2024-06-25,1432621.9133749986,13098.257493714273,0.0,0.009313154831199068,-1.8174406592575707,-0.5
2024-06-26,1441880.9269162002,9259.013541201519,0.0,0.006505026611472502,-1.9056779796253076,-0.5
2024-06-27,1452609.207622422,10728.280706221727,0.0,0.007496251874062968,-1.674523513414328,-0.5
2024-06-28,1481573.6208257694,28964.413203347383,0.0,0.020345252774352653,-1.632215942367617,-0.5
2024-07-01,1481573.6208257694,0.0,0.0,0.0,0.0,0.0
2024-07-02,1481573.6208257694,0.0,0.0,0.0,0.0,0.0
2024-07-03,1481573.6208257694,0.0,0.0,0.0,0.0,0.0
2024-07-05,1481573.6208257694,0.0,0.0,0.0,0.0,0.0
2024-07-08,1481573.6208257694,0.0,0.0,0.0,0.0,0.0
2024-07-09,1481573.6208257694,0.0,0.0,0.0,0.0,0.0
2024-07-10,1481573.6208257694,0.0,0.0,0.0,0.0,0.0
2024-07-11,1481573.6208257694,0.0,0.0,0.0,0.0,0.0
2024-07-12,1481573.6208257694,0.0,0.0,0.0,0.0,0.0
2024-07-15,1481573.6208257694,0.0,0.0,0.0,0.0,0.0
2024-07-16,1481573.6208257694,0.0,0.0,0.0,0.0,0.0
2024-07-17,1481573.6208257694,0.0,0.0,0.0,0.0,0.0
2024-07-18,1481573.6208257694,0.0,0.0,0.0,0.0,0.0
2024-07-19,1481573.6208257694,0.0,0.0,0.0,0.0,0.0
2024-07-22,1481573.6208257694,0.0,0.0,0.0,0.0,0.0
2024-07-23,1481573.6208257694,0.0,0.0,0.0,0.0,0.0
2024-07-24,1481573.6208257694,0.0,0.0,0.0,0.0,0.0
2024-07-25,1481573.6208257694,0.0,0.0,0.0,0.0,0.0
2024-07-26,1481573.6208257694,0.0,0.0,0.0,0.0,0.0
2024-07-29,1481573.6208257694,0.0,0.0,0.0,0.0,0.0
2024-07-30,1481573.6208257694,0.0,0.0,0.0,0.0,0.0
2024-07-31,1481573.6208257694,0.0,0.0,0.0,0.0,0.0
2024-08-01,1481573.6208257694,0.0,0.0,0.0,0.0,0.0
2024-08-02,1481573.6208257694,0.0,0.0,0.0,0.0,0.0
2024-08-05,1481573.6208257694,0.0,0.0,0.0,0.0,0.0
2024-08-06,1481573.6208257694,0.0,0.0,0.0,0.0,0.0
2024-08-07,1481573.6208257694,0.0,0.0,0.0,0.0,0.0
2024-08-08,1481573.6208257694,0.0,0.0,0.0,0.0,0.0
2024-08-09,1481573.6208257694,0.0,0.0,0.0,0.0,0.0
2024-08-12,1481573.6208257694,0.0,0.0,0.0,0.0,0.0
2024-08-13,1481573.6208257694,0.0,0.0,0.0,0.0,0.0
2024-08-14,1481573.6208257694,0.0,0.0,0.0,0.0,0.0
2024-08-15,1481573.6208257694,0.0,0.0,0.0,0.0,0.0
2024-08-16,1481573.6208257694,0.0,0.0,0.0,0.0,0.0
2024-08-19,1481573.6208257694,0.0,0.0,0.0,0.0,0.0
2024-08-20,1481573.6208257694,0.0,0.0,0.0,0.0,0.0
2024-08-21,1481573.6208257694,0.0,0.0,0.0,0.0,0.0
2024-08-22,1481573.6208257694,0.0,0.0,0.0,0.0,0.0
2024-08-23,1481573.6208257694,0.0,0.0,0.0,0.0,0.0
2024-08-26,1481573.6208257694,0.0,0.0,0.0,0.0,0.0
2024-08-27,1481573.6208257694,0.0,0.0,0.0,0.0,0.0
2024-08-28,1481573.6208257694,0.0,0.0,0.0,0.0,0.0
2024-08-29,1481573.6208257694,0.0,0.0,0.0,0.0,0.0
2024-08-30,1481573.6208257694,0.0,0.0,0.0,0.0,0.0
2024-09-03,1481573.6208257694,0.0,0.0,0.0,0.0,0.0
2024-09-04,1481573.6208257694,0.0,0.0,0.0,0.0,0.0
2024-09-05,1481573.6208257694,0.0,0.0,0.0,0.0,0.0
2024-09-06,1481573.6208257694,0.0,0.0,0.0,0.0,0.0
2024-09-09,1481573.6208257694,0.0,0.0,0.0,0.0,0.0
2024-09-10,1481573.6208257694,0.0,0.0,0.0,0.0,0.0
2024-09-11,1481573.6208257694,0.0,0.0,0.0,0.0,0.0
2024-09-12,1481573.6208257694,0.0,0.0,0.0,0.0,0.0
2024-09-13,1481573.6208257694,0.0,0.0,0.0,0.0,0.0
2024-09-16,1481573.6208257694,0.0,0.0,0.0,0.0,0.0
2024-09-17,1481573.6208257694,0.0,0.0,0.0,0.0,0.0
2024-09-18,1481573.6208257694,0.0,0.0,0.0,0.0,0.0
2024-09-19,1481573.6208257694,0.0,0.0,0.0,0.0,0.0
2024-09-20,1481573.6208257694,0.0,0.0,0.0,0.0,0.0
2024-09-23,1481573.6208257694,0.0,0.0,0.0,0.0,0.0
2024-09-24,1481573.6208257694,0.0,0.0,0.0,0.0,0.0
2024-09-25,1481573.6208257694,0.0,0.0,0.0,0.0,0.0
2024-09-26,1481573.6208257694,0.0,0.0,0.0,0.0,0.0
2024-09-27,1481573.6208257694,0.0,0.0,0.0,0.0,0.0
2024-09-30,1481573.6208257694,0.0,0.0,0.0,0.0,0.0
2024-10-01,1481573.6208257694,0.0,0.0,0.0,0.0,0.0
2024-10-02,1481573.6208257694,0.0,0.0,0.0,0.0,0.0
2024-10-03,1481573.6208257694,0.0,0.0,0.0,0.0,0.0
2024-10-04,1481573.6208257694,0.0,0.0,0.0,0.0,0.0
2024-10-07,1481573.6208257694,0.0,0.0,0.0,0.0,0.0
2024-10-08,1481573.6208257694,0.0,0.0,0.0,0.0,0.0
2024-10-09,1481573.6208257694,0.0,0.0,0.0,0.0,0.0
2024-10-10,1481573.6208257694,0.0,0.0,0.0,0.0,0.0
2024-10-11,1481573.6208257694,0.0,0.0,0.0,0.0,0.0
2024-10-14,1481573.6208257694,0.0,0.0,0.0,0.0,0.0
2024-10-15,1481573.6208257694,0.0,0.0,0.0,0.0,0.0
2024-10-16,1481573.6208257694,0.0,0.0,0.0,0.0,0.0
2024-10-17,1481573.6208257694,0.0,0.0,0.0,0.0,0.0
2024-10-18,1481573.6208257694,0.0,0.0,0.0,0.0,0.0
2024-10-21,1481573.6208257694,0.0,0.0,0.0,0.0,0.0
2024-10-22,1481573.6208257694,0.0,0.0,0.0,0.0,0.0
2024-10-23,1481573.6208257694,0.0,0.0,0.0,0.0,0.0
2024-10-24,1481573.6208257694,0.0,0.0,0.0,0.0,0.0
2024-10-25,1481573.6208257694,0.0,0.0,0.0,0.0,0.0
2024-10-28,1481573.6208257694,0.0,0.0,0.0,0.0,0.0
2024-10-29,1481573.6208257694,0.0,0.0,0.0,0.0,0.0
2024-10-30,1481573.6208257694,0.0,0.0,0.0,0.0,0.0
2024-10-31,1481573.6208257694,0.0,0.0,0.0,0.0,0.0
2024-11-01,1481573.6208257694,0.0,0.0,0.0,0.0,0.0
2024-11-04,1481573.6208257694,0.0,0.0,0.0,0.0,0.0
2024-11-05,1481573.6208257694,0.0,0.0,0.0,0.0,0.0
2024-11-06,1481573.6208257694,0.0,0.0,0.0,0.0,0.0
2024-11-07,1481573.6208257694,0.0,0.0,0.0,0.0,0.0
2024-11-08,1481573.6208257694,0.0,0.0,0.0,0.0,0.0
2024-11-11,1481573.6208257694,0.0,0.0,0.0,0.0,0.0
2024-11-12,1481573.6208257694,0.0,0.0,0.0,0.0,0.0
2024-11-13,1481573.6208257694,0.0,0.0,0.0,0.0,0.0
2024-11-14,1481573.6208257694,0.0,0.0,0.0,0.0,0.0
2024-11-15,1481573.6208257694,0.0,0.0,0.0,0.0,0.0
2024-11-18,1481573.6208257694,0.0,0.0,0.0,0.0,0.0
2024-11-19,1481573.6208257694,0.0,0.0,0.0,0.0,0.0
2024-11-20,1481573.6208257694,0.0,0.0,0.0,0.0,0.0
2024-11-21,1481573.6208257694,0.0,0.0,0.0,0.0,0.0
2024-11-22,1481573.6208257694,0.0,0.0,0.0,0.0,0.0
2024-11-25,1481573.6208257694,0.0,0.0,0.0,0.0,0.0
2024-11-26,1481573.6208257694,0.0,0.0,0.0,0.0,0.0
2024-11-27,1481573.6208257694,0.0,0.0,0.0,0.0,0.0
2024-11-29,1481573.6208257694,0.0,0.0,0.0,0.0,0.0
2024-12-02,1481573.6208257694,0.0,0.0,0.0,0.0,0.0
2024-12-03,1481573.6208257694,0.0,0.0,0.0,0.0,0.0
2024-12-04,1481573.6208257694,0.0,0.0,0.0,0.0,0.0
2024-12-05,1481573.6208257694,0.0,0.0,0.0,0.0,0.0
2024-12-06,1481573.6208257694,0.0,0.0,0.0,0.0,0.0
2024-12-09,1481573.6208257694,0.0,0.0,0.0,0.0,0.0
2024-12-10,1481573.6208257694,0.0,0.0,0.0,0.0,0.0
2024-12-11,1481573.6208257694,0.0,0.0,0.0,0.0,0.0
2024-12-12,1481573.6208257694,0.0,0.0,0.0,0.0,0.0
2024-12-13,1481573.6208257694,0.0,0.0,0.0,0.0,0.0
2024-12-16,1481573.6208257694,0.0,0.0,0.0,0.0,0.0
2024-12-17,1481573.6208257694,0.0,0.0,0.0,0.0,0.0
2024-12-18,1481573.6208257694,0.0,0.0,0.0,0.0,0.0
2024-12-19,1481573.6208257694,0.0,0.0,0.0,0.0,0.0
2024-12-20,1481573.6208257694,0.0,0.0,0.0,0.0,0.0
2024-12-23,1481573.6208257694,0.0,0.0,0.0,0.0,0.0
2024-12-24,1481573.6208257694,0.0,0.0,0.0,0.0,0.0
2024-12-26,1481573.6208257694,0.0,0.0,0.0,0.0,0.0
2024-12-27,1481573.6208257694,0.0,0.0,0.0,0.0,0.0
2024-12-30,1481573.6208257694,0.0,0.0,0.0,0.0,0.0
2024-12-31,1481573.6208257694,0.0,0.0,0.0,0.0,0.0
2025-01-02,1481573.6208257694,0.0,0.0,0.0,0.0,0.0
2025-01-03,1481573.6208257694,0.0,0.0,0.0,0.0,0.0
2025-01-06,1481573.6208257694,0.0,0.0,0.0,0.0,0.0
2025-01-07,1481573.6208257694,0.0,0.0,0.0,0.0,0.0
2025-01-08,1481573.6208257694,0.0,0.0,0.0,0.0,0.0
2025-01-09,1481573.6208257694,0.0,0.0,0.0,0.0,0.0
2025-01-10,1481573.6208257694,0.0,0.0,0.0,0.0,0.0
2025-01-13,1481573.6208257694,0.0,0.0,0.0,0.0,0.0
2025-01-14,1481573.6208257694,0.0,0.0,0.0,0.0,0.0
2025-01-15,1481573.6208257694,0.0,0.0,0.0,0.0,0.0
2025-01-16,1481573.6208257694,0.0,0.0,0.0,0.0,0.0
2025-01-17,1481573.6208257694,0.0,0.0,0.0,0.0,0.0
2025-01-21,1481573.6208257694,0.0,0.0,0.0,0.0,0.0
2025-01-22,1481573.6208257694,0.0,0.0,0.0,0.0,0.0
2025-01-23,1481573.6208257694,0.0,0.0,0.0,0.0,0.0
2025-01-24,1481573.6208257694,0.0,0.0,0.0,0.0,0.0
2025-01-27,1481573.6208257694,0.0,0.0,0.0,0.0,0.0
2025-01-28,1481573.6208257694,0.0,0.0,0.0,0.0,0.0
2025-01-29,1481573.6208257694,0.0,0.0,0.0,0.0,0.0
2025-01-30,1481573.6208257694,0.0,0.0,0.0,0.0,0.0
2025-01-31,1481573.6208257694,0.0,0.0,0.0,0.0,0.0
2025-02-03,1481573.6208257694,0.0,0.0,0.0,0.0,0.0
2025-02-04,1481573.6208257694,0.0,0.0,0.0,0.0,0.0
2025-02-05,1481573.6208257694,0.0,0.0,0.0,0.0,0.0
2025-02-06,1481573.6208257694,0.0,0.0,0.0,0.0,0.0
2025-02-07,1481573.6208257694,0.0,0.0,0.0,0.0,0.0
2025-02-10,1481573.6208257694,0.0,0.0,0.0,0.0,0.0
2025-02-11,1481573.6208257694,0.0,0.0,0.0,0.0,0.0
2025-02-12,1481573.6208257694,0.0,0.0,0.0,0.0,0.0
2025-02-13,1481573.6208257694,0.0,0.0,0.0,0.0,0.0
2025-02-14,1481573.6208257694,0.0,0.0,0.0,0.0,0.0
2025-02-18,1481573.6208257694,0.0,0.0,0.0,0.0,0.0
2025-02-19,1481573.6208257694,0.0,0.0,0.0,0.0,0.0
2025-02-20,1481573.6208257694,0.0,0.0,0.0,0.0,0.0
2025-02-21,1481573.6208257694,0.0,0.0,0.0,0.0,0.0
2025-02-24,1481573.6208257694,0.0,0.0,0.0,0.0,0.0
2025-02-25,1481573.6208257694,0.0,0.0,0.0,0.0,0.0
2025-02-26,1481573.6208257694,0.0,0.0,0.0,0.0,0.0
2025-02-27,1481573.6208257694,0.0,0.0,0.0,0.0,0.0
2025-02-28,1481573.6208257694,0.0,0.0,0.0,0.0,0.0
2025-03-03,1481573.6208257694,0.0,0.0,0.0,0.0,0.0
2025-03-04,1481573.6208257694,0.0,0.0,0.0,0.0,0.0
2025-03-05,1481573.6208257694,0.0,0.0,0.0,0.0,0.0
2025-03-06,1481573.6208257694,0.0,0.0,0.0,0.0,0.0
2025-03-07,1481573.6208257694,0.0,0.0,0.0,0.0,0.0
2025-03-10,1481573.6208257694,0.0,0.0,0.0,0.0,0.0
2025-03-11,1481573.6208257694,0.0,0.0,0.0,0.0,0.0
2025-03-12,1481573.6208257694,0.0,0.0,0.0,0.0,0.0
2025-03-13,1481573.6208257694,0.0,0.0,0.0,0.0,0.0
2025-03-14,1481573.6208257694,0.0,0.0,0.0,0.0,0.0
2025-03-17,1481573.6208257694,0.0,0.0,0.0,0.0,0.0
2025-03-18,1481573.6208257694,0.0,0.0,0.0,0.0,0.0
2025-03-19,1481573.6208257694,0.0,0.0,0.0,0.0,0.0
2025-03-20,1481573.6208257694,0.0,0.0,0.0,0.0,0.0
2025-03-21,1481573.6208257694,0.0,0.0,0.0,0.0,0.0
2025-03-24,1481573.6208257694,0.0,0.0,0.0,0.0,0.0
2025-03-25,1481573.6208257694,0.0,0.0,0.0,0.0,0.0
2025-03-26,1481573.6208257694,0.0,0.0,0.0,0.0,0.0
2025-03-27,1481573.6208257694,0.0,0.0,0.0,0.0,0.0
2025-03-28,1481573.6208257694,0.0,0.0,0.0,0.0,0.0
2025-03-31,1481573.6208257694,0.0,0.0,0.0,0.0,0.0
2025-04-01,1480832.8340153566,0.0,740.7868104128847,-0.0005,1.0099049846765833,0.5
2025-04-02,1474418.8314857827,-6414.002529573824,0.0,-0.00431266846361186,0.5732081423340654,0.5
2025-04-03,1474016.204825082,-402.62666070065063,0.0,-0.00027300027300027296,0.3879625107560568,0.5
2025-04-04,1478446.308172917,4430.103347834946,0.0,0.0030145245272677444,0.21202749771168355,0.5
2025-04-07,1485272.3774936502,6826.069320733185,0.0,0.004638472032742156,0.3779385593968103,0.5
2025-04-08,1492466.9153824784,7194.53788882823,0.0,0.0048674959437533805,0.4085360390609204,0.5
2025-04-09,1500422.4959548796,7955.580572401271,0.0,0.0053590568060021436,0.7008330282889025,0.5
2025-04-10,1514667.0133215399,14244.51736666025,0.0,0.009584664536741215,0.7176403994545373,0.5
2025-04-11,1526034.8558128248,11367.84249128485,0.0,0.007561929595827902,0.9572812057700608,0.5
2025-04-14,1517863.8379719097,-8171.017840915177,0.0,-0.005325893989348213,0.4272309329342445,0.5
2025-04-15,1511995.807670472,-5868.030301437795,0.0,-0.0038510911424903724,0.2423066193425992,0.5
2025-04-16,1516708.521876198,4712.714205726146,0.0,0.0031266284523189156,0.2728398135222921,0.5
2025-04-17,1513576.4443916834,-3132.0774845146066,0.0,-0.002060793405461103,0.18152843396824173,0.5
2025-04-21,1511278.2248968035,-784.6430504881719,1513.5764443916835,-0.0015176165803108808,-0.2209470073890266,-0.5
2025-04-22,1520689.4022184236,9411.177321619949,0.0,0.006266318537859008,-0.28501665926529546,-0.5
2025-04-23,1526682.6605035723,5993.258285148805,0.0,0.003956739646531258,-0.6404041730340497,-0.5
2025-04-24,1518192.1054531022,-8490.555050470079,0.0,-0.005530682117461153,-0.7096377988680196,-0.5
2025-04-25,1515806.261390054,-2385.8440630483533,0.0,-0.0015690376569037659,-0.6247718250098137,-0.5
2025-04-28,1520951.2956976441,5145.034307590261,0.0,0.0034058160859313596,-0.13915990611531323,-0.5
2025-04-29,1543420.1124728872,23989.768070940758,1520.9512956976441,0.015009615384615385,0.014966774323932222,0.5
2025-04-30,1554731.8233949197,11311.71092203256,0.0,0.007383100902378999,0.4328778571037482,0.5
2025-05-01,1549740.7099971832,-4991.1133977365,0.0,-0.0031999999999999997,0.4115722476540099,0.5
2025-05-02,1544733.4702233635,-5007.239773819655,0.0,-0.00322061191626409,0.5748948367287694,0.5
2025-05-05,1520034.4797780577,-24698.99044530581,0.0,-0.015737530008002133,0.2999157656643353,0.5
2025-05-06,1521736.6460488057,1702.1662707481048,0.0,0.0011210762331838565,0.3349340736440087,0.5
2025-05-07,1510684.9273903507,-11051.718658455013,0.0,-0.007210205213533,0.4691582004867462,0.5
2025-05-08,1507259.3379858374,-3425.5894045132673,0.0,-0.0022624434389140274,0.8370245634558415,0.5
2025-05-09,1511551.078697642,4291.740711804777,0.0,0.0028555111364934327,0.6104143969247644,0.5
2025-05-12,1509411.2838523737,-2139.7948452684627,0.0,-0.0014136273678258412,0.8253218696983906,0.5
2025-05-13,1501370.947368457,-7285.630841990447,754.7056419261869,-0.005301215032495056,0.7168867814048775,0.5
2025-05-14,1500620.2618947728,0.0,750.6854736842286,-0.0005,0.6909401555374336,0.5
2025-05-15,1517731.0972641543,17110.835369381675,0.0,0.011534025374855825,0.3073891649997275,0.5
2025-05-16,1509271.0577030387,-8460.039561115687,0.0,-0.005543237250554323,0.034611653730001406,0.5
2025-05-19,1514567.9695436582,6806.18289832261,1509.2710577030387,0.0035254813137032843,-0.7034920699466547,-0.5
2025-05-20,1502722.1865416407,-11845.783002017439,0.0,-0.007760532150776053,-0.8779909945698635,-0.5
2025-05-21,1491225.2872607782,-10745.53818759149,751.3610932708203,-0.0075963954123429815,-1.1304846386659484,-0.5
2025-05-22,1490479.6746171478,0.0,745.6126436303891,-0.0005,-1.348893764445639,-0.5
2025-05-23,1496113.2371022017,5633.562485054014,0.0,0.003794037940379404,-1.3840277340979559,-0.5
2025-05-27,1496113.2371022017,0.0,0.0,0.0,-1.7977869651825724,-0.5
2025-05-28,1509951.0635607096,13837.82645850785,0.0,0.009335529928610654,-1.6101426486106234,-0.5
2025-05-29,1516647.0771463446,6696.013585635076,0.0,0.004454342984409799,-1.5537159162231777,-0.5
2025-05-30,1521736.4968683121,5089.419721967599,0.0,0.0033670033670033664,-1.745592261185572,-0.5
