date,portfolio_value,daily_pnl,transaction_costs,portfolio_return,soybeans_signal,soybeans_position
2003-09-24,1000000.0,0.0,0.0,0.0,0.0,0.0
2003-09-25,1000000.0,0.0,0.0,0.0,0.0,0.0
2003-09-26,1000000.0,0.0,0.0,0.0,0.0,0.0
2003-09-29,1000000.0,0.0,0.0,0.0,0.0,0.0
2003-09-30,1000000.0,0.0,0.0,0.0,0.0,0.0
2003-10-01,1000000.0,0.0,0.0,0.0,0.0,0.0
2003-10-02,1000000.0,0.0,0.0,0.0,0.0,0.0
2003-10-03,1000000.0,0.0,0.0,0.0,0.0,0.0
2003-10-06,1000000.0,0.0,0.0,0.0,0.0,0.0
2003-10-07,1000000.0,0.0,0.0,0.0,0.0,0.0
2003-10-08,1000000.0,0.0,0.0,0.0,0.0,0.0
2003-10-09,1000000.0,0.0,0.0,0.0,0.0,0.0
2003-10-10,1000000.0,0.0,0.0,0.0,0.0,0.0
2003-10-13,1000000.0,0.0,0.0,0.0,0.0,0.0
2003-10-14,1000000.0,0.0,0.0,0.0,0.0,0.0
2003-10-15,1000000.0,0.0,0.0,0.0,0.0,0.0
2003-10-16,1000000.0,0.0,0.0,0.0,0.0,0.0
2003-10-17,1000000.0,0.0,0.0,0.0,0.0,0.0
2003-10-20,1000000.0,0.0,0.0,0.0,0.0,0.0
2003-10-21,1000000.0,0.0,0.0,0.0,0.0,0.0
2003-10-22,1000000.0,0.0,0.0,0.0,0.0,0.0
2003-10-23,1000000.0,0.0,0.0,0.0,0.0,0.0
2003-10-24,1000000.0,0.0,0.0,0.0,0.0,0.0
2003-10-27,1000000.0,0.0,0.0,0.0,0.0,0.0
2003-10-28,1000000.0,0.0,0.0,0.0,0.0,0.0
2003-10-29,1000000.0,0.0,0.0,0.0,0.0,0.0
2003-10-30,1000000.0,0.0,0.0,0.0,0.0,0.0
2003-10-31,1000000.0,0.0,0.0,0.0,0.0,0.0
2003-11-03,1000000.0,0.0,0.0,0.0,0.0,0.0
2003-11-04,1000000.0,0.0,0.0,0.0,0.0,0.0
2003-11-05,1000000.0,0.0,0.0,0.0,0.0,0.0
2003-11-06,1000000.0,0.0,0.0,0.0,0.0,0.0
2003-11-07,1000000.0,0.0,0.0,0.0,0.0,0.0
2003-11-10,1000000.0,0.0,0.0,0.0,0.0,0.0
2003-11-11,1000000.0,0.0,0.0,0.0,0.0,0.0
2003-11-12,1000000.0,0.0,0.0,0.0,0.0,0.0
2003-11-13,1000000.0,0.0,0.0,0.0,0.0,0.0
2003-11-14,1000000.0,0.0,0.0,0.0,0.0,0.0
2003-11-17,1000000.0,0.0,0.0,0.0,0.0,0.0
2003-11-18,1000000.0,0.0,0.0,0.0,0.0,0.0
2003-11-19,1000000.0,0.0,0.0,0.0,0.0,0.0
2003-11-20,1000000.0,0.0,0.0,0.0,0.0,0.0
2003-11-21,1000000.0,0.0,0.0,0.0,0.0,0.0
2003-11-24,1000000.0,0.0,0.0,0.0,0.0,0.0
2003-11-25,1000000.0,0.0,0.0,0.0,0.0,0.0
2003-11-26,1000000.0,0.0,0.0,0.0,0.0,0.0
2003-11-28,1000000.0,0.0,0.0,0.0,0.0,0.0
2003-12-01,1000000.0,0.0,0.0,0.0,0.0,0.0
2003-12-02,1000000.0,0.0,0.0,0.0,0.0,0.0
2003-12-03,1000000.0,0.0,0.0,0.0,0.0,0.0
2003-12-04,1000000.0,0.0,0.0,0.0,0.0,0.0
2003-12-05,1000000.0,0.0,0.0,0.0,0.0,0.0
2003-12-08,1000000.0,0.0,0.0,0.0,0.0,0.0
2003-12-09,1000000.0,0.0,0.0,0.0,0.0,0.0
2003-12-10,1000000.0,0.0,0.0,0.0,0.0,0.0
2003-12-11,1000000.0,0.0,0.0,0.0,0.0,0.0
2003-12-12,1000000.0,0.0,0.0,0.0,0.0,0.0
2003-12-15,1000000.0,0.0,0.0,0.0,0.0,0.0
2003-12-16,1000000.0,0.0,0.0,0.0,0.0,0.0
2003-12-17,1000000.0,0.0,0.0,0.0,0.0,0.0
2003-12-18,1000000.0,0.0,0.0,0.0,0.0,0.0
2003-12-19,1000000.0,0.0,0.0,0.0,0.0,0.0
2003-12-22,1000000.0,0.0,0.0,0.0,0.0,0.0
2003-12-23,1000000.0,0.0,0.0,0.0,0.0,0.0
2003-12-24,1000000.0,0.0,0.0,0.0,0.0,0.0
2003-12-26,1000000.0,0.0,0.0,0.0,0.0,0.0
2003-12-29,1000000.0,0.0,0.0,0.0,0.0,0.0
2003-12-30,1000000.0,0.0,0.0,0.0,0.0,0.0
2003-12-31,1000000.0,0.0,0.0,0.0,0.0,0.0
2004-01-02,1000000.0,0.0,0.0,0.0,0.0,0.0
2004-01-05,1000000.0,0.0,0.0,0.0,0.0,0.0
2004-01-06,1000000.0,0.0,0.0,0.0,0.0,0.0
2004-01-07,1000000.0,0.0,0.0,0.0,0.0,0.0
2004-01-08,1000000.0,0.0,0.0,0.0,0.0,0.0
2004-01-09,1000000.0,0.0,0.0,0.0,0.0,0.0
2004-01-12,1000000.0,0.0,0.0,0.0,0.0,0.0
2004-01-13,1000000.0,0.0,0.0,0.0,0.0,0.0
2004-01-14,1000000.0,0.0,0.0,0.0,0.0,0.0
2004-01-15,1000000.0,0.0,0.0,0.0,0.0,0.0
2004-01-16,1000000.0,0.0,0.0,0.0,0.0,0.0
2004-01-20,1000000.0,0.0,0.0,0.0,0.0,0.0
2004-01-21,1000000.0,0.0,0.0,0.0,0.0,0.0
2004-01-22,1000000.0,0.0,0.0,0.0,0.0,0.0
2004-01-23,1000000.0,0.0,0.0,0.0,0.0,0.0
2004-01-26,1000000.0,0.0,0.0,0.0,0.0,0.0
2004-01-27,1000000.0,0.0,0.0,0.0,0.0,0.0
2004-01-28,1000000.0,0.0,0.0,0.0,0.0,0.0
2004-01-29,1000000.0,0.0,0.0,0.0,0.0,0.0
2004-01-30,1000000.0,0.0,0.0,0.0,0.0,0.0
2004-02-02,1000000.0,0.0,0.0,0.0,0.0,0.0
2004-02-03,1000000.0,0.0,0.0,0.0,0.0,0.0
2004-02-04,1000000.0,0.0,0.0,0.0,0.0,0.0
2004-02-05,1000000.0,0.0,0.0,0.0,0.0,0.0
2004-02-06,1000000.0,0.0,0.0,0.0,0.0,0.0
2004-02-09,1000000.0,0.0,0.0,0.0,0.0,0.0
2004-02-10,1000000.0,0.0,0.0,0.0,0.0,0.0
2004-02-11,1000000.0,0.0,0.0,0.0,0.0,0.0
2004-02-12,1000000.0,0.0,0.0,0.0,0.0,0.0
2004-02-13,1000000.0,0.0,0.0,0.0,0.0,0.0
2004-02-17,1000000.0,0.0,0.0,0.0,0.0,0.0
2004-02-18,1000000.0,0.0,0.0,0.0,0.0,0.0
2004-02-19,1000000.0,0.0,0.0,0.0,0.0,0.0
2004-02-20,1000000.0,0.0,0.0,0.0,0.0,0.0
2004-02-23,1000000.0,0.0,0.0,0.0,0.0,0.0
2004-02-24,1000000.0,0.0,0.0,0.0,0.0,0.0
2004-02-25,1000000.0,0.0,0.0,0.0,0.0,0.0
2004-02-26,1000000.0,0.0,0.0,0.0,0.0,0.0
2004-02-27,1000000.0,0.0,0.0,0.0,0.0,0.0
2004-03-01,1000000.0,0.0,0.0,0.0,0.0,0.0
2004-03-02,1000000.0,0.0,0.0,0.0,0.0,0.0
2004-03-03,1000000.0,0.0,0.0,0.0,0.0,0.0
2004-03-04,1000000.0,0.0,0.0,0.0,0.0,0.0
2004-03-05,1000000.0,0.0,0.0,0.0,0.0,0.0
2004-03-08,1000000.0,0.0,0.0,0.0,0.0,0.0
2004-03-09,1000000.0,0.0,0.0,0.0,0.0,0.0
2004-03-10,1000000.0,0.0,0.0,0.0,0.0,0.0
2004-03-11,1000000.0,0.0,0.0,0.0,0.0,0.0
2004-03-12,1000000.0,0.0,0.0,0.0,0.0,0.0
2004-03-15,1000000.0,0.0,0.0,0.0,0.0,0.0
2004-03-16,1000000.0,0.0,0.0,0.0,0.0,0.0
2004-03-17,1000000.0,0.0,0.0,0.0,0.0,0.0
2004-03-18,1000000.0,0.0,0.0,0.0,0.0,0.0
2004-03-19,1000000.0,0.0,0.0,0.0,0.0,0.0
2004-03-22,1000000.0,0.0,0.0,0.0,0.0,0.0
2004-03-23,1000000.0,0.0,0.0,0.0,0.0,0.0
2004-03-24,1000000.0,0.0,0.0,0.0,0.0,0.0
2004-03-25,1000000.0,0.0,0.0,0.0,0.0,0.0
2004-03-26,1000000.0,0.0,0.0,0.0,0.0,0.0
2004-03-29,1000000.0,0.0,0.0,0.0,0.0,0.0
2004-03-30,1000000.0,0.0,0.0,0.0,0.0,0.0
2004-03-31,1000000.0,0.0,0.0,0.0,0.0,0.0
2004-04-01,1000000.0,0.0,0.0,0.0,0.0,0.0
2004-04-02,1000000.0,0.0,0.0,0.0,0.0,0.0
2004-04-05,1000000.0,0.0,0.0,0.0,0.0,0.0
2004-04-06,1000000.0,0.0,0.0,0.0,0.0,0.0
2004-04-07,1000000.0,0.0,0.0,0.0,0.0,0.0
2004-04-08,1000000.0,0.0,0.0,0.0,0.0,0.0
2004-04-12,1000000.0,0.0,0.0,0.0,0.0,0.0
2004-04-13,1000000.0,0.0,0.0,0.0,0.0,0.0
2004-04-14,1000000.0,0.0,0.0,0.0,0.0,0.0
2004-04-15,1000000.0,0.0,0.0,0.0,0.0,0.0
2004-04-16,1000000.0,0.0,0.0,0.0,0.0,0.0
2004-04-19,1000000.0,0.0,0.0,0.0,0.0,0.0
2004-04-20,1000000.0,0.0,0.0,0.0,0.0,0.0
2004-04-21,1000000.0,0.0,0.0,0.0,0.0,0.0
2004-04-22,1000000.0,0.0,0.0,0.0,0.0,0.0
2004-04-23,1000000.0,0.0,0.0,0.0,0.0,0.0
2004-04-26,1000000.0,0.0,0.0,0.0,0.0,0.0
2004-04-27,1000000.0,0.0,0.0,0.0,0.0,0.0
2004-04-28,1000000.0,0.0,0.0,0.0,0.0,0.0
2004-04-29,1000000.0,0.0,0.0,0.0,0.0,0.0
2004-04-30,1000000.0,0.0,0.0,0.0,0.0,0.0
2004-05-03,1000000.0,0.0,0.0,0.0,0.0,0.0
2004-05-04,1000000.0,0.0,0.0,0.0,0.0,0.0
2004-05-05,1000000.0,0.0,0.0,0.0,0.0,0.0
2004-05-06,1000000.0,0.0,0.0,0.0,0.0,0.0
2004-05-07,1000000.0,0.0,0.0,0.0,0.0,0.0
2004-05-10,1000000.0,0.0,0.0,0.0,0.0,0.0
2004-05-11,1000000.0,0.0,0.0,0.0,0.0,0.0
2004-05-12,1000000.0,0.0,0.0,0.0,0.0,0.0
2004-05-13,1000000.0,0.0,0.0,0.0,0.0,0.0
2004-05-14,1000000.0,0.0,0.0,0.0,0.0,0.0
2004-05-17,1000000.0,0.0,0.0,0.0,0.0,0.0
2004-05-18,1000000.0,0.0,0.0,0.0,0.0,0.0
2004-05-19,1000000.0,0.0,0.0,0.0,0.0,0.0
2004-05-20,1000000.0,0.0,0.0,0.0,0.0,0.0
2004-05-21,1000000.0,0.0,0.0,0.0,0.0,0.0
2004-05-24,1000000.0,0.0,0.0,0.0,0.0,0.0
2004-05-25,1000000.0,0.0,0.0,0.0,0.0,0.0
2004-05-26,1000000.0,0.0,0.0,0.0,0.0,0.0
2004-05-27,1000000.0,0.0,0.0,0.0,0.0,0.0
2004-05-28,1000000.0,0.0,0.0,0.0,0.0,0.0
2004-06-01,1000000.0,0.0,0.0,0.0,0.0,0.0
2004-06-02,1000000.0,0.0,0.0,0.0,0.0,0.0
2004-06-03,1000000.0,0.0,0.0,0.0,0.0,0.0
2004-06-04,1000000.0,0.0,0.0,0.0,0.0,0.0
2004-06-07,1000000.0,0.0,0.0,0.0,0.0,0.0
2004-06-08,1000000.0,0.0,0.0,0.0,0.0,0.0
2004-06-09,1000000.0,0.0,0.0,0.0,0.0,0.0
2004-06-10,1000000.0,0.0,0.0,0.0,0.0,0.0
2004-06-11,1000000.0,0.0,0.0,0.0,0.0,0.0
2004-06-14,1000000.0,0.0,0.0,0.0,0.0,0.0
2004-06-15,1000000.0,0.0,0.0,0.0,0.0,0.0
2004-06-16,1000000.0,0.0,0.0,0.0,0.0,0.0
2004-06-17,1000000.0,0.0,0.0,0.0,0.0,0.0
2004-06-18,1000000.0,0.0,0.0,0.0,0.0,0.0
2004-06-21,1000000.0,0.0,0.0,0.0,0.0,0.0
2004-06-22,1000000.0,0.0,0.0,0.0,0.0,0.0
2004-06-23,1000000.0,0.0,0.0,0.0,0.0,0.0
2004-06-24,1000000.0,0.0,0.0,0.0,0.0,0.0
2004-06-25,1000000.0,0.0,0.0,0.0,0.0,0.0
2004-06-28,1000000.0,0.0,0.0,0.0,0.0,0.0
2004-06-29,999500.0,0.0,500.0,-0.0005,2.889069964652299,0.5
2004-06-30,998661.9619899385,-838.0380100614868,0.0,-0.0008377548170901983,2.615135409242464,0.5
2004-07-01,1021307.991923081,22646.029933142505,0.0,0.023202520767688344,2.430586507728523,0.5
2004-07-02,1024590.1815061225,3282.189583041503,0.0,0.0032240730789897904,2.0868573911326456,0.5
2004-07-06,1046401.5744067318,21811.392900609313,0.0,0.021750951604132682,1.7972001116123726,0.5
2004-07-07,1036786.8585622595,-9614.715844472268,0.0,-0.009104704097116844,1.6716984393699337,0.5
2004-07-08,1042717.5166195579,5930.658057298416,0.0,0.005753138075313807,1.6103605345870515,0.5
2004-07-09,1032799.6379267754,-9917.878692782428,0.0,-0.009421950598421188,1.367827894481448,0.5
2004-07-12,1023597.544716736,-9202.093210039402,0.0,-0.00883116883116883,0.5025679815148849,0.5
2004-07-13,1009396.0846512957,-14201.460065440306,0.0,-0.013684210526315788,0.3005158523590797,0.5
2004-07-14,982022.1714028296,-26869.215206140416,504.69804232564786,-0.026415931569099167,0.0,0.0
2004-07-15,982022.1714028296,0.0,0.0,0.0,0.0,0.0
2004-07-16,982022.1714028296,0.0,0.0,0.0,0.0,0.0
2004-07-19,982022.1714028296,0.0,0.0,0.0,0.0,0.0
2004-07-20,982022.1714028296,0.0,0.0,0.0,0.0,0.0
2004-07-21,982022.1714028296,0.0,0.0,0.0,0.0,0.0
2004-07-22,982022.1714028296,0.0,0.0,0.0,0.0,0.0
2004-07-23,982022.1714028296,0.0,0.0,0.0,0.0,0.0
2004-07-26,982022.1714028296,0.0,0.0,0.0,0.0,0.0
2004-07-27,982022.1714028296,0.0,0.0,0.0,0.0,0.0
2004-07-28,982022.1714028296,0.0,0.0,0.0,0.0,0.0
2004-07-29,982022.1714028296,0.0,0.0,0.0,0.0,0.0
2004-07-30,982022.1714028296,0.0,0.0,0.0,0.0,0.0
2004-08-02,982022.1714028296,0.0,0.0,0.0,0.0,0.0
2004-08-03,982022.1714028296,0.0,0.0,0.0,0.0,0.0
2004-08-04,982022.1714028296,0.0,0.0,0.0,0.0,0.0
2004-08-05,982022.1714028296,0.0,0.0,0.0,0.0,0.0
2004-08-06,982022.1714028296,0.0,0.0,0.0,0.0,0.0
2004-08-09,982022.1714028296,0.0,0.0,0.0,0.0,0.0
2004-08-10,982022.1714028296,0.0,0.0,0.0,0.0,0.0
2004-08-11,982022.1714028296,0.0,0.0,0.0,0.0,0.0
2004-08-12,982022.1714028296,0.0,0.0,0.0,0.0,0.0
2004-08-13,982022.1714028296,0.0,0.0,0.0,0.0,0.0
2004-08-16,982022.1714028296,0.0,0.0,0.0,0.0,0.0
2004-08-17,982022.1714028296,0.0,0.0,0.0,0.0,0.0
2004-08-18,982022.1714028296,0.0,0.0,0.0,0.0,0.0
2004-08-19,982022.1714028296,0.0,0.0,0.0,0.0,0.0
2004-08-20,982022.1714028296,0.0,0.0,0.0,0.0,0.0
2004-08-23,982022.1714028296,0.0,0.0,0.0,0.0,0.0
2004-08-24,982022.1714028296,0.0,0.0,0.0,0.0,0.0
2004-08-25,982022.1714028296,0.0,0.0,0.0,0.0,0.0
2004-08-26,982022.1714028296,0.0,0.0,0.0,0.0,0.0
2004-08-27,982022.1714028296,0.0,0.0,0.0,0.0,0.0
2004-08-30,982022.1714028296,0.0,0.0,0.0,0.0,0.0
2004-08-31,982022.1714028296,0.0,0.0,0.0,0.0,0.0
2004-09-01,982022.1714028296,0.0,0.0,0.0,0.0,0.0
2004-09-02,982022.1714028296,0.0,0.0,0.0,0.0,0.0
2004-09-03,982022.1714028296,0.0,0.0,0.0,0.0,0.0
2004-09-07,982022.1714028296,0.0,0.0,0.0,0.0,0.0
2004-09-08,982022.1714028296,0.0,0.0,0.0,0.0,0.0
2004-09-09,982022.1714028296,0.0,0.0,0.0,0.0,0.0
2004-09-10,982022.1714028296,0.0,0.0,0.0,0.0,0.0
2004-09-13,982022.1714028296,0.0,0.0,0.0,0.0,0.0
2004-09-14,981531.1603171282,0.0,491.0110857014148,-0.0005,-1.2754824658389925,-0.5
2004-09-15,975834.7741188591,-5696.386198269048,0.0,-0.005770084332001776,-1.4293791565008944,-0.5
2004-09-16,983801.6511361578,7966.877017298717,0.0,0.008231368186874305,-1.4494468621227474,-0.5
2004-09-17,987553.2500749902,3751.598938832365,0.0,0.0038279666741724843,-1.2903916914164653,-0.5
2004-09-20,995812.6240019284,8259.37392693821,0.0,0.008434009573740598,-0.770298620141662,-0.5
2004-09-21,997186.1586557241,1373.5346537957632,0.0,0.0013812154696132596,-0.5832869056955026,-0.5
2004-09-22,1000864.115902956,3677.9572472318087,0.0,0.0037019898195279964,-0.4332216499312132,-0.5
2004-09-23,1001328.9854412295,464.8695382735513,0.0,0.00046468401486988845,-0.3553301574926523,-0.5
2004-09-24,1014596.2453599069,13267.259918677379,0.0,0.01342756183745583,-0.4431277562542263,-0.5
2004-09-27,1006313.7677007942,-7267.881413752915,1014.5962453599069,-0.008105263157894739,0.19631535021383464,0.5
2004-09-28,1006284.3931934508,473.7823765069652,503.1568838503971,-2.9203956665096616e-05,0.4302236174072024,0.5
2004-09-29,1005781.250996854,0.0,503.1421965967254,-0.0005,0.6470137302830016,0.5
2004-09-30,999654.186206339,-6127.064790515044,0.0,-0.006054960409874244,0.8653539469774586,0.5
2004-10-01,999654.186206339,0.0,0.0,0.0,0.0,0.0
2004-10-04,999654.186206339,0.0,0.0,0.0,0.0,0.0
2004-10-05,999654.186206339,0.0,0.0,0.0,0.0,0.0
2004-10-06,999654.186206339,0.0,0.0,0.0,0.0,0.0
2004-10-07,999654.186206339,0.0,0.0,0.0,0.0,0.0
2004-10-08,999654.186206339,0.0,0.0,0.0,0.0,0.0
2004-10-11,999654.186206339,0.0,0.0,0.0,0.0,0.0
2004-10-12,999654.186206339,0.0,0.0,0.0,0.0,0.0
2004-10-13,999654.186206339,0.0,0.0,0.0,0.0,0.0
2004-10-14,999654.186206339,0.0,0.0,0.0,0.0,0.0
2004-10-15,999654.186206339,0.0,0.0,0.0,0.0,0.0
2004-10-18,999654.186206339,0.0,0.0,0.0,0.0,0.0
2004-10-19,999654.186206339,0.0,0.0,0.0,0.0,0.0
2004-10-20,999654.186206339,0.0,0.0,0.0,0.0,0.0
2004-10-21,999654.186206339,0.0,0.0,0.0,0.0,0.0
2004-10-22,999654.186206339,0.0,0.0,0.0,0.0,0.0
2004-10-25,999654.186206339,0.0,0.0,0.0,0.0,0.0
2004-10-26,999654.186206339,0.0,0.0,0.0,0.0,0.0
2004-10-27,999654.186206339,0.0,0.0,0.0,0.0,0.0
2004-10-28,999654.186206339,0.0,0.0,0.0,0.0,0.0
2004-10-29,999654.186206339,0.0,0.0,0.0,0.0,0.0
2004-11-01,999654.186206339,0.0,0.0,0.0,0.0,0.0
2004-11-02,999654.186206339,0.0,0.0,0.0,0.0,0.0
2004-11-03,999654.186206339,0.0,0.0,0.0,0.0,0.0
2004-11-04,999654.186206339,0.0,0.0,0.0,0.0,0.0
2004-11-05,999654.186206339,0.0,0.0,0.0,0.0,0.0
2004-11-08,999654.186206339,0.0,0.0,0.0,0.0,0.0
2004-11-09,999654.186206339,0.0,0.0,0.0,0.0,0.0
2004-11-10,999654.186206339,0.0,0.0,0.0,0.0,0.0
2004-11-11,999654.186206339,0.0,0.0,0.0,0.0,0.0
2004-11-12,999654.186206339,0.0,0.0,0.0,0.0,0.0
2004-11-15,999654.186206339,0.0,0.0,0.0,0.0,0.0
2004-11-16,999654.186206339,0.0,0.0,0.0,0.0,0.0
2004-11-17,999654.186206339,0.0,0.0,0.0,0.0,0.0
2004-11-18,999654.186206339,0.0,0.0,0.0,0.0,0.0
2004-11-19,999654.186206339,0.0,0.0,0.0,0.0,0.0
2004-11-22,999654.186206339,0.0,0.0,0.0,0.0,0.0
2004-11-23,999654.186206339,0.0,0.0,0.0,0.0,0.0
2004-11-24,999654.186206339,0.0,0.0,0.0,0.0,0.0
2004-11-26,999654.186206339,0.0,0.0,0.0,0.0,0.0
2004-11-29,999654.186206339,0.0,0.0,0.0,0.0,0.0
2004-11-30,999654.186206339,0.0,0.0,0.0,0.0,0.0
2004-12-01,999654.186206339,0.0,0.0,0.0,0.0,0.0
2004-12-02,999654.186206339,0.0,0.0,0.0,0.0,0.0
2004-12-03,999654.186206339,0.0,0.0,0.0,0.0,0.0
2004-12-06,999654.186206339,0.0,0.0,0.0,0.0,0.0
2004-12-07,999654.186206339,0.0,0.0,0.0,0.0,0.0
2004-12-08,999654.186206339,0.0,0.0,0.0,0.0,0.0
2004-12-09,999654.186206339,0.0,0.0,0.0,0.0,0.0
2004-12-10,999654.186206339,0.0,0.0,0.0,0.0,0.0
2004-12-13,999654.186206339,0.0,0.0,0.0,0.0,0.0
2004-12-14,999654.186206339,0.0,0.0,0.0,0.0,0.0
2004-12-15,999654.186206339,0.0,0.0,0.0,0.0,0.0
2004-12-16,999654.186206339,0.0,0.0,0.0,0.0,0.0
2004-12-17,999654.186206339,0.0,0.0,0.0,0.0,0.0
2004-12-20,999654.186206339,0.0,0.0,0.0,0.0,0.0
2004-12-21,999654.186206339,0.0,0.0,0.0,0.0,0.0
2004-12-22,999654.186206339,0.0,0.0,0.0,0.0,0.0
2004-12-23,999654.186206339,0.0,0.0,0.0,0.0,0.0
2004-12-27,999654.186206339,0.0,0.0,0.0,0.0,0.0
2004-12-28,999654.186206339,0.0,0.0,0.0,0.0,0.0
2004-12-29,999654.186206339,0.0,0.0,0.0,0.0,0.0
2004-12-30,999654.186206339,0.0,0.0,0.0,0.0,0.0
2004-12-31,999654.186206339,0.0,0.0,0.0,0.0,0.0
2005-01-03,999654.186206339,0.0,0.0,0.0,0.0,0.0
2005-01-04,999654.186206339,0.0,0.0,0.0,0.0,0.0
2005-01-05,999654.186206339,0.0,0.0,0.0,0.0,0.0
2005-01-06,999654.186206339,0.0,0.0,0.0,0.0,0.0
2005-01-07,999654.186206339,0.0,0.0,0.0,0.0,0.0
2005-01-10,999654.186206339,0.0,0.0,0.0,0.0,0.0
2005-01-11,999654.186206339,0.0,0.0,0.0,0.0,0.0
2005-01-12,999654.186206339,0.0,0.0,0.0,0.0,0.0
2005-01-13,999654.186206339,0.0,0.0,0.0,0.0,0.0
2005-01-14,999654.186206339,0.0,0.0,0.0,0.0,0.0
2005-01-18,999654.186206339,0.0,0.0,0.0,0.0,0.0
2005-01-19,999654.186206339,0.0,0.0,0.0,0.0,0.0
2005-01-20,999654.186206339,0.0,0.0,0.0,0.0,0.0
2005-01-21,999654.186206339,0.0,0.0,0.0,0.0,0.0
2005-01-24,999654.186206339,0.0,0.0,0.0,0.0,0.0
2005-01-25,999654.186206339,0.0,0.0,0.0,0.0,0.0
2005-01-26,999654.186206339,0.0,0.0,0.0,0.0,0.0
2005-01-27,999654.186206339,0.0,0.0,0.0,0.0,0.0
2005-01-28,999654.186206339,0.0,0.0,0.0,0.0,0.0
2005-01-31,999654.186206339,0.0,0.0,0.0,0.0,0.0
2005-02-01,999654.186206339,0.0,0.0,0.0,0.0,0.0
2005-02-02,999654.186206339,0.0,0.0,0.0,0.0,0.0
2005-02-03,999654.186206339,0.0,0.0,0.0,0.0,0.0
2005-02-04,999654.186206339,0.0,0.0,0.0,0.0,0.0
2005-02-07,999654.186206339,0.0,0.0,0.0,0.0,0.0
2005-02-08,999654.186206339,0.0,0.0,0.0,0.0,0.0
2005-02-09,999654.186206339,0.0,0.0,0.0,0.0,0.0
2005-02-10,999654.186206339,0.0,0.0,0.0,0.0,0.0
2005-02-11,999654.186206339,0.0,0.0,0.0,0.0,0.0
2005-02-14,999654.186206339,0.0,0.0,0.0,0.0,0.0
2005-02-15,999654.186206339,0.0,0.0,0.0,0.0,0.0
2005-02-16,999654.186206339,0.0,0.0,0.0,0.0,0.0
2005-02-17,999654.186206339,0.0,0.0,0.0,0.0,0.0
2005-02-18,999654.186206339,0.0,0.0,0.0,0.0,0.0
2005-02-22,999654.186206339,0.0,0.0,0.0,0.0,0.0
2005-02-23,999654.186206339,0.0,0.0,0.0,0.0,0.0
2005-02-24,999654.186206339,0.0,0.0,0.0,0.0,0.0
2005-02-25,999654.186206339,0.0,0.0,0.0,0.0,0.0
2005-02-28,999654.186206339,0.0,0.0,0.0,0.0,0.0
2005-03-01,999654.186206339,0.0,0.0,0.0,0.0,0.0
2005-03-02,999654.186206339,0.0,0.0,0.0,0.0,0.0
2005-03-03,999654.186206339,0.0,0.0,0.0,0.0,0.0
2005-03-04,999654.186206339,0.0,0.0,0.0,0.0,0.0
2005-03-07,999654.186206339,0.0,0.0,0.0,0.0,0.0
2005-03-08,999654.186206339,0.0,0.0,0.0,0.0,0.0
2005-03-09,999654.186206339,0.0,0.0,0.0,0.0,0.0
2005-03-10,999654.186206339,0.0,0.0,0.0,0.0,0.0
2005-03-11,999654.186206339,0.0,0.0,0.0,0.0,0.0
2005-03-14,999654.186206339,0.0,0.0,0.0,0.0,0.0
2005-03-15,999654.186206339,0.0,0.0,0.0,0.0,0.0
2005-03-16,999654.186206339,0.0,0.0,0.0,0.0,0.0
2005-03-17,999654.186206339,0.0,0.0,0.0,0.0,0.0
2005-03-18,999654.186206339,0.0,0.0,0.0,0.0,0.0
2005-03-21,999654.186206339,0.0,0.0,0.0,0.0,0.0
2005-03-22,999654.186206339,0.0,0.0,0.0,0.0,0.0
2005-03-23,999654.186206339,0.0,0.0,0.0,0.0,0.0
2005-03-24,999654.186206339,0.0,0.0,0.0,0.0,0.0
2005-03-28,999654.186206339,0.0,0.0,0.0,0.0,0.0
2005-03-29,999654.186206339,0.0,0.0,0.0,0.0,0.0
2005-03-30,999654.186206339,0.0,0.0,0.0,0.0,0.0
2005-03-31,999654.186206339,0.0,0.0,0.0,0.0,0.0
2005-04-01,999654.186206339,0.0,0.0,0.0,0.0,0.0
2005-04-04,999654.186206339,0.0,0.0,0.0,0.0,0.0
2005-04-05,999654.186206339,0.0,0.0,0.0,0.0,0.0
2005-04-06,999654.186206339,0.0,0.0,0.0,0.0,0.0
2005-04-07,999654.186206339,0.0,0.0,0.0,0.0,0.0
2005-04-08,999654.186206339,0.0,0.0,0.0,0.0,0.0
2005-04-11,999654.186206339,0.0,0.0,0.0,0.0,0.0
2005-04-12,999654.186206339,0.0,0.0,0.0,0.0,0.0
2005-04-13,999654.186206339,0.0,0.0,0.0,0.0,0.0
2005-04-14,999654.186206339,0.0,0.0,0.0,0.0,0.0
2005-04-15,999654.186206339,0.0,0.0,0.0,0.0,0.0
2005-04-18,999654.186206339,0.0,0.0,0.0,0.0,0.0
2005-04-19,999654.186206339,0.0,0.0,0.0,0.0,0.0
2005-04-20,999654.186206339,0.0,0.0,0.0,0.0,0.0
2005-04-21,999654.186206339,0.0,0.0,0.0,0.0,0.0
2005-04-22,999654.186206339,0.0,0.0,0.0,0.0,0.0
2005-04-25,999654.186206339,0.0,0.0,0.0,0.0,0.0
2005-04-26,999654.186206339,0.0,0.0,0.0,0.0,0.0
2005-04-27,999654.186206339,0.0,0.0,0.0,0.0,0.0
2005-04-28,999654.186206339,0.0,0.0,0.0,0.0,0.0
2005-04-29,999654.186206339,0.0,0.0,0.0,0.0,0.0
2005-05-02,999654.186206339,0.0,0.0,0.0,0.0,0.0
2005-05-03,999654.186206339,0.0,0.0,0.0,0.0,0.0
2005-05-04,999654.186206339,0.0,0.0,0.0,0.0,0.0
2005-05-05,999654.186206339,0.0,0.0,0.0,0.0,0.0
2005-05-06,999654.186206339,0.0,0.0,0.0,0.0,0.0
2005-05-09,999654.186206339,0.0,0.0,0.0,0.0,0.0
2005-05-10,999654.186206339,0.0,0.0,0.0,0.0,0.0
2005-05-11,999654.186206339,0.0,0.0,0.0,0.0,0.0
2005-05-12,999654.186206339,0.0,0.0,0.0,0.0,0.0
2005-05-13,999654.186206339,0.0,0.0,0.0,0.0,0.0
2005-05-16,999654.186206339,0.0,0.0,0.0,0.0,0.0
2005-05-17,999654.186206339,0.0,0.0,0.0,0.0,0.0
2005-05-18,999654.186206339,0.0,0.0,0.0,0.0,0.0
2005-05-19,999654.186206339,0.0,0.0,0.0,0.0,0.0
2005-05-20,999654.186206339,0.0,0.0,0.0,0.0,0.0
2005-05-23,999654.186206339,0.0,0.0,0.0,0.0,0.0
2005-05-24,999654.186206339,0.0,0.0,0.0,0.0,0.0
2005-05-25,999654.186206339,0.0,0.0,0.0,0.0,0.0
2005-05-26,999654.186206339,0.0,0.0,0.0,0.0,0.0
2005-05-27,999654.186206339,0.0,0.0,0.0,0.0,0.0
2005-05-31,999654.186206339,0.0,0.0,0.0,0.0,0.0
2005-06-01,999154.3591132358,0.0,499.82709310316955,-0.0005,1.904050433060476,0.5
2005-06-02,986942.8775261168,-12211.48158711908,0.0,-0.012074247612182376,1.668784088270259,0.5
2005-06-03,991925.5734298575,4982.69590374068,0.0,0.005074234166510055,1.360082075957826,0.5
2005-06-06,992769.8669853241,1836.2191288964411,991.9255734298575,0.0008527448071216617,-0.048981821503496684,-0.5
2005-06-07,994967.0706747051,2197.2036893810196,0.0,0.0022181146025878,-0.6408259384540506,-0.5
2005-06-08,1000312.3920992265,5345.321424521387,0.0,0.005401378282734215,-1.2045822278651308,-0.5
2005-06-09,996003.930485316,-4308.461613910526,0.0,-0.004288644415439119,-1.5494805808381316,-0.5
2005-06-10,1001181.819466673,5177.888981357009,0.0,0.005225830533781262,-1.9640611452988588,-0.5
2005-06-13,990474.9970070856,-10706.822459587309,0.0,-0.010581028401707814,-2.8171099319569644,-0.5
2005-06-14,983743.2602529963,-6731.736754089303,0.0,-0.006750592957489509,-2.7686886547816396,-0.5
2005-06-15,974651.0336721876,-9092.226580808774,0.0,-0.009157838031962651,-2.614573443457102,-0.5
2005-06-16,975865.0118280071,1213.9781558194506,0.0,0.0012471049349723855,-2.1976813368196444,-0.5
2005-06-17,959188.0950017212,-16188.984320371863,487.9325059140035,-0.016810493068959466,-1.7195034305446393,-0.5
2005-06-20,958708.5009542203,0.0,479.5940475008606,-0.0005,-0.6635127102438881,-0.5
2005-06-21,961140.9480980487,2432.4471438283667,0.0,0.002543666270985247,-0.4768728121756959,-0.5
2005-06-22,959997.1217402306,-1143.826357818147,0.0,-0.0011886568177958906,-0.4738840840034813,-0.5
2005-06-23,967324.1011293606,7326.979389129982,0.0,0.007690992992650829,-0.17088706884642138,-0.5
2005-06-24,953861.2021772664,-12495.574850964873,967.3241011293607,-0.013740180241455537,0.16065988040577783,0.5
2005-06-27,921354.0095823138,-32030.26199386388,476.9306010886332,-0.03297238466536712,-0.6818084397893982,-0.5
2005-06-28,921354.0095823138,0.0,0.0,0.0,0.0,0.0
2005-06-29,921354.0095823138,0.0,0.0,0.0,0.0,0.0
2005-06-30,921354.0095823138,0.0,0.0,0.0,0.0,0.0
2005-07-01,921354.0095823138,0.0,0.0,0.0,0.0,0.0
2005-07-05,921354.0095823138,0.0,0.0,0.0,0.0,0.0
2005-07-06,921354.0095823138,0.0,0.0,0.0,0.0,0.0
2005-07-07,921354.0095823138,0.0,0.0,0.0,0.0,0.0
2005-07-08,921354.0095823138,0.0,0.0,0.0,0.0,0.0
2005-07-11,921354.0095823138,0.0,0.0,0.0,0.0,0.0
2005-07-12,921354.0095823138,0.0,0.0,0.0,0.0,0.0
2005-07-13,921354.0095823138,0.0,0.0,0.0,0.0,0.0
2005-07-14,921354.0095823138,0.0,0.0,0.0,0.0,0.0
2005-07-15,921354.0095823138,0.0,0.0,0.0,0.0,0.0
2005-07-18,921354.0095823138,0.0,0.0,0.0,0.0,0.0
2005-07-19,921354.0095823138,0.0,0.0,0.0,0.0,0.0
2005-07-20,921354.0095823138,0.0,0.0,0.0,0.0,0.0
2005-07-21,921354.0095823138,0.0,0.0,0.0,0.0,0.0
2005-07-22,921354.0095823138,0.0,0.0,0.0,0.0,0.0
2005-07-25,921354.0095823138,0.0,0.0,0.0,0.0,0.0
2005-07-26,921354.0095823138,0.0,0.0,0.0,0.0,0.0
2005-07-27,920893.3325775226,0.0,460.67700479115695,-0.0005,3.0,0.5
2005-07-28,927608.6781131367,7175.792201902774,460.4466662887613,0.007349476439790575,0.0,0.0
2005-07-29,927144.8737740801,0.0,463.8043390565683,-0.0005,3.0,0.5
2005-08-01,928007.4946093742,862.6208352940827,0.0,0.0009312721177127957,3.0,0.5
2005-08-02,939383.5151599349,11376.02055056068,0.0,0.01241068070703272,3.0,0.5
2005-08-03,926099.9919216327,-13283.523238302196,0.0,-0.013943510904540577,3.0,0.5
2005-08-04,926963.8911678282,863.8992461955528,0.0,0.0009337068160597572,2.7424289516758673,0.5
2005-08-05,918160.323486346,-8803.567681482167,0.0,-0.009407858328721638,2.552075134200755,0.5
2005-08-08,919554.6444028021,1394.3209164561065,0.0,0.0015209125475285172,2.5760517555572595,0.5
2005-08-09,907372.8077055659,-12181.836697236213,0.0,-0.013074336944340681,2.6274905586011235,0.5
2005-08-10,907725.5965110502,352.7888054842791,0.0,0.00038895371450797355,2.569235123201815,0.5
2005-08-11,905962.3377765688,-1763.2587344814497,0.0,-0.0019387359441644049,2.486346033333273,0.5
2005-08-12,907375.6955578115,1413.3577812426972,0.0,0.0015625,2.4144963062328886,0.5
2005-08-15,885578.2170485833,-21343.7906614493,453.6878477789058,-0.023470465337132006,1.848669165618763,0.5
2005-08-16,885135.427940059,0.0,442.7891085242917,-0.0005,1.4323930065832255,0.5
2005-08-17,883879.6622336179,-1255.7657064411053,0.0,-0.0014167172637117994,1.2087788902566663,0.5
2005-08-18,880107.0051387183,-3772.6570948995886,0.0,-0.004250151791135398,1.1062326554470279,0.5
2005-08-19,871085.8181241762,-9021.187014542007,0.0,-0.010146103896103894,1.013224084522503,0.5
2005-08-22,878378.2904399919,7292.472315815623,0.0,0.008442380751371886,0.6281730192093604,0.5
2005-08-23,880909.6399801647,2531.349540172887,0.0,0.0028901734104046237,0.5080316329183348,0.5
2005-08-24,874959.984204613,-5949.655775551665,0.0,-0.006708680626143525,0.45285704174935265,0.5
2005-08-25,863705.3122086201,-11254.671995992947,0.0,-0.012699713232281851,0.357128265270257,0.5
2005-08-26,866648.0901037091,2942.7778950889956,0.0,0.0034188034188034192,0.3057940743273759,0.5
2005-08-29,868847.7045455967,2199.6144418875865,0.0,0.0025445292620865138,0.328856951398177,0.5
2005-08-30,873052.9859438604,4205.28139826362,0.0,0.004863607528018608,0.21182873012361492,0.5
2005-08-31,863590.9694225846,-9462.016521275686,0.0,-0.010721649484536081,0.1263535834695103,0.5
2005-09-01,869350.5729353123,6623.194482150202,863.5909694225846,0.0067209102619149854,-0.5283285415897019,-0.5
2005-09-02,874640.3687001306,5289.795764818308,0.0,0.006122018154950391,-0.45932582045939957,-0.5
2005-09-06,862564.8325987057,-12075.536101424912,0.0,-0.01361826943222292,-0.4879833067851384,-0.5
2005-09-07,869518.124965665,6953.292366959389,0.0,0.008126693061054388,-0.5564539555819292,-0.5
2005-09-08,872806.2187155352,3288.093749870162,0.0,0.0037958667229017295,-0.6220837239437887,-0.5
2005-09-09,880196.6185353112,7390.399819775912,0.0,0.008539709649871904,-0.687028740267192,-0.5
2005-09-12,884366.3699581744,4169.751422863231,0.0,0.004759844223279965,-0.8237495756201431,-0.5
2005-09-13,883597.3557234282,-769.0142347462387,0.0,-0.0008688097306689836,-0.8339957341231508,-0.5
2005-09-14,888582.9310812426,4985.575357814482,0.0,0.005674378000872981,-0.8421092872956438,-0.5
2005-09-15,889168.0383668536,585.1072856110026,0.0,0.0006589062156819678,-0.7569714291912752,-0.5
2005-09-16,887213.8228979155,-1954.2154689381398,0.0,-0.0021929824561403508,-0.6936226808188063,-0.5
2005-09-19,883525.1877480117,-3688.6351499038065,0.0,-0.004140335585094792,-0.6379365947400445,-0.5
2005-09-20,886592.9835388034,3067.795790791707,0.0,0.003484320557491289,-0.6289571467983779,-0.5
2005-09-21,882136.7688051075,-4456.214733695909,0.0,-0.0050010871928680145,-0.635534845297983,-0.5
2005-09-22,880037.3520035376,-2099.416801569923,0.0,-0.002374271530325923,-0.6598158528498111,-0.5
2005-09-23,884964.3483756504,4926.996372112829,0.0,0.005630142919012559,-0.7321478483936986,-0.5
2005-09-26,889975.0350171501,5010.686641499763,0.0,0.0056942619360490585,-0.8636752442719001,-0.5
2005-09-27,897816.224752984,7841.189735833922,0.0,0.008888888888888889,-0.8545648481715766,-0.5
2005-09-28,893588.8389413669,-4227.38581161719,0.0,-0.004686453916536488,-0.8944705282539815,-0.5
2005-09-29,895375.2226709253,1786.3837295584854,0.0,0.002003115958157133,-0.9604693579703357,-0.5
2005-09-30,885191.4277654353,-10183.794905490007,0.0,-0.011245865490628447,-0.991695087020374,-0.5
2005-10-03,885191.4277654353,0.0,0.0,0.0,0.0,0.0
2005-10-04,885191.4277654353,0.0,0.0,0.0,0.0,0.0
2005-10-05,885191.4277654353,0.0,0.0,0.0,0.0,0.0
2005-10-06,885191.4277654353,0.0,0.0,0.0,0.0,0.0
2005-10-07,885191.4277654353,0.0,0.0,0.0,0.0,0.0
2005-10-10,885191.4277654353,0.0,0.0,0.0,0.0,0.0
2005-10-11,885191.4277654353,0.0,0.0,0.0,0.0,0.0
2005-10-12,885191.4277654353,0.0,0.0,0.0,0.0,0.0
2005-10-13,885191.4277654353,0.0,0.0,0.0,0.0,0.0
2005-10-14,885191.4277654353,0.0,0.0,0.0,0.0,0.0
2005-10-17,885191.4277654353,0.0,0.0,0.0,0.0,0.0
2005-10-18,885191.4277654353,0.0,0.0,0.0,0.0,0.0
2005-10-19,885191.4277654353,0.0,0.0,0.0,0.0,0.0
2005-10-20,885191.4277654353,0.0,0.0,0.0,0.0,0.0
2005-10-21,885191.4277654353,0.0,0.0,0.0,0.0,0.0
2005-10-24,885191.4277654353,0.0,0.0,0.0,0.0,0.0
2005-10-25,885191.4277654353,0.0,0.0,0.0,0.0,0.0
2005-10-26,885191.4277654353,0.0,0.0,0.0,0.0,0.0
2005-10-27,885191.4277654353,0.0,0.0,0.0,0.0,0.0
2005-10-28,885191.4277654353,0.0,0.0,0.0,0.0,0.0
2005-10-31,885191.4277654353,0.0,0.0,0.0,0.0,0.0
2005-11-01,885191.4277654353,0.0,0.0,0.0,0.0,0.0
2005-11-02,885191.4277654353,0.0,0.0,0.0,0.0,0.0
2005-11-03,885191.4277654353,0.0,0.0,0.0,0.0,0.0
2005-11-04,885191.4277654353,0.0,0.0,0.0,0.0,0.0
2005-11-07,885191.4277654353,0.0,0.0,0.0,0.0,0.0
2005-11-08,885191.4277654353,0.0,0.0,0.0,0.0,0.0
2005-11-09,885191.4277654353,0.0,0.0,0.0,0.0,0.0
2005-11-10,885191.4277654353,0.0,0.0,0.0,0.0,0.0
2005-11-11,885191.4277654353,0.0,0.0,0.0,0.0,0.0
2005-11-14,885191.4277654353,0.0,0.0,0.0,0.0,0.0
2005-11-15,885191.4277654353,0.0,0.0,0.0,0.0,0.0
2005-11-16,885191.4277654353,0.0,0.0,0.0,0.0,0.0
2005-11-17,885191.4277654353,0.0,0.0,0.0,0.0,0.0
2005-11-18,885191.4277654353,0.0,0.0,0.0,0.0,0.0
2005-11-21,885191.4277654353,0.0,0.0,0.0,0.0,0.0
2005-11-22,885191.4277654353,0.0,0.0,0.0,0.0,0.0
2005-11-23,885191.4277654353,0.0,0.0,0.0,0.0,0.0
2005-11-24,885191.4277654353,0.0,0.0,0.0,0.0,0.0
2005-11-25,885191.4277654353,0.0,0.0,0.0,0.0,0.0
2005-11-28,885191.4277654353,0.0,0.0,0.0,0.0,0.0
2005-11-29,885191.4277654353,0.0,0.0,0.0,0.0,0.0
2005-11-30,885191.4277654353,0.0,0.0,0.0,0.0,0.0
2005-12-01,885191.4277654353,0.0,0.0,0.0,0.0,0.0
2005-12-02,885191.4277654353,0.0,0.0,0.0,0.0,0.0
2005-12-05,885191.4277654353,0.0,0.0,0.0,0.0,0.0
2005-12-06,885191.4277654353,0.0,0.0,0.0,0.0,0.0
2005-12-07,885191.4277654353,0.0,0.0,0.0,0.0,0.0
2005-12-08,885191.4277654353,0.0,0.0,0.0,0.0,0.0
2005-12-09,885191.4277654353,0.0,0.0,0.0,0.0,0.0
2005-12-12,885191.4277654353,0.0,0.0,0.0,0.0,0.0
2005-12-13,885191.4277654353,0.0,0.0,0.0,0.0,0.0
2005-12-14,885191.4277654353,0.0,0.0,0.0,0.0,0.0
2005-12-15,885191.4277654353,0.0,0.0,0.0,0.0,0.0
2005-12-16,885191.4277654353,0.0,0.0,0.0,0.0,0.0
2005-12-19,885191.4277654353,0.0,0.0,0.0,0.0,0.0
2005-12-20,885191.4277654353,0.0,0.0,0.0,0.0,0.0
2005-12-21,885191.4277654353,0.0,0.0,0.0,0.0,0.0
2005-12-22,885191.4277654353,0.0,0.0,0.0,0.0,0.0
2005-12-23,885191.4277654353,0.0,0.0,0.0,0.0,0.0
2005-12-27,885191.4277654353,0.0,0.0,0.0,0.0,0.0
2005-12-28,885191.4277654353,0.0,0.0,0.0,0.0,0.0
2005-12-29,885191.4277654353,0.0,0.0,0.0,0.0,0.0
2005-12-30,885191.4277654353,0.0,0.0,0.0,0.0,0.0
2006-01-03,885191.4277654353,0.0,0.0,0.0,0.0,0.0
2006-01-04,885191.4277654353,0.0,0.0,0.0,0.0,0.0
2006-01-05,885191.4277654353,0.0,0.0,0.0,0.0,0.0
2006-01-06,885191.4277654353,0.0,0.0,0.0,0.0,0.0
2006-01-09,885191.4277654353,0.0,0.0,0.0,0.0,0.0
2006-01-10,885191.4277654353,0.0,0.0,0.0,0.0,0.0
2006-01-11,885191.4277654353,0.0,0.0,0.0,0.0,0.0
2006-01-12,885191.4277654353,0.0,0.0,0.0,0.0,0.0
2006-01-13,885191.4277654353,0.0,0.0,0.0,0.0,0.0
2006-01-17,885191.4277654353,0.0,0.0,0.0,0.0,0.0
2006-01-18,885191.4277654353,0.0,0.0,0.0,0.0,0.0
2006-01-19,885191.4277654353,0.0,0.0,0.0,0.0,0.0
2006-01-20,885191.4277654353,0.0,0.0,0.0,0.0,0.0
2006-01-23,885191.4277654353,0.0,0.0,0.0,0.0,0.0
2006-01-24,885191.4277654353,0.0,0.0,0.0,0.0,0.0
2006-01-25,885191.4277654353,0.0,0.0,0.0,0.0,0.0
2006-01-26,885191.4277654353,0.0,0.0,0.0,0.0,0.0
2006-01-27,885191.4277654353,0.0,0.0,0.0,0.0,0.0
2006-01-30,885191.4277654353,0.0,0.0,0.0,0.0,0.0
2006-01-31,885191.4277654353,0.0,0.0,0.0,0.0,0.0
2006-02-01,885191.4277654353,0.0,0.0,0.0,0.0,0.0
2006-02-02,885191.4277654353,0.0,0.0,0.0,0.0,0.0
2006-02-03,885191.4277654353,0.0,0.0,0.0,0.0,0.0
2006-02-06,885191.4277654353,0.0,0.0,0.0,0.0,0.0
2006-02-07,885191.4277654353,0.0,0.0,0.0,0.0,0.0
2006-02-08,885191.4277654353,0.0,0.0,0.0,0.0,0.0
2006-02-09,885191.4277654353,0.0,0.0,0.0,0.0,0.0
2006-02-10,885191.4277654353,0.0,0.0,0.0,0.0,0.0
2006-02-13,885191.4277654353,0.0,0.0,0.0,0.0,0.0
2006-02-14,885191.4277654353,0.0,0.0,0.0,0.0,0.0
2006-02-15,885191.4277654353,0.0,0.0,0.0,0.0,0.0
2006-02-16,885191.4277654353,0.0,0.0,0.0,0.0,0.0
2006-02-17,885191.4277654353,0.0,0.0,0.0,0.0,0.0
2006-02-21,885191.4277654353,0.0,0.0,0.0,0.0,0.0
2006-02-22,885191.4277654353,0.0,0.0,0.0,0.0,0.0
2006-02-23,885191.4277654353,0.0,0.0,0.0,0.0,0.0
2006-02-24,885191.4277654353,0.0,0.0,0.0,0.0,0.0
2006-02-27,885191.4277654353,0.0,0.0,0.0,0.0,0.0
2006-02-28,885191.4277654353,0.0,0.0,0.0,0.0,0.0
2006-03-01,885191.4277654353,0.0,0.0,0.0,0.0,0.0
2006-03-02,885191.4277654353,0.0,0.0,0.0,0.0,0.0
2006-03-03,885191.4277654353,0.0,0.0,0.0,0.0,0.0
2006-03-06,885191.4277654353,0.0,0.0,0.0,0.0,0.0
2006-03-07,885191.4277654353,0.0,0.0,0.0,0.0,0.0
2006-03-08,885191.4277654353,0.0,0.0,0.0,0.0,0.0
2006-03-09,885191.4277654353,0.0,0.0,0.0,0.0,0.0
2006-03-10,885191.4277654353,0.0,0.0,0.0,0.0,0.0
2006-03-13,885191.4277654353,0.0,0.0,0.0,0.0,0.0
2006-03-14,885191.4277654353,0.0,0.0,0.0,0.0,0.0
2006-03-15,885191.4277654353,0.0,0.0,0.0,0.0,0.0
2006-03-16,885191.4277654353,0.0,0.0,0.0,0.0,0.0
2006-03-17,885191.4277654353,0.0,0.0,0.0,0.0,0.0
2006-03-20,885191.4277654353,0.0,0.0,0.0,0.0,0.0
2006-03-21,885191.4277654353,0.0,0.0,0.0,0.0,0.0
2006-03-22,885191.4277654353,0.0,0.0,0.0,0.0,0.0
2006-03-23,885191.4277654353,0.0,0.0,0.0,0.0,0.0
2006-03-24,885191.4277654353,0.0,0.0,0.0,0.0,0.0
2006-03-27,885191.4277654353,0.0,0.0,0.0,0.0,0.0
2006-03-28,885191.4277654353,0.0,0.0,0.0,0.0,0.0
2006-03-29,885191.4277654353,0.0,0.0,0.0,0.0,0.0
2006-03-30,885191.4277654353,0.0,0.0,0.0,0.0,0.0
2006-03-31,885191.4277654353,0.0,0.0,0.0,0.0,0.0
2006-04-03,885191.4277654353,0.0,0.0,0.0,0.0,0.0
2006-04-04,885191.4277654353,0.0,0.0,0.0,0.0,0.0
2006-04-05,885191.4277654353,0.0,0.0,0.0,0.0,0.0
2006-04-06,885191.4277654353,0.0,0.0,0.0,0.0,0.0
2006-04-07,885191.4277654353,0.0,0.0,0.0,0.0,0.0
2006-04-10,885191.4277654353,0.0,0.0,0.0,0.0,0.0
2006-04-11,885191.4277654353,0.0,0.0,0.0,0.0,0.0
2006-04-12,885191.4277654353,0.0,0.0,0.0,0.0,0.0
2006-04-13,885191.4277654353,0.0,0.0,0.0,0.0,0.0
2006-04-17,885191.4277654353,0.0,0.0,0.0,0.0,0.0
2006-04-18,885191.4277654353,0.0,0.0,0.0,0.0,0.0
2006-04-19,885191.4277654353,0.0,0.0,0.0,0.0,0.0
2006-04-20,885191.4277654353,0.0,0.0,0.0,0.0,0.0
2006-04-21,885191.4277654353,0.0,0.0,0.0,0.0,0.0
2006-04-24,885191.4277654353,0.0,0.0,0.0,0.0,0.0
2006-04-25,885191.4277654353,0.0,0.0,0.0,0.0,0.0
2006-04-26,885191.4277654353,0.0,0.0,0.0,0.0,0.0
2006-04-27,885191.4277654353,0.0,0.0,0.0,0.0,0.0
2006-04-28,885191.4277654353,0.0,0.0,0.0,0.0,0.0
2006-05-01,885191.4277654353,0.0,0.0,0.0,0.0,0.0
2006-05-02,885191.4277654353,0.0,0.0,0.0,0.0,0.0
2006-05-03,885191.4277654353,0.0,0.0,0.0,0.0,0.0
2006-05-04,885191.4277654353,0.0,0.0,0.0,0.0,0.0
2006-05-05,885191.4277654353,0.0,0.0,0.0,0.0,0.0
2006-05-08,885191.4277654353,0.0,0.0,0.0,0.0,0.0
2006-05-09,885191.4277654353,0.0,0.0,0.0,0.0,0.0
2006-05-10,885191.4277654353,0.0,0.0,0.0,0.0,0.0
2006-05-11,885191.4277654353,0.0,0.0,0.0,0.0,0.0
2006-05-12,885191.4277654353,0.0,0.0,0.0,0.0,0.0
2006-05-15,885191.4277654353,0.0,0.0,0.0,0.0,0.0
2006-05-16,885191.4277654353,0.0,0.0,0.0,0.0,0.0
2006-05-17,885191.4277654353,0.0,0.0,0.0,0.0,0.0
2006-05-18,885191.4277654353,0.0,0.0,0.0,0.0,0.0
2006-05-19,885191.4277654353,0.0,0.0,0.0,0.0,0.0
2006-05-22,885191.4277654353,0.0,0.0,0.0,0.0,0.0
2006-05-23,885191.4277654353,0.0,0.0,0.0,0.0,0.0
2006-05-24,885191.4277654353,0.0,0.0,0.0,0.0,0.0
2006-05-25,885191.4277654353,0.0,0.0,0.0,0.0,0.0
2006-05-26,885191.4277654353,0.0,0.0,0.0,0.0,0.0
2006-05-30,885191.4277654353,0.0,0.0,0.0,0.0,0.0
2006-05-31,885191.4277654353,0.0,0.0,0.0,0.0,0.0
2006-06-01,884748.8320515526,0.0,442.5957138827177,-0.0005,-0.7081643058126385,-0.5
2006-06-02,867973.6624621644,-16775.169589388195,0.0,-0.018607568471670503,-0.6400982152052064,-0.5
2006-06-05,872071.2392759225,4097.576813758165,0.0,0.004743246030109301,-0.44944825441663727,-0.5
2006-06-06,879118.6446492671,7047.405373344587,0.0,0.008147064967620639,-0.43284161770257323,-0.5
2006-06-07,876526.4666743113,-2592.177974955716,0.0,-0.0029399412011759762,-0.4547630258637345,-0.5
2006-06-08,883316.9774085972,6790.510734285913,0.0,0.007807554336357882,-0.4483237232027942,-0.5
2006-06-09,884819.8561451496,1502.878736552271,0.0,0.001704303365999148,-0.5109363044104669,-0.5
2006-06-12,874057.0025812841,-10762.853563865456,0.0,-0.012017710309930424,-0.5663759699964269,-0.5
2006-06-13,877152.6211320929,3095.6185508087146,0.0,0.003554254651892118,-0.4785422924862761,-0.5
2006-06-14,881753.7154519213,4601.094319828435,0.0,0.005273149124657245,-0.3764173094769464,-0.5
2006-06-15,879510.0673210004,-2243.64813092092,0.0,-0.002538071065989848,-0.3212315102368501,-0.5
2006-06-16,873757.9972604621,-5752.070060538188,0.0,-0.006497589603856633,-0.38295200373621807,-0.5
2006-06-19,885221.294600614,11463.297340151836,0.0,0.013293943870014771,-0.6273218276900163,-0.5
2006-06-20,884653.3596382954,-567.9349623186147,0.0,-0.0006411626415900834,-0.6464610890234526,-0.5
2006-06-21,883897.5686433032,-755.7909949921361,0.0,-0.0008536064874093042,-0.652675724886511,-0.5
2006-06-22,886347.6045478582,2450.0359045549985,0.0,0.0027795595467179817,-0.6896791826317058,-0.5
2006-06-23,888248.0067874548,1900.4022395966088,0.0,0.0021486892995272885,-0.6581998390010279,-0.5
2006-06-26,896663.7932428054,8415.786455350562,0.0,0.009565217391304347,-0.7557114045765515,-0.5
2006-06-27,889972.2723977099,-6691.520845095562,0.0,-0.007407407407407408,-0.8663887756020727,-0.5
2006-06-28,889587.3362937317,-384.93610397824824,0.0,-0.000432338953739732,-0.8922303890724419,-0.5
2006-06-29,887088.4954614459,-2498.840832285763,0.0,-0.0028011204481792713,-0.8474238839852455,-0.5
2006-06-30,877176.8921602006,-9911.603301245206,0.0,-0.011049723756906077,-0.8273977282213071,-0.5
2006-07-03,872199.2174884215,-4977.674671779197,0.0,-0.005642633228840126,-0.9188417287322924,-0.5
2006-07-05,877274.358404813,5075.1409163914805,0.0,0.005852842809364549,-1.011270019671896,-0.5
2006-07-06,866944.8033016445,-10329.55510316853,0.0,-0.011637572734829594,-1.015622421309067,-0.5
2006-07-07,871575.1576331652,4630.354331520698,0.0,0.0053696819496076,-1.0124777042744755,-0.5
2006-07-10,870851.2580005795,-723.8996325856855,0.0,-0.0008298755186721993,-1.0905860960933498,-0.5
2006-07-11,867962.8624516556,-2888.395548923979,0.0,-0.0033057851239669425,-1.1861480264338642,-0.5
2006-07-12,870822.7071384814,2859.8446868258834,0.0,0.0033057851239669425,-1.3695352492779818,-0.5
2006-07-13,874794.1208111694,3971.4136726879337,0.0,0.004581424406497293,-1.5732558723941323,-0.5
2006-07-14,871499.9170089515,-3294.2038022177926,0.0,-0.0037515631513130466,-1.9197652091292994,-0.5
2006-07-17,880185.9626934262,8686.045684474599,0.0,0.010067114093959731,-2.6304554243299223,-0.5
2006-07-18,880931.8830007935,745.9203073673103,0.0,0.0008481764206955047,-2.4480386073587512,-0.5
2006-07-19,883362.2977883593,2430.4147875658564,0.0,0.0027665460736326876,-2.3231113481809014,-0.5
2006-07-20,884493.3634705468,1131.0656821874,0.0,0.001282051282051282,-2.184813172690583,-0.5
2006-07-21,889981.2341467654,5487.870676218626,0.0,0.006243272335844994,-2.0250885008743964,-0.5
2006-07-24,885161.145140338,-4820.089006427456,0.0,-0.005386770092652446,-1.1840176648652645,-0.5
2006-07-25,883643.5092292529,-1517.63591108502,0.0,-0.0017115960633290541,-1.2243525724122817,-0.5
2006-07-26,886285.7580821384,2642.248852885421,0.0,0.0029991431019708655,-1.1510669224099743,-0.5
2006-07-27,892189.2515287534,5903.493446615017,0.0,0.006705602422669263,-1.2964857358589958,-0.5
2006-07-28,890246.330684832,-1942.9208439215013,0.0,-0.0021729682746631897,-1.2621025979076026,-0.5
2006-07-31,887929.9915763718,-2316.3391084601003,0.0,-0.0025951557093425604,-2.0707709197180426,-0.5
2006-08-01,892526.6955879838,4596.704011611933,0.0,0.005203816131830009,-1.9652763690777995,-0.5
2006-08-02,886107.0397565968,-6419.655831386981,0.0,-0.00714131140445791,-2.007338242932941,-0.5
2006-08-03,890486.1678000867,4379.128043489843,0.0,0.004966529907147485,-1.778882894446269,-0.5
2006-08-04,889326.6806024302,-1159.4871976563627,0.0,-0.0013003901170351103,-1.4443381889306732,-0.5
2006-08-07,900298.8928955771,10972.212293146868,0.0,0.012491781722550955,-0.4722879366074229,-0.5
2006-08-08,904894.2933697446,4595.400474167393,0.0,0.005130492973455276,-0.3489812360278653,-0.5
2006-08-09,901242.2536207187,-3652.039749025875,0.0,-0.00401965163019205,-0.27128471163622053,-0.5
2006-08-10,905251.338378818,4009.084758099283,0.0,0.004468275245755139,-0.3145476548175465,-0.5
2006-08-11,910127.0188368727,4875.680458054675,0.0,0.005415162454873646,-0.463993889734126,-0.5
2006-08-14,911159.3770705805,1032.3582337078865,0.0,0.0011355893708834886,-0.5539668745343282,-0.5
2006-08-15,905565.6291895197,-5593.747881060863,0.0,-0.006101694915254238,-0.5170830468986797,-0.5
2006-08-16,909023.5392740259,3457.910084506252,0.0,0.0038331454340473506,-0.44079616160642243,-0.5
2006-08-17,909640.8028815003,617.2636074744405,0.0,0.000679501698754247,-0.4524747661540379,-0.5
2006-08-18,913351.9394299743,3711.1365484739363,0.0,0.0040964952207555765,-0.5063123601565664,-0.5
2006-08-21,912308.3471774263,-1043.5922525479598,0.0,-0.0011412919424788862,-0.2078808606009744,-0.5
2006-08-22,911476.328620949,-832.018556477361,0.0,-0.0009111617312072893,-0.17982873344358485,-0.5
2006-08-23,908987.0896715972,-2489.238949351704,0.0,-0.0027235587834770767,-0.08521889645409444,-0.5
2006-08-24,909604.3285283231,617.238856725847,0.0,0.000679501698754247,-0.048477859040560206,-0.5
2006-08-25,916613.9720391941,7009.64351087103,0.0,0.007766103243490178,-0.011394085658776485,-0.5
2006-08-28,921045.1169316487,4431.144892454668,0.0,0.004857737682165163,-0.39805143854002034,-0.5
2006-08-29,921687.4078081701,642.2908765213729,0.0,0.0006978367062107466,-0.5402069764827998,-0.5
2006-08-30,917396.4980883928,-4290.909719777328,0.0,-0.0046339202965708995,-0.6116038820063907,-0.5
2006-08-31,917184.9214052543,-211.57668313846696,0.0,-0.0002305741295826608,-0.6010728598153264,-0.5
2006-09-01,920356.3768734606,3171.4554682062735,0.0,0.003469812630117974,-0.8758793474922886,-0.5
2006-09-05,918006.348984508,-2350.0278889526617,0.0,-0.002546885853206761,-0.38365507824217143,-0.5
2006-09-06,924154.6594049585,6148.310420450515,0.0,0.006742617995814927,-0.19524819445170485,-0.5
2006-09-07,920260.749323196,-3893.9100817624653,0.0,-0.004195804195804196,-0.07900258319447312,-0.5
2006-09-08,920622.1887818439,1281.700207971025,920.260749323196,0.0003933054393305439,0.13073531292955168,0.5
2006-09-11,915875.9270879099,-4285.950599543035,460.31109439092194,-0.005131603336422615,0.2062372065587427,0.5
2006-09-12,915417.989124366,0.0,457.93796354395494,-0.0005,0.28023065164402167,0.5
2006-09-13,917805.2811775589,2387.2920531929885,0.0,0.002614689802709769,0.33411450068238624,0.5
2006-09-14,919536.9892552524,1731.7080776935074,0.0,0.001890359168241966,0.5124589201573774,0.5
2006-09-15,934877.0095177343,15340.02026248189,0.0,0.01696535244922342,0.7676753835275117,0.5
2006-09-18,937640.4022243578,2763.3927066235897,0.0,0.002964652223489168,1.1262031569500157,0.5
2006-09-19,930222.3610675195,-7418.041156838274,0.0,-0.007849293563579277,1.2497031350244951,0.5
2006-09-20,934495.3163319547,4272.9552644350915,0.0,0.0046146746654360865,1.2660536558246116,0.5
2006-09-21,941938.9522153453,7443.635883390627,0.0,0.008029364533149806,1.2776782838719567,0.5
2006-09-22,934553.6781724383,-7385.274042907053,0.0,-0.007779506557012669,1.1882012855705524,0.5
2006-09-25,930937.9720893861,-3615.706083052219,0.0,-0.003854001360235774,1.668729651526644,0.5
2006-09-26,932432.5972739332,1494.6251845471795,0.0,0.0016080863772111188,1.8260384878832439,0.5
2006-09-27,928808.6022685247,-3623.99500540852,0.0,-0.0038715554543384194,1.91092387385399,0.5
2006-09-28,937583.0614143794,8774.459145854726,0.0,0.00953710165154687,1.8596340468835548,0.5
2006-09-29,933130.4959938227,-4452.565420556754,0.0,-0.004726536124240378,1.752168027486709,0.5
2006-10-02,933130.4959938227,0.0,0.0,0.0,0.0,0.0
2006-10-03,933130.4959938227,0.0,0.0,0.0,0.0,0.0
2006-10-04,933130.4959938227,0.0,0.0,0.0,0.0,0.0
2006-10-05,933130.4959938227,0.0,0.0,0.0,0.0,0.0
2006-10-06,933130.4959938227,0.0,0.0,0.0,0.0,0.0
2006-10-09,933130.4959938227,0.0,0.0,0.0,0.0,0.0
2006-10-10,933130.4959938227,0.0,0.0,0.0,0.0,0.0
2006-10-11,933130.4959938227,0.0,0.0,0.0,0.0,0.0
2006-10-12,933130.4959938227,0.0,0.0,0.0,0.0,0.0
2006-10-13,933130.4959938227,0.0,0.0,0.0,0.0,0.0
2006-10-16,933130.4959938227,0.0,0.0,0.0,0.0,0.0
2006-10-17,933130.4959938227,0.0,0.0,0.0,0.0,0.0
2006-10-18,933130.4959938227,0.0,0.0,0.0,0.0,0.0
2006-10-19,933130.4959938227,0.0,0.0,0.0,0.0,0.0
2006-10-20,933130.4959938227,0.0,0.0,0.0,0.0,0.0
2006-10-23,933130.4959938227,0.0,0.0,0.0,0.0,0.0
2006-10-24,933130.4959938227,0.0,0.0,0.0,0.0,0.0
2006-10-25,933130.4959938227,0.0,0.0,0.0,0.0,0.0
2006-10-26,933130.4959938227,0.0,0.0,0.0,0.0,0.0
2006-10-27,933130.4959938227,0.0,0.0,0.0,0.0,0.0
2006-10-30,933130.4959938227,0.0,0.0,0.0,0.0,0.0
2006-10-31,933130.4959938227,0.0,0.0,0.0,0.0,0.0
2006-11-01,933130.4959938227,0.0,0.0,0.0,0.0,0.0
2006-11-02,933130.4959938227,0.0,0.0,0.0,0.0,0.0
2006-11-03,933130.4959938227,0.0,0.0,0.0,0.0,0.0
2006-11-06,933130.4959938227,0.0,0.0,0.0,0.0,0.0
2006-11-07,933130.4959938227,0.0,0.0,0.0,0.0,0.0
2006-11-08,933130.4959938227,0.0,0.0,0.0,0.0,0.0
2006-11-09,933130.4959938227,0.0,0.0,0.0,0.0,0.0
2006-11-10,933130.4959938227,0.0,0.0,0.0,0.0,0.0
2006-11-13,933130.4959938227,0.0,0.0,0.0,0.0,0.0
2006-11-14,933130.4959938227,0.0,0.0,0.0,0.0,0.0
2006-11-15,933130.4959938227,0.0,0.0,0.0,0.0,0.0
2006-11-16,933130.4959938227,0.0,0.0,0.0,0.0,0.0
2006-11-17,933130.4959938227,0.0,0.0,0.0,0.0,0.0
2006-11-20,933130.4959938227,0.0,0.0,0.0,0.0,0.0
2006-11-21,933130.4959938227,0.0,0.0,0.0,0.0,0.0
2006-11-22,933130.4959938227,0.0,0.0,0.0,0.0,0.0
2006-11-23,933130.4959938227,0.0,0.0,0.0,0.0,0.0
2006-11-24,933130.4959938227,0.0,0.0,0.0,0.0,0.0
2006-11-27,933130.4959938227,0.0,0.0,0.0,0.0,0.0
2006-11-28,933130.4959938227,0.0,0.0,0.0,0.0,0.0
2006-11-29,933130.4959938227,0.0,0.0,0.0,0.0,0.0
2006-11-30,933130.4959938227,0.0,0.0,0.0,0.0,0.0
2006-12-01,933130.4959938227,0.0,0.0,0.0,0.0,0.0
2006-12-04,933130.4959938227,0.0,0.0,0.0,0.0,0.0
2006-12-05,933130.4959938227,0.0,0.0,0.0,0.0,0.0
2006-12-06,933130.4959938227,0.0,0.0,0.0,0.0,0.0
2006-12-07,933130.4959938227,0.0,0.0,0.0,0.0,0.0
2006-12-08,933130.4959938227,0.0,0.0,0.0,0.0,0.0
2006-12-11,933130.4959938227,0.0,0.0,0.0,0.0,0.0
2006-12-12,933130.4959938227,0.0,0.0,0.0,0.0,0.0
2006-12-13,933130.4959938227,0.0,0.0,0.0,0.0,0.0
2006-12-14,933130.4959938227,0.0,0.0,0.0,0.0,0.0
2006-12-15,933130.4959938227,0.0,0.0,0.0,0.0,0.0
2006-12-18,933130.4959938227,0.0,0.0,0.0,0.0,0.0
2006-12-19,933130.4959938227,0.0,0.0,0.0,0.0,0.0
2006-12-20,933130.4959938227,0.0,0.0,0.0,0.0,0.0
2006-12-21,933130.4959938227,0.0,0.0,0.0,0.0,0.0
2006-12-22,933130.4959938227,0.0,0.0,0.0,0.0,0.0
2006-12-26,933130.4959938227,0.0,0.0,0.0,0.0,0.0
2006-12-27,933130.4959938227,0.0,0.0,0.0,0.0,0.0
2006-12-28,933130.4959938227,0.0,0.0,0.0,0.0,0.0
2006-12-29,933130.4959938227,0.0,0.0,0.0,0.0,0.0
2007-01-03,933130.4959938227,0.0,0.0,0.0,0.0,0.0
2007-01-04,933130.4959938227,0.0,0.0,0.0,0.0,0.0
2007-01-05,933130.4959938227,0.0,0.0,0.0,0.0,0.0
2007-01-08,933130.4959938227,0.0,0.0,0.0,0.0,0.0
2007-01-09,933130.4959938227,0.0,0.0,0.0,0.0,0.0
2007-01-10,933130.4959938227,0.0,0.0,0.0,0.0,0.0
2007-01-11,933130.4959938227,0.0,0.0,0.0,0.0,0.0
2007-01-12,933130.4959938227,0.0,0.0,0.0,0.0,0.0
2007-01-16,933130.4959938227,0.0,0.0,0.0,0.0,0.0
2007-01-17,933130.4959938227,0.0,0.0,0.0,0.0,0.0
2007-01-18,933130.4959938227,0.0,0.0,0.0,0.0,0.0
2007-01-19,933130.4959938227,0.0,0.0,0.0,0.0,0.0
2007-01-22,933130.4959938227,0.0,0.0,0.0,0.0,0.0
2007-01-23,933130.4959938227,0.0,0.0,0.0,0.0,0.0
2007-01-24,933130.4959938227,0.0,0.0,0.0,0.0,0.0
2007-01-25,933130.4959938227,0.0,0.0,0.0,0.0,0.0
2007-01-26,933130.4959938227,0.0,0.0,0.0,0.0,0.0
2007-01-29,933130.4959938227,0.0,0.0,0.0,0.0,0.0
2007-01-30,933130.4959938227,0.0,0.0,0.0,0.0,0.0
2007-01-31,933130.4959938227,0.0,0.0,0.0,0.0,0.0
2007-02-01,933130.4959938227,0.0,0.0,0.0,0.0,0.0
2007-02-02,933130.4959938227,0.0,0.0,0.0,0.0,0.0
2007-02-05,933130.4959938227,0.0,0.0,0.0,0.0,0.0
2007-02-06,933130.4959938227,0.0,0.0,0.0,0.0,0.0
2007-02-07,933130.4959938227,0.0,0.0,0.0,0.0,0.0
2007-02-08,933130.4959938227,0.0,0.0,0.0,0.0,0.0
2007-02-09,933130.4959938227,0.0,0.0,0.0,0.0,0.0
2007-02-12,933130.4959938227,0.0,0.0,0.0,0.0,0.0
2007-02-13,933130.4959938227,0.0,0.0,0.0,0.0,0.0
2007-02-14,933130.4959938227,0.0,0.0,0.0,0.0,0.0
2007-02-15,933130.4959938227,0.0,0.0,0.0,0.0,0.0
2007-02-16,933130.4959938227,0.0,0.0,0.0,0.0,0.0
2007-02-20,933130.4959938227,0.0,0.0,0.0,0.0,0.0
2007-02-21,933130.4959938227,0.0,0.0,0.0,0.0,0.0
2007-02-22,933130.4959938227,0.0,0.0,0.0,0.0,0.0
2007-02-23,933130.4959938227,0.0,0.0,0.0,0.0,0.0
2007-02-26,933130.4959938227,0.0,0.0,0.0,0.0,0.0
2007-02-27,933130.4959938227,0.0,0.0,0.0,0.0,0.0
2007-02-28,933130.4959938227,0.0,0.0,0.0,0.0,0.0
2007-03-01,933130.4959938227,0.0,0.0,0.0,0.0,0.0
2007-03-02,933130.4959938227,0.0,0.0,0.0,0.0,0.0
2007-03-05,933130.4959938227,0.0,0.0,0.0,0.0,0.0
2007-03-06,933130.4959938227,0.0,0.0,0.0,0.0,0.0
2007-03-07,933130.4959938227,0.0,0.0,0.0,0.0,0.0
2007-03-08,933130.4959938227,0.0,0.0,0.0,0.0,0.0
2007-03-09,933130.4959938227,0.0,0.0,0.0,0.0,0.0
2007-03-12,933130.4959938227,0.0,0.0,0.0,0.0,0.0
2007-03-13,933130.4959938227,0.0,0.0,0.0,0.0,0.0
2007-03-14,933130.4959938227,0.0,0.0,0.0,0.0,0.0
2007-03-15,933130.4959938227,0.0,0.0,0.0,0.0,0.0
2007-03-16,933130.4959938227,0.0,0.0,0.0,0.0,0.0
2007-03-19,933130.4959938227,0.0,0.0,0.0,0.0,0.0
2007-03-20,933130.4959938227,0.0,0.0,0.0,0.0,0.0
2007-03-21,933130.4959938227,0.0,0.0,0.0,0.0,0.0
2007-03-22,933130.4959938227,0.0,0.0,0.0,0.0,0.0
2007-03-23,933130.4959938227,0.0,0.0,0.0,0.0,0.0
2007-03-26,933130.4959938227,0.0,0.0,0.0,0.0,0.0
2007-03-27,933130.4959938227,0.0,0.0,0.0,0.0,0.0
2007-03-28,933130.4959938227,0.0,0.0,0.0,0.0,0.0
2007-03-29,933130.4959938227,0.0,0.0,0.0,0.0,0.0
2007-03-30,933130.4959938227,0.0,0.0,0.0,0.0,0.0
2007-04-02,933130.4959938227,0.0,0.0,0.0,0.0,0.0
2007-04-03,933130.4959938227,0.0,0.0,0.0,0.0,0.0
2007-04-04,933130.4959938227,0.0,0.0,0.0,0.0,0.0
2007-04-05,933130.4959938227,0.0,0.0,0.0,0.0,0.0
2007-04-09,933130.4959938227,0.0,0.0,0.0,0.0,0.0
2007-04-10,933130.4959938227,0.0,0.0,0.0,0.0,0.0
2007-04-11,933130.4959938227,0.0,0.0,0.0,0.0,0.0
2007-04-12,933130.4959938227,0.0,0.0,0.0,0.0,0.0
2007-04-13,933130.4959938227,0.0,0.0,0.0,0.0,0.0
2007-04-16,933130.4959938227,0.0,0.0,0.0,0.0,0.0
2007-04-17,933130.4959938227,0.0,0.0,0.0,0.0,0.0
2007-04-18,933130.4959938227,0.0,0.0,0.0,0.0,0.0
2007-04-19,933130.4959938227,0.0,0.0,0.0,0.0,0.0
2007-04-20,933130.4959938227,0.0,0.0,0.0,0.0,0.0
2007-04-23,933130.4959938227,0.0,0.0,0.0,0.0,0.0
2007-04-24,933130.4959938227,0.0,0.0,0.0,0.0,0.0
2007-04-25,933130.4959938227,0.0,0.0,0.0,0.0,0.0
2007-04-26,933130.4959938227,0.0,0.0,0.0,0.0,0.0
2007-04-27,933130.4959938227,0.0,0.0,0.0,0.0,0.0
2007-04-30,933130.4959938227,0.0,0.0,0.0,0.0,0.0
2007-05-01,933130.4959938227,0.0,0.0,0.0,0.0,0.0
2007-05-02,933130.4959938227,0.0,0.0,0.0,0.0,0.0
2007-05-03,933130.4959938227,0.0,0.0,0.0,0.0,0.0
2007-05-04,933130.4959938227,0.0,0.0,0.0,0.0,0.0
2007-05-07,933130.4959938227,0.0,0.0,0.0,0.0,0.0
2007-05-08,933130.4959938227,0.0,0.0,0.0,0.0,0.0
2007-05-09,933130.4959938227,0.0,0.0,0.0,0.0,0.0
2007-05-10,933130.4959938227,0.0,0.0,0.0,0.0,0.0
2007-05-11,933130.4959938227,0.0,0.0,0.0,0.0,0.0
2007-05-14,933130.4959938227,0.0,0.0,0.0,0.0,0.0
2007-05-15,933130.4959938227,0.0,0.0,0.0,0.0,0.0
2007-05-16,933130.4959938227,0.0,0.0,0.0,0.0,0.0
2007-05-17,933130.4959938227,0.0,0.0,0.0,0.0,0.0
2007-05-18,933130.4959938227,0.0,0.0,0.0,0.0,0.0
2007-05-21,933130.4959938227,0.0,0.0,0.0,0.0,0.0
2007-05-22,933130.4959938227,0.0,0.0,0.0,0.0,0.0
2007-05-23,933130.4959938227,0.0,0.0,0.0,0.0,0.0
2007-05-24,933130.4959938227,0.0,0.0,0.0,0.0,0.0
2007-05-25,933130.4959938227,0.0,0.0,0.0,0.0,0.0
2007-05-29,933130.4959938227,0.0,0.0,0.0,0.0,0.0
2007-05-30,933130.4959938227,0.0,0.0,0.0,0.0,0.0
2007-05-31,933130.4959938227,0.0,0.0,0.0,0.0,0.0
2007-06-01,932663.9307458258,0.0,466.56524799691135,-0.0005,1.2604460536287692,0.5
2007-06-04,931665.6665997675,-998.2641460582232,0.0,-0.0010691919963341989,1.180129358835326,0.5
2007-06-05,938803.7731474213,7138.106547653751,0.0,0.0077208153180975915,1.2216313951618112,0.5
2007-06-06,935403.3369029997,-3400.436244421689,0.0,-0.0036090225563909775,1.3732203926753348,0.5
2007-06-07,940949.2064893811,5545.869586381421,0.0,0.005964214711729623,1.518635408920882,0.5
2007-06-08,935011.7265205479,-5937.479968833234,0.0,-0.006270528515974917,1.6153516421222498,0.5
2007-06-11,939848.9752578727,4837.248737324806,0.0,0.005200367084735392,1.1602672324051282,0.5
2007-06-12,937867.3659726904,-1981.6092851822618,0.0,-0.0021039975954313195,1.1685617680796485,0.5
2007-06-13,937441.8363148081,-425.5296578823459,0.0,-0.0004535147392290249,0.7300262375808374,0.5
2007-06-14,938435.1897592834,993.3534444752735,0.0,0.0010607667828458859,0.5239825998386748,0.5
2007-06-15,949634.0387005196,11198.848941236161,0.0,0.012077663965754472,0.44102998813096045,0.5
2007-06-18,954117.4097891027,4483.371088583155,0.0,0.004743551734361103,0.6474421541591775,0.5
2007-06-19,939475.1519656804,-14642.25782342236,0.0,-0.015114437886857637,0.7722754870389313,0.5
2007-06-20,945141.4677193938,5666.315753713392,0.0,0.006067961165048544,0.9317777243572003,0.5
2007-06-21,933122.1746445046,-11546.722341029541,472.57073385969693,-0.012563438327936412,0.0,0.0
2007-06-22,933122.1746445046,0.0,0.0,0.0,0.0,0.0
2007-06-25,933122.1746445046,0.0,0.0,0.0,0.0,0.0
2007-06-26,933122.1746445046,0.0,0.0,0.0,0.0,0.0
2007-06-27,933122.1746445046,0.0,0.0,0.0,0.0,0.0
2007-06-28,933122.1746445046,0.0,0.0,0.0,0.0,0.0
2007-06-29,933122.1746445046,0.0,0.0,0.0,0.0,0.0
2007-07-02,933122.1746445046,0.0,0.0,0.0,0.0,0.0
2007-07-03,933122.1746445046,0.0,0.0,0.0,0.0,0.0
2007-07-05,933122.1746445046,0.0,0.0,0.0,0.0,0.0
2007-07-06,933122.1746445046,0.0,0.0,0.0,0.0,0.0
2007-07-09,933122.1746445046,0.0,0.0,0.0,0.0,0.0
2007-07-10,933122.1746445046,0.0,0.0,0.0,0.0,0.0
2007-07-11,933122.1746445046,0.0,0.0,0.0,0.0,0.0
2007-07-12,933122.1746445046,0.0,0.0,0.0,0.0,0.0
2007-07-13,933122.1746445046,0.0,0.0,0.0,0.0,0.0
2007-07-16,933122.1746445046,0.0,0.0,0.0,0.0,0.0
2007-07-17,933122.1746445046,0.0,0.0,0.0,0.0,0.0
2007-07-18,933122.1746445046,0.0,0.0,0.0,0.0,0.0
2007-07-19,933122.1746445046,0.0,0.0,0.0,0.0,0.0
2007-07-20,933122.1746445046,0.0,0.0,0.0,0.0,0.0
2007-07-23,933122.1746445046,0.0,0.0,0.0,0.0,0.0
2007-07-24,933122.1746445046,0.0,0.0,0.0,0.0,0.0
2007-07-25,933122.1746445046,0.0,0.0,0.0,0.0,0.0
2007-07-26,933122.1746445046,0.0,0.0,0.0,0.0,0.0
2007-07-27,933122.1746445046,0.0,0.0,0.0,0.0,0.0
2007-07-30,933122.1746445046,0.0,0.0,0.0,0.0,0.0
2007-07-31,933122.1746445046,0.0,0.0,0.0,0.0,0.0
2007-08-01,933122.1746445046,0.0,0.0,0.0,0.0,0.0
2007-08-02,933122.1746445046,0.0,0.0,0.0,0.0,0.0
2007-08-03,933122.1746445046,0.0,0.0,0.0,0.0,0.0
2007-08-06,933122.1746445046,0.0,0.0,0.0,0.0,0.0
2007-08-07,933122.1746445046,0.0,0.0,0.0,0.0,0.0
2007-08-08,933122.1746445046,0.0,0.0,0.0,0.0,0.0
2007-08-09,933122.1746445046,0.0,0.0,0.0,0.0,0.0
2007-08-10,933122.1746445046,0.0,0.0,0.0,0.0,0.0
2007-08-13,933122.1746445046,0.0,0.0,0.0,0.0,0.0
2007-08-14,932655.6135571823,0.0,466.56108732225226,-0.0005,0.19967371724665695,0.5
2007-08-15,925688.127502961,-6034.830440664121,932.6556135571823,-0.007422559906487435,-0.10617050893762503,-0.5
2007-08-16,947153.831155683,21928.547716473597,462.8440637514805,0.02375156416908286,0.0,0.0
2007-08-17,947153.831155683,0.0,0.0,0.0,0.0,0.0
2007-08-20,946680.2542401052,0.0,473.57691557784153,-0.0005,0.850638163902975,0.5
2007-08-21,949012.6971208939,2332.4428807886793,0.0,0.002469898116702686,1.1920487696378395,0.5
2007-08-22,958028.7540043592,9016.056883465435,0.0,0.009591584158415843,1.4566725185571907,0.5
2007-08-23,964223.5263986732,6194.772394313902,0.0,0.006508248827001665,1.491056806561999,0.5
2007-08-24,968231.5814371475,4008.0550384742946,0.0,0.0041741204531902205,1.7164156597278735,0.5
2007-08-27,972508.2226979122,4276.641260764785,0.0,0.0044365572315882874,1.2658246927930326,0.5
2007-08-28,971798.5698792477,-709.6528186645594,0.0,-0.000729181857955374,0.8661297855888517,0.5
2007-08-29,973645.015568875,1846.445689627334,0.0,0.0019036462146727192,0.6694493775727514,0.5
2007-08-30,980449.7565047088,6804.740935833722,0.0,0.007038123167155426,0.6336139411792463,0.5
2007-08-31,979041.8734540128,-1407.8830506960207,0.0,-0.0014338973329509608,0.6409008349988191,0.5
2007-09-04,992858.9966680815,13817.123214068728,0.0,0.014314928425357872,1.351570916905081,0.5
2007-09-05,990912.2143216735,-1946.782346408003,0.0,-0.0019569471624266144,1.4825166720322824,0.5
2007-09-06,984781.7113084348,-6130.5030132387,0.0,-0.006148686416992734,1.6460527877175046,0.5
2007-09-07,992072.2365060486,7290.525197613698,0.0,0.007458405048766496,1.715246673706073,0.5
2007-09-10,999031.216840687,6958.980334638388,0.0,0.007064142413111048,1.9328105001099238,0.5
2007-09-11,999860.5177954524,829.3009547653738,0.0,0.0008307947936859597,2.208899358974708,0.5
2007-09-12,1010908.7003125292,11048.18251707682,0.0,0.011173184357541898,2.142953044087794,0.5
2007-09-13,1012548.0117184414,1639.3114059122095,0.0,0.0016242555495397941,1.9804861220849492,0.5
2007-09-14,1019640.2122315555,7092.200513114083,0.0,0.00705371676614216,1.7179352926069926,0.5
2007-09-17,1034539.3120383397,14899.099806784152,0.0,0.014828794823402535,1.5593503019691834,0.5
2007-09-18,1035073.4056429026,534.0936045629013,0.0,0.0005165289256198348,1.596201106353567,0.5
2007-09-19,1035874.1328777991,800.7272348965208,0.0,0.0007741935483870968,1.492975733918668,0.5
2007-09-20,1045208.735002084,9334.602124285007,0.0,0.009093270979475187,1.442047873986168,0.5
2007-09-21,1040186.2347580174,-5022.500244066666,0.0,-0.0047822803926503895,1.5602875641532525,0.5
2007-09-24,1040053.4224195651,-132.8123384522494,0.0,-0.00012766500702157538,1.5268603432615284,0.5
2007-09-25,1036998.3485095204,-3055.0739100446995,0.0,-0.002928817012606647,1.5371634993851442,0.5
2007-09-26,1046457.0950080014,9458.74649848098,0.0,0.00920523791002204,1.5399365913024325,0.5
2007-09-27,1056095.1681767604,9638.073168759034,0.0,0.009295810518273271,1.658868381589304,0.5
2007-09-28,1046805.9267321927,-9289.24144456764,0.0,-0.008719145278153016,1.6490404373047667,0.5
2007-10-01,1046805.9267321927,0.0,0.0,0.0,0.0,0.0
2007-10-02,1046805.9267321927,0.0,0.0,0.0,0.0,0.0
2007-10-03,1046805.9267321927,0.0,0.0,0.0,0.0,0.0
2007-10-04,1046805.9267321927,0.0,0.0,0.0,0.0,0.0
2007-10-05,1046805.9267321927,0.0,0.0,0.0,0.0,0.0
2007-10-08,1046805.9267321927,0.0,0.0,0.0,0.0,0.0
2007-10-09,1046805.9267321927,0.0,0.0,0.0,0.0,0.0
2007-10-10,1046805.9267321927,0.0,0.0,0.0,0.0,0.0
2007-10-11,1046805.9267321927,0.0,0.0,0.0,0.0,0.0
2007-10-12,1046805.9267321927,0.0,0.0,0.0,0.0,0.0
2007-10-15,1046805.9267321927,0.0,0.0,0.0,0.0,0.0
2007-10-16,1046805.9267321927,0.0,0.0,0.0,0.0,0.0
2007-10-17,1046805.9267321927,0.0,0.0,0.0,0.0,0.0
2007-10-18,1046805.9267321927,0.0,0.0,0.0,0.0,0.0
2007-10-19,1046805.9267321927,0.0,0.0,0.0,0.0,0.0
2007-10-22,1046805.9267321927,0.0,0.0,0.0,0.0,0.0
2007-10-23,1046805.9267321927,0.0,0.0,0.0,0.0,0.0
2007-10-24,1046805.9267321927,0.0,0.0,0.0,0.0,0.0
2007-10-25,1046805.9267321927,0.0,0.0,0.0,0.0,0.0
2007-10-26,1046805.9267321927,0.0,0.0,0.0,0.0,0.0
2007-10-29,1046805.9267321927,0.0,0.0,0.0,0.0,0.0
2007-10-30,1046805.9267321927,0.0,0.0,0.0,0.0,0.0
2007-10-31,1046805.9267321927,0.0,0.0,0.0,0.0,0.0
2007-11-01,1046805.9267321927,0.0,0.0,0.0,0.0,0.0
2007-11-02,1046805.9267321927,0.0,0.0,0.0,0.0,0.0
2007-11-05,1046805.9267321927,0.0,0.0,0.0,0.0,0.0
2007-11-06,1046805.9267321927,0.0,0.0,0.0,0.0,0.0
2007-11-07,1046805.9267321927,0.0,0.0,0.0,0.0,0.0
2007-11-08,1046805.9267321927,0.0,0.0,0.0,0.0,0.0
2007-11-09,1046805.9267321927,0.0,0.0,0.0,0.0,0.0
2007-11-12,1046805.9267321927,0.0,0.0,0.0,0.0,0.0
2007-11-13,1046805.9267321927,0.0,0.0,0.0,0.0,0.0
2007-11-14,1046805.9267321927,0.0,0.0,0.0,0.0,0.0
2007-11-15,1046805.9267321927,0.0,0.0,0.0,0.0,0.0
2007-11-16,1046805.9267321927,0.0,0.0,0.0,0.0,0.0
2007-11-19,1046805.9267321927,0.0,0.0,0.0,0.0,0.0
2007-11-20,1046805.9267321927,0.0,0.0,0.0,0.0,0.0
2007-11-21,1046805.9267321927,0.0,0.0,0.0,0.0,0.0
2007-11-23,1046805.9267321927,0.0,0.0,0.0,0.0,0.0
2007-11-26,1046805.9267321927,0.0,0.0,0.0,0.0,0.0
2007-11-27,1046805.9267321927,0.0,0.0,0.0,0.0,0.0
2007-11-28,1046805.9267321927,0.0,0.0,0.0,0.0,0.0
2007-11-29,1046805.9267321927,0.0,0.0,0.0,0.0,0.0
2007-11-30,1046805.9267321927,0.0,0.0,0.0,0.0,0.0
2007-12-03,1046805.9267321927,0.0,0.0,0.0,0.0,0.0
2007-12-04,1046805.9267321927,0.0,0.0,0.0,0.0,0.0
2007-12-05,1046805.9267321927,0.0,0.0,0.0,0.0,0.0
2007-12-06,1046805.9267321927,0.0,0.0,0.0,0.0,0.0
2007-12-07,1046805.9267321927,0.0,0.0,0.0,0.0,0.0
2007-12-10,1046805.9267321927,0.0,0.0,0.0,0.0,0.0
2007-12-11,1046805.9267321927,0.0,0.0,0.0,0.0,0.0
2007-12-12,1046805.9267321927,0.0,0.0,0.0,0.0,0.0
2007-12-13,1046805.9267321927,0.0,0.0,0.0,0.0,0.0
2007-12-14,1046805.9267321927,0.0,0.0,0.0,0.0,0.0
2007-12-17,1046805.9267321927,0.0,0.0,0.0,0.0,0.0
2007-12-18,1046805.9267321927,0.0,0.0,0.0,0.0,0.0
2007-12-19,1046805.9267321927,0.0,0.0,0.0,0.0,0.0
2007-12-20,1046805.9267321927,0.0,0.0,0.0,0.0,0.0
2007-12-21,1046805.9267321927,0.0,0.0,0.0,0.0,0.0
2007-12-24,1046805.9267321927,0.0,0.0,0.0,0.0,0.0
2007-12-26,1046805.9267321927,0.0,0.0,0.0,0.0,0.0
2007-12-27,1046805.9267321927,0.0,0.0,0.0,0.0,0.0
2007-12-28,1046805.9267321927,0.0,0.0,0.0,0.0,0.0
2007-12-31,1046805.9267321927,0.0,0.0,0.0,0.0,0.0
2008-01-02,1046805.9267321927,0.0,0.0,0.0,0.0,0.0
2008-01-03,1046805.9267321927,0.0,0.0,0.0,0.0,0.0
2008-01-04,1046805.9267321927,0.0,0.0,0.0,0.0,0.0
2008-01-07,1046805.9267321927,0.0,0.0,0.0,0.0,0.0
2008-01-08,1046805.9267321927,0.0,0.0,0.0,0.0,0.0
2008-01-09,1046805.9267321927,0.0,0.0,0.0,0.0,0.0
2008-01-10,1046805.9267321927,0.0,0.0,0.0,0.0,0.0
2008-01-11,1046805.9267321927,0.0,0.0,0.0,0.0,0.0
2008-01-14,1046805.9267321927,0.0,0.0,0.0,0.0,0.0
2008-01-15,1046805.9267321927,0.0,0.0,0.0,0.0,0.0
2008-01-16,1046805.9267321927,0.0,0.0,0.0,0.0,0.0
2008-01-17,1046805.9267321927,0.0,0.0,0.0,0.0,0.0
2008-01-18,1046805.9267321927,0.0,0.0,0.0,0.0,0.0
2008-01-22,1046805.9267321927,0.0,0.0,0.0,0.0,0.0
2008-01-23,1046805.9267321927,0.0,0.0,0.0,0.0,0.0
2008-01-24,1046805.9267321927,0.0,0.0,0.0,0.0,0.0
2008-01-25,1046805.9267321927,0.0,0.0,0.0,0.0,0.0
2008-01-28,1046805.9267321927,0.0,0.0,0.0,0.0,0.0
2008-01-29,1046805.9267321927,0.0,0.0,0.0,0.0,0.0
2008-01-30,1046805.9267321927,0.0,0.0,0.0,0.0,0.0
2008-01-31,1046805.9267321927,0.0,0.0,0.0,0.0,0.0
2008-02-01,1046805.9267321927,0.0,0.0,0.0,0.0,0.0
2008-02-04,1046805.9267321927,0.0,0.0,0.0,0.0,0.0
2008-02-05,1046805.9267321927,0.0,0.0,0.0,0.0,0.0
2008-02-06,1046805.9267321927,0.0,0.0,0.0,0.0,0.0
2008-02-07,1046805.9267321927,0.0,0.0,0.0,0.0,0.0
2008-02-08,1046805.9267321927,0.0,0.0,0.0,0.0,0.0
2008-02-11,1046805.9267321927,0.0,0.0,0.0,0.0,0.0
2008-02-12,1046805.9267321927,0.0,0.0,0.0,0.0,0.0
2008-02-13,1046805.9267321927,0.0,0.0,0.0,0.0,0.0
2008-02-14,1046805.9267321927,0.0,0.0,0.0,0.0,0.0
2008-02-15,1046805.9267321927,0.0,0.0,0.0,0.0,0.0
2008-02-19,1046805.9267321927,0.0,0.0,0.0,0.0,0.0
2008-02-20,1046805.9267321927,0.0,0.0,0.0,0.0,0.0
2008-02-21,1046805.9267321927,0.0,0.0,0.0,0.0,0.0
2008-02-22,1046805.9267321927,0.0,0.0,0.0,0.0,0.0
2008-02-25,1046805.9267321927,0.0,0.0,0.0,0.0,0.0
2008-02-26,1046805.9267321927,0.0,0.0,0.0,0.0,0.0
2008-02-27,1046805.9267321927,0.0,0.0,0.0,0.0,0.0
2008-02-28,1046805.9267321927,0.0,0.0,0.0,0.0,0.0
2008-02-29,1046805.9267321927,0.0,0.0,0.0,0.0,0.0
2008-03-03,1046805.9267321927,0.0,0.0,0.0,0.0,0.0
2008-03-04,1046805.9267321927,0.0,0.0,0.0,0.0,0.0
2008-03-05,1046805.9267321927,0.0,0.0,0.0,0.0,0.0
2008-03-06,1046805.9267321927,0.0,0.0,0.0,0.0,0.0
2008-03-07,1046805.9267321927,0.0,0.0,0.0,0.0,0.0
2008-03-10,1046805.9267321927,0.0,0.0,0.0,0.0,0.0
2008-03-11,1046805.9267321927,0.0,0.0,0.0,0.0,0.0
2008-03-12,1046805.9267321927,0.0,0.0,0.0,0.0,0.0
2008-03-13,1046805.9267321927,0.0,0.0,0.0,0.0,0.0
2008-03-14,1046805.9267321927,0.0,0.0,0.0,0.0,0.0
2008-03-17,1046805.9267321927,0.0,0.0,0.0,0.0,0.0
2008-03-18,1046805.9267321927,0.0,0.0,0.0,0.0,0.0
2008-03-19,1046805.9267321927,0.0,0.0,0.0,0.0,0.0
2008-03-20,1046805.9267321927,0.0,0.0,0.0,0.0,0.0
2008-03-24,1046805.9267321927,0.0,0.0,0.0,0.0,0.0
2008-03-25,1046805.9267321927,0.0,0.0,0.0,0.0,0.0
2008-03-26,1046805.9267321927,0.0,0.0,0.0,0.0,0.0
2008-03-27,1046805.9267321927,0.0,0.0,0.0,0.0,0.0
2008-03-28,1046805.9267321927,0.0,0.0,0.0,0.0,0.0
2008-03-31,1046805.9267321927,0.0,0.0,0.0,0.0,0.0
2008-04-01,1046805.9267321927,0.0,0.0,0.0,0.0,0.0
2008-04-02,1046805.9267321927,0.0,0.0,0.0,0.0,0.0
2008-04-03,1046805.9267321927,0.0,0.0,0.0,0.0,0.0
2008-04-04,1046805.9267321927,0.0,0.0,0.0,0.0,0.0
2008-04-07,1046805.9267321927,0.0,0.0,0.0,0.0,0.0
2008-04-08,1046805.9267321927,0.0,0.0,0.0,0.0,0.0
2008-04-09,1046805.9267321927,0.0,0.0,0.0,0.0,0.0
2008-04-10,1046805.9267321927,0.0,0.0,0.0,0.0,0.0
2008-04-11,1046805.9267321927,0.0,0.0,0.0,0.0,0.0
2008-04-14,1046805.9267321927,0.0,0.0,0.0,0.0,0.0
2008-04-15,1046805.9267321927,0.0,0.0,0.0,0.0,0.0
2008-04-16,1046805.9267321927,0.0,0.0,0.0,0.0,0.0
2008-04-17,1046805.9267321927,0.0,0.0,0.0,0.0,0.0
2008-04-18,1046805.9267321927,0.0,0.0,0.0,0.0,0.0
2008-04-21,1046805.9267321927,0.0,0.0,0.0,0.0,0.0
2008-04-22,1046805.9267321927,0.0,0.0,0.0,0.0,0.0
2008-04-23,1046805.9267321927,0.0,0.0,0.0,0.0,0.0
2008-04-24,1046805.9267321927,0.0,0.0,0.0,0.0,0.0
2008-04-25,1046805.9267321927,0.0,0.0,0.0,0.0,0.0
2008-04-28,1046805.9267321927,0.0,0.0,0.0,0.0,0.0
2008-04-29,1046805.9267321927,0.0,0.0,0.0,0.0,0.0
2008-04-30,1046805.9267321927,0.0,0.0,0.0,0.0,0.0
2008-05-01,1046805.9267321927,0.0,0.0,0.0,0.0,0.0
2008-05-02,1046805.9267321927,0.0,0.0,0.0,0.0,0.0
2008-05-05,1046805.9267321927,0.0,0.0,0.0,0.0,0.0
2008-05-06,1046805.9267321927,0.0,0.0,0.0,0.0,0.0
2008-05-07,1046805.9267321927,0.0,0.0,0.0,0.0,0.0
2008-05-08,1046805.9267321927,0.0,0.0,0.0,0.0,0.0
2008-05-09,1046805.9267321927,0.0,0.0,0.0,0.0,0.0
2008-05-12,1046805.9267321927,0.0,0.0,0.0,0.0,0.0
2008-05-13,1046805.9267321927,0.0,0.0,0.0,0.0,0.0
2008-05-14,1046805.9267321927,0.0,0.0,0.0,0.0,0.0
2008-05-15,1046805.9267321927,0.0,0.0,0.0,0.0,0.0
2008-05-16,1046805.9267321927,0.0,0.0,0.0,0.0,0.0
2008-05-19,1046805.9267321927,0.0,0.0,0.0,0.0,0.0
2008-05-20,1046805.9267321927,0.0,0.0,0.0,0.0,0.0
2008-05-21,1046805.9267321927,0.0,0.0,0.0,0.0,0.0
2008-05-22,1046805.9267321927,0.0,0.0,0.0,0.0,0.0
2008-05-23,1046805.9267321927,0.0,0.0,0.0,0.0,0.0
2008-05-27,1046805.9267321927,0.0,0.0,0.0,0.0,0.0
2008-05-28,1046805.9267321927,0.0,0.0,0.0,0.0,0.0
2008-05-29,1046805.9267321927,0.0,0.0,0.0,0.0,0.0
2008-05-30,1046805.9267321927,0.0,0.0,0.0,0.0,0.0
2008-06-02,1046282.5237688266,0.0,523.4029633660964,-0.0005,3.0,0.5
2008-06-03,1043983.8437458999,-2298.680022926752,0.0,-0.0021921812203142127,3.0,0.5
2008-06-04,1055310.6268979793,11326.783152079459,0.0,0.01096858152072876,3.0,0.5
2008-06-05,1078715.5020001433,23932.530415612924,527.6553134489897,0.022692817679558015,0.0,0.0
2008-06-06,1078715.5020001433,0.0,0.0,0.0,0.0,0.0
2008-06-09,1078176.1442491433,0.0,539.3577510000716,-0.0005,2.8672862940489985,0.5
2008-06-10,1076134.1439759443,-2042.000273199135,0.0,-0.0018903591682419662,2.4903525455264774,0.5
2008-06-11,1101634.5802148157,26038.50331085935,538.0670719879721,0.024283917817924196,0.0,0.0
2008-06-12,1101634.5802148157,0.0,0.0,0.0,0.0,0.0
2008-06-13,1101083.7629247082,0.0,550.8172901074079,-0.0005,2.025627122879448,0.5
2008-06-16,1091908.0649003356,-9175.698024372568,0.0,-0.008264462809917356,1.7654003868321417,0.5
2008-06-17,1100449.7186022939,8541.653701958297,0.0,0.00788436268068331,1.7333896894248706,0.5
2008-06-18,1099743.3965749496,-706.3220273442194,0.0,-0.0006414368184733803,1.5720741125738964,0.5
2008-06-19,1096032.822775452,-3710.573799497741,0.0,-0.0033626901521216974,1.4441650899544622,0.5
2008-06-20,1091423.1732458237,-4609.6495296282355,0.0,-0.004188144329896908,1.3594474767059335,0.5
2008-06-23,1085191.5564328379,-6231.616812985943,0.0,-0.005677210056772101,1.206846307741989,0.5
2008-06-24,1080177.4700334782,-5014.086399359647,0.0,-0.0045992115637319315,1.2020804475210298,0.5
2008-06-25,1093310.8736498079,13133.403616329766,0.0,0.012308211094250548,1.2569895987163007,0.5
2008-06-26,1106377.2718958666,13066.39824605868,0.0,0.012095778820044433,1.2258273941432154,0.5
2008-06-27,1108924.9089361222,2547.6370402556877,0.0,0.0023079984082769595,1.3565131469514564,0.5
2008-06-30,1117163.838863406,8238.929927283867,0.0,0.007485268354833572,1.5238622810949776,0.5
2008-07-01,1125168.4395780037,8004.600714597614,0.0,0.0072168183244430495,1.2219205443214365,0.5
2008-07-02,1131302.2662986761,6133.826720672471,0.0,0.005481355670501042,1.1452611676370352,0.5
2008-07-03,1135512.6423467267,4210.376048050671,0.0,0.003735610276740108,1.0791946805154662,0.5
2008-07-07,1111884.6651688244,-23627.977177902336,0.0,-0.020384047267355983,0.8394324919795519,0.5
2008-07-08,1102088.324506544,-9796.340662280392,0.0,-0.008733624454148473,0.9236211585113948,0.5
2008-07-09,1108089.446068559,6001.121562015134,0.0,0.005475040257648953,0.833973265915029,0.5
2008-07-10,1119149.2741899658,11059.828121406721,0.0,0.010081613058089295,0.7617918588328387,0.5
2008-07-11,1126450.3412163681,7301.067026402387,0.0,0.006566604127579737,0.8130478918130873,0.5
2008-07-14,1114187.5423469474,-12262.79886942075,0.0,-0.01076899742150766,0.6255185965529279,0.5
2008-07-15,1095675.9624897724,-18511.579857174987,0.0,-0.016342892383595434,0.4900262773112441,0.5
2008-07-16,1106689.5665225813,11013.604032808997,0.0,0.010153946937438586,0.511322310891084,0.5
2008-07-17,1088397.1769932825,-18292.389529298864,0.0,-0.016260162601626018,0.5671791289433338,0.5
2008-07-18,1069605.6884551942,-18247.28994959152,544.1985884966413,-0.016980601357904947,0.3602579945935083,0.5
2008-07-21,1069070.8856109667,0.0,534.8028442275971,-0.0005,0.6175114290637413,0.5
2008-07-22,1071820.3584455461,2749.4728345794642,0.0,0.0025784653685427227,0.6195878380519106,0.5
2008-07-23,1063309.3444822412,-8511.013963305026,0.0,-0.007878151260504203,0.6435183208796521,0.5
2008-07-24,1059782.1393768222,-3527.205105418946,0.0,-0.0033062282191046372,0.7292952870814632,0.5
2008-07-25,1065042.7907906962,5260.651413874118,0.0,0.004988662131519274,0.8200860674794084,0.5
2008-07-28,1065613.8593112275,571.0685205312044,0.0,0.0005364806866952791,0.47181885185394223,0.5
2008-07-29,1059525.7244249645,-6088.134886263038,0.0,-0.005680809515355939,0.5020164505723517,0.5
2008-07-30,1063257.1225875593,3731.3981625946917,0.0,0.003534209333937472,0.46347713437222654,0.5
2008-07-31,1063924.5185576195,667.3959700603402,0.0,0.0006280843427545984,0.35844819377135345,0.5
2008-08-01,1048377.6523571026,-14482.941681959357,1063.9245185576196,-0.01441650468280615,-0.834312055559029,-0.5
2008-08-04,1075692.2238556352,27314.571498532503,0.0,0.02675111069099159,-0.957034607936701,-0.5
2008-08-05,1085930.9416040669,10238.717748431647,0.0,0.009609727397528927,-1.0885193745512889,-0.5
2008-08-06,1103993.951325798,18063.009721731014,0.0,0.016915022150624247,-1.118404690114312,-0.5
2008-08-07,1093817.84976708,-10176.101558717924,0.0,-0.009133346864217576,-1.2382624993031606,-0.5
2008-08-08,1113177.4577275594,19359.607960479294,0.0,0.01801801801801802,-1.3005184327235346,-0.5
2008-08-11,1105750.0851989351,-7427.372528624249,0.0,-0.006628003314001657,-1.3145168591517815,-0.5
2008-08-12,1103474.8792623118,-2275.2059366233234,0.0,-0.002053388090349076,-1.3462429392218922,-0.5
2008-08-13,1080310.9516738628,-22612.190148817863,551.7374396311559,-0.02057028112449799,0.0,0.0
2008-08-14,1079770.7961980258,0.0,540.1554758369314,-0.0005,-1.4197867270007272,-0.5
2008-08-15,1094508.7356081957,14737.939410169762,0.0,0.013838013838013839,-1.4630187750803263,-0.5
2008-08-18,1063470.6270705387,-30490.854169852748,547.2543678040978,-0.02758943987151174,0.0,0.0
2008-08-19,1063470.6270705387,0.0,0.0,0.0,0.0,0.0
2008-08-20,1063470.6270705387,0.0,0.0,0.0,0.0,0.0
2008-08-21,1063470.6270705387,0.0,0.0,0.0,0.0,0.0
2008-08-22,1063470.6270705387,0.0,0.0,0.0,0.0,0.0
2008-08-25,1063470.6270705387,0.0,0.0,0.0,0.0,0.0
2008-08-26,1063470.6270705387,0.0,0.0,0.0,0.0,0.0
2008-08-27,1063470.6270705387,0.0,0.0,0.0,0.0,0.0
2008-08-28,1063470.6270705387,0.0,0.0,0.0,0.0,0.0
2008-08-29,1063470.6270705387,0.0,0.0,0.0,0.0,0.0
2008-09-02,1063470.6270705387,0.0,0.0,0.0,0.0,0.0
2008-09-03,1063470.6270705387,0.0,0.0,0.0,0.0,0.0
2008-09-04,1063470.6270705387,0.0,0.0,0.0,0.0,0.0
2008-09-05,1063470.6270705387,0.0,0.0,0.0,0.0,0.0
2008-09-08,1063470.6270705387,0.0,0.0,0.0,0.0,0.0
2008-09-09,1063470.6270705387,0.0,0.0,0.0,0.0,0.0
2008-09-10,1063470.6270705387,0.0,0.0,0.0,0.0,0.0
2008-09-11,1063470.6270705387,0.0,0.0,0.0,0.0,0.0
2008-09-12,1063470.6270705387,0.0,0.0,0.0,0.0,0.0
2008-09-15,1063470.6270705387,0.0,0.0,0.0,0.0,0.0
2008-09-16,1063470.6270705387,0.0,0.0,0.0,0.0,0.0
2008-09-17,1063470.6270705387,0.0,0.0,0.0,0.0,0.0
2008-09-18,1063470.6270705387,0.0,0.0,0.0,0.0,0.0
2008-09-19,1063470.6270705387,0.0,0.0,0.0,0.0,0.0
2008-09-22,1063470.6270705387,0.0,0.0,0.0,0.0,0.0
2008-09-23,1063470.6270705387,0.0,0.0,0.0,0.0,0.0
2008-09-24,1063470.6270705387,0.0,0.0,0.0,0.0,0.0
2008-09-25,1063470.6270705387,0.0,0.0,0.0,0.0,0.0
2008-09-26,1063470.6270705387,0.0,0.0,0.0,0.0,0.0
2008-09-29,1063470.6270705387,0.0,0.0,0.0,0.0,0.0
2008-09-30,1063470.6270705387,0.0,0.0,0.0,0.0,0.0
2008-10-01,1063470.6270705387,0.0,0.0,0.0,0.0,0.0
2008-10-02,1063470.6270705387,0.0,0.0,0.0,0.0,0.0
2008-10-03,1063470.6270705387,0.0,0.0,0.0,0.0,0.0
2008-10-06,1063470.6270705387,0.0,0.0,0.0,0.0,0.0
2008-10-07,1063470.6270705387,0.0,0.0,0.0,0.0,0.0
2008-10-08,1063470.6270705387,0.0,0.0,0.0,0.0,0.0
2008-10-09,1063470.6270705387,0.0,0.0,0.0,0.0,0.0
2008-10-10,1063470.6270705387,0.0,0.0,0.0,0.0,0.0
2008-10-13,1063470.6270705387,0.0,0.0,0.0,0.0,0.0
2008-10-14,1063470.6270705387,0.0,0.0,0.0,0.0,0.0
2008-10-15,1063470.6270705387,0.0,0.0,0.0,0.0,0.0
2008-10-16,1063470.6270705387,0.0,0.0,0.0,0.0,0.0
2008-10-17,1063470.6270705387,0.0,0.0,0.0,0.0,0.0
2008-10-20,1063470.6270705387,0.0,0.0,0.0,0.0,0.0
2008-10-21,1063470.6270705387,0.0,0.0,0.0,0.0,0.0
2008-10-22,1063470.6270705387,0.0,0.0,0.0,0.0,0.0
2008-10-23,1063470.6270705387,0.0,0.0,0.0,0.0,0.0
2008-10-24,1063470.6270705387,0.0,0.0,0.0,0.0,0.0
2008-10-27,1063470.6270705387,0.0,0.0,0.0,0.0,0.0
2008-10-28,1063470.6270705387,0.0,0.0,0.0,0.0,0.0
2008-10-29,1063470.6270705387,0.0,0.0,0.0,0.0,0.0
2008-10-30,1063470.6270705387,0.0,0.0,0.0,0.0,0.0
2008-10-31,1063470.6270705387,0.0,0.0,0.0,0.0,0.0
2008-11-03,1063470.6270705387,0.0,0.0,0.0,0.0,0.0
2008-11-04,1063470.6270705387,0.0,0.0,0.0,0.0,0.0
2008-11-05,1063470.6270705387,0.0,0.0,0.0,0.0,0.0
2008-11-06,1063470.6270705387,0.0,0.0,0.0,0.0,0.0
2008-11-07,1063470.6270705387,0.0,0.0,0.0,0.0,0.0
2008-11-10,1063470.6270705387,0.0,0.0,0.0,0.0,0.0
2008-11-11,1063470.6270705387,0.0,0.0,0.0,0.0,0.0
2008-11-12,1063470.6270705387,0.0,0.0,0.0,0.0,0.0
2008-11-13,1063470.6270705387,0.0,0.0,0.0,0.0,0.0
2008-11-14,1063470.6270705387,0.0,0.0,0.0,0.0,0.0
2008-11-17,1063470.6270705387,0.0,0.0,0.0,0.0,0.0
2008-11-18,1063470.6270705387,0.0,0.0,0.0,0.0,0.0
2008-11-19,1063470.6270705387,0.0,0.0,0.0,0.0,0.0
2008-11-20,1063470.6270705387,0.0,0.0,0.0,0.0,0.0
2008-11-21,1063470.6270705387,0.0,0.0,0.0,0.0,0.0
2008-11-24,1063470.6270705387,0.0,0.0,0.0,0.0,0.0
2008-11-25,1063470.6270705387,0.0,0.0,0.0,0.0,0.0
2008-11-26,1063470.6270705387,0.0,0.0,0.0,0.0,0.0
2008-11-28,1063470.6270705387,0.0,0.0,0.0,0.0,0.0
2008-12-01,1063470.6270705387,0.0,0.0,0.0,0.0,0.0
2008-12-02,1063470.6270705387,0.0,0.0,0.0,0.0,0.0
2008-12-03,1063470.6270705387,0.0,0.0,0.0,0.0,0.0
2008-12-04,1063470.6270705387,0.0,0.0,0.0,0.0,0.0
2008-12-05,1063470.6270705387,0.0,0.0,0.0,0.0,0.0
2008-12-08,1063470.6270705387,0.0,0.0,0.0,0.0,0.0
2008-12-09,1063470.6270705387,0.0,0.0,0.0,0.0,0.0
2008-12-10,1063470.6270705387,0.0,0.0,0.0,0.0,0.0
2008-12-11,1063470.6270705387,0.0,0.0,0.0,0.0,0.0
2008-12-12,1063470.6270705387,0.0,0.0,0.0,0.0,0.0
2008-12-15,1063470.6270705387,0.0,0.0,0.0,0.0,0.0
2008-12-16,1063470.6270705387,0.0,0.0,0.0,0.0,0.0
2008-12-17,1063470.6270705387,0.0,0.0,0.0,0.0,0.0
2008-12-18,1063470.6270705387,0.0,0.0,0.0,0.0,0.0
2008-12-19,1063470.6270705387,0.0,0.0,0.0,0.0,0.0
2008-12-22,1063470.6270705387,0.0,0.0,0.0,0.0,0.0
2008-12-23,1063470.6270705387,0.0,0.0,0.0,0.0,0.0
2008-12-24,1063470.6270705387,0.0,0.0,0.0,0.0,0.0
2008-12-26,1063470.6270705387,0.0,0.0,0.0,0.0,0.0
2008-12-29,1063470.6270705387,0.0,0.0,0.0,0.0,0.0
2008-12-30,1063470.6270705387,0.0,0.0,0.0,0.0,0.0
2008-12-31,1063470.6270705387,0.0,0.0,0.0,0.0,0.0
2009-01-02,1063470.6270705387,0.0,0.0,0.0,0.0,0.0
2009-01-05,1063470.6270705387,0.0,0.0,0.0,0.0,0.0
2009-01-06,1063470.6270705387,0.0,0.0,0.0,0.0,0.0
2009-01-07,1063470.6270705387,0.0,0.0,0.0,0.0,0.0
2009-01-08,1063470.6270705387,0.0,0.0,0.0,0.0,0.0
2009-01-09,1063470.6270705387,0.0,0.0,0.0,0.0,0.0
2009-01-12,1063470.6270705387,0.0,0.0,0.0,0.0,0.0
2009-01-13,1063470.6270705387,0.0,0.0,0.0,0.0,0.0
2009-01-14,1063470.6270705387,0.0,0.0,0.0,0.0,0.0
2009-01-15,1063470.6270705387,0.0,0.0,0.0,0.0,0.0
2009-01-16,1063470.6270705387,0.0,0.0,0.0,0.0,0.0
2009-01-20,1063470.6270705387,0.0,0.0,0.0,0.0,0.0
2009-01-21,1063470.6270705387,0.0,0.0,0.0,0.0,0.0
2009-01-22,1063470.6270705387,0.0,0.0,0.0,0.0,0.0
2009-01-23,1063470.6270705387,0.0,0.0,0.0,0.0,0.0
2009-01-26,1063470.6270705387,0.0,0.0,0.0,0.0,0.0
2009-01-27,1063470.6270705387,0.0,0.0,0.0,0.0,0.0
2009-01-28,1063470.6270705387,0.0,0.0,0.0,0.0,0.0
2009-01-29,1063470.6270705387,0.0,0.0,0.0,0.0,0.0
2009-01-30,1063470.6270705387,0.0,0.0,0.0,0.0,0.0
2009-02-02,1063470.6270705387,0.0,0.0,0.0,0.0,0.0
2009-02-03,1063470.6270705387,0.0,0.0,0.0,0.0,0.0
2009-02-04,1063470.6270705387,0.0,0.0,0.0,0.0,0.0
2009-02-05,1063470.6270705387,0.0,0.0,0.0,0.0,0.0
2009-02-06,1063470.6270705387,0.0,0.0,0.0,0.0,0.0
2009-02-09,1063470.6270705387,0.0,0.0,0.0,0.0,0.0
2009-02-10,1063470.6270705387,0.0,0.0,0.0,0.0,0.0
2009-02-11,1063470.6270705387,0.0,0.0,0.0,0.0,0.0
2009-02-12,1063470.6270705387,0.0,0.0,0.0,0.0,0.0
2009-02-13,1063470.6270705387,0.0,0.0,0.0,0.0,0.0
2009-02-17,1063470.6270705387,0.0,0.0,0.0,0.0,0.0
2009-02-18,1063470.6270705387,0.0,0.0,0.0,0.0,0.0
2009-02-19,1063470.6270705387,0.0,0.0,0.0,0.0,0.0
2009-02-20,1063470.6270705387,0.0,0.0,0.0,0.0,0.0
2009-02-23,1063470.6270705387,0.0,0.0,0.0,0.0,0.0
2009-02-24,1063470.6270705387,0.0,0.0,0.0,0.0,0.0
2009-02-25,1063470.6270705387,0.0,0.0,0.0,0.0,0.0
2009-02-26,1063470.6270705387,0.0,0.0,0.0,0.0,0.0
2009-02-27,1063470.6270705387,0.0,0.0,0.0,0.0,0.0
2009-03-02,1063470.6270705387,0.0,0.0,0.0,0.0,0.0
2009-03-03,1063470.6270705387,0.0,0.0,0.0,0.0,0.0
2009-03-04,1063470.6270705387,0.0,0.0,0.0,0.0,0.0
2009-03-05,1063470.6270705387,0.0,0.0,0.0,0.0,0.0
2009-03-06,1063470.6270705387,0.0,0.0,0.0,0.0,0.0
2009-03-09,1063470.6270705387,0.0,0.0,0.0,0.0,0.0
2009-03-10,1063470.6270705387,0.0,0.0,0.0,0.0,0.0
2009-03-11,1063470.6270705387,0.0,0.0,0.0,0.0,0.0
2009-03-12,1063470.6270705387,0.0,0.0,0.0,0.0,0.0
2009-03-13,1063470.6270705387,0.0,0.0,0.0,0.0,0.0
2009-03-16,1063470.6270705387,0.0,0.0,0.0,0.0,0.0
2009-03-17,1063470.6270705387,0.0,0.0,0.0,0.0,0.0
2009-03-18,1063470.6270705387,0.0,0.0,0.0,0.0,0.0
2009-03-19,1063470.6270705387,0.0,0.0,0.0,0.0,0.0
2009-03-20,1063470.6270705387,0.0,0.0,0.0,0.0,0.0
2009-03-23,1063470.6270705387,0.0,0.0,0.0,0.0,0.0
2009-03-24,1063470.6270705387,0.0,0.0,0.0,0.0,0.0
2009-03-25,1063470.6270705387,0.0,0.0,0.0,0.0,0.0
2009-03-26,1063470.6270705387,0.0,0.0,0.0,0.0,0.0
2009-03-27,1063470.6270705387,0.0,0.0,0.0,0.0,0.0
2009-03-30,1063470.6270705387,0.0,0.0,0.0,0.0,0.0
2009-03-31,1063470.6270705387,0.0,0.0,0.0,0.0,0.0
2009-04-01,1063470.6270705387,0.0,0.0,0.0,0.0,0.0
2009-04-02,1063470.6270705387,0.0,0.0,0.0,0.0,0.0
2009-04-03,1063470.6270705387,0.0,0.0,0.0,0.0,0.0
2009-04-06,1063470.6270705387,0.0,0.0,0.0,0.0,0.0
2009-04-07,1063470.6270705387,0.0,0.0,0.0,0.0,0.0
2009-04-08,1063470.6270705387,0.0,0.0,0.0,0.0,0.0
2009-04-09,1063470.6270705387,0.0,0.0,0.0,0.0,0.0
2009-04-13,1063470.6270705387,0.0,0.0,0.0,0.0,0.0
2009-04-14,1063470.6270705387,0.0,0.0,0.0,0.0,0.0
2009-04-15,1063470.6270705387,0.0,0.0,0.0,0.0,0.0
2009-04-16,1063470.6270705387,0.0,0.0,0.0,0.0,0.0
2009-04-17,1063470.6270705387,0.0,0.0,0.0,0.0,0.0
2009-04-20,1063470.6270705387,0.0,0.0,0.0,0.0,0.0
2009-04-21,1063470.6270705387,0.0,0.0,0.0,0.0,0.0
2009-04-22,1063470.6270705387,0.0,0.0,0.0,0.0,0.0
2009-04-23,1063470.6270705387,0.0,0.0,0.0,0.0,0.0
2009-04-24,1063470.6270705387,0.0,0.0,0.0,0.0,0.0
2009-04-27,1063470.6270705387,0.0,0.0,0.0,0.0,0.0
2009-04-28,1063470.6270705387,0.0,0.0,0.0,0.0,0.0
2009-04-29,1063470.6270705387,0.0,0.0,0.0,0.0,0.0
2009-04-30,1063470.6270705387,0.0,0.0,0.0,0.0,0.0
2009-05-01,1063470.6270705387,0.0,0.0,0.0,0.0,0.0
2009-05-04,1063470.6270705387,0.0,0.0,0.0,0.0,0.0
2009-05-05,1063470.6270705387,0.0,0.0,0.0,0.0,0.0
2009-05-06,1063470.6270705387,0.0,0.0,0.0,0.0,0.0
2009-05-07,1063470.6270705387,0.0,0.0,0.0,0.0,0.0
2009-05-08,1063470.6270705387,0.0,0.0,0.0,0.0,0.0
2009-05-11,1063470.6270705387,0.0,0.0,0.0,0.0,0.0
2009-05-12,1063470.6270705387,0.0,0.0,0.0,0.0,0.0
2009-05-13,1063470.6270705387,0.0,0.0,0.0,0.0,0.0
2009-05-14,1063470.6270705387,0.0,0.0,0.0,0.0,0.0
2009-05-15,1063470.6270705387,0.0,0.0,0.0,0.0,0.0
2009-05-18,1063470.6270705387,0.0,0.0,0.0,0.0,0.0
2009-05-19,1063470.6270705387,0.0,0.0,0.0,0.0,0.0
2009-05-20,1063470.6270705387,0.0,0.0,0.0,0.0,0.0
2009-05-21,1063470.6270705387,0.0,0.0,0.0,0.0,0.0
2009-05-22,1063470.6270705387,0.0,0.0,0.0,0.0,0.0
2009-05-26,1063470.6270705387,0.0,0.0,0.0,0.0,0.0
2009-05-27,1063470.6270705387,0.0,0.0,0.0,0.0,0.0
2009-05-28,1063470.6270705387,0.0,0.0,0.0,0.0,0.0
2009-05-29,1063470.6270705387,0.0,0.0,0.0,0.0,0.0
2009-06-01,1062938.8917570035,0.0,531.7353135352694,-0.0005,0.6169560208329996,0.5
2009-06-02,1058795.3055970971,-4143.586159906251,0.0,-0.003883098303699162,0.5575162399085939,0.5
2009-06-03,1046972.529231869,-11822.776365228132,0.0,-0.011042944785276072,0.5811001408522914,0.5
2009-06-04,1068230.854698506,21258.325466636932,0.0,0.020725388601036267,0.3928577221870133,0.5
2009-06-05,1066276.7738667403,-1954.0808317655599,0.0,-0.0018259281801582471,0.31683717705040304,0.5
2009-06-08,1069322.0359708068,3045.2621040665776,0.0,0.0028641571194762683,0.5283121331221456,0.5
2009-06-09,1074093.8584436988,4771.822472892039,0.0,0.004482477587612062,0.3614928809552634,0.5
2009-06-10,1075173.56678552,1079.708341821169,0.0,0.001006238679814852,0.2505602272307724,0.5
2009-06-11,1084234.0181910158,9060.451405495955,0.0,0.008498583569405098,0.40325048165954114,0.5
2009-06-12,1075034.7161424337,-9199.30204858202,0.0,-0.008413226374486401,0.5112759776393249,0.5
2009-06-15,1053028.6562424663,-20931.025183824986,1075.0347161424338,-0.020079149438865917,-0.05956613971210376,-0.5
2009-06-16,1050106.2158113574,-1869.4117748665337,1053.0286562424662,-0.002770353382674867,0.14971915107011755,0.5
2009-06-17,1052291.6605893206,2185.444777963283,0.0,0.0020855057351407717,0.2867171966303923,0.5
2009-06-18,1055563.033627422,3271.373038101515,0.0,0.0031185031185031182,0.26370543938110447,0.5
2009-06-19,1040452.5020440841,-15110.531583337968,0.0,-0.01411310792973906,0.21523450287742849,0.5
2009-06-22,1027798.0757056099,-12134.200087452211,520.2262510220421,-0.012022217564451897,-0.11479246880989434,-0.5
2009-06-23,1027284.1766677571,0.0,513.8990378528049,-0.0005,-0.43036028712416036,-0.5
2009-06-24,1024670.2220197475,-2613.95464800956,0.0,-0.0025380710659898475,-0.7997069517746491,-0.5
2009-06-25,1019402.0335575911,-4755.8533511465075,512.3351110098738,-0.005117597648047039,0.0,0.0
2009-06-26,1018892.3325408123,0.0,509.7010167787956,-0.0005,-1.9291767818024692,-0.5
2009-06-29,1012953.7427591423,-5938.5897816700135,0.0,-0.005794701986754967,-1.9904064447843977,-0.5
2009-06-30,1007757.6652268408,-4689.600660921955,506.47687137957115,-0.0051059907834101375,0.0,0.0
2009-07-01,1007253.7863942273,0.0,503.8788326134204,-0.0005,-1.7217255938233,-0.5
2009-07-02,1012952.9539742564,6202.79447322627,503.62689319711365,0.005693184089546272,0.0,0.0
2009-07-06,1012446.4774972693,0.0,506.4764769871282,-0.0005,-1.0318292341683961,-0.5
2009-07-07,1040499.6819779228,28053.204480653505,0.0,0.028497964431112067,-1.0275777317442756,-0.5
2009-07-08,1063219.017777617,22719.33579969439,0.0,0.022322435174746337,-1.1366777431989827,-0.5
2009-07-09,1050223.028861055,-12995.9889165622,0.0,-0.012075643654591022,-1.074724964009795,-0.5
2009-07-10,1041829.7561180185,-8393.272743036345,0.0,-0.007928531546621998,-0.9977723419682996,-0.5
2009-07-13,1058797.2914769093,16967.53535889084,0.0,0.016555918459285956,-0.9855355816713037,-0.5
2009-07-14,1067285.1305061562,8487.839029246867,0.0,0.008081274532440544,-0.969930734063935,-0.5
2009-07-15,1093867.8839894335,26582.75348327717,0.0,0.025543089042730963,-0.9620951354410897,-0.5
2009-07-16,1117717.5267319763,23849.642742542772,0.0,0.022289005760080142,-1.0607295482705692,-0.5
2009-07-17,1098535.3868008691,-19182.139931107176,0.0,-0.01687232435154873,-1.0201916468382397,-0.5
2009-07-20,1085749.0660530631,-12786.320747806056,0.0,-0.011505507955936354,-0.8255704655729819,-0.5
2009-07-21,1095471.4076416313,9722.341588568088,0.0,0.009035409035409036,-0.8643027625458145,-0.5
2009-07-22,1093311.7794353394,-2159.628206292028,0.0,-0.001967535661583866,-0.7753767670625128,-0.5
2009-07-23,1090628.1471834118,-2683.6322519276864,0.0,-0.002448579823702253,-0.8271712396590077,-0.5
2009-07-24,1091960.130753494,1331.9835700823298,0.0,0.001222792858889704,-0.886923671091876,-0.5
2009-07-27,1091826.4431762716,-133.68757722251397,0.0,-0.00012241400416207614,-1.764246691491281,-0.5
2009-07-28,1074052.5243338672,-17773.918842404422,0.0,-0.016018306636155607,-1.8347762344420653,-0.5
2009-07-29,1072524.7113547295,-1527.8129791377912,0.0,-0.0014204545454545455,-1.8999421425397653,-0.5
2009-07-30,1036110.8493166185,-35877.599682433625,536.2623556773648,-0.03285256776850052,0.0,0.0
2009-07-31,1036110.8493166185,0.0,0.0,0.0,0.0,0.0
2009-08-03,1036110.8493166185,0.0,0.0,0.0,0.0,0.0
2009-08-04,1035592.7938919602,0.0,518.0554246583092,-0.0005,-2.276998398030573,-0.5
2009-08-05,1031148.1896263295,-4444.60426563073,0.0,-0.004273504273504273,-2.3575772361449006,-0.5
2009-08-06,1033122.7287128479,1974.5390865185032,0.0,0.0019185674696226816,-2.2605177248067085,-0.5
2009-08-07,1026944.2929153341,-6178.435797513828,0.0,-0.0059447983014862,-2.0128700265810067,-0.5
2009-08-10,1033013.1912272018,6068.898311867741,0.0,0.005944798301486199,-1.9447582876764085,-0.5
2009-08-11,1012714.768845121,-20298.422382080855,0.0,-0.019271051529116043,-1.9331819666158843,-0.5
2009-08-12,1012922.8894305803,208.12058545933436,0.0,0.0002055498458376156,-1.8308379113380602,-0.5
2009-08-13,1024897.2040157486,11974.31458516825,0.0,0.011962966815770311,-1.8321355032756763,-0.5
2009-08-14,1062556.6190717074,37659.41505595875,0.0,0.03814624549131052,-2.1872642984793624,-0.5
2009-08-17,1116119.1322785493,54093.79151637783,531.2783095358537,0.05311302681992337,0.0,0.0
2009-08-18,1116119.1322785493,0.0,0.0,0.0,0.0,0.0
2009-08-19,1116119.1322785493,0.0,0.0,0.0,0.0,0.0
2009-08-20,1116119.1322785493,0.0,0.0,0.0,0.0,0.0
2009-08-21,1116119.1322785493,0.0,0.0,0.0,0.0,0.0
2009-08-24,1116119.1322785493,0.0,0.0,0.0,0.0,0.0
2009-08-25,1116119.1322785493,0.0,0.0,0.0,0.0,0.0
2009-08-26,1116119.1322785493,0.0,0.0,0.0,0.0,0.0
2009-08-27,1116119.1322785493,0.0,0.0,0.0,0.0,0.0
2009-08-28,1116119.1322785493,0.0,0.0,0.0,0.0,0.0
2009-08-31,1116119.1322785493,0.0,0.0,0.0,0.0,0.0
2009-09-01,1116119.1322785493,0.0,0.0,0.0,0.0,0.0
2009-09-02,1116119.1322785493,0.0,0.0,0.0,0.0,0.0
2009-09-03,1116119.1322785493,0.0,0.0,0.0,0.0,0.0
2009-09-04,1116119.1322785493,0.0,0.0,0.0,0.0,0.0
2009-09-08,1116119.1322785493,0.0,0.0,0.0,0.0,0.0
2009-09-09,1116119.1322785493,0.0,0.0,0.0,0.0,0.0
2009-09-10,1116119.1322785493,0.0,0.0,0.0,0.0,0.0
2009-09-11,1116119.1322785493,0.0,0.0,0.0,0.0,0.0
2009-09-14,1116119.1322785493,0.0,0.0,0.0,0.0,0.0
2009-09-15,1115561.07271241,0.0,558.0595661392747,-0.0005,-0.16528415749733372,-0.5
2009-09-16,1119965.2148640559,5519.703224358278,1115.5610727124101,0.003967547762365872,0.15576619321996799,0.5
2009-09-17,1121438.0781134826,1472.863249426691,0.0,0.001316829075585989,0.3859484536506121,0.5
2009-09-18,1114377.6075272486,-7060.470586233889,0.0,-0.006256517205422315,0.4458547321850773,0.5
2009-09-21,1098094.194027249,-16283.413499999646,0.0,-0.014401675831369469,1.2186363970166203,0.5
2009-09-22,1103203.0066431393,5108.8126158903215,0.0,0.004674182018146824,1.1195173996606986,0.5
2009-09-23,1102305.6072342647,-897.399408874571,0.0,-0.000812787862367922,0.6568430800876138,0.5
2009-09-24,1101706.8535095314,-598.7537247334409,0.0,-0.0005428881650380022,0.49388685660051174,0.5
2009-09-25,1105600.8690330833,3894.0155235519055,0.0,0.003547066848567531,1.0439260771596452,0.5
2009-09-28,1101720.520410667,-3880.348622416329,0.0,-0.0034974441754102767,1.513062292436198,0.5
2009-09-29,1100222.8035531212,-1497.716857545768,0.0,-0.0013575889220743959,1.6022054550322353,0.5
2009-09-30,1106221.8373783836,5999.033825262383,0.0,0.005482456140350877,1.8717300887167103,0.5
2009-10-01,1106221.8373783836,0.0,0.0,0.0,0.0,0.0
2009-10-02,1106221.8373783836,0.0,0.0,0.0,0.0,0.0
2009-10-05,1106221.8373783836,0.0,0.0,0.0,0.0,0.0
2009-10-06,1106221.8373783836,0.0,0.0,0.0,0.0,0.0
2009-10-07,1106221.8373783836,0.0,0.0,0.0,0.0,0.0
2009-10-08,1106221.8373783836,0.0,0.0,0.0,0.0,0.0
2009-10-09,1106221.8373783836,0.0,0.0,0.0,0.0,0.0
2009-10-12,1106221.8373783836,0.0,0.0,0.0,0.0,0.0
2009-10-13,1106221.8373783836,0.0,0.0,0.0,0.0,0.0
2009-10-14,1106221.8373783836,0.0,0.0,0.0,0.0,0.0
2009-10-15,1106221.8373783836,0.0,0.0,0.0,0.0,0.0
2009-10-16,1106221.8373783836,0.0,0.0,0.0,0.0,0.0
2009-10-19,1106221.8373783836,0.0,0.0,0.0,0.0,0.0
2009-10-20,1106221.8373783836,0.0,0.0,0.0,0.0,0.0
2009-10-21,1106221.8373783836,0.0,0.0,0.0,0.0,0.0
2009-10-22,1106221.8373783836,0.0,0.0,0.0,0.0,0.0
2009-10-23,1106221.8373783836,0.0,0.0,0.0,0.0,0.0
2009-10-26,1106221.8373783836,0.0,0.0,0.0,0.0,0.0
2009-10-27,1106221.8373783836,0.0,0.0,0.0,0.0,0.0
2009-10-28,1106221.8373783836,0.0,0.0,0.0,0.0,0.0
2009-10-29,1106221.8373783836,0.0,0.0,0.0,0.0,0.0
2009-10-30,1106221.8373783836,0.0,0.0,0.0,0.0,0.0
2009-11-02,1106221.8373783836,0.0,0.0,0.0,0.0,0.0
2009-11-03,1106221.8373783836,0.0,0.0,0.0,0.0,0.0
2009-11-04,1106221.8373783836,0.0,0.0,0.0,0.0,0.0
2009-11-05,1106221.8373783836,0.0,0.0,0.0,0.0,0.0
2009-11-06,1106221.8373783836,0.0,0.0,0.0,0.0,0.0
2009-11-09,1106221.8373783836,0.0,0.0,0.0,0.0,0.0
2009-11-10,1106221.8373783836,0.0,0.0,0.0,0.0,0.0
2009-11-11,1106221.8373783836,0.0,0.0,0.0,0.0,0.0
2009-11-12,1106221.8373783836,0.0,0.0,0.0,0.0,0.0
2009-11-13,1106221.8373783836,0.0,0.0,0.0,0.0,0.0
2009-11-16,1106221.8373783836,0.0,0.0,0.0,0.0,0.0
2009-11-17,1106221.8373783836,0.0,0.0,0.0,0.0,0.0
2009-11-18,1106221.8373783836,0.0,0.0,0.0,0.0,0.0
2009-11-19,1106221.8373783836,0.0,0.0,0.0,0.0,0.0
2009-11-20,1106221.8373783836,0.0,0.0,0.0,0.0,0.0
2009-11-23,1106221.8373783836,0.0,0.0,0.0,0.0,0.0
2009-11-24,1106221.8373783836,0.0,0.0,0.0,0.0,0.0
2009-11-25,1106221.8373783836,0.0,0.0,0.0,0.0,0.0
2009-11-27,1106221.8373783836,0.0,0.0,0.0,0.0,0.0
2009-11-30,1106221.8373783836,0.0,0.0,0.0,0.0,0.0
2009-12-01,1106221.8373783836,0.0,0.0,0.0,0.0,0.0
2009-12-02,1106221.8373783836,0.0,0.0,0.0,0.0,0.0
2009-12-03,1106221.8373783836,0.0,0.0,0.0,0.0,0.0
2009-12-04,1106221.8373783836,0.0,0.0,0.0,0.0,0.0
2009-12-07,1106221.8373783836,0.0,0.0,0.0,0.0,0.0
2009-12-08,1106221.8373783836,0.0,0.0,0.0,0.0,0.0
2009-12-09,1106221.8373783836,0.0,0.0,0.0,0.0,0.0
2009-12-10,1106221.8373783836,0.0,0.0,0.0,0.0,0.0
2009-12-11,1106221.8373783836,0.0,0.0,0.0,0.0,0.0
2009-12-14,1106221.8373783836,0.0,0.0,0.0,0.0,0.0
2009-12-15,1106221.8373783836,0.0,0.0,0.0,0.0,0.0
2009-12-16,1106221.8373783836,0.0,0.0,0.0,0.0,0.0
2009-12-17,1106221.8373783836,0.0,0.0,0.0,0.0,0.0
2009-12-18,1106221.8373783836,0.0,0.0,0.0,0.0,0.0
2009-12-21,1106221.8373783836,0.0,0.0,0.0,0.0,0.0
2009-12-22,1106221.8373783836,0.0,0.0,0.0,0.0,0.0
2009-12-23,1106221.8373783836,0.0,0.0,0.0,0.0,0.0
2009-12-24,1106221.8373783836,0.0,0.0,0.0,0.0,0.0
2009-12-28,1106221.8373783836,0.0,0.0,0.0,0.0,0.0
2009-12-29,1106221.8373783836,0.0,0.0,0.0,0.0,0.0
2009-12-30,1106221.8373783836,0.0,0.0,0.0,0.0,0.0
2009-12-31,1106221.8373783836,0.0,0.0,0.0,0.0,0.0
2010-01-04,1106221.8373783836,0.0,0.0,0.0,0.0,0.0
2010-01-05,1106221.8373783836,0.0,0.0,0.0,0.0,0.0
2010-01-06,1106221.8373783836,0.0,0.0,0.0,0.0,0.0
2010-01-07,1106221.8373783836,0.0,0.0,0.0,0.0,0.0
2010-01-08,1106221.8373783836,0.0,0.0,0.0,0.0,0.0
2010-01-11,1106221.8373783836,0.0,0.0,0.0,0.0,0.0
2010-01-12,1106221.8373783836,0.0,0.0,0.0,0.0,0.0
2010-01-13,1106221.8373783836,0.0,0.0,0.0,0.0,0.0
2010-01-14,1106221.8373783836,0.0,0.0,0.0,0.0,0.0
2010-01-15,1106221.8373783836,0.0,0.0,0.0,0.0,0.0
2010-01-19,1106221.8373783836,0.0,0.0,0.0,0.0,0.0
2010-01-20,1106221.8373783836,0.0,0.0,0.0,0.0,0.0
2010-01-21,1106221.8373783836,0.0,0.0,0.0,0.0,0.0
2010-01-22,1106221.8373783836,0.0,0.0,0.0,0.0,0.0
2010-01-25,1106221.8373783836,0.0,0.0,0.0,0.0,0.0
2010-01-26,1106221.8373783836,0.0,0.0,0.0,0.0,0.0
2010-01-27,1106221.8373783836,0.0,0.0,0.0,0.0,0.0
2010-01-28,1106221.8373783836,0.0,0.0,0.0,0.0,0.0
2010-01-29,1106221.8373783836,0.0,0.0,0.0,0.0,0.0
2010-02-01,1106221.8373783836,0.0,0.0,0.0,0.0,0.0
2010-02-02,1106221.8373783836,0.0,0.0,0.0,0.0,0.0
2010-02-03,1106221.8373783836,0.0,0.0,0.0,0.0,0.0
2010-02-04,1106221.8373783836,0.0,0.0,0.0,0.0,0.0
2010-02-05,1106221.8373783836,0.0,0.0,0.0,0.0,0.0
2010-02-08,1106221.8373783836,0.0,0.0,0.0,0.0,0.0
2010-02-09,1106221.8373783836,0.0,0.0,0.0,0.0,0.0
2010-02-10,1106221.8373783836,0.0,0.0,0.0,0.0,0.0
2010-02-11,1106221.8373783836,0.0,0.0,0.0,0.0,0.0
2010-02-12,1106221.8373783836,0.0,0.0,0.0,0.0,0.0
2010-02-16,1106221.8373783836,0.0,0.0,0.0,0.0,0.0
2010-02-17,1106221.8373783836,0.0,0.0,0.0,0.0,0.0
2010-02-18,1106221.8373783836,0.0,0.0,0.0,0.0,0.0
2010-02-19,1106221.8373783836,0.0,0.0,0.0,0.0,0.0
2010-02-22,1106221.8373783836,0.0,0.0,0.0,0.0,0.0
2010-02-23,1106221.8373783836,0.0,0.0,0.0,0.0,0.0
2010-02-24,1106221.8373783836,0.0,0.0,0.0,0.0,0.0
2010-02-25,1106221.8373783836,0.0,0.0,0.0,0.0,0.0
2010-02-26,1106221.8373783836,0.0,0.0,0.0,0.0,0.0
2010-03-01,1106221.8373783836,0.0,0.0,0.0,0.0,0.0
2010-03-02,1106221.8373783836,0.0,0.0,0.0,0.0,0.0
2010-03-03,1106221.8373783836,0.0,0.0,0.0,0.0,0.0
2010-03-04,1106221.8373783836,0.0,0.0,0.0,0.0,0.0
2010-03-05,1106221.8373783836,0.0,0.0,0.0,0.0,0.0
2010-03-08,1106221.8373783836,0.0,0.0,0.0,0.0,0.0
2010-03-09,1106221.8373783836,0.0,0.0,0.0,0.0,0.0
2010-03-10,1106221.8373783836,0.0,0.0,0.0,0.0,0.0
2010-03-11,1106221.8373783836,0.0,0.0,0.0,0.0,0.0
2010-03-12,1106221.8373783836,0.0,0.0,0.0,0.0,0.0
2010-03-15,1106221.8373783836,0.0,0.0,0.0,0.0,0.0
2010-03-16,1106221.8373783836,0.0,0.0,0.0,0.0,0.0
2010-03-17,1106221.8373783836,0.0,0.0,0.0,0.0,0.0
2010-03-18,1106221.8373783836,0.0,0.0,0.0,0.0,0.0
2010-03-19,1106221.8373783836,0.0,0.0,0.0,0.0,0.0
2010-03-22,1106221.8373783836,0.0,0.0,0.0,0.0,0.0
2010-03-23,1106221.8373783836,0.0,0.0,0.0,0.0,0.0
2010-03-24,1106221.8373783836,0.0,0.0,0.0,0.0,0.0
2010-03-25,1106221.8373783836,0.0,0.0,0.0,0.0,0.0
2010-03-26,1106221.8373783836,0.0,0.0,0.0,0.0,0.0
2010-03-29,1106221.8373783836,0.0,0.0,0.0,0.0,0.0
2010-03-30,1106221.8373783836,0.0,0.0,0.0,0.0,0.0
2010-03-31,1106221.8373783836,0.0,0.0,0.0,0.0,0.0
2010-04-01,1106221.8373783836,0.0,0.0,0.0,0.0,0.0
2010-04-05,1106221.8373783836,0.0,0.0,0.0,0.0,0.0
2010-04-06,1106221.8373783836,0.0,0.0,0.0,0.0,0.0
2010-04-07,1106221.8373783836,0.0,0.0,0.0,0.0,0.0
2010-04-08,1106221.8373783836,0.0,0.0,0.0,0.0,0.0
2010-04-09,1106221.8373783836,0.0,0.0,0.0,0.0,0.0
2010-04-12,1106221.8373783836,0.0,0.0,0.0,0.0,0.0
2010-04-13,1106221.8373783836,0.0,0.0,0.0,0.0,0.0
2010-04-14,1106221.8373783836,0.0,0.0,0.0,0.0,0.0
2010-04-15,1106221.8373783836,0.0,0.0,0.0,0.0,0.0
2010-04-16,1106221.8373783836,0.0,0.0,0.0,0.0,0.0
2010-04-19,1106221.8373783836,0.0,0.0,0.0,0.0,0.0
2010-04-20,1106221.8373783836,0.0,0.0,0.0,0.0,0.0
2010-04-21,1106221.8373783836,0.0,0.0,0.0,0.0,0.0
2010-04-22,1106221.8373783836,0.0,0.0,0.0,0.0,0.0
2010-04-23,1106221.8373783836,0.0,0.0,0.0,0.0,0.0
2010-04-26,1106221.8373783836,0.0,0.0,0.0,0.0,0.0
2010-04-27,1106221.8373783836,0.0,0.0,0.0,0.0,0.0
2010-04-28,1106221.8373783836,0.0,0.0,0.0,0.0,0.0
2010-04-29,1106221.8373783836,0.0,0.0,0.0,0.0,0.0
2010-04-30,1106221.8373783836,0.0,0.0,0.0,0.0,0.0
2010-05-03,1106221.8373783836,0.0,0.0,0.0,0.0,0.0
2010-05-04,1106221.8373783836,0.0,0.0,0.0,0.0,0.0
2010-05-05,1106221.8373783836,0.0,0.0,0.0,0.0,0.0
2010-05-06,1106221.8373783836,0.0,0.0,0.0,0.0,0.0
2010-05-07,1106221.8373783836,0.0,0.0,0.0,0.0,0.0
2010-05-10,1106221.8373783836,0.0,0.0,0.0,0.0,0.0
2010-05-11,1106221.8373783836,0.0,0.0,0.0,0.0,0.0
2010-05-12,1106221.8373783836,0.0,0.0,0.0,0.0,0.0
2010-05-13,1106221.8373783836,0.0,0.0,0.0,0.0,0.0
2010-05-14,1106221.8373783836,0.0,0.0,0.0,0.0,0.0
2010-05-17,1106221.8373783836,0.0,0.0,0.0,0.0,0.0
2010-05-18,1106221.8373783836,0.0,0.0,0.0,0.0,0.0
2010-05-19,1106221.8373783836,0.0,0.0,0.0,0.0,0.0
2010-05-20,1106221.8373783836,0.0,0.0,0.0,0.0,0.0
2010-05-21,1106221.8373783836,0.0,0.0,0.0,0.0,0.0
2010-05-24,1106221.8373783836,0.0,0.0,0.0,0.0,0.0
2010-05-25,1106221.8373783836,0.0,0.0,0.0,0.0,0.0
2010-05-26,1106221.8373783836,0.0,0.0,0.0,0.0,0.0
2010-05-27,1106221.8373783836,0.0,0.0,0.0,0.0,0.0
2010-05-28,1106221.8373783836,0.0,0.0,0.0,0.0,0.0
2010-06-01,1105668.7264596943,0.0,553.1109186891919,-0.0005,-0.8250146456573917,-0.5
2010-06-02,1105372.14150088,-296.5849588142957,0.0,-0.0002681684097613301,-0.6793944206303582,-0.5
2010-06-03,1092036.5526623975,-13335.588838482467,0.0,-0.011920529801324502,-0.6958813727456039,-0.5
2010-06-04,1103471.490386611,11434.937724213587,0.0,0.010582010582010583,-0.6985066408639562,-0.5
2010-06-07,1102368.0188962244,0.0,1103.471490386611,-0.001,1.4016135648986032,0.5
2010-06-08,1100010.0124386924,-2358.006457532031,0.0,-0.0021344717182497333,1.7099836120148555,0.5
2010-06-09,1107394.6124147845,7384.599976092189,0.0,0.006758583400919167,1.8246350826616573,0.5
2010-06-10,1102406.348394898,-4988.2640198864165,0.0,-0.004484304932735426,2.0332439914157487,0.5
2010-06-11,1109038.4721486105,6632.123753712622,0.0,0.00605245460659045,2.005021919893497,0.5
2010-06-14,1112115.0650039765,3076.5928553660265,0.0,0.00278182540733872,1.943963771146629,0.5
2010-06-15,1110946.2630439093,-1168.8019600672374,0.0,-0.0010498687664041995,1.759523845176918,0.5
2010-06-16,1115772.6488628206,4826.385818911139,0.0,0.0043633478778262605,1.6874689560703637,0.5
2010-06-17,1112423.29217738,-3349.356685440469,0.0,-0.002992843201040989,1.4984281540553337,0.5
2010-06-18,1117681.595554269,5258.303376888876,0.0,0.00474934036939314,1.6503374937389588,0.5
2010-06-21,1118990.0157363694,1308.4201821004708,0.0,0.0011720276077614273,0.9814585297636983,0.5
2010-06-22,1120296.907786931,1306.8920505615529,0.0,0.0011692867350915942,0.7149587014871985,0.5
2010-06-23,1115945.676917743,-4351.230869187976,0.0,-0.003868970853752902,0.6490630413258759,0.5
2010-06-24,1114489.5891347083,-1456.0877830346333,0.0,-0.0013031013812874641,0.3003834734344386,0.5
2010-06-25,1114807.139936008,874.795595867118,557.2447945673541,0.0002851531814611155,0.0,0.0
2010-06-28,1114249.73636604,0.0,557.403569968004,-0.0005,-0.66949399844409,-0.5
2010-06-29,1118770.9067622898,4521.170396249639,0.0,0.00407412274937574,-0.7635435046574954,-0.5
2010-06-30,1118032.7364622355,-738.1703000542952,0.0,-0.0006593696426216537,-0.9076648106301035,-0.5
2010-07-01,1115085.8921384024,-2946.8443238329874,0.0,-0.002628811777076761,-0.7108280020137399,-0.5
2010-07-02,1109677.1115918476,-5408.7805465549145,0.0,-0.004827136333985649,-0.6769014721407317,-0.5
2010-07-06,1108812.6526630563,-864.4589287913641,0.0,-0.0007784120394395435,-1.5888164955895794,-0.5
2010-07-07,1092282.5184841282,-16530.134178928114,0.0,-0.014688976880827691,-1.5573266649619757,-0.5
2010-07-08,1081011.54887119,-10724.828353696123,546.141259242064,-0.010218399401645475,-1.7891599359432913,-0.5
2010-07-09,1080471.0430967545,0.0,540.5057744355951,-0.0005,-2.023606271943494,-0.5
2010-07-12,1077178.5301667913,-3292.512929963294,0.0,-0.003038036213391664,-2.187927542582089,-0.5
2010-07-13,1077831.0492667228,652.5190999314219,0.0,0.000606134076857801,-2.3038500237552184,-0.5
2010-07-14,1074954.741274987,-2876.3079917355535,0.0,-0.002661504960077426,-2.6751053767483017,-0.5
2010-07-15,1083774.3506387298,8819.609363742655,0.0,0.00827250608272506,-2.610039944007412,-0.5
2010-07-16,1083508.4589923513,-265.8916463784911,0.0,-0.0002452783909737552,-2.5279937585310988,-0.5
2010-07-19,1089619.4679567516,6111.0089644002155,0.0,0.005672009864364982,-2.336752582431448,-0.5
2010-07-20,1087592.6460297487,-2026.821927002886,0.0,-0.001856665428889714,-2.241935899579876,-0.5
2010-07-21,1085711.4628021212,-1881.1832276274379,0.0,-0.0017266896891958558,-2.1197113230752973,-0.5
2010-07-22,1085310.4366523544,-401.026149766851,0.0,-0.0003692307692307693,-2.070590387860109,-0.5
2010-07-23,1084776.3271854979,-534.1094668564737,0.0,-0.0004918839153959665,-1.9191676453929367,-0.5
2010-07-26,1094776.1089626504,9999.781777152451,0.0,0.009304056568663939,-2.0378994810254047,-0.5
2010-07-27,1094913.1958783732,137.08691572284627,0.0,0.00012523481527864746,-2.0340472832604855,-0.5
2010-07-28,1088056.2745614997,-6856.92131687358,0.0,-0.006223549912870301,-1.8394622655367074,-0.5
2010-07-29,1079307.6775987959,-8748.596962703796,0.0,-0.00797643882684992,-1.8948433662378423,-0.5
2010-07-30,1065773.6271005396,-13534.050498256145,0.0,-0.01238427317542383,-1.8090908016145653,-0.5
2010-08-02,1065393.89777972,-379.72932081966974,0.0,-0.0003561676362341209,-1.1039841818036513,-0.5
2010-08-03,1065267.4565385878,-126.44124113217659,0.0,-0.00011866619200189867,-1.0784844589224927,-0.5
2010-08-04,1065520.2490057303,252.79246714252204,0.0,0.00023736055067647758,-0.9689829064190167,-0.5
2010-08-05,1064508.3589307012,-1011.8900750291835,0.0,-0.0009487666034155599,-0.9778107664417768,-0.5
2010-08-06,1062490.3336057141,-2018.0253249871112,0.0,-0.0018921475875118261,-0.9716211485875295,-0.5
2010-08-09,1067757.6369592836,5267.303353569404,0.0,0.00498220640569395,-0.8483864064483854,-0.5
2010-08-10,1073995.133884773,6237.496925489377,0.0,0.005876004317064395,-0.6992198286715776,-0.5
2010-08-11,1069719.8818439771,-4275.252040795839,0.0,-0.0039649164964556055,-0.6408212239591168,-0.5
2010-08-12,1063318.9730249012,-6400.908819075976,0.0,-0.005948132286462051,-0.6196531565846748,-0.5
2010-08-13,1065833.918561857,2514.945536955774,0.0,0.002370791844476055,-0.653300736553175,-0.5
2010-08-16,1074952.2695761693,9118.351014312464,0.0,0.008628954937679768,-0.5725861634531518,-0.5
2010-08-17,1069104.487645448,-5847.781930721424,0.0,-0.0054106047853793434,-0.6275147228208786,-0.5
2010-08-18,1074218.5966511664,5114.109005718478,0.0,0.004806536890170632,-0.9440444225508073,-0.5
2010-08-19,1083816.782614966,9598.185963799362,0.0,0.009015594541910333,-1.050399048619296,-0.5
2010-08-20,1087814.139816644,3997.3572016780154,0.0,0.003701875616979269,-1.0617464061095756,-0.5
2010-08-23,1089026.7144089588,1212.5745923148122,0.0,0.001115933044017359,-1.3971010901654282,-0.5
2010-08-24,1093082.1763543745,4055.461945415686,0.0,0.00373785198106155,-1.1896047485194672,-0.5
2010-08-25,1092808.7691066621,-273.4072477124498,0.0,-0.0002500625156289072,-0.9459901497877683,-0.5
2010-08-26,1085705.512107469,-7103.256999193303,0.0,-0.006458022851465474,-0.6854005219412447,-0.5
2010-08-27,1080882.53599248,-4822.976114988756,0.0,-0.004422604422604423,-0.7336113994599236,-0.5
2010-08-30,1082997.766004207,2115.230011726967,0.0,0.00196078431372549,-0.6554996131781198,-0.5
2010-08-31,1088317.0084698466,5319.242465639524,0.0,0.004935834155972359,-0.685479560430683,-0.5
2010-09-01,1090206.4477206622,1889.4392508157057,0.0,0.0017391304347826085,-0.19810164231651045,-0.5
2010-09-02,1087488.257528212,-1627.9837447297098,1090.2064477206623,-0.002489562624254473,0.2591177148402897,0.5
2010-09-03,1099496.5025555086,12008.245027296633,0.0,0.011165474846317903,0.6599040182832897,0.5
2010-09-07,1106970.6229904576,7474.120434948833,0.0,0.00684429234905891,1.2394849548076052,0.5
2010-09-08,1105644.909669511,-1325.7133209466558,0.0,-0.001196172248803828,1.0359529502656482,0.5
2010-09-09,1103786.6829305706,-1858.2267389403548,0.0,-0.0016778523489932886,0.9050344701920612,0.5
2010-09-10,1096208.2872515724,-7578.395678998136,0.0,-0.006818997487737767,1.1539314684545152,0.5
2010-09-13,1097145.4462660765,937.1590145042753,0.0,0.0008556411196675222,1.4912739304248237,0.5
2010-09-14,1097011.6806666781,-133.76559939844873,0.0,-0.00012190661952944045,1.7835887247710336,0.5
2010-09-15,1106376.4145260279,9364.733859349692,0.0,0.00861008610086101,2.18962275325101,0.5
2010-09-16,1103059.9384633,-3316.476062727901,0.0,-0.0029886431560071725,2.350599638918527,0.5
2010-09-17,1120490.680554819,17430.742091518976,0.0,0.016055889202108105,2.1001702579858876,0.5
2010-09-20,1128613.9759470546,8123.295392235592,0.0,0.007302709069493521,2.0681774907319883,0.5
2010-09-21,1126272.4531753801,-2341.522771674387,0.0,-0.0020703933747412005,1.9453709472492782,0.5
2010-09-22,1130704.5438475981,4432.090672217931,0.0,0.0039507320474087846,1.806127811657853,0.5
2010-09-23,1133301.4766538627,2596.93280626458,0.0,0.0023020257826887663,1.5530150288506392,0.5
2010-09-24,1150142.9480719015,16841.471418038655,0.0,0.015084706428405663,1.5925573247457612,0.5
2010-09-27,1151419.7497460488,1276.801674147315,0.0,0.0011113580795732384,1.5674770259198867,0.5
2010-09-28,1141981.8829448516,-9437.866801197122,0.0,-0.008130081300813009,1.5086760431340058,0.5
2010-09-29,1136323.4141554853,-5658.468789366381,0.0,-0.004930524428507396,1.4571113208469146,0.5
2010-09-30,1140330.0140006652,4006.599845179714,0.0,0.003538408857436366,1.4564856043700247,0.5
2010-10-01,1140330.0140006652,0.0,0.0,0.0,0.0,0.0
2010-10-04,1140330.0140006652,0.0,0.0,0.0,0.0,0.0
2010-10-05,1140330.0140006652,0.0,0.0,0.0,0.0,0.0
2010-10-06,1140330.0140006652,0.0,0.0,0.0,0.0,0.0
2010-10-07,1140330.0140006652,0.0,0.0,0.0,0.0,0.0
2010-10-08,1140330.0140006652,0.0,0.0,0.0,0.0,0.0
2010-10-11,1140330.0140006652,0.0,0.0,0.0,0.0,0.0
2010-10-12,1140330.0140006652,0.0,0.0,0.0,0.0,0.0
2010-10-13,1140330.0140006652,0.0,0.0,0.0,0.0,0.0
2010-10-14,1140330.0140006652,0.0,0.0,0.0,0.0,0.0
2010-10-15,1140330.0140006652,0.0,0.0,0.0,0.0,0.0
2010-10-18,1140330.0140006652,0.0,0.0,0.0,0.0,0.0
2010-10-19,1140330.0140006652,0.0,0.0,0.0,0.0,0.0
2010-10-20,1140330.0140006652,0.0,0.0,0.0,0.0,0.0
2010-10-21,1140330.0140006652,0.0,0.0,0.0,0.0,0.0
2010-10-22,1140330.0140006652,0.0,0.0,0.0,0.0,0.0
2010-10-25,1140330.0140006652,0.0,0.0,0.0,0.0,0.0
2010-10-26,1140330.0140006652,0.0,0.0,0.0,0.0,0.0
2010-10-27,1140330.0140006652,0.0,0.0,0.0,0.0,0.0
2010-10-28,1140330.0140006652,0.0,0.0,0.0,0.0,0.0
2010-10-29,1140330.0140006652,0.0,0.0,0.0,0.0,0.0
2010-11-01,1140330.0140006652,0.0,0.0,0.0,0.0,0.0
2010-11-02,1140330.0140006652,0.0,0.0,0.0,0.0,0.0
2010-11-03,1140330.0140006652,0.0,0.0,0.0,0.0,0.0
2010-11-04,1140330.0140006652,0.0,0.0,0.0,0.0,0.0
2010-11-05,1140330.0140006652,0.0,0.0,0.0,0.0,0.0
2010-11-08,1140330.0140006652,0.0,0.0,0.0,0.0,0.0
2010-11-09,1140330.0140006652,0.0,0.0,0.0,0.0,0.0
2010-11-10,1140330.0140006652,0.0,0.0,0.0,0.0,0.0
2010-11-11,1140330.0140006652,0.0,0.0,0.0,0.0,0.0
2010-11-12,1140330.0140006652,0.0,0.0,0.0,0.0,0.0
2010-11-15,1140330.0140006652,0.0,0.0,0.0,0.0,0.0
2010-11-16,1140330.0140006652,0.0,0.0,0.0,0.0,0.0
2010-11-17,1140330.0140006652,0.0,0.0,0.0,0.0,0.0
2010-11-18,1140330.0140006652,0.0,0.0,0.0,0.0,0.0
2010-11-19,1140330.0140006652,0.0,0.0,0.0,0.0,0.0
2010-11-22,1140330.0140006652,0.0,0.0,0.0,0.0,0.0
2010-11-23,1140330.0140006652,0.0,0.0,0.0,0.0,0.0
2010-11-24,1140330.0140006652,0.0,0.0,0.0,0.0,0.0
2010-11-26,1140330.0140006652,0.0,0.0,0.0,0.0,0.0
2010-11-29,1140330.0140006652,0.0,0.0,0.0,0.0,0.0
2010-11-30,1140330.0140006652,0.0,0.0,0.0,0.0,0.0
2010-12-01,1140330.0140006652,0.0,0.0,0.0,0.0,0.0
2010-12-02,1140330.0140006652,0.0,0.0,0.0,0.0,0.0
2010-12-03,1140330.0140006652,0.0,0.0,0.0,0.0,0.0
2010-12-06,1140330.0140006652,0.0,0.0,0.0,0.0,0.0
2010-12-07,1140330.0140006652,0.0,0.0,0.0,0.0,0.0
2010-12-08,1140330.0140006652,0.0,0.0,0.0,0.0,0.0
2010-12-09,1140330.0140006652,0.0,0.0,0.0,0.0,0.0
2010-12-10,1140330.0140006652,0.0,0.0,0.0,0.0,0.0
2010-12-13,1140330.0140006652,0.0,0.0,0.0,0.0,0.0
2010-12-14,1140330.0140006652,0.0,0.0,0.0,0.0,0.0
2010-12-15,1140330.0140006652,0.0,0.0,0.0,0.0,0.0
2010-12-16,1140330.0140006652,0.0,0.0,0.0,0.0,0.0
2010-12-17,1140330.0140006652,0.0,0.0,0.0,0.0,0.0
2010-12-20,1140330.0140006652,0.0,0.0,0.0,0.0,0.0
2010-12-21,1140330.0140006652,0.0,0.0,0.0,0.0,0.0
2010-12-22,1140330.0140006652,0.0,0.0,0.0,0.0,0.0
2010-12-23,1140330.0140006652,0.0,0.0,0.0,0.0,0.0
2010-12-27,1140330.0140006652,0.0,0.0,0.0,0.0,0.0
2010-12-28,1140330.0140006652,0.0,0.0,0.0,0.0,0.0
2010-12-29,1140330.0140006652,0.0,0.0,0.0,0.0,0.0
2010-12-30,1140330.0140006652,0.0,0.0,0.0,0.0,0.0
2010-12-31,1140330.0140006652,0.0,0.0,0.0,0.0,0.0
2011-01-03,1140330.0140006652,0.0,0.0,0.0,0.0,0.0
2011-01-04,1140330.0140006652,0.0,0.0,0.0,0.0,0.0
2011-01-05,1140330.0140006652,0.0,0.0,0.0,0.0,0.0
2011-01-06,1140330.0140006652,0.0,0.0,0.0,0.0,0.0
2011-01-07,1140330.0140006652,0.0,0.0,0.0,0.0,0.0
2011-01-10,1140330.0140006652,0.0,0.0,0.0,0.0,0.0
2011-01-11,1140330.0140006652,0.0,0.0,0.0,0.0,0.0
2011-01-12,1140330.0140006652,0.0,0.0,0.0,0.0,0.0
2011-01-13,1140330.0140006652,0.0,0.0,0.0,0.0,0.0
2011-01-14,1140330.0140006652,0.0,0.0,0.0,0.0,0.0
2011-01-18,1140330.0140006652,0.0,0.0,0.0,0.0,0.0
2011-01-19,1140330.0140006652,0.0,0.0,0.0,0.0,0.0
2011-01-20,1140330.0140006652,0.0,0.0,0.0,0.0,0.0
2011-01-21,1140330.0140006652,0.0,0.0,0.0,0.0,0.0
2011-01-24,1140330.0140006652,0.0,0.0,0.0,0.0,0.0
2011-01-25,1140330.0140006652,0.0,0.0,0.0,0.0,0.0
2011-01-26,1140330.0140006652,0.0,0.0,0.0,0.0,0.0
2011-01-27,1140330.0140006652,0.0,0.0,0.0,0.0,0.0
2011-01-28,1140330.0140006652,0.0,0.0,0.0,0.0,0.0
2011-01-31,1140330.0140006652,0.0,0.0,0.0,0.0,0.0
2011-02-01,1140330.0140006652,0.0,0.0,0.0,0.0,0.0
2011-02-02,1140330.0140006652,0.0,0.0,0.0,0.0,0.0
2011-02-03,1140330.0140006652,0.0,0.0,0.0,0.0,0.0
2011-02-04,1140330.0140006652,0.0,0.0,0.0,0.0,0.0
2011-02-07,1140330.0140006652,0.0,0.0,0.0,0.0,0.0
2011-02-08,1140330.0140006652,0.0,0.0,0.0,0.0,0.0
2011-02-09,1140330.0140006652,0.0,0.0,0.0,0.0,0.0
2011-02-10,1140330.0140006652,0.0,0.0,0.0,0.0,0.0
2011-02-11,1140330.0140006652,0.0,0.0,0.0,0.0,0.0
2011-02-14,1140330.0140006652,0.0,0.0,0.0,0.0,0.0
2011-02-15,1140330.0140006652,0.0,0.0,0.0,0.0,0.0
2011-02-16,1140330.0140006652,0.0,0.0,0.0,0.0,0.0
2011-02-17,1140330.0140006652,0.0,0.0,0.0,0.0,0.0
2011-02-18,1140330.0140006652,0.0,0.0,0.0,0.0,0.0
2011-02-22,1140330.0140006652,0.0,0.0,0.0,0.0,0.0
2011-02-23,1140330.0140006652,0.0,0.0,0.0,0.0,0.0
2011-02-24,1140330.0140006652,0.0,0.0,0.0,0.0,0.0
2011-02-25,1140330.0140006652,0.0,0.0,0.0,0.0,0.0
2011-02-28,1140330.0140006652,0.0,0.0,0.0,0.0,0.0
2011-03-01,1140330.0140006652,0.0,0.0,0.0,0.0,0.0
2011-03-02,1140330.0140006652,0.0,0.0,0.0,0.0,0.0
2011-03-03,1140330.0140006652,0.0,0.0,0.0,0.0,0.0
2011-03-04,1140330.0140006652,0.0,0.0,0.0,0.0,0.0
2011-03-07,1140330.0140006652,0.0,0.0,0.0,0.0,0.0
2011-03-08,1140330.0140006652,0.0,0.0,0.0,0.0,0.0
2011-03-09,1140330.0140006652,0.0,0.0,0.0,0.0,0.0
2011-03-10,1140330.0140006652,0.0,0.0,0.0,0.0,0.0
2011-03-11,1140330.0140006652,0.0,0.0,0.0,0.0,0.0
2011-03-14,1140330.0140006652,0.0,0.0,0.0,0.0,0.0
2011-03-15,1140330.0140006652,0.0,0.0,0.0,0.0,0.0
2011-03-16,1140330.0140006652,0.0,0.0,0.0,0.0,0.0
2011-03-17,1140330.0140006652,0.0,0.0,0.0,0.0,0.0
2011-03-18,1140330.0140006652,0.0,0.0,0.0,0.0,0.0
2011-03-21,1140330.0140006652,0.0,0.0,0.0,0.0,0.0
2011-03-22,1140330.0140006652,0.0,0.0,0.0,0.0,0.0
2011-03-23,1140330.0140006652,0.0,0.0,0.0,0.0,0.0
2011-03-24,1140330.0140006652,0.0,0.0,0.0,0.0,0.0
2011-03-25,1140330.0140006652,0.0,0.0,0.0,0.0,0.0
2011-03-28,1140330.0140006652,0.0,0.0,0.0,0.0,0.0
2011-03-29,1140330.0140006652,0.0,0.0,0.0,0.0,0.0
2011-03-30,1140330.0140006652,0.0,0.0,0.0,0.0,0.0
2011-03-31,1140330.0140006652,0.0,0.0,0.0,0.0,0.0
2011-04-01,1140330.0140006652,0.0,0.0,0.0,0.0,0.0
2011-04-04,1140330.0140006652,0.0,0.0,0.0,0.0,0.0
2011-04-05,1140330.0140006652,0.0,0.0,0.0,0.0,0.0
2011-04-06,1140330.0140006652,0.0,0.0,0.0,0.0,0.0
2011-04-07,1140330.0140006652,0.0,0.0,0.0,0.0,0.0
2011-04-08,1140330.0140006652,0.0,0.0,0.0,0.0,0.0
2011-04-11,1140330.0140006652,0.0,0.0,0.0,0.0,0.0
2011-04-12,1140330.0140006652,0.0,0.0,0.0,0.0,0.0
2011-04-13,1140330.0140006652,0.0,0.0,0.0,0.0,0.0
2011-04-14,1140330.0140006652,0.0,0.0,0.0,0.0,0.0
2011-04-15,1140330.0140006652,0.0,0.0,0.0,0.0,0.0
2011-04-18,1140330.0140006652,0.0,0.0,0.0,0.0,0.0
2011-04-19,1140330.0140006652,0.0,0.0,0.0,0.0,0.0
2011-04-20,1140330.0140006652,0.0,0.0,0.0,0.0,0.0
2011-04-21,1140330.0140006652,0.0,0.0,0.0,0.0,0.0
2011-04-25,1140330.0140006652,0.0,0.0,0.0,0.0,0.0
2011-04-26,1140330.0140006652,0.0,0.0,0.0,0.0,0.0
2011-04-27,1140330.0140006652,0.0,0.0,0.0,0.0,0.0
2011-04-28,1140330.0140006652,0.0,0.0,0.0,0.0,0.0
2011-04-29,1140330.0140006652,0.0,0.0,0.0,0.0,0.0
2011-05-02,1140330.0140006652,0.0,0.0,0.0,0.0,0.0
2011-05-03,1140330.0140006652,0.0,0.0,0.0,0.0,0.0
2011-05-04,1140330.0140006652,0.0,0.0,0.0,0.0,0.0
2011-05-05,1140330.0140006652,0.0,0.0,0.0,0.0,0.0
2011-05-06,1140330.0140006652,0.0,0.0,0.0,0.0,0.0
2011-05-09,1140330.0140006652,0.0,0.0,0.0,0.0,0.0
2011-05-10,1140330.0140006652,0.0,0.0,0.0,0.0,0.0
2011-05-11,1140330.0140006652,0.0,0.0,0.0,0.0,0.0
2011-05-12,1140330.0140006652,0.0,0.0,0.0,0.0,0.0
2011-05-13,1140330.0140006652,0.0,0.0,0.0,0.0,0.0
2011-05-16,1140330.0140006652,0.0,0.0,0.0,0.0,0.0
2011-05-17,1140330.0140006652,0.0,0.0,0.0,0.0,0.0
2011-05-18,1140330.0140006652,0.0,0.0,0.0,0.0,0.0
2011-05-19,1140330.0140006652,0.0,0.0,0.0,0.0,0.0
2011-05-20,1140330.0140006652,0.0,0.0,0.0,0.0,0.0
2011-05-23,1140330.0140006652,0.0,0.0,0.0,0.0,0.0
2011-05-24,1140330.0140006652,0.0,0.0,0.0,0.0,0.0
2011-05-25,1140330.0140006652,0.0,0.0,0.0,0.0,0.0
2011-05-26,1140330.0140006652,0.0,0.0,0.0,0.0,0.0
2011-05-27,1140330.0140006652,0.0,0.0,0.0,0.0,0.0
2011-05-31,1140330.0140006652,0.0,0.0,0.0,0.0,0.0
2011-06-01,1139759.8489936648,0.0,570.1650070003326,-0.0005,1.7031352109148028,0.5
2011-06-02,1148290.062471255,8530.213477590098,0.0,0.007540655946216045,1.5631634723033283,0.5
2011-06-03,1151350.5370514023,3060.474580147268,0.0,0.002672367717797969,1.4741735109670648,0.5
2011-06-06,1138632.3665731922,-12718.17047821008,0.0,-0.010925618390000873,0.9839297264919181,0.5
2011-06-07,1143056.8371825041,4424.470609312061,0.0,0.0039009344098702714,0.8403175480199498,0.5
2011-06-08,1146131.7748721987,3074.937689694685,0.0,0.0026973565905412697,0.7420470973105566,0.5
2011-06-09,1142962.8411386062,-3168.933733592415,0.0,-0.0027572711909632655,0.6069174247600347,0.5
2011-06-10,1140297.6363072516,-2665.204831354597,0.0,-0.0023264137437365782,0.5224721666745161,0.5
2011-06-13,1138448.1717682779,-1849.4645389737368,0.0,-0.0016192875134940627,0.3213641250082972,0.5
2011-06-14,1132376.173744925,-6071.998023352775,0.0,-0.005305278302310943,0.4398572971006755,0.5
2011-06-15,1132376.173744925,0.0,0.0,0.0,0.5692920643183774,0.5
2011-06-16,1125133.2705868343,-7242.903158090712,0.0,-0.006355547485019066,0.5976158066829714,0.5
2011-06-17,1117843.4400665567,-7289.830520277527,0.0,-0.006437373551590951,0.7084852191769392,0.5
2011-06-20,1118996.5043802038,1153.0643136470483,0.0,0.001032572984135924,1.6137585040469145,0.5
2011-06-21,1124441.742844341,5445.238464137245,0.0,0.004889975550122249,1.7159223760151348,0.5
2011-06-22,1116730.0941909137,-7711.648653427363,0.0,-0.0068114874815905745,1.674363198839992,0.5
2011-06-23,1111483.2886365494,-5246.805554364376,0.0,-0.004676393565282455,1.6247933831262837,0.5
2011-06-24,1112537.6267968952,1054.3381603458067,0.0,0.00094948727687049,1.4973365890652133,0.5
2011-06-27,1116540.3185047423,4002.6917078471893,0.0,0.0036107943747624473,1.235266791705956,0.5
2011-06-28,1116960.1494197657,419.8309150234038,0.0,0.0003761519653940192,0.9946669872237345,0.5
2011-06-29,1118429.0055245822,1468.8561048165245,0.0,0.0013167795334838226,0.8641940312865689,0.5
2011-06-30,1106134.3545763681,-11735.436445451865,559.2145027622911,-0.010878638976450956,0.6902336624010608,0.5
2011-07-01,1105581.2873990799,0.0,553.0671772881841,-0.0005,0.3695603298393428,0.5
2011-07-05,1108656.3878564306,4180.681744749782,1105.5812873990799,0.002791990890111976,-0.3314395665324519,-0.5
2011-07-06,1109176.4931237681,520.1052673374135,0.0,0.0004693513564254201,-0.5307866311044046,-0.5
2011-07-07,1103134.7729320722,-6041.720191695957,0.0,-0.005417522884363908,-0.6440144230999386,-0.5
2011-07-08,1100470.1961858594,-2664.5767462127346,0.0,-0.0024096385542168672,-0.884000448618574,-0.5
2011-07-11,1100266.7068744344,-203.48931142490002,0.0,-0.0001848770567572564,-1.0561794155605297,-0.5
2011-07-12,1094572.165692829,-5694.541181605206,0.0,-0.0051489518205222505,-1.06302743934003,-0.5
2011-07-13,1086361.8731949502,-8210.292497878885,0.0,-0.007445069911022334,-1.0918154767317305,-0.5
2011-07-14,1084448.0121732112,-1370.6800851414296,543.1809365974751,-0.0017594959495949593,-1.092918382681908,-0.5
2011-07-15,1083905.7881671246,0.0,542.2240060866056,-0.0005,-1.0300959093466397,-0.5
2011-07-18,1084003.5606538798,97.77248675510775,0.0,9.021199819576004e-05,-1.0763906848471347,-0.5
2011-07-19,1086448.5344012948,2444.973747414922,0.0,0.002260602224432589,-1.1911503469843625,-0.5
2011-07-20,1086842.3892261637,393.8548248690574,0.0,0.0003626473254759746,-1.2542942909260548,-0.5
2011-07-21,1086053.8222831374,-788.5669430264203,0.0,-0.0007250317201377561,-1.315961598711167,-0.5
2011-07-22,1086053.8222831374,0.0,0.0,0.0,-1.3792791303846499,-0.5
2011-07-25,1091856.862992674,5803.040709536778,0.0,0.005371938450332332,-1.2333016370124243,-0.5
2011-07-26,1084860.343365295,-6996.519627378908,0.0,-0.006367109332363107,-1.2370301637769991,-0.5
2011-07-27,1087703.885480045,2843.54211474996,0.0,0.0026280018124150433,-1.286381085304744,-0.5
2011-07-28,1090866.389962633,3162.504482587811,0.0,0.00291598323309641,-1.2982368085052955,-0.5
2011-07-29,1096249.9382223645,5383.5482597315095,0.0,0.004959588537839824,-1.312673169882875,-0.5
2011-08-01,1094428.588869586,-1821.349352778527,0.0,-0.0016586804275709544,-0.8258042533422053,-0.5
2011-08-02,1088689.6349077122,-5738.9539618736335,0.0,-0.005216436350324883,-0.7109557790545333,-0.5
2011-08-03,1092257.809239165,3568.174331452808,0.0,0.003288271830471319,-0.6464146720962005,-0.5
2011-08-04,1102167.4062987946,9909.597059629521,0.0,0.00915564598168871,-0.6214043505976989,-0.5
2011-08-05,1105356.4290349586,3189.022736164143,0.0,0.0029018066086305343,-0.556152492301247,-0.5
2011-08-08,1114591.9455749616,9235.51654000294,0.0,0.008425636656252958,-0.1849396489754722,-0.5
2011-08-09,1119061.3805295299,4469.434954568302,0.0,0.004026073619631902,-0.21516618085853975,-0.5
2011-08-10,1118199.7355782078,-861.6449513220634,0.0,-0.0007693787266782073,-0.1400779479785556,-0.5
2011-08-11,1104015.3837526913,-14184.351825516378,0.0,-0.012526096033402923,-0.07606133684083316,-0.5
2011-08-12,1102670.2853469944,-1345.0984056968123,0.0,-0.0012168866423289337,-0.07400564822192067,-0.5
2011-08-15,1099989.8975927853,-2680.387754209223,0.0,-0.0024249207237455697,-0.2173825552887555,-0.5
2011-08-16,1101422.709145288,1432.8115525026976,0.0,0.0013042668157257312,-0.035706988123447456,-0.5
2011-08-17,1094538.81721313,-6883.891932158051,0.0,-0.006211180124223603,-0.01286169414956836,-0.5
2011-08-18,1096454.8147741258,1915.9975609958974,0.0,0.001753576372865713,-0.05128843051801431,-0.5
2011-08-19,1093312.2390291186,-3142.5757450072024,0.0,-0.0028579330690513506,-0.10271099362509638,-0.5
2011-08-22,1086578.2879337932,-6733.951095325514,0.0,-0.006121516674280494,-0.18988681145094014,-0.5
2011-08-23,1081447.333432108,-5130.954501685184,0.0,-0.004699927693420101,-0.23462704592590714,-0.5
2011-08-24,1082614.7828744599,1167.4494423520416,0.0,0.0010806916426512967,-0.2671256539837016,-0.5
2011-08-25,1082809.9892904127,195.20641595284167,0.0,0.00018034265103697024,-0.31835869980601333,-0.5
2011-08-26,1071579.54658042,-11230.442709992556,0.0,-0.010265107560474872,-0.41861437075405655,-0.5
2011-08-29,1062774.3780142441,-8805.16856617592,0.0,-0.008150030672158443,-0.5304605360972611,-0.5
2011-08-30,1058801.9077209015,-3972.470293342533,0.0,-0.0037239109725469817,-0.5516587844441085,-0.5
2011-08-31,1058710.5529402527,-91.35478064891299,0.0,-8.62738331464067e-05,-0.618682693321944,-0.5
2011-09-01,1067569.6733366644,8859.120396411707,0.0,0.008438451500652457,-0.07700542089318049,-0.5
2011-09-02,1062287.2734036199,-4214.830259707835,1067.5696733366644,-0.00492860263916805,0.10082922068398453,0.5
2011-09-06,1053965.0367561332,-8322.236647486576,0.0,-0.007773363275177058,0.45462377115029945,0.5
2011-09-07,1053032.984194446,-932.0525616874188,0.0,-0.0008835483300936562,0.40817772532433827,0.5
2011-09-08,1051633.6667987234,-1399.3173957225981,0.0,-0.001327081305848005,0.4043014751300641,0.5
2011-09-09,1055089.9153039244,3456.248505200992,0.0,0.0032973888245254436,0.4182728175838393,0.5
2011-09-12,1044289.489061844,-10800.426242080412,0.0,-0.010132774283717678,0.30096206715067964,0.5
2011-09-13,1041937.4857081011,-2352.0033537428917,0.0,-0.002247191011235955,0.5362909760421007,0.5
2011-09-14,1039202.9891392743,-2734.4965688266902,0.0,-0.0026175647621626496,0.8414491424964731,0.5
2011-09-15,1033435.9419833886,-5767.047155885711,0.0,-0.005518863656925721,1.0282074622030992,0.5
2011-09-16,1032200.0020343744,-1235.9399490141723,0.0,-0.001194523568868878,1.1273243145673362,0.5
2011-09-19,1024775.4723259014,-7424.529708472999,0.0,-0.007141549166819264,1.1692879754675178,0.5
2011-09-20,1025542.5198351274,767.0475092259742,0.0,0.0007490636704119852,1.3787007762915882,0.5
2011-09-21,1018835.8703220054,-6706.649513122096,0.0,-0.006497122702803045,1.5564336460690658,0.5
2011-09-22,1003859.8317366834,-14466.620650161,509.4179351610027,-0.014493373156617508,1.7030179992451862,0.5
2011-09-23,1003357.901820815,0.0,501.9299158683417,-0.0005,1.6026713352999544,0.5
2011-09-26,1004055.7858940212,697.8840732060518,0.0,0.0006960326140996321,2.106599700943513,0.5
2011-09-27,1005350.956088169,1295.170194147874,0.0,0.0012916045702930949,2.24016901602243,0.5
2011-09-28,989629.9098627206,-15721.046225448406,0.0,-0.015396608848177742,2.234414661865465,0.5
2011-09-29,992258.6775023233,2628.76763960265,0.0,0.0026633886498668305,2.3662727562427732,0.5
2011-09-30,971191.3316787679,-20571.216484804263,496.12933875116164,-0.02080047789725209,2.4453891715545537,0.5
2011-10-03,971191.3316787679,0.0,0.0,0.0,0.0,0.0
2011-10-04,971191.3316787679,0.0,0.0,0.0,0.0,0.0
2011-10-05,971191.3316787679,0.0,0.0,0.0,0.0,0.0
2011-10-06,971191.3316787679,0.0,0.0,0.0,0.0,0.0
2011-10-07,971191.3316787679,0.0,0.0,0.0,0.0,0.0
2011-10-10,971191.3316787679,0.0,0.0,0.0,0.0,0.0
2011-10-11,971191.3316787679,0.0,0.0,0.0,0.0,0.0
2011-10-12,971191.3316787679,0.0,0.0,0.0,0.0,0.0
2011-10-13,971191.3316787679,0.0,0.0,0.0,0.0,0.0
2011-10-14,971191.3316787679,0.0,0.0,0.0,0.0,0.0
2011-10-17,971191.3316787679,0.0,0.0,0.0,0.0,0.0
2011-10-18,971191.3316787679,0.0,0.0,0.0,0.0,0.0
2011-10-19,971191.3316787679,0.0,0.0,0.0,0.0,0.0
2011-10-20,971191.3316787679,0.0,0.0,0.0,0.0,0.0
2011-10-21,971191.3316787679,0.0,0.0,0.0,0.0,0.0
2011-10-24,971191.3316787679,0.0,0.0,0.0,0.0,0.0
2011-10-25,971191.3316787679,0.0,0.0,0.0,0.0,0.0
2011-10-26,971191.3316787679,0.0,0.0,0.0,0.0,0.0
2011-10-27,971191.3316787679,0.0,0.0,0.0,0.0,0.0
2011-10-28,971191.3316787679,0.0,0.0,0.0,0.0,0.0
2011-10-31,971191.3316787679,0.0,0.0,0.0,0.0,0.0
2011-11-01,971191.3316787679,0.0,0.0,0.0,0.0,0.0
2011-11-02,971191.3316787679,0.0,0.0,0.0,0.0,0.0
2011-11-03,971191.3316787679,0.0,0.0,0.0,0.0,0.0
2011-11-04,971191.3316787679,0.0,0.0,0.0,0.0,0.0
2011-11-07,971191.3316787679,0.0,0.0,0.0,0.0,0.0
2011-11-08,971191.3316787679,0.0,0.0,0.0,0.0,0.0
2011-11-09,971191.3316787679,0.0,0.0,0.0,0.0,0.0
2011-11-10,971191.3316787679,0.0,0.0,0.0,0.0,0.0
2011-11-11,971191.3316787679,0.0,0.0,0.0,0.0,0.0
2011-11-14,971191.3316787679,0.0,0.0,0.0,0.0,0.0
2011-11-15,971191.3316787679,0.0,0.0,0.0,0.0,0.0
2011-11-16,971191.3316787679,0.0,0.0,0.0,0.0,0.0
2011-11-17,971191.3316787679,0.0,0.0,0.0,0.0,0.0
2011-11-18,971191.3316787679,0.0,0.0,0.0,0.0,0.0
2011-11-21,971191.3316787679,0.0,0.0,0.0,0.0,0.0
2011-11-22,971191.3316787679,0.0,0.0,0.0,0.0,0.0
2011-11-23,971191.3316787679,0.0,0.0,0.0,0.0,0.0
2011-11-25,971191.3316787679,0.0,0.0,0.0,0.0,0.0
2011-11-28,971191.3316787679,0.0,0.0,0.0,0.0,0.0
2011-11-29,971191.3316787679,0.0,0.0,0.0,0.0,0.0
2011-11-30,971191.3316787679,0.0,0.0,0.0,0.0,0.0
2011-12-01,971191.3316787679,0.0,0.0,0.0,0.0,0.0
2011-12-02,971191.3316787679,0.0,0.0,0.0,0.0,0.0
2011-12-05,971191.3316787679,0.0,0.0,0.0,0.0,0.0
2011-12-06,971191.3316787679,0.0,0.0,0.0,0.0,0.0
2011-12-07,971191.3316787679,0.0,0.0,0.0,0.0,0.0
2011-12-08,971191.3316787679,0.0,0.0,0.0,0.0,0.0
2011-12-09,971191.3316787679,0.0,0.0,0.0,0.0,0.0
2011-12-12,971191.3316787679,0.0,0.0,0.0,0.0,0.0
2011-12-13,971191.3316787679,0.0,0.0,0.0,0.0,0.0
2011-12-14,971191.3316787679,0.0,0.0,0.0,0.0,0.0
2011-12-15,971191.3316787679,0.0,0.0,0.0,0.0,0.0
2011-12-16,971191.3316787679,0.0,0.0,0.0,0.0,0.0
2011-12-19,971191.3316787679,0.0,0.0,0.0,0.0,0.0
2011-12-20,971191.3316787679,0.0,0.0,0.0,0.0,0.0
2011-12-21,971191.3316787679,0.0,0.0,0.0,0.0,0.0
2011-12-22,971191.3316787679,0.0,0.0,0.0,0.0,0.0
2011-12-23,971191.3316787679,0.0,0.0,0.0,0.0,0.0
2011-12-27,971191.3316787679,0.0,0.0,0.0,0.0,0.0
2011-12-28,971191.3316787679,0.0,0.0,0.0,0.0,0.0
2011-12-29,971191.3316787679,0.0,0.0,0.0,0.0,0.0
2011-12-30,971191.3316787679,0.0,0.0,0.0,0.0,0.0
2012-01-03,971191.3316787679,0.0,0.0,0.0,0.0,0.0
2012-01-04,971191.3316787679,0.0,0.0,0.0,0.0,0.0
2012-01-05,971191.3316787679,0.0,0.0,0.0,0.0,0.0
2012-01-06,971191.3316787679,0.0,0.0,0.0,0.0,0.0
2012-01-09,971191.3316787679,0.0,0.0,0.0,0.0,0.0
2012-01-10,971191.3316787679,0.0,0.0,0.0,0.0,0.0
2012-01-11,971191.3316787679,0.0,0.0,0.0,0.0,0.0
2012-01-12,971191.3316787679,0.0,0.0,0.0,0.0,0.0
2012-01-13,971191.3316787679,0.0,0.0,0.0,0.0,0.0
2012-01-17,971191.3316787679,0.0,0.0,0.0,0.0,0.0
2012-01-18,971191.3316787679,0.0,0.0,0.0,0.0,0.0
2012-01-19,971191.3316787679,0.0,0.0,0.0,0.0,0.0
2012-01-20,971191.3316787679,0.0,0.0,0.0,0.0,0.0
2012-01-23,971191.3316787679,0.0,0.0,0.0,0.0,0.0
2012-01-24,971191.3316787679,0.0,0.0,0.0,0.0,0.0
2012-01-25,971191.3316787679,0.0,0.0,0.0,0.0,0.0
2012-01-26,971191.3316787679,0.0,0.0,0.0,0.0,0.0
2012-01-27,971191.3316787679,0.0,0.0,0.0,0.0,0.0
2012-01-30,971191.3316787679,0.0,0.0,0.0,0.0,0.0
2012-01-31,971191.3316787679,0.0,0.0,0.0,0.0,0.0
2012-02-01,971191.3316787679,0.0,0.0,0.0,0.0,0.0
2012-02-02,971191.3316787679,0.0,0.0,0.0,0.0,0.0
2012-02-03,971191.3316787679,0.0,0.0,0.0,0.0,0.0
2012-02-06,971191.3316787679,0.0,0.0,0.0,0.0,0.0
2012-02-07,971191.3316787679,0.0,0.0,0.0,0.0,0.0
2012-02-08,971191.3316787679,0.0,0.0,0.0,0.0,0.0
2012-02-09,971191.3316787679,0.0,0.0,0.0,0.0,0.0
2012-02-10,971191.3316787679,0.0,0.0,0.0,0.0,0.0
2012-02-13,971191.3316787679,0.0,0.0,0.0,0.0,0.0
2012-02-14,971191.3316787679,0.0,0.0,0.0,0.0,0.0
2012-02-15,971191.3316787679,0.0,0.0,0.0,0.0,0.0
2012-02-16,971191.3316787679,0.0,0.0,0.0,0.0,0.0
2012-02-17,971191.3316787679,0.0,0.0,0.0,0.0,0.0
2012-02-21,971191.3316787679,0.0,0.0,0.0,0.0,0.0
2012-02-22,971191.3316787679,0.0,0.0,0.0,0.0,0.0
2012-02-23,971191.3316787679,0.0,0.0,0.0,0.0,0.0
2012-02-24,971191.3316787679,0.0,0.0,0.0,0.0,0.0
2012-02-27,971191.3316787679,0.0,0.0,0.0,0.0,0.0
2012-02-28,971191.3316787679,0.0,0.0,0.0,0.0,0.0
2012-02-29,971191.3316787679,0.0,0.0,0.0,0.0,0.0
2012-03-01,971191.3316787679,0.0,0.0,0.0,0.0,0.0
2012-03-02,971191.3316787679,0.0,0.0,0.0,0.0,0.0
2012-03-05,971191.3316787679,0.0,0.0,0.0,0.0,0.0
2012-03-06,971191.3316787679,0.0,0.0,0.0,0.0,0.0
2012-03-07,971191.3316787679,0.0,0.0,0.0,0.0,0.0
2012-03-08,971191.3316787679,0.0,0.0,0.0,0.0,0.0
2012-03-09,971191.3316787679,0.0,0.0,0.0,0.0,0.0
2012-03-12,971191.3316787679,0.0,0.0,0.0,0.0,0.0
2012-03-13,971191.3316787679,0.0,0.0,0.0,0.0,0.0
2012-03-14,971191.3316787679,0.0,0.0,0.0,0.0,0.0
2012-03-15,971191.3316787679,0.0,0.0,0.0,0.0,0.0
2012-03-16,971191.3316787679,0.0,0.0,0.0,0.0,0.0
2012-03-19,971191.3316787679,0.0,0.0,0.0,0.0,0.0
2012-03-20,971191.3316787679,0.0,0.0,0.0,0.0,0.0
2012-03-21,971191.3316787679,0.0,0.0,0.0,0.0,0.0
2012-03-22,971191.3316787679,0.0,0.0,0.0,0.0,0.0
2012-03-23,971191.3316787679,0.0,0.0,0.0,0.0,0.0
2012-03-26,971191.3316787679,0.0,0.0,0.0,0.0,0.0
2012-03-27,971191.3316787679,0.0,0.0,0.0,0.0,0.0
2012-03-28,971191.3316787679,0.0,0.0,0.0,0.0,0.0
2012-03-29,971191.3316787679,0.0,0.0,0.0,0.0,0.0
2012-03-30,971191.3316787679,0.0,0.0,0.0,0.0,0.0
2012-04-02,971191.3316787679,0.0,0.0,0.0,0.0,0.0
2012-04-03,971191.3316787679,0.0,0.0,0.0,0.0,0.0
2012-04-04,971191.3316787679,0.0,0.0,0.0,0.0,0.0
2012-04-05,971191.3316787679,0.0,0.0,0.0,0.0,0.0
2012-04-09,971191.3316787679,0.0,0.0,0.0,0.0,0.0
2012-04-10,971191.3316787679,0.0,0.0,0.0,0.0,0.0
2012-04-11,971191.3316787679,0.0,0.0,0.0,0.0,0.0
2012-04-12,971191.3316787679,0.0,0.0,0.0,0.0,0.0
2012-04-13,971191.3316787679,0.0,0.0,0.0,0.0,0.0
2012-04-16,971191.3316787679,0.0,0.0,0.0,0.0,0.0
2012-04-17,971191.3316787679,0.0,0.0,0.0,0.0,0.0
2012-04-18,971191.3316787679,0.0,0.0,0.0,0.0,0.0
2012-04-19,971191.3316787679,0.0,0.0,0.0,0.0,0.0
2012-04-20,971191.3316787679,0.0,0.0,0.0,0.0,0.0
2012-04-23,971191.3316787679,0.0,0.0,0.0,0.0,0.0
2012-04-24,971191.3316787679,0.0,0.0,0.0,0.0,0.0
2012-04-25,971191.3316787679,0.0,0.0,0.0,0.0,0.0
2012-04-26,971191.3316787679,0.0,0.0,0.0,0.0,0.0
2012-04-27,971191.3316787679,0.0,0.0,0.0,0.0,0.0
2012-04-30,971191.3316787679,0.0,0.0,0.0,0.0,0.0
2012-05-01,971191.3316787679,0.0,0.0,0.0,0.0,0.0
2012-05-02,971191.3316787679,0.0,0.0,0.0,0.0,0.0
2012-05-03,971191.3316787679,0.0,0.0,0.0,0.0,0.0
2012-05-04,971191.3316787679,0.0,0.0,0.0,0.0,0.0
2012-05-07,971191.3316787679,0.0,0.0,0.0,0.0,0.0
2012-05-08,971191.3316787679,0.0,0.0,0.0,0.0,0.0
2012-05-09,971191.3316787679,0.0,0.0,0.0,0.0,0.0
2012-05-10,971191.3316787679,0.0,0.0,0.0,0.0,0.0
2012-05-11,971191.3316787679,0.0,0.0,0.0,0.0,0.0
2012-05-14,971191.3316787679,0.0,0.0,0.0,0.0,0.0
2012-05-15,971191.3316787679,0.0,0.0,0.0,0.0,0.0
2012-05-16,971191.3316787679,0.0,0.0,0.0,0.0,0.0
2012-05-17,971191.3316787679,0.0,0.0,0.0,0.0,0.0
2012-05-18,971191.3316787679,0.0,0.0,0.0,0.0,0.0
2012-05-21,971191.3316787679,0.0,0.0,0.0,0.0,0.0
2012-05-22,971191.3316787679,0.0,0.0,0.0,0.0,0.0
2012-05-23,971191.3316787679,0.0,0.0,0.0,0.0,0.0
2012-05-24,971191.3316787679,0.0,0.0,0.0,0.0,0.0
2012-05-25,971191.3316787679,0.0,0.0,0.0,0.0,0.0
2012-05-29,971191.3316787679,0.0,0.0,0.0,0.0,0.0
2012-05-30,971191.3316787679,0.0,0.0,0.0,0.0,0.0
2012-05-31,971191.3316787679,0.0,0.0,0.0,0.0,0.0
2012-06-01,971191.3316787679,0.0,0.0,0.0,0.0,0.0
2012-06-04,971191.3316787679,0.0,0.0,0.0,0.0,0.0
2012-06-05,971191.3316787679,0.0,0.0,0.0,0.0,0.0
2012-06-06,971191.3316787679,0.0,0.0,0.0,0.0,0.0
2012-06-07,971191.3316787679,0.0,0.0,0.0,0.0,0.0
2012-06-08,971191.3316787679,0.0,0.0,0.0,0.0,0.0
2012-06-11,971191.3316787679,0.0,0.0,0.0,0.0,0.0
2012-06-12,971191.3316787679,0.0,0.0,0.0,0.0,0.0
2012-06-13,971191.3316787679,0.0,0.0,0.0,0.0,0.0
2012-06-14,971191.3316787679,0.0,0.0,0.0,0.0,0.0
2012-06-15,971191.3316787679,0.0,0.0,0.0,0.0,0.0
2012-06-18,971191.3316787679,0.0,0.0,0.0,0.0,0.0
2012-06-19,971191.3316787679,0.0,0.0,0.0,0.0,0.0
2012-06-20,971191.3316787679,0.0,0.0,0.0,0.0,0.0
2012-06-21,971191.3316787679,0.0,0.0,0.0,0.0,0.0
2012-06-22,971191.3316787679,0.0,0.0,0.0,0.0,0.0
2012-06-25,971191.3316787679,0.0,0.0,0.0,0.0,0.0
2012-06-26,971191.3316787679,0.0,0.0,0.0,0.0,0.0
2012-06-27,971191.3316787679,0.0,0.0,0.0,0.0,0.0
2012-06-28,971191.3316787679,0.0,0.0,0.0,0.0,0.0
2012-06-29,971191.3316787679,0.0,0.0,0.0,0.0,0.0
2012-07-02,971191.3316787679,0.0,0.0,0.0,0.0,0.0
2012-07-03,971191.3316787679,0.0,0.0,0.0,0.0,0.0
2012-07-05,971191.3316787679,0.0,0.0,0.0,0.0,0.0
2012-07-06,971191.3316787679,0.0,0.0,0.0,0.0,0.0
2012-07-09,971191.3316787679,0.0,0.0,0.0,0.0,0.0
2012-07-10,971191.3316787679,0.0,0.0,0.0,0.0,0.0
2012-07-11,971191.3316787679,0.0,0.0,0.0,0.0,0.0
2012-07-12,971191.3316787679,0.0,0.0,0.0,0.0,0.0
2012-07-13,971191.3316787679,0.0,0.0,0.0,0.0,0.0
2012-07-16,971191.3316787679,0.0,0.0,0.0,0.0,0.0
2012-07-17,971191.3316787679,0.0,0.0,0.0,0.0,0.0
2012-07-18,971191.3316787679,0.0,0.0,0.0,0.0,0.0
2012-07-19,971191.3316787679,0.0,0.0,0.0,0.0,0.0
2012-07-20,971191.3316787679,0.0,0.0,0.0,0.0,0.0
2012-07-23,971191.3316787679,0.0,0.0,0.0,0.0,0.0
2012-07-24,971191.3316787679,0.0,0.0,0.0,0.0,0.0
2012-07-25,971191.3316787679,0.0,0.0,0.0,0.0,0.0
2012-07-26,971191.3316787679,0.0,0.0,0.0,0.0,0.0
2012-07-27,971191.3316787679,0.0,0.0,0.0,0.0,0.0
2012-07-30,971191.3316787679,0.0,0.0,0.0,0.0,0.0
2012-07-31,971191.3316787679,0.0,0.0,0.0,0.0,0.0
2012-08-01,971191.3316787679,0.0,0.0,0.0,0.0,0.0
2012-08-02,971191.3316787679,0.0,0.0,0.0,0.0,0.0
2012-08-03,971191.3316787679,0.0,0.0,0.0,0.0,0.0
2012-08-06,971191.3316787679,0.0,0.0,0.0,0.0,0.0
2012-08-07,971191.3316787679,0.0,0.0,0.0,0.0,0.0
2012-08-08,971191.3316787679,0.0,0.0,0.0,0.0,0.0
2012-08-09,971191.3316787679,0.0,0.0,0.0,0.0,0.0
2012-08-10,971191.3316787679,0.0,0.0,0.0,0.0,0.0
2012-08-13,971191.3316787679,0.0,0.0,0.0,0.0,0.0
2012-08-14,971191.3316787679,0.0,0.0,0.0,0.0,0.0
2012-08-15,971191.3316787679,0.0,0.0,0.0,0.0,0.0
2012-08-16,971191.3316787679,0.0,0.0,0.0,0.0,0.0
2012-08-17,971191.3316787679,0.0,0.0,0.0,0.0,0.0
2012-08-20,971191.3316787679,0.0,0.0,0.0,0.0,0.0
2012-08-21,971191.3316787679,0.0,0.0,0.0,0.0,0.0
2012-08-22,971191.3316787679,0.0,0.0,0.0,0.0,0.0
2012-08-23,971191.3316787679,0.0,0.0,0.0,0.0,0.0
2012-08-24,971191.3316787679,0.0,0.0,0.0,0.0,0.0
2012-08-27,971191.3316787679,0.0,0.0,0.0,0.0,0.0
2012-08-28,971191.3316787679,0.0,0.0,0.0,0.0,0.0
2012-08-29,971191.3316787679,0.0,0.0,0.0,0.0,0.0
2012-08-30,971191.3316787679,0.0,0.0,0.0,0.0,0.0
2012-08-31,971191.3316787679,0.0,0.0,0.0,0.0,0.0
2012-09-04,970705.7360129285,0.0,485.59566583938397,-0.0005,0.7723199549862436,0.5
2012-09-05,964402.4520128446,-6303.284000083952,0.0,-0.006451612903225807,0.7827325221079189,0.5
2012-09-06,963436.946125532,-965.5058873126305,0.0,-0.0010001428775539363,0.7941968870915332,0.5
2012-09-07,959916.2178185384,-3520.7283069935606,0.0,-0.00364103662454487,0.7928651166083489,0.5
2012-09-10,954719.6163795035,-5196.601439034963,0.0,-0.005384449709239715,0.7522606815346427,0.5
2012-09-11,950121.5796981661,-4598.036681337364,0.0,-0.004793028322440087,0.7555542913943754,0.5
2012-09-12,962512.64362438,12391.063926213927,0.0,0.013213885778275477,0.748165475345096,0.5
2012-09-13,963272.9221738463,760.2785494663349,0.0,0.0007905138339920947,0.734710159635301,0.5
2012-09-14,961339.1939102338,-1933.7282636125392,0.0,-0.002003434459072696,0.727952350725503,0.5
2012-09-17,942174.2756553631,-18684.24865791557,480.6695969551169,-0.01955557124699901,0.7161137654800074,0.5
2012-09-18,941703.1885175355,0.0,471.08713782768154,-0.0005,0.6922725812323811,0.5
2012-09-19,950172.7751215803,8469.586604044907,0.0,0.009075526842024303,0.6718827635815586,0.5
2012-09-20,935730.9457303195,-14441.829391260917,0.0,-0.014971605575632423,0.6611423893186675,0.5
2012-09-21,936598.0323209576,867.0865906381339,0.0,0.0009275003864584944,0.6508023657045615,0.5
2012-09-24,933205.0843080792,-3392.94801287845,0.0,-0.0036095537977113893,0.6031804699819657,0.5
2012-09-25,933639.8071734401,434.72286536090644,0.0,0.00046605561597017243,0.6101301596690929,0.5
2012-09-26,922487.1132310953,-11152.69394234485,0.0,-0.011804384485666106,0.6042181420021664,0.5
2012-09-27,921827.3560776401,-659.7571534551698,0.0,-0.0007146827602636385,0.5840296417426044,0.5
2012-09-28,930703.7773799952,8876.42130235512,0.0,0.009722780233025311,0.5738111683176088,0.5
2012-10-01,930703.7773799952,0.0,0.0,0.0,0.0,0.0
2012-10-02,930703.7773799952,0.0,0.0,0.0,0.0,0.0
2012-10-03,930703.7773799952,0.0,0.0,0.0,0.0,0.0
2012-10-04,930703.7773799952,0.0,0.0,0.0,0.0,0.0
2012-10-05,930703.7773799952,0.0,0.0,0.0,0.0,0.0
2012-10-08,930703.7773799952,0.0,0.0,0.0,0.0,0.0
2012-10-09,930703.7773799952,0.0,0.0,0.0,0.0,0.0
2012-10-10,930703.7773799952,0.0,0.0,0.0,0.0,0.0
2012-10-11,930703.7773799952,0.0,0.0,0.0,0.0,0.0
2012-10-12,930703.7773799952,0.0,0.0,0.0,0.0,0.0
2012-10-15,930703.7773799952,0.0,0.0,0.0,0.0,0.0
2012-10-16,930703.7773799952,0.0,0.0,0.0,0.0,0.0
2012-10-17,930703.7773799952,0.0,0.0,0.0,0.0,0.0
2012-10-18,930703.7773799952,0.0,0.0,0.0,0.0,0.0
2012-10-19,930703.7773799952,0.0,0.0,0.0,0.0,0.0
2012-10-22,930703.7773799952,0.0,0.0,0.0,0.0,0.0
2012-10-23,930703.7773799952,0.0,0.0,0.0,0.0,0.0
2012-10-24,930703.7773799952,0.0,0.0,0.0,0.0,0.0
2012-10-25,930703.7773799952,0.0,0.0,0.0,0.0,0.0
2012-10-26,930703.7773799952,0.0,0.0,0.0,0.0,0.0
2012-10-31,930703.7773799952,0.0,0.0,0.0,0.0,0.0
2012-11-01,930703.7773799952,0.0,0.0,0.0,0.0,0.0
2012-11-02,930703.7773799952,0.0,0.0,0.0,0.0,0.0
2012-11-05,930703.7773799952,0.0,0.0,0.0,0.0,0.0
2012-11-06,930703.7773799952,0.0,0.0,0.0,0.0,0.0
2012-11-07,930703.7773799952,0.0,0.0,0.0,0.0,0.0
2012-11-08,930703.7773799952,0.0,0.0,0.0,0.0,0.0
2012-11-09,930703.7773799952,0.0,0.0,0.0,0.0,0.0
2012-11-12,930703.7773799952,0.0,0.0,0.0,0.0,0.0
2012-11-13,930703.7773799952,0.0,0.0,0.0,0.0,0.0
2012-11-14,930703.7773799952,0.0,0.0,0.0,0.0,0.0
2012-11-15,930703.7773799952,0.0,0.0,0.0,0.0,0.0
2012-11-16,930703.7773799952,0.0,0.0,0.0,0.0,0.0
2012-11-19,930703.7773799952,0.0,0.0,0.0,0.0,0.0
2012-11-20,930703.7773799952,0.0,0.0,0.0,0.0,0.0
2012-11-21,930703.7773799952,0.0,0.0,0.0,0.0,0.0
2012-11-23,930703.7773799952,0.0,0.0,0.0,0.0,0.0
2012-11-26,930703.7773799952,0.0,0.0,0.0,0.0,0.0
2012-11-27,930703.7773799952,0.0,0.0,0.0,0.0,0.0
2012-11-28,930703.7773799952,0.0,0.0,0.0,0.0,0.0
2012-11-29,930703.7773799952,0.0,0.0,0.0,0.0,0.0
2012-11-30,930703.7773799952,0.0,0.0,0.0,0.0,0.0
2012-12-03,930703.7773799952,0.0,0.0,0.0,0.0,0.0
2012-12-04,930703.7773799952,0.0,0.0,0.0,0.0,0.0
2012-12-05,930703.7773799952,0.0,0.0,0.0,0.0,0.0
2012-12-06,930703.7773799952,0.0,0.0,0.0,0.0,0.0
2012-12-07,930703.7773799952,0.0,0.0,0.0,0.0,0.0
2012-12-10,930703.7773799952,0.0,0.0,0.0,0.0,0.0
2012-12-11,930703.7773799952,0.0,0.0,0.0,0.0,0.0
2012-12-12,930703.7773799952,0.0,0.0,0.0,0.0,0.0
2012-12-13,930703.7773799952,0.0,0.0,0.0,0.0,0.0
2012-12-14,930703.7773799952,0.0,0.0,0.0,0.0,0.0
2012-12-17,930703.7773799952,0.0,0.0,0.0,0.0,0.0
2012-12-18,930703.7773799952,0.0,0.0,0.0,0.0,0.0
2012-12-19,930703.7773799952,0.0,0.0,0.0,0.0,0.0
2012-12-20,930703.7773799952,0.0,0.0,0.0,0.0,0.0
2012-12-21,930703.7773799952,0.0,0.0,0.0,0.0,0.0
2012-12-24,930703.7773799952,0.0,0.0,0.0,0.0,0.0
2012-12-26,930703.7773799952,0.0,0.0,0.0,0.0,0.0
2012-12-27,930703.7773799952,0.0,0.0,0.0,0.0,0.0
2012-12-28,930703.7773799952,0.0,0.0,0.0,0.0,0.0
2012-12-31,930703.7773799952,0.0,0.0,0.0,0.0,0.0
2013-01-02,930703.7773799952,0.0,0.0,0.0,0.0,0.0
2013-01-03,930703.7773799952,0.0,0.0,0.0,0.0,0.0
2013-01-04,930703.7773799952,0.0,0.0,0.0,0.0,0.0
2013-01-07,930703.7773799952,0.0,0.0,0.0,0.0,0.0
2013-01-08,930703.7773799952,0.0,0.0,0.0,0.0,0.0
2013-01-09,930703.7773799952,0.0,0.0,0.0,0.0,0.0
2013-01-10,930703.7773799952,0.0,0.0,0.0,0.0,0.0
2013-01-11,930703.7773799952,0.0,0.0,0.0,0.0,0.0
2013-01-14,930703.7773799952,0.0,0.0,0.0,0.0,0.0
2013-01-15,930703.7773799952,0.0,0.0,0.0,0.0,0.0
2013-01-16,930703.7773799952,0.0,0.0,0.0,0.0,0.0
2013-01-17,930703.7773799952,0.0,0.0,0.0,0.0,0.0
2013-01-18,930703.7773799952,0.0,0.0,0.0,0.0,0.0
2013-01-22,930703.7773799952,0.0,0.0,0.0,0.0,0.0
2013-01-23,930703.7773799952,0.0,0.0,0.0,0.0,0.0
2013-01-24,930703.7773799952,0.0,0.0,0.0,0.0,0.0
2013-01-25,930703.7773799952,0.0,0.0,0.0,0.0,0.0
2013-01-28,930703.7773799952,0.0,0.0,0.0,0.0,0.0
2013-01-29,930703.7773799952,0.0,0.0,0.0,0.0,0.0
2013-01-30,930703.7773799952,0.0,0.0,0.0,0.0,0.0
2013-01-31,930703.7773799952,0.0,0.0,0.0,0.0,0.0
2013-02-01,930703.7773799952,0.0,0.0,0.0,0.0,0.0
2013-02-04,930703.7773799952,0.0,0.0,0.0,0.0,0.0
2013-02-05,930703.7773799952,0.0,0.0,0.0,0.0,0.0
2013-02-06,930703.7773799952,0.0,0.0,0.0,0.0,0.0
2013-02-07,930703.7773799952,0.0,0.0,0.0,0.0,0.0
2013-02-08,930703.7773799952,0.0,0.0,0.0,0.0,0.0
2013-02-11,930703.7773799952,0.0,0.0,0.0,0.0,0.0
2013-02-12,930703.7773799952,0.0,0.0,0.0,0.0,0.0
2013-02-13,930703.7773799952,0.0,0.0,0.0,0.0,0.0
2013-02-14,930703.7773799952,0.0,0.0,0.0,0.0,0.0
2013-02-15,930703.7773799952,0.0,0.0,0.0,0.0,0.0
2013-02-19,930703.7773799952,0.0,0.0,0.0,0.0,0.0
2013-02-20,930703.7773799952,0.0,0.0,0.0,0.0,0.0
2013-02-21,930703.7773799952,0.0,0.0,0.0,0.0,0.0
2013-02-22,930703.7773799952,0.0,0.0,0.0,0.0,0.0
2013-02-25,930703.7773799952,0.0,0.0,0.0,0.0,0.0
2013-02-26,930703.7773799952,0.0,0.0,0.0,0.0,0.0
2013-02-27,930703.7773799952,0.0,0.0,0.0,0.0,0.0
2013-02-28,930703.7773799952,0.0,0.0,0.0,0.0,0.0
2013-03-01,930703.7773799952,0.0,0.0,0.0,0.0,0.0
2013-03-04,930703.7773799952,0.0,0.0,0.0,0.0,0.0
2013-03-05,930703.7773799952,0.0,0.0,0.0,0.0,0.0
2013-03-06,930703.7773799952,0.0,0.0,0.0,0.0,0.0
2013-03-07,930703.7773799952,0.0,0.0,0.0,0.0,0.0
2013-03-08,930703.7773799952,0.0,0.0,0.0,0.0,0.0
2013-03-11,930703.7773799952,0.0,0.0,0.0,0.0,0.0
2013-03-12,930703.7773799952,0.0,0.0,0.0,0.0,0.0
2013-03-13,930703.7773799952,0.0,0.0,0.0,0.0,0.0
2013-03-14,930703.7773799952,0.0,0.0,0.0,0.0,0.0
2013-03-15,930703.7773799952,0.0,0.0,0.0,0.0,0.0
2013-03-18,930703.7773799952,0.0,0.0,0.0,0.0,0.0
2013-03-19,930703.7773799952,0.0,0.0,0.0,0.0,0.0
2013-03-20,930703.7773799952,0.0,0.0,0.0,0.0,0.0
2013-03-21,930703.7773799952,0.0,0.0,0.0,0.0,0.0
2013-03-22,930703.7773799952,0.0,0.0,0.0,0.0,0.0
2013-03-25,930703.7773799952,0.0,0.0,0.0,0.0,0.0
2013-03-26,930703.7773799952,0.0,0.0,0.0,0.0,0.0
2013-03-27,930703.7773799952,0.0,0.0,0.0,0.0,0.0
2013-03-28,930703.7773799952,0.0,0.0,0.0,0.0,0.0
2013-04-01,930703.7773799952,0.0,0.0,0.0,0.0,0.0
2013-04-02,930703.7773799952,0.0,0.0,0.0,0.0,0.0
2013-04-03,930703.7773799952,0.0,0.0,0.0,0.0,0.0
2013-04-04,930703.7773799952,0.0,0.0,0.0,0.0,0.0
2013-04-05,930703.7773799952,0.0,0.0,0.0,0.0,0.0
2013-04-08,930703.7773799952,0.0,0.0,0.0,0.0,0.0
2013-04-09,930703.7773799952,0.0,0.0,0.0,0.0,0.0
2013-04-10,930703.7773799952,0.0,0.0,0.0,0.0,0.0
2013-04-11,930703.7773799952,0.0,0.0,0.0,0.0,0.0
2013-04-12,930703.7773799952,0.0,0.0,0.0,0.0,0.0
2013-04-15,930703.7773799952,0.0,0.0,0.0,0.0,0.0
2013-04-16,930703.7773799952,0.0,0.0,0.0,0.0,0.0
2013-04-17,930703.7773799952,0.0,0.0,0.0,0.0,0.0
2013-04-18,930703.7773799952,0.0,0.0,0.0,0.0,0.0
2013-04-19,930703.7773799952,0.0,0.0,0.0,0.0,0.0
2013-04-22,930703.7773799952,0.0,0.0,0.0,0.0,0.0
2013-04-23,930703.7773799952,0.0,0.0,0.0,0.0,0.0
2013-04-24,930703.7773799952,0.0,0.0,0.0,0.0,0.0
2013-04-25,930703.7773799952,0.0,0.0,0.0,0.0,0.0
2013-04-26,930703.7773799952,0.0,0.0,0.0,0.0,0.0
2013-04-29,930703.7773799952,0.0,0.0,0.0,0.0,0.0
2013-04-30,930703.7773799952,0.0,0.0,0.0,0.0,0.0
2013-05-01,930703.7773799952,0.0,0.0,0.0,0.0,0.0
2013-05-02,930703.7773799952,0.0,0.0,0.0,0.0,0.0
2013-05-03,930703.7773799952,0.0,0.0,0.0,0.0,0.0
2013-05-06,930703.7773799952,0.0,0.0,0.0,0.0,0.0
2013-05-07,930703.7773799952,0.0,0.0,0.0,0.0,0.0
2013-05-08,930703.7773799952,0.0,0.0,0.0,0.0,0.0
2013-05-09,930703.7773799952,0.0,0.0,0.0,0.0,0.0
2013-05-10,930703.7773799952,0.0,0.0,0.0,0.0,0.0
2013-05-13,930703.7773799952,0.0,0.0,0.0,0.0,0.0
2013-05-14,930703.7773799952,0.0,0.0,0.0,0.0,0.0
2013-05-15,930703.7773799952,0.0,0.0,0.0,0.0,0.0
2013-05-16,930703.7773799952,0.0,0.0,0.0,0.0,0.0
2013-05-17,930703.7773799952,0.0,0.0,0.0,0.0,0.0
2013-05-20,930703.7773799952,0.0,0.0,0.0,0.0,0.0
2013-05-21,930703.7773799952,0.0,0.0,0.0,0.0,0.0
2013-05-22,930703.7773799952,0.0,0.0,0.0,0.0,0.0
2013-05-23,930703.7773799952,0.0,0.0,0.0,0.0,0.0
2013-05-24,930703.7773799952,0.0,0.0,0.0,0.0,0.0
2013-05-28,930703.7773799952,0.0,0.0,0.0,0.0,0.0
2013-05-29,930703.7773799952,0.0,0.0,0.0,0.0,0.0
2013-05-30,930703.7773799952,0.0,0.0,0.0,0.0,0.0
2013-05-31,930703.7773799952,0.0,0.0,0.0,0.0,0.0
2013-06-03,930703.7773799952,0.0,0.0,0.0,0.0,0.0
2013-06-04,930703.7773799952,0.0,0.0,0.0,0.0,0.0
2013-06-05,930703.7773799952,0.0,0.0,0.0,0.0,0.0
2013-06-06,930703.7773799952,0.0,0.0,0.0,0.0,0.0
2013-06-07,930703.7773799952,0.0,0.0,0.0,0.0,0.0
2013-06-10,930703.7773799952,0.0,0.0,0.0,0.0,0.0
2013-06-11,930703.7773799952,0.0,0.0,0.0,0.0,0.0
2013-06-12,930703.7773799952,0.0,0.0,0.0,0.0,0.0
2013-06-13,930238.4254913052,0.0,465.3518886899976,-0.0005,0.43384807630314753,0.5
2013-06-14,932163.2691129972,1924.8436216919906,0.0,0.002073484282989135,0.40416412114145417,0.5
2013-06-17,930933.9077293995,-1229.3613835977544,0.0,-0.001317089232795522,0.37647127297964855,0.5
2013-06-18,930395.3509232751,-538.556806124446,0.0,-0.0005781779136037003,0.3467592869957592,0.5
2013-06-19,934167.4320249829,3772.0811017078013,0.0,0.004070781756251558,0.31435016725693504,0.5
2013-06-20,926346.9233195866,-7820.508705396279,0.0,-0.008302132508546313,0.27071875533416484,0.5
2013-06-21,925032.4076521046,-1314.515667481884,0.0,-0.0014170209218971408,0.23714089988605958,0.5
2013-06-24,930839.9943400259,5807.5866879213,0.0,0.006317917614354309,0.15097125335119063,0.5
2013-06-25,934918.5756644325,4078.581324406529,0.0,0.004400896786514988,0.05158645481801869,0.5
2013-06-26,936741.9810294269,2758.323940658873,934.9185756644325,0.0019561071839552854,-0.7331444610953778,-0.5
2013-06-27,932391.786071086,-4350.194958340991,0.0,-0.004622496147919876,-0.39741537967020657,-0.5
2013-06-28,927574.779749763,-4817.006321323014,0.0,-0.00513973658849984,-0.37214779896742495,-0.5
2013-07-01,925796.1128662543,-1778.6668835086537,0.0,-0.0019138755980861242,-0.6077787168426105,-0.5
2013-07-02,925059.2487203882,-736.8641458661687,0.0,-0.000795291872117067,-0.5203681461024858,-0.5
2013-07-03,921971.7973181109,-3087.4514022772014,0.0,-0.0033264691905591634,-0.09173037014297267,-0.5
2013-07-05,920200.7788687947,-1310.0325506572462,460.98589865905547,-0.0019181775185243574,-0.11080614904162936,-0.5
2013-07-08,919740.6784793603,0.0,460.10038943439736,-0.0005,0.555465171857549,0.5
2013-07-09,920883.7459685376,1143.0674891773936,0.0,0.0012443614870119768,0.6147378833595872,0.5
2013-07-10,914747.3751213895,-6136.370847148167,0.0,-0.006619458128078818,0.2613774675167572,0.5
2013-07-11,917477.1065690581,2729.7314476686665,0.0,0.0029930686830497793,0.18876709804588926,0.5
2013-07-12,906590.571034437,-10886.535534621144,0.0,-0.011726585403487118,0.09486500765051277,0.5
2013-07-15,874385.5829524155,-31751.69279650435,453.29528551721853,-0.034321152657601973,0.0,0.0
2013-07-16,874385.5829524155,0.0,0.0,0.0,0.0,0.0
2013-07-17,874385.5829524155,0.0,0.0,0.0,0.0,0.0
2013-07-18,874385.5829524155,0.0,0.0,0.0,0.0,0.0
2013-07-19,874385.5829524155,0.0,0.0,0.0,0.0,0.0
2013-07-22,874385.5829524155,0.0,0.0,0.0,0.0,0.0
2013-07-23,874385.5829524155,0.0,0.0,0.0,0.0,0.0
2013-07-24,874385.5829524155,0.0,0.0,0.0,0.0,0.0
2013-07-25,874385.5829524155,0.0,0.0,0.0,0.0,0.0
2013-07-26,874385.5829524155,0.0,0.0,0.0,0.0,0.0
2013-07-29,874385.5829524155,0.0,0.0,0.0,0.0,0.0
2013-07-30,874385.5829524155,0.0,0.0,0.0,0.0,0.0
2013-07-31,874385.5829524155,0.0,0.0,0.0,0.0,0.0
2013-08-01,874385.5829524155,0.0,0.0,0.0,0.0,0.0
2013-08-02,874385.5829524155,0.0,0.0,0.0,0.0,0.0
2013-08-05,874385.5829524155,0.0,0.0,0.0,0.0,0.0
2013-08-06,874385.5829524155,0.0,0.0,0.0,0.0,0.0
2013-08-07,874385.5829524155,0.0,0.0,0.0,0.0,0.0
2013-08-08,874385.5829524155,0.0,0.0,0.0,0.0,0.0
2013-08-09,874385.5829524155,0.0,0.0,0.0,0.0,0.0
2013-08-12,874385.5829524155,0.0,0.0,0.0,0.0,0.0
2013-08-13,874385.5829524155,0.0,0.0,0.0,0.0,0.0
2013-08-14,874385.5829524155,0.0,0.0,0.0,0.0,0.0
2013-08-15,874385.5829524155,0.0,0.0,0.0,0.0,0.0
2013-08-16,874385.5829524155,0.0,0.0,0.0,0.0,0.0
2013-08-19,874385.5829524155,0.0,0.0,0.0,0.0,0.0
2013-08-20,874385.5829524155,0.0,0.0,0.0,0.0,0.0
2013-08-21,874385.5829524155,0.0,0.0,0.0,0.0,0.0
2013-08-22,874385.5829524155,0.0,0.0,0.0,0.0,0.0
2013-08-23,874385.5829524155,0.0,0.0,0.0,0.0,0.0
2013-08-26,874385.5829524155,0.0,0.0,0.0,0.0,0.0
2013-08-27,874385.5829524155,0.0,0.0,0.0,0.0,0.0
2013-08-28,874385.5829524155,0.0,0.0,0.0,0.0,0.0
2013-08-29,874385.5829524155,0.0,0.0,0.0,0.0,0.0
2013-08-30,874385.5829524155,0.0,0.0,0.0,0.0,0.0
2013-09-03,874385.5829524155,0.0,0.0,0.0,0.0,0.0
2013-09-04,874385.5829524155,0.0,0.0,0.0,0.0,0.0
2013-09-05,874385.5829524155,0.0,0.0,0.0,0.0,0.0
2013-09-06,874385.5829524155,0.0,0.0,0.0,0.0,0.0
2013-09-09,874385.5829524155,0.0,0.0,0.0,0.0,0.0
2013-09-10,874385.5829524155,0.0,0.0,0.0,0.0,0.0
2013-09-11,874385.5829524155,0.0,0.0,0.0,0.0,0.0
2013-09-12,874385.5829524155,0.0,0.0,0.0,0.0,0.0
2013-09-13,873948.3901609392,0.0,437.19279147620773,-0.0005,0.14616943387908932,0.5
2013-09-16,832272.2056156952,-41239.21035016355,436.9741950804696,-0.045538406029506096,0.0,0.0
2013-09-17,832272.2056156952,0.0,0.0,0.0,0.0,0.0
2013-09-18,832272.2056156952,0.0,0.0,0.0,0.0,0.0
2013-09-19,832272.2056156952,0.0,0.0,0.0,0.0,0.0
2013-09-20,832272.2056156952,0.0,0.0,0.0,0.0,0.0
2013-09-23,832272.2056156952,0.0,0.0,0.0,0.0,0.0
2013-09-24,832272.2056156952,0.0,0.0,0.0,0.0,0.0
2013-09-25,832272.2056156952,0.0,0.0,0.0,0.0,0.0
2013-09-26,832272.2056156952,0.0,0.0,0.0,0.0,0.0
2013-09-27,832272.2056156952,0.0,0.0,0.0,0.0,0.0
2013-09-30,832272.2056156952,0.0,0.0,0.0,0.0,0.0
2013-10-01,832272.2056156952,0.0,0.0,0.0,0.0,0.0
2013-10-02,832272.2056156952,0.0,0.0,0.0,0.0,0.0
2013-10-03,832272.2056156952,0.0,0.0,0.0,0.0,0.0
2013-10-04,832272.2056156952,0.0,0.0,0.0,0.0,0.0
2013-10-07,832272.2056156952,0.0,0.0,0.0,0.0,0.0
2013-10-08,832272.2056156952,0.0,0.0,0.0,0.0,0.0
2013-10-09,832272.2056156952,0.0,0.0,0.0,0.0,0.0
2013-10-10,832272.2056156952,0.0,0.0,0.0,0.0,0.0
2013-10-11,832272.2056156952,0.0,0.0,0.0,0.0,0.0
2013-10-14,832272.2056156952,0.0,0.0,0.0,0.0,0.0
2013-10-15,832272.2056156952,0.0,0.0,0.0,0.0,0.0
2013-10-16,832272.2056156952,0.0,0.0,0.0,0.0,0.0
2013-10-17,832272.2056156952,0.0,0.0,0.0,0.0,0.0
2013-10-18,832272.2056156952,0.0,0.0,0.0,0.0,0.0
2013-10-21,832272.2056156952,0.0,0.0,0.0,0.0,0.0
2013-10-22,832272.2056156952,0.0,0.0,0.0,0.0,0.0
2013-10-23,832272.2056156952,0.0,0.0,0.0,0.0,0.0
2013-10-24,832272.2056156952,0.0,0.0,0.0,0.0,0.0
2013-10-25,832272.2056156952,0.0,0.0,0.0,0.0,0.0
2013-10-28,832272.2056156952,0.0,0.0,0.0,0.0,0.0
2013-10-29,832272.2056156952,0.0,0.0,0.0,0.0,0.0
2013-10-30,832272.2056156952,0.0,0.0,0.0,0.0,0.0
2013-10-31,832272.2056156952,0.0,0.0,0.0,0.0,0.0
2013-11-01,832272.2056156952,0.0,0.0,0.0,0.0,0.0
2013-11-04,832272.2056156952,0.0,0.0,0.0,0.0,0.0
2013-11-05,832272.2056156952,0.0,0.0,0.0,0.0,0.0
2013-11-06,832272.2056156952,0.0,0.0,0.0,0.0,0.0
2013-11-07,832272.2056156952,0.0,0.0,0.0,0.0,0.0
2013-11-08,832272.2056156952,0.0,0.0,0.0,0.0,0.0
2013-11-11,832272.2056156952,0.0,0.0,0.0,0.0,0.0
2013-11-12,832272.2056156952,0.0,0.0,0.0,0.0,0.0
2013-11-13,832272.2056156952,0.0,0.0,0.0,0.0,0.0
2013-11-14,832272.2056156952,0.0,0.0,0.0,0.0,0.0
2013-11-15,832272.2056156952,0.0,0.0,0.0,0.0,0.0
2013-11-18,832272.2056156952,0.0,0.0,0.0,0.0,0.0
2013-11-19,832272.2056156952,0.0,0.0,0.0,0.0,0.0
2013-11-20,832272.2056156952,0.0,0.0,0.0,0.0,0.0
2013-11-21,832272.2056156952,0.0,0.0,0.0,0.0,0.0
2013-11-22,832272.2056156952,0.0,0.0,0.0,0.0,0.0
2013-11-25,832272.2056156952,0.0,0.0,0.0,0.0,0.0
2013-11-26,832272.2056156952,0.0,0.0,0.0,0.0,0.0
2013-11-27,832272.2056156952,0.0,0.0,0.0,0.0,0.0
2013-11-29,832272.2056156952,0.0,0.0,0.0,0.0,0.0
2013-12-02,832272.2056156952,0.0,0.0,0.0,0.0,0.0
2013-12-03,832272.2056156952,0.0,0.0,0.0,0.0,0.0
2013-12-04,832272.2056156952,0.0,0.0,0.0,0.0,0.0
2013-12-05,832272.2056156952,0.0,0.0,0.0,0.0,0.0
2013-12-06,832272.2056156952,0.0,0.0,0.0,0.0,0.0
2013-12-09,832272.2056156952,0.0,0.0,0.0,0.0,0.0
2013-12-10,832272.2056156952,0.0,0.0,0.0,0.0,0.0
2013-12-11,832272.2056156952,0.0,0.0,0.0,0.0,0.0
2013-12-12,832272.2056156952,0.0,0.0,0.0,0.0,0.0
2013-12-13,832272.2056156952,0.0,0.0,0.0,0.0,0.0
2013-12-16,832272.2056156952,0.0,0.0,0.0,0.0,0.0
2013-12-17,832272.2056156952,0.0,0.0,0.0,0.0,0.0
2013-12-18,832272.2056156952,0.0,0.0,0.0,0.0,0.0
2013-12-19,832272.2056156952,0.0,0.0,0.0,0.0,0.0
2013-12-20,832272.2056156952,0.0,0.0,0.0,0.0,0.0
2013-12-23,832272.2056156952,0.0,0.0,0.0,0.0,0.0
2013-12-24,832272.2056156952,0.0,0.0,0.0,0.0,0.0
2013-12-26,832272.2056156952,0.0,0.0,0.0,0.0,0.0
2013-12-27,832272.2056156952,0.0,0.0,0.0,0.0,0.0
2013-12-30,832272.2056156952,0.0,0.0,0.0,0.0,0.0
2013-12-31,832272.2056156952,0.0,0.0,0.0,0.0,0.0
2014-01-02,832272.2056156952,0.0,0.0,0.0,0.0,0.0
2014-01-03,832272.2056156952,0.0,0.0,0.0,0.0,0.0
2014-01-06,832272.2056156952,0.0,0.0,0.0,0.0,0.0
2014-01-07,832272.2056156952,0.0,0.0,0.0,0.0,0.0
2014-01-08,832272.2056156952,0.0,0.0,0.0,0.0,0.0
2014-01-09,832272.2056156952,0.0,0.0,0.0,0.0,0.0
2014-01-10,832272.2056156952,0.0,0.0,0.0,0.0,0.0
2014-01-13,832272.2056156952,0.0,0.0,0.0,0.0,0.0
2014-01-14,832272.2056156952,0.0,0.0,0.0,0.0,0.0
2014-01-15,832272.2056156952,0.0,0.0,0.0,0.0,0.0
2014-01-16,832272.2056156952,0.0,0.0,0.0,0.0,0.0
2014-01-17,832272.2056156952,0.0,0.0,0.0,0.0,0.0
2014-01-21,832272.2056156952,0.0,0.0,0.0,0.0,0.0
2014-01-22,832272.2056156952,0.0,0.0,0.0,0.0,0.0
2014-01-23,832272.2056156952,0.0,0.0,0.0,0.0,0.0
2014-01-24,832272.2056156952,0.0,0.0,0.0,0.0,0.0
2014-01-27,832272.2056156952,0.0,0.0,0.0,0.0,0.0
2014-01-28,832272.2056156952,0.0,0.0,0.0,0.0,0.0
2014-01-29,832272.2056156952,0.0,0.0,0.0,0.0,0.0
2014-01-30,832272.2056156952,0.0,0.0,0.0,0.0,0.0
2014-01-31,832272.2056156952,0.0,0.0,0.0,0.0,0.0
2014-02-03,832272.2056156952,0.0,0.0,0.0,0.0,0.0
2014-02-04,832272.2056156952,0.0,0.0,0.0,0.0,0.0
2014-02-05,832272.2056156952,0.0,0.0,0.0,0.0,0.0
2014-02-06,832272.2056156952,0.0,0.0,0.0,0.0,0.0
2014-02-07,832272.2056156952,0.0,0.0,0.0,0.0,0.0
2014-02-10,832272.2056156952,0.0,0.0,0.0,0.0,0.0
2014-02-11,832272.2056156952,0.0,0.0,0.0,0.0,0.0
2014-02-12,832272.2056156952,0.0,0.0,0.0,0.0,0.0
2014-02-13,832272.2056156952,0.0,0.0,0.0,0.0,0.0
2014-02-14,832272.2056156952,0.0,0.0,0.0,0.0,0.0
2014-02-18,832272.2056156952,0.0,0.0,0.0,0.0,0.0
2014-02-19,832272.2056156952,0.0,0.0,0.0,0.0,0.0
2014-02-20,832272.2056156952,0.0,0.0,0.0,0.0,0.0
2014-02-21,832272.2056156952,0.0,0.0,0.0,0.0,0.0
2014-02-24,832272.2056156952,0.0,0.0,0.0,0.0,0.0
2014-02-25,832272.2056156952,0.0,0.0,0.0,0.0,0.0
2014-02-26,832272.2056156952,0.0,0.0,0.0,0.0,0.0
2014-02-27,832272.2056156952,0.0,0.0,0.0,0.0,0.0
2014-02-28,832272.2056156952,0.0,0.0,0.0,0.0,0.0
2014-03-03,832272.2056156952,0.0,0.0,0.0,0.0,0.0
2014-03-04,832272.2056156952,0.0,0.0,0.0,0.0,0.0
2014-03-05,832272.2056156952,0.0,0.0,0.0,0.0,0.0
2014-03-06,832272.2056156952,0.0,0.0,0.0,0.0,0.0
2014-03-07,832272.2056156952,0.0,0.0,0.0,0.0,0.0
2014-03-10,832272.2056156952,0.0,0.0,0.0,0.0,0.0
2014-03-11,832272.2056156952,0.0,0.0,0.0,0.0,0.0
2014-03-12,832272.2056156952,0.0,0.0,0.0,0.0,0.0
2014-03-13,832272.2056156952,0.0,0.0,0.0,0.0,0.0
2014-03-14,832272.2056156952,0.0,0.0,0.0,0.0,0.0
2014-03-17,832272.2056156952,0.0,0.0,0.0,0.0,0.0
2014-03-18,832272.2056156952,0.0,0.0,0.0,0.0,0.0
2014-03-19,832272.2056156952,0.0,0.0,0.0,0.0,0.0
2014-03-20,832272.2056156952,0.0,0.0,0.0,0.0,0.0
2014-03-21,832272.2056156952,0.0,0.0,0.0,0.0,0.0
2014-03-24,832272.2056156952,0.0,0.0,0.0,0.0,0.0
2014-03-25,832272.2056156952,0.0,0.0,0.0,0.0,0.0
2014-03-26,832272.2056156952,0.0,0.0,0.0,0.0,0.0
2014-03-27,832272.2056156952,0.0,0.0,0.0,0.0,0.0
2014-03-28,832272.2056156952,0.0,0.0,0.0,0.0,0.0
2014-03-31,832272.2056156952,0.0,0.0,0.0,0.0,0.0
2014-04-01,832272.2056156952,0.0,0.0,0.0,0.0,0.0
2014-04-02,832272.2056156952,0.0,0.0,0.0,0.0,0.0
2014-04-03,832272.2056156952,0.0,0.0,0.0,0.0,0.0
2014-04-04,832272.2056156952,0.0,0.0,0.0,0.0,0.0
2014-04-07,832272.2056156952,0.0,0.0,0.0,0.0,0.0
2014-04-08,832272.2056156952,0.0,0.0,0.0,0.0,0.0
2014-04-09,832272.2056156952,0.0,0.0,0.0,0.0,0.0
2014-04-10,832272.2056156952,0.0,0.0,0.0,0.0,0.0
2014-04-11,832272.2056156952,0.0,0.0,0.0,0.0,0.0
2014-04-14,832272.2056156952,0.0,0.0,0.0,0.0,0.0
2014-04-15,832272.2056156952,0.0,0.0,0.0,0.0,0.0
2014-04-16,832272.2056156952,0.0,0.0,0.0,0.0,0.0
2014-04-17,832272.2056156952,0.0,0.0,0.0,0.0,0.0
2014-04-21,832272.2056156952,0.0,0.0,0.0,0.0,0.0
2014-04-22,832272.2056156952,0.0,0.0,0.0,0.0,0.0
2014-04-23,832272.2056156952,0.0,0.0,0.0,0.0,0.0
2014-04-24,832272.2056156952,0.0,0.0,0.0,0.0,0.0
2014-04-25,832272.2056156952,0.0,0.0,0.0,0.0,0.0
2014-04-28,832272.2056156952,0.0,0.0,0.0,0.0,0.0
2014-04-29,832272.2056156952,0.0,0.0,0.0,0.0,0.0
2014-04-30,832272.2056156952,0.0,0.0,0.0,0.0,0.0
2014-05-01,832272.2056156952,0.0,0.0,0.0,0.0,0.0
2014-05-02,832272.2056156952,0.0,0.0,0.0,0.0,0.0
2014-05-05,832272.2056156952,0.0,0.0,0.0,0.0,0.0
2014-05-06,832272.2056156952,0.0,0.0,0.0,0.0,0.0
2014-05-07,832272.2056156952,0.0,0.0,0.0,0.0,0.0
2014-05-08,832272.2056156952,0.0,0.0,0.0,0.0,0.0
2014-05-09,832272.2056156952,0.0,0.0,0.0,0.0,0.0
2014-05-12,832272.2056156952,0.0,0.0,0.0,0.0,0.0
2014-05-13,832272.2056156952,0.0,0.0,0.0,0.0,0.0
2014-05-14,832272.2056156952,0.0,0.0,0.0,0.0,0.0
2014-05-15,832272.2056156952,0.0,0.0,0.0,0.0,0.0
2014-05-16,832272.2056156952,0.0,0.0,0.0,0.0,0.0
2014-05-19,832272.2056156952,0.0,0.0,0.0,0.0,0.0
2014-05-20,832272.2056156952,0.0,0.0,0.0,0.0,0.0
2014-05-21,832272.2056156952,0.0,0.0,0.0,0.0,0.0
2014-05-22,832272.2056156952,0.0,0.0,0.0,0.0,0.0
2014-05-23,832272.2056156952,0.0,0.0,0.0,0.0,0.0
2014-05-27,832272.2056156952,0.0,0.0,0.0,0.0,0.0
2014-05-28,832272.2056156952,0.0,0.0,0.0,0.0,0.0
2014-05-29,832272.2056156952,0.0,0.0,0.0,0.0,0.0
2014-05-30,832272.2056156952,0.0,0.0,0.0,0.0,0.0
2014-06-02,831856.0695128874,0.0,416.13610280784764,-0.0005,-0.29080063778793724,-0.5
2014-06-03,837192.0339707758,5335.964457888398,0.0,0.006455940303513038,-0.37917472044306116,-0.5
2014-06-04,836838.7883868219,-353.24558395391387,0.0,-0.0004217629692113033,-0.5824472872879461,-0.5
2014-06-05,843048.0475249366,6209.2591381146985,0.0,0.007475365273530411,-0.6048852755994616,-0.5
2014-06-06,844058.2043774999,1010.1568525632586,0.0,0.0011996572407883463,-0.6869582630055878,-0.5
2014-06-09,844058.2043774999,0.0,0.0,0.0,-0.9393266534149546,-0.5
2014-06-10,842465.0952065747,-1593.1091709252744,0.0,-0.0018838842267511562,-0.947917706220409,-0.5
2014-06-11,847361.4735376898,4896.378331115135,0.0,0.005845942228335625,-0.8512020324086145,-0.5
2014-06-12,856227.8466177711,8866.373080081326,0.0,0.01057415013545399,-0.9212048771597847,-0.5
2014-06-13,853051.5906949707,-3176.2559228004225,0.0,-0.003695881731784583,-0.8332084493077759,-0.5
2014-06-16,854248.2262772185,1196.6355822478986,0.0,0.001404741000877963,-0.8802298902032129,-0.5
2014-06-17,861308.1289737244,7059.902696505938,0.0,0.008333333333333333,-1.039576907426865,-0.5
2014-06-18,857997.1822952093,-3310.9466785151217,0.0,-0.003829370380265384,-1.1494993841497432,-0.5
2014-06-19,854419.6567835099,-3577.5255116993294,0.0,-0.004152310274759255,-1.3577576919918357,-0.5
2014-06-20,855923.1226585469,1503.4658750369697,0.0,0.0017627357659086903,-1.527334236619662,-0.5
2014-06-23,853202.5476615747,-2720.5749969722483,0.0,-0.0031684562577011088,-1.836433518989947,-0.5
2014-06-24,856571.0434191437,3368.495757568947,0.0,0.003963710032590505,-1.8473670133204936,-0.5
2014-06-25,855889.3013435536,-681.7420755900506,0.0,-0.0007952637624812228,-1.756678735534972,-0.5
2014-06-26,849465.9753136929,-6423.326029860679,0.0,-0.007448952764875997,-1.605996968467104,-0.5
2014-06-27,850943.8214781218,1477.8461644288325,0.0,0.001742767514813524,-1.689957372062234,-0.5
2014-06-30,860303.0150453567,9359.19356723493,0.0,0.011120917917034423,-2.0027958347442776,-0.5
2014-07-01,860456.5857370821,153.57069172534037,0.0,0.00017853954650955188,-2.19979809337268,-0.5
2014-07-02,862761.3801631635,2304.7944260814697,0.0,0.002685765443151298,-2.0851444490210453,-0.5
2014-07-03,864232.8762334598,1471.4960702962394,0.0,0.0017084794532865749,-1.868978354590049,-0.5
2014-07-07,871939.5106008812,7706.634367421413,0.0,0.008997546123784422,-1.6928307618160945,-0.5
2014-07-08,882574.8696351729,10635.359034291745,0.0,0.012347971404697799,-1.635454029077299,-0.5
2014-07-09,880998.5467809646,-1576.3228542083366,0.0,-0.0017828657220606175,-1.620329828883416,-0.5
2014-07-10,882566.453524018,1567.9067430534215,0.0,0.0017828657220606175,-1.5890924762603087,-0.5
2014-07-11,893849.4989911421,11283.045467124126,0.0,0.012949914302037705,-1.6716466283435694,-0.5
2014-07-14,894108.1858999762,258.6869088340176,0.0,0.0002894914600019299,-1.6749979415639076,-0.5
2014-07-15,933188.3083651526,39527.17655812636,447.0540929499881,0.045730155524136534,0.0,0.0
2014-07-16,933188.3083651526,0.0,0.0,0.0,0.0,0.0
2014-07-17,932721.71421097,0.0,466.5941541825763,-0.0005,-1.412508353455622,-0.5
2014-07-18,931927.7395659724,-793.9746449976335,0.0,-0.0008505209440782479,-1.2044945139307388,-0.5
2014-07-21,932323.7148111672,395.9752451948045,0.0,0.0004250797024442083,-0.7305882949159074,-0.5
2014-07-22,929052.7513209728,-3270.963490194399,0.0,-0.00349613306494332,-0.7397574479762178,-0.5
2014-07-23,921918.5050245114,-6669.719920800903,464.5263756604864,-0.007624318658280923,0.0,0.0
2014-07-24,921918.5050245114,0.0,0.0,0.0,0.0,0.0
2014-07-25,921457.5457719992,0.0,460.9592525122557,-0.0005,-0.8866216611206381,-0.5
2014-07-28,911780.3412371123,-9216.475762000817,460.7287728859996,-0.010398060234813681,0.0,0.0
2014-07-29,911780.3412371123,0.0,0.0,0.0,0.0,0.0
2014-07-30,911780.3412371123,0.0,0.0,0.0,0.0,0.0
2014-07-31,911780.3412371123,0.0,0.0,0.0,0.0,0.0
2014-08-01,911780.3412371123,0.0,0.0,0.0,0.0,0.0
2014-08-04,911780.3412371123,0.0,0.0,0.0,0.0,0.0
2014-08-05,911780.3412371123,0.0,0.0,0.0,0.0,0.0
2014-08-06,911780.3412371123,0.0,0.0,0.0,0.0,0.0
2014-08-07,911780.3412371123,0.0,0.0,0.0,0.0,0.0
2014-08-08,911780.3412371123,0.0,0.0,0.0,0.0,0.0
2014-08-11,911780.3412371123,0.0,0.0,0.0,0.0,0.0
2014-08-12,911324.4510664938,0.0,455.89017061855617,-0.0005,-1.894581664997852,-0.5
2014-08-13,920331.7276177324,9007.276551238601,0.0,0.009982384028185555,-1.5733727854260569,-0.5
2014-08-14,934888.1804072576,14556.452789525225,0.0,0.016070711128967456,-1.331343485136972,-0.5
2014-08-15,980993.3610658026,46572.62474874865,467.44409020362883,0.051901804899011604,0.0,0.0
2014-08-18,980993.3610658026,0.0,0.0,0.0,0.0,0.0
2014-08-19,980993.3610658026,0.0,0.0,0.0,0.0,0.0
2014-08-20,980993.3610658026,0.0,0.0,0.0,0.0,0.0
2014-08-21,980993.3610658026,0.0,0.0,0.0,0.0,0.0
2014-08-22,980993.3610658026,0.0,0.0,0.0,0.0,0.0
2014-08-25,980993.3610658026,0.0,0.0,0.0,0.0,0.0
2014-08-26,980993.3610658026,0.0,0.0,0.0,0.0,0.0
2014-08-27,980993.3610658026,0.0,0.0,0.0,0.0,0.0
2014-08-28,980993.3610658026,0.0,0.0,0.0,0.0,0.0
2014-08-29,980993.3610658026,0.0,0.0,0.0,0.0,0.0
2014-09-02,980993.3610658026,0.0,0.0,0.0,0.0,0.0
2014-09-03,980993.3610658026,0.0,0.0,0.0,0.0,0.0
2014-09-04,980993.3610658026,0.0,0.0,0.0,0.0,0.0
2014-09-05,980993.3610658026,0.0,0.0,0.0,0.0,0.0
2014-09-08,980993.3610658026,0.0,0.0,0.0,0.0,0.0
2014-09-09,980993.3610658026,0.0,0.0,0.0,0.0,0.0
2014-09-10,980993.3610658026,0.0,0.0,0.0,0.0,0.0
2014-09-11,980993.3610658026,0.0,0.0,0.0,0.0,0.0
2014-09-12,980993.3610658026,0.0,0.0,0.0,0.0,0.0
2014-09-15,980993.3610658026,0.0,0.0,0.0,0.0,0.0
2014-09-16,980993.3610658026,0.0,0.0,0.0,0.0,0.0
2014-09-17,980993.3610658026,0.0,0.0,0.0,0.0,0.0
2014-09-18,980993.3610658026,0.0,0.0,0.0,0.0,0.0
2014-09-19,980993.3610658026,0.0,0.0,0.0,0.0,0.0
2014-09-22,980993.3610658026,0.0,0.0,0.0,0.0,0.0
2014-09-23,980993.3610658026,0.0,0.0,0.0,0.0,0.0
2014-09-24,980993.3610658026,0.0,0.0,0.0,0.0,0.0
2014-09-25,980993.3610658026,0.0,0.0,0.0,0.0,0.0
2014-09-26,980993.3610658026,0.0,0.0,0.0,0.0,0.0
2014-09-29,980993.3610658026,0.0,0.0,0.0,0.0,0.0
2014-09-30,980993.3610658026,0.0,0.0,0.0,0.0,0.0
2014-10-01,980993.3610658026,0.0,0.0,0.0,0.0,0.0
2014-10-02,980993.3610658026,0.0,0.0,0.0,0.0,0.0
2014-10-03,980993.3610658026,0.0,0.0,0.0,0.0,0.0
2014-10-06,980993.3610658026,0.0,0.0,0.0,0.0,0.0
2014-10-07,980993.3610658026,0.0,0.0,0.0,0.0,0.0
2014-10-08,980993.3610658026,0.0,0.0,0.0,0.0,0.0
2014-10-09,980993.3610658026,0.0,0.0,0.0,0.0,0.0
2014-10-10,980993.3610658026,0.0,0.0,0.0,0.0,0.0
2014-10-13,980993.3610658026,0.0,0.0,0.0,0.0,0.0
2014-10-14,980993.3610658026,0.0,0.0,0.0,0.0,0.0
2014-10-15,980993.3610658026,0.0,0.0,0.0,0.0,0.0
2014-10-16,980993.3610658026,0.0,0.0,0.0,0.0,0.0
2014-10-17,980993.3610658026,0.0,0.0,0.0,0.0,0.0
2014-10-20,980993.3610658026,0.0,0.0,0.0,0.0,0.0
2014-10-21,980993.3610658026,0.0,0.0,0.0,0.0,0.0
2014-10-22,980993.3610658026,0.0,0.0,0.0,0.0,0.0
2014-10-23,980993.3610658026,0.0,0.0,0.0,0.0,0.0
2014-10-24,980993.3610658026,0.0,0.0,0.0,0.0,0.0
2014-10-27,980993.3610658026,0.0,0.0,0.0,0.0,0.0
2014-10-28,980993.3610658026,0.0,0.0,0.0,0.0,0.0
2014-10-29,980993.3610658026,0.0,0.0,0.0,0.0,0.0
2014-10-30,980993.3610658026,0.0,0.0,0.0,0.0,0.0
2014-10-31,980993.3610658026,0.0,0.0,0.0,0.0,0.0
2014-11-03,980993.3610658026,0.0,0.0,0.0,0.0,0.0
2014-11-04,980993.3610658026,0.0,0.0,0.0,0.0,0.0
2014-11-05,980993.3610658026,0.0,0.0,0.0,0.0,0.0
2014-11-06,980993.3610658026,0.0,0.0,0.0,0.0,0.0
2014-11-07,980993.3610658026,0.0,0.0,0.0,0.0,0.0
2014-11-10,980993.3610658026,0.0,0.0,0.0,0.0,0.0
2014-11-11,980993.3610658026,0.0,0.0,0.0,0.0,0.0
2014-11-12,980993.3610658026,0.0,0.0,0.0,0.0,0.0
2014-11-13,980993.3610658026,0.0,0.0,0.0,0.0,0.0
2014-11-14,980993.3610658026,0.0,0.0,0.0,0.0,0.0
2014-11-17,980993.3610658026,0.0,0.0,0.0,0.0,0.0
2014-11-18,980993.3610658026,0.0,0.0,0.0,0.0,0.0
2014-11-19,980993.3610658026,0.0,0.0,0.0,0.0,0.0
2014-11-20,980993.3610658026,0.0,0.0,0.0,0.0,0.0
2014-11-21,980993.3610658026,0.0,0.0,0.0,0.0,0.0
2014-11-24,980993.3610658026,0.0,0.0,0.0,0.0,0.0
2014-11-25,980993.3610658026,0.0,0.0,0.0,0.0,0.0
2014-11-26,980993.3610658026,0.0,0.0,0.0,0.0,0.0
2014-11-28,980993.3610658026,0.0,0.0,0.0,0.0,0.0
2014-12-01,980993.3610658026,0.0,0.0,0.0,0.0,0.0
2014-12-02,980993.3610658026,0.0,0.0,0.0,0.0,0.0
2014-12-03,980993.3610658026,0.0,0.0,0.0,0.0,0.0
2014-12-04,980993.3610658026,0.0,0.0,0.0,0.0,0.0
2014-12-05,980993.3610658026,0.0,0.0,0.0,0.0,0.0
2014-12-08,980993.3610658026,0.0,0.0,0.0,0.0,0.0
2014-12-09,980993.3610658026,0.0,0.0,0.0,0.0,0.0
2014-12-10,980993.3610658026,0.0,0.0,0.0,0.0,0.0
2014-12-11,980993.3610658026,0.0,0.0,0.0,0.0,0.0
2014-12-12,980993.3610658026,0.0,0.0,0.0,0.0,0.0
2014-12-15,980993.3610658026,0.0,0.0,0.0,0.0,0.0
2014-12-16,980993.3610658026,0.0,0.0,0.0,0.0,0.0
2014-12-17,980993.3610658026,0.0,0.0,0.0,0.0,0.0
2014-12-18,980993.3610658026,0.0,0.0,0.0,0.0,0.0
2014-12-19,980993.3610658026,0.0,0.0,0.0,0.0,0.0
2014-12-22,980993.3610658026,0.0,0.0,0.0,0.0,0.0
2014-12-23,980993.3610658026,0.0,0.0,0.0,0.0,0.0
2014-12-24,980993.3610658026,0.0,0.0,0.0,0.0,0.0
2014-12-26,980993.3610658026,0.0,0.0,0.0,0.0,0.0
2014-12-29,980993.3610658026,0.0,0.0,0.0,0.0,0.0
2014-12-30,980993.3610658026,0.0,0.0,0.0,0.0,0.0
2014-12-31,980993.3610658026,0.0,0.0,0.0,0.0,0.0
2015-01-02,980993.3610658026,0.0,0.0,0.0,0.0,0.0
2015-01-05,980993.3610658026,0.0,0.0,0.0,0.0,0.0
2015-01-06,980993.3610658026,0.0,0.0,0.0,0.0,0.0
2015-01-07,980993.3610658026,0.0,0.0,0.0,0.0,0.0
2015-01-08,980993.3610658026,0.0,0.0,0.0,0.0,0.0
2015-01-09,980993.3610658026,0.0,0.0,0.0,0.0,0.0
2015-01-12,980993.3610658026,0.0,0.0,0.0,0.0,0.0
2015-01-13,980993.3610658026,0.0,0.0,0.0,0.0,0.0
2015-01-14,980993.3610658026,0.0,0.0,0.0,0.0,0.0
2015-01-15,980993.3610658026,0.0,0.0,0.0,0.0,0.0
2015-01-16,980993.3610658026,0.0,0.0,0.0,0.0,0.0
2015-01-20,980993.3610658026,0.0,0.0,0.0,0.0,0.0
2015-01-21,980993.3610658026,0.0,0.0,0.0,0.0,0.0
2015-01-22,980993.3610658026,0.0,0.0,0.0,0.0,0.0
2015-01-23,980993.3610658026,0.0,0.0,0.0,0.0,0.0
2015-01-26,980993.3610658026,0.0,0.0,0.0,0.0,0.0
2015-01-27,980993.3610658026,0.0,0.0,0.0,0.0,0.0
2015-01-28,980993.3610658026,0.0,0.0,0.0,0.0,0.0
2015-01-29,980993.3610658026,0.0,0.0,0.0,0.0,0.0
2015-01-30,980993.3610658026,0.0,0.0,0.0,0.0,0.0
2015-02-02,980993.3610658026,0.0,0.0,0.0,0.0,0.0
2015-02-03,980993.3610658026,0.0,0.0,0.0,0.0,0.0
2015-02-04,980993.3610658026,0.0,0.0,0.0,0.0,0.0
2015-02-05,980993.3610658026,0.0,0.0,0.0,0.0,0.0
2015-02-06,980993.3610658026,0.0,0.0,0.0,0.0,0.0
2015-02-09,980993.3610658026,0.0,0.0,0.0,0.0,0.0
2015-02-10,980993.3610658026,0.0,0.0,0.0,0.0,0.0
2015-02-11,980993.3610658026,0.0,0.0,0.0,0.0,0.0
2015-02-12,980993.3610658026,0.0,0.0,0.0,0.0,0.0
2015-02-13,980993.3610658026,0.0,0.0,0.0,0.0,0.0
2015-02-17,980993.3610658026,0.0,0.0,0.0,0.0,0.0
2015-02-18,980993.3610658026,0.0,0.0,0.0,0.0,0.0
2015-02-19,980993.3610658026,0.0,0.0,0.0,0.0,0.0
2015-02-20,980993.3610658026,0.0,0.0,0.0,0.0,0.0
2015-02-23,980993.3610658026,0.0,0.0,0.0,0.0,0.0
2015-02-24,980993.3610658026,0.0,0.0,0.0,0.0,0.0
2015-02-25,980993.3610658026,0.0,0.0,0.0,0.0,0.0
2015-02-26,980993.3610658026,0.0,0.0,0.0,0.0,0.0
2015-02-27,980993.3610658026,0.0,0.0,0.0,0.0,0.0
2015-03-02,980993.3610658026,0.0,0.0,0.0,0.0,0.0
2015-03-03,980993.3610658026,0.0,0.0,0.0,0.0,0.0
2015-03-04,980993.3610658026,0.0,0.0,0.0,0.0,0.0
2015-03-05,980993.3610658026,0.0,0.0,0.0,0.0,0.0
2015-03-06,980993.3610658026,0.0,0.0,0.0,0.0,0.0
2015-03-09,980993.3610658026,0.0,0.0,0.0,0.0,0.0
2015-03-10,980993.3610658026,0.0,0.0,0.0,0.0,0.0
2015-03-11,980993.3610658026,0.0,0.0,0.0,0.0,0.0
2015-03-12,980993.3610658026,0.0,0.0,0.0,0.0,0.0
2015-03-13,980993.3610658026,0.0,0.0,0.0,0.0,0.0
2015-03-16,980993.3610658026,0.0,0.0,0.0,0.0,0.0
2015-03-17,980993.3610658026,0.0,0.0,0.0,0.0,0.0
2015-03-18,980993.3610658026,0.0,0.0,0.0,0.0,0.0
2015-03-19,980993.3610658026,0.0,0.0,0.0,0.0,0.0
2015-03-20,980993.3610658026,0.0,0.0,0.0,0.0,0.0
2015-03-23,980993.3610658026,0.0,0.0,0.0,0.0,0.0
2015-03-24,980993.3610658026,0.0,0.0,0.0,0.0,0.0
2015-03-25,980993.3610658026,0.0,0.0,0.0,0.0,0.0
2015-03-26,980993.3610658026,0.0,0.0,0.0,0.0,0.0
2015-03-27,980993.3610658026,0.0,0.0,0.0,0.0,0.0
2015-03-30,980993.3610658026,0.0,0.0,0.0,0.0,0.0
2015-03-31,980993.3610658026,0.0,0.0,0.0,0.0,0.0
2015-04-01,980993.3610658026,0.0,0.0,0.0,0.0,0.0
2015-04-02,980993.3610658026,0.0,0.0,0.0,0.0,0.0
2015-04-06,980993.3610658026,0.0,0.0,0.0,0.0,0.0
2015-04-07,980993.3610658026,0.0,0.0,0.0,0.0,0.0
2015-04-08,980993.3610658026,0.0,0.0,0.0,0.0,0.0
2015-04-09,980993.3610658026,0.0,0.0,0.0,0.0,0.0
2015-04-10,980993.3610658026,0.0,0.0,0.0,0.0,0.0
2015-04-13,980993.3610658026,0.0,0.0,0.0,0.0,0.0
2015-04-14,980993.3610658026,0.0,0.0,0.0,0.0,0.0
2015-04-15,980993.3610658026,0.0,0.0,0.0,0.0,0.0
2015-04-16,980993.3610658026,0.0,0.0,0.0,0.0,0.0
2015-04-17,980993.3610658026,0.0,0.0,0.0,0.0,0.0
2015-04-20,980993.3610658026,0.0,0.0,0.0,0.0,0.0
2015-04-21,980993.3610658026,0.0,0.0,0.0,0.0,0.0
2015-04-22,980993.3610658026,0.0,0.0,0.0,0.0,0.0
2015-04-23,980993.3610658026,0.0,0.0,0.0,0.0,0.0
2015-04-24,980993.3610658026,0.0,0.0,0.0,0.0,0.0
2015-04-27,980993.3610658026,0.0,0.0,0.0,0.0,0.0
2015-04-28,980993.3610658026,0.0,0.0,0.0,0.0,0.0
2015-04-29,980993.3610658026,0.0,0.0,0.0,0.0,0.0
2015-04-30,980993.3610658026,0.0,0.0,0.0,0.0,0.0
2015-05-01,980993.3610658026,0.0,0.0,0.0,0.0,0.0
2015-05-04,980993.3610658026,0.0,0.0,0.0,0.0,0.0
2015-05-05,980993.3610658026,0.0,0.0,0.0,0.0,0.0
2015-05-06,980993.3610658026,0.0,0.0,0.0,0.0,0.0
2015-05-07,980993.3610658026,0.0,0.0,0.0,0.0,0.0
2015-05-08,980993.3610658026,0.0,0.0,0.0,0.0,0.0
2015-05-11,980993.3610658026,0.0,0.0,0.0,0.0,0.0
2015-05-12,980993.3610658026,0.0,0.0,0.0,0.0,0.0
2015-05-13,980993.3610658026,0.0,0.0,0.0,0.0,0.0
2015-05-14,980993.3610658026,0.0,0.0,0.0,0.0,0.0
2015-05-15,980993.3610658026,0.0,0.0,0.0,0.0,0.0
2015-05-18,980993.3610658026,0.0,0.0,0.0,0.0,0.0
2015-05-19,980993.3610658026,0.0,0.0,0.0,0.0,0.0
2015-05-20,980993.3610658026,0.0,0.0,0.0,0.0,0.0
2015-05-21,980993.3610658026,0.0,0.0,0.0,0.0,0.0
2015-05-22,980993.3610658026,0.0,0.0,0.0,0.0,0.0
2015-05-26,980993.3610658026,0.0,0.0,0.0,0.0,0.0
2015-05-27,980993.3610658026,0.0,0.0,0.0,0.0,0.0
2015-05-28,980993.3610658026,0.0,0.0,0.0,0.0,0.0
2015-05-29,980993.3610658026,0.0,0.0,0.0,0.0,0.0
2015-06-01,980502.8643852697,0.0,490.49668053290134,-0.0005,1.4815135183429153,0.5
2015-06-02,988311.9449736513,7809.080588381603,0.0,0.008028303170499388,1.963935282309344,0.5
2015-06-03,985422.9119163273,-2889.0330573239876,0.0,-0.0029146793852676206,1.6609442496295885,0.5
2015-06-04,991349.6736159043,5926.761699576949,0.0,0.0060508269463493344,1.6404977530006268,0.5
2015-06-05,986767.3652988735,-4582.308317030725,0.0,-0.004601025371368477,2.0217615104187368,0.5
2015-06-08,990187.2468634924,3419.881564618863,0.0,0.0034777956126270733,0.9770593135687272,0.5
2015-06-09,993988.6011339506,3801.3542704582046,0.0,0.003853820598006644,0.7967802337089884,0.5
2015-06-10,992943.9467974987,-1044.6543364518661,0.0,-0.0010498687664041995,1.0498030594107615,0.5
2015-06-11,987976.6126771321,-4967.334120366634,0.0,-0.004977731202515065,0.589875504274729,0.5
2015-06-12,987976.6126771321,0.0,0.0,0.0,0.3268045076694996,0.5
2015-06-15,985806.2172460915,-1182.418818363589,987.9766126771322,-0.0021941824943551604,-0.223840994272163,-0.5
2015-06-16,975425.1600396876,-10381.05720640379,0.0,-0.010420788814140615,-0.5438113053953292,-0.5
2015-06-17,969567.5154754807,-5857.644564207001,0.0,-0.005969374513366208,-1.187289170161617,-0.5
2015-06-18,964705.1694058697,-4377.5623118733,484.78375773774036,-0.004992423269551817,-1.149632591838021,-0.5
2015-06-19,964222.8168211668,0.0,482.35258470293485,-0.0005,-1.1962350609798449,-0.5
2015-06-22,955290.2328259115,-8932.583995255276,0.0,-0.009178990311065782,-1.205931688542507,-0.5
2015-06-23,956255.660044533,965.4272186214366,0.0,0.0010116337885685382,-0.9033550435896835,-0.5
2015-06-24,959039.6955104854,2784.035465952438,0.0,0.0029198933604164022,-0.8423847019836959,-0.5
2015-06-25,950003.6708774607,-9036.02463302469,0.0,-0.009334006054490413,-1.1139096188673394,-0.5
2015-06-26,949172.6254268056,-831.0454506551143,0.0,-0.0008740167311774253,-1.2503886943878588,-0.5
2015-06-29,948935.8059094836,-236.81951732205727,0.0,-0.0002494387627837366,-1.059820718572993,-0.5
2015-06-30,923022.285853095,-25439.052153433786,474.4679029547418,-0.026595021250758955,-1.4858135066357598,-0.5
2015-07-01,922560.7747101685,0.0,461.5111429265475,-0.0005,-1.683325808030381,-0.5
2015-07-02,922008.4753958066,-552.2993143619303,0.0,-0.0005983008256551394,-1.2209258414580777,-0.5
2015-07-06,927080.5143659342,5072.0389701276135,0.0,0.005531505531505531,-0.7426689121837613,-0.5
2015-07-07,941317.4219021462,14236.907536212047,0.0,0.015596217610217364,-0.36495359473738875,-0.5
2015-07-08,939321.1149944196,-1996.3069077266075,0.0,-0.0021162703846632643,-0.13666216142696871,-0.5
2015-07-09,924618.697542333,-14702.417452086569,0.0,-0.01541095890410959,-0.20341330517876613,-0.5
2015-07-10,922057.1183995393,-2561.579142793744,0.0,-0.002762762762762763,-0.32972313621509175,-0.5
2015-07-13,921283.9511943648,-773.1672051745059,0.0,-0.0008378216636744464,-0.9481763172231298,-0.5
2015-07-14,924038.3279917649,2754.3767974000384,0.0,0.0029986805805445604,-1.0487458731442414,-0.5
2015-07-15,930263.8027713052,6225.474779540283,0.0,0.006782945736434108,-1.1445606000969002,-0.5
2015-07-16,932986.5260964895,2722.723325184308,0.0,0.002935420743639922,-1.4615513162952103,-0.5
2015-07-17,934932.1555056701,1945.6294091806085,0.0,0.002089735709895513,-1.7004149275559162,-0.5
2015-07-20,938156.853750824,3224.6982451538265,0.0,0.0034610630407911004,-1.5244111681328119,-0.5
2015-07-21,933036.6724601968,-5120.181290627171,0.0,-0.0054280779669380694,-1.435235969713883,-0.5
2015-07-22,932120.8082418309,-915.8642183658374,0.0,-0.000980632507967639,-1.3956006958286364,-0.5
2015-07-23,937029.1103180492,4908.302076218311,0.0,0.005293610734950141,-1.3179041854501474,-0.5
2015-07-24,945726.7815153083,8697.67119725912,0.0,0.009369144284821987,-1.3284964405792052,-0.5
2015-07-27,960037.9055735475,14311.124058239218,0.0,0.015364916773367477,-1.551036040021386,-0.5
2015-07-28,953296.4170298581,-6741.48854368941,0.0,-0.006973140495867769,-1.8088626179221459,-0.5
2015-07-29,949262.2054676645,-4034.2115621935523,0.0,-0.004214021197803602,-1.8170964984213245,-0.5
2015-07-30,945761.620020238,-3500.5854474265348,0.0,-0.003674141644495122,-1.728733439761999,-0.5
2015-07-31,950298.2195608552,4536.599540617148,0.0,0.004819888381532218,-1.57502964959255,-0.5
2015-08-03,951872.7641510019,1574.544590146714,0.0,0.00165964509128048,-0.7616808348702486,-0.5
2015-08-04,952603.101310197,730.3371591951421,0.0,0.0007678525723061172,-0.5865636931671362,-0.5
2015-08-05,944916.8826392771,-7686.218670919879,0.0,-0.008004065557108373,-0.6354805130274342,-0.5
2015-08-06,947894.31168717,2977.429047892857,0.0,0.0031609558730560116,-0.800527979947908,-0.5
2015-08-07,936592.6798634011,-11301.631823768896,0.0,-0.011782401604412135,-0.7987186363337315,-0.5
2015-08-10,920000.4160848497,-16592.263778551333,0.0,-0.017407181984175287,-1.0920808867995928,-0.5
2015-08-11,933539.5464005277,13539.130315677974,0.0,0.014936247723132968,-1.0694766134854274,-0.5
2015-08-12,962073.2654947995,29000.488867472013,466.76977320026384,0.03154503816793893,0.0,0.0
2015-08-13,962073.2654947995,0.0,0.0,0.0,0.0,0.0
2015-08-14,962073.2654947995,0.0,0.0,0.0,0.0,0.0
2015-08-17,962073.2654947995,0.0,0.0,0.0,0.0,0.0
2015-08-18,962073.2654947995,0.0,0.0,0.0,0.0,0.0
2015-08-19,962073.2654947995,0.0,0.0,0.0,0.0,0.0
2015-08-20,962073.2654947995,0.0,0.0,0.0,0.0,0.0
2015-08-21,962073.2654947995,0.0,0.0,0.0,0.0,0.0
2015-08-24,962073.2654947995,0.0,0.0,0.0,0.0,0.0
2015-08-25,962073.2654947995,0.0,0.0,0.0,0.0,0.0
2015-08-26,962073.2654947995,0.0,0.0,0.0,0.0,0.0
2015-08-27,962073.2654947995,0.0,0.0,0.0,0.0,0.0
2015-08-28,962073.2654947995,0.0,0.0,0.0,0.0,0.0
2015-08-31,962073.2654947995,0.0,0.0,0.0,0.0,0.0
2015-09-01,962073.2654947995,0.0,0.0,0.0,0.0,0.0
2015-09-02,962073.2654947995,0.0,0.0,0.0,0.0,0.0
2015-09-03,962073.2654947995,0.0,0.0,0.0,0.0,0.0
2015-09-04,962073.2654947995,0.0,0.0,0.0,0.0,0.0
2015-09-08,962073.2654947995,0.0,0.0,0.0,0.0,0.0
2015-09-09,962073.2654947995,0.0,0.0,0.0,0.0,0.0
2015-09-10,961592.2288620521,0.0,481.0366327473997,-0.0005,0.33284652685963845,0.5
2015-09-11,963358.8624085765,1766.633546524403,0.0,0.001840577658218887,0.69011389895719,0.5
2015-09-14,960645.9396758011,-2712.92273277549,0.0,-0.0028081999438360015,2.0078451138927544,0.5
2015-09-15,964046.6970380065,3400.7573622054697,0.0,0.0035526502771067213,2.220201024876614,0.5
2015-09-16,963097.8321787171,-948.8648592893765,0.0,-0.0009832841691248771,2.1294399486711533,0.5
2015-09-17,961605.2883418665,-1492.5438368506464,0.0,-0.0015473343648895765,1.8171684048378578,0.5
2015-09-18,952228.4137099291,-9376.874631937364,0.0,-0.009657102869139258,1.6675041625224185,0.5
2015-09-21,956071.3649327423,3842.951222813205,0.0,0.004052098408104197,2.029798740369671,0.5
2015-09-22,949236.4252349103,-6834.939697832016,0.0,-0.007098239636570131,2.064996830922245,0.5
2015-09-23,950337.9470512549,1101.5218163445436,0.0,0.0011617775196049959,2.049646056506207,0.5
2015-09-24,952675.9709441451,2338.0238928902077,0.0,0.0024662701291164953,2.012634807161804,0.5
2015-09-25,964337.4711645156,11661.50022037044,0.0,0.01239247703746902,2.1050844877627912,0.5
2015-09-28,957559.7267790467,-6777.744385468904,0.0,-0.006979341150195422,1.6931822076649143,0.5
2015-09-29,961655.3629072718,4095.6361282251783,0.0,0.0042955326460481094,1.5076537076200622,0.5
2015-09-30,965869.5721594807,4214.209252208853,0.0,0.00440153343745563,1.5353788456573714,0.5
2015-10-01,965869.5721594807,0.0,0.0,0.0,0.0,0.0
2015-10-02,965869.5721594807,0.0,0.0,0.0,0.0,0.0
2015-10-05,965869.5721594807,0.0,0.0,0.0,0.0,0.0
2015-10-06,965869.5721594807,0.0,0.0,0.0,0.0,0.0
2015-10-07,965869.5721594807,0.0,0.0,0.0,0.0,0.0
2015-10-08,965869.5721594807,0.0,0.0,0.0,0.0,0.0
2015-10-09,965869.5721594807,0.0,0.0,0.0,0.0,0.0
2015-10-12,965869.5721594807,0.0,0.0,0.0,0.0,0.0
2015-10-13,965869.5721594807,0.0,0.0,0.0,0.0,0.0
2015-10-14,965869.5721594807,0.0,0.0,0.0,0.0,0.0
2015-10-15,965869.5721594807,0.0,0.0,0.0,0.0,0.0
2015-10-16,965869.5721594807,0.0,0.0,0.0,0.0,0.0
2015-10-19,965869.5721594807,0.0,0.0,0.0,0.0,0.0
2015-10-20,965869.5721594807,0.0,0.0,0.0,0.0,0.0
2015-10-21,965869.5721594807,0.0,0.0,0.0,0.0,0.0
2015-10-22,965869.5721594807,0.0,0.0,0.0,0.0,0.0
2015-10-23,965869.5721594807,0.0,0.0,0.0,0.0,0.0
2015-10-26,965869.5721594807,0.0,0.0,0.0,0.0,0.0
2015-10-27,965869.5721594807,0.0,0.0,0.0,0.0,0.0
2015-10-28,965869.5721594807,0.0,0.0,0.0,0.0,0.0
2015-10-29,965869.5721594807,0.0,0.0,0.0,0.0,0.0
2015-10-30,965869.5721594807,0.0,0.0,0.0,0.0,0.0
2015-11-02,965869.5721594807,0.0,0.0,0.0,0.0,0.0
2015-11-03,965869.5721594807,0.0,0.0,0.0,0.0,0.0
2015-11-04,965869.5721594807,0.0,0.0,0.0,0.0,0.0
2015-11-05,965869.5721594807,0.0,0.0,0.0,0.0,0.0
2015-11-06,965869.5721594807,0.0,0.0,0.0,0.0,0.0
2015-11-09,965869.5721594807,0.0,0.0,0.0,0.0,0.0
2015-11-10,965869.5721594807,0.0,0.0,0.0,0.0,0.0
2015-11-11,965869.5721594807,0.0,0.0,0.0,0.0,0.0
2015-11-12,965869.5721594807,0.0,0.0,0.0,0.0,0.0
2015-11-13,965869.5721594807,0.0,0.0,0.0,0.0,0.0
2015-11-16,965869.5721594807,0.0,0.0,0.0,0.0,0.0
2015-11-17,965869.5721594807,0.0,0.0,0.0,0.0,0.0
2015-11-18,965869.5721594807,0.0,0.0,0.0,0.0,0.0
2015-11-19,965869.5721594807,0.0,0.0,0.0,0.0,0.0
2015-11-20,965869.5721594807,0.0,0.0,0.0,0.0,0.0
2015-11-23,965869.5721594807,0.0,0.0,0.0,0.0,0.0
2015-11-24,965869.5721594807,0.0,0.0,0.0,0.0,0.0
2015-11-25,965869.5721594807,0.0,0.0,0.0,0.0,0.0
2015-11-27,965869.5721594807,0.0,0.0,0.0,0.0,0.0
2015-11-30,965869.5721594807,0.0,0.0,0.0,0.0,0.0
2015-12-01,965869.5721594807,0.0,0.0,0.0,0.0,0.0
2015-12-02,965869.5721594807,0.0,0.0,0.0,0.0,0.0
2015-12-03,965869.5721594807,0.0,0.0,0.0,0.0,0.0
2015-12-04,965869.5721594807,0.0,0.0,0.0,0.0,0.0
2015-12-07,965869.5721594807,0.0,0.0,0.0,0.0,0.0
2015-12-08,965869.5721594807,0.0,0.0,0.0,0.0,0.0
2015-12-09,965869.5721594807,0.0,0.0,0.0,0.0,0.0
2015-12-10,965869.5721594807,0.0,0.0,0.0,0.0,0.0
2015-12-11,965869.5721594807,0.0,0.0,0.0,0.0,0.0
2015-12-14,965869.5721594807,0.0,0.0,0.0,0.0,0.0
2015-12-15,965869.5721594807,0.0,0.0,0.0,0.0,0.0
2015-12-16,965869.5721594807,0.0,0.0,0.0,0.0,0.0
2015-12-17,965869.5721594807,0.0,0.0,0.0,0.0,0.0
2015-12-18,965869.5721594807,0.0,0.0,0.0,0.0,0.0
2015-12-21,965869.5721594807,0.0,0.0,0.0,0.0,0.0
2015-12-22,965869.5721594807,0.0,0.0,0.0,0.0,0.0
2015-12-23,965869.5721594807,0.0,0.0,0.0,0.0,0.0
2015-12-24,965869.5721594807,0.0,0.0,0.0,0.0,0.0
2015-12-28,965869.5721594807,0.0,0.0,0.0,0.0,0.0
2015-12-29,965869.5721594807,0.0,0.0,0.0,0.0,0.0
2015-12-30,965869.5721594807,0.0,0.0,0.0,0.0,0.0
2015-12-31,965869.5721594807,0.0,0.0,0.0,0.0,0.0
2016-01-04,965869.5721594807,0.0,0.0,0.0,0.0,0.0
2016-01-05,965869.5721594807,0.0,0.0,0.0,0.0,0.0
2016-01-06,965869.5721594807,0.0,0.0,0.0,0.0,0.0
2016-01-07,965869.5721594807,0.0,0.0,0.0,0.0,0.0
2016-01-08,965869.5721594807,0.0,0.0,0.0,0.0,0.0
2016-01-11,965869.5721594807,0.0,0.0,0.0,0.0,0.0
2016-01-12,965869.5721594807,0.0,0.0,0.0,0.0,0.0
2016-01-13,965869.5721594807,0.0,0.0,0.0,0.0,0.0
2016-01-14,965869.5721594807,0.0,0.0,0.0,0.0,0.0
2016-01-15,965869.5721594807,0.0,0.0,0.0,0.0,0.0
2016-01-19,965869.5721594807,0.0,0.0,0.0,0.0,0.0
2016-01-20,965869.5721594807,0.0,0.0,0.0,0.0,0.0
2016-01-21,965869.5721594807,0.0,0.0,0.0,0.0,0.0
2016-01-22,965869.5721594807,0.0,0.0,0.0,0.0,0.0
2016-01-25,965869.5721594807,0.0,0.0,0.0,0.0,0.0
2016-01-26,965869.5721594807,0.0,0.0,0.0,0.0,0.0
2016-01-27,965869.5721594807,0.0,0.0,0.0,0.0,0.0
2016-01-28,965869.5721594807,0.0,0.0,0.0,0.0,0.0
2016-01-29,965869.5721594807,0.0,0.0,0.0,0.0,0.0
2016-02-01,965869.5721594807,0.0,0.0,0.0,0.0,0.0
2016-02-02,965869.5721594807,0.0,0.0,0.0,0.0,0.0
2016-02-03,965869.5721594807,0.0,0.0,0.0,0.0,0.0
2016-02-04,965869.5721594807,0.0,0.0,0.0,0.0,0.0
2016-02-05,965869.5721594807,0.0,0.0,0.0,0.0,0.0
2016-02-08,965869.5721594807,0.0,0.0,0.0,0.0,0.0
2016-02-09,965869.5721594807,0.0,0.0,0.0,0.0,0.0
2016-02-10,965869.5721594807,0.0,0.0,0.0,0.0,0.0
2016-02-11,965869.5721594807,0.0,0.0,0.0,0.0,0.0
2016-02-12,965869.5721594807,0.0,0.0,0.0,0.0,0.0
2016-02-16,965869.5721594807,0.0,0.0,0.0,0.0,0.0
2016-02-17,965869.5721594807,0.0,0.0,0.0,0.0,0.0
2016-02-18,965869.5721594807,0.0,0.0,0.0,0.0,0.0
2016-02-19,965869.5721594807,0.0,0.0,0.0,0.0,0.0
2016-02-22,965869.5721594807,0.0,0.0,0.0,0.0,0.0
2016-02-23,965869.5721594807,0.0,0.0,0.0,0.0,0.0
2016-02-24,965869.5721594807,0.0,0.0,0.0,0.0,0.0
2016-02-25,965869.5721594807,0.0,0.0,0.0,0.0,0.0
2016-02-26,965869.5721594807,0.0,0.0,0.0,0.0,0.0
2016-02-29,965869.5721594807,0.0,0.0,0.0,0.0,0.0
2016-03-01,965869.5721594807,0.0,0.0,0.0,0.0,0.0
2016-03-02,965869.5721594807,0.0,0.0,0.0,0.0,0.0
2016-03-03,965869.5721594807,0.0,0.0,0.0,0.0,0.0
2016-03-04,965869.5721594807,0.0,0.0,0.0,0.0,0.0
2016-03-07,965869.5721594807,0.0,0.0,0.0,0.0,0.0
2016-03-08,965869.5721594807,0.0,0.0,0.0,0.0,0.0
2016-03-09,965869.5721594807,0.0,0.0,0.0,0.0,0.0
2016-03-10,965869.5721594807,0.0,0.0,0.0,0.0,0.0
2016-03-11,965869.5721594807,0.0,0.0,0.0,0.0,0.0
2016-03-14,965869.5721594807,0.0,0.0,0.0,0.0,0.0
2016-03-15,965869.5721594807,0.0,0.0,0.0,0.0,0.0
2016-03-16,965869.5721594807,0.0,0.0,0.0,0.0,0.0
2016-03-17,965869.5721594807,0.0,0.0,0.0,0.0,0.0
2016-03-18,965869.5721594807,0.0,0.0,0.0,0.0,0.0
2016-03-21,965869.5721594807,0.0,0.0,0.0,0.0,0.0
2016-03-22,965869.5721594807,0.0,0.0,0.0,0.0,0.0
2016-03-23,965869.5721594807,0.0,0.0,0.0,0.0,0.0
2016-03-24,965869.5721594807,0.0,0.0,0.0,0.0,0.0
2016-03-28,965869.5721594807,0.0,0.0,0.0,0.0,0.0
2016-03-29,965869.5721594807,0.0,0.0,0.0,0.0,0.0
2016-03-30,965869.5721594807,0.0,0.0,0.0,0.0,0.0
2016-03-31,965869.5721594807,0.0,0.0,0.0,0.0,0.0
2016-04-01,965869.5721594807,0.0,0.0,0.0,0.0,0.0
2016-04-04,965869.5721594807,0.0,0.0,0.0,0.0,0.0
2016-04-05,965869.5721594807,0.0,0.0,0.0,0.0,0.0
2016-04-06,965869.5721594807,0.0,0.0,0.0,0.0,0.0
2016-04-07,965869.5721594807,0.0,0.0,0.0,0.0,0.0
2016-04-08,965869.5721594807,0.0,0.0,0.0,0.0,0.0
2016-04-11,965869.5721594807,0.0,0.0,0.0,0.0,0.0
2016-04-12,965869.5721594807,0.0,0.0,0.0,0.0,0.0
2016-04-13,965869.5721594807,0.0,0.0,0.0,0.0,0.0
2016-04-14,965869.5721594807,0.0,0.0,0.0,0.0,0.0
2016-04-15,965869.5721594807,0.0,0.0,0.0,0.0,0.0
2016-04-18,965869.5721594807,0.0,0.0,0.0,0.0,0.0
2016-04-19,965869.5721594807,0.0,0.0,0.0,0.0,0.0
2016-04-20,965869.5721594807,0.0,0.0,0.0,0.0,0.0
2016-04-21,965869.5721594807,0.0,0.0,0.0,0.0,0.0
2016-04-22,965869.5721594807,0.0,0.0,0.0,0.0,0.0
2016-04-25,965869.5721594807,0.0,0.0,0.0,0.0,0.0
2016-04-26,965869.5721594807,0.0,0.0,0.0,0.0,0.0
2016-04-27,965869.5721594807,0.0,0.0,0.0,0.0,0.0
2016-04-28,965869.5721594807,0.0,0.0,0.0,0.0,0.0
2016-04-29,965869.5721594807,0.0,0.0,0.0,0.0,0.0
2016-05-02,965869.5721594807,0.0,0.0,0.0,0.0,0.0
2016-05-03,965869.5721594807,0.0,0.0,0.0,0.0,0.0
2016-05-04,965869.5721594807,0.0,0.0,0.0,0.0,0.0
2016-05-05,965869.5721594807,0.0,0.0,0.0,0.0,0.0
2016-05-06,965869.5721594807,0.0,0.0,0.0,0.0,0.0
2016-05-09,965869.5721594807,0.0,0.0,0.0,0.0,0.0
2016-05-10,965869.5721594807,0.0,0.0,0.0,0.0,0.0
2016-05-11,965869.5721594807,0.0,0.0,0.0,0.0,0.0
2016-05-12,965869.5721594807,0.0,0.0,0.0,0.0,0.0
2016-05-13,965869.5721594807,0.0,0.0,0.0,0.0,0.0
2016-05-16,965869.5721594807,0.0,0.0,0.0,0.0,0.0
2016-05-17,965869.5721594807,0.0,0.0,0.0,0.0,0.0
2016-05-18,965869.5721594807,0.0,0.0,0.0,0.0,0.0
2016-05-19,965869.5721594807,0.0,0.0,0.0,0.0,0.0
2016-05-20,965869.5721594807,0.0,0.0,0.0,0.0,0.0
2016-05-23,965869.5721594807,0.0,0.0,0.0,0.0,0.0
2016-05-24,965869.5721594807,0.0,0.0,0.0,0.0,0.0
2016-05-25,965869.5721594807,0.0,0.0,0.0,0.0,0.0
2016-05-26,965869.5721594807,0.0,0.0,0.0,0.0,0.0
2016-05-27,965869.5721594807,0.0,0.0,0.0,0.0,0.0
2016-05-31,965869.5721594807,0.0,0.0,0.0,0.0,0.0
2016-06-01,965869.5721594807,0.0,0.0,0.0,0.0,0.0
2016-06-02,965869.5721594807,0.0,0.0,0.0,0.0,0.0
2016-06-03,965869.5721594807,0.0,0.0,0.0,0.0,0.0
2016-06-06,965869.5721594807,0.0,0.0,0.0,0.0,0.0
2016-06-07,965869.5721594807,0.0,0.0,0.0,0.0,0.0
2016-06-08,965386.637373401,0.0,482.9347860797403,-0.0005,1.2769629934504736,0.5
2016-06-09,964669.4110454861,-717.2263279148596,0.0,-0.0007423904974016332,1.198170187617661,0.5
2016-06-10,965592.2453035016,922.8342580154523,0.0,0.0009575486753909991,1.0405537555750062,0.5
2016-06-13,961801.993544937,-3790.2517585645614,0.0,-0.003909965127338053,0.4299355641776642,0.5
2016-06-14,962007.682594027,205.68904909002075,0.0,0.00021390374331550804,0.026896100571045363,0.5
2016-06-15,955493.257760933,-5552.417150499942,962.0076825940271,-0.006732837407013814,-0.2790008039678878,-0.5
2016-06-16,964378.6838171008,8885.426056167846,0.0,0.009386596812922941,-0.2959397818417104,-0.5
2016-06-17,953753.0923250658,-10625.591492035046,0.0,-0.01089799476896251,-0.35532331106121445,-0.5
2016-06-20,960333.5362565884,6580.443931522662,0.0,0.006947459834997829,-0.49787780593597863,-0.5
2016-06-21,964637.610916243,4304.074659654583,0.0,0.004502031404414187,-0.523001736740428,-0.5
2016-06-22,962828.7823936779,-1808.8285225652032,0.0,-0.001871628316635473,-0.8148043258614623,-0.5
2016-06-23,968330.6611502132,5501.878756535302,0.0,0.00574712643678161,-1.0107464960204737,-0.5
2016-06-24,977587.7128241704,9257.051673957129,0.0,0.009652076318742984,-0.8673056289001941,-0.5
2016-06-27,964293.2289689006,-13294.48385526977,0.0,-0.013416815742397139,-0.8355077904690299,-0.5
2016-06-28,956846.1276860428,-7447.101282857794,0.0,-0.0076636741843661045,-0.5470243785596776,-0.5
2016-06-29,959341.1632210781,2495.035535035314,0.0,0.0026143790849673205,-0.2638153649127057,-0.5
2016-06-30,946558.3298972498,-12782.833323828258,0.0,-0.013149385643457641,-0.27788177719304713,-0.5
2016-07-01,949075.7722639978,2517.4423667480046,0.0,0.0026666666666666666,-0.18994963802782938,-0.5
2016-07-05,969612.858426919,21011.624049053215,474.5378861319989,0.022128951110138906,0.0,0.0
2016-07-06,969612.858426919,0.0,0.0,0.0,0.0,0.0
2016-07-07,969612.858426919,0.0,0.0,0.0,0.0,0.0
2016-07-08,969612.858426919,0.0,0.0,0.0,0.0,0.0
2016-07-11,969612.858426919,0.0,0.0,0.0,0.0,0.0
2016-07-12,969612.858426919,0.0,0.0,0.0,0.0,0.0
2016-07-13,969612.858426919,0.0,0.0,0.0,0.0,0.0
2016-07-14,969612.858426919,0.0,0.0,0.0,0.0,0.0
2016-07-15,969612.858426919,0.0,0.0,0.0,0.0,0.0
2016-07-18,969612.858426919,0.0,0.0,0.0,0.0,0.0
2016-07-19,969612.858426919,0.0,0.0,0.0,0.0,0.0
2016-07-20,969612.858426919,0.0,0.0,0.0,0.0,0.0
2016-07-21,969612.858426919,0.0,0.0,0.0,0.0,0.0
2016-07-22,969612.858426919,0.0,0.0,0.0,0.0,0.0
2016-07-25,969612.858426919,0.0,0.0,0.0,0.0,0.0
2016-07-26,969612.858426919,0.0,0.0,0.0,0.0,0.0
2016-07-27,969612.858426919,0.0,0.0,0.0,0.0,0.0
2016-07-28,969612.858426919,0.0,0.0,0.0,0.0,0.0
2016-07-29,969612.858426919,0.0,0.0,0.0,0.0,0.0
2016-08-01,969612.858426919,0.0,0.0,0.0,0.0,0.0
2016-08-02,969612.858426919,0.0,0.0,0.0,0.0,0.0
2016-08-03,969612.858426919,0.0,0.0,0.0,0.0,0.0
2016-08-04,969612.858426919,0.0,0.0,0.0,0.0,0.0
2016-08-05,969612.858426919,0.0,0.0,0.0,0.0,0.0
2016-08-08,969612.858426919,0.0,0.0,0.0,0.0,0.0
2016-08-09,969612.858426919,0.0,0.0,0.0,0.0,0.0
2016-08-10,969128.0519977055,0.0,484.8064292134595,-0.0005,-1.6614587231493991,-0.5
2016-08-11,966626.6152853221,-2501.436712383458,0.0,-0.0025744759102611257,-1.6497067246562467,-0.5
2016-08-12,975609.6946154375,8983.07933011549,0.0,0.009380399901258949,-1.6969533356006783,-0.5
2016-08-15,965642.0899607571,-9967.604654680523,0.0,-0.010113468179575728,-1.7750319912399806,-0.5
2016-08-16,967646.475251274,2004.385290516834,0.0,0.002080019576654839,-1.7761588955050098,-0.5
2016-08-17,962426.2147177948,-5220.260533479163,0.0,-0.005365853658536586,-1.5161602395801943,-0.5
2016-08-18,961609.0163307225,-817.1983870723634,0.0,-0.0008483820143012969,-1.3968737431932252,-0.5
2016-08-19,964054.3771133509,2445.360782628381,0.0,0.002549471895107442,-1.271104229666762,-0.5
2016-08-22,959218.1471709089,-3872.175565328698,964.0543771133509,-0.004996484422354225,0.05591303748805183,0.5
2016-08-23,958754.8686646684,-463.2785062404776,0.0,-0.0004827419744146754,0.3213991218643657,0.5
2016-08-24,957132.6100036453,-1622.2586610231276,0.0,-0.0016891891891891893,0.23891352222021014,0.5
2016-08-25,942043.2043159817,-15089.405687663582,0.0,-0.015520534861509075,0.4701038795050853,0.5
2016-08-26,938504.3493035249,-3538.8550124567305,0.0,-0.00374251497005988,0.7300618748521205,0.5
2016-08-29,934013.5953353588,-3552.2496188626983,938.5043493035249,-0.004766968325791854,-0.4118930722686387,-0.5
2016-08-30,942444.1782579129,8430.58292255409,0.0,0.009108402822322,-0.6411297562460888,-0.5
2016-08-31,945128.5091643957,2684.3309064829214,0.0,0.002856400934822124,-0.4249346429006201,-0.5
2016-09-01,944675.6350870878,492.2544318564561,945.1285091643957,-0.00047941636268890043,0.6646662731282209,0.5
2016-09-02,949354.6854172897,4679.050330201947,0.0,0.004977731202515065,1.203852300247176,0.5
2016-09-06,952172.8523977489,2818.166980459172,0.0,0.002977346278317152,1.8543531971269043,0.5
2016-09-07,960724.571626366,8551.719228617196,0.0,0.009062661833247023,1.5583635090280439,0.5
2016-09-08,960845.661186692,121.08956032598513,0.0,0.00012605571662674902,1.0576170012734907,0.5
2016-09-09,963388.2215300539,2542.5603433619617,0.0,0.0026531901452937455,0.8572230693265851,0.5
2016-09-12,957229.6856441135,-6158.53588594043,0.0,-0.006351974093909578,2.1319832264751706,0.5
2016-09-13,949329.7453740693,-7899.940270044106,0.0,-0.008185367082231457,2.439697253373722,0.5
2016-09-14,951168.1066160796,1838.361242010204,0.0,0.0019402405898331396,2.682447788537859,0.5
2016-09-15,940172.9164453612,-10519.606117410345,475.5840533080398,-0.011433223098448232,2.6115344918199273,0.5
2016-09-16,939702.8299871385,0.0,470.0864582226806,-0.0005,2.2424392145051395,0.5
2016-09-19,942864.3560714638,3161.526084325259,0.0,0.0033757465593352376,1.843695132812964,0.5
2016-09-20,951226.5206690128,8362.164597548972,0.0,0.008948255738555311,1.7622817777262993,0.5
2016-09-21,944378.8430132747,-6847.677655738031,0.0,-0.007147335423197491,1.561029207541997,0.5
2016-09-22,944862.891625788,484.048612513211,0.0,0.0005128205128205128,1.486663505206417,0.5
2016-09-23,934461.1752049203,-10401.71642086761,0.0,-0.010888832615852115,1.4997180760727487,0.5
2016-09-26,929691.019991178,-4770.155213742394,0.0,-0.005078786300299518,1.1809766239884396,0.5
2016-09-27,933256.351858375,3565.331867197059,0.0,0.003849727864064782,1.20719616654294,0.5
2016-09-28,929827.0634263495,-3429.288432025525,0.0,-0.0036610878661087866,1.429854829947058,0.5
2016-09-29,932162.6946010059,2335.6311746563515,0.0,0.002518223989396952,1.483361560993369,0.5
2016-09-30,934002.0053638334,1839.310762827557,0.0,0.0019770660340055358,1.5394389258751082,0.5
2016-10-03,934002.0053638334,0.0,0.0,0.0,0.0,0.0
2016-10-04,934002.0053638334,0.0,0.0,0.0,0.0,0.0
2016-10-05,934002.0053638334,0.0,0.0,0.0,0.0,0.0
2016-10-06,934002.0053638334,0.0,0.0,0.0,0.0,0.0
2016-10-07,934002.0053638334,0.0,0.0,0.0,0.0,0.0
2016-10-11,934002.0053638334,0.0,0.0,0.0,0.0,0.0
2016-10-12,934002.0053638334,0.0,0.0,0.0,0.0,0.0
2016-10-13,934002.0053638334,0.0,0.0,0.0,0.0,0.0
2016-10-14,934002.0053638334,0.0,0.0,0.0,0.0,0.0
2016-10-17,934002.0053638334,0.0,0.0,0.0,0.0,0.0
2016-10-18,934002.0053638334,0.0,0.0,0.0,0.0,0.0
2016-10-19,934002.0053638334,0.0,0.0,0.0,0.0,0.0
2016-10-20,934002.0053638334,0.0,0.0,0.0,0.0,0.0
2016-10-21,934002.0053638334,0.0,0.0,0.0,0.0,0.0
2016-10-24,934002.0053638334,0.0,0.0,0.0,0.0,0.0
2016-10-25,934002.0053638334,0.0,0.0,0.0,0.0,0.0
2016-10-26,934002.0053638334,0.0,0.0,0.0,0.0,0.0
2016-10-27,934002.0053638334,0.0,0.0,0.0,0.0,0.0
2016-10-28,934002.0053638334,0.0,0.0,0.0,0.0,0.0
2016-10-31,934002.0053638334,0.0,0.0,0.0,0.0,0.0
2016-11-01,934002.0053638334,0.0,0.0,0.0,0.0,0.0
2016-11-02,934002.0053638334,0.0,0.0,0.0,0.0,0.0
2016-11-03,934002.0053638334,0.0,0.0,0.0,0.0,0.0
2016-11-04,934002.0053638334,0.0,0.0,0.0,0.0,0.0
2016-11-07,934002.0053638334,0.0,0.0,0.0,0.0,0.0
2016-11-08,934002.0053638334,0.0,0.0,0.0,0.0,0.0
2016-11-09,934002.0053638334,0.0,0.0,0.0,0.0,0.0
2016-11-10,934002.0053638334,0.0,0.0,0.0,0.0,0.0
2016-11-14,934002.0053638334,0.0,0.0,0.0,0.0,0.0
2016-11-15,934002.0053638334,0.0,0.0,0.0,0.0,0.0
2016-11-16,934002.0053638334,0.0,0.0,0.0,0.0,0.0
2016-11-17,934002.0053638334,0.0,0.0,0.0,0.0,0.0
2016-11-18,934002.0053638334,0.0,0.0,0.0,0.0,0.0
2016-11-21,934002.0053638334,0.0,0.0,0.0,0.0,0.0
2016-11-22,934002.0053638334,0.0,0.0,0.0,0.0,0.0
2016-11-23,934002.0053638334,0.0,0.0,0.0,0.0,0.0
2016-11-25,934002.0053638334,0.0,0.0,0.0,0.0,0.0
2016-11-28,934002.0053638334,0.0,0.0,0.0,0.0,0.0
2016-11-29,934002.0053638334,0.0,0.0,0.0,0.0,0.0
2016-11-30,934002.0053638334,0.0,0.0,0.0,0.0,0.0
2016-12-01,934002.0053638334,0.0,0.0,0.0,0.0,0.0
2016-12-02,934002.0053638334,0.0,0.0,0.0,0.0,0.0
2016-12-05,934002.0053638334,0.0,0.0,0.0,0.0,0.0
2016-12-06,934002.0053638334,0.0,0.0,0.0,0.0,0.0
2016-12-07,934002.0053638334,0.0,0.0,0.0,0.0,0.0
2016-12-08,934002.0053638334,0.0,0.0,0.0,0.0,0.0
2016-12-09,934002.0053638334,0.0,0.0,0.0,0.0,0.0
2016-12-12,934002.0053638334,0.0,0.0,0.0,0.0,0.0
2016-12-13,934002.0053638334,0.0,0.0,0.0,0.0,0.0
2016-12-14,934002.0053638334,0.0,0.0,0.0,0.0,0.0
2016-12-15,934002.0053638334,0.0,0.0,0.0,0.0,0.0
2016-12-16,934002.0053638334,0.0,0.0,0.0,0.0,0.0
2016-12-19,934002.0053638334,0.0,0.0,0.0,0.0,0.0
2016-12-20,934002.0053638334,0.0,0.0,0.0,0.0,0.0
2016-12-21,934002.0053638334,0.0,0.0,0.0,0.0,0.0
2016-12-22,934002.0053638334,0.0,0.0,0.0,0.0,0.0
2016-12-23,934002.0053638334,0.0,0.0,0.0,0.0,0.0
2016-12-27,934002.0053638334,0.0,0.0,0.0,0.0,0.0
2016-12-28,934002.0053638334,0.0,0.0,0.0,0.0,0.0
2016-12-29,934002.0053638334,0.0,0.0,0.0,0.0,0.0
2016-12-30,934002.0053638334,0.0,0.0,0.0,0.0,0.0
2017-01-03,934002.0053638334,0.0,0.0,0.0,0.0,0.0
2017-01-04,934002.0053638334,0.0,0.0,0.0,0.0,0.0
2017-01-05,934002.0053638334,0.0,0.0,0.0,0.0,0.0
2017-01-06,934002.0053638334,0.0,0.0,0.0,0.0,0.0
2017-01-09,934002.0053638334,0.0,0.0,0.0,0.0,0.0
2017-01-10,934002.0053638334,0.0,0.0,0.0,0.0,0.0
2017-01-11,934002.0053638334,0.0,0.0,0.0,0.0,0.0
2017-01-12,934002.0053638334,0.0,0.0,0.0,0.0,0.0
2017-01-13,934002.0053638334,0.0,0.0,0.0,0.0,0.0
2017-01-17,934002.0053638334,0.0,0.0,0.0,0.0,0.0
2017-01-18,934002.0053638334,0.0,0.0,0.0,0.0,0.0
2017-01-19,934002.0053638334,0.0,0.0,0.0,0.0,0.0
2017-01-20,934002.0053638334,0.0,0.0,0.0,0.0,0.0
2017-01-23,934002.0053638334,0.0,0.0,0.0,0.0,0.0
2017-01-24,934002.0053638334,0.0,0.0,0.0,0.0,0.0
2017-01-25,934002.0053638334,0.0,0.0,0.0,0.0,0.0
2017-01-26,934002.0053638334,0.0,0.0,0.0,0.0,0.0
2017-01-27,934002.0053638334,0.0,0.0,0.0,0.0,0.0
2017-01-30,934002.0053638334,0.0,0.0,0.0,0.0,0.0
2017-01-31,934002.0053638334,0.0,0.0,0.0,0.0,0.0
2017-02-01,934002.0053638334,0.0,0.0,0.0,0.0,0.0
2017-02-02,934002.0053638334,0.0,0.0,0.0,0.0,0.0
2017-02-03,934002.0053638334,0.0,0.0,0.0,0.0,0.0
2017-02-06,934002.0053638334,0.0,0.0,0.0,0.0,0.0
2017-02-07,934002.0053638334,0.0,0.0,0.0,0.0,0.0
2017-02-08,934002.0053638334,0.0,0.0,0.0,0.0,0.0
2017-02-09,934002.0053638334,0.0,0.0,0.0,0.0,0.0
2017-02-10,934002.0053638334,0.0,0.0,0.0,0.0,0.0
2017-02-13,934002.0053638334,0.0,0.0,0.0,0.0,0.0
2017-02-14,934002.0053638334,0.0,0.0,0.0,0.0,0.0
2017-02-15,934002.0053638334,0.0,0.0,0.0,0.0,0.0
2017-02-16,934002.0053638334,0.0,0.0,0.0,0.0,0.0
2017-02-17,934002.0053638334,0.0,0.0,0.0,0.0,0.0
2017-02-21,934002.0053638334,0.0,0.0,0.0,0.0,0.0
2017-02-22,934002.0053638334,0.0,0.0,0.0,0.0,0.0
2017-02-23,934002.0053638334,0.0,0.0,0.0,0.0,0.0
2017-02-24,934002.0053638334,0.0,0.0,0.0,0.0,0.0
2017-02-27,934002.0053638334,0.0,0.0,0.0,0.0,0.0
2017-02-28,934002.0053638334,0.0,0.0,0.0,0.0,0.0
2017-03-01,934002.0053638334,0.0,0.0,0.0,0.0,0.0
2017-03-02,934002.0053638334,0.0,0.0,0.0,0.0,0.0
2017-03-03,934002.0053638334,0.0,0.0,0.0,0.0,0.0
2017-03-06,934002.0053638334,0.0,0.0,0.0,0.0,0.0
2017-03-07,934002.0053638334,0.0,0.0,0.0,0.0,0.0
2017-03-08,934002.0053638334,0.0,0.0,0.0,0.0,0.0
2017-03-09,934002.0053638334,0.0,0.0,0.0,0.0,0.0
2017-03-10,934002.0053638334,0.0,0.0,0.0,0.0,0.0
2017-03-13,934002.0053638334,0.0,0.0,0.0,0.0,0.0
2017-03-14,934002.0053638334,0.0,0.0,0.0,0.0,0.0
2017-03-15,934002.0053638334,0.0,0.0,0.0,0.0,0.0
2017-03-16,934002.0053638334,0.0,0.0,0.0,0.0,0.0
2017-03-17,934002.0053638334,0.0,0.0,0.0,0.0,0.0
2017-03-20,934002.0053638334,0.0,0.0,0.0,0.0,0.0
2017-03-21,934002.0053638334,0.0,0.0,0.0,0.0,0.0
2017-03-22,934002.0053638334,0.0,0.0,0.0,0.0,0.0
2017-03-23,934002.0053638334,0.0,0.0,0.0,0.0,0.0
2017-03-24,934002.0053638334,0.0,0.0,0.0,0.0,0.0
2017-03-27,934002.0053638334,0.0,0.0,0.0,0.0,0.0
2017-03-28,934002.0053638334,0.0,0.0,0.0,0.0,0.0
2017-03-29,934002.0053638334,0.0,0.0,0.0,0.0,0.0
2017-03-30,934002.0053638334,0.0,0.0,0.0,0.0,0.0
2017-03-31,934002.0053638334,0.0,0.0,0.0,0.0,0.0
2017-04-03,934002.0053638334,0.0,0.0,0.0,0.0,0.0
2017-04-04,934002.0053638334,0.0,0.0,0.0,0.0,0.0
2017-04-05,934002.0053638334,0.0,0.0,0.0,0.0,0.0
2017-04-06,934002.0053638334,0.0,0.0,0.0,0.0,0.0
2017-04-07,934002.0053638334,0.0,0.0,0.0,0.0,0.0
2017-04-10,934002.0053638334,0.0,0.0,0.0,0.0,0.0
2017-04-11,934002.0053638334,0.0,0.0,0.0,0.0,0.0
2017-04-12,934002.0053638334,0.0,0.0,0.0,0.0,0.0
2017-04-13,934002.0053638334,0.0,0.0,0.0,0.0,0.0
2017-04-17,934002.0053638334,0.0,0.0,0.0,0.0,0.0
2017-04-18,934002.0053638334,0.0,0.0,0.0,0.0,0.0
2017-04-19,934002.0053638334,0.0,0.0,0.0,0.0,0.0
2017-04-20,934002.0053638334,0.0,0.0,0.0,0.0,0.0
2017-04-21,934002.0053638334,0.0,0.0,0.0,0.0,0.0
2017-04-24,934002.0053638334,0.0,0.0,0.0,0.0,0.0
2017-04-25,934002.0053638334,0.0,0.0,0.0,0.0,0.0
2017-04-26,934002.0053638334,0.0,0.0,0.0,0.0,0.0
2017-04-27,934002.0053638334,0.0,0.0,0.0,0.0,0.0
2017-04-28,934002.0053638334,0.0,0.0,0.0,0.0,0.0
2017-05-01,934002.0053638334,0.0,0.0,0.0,0.0,0.0
2017-05-02,934002.0053638334,0.0,0.0,0.0,0.0,0.0
2017-05-03,934002.0053638334,0.0,0.0,0.0,0.0,0.0
2017-05-04,934002.0053638334,0.0,0.0,0.0,0.0,0.0
2017-05-05,934002.0053638334,0.0,0.0,0.0,0.0,0.0
2017-05-08,934002.0053638334,0.0,0.0,0.0,0.0,0.0
2017-05-09,934002.0053638334,0.0,0.0,0.0,0.0,0.0
2017-05-10,934002.0053638334,0.0,0.0,0.0,0.0,0.0
2017-05-11,934002.0053638334,0.0,0.0,0.0,0.0,0.0
2017-05-12,934002.0053638334,0.0,0.0,0.0,0.0,0.0
2017-05-15,934002.0053638334,0.0,0.0,0.0,0.0,0.0
2017-05-16,934002.0053638334,0.0,0.0,0.0,0.0,0.0
2017-05-17,934002.0053638334,0.0,0.0,0.0,0.0,0.0
2017-05-18,934002.0053638334,0.0,0.0,0.0,0.0,0.0
2017-05-19,934002.0053638334,0.0,0.0,0.0,0.0,0.0
2017-05-22,934002.0053638334,0.0,0.0,0.0,0.0,0.0
2017-05-23,934002.0053638334,0.0,0.0,0.0,0.0,0.0
2017-05-24,934002.0053638334,0.0,0.0,0.0,0.0,0.0
2017-05-25,934002.0053638334,0.0,0.0,0.0,0.0,0.0
2017-05-26,934002.0053638334,0.0,0.0,0.0,0.0,0.0
2017-05-30,934002.0053638334,0.0,0.0,0.0,0.0,0.0
2017-05-31,934002.0053638334,0.0,0.0,0.0,0.0,0.0
2017-06-01,933535.0043611515,0.0,467.0010026819167,-0.0005,3.0,0.5
2017-06-02,938140.0002719492,4604.995910797677,0.0,0.004957312035251997,3.0,0.5
2017-06-05,938521.8754416665,381.87516971721135,0.0,0.000407221392697163,2.510533110400077,0.5
2017-06-06,939285.3151451169,763.4397034503794,0.0,0.0008141112618724559,2.335175710198996,0.5
2017-06-07,942972.276993954,3686.961848837086,0.0,0.003940752819676587,2.088139193784592,0.5
2017-06-08,946644.8792008872,3672.6022069332075,0.0,0.00390993663206148,1.8415513255742508,0.5
2017-06-09,948411.0077068589,1766.1285059718043,0.0,0.0018691588785046728,1.6628623701052303,0.5
2017-06-12,943248.388041965,-5162.6196648939485,0.0,-0.0054139706853294604,1.3060618370340589,0.5
2017-06-13,943881.4406513891,633.0526094241375,0.0,0.0006715916722632639,0.9631506249158194,0.5
2017-06-14,943501.863664532,-379.57698685712694,0.0,-0.0004019831167090982,0.6759914160461259,0.5
2017-06-15,945020.7826830421,1518.9190185101131,0.0,0.0016124697661918839,0.5596102498448307,0.5
2017-06-16,947169.1316139877,2148.3489309456695,0.0,0.0022785149443774293,0.46426976743608567,0.5
2017-06-19,946538.6942260658,-630.4373879219834,0.0,-0.0006651589729945457,0.25146445485568847,0.5
2017-06-20,941491.8336863373,-5046.860539728424,0.0,-0.005303632988597189,0.34710978155993405,0.5
2017-06-21,936925.1796830083,-4566.654003329041,0.0,-0.004827031375703943,0.3391172693975292,0.5
2017-06-22,929404.2836828318,-7520.896000176529,0.0,-0.007963287893102982,0.17811474649262007,0.5
2017-06-23,929661.3092037617,257.02552092998667,0.0,0.00027662517289073305,0.022989254687812315,0.5
2017-06-26,930817.6043644629,1156.2951607011962,0.0,0.0012453300124533001,0.34280509856554303,0.5
2017-06-27,933127.3254671042,2309.721102641347,0.0,0.0024875621890547263,0.27943875847284666,0.5
2017-06-28,934535.3365206211,1408.0110535168926,0.0,0.0015111965929385906,0.2575019188241359,0.5
2017-06-29,935302.1871796916,766.8506590705315,0.0,0.0008212428141253764,0.17267824323947434,0.5
2017-06-30,948966.4872927757,13664.300113083971,0.0,0.014826105029790773,0.05355000590455797,0.5
2017-07-03,959347.7123491748,11330.191543691935,948.9664872927757,0.011071697099892589,-0.16376072442591394,-0.5
2017-07-05,953150.2366313699,-5717.801861630221,479.6738561745874,-0.0064218186501803195,-0.1811348790983714,-0.5
2017-07-06,952673.6615130543,0.0,476.57511831568496,-0.0005,-0.09172267881463851,-0.5
2017-07-07,944314.2719004456,-7406.71595109563,952.6736615130543,-0.00870696850891615,0.029821744313441645,0.5
2017-07-10,954865.7513502247,11495.793721679622,944.3142719004456,0.011311396264769406,-0.18005213838272285,-0.5
2017-07-11,952525.9675929343,-2339.783757290431,0.0,-0.0024443901246638967,-0.23763255143092157,-0.5
2017-07-12,956474.5024500617,3948.5348571275013,0.0,0.00416258570029383,-0.4220443314606281,-0.5
2017-07-13,976809.6395452421,20813.374346405326,478.2372512250309,0.021733442252105065,0.0,0.0
2017-07-14,976809.6395452421,0.0,0.0,0.0,0.0,0.0
2017-07-17,976809.6395452421,0.0,0.0,0.0,0.0,0.0
2017-07-18,976809.6395452421,0.0,0.0,0.0,0.0,0.0
2017-07-19,976809.6395452421,0.0,0.0,0.0,0.0,0.0
2017-07-20,976809.6395452421,0.0,0.0,0.0,0.0,0.0
2017-07-21,976809.6395452421,0.0,0.0,0.0,0.0,0.0
2017-07-24,976809.6395452421,0.0,0.0,0.0,0.0,0.0
2017-07-25,976809.6395452421,0.0,0.0,0.0,0.0,0.0
2017-07-26,976809.6395452421,0.0,0.0,0.0,0.0,0.0
2017-07-27,976809.6395452421,0.0,0.0,0.0,0.0,0.0
2017-07-28,976809.6395452421,0.0,0.0,0.0,0.0,0.0
2017-07-31,976809.6395452421,0.0,0.0,0.0,0.0,0.0
2017-08-01,976809.6395452421,0.0,0.0,0.0,0.0,0.0
2017-08-02,976809.6395452421,0.0,0.0,0.0,0.0,0.0
2017-08-03,976809.6395452421,0.0,0.0,0.0,0.0,0.0
2017-08-04,976809.6395452421,0.0,0.0,0.0,0.0,0.0
2017-08-07,976809.6395452421,0.0,0.0,0.0,0.0,0.0
2017-08-08,976809.6395452421,0.0,0.0,0.0,0.0,0.0
2017-08-09,976809.6395452421,0.0,0.0,0.0,0.0,0.0
2017-08-10,976809.6395452421,0.0,0.0,0.0,0.0,0.0
2017-08-11,976809.6395452421,0.0,0.0,0.0,0.0,0.0
2017-08-14,976809.6395452421,0.0,0.0,0.0,0.0,0.0
2017-08-15,976809.6395452421,0.0,0.0,0.0,0.0,0.0
2017-08-16,976809.6395452421,0.0,0.0,0.0,0.0,0.0
2017-08-17,976321.2347254695,0.0,488.40481977262107,-0.0005,0.03745207351691298,0.5
2017-08-18,979637.6045847312,3804.530476624377,488.16061736273474,0.00341009038176177,0.0,0.0
2017-08-21,979637.6045847312,0.0,0.0,0.0,0.0,0.0
2017-08-22,979147.7857824388,0.0,489.8188022923656,-0.0005,0.12458391335021304,0.5
2017-08-23,979803.1725199104,655.3867374715119,0.0,0.0006697923643670462,0.24452769567509883,0.5
2017-08-24,983077.9157435732,3274.743223662802,0.0,0.00335345405767941,0.2615175055521241,0.5
2017-08-25,981902.9222187801,-1174.9935247931153,0.0,-0.001193792280143255,0.3200701098714134,0.5
2017-08-28,979942.2534443816,-1960.6687743985226,0.0,-0.0019928258270227183,0.1649520872096369,0.5
2017-08-29,977584.7339894233,-2357.519454958416,0.0,-0.0024000000000000002,0.4284082981799394,0.5
2017-08-30,973514.7465124327,-4069.987476990615,0.0,-0.004146047880165842,0.44330946146665434,0.5
2017-08-31,980502.3252726113,6987.5787601786205,0.0,0.0072295730459691725,0.49648761246784817,0.5
2017-09-01,983513.2135878677,3010.88831525635,0.0,0.003080219633052096,0.5659877533208814,0.5
2017-09-05,993170.8539548399,9657.64036697216,0.0,0.009916912355936745,1.043938693641112,0.5
2017-09-06,995238.8828022211,2068.028847381239,0.0,0.002086593635889411,1.091186509563121,0.5
2017-09-07,994593.9638786842,-644.9189235369499,0.0,-0.0006475845097785261,1.0322041841503664,0.5
2017-09-08,991109.1420483281,-3484.8218303561475,0.0,-0.003491529807319281,1.1054516573921664,0.5
2017-09-11,990202.4818295175,-906.6602188105459,0.0,-0.0009139574356965662,1.3470515545573831,0.5
2017-09-12,984757.5349537857,-5444.946875731833,0.0,-0.0054687500000000005,1.3701886047299014,0.5
2017-09-13,989320.2187932591,4562.683839473458,0.0,0.0046548743183934035,1.3863629863710358,0.5
2017-09-14,996716.7629264196,7396.544133160515,0.0,0.007532707810228624,1.2855040749877873,0.5
2017-09-15,997489.6112822684,772.848355848865,0.0,0.0007759958613554061,1.1311499675004317,0.5
2017-09-18,996974.7779345098,-514.8333477585902,0.0,-0.0005158627805003869,0.24665253394767722,0.5
2017-09-19,994818.8296353391,-1158.9735212361907,996.9747779345098,-0.0021599793575022576,-0.3179180105406759,-0.5
2017-09-20,992500.5050711967,-2318.324564142427,0.0,-0.0023249806251614573,-0.5036605454051353,-0.5
2017-09-21,992116.8064223289,-383.69864886773064,0.0,-0.00038644853793636473,-0.5039068357596155,-0.5
2017-09-22,984722.1763545793,-6898.571664538471,496.0584032111645,-0.007401918158567776,-0.8852652285555986,-0.5
2017-09-25,984229.815266402,0.0,492.3610881772897,-0.0005,-1.2314341792145755,-0.5
2017-09-26,988156.600887156,3926.7856207539844,0.0,0.0040056854890812765,-1.1378152996262845,-0.5
2017-09-27,987131.0102271797,-1025.5906599762905,0.0,-0.0010368066355624676,-0.7411056349681214,-0.5
2017-09-28,990198.2220663113,3067.2118391315785,0.0,0.0031168831168831164,-0.41212826125723323,-0.5
2017-09-29,984693.0501896956,-4514.973654549361,990.1982220663114,-0.005534431331863572,0.044146587944447944,0.5
2017-10-02,984693.0501896956,0.0,0.0,0.0,0.0,0.0
2017-10-03,984693.0501896956,0.0,0.0,0.0,0.0,0.0
2017-10-04,984693.0501896956,0.0,0.0,0.0,0.0,0.0
2017-10-05,984693.0501896956,0.0,0.0,0.0,0.0,0.0
2017-10-06,984693.0501896956,0.0,0.0,0.0,0.0,0.0
2017-10-09,984693.0501896956,0.0,0.0,0.0,0.0,0.0
2017-10-10,984693.0501896956,0.0,0.0,0.0,0.0,0.0
2017-10-11,984693.0501896956,0.0,0.0,0.0,0.0,0.0
2017-10-12,984693.0501896956,0.0,0.0,0.0,0.0,0.0
2017-10-13,984693.0501896956,0.0,0.0,0.0,0.0,0.0
2017-10-16,984693.0501896956,0.0,0.0,0.0,0.0,0.0
2017-10-17,984693.0501896956,0.0,0.0,0.0,0.0,0.0
2017-10-18,984693.0501896956,0.0,0.0,0.0,0.0,0.0
2017-10-19,984693.0501896956,0.0,0.0,0.0,0.0,0.0
2017-10-20,984693.0501896956,0.0,0.0,0.0,0.0,0.0
2017-10-23,984693.0501896956,0.0,0.0,0.0,0.0,0.0
2017-10-24,984693.0501896956,0.0,0.0,0.0,0.0,0.0
2017-10-25,984693.0501896956,0.0,0.0,0.0,0.0,0.0
2017-10-26,984693.0501896956,0.0,0.0,0.0,0.0,0.0
2017-10-27,984693.0501896956,0.0,0.0,0.0,0.0,0.0
2017-10-30,984693.0501896956,0.0,0.0,0.0,0.0,0.0
2017-10-31,984693.0501896956,0.0,0.0,0.0,0.0,0.0
2017-11-01,984693.0501896956,0.0,0.0,0.0,0.0,0.0
2017-11-02,984693.0501896956,0.0,0.0,0.0,0.0,0.0
2017-11-03,984693.0501896956,0.0,0.0,0.0,0.0,0.0
2017-11-06,984693.0501896956,0.0,0.0,0.0,0.0,0.0
2017-11-07,984693.0501896956,0.0,0.0,0.0,0.0,0.0
2017-11-08,984693.0501896956,0.0,0.0,0.0,0.0,0.0
2017-11-09,984693.0501896956,0.0,0.0,0.0,0.0,0.0
2017-11-10,984693.0501896956,0.0,0.0,0.0,0.0,0.0
2017-11-13,984693.0501896956,0.0,0.0,0.0,0.0,0.0
2017-11-14,984693.0501896956,0.0,0.0,0.0,0.0,0.0
2017-11-15,984693.0501896956,0.0,0.0,0.0,0.0,0.0
2017-11-16,984693.0501896956,0.0,0.0,0.0,0.0,0.0
2017-11-17,984693.0501896956,0.0,0.0,0.0,0.0,0.0
2017-11-20,984693.0501896956,0.0,0.0,0.0,0.0,0.0
2017-11-21,984693.0501896956,0.0,0.0,0.0,0.0,0.0
2017-11-22,984693.0501896956,0.0,0.0,0.0,0.0,0.0
2017-11-24,984693.0501896956,0.0,0.0,0.0,0.0,0.0
2017-11-27,984693.0501896956,0.0,0.0,0.0,0.0,0.0
2017-11-28,984693.0501896956,0.0,0.0,0.0,0.0,0.0
2017-11-29,984693.0501896956,0.0,0.0,0.0,0.0,0.0
2017-11-30,984693.0501896956,0.0,0.0,0.0,0.0,0.0
2017-12-01,984693.0501896956,0.0,0.0,0.0,0.0,0.0
2017-12-04,984693.0501896956,0.0,0.0,0.0,0.0,0.0
2017-12-05,984693.0501896956,0.0,0.0,0.0,0.0,0.0
2017-12-06,984693.0501896956,0.0,0.0,0.0,0.0,0.0
2017-12-07,984693.0501896956,0.0,0.0,0.0,0.0,0.0
2017-12-08,984693.0501896956,0.0,0.0,0.0,0.0,0.0
2017-12-11,984693.0501896956,0.0,0.0,0.0,0.0,0.0
2017-12-12,984693.0501896956,0.0,0.0,0.0,0.0,0.0
2017-12-13,984693.0501896956,0.0,0.0,0.0,0.0,0.0
2017-12-14,984693.0501896956,0.0,0.0,0.0,0.0,0.0
2017-12-15,984693.0501896956,0.0,0.0,0.0,0.0,0.0
2017-12-18,984693.0501896956,0.0,0.0,0.0,0.0,0.0
2017-12-19,984693.0501896956,0.0,0.0,0.0,0.0,0.0
2017-12-20,984693.0501896956,0.0,0.0,0.0,0.0,0.0
2017-12-21,984693.0501896956,0.0,0.0,0.0,0.0,0.0
2017-12-22,984693.0501896956,0.0,0.0,0.0,0.0,0.0
2017-12-26,984693.0501896956,0.0,0.0,0.0,0.0,0.0
2017-12-27,984693.0501896956,0.0,0.0,0.0,0.0,0.0
2017-12-28,984693.0501896956,0.0,0.0,0.0,0.0,0.0
2017-12-29,984693.0501896956,0.0,0.0,0.0,0.0,0.0
2018-01-02,984693.0501896956,0.0,0.0,0.0,0.0,0.0
2018-01-03,984693.0501896956,0.0,0.0,0.0,0.0,0.0
2018-01-04,984693.0501896956,0.0,0.0,0.0,0.0,0.0
2018-01-05,984693.0501896956,0.0,0.0,0.0,0.0,0.0
2018-01-08,984693.0501896956,0.0,0.0,0.0,0.0,0.0
2018-01-09,984693.0501896956,0.0,0.0,0.0,0.0,0.0
2018-01-10,984693.0501896956,0.0,0.0,0.0,0.0,0.0
2018-01-11,984693.0501896956,0.0,0.0,0.0,0.0,0.0
2018-01-12,984693.0501896956,0.0,0.0,0.0,0.0,0.0
2018-01-16,984693.0501896956,0.0,0.0,0.0,0.0,0.0
2018-01-17,984693.0501896956,0.0,0.0,0.0,0.0,0.0
2018-01-18,984693.0501896956,0.0,0.0,0.0,0.0,0.0
2018-01-19,984693.0501896956,0.0,0.0,0.0,0.0,0.0
2018-01-22,984693.0501896956,0.0,0.0,0.0,0.0,0.0
2018-01-23,984693.0501896956,0.0,0.0,0.0,0.0,0.0
2018-01-24,984693.0501896956,0.0,0.0,0.0,0.0,0.0
2018-01-25,984693.0501896956,0.0,0.0,0.0,0.0,0.0
2018-01-26,984693.0501896956,0.0,0.0,0.0,0.0,0.0
2018-01-29,984693.0501896956,0.0,0.0,0.0,0.0,0.0
2018-01-30,984693.0501896956,0.0,0.0,0.0,0.0,0.0
2018-01-31,984693.0501896956,0.0,0.0,0.0,0.0,0.0
2018-02-01,984693.0501896956,0.0,0.0,0.0,0.0,0.0
2018-02-02,984693.0501896956,0.0,0.0,0.0,0.0,0.0
2018-02-05,984693.0501896956,0.0,0.0,0.0,0.0,0.0
2018-02-06,984693.0501896956,0.0,0.0,0.0,0.0,0.0
2018-02-07,984693.0501896956,0.0,0.0,0.0,0.0,0.0
2018-02-08,984693.0501896956,0.0,0.0,0.0,0.0,0.0
2018-02-09,984693.0501896956,0.0,0.0,0.0,0.0,0.0
2018-02-12,984693.0501896956,0.0,0.0,0.0,0.0,0.0
2018-02-13,984693.0501896956,0.0,0.0,0.0,0.0,0.0
2018-02-14,984693.0501896956,0.0,0.0,0.0,0.0,0.0
2018-02-15,984693.0501896956,0.0,0.0,0.0,0.0,0.0
2018-02-16,984693.0501896956,0.0,0.0,0.0,0.0,0.0
2018-02-20,984693.0501896956,0.0,0.0,0.0,0.0,0.0
2018-02-21,984693.0501896956,0.0,0.0,0.0,0.0,0.0
2018-02-22,984693.0501896956,0.0,0.0,0.0,0.0,0.0
2018-02-23,984693.0501896956,0.0,0.0,0.0,0.0,0.0
2018-02-26,984693.0501896956,0.0,0.0,0.0,0.0,0.0
2018-02-27,984693.0501896956,0.0,0.0,0.0,0.0,0.0
2018-02-28,984693.0501896956,0.0,0.0,0.0,0.0,0.0
2018-03-01,984693.0501896956,0.0,0.0,0.0,0.0,0.0
2018-03-02,984693.0501896956,0.0,0.0,0.0,0.0,0.0
2018-03-05,984693.0501896956,0.0,0.0,0.0,0.0,0.0
2018-03-06,984693.0501896956,0.0,0.0,0.0,0.0,0.0
2018-03-07,984693.0501896956,0.0,0.0,0.0,0.0,0.0
2018-03-08,984693.0501896956,0.0,0.0,0.0,0.0,0.0
2018-03-09,984693.0501896956,0.0,0.0,0.0,0.0,0.0
2018-03-12,984693.0501896956,0.0,0.0,0.0,0.0,0.0
2018-03-13,984693.0501896956,0.0,0.0,0.0,0.0,0.0
2018-03-14,984693.0501896956,0.0,0.0,0.0,0.0,0.0
2018-03-15,984693.0501896956,0.0,0.0,0.0,0.0,0.0
2018-03-16,984693.0501896956,0.0,0.0,0.0,0.0,0.0
2018-03-19,984693.0501896956,0.0,0.0,0.0,0.0,0.0
2018-03-20,984693.0501896956,0.0,0.0,0.0,0.0,0.0
2018-03-21,984693.0501896956,0.0,0.0,0.0,0.0,0.0
2018-03-22,984693.0501896956,0.0,0.0,0.0,0.0,0.0
2018-03-23,984693.0501896956,0.0,0.0,0.0,0.0,0.0
2018-03-26,984693.0501896956,0.0,0.0,0.0,0.0,0.0
2018-03-27,984693.0501896956,0.0,0.0,0.0,0.0,0.0
2018-03-28,984693.0501896956,0.0,0.0,0.0,0.0,0.0
2018-03-29,984693.0501896956,0.0,0.0,0.0,0.0,0.0
2018-04-02,984693.0501896956,0.0,0.0,0.0,0.0,0.0
2018-04-03,984693.0501896956,0.0,0.0,0.0,0.0,0.0
2018-04-04,984693.0501896956,0.0,0.0,0.0,0.0,0.0
2018-04-05,984693.0501896956,0.0,0.0,0.0,0.0,0.0
2018-04-06,984693.0501896956,0.0,0.0,0.0,0.0,0.0
2018-04-09,984693.0501896956,0.0,0.0,0.0,0.0,0.0
2018-04-10,984693.0501896956,0.0,0.0,0.0,0.0,0.0
2018-04-11,984693.0501896956,0.0,0.0,0.0,0.0,0.0
2018-04-12,984693.0501896956,0.0,0.0,0.0,0.0,0.0
2018-04-13,984693.0501896956,0.0,0.0,0.0,0.0,0.0
2018-04-16,984693.0501896956,0.0,0.0,0.0,0.0,0.0
2018-04-17,984693.0501896956,0.0,0.0,0.0,0.0,0.0
2018-04-18,984693.0501896956,0.0,0.0,0.0,0.0,0.0
2018-04-19,984693.0501896956,0.0,0.0,0.0,0.0,0.0
2018-04-20,984693.0501896956,0.0,0.0,0.0,0.0,0.0
2018-04-23,984693.0501896956,0.0,0.0,0.0,0.0,0.0
2018-04-24,984693.0501896956,0.0,0.0,0.0,0.0,0.0
2018-04-25,984693.0501896956,0.0,0.0,0.0,0.0,0.0
2018-04-26,984693.0501896956,0.0,0.0,0.0,0.0,0.0
2018-04-27,984693.0501896956,0.0,0.0,0.0,0.0,0.0
2018-04-30,984693.0501896956,0.0,0.0,0.0,0.0,0.0
2018-05-01,984693.0501896956,0.0,0.0,0.0,0.0,0.0
2018-05-02,984693.0501896956,0.0,0.0,0.0,0.0,0.0
2018-05-03,984693.0501896956,0.0,0.0,0.0,0.0,0.0
2018-05-04,984693.0501896956,0.0,0.0,0.0,0.0,0.0
2018-05-07,984693.0501896956,0.0,0.0,0.0,0.0,0.0
2018-05-08,984693.0501896956,0.0,0.0,0.0,0.0,0.0
2018-05-09,984693.0501896956,0.0,0.0,0.0,0.0,0.0
2018-05-10,984693.0501896956,0.0,0.0,0.0,0.0,0.0
2018-05-11,984693.0501896956,0.0,0.0,0.0,0.0,0.0
2018-05-14,984693.0501896956,0.0,0.0,0.0,0.0,0.0
2018-05-15,984693.0501896956,0.0,0.0,0.0,0.0,0.0
2018-05-16,984693.0501896956,0.0,0.0,0.0,0.0,0.0
2018-05-17,984693.0501896956,0.0,0.0,0.0,0.0,0.0
2018-05-18,984693.0501896956,0.0,0.0,0.0,0.0,0.0
2018-05-21,984693.0501896956,0.0,0.0,0.0,0.0,0.0
2018-05-22,984693.0501896956,0.0,0.0,0.0,0.0,0.0
2018-05-23,984693.0501896956,0.0,0.0,0.0,0.0,0.0
2018-05-24,984693.0501896956,0.0,0.0,0.0,0.0,0.0
2018-05-25,984693.0501896956,0.0,0.0,0.0,0.0,0.0
2018-05-29,984693.0501896956,0.0,0.0,0.0,0.0,0.0
2018-05-30,984693.0501896956,0.0,0.0,0.0,0.0,0.0
2018-05-31,984693.0501896956,0.0,0.0,0.0,0.0,0.0
2018-06-01,984693.0501896956,0.0,0.0,0.0,0.0,0.0
2018-06-04,984693.0501896956,0.0,0.0,0.0,0.0,0.0
2018-06-05,984200.7036646007,0.0,492.3465250948478,-0.0005,1.0845571842093682,0.5
2018-06-06,980760.3017042251,-3440.4019603756333,0.0,-0.003483453595421747,1.037449384837535,0.5
2018-06-07,970405.5986798077,-9864.32287356525,490.3801508521126,-0.010452701020662184,0.0,0.0
2018-06-08,970405.5986798077,0.0,0.0,0.0,0.0,0.0
2018-06-11,970405.5986798077,0.0,0.0,0.0,0.0,0.0
2018-06-12,969920.3958804678,0.0,485.2027993399039,-0.0005,0.7746203233792239,0.5
2018-06-13,960770.2034665012,-9150.192413966677,0.0,-0.009345794392523364,1.0647883484203942,0.5
2018-06-14,956279.4239364094,-4490.779530091819,0.0,-0.004652399308786388,1.2849717813873591,0.5
2018-06-15,944585.8205034292,-11215.463721012082,478.1397119682047,-0.012086475682878082,1.420937206149325,0.5
2018-06-18,944113.5275931774,0.0,472.2929102517146,-0.0005,1.2134651211133491,0.5
2018-06-19,933981.3240774553,-10132.203515722047,0.0,-0.010618023414102912,0.9400506077200897,0.5
2018-06-20,934243.9734936751,262.64941621975686,0.0,0.00028129395218002813,0.6068982460677664,0.5
2018-06-21,929517.612750874,-4726.360742801055,0.0,-0.0050335570469798654,0.5579626310794041,0.5
2018-06-22,936907.3041639985,7389.691413124495,0.0,0.008013737836290783,0.6422560452618784,0.5
2018-06-25,926433.2146820085,-10474.08948198992,0.0,-0.011055831951354338,0.954050874156395,0.5
2018-06-26,922592.9397783809,-3840.274903627537,0.0,-0.004128113879003558,1.3066365145329601,0.5
2018-06-27,922725.9165641662,132.97678578529562,0.0,0.00014415453366008361,1.5992421639925831,0.5
2018-06-28,918940.6129842553,-3323.9406216288407,461.3629582820831,-0.004087580760947595,1.5289882991851467,0.5
2018-06-29,918481.1426777631,0.0,459.4703064921277,-0.0005,1.2395791280308657,0.5
2018-07-02,912213.3246528619,-5349.336882223431,918.4811426777632,-0.006784597568037058,-2.3970653082742546,-0.5
2018-07-03,914632.2757200027,2418.951067140765,0.0,0.002658788774002954,-2.2936657108792016,-0.5
2018-07-05,919237.947724517,4605.672004514232,0.0,0.00506103006847276,-2.4296732716071316,-0.5
2018-07-06,897598.9984170856,-21179.33033356906,459.6189738622585,-0.02300994442819538,0.0,0.0
2018-07-09,897598.9984170856,0.0,0.0,0.0,0.0,0.0
2018-07-10,897598.9984170856,0.0,0.0,0.0,0.0,0.0
2018-07-11,897598.9984170856,0.0,0.0,0.0,0.0,0.0
2018-07-12,897598.9984170856,0.0,0.0,0.0,0.0,0.0
2018-07-13,897598.9984170856,0.0,0.0,0.0,0.0,0.0
2018-07-16,897598.9984170856,0.0,0.0,0.0,0.0,0.0
2018-07-17,897598.9984170856,0.0,0.0,0.0,0.0,0.0
2018-07-18,897598.9984170856,0.0,0.0,0.0,0.0,0.0
2018-07-19,897598.9984170856,0.0,0.0,0.0,0.0,0.0
2018-07-20,897598.9984170856,0.0,0.0,0.0,0.0,0.0
2018-07-23,897598.9984170856,0.0,0.0,0.0,0.0,0.0
2018-07-24,897598.9984170856,0.0,0.0,0.0,0.0,0.0
2018-07-25,897598.9984170856,0.0,0.0,0.0,0.0,0.0
2018-07-26,897598.9984170856,0.0,0.0,0.0,0.0,0.0
2018-07-27,897598.9984170856,0.0,0.0,0.0,0.0,0.0
2018-07-30,897598.9984170856,0.0,0.0,0.0,0.0,0.0
2018-07-31,897598.9984170856,0.0,0.0,0.0,0.0,0.0
2018-08-01,897598.9984170856,0.0,0.0,0.0,0.0,0.0
2018-08-02,897598.9984170856,0.0,0.0,0.0,0.0,0.0
2018-08-03,897598.9984170856,0.0,0.0,0.0,0.0,0.0
2018-08-06,897598.9984170856,0.0,0.0,0.0,0.0,0.0
2018-08-07,897598.9984170856,0.0,0.0,0.0,0.0,0.0
2018-08-08,897150.198917877,0.0,448.79949920854284,-0.0005,0.295326445222867,0.5
2018-08-09,894138.7856627681,-3011.413255108958,0.0,-0.0033454139949818788,0.2678724878438416,0.5
2018-08-10,872666.4871505784,-21025.229119358246,447.06939283138405,-0.023462787178428944,0.0,0.0
2018-08-13,872666.4871505784,0.0,0.0,0.0,0.0,0.0
2018-08-14,872666.4871505784,0.0,0.0,0.0,0.0,0.0
2018-08-15,872666.4871505784,0.0,0.0,0.0,0.0,0.0
2018-08-16,872666.4871505784,0.0,0.0,0.0,0.0,0.0
2018-08-17,872666.4871505784,0.0,0.0,0.0,0.0,0.0
2018-08-20,872666.4871505784,0.0,0.0,0.0,0.0,0.0
2018-08-21,872666.4871505784,0.0,0.0,0.0,0.0,0.0
2018-08-22,872666.4871505784,0.0,0.0,0.0,0.0,0.0
2018-08-23,872666.4871505784,0.0,0.0,0.0,0.0,0.0
2018-08-24,872666.4871505784,0.0,0.0,0.0,0.0,0.0
2018-08-27,872666.4871505784,0.0,0.0,0.0,0.0,0.0
2018-08-28,872666.4871505784,0.0,0.0,0.0,0.0,0.0
2018-08-29,872666.4871505784,0.0,0.0,0.0,0.0,0.0
2018-08-30,872666.4871505784,0.0,0.0,0.0,0.0,0.0
2018-08-31,872666.4871505784,0.0,0.0,0.0,0.0,0.0
2018-09-04,872666.4871505784,0.0,0.0,0.0,0.0,0.0
2018-09-05,872666.4871505784,0.0,0.0,0.0,0.0,0.0
2018-09-06,872666.4871505784,0.0,0.0,0.0,0.0,0.0
2018-09-07,872666.4871505784,0.0,0.0,0.0,0.0,0.0
2018-09-10,872230.1539070031,0.0,436.3332435752892,-0.0005,1.4544330062160706,0.5
2018-09-11,865297.3107520734,-6932.843154929689,0.0,-0.00788573128998661,1.6834203088787716,0.5
2018-09-12,869912.5813824182,4615.2706303447985,0.0,0.005362341044890455,1.818400865996131,0.5
2018-09-13,866633.3572366763,-3279.2241457419263,0.0,-0.003755445395823945,1.756624978789325,0.5
2018-09-14,865975.0213530264,-658.3358836498604,0.0,-0.0007590708972218005,1.6674390955330174,0.5
2018-09-17,867029.1601495608,1054.1387965344204,0.0,0.0012187690432663009,1.4979915345023358,0.5
2018-09-18,862028.0812051644,-5001.078944396373,0.0,-0.005734983398732267,1.476840875801319,0.5
2018-09-19,870500.1016592692,8472.02045410481,0.0,0.009925558312655085,1.3854471804935384,0.5
2018-09-20,881119.154104209,10619.05244493988,0.0,0.0123494435127306,1.1389877669585273,0.5
2018-09-21,879564.6951437194,-1554.4589604896366,0.0,-0.0017610801291458762,1.1707299188715339,0.5
2018-09-24,876320.5055039153,-3244.189639804217,0.0,-0.0036748493311774214,1.188965584205667,0.5
2018-09-25,878795.2512834299,2474.745779514624,0.0,0.0028320166939931435,1.0890308804834208,0.5
2018-09-26,881003.2795529863,2208.0282695563565,0.0,0.0025188916876574307,1.1800901799986703,0.5
2018-09-27,883594.4656693186,2591.1861163323124,0.0,0.0029498525073746312,1.418303825610163,0.5
2018-09-28,878685.6075267112,-4908.858142607325,0.0,-0.0055248618784530384,1.6285631022562668,0.5
2018-10-01,878685.6075267112,0.0,0.0,0.0,0.0,0.0
2018-10-02,878685.6075267112,0.0,0.0,0.0,0.0,0.0
2018-10-03,878685.6075267112,0.0,0.0,0.0,0.0,0.0
2018-10-04,878685.6075267112,0.0,0.0,0.0,0.0,0.0
2018-10-05,878685.6075267112,0.0,0.0,0.0,0.0,0.0
2018-10-08,878685.6075267112,0.0,0.0,0.0,0.0,0.0
2018-10-09,878685.6075267112,0.0,0.0,0.0,0.0,0.0
2018-10-10,878685.6075267112,0.0,0.0,0.0,0.0,0.0
2018-10-11,878685.6075267112,0.0,0.0,0.0,0.0,0.0
2018-10-12,878685.6075267112,0.0,0.0,0.0,0.0,0.0
2018-10-15,878685.6075267112,0.0,0.0,0.0,0.0,0.0
2018-10-16,878685.6075267112,0.0,0.0,0.0,0.0,0.0
2018-10-17,878685.6075267112,0.0,0.0,0.0,0.0,0.0
2018-10-18,878685.6075267112,0.0,0.0,0.0,0.0,0.0
2018-10-19,878685.6075267112,0.0,0.0,0.0,0.0,0.0
2018-10-22,878685.6075267112,0.0,0.0,0.0,0.0,0.0
2018-10-23,878685.6075267112,0.0,0.0,0.0,0.0,0.0
2018-10-24,878685.6075267112,0.0,0.0,0.0,0.0,0.0
2018-10-25,878685.6075267112,0.0,0.0,0.0,0.0,0.0
2018-10-26,878685.6075267112,0.0,0.0,0.0,0.0,0.0
2018-10-29,878685.6075267112,0.0,0.0,0.0,0.0,0.0
2018-10-30,878685.6075267112,0.0,0.0,0.0,0.0,0.0
2018-10-31,878685.6075267112,0.0,0.0,0.0,0.0,0.0
2018-11-01,878685.6075267112,0.0,0.0,0.0,0.0,0.0
2018-11-02,878685.6075267112,0.0,0.0,0.0,0.0,0.0
2018-11-05,878685.6075267112,0.0,0.0,0.0,0.0,0.0
2018-11-06,878685.6075267112,0.0,0.0,0.0,0.0,0.0
2018-11-07,878685.6075267112,0.0,0.0,0.0,0.0,0.0
2018-11-08,878685.6075267112,0.0,0.0,0.0,0.0,0.0
2018-11-09,878685.6075267112,0.0,0.0,0.0,0.0,0.0
2018-11-12,878685.6075267112,0.0,0.0,0.0,0.0,0.0
2018-11-13,878685.6075267112,0.0,0.0,0.0,0.0,0.0
2018-11-14,878685.6075267112,0.0,0.0,0.0,0.0,0.0
2018-11-15,878685.6075267112,0.0,0.0,0.0,0.0,0.0
2018-11-16,878685.6075267112,0.0,0.0,0.0,0.0,0.0
2018-11-19,878685.6075267112,0.0,0.0,0.0,0.0,0.0
2018-11-20,878685.6075267112,0.0,0.0,0.0,0.0,0.0
2018-11-21,878685.6075267112,0.0,0.0,0.0,0.0,0.0
2018-11-23,878685.6075267112,0.0,0.0,0.0,0.0,0.0
2018-11-26,878685.6075267112,0.0,0.0,0.0,0.0,0.0
2018-11-27,878685.6075267112,0.0,0.0,0.0,0.0,0.0
2018-11-28,878685.6075267112,0.0,0.0,0.0,0.0,0.0
2018-11-29,878685.6075267112,0.0,0.0,0.0,0.0,0.0
2018-11-30,878685.6075267112,0.0,0.0,0.0,0.0,0.0
2018-12-03,878685.6075267112,0.0,0.0,0.0,0.0,0.0
2018-12-04,878685.6075267112,0.0,0.0,0.0,0.0,0.0
2018-12-06,878685.6075267112,0.0,0.0,0.0,0.0,0.0
2018-12-07,878685.6075267112,0.0,0.0,0.0,0.0,0.0
2018-12-10,878685.6075267112,0.0,0.0,0.0,0.0,0.0
2018-12-11,878685.6075267112,0.0,0.0,0.0,0.0,0.0
2018-12-12,878685.6075267112,0.0,0.0,0.0,0.0,0.0
2018-12-13,878685.6075267112,0.0,0.0,0.0,0.0,0.0
2018-12-14,878685.6075267112,0.0,0.0,0.0,0.0,0.0
2018-12-17,878685.6075267112,0.0,0.0,0.0,0.0,0.0
2018-12-18,878685.6075267112,0.0,0.0,0.0,0.0,0.0
2018-12-19,878685.6075267112,0.0,0.0,0.0,0.0,0.0
2018-12-20,878685.6075267112,0.0,0.0,0.0,0.0,0.0
2018-12-21,878685.6075267112,0.0,0.0,0.0,0.0,0.0
2018-12-24,878685.6075267112,0.0,0.0,0.0,0.0,0.0
2018-12-26,878685.6075267112,0.0,0.0,0.0,0.0,0.0
2018-12-27,878685.6075267112,0.0,0.0,0.0,0.0,0.0
2018-12-28,878685.6075267112,0.0,0.0,0.0,0.0,0.0
2018-12-31,878685.6075267112,0.0,0.0,0.0,0.0,0.0
2019-01-02,878685.6075267112,0.0,0.0,0.0,0.0,0.0
2019-01-03,878685.6075267112,0.0,0.0,0.0,0.0,0.0
2019-01-04,878685.6075267112,0.0,0.0,0.0,0.0,0.0
2019-01-07,878685.6075267112,0.0,0.0,0.0,0.0,0.0
2019-01-08,878685.6075267112,0.0,0.0,0.0,0.0,0.0
2019-01-09,878685.6075267112,0.0,0.0,0.0,0.0,0.0
2019-01-10,878685.6075267112,0.0,0.0,0.0,0.0,0.0
2019-01-11,878685.6075267112,0.0,0.0,0.0,0.0,0.0
2019-01-14,878685.6075267112,0.0,0.0,0.0,0.0,0.0
2019-01-15,878685.6075267112,0.0,0.0,0.0,0.0,0.0
2019-01-16,878685.6075267112,0.0,0.0,0.0,0.0,0.0
2019-01-17,878685.6075267112,0.0,0.0,0.0,0.0,0.0
2019-01-18,878685.6075267112,0.0,0.0,0.0,0.0,0.0
2019-01-22,878685.6075267112,0.0,0.0,0.0,0.0,0.0
2019-01-23,878685.6075267112,0.0,0.0,0.0,0.0,0.0
2019-01-24,878685.6075267112,0.0,0.0,0.0,0.0,0.0
2019-01-25,878685.6075267112,0.0,0.0,0.0,0.0,0.0
2019-01-28,878685.6075267112,0.0,0.0,0.0,0.0,0.0
2019-01-29,878685.6075267112,0.0,0.0,0.0,0.0,0.0
2019-01-30,878685.6075267112,0.0,0.0,0.0,0.0,0.0
2019-01-31,878685.6075267112,0.0,0.0,0.0,0.0,0.0
2019-02-01,878685.6075267112,0.0,0.0,0.0,0.0,0.0
2019-02-04,878685.6075267112,0.0,0.0,0.0,0.0,0.0
2019-02-05,878685.6075267112,0.0,0.0,0.0,0.0,0.0
2019-02-06,878685.6075267112,0.0,0.0,0.0,0.0,0.0
2019-02-07,878685.6075267112,0.0,0.0,0.0,0.0,0.0
2019-02-08,878685.6075267112,0.0,0.0,0.0,0.0,0.0
2019-02-11,878685.6075267112,0.0,0.0,0.0,0.0,0.0
2019-02-12,878685.6075267112,0.0,0.0,0.0,0.0,0.0
2019-02-13,878685.6075267112,0.0,0.0,0.0,0.0,0.0
2019-02-14,878685.6075267112,0.0,0.0,0.0,0.0,0.0
2019-02-15,878685.6075267112,0.0,0.0,0.0,0.0,0.0
2019-02-19,878685.6075267112,0.0,0.0,0.0,0.0,0.0
2019-02-20,878685.6075267112,0.0,0.0,0.0,0.0,0.0
2019-02-21,878685.6075267112,0.0,0.0,0.0,0.0,0.0
2019-02-22,878685.6075267112,0.0,0.0,0.0,0.0,0.0
2019-02-25,878685.6075267112,0.0,0.0,0.0,0.0,0.0
2019-02-26,878685.6075267112,0.0,0.0,0.0,0.0,0.0
2019-02-27,878685.6075267112,0.0,0.0,0.0,0.0,0.0
2019-02-28,878685.6075267112,0.0,0.0,0.0,0.0,0.0
2019-03-01,878685.6075267112,0.0,0.0,0.0,0.0,0.0
2019-03-04,878685.6075267112,0.0,0.0,0.0,0.0,0.0
2019-03-05,878685.6075267112,0.0,0.0,0.0,0.0,0.0
2019-03-06,878685.6075267112,0.0,0.0,0.0,0.0,0.0
2019-03-07,878685.6075267112,0.0,0.0,0.0,0.0,0.0
2019-03-08,878685.6075267112,0.0,0.0,0.0,0.0,0.0
2019-03-11,878685.6075267112,0.0,0.0,0.0,0.0,0.0
2019-03-12,878685.6075267112,0.0,0.0,0.0,0.0,0.0
2019-03-13,878685.6075267112,0.0,0.0,0.0,0.0,0.0
2019-03-14,878685.6075267112,0.0,0.0,0.0,0.0,0.0
2019-03-15,878685.6075267112,0.0,0.0,0.0,0.0,0.0
2019-03-18,878685.6075267112,0.0,0.0,0.0,0.0,0.0
2019-03-19,878685.6075267112,0.0,0.0,0.0,0.0,0.0
2019-03-20,878685.6075267112,0.0,0.0,0.0,0.0,0.0
2019-03-21,878685.6075267112,0.0,0.0,0.0,0.0,0.0
2019-03-22,878685.6075267112,0.0,0.0,0.0,0.0,0.0
2019-03-25,878685.6075267112,0.0,0.0,0.0,0.0,0.0
2019-03-26,878685.6075267112,0.0,0.0,0.0,0.0,0.0
2019-03-27,878685.6075267112,0.0,0.0,0.0,0.0,0.0
2019-03-28,878685.6075267112,0.0,0.0,0.0,0.0,0.0
2019-03-29,878685.6075267112,0.0,0.0,0.0,0.0,0.0
2019-04-01,878685.6075267112,0.0,0.0,0.0,0.0,0.0
2019-04-02,878685.6075267112,0.0,0.0,0.0,0.0,0.0
2019-04-03,878685.6075267112,0.0,0.0,0.0,0.0,0.0
2019-04-04,878685.6075267112,0.0,0.0,0.0,0.0,0.0
2019-04-05,878685.6075267112,0.0,0.0,0.0,0.0,0.0
2019-04-08,878685.6075267112,0.0,0.0,0.0,0.0,0.0
2019-04-09,878685.6075267112,0.0,0.0,0.0,0.0,0.0
2019-04-10,878685.6075267112,0.0,0.0,0.0,0.0,0.0
2019-04-11,878685.6075267112,0.0,0.0,0.0,0.0,0.0
2019-04-12,878685.6075267112,0.0,0.0,0.0,0.0,0.0
2019-04-15,878685.6075267112,0.0,0.0,0.0,0.0,0.0
2019-04-16,878685.6075267112,0.0,0.0,0.0,0.0,0.0
2019-04-17,878685.6075267112,0.0,0.0,0.0,0.0,0.0
2019-04-18,878685.6075267112,0.0,0.0,0.0,0.0,0.0
2019-04-22,878685.6075267112,0.0,0.0,0.0,0.0,0.0
2019-04-23,878685.6075267112,0.0,0.0,0.0,0.0,0.0
2019-04-24,878685.6075267112,0.0,0.0,0.0,0.0,0.0
2019-04-25,878685.6075267112,0.0,0.0,0.0,0.0,0.0
2019-04-26,878685.6075267112,0.0,0.0,0.0,0.0,0.0
2019-04-29,878685.6075267112,0.0,0.0,0.0,0.0,0.0
2019-04-30,878685.6075267112,0.0,0.0,0.0,0.0,0.0
2019-05-01,878685.6075267112,0.0,0.0,0.0,0.0,0.0
2019-05-02,878685.6075267112,0.0,0.0,0.0,0.0,0.0
2019-05-03,878685.6075267112,0.0,0.0,0.0,0.0,0.0
2019-05-06,878685.6075267112,0.0,0.0,0.0,0.0,0.0
2019-05-07,878685.6075267112,0.0,0.0,0.0,0.0,0.0
2019-05-08,878685.6075267112,0.0,0.0,0.0,0.0,0.0
2019-05-09,878685.6075267112,0.0,0.0,0.0,0.0,0.0
2019-05-10,878685.6075267112,0.0,0.0,0.0,0.0,0.0
2019-05-13,878685.6075267112,0.0,0.0,0.0,0.0,0.0
2019-05-14,878685.6075267112,0.0,0.0,0.0,0.0,0.0
2019-05-15,878685.6075267112,0.0,0.0,0.0,0.0,0.0
2019-05-16,878685.6075267112,0.0,0.0,0.0,0.0,0.0
2019-05-17,878685.6075267112,0.0,0.0,0.0,0.0,0.0
2019-05-20,878685.6075267112,0.0,0.0,0.0,0.0,0.0
2019-05-21,878685.6075267112,0.0,0.0,0.0,0.0,0.0
2019-05-22,878685.6075267112,0.0,0.0,0.0,0.0,0.0
2019-05-23,878685.6075267112,0.0,0.0,0.0,0.0,0.0
2019-05-24,878685.6075267112,0.0,0.0,0.0,0.0,0.0
2019-05-28,878685.6075267112,0.0,0.0,0.0,0.0,0.0
2019-05-29,878685.6075267112,0.0,0.0,0.0,0.0,0.0
2019-05-30,878685.6075267112,0.0,0.0,0.0,0.0,0.0
2019-05-31,878685.6075267112,0.0,0.0,0.0,0.0,0.0
2019-06-03,878685.6075267112,0.0,0.0,0.0,0.0,0.0
2019-06-04,878685.6075267112,0.0,0.0,0.0,0.0,0.0
2019-06-05,878685.6075267112,0.0,0.0,0.0,0.0,0.0
2019-06-06,878685.6075267112,0.0,0.0,0.0,0.0,0.0
2019-06-07,878685.6075267112,0.0,0.0,0.0,0.0,0.0
2019-06-10,878685.6075267112,0.0,0.0,0.0,0.0,0.0
2019-06-11,878685.6075267112,0.0,0.0,0.0,0.0,0.0
2019-06-12,878246.2647229478,0.0,439.3428037633556,-0.0005,2.694779547429211,0.5
2019-06-13,883247.6671416435,5001.402418695603,0.0,0.00572737686139748,2.60764118131072,0.5
2019-06-14,887599.2533395542,4351.586197910687,0.0,0.0049511953600226335,2.59648926667263,0.5
2019-06-17,895517.6185770412,7918.3652374869625,0.0,0.0090014064697609,2.163144125076116,0.5
2019-06-18,895885.5387161444,367.9201391031393,0.0,0.0004110152075626798,1.8319979546486793,0.5
2019-06-19,890859.3609537795,-5026.177762364795,0.0,-0.005578990338821609,1.4973748752708602,0.5
2019-06-20,896900.3391833305,6040.978229550954,0.0,0.006827365194370907,1.2226374806689984,0.5
2019-06-21,890654.856209771,-6245.482973559511,0.0,-0.006915254237288136,0.8484498822067603,0.5
2019-06-24,893737.9871160635,3083.130906292478,0.0,0.003473669584549118,0.06106069896412361,0.5
2019-06-25,890140.421335142,-2703.8277938054725,893.7379871160636,-0.004013161502604881,-0.23402953573330101,-0.5
2019-06-26,894697.0338959334,4556.612560791402,0.0,0.005145320539563343,-0.4061626873326423,-0.5
2019-06-27,897948.6585648311,3251.624668897717,0.0,0.003647586980920314,-0.5830092401030551,-0.5
2019-06-28,891879.729303903,-6068.929260928174,0.0,-0.006713286713286712,-0.5693400086567499,-0.5
2019-07-01,898942.4056821084,7062.6763782053995,0.0,0.007982075339588293,-0.04732883776096064,-0.5
2019-07-02,902738.6734698535,4695.210193427161,898.9424056821084,0.004245210727969349,0.018511172949867767,0.5
2019-07-03,907374.7066003691,4636.033130515652,0.0,0.005162030398623458,0.10850086740709564,0.5
2019-07-05,899804.8799390639,-6662.451954704772,907.3747066003691,-0.00828174936921783,-0.05053642249236456,-0.5
2019-07-08,897357.6891950852,-1547.385864039663,899.8048799390639,-0.002715021459227468,0.1261956744729166,0.5
2019-07-09,901202.4093715851,3844.7201764999368,0.0,0.004302925989672978,0.24694184429424312,0.5
2019-07-10,906434.5389077271,5232.129536142026,0.0,0.005839623985187295,0.48182886725031004,0.5
2019-07-11,908083.9858570272,1649.4469493001754,0.0,0.0018230262235310617,0.8914620536157871,0.5
2019-07-12,913403.3062762734,5319.320419246184,0.0,0.005892255892255892,1.2955779292085383,0.5
2019-07-15,910884.9624486576,-2518.3438276158627,0.0,-0.0027495188342040143,1.3926765413346707,0.5
2019-07-16,903814.0506248255,-7070.911823832107,0.0,-0.007702888583218707,1.2758097246426339,0.5
2019-07-17,901141.5506159377,-2672.5000088878255,0.0,-0.002948195984837849,1.189363272925269,0.5
2019-07-18,900503.3483846233,-638.2022313144034,0.0,-0.0007077140835102619,1.0435954367731597,0.5
2019-07-19,910849.5570681914,10346.208683568013,0.0,0.011622901420576842,0.8565231258789388,0.5
2019-07-22,904155.8484541295,-6693.708614061861,0.0,-0.007295251204404681,0.27731136807024837,0.5
2019-07-23,902883.4647664654,-1272.3836876641283,0.0,-0.0014052838673412028,0.415493030677496,0.5
2019-07-24,905559.2413343592,2675.776567893843,0.0,0.0029723991507430996,0.3585010248715475,0.5
2019-07-25,901239.794897018,-4319.446437341219,0.0,-0.004747277296844457,0.24726825455423282,0.5
2019-07-26,901622.7579826682,382.9630856502909,0.0,0.0004251098200368428,0.1217622893256583,0.5
2019-07-29,902898.7596214776,1276.0016388093238,0.0,0.001417233560090703,0.6000606646493073,0.5
2019-07-30,899330.997094043,-3567.762527434571,0.0,-0.003935901040202417,0.5765301588074567,0.5
2019-07-31,891783.2689534244,-7547.7281406185675,0.0,-0.008322753561856397,0.5179718305166601,0.5
2019-08-01,883009.9381824706,-8773.330770953828,0.0,-0.009742120343839542,1.4035607049455863,0.5
2019-08-02,884704.0245455715,1694.0863631009618,0.0,0.0019222238651486023,1.3689467711573324,0.5
2019-08-05,884704.0245455715,0.0,0.0,0.0,1.2310483369448344,0.5
2019-08-06,883403.3717602943,-1300.6527852772297,0.0,-0.0014679976512037582,1.0735324183062038,0.5
2019-08-07,883924.399994892,521.0282345976375,0.0,0.0005901445854234288,1.0230607306033654,0.5
2019-08-08,892386.121055226,8461.721060334017,0.0,0.009665427509293681,0.9075267664416732,0.5
2019-08-09,896899.6346732798,4513.513618053888,0.0,0.005083514887436456,0.935402957152927,0.5
2019-08-12,890612.355403038,-6287.279270241876,0.0,-0.006961216081829805,0.8276446315508603,0.5
2019-08-13,896039.7667389242,5427.411335886186,0.0,0.006131386861313868,0.771683368558841,0.5
2019-08-14,890388.139769814,-5651.626969110187,0.0,-0.0062678062678062675,0.6875307067283968,0.5
2019-08-15,888836.9409200408,-1551.198849773195,0.0,-0.0017391304347826088,0.548886964916398,0.5
2019-08-16,893628.1656889863,4791.224768945442,0.0,0.005419657243298667,0.43036513806077586,0.5
2019-08-19,886801.6605316619,-6826.505157324341,0.0,-0.007581175797453869,0.044076582028557104,0.5
2019-08-20,886823.4671298717,908.608258741457,886.8016605316619,2.4615384615384748e-05,-0.2949971198578447,-0.5
2019-08-21,884362.2275921172,-2461.239537754537,0.0,-0.0027676620538965766,-0.5711324253770407,-0.5
2019-08-22,886674.6215631599,2312.3939710427235,0.0,0.0026216137489076608,-0.8305615817137995,-0.5
2019-08-23,893278.0686571612,6603.447094001336,0.0,0.0075033102839488,-1.0800612535972083,-0.5
2019-08-26,887716.5983216141,-5561.470335547105,0.0,-0.006187389510901591,-1.1318248542837404,-0.5
2019-08-27,891615.7927505524,3899.194428938276,0.0,0.004411764705882354,-0.9865006129881403,-0.5
2019-08-28,888191.5666631795,-3424.2260873728746,0.0,-0.0038257798705120657,-0.6372870934027819,-0.5
2019-08-29,886368.8340432317,-1822.7326199478912,0.0,-0.002047981275599766,-0.18859933921390223,-0.5
2019-08-30,885094.2744789505,-388.1907302379117,886.3688340432317,-0.0014373267182255947,0.21516294429190497,0.5
2019-09-03,884836.0789496393,-258.19552931124576,0.0,-0.0002916302128900554,0.8279057716863234,0.5
2019-09-04,887935.3296639988,3099.250714359507,0.0,0.0035149384885764497,0.8872254511962507,0.5
2019-09-05,881372.3294012649,-6563.0002627339045,0.0,-0.007337073802330601,0.9753176100555878,0.5
2019-09-06,878908.9468977897,-2463.382503475145,0.0,-0.0027871497726272556,1.004662267122623,0.5
2019-09-09,878908.9468977897,0.0,0.0,0.0,1.1396540686164633,0.5
2019-09-10,886319.8655328746,7410.918635084914,0.0,0.00850365507981501,1.0198576187455632,0.5
2019-09-11,883612.1673693322,-2707.6981635423867,0.0,-0.003045685279187817,0.6916289690858477,0.5
2019-09-12,898173.1439868832,15002.782701235736,441.8060836846661,0.016763549731983327,0.0,0.0
2019-09-13,898173.1439868832,0.0,0.0,0.0,0.0,0.0
2019-09-16,898173.1439868832,0.0,0.0,0.0,0.0,0.0
2019-09-17,897724.0574148898,0.0,449.0865719934416,-0.0005,-0.9277151483326148,-0.5
2019-09-18,900235.173659407,2511.1162445171744,0.0,0.002805049088359046,-0.9793281001735701,-0.5
2019-09-19,898082.7126253409,-2152.4610340660925,0.0,-0.002385295355689631,-1.0207906403620086,-0.5
2019-09-20,902787.8413722812,5154.170103252936,449.0413563126705,0.005269322821343095,0.0,0.0
2019-09-23,902336.4474515951,0.0,451.39392068614063,-0.0005,-1.4351088767835822,-0.5
2019-09-24,901451.8038756622,-884.6435759329364,0.0,-0.0009794319294809011,-1.535275298961361,-0.5
2019-09-25,903971.9375180319,2520.1336423697576,0.0,0.002803476310625176,-1.5850882034244125,-0.5
2019-09-26,904353.1458133024,381.20829527046607,0.0,0.0004218815918998734,-1.5527004322180262,-0.5
2019-09-27,907152.2129500346,2799.0671367322248,0.0,0.003104713519616145,-1.7161609821102952,-0.5
2019-09-30,894884.0836737687,-11814.55316979094,453.57610647501735,-0.013349916154276133,0.0,0.0
2019-10-01,894884.0836737687,0.0,0.0,0.0,0.0,0.0
2019-10-02,894884.0836737687,0.0,0.0,0.0,0.0,0.0
2019-10-03,894884.0836737687,0.0,0.0,0.0,0.0,0.0
2019-10-04,894884.0836737687,0.0,0.0,0.0,0.0,0.0
2019-10-07,894884.0836737687,0.0,0.0,0.0,0.0,0.0
2019-10-08,894884.0836737687,0.0,0.0,0.0,0.0,0.0
2019-10-09,894884.0836737687,0.0,0.0,0.0,0.0,0.0
2019-10-10,894884.0836737687,0.0,0.0,0.0,0.0,0.0
2019-10-11,894884.0836737687,0.0,0.0,0.0,0.0,0.0
2019-10-14,894884.0836737687,0.0,0.0,0.0,0.0,0.0
2019-10-15,894884.0836737687,0.0,0.0,0.0,0.0,0.0
2019-10-16,894884.0836737687,0.0,0.0,0.0,0.0,0.0
2019-10-17,894884.0836737687,0.0,0.0,0.0,0.0,0.0
2019-10-18,894884.0836737687,0.0,0.0,0.0,0.0,0.0
2019-10-21,894884.0836737687,0.0,0.0,0.0,0.0,0.0
2019-10-22,894884.0836737687,0.0,0.0,0.0,0.0,0.0
2019-10-23,894884.0836737687,0.0,0.0,0.0,0.0,0.0
2019-10-24,894884.0836737687,0.0,0.0,0.0,0.0,0.0
2019-10-25,894884.0836737687,0.0,0.0,0.0,0.0,0.0
2019-10-28,894884.0836737687,0.0,0.0,0.0,0.0,0.0
2019-10-29,894884.0836737687,0.0,0.0,0.0,0.0,0.0
2019-10-30,894884.0836737687,0.0,0.0,0.0,0.0,0.0
2019-10-31,894884.0836737687,0.0,0.0,0.0,0.0,0.0
2019-11-01,894884.0836737687,0.0,0.0,0.0,0.0,0.0
2019-11-04,894884.0836737687,0.0,0.0,0.0,0.0,0.0
2019-11-05,894884.0836737687,0.0,0.0,0.0,0.0,0.0
2019-11-06,894884.0836737687,0.0,0.0,0.0,0.0,0.0
2019-11-07,894884.0836737687,0.0,0.0,0.0,0.0,0.0
2019-11-08,894884.0836737687,0.0,0.0,0.0,0.0,0.0
2019-11-11,894884.0836737687,0.0,0.0,0.0,0.0,0.0
2019-11-12,894884.0836737687,0.0,0.0,0.0,0.0,0.0
2019-11-13,894884.0836737687,0.0,0.0,0.0,0.0,0.0
2019-11-14,894884.0836737687,0.0,0.0,0.0,0.0,0.0
2019-11-15,894884.0836737687,0.0,0.0,0.0,0.0,0.0
2019-11-18,894884.0836737687,0.0,0.0,0.0,0.0,0.0
2019-11-19,894884.0836737687,0.0,0.0,0.0,0.0,0.0
2019-11-20,894884.0836737687,0.0,0.0,0.0,0.0,0.0
2019-11-21,894884.0836737687,0.0,0.0,0.0,0.0,0.0
2019-11-22,894884.0836737687,0.0,0.0,0.0,0.0,0.0
2019-11-25,894884.0836737687,0.0,0.0,0.0,0.0,0.0
2019-11-26,894884.0836737687,0.0,0.0,0.0,0.0,0.0
2019-11-27,894884.0836737687,0.0,0.0,0.0,0.0,0.0
2019-11-29,894884.0836737687,0.0,0.0,0.0,0.0,0.0
2019-12-02,894884.0836737687,0.0,0.0,0.0,0.0,0.0
2019-12-03,894884.0836737687,0.0,0.0,0.0,0.0,0.0
2019-12-04,894884.0836737687,0.0,0.0,0.0,0.0,0.0
2019-12-05,894884.0836737687,0.0,0.0,0.0,0.0,0.0
2019-12-06,894884.0836737687,0.0,0.0,0.0,0.0,0.0
2019-12-09,894884.0836737687,0.0,0.0,0.0,0.0,0.0
2019-12-10,894884.0836737687,0.0,0.0,0.0,0.0,0.0
2019-12-11,894884.0836737687,0.0,0.0,0.0,0.0,0.0
2019-12-12,894884.0836737687,0.0,0.0,0.0,0.0,0.0
2019-12-13,894884.0836737687,0.0,0.0,0.0,0.0,0.0
2019-12-16,894884.0836737687,0.0,0.0,0.0,0.0,0.0
2019-12-17,894884.0836737687,0.0,0.0,0.0,0.0,0.0
2019-12-18,894884.0836737687,0.0,0.0,0.0,0.0,0.0
2019-12-19,894884.0836737687,0.0,0.0,0.0,0.0,0.0
2019-12-20,894884.0836737687,0.0,0.0,0.0,0.0,0.0
2019-12-23,894884.0836737687,0.0,0.0,0.0,0.0,0.0
2019-12-24,894884.0836737687,0.0,0.0,0.0,0.0,0.0
2019-12-26,894884.0836737687,0.0,0.0,0.0,0.0,0.0
2019-12-27,894884.0836737687,0.0,0.0,0.0,0.0,0.0
2019-12-30,894884.0836737687,0.0,0.0,0.0,0.0,0.0
2019-12-31,894884.0836737687,0.0,0.0,0.0,0.0,0.0
2020-01-02,894884.0836737687,0.0,0.0,0.0,0.0,0.0
2020-01-03,894884.0836737687,0.0,0.0,0.0,0.0,0.0
2020-01-06,894884.0836737687,0.0,0.0,0.0,0.0,0.0
2020-01-07,894884.0836737687,0.0,0.0,0.0,0.0,0.0
2020-01-08,894884.0836737687,0.0,0.0,0.0,0.0,0.0
2020-01-09,894884.0836737687,0.0,0.0,0.0,0.0,0.0
2020-01-10,894884.0836737687,0.0,0.0,0.0,0.0,0.0
2020-01-13,894884.0836737687,0.0,0.0,0.0,0.0,0.0
2020-01-14,894884.0836737687,0.0,0.0,0.0,0.0,0.0
2020-01-15,894884.0836737687,0.0,0.0,0.0,0.0,0.0
2020-01-16,894884.0836737687,0.0,0.0,0.0,0.0,0.0
2020-01-17,894884.0836737687,0.0,0.0,0.0,0.0,0.0
2020-01-21,894884.0836737687,0.0,0.0,0.0,0.0,0.0
2020-01-22,894884.0836737687,0.0,0.0,0.0,0.0,0.0
2020-01-23,894884.0836737687,0.0,0.0,0.0,0.0,0.0
2020-01-24,894884.0836737687,0.0,0.0,0.0,0.0,0.0
2020-01-27,894884.0836737687,0.0,0.0,0.0,0.0,0.0
2020-01-28,894884.0836737687,0.0,0.0,0.0,0.0,0.0
2020-01-29,894884.0836737687,0.0,0.0,0.0,0.0,0.0
2020-01-30,894884.0836737687,0.0,0.0,0.0,0.0,0.0
2020-01-31,894884.0836737687,0.0,0.0,0.0,0.0,0.0
2020-02-03,894884.0836737687,0.0,0.0,0.0,0.0,0.0
2020-02-04,894884.0836737687,0.0,0.0,0.0,0.0,0.0
2020-02-05,894884.0836737687,0.0,0.0,0.0,0.0,0.0
2020-02-06,894884.0836737687,0.0,0.0,0.0,0.0,0.0
2020-02-07,894884.0836737687,0.0,0.0,0.0,0.0,0.0
2020-02-10,894884.0836737687,0.0,0.0,0.0,0.0,0.0
2020-02-11,894884.0836737687,0.0,0.0,0.0,0.0,0.0
2020-02-12,894884.0836737687,0.0,0.0,0.0,0.0,0.0
2020-02-13,894884.0836737687,0.0,0.0,0.0,0.0,0.0
2020-02-14,894884.0836737687,0.0,0.0,0.0,0.0,0.0
2020-02-18,894884.0836737687,0.0,0.0,0.0,0.0,0.0
2020-02-19,894884.0836737687,0.0,0.0,0.0,0.0,0.0
2020-02-20,894884.0836737687,0.0,0.0,0.0,0.0,0.0
2020-02-21,894884.0836737687,0.0,0.0,0.0,0.0,0.0
2020-02-24,894884.0836737687,0.0,0.0,0.0,0.0,0.0
2020-02-25,894884.0836737687,0.0,0.0,0.0,0.0,0.0
2020-02-26,894884.0836737687,0.0,0.0,0.0,0.0,0.0
2020-02-27,894884.0836737687,0.0,0.0,0.0,0.0,0.0
2020-02-28,894884.0836737687,0.0,0.0,0.0,0.0,0.0
2020-03-02,894884.0836737687,0.0,0.0,0.0,0.0,0.0
2020-03-03,894884.0836737687,0.0,0.0,0.0,0.0,0.0
2020-03-04,894884.0836737687,0.0,0.0,0.0,0.0,0.0
2020-03-05,894884.0836737687,0.0,0.0,0.0,0.0,0.0
2020-03-06,894884.0836737687,0.0,0.0,0.0,0.0,0.0
2020-03-09,894884.0836737687,0.0,0.0,0.0,0.0,0.0
2020-03-10,894884.0836737687,0.0,0.0,0.0,0.0,0.0
2020-03-11,894884.0836737687,0.0,0.0,0.0,0.0,0.0
2020-03-12,894884.0836737687,0.0,0.0,0.0,0.0,0.0
2020-03-13,894884.0836737687,0.0,0.0,0.0,0.0,0.0
2020-03-16,894884.0836737687,0.0,0.0,0.0,0.0,0.0
2020-03-17,894884.0836737687,0.0,0.0,0.0,0.0,0.0
2020-03-18,894884.0836737687,0.0,0.0,0.0,0.0,0.0
2020-03-19,894884.0836737687,0.0,0.0,0.0,0.0,0.0
2020-03-20,894884.0836737687,0.0,0.0,0.0,0.0,0.0
2020-03-23,894884.0836737687,0.0,0.0,0.0,0.0,0.0
2020-03-24,894884.0836737687,0.0,0.0,0.0,0.0,0.0
2020-03-25,894884.0836737687,0.0,0.0,0.0,0.0,0.0
2020-03-26,894884.0836737687,0.0,0.0,0.0,0.0,0.0
2020-03-27,894884.0836737687,0.0,0.0,0.0,0.0,0.0
2020-03-30,894884.0836737687,0.0,0.0,0.0,0.0,0.0
2020-03-31,894884.0836737687,0.0,0.0,0.0,0.0,0.0
2020-04-01,894884.0836737687,0.0,0.0,0.0,0.0,0.0
2020-04-02,894884.0836737687,0.0,0.0,0.0,0.0,0.0
2020-04-03,894884.0836737687,0.0,0.0,0.0,0.0,0.0
2020-04-06,894884.0836737687,0.0,0.0,0.0,0.0,0.0
2020-04-07,894884.0836737687,0.0,0.0,0.0,0.0,0.0
2020-04-08,894884.0836737687,0.0,0.0,0.0,0.0,0.0
2020-04-09,894884.0836737687,0.0,0.0,0.0,0.0,0.0
2020-04-13,894884.0836737687,0.0,0.0,0.0,0.0,0.0
2020-04-14,894884.0836737687,0.0,0.0,0.0,0.0,0.0
2020-04-15,894884.0836737687,0.0,0.0,0.0,0.0,0.0
2020-04-16,894884.0836737687,0.0,0.0,0.0,0.0,0.0
2020-04-17,894884.0836737687,0.0,0.0,0.0,0.0,0.0
2020-04-20,894884.0836737687,0.0,0.0,0.0,0.0,0.0
2020-04-21,894884.0836737687,0.0,0.0,0.0,0.0,0.0
2020-04-22,894884.0836737687,0.0,0.0,0.0,0.0,0.0
2020-04-23,894884.0836737687,0.0,0.0,0.0,0.0,0.0
2020-04-24,894884.0836737687,0.0,0.0,0.0,0.0,0.0
2020-04-27,894884.0836737687,0.0,0.0,0.0,0.0,0.0
2020-04-28,894884.0836737687,0.0,0.0,0.0,0.0,0.0
2020-04-29,894884.0836737687,0.0,0.0,0.0,0.0,0.0
2020-04-30,894884.0836737687,0.0,0.0,0.0,0.0,0.0
2020-05-01,894884.0836737687,0.0,0.0,0.0,0.0,0.0
2020-05-04,894884.0836737687,0.0,0.0,0.0,0.0,0.0
2020-05-05,894884.0836737687,0.0,0.0,0.0,0.0,0.0
2020-05-06,894884.0836737687,0.0,0.0,0.0,0.0,0.0
2020-05-07,894884.0836737687,0.0,0.0,0.0,0.0,0.0
2020-05-08,894884.0836737687,0.0,0.0,0.0,0.0,0.0
2020-05-11,894884.0836737687,0.0,0.0,0.0,0.0,0.0
2020-05-12,894884.0836737687,0.0,0.0,0.0,0.0,0.0
2020-05-13,894884.0836737687,0.0,0.0,0.0,0.0,0.0
2020-05-14,894884.0836737687,0.0,0.0,0.0,0.0,0.0
2020-05-15,894884.0836737687,0.0,0.0,0.0,0.0,0.0
2020-05-18,894884.0836737687,0.0,0.0,0.0,0.0,0.0
2020-05-19,894884.0836737687,0.0,0.0,0.0,0.0,0.0
2020-05-20,894884.0836737687,0.0,0.0,0.0,0.0,0.0
2020-05-21,894884.0836737687,0.0,0.0,0.0,0.0,0.0
2020-05-22,894884.0836737687,0.0,0.0,0.0,0.0,0.0
2020-05-26,894884.0836737687,0.0,0.0,0.0,0.0,0.0
2020-05-27,894884.0836737687,0.0,0.0,0.0,0.0,0.0
2020-05-28,894884.0836737687,0.0,0.0,0.0,0.0,0.0
2020-05-29,894884.0836737687,0.0,0.0,0.0,0.0,0.0
2020-06-01,894436.6416319318,0.0,447.44204183688436,-0.0005,0.06350433672038922,0.5
2020-06-02,898863.065440222,5320.860449922259,894.4366416319318,0.004978456014362657,-0.14251218946554708,-0.5
2020-06-03,895164.0404795627,-3699.02496065935,0.0,-0.004098360655737705,-0.22009633146426297,-0.5
2020-06-04,889813.9346982709,-5350.105781291847,0.0,-0.005941167946674395,-0.2612301076729659,-0.5
2020-06-05,889813.9346982709,0.0,0.0,0.0,-0.24237980933204784,-0.5
2020-06-08,891352.0746026759,1538.1399044049626,0.0,0.0017316017316017316,-0.2913223748143431,-0.5
2020-06-09,892125.1466535021,773.0720508262583,0.0,0.0008680555555555555,-0.2729608313642638,-0.5
2020-06-10,890962.5161409215,-1162.630512580585,0.0,-0.0013015184381778742,-0.27195425353469094,-0.5
2020-06-11,890705.1612835729,-257.3548573486197,0.0,-0.0002887669650591972,-0.3739290010949357,-0.5
2020-06-12,888005.2755464258,-2699.885737147089,0.0,-0.0030220175564829475,-0.44137880054698614,-0.5
2020-06-15,889151.9107659262,1146.6352195004065,0.0,0.0012929176842407701,-0.3166820375600546,-0.5
2020-06-16,890175.1005366581,1023.1897707317909,0.0,0.001152073732718894,-0.2600425250329293,-0.5
2020-06-17,887993.2988196565,-2181.801717001613,0.0,-0.0024449877750611247,-0.21830047633405647,-0.5
2020-06-18,887101.4834549882,-891.8153646682346,0.0,-0.0010032965457933208,-0.04017992935201915,-0.5
2020-06-19,885323.2158764702,-1778.2675785180174,0.0,-0.002000571591883395,-0.012119497171303128,-0.5
2020-06-22,884564.1509629149,126.25830232123077,885.3232158764703,-0.0008575096277278562,0.4347375660436271,0.5
2020-06-23,883933.2207553807,-630.9302075341761,0.0,-0.0007127583749109051,0.5204242181565902,0.5
2020-06-24,881786.525790689,-2146.6949646916387,0.0,-0.0024226877583012683,0.4447121022599805,0.5
2020-06-25,881027.0197391898,-759.5060514993015,0.0,-0.0008605851979345956,0.2075765793147523,0.5
2020-06-26,878873.2292106355,-2153.790528554246,0.0,-0.0024386745086788122,0.10506741864896935,0.5
2020-06-29,878756.3847928792,762.0288114543083,878.8732292106356,-0.00013306334972519528,-0.5585361419138541,-0.5
2020-06-30,869316.4723650104,-9000.534235472363,439.3781923964396,-0.01063344281022419,-0.41485963718923824,-0.5
2020-07-01,868881.8141288279,0.0,434.6582361825052,-0.0005,-0.6316570978091741,-0.5
2020-07-02,869489.4237890579,607.6096602299496,0.0,0.0006997900629811057,-0.27565292496825416,-0.5
2020-07-06,866132.025551822,-2922.6535253413713,434.74471189452896,-0.0038484087102177555,-0.00245677085616535,0.0
2020-07-07,865698.9595390462,0.0,433.066012775911,-0.0005,0.06365761690037626,0.5
2020-07-08,865457.2117145449,-241.7478245012695,0.0,-0.0002791736460078168,0.1743155731528707,0.5
2020-07-09,867149.9193094043,1692.707594859406,0.0,0.001959686450167973,0.3795535866007505,0.5
2020-07-10,863891.7718252193,-3258.1474841850704,0.0,-0.0037432413697490643,0.5972030688485537,0.5
2020-07-13,856624.0339803633,-7267.737844856023,0.0,-0.008342602892102336,0.5994437624876225,0.5
2020-07-14,859433.8389976976,2809.805017334335,0.0,0.003290885677493204,0.44419191657218676,0.5
2020-07-15,861382.1163317814,1948.2773340837578,0.0,0.0022720817949446184,0.32616232506118414,0.5
2020-07-16,864905.4000234065,3523.283691625058,0.0,0.004107066987678799,0.30161901312537615,0.5
2020-07-17,867083.3934761795,2177.993452772988,0.0,0.0025245441795231417,0.31087079077823815,0.5
2020-07-20,869497.3227453225,2413.9292691430387,0.0,0.0027917364600781687,0.9788128186645376,0.5
2020-07-21,866367.9027022192,-3129.42004310332,0.0,-0.003586206896551724,1.0818412465758034,0.5
2020-07-22,867696.687829063,1328.7851268438944,0.0,0.0015360983102918585,1.0118360398265667,0.5
2020-07-23,871073.8781625651,3377.1903335020525,0.0,0.003907340217694669,0.8752488650534812,0.5
2020-07-24,870352.9894358098,-720.8887267552262,0.0,-0.000826901874310915,0.5837622916998921,0.5
2020-07-27,870324.3704787104,841.734032336373,870.3529894358098,-3.291384317521793e-05,-2.817482122527992,-0.5
2020-07-28,875004.8242085325,4680.453729822078,0.0,0.005406904200748648,-2.7162834559909967,-0.5
2020-07-29,877566.1709200434,2561.346711510898,0.0,0.0029358311198098698,-2.522343949758688,-0.5
2020-07-30,877443.1246257472,-123.0462942961362,0.0,-0.00014019346698443852,-2.329631796573861,-0.5
2020-07-31,874614.2499598666,-2828.8746658805976,0.0,-0.0032136369987424895,-2.155047856559857,-0.5
2020-08-03,874614.2499598666,0.0,0.0,0.0,-2.299217567346947,-0.5
2020-08-04,881313.9412896428,6699.691329776137,0.0,0.007719298245614035,-2.3368846314685694,-0.5
2020-08-05,882186.5293503257,872.5880606828147,0.0,0.0009910802775024777,-2.3281402140449257,-0.5
2020-08-06,882811.6615281533,625.1321778276117,0.0,0.0007091192738618636,-2.0125229658516295,-0.5
2020-08-07,888073.9507396467,5262.289211493392,0.0,0.005996573386636207,-1.630563328377237,-0.5
2020-08-10,883996.8723694168,-3189.0044194902566,888.0739507396466,-0.004574495491627308,1.1758146093975597,0.5
2020-08-11,884753.2872630586,756.4148936418284,0.0,0.0008564087924636027,1.380349457321526,0.5
2020-08-12,891051.3602076988,6298.072944640223,0.0,0.0071694866647548025,1.6018862305071697,0.5
2020-08-13,899431.5456560305,8380.185448331811,0.0,0.009494119314156156,1.5102167408449318,0.5
2020-08-14,897572.7039386373,-1858.8417173932846,0.0,-0.002062422659150282,1.3989942448505368,0.5
2020-08-17,902043.1822648396,4470.478326202399,0.0,0.005005561735261402,1.0139754340994647,0.5
2020-08-18,901796.0471464109,-247.13511842872316,0.0,-0.0002738975623116954,0.9706099597935391,0.5
2020-08-19,902043.2500102121,247.20286380109948,0.0,0.0002741979709350151,0.8260381714988676,0.5
2020-08-20,897347.6824074192,-4695.567602792885,0.0,-0.005178522758244753,0.6386517076241703,0.5
2020-08-21,896229.7243313303,-1117.9580760889774,0.0,-0.001244296972210701,0.45733728127500684,0.5
2020-08-24,894836.0037802816,-497.4908267173635,896.2297243313303,-0.001554230235783634,-3.0,-0.5
2020-08-25,887874.2343704879,-6961.7694097938,0.0,-0.007719878687620624,-3.0,-0.5
2020-08-26,885080.6492281457,-2793.585142342164,0.0,-0.003136506204827492,-3.0,-0.5
2020-08-27,876537.8642777381,-8542.784950407606,0.0,-0.00955971455500202,-3.0,-0.5
2020-08-28,869903.7422105339,-6195.853135065367,438.2689321388691,-0.00751542842007681,-3.0,-0.5
2020-08-31,869468.7903394287,0.0,434.951871105267,-0.0005,-3.0,-0.5
2020-09-01,867754.9885187859,-1713.8018206427635,0.0,-0.0019672131147540984,-3.0,-0.5
2020-09-02,864347.5736424032,-3407.414876382667,0.0,-0.003911342894393741,-3.0,-0.5
2020-09-03,861541.2503513565,-2806.323291046764,0.0,-0.003236245954692557,-2.7203498435323508,-0.5
2020-09-04,861207.7505125108,-333.4998388456864,0.0,-0.000386946988262608,-2.314010222339423,-0.5
2020-09-08,859653.2238870369,-1554.5266254738463,0.0,-0.0018018018018018018,-1.732020716773179,-0.5
2020-09-09,856671.3845955479,-2981.8392914889514,0.0,-0.00345666367942645,-1.5492033246967487,-0.5
2020-09-10,854376.1435804284,-2295.241015119483,0.0,-0.0026720956864741065,-1.3786127073471461,-0.5
2020-09-11,845058.239293715,-8890.716214923239,427.1880717902142,-0.010793770409444863,-1.212376777710275,-0.5
2020-09-14,844635.7101740681,0.0,422.5291196468575,-0.0005,-1.213903776615834,-0.5
2020-09-15,855711.3766002322,11497.98428125111,422.31785508703405,0.01329392017903767,0.0,0.0
2020-09-16,855711.3766002322,0.0,0.0,0.0,0.0,0.0
2020-09-17,855711.3766002322,0.0,0.0,0.0,0.0,0.0
2020-09-18,855711.3766002322,0.0,0.0,0.0,0.0,0.0
2020-09-21,855711.3766002322,0.0,0.0,0.0,0.0,0.0
2020-09-22,855711.3766002322,0.0,0.0,0.0,0.0,0.0
2020-09-23,855711.3766002322,0.0,0.0,0.0,0.0,0.0
2020-09-24,855711.3766002322,0.0,0.0,0.0,0.0,0.0
2020-09-25,855711.3766002322,0.0,0.0,0.0,0.0,0.0
2020-09-28,855711.3766002322,0.0,0.0,0.0,0.0,0.0
2020-09-29,855711.3766002322,0.0,0.0,0.0,0.0,0.0
2020-09-30,855711.3766002322,0.0,0.0,0.0,0.0,0.0
2020-10-01,855711.3766002322,0.0,0.0,0.0,0.0,0.0
2020-10-02,855711.3766002322,0.0,0.0,0.0,0.0,0.0
2020-10-05,855711.3766002322,0.0,0.0,0.0,0.0,0.0
2020-10-06,855711.3766002322,0.0,0.0,0.0,0.0,0.0
2020-10-07,855711.3766002322,0.0,0.0,0.0,0.0,0.0
2020-10-08,855711.3766002322,0.0,0.0,0.0,0.0,0.0
2020-10-09,855711.3766002322,0.0,0.0,0.0,0.0,0.0
2020-10-12,855711.3766002322,0.0,0.0,0.0,0.0,0.0
2020-10-13,855711.3766002322,0.0,0.0,0.0,0.0,0.0
2020-10-14,855711.3766002322,0.0,0.0,0.0,0.0,0.0
2020-10-15,855711.3766002322,0.0,0.0,0.0,0.0,0.0
2020-10-16,855711.3766002322,0.0,0.0,0.0,0.0,0.0
2020-10-19,855711.3766002322,0.0,0.0,0.0,0.0,0.0
2020-10-20,855711.3766002322,0.0,0.0,0.0,0.0,0.0
2020-10-21,855711.3766002322,0.0,0.0,0.0,0.0,0.0
2020-10-22,855711.3766002322,0.0,0.0,0.0,0.0,0.0
2020-10-23,855711.3766002322,0.0,0.0,0.0,0.0,0.0
2020-10-26,855711.3766002322,0.0,0.0,0.0,0.0,0.0
2020-10-27,855711.3766002322,0.0,0.0,0.0,0.0,0.0
2020-10-28,855711.3766002322,0.0,0.0,0.0,0.0,0.0
2020-10-29,855711.3766002322,0.0,0.0,0.0,0.0,0.0
2020-10-30,855711.3766002322,0.0,0.0,0.0,0.0,0.0
2020-11-02,855711.3766002322,0.0,0.0,0.0,0.0,0.0
2020-11-03,855711.3766002322,0.0,0.0,0.0,0.0,0.0
2020-11-04,855711.3766002322,0.0,0.0,0.0,0.0,0.0
2020-11-05,855711.3766002322,0.0,0.0,0.0,0.0,0.0
2020-11-06,855711.3766002322,0.0,0.0,0.0,0.0,0.0
2020-11-09,855711.3766002322,0.0,0.0,0.0,0.0,0.0
2020-11-10,855711.3766002322,0.0,0.0,0.0,0.0,0.0
2020-11-11,855711.3766002322,0.0,0.0,0.0,0.0,0.0
2020-11-12,855711.3766002322,0.0,0.0,0.0,0.0,0.0
2020-11-13,855711.3766002322,0.0,0.0,0.0,0.0,0.0
2020-11-16,855711.3766002322,0.0,0.0,0.0,0.0,0.0
2020-11-17,855711.3766002322,0.0,0.0,0.0,0.0,0.0
2020-11-18,855711.3766002322,0.0,0.0,0.0,0.0,0.0
2020-11-19,855711.3766002322,0.0,0.0,0.0,0.0,0.0
2020-11-20,855711.3766002322,0.0,0.0,0.0,0.0,0.0
2020-11-23,855711.3766002322,0.0,0.0,0.0,0.0,0.0
2020-11-24,855711.3766002322,0.0,0.0,0.0,0.0,0.0
2020-11-25,855711.3766002322,0.0,0.0,0.0,0.0,0.0
2020-11-27,855711.3766002322,0.0,0.0,0.0,0.0,0.0
2020-11-30,855711.3766002322,0.0,0.0,0.0,0.0,0.0
2020-12-01,855711.3766002322,0.0,0.0,0.0,0.0,0.0
2020-12-02,855711.3766002322,0.0,0.0,0.0,0.0,0.0
2020-12-03,855711.3766002322,0.0,0.0,0.0,0.0,0.0
2020-12-04,855711.3766002322,0.0,0.0,0.0,0.0,0.0
2020-12-07,855711.3766002322,0.0,0.0,0.0,0.0,0.0
2020-12-08,855711.3766002322,0.0,0.0,0.0,0.0,0.0
2020-12-09,855711.3766002322,0.0,0.0,0.0,0.0,0.0
2020-12-10,855711.3766002322,0.0,0.0,0.0,0.0,0.0
2020-12-11,855711.3766002322,0.0,0.0,0.0,0.0,0.0
2020-12-14,855711.3766002322,0.0,0.0,0.0,0.0,0.0
2020-12-15,855711.3766002322,0.0,0.0,0.0,0.0,0.0
2020-12-16,855711.3766002322,0.0,0.0,0.0,0.0,0.0
2020-12-17,855711.3766002322,0.0,0.0,0.0,0.0,0.0
2020-12-18,855711.3766002322,0.0,0.0,0.0,0.0,0.0
2020-12-21,855711.3766002322,0.0,0.0,0.0,0.0,0.0
2020-12-22,855711.3766002322,0.0,0.0,0.0,0.0,0.0
2020-12-23,855711.3766002322,0.0,0.0,0.0,0.0,0.0
2020-12-24,855711.3766002322,0.0,0.0,0.0,0.0,0.0
2020-12-28,855711.3766002322,0.0,0.0,0.0,0.0,0.0
2020-12-29,855711.3766002322,0.0,0.0,0.0,0.0,0.0
2020-12-30,855711.3766002322,0.0,0.0,0.0,0.0,0.0
2020-12-31,855711.3766002322,0.0,0.0,0.0,0.0,0.0
2021-01-04,855711.3766002322,0.0,0.0,0.0,0.0,0.0
2021-01-05,855711.3766002322,0.0,0.0,0.0,0.0,0.0
2021-01-06,855711.3766002322,0.0,0.0,0.0,0.0,0.0
2021-01-07,855711.3766002322,0.0,0.0,0.0,0.0,0.0
2021-01-08,855711.3766002322,0.0,0.0,0.0,0.0,0.0
2021-01-11,855711.3766002322,0.0,0.0,0.0,0.0,0.0
2021-01-12,855711.3766002322,0.0,0.0,0.0,0.0,0.0
2021-01-13,855711.3766002322,0.0,0.0,0.0,0.0,0.0
2021-01-14,855711.3766002322,0.0,0.0,0.0,0.0,0.0
2021-01-15,855711.3766002322,0.0,0.0,0.0,0.0,0.0
2021-01-19,855711.3766002322,0.0,0.0,0.0,0.0,0.0
2021-01-20,855711.3766002322,0.0,0.0,0.0,0.0,0.0
2021-01-21,855711.3766002322,0.0,0.0,0.0,0.0,0.0
2021-01-22,855711.3766002322,0.0,0.0,0.0,0.0,0.0
2021-01-25,855711.3766002322,0.0,0.0,0.0,0.0,0.0
2021-01-26,855711.3766002322,0.0,0.0,0.0,0.0,0.0
2021-01-27,855711.3766002322,0.0,0.0,0.0,0.0,0.0
2021-01-28,855711.3766002322,0.0,0.0,0.0,0.0,0.0
2021-01-29,855711.3766002322,0.0,0.0,0.0,0.0,0.0
2021-02-01,855711.3766002322,0.0,0.0,0.0,0.0,0.0
2021-02-02,855711.3766002322,0.0,0.0,0.0,0.0,0.0
2021-02-03,855711.3766002322,0.0,0.0,0.0,0.0,0.0
2021-02-04,855711.3766002322,0.0,0.0,0.0,0.0,0.0
2021-02-05,855711.3766002322,0.0,0.0,0.0,0.0,0.0
2021-02-08,855711.3766002322,0.0,0.0,0.0,0.0,0.0
2021-02-09,855711.3766002322,0.0,0.0,0.0,0.0,0.0
2021-02-10,855711.3766002322,0.0,0.0,0.0,0.0,0.0
2021-02-11,855711.3766002322,0.0,0.0,0.0,0.0,0.0
2021-02-12,855711.3766002322,0.0,0.0,0.0,0.0,0.0
2021-02-16,855711.3766002322,0.0,0.0,0.0,0.0,0.0
2021-02-17,855711.3766002322,0.0,0.0,0.0,0.0,0.0
2021-02-18,855711.3766002322,0.0,0.0,0.0,0.0,0.0
2021-02-19,855711.3766002322,0.0,0.0,0.0,0.0,0.0
2021-02-22,855711.3766002322,0.0,0.0,0.0,0.0,0.0
2021-02-23,855711.3766002322,0.0,0.0,0.0,0.0,0.0
2021-02-24,855711.3766002322,0.0,0.0,0.0,0.0,0.0
2021-02-25,855711.3766002322,0.0,0.0,0.0,0.0,0.0
2021-02-26,855711.3766002322,0.0,0.0,0.0,0.0,0.0
2021-03-01,855711.3766002322,0.0,0.0,0.0,0.0,0.0
2021-03-02,855711.3766002322,0.0,0.0,0.0,0.0,0.0
2021-03-03,855711.3766002322,0.0,0.0,0.0,0.0,0.0
2021-03-04,855711.3766002322,0.0,0.0,0.0,0.0,0.0
2021-03-05,855711.3766002322,0.0,0.0,0.0,0.0,0.0
2021-03-08,855711.3766002322,0.0,0.0,0.0,0.0,0.0
2021-03-09,855711.3766002322,0.0,0.0,0.0,0.0,0.0
2021-03-10,855711.3766002322,0.0,0.0,0.0,0.0,0.0
2021-03-11,855711.3766002322,0.0,0.0,0.0,0.0,0.0
2021-03-12,855711.3766002322,0.0,0.0,0.0,0.0,0.0
2021-03-15,855711.3766002322,0.0,0.0,0.0,0.0,0.0
2021-03-16,855711.3766002322,0.0,0.0,0.0,0.0,0.0
2021-03-17,855711.3766002322,0.0,0.0,0.0,0.0,0.0
2021-03-18,855711.3766002322,0.0,0.0,0.0,0.0,0.0
2021-03-19,855711.3766002322,0.0,0.0,0.0,0.0,0.0
2021-03-22,855711.3766002322,0.0,0.0,0.0,0.0,0.0
2021-03-23,855711.3766002322,0.0,0.0,0.0,0.0,0.0
2021-03-24,855711.3766002322,0.0,0.0,0.0,0.0,0.0
2021-03-25,855711.3766002322,0.0,0.0,0.0,0.0,0.0
2021-03-26,855711.3766002322,0.0,0.0,0.0,0.0,0.0
2021-03-29,855711.3766002322,0.0,0.0,0.0,0.0,0.0
2021-03-30,855711.3766002322,0.0,0.0,0.0,0.0,0.0
2021-03-31,855711.3766002322,0.0,0.0,0.0,0.0,0.0
2021-04-01,855711.3766002322,0.0,0.0,0.0,0.0,0.0
2021-04-05,855711.3766002322,0.0,0.0,0.0,0.0,0.0
2021-04-06,855711.3766002322,0.0,0.0,0.0,0.0,0.0
2021-04-07,855711.3766002322,0.0,0.0,0.0,0.0,0.0
2021-04-08,855711.3766002322,0.0,0.0,0.0,0.0,0.0
2021-04-09,855711.3766002322,0.0,0.0,0.0,0.0,0.0
2021-04-12,855711.3766002322,0.0,0.0,0.0,0.0,0.0
2021-04-13,855711.3766002322,0.0,0.0,0.0,0.0,0.0
2021-04-14,855711.3766002322,0.0,0.0,0.0,0.0,0.0
2021-04-15,855711.3766002322,0.0,0.0,0.0,0.0,0.0
2021-04-16,855711.3766002322,0.0,0.0,0.0,0.0,0.0
2021-04-19,855711.3766002322,0.0,0.0,0.0,0.0,0.0
2021-04-20,855711.3766002322,0.0,0.0,0.0,0.0,0.0
2021-04-21,855711.3766002322,0.0,0.0,0.0,0.0,0.0
2021-04-22,855711.3766002322,0.0,0.0,0.0,0.0,0.0
2021-04-23,855711.3766002322,0.0,0.0,0.0,0.0,0.0
2021-04-26,855711.3766002322,0.0,0.0,0.0,0.0,0.0
2021-04-27,855711.3766002322,0.0,0.0,0.0,0.0,0.0
2021-04-28,855711.3766002322,0.0,0.0,0.0,0.0,0.0
2021-04-29,855711.3766002322,0.0,0.0,0.0,0.0,0.0
2021-04-30,855711.3766002322,0.0,0.0,0.0,0.0,0.0
2021-05-03,855711.3766002322,0.0,0.0,0.0,0.0,0.0
2021-05-04,855711.3766002322,0.0,0.0,0.0,0.0,0.0
2021-05-05,855711.3766002322,0.0,0.0,0.0,0.0,0.0
2021-05-06,855711.3766002322,0.0,0.0,0.0,0.0,0.0
2021-05-07,855711.3766002322,0.0,0.0,0.0,0.0,0.0
2021-05-10,855711.3766002322,0.0,0.0,0.0,0.0,0.0
2021-05-11,855711.3766002322,0.0,0.0,0.0,0.0,0.0
2021-05-12,855711.3766002322,0.0,0.0,0.0,0.0,0.0
2021-05-13,855711.3766002322,0.0,0.0,0.0,0.0,0.0
2021-05-14,855711.3766002322,0.0,0.0,0.0,0.0,0.0
2021-05-17,855711.3766002322,0.0,0.0,0.0,0.0,0.0
2021-05-18,855711.3766002322,0.0,0.0,0.0,0.0,0.0
2021-05-19,855711.3766002322,0.0,0.0,0.0,0.0,0.0
2021-05-20,855711.3766002322,0.0,0.0,0.0,0.0,0.0
2021-05-21,855711.3766002322,0.0,0.0,0.0,0.0,0.0
2021-05-24,855711.3766002322,0.0,0.0,0.0,0.0,0.0
2021-05-25,855711.3766002322,0.0,0.0,0.0,0.0,0.0
2021-05-26,855711.3766002322,0.0,0.0,0.0,0.0,0.0
2021-05-27,855711.3766002322,0.0,0.0,0.0,0.0,0.0
2021-05-28,855711.3766002322,0.0,0.0,0.0,0.0,0.0
2021-06-01,855283.5209119321,0.0,427.8556883001161,-0.0005,0.6043014801137834,0.5
2021-06-02,859149.833244114,3866.312332181805,0.0,0.00454103146286085,0.6250675959783685,0.5
2021-06-03,855507.0379511589,-3642.795292955043,0.0,-0.004222098303194455,0.6831442786837522,0.5
2021-06-04,865032.6125225048,9525.574571345807,0.0,0.011259791122715405,0.778360377326515,0.5
2021-06-07,858614.8488621168,-6417.76366038796,0.0,-0.007364462550924476,0.9388176349607882,0.5
2021-06-08,864049.1200574466,5434.271195329853,0.0,0.006369426751592356,0.8783497075352021,0.5
2021-06-09,859264.0379052297,-4785.082152216873,0.0,-0.0055074744295830055,0.8055963810562755,0.5
2021-06-10,854177.1948008308,-5086.843104398959,0.0,-0.005885159853666295,0.7423408395847574,0.5
2021-06-11,844357.4764020519,-9819.71839877898,0.0,-0.011365455418600926,0.6439259021938136,0.5
2021-06-14,834212.312822478,-10145.163579573875,0.0,-0.0118725947760583,0.5157779277072008,0.5
2021-06-15,831953.6783816904,-1841.5282843763312,417.106156411239,-0.0027015418502202644,0.5144207920595504,0.5
2021-06-16,831537.7015424996,0.0,415.9768391908452,-0.0005,0.4758202099642778,0.5
2021-06-17,797036.6368483829,-34085.29584334547,415.7688507712498,-0.03985691784796486,0.0,0.0
2021-06-18,797036.6368483829,0.0,0.0,0.0,0.0,0.0
2021-06-21,797036.6368483829,0.0,0.0,0.0,0.0,0.0
2021-06-22,797036.6368483829,0.0,0.0,0.0,0.0,0.0
2021-06-23,797036.6368483829,0.0,0.0,0.0,0.0,0.0
2021-06-24,797036.6368483829,0.0,0.0,0.0,0.0,0.0
2021-06-25,797036.6368483829,0.0,0.0,0.0,0.0,0.0
2021-06-28,797036.6368483829,0.0,0.0,0.0,0.0,0.0
2021-06-29,797036.6368483829,0.0,0.0,0.0,0.0,0.0
2021-06-30,797036.6368483829,0.0,0.0,0.0,0.0,0.0
2021-07-01,797036.6368483829,0.0,0.0,0.0,0.0,0.0
2021-07-02,797036.6368483829,0.0,0.0,0.0,0.0,0.0
2021-07-06,797036.6368483829,0.0,0.0,0.0,0.0,0.0
2021-07-07,797036.6368483829,0.0,0.0,0.0,0.0,0.0
2021-07-08,797036.6368483829,0.0,0.0,0.0,0.0,0.0
2021-07-09,797036.6368483829,0.0,0.0,0.0,0.0,0.0
2021-07-12,797036.6368483829,0.0,0.0,0.0,0.0,0.0
2021-07-13,797036.6368483829,0.0,0.0,0.0,0.0,0.0
2021-07-14,797036.6368483829,0.0,0.0,0.0,0.0,0.0
2021-07-15,797036.6368483829,0.0,0.0,0.0,0.0,0.0
2021-07-16,797036.6368483829,0.0,0.0,0.0,0.0,0.0
2021-07-19,797036.6368483829,0.0,0.0,0.0,0.0,0.0
2021-07-20,797036.6368483829,0.0,0.0,0.0,0.0,0.0
2021-07-21,797036.6368483829,0.0,0.0,0.0,0.0,0.0
2021-07-22,797036.6368483829,0.0,0.0,0.0,0.0,0.0
2021-07-23,797036.6368483829,0.0,0.0,0.0,0.0,0.0
2021-07-26,797036.6368483829,0.0,0.0,0.0,0.0,0.0
2021-07-27,797036.6368483829,0.0,0.0,0.0,0.0,0.0
2021-07-28,797036.6368483829,0.0,0.0,0.0,0.0,0.0
2021-07-29,797036.6368483829,0.0,0.0,0.0,0.0,0.0
2021-07-30,797036.6368483829,0.0,0.0,0.0,0.0,0.0
2021-08-02,797036.6368483829,0.0,0.0,0.0,0.0,0.0
2021-08-03,796638.1185299587,0.0,398.5183184241915,-0.0005,1.4469542000396354,0.5
2021-08-04,799856.7139091872,3218.595379228599,0.0,0.004056612278013161,1.3342342000140623,0.5
2021-08-05,799571.763173915,-284.9507352722434,0.0,-0.0003561253561253561,1.2106796611174004,0.5
2021-08-06,805201.546533161,5629.783359245926,0.0,0.007090925410645365,1.1970212193105738,0.5
2021-08-09,808456.8876423652,3255.341109204201,0.0,0.004059301094246382,1.2191497946491237,0.5
2021-08-10,812333.5335726468,3876.645930281612,0.0,0.004818221638195358,1.1960578647381568,0.5
2021-08-11,800548.3838627846,-11785.149709862233,0.0,-0.014300306435137897,1.1327623105705082,0.5
2021-08-12,799409.2186064875,-1139.1652562970964,0.0,-0.0014209591474245115,1.0708952646433352,0.5
2021-08-13,805897.466813158,6488.248206670563,0.0,0.008182717381530437,1.0048583895780907,0.5
2021-08-16,792246.57940795,-13650.887405207961,0.0,-0.016656597911452492,0.8445563103970154,0.5
2021-08-17,790231.4173237002,-2015.162084249873,0.0,-0.0025371511417180137,0.8042190279722438,0.5
2021-08-18,787128.7921461144,-3102.6251775857477,0.0,-0.003910868576625739,0.7621725082220577,0.5
2021-08-19,776914.8072673548,-10213.98487875963,0.0,-0.012810029980921232,0.7319275213667512,0.5
2021-08-20,767938.0059058337,-8588.343957887426,388.4574036336774,-0.011428090832632467,0.7101346958172342,0.5
2021-08-23,767554.0369028808,0.0,383.96900295291687,-0.0005,0.3838904458451662,0.5
2021-08-24,780307.0599271558,12753.023024275068,0.0,0.0168958742632613,0.4434192779798415,0.5
2021-08-25,782933.3738910094,2626.313963853554,0.0,0.0033771106941838653,0.28826796291385853,0.5
2021-08-26,788794.90406092,6252.996856856129,391.4666869455047,0.007546901329339074,0.0,0.0
2021-08-27,788400.5066088896,0.0,394.39745203046,-0.0005,-0.06301565521305175,-0.5
2021-08-30,803812.0181857063,15805.711830121198,394.2002533044448,0.019947728978978976,0.0,0.0
2021-08-31,803812.0181857063,0.0,0.0,0.0,0.0,0.0
2021-09-01,803812.0181857063,0.0,0.0,0.0,0.0,0.0
2021-09-02,803812.0181857063,0.0,0.0,0.0,0.0,0.0
2021-09-03,803812.0181857063,0.0,0.0,0.0,0.0,0.0
2021-09-07,803812.0181857063,0.0,0.0,0.0,0.0,0.0
2021-09-08,803812.0181857063,0.0,0.0,0.0,0.0,0.0
2021-09-09,803410.1121766135,0.0,401.9060090928532,-0.0005,0.27947268238455936,0.5
2021-09-10,808675.7593865099,5265.647209896375,0.0,0.006597361055577769,0.31104990907594304,0.5
2021-09-13,807803.8290441014,-871.930342408509,0.0,-0.0010770586507392538,0.3708098162655784,0.5
2021-09-14,809073.4617813024,1269.6327372009453,0.0,0.0015741833923652105,0.3657931179748942,0.5
2021-09-15,814777.8575165407,5704.395735238325,0.0,0.007100591715976332,0.3686009775361306,0.5
2021-09-16,815249.9188476626,472.0613311219818,0.0,0.0005797101449275362,0.38370069646013133,0.5
2021-09-17,811475.6136678123,-3774.3051798502897,0.0,-0.004608294930875576,0.3897879311282288,0.5
2021-09-20,804681.717369581,-6793.896298231294,0.0,-0.008302761150801311,0.3548384822971296,0.5
2021-09-21,808346.604399185,3664.887029604032,0.0,0.004575293415555997,0.3231804590632727,0.5
2021-09-22,811122.5199362702,2775.9155370851136,0.0,0.0034458993797381117,0.2600745071634623,0.5
2021-09-23,811596.7681451591,474.24820888887365,0.0,0.0005850234009360375,0.24768118001305847,0.5
2021-09-24,811833.7537694959,236.98562433672157,0.0,0.0002920845097848311,0.12526315255158346,0.5
2021-09-27,811811.6415660859,789.7215503594318,811.8337537694958,-2.726387536514109e-05,-0.1266266979729668,-0.5
2021-09-28,815121.941463734,3310.299897648117,0.0,0.004094365373367128,-0.21598402977075565,-0.5
2021-09-29,812967.6450248616,-2154.296438872437,0.0,-0.0026359465000488137,-0.2083825078682709,-0.5
2021-09-30,821754.344985695,8786.699960833459,0.0,0.010926272270892802,-0.2526972899740003,-0.5
2021-10-01,821754.344985695,0.0,0.0,0.0,0.0,0.0
2021-10-04,821754.344985695,0.0,0.0,0.0,0.0,0.0
2021-10-05,821754.344985695,0.0,0.0,0.0,0.0,0.0
2021-10-06,821754.344985695,0.0,0.0,0.0,0.0,0.0
2021-10-07,821754.344985695,0.0,0.0,0.0,0.0,0.0
2021-10-08,821754.344985695,0.0,0.0,0.0,0.0,0.0
2021-10-11,821754.344985695,0.0,0.0,0.0,0.0,0.0
2021-10-12,821754.344985695,0.0,0.0,0.0,0.0,0.0
2021-10-13,821754.344985695,0.0,0.0,0.0,0.0,0.0
2021-10-14,821754.344985695,0.0,0.0,0.0,0.0,0.0
2021-10-15,821754.344985695,0.0,0.0,0.0,0.0,0.0
2021-10-18,821754.344985695,0.0,0.0,0.0,0.0,0.0
2021-10-19,821754.344985695,0.0,0.0,0.0,0.0,0.0
2021-10-20,821754.344985695,0.0,0.0,0.0,0.0,0.0
2021-10-21,821754.344985695,0.0,0.0,0.0,0.0,0.0
2021-10-22,821754.344985695,0.0,0.0,0.0,0.0,0.0
2021-10-25,821754.344985695,0.0,0.0,0.0,0.0,0.0
2021-10-26,821754.344985695,0.0,0.0,0.0,0.0,0.0
2021-10-27,821754.344985695,0.0,0.0,0.0,0.0,0.0
2021-10-28,821754.344985695,0.0,0.0,0.0,0.0,0.0
2021-10-29,821754.344985695,0.0,0.0,0.0,0.0,0.0
2021-11-01,821754.344985695,0.0,0.0,0.0,0.0,0.0
2021-11-02,821754.344985695,0.0,0.0,0.0,0.0,0.0
2021-11-03,821754.344985695,0.0,0.0,0.0,0.0,0.0
2021-11-04,821754.344985695,0.0,0.0,0.0,0.0,0.0
2021-11-05,821754.344985695,0.0,0.0,0.0,0.0,0.0
2021-11-08,821754.344985695,0.0,0.0,0.0,0.0,0.0
2021-11-09,821754.344985695,0.0,0.0,0.0,0.0,0.0
2021-11-10,821754.344985695,0.0,0.0,0.0,0.0,0.0
2021-11-11,821754.344985695,0.0,0.0,0.0,0.0,0.0
2021-11-12,821754.344985695,0.0,0.0,0.0,0.0,0.0
2021-11-15,821754.344985695,0.0,0.0,0.0,0.0,0.0
2021-11-16,821754.344985695,0.0,0.0,0.0,0.0,0.0
2021-11-17,821754.344985695,0.0,0.0,0.0,0.0,0.0
2021-11-18,821754.344985695,0.0,0.0,0.0,0.0,0.0
2021-11-19,821754.344985695,0.0,0.0,0.0,0.0,0.0
2021-11-22,821754.344985695,0.0,0.0,0.0,0.0,0.0
2021-11-23,821754.344985695,0.0,0.0,0.0,0.0,0.0
2021-11-24,821754.344985695,0.0,0.0,0.0,0.0,0.0
2021-11-26,821754.344985695,0.0,0.0,0.0,0.0,0.0
2021-11-29,821754.344985695,0.0,0.0,0.0,0.0,0.0
2021-11-30,821754.344985695,0.0,0.0,0.0,0.0,0.0
2021-12-01,821754.344985695,0.0,0.0,0.0,0.0,0.0
2021-12-02,821754.344985695,0.0,0.0,0.0,0.0,0.0
2021-12-03,821754.344985695,0.0,0.0,0.0,0.0,0.0
2021-12-06,821754.344985695,0.0,0.0,0.0,0.0,0.0
2021-12-07,821754.344985695,0.0,0.0,0.0,0.0,0.0
2021-12-08,821754.344985695,0.0,0.0,0.0,0.0,0.0
2021-12-09,821754.344985695,0.0,0.0,0.0,0.0,0.0
2021-12-10,821754.344985695,0.0,0.0,0.0,0.0,0.0
2021-12-13,821754.344985695,0.0,0.0,0.0,0.0,0.0
2021-12-14,821754.344985695,0.0,0.0,0.0,0.0,0.0
2021-12-15,821754.344985695,0.0,0.0,0.0,0.0,0.0
2021-12-16,821754.344985695,0.0,0.0,0.0,0.0,0.0
2021-12-17,821754.344985695,0.0,0.0,0.0,0.0,0.0
2021-12-20,821754.344985695,0.0,0.0,0.0,0.0,0.0
2021-12-21,821754.344985695,0.0,0.0,0.0,0.0,0.0
2021-12-22,821754.344985695,0.0,0.0,0.0,0.0,0.0
2021-12-23,821754.344985695,0.0,0.0,0.0,0.0,0.0
2021-12-27,821754.344985695,0.0,0.0,0.0,0.0,0.0
2021-12-28,821754.344985695,0.0,0.0,0.0,0.0,0.0
2021-12-29,821754.344985695,0.0,0.0,0.0,0.0,0.0
2021-12-30,821754.344985695,0.0,0.0,0.0,0.0,0.0
2021-12-31,821754.344985695,0.0,0.0,0.0,0.0,0.0
2022-01-03,821754.344985695,0.0,0.0,0.0,0.0,0.0
2022-01-04,821754.344985695,0.0,0.0,0.0,0.0,0.0
2022-01-05,821754.344985695,0.0,0.0,0.0,0.0,0.0
2022-01-06,821754.344985695,0.0,0.0,0.0,0.0,0.0
2022-01-07,821754.344985695,0.0,0.0,0.0,0.0,0.0
2022-01-10,821754.344985695,0.0,0.0,0.0,0.0,0.0
2022-01-11,821754.344985695,0.0,0.0,0.0,0.0,0.0
2022-01-12,821754.344985695,0.0,0.0,0.0,0.0,0.0
2022-01-13,821754.344985695,0.0,0.0,0.0,0.0,0.0
2022-01-14,821754.344985695,0.0,0.0,0.0,0.0,0.0
2022-01-18,821754.344985695,0.0,0.0,0.0,0.0,0.0
2022-01-19,821754.344985695,0.0,0.0,0.0,0.0,0.0
2022-01-20,821754.344985695,0.0,0.0,0.0,0.0,0.0
2022-01-21,821754.344985695,0.0,0.0,0.0,0.0,0.0
2022-01-24,821754.344985695,0.0,0.0,0.0,0.0,0.0
2022-01-25,821754.344985695,0.0,0.0,0.0,0.0,0.0
2022-01-26,821754.344985695,0.0,0.0,0.0,0.0,0.0
2022-01-27,821754.344985695,0.0,0.0,0.0,0.0,0.0
2022-01-28,821754.344985695,0.0,0.0,0.0,0.0,0.0
2022-01-31,821754.344985695,0.0,0.0,0.0,0.0,0.0
2022-02-01,821754.344985695,0.0,0.0,0.0,0.0,0.0
2022-02-02,821754.344985695,0.0,0.0,0.0,0.0,0.0
2022-02-03,821754.344985695,0.0,0.0,0.0,0.0,0.0
2022-02-04,821754.344985695,0.0,0.0,0.0,0.0,0.0
2022-02-07,821754.344985695,0.0,0.0,0.0,0.0,0.0
2022-02-08,821754.344985695,0.0,0.0,0.0,0.0,0.0
2022-02-09,821754.344985695,0.0,0.0,0.0,0.0,0.0
2022-02-10,821754.344985695,0.0,0.0,0.0,0.0,0.0
2022-02-11,821754.344985695,0.0,0.0,0.0,0.0,0.0
2022-02-14,821754.344985695,0.0,0.0,0.0,0.0,0.0
2022-02-15,821754.344985695,0.0,0.0,0.0,0.0,0.0
2022-02-16,821754.344985695,0.0,0.0,0.0,0.0,0.0
2022-02-17,821754.344985695,0.0,0.0,0.0,0.0,0.0
2022-02-18,821754.344985695,0.0,0.0,0.0,0.0,0.0
2022-02-22,821754.344985695,0.0,0.0,0.0,0.0,0.0
2022-02-23,821754.344985695,0.0,0.0,0.0,0.0,0.0
2022-02-24,821754.344985695,0.0,0.0,0.0,0.0,0.0
2022-02-25,821754.344985695,0.0,0.0,0.0,0.0,0.0
2022-02-28,821754.344985695,0.0,0.0,0.0,0.0,0.0
2022-03-01,821754.344985695,0.0,0.0,0.0,0.0,0.0
2022-03-02,821754.344985695,0.0,0.0,0.0,0.0,0.0
2022-03-03,821754.344985695,0.0,0.0,0.0,0.0,0.0
2022-03-04,821754.344985695,0.0,0.0,0.0,0.0,0.0
2022-03-07,821754.344985695,0.0,0.0,0.0,0.0,0.0
2022-03-08,821754.344985695,0.0,0.0,0.0,0.0,0.0
2022-03-09,821754.344985695,0.0,0.0,0.0,0.0,0.0
2022-03-10,821754.344985695,0.0,0.0,0.0,0.0,0.0
2022-03-11,821754.344985695,0.0,0.0,0.0,0.0,0.0
2022-03-14,821754.344985695,0.0,0.0,0.0,0.0,0.0
2022-03-15,821754.344985695,0.0,0.0,0.0,0.0,0.0
2022-03-16,821754.344985695,0.0,0.0,0.0,0.0,0.0
2022-03-17,821754.344985695,0.0,0.0,0.0,0.0,0.0
2022-03-18,821754.344985695,0.0,0.0,0.0,0.0,0.0
2022-03-21,821754.344985695,0.0,0.0,0.0,0.0,0.0
2022-03-22,821754.344985695,0.0,0.0,0.0,0.0,0.0
2022-03-23,821754.344985695,0.0,0.0,0.0,0.0,0.0
2022-03-24,821754.344985695,0.0,0.0,0.0,0.0,0.0
2022-03-25,821754.344985695,0.0,0.0,0.0,0.0,0.0
2022-03-28,821754.344985695,0.0,0.0,0.0,0.0,0.0
2022-03-29,821754.344985695,0.0,0.0,0.0,0.0,0.0
2022-03-30,821754.344985695,0.0,0.0,0.0,0.0,0.0
2022-03-31,821754.344985695,0.0,0.0,0.0,0.0,0.0
2022-04-01,821754.344985695,0.0,0.0,0.0,0.0,0.0
2022-04-04,821754.344985695,0.0,0.0,0.0,0.0,0.0
2022-04-05,821754.344985695,0.0,0.0,0.0,0.0,0.0
2022-04-06,821754.344985695,0.0,0.0,0.0,0.0,0.0
2022-04-07,821754.344985695,0.0,0.0,0.0,0.0,0.0
2022-04-08,821754.344985695,0.0,0.0,0.0,0.0,0.0
2022-04-11,821754.344985695,0.0,0.0,0.0,0.0,0.0
2022-04-12,821754.344985695,0.0,0.0,0.0,0.0,0.0
2022-04-13,821754.344985695,0.0,0.0,0.0,0.0,0.0
2022-04-14,821754.344985695,0.0,0.0,0.0,0.0,0.0
2022-04-18,821754.344985695,0.0,0.0,0.0,0.0,0.0
2022-04-19,821754.344985695,0.0,0.0,0.0,0.0,0.0
2022-04-20,821754.344985695,0.0,0.0,0.0,0.0,0.0
2022-04-21,821754.344985695,0.0,0.0,0.0,0.0,0.0
2022-04-22,821754.344985695,0.0,0.0,0.0,0.0,0.0
2022-04-25,821754.344985695,0.0,0.0,0.0,0.0,0.0
2022-04-26,821754.344985695,0.0,0.0,0.0,0.0,0.0
2022-04-27,821754.344985695,0.0,0.0,0.0,0.0,0.0
2022-04-28,821754.344985695,0.0,0.0,0.0,0.0,0.0
2022-04-29,821754.344985695,0.0,0.0,0.0,0.0,0.0
2022-05-02,821754.344985695,0.0,0.0,0.0,0.0,0.0
2022-05-03,821754.344985695,0.0,0.0,0.0,0.0,0.0
2022-05-04,821754.344985695,0.0,0.0,0.0,0.0,0.0
2022-05-05,821754.344985695,0.0,0.0,0.0,0.0,0.0
2022-05-06,821754.344985695,0.0,0.0,0.0,0.0,0.0
2022-05-09,821754.344985695,0.0,0.0,0.0,0.0,0.0
2022-05-10,821754.344985695,0.0,0.0,0.0,0.0,0.0
2022-05-11,821754.344985695,0.0,0.0,0.0,0.0,0.0
2022-05-12,821754.344985695,0.0,0.0,0.0,0.0,0.0
2022-05-13,821754.344985695,0.0,0.0,0.0,0.0,0.0
2022-05-16,821754.344985695,0.0,0.0,0.0,0.0,0.0
2022-05-17,821754.344985695,0.0,0.0,0.0,0.0,0.0
2022-05-18,821754.344985695,0.0,0.0,0.0,0.0,0.0
2022-05-19,821754.344985695,0.0,0.0,0.0,0.0,0.0
2022-05-20,821754.344985695,0.0,0.0,0.0,0.0,0.0
2022-05-23,821754.344985695,0.0,0.0,0.0,0.0,0.0
2022-05-24,821754.344985695,0.0,0.0,0.0,0.0,0.0
2022-05-25,821754.344985695,0.0,0.0,0.0,0.0,0.0
2022-05-26,821754.344985695,0.0,0.0,0.0,0.0,0.0
2022-05-27,821754.344985695,0.0,0.0,0.0,0.0,0.0
2022-05-31,821754.344985695,0.0,0.0,0.0,0.0,0.0
2022-06-01,821343.4678132022,0.0,410.8771724928475,-0.0005,-0.723044726874128,-0.5
2022-06-02,811457.157787707,-9475.63829158849,410.6717339066011,-0.011899473607252525,0.0,0.0
2022-06-03,811457.157787707,0.0,0.0,0.0,0.0,0.0
2022-06-06,811457.157787707,0.0,0.0,0.0,0.0,0.0
2022-06-07,811051.4292088132,0.0,405.7285788938535,-0.0005,-0.515053464851281,-0.5
2022-06-08,808294.3471046027,-2757.082104210489,0.0,-0.003387875729834931,-0.5823914780046844,-0.5
2022-06-09,801558.5608787311,-6735.78622587169,0.0,-0.008264462809917356,-0.6559191749724917,-0.5
2022-06-10,806481.8704000583,5324.088801766586,400.77928043936555,0.006183240859297197,0.0,0.0
2022-06-13,806078.6294648583,0.0,403.2409352000292,-0.0005,-0.9692002779486929,-0.5
2022-06-14,808202.9948133748,2124.365348516464,0.0,0.0026423957721667646,-1.0684691751593989,-0.5
2022-06-15,809333.0990893134,1130.1042759386314,0.0,0.0014002505711548383,-1.0925491877566649,-0.5
2022-06-16,805570.1481488982,-3762.9509404152577,0.0,-0.004627929185337545,-1.154068947363688,-0.5
2022-06-17,807337.2660521204,1767.11790322221,0.0,0.0021984464311886266,-1.1168452527656847,-0.5
2022-06-21,812317.9013597275,4980.635307607088,0.0,0.006207508128879693,-1.036742436291693,-0.5
2022-06-22,819143.5946117835,6825.6932520560085,0.0,0.008473940757405323,-0.9978466055674033,-0.5
2022-06-23,833888.4271271068,14744.832515323285,0.0,0.018330252618607518,-1.0792292277013387,-0.5
2022-06-24,829308.7794024169,-4579.6477246899,0.0,-0.005461922596754057,-1.1953742230421378,-0.5
2022-06-27,824224.5489528754,-5084.2304495414355,0.0,-0.006093328191284227,-1.3955553207176243,-0.5
2022-06-28,815820.5421289923,-8404.006823883197,0.0,-0.010093344463838506,-1.4021069563705426,-0.5
2022-06-29,813246.2023266318,-2574.3398023604564,0.0,-0.0031455961653684837,-1.450186551150297,-0.5
2022-06-30,813064.0507209143,-182.15160571747762,0.0,-0.00022393073076061804,-1.518374952648137,-0.5
2022-07-01,824956.6293732501,11892.578652335762,0.0,0.014843986670705848,-1.518728738250344,-0.5
2022-07-05,837830.7219134384,12874.092540188327,0.0,0.015853182350644278,-1.7440663635631435,-0.5
2022-07-06,836501.0429388098,-1329.6789746285326,0.0,-0.0015845349389954047,-1.8210693166323786,-0.5
2022-07-07,833589.6328858667,-2911.410052943176,0.0,-0.0034683903515686583,-1.8716746150636094,-0.5
2022-07-08,823374.3946509731,-10215.238234893573,0.0,-0.01210616172590408,-1.9338434152967625,-0.5
2022-07-11,820659.6960641006,-2714.6985868725537,0.0,-0.0032862055789071457,-2.128826620302463,-0.5
2022-07-12,832314.2139720384,12064.847755969791,410.32984803205034,0.014413297255508311,0.0,0.0
2022-07-13,831898.0568650523,0.0,416.1571069860192,-0.0005,-1.9020732415345087,-0.5
2022-07-14,825785.9697170495,-5696.138119570247,415.9490284325262,-0.007297193777847262,0.0,0.0
2022-07-15,825785.9697170495,0.0,0.0,0.0,0.0,0.0
2022-07-18,825785.9697170495,0.0,0.0,0.0,0.0,0.0
2022-07-19,825785.9697170495,0.0,0.0,0.0,0.0,0.0
2022-07-20,825785.9697170495,0.0,0.0,0.0,0.0,0.0
2022-07-21,825785.9697170495,0.0,0.0,0.0,0.0,0.0
2022-07-22,825785.9697170495,0.0,0.0,0.0,0.0,0.0
2022-07-25,825785.9697170495,0.0,0.0,0.0,0.0,0.0
2022-07-26,825785.9697170495,0.0,0.0,0.0,0.0,0.0
2022-07-27,825785.9697170495,0.0,0.0,0.0,0.0,0.0
2022-07-28,825785.9697170495,0.0,0.0,0.0,0.0,0.0
2022-07-29,825785.9697170495,0.0,0.0,0.0,0.0,0.0
2022-08-01,825785.9697170495,0.0,0.0,0.0,0.0,0.0
2022-08-02,825785.9697170495,0.0,0.0,0.0,0.0,0.0
2022-08-03,825785.9697170495,0.0,0.0,0.0,0.0,0.0
2022-08-04,825785.9697170495,0.0,0.0,0.0,0.0,0.0
2022-08-05,825785.9697170495,0.0,0.0,0.0,0.0,0.0
2022-08-08,825785.9697170495,0.0,0.0,0.0,0.0,0.0
2022-08-09,825785.9697170495,0.0,0.0,0.0,0.0,0.0
2022-08-10,825785.9697170495,0.0,0.0,0.0,0.0,0.0
2022-08-11,825785.9697170495,0.0,0.0,0.0,0.0,0.0
2022-08-12,825785.9697170495,0.0,0.0,0.0,0.0,0.0
2022-08-15,825785.9697170495,0.0,0.0,0.0,0.0,0.0
2022-08-16,825785.9697170495,0.0,0.0,0.0,0.0,0.0
2022-08-17,825785.9697170495,0.0,0.0,0.0,0.0,0.0
2022-08-18,825785.9697170495,0.0,0.0,0.0,0.0,0.0
2022-08-19,825785.9697170495,0.0,0.0,0.0,0.0,0.0
2022-08-22,825785.9697170495,0.0,0.0,0.0,0.0,0.0
2022-08-23,825785.9697170495,0.0,0.0,0.0,0.0,0.0
2022-08-24,825785.9697170495,0.0,0.0,0.0,0.0,0.0
2022-08-25,825785.9697170495,0.0,0.0,0.0,0.0,0.0
2022-08-26,825785.9697170495,0.0,0.0,0.0,0.0,0.0
2022-08-29,825785.9697170495,0.0,0.0,0.0,0.0,0.0
2022-08-30,825785.9697170495,0.0,0.0,0.0,0.0,0.0
2022-08-31,825785.9697170495,0.0,0.0,0.0,0.0,0.0
2022-09-01,825785.9697170495,0.0,0.0,0.0,0.0,0.0
2022-09-02,825785.9697170495,0.0,0.0,0.0,0.0,0.0
2022-09-06,825785.9697170495,0.0,0.0,0.0,0.0,0.0
2022-09-07,825785.9697170495,0.0,0.0,0.0,0.0,0.0
2022-09-08,825785.9697170495,0.0,0.0,0.0,0.0,0.0
2022-09-09,825785.9697170495,0.0,0.0,0.0,0.0,0.0
2022-09-12,825785.9697170495,0.0,0.0,0.0,0.0,0.0
2022-09-13,825785.9697170495,0.0,0.0,0.0,0.0,0.0
2022-09-14,825785.9697170495,0.0,0.0,0.0,0.0,0.0
2022-09-15,825785.9697170495,0.0,0.0,0.0,0.0,0.0
2022-09-16,825785.9697170495,0.0,0.0,0.0,0.0,0.0
2022-09-19,825785.9697170495,0.0,0.0,0.0,0.0,0.0
2022-09-20,825785.9697170495,0.0,0.0,0.0,0.0,0.0
2022-09-21,825785.9697170495,0.0,0.0,0.0,0.0,0.0
2022-09-22,825785.9697170495,0.0,0.0,0.0,0.0,0.0
2022-09-23,825785.9697170495,0.0,0.0,0.0,0.0,0.0
2022-09-26,825785.9697170495,0.0,0.0,0.0,0.0,0.0
2022-09-27,825373.076732191,0.0,412.89298485852476,-0.0005,0.3894046447596897,0.5
2022-09-28,825592.9026581673,219.82592597625825,0.0,0.00026640618062339044,0.2302969585136576,0.5
2022-09-29,826178.949084189,586.0464260217692,0.0,0.0007103534008169064,0.10182699808404491,0.5
2022-09-30,812709.4358260381,-13469.513258150873,0.0,-0.016041848299912814,0.4340536402707699,0.5
2022-10-03,812709.4358260381,0.0,0.0,0.0,0.0,0.0
2022-10-04,812709.4358260381,0.0,0.0,0.0,0.0,0.0
2022-10-05,812709.4358260381,0.0,0.0,0.0,0.0,0.0
2022-10-06,812709.4358260381,0.0,0.0,0.0,0.0,0.0
2022-10-07,812709.4358260381,0.0,0.0,0.0,0.0,0.0
2022-10-10,812709.4358260381,0.0,0.0,0.0,0.0,0.0
2022-10-11,812709.4358260381,0.0,0.0,0.0,0.0,0.0
2022-10-12,812709.4358260381,0.0,0.0,0.0,0.0,0.0
2022-10-13,812709.4358260381,0.0,0.0,0.0,0.0,0.0
2022-10-14,812709.4358260381,0.0,0.0,0.0,0.0,0.0
2022-10-17,812709.4358260381,0.0,0.0,0.0,0.0,0.0
2022-10-18,812709.4358260381,0.0,0.0,0.0,0.0,0.0
2022-10-19,812709.4358260381,0.0,0.0,0.0,0.0,0.0
2022-10-20,812709.4358260381,0.0,0.0,0.0,0.0,0.0
2022-10-21,812709.4358260381,0.0,0.0,0.0,0.0,0.0
2022-10-24,812709.4358260381,0.0,0.0,0.0,0.0,0.0
2022-10-25,812709.4358260381,0.0,0.0,0.0,0.0,0.0
2022-10-26,812709.4358260381,0.0,0.0,0.0,0.0,0.0
2022-10-27,812709.4358260381,0.0,0.0,0.0,0.0,0.0
2022-10-28,812709.4358260381,0.0,0.0,0.0,0.0,0.0
2022-10-31,812709.4358260381,0.0,0.0,0.0,0.0,0.0
2022-11-01,812709.4358260381,0.0,0.0,0.0,0.0,0.0
2022-11-02,812709.4358260381,0.0,0.0,0.0,0.0,0.0
2022-11-03,812709.4358260381,0.0,0.0,0.0,0.0,0.0
2022-11-04,812709.4358260381,0.0,0.0,0.0,0.0,0.0
2022-11-07,812709.4358260381,0.0,0.0,0.0,0.0,0.0
2022-11-08,812709.4358260381,0.0,0.0,0.0,0.0,0.0
2022-11-09,812709.4358260381,0.0,0.0,0.0,0.0,0.0
2022-11-10,812709.4358260381,0.0,0.0,0.0,0.0,0.0
2022-11-11,812709.4358260381,0.0,0.0,0.0,0.0,0.0
2022-11-14,812709.4358260381,0.0,0.0,0.0,0.0,0.0
2022-11-15,812709.4358260381,0.0,0.0,0.0,0.0,0.0
2022-11-16,812709.4358260381,0.0,0.0,0.0,0.0,0.0
2022-11-17,812709.4358260381,0.0,0.0,0.0,0.0,0.0
2022-11-18,812709.4358260381,0.0,0.0,0.0,0.0,0.0
2022-11-21,812709.4358260381,0.0,0.0,0.0,0.0,0.0
2022-11-22,812709.4358260381,0.0,0.0,0.0,0.0,0.0
2022-11-23,812709.4358260381,0.0,0.0,0.0,0.0,0.0
2022-11-25,812709.4358260381,0.0,0.0,0.0,0.0,0.0
2022-11-28,812709.4358260381,0.0,0.0,0.0,0.0,0.0
2022-11-29,812709.4358260381,0.0,0.0,0.0,0.0,0.0
2022-11-30,812709.4358260381,0.0,0.0,0.0,0.0,0.0
2022-12-01,812709.4358260381,0.0,0.0,0.0,0.0,0.0
2022-12-02,812709.4358260381,0.0,0.0,0.0,0.0,0.0
2022-12-05,812709.4358260381,0.0,0.0,0.0,0.0,0.0
2022-12-06,812709.4358260381,0.0,0.0,0.0,0.0,0.0
2022-12-07,812709.4358260381,0.0,0.0,0.0,0.0,0.0
2022-12-08,812709.4358260381,0.0,0.0,0.0,0.0,0.0
2022-12-09,812709.4358260381,0.0,0.0,0.0,0.0,0.0
2022-12-12,812709.4358260381,0.0,0.0,0.0,0.0,0.0
2022-12-13,812709.4358260381,0.0,0.0,0.0,0.0,0.0
2022-12-14,812709.4358260381,0.0,0.0,0.0,0.0,0.0
2022-12-15,812709.4358260381,0.0,0.0,0.0,0.0,0.0
2022-12-16,812709.4358260381,0.0,0.0,0.0,0.0,0.0
2022-12-19,812709.4358260381,0.0,0.0,0.0,0.0,0.0
2022-12-20,812709.4358260381,0.0,0.0,0.0,0.0,0.0
2022-12-21,812709.4358260381,0.0,0.0,0.0,0.0,0.0
2022-12-22,812709.4358260381,0.0,0.0,0.0,0.0,0.0
2022-12-23,812709.4358260381,0.0,0.0,0.0,0.0,0.0
2022-12-27,812709.4358260381,0.0,0.0,0.0,0.0,0.0
2022-12-28,812709.4358260381,0.0,0.0,0.0,0.0,0.0
2022-12-29,812709.4358260381,0.0,0.0,0.0,0.0,0.0
2022-12-30,812709.4358260381,0.0,0.0,0.0,0.0,0.0
2023-01-03,812709.4358260381,0.0,0.0,0.0,0.0,0.0
2023-01-04,812709.4358260381,0.0,0.0,0.0,0.0,0.0
2023-01-05,812709.4358260381,0.0,0.0,0.0,0.0,0.0
2023-01-06,812709.4358260381,0.0,0.0,0.0,0.0,0.0
2023-01-09,812709.4358260381,0.0,0.0,0.0,0.0,0.0
2023-01-10,812709.4358260381,0.0,0.0,0.0,0.0,0.0
2023-01-11,812709.4358260381,0.0,0.0,0.0,0.0,0.0
2023-01-12,812709.4358260381,0.0,0.0,0.0,0.0,0.0
2023-01-13,812709.4358260381,0.0,0.0,0.0,0.0,0.0
2023-01-17,812709.4358260381,0.0,0.0,0.0,0.0,0.0
2023-01-18,812709.4358260381,0.0,0.0,0.0,0.0,0.0
2023-01-19,812709.4358260381,0.0,0.0,0.0,0.0,0.0
2023-01-20,812709.4358260381,0.0,0.0,0.0,0.0,0.0
2023-01-23,812709.4358260381,0.0,0.0,0.0,0.0,0.0
2023-01-24,812709.4358260381,0.0,0.0,0.0,0.0,0.0
2023-01-25,812709.4358260381,0.0,0.0,0.0,0.0,0.0
2023-01-26,812709.4358260381,0.0,0.0,0.0,0.0,0.0
2023-01-27,812709.4358260381,0.0,0.0,0.0,0.0,0.0
2023-01-30,812709.4358260381,0.0,0.0,0.0,0.0,0.0
2023-01-31,812709.4358260381,0.0,0.0,0.0,0.0,0.0
2023-02-01,812709.4358260381,0.0,0.0,0.0,0.0,0.0
2023-02-02,812709.4358260381,0.0,0.0,0.0,0.0,0.0
2023-02-03,812709.4358260381,0.0,0.0,0.0,0.0,0.0
2023-02-06,812709.4358260381,0.0,0.0,0.0,0.0,0.0
2023-02-07,812709.4358260381,0.0,0.0,0.0,0.0,0.0
2023-02-08,812709.4358260381,0.0,0.0,0.0,0.0,0.0
2023-02-09,812709.4358260381,0.0,0.0,0.0,0.0,0.0
2023-02-10,812709.4358260381,0.0,0.0,0.0,0.0,0.0
2023-02-13,812709.4358260381,0.0,0.0,0.0,0.0,0.0
2023-02-14,812709.4358260381,0.0,0.0,0.0,0.0,0.0
2023-02-15,812709.4358260381,0.0,0.0,0.0,0.0,0.0
2023-02-16,812709.4358260381,0.0,0.0,0.0,0.0,0.0
2023-02-17,812709.4358260381,0.0,0.0,0.0,0.0,0.0
2023-02-21,812709.4358260381,0.0,0.0,0.0,0.0,0.0
2023-02-22,812709.4358260381,0.0,0.0,0.0,0.0,0.0
2023-02-23,812709.4358260381,0.0,0.0,0.0,0.0,0.0
2023-02-24,812709.4358260381,0.0,0.0,0.0,0.0,0.0
2023-02-27,812709.4358260381,0.0,0.0,0.0,0.0,0.0
2023-02-28,812709.4358260381,0.0,0.0,0.0,0.0,0.0
2023-03-01,812709.4358260381,0.0,0.0,0.0,0.0,0.0
2023-03-02,812709.4358260381,0.0,0.0,0.0,0.0,0.0
2023-03-03,812709.4358260381,0.0,0.0,0.0,0.0,0.0
2023-03-06,812709.4358260381,0.0,0.0,0.0,0.0,0.0
2023-03-07,812709.4358260381,0.0,0.0,0.0,0.0,0.0
2023-03-08,812709.4358260381,0.0,0.0,0.0,0.0,0.0
2023-03-09,812709.4358260381,0.0,0.0,0.0,0.0,0.0
2023-03-10,812709.4358260381,0.0,0.0,0.0,0.0,0.0
2023-03-13,812709.4358260381,0.0,0.0,0.0,0.0,0.0
2023-03-14,812709.4358260381,0.0,0.0,0.0,0.0,0.0
2023-03-15,812709.4358260381,0.0,0.0,0.0,0.0,0.0
2023-03-16,812709.4358260381,0.0,0.0,0.0,0.0,0.0
2023-03-17,812709.4358260381,0.0,0.0,0.0,0.0,0.0
2023-03-20,812709.4358260381,0.0,0.0,0.0,0.0,0.0
2023-03-21,812709.4358260381,0.0,0.0,0.0,0.0,0.0
2023-03-22,812709.4358260381,0.0,0.0,0.0,0.0,0.0
2023-03-23,812709.4358260381,0.0,0.0,0.0,0.0,0.0
2023-03-24,812709.4358260381,0.0,0.0,0.0,0.0,0.0
2023-03-27,812709.4358260381,0.0,0.0,0.0,0.0,0.0
2023-03-28,812709.4358260381,0.0,0.0,0.0,0.0,0.0
2023-03-29,812709.4358260381,0.0,0.0,0.0,0.0,0.0
2023-03-30,812709.4358260381,0.0,0.0,0.0,0.0,0.0
2023-03-31,812709.4358260381,0.0,0.0,0.0,0.0,0.0
2023-04-03,812709.4358260381,0.0,0.0,0.0,0.0,0.0
2023-04-04,812709.4358260381,0.0,0.0,0.0,0.0,0.0
2023-04-05,812709.4358260381,0.0,0.0,0.0,0.0,0.0
2023-04-06,812709.4358260381,0.0,0.0,0.0,0.0,0.0
2023-04-10,812709.4358260381,0.0,0.0,0.0,0.0,0.0
2023-04-11,812709.4358260381,0.0,0.0,0.0,0.0,0.0
2023-04-12,812709.4358260381,0.0,0.0,0.0,0.0,0.0
2023-04-13,812709.4358260381,0.0,0.0,0.0,0.0,0.0
2023-04-14,812709.4358260381,0.0,0.0,0.0,0.0,0.0
2023-04-17,812709.4358260381,0.0,0.0,0.0,0.0,0.0
2023-04-18,812709.4358260381,0.0,0.0,0.0,0.0,0.0
2023-04-19,812709.4358260381,0.0,0.0,0.0,0.0,0.0
2023-04-20,812709.4358260381,0.0,0.0,0.0,0.0,0.0
2023-04-21,812709.4358260381,0.0,0.0,0.0,0.0,0.0
2023-04-24,812709.4358260381,0.0,0.0,0.0,0.0,0.0
2023-04-25,812709.4358260381,0.0,0.0,0.0,0.0,0.0
2023-04-26,812709.4358260381,0.0,0.0,0.0,0.0,0.0
2023-04-27,812709.4358260381,0.0,0.0,0.0,0.0,0.0
2023-04-28,812709.4358260381,0.0,0.0,0.0,0.0,0.0
2023-05-01,812709.4358260381,0.0,0.0,0.0,0.0,0.0
2023-05-02,812709.4358260381,0.0,0.0,0.0,0.0,0.0
2023-05-03,812709.4358260381,0.0,0.0,0.0,0.0,0.0
2023-05-04,812709.4358260381,0.0,0.0,0.0,0.0,0.0
2023-05-05,812709.4358260381,0.0,0.0,0.0,0.0,0.0
2023-05-08,812709.4358260381,0.0,0.0,0.0,0.0,0.0
2023-05-09,812709.4358260381,0.0,0.0,0.0,0.0,0.0
2023-05-10,812709.4358260381,0.0,0.0,0.0,0.0,0.0
2023-05-11,812709.4358260381,0.0,0.0,0.0,0.0,0.0
2023-05-12,812709.4358260381,0.0,0.0,0.0,0.0,0.0
2023-05-15,812709.4358260381,0.0,0.0,0.0,0.0,0.0
2023-05-16,812709.4358260381,0.0,0.0,0.0,0.0,0.0
2023-05-17,812709.4358260381,0.0,0.0,0.0,0.0,0.0
2023-05-18,812709.4358260381,0.0,0.0,0.0,0.0,0.0
2023-05-19,812709.4358260381,0.0,0.0,0.0,0.0,0.0
2023-05-22,812709.4358260381,0.0,0.0,0.0,0.0,0.0
2023-05-23,812709.4358260381,0.0,0.0,0.0,0.0,0.0
2023-05-24,812709.4358260381,0.0,0.0,0.0,0.0,0.0
2023-05-25,812709.4358260381,0.0,0.0,0.0,0.0,0.0
2023-05-26,812709.4358260381,0.0,0.0,0.0,0.0,0.0
2023-05-30,812709.4358260381,0.0,0.0,0.0,0.0,0.0
2023-05-31,812709.4358260381,0.0,0.0,0.0,0.0,0.0
2023-06-01,812303.0811081252,0.0,406.35471791301904,-0.0005,1.8089922436717132,0.5
2023-06-02,819329.3958375298,7026.3147294046175,0.0,0.008725341426403643,0.9039717937724596,0.5
2023-06-05,817752.8304011769,-757.2360405152771,819.3293958375298,-0.001922437673130194,-0.7671016446346748,-0.5
2023-06-06,816768.4982905089,-984.3321106680834,0.0,-0.0012022565430500325,-0.8915892035131462,-0.5
2023-06-07,814505.1457181169,-2263.3525723919515,0.0,-0.002763448784082535,-0.5146931818339034,-0.5
2023-06-08,813756.9322827705,-748.2134353464238,0.0,-0.0009177679882525698,-0.07462668810382687,-0.5
2023-06-09,806003.9313836532,-6939.243966834555,813.7569322827705,-0.009446858805345942,0.5492379786955416,0.5
2023-06-12,802007.3377823099,-3996.593601343394,0.0,-0.004934062976585629,1.674476151580463,0.5
2023-06-13,809748.4393853808,7741.10160307092,0.0,0.009746230231702832,2.617122919679363,0.5
2023-06-14,806565.5796986775,-3182.8596867033016,0.0,-0.003915287417689981,2.8816112168870363,0.5
2023-06-15,818185.469195507,11619.889496829497,0.0,0.014617211766855471,3.0,0.5
2023-06-16,829141.3922470484,10955.923051541447,0.0,0.013572252284218931,3.0,0.5
2023-06-20,832180.3523447831,3038.9600977346645,0.0,0.003678672255967149,2.3005804949350166,0.5
2023-06-21,842742.8039314913,10562.451586708197,0.0,0.012855673637298596,1.8751926679207087,0.5
2023-06-22,838778.7554231487,-3964.0485083425488,0.0,-0.004681724845995893,1.3176131453542865,0.5
2023-06-23,837101.7569118062,-1676.9985113425166,0.0,-0.0019953441968739607,0.7152559808401084,0.5
2023-06-26,843686.2665828512,7421.6114279567955,837.1017569118062,0.00793620253164557,-0.565549908728552,-0.5
2023-06-27,850475.4171810371,7210.9937314773615,421.8431332914256,0.008116379310344828,-0.5971849123356449,-0.5
2023-06-28,850050.1794724466,0.0,425.2377085905186,-0.0005,-0.9350141938301596,-0.5
2023-06-29,840676.7798366373,-9373.399635809197,0.0,-0.010906612133605999,-1.3034641732842072,-0.5
2023-06-30,819211.1781618672,-21045.26328485176,420.3383899183187,-0.024910122522818844,-1.8707634370469388,-0.5
2023-07-03,818801.5725727862,0.0,409.6055890809336,-0.0005,-1.3852815794906426,-0.5
2023-07-05,822667.5531091014,3865.9805363151722,0.0,0.0047439093028865485,-1.1130116130086343,-0.5
2023-07-06,828383.2914810018,5715.738371900365,0.0,0.0069964204360559714,-0.3042732591531307,-0.5
2023-07-07,838895.6695492086,10926.569713947345,414.1916457405009,0.01285985886259859,0.0,0.0
2023-07-10,838895.6695492086,0.0,0.0,0.0,0.0,0.0
2023-07-11,838476.221714434,0.0,419.4478347746043,-0.0005,2.314330074249545,0.5
2023-07-12,829233.8204681404,-8823.163135436333,419.238110857217,-0.010908070289619265,0.0,0.0
2023-07-13,829233.8204681404,0.0,0.0,0.0,0.0,0.0
2023-07-14,829233.8204681404,0.0,0.0,0.0,0.0,0.0
2023-07-17,828819.2035579063,0.0,414.6169102340702,-0.0005,0.6343992982708334,0.5
2023-07-18,831053.2175836689,2234.014025762551,0.0,0.002702702702702703,0.9755164535237222,0.5
2023-07-19,830913.9660391676,-139.251544501285,0.0,-0.00016753224995811694,1.2450361722584995,0.5
2023-07-20,831888.8902366658,974.9241974981852,0.0,0.0011746937405604967,1.4104364577706567,0.5
2023-07-21,833558.2324913214,1669.3422546555166,0.0,0.0020107238605898124,1.8034825999666364,0.5
2023-07-24,839736.3373124179,6178.104821096569,0.0,0.007467069385015521,1.873341050673667,0.5
2023-07-25,837600.1296596455,-2136.2076527724403,0.0,-0.002537447818613408,1.1251266756303722,0.5
2023-07-26,846097.7225290068,8497.592869361299,0.0,0.010249145904507956,0.6180660721232105,0.5
2023-07-27,841352.8721642665,-3898.7526422112683,846.0977225290068,-0.005582200048281967,-0.20713028515930793,-0.5
2023-07-28,853778.2042352303,12425.332070963792,0.0,0.014989648033126293,-1.3411070360901267,-0.5
2023-07-31,865550.4949275608,11772.2906923304,0.0,0.013981244671781757,-1.6148373066778408,-0.5
2023-08-01,865251.1518547862,-299.3430727745326,0.0,-0.0003457216940363008,-1.3579075707023276,-0.5
2023-08-02,870334.7079569225,5083.556102136294,0.0,0.0059099600208586825,-1.4223412212559698,-0.5
2023-08-03,870639.0740027196,304.3660457971402,0.0,0.00034983382893125764,-1.1137010834420855,-0.5
2023-08-04,865992.6187521364,-4646.4552505831925,0.0,-0.00530850230615264,-0.5800913528896459,-0.5
2023-08-07,874838.4574824646,8845.838730328262,0.0,0.0103200979534721,-1.3703169164491884,-0.5
2023-08-08,870045.2457147099,-4793.211767754755,0.0,-0.00544911232202496,-1.399450122956672,-0.5
2023-08-09,869588.9282781462,-456.31743656365904,0.0,-0.0005242005940940067,-1.5772341513097774,-0.5
2023-08-10,875511.73096813,5922.802689983881,0.0,0.006857745735888869,-1.7079895629328816,-0.5
2023-08-11,878844.5040233381,3332.773055208002,0.0,0.003821203234692971,-1.9740908690106533,-0.5
2023-08-14,882058.8327178034,3214.3286944653755,0.0,0.0036708747425911,-1.767448391049395,-0.5
2023-08-15,903539.5968862546,21480.76416845118,0.0,0.02496085474808879,-1.5283474393551069,-0.5
2023-08-16,899613.3904384209,-3926.206447833716,0.0,-0.004326561324303989,-0.6709122904878787,-0.5
2023-08-17,898939.3965141367,-673.9939242842637,0.0,-0.0007486430844095078,-0.39192927164151115,-0.5
2023-08-18,889298.200035383,-8742.257082239594,898.9393965141367,-0.010621781811446565,0.4568793075686602,0.5
2023-08-21,891219.1396164354,2365.5886810700886,444.6491000176915,0.0021658235997424813,1.0365779581087393,0.5
2023-08-22,891219.1396164354,0.0,0.0,0.0,0.0,0.0
2023-08-23,891219.1396164354,0.0,0.0,0.0,0.0,0.0
2023-08-24,891219.1396164354,0.0,0.0,0.0,0.0,0.0
2023-08-25,890773.5300466272,0.0,445.6095698082177,-0.0005,-0.13769075866741462,-0.5
2023-08-28,885286.9843213726,-4595.772195207979,890.7735300466272,-0.006127690229626295,0.4600495583165058,0.5
2023-08-29,881083.4177410973,-4203.5665802752865,0.0,-0.0047258136424431565,0.3589149418283496,0.5
2023-08-30,880844.3393896841,-239.07835141310528,0.0,-0.0002712722669319107,0.4827380560713143,0.5
2023-08-31,874068.6137020711,-6775.725687612955,0.0,-0.007633587786259542,0.7123809985997083,0.5
2023-09-01,871989.4872569783,-1205.057831390723,874.0686137020712,-0.002375401560348784,-0.3293576787802055,-0.5
2023-09-05,874320.1504026421,2330.663145663813,0.0,0.0026799741243877643,-0.3573797376242827,-0.5
2023-09-06,870674.449256597,-3645.7011460451167,0.0,-0.004152440712374274,-0.047141351709392244,-0.5
2023-09-07,874684.4163626292,4880.641555288772,870.674449256597,0.004631549764347103,0.3042149421620076,0.5
2023-09-08,876147.6430814514,1463.2267188222422,0.0,0.0016756656116179484,0.8297080269243646,0.5
2023-09-11,877121.5011508269,973.8580693754554,0.0,0.001112759643916914,1.2936818460914628,0.5
2023-09-12,870393.1199497624,-6728.381201064569,0.0,-0.00761258369256168,1.5138604767748924,0.5
2023-09-13,871781.9582301403,1388.8382803778825,0.0,0.0015981949797875341,1.8734326113944142,0.5
2023-09-14,874310.5174278512,2528.5591977109234,0.0,0.0029088861780989022,1.9988531178965872,0.5
2023-09-15,873171.8804749219,-1138.6369529292945,0.0,-0.001300631735414344,1.9029137890240426,0.5
2023-09-18,865516.7641939442,-7655.116280977678,0.0,-0.008690828402366863,2.927223911678229,0.5
2023-09-19,865105.9436299638,-410.8205639804178,0.0,-0.0004744283138817725,2.8297935661002946,0.5
2023-09-20,866585.6003180424,1479.6566880786154,0.0,0.0017133066818960595,2.3999054630737,0.5
2023-09-21,857535.6893329029,-8616.618184980536,433.2928001590212,-0.010340365682137833,1.9764621426741484,0.5
2023-09-22,857106.9214882364,0.0,428.7678446664515,-0.0005,1.4854698042548076,0.5
2023-09-25,857602.8367755006,495.91528726416766,0.0,0.000578927055191046,0.7881640105187935,0.5
2023-09-26,859254.9323963356,1652.0956208351001,0.0,0.0019301293186643504,0.465892097768852,0.5
2023-09-27,859419.8249183844,164.89252204880745,0.0,0.00019193857965451054,0.16333132350035556,0.5
2023-09-28,858513.0900177415,-906.734900642838,0.0,-0.0010539427038421003,0.10282543131811417,0.5
2023-09-29,850096.2950175676,-8416.795000173937,0.0,-0.00970873786407767,0.22274762400034506,0.5
2023-10-02,850096.2950175676,0.0,0.0,0.0,0.0,0.0
2023-10-03,850096.2950175676,0.0,0.0,0.0,0.0,0.0
2023-10-04,850096.2950175676,0.0,0.0,0.0,0.0,0.0
2023-10-05,850096.2950175676,0.0,0.0,0.0,0.0,0.0
2023-10-06,850096.2950175676,0.0,0.0,0.0,0.0,0.0
2023-10-09,850096.2950175676,0.0,0.0,0.0,0.0,0.0
2023-10-10,850096.2950175676,0.0,0.0,0.0,0.0,0.0
2023-10-11,850096.2950175676,0.0,0.0,0.0,0.0,0.0
2023-10-12,850096.2950175676,0.0,0.0,0.0,0.0,0.0
2023-10-13,850096.2950175676,0.0,0.0,0.0,0.0,0.0
2023-10-16,850096.2950175676,0.0,0.0,0.0,0.0,0.0
2023-10-17,850096.2950175676,0.0,0.0,0.0,0.0,0.0
2023-10-18,850096.2950175676,0.0,0.0,0.0,0.0,0.0
2023-10-19,850096.2950175676,0.0,0.0,0.0,0.0,0.0
2023-10-20,850096.2950175676,0.0,0.0,0.0,0.0,0.0
2023-10-23,850096.2950175676,0.0,0.0,0.0,0.0,0.0
2023-10-24,850096.2950175676,0.0,0.0,0.0,0.0,0.0
2023-10-25,850096.2950175676,0.0,0.0,0.0,0.0,0.0
2023-10-26,850096.2950175676,0.0,0.0,0.0,0.0,0.0
2023-10-27,850096.2950175676,0.0,0.0,0.0,0.0,0.0
2023-10-30,850096.2950175676,0.0,0.0,0.0,0.0,0.0
2023-10-31,850096.2950175676,0.0,0.0,0.0,0.0,0.0
2023-11-01,850096.2950175676,0.0,0.0,0.0,0.0,0.0
2023-11-02,850096.2950175676,0.0,0.0,0.0,0.0,0.0
2023-11-03,850096.2950175676,0.0,0.0,0.0,0.0,0.0
2023-11-06,850096.2950175676,0.0,0.0,0.0,0.0,0.0
2023-11-07,850096.2950175676,0.0,0.0,0.0,0.0,0.0
2023-11-08,850096.2950175676,0.0,0.0,0.0,0.0,0.0
2023-11-09,850096.2950175676,0.0,0.0,0.0,0.0,0.0
2023-11-10,850096.2950175676,0.0,0.0,0.0,0.0,0.0
2023-11-13,850096.2950175676,0.0,0.0,0.0,0.0,0.0
2023-11-14,850096.2950175676,0.0,0.0,0.0,0.0,0.0
2023-11-15,850096.2950175676,0.0,0.0,0.0,0.0,0.0
2023-11-16,850096.2950175676,0.0,0.0,0.0,0.0,0.0
2023-11-17,850096.2950175676,0.0,0.0,0.0,0.0,0.0
2023-11-20,850096.2950175676,0.0,0.0,0.0,0.0,0.0
2023-11-21,850096.2950175676,0.0,0.0,0.0,0.0,0.0
2023-11-22,850096.2950175676,0.0,0.0,0.0,0.0,0.0
2023-11-24,850096.2950175676,0.0,0.0,0.0,0.0,0.0
2023-11-27,850096.2950175676,0.0,0.0,0.0,0.0,0.0
2023-11-28,850096.2950175676,0.0,0.0,0.0,0.0,0.0
2023-11-29,850096.2950175676,0.0,0.0,0.0,0.0,0.0
2023-11-30,850096.2950175676,0.0,0.0,0.0,0.0,0.0
2023-12-01,850096.2950175676,0.0,0.0,0.0,0.0,0.0
2023-12-04,850096.2950175676,0.0,0.0,0.0,0.0,0.0
2023-12-05,850096.2950175676,0.0,0.0,0.0,0.0,0.0
2023-12-06,850096.2950175676,0.0,0.0,0.0,0.0,0.0
2023-12-07,850096.2950175676,0.0,0.0,0.0,0.0,0.0
2023-12-08,850096.2950175676,0.0,0.0,0.0,0.0,0.0
2023-12-11,850096.2950175676,0.0,0.0,0.0,0.0,0.0
2023-12-12,850096.2950175676,0.0,0.0,0.0,0.0,0.0
2023-12-13,850096.2950175676,0.0,0.0,0.0,0.0,0.0
2023-12-14,850096.2950175676,0.0,0.0,0.0,0.0,0.0
2023-12-15,850096.2950175676,0.0,0.0,0.0,0.0,0.0
2023-12-18,850096.2950175676,0.0,0.0,0.0,0.0,0.0
2023-12-19,850096.2950175676,0.0,0.0,0.0,0.0,0.0
2023-12-20,850096.2950175676,0.0,0.0,0.0,0.0,0.0
2023-12-21,850096.2950175676,0.0,0.0,0.0,0.0,0.0
2023-12-22,850096.2950175676,0.0,0.0,0.0,0.0,0.0
2023-12-26,850096.2950175676,0.0,0.0,0.0,0.0,0.0
2023-12-27,850096.2950175676,0.0,0.0,0.0,0.0,0.0
2023-12-28,850096.2950175676,0.0,0.0,0.0,0.0,0.0
2023-12-29,850096.2950175676,0.0,0.0,0.0,0.0,0.0
2024-01-02,850096.2950175676,0.0,0.0,0.0,0.0,0.0
2024-01-03,850096.2950175676,0.0,0.0,0.0,0.0,0.0
2024-01-04,850096.2950175676,0.0,0.0,0.0,0.0,0.0
2024-01-05,850096.2950175676,0.0,0.0,0.0,0.0,0.0
2024-01-08,850096.2950175676,0.0,0.0,0.0,0.0,0.0
2024-01-09,850096.2950175676,0.0,0.0,0.0,0.0,0.0
2024-01-10,850096.2950175676,0.0,0.0,0.0,0.0,0.0
2024-01-11,850096.2950175676,0.0,0.0,0.0,0.0,0.0
2024-01-12,850096.2950175676,0.0,0.0,0.0,0.0,0.0
2024-01-16,850096.2950175676,0.0,0.0,0.0,0.0,0.0
2024-01-17,850096.2950175676,0.0,0.0,0.0,0.0,0.0
2024-01-18,850096.2950175676,0.0,0.0,0.0,0.0,0.0
2024-01-19,850096.2950175676,0.0,0.0,0.0,0.0,0.0
2024-01-22,850096.2950175676,0.0,0.0,0.0,0.0,0.0
2024-01-23,850096.2950175676,0.0,0.0,0.0,0.0,0.0
2024-01-24,850096.2950175676,0.0,0.0,0.0,0.0,0.0
2024-01-25,850096.2950175676,0.0,0.0,0.0,0.0,0.0
2024-01-26,850096.2950175676,0.0,0.0,0.0,0.0,0.0
2024-01-29,850096.2950175676,0.0,0.0,0.0,0.0,0.0
2024-01-30,850096.2950175676,0.0,0.0,0.0,0.0,0.0
2024-01-31,850096.2950175676,0.0,0.0,0.0,0.0,0.0
2024-02-01,850096.2950175676,0.0,0.0,0.0,0.0,0.0
2024-02-02,850096.2950175676,0.0,0.0,0.0,0.0,0.0
2024-02-05,850096.2950175676,0.0,0.0,0.0,0.0,0.0
2024-02-06,850096.2950175676,0.0,0.0,0.0,0.0,0.0
2024-02-07,850096.2950175676,0.0,0.0,0.0,0.0,0.0
2024-02-08,850096.2950175676,0.0,0.0,0.0,0.0,0.0
2024-02-09,850096.2950175676,0.0,0.0,0.0,0.0,0.0
2024-02-12,850096.2950175676,0.0,0.0,0.0,0.0,0.0
2024-02-13,850096.2950175676,0.0,0.0,0.0,0.0,0.0
2024-02-14,850096.2950175676,0.0,0.0,0.0,0.0,0.0
2024-02-15,850096.2950175676,0.0,0.0,0.0,0.0,0.0
2024-02-16,850096.2950175676,0.0,0.0,0.0,0.0,0.0
2024-02-20,850096.2950175676,0.0,0.0,0.0,0.0,0.0
2024-02-21,850096.2950175676,0.0,0.0,0.0,0.0,0.0
2024-02-22,850096.2950175676,0.0,0.0,0.0,0.0,0.0
2024-02-23,850096.2950175676,0.0,0.0,0.0,0.0,0.0
2024-02-26,850096.2950175676,0.0,0.0,0.0,0.0,0.0
2024-02-27,850096.2950175676,0.0,0.0,0.0,0.0,0.0
2024-02-28,850096.2950175676,0.0,0.0,0.0,0.0,0.0
2024-02-29,850096.2950175676,0.0,0.0,0.0,0.0,0.0
2024-03-01,850096.2950175676,0.0,0.0,0.0,0.0,0.0
2024-03-04,850096.2950175676,0.0,0.0,0.0,0.0,0.0
2024-03-05,850096.2950175676,0.0,0.0,0.0,0.0,0.0
2024-03-06,850096.2950175676,0.0,0.0,0.0,0.0,0.0
2024-03-07,850096.2950175676,0.0,0.0,0.0,0.0,0.0
2024-03-08,850096.2950175676,0.0,0.0,0.0,0.0,0.0
2024-03-11,850096.2950175676,0.0,0.0,0.0,0.0,0.0
2024-03-12,850096.2950175676,0.0,0.0,0.0,0.0,0.0
2024-03-13,850096.2950175676,0.0,0.0,0.0,0.0,0.0
2024-03-14,850096.2950175676,0.0,0.0,0.0,0.0,0.0
2024-03-15,850096.2950175676,0.0,0.0,0.0,0.0,0.0
2024-03-18,850096.2950175676,0.0,0.0,0.0,0.0,0.0
2024-03-19,850096.2950175676,0.0,0.0,0.0,0.0,0.0
2024-03-20,850096.2950175676,0.0,0.0,0.0,0.0,0.0
2024-03-21,850096.2950175676,0.0,0.0,0.0,0.0,0.0
2024-03-22,850096.2950175676,0.0,0.0,0.0,0.0,0.0
2024-03-25,850096.2950175676,0.0,0.0,0.0,0.0,0.0
2024-03-26,850096.2950175676,0.0,0.0,0.0,0.0,0.0
2024-03-27,850096.2950175676,0.0,0.0,0.0,0.0,0.0
2024-03-28,850096.2950175676,0.0,0.0,0.0,0.0,0.0
2024-04-01,850096.2950175676,0.0,0.0,0.0,0.0,0.0
2024-04-02,850096.2950175676,0.0,0.0,0.0,0.0,0.0
2024-04-03,850096.2950175676,0.0,0.0,0.0,0.0,0.0
2024-04-04,850096.2950175676,0.0,0.0,0.0,0.0,0.0
2024-04-05,850096.2950175676,0.0,0.0,0.0,0.0,0.0
2024-04-08,850096.2950175676,0.0,0.0,0.0,0.0,0.0
2024-04-09,850096.2950175676,0.0,0.0,0.0,0.0,0.0
2024-04-10,850096.2950175676,0.0,0.0,0.0,0.0,0.0
2024-04-11,850096.2950175676,0.0,0.0,0.0,0.0,0.0
2024-04-12,850096.2950175676,0.0,0.0,0.0,0.0,0.0
2024-04-15,850096.2950175676,0.0,0.0,0.0,0.0,0.0
2024-04-16,850096.2950175676,0.0,0.0,0.0,0.0,0.0
2024-04-17,850096.2950175676,0.0,0.0,0.0,0.0,0.0
2024-04-18,850096.2950175676,0.0,0.0,0.0,0.0,0.0
2024-04-19,850096.2950175676,0.0,0.0,0.0,0.0,0.0
2024-04-22,850096.2950175676,0.0,0.0,0.0,0.0,0.0
2024-04-23,850096.2950175676,0.0,0.0,0.0,0.0,0.0
2024-04-24,850096.2950175676,0.0,0.0,0.0,0.0,0.0
2024-04-25,850096.2950175676,0.0,0.0,0.0,0.0,0.0
2024-04-26,850096.2950175676,0.0,0.0,0.0,0.0,0.0
2024-04-29,850096.2950175676,0.0,0.0,0.0,0.0,0.0
2024-04-30,850096.2950175676,0.0,0.0,0.0,0.0,0.0
2024-05-01,850096.2950175676,0.0,0.0,0.0,0.0,0.0
2024-05-02,850096.2950175676,0.0,0.0,0.0,0.0,0.0
2024-05-03,850096.2950175676,0.0,0.0,0.0,0.0,0.0
2024-05-06,850096.2950175676,0.0,0.0,0.0,0.0,0.0
2024-05-07,850096.2950175676,0.0,0.0,0.0,0.0,0.0
2024-05-08,850096.2950175676,0.0,0.0,0.0,0.0,0.0
2024-05-09,850096.2950175676,0.0,0.0,0.0,0.0,0.0
2024-05-10,850096.2950175676,0.0,0.0,0.0,0.0,0.0
2024-05-13,850096.2950175676,0.0,0.0,0.0,0.0,0.0
2024-05-14,850096.2950175676,0.0,0.0,0.0,0.0,0.0
2024-05-15,850096.2950175676,0.0,0.0,0.0,0.0,0.0
2024-05-16,850096.2950175676,0.0,0.0,0.0,0.0,0.0
2024-05-17,850096.2950175676,0.0,0.0,0.0,0.0,0.0
2024-05-20,850096.2950175676,0.0,0.0,0.0,0.0,0.0
2024-05-21,850096.2950175676,0.0,0.0,0.0,0.0,0.0
2024-05-22,850096.2950175676,0.0,0.0,0.0,0.0,0.0
2024-05-23,850096.2950175676,0.0,0.0,0.0,0.0,0.0
2024-05-24,850096.2950175676,0.0,0.0,0.0,0.0,0.0
2024-05-28,850096.2950175676,0.0,0.0,0.0,0.0,0.0
2024-05-29,850096.2950175676,0.0,0.0,0.0,0.0,0.0
2024-05-30,850096.2950175676,0.0,0.0,0.0,0.0,0.0
2024-05-31,850096.2950175676,0.0,0.0,0.0,0.0,0.0
2024-06-03,849671.2468700588,0.0,425.0481475087838,-0.0005,-1.0457395603548492,-0.5
2024-06-04,851643.8901194405,1972.6432493817324,0.0,0.0023270573302305903,-1.150745208752853,-0.5
2024-06-05,852275.9413525657,632.0512331251149,0.0,0.0007427055702917772,-1.3346429272116933,-0.5
2024-06-06,844040.9540237184,-8234.987328847257,0.0,-0.009569881165211904,-1.4293018585951338,-0.5
2024-06-07,851338.391438715,7297.437414996732,0.0,0.008721235683513712,-1.3554414931289631,-0.5
2024-06-10,848089.6971317622,-3248.694306952909,0.0,-0.003801478352692714,-0.7404573429043168,-0.5
2024-06-11,851747.5634880005,3657.866356238402,0.0,0.004331748547279451,-0.5486200848348805,-0.5
2024-06-12,852018.7055391958,271.1420511952464,0.0,0.0003184375331705764,-0.46210519053422,-0.5
2024-06-13,847585.8199401917,-4432.885599004098,0.0,-0.005175874088940531,-0.6302536750372197,-0.5
2024-06-14,851059.5323169958,3473.7123768040647,0.0,0.00411522633744856,-0.8523205734097147,-0.5
2024-06-17,858994.8193316065,7935.287014610683,0.0,0.009411764705882354,-1.524760285678227,-0.5
2024-06-18,852966.4600942329,-6028.3592373736155,0.0,-0.006969014688538652,-1.7048122685571174,-0.5
2024-06-20,859777.8404719019,6811.380377669023,0.0,0.00804980143823119,-1.7375140586004478,-0.5
2024-06-21,857824.2227863458,-1953.6176855561505,0.0,-0.0022670840980243984,-1.682092184969095,-0.5
2024-06-24,852372.7332188755,-5451.489567470315,0.0,-0.0063148881515573164,-1.6357158378049714,-0.5
2024-06-25,856724.3489596228,4351.61574074729,0.0,0.005131494547787043,-1.5693553890589262,-0.5
2024-06-26,856908.4719660615,184.12300643877558,0.0,0.00021496130696474632,-1.571459233057837,-0.5
2024-06-27,860777.5491346892,3869.07716862767,0.0,0.0045356371490280776,-1.4907373073838162,-0.5
2024-06-28,861431.2096731946,653.660538505405,0.0,0.0007599609162957334,-1.5529497406061827,-0.5
2024-07-01,858061.8568322303,-3369.3528409642554,0.0,-0.0038961038961038965,-1.1185561691413097,-0.5
2024-07-02,856026.7812770008,-2035.075555229524,0.0,-0.002366100236610023,-1.0026610290816291,-0.5
2024-07-03,851801.7563908696,-4225.02488613112,0.0,-0.0049113815929959425,-0.9323929993474068,-0.5
2024-07-05,847457.6760352851,-4344.080355584546,0.0,-0.005073995771670191,-0.9773454396545945,-0.5
2024-07-08,852538.1438028505,5080.46776756534,0.0,0.006031107819278384,-1.0960917341839214,-0.5
2024-07-09,857166.5710259659,4628.427223115326,0.0,0.005458632131007171,-1.187786453303879,-0.5
2024-07-10,864638.6429430024,7472.071917036508,0.0,0.008793833459993487,-1.2901488477556065,-0.5
2024-07-11,864070.4247767748,-568.2181662276029,0.0,-0.0006567425569176883,-1.1629934243407865,-0.5
2024-07-12,867189.4713768222,3119.0466000474257,0.0,0.003622790646613239,-1.1026809457124847,-0.5
2024-07-15,888349.6206397193,21593.74399858548,433.5947356884111,0.025023954802259888,0.0,0.0
2024-07-16,888349.6206397193,0.0,0.0,0.0,0.0,0.0
2024-07-17,888349.6206397193,0.0,0.0,0.0,0.0,0.0
2024-07-18,888349.6206397193,0.0,0.0,0.0,0.0,0.0
2024-07-19,888349.6206397193,0.0,0.0,0.0,0.0,0.0
2024-07-22,888349.6206397193,0.0,0.0,0.0,0.0,0.0
2024-07-23,888349.6206397193,0.0,0.0,0.0,0.0,0.0
2024-07-24,888349.6206397193,0.0,0.0,0.0,0.0,0.0
2024-07-25,888349.6206397193,0.0,0.0,0.0,0.0,0.0
2024-07-26,888349.6206397193,0.0,0.0,0.0,0.0,0.0
2024-07-29,888349.6206397193,0.0,0.0,0.0,0.0,0.0
2024-07-30,888349.6206397193,0.0,0.0,0.0,0.0,0.0
2024-07-31,888349.6206397193,0.0,0.0,0.0,0.0,0.0
2024-08-01,888349.6206397193,0.0,0.0,0.0,0.0,0.0
2024-08-02,888349.6206397193,0.0,0.0,0.0,0.0,0.0
2024-08-05,888349.6206397193,0.0,0.0,0.0,0.0,0.0
2024-08-06,888349.6206397193,0.0,0.0,0.0,0.0,0.0
2024-08-07,888349.6206397193,0.0,0.0,0.0,0.0,0.0
2024-08-08,888349.6206397193,0.0,0.0,0.0,0.0,0.0
2024-08-09,888349.6206397193,0.0,0.0,0.0,0.0,0.0
2024-08-12,888349.6206397193,0.0,0.0,0.0,0.0,0.0
2024-08-13,888349.6206397193,0.0,0.0,0.0,0.0,0.0
2024-08-14,888349.6206397193,0.0,0.0,0.0,0.0,0.0
2024-08-15,888349.6206397193,0.0,0.0,0.0,0.0,0.0
2024-08-16,888349.6206397193,0.0,0.0,0.0,0.0,0.0
2024-08-19,888349.6206397193,0.0,0.0,0.0,0.0,0.0
2024-08-20,888349.6206397193,0.0,0.0,0.0,0.0,0.0
2024-08-21,888349.6206397193,0.0,0.0,0.0,0.0,0.0
2024-08-22,888349.6206397193,0.0,0.0,0.0,0.0,0.0
2024-08-23,888349.6206397193,0.0,0.0,0.0,0.0,0.0
2024-08-26,888349.6206397193,0.0,0.0,0.0,0.0,0.0
2024-08-27,888349.6206397193,0.0,0.0,0.0,0.0,0.0
2024-08-28,888349.6206397193,0.0,0.0,0.0,0.0,0.0
2024-08-29,888349.6206397193,0.0,0.0,0.0,0.0,0.0
2024-08-30,888349.6206397193,0.0,0.0,0.0,0.0,0.0
2024-09-03,888349.6206397193,0.0,0.0,0.0,0.0,0.0
2024-09-04,888349.6206397193,0.0,0.0,0.0,0.0,0.0
2024-09-05,888349.6206397193,0.0,0.0,0.0,0.0,0.0
2024-09-06,888349.6206397193,0.0,0.0,0.0,0.0,0.0
2024-09-09,888349.6206397193,0.0,0.0,0.0,0.0,0.0
2024-09-10,888349.6206397193,0.0,0.0,0.0,0.0,0.0
2024-09-11,888349.6206397193,0.0,0.0,0.0,0.0,0.0
2024-09-12,888349.6206397193,0.0,0.0,0.0,0.0,0.0
2024-09-13,887905.4458293994,0.0,444.17481031985966,-0.0005,2.0465043233749816,0.5
2024-09-16,895891.4208298918,7985.975000492444,0.0,0.009075802121948102,1.2940161821718206,0.5
2024-09-17,896560.3293073656,668.9084774737869,0.0,0.0007471980074719801,1.1503980940508949,0.5
2024-09-18,900125.181511371,3564.8522040054295,0.0,0.003992015968063872,0.9970804502674799,0.5
2024-09-19,899792.294979747,-332.8865316240277,0.0,-0.0003696857670979667,0.9272431331404363,0.5
2024-09-20,899237.2787602925,-555.0162194545688,0.0,-0.0006164468006411046,0.9288988951374336,0.5
2024-09-23,911344.1047712697,12106.826010977258,0.0,0.013647176662075874,0.7831070520314765,0.5
2024-09-24,912659.4919804657,1315.3872091959631,0.0,0.0014454348349795232,0.7832986352048199,0.5
2024-09-25,917475.6370568798,4816.145076414067,0.0,0.005305039787798409,0.7912486640791192,0.5
2024-09-26,912140.210257,-5335.42679987979,0.0,-0.005781710914454278,0.8769079007516128,0.5
2024-09-27,922983.3755806604,10843.165323660303,0.0,0.012030623405030989,0.9001299105761573,0.5
2024-09-30,919194.4454674394,-3788.930113221102,0.0,-0.004088307440719543,0.9239110180368588,0.5
2024-10-01,919194.4454674394,0.0,0.0,0.0,0.0,0.0
2024-10-02,919194.4454674394,0.0,0.0,0.0,0.0,0.0
2024-10-03,919194.4454674394,0.0,0.0,0.0,0.0,0.0
2024-10-04,919194.4454674394,0.0,0.0,0.0,0.0,0.0
2024-10-07,919194.4454674394,0.0,0.0,0.0,0.0,0.0
2024-10-08,919194.4454674394,0.0,0.0,0.0,0.0,0.0
2024-10-09,919194.4454674394,0.0,0.0,0.0,0.0,0.0
2024-10-10,919194.4454674394,0.0,0.0,0.0,0.0,0.0
2024-10-11,919194.4454674394,0.0,0.0,0.0,0.0,0.0
2024-10-14,919194.4454674394,0.0,0.0,0.0,0.0,0.0
2024-10-15,919194.4454674394,0.0,0.0,0.0,0.0,0.0
2024-10-16,919194.4454674394,0.0,0.0,0.0,0.0,0.0
2024-10-17,919194.4454674394,0.0,0.0,0.0,0.0,0.0
2024-10-18,919194.4454674394,0.0,0.0,0.0,0.0,0.0
2024-10-21,919194.4454674394,0.0,0.0,0.0,0.0,0.0
2024-10-22,919194.4454674394,0.0,0.0,0.0,0.0,0.0
2024-10-23,919194.4454674394,0.0,0.0,0.0,0.0,0.0
2024-10-24,919194.4454674394,0.0,0.0,0.0,0.0,0.0
2024-10-25,919194.4454674394,0.0,0.0,0.0,0.0,0.0
2024-10-28,919194.4454674394,0.0,0.0,0.0,0.0,0.0
2024-10-29,919194.4454674394,0.0,0.0,0.0,0.0,0.0
2024-10-30,919194.4454674394,0.0,0.0,0.0,0.0,0.0
2024-10-31,919194.4454674394,0.0,0.0,0.0,0.0,0.0
2024-11-01,919194.4454674394,0.0,0.0,0.0,0.0,0.0
2024-11-04,919194.4454674394,0.0,0.0,0.0,0.0,0.0
2024-11-05,919194.4454674394,0.0,0.0,0.0,0.0,0.0
2024-11-06,919194.4454674394,0.0,0.0,0.0,0.0,0.0
2024-11-07,919194.4454674394,0.0,0.0,0.0,0.0,0.0
2024-11-08,919194.4454674394,0.0,0.0,0.0,0.0,0.0
2024-11-11,919194.4454674394,0.0,0.0,0.0,0.0,0.0
2024-11-12,919194.4454674394,0.0,0.0,0.0,0.0,0.0
2024-11-13,919194.4454674394,0.0,0.0,0.0,0.0,0.0
2024-11-14,919194.4454674394,0.0,0.0,0.0,0.0,0.0
2024-11-15,919194.4454674394,0.0,0.0,0.0,0.0,0.0
2024-11-18,919194.4454674394,0.0,0.0,0.0,0.0,0.0
2024-11-19,919194.4454674394,0.0,0.0,0.0,0.0,0.0
2024-11-20,919194.4454674394,0.0,0.0,0.0,0.0,0.0
2024-11-21,919194.4454674394,0.0,0.0,0.0,0.0,0.0
2024-11-22,919194.4454674394,0.0,0.0,0.0,0.0,0.0
2024-11-25,919194.4454674394,0.0,0.0,0.0,0.0,0.0
2024-11-26,919194.4454674394,0.0,0.0,0.0,0.0,0.0
2024-11-27,919194.4454674394,0.0,0.0,0.0,0.0,0.0
2024-11-29,919194.4454674394,0.0,0.0,0.0,0.0,0.0
2024-12-02,919194.4454674394,0.0,0.0,0.0,0.0,0.0
2024-12-03,919194.4454674394,0.0,0.0,0.0,0.0,0.0
2024-12-04,919194.4454674394,0.0,0.0,0.0,0.0,0.0
2024-12-05,919194.4454674394,0.0,0.0,0.0,0.0,0.0
2024-12-06,919194.4454674394,0.0,0.0,0.0,0.0,0.0
2024-12-09,919194.4454674394,0.0,0.0,0.0,0.0,0.0
2024-12-10,919194.4454674394,0.0,0.0,0.0,0.0,0.0
2024-12-11,919194.4454674394,0.0,0.0,0.0,0.0,0.0
2024-12-12,919194.4454674394,0.0,0.0,0.0,0.0,0.0
2024-12-13,919194.4454674394,0.0,0.0,0.0,0.0,0.0
2024-12-16,919194.4454674394,0.0,0.0,0.0,0.0,0.0
2024-12-17,919194.4454674394,0.0,0.0,0.0,0.0,0.0
2024-12-18,919194.4454674394,0.0,0.0,0.0,0.0,0.0
2024-12-19,919194.4454674394,0.0,0.0,0.0,0.0,0.0
2024-12-20,919194.4454674394,0.0,0.0,0.0,0.0,0.0
2024-12-23,919194.4454674394,0.0,0.0,0.0,0.0,0.0
2024-12-24,919194.4454674394,0.0,0.0,0.0,0.0,0.0
2024-12-26,919194.4454674394,0.0,0.0,0.0,0.0,0.0
2024-12-27,919194.4454674394,0.0,0.0,0.0,0.0,0.0
2024-12-30,919194.4454674394,0.0,0.0,0.0,0.0,0.0
2024-12-31,919194.4454674394,0.0,0.0,0.0,0.0,0.0
2025-01-02,919194.4454674394,0.0,0.0,0.0,0.0,0.0
2025-01-03,919194.4454674394,0.0,0.0,0.0,0.0,0.0
2025-01-06,919194.4454674394,0.0,0.0,0.0,0.0,0.0
2025-01-07,919194.4454674394,0.0,0.0,0.0,0.0,0.0
2025-01-08,919194.4454674394,0.0,0.0,0.0,0.0,0.0
2025-01-09,919194.4454674394,0.0,0.0,0.0,0.0,0.0
2025-01-10,919194.4454674394,0.0,0.0,0.0,0.0,0.0
2025-01-13,919194.4454674394,0.0,0.0,0.0,0.0,0.0
2025-01-14,919194.4454674394,0.0,0.0,0.0,0.0,0.0
2025-01-15,919194.4454674394,0.0,0.0,0.0,0.0,0.0
2025-01-16,919194.4454674394,0.0,0.0,0.0,0.0,0.0
2025-01-17,919194.4454674394,0.0,0.0,0.0,0.0,0.0
2025-01-21,919194.4454674394,0.0,0.0,0.0,0.0,0.0
2025-01-22,919194.4454674394,0.0,0.0,0.0,0.0,0.0
2025-01-23,919194.4454674394,0.0,0.0,0.0,0.0,0.0
2025-01-24,919194.4454674394,0.0,0.0,0.0,0.0,0.0
2025-01-27,919194.4454674394,0.0,0.0,0.0,0.0,0.0
2025-01-28,919194.4454674394,0.0,0.0,0.0,0.0,0.0
2025-01-29,919194.4454674394,0.0,0.0,0.0,0.0,0.0
2025-01-30,919194.4454674394,0.0,0.0,0.0,0.0,0.0
2025-01-31,919194.4454674394,0.0,0.0,0.0,0.0,0.0
2025-02-03,919194.4454674394,0.0,0.0,0.0,0.0,0.0
2025-02-04,919194.4454674394,0.0,0.0,0.0,0.0,0.0
2025-02-05,919194.4454674394,0.0,0.0,0.0,0.0,0.0
2025-02-06,919194.4454674394,0.0,0.0,0.0,0.0,0.0
2025-02-07,919194.4454674394,0.0,0.0,0.0,0.0,0.0
2025-02-10,919194.4454674394,0.0,0.0,0.0,0.0,0.0
2025-02-11,919194.4454674394,0.0,0.0,0.0,0.0,0.0
2025-02-12,919194.4454674394,0.0,0.0,0.0,0.0,0.0
2025-02-13,919194.4454674394,0.0,0.0,0.0,0.0,0.0
2025-02-14,919194.4454674394,0.0,0.0,0.0,0.0,0.0
2025-02-18,919194.4454674394,0.0,0.0,0.0,0.0,0.0
2025-02-19,919194.4454674394,0.0,0.0,0.0,0.0,0.0
2025-02-20,919194.4454674394,0.0,0.0,0.0,0.0,0.0
2025-02-21,919194.4454674394,0.0,0.0,0.0,0.0,0.0
2025-02-24,919194.4454674394,0.0,0.0,0.0,0.0,0.0
2025-02-25,919194.4454674394,0.0,0.0,0.0,0.0,0.0
2025-02-26,919194.4454674394,0.0,0.0,0.0,0.0,0.0
2025-02-27,919194.4454674394,0.0,0.0,0.0,0.0,0.0
2025-02-28,919194.4454674394,0.0,0.0,0.0,0.0,0.0
2025-03-03,919194.4454674394,0.0,0.0,0.0,0.0,0.0
2025-03-04,919194.4454674394,0.0,0.0,0.0,0.0,0.0
2025-03-05,919194.4454674394,0.0,0.0,0.0,0.0,0.0
2025-03-06,919194.4454674394,0.0,0.0,0.0,0.0,0.0
2025-03-07,919194.4454674394,0.0,0.0,0.0,0.0,0.0
2025-03-10,919194.4454674394,0.0,0.0,0.0,0.0,0.0
2025-03-11,919194.4454674394,0.0,0.0,0.0,0.0,0.0
2025-03-12,919194.4454674394,0.0,0.0,0.0,0.0,0.0
2025-03-13,919194.4454674394,0.0,0.0,0.0,0.0,0.0
2025-03-14,919194.4454674394,0.0,0.0,0.0,0.0,0.0
2025-03-17,919194.4454674394,0.0,0.0,0.0,0.0,0.0
2025-03-18,919194.4454674394,0.0,0.0,0.0,0.0,0.0
2025-03-19,919194.4454674394,0.0,0.0,0.0,0.0,0.0
2025-03-20,919194.4454674394,0.0,0.0,0.0,0.0,0.0
2025-03-21,919194.4454674394,0.0,0.0,0.0,0.0,0.0
2025-03-24,919194.4454674394,0.0,0.0,0.0,0.0,0.0
2025-03-25,919194.4454674394,0.0,0.0,0.0,0.0,0.0
2025-03-26,919194.4454674394,0.0,0.0,0.0,0.0,0.0
2025-03-27,919194.4454674394,0.0,0.0,0.0,0.0,0.0
2025-03-28,919194.4454674394,0.0,0.0,0.0,0.0,0.0
2025-03-31,919194.4454674394,0.0,0.0,0.0,0.0,0.0
2025-04-01,919194.4454674394,0.0,0.0,0.0,0.0,0.0
2025-04-02,919194.4454674394,0.0,0.0,0.0,0.0,0.0
2025-04-03,919194.4454674394,0.0,0.0,0.0,0.0,0.0
2025-04-04,919194.4454674394,0.0,0.0,0.0,0.0,0.0
2025-04-07,919194.4454674394,0.0,0.0,0.0,0.0,0.0
2025-04-08,919194.4454674394,0.0,0.0,0.0,0.0,0.0
2025-04-09,919194.4454674394,0.0,0.0,0.0,0.0,0.0
2025-04-10,919194.4454674394,0.0,0.0,0.0,0.0,0.0
2025-04-11,919194.4454674394,0.0,0.0,0.0,0.0,0.0
2025-04-14,919194.4454674394,0.0,0.0,0.0,0.0,0.0
2025-04-15,919194.4454674394,0.0,0.0,0.0,0.0,0.0
2025-04-16,919194.4454674394,0.0,0.0,0.0,0.0,0.0
2025-04-17,919194.4454674394,0.0,0.0,0.0,0.0,0.0
2025-04-21,919194.4454674394,0.0,0.0,0.0,0.0,0.0
2025-04-22,919194.4454674394,0.0,0.0,0.0,0.0,0.0
2025-04-23,919194.4454674394,0.0,0.0,0.0,0.0,0.0
2025-04-24,919194.4454674394,0.0,0.0,0.0,0.0,0.0
2025-04-25,919194.4454674394,0.0,0.0,0.0,0.0,0.0
2025-04-28,919194.4454674394,0.0,0.0,0.0,0.0,0.0
2025-04-29,919194.4454674394,0.0,0.0,0.0,0.0,0.0
2025-04-30,919194.4454674394,0.0,0.0,0.0,0.0,0.0
2025-05-01,919194.4454674394,0.0,0.0,0.0,0.0,0.0
2025-05-02,919194.4454674394,0.0,0.0,0.0,0.0,0.0
2025-05-05,919194.4454674394,0.0,0.0,0.0,0.0,0.0
2025-05-06,919194.4454674394,0.0,0.0,0.0,0.0,0.0
2025-05-07,919194.4454674394,0.0,0.0,0.0,0.0,0.0
2025-05-08,919194.4454674394,0.0,0.0,0.0,0.0,0.0
2025-05-09,919194.4454674394,0.0,0.0,0.0,0.0,0.0
2025-05-12,919194.4454674394,0.0,0.0,0.0,0.0,0.0
2025-05-13,919194.4454674394,0.0,0.0,0.0,0.0,0.0
2025-05-14,919194.4454674394,0.0,0.0,0.0,0.0,0.0
2025-05-15,919194.4454674394,0.0,0.0,0.0,0.0,0.0
2025-05-16,919194.4454674394,0.0,0.0,0.0,0.0,0.0
2025-05-19,919194.4454674394,0.0,0.0,0.0,0.0,0.0
2025-05-20,919194.4454674394,0.0,0.0,0.0,0.0,0.0
2025-05-21,919194.4454674394,0.0,0.0,0.0,0.0,0.0
2025-05-22,919194.4454674394,0.0,0.0,0.0,0.0,0.0
2025-05-23,919194.4454674394,0.0,0.0,0.0,0.0,0.0
2025-05-27,919194.4454674394,0.0,0.0,0.0,0.0,0.0
2025-05-28,919194.4454674394,0.0,0.0,0.0,0.0,0.0
2025-05-29,919194.4454674394,0.0,0.0,0.0,0.0,0.0
2025-05-30,919194.4454674394,0.0,0.0,0.0,0.0,0.0
