cik,company_name,recipient_name,exact_name_match,award_id,start_date,end_date,award_amount,awarding_agency,awarding_sub_agency,description,usaspending_internal_id
0001372612,"BOX, INC.","SEA BOX, INC.",False,FA853216F0049,2016-08-30,2017-06-30,31897175.0,Department of Defense,Department of the Air Force,BEAR HYGIENE IPT,CONT_AWD_FA853216F0049_9700_GS02F0024P_4730
0001372612,"BOX, INC.",OUTSIDE BOX LLC,False,140P2023C0047,2023-09-05,2028-01-28,30195939.85,Department of the Interior,National Park Service,"SEMO 218940, DEVELOP SELMA INTERPRETIVE CENTER, SELMA, AL",CONT_AWD_140P2023C0047_1443_-NONE-_-NONE-
0001372612,"BOX, INC.",OUTSIDE BOX LLC,False,W912HN22C4008,2022-09-28,2025-09-30,26686975.0,Department of Defense,Department of the Army,CONVERT INNOVATION OUTPOST,CONT_AWD_W912HN22C4008_9700_-NONE-_-NONE-
0001372612,"BOX, INC.",OUTSIDE BOX LLC,False,FA441825F0117,2025-10-31,2028-02-07,24571957.0,Department of Defense,Department of the Air Force,"SEE SPECIFICATIONS:  SECTION 01 11 00 SUMMARY OF WORK JBC 12/21 PART 1 GENERAL 1.1 WORK COVERED BY CONTRACT DOCUMENTS 1.1.1 PROJECT DESCRIPTION THE WORK INCLUDES COMPLETE RENOVATION OF DORMITORY BUILDING 304, ETC.",CONT_AWD_FA441825F0117_9700_FA441823D0005_9700
0001372612,"BOX, INC.",OUTSIDE BOX LLC,False,W912PM25C0033,2025-08-28,2027-10-06,18912712.0,Department of Defense,Department of the Army,"BASE BID: CONSTRUCT BRAVO AND DELTA COMPANY OPERATIONS FACILITIES AT CAMP MACKALL, NC JA-ARMY-HVAC-CHILLERS",CONT_AWD_W912PM25C0033_9700_-NONE-_-NONE-
0001372612,"BOX, INC.","SEA BOX, INC.",False,FA853420F0026,2020-05-19,2025-05-16,17923217.0,Department of Defense,Department of the Air Force,BASIC EXPEDITIONARY AIRFIELD RESOURCES (BEAR) HYGIENE SYSTEM,CONT_AWD_FA853420F0026_9700_GS02F0024P_4730
0001372612,"BOX, INC.",OUTSIDE BOX LLC,False,W912HN22F4026,2022-10-17,2024-11-29,13879937.0,Department of Defense,Department of the Army,RENOVATE BUILDING H-5748,CONT_AWD_W912HN22F4026_9700_W9124717D0014_9700
0001372612,"BOX, INC.",OUTSIDE BOX LLC,False,FA441825F0124,2025-10-03,2027-04-04,10232073.0,Department of Defense,Department of the Air Force,DKFX 183937 TWCF - REPAIR SQUAD OPS FACILITY B705,CONT_AWD_FA441825F0124_9700_FA441823D0005_9700
0001372612,"BOX, INC.","SEA BOX, INC.",False,SPE8ED24C0007,2024-06-10,2025-03-07,9014019.0,Department of Defense,Defense Logistics Agency,8510667008!CONTAINERS IST - PHILADELPHIA,CONT_AWD_SPE8ED24C0007_9700_-NONE-_-NONE-
0001372612,"BOX, INC.",OUTSIDE BOX LLC,False,W9124720F0586,2020-09-29,2024-02-28,8330639.0,Department of Defense,Department of the Army,"REPAIR BLDG. A-2460, A-2652, C-1943",CONT_AWD_W9124720F0586_9700_W9124717D0014_9700
0001372612,"BOX, INC.","SEA BOX, INC.",False,FA853424F0060,2024-07-02,2025-05-19,6900675.0,Department of Defense,Department of the Air Force,BASIC EXPEDITIONARY AIRFIELD RESOURCES (BEAR) HYGIENE SYSTEM,CONT_AWD_FA853424F0060_9700_GS07F253AA_4732
0001372612,"BOX, INC.","SEA BOX, INC.",False,SPE8ED23C0010,2023-06-05,2024-04-01,6792830.0,Department of Defense,Defense Logistics Agency,8509927153!CONTAINERS IST - PHILADELPHIA,CONT_AWD_SPE8ED23C0010_9700_-NONE-_-NONE-
0001372612,"BOX, INC.","SEA BOX, INC.",False,FA821323FB002,2023-09-06,2024-04-04,6660006.0,Department of Defense,Department of the Air Force,"TO ACQUIRE SIDE-OPENING ISO CONTAINERS OFF THE INDEFINITE DELIVERY/INDEFINITE QUANTITY CONTRACT, FA821323DB001.",CONT_AWD_FA821323FB002_9700_FA821323DB001_9700
0001372612,"BOX, INC.",OUTSIDE BOX LLC,False,W9124719F0324,2019-07-31,2022-02-11,6473339.01,Department of Defense,Department of the Army,REPAIR FB-11006-13,CONT_AWD_W9124719F0324_9700_W9124717D0014_9700
0001372612,"BOX, INC.",OUTSIDE BOX LLC,False,W9124720F0587,2020-09-30,2023-09-29,6161041.0,Department of Defense,Department of the Army,BUILDING D-3745 L-NEW WORK (CONSTRUCTION) AND REPAIR WORK,CONT_AWD_W9124720F0587_9700_W9124717D0014_9700
0001372612,"BOX, INC.","SEA BOX, INC.",False,SPE8ED24C0005,2024-03-07,2024-09-17,6110343.0,Department of Defense,Defense Logistics Agency,8510483514!SDDC 20FT DOUBLE DOORS END,CONT_AWD_SPE8ED24C0005_9700_-NONE-_-NONE-
0001372612,"BOX, INC.","SEA BOX, INC.",False,SPE8ED23C0011,2023-06-05,2024-04-01,6037192.0,Department of Defense,Defense Logistics Agency,8509927154!CONTAINERS IST - PHILADELPHIA,CONT_AWD_SPE8ED23C0011_9700_-NONE-_-NONE-
0001372612,"BOX, INC.","SEA BOX, INC.",False,SPE8ED23C0006,2023-05-02,2024-01-29,5866718.0,Department of Defense,Defense Logistics Agency,8509808269!CONTAINERS IST - PHILADELPHIA,CONT_AWD_SPE8ED23C0006_9700_-NONE-_-NONE-
0001372612,"BOX, INC.",OUTSIDE BOX LLC,False,140P2018C0002,2017-12-20,2026-04-16,5438244.77,Department of the Interior,National Park Service,IGF::OT::IGF NOGRN MINIDOKA NATIONAL HISTORIC SITE MIIN 159776 - REUSE WAREHOUSE FOR VISITOR CONTACT STATION,CONT_AWD_140P2018C0002_1443_-NONE-_-NONE-
0001372612,"BOX, INC.","SEA BOX, INC.",False,FA853422F0038,2021-05-19,2022-10-28,5205720.0,Department of Defense,Department of the Air Force,BASIC EXPEDITIONARY AIRFIELD RESOURCES (BEAR) HYGIENE SYSTEM,CONT_AWD_FA853422F0038_9700_GS02F0024P_4730
0001372612,"BOX, INC.",OUTSIDE BOX LLC,False,140P2025C0003,2025-06-11,2026-09-23,5036610.27,Department of the Interior,National Park Service,CONSTRUCT FIRE STATION AT BIG CYPRESS NATIONAL PRESERVE HEADQUARTERS COMPLEX,CONT_AWD_140P2025C0003_1443_-NONE-_-NONE-
0001372612,"BOX, INC.","SEA BOX, INC.",False,SPRDL122F0127,2022-05-19,2023-01-20,4838379.0,Department of Defense,Defense Logistics Agency,DELIVERY ORDER FOR THE PURCHASE OF 259 ISO TYPE 4 CARC CONTAINERS.,CONT_AWD_SPRDL122F0127_9700_SPRDL119D0100_9700
0001372612,"BOX, INC.",OUTSIDE BOX LLC,False,W912HP23F4001,2023-07-07,2025-04-30,4536378.0,Department of Defense,Department of the Army,NASA MAF BLDG. 420 ROOF REPLACEMENT,CONT_AWD_W912HP23F4001_9700_W912HP21D2006_9700
0001372612,"BOX, INC.",OUTSIDE BOX LLC,False,W912HP23F2001,2022-12-15,2026-03-02,4388527.0,Department of Defense,Department of the Army,COMMUNICATIONS FACILITY,CONT_AWD_W912HP23F2001_9700_W912HP21D2006_9700
0001372612,"BOX, INC.","SEA BOX, INC.",False,47QSWC24F0142,2024-09-23,2025-07-31,3905560.35,General Services Administration,Federal Acquisition Service,BPA CALL ORDER FOR RELOCATABLE SIMULATOR SHELTERS (RSS),CONT_AWD_47QSWC24F0142_4732_47QSWC21A0016_4732
0001372612,"BOX, INC.","SEA BOX, INC.",False,697DCK21C00315,2021-09-24,2025-05-30,3742438.0,Department of Transportation,Federal Aviation Administration,MEDIUM MOBILE AIR TRAFFIC CONTROL TOWER (MMATCT),CONT_AWD_697DCK21C00315_6920_-NONE-_-NONE-
0001372612,"BOX, INC.",OUTSIDE BOX LLC,False,W9124723F2090,2023-09-28,2026-03-31,3653558.0,Department of Defense,Department of the Army,"DESIGN AND CONSTRUCTION FOR BUILDINGS M6205 & M2505, CONVERT TO GATHERING BLDG AND LATRINE FACILITY.",CONT_AWD_W9124723F2090_9700_W9124723D9013_9700
0001372612,"BOX, INC.","SEA BOX, INC.",False,SPE8ED26P0222,2025-11-26,2026-07-06,3637280.0,Department of Defense,Defense Logistics Agency,8511774071!CONTAINERS IST - PHILADELPHIA,CONT_AWD_SPE8ED26P0222_9700_-NONE-_-NONE-
0001372612,"BOX, INC.",OUTSIDE BOX LLC,False,W9124720C0053,2020-09-28,2022-07-01,3267543.0,Department of Defense,Department of the Army,FA-60033-20 BLDG A-3162,CONT_AWD_W9124720C0053_9700_-NONE-_-NONE-
0001372612,"BOX, INC.",OUTSIDE BOX LLC,False,FA330024C0052,2024-10-20,2026-10-30,3191554.0,Department of Defense,Department of the Air Force,"FURNISH ALL PLANT, LABOR, MATERIALS AND EQUIPMENT NECESSARY TO PERFORM ALL WORK IN CONNECTION WITH PROJECT NUMBER PNQS 19-8000, REPLACE/REPAIR FIRE ALARMS, BUILDINGS 800, 941, AND 1489, MAXWELL AFB.",CONT_AWD_FA330024C0052_9700_-NONE-_-NONE-
0001372612,"BOX, INC.","SEA BOX, INC.",False,FA821324FB003,2023-12-20,2024-06-17,3103184.0,Department of Defense,Department of the Air Force,TO PURCHASE STEEL 20 FEET WIDE ISO CONTAINERS,CONT_AWD_FA821324FB003_9700_FA821323DB001_9700
0001372612,"BOX, INC.","SEA BOX, INC.",False,FA821324FB015,2024-07-15,2025-01-13,3012800.0,Department of Defense,Department of the Air Force,"SIDE-OPENING ISO CONTAINERS.  NAICS: 332439PSC: 8140  FOR PRICING PURPOSES, THE ORDERING PERIOD USED FOR THIS DELIVERY PERIOD IS:ORDERING PERIOD 1: 5 SEPTEMBER 2023 - 4 SEPTEMBER 2024",CONT_AWD_FA821324FB015_9700_FA821323DB001_9700
0001372612,"BOX, INC.","BOXX MODULAR, INC.",False,N6426719P0195,2019-09-29,2025-07-01,2964379.5,Department of Defense,Department of the Navy,TRAILERS,CONT_AWD_N6426719P0195_9700_-NONE-_-NONE-
0001372612,"BOX, INC.","SEA BOX, INC.",False,SPE8ED23C0005,2023-05-02,2024-01-29,2873325.0,Department of Defense,Defense Logistics Agency,8509808263!CONTAINERS IST - PHILADELPHIA,CONT_AWD_SPE8ED23C0005_9700_-NONE-_-NONE-
0001372612,"BOX, INC.","SEA BOX, INC.",False,FA821321F3183,2021-08-11,2022-03-31,2838525.0,Department of Defense,Department of the Air Force,AMMUNITION GRADE ISO CONTAINERS - NSN 8140-01-296-7241NM,CONT_AWD_FA821321F3183_9700_FA821317D0010_9700
0001372612,"BOX, INC.",OUTSIDE BOX LLC,False,W912HP22F5002,2022-05-12,2024-07-28,2831193.0,Department of Defense,Department of the Army,FUNDING FOR CLIN 0001,CONT_AWD_W912HP22F5002_9700_W912HP21D2006_9700
0001372612,"BOX, INC.",OUTSIDE BOX LLC,False,W912HP23F2106,2023-09-30,2025-03-05,2770313.0,Department of Defense,Department of the Army,HVAC AND SEWER REPAIRS ADDITIONAL FUNDS,CONT_AWD_W912HP23F2106_9700_W912HP21D2006_9700
0001372612,"BOX, INC.",OUTSIDE BOX LLC,False,W9124720F0582,2020-09-29,2022-09-20,2605131.15,Department of Defense,Department of the Army,REPAIR BARRACKS,CONT_AWD_W9124720F0582_9700_W9124717D0014_9700
0001372612,"BOX, INC.",OUTSIDE BOX LLC,False,W9124921F0246,2021-09-28,2024-12-13,2573453.0,Department of Defense,Department of the Army,MATOC TASK ORDERS TEEN CENTER HVAC,CONT_AWD_W9124921F0246_9700_W9124920D0010_9700
0001372612,"BOX, INC.","SEA BOX, INC.",False,47QSWC19F0181,2019-09-09,2023-05-23,2537771.8,General Services Administration,Federal Acquisition Service,CALL ORDER AGAINST RSS BPA,CONT_AWD_47QSWC19F0181_4732_GS07F253AA_4732
0001372612,"BOX, INC.",SHADOWBOX CONSULTING ASSOCIATES LLC,False,W81K0220F0249,2020-09-15,2022-03-14,2522822.4,Department of Defense,Department of the Army,"MEDICAL OFFICE SECRETARY, GENERAL OFFICE CLERK, AND MEDICAL RECORDS TECHNICIAN FOR TAMC, DESMOND DOSS HEALTH CLINIC, WARRIOR OHANA MEDICAL HOME, AND FORT SHAFTER - 15 SEPT 20 - 14 SEPT 21",CONT_AWD_W81K0220F0249_9700_HT001418D0025_9700
0001372612,"BOX, INC.",OUTSIDE BOX LLC,False,W912HP21F2042,2021-09-28,2023-09-16,2383100.0,Department of Defense,Department of the Army,"HVAC REPAIR  BUILDING 2449, 2460 AT FT JACKSON SC",CONT_AWD_W912HP21F2042_9700_W912HP21D2006_9700
0001372612,"BOX, INC.",OUTSIDE BOX LLC,False,W9124720C0071,2020-09-30,2024-03-21,2375265.19,Department of Defense,Department of the Army,"CONSTRUCTION_FA-60015-20, LANDSCP DESGN",CONT_AWD_W9124720C0071_9700_-NONE-_-NONE-
0001372612,"BOX, INC.",OUTSIDE BOX LLC,False,47PD0220F0028,2020-06-24,2022-05-11,2367817.41,General Services Administration,Public Buildings Service,"LEWIS F. POWELL, JR. U.S. COURTHOUSE, CHIEF JUDGE GREGORY BUILD-OUT CONSTRUCTION PROJECT. THIS PROJECT IS FOR FINAL DEMOLITION AND BUILD-OUT OF THE 3RD FLOOR SPACE IN THE POWELL COURTHOUSE.",CONT_AWD_47PD0220F0028_4740_47PD0320D0006_4740
0001372612,"BOX, INC.",OUTSIDE BOX LLC,False,W9124719F0870,2019-09-28,2020-12-31,2329899.95,Department of Defense,Department of the Army,DEMOINTERIOR AND ABATE REPAIR BLDG2-1105,CONT_AWD_W9124719F0870_9700_W9124717D0014_9700
0001372612,"BOX, INC.","SEA BOX, INC.",False,SPE8ED26P0595,2026-03-09,2026-10-15,2296704.0,Department of Defense,Defense Logistics Agency,8511960979! SDDC - TRICON 1,CONT_AWD_SPE8ED26P0595_9700_-NONE-_-NONE-
0001372612,"BOX, INC.",OUTSIDE BOX LLC,False,47PD0220F0034,2020-07-10,2022-01-31,2234754.0,General Services Administration,Public Buildings Service,"CHILLER REPLACEMENT AT THE POWELL CH IN RICHMOND, VA",CONT_AWD_47PD0220F0034_4740_47PD0320D0006_4740
0001372612,"BOX, INC.","SEA BOX, INC.",False,SPE8ED25P0196,2024-12-10,2025-05-09,2226560.0,Department of Defense,Defense Logistics Agency,8510998600!CONTAINERS IST - PHILADELPHIA,CONT_AWD_SPE8ED25P0196_9700_-NONE-_-NONE-
0001372612,"BOX, INC.",SWITCHBOX INC,False,W81XWH20C0045,2020-09-15,2024-09-08,2193635.17,Department of Defense,Defense Health Agency,MEDICAL RESEARCH AND DEVELOPMENT DHA SBIR 19.3 DIRECT PHASE II H2-0526 PROPOSAL TITLED SPINE HEALTH IMPROVEMENT PLATFORM (SHIP),CONT_AWD_W81XWH20C0045_9700_-NONE-_-NONE-
0001372612,"BOX, INC.","SEA BOX, INC.",False,SPRDL123F0054,2023-01-13,2023-07-12,2086800.0,Department of Defense,Defense Logistics Agency,DELIVERY ORDER FOR THE PURCHASE OF 111 ISO TYPE 4 CARC CONTAINERS.,CONT_AWD_SPRDL123F0054_9700_SPRDL119D0100_9700
0001372612,"BOX, INC.",AXLE BOX INNOVATIONS LLC,False,W911NF23C0069,2023-09-28,2025-10-27,1893633.0,Department of Defense,Department of the Army,SBIR PH II,CONT_AWD_W911NF23C0069_9700_-NONE-_-NONE-
0001372612,"BOX, INC.","SEA BOX, INC.",False,FA853425F0060,2025-05-16,2025-12-22,1859564.0,Department of Defense,Department of the Air Force,BASIC EXPEDITIONARY AIRFIELD RESOURCES (BEAR) HYGIENE SYSTEM,CONT_AWD_FA853425F0060_9700_GS07F253AA_4732
0001372612,"BOX, INC.","SEA BOX, INC.",False,SPE8ED23C0023,2023-09-12,2024-06-10,1845000.0,Department of Defense,Defense Logistics Agency,8510133459!CONTAINERS IST - PHILADELPHIA,CONT_AWD_SPE8ED23C0023_9700_-NONE-_-NONE-
0001372612,"BOX, INC.","SEA BOX, INC.",False,SPRDL122F0266,2022-09-22,2023-04-18,1822986.0,Department of Defense,Defense Logistics Agency,DELIVERY ORDER FOR THE PURCHASE OF ISO TYPE 3 CARC AND QUADCON NON-CARC CONTAINERS.,CONT_AWD_SPRDL122F0266_9700_SPRDL119D0100_9700
0001372612,"BOX, INC.",OUTSIDE BOX LLC,False,W9124922F0242,2022-09-22,2024-09-13,1805836.0,Department of Defense,Department of the Army,CONSTRUCT NV00229-9P B28423 REPAIR HVAC,CONT_AWD_W9124922F0242_9700_W9124920D0010_9700
0001372612,"BOX, INC.",OUTSIDE BOX LLC,False,140P3022C0027,2022-09-20,2023-10-27,1730543.4,Department of the Interior,National Park Service,EAST POTOMAC MAINTENANCE YARD (EPMY) FUEL STATION REHABILITATION NATIONAL CAPITAL REGION (NCR) - NATIONAL MALL AND MEMORIAL PARKS (NAMA),CONT_AWD_140P3022C0027_1443_-NONE-_-NONE-
0001372612,"BOX, INC.","SEA BOX, INC.",False,SPRDL121F0160,2021-09-29,2022-02-10,1704048.0,Department of Defense,Defense Logistics Agency,DELIVERY ORDER FOR THE PURCHASE OF TRICON TYPE I AND II CARC CONTAINERS.,CONT_AWD_SPRDL121F0160_9700_SPRDL119D0088_9700
0001372612,"BOX, INC.",SWITCHBOX INC,False,W81XWH20C0007,2020-04-01,2023-04-26,1649339.95,Department of Defense,Department of the Army,MEDICAL RESEARCH AND DEVELOPMENT CONTRACT DHA STTR PH II H2-0495 TITLED CERVICAL SPINE HEALTH IMPROVEMENT PRODUCTS.,CONT_AWD_W81XWH20C0007_9700_-NONE-_-NONE-
0001372612,"BOX, INC.","SEA BOX, INC.",False,SPE8ED23C0008,2023-05-02,2024-01-29,1584300.0,Department of Defense,Defense Logistics Agency,8509808367!CONTAINERS IST - PHILADELPHIA,CONT_AWD_SPE8ED23C0008_9700_-NONE-_-NONE-
0001372612,"BOX, INC.","SEA BOX, INC.",False,SPE8ED23C0007,2023-05-02,2024-01-29,1563176.0,Department of Defense,Defense Logistics Agency,8509808360!CONTAINERS IST - PHILADELPHIA,CONT_AWD_SPE8ED23C0007_9700_-NONE-_-NONE-
0001372612,"BOX, INC.",OUTSIDE BOX LLC,False,W9124922F0288,2022-10-01,2024-12-11,1534900.0,Department of Defense,Department of the Army,DE04422-6P B25425 REPAIR BARRACK STAIRWE,CONT_AWD_W9124922F0288_9700_W9124920D0010_9700
0001372612,"BOX, INC.","SEA BOX, INC.",False,SPE8ED22P0709,2022-05-20,2022-11-16,1515130.0,Department of Defense,Defense Logistics Agency,8509099487!CONTAINERS IST - PHILADELPHIA,CONT_AWD_SPE8ED22P0709_9700_-NONE-_-NONE-
0001372612,"BOX, INC.","IBOX GLOBAL, LLC",False,47QFSA20C0007,2020-09-30,2024-03-29,1493528.4,General Services Administration,Federal Acquisition Service,AFCENT REMEDY TRAINING,CONT_AWD_47QFSA20C0007_4732_-NONE-_-NONE-
0001372612,"BOX, INC.",OUTSIDE BOX LLC,False,FA330022C0083,2022-09-29,2023-10-23,1449332.0,Department of Defense,Department of the Air Force,BUILDING 1400A,CONT_AWD_FA330022C0083_9700_-NONE-_-NONE-
0001372612,"BOX, INC.",SHADOWBOX CONSULTING ASSOCIATES LLC,False,HT001123C0091,2023-09-30,2025-09-29,1441761.21,Department of Defense,Defense Health Agency,PSYCHIATRY CONSULTATION SUPPORT,CONT_AWD_HT001123C0091_9700_-NONE-_-NONE-
0001372612,"BOX, INC.","SEA BOX, INC.",False,47QSWC23F0029,2023-02-24,2023-08-23,1388140.63,General Services Administration,Federal Acquisition Service,RSS 3 FOR 40 FLTS BUILDING 64 EGLIN AFB FL,CONT_AWD_47QSWC23F0029_4732_47QSWC21A0016_4732
0001372612,"BOX, INC.",REDGUARD LLC,False,N3220521P0047,2021-06-24,2023-03-09,1268290.71,Department of Defense,Department of the Navy,N104C/PM3 T.ALLEN USNS MIGUEL KEITH BERTHING MODULES,CONT_AWD_N3220521P0047_9700_-NONE-_-NONE-
0001372612,"BOX, INC.",REDGUARD LLC,False,FA491121P0002,2020-10-06,2021-08-30,1256899.0,Department of Defense,Department of the Air Force,SCIF FOR 378 OPERATIONS GROUP,CONT_AWD_FA491121P0002_9700_-NONE-_-NONE-
0001372612,"BOX, INC.",SHOEBOX LTD,False,15F06722P0000358,2022-04-12,2027-04-11,1208191.53,Department of Justice,Federal Bureau of Investigation,20220177 88 AUDIOGRAM LICENSES,CONT_AWD_15F06722P0000358_1549_-NONE-_-NONE-
0001372612,"BOX, INC.","SEA BOX, INC.",False,FA821324FB021,2024-08-30,2025-01-27,1126682.0,Department of Defense,Department of the Air Force,"THIS IS DELIVERY ORDER #4 OFF OF IDIQ CONTRACT, FA821323DB001 FOR COMMERCIAL SIDE-OPENING INTERNATIONAL STANDARDS ORGANIZATION CONTAINERS.",CONT_AWD_FA821324FB021_9700_FA821323DB001_9700
0001372612,"BOX, INC.","SEA BOX, INC.",False,47QSWC21F0197,2021-09-30,2022-05-31,1123460.83,General Services Administration,Federal Acquisition Service,CALL ORDER AGAINST SA BPA,CONT_AWD_47QSWC21F0197_4732_47QSWC21A0016_4732
0001372612,"BOX, INC.","SEA BOX, INC.",False,47QSWC22F0102,2022-07-08,2023-03-03,1120552.05,General Services Administration,Federal Acquisition Service,CALL ORDER AGAINST SA BPA RSS 2ND ANDREW MD,CONT_AWD_47QSWC22F0102_4732_47QSWC21A0016_4732
0001372612,"BOX, INC.","SEA BOX, INC.",False,SPRDL124F0100,2024-03-19,2024-12-16,1119200.0,Department of Defense,Defense Logistics Agency,DELIVERY ORDER FOR CONTAINERS.  ITEM:  TRICON I CARC CONTAINERS. NSN:  8150-01-592-9850.  PART NUMBER:  SB821.0.C.  QUANTITY:  100 EACH.,CONT_AWD_SPRDL124F0100_9700_SPRDL119D0088_9700
0001372612,"BOX, INC.","SEA BOX, INC.",False,47QSWC21F0023,2021-01-13,2021-07-31,1111613.32,General Services Administration,Federal Acquisition Service,RELOCATABLE SIMULATOR SHELTER 40TH FLTS,CONT_AWD_47QSWC21F0023_4732_GS07F253AA_4732
0001372612,"BOX, INC.",BLACKBOX BIOMETRICS INC,False,W15QKN20C0032,2020-09-22,2023-12-31,1083550.94,Department of Defense,Department of the Army,"THIS CONTRACT IS FOR A PHASE II SBIR EFFORT TITLED:  ""ADVANCED ARTILLERY&MORTAR PERSONNEL BLAST GAUGE SYSTEM"".",CONT_AWD_W15QKN20C0032_9700_-NONE-_-NONE-
0001372612,"BOX, INC.",BLACK BOX CORPORATION OF PENNSYLVANIA,False,PBGC01DO170006,2016-11-02,2021-11-01,1053858.57,Pension Benefit Guaranty Corporation,Pension Benefit Guaranty Corporation,IGF::CT::IGF  NEC MAINTENANCE AND REPAIR SERVICES,CONT_AWD_PBGC01DO170006_1665_GS35F0158J_4730
0001372612,"BOX, INC.",AXLE BOX INNOVATIONS LLC,False,W911NF24C0007,2023-11-15,2025-02-15,1039661.0,Department of Defense,Department of the Army,BAA-AXLE BOX MONTHLY TECHNICAL REPORTS TOTAL 15,CONT_AWD_W911NF24C0007_9700_-NONE-_-NONE-
0001372612,"BOX, INC.",OUTSIDE BOX LLC,False,140P3021C0072,2021-09-24,2023-02-24,994692.0,Department of the Interior,National Park Service,NATIONAL PARK SERVICE - ROCK CREEK PARK - TENNIS CENTER - PROTECTED MEMBRANE ROOF REPLACEMENT,CONT_AWD_140P3021C0072_1443_-NONE-_-NONE-
0001372612,"BOX, INC.",SHADOWBOX CONSULTING ASSOCIATES LLC,False,FA485519F0007,2018-10-01,2024-03-31,980216.9,Department of Defense,Department of the Air Force,2 FTE MEDICAL APPOINTMENT CLERKS,CONT_AWD_FA485519F0007_9700_HT001418D0025_9700
0001372612,"BOX, INC.","SEA BOX, INC.",False,FA821325FB033,2025-09-04,2026-01-06,956154.0,Department of Defense,Department of the Air Force,PRODUCTION OF IMDG CODED ISO CONTAINERS FOR TRANSPORTATION OF AMMUNITION AND EXPLOSIVES,CONT_AWD_FA821325FB033_9700_FA821323DB001_9700
0001372612,"BOX, INC.",SHOEBOX LTD,False,123A9424C0009,2024-09-28,2027-09-29,939363.9,Department of Agriculture,Food Safety and Inspection Service,PORTABLE AUDIOMETER SERVICES,CONT_AWD_123A9424C0009_12G2_-NONE-_-NONE-
0001372612,"BOX, INC.","SEA BOX, INC.",False,FA853423F0044,2023-03-07,2023-10-23,914812.0,Department of Defense,Department of the Air Force,BEAR HYGIENE UNITS,CONT_AWD_FA853423F0044_9700_GS02F0024P_4730
0001372612,"BOX, INC.","SEA BOX, INC.",False,SPE8ED22P1025,2022-09-20,2023-04-30,913143.0,Department of Defense,Defense Logistics Agency,"8509395497!CONTAINER,FREIGHT,U",CONT_AWD_SPE8ED22P1025_9700_-NONE-_-NONE-
0001372612,"BOX, INC.","SEA BOX, INC.",False,FA853423F0091,2023-09-20,2024-03-29,911958.0,Department of Defense,Department of the Air Force,BASIC EXPEDITIONARY AIRFIELD RESOURCES (BEAR) HYGIENE SYSTEM,CONT_AWD_FA853423F0091_9700_GS02F0024P_4730
0001372612,"BOX, INC.","SEA BOX, INC.",False,15B50026F00000033,2026-09-16,2027-01-14,908250.2,Department of Justice,Federal Prison System / Bureau of Prisons,SOUTH CENTRAL REGION SITES-REFRIGERATED ISO CONTAINERS WITH MOUNTED GENERATORS,CONT_AWD_15B50026F00000033_1540_GS07F253AA_4732
0001372612,"BOX, INC.","SEA BOX, INC.",False,SPRDL122F0221,2022-09-12,2023-04-10,906545.0,Department of Defense,Defense Logistics Agency,DELIVERY ORDER FOR THE PURCHASE OF 51 ISO CONTAINERS,CONT_AWD_SPRDL122F0221_9700_SPRDL119D0100_9700
0001372612,"BOX, INC.",SHADOWBOX CONSULTING ASSOCIATES LLC,False,W81K0222P0089,2022-09-20,2026-09-19,902639.2,Department of Defense,Defense Health Agency,"LABORATORY DIRECTOR, GENOMIC SEQUENCING SERVICES FOR TRIPLER ARMY MEDICAL CENTER, HAWAII - 20 SEPT 22 - 19 SEPT 23, PLUS FOUR ONE-YEAR OPTIONS",CONT_AWD_W81K0222P0089_9700_-NONE-_-NONE-
0001372612,"BOX, INC.","COLD BOX EXPRESS, INC.",False,70CMSD20P00000111,2020-08-03,2026-02-28,902310.0,Department of Homeland Security,U.S. Immigration and Customs Enforcement,CLIMATE CONTROL CONTAINERS,CONT_AWD_70CMSD20P00000111_7012_-NONE-_-NONE-
0001372612,"BOX, INC.",OUTSIDE BOX LLC,False,140D0425C0012,2025-02-24,2026-05-25,849552.96,Department of the Interior,Departmental Offices,"REPLACEMENT OF SIX FREE-STANDING DRINKING FOUNTAINS, AND UP TO SIX ADDITIONAL FOUNTAINS ON THE GEORGE WASHINGTON MEMORIAL PARKWAY.",CONT_AWD_140D0425C0012_1406_-NONE-_-NONE-
0001372612,"BOX, INC.","IBOX GLOBAL, LLC",False,47QFSA21P0011,2021-07-01,2022-05-31,839880.92,General Services Administration,Federal Acquisition Service,CENTCOM AUDIO VISUAL EQUIPMENT,CONT_AWD_47QFSA21P0011_4732_-NONE-_-NONE-
0001372612,"BOX, INC.","SEA BOX, INC.",False,SPRDL122F0100,2022-04-27,2022-09-26,831000.0,Department of Defense,Defense Logistics Agency,DELIVERY ORDER FOR THE PURCHASE OF 100 EACH TRICON II NON-CARC CONTAINERS.,CONT_AWD_SPRDL122F0100_9700_SPRDL119D0088_9700
0001372612,"BOX, INC.",OUTSIDE BOX LLC,False,140P3021C0057,2021-09-27,2023-02-24,818119.0,Department of the Interior,National Park Service,NATIONAL PARK SERVICE - ROCK CREEK PARK - FUEL STATION RECONSTRUCTION  8(A) SOLE SOURCE UNDER FAR 19.8,CONT_AWD_140P3021C0057_1443_-NONE-_-NONE-
0001372612,"BOX, INC.",OUTSIDE BOX LLC,False,FA441720C0021,2020-08-06,2022-11-30,817797.18,Department of Defense,Department of the Air Force,ENCLOSE SERE PARACHUTE TRAINING CENTER.,CONT_AWD_FA441720C0021_9700_-NONE-_-NONE-
0001372612,"BOX, INC.","BLACK BOX SAFETY, INC",False,36C77022P0278,2022-04-14,2022-08-26,812006.65,Department of Veterans Affairs,Department of Veterans Affairs,"HEMCON BANDAGES, PART # 1003",CONT_AWD_36C77022P0278_3600_-NONE-_-NONE-
0001372612,"BOX, INC.",OUTSIDE BOX LLC,False,FA441720C0017,2020-12-01,2022-06-30,807627.14,Department of Defense,Department of the Air Force,"RENOVATE OFFICE SPACE, 492 SPECIAL OPERATIONS AIR CONTROL SQUADRON, BUILDING 90332",CONT_AWD_FA441720C0017_9700_-NONE-_-NONE-
0001372612,"BOX, INC.","TREEN BOX & PALLET, INC",False,SPE8EF21P0581,2021-06-16,2022-06-30,797557.2,Department of Defense,Defense Logistics Agency,"8508291233!PALLET,MATERIAL HAN",CONT_AWD_SPE8EF21P0581_9700_-NONE-_-NONE-
0001372612,"BOX, INC.","TREEN BOX & PALLET, INC",False,SPE8EF21P0579,2021-06-15,2021-08-05,790059.6,Department of Defense,Defense Logistics Agency,"8508291232!PALLET,MATERIAL HAN",CONT_AWD_SPE8EF21P0579_9700_-NONE-_-NONE-
0001372612,"BOX, INC.","SEA BOX, INC.",False,SPRDL123F0028,2022-11-17,2023-05-17,788404.0,Department of Defense,Defense Logistics Agency,DELIVERY ORDER FOR THE PURCHASE OF ISO CONTAINERS.,CONT_AWD_SPRDL123F0028_9700_SPRDL119D0100_9700
0001372612,"BOX, INC.","TREEN BOX & PALLET, INC",False,SPE8EF21P0584,2021-06-15,2021-11-16,771396.08,Department of Defense,Defense Logistics Agency,"8508292356!PALLET,MATERIAL HAN",CONT_AWD_SPE8EF21P0584_9700_-NONE-_-NONE-
0001372612,"BOX, INC.","TREEN BOX & PALLET, INC",False,SPE8EF21P0646,2021-07-16,2021-11-12,769824.0,Department of Defense,Defense Logistics Agency,"8508367990!PALLET,MATERIAL HAN",CONT_AWD_SPE8EF21P0646_9700_-NONE-_-NONE-
0001372612,"BOX, INC.","TREEN BOX & PALLET, INC",False,SPE8EF21P0708,2021-08-17,2022-05-30,763224.0,Department of Defense,Defense Logistics Agency,"8508434974!PALLET,MATERIAL HAN",CONT_AWD_SPE8EF21P0708_9700_-NONE-_-NONE-
0001372612,"BOX, INC.",SHADOWBOX CONSULTING ASSOCIATES LLC,False,HT940624F0044,2025-03-23,2027-03-22,751862.07,Department of Defense,Defense Health Agency,MEDICAL OFFICE CLERKS (2 FTE),CONT_AWD_HT940624F0044_9700_HT001418D0025_9700
0001372612,"BOX, INC.",AXLE BOX INNOVATIONS LLC,False,FA864922P0626,2022-03-18,2023-06-16,749592.0,Department of Defense,Department of the Air Force,EMPOWERING RAPID SUSTAINMENT OPERATIONS THROUGH AN AUTONOMOUS MULTIPURPOSE EXPEDITIONARY PLATFORM.,CONT_AWD_FA864922P0626_9700_-NONE-_-NONE-
0001372612,"BOX, INC.",SANDBOX ARCHAEOLOGY LLC,False,W912HQ25C0079,2025-09-23,2029-09-22,744740.0,Department of Defense,Department of the Army,ESTCP RC25-8870 NEW START INTEGRATING REMOTE SENSING SURVEY TECHNOLOGIES IN DOD CULTURAL RESOURCE COMPLIANCE,CONT_AWD_W912HQ25C0079_9700_-NONE-_-NONE-
0001372612,"BOX, INC.","TREEN BOX & PALLET, INC",False,SPE8EF22F0118,2022-07-21,2023-01-31,738804.0,Department of Defense,Defense Logistics Agency,"8509249289!PALLET,MATERIAL HAN",CONT_AWD_SPE8EF22F0118_9700_SPE8EF17D0003_9700
0001372612,"BOX, INC.","SEA BOX, INC.",False,FA821322F3186,2022-09-26,2023-06-09,722154.0,Department of Defense,Department of the Air Force,AMMUNITION GRADE ISO CONTAINERS - NSN 8140-01-296-7241NM,CONT_AWD_FA821322F3186_9700_FA821317D0010_9700
0001372612,"BOX, INC.","SEA BOX, INC.",False,SPRDL124F0095,2024-03-14,2024-08-12,719904.0,Department of Defense,Defense Logistics Agency,DELIVERY ORDER FOR THE PURCHASE OF ISO TYPE 3 NON-CARC CONTAINERS.  NSN:  8150-01-528-7571.  PART NUMBER:  SB861.6.S.TACOM.  QUANTITY OF 39 EACH FOR SHIPPING TO SIERRA ARMY DEPOT AND 38 EACH FOR SHIPPING TO NEW CUMBERLAND.,CONT_AWD_SPRDL124F0095_9700_SPRDL119D0100_9700
0001372612,"BOX, INC.",SHADOWBOX CONSULTING ASSOCIATES LLC,False,W91YTZ18C0009,2018-04-05,2022-12-31,711556.91,Department of Defense,Department of the Army,COMPUTER SYSTEMS ANALYST,CONT_AWD_W91YTZ18C0009_9700_-NONE-_-NONE-
0001372612,"BOX, INC.",SHADOWBOX CONSULTING ASSOCIATES LLC,False,W81K0219P0177,2019-09-03,2024-10-31,685125.25,Department of Defense,Department of the Army,"BIOMEDICAL RESEARCH ASSOCIATE SERVICES FOR TAMC, HI 3 SEPT 19 - 2 SEPT 20, PLUS FOUR ONE-YEAR OPTIONS",CONT_AWD_W81K0219P0177_9700_-NONE-_-NONE-
0001372612,"BOX, INC.",OUTSIDE BOX LLC,False,W9124726FA069,2026-05-15,2026-10-23,678809.0,Department of Defense,Department of the Army,HC-00001-26 REPAIR BARRACKS 4-1137,CONT_AWD_W9124726FA069_9700_W9124723D9013_9700
0001372612,"BOX, INC.","SEA BOX, INC.",False,SPRDL122F0264,2022-09-20,2023-02-20,651691.0,Department of Defense,Defense Logistics Agency,DELIVERY ORDER FOR THE PURCHASE OF TRICON II CARC & NON-CARC CONTAINERS.,CONT_AWD_SPRDL122F0264_9700_SPRDL119D0088_9700
0001372612,"BOX, INC.","SEA BOX, INC.",False,FA821325FB040,2025-09-30,2026-02-02,646608.0,Department of Defense,Department of the Air Force,"SIDE-OPENING ISO CONTAINERS.  NAICS: 332439 PSC: 8140  FOR PRICING PURPOSES, ORDERING PERIOD 3 WILL BE USED: ORDERING PERIOD 3: 5 SEPTEMBER 2025 - 4 SEPTEMBER 2026",CONT_AWD_FA821325FB040_9700_FA821323DB001_9700
0001372612,"BOX, INC.","TREEN BOX & PALLET, INC",False,SPE8EF22F0137,2022-08-10,2023-07-01,636900.0,Department of Defense,Defense Logistics Agency,"8509300689!PALLET,MATERIAL HAN",CONT_AWD_SPE8EF22F0137_9700_SPE8EF17D0003_9700
0001372612,"BOX, INC.",MOLBOX LLC,False,W81XWH19P0164,2019-09-20,2025-03-27,629772.44,Department of Defense,Defense Health Agency,IN-SILICO SCREENING,CONT_AWD_W81XWH19P0164_9700_-NONE-_-NONE-
0001372612,"BOX, INC.",NATURES TOOLBOX INC,False,75A50123C00020,2023-04-17,2024-04-17,627627.92,Department of Health and Human Services,Office of Assistant Secretary for Preparedness and Response,"NATURE'S TOOLBOX (NTX) R&D FOR DEMONSTRATION OF A NOVEL, RAPIDLY DEPLOYABLE RNA VACCINE PRODUCTION PLATFORM  AOI# 21 VACCINES ON DEMAND",CONT_AWD_75A50123C00020_7505_-NONE-_-NONE-
0001372612,"BOX, INC.","TREEN BOX & PALLET, INC",False,SPE8EF25F0042,2025-01-13,2025-11-28,619960.32,Department of Defense,Defense Logistics Agency,"8511118145!PALLET,MATERIAL HAN",CONT_AWD_SPE8EF25F0042_9700_SPE8EF23D0005_9700
0001372612,"BOX, INC.","TREEN BOX & PALLET, INC",False,SPE8EF23F0100,2023-09-19,2023-09-26,610579.2,Department of Defense,Defense Logistics Agency,"8510155265!PALLET,MATERIAL HAN",CONT_AWD_SPE8EF23F0100_9700_SPE8EF23D0005_9700
0001372612,"BOX, INC.","TREEN BOX & PALLET, INC",False,SPE8EF23F0068,2023-06-26,2023-07-03,610579.2,Department of Defense,Defense Logistics Agency,"8509976156!PALLET,MATERIAL HAN",CONT_AWD_SPE8EF23F0068_9700_SPE8EF23D0005_9700
0001372612,"BOX, INC.",OUTSIDE BOX LLC,False,140P3023C0028,2023-09-22,2024-10-31,595786.0,Department of the Interior,National Park Service,NAMA PHASE II WATER BOTTLE FILLING STATIONS,CONT_AWD_140P3023C0028_1443_-NONE-_-NONE-
0001372612,"BOX, INC.","SEA BOX, INC.",False,FA561324F0351,2024-08-26,2026-06-12,594332.0,Department of Defense,Department of the Air Force,"EXPANDABLE BICON SHOWER AND LATRINE HYGIENIC SYSTEM IAW RFQ # F3N0424059A001 AND QUOTE # SB0624RW14, DATED 23-JULY-24",CONT_AWD_FA561324F0351_9700_GS07F253AA_4732
0001372612,"BOX, INC.","SEA BOX, INC.",False,SPE8ED26P0589,2026-04-30,2026-10-27,589696.0,Department of Defense,Defense Logistics Agency,8511959715!TRICON 1,CONT_AWD_SPE8ED26P0589_9700_-NONE-_-NONE-
0001372612,"BOX, INC.",DROPBOX INCORPORATED,False,33314521P00457948,2021-07-06,2024-05-13,589690.0,Smithsonian Institution,Smithsonian Institution,SOFTWARE LICENSING,CONT_AWD_33314521P00457948_3300_-NONE-_-NONE-
0001372612,"BOX, INC.","SEA BOX, INC.",False,N6817123F4002,2023-05-05,2023-08-09,572217.0,Department of Defense,Department of the Navy,GSA PURCHASE OF A SHOWER & LATRINE CONTAINER SYSTEM THAT WILL DELIVER TO NORFOLK VA.,CONT_AWD_N6817123F4002_9700_GS02F0024P_4730
0001372612,"BOX, INC.","BOXX MODULAR, INC.",False,FA857120F0038,2020-03-27,2024-12-31,572136.53,Department of Defense,Department of the Air Force,LEASE FOR MODULAR BUILDING 230,CONT_AWD_FA857120F0038_9700_47QSWA20D000Q_4732
0001372612,"BOX, INC.",OUTSIDE BOX LLC,False,W91QV122C0101,2022-09-30,2023-03-30,561231.0,Department of Defense,Department of the Army,RSO 1801 RPR WOODLAWN PLAYGROUN,CONT_AWD_W91QV122C0101_9700_-NONE-_-NONE-
0001372612,"BOX, INC.","SEA BOX, INC.",False,SPRDL122F0259,2022-09-15,2023-02-13,549774.0,Department of Defense,Defense Logistics Agency,DELIVERY ORDER FOR THE PURCHASE OF TRICON I & II CARC AND NON-CARC CONTAINERS.,CONT_AWD_SPRDL122F0259_9700_SPRDL119D0088_9700
0001372612,"BOX, INC.","TREEN BOX & PALLET, INC",False,SPE8EF22F0136,2022-08-09,2025-01-31,549648.0,Department of Defense,Defense Logistics Agency,"8509297689!PALLET,MATERIAL HAN",CONT_AWD_SPE8EF22F0136_9700_SPE8EF17D0003_9700
0001372612,"BOX, INC.","SEA BOX, INC.",False,FA821322F3185,2022-08-16,2023-02-13,549465.0,Department of Defense,Department of the Air Force,AMMUNITION GRADE ISO CONTAINERS - NSN 8140-01-296-7241NM,CONT_AWD_FA821322F3185_9700_FA821317D0010_9700
0001372612,"BOX, INC.","TREEN BOX & PALLET, INC",False,SPE8EF24F0084,2024-06-13,2024-06-20,539985.6,Department of Defense,Defense Logistics Agency,"8510686838!PALLET,MATERIAL HAN",CONT_AWD_SPE8EF24F0084_9700_SPE8EF23D0005_9700
0001372612,"BOX, INC.",OUTSIDE BOX LLC,False,140P3022C0036,2022-09-26,2023-09-30,519920.0,Department of the Interior,National Park Service,NATIONAL PARK SERVICE (NPS) - NATIONAL CAPITAL PARKS EAST (NACE) - KENILWORTH PARK & AQUATIC GARDENS - RESTORATION OF MAIN GREEN HOUSE AND REPAIR AND STABILIZATION OF HISTORIC GREENHOUSE #3,CONT_AWD_140P3022C0036_1443_-NONE-_-NONE-
0001372612,"BOX, INC.","SEA BOX, INC.",False,HQ086724F0004,2024-02-06,2024-06-12,518338.0,Department of Defense,Missile Defense Agency,CLIN 0001 MOBILE EXPANDING CONTAINERS,CONT_AWD_HQ086724F0004_9700_GS07F253AA_4732
0001372612,"BOX, INC.","TREEN BOX & PALLET, INC",False,SPE8EF22F0152,2022-09-01,2025-01-31,509520.0,Department of Defense,Defense Logistics Agency,"8509358603!PALLET,MATERIAL HAN",CONT_AWD_SPE8EF22F0152_9700_SPE8EF17D0003_9700
0001372612,"BOX, INC.","TREEN BOX & PALLET, INC",False,SPE8EF23P0219,2023-01-10,2023-06-21,506167.2,Department of Defense,Defense Logistics Agency,"8509630073!PALLET,MATERIAL HAN",CONT_AWD_SPE8EF23P0219_9700_-NONE-_-NONE-
0001372612,"BOX, INC.","TREEN BOX & PALLET, INC",False,SPE8EF26F0082,2026-04-17,2027-08-31,501811.2,Department of Defense,Defense Logistics Agency,"8512051216!PALLET,MATERIAL HAN",CONT_AWD_SPE8EF26F0082_9700_SPE8EF25D0007_9700
0001372612,"BOX, INC.",BLACKBOX BIOMETRICS INC,False,W15QKN22C0013,2022-01-26,2023-10-31,499946.33,Department of Defense,Department of the Army,ADVANCED ARTILLERY & MORTAR PERSONNEL BLAST GAUGE SYSTEM SBIR III CONTRACT.  TECHNICAL IMPROVEMENTS AND FIELD TRANSITION OF THE BLAST GAUGE SYSTEM.,CONT_AWD_W15QKN22C0013_9700_-NONE-_-NONE-
0001372612,"BOX, INC.","TREEN BOX & PALLET, INC",False,SPE8EF26F0019,2025-12-03,2026-05-05,498643.2,Department of Defense,Defense Logistics Agency,"8511789740!PALLET,MATERIAL HAN",CONT_AWD_SPE8EF26F0019_9700_SPE8EF25D0007_9700
0001372612,"BOX, INC.","TREEN BOX & PALLET, INC",False,SPE8EF25F0084,2025-07-16,2025-12-31,498643.2,Department of Defense,Defense Logistics Agency,"8511505104!PALLET,MATERIAL HAN",CONT_AWD_SPE8EF25F0084_9700_SPE8EF25D0007_9700
0001372612,"BOX, INC.",DOCBOX INC,False,HT942523C0098,2023-09-19,2024-10-04,497873.0,Department of Defense,Defense Health Agency,ADVANCED PROJECT DEVELOPMENT OF DOCBOX PLATFORM AND SOFTWARE AND ENGINEERING SERVICES.,CONT_AWD_HT942523C0098_9700_-NONE-_-NONE-
0001372612,"BOX, INC.","LABELBOX, INC.",False,70B04C21P00000222,2021-06-10,2022-06-30,496982.0,Department of Homeland Security,U.S. Customs and Border Protection,"AWARD TO LABELBOX, INC. VIA THE SBA'S SMALL BUSINESS INNOVATION RESEARCH (SBIR) PROGRAM, PHASE III FOR SOFTWARE AND LABELING SERVICES.",CONT_AWD_70B04C21P00000222_7014_-NONE-_-NONE-
0001372612,"BOX, INC.","TREEN BOX & PALLET, INC",False,SPE8EF22F0067,2022-02-22,2023-01-20,495264.0,Department of Defense,Defense Logistics Agency,"8508891900!PALLET,MATERIAL HAN",CONT_AWD_SPE8EF22F0067_9700_SPE8EF17D0003_9700
0001372612,"BOX, INC.",VISBOX INC,False,1333ND24PNB770337,2024-09-12,2025-04-09,494600.0,Department of Commerce,National Institute of Standards and Technology,IMMERSIVE VISUALIZATION ENVIRONMENT UPGRADE FOR HIGH PERFORMANCE COMPUTING AND VISUALIZATION RESEARCH.,CONT_AWD_1333ND24PNB770337_1341_-NONE-_-NONE-
0001372612,"BOX, INC.","IBOX GLOBAL, LLC",False,47QFSA19C0019,2019-09-30,2020-09-29,478447.2,General Services Administration,Federal Acquisition Service,AFCENT REMEDY TRAINING,CONT_AWD_47QFSA19C0019_4732_-NONE-_-NONE-
0001372612,"BOX, INC.","LIGHTBOX PARENT, L.P.",False,W912PL22P0008,2022-09-30,2026-10-02,477101.09,Department of Defense,Department of the Army,USACE-WIDE LANDVISION COMM. REAL ESTATE EDITION - NATIONAL DATABASE SUBSCRIPTION USER LICENSES,CONT_AWD_W912PL22P0008_9700_-NONE-_-NONE-
0001372612,"BOX, INC.","SEA BOX, INC.",False,SPRDL122F0170,2022-06-21,2022-11-18,470700.0,Department of Defense,Defense Logistics Agency,DELIVER ORDER FOR THE PURCHASE OF 25 ISO TYPE I CARC CONTAINERS,CONT_AWD_SPRDL122F0170_9700_SPRDL119D0100_9700
0001372612,"BOX, INC.",ROYAL PAPER BOX CO. OF CALIFORNIA,False,2031JG25P00035,2025-05-28,2027-02-05,452109.5,Department of the Treasury,United States Mint,PACKAGING - DC COMICS PROGRAM - 2.5 OUNCE SILVER MEDAL,CONT_AWD_2031JG25P00035_2044_-NONE-_-NONE-
0001372612,"BOX, INC.","SHINY BOX, LLC",False,H9242126PE015,2026-01-16,2027-01-15,444299.7,Department of Defense,U.S. Special Operations Command,"AUGMENTED REALITY TELEMENTOR (ARTM) SYSTEM THAT ALLOWS A SPECIALIST SURGEON, CRITICAL CARE, ANESTHESIA OR CBRN",CONT_AWD_H9242126PE015_9700_-NONE-_-NONE-
0001372612,"BOX, INC.","SEA BOX, INC.",False,SPE8ED25P0571,2025-02-11,2025-08-11,442960.0,Department of Defense,Defense Logistics Agency,8511178595!CONTAINERS IST - PHILADELPHIA,CONT_AWD_SPE8ED25P0571_9700_-NONE-_-NONE-
0001372612,"BOX, INC.",CHATTERBOX SPEECH THERAPY LLC,False,140A2323P0616,2023-08-14,2026-08-13,435635.75,Department of the Interior,Bureau of Indian Affairs and Bureau of Indian Education,SPEECH & LANGUAGE PATHOLOGIST,CONT_AWD_140A2323P0616_1450_-NONE-_-NONE-
0001372612,"BOX, INC.","SEA BOX, INC.",False,SPE8ED23P0763,2023-05-16,2023-10-13,404440.0,Department of Defense,Defense Logistics Agency,8509895070!CONTAINERS IST - PHILADELPHIA,CONT_AWD_SPE8ED23P0763_9700_-NONE-_-NONE-
0001372612,"BOX, INC.","BOXX MODULAR, INC.",False,36C25520F0026,2019-12-01,2020-11-30,400942.8,Department of Veterans Affairs,Department of Veterans Affairs,MODULAR BUILDING - CONTINUATION LEASE,CONT_AWD_36C25520F0026_3600_47QSWA20D000Q_4732
0001372612,"BOX, INC.","MAPBOX, INC.",False,1305M218CNCNL0017,2018-08-28,2023-08-28,395151.85,Department of Commerce,National Oceanic and Atmospheric Administration,IGF::OT::IGF - WEB APPLICATION PROGRAM INTERFACE SERVICES FOR THE NATIONAL GEODETIC SURVEY,CONT_AWD_1305M218CNCNL0017_1330_-NONE-_-NONE-
0001372612,"BOX, INC.",OUTSIDE BOX LLC,False,140P3021C0069,2021-09-27,2022-05-27,393893.0,Department of the Interior,National Park Service,NATIONAL PARK SERVICE - WOLF TRAP NATIOANL PARK FOR THE PERFORMING ARTS - REPLACE FILENE CENTER WATER HEATERS  8(A) SOLE SOURCE UNDER FAR 19.8,CONT_AWD_140P3021C0069_1443_-NONE-_-NONE-
0001372612,"BOX, INC.",SKETCHBOX INC,False,FA442722F0060,2022-08-08,2023-01-15,380000.0,Department of Defense,Department of the Air Force,VIRTUAL TRAINER DEVICES IAW SOO KC-10 CARGO LOADER,CONT_AWD_FA442722F0060_9700_FA442721D0002_9700
0001372612,"BOX, INC.","SEA BOX, INC.",False,SPE8ED24P0647,2024-04-29,2024-11-09,378990.0,Department of Defense,Defense Logistics Agency,8510597008!CONTAINERS IST - PHILADELPHIA,CONT_AWD_SPE8ED24P0647_9700_-NONE-_-NONE-
0001372612,"BOX, INC.","IBOX GLOBAL, LLC",False,47QFHA18A0001,2018-02-01,2022-09-29,372937.92,General Services Administration,Federal Acquisition Service,"VOIP TELEPHONE MAINTENANCE AND SERVICE - AWARD OF THIS NEW TASK ORDER ID06180003 IS THE RESULT OF TASK ORDER ID17170026 BEING TRANSFERRED FROM THE GSA EXPANDED SERVICES PROGRAM TO THE GSA REGION 6 ASSISTED ACQUISITION PROGRAM. THIS CHANGE IS AN ITSS SYSTEMS REQUIREMENT AND DOES NOT AFFECT THE TERMS AND CONDITIONS OF THE PREVIOUSLY AWARDED TASK ORDER.   ALL CONTRACT FILE DOCUMENTATION FROM TASK ORDER ID17170026 WILL BE TRANSFERRED TO THE NEW TASK ORDER ID06180003 IN ITSS.  ALL INVOICES FOR SERVICE MONTHS BEYOND 2/01/2018 SHOULD BE BILLED AGAINST THE NEW TASK ORDER ID06180003. THE REMAINING PERIOD OF PERFORMANCE WILL BE ADMINISTERED UNDER THE NEW TASK ORDER ID06180003. THE ORIGINAL AWARD VALUE IS $387,903.24 OF WHICH $65,424.59 WAS OBLIGATED AGAINST ORIGINAL TASK ORDER ID17170026.",CONT_AWD_47QFHA18A0001_4732_-NONE-_-NONE-
0001372612,"BOX, INC.","IBOX GLOBAL, LLC",False,47QFPA18F0044,2018-08-09,2023-08-08,369842.31,General Services Administration,Federal Acquisition Service,UPS MAINTENANCE SUPPORT,CONT_AWD_47QFPA18F0044_4732_GS00Q17GWD2138_4732
0001372612,"BOX, INC.","SEA BOX, INC.",False,SPE8ED24P0220,2023-11-16,2024-04-15,363444.0,Department of Defense,Defense Logistics Agency,8510266430!SHIPPING AND STORAG,CONT_AWD_SPE8ED24P0220_9700_-NONE-_-NONE-
0001372612,"BOX, INC.","LOCHBOX TECHNOLOGIES, INC.",False,FA448422P0017,2022-04-03,2027-04-02,349580.0,Department of Defense,Department of the Air Force,VOICEMAIL SUSTAINMENT SERVICES AT JBMDL,CONT_AWD_FA448422P0017_9700_-NONE-_-NONE-
0001372612,"BOX, INC.","TREEN BOX & PALLET, INC",False,SPE8EF26F0058,2026-03-17,2027-01-01,342599.4,Department of Defense,Defense Logistics Agency,"8511981350!PALLET,MATERIAL HAN",CONT_AWD_SPE8EF26F0058_9700_SPE8EF25D0007_9700
0001372612,"BOX, INC.","SEA BOX, INC.",False,SPE8ED24P0965,2024-08-30,2025-08-29,342000.0,Department of Defense,Defense Logistics Agency,8510856771!SHELTER EXPANDABLE,CONT_AWD_SPE8ED24P0965_9700_-NONE-_-NONE-
0001372612,"BOX, INC.",SHADOWBOX CONSULTING ASSOCIATES LLC,False,75D30118C01286,2018-07-17,2020-07-17,341913.65,Department of Health and Human Services,Centers for Disease Control and Prevention,IGF::OT::IGF SPEECHWRITING SERVICES,CONT_AWD_75D30118C01286_7523_-NONE-_-NONE-
0001372612,"BOX, INC.","SEA BOX, INC.",False,SPE8ED24P0133,2023-10-26,2024-04-22,341294.0,Department of Defense,Defense Logistics Agency,8510229614!SHELTER EXPANDABLE,CONT_AWD_SPE8ED24P0133_9700_-NONE-_-NONE-
0001372612,"BOX, INC.",SKETCHBOX INC,False,FA442723P0097,2023-09-08,2023-11-08,337973.0,Department of Defense,Department of the Air Force,SKETCHBOX AI INSTRUCTION ENGINE SBIR PHASE III - KC - 46 TRAINING MODULES,CONT_AWD_FA442723P0097_9700_-NONE-_-NONE-
0001372612,"BOX, INC.",SHADOWBOX CONSULTING ASSOCIATES LLC,False,W81K0224P0067,2024-09-03,2026-09-02,324867.92,Department of Defense,Defense Health Agency,"BIOMEDICAL RESEARCH ASSOCIATE SERVICES, TRIPLER ARMY MEDICAL CENTER, HAWAII PURCHASE ORDER AWARD",CONT_AWD_W81K0224P0067_9700_-NONE-_-NONE-
0001372612,"BOX, INC.","SEA BOX, INC.",False,FA821324FB028,2024-09-26,2025-01-27,324120.0,Department of Defense,Department of the Air Force,"SIDE-OPENING ISO CONTAINERS.  NAICS: 332439PSC: 8140  FOR PRICING PURPOSES, THIS DELIVERY ORDER FALLS UNDER THE FOLLOWING ORDERING PERIOD:ORDERING PERIOD 2: 5 SEPTEMBER 2024 - 4 SEPTEMBER 2025",CONT_AWD_FA821324FB028_9700_FA821323DB001_9700
0001372612,"BOX, INC.","SEA BOX, INC.",False,SPRDL122F0126,2022-05-18,2022-10-17,323100.0,Department of Defense,Defense Logistics Agency,DELIVERY ORDER FOR THE PURCHASE OF TRICON II CARC CONTAINERS,CONT_AWD_SPRDL122F0126_9700_SPRDL119D0088_9700
0001372612,"BOX, INC.","SEA BOX, INC.",False,SPE8ED25P1420,2025-07-29,2025-11-26,320682.0,Department of Defense,Defense Logistics Agency,"8511532357!CONTAINER,FREIGHT,G",CONT_AWD_SPE8ED25P1420_9700_-NONE-_-NONE-
0001372612,"BOX, INC.","BLACK BOX SAFETY, INC",False,36C24W25P0124,2025-11-17,2025-12-30,315475.36,Department of Veterans Affairs,Department of Veterans Affairs,"WASTE CONTAINERS, MISCELLANEOUS SECURITY PRODUCTS, AND MISCELLANEOUS CUSTODIAL PRODUCTS",CONT_AWD_36C24W25P0124_3600_-NONE-_-NONE-
0001372612,"BOX, INC.",OUTSIDE BOX LLC,False,W91QV122C0098,2022-09-30,2023-03-30,314897.0,Department of Defense,Department of the Army,CH-22101-2J 1018 RPR CHAPEL DESIGN -PURCHASE AND INSTALLATION OF A HANDICAP ACCESSIBLE PLAYGROUND,CONT_AWD_W91QV122C0098_9700_-NONE-_-NONE-
0001372612,"BOX, INC.",SHADOWBOX CONSULTING ASSOCIATES LLC,False,N6264518F0662,2018-12-24,2024-01-31,311682.32,Department of Defense,Defense Health Agency,"BENEFICIARY SERVICES REPRESENTATIVE (PEBLO) TO SUPPORT THE NAVAL HEALTH CLINIC QUANTICO LOCATED IN QUANTICO, VIRGINIA",CONT_AWD_N6264518F0662_9700_HT001418D0025_9700
0001372612,"BOX, INC.","SEA BOX, INC.",False,SPRDL122F0097,2022-04-25,2022-09-22,311567.0,Department of Defense,Defense Logistics Agency,DELIVERY ORDER FOR THE PURCHASE OF TRICON I & II NON-CARC CONTAINERS.,CONT_AWD_SPRDL122F0097_9700_SPRDL119D0088_9700
0001372612,"BOX, INC.","SEA BOX, INC.",False,SPRDL122F0255,2022-09-20,2023-04-21,302419.6,Department of Defense,Defense Logistics Agency,DELIVERY ORDER FOR THE PURCHASE OF ISO TYPE 3 NON-CARC CONTAINERS.,CONT_AWD_SPRDL122F0255_9700_SPRDL119D0100_9700
0001372612,"BOX, INC.",ISOBOX INC,False,H9228125PE005,2025-09-26,2025-12-01,297960.0,Department of Defense,U.S. Special Operations Command,PANAMA CHU,CONT_AWD_H9228125PE005_9700_-NONE-_-NONE-
0001372612,"BOX, INC.","SEA BOX, INC.",False,W91ZLK21P0070,2021-06-30,2022-06-29,285740.0,Department of Defense,Department of the Army,BASE YEAR QUADCON REFURB,CONT_AWD_W91ZLK21P0070_9700_-NONE-_-NONE-
0001372612,"BOX, INC.","TREEN BOX & PALLET, INC",False,SPE8EF21P0645,2021-07-16,2021-09-10,280224.0,Department of Defense,Defense Logistics Agency,"8508367908!PALLET,MATERIAL HAN",CONT_AWD_SPE8EF21P0645_9700_-NONE-_-NONE-
0001372612,"BOX, INC.","SEA BOX, INC.",False,SPRDL122F0254,2022-09-14,2023-04-14,277104.5,Department of Defense,Defense Logistics Agency,DELIVERY ORDER FOR THE PURCHASE OF ISO I CARC & NON-CARC CONTAINERS.,CONT_AWD_SPRDL122F0254_9700_SPRDL119D0100_9700
0001372612,"BOX, INC.","TREEN BOX & PALLET, INC",False,SPE8EF26F0056,2026-03-17,2027-01-01,266296.8,Department of Defense,Defense Logistics Agency,"8511981225!PALLET,MATERIAL HAN",CONT_AWD_SPE8EF26F0056_9700_SPE8EF25D0007_9700
0001372612,"BOX, INC.",SHADOWBOX CONSULTING ASSOCIATES LLC,False,HT940625F0002,2024-11-24,2026-11-23,262569.87,Department of Defense,Defense Health Agency,MEDICAL APPOINTMENT CLERKS ( 3 FTE),CONT_AWD_HT940625F0002_9700_HT001418D0025_9700
0001372612,"BOX, INC.",SHADOWBOX LLC,False,FA865021C6300,2021-08-19,2024-02-20,260272.0,Department of Defense,Department of the Air Force,ARTIFICIAL INTELLIGENCE QUOTIENT,CONT_AWD_FA865021C6300_9700_-NONE-_-NONE-
0001372612,"BOX, INC.","BLACK BOX SAFETY, INC",False,75H71025P01224,2025-09-19,2026-09-30,260000.0,Department of Health and Human Services,Indian Health Service,"BPA FOR VARIOUS ELECTRICAL, MECHANICAL, WELDING, MOTORS, MACHINING MATERIALS AND SUPPLIES - GIMC FACILITY MANAGEMENT DEPARTMENT",CONT_AWD_75H71025P01224_7527_-NONE-_-NONE-
0001372612,"BOX, INC.","GRIGG BOX COMPANY, INC.",False,SP075005C3077,2005-06-07,2023-01-23,259023.0,Department of Defense,Defense Contract Management Agency,200509!8E8116!97AS!SP0750!DEFENSE SUPPLY CENTER COLUMBUS  !SP075005C3077  !A!N! !N!             !P00001!20050607!20050607!006404560!006404560!006404560!N!METRO PACKAGING INC           !19000 FITZPATRICK ST      !DETROIT             !MI!48228!22000!163!26!DETROIT             !WAYNE                 !MICHIGAN  !+000000259023!N!N!000000000000!2815!DIESEL ENGINES AND COMPONENTS                     !C9A!CONSTRUCTION EQUIPMENT              !000 !*                             !333618!E! !3! ! !A! ! !20200930!B! ! !N!Z!A!N!J!2!002!N!3A!Z!N!Z! !  !N!C!N! ! ! !Z!Z!A!A!000!A!B!N! ! ! ! !    !      !0001! !,CONT_AWD_SP075005C3077_9700_-NONE-_-NONE-
0001372612,"BOX, INC.",ROYAL PAPER BOX CO. OF CALIFORNIA,False,2031JG25P00026,2025-05-28,2027-05-11,252179.0,Department of the Treasury,United States Mint,PACKAGING - DC COMICS PACKAGING - HALF OUNCE GOLD COIN,CONT_AWD_2031JG25P00026_2044_-NONE-_-NONE-
0001372612,"BOX, INC.","TREEN BOX & PALLET, INC",False,SPE8EF25F0098,2025-08-21,2025-11-28,250668.0,Department of Defense,Defense Logistics Agency,"8511589886!PALLET,MATERIAL HAN",CONT_AWD_SPE8EF25F0098_9700_SPE8EF25D0007_9700
0001372612,"BOX, INC.",VISBOX INC,False,W912HZ24P0091,2024-06-25,2025-04-30,248000.0,Department of Defense,Department of the Army,THE IMMERSIVE VISUALIZATION SPACE SHALL BE CAPABLE OF HOSTING COMPUTER-AIDED DESIGN (CAD) AND BUILDING INFORMATION MODELING (BIM) PROJECT FILES AND PROVIDE INTERACTIVE CAPABILITIES FOR THE END USER.,CONT_AWD_W912HZ24P0091_9700_-NONE-_-NONE-
0001372612,"BOX, INC.","SEA BOX, INC.",False,W912JC22F4084,2022-09-09,2023-05-19,243380.24,Department of Defense,Department of the Army,20 FT REFRIGERATED ISO CONTAINER W/ GENERATOR,CONT_AWD_W912JC22F4084_9700_GS02F0024P_4730
0001372612,"BOX, INC.",ISOBOX INC,False,H9228125CE002,2025-08-31,2025-12-15,237445.4,Department of Defense,U.S. Special Operations Command,"THE PURPOSE OF THIS CONTRACT IS TO COMPLETE A RENOVATION PROJECT AT COROZAL ESTE, PANAMA. IN ACCORDANCE WITH FAR 36.204, THE ESTIMATED MAGNITUDE OF THE CONTRACT THAT WILL RESULT FROM THIS CONTRACT WILL BE BETWEEN $100,000 AND $250,000 (USD).",CONT_AWD_H9228125CE002_9700_-NONE-_-NONE-
0001372612,"BOX, INC.","SEA BOX, INC.",False,47QSEA22FA9WP,2022-09-29,2023-02-11,236439.0,General Services Administration,Federal Acquisition Service,"QUADCON LOCKER- SEA BOX PART # SB812.0.2C6S - PAINTED BLUE INTERIOR & EXTERIOR 47QSEA22Q0218, RFQ1591745 120DAY ARO OR SOONER",CONT_AWD_47QSEA22FA9WP_4732_GS02F0024P_4730
0001372612,"BOX, INC.",REDGUARD LLC,False,W912ER22C0005,2022-02-15,2023-04-16,233500.0,Department of Defense,Department of the Army,PROCUREMENT/FABRICATION/US INSPECTION OF THE COMSEC VAULT AND ASSOCIATED EQUIPMENT/MATERIAL.,CONT_AWD_W912ER22C0005_9700_-NONE-_-NONE-
0001372612,"BOX, INC.","SEA BOX, INC.",False,W912HZ25F0184,2025-06-30,2026-06-15,233329.0,Department of Defense,Department of the Army,APFIT ISO CONTAINERS - U4402161,CONT_AWD_W912HZ25F0184_9700_W912HZ23A0061_9700
0001372612,"BOX, INC.","TREEN BOX & PALLET, INC",False,SPMYM226F6029,2025-11-12,2025-12-30,232752.0,Department of Defense,Defense Logistics Agency,PALLET MATERIAL HANDLING,CONT_AWD_SPMYM226F6029_9700_SPMYM224D0003_9700
0001372612,"BOX, INC.","TREEN BOX & PALLET, INC",False,SPE8EF22F0153,2022-09-07,2022-12-01,232041.6,Department of Defense,Defense Logistics Agency,"8509370154!PALLET,MATERIAL HAN",CONT_AWD_SPE8EF22F0153_9700_SPE8EF17D0003_9700
0001372612,"BOX, INC.","TREEN BOX & PALLET, INC",False,SPE8EF24F0102,2024-07-29,2025-05-05,231422.4,Department of Defense,Defense Logistics Agency,"8510785627!PALLET,MATERIAL HAN",CONT_AWD_SPE8EF24F0102_9700_SPE8EF23D0005_9700
0001372612,"BOX, INC.","TREEN BOX & PALLET, INC",False,SPE8EF25F0047,2025-01-13,2026-04-23,230472.0,Department of Defense,Defense Logistics Agency,"8511118230!PALLET,MATERIAL HAN",CONT_AWD_SPE8EF25F0047_9700_SPE8EF23D0005_9700
0001372612,"BOX, INC.","TREEN BOX & PALLET, INC",False,SPE8EF25F0019,2024-11-12,2025-06-02,230472.0,Department of Defense,Defense Logistics Agency,"8511009923!PALLET,MATERIAL HAN",CONT_AWD_SPE8EF25F0019_9700_SPE8EF23D0005_9700
0001372612,"BOX, INC.","SEA BOX, INC.",False,SPE8ED21P0608,2021-02-19,2021-08-26,227616.0,Department of Defense,Defense Logistics Agency,"8507996429!CONTAINER,FREIGHT,G",CONT_AWD_SPE8ED21P0608_9700_-NONE-_-NONE-
0001372612,"BOX, INC.","TREEN BOX & PALLET, INC",False,SPE8EF25F0039,2025-01-13,2025-07-31,225720.0,Department of Defense,Defense Logistics Agency,"8511118140!PALLET,MATERIAL HAN",CONT_AWD_SPE8EF25F0039_9700_SPE8EF23D0005_9700
0001372612,"BOX, INC.",ROYAL PAPER BOX CO. OF CALIFORNIA,False,2031JG23F00364,2023-09-26,2024-09-21,222978.11,Department of the Treasury,United States Mint,"2024 CARTON AMERICAN INNOVATION $1 PROOF SET,2024 CARTON AMERICAN INNOVATION $1 REVERSE PROOF SET",CONT_AWD_2031JG23F00364_2044_2031JG21D00026_2044
0001372612,"BOX, INC.","SEA BOX, INC.",False,SPRDL123F0140,2023-05-11,2023-10-09,216560.0,Department of Defense,Defense Logistics Agency,DELIVERY ORDER FOR THE PURCHASE OF 20 ISO TYPE III NON-CARC CONTAINERS.,CONT_AWD_SPRDL123F0140_9700_SPRDL119D0100_9700
0001372612,"BOX, INC.","TREEN BOX & PALLET, INC",False,SPE8EF24F0061,2024-04-17,2025-03-06,214431.84,Department of Defense,Defense Logistics Agency,"8510575759!PALLET,MATERIAL HAN",CONT_AWD_SPE8EF24F0061_9700_SPE8EF23D0005_9700
0001372612,"BOX, INC.",BOXBORO SYSTEMS LLC,False,693JJ919P000014,2019-06-05,2024-09-03,210053.21,Department of Transportation,National Highway Traffic Safety Administration,PURCHASE AND UPGRADE OF WSID-5F RIBEYE SYSTEMS,CONT_AWD_693JJ919P000014_6940_-NONE-_-NONE-
0001372612,"BOX, INC.","SEA BOX, INC.",False,SPE8ED24P0932,2024-08-16,2024-12-16,207920.0,Department of Defense,Defense Logistics Agency,"8510827144!CONTAINER,FREIGHT,G",CONT_AWD_SPE8ED24P0932_9700_-NONE-_-NONE-
0001372612,"BOX, INC.",ROYAL PAPER BOX CO. OF CALIFORNIA,False,2031JG23F00252,2023-07-10,2024-06-22,206730.78,Department of the Treasury,United States Mint,"2024 CARTON AMERICAN INNOVATION $1 PROOF SET,2024 CARTON AMERICAN INNOVATION $1 REVERSE PROOF SET",CONT_AWD_2031JG23F00252_2044_2031JG21D00026_2044
0001372612,"BOX, INC.","SEA BOX, INC.",False,SPE8ED25P0718,2025-03-06,2025-07-07,205045.0,Department of Defense,Defense Logistics Agency,"8511229359!CONTAINER,FREIGHT,G",CONT_AWD_SPE8ED25P0718_9700_-NONE-_-NONE-
0001372612,"BOX, INC.","SEA BOX, INC.",False,M6740021F0203,2021-09-16,2021-12-15,205020.0,Department of Defense,Department of the Navy,QUADCON DRY FREIGHT ISO CONTAINER,CONT_AWD_M6740021F0203_9700_GS02F0024P_4730
0001372612,"BOX, INC.",COGNITIVE TOYBOX INC,False,91990019C0021,2019-06-24,2020-02-23,200000.0,Department of Education,Department of Education,2019 SMALL BUSINESS INNOVATION RESEARCH (SBIR) PHASE I AWARD,CONT_AWD_91990019C0021_9100_-NONE-_-NONE-
0001372612,"BOX, INC.","TREEN BOX & PALLET, INC",False,SPE8EF25F0070,2025-01-15,2025-12-31,193737.6,Department of Defense,Defense Logistics Agency,"8511123373!PALLET,MATERIAL HAN",CONT_AWD_SPE8EF25F0070_9700_SPE8EF23D0005_9700
0001372612,"BOX, INC.","AMERICAN DEBRIS BOX SERVICE, INC.",False,140P8625P0018,2025-03-25,2027-04-14,193470.0,Department of the Interior,National Park Service,VAULT AND PORTABLE TOILET SERVICES,CONT_AWD_140P8625P0018_1443_-NONE-_-NONE-
0001372612,"BOX, INC.","TREEN BOX & PALLET, INC",False,SPE8EF23F0057,2023-05-10,2023-06-02,192003.84,Department of Defense,Defense Logistics Agency,"8509882613!PALLET,MATERIAL HAN",CONT_AWD_SPE8EF23F0057_9700_SPE8EF23D0005_9700
0001372612,"BOX, INC.","LOCHBOX TECHNOLOGIES, INC.",False,HC102823P0031,2023-03-27,2025-09-30,190163.97,Department of Defense,Defense Information Systems Agency,LABOR,CONT_AWD_HC102823P0031_9700_-NONE-_-NONE-
0001372612,"BOX, INC.","TREEN BOX & PALLET, INC",False,SPE8EF25F0045,2025-01-13,2025-09-30,188100.0,Department of Defense,Defense Logistics Agency,"8511118186!PALLET,MATERIAL HAN",CONT_AWD_SPE8EF25F0045_9700_SPE8EF23D0005_9700
0001372612,"BOX, INC.","TREEN BOX & PALLET, INC",False,SPE8EF25F0003,2024-10-03,2025-04-02,188100.0,Department of Defense,Defense Logistics Agency,"8510936546!PALLET,MATERIAL HAN",CONT_AWD_SPE8EF25F0003_9700_SPE8EF23D0005_9700
0001372612,"BOX, INC.","TREEN BOX & PALLET, INC",False,SPE8EF22F0106,2022-06-15,2022-09-21,185633.28,Department of Defense,Defense Logistics Agency,"8509170585!PALLET,MATERIAL HAN",CONT_AWD_SPE8EF22F0106_9700_SPE8EF17D0003_9700
0001372612,"BOX, INC.",ROYAL PAPER BOX CO. OF CALIFORNIA,False,2031JG25F00246,2025-08-22,2026-08-20,185227.2,Department of the Treasury,United States Mint,2026 CARTONS,CONT_AWD_2031JG25F00246_2044_2031JG21D00026_2044
0001372612,"BOX, INC.","SEA BOX, INC.",False,N0018922F1424,2022-09-09,2023-01-07,184889.64,Department of Defense,Department of the Navy,SHIPPING CONTAINERS,CONT_AWD_N0018922F1424_9700_GS02F0024P_4730
0001372612,"BOX, INC.",SHADOWBOX CONSULTING ASSOCIATES LLC,False,FA524019F0013,2019-04-19,2024-07-31,184683.3,Department of Defense,Department of the Air Force,REFERRAL MANAGEMENT LPN,CONT_AWD_FA524019F0013_9700_HT001418D0025_9700
0001372612,"BOX, INC.",BRAINBOX LTD,False,36C24123P0938,2023-09-19,2024-09-18,183455.0,Department of Veterans Affairs,Department of Veterans Affairs,NEUROFUS PRO TURNKEY,CONT_AWD_36C24123P0938_3600_-NONE-_-NONE-
0001372612,"BOX, INC.","SEA BOX, INC.",False,SPE8ED24V0019,2023-10-10,2024-03-08,181722.0,Department of Defense,Defense Logistics Agency,8510199903!SHIPPING AND STORAG,CONT_AWD_SPE8ED24V0019_9700_-NONE-_-NONE-
0001372612,"BOX, INC.","TREEN BOX & PALLET, INC",False,SPE8EF22F0046,2021-12-22,2022-04-29,180472.32,Department of Defense,Defense Logistics Agency,"8508766919!PALLET,MATERIAL HAN",CONT_AWD_SPE8EF22F0046_9700_SPE8EF17D0003_9700
0001372612,"BOX, INC.","TREEN BOX & PALLET, INC",False,SPE8EF22F0005,2021-10-19,2022-03-04,180472.32,Department of Defense,Defense Logistics Agency,"8508626656!PALLET,MATERIAL HAN",CONT_AWD_SPE8EF22F0005_9700_SPE8EF17D0003_9700
0001372612,"BOX, INC.","SEA BOX, INC.",False,47QSSC24F23X6,2024-01-02,2024-02-01,180153.6,General Services Administration,Federal Acquisition Service,PN: SB812.0.2C.6S; ITEM: QUADCON LOCKER GS-02F-0024P  RFQ1665705,CONT_AWD_47QSSC24F23X6_4732_GS07F253AA_4732
0001372612,"BOX, INC.","TREEN BOX & PALLET, INC",False,SPE8EF23F0085,2023-07-24,2023-09-05,179746.56,Department of Defense,Defense Logistics Agency,"8510030446!PALLET,MATERIAL HAN",CONT_AWD_SPE8EF23F0085_9700_SPE8EF23D0005_9700
0001372612,"BOX, INC.","SEA BOX, INC.",False,SPRDL122F0085,2022-04-20,2022-09-19,178080.0,Department of Defense,Defense Logistics Agency,DELIVERY ORDER FOR THE PURCHASE OF 21 EACH TRICON II NON-CARC CONTAINERS.,CONT_AWD_SPRDL122F0085_9700_SPRDL119D0088_9700
0001372612,"BOX, INC.","TREEN BOX & PALLET, INC",False,SPE8EF24F0112,2024-08-05,2025-03-20,177223.2,Department of Defense,Defense Logistics Agency,"8510800542!PALLET,MATERIAL HAN",CONT_AWD_SPE8EF24F0112_9700_SPE8EF23D0005_9700
0001372612,"BOX, INC.","SEA BOX, INC.",False,SPE8ED24P0841,2024-07-19,2024-12-16,174371.0,Department of Defense,Defense Logistics Agency,8510764141!SHELTER EXPANDABLE,CONT_AWD_SPE8ED24P0841_9700_-NONE-_-NONE-
0001372612,"BOX, INC.","LIGHTBOX PARENT, L.P.",False,12444825C0003,2025-10-01,2027-09-30,174250.0,Department of Agriculture,Forest Service,"FOREST INVENTORY & ANALYSIS (FIA) IS SEEKING SPATIALLY EXPLICIT PARCEL OWNERSHIP DATA FOR THE US, TO INCLUDE SPATIAL BOUNDARIES, PROPERTY ADDRESS, OWNERSHIP NAME, MAILING ADDRESS AND ASSESSMENT INFORMATION (E.G. PARCEL SIZE, ASSESSED VALUE, RECEN",CONT_AWD_12444825C0003_12C2_-NONE-_-NONE-
0001372612,"BOX, INC.","SEA BOX, INC.",False,SPE8ED25P0074,2024-10-08,2025-02-05,173488.0,Department of Defense,Defense Logistics Agency,"8510943841!TRICON,FREIGHT,SPEC",CONT_AWD_SPE8ED25P0074_9700_-NONE-_-NONE-
0001372612,"BOX, INC.","TREEN BOX & PALLET, INC",False,SPE8EF24F0010,2023-10-24,2024-03-26,171682.56,Department of Defense,Defense Logistics Agency,"8510226851!PALLET,MATERIAL HAN",CONT_AWD_SPE8EF24F0010_9700_SPE8EF23D0005_9700
0001372612,"BOX, INC.","SEA BOX, INC.",False,SPE8ED22P0440,2022-02-28,2022-09-16,167790.0,Department of Defense,Defense Logistics Agency,8508854466!CONTAINERS IST - PHILADELPHIA,CONT_AWD_SPE8ED22P0440_9700_-NONE-_-NONE-
0001372612,"BOX, INC.",CHATTERBOX SPEECH THERAPY LLC,False,140A2326P0382,2026-09-16,2027-09-15,165792.0,Department of the Interior,Bureau of Indian Affairs and Bureau of Indian Education,SPEECH LANGUAGE THERAPIST,CONT_AWD_140A2326P0382_1450_-NONE-_-NONE-
0001372612,"BOX, INC.","DRY BOX, INC.",False,N0040622P0035,2021-11-15,2022-09-30,164400.0,Department of Defense,Department of the Navy,RENTAL CONEX CHILLER,CONT_AWD_N0040622P0035_9700_-NONE-_-NONE-
0001372612,"BOX, INC.","TREEN BOX & PALLET, INC",False,SPE8EF24F0053,2024-03-11,2024-04-30,163376.64,Department of Defense,Defense Logistics Agency,"8510497450!PALLET,MATERIAL HAN",CONT_AWD_SPE8EF24F0053_9700_SPE8EF23D0005_9700
0001372612,"BOX, INC.","SEA BOX, INC.",False,SPE8ED22P7033,2022-06-23,2022-11-25,162521.0,Department of Defense,Defense Logistics Agency,8509110128!SHELTER EXPANDABLE,CONT_AWD_SPE8ED22P7033_9700_-NONE-_-NONE-
0001372612,"BOX, INC.","SEA BOX, INC.",False,SPE8ED25P0735,2025-03-12,2025-09-08,162230.0,Department of Defense,Defense Logistics Agency,"8511238895!CONTAINER,FREIGHT,G",CONT_AWD_SPE8ED25P0735_9700_-NONE-_-NONE-
0001372612,"BOX, INC.","SEA BOX, INC.",False,SPRDL122F0269,2022-09-22,2023-02-17,159560.0,Department of Defense,Defense Logistics Agency,DELIVERY ORDER FOR THE PURCHASE OF QUADCON NON-CARC CONTAINERS.,CONT_AWD_SPRDL122F0269_9700_SPRDL119D0100_9700
0001372612,"BOX, INC.","SEA BOX, INC.",False,SPE8ED23P0467,2023-02-14,2023-03-16,159075.0,Department of Defense,Defense Logistics Agency,"8509699803!TRICON,FREIGHT,SPEC",CONT_AWD_SPE8ED23P0467_9700_-NONE-_-NONE-
0001372612,"BOX, INC.","TREEN BOX & PALLET, INC",False,SPE8EF24F0110,2024-08-05,2027-01-01,158997.6,Department of Defense,Defense Logistics Agency,"8510800504!PALLET,MATERIAL HAN",CONT_AWD_SPE8EF24F0110_9700_SPE8EF23D0005_9700
0001372612,"BOX, INC.","TREEN BOX & PALLET, INC",False,SPE8EF24F0092,2024-07-16,2024-09-06,158941.44,Department of Defense,Defense Logistics Agency,"8510755583!PALLET,MATERIAL HAN",CONT_AWD_SPE8EF24F0092_9700_SPE8EF23D0005_9700
0001372612,"BOX, INC.","TREEN BOX & PALLET, INC",False,SPMYM223F0373,2023-08-07,2023-09-09,158688.0,Department of Defense,Defense Logistics Agency,PALLET OPTION YEAR FOUR,CONT_AWD_SPMYM223F0373_9700_SPMYM218D0008_9700
0001372612,"BOX, INC.","TREEN BOX & PALLET, INC",False,SPE8EF21P0742,2021-08-24,2021-10-27,158245.92,Department of Defense,Defense Logistics Agency,"8508472789!PALLET,MATERIAL HAN",CONT_AWD_SPE8EF21P0742_9700_-NONE-_-NONE-
0001372612,"BOX, INC.",BRAINBOX LTD,False,36C24522P0615,2022-08-04,2023-05-14,156550.0,Department of Veterans Affairs,Department of Veterans Affairs,THIS IS FOR THE PURCHASE OF NEUROFUST 2.0 TRANSCRANIAL ULTRASOUND SYSTEM,CONT_AWD_36C24522P0615_3600_-NONE-_-NONE-
0001372612,"BOX, INC.","TREEN BOX & PALLET, INC",False,SPE8EF25F0096,2025-08-18,2026-05-14,156261.6,Department of Defense,Defense Logistics Agency,"8511579097!PALLET,MATERIAL HAN",CONT_AWD_SPE8EF25F0096_9700_SPE8EF25D0007_9700
0001372612,"BOX, INC.","FARMBOXFOODS, LLC",False,80NSSC25PB648,2025-08-06,2026-11-01,155500.0,National Aeronautics and Space Administration,National Aeronautics and Space Administration,CONEX BOX,CONT_AWD_80NSSC25PB648_8000_-NONE-_-NONE-
0001372612,"BOX, INC.","TREEN BOX & PALLET, INC",False,SPE8EF25F0040,2025-01-13,2025-03-21,154990.08,Department of Defense,Defense Logistics Agency,"8511118141!PALLET,MATERIAL HAN",CONT_AWD_SPE8EF25F0040_9700_SPE8EF23D0005_9700
0001372612,"BOX, INC.","TREEN BOX & PALLET, INC",False,SPE8EF25F0015,2024-11-07,2024-12-31,154990.08,Department of Defense,Defense Logistics Agency,"8511004344!PALLET,MATERIAL HAN",CONT_AWD_SPE8EF25F0015_9700_SPE8EF23D0005_9700
0001372612,"BOX, INC.","SEA BOX, INC.",False,12048923F0005,2023-02-16,2023-07-16,149373.96,Department of Agriculture,Forest Service,PURCHASE TWO (2) REFRIGERATED STORAGE WITH GENERATOR,CONT_AWD_12048923F0005_12C2_GS02F0024P_4730
0001372612,"BOX, INC.","BLACK BOX SAFETY, INC",False,36C25724P0506,2024-08-27,2025-08-26,148001.26,Department of Veterans Affairs,Department of Veterans Affairs,ACTIVE SHOOTER GEAR,CONT_AWD_36C25724P0506_3600_-NONE-_-NONE-
0001372612,"BOX, INC.","SEA BOX, INC.",False,N6339423P0016,2023-06-02,2024-02-26,147126.0,Department of Defense,Department of the Navy,"SHIPPING CONTAINERS, MECS, ENGINEERING AND SHIPPING.",CONT_AWD_N6339423P0016_9700_-NONE-_-NONE-
0001372612,"BOX, INC.","SEA BOX, INC.",False,N3220525P2049,2025-04-03,2025-07-21,146919.0,Department of Defense,Department of the Navy,USNS JOSHUA HUMPHREYS,CONT_AWD_N3220525P2049_9700_-NONE-_-NONE-
0001372612,"BOX, INC.",SHADOWBOX CONSULTING ASSOCIATES LLC,False,HT940725F0006,2024-10-31,2026-10-31,146024.56,Department of Defense,Defense Health Agency,BENEFICIARY SERVICES REPRESENTATIVE,CONT_AWD_HT940725F0006_9700_HT001418D0025_9700
0001372612,"BOX, INC.",OUTSIDE BOX LLC,False,W9123624C5031,2024-09-30,2025-07-18,145140.0,Department of Defense,Department of the Army,REPLACE TWO CANNON CARRIAGES AND REPAIR BREEZEWAY FASCIA AND SOFFIT,CONT_AWD_W9123624C5031_9700_-NONE-_-NONE-
0001372612,"BOX, INC.","TREEN BOX & PALLET, INC",False,SPE8EF23F0027,2023-02-08,2023-03-03,144002.88,Department of Defense,Defense Logistics Agency,"8509687708!PALLET,MATERIAL HAN",CONT_AWD_SPE8EF23F0027_9700_SPE8EF23D0005_9700
0001372612,"BOX, INC.","COLD BOX EXPRESS, INC.",False,70CMSD26P00000035,2026-04-01,2027-02-28,142285.0,Department of Homeland Security,U.S. Immigration and Customs Enforcement,THIS AWARD PROVIDES ICE HOMELAND SECURITY INVESTIGATIONS OFFICE OF INTELLIGENCE WITH THE LEASE OF CLIMATE CONTROLLED CONTAINERS IN SUPPORT OF ONGOING LAW ENFORCEMENT OPERATIONS.,CONT_AWD_70CMSD26P00000035_7012_-NONE-_-NONE-
0001372612,"BOX, INC.","SEA BOX, INC.",False,FA486122P0083,2022-07-05,2022-10-29,142012.0,Department of Defense,Department of the Air Force,820 RHS MOBILE TESTING LAB 20 FOOT ONE SIDED-EXPANDABLE FOLDING SHELTER,CONT_AWD_FA486122P0083_9700_-NONE-_-NONE-
0001372612,"BOX, INC.",ROYAL PAPER BOX CO. OF CALIFORNIA,False,2031JG26F00034,2025-11-05,2026-11-04,141900.0,Department of the Treasury,United States Mint,2026 UNC SET CARTON,CONT_AWD_2031JG26F00034_2044_2031JG21D00026_2044
0001372612,"BOX, INC.","SEA BOX, INC.",False,SPE8ED24P0828,2024-07-19,2024-11-18,141564.0,Department of Defense,Defense Logistics Agency,"8510739328!CONTAINER,FREIGHT,G",CONT_AWD_SPE8ED24P0828_9700_-NONE-_-NONE-
0001372612,"BOX, INC.",ROYAL PAPER BOX CO. OF CALIFORNIA,False,2031JG26F00187,2026-08-06,2027-07-29,140513.0,Department of the Treasury,United States Mint,2027 WORKING DOG SLEEVES,CONT_AWD_2031JG26F00187_2044_2031JG21D00026_2044
0001372612,"BOX, INC.",BRAINBOX LTD,False,75N95023P00478,2023-11-22,2023-11-22,139028.0,Department of Health and Human Services,National Institutes of Health,"NEUROFUS PRO V2.0, INCLUDES MRI COMPATIBLE TRANSDUCER, SOFTWARE, TRAINING AND SHIPPING",CONT_AWD_75N95023P00478_7529_-NONE-_-NONE-
0001372612,"BOX, INC.","SEA BOX, INC.",False,47QSEA22FA0VH,2022-09-22,2023-02-04,138564.0,General Services Administration,Federal Acquisition Service,"20' X 8' 6"" DIESEL ELECTRIC REFRIGERATED STORAGE CONTAINER SEA BOX PART # SB541.6DES9 RFQ1589858",CONT_AWD_47QSEA22FA0VH_4732_GS02F0024P_4730
0001372612,"BOX, INC.","BLACKBOX ENERGY SYSTEMS, LLC",False,N6833523C0616,2023-07-26,2024-01-16,138393.0,Department of Defense,Department of the Navy,SBIR PHASE I,CONT_AWD_N6833523C0616_9700_-NONE-_-NONE-
0001372612,"BOX, INC.","SEA BOX, INC.",False,SPE8ED22P0534,2022-03-09,2022-09-06,137740.0,Department of Defense,Defense Logistics Agency,"8508923722!QUADCON,FREIGHT SPE",CONT_AWD_SPE8ED22P0534_9700_-NONE-_-NONE-
0001372612,"BOX, INC.","SEA BOX, INC.",False,SPE8ED24P0283,2024-03-05,2024-07-03,137712.0,Department of Defense,Defense Logistics Agency,"8510319834!CONTAINER,FREIGHT,G",CONT_AWD_SPE8ED24P0283_9700_-NONE-_-NONE-
0001372612,"BOX, INC.","TREEN BOX & PALLET, INC",False,SPE8EF22F0101,2022-05-26,2022-09-01,137412.0,Department of Defense,Defense Logistics Agency,"8509129551!PALLET,MATERIAL HAN",CONT_AWD_SPE8EF22F0101_9700_SPE8EF17D0003_9700
0001372612,"BOX, INC.",ROYAL PAPER BOX CO. OF CALIFORNIA,False,2031JG23F00117,2022-12-28,2023-12-19,137240.0,Department of the Treasury,United States Mint,2023 UNC SET CARTON,CONT_AWD_2031JG23F00117_2044_2031JG21D00026_2044
0001372612,"BOX, INC.","BLACK BOX SAFETY, INC",False,FA527024P0148,2024-08-26,2024-11-24,136048.96,Department of Defense,Department of the Air Force,BODY ARMOR SET,CONT_AWD_FA527024P0148_9700_-NONE-_-NONE-
0001372612,"BOX, INC.","LIGHTBOX PARENT, L.P.",False,12441923P0085,2023-10-01,2024-09-30,135540.0,Department of Agriculture,Forest Service,LIGHTBOX PARCEL DATA,CONT_AWD_12441923P0085_12C2_-NONE-_-NONE-
0001372612,"BOX, INC.",SEATTLE BOX CO,False,1240BK22P0076,2022-08-19,2022-10-31,132577.77,Department of Agriculture,Forest Service,SUPPLY AND DELIVER JHSN SEEDLING BOXES,CONT_AWD_1240BK22P0076_12C2_-NONE-_-NONE-
0001372612,"BOX, INC.","TREEN BOX & PALLET, INC",False,SPE8EF22F0154,2022-09-07,2022-09-30,128208.0,Department of Defense,Defense Logistics Agency,"8509370157!PALLET,MATERIAL HAN",CONT_AWD_SPE8EF22F0154_9700_SPE8EF17D0003_9700
0001372612,"BOX, INC.","TREEN BOX & PALLET, INC",False,SPE8EF22F0095,2022-05-11,2022-09-20,128208.0,Department of Defense,Defense Logistics Agency,"8509089309!PALLET,MATERIAL HAN",CONT_AWD_SPE8EF22F0095_9700_SPE8EF17D0003_9700
0001372612,"BOX, INC.","TREEN BOX & PALLET, INC",False,SPE8EF22F0100,2022-05-26,2022-07-31,127380.0,Department of Defense,Defense Logistics Agency,"8509129550!PALLET,MATERIAL HAN",CONT_AWD_SPE8EF22F0100_9700_SPE8EF17D0003_9700
0001372612,"BOX, INC.","JELLIE B THE SEWING BOX, LLC",False,N6883625PS106,2025-09-10,2026-09-09,126750.0,Department of Defense,Department of the Navy,PURCHASE ORDER FOR BLUE ANGELS FLIGHT SUIT CONSTRUCTION.,CONT_AWD_N6883625PS106_9700_-NONE-_-NONE-
0001372612,"BOX, INC.","LIGHTBOX PARENT, L.P.",False,12444822P0081,2022-07-05,2023-09-30,125500.0,Department of Agriculture,Forest Service,OWNERSHIP PARCEL DATA LICENSE,CONT_AWD_12444822P0081_12C2_-NONE-_-NONE-
0001372612,"BOX, INC.","SEA BOX, INC.",False,SPE8ED26P0924,2026-06-09,2026-10-07,125100.0,Department of Defense,Defense Logistics Agency,8512167620!CONTAINERS IST - PHILADELPHIA,CONT_AWD_SPE8ED26P0924_9700_-NONE-_-NONE-
0001372612,"BOX, INC.","TREEN BOX & PALLET, INC",False,SPE8EF22F0017,2021-11-15,2022-03-22,124608.0,Department of Defense,Defense Logistics Agency,"8508675185!PALLET,MATERIAL HAN",CONT_AWD_SPE8EF22F0017_9700_SPE8EF17D0003_9700
0001372612,"BOX, INC.","SEA BOX, INC.",False,SPE8ED26P0053,2025-10-08,2026-02-05,123976.0,Department of Defense,Defense Logistics Agency,8511690862!CONTAINERS IST - PHILADELPHIA,CONT_AWD_SPE8ED26P0053_9700_-NONE-_-NONE-
0001372612,"BOX, INC.","SEA BOX, INC.",False,N4446623F0032,2023-09-19,2024-07-01,122198.91,Department of Defense,Department of the Navy,SEA BOX REFRIGERATED ISO,CONT_AWD_N4446623F0032_9700_GS02F0024P_4730
0001372612,"BOX, INC.",BLACK BOX CORPORATION OF PENNSYLVANIA,False,1305M322PNWWF0154,2022-03-11,2022-05-31,120518.6,Department of Commerce,National Oceanic and Atmospheric Administration,PURCHASE AND CONFIGURATION OF BLACK BOX AUDIO VIDEO EQUIPMENT,CONT_AWD_1305M322PNWWF0154_1330_-NONE-_-NONE-
0001372612,"BOX, INC.",ODDBOX HOLDINGS INC.,False,80NSSC26P1455,2026-09-01,2027-09-01,119944.0,National Aeronautics and Space Administration,National Aeronautics and Space Administration,STRATASYS J55 PRIME 3D PRINTER OR EQUIVALENT,CONT_AWD_80NSSC26P1455_8000_-NONE-_-NONE-
0001372612,"BOX, INC.","SEA BOX, INC.",False,SPRDL123F0026,2022-11-15,2023-04-14,117480.0,Department of Defense,Defense Logistics Agency,DELIVERY ORDER FOR PURCHASE OF CONTAINERS.,CONT_AWD_SPRDL123F0026_9700_SPRDL119D0100_9700
0001372612,"BOX, INC.","TREEN BOX & PALLET, INC",False,SPE8EF22F0148,2022-09-01,2022-10-08,116107.2,Department of Defense,Defense Logistics Agency,"8509358511!PALLET,MATERIAL HAN",CONT_AWD_SPE8EF22F0148_9700_SPE8EF17D0003_9700
0001372612,"BOX, INC.","SEA BOX, INC.",False,SPE8ED22P7037,2022-07-14,2022-11-14,113496.0,Department of Defense,Defense Logistics Agency,8509228710!SHIPPING AND STORAG,CONT_AWD_SPE8ED22P7037_9700_-NONE-_-NONE-
0001372612,"BOX, INC.",SHADOWBOX CONSULTING ASSOCIATES LLC,False,HT941023F0016,2022-12-15,2023-12-28,112004.96,Department of Defense,Defense Health Agency,MSS TYPE I SERVICE TASK ORDER-BMC YUMA 2 FTES MEDICAL OFFICE CLERK,CONT_AWD_HT941023F0016_9700_HT001418D0025_9700
0001372612,"BOX, INC.",BOXPOWER INC,False,140P8425P0099,2025-09-18,2026-03-31,110600.0,Department of the Interior,National Park Service,"SUPPLY CONTAINERIZED SOLAR MICROGRID POWER SYSTEM, POINT REYES NATIONAL SEASHORE (PORE)",CONT_AWD_140P8425P0099_1443_-NONE-_-NONE-
0001372612,"BOX, INC.",ROYAL PAPER BOX CO. OF CALIFORNIA,False,2031JG24F00359,2024-07-29,2025-07-21,109356.0,Department of the Treasury,United States Mint,2025 CARTON & AWQ CARTON PROOF SET,CONT_AWD_2031JG24F00359_2044_2031JG21D00026_2044
0001372612,"BOX, INC.","BLACK BOX SAFETY, INC",False,SPMYM225P2134,2025-07-29,2025-10-27,108723.84,Department of Defense,Defense Logistics Agency,"TAPE,PRESS SENS",CONT_AWD_SPMYM225P2134_9700_-NONE-_-NONE-
0001372612,"BOX, INC.",TAYLOR BOX COMPANY,False,2031JG22F00228,2022-05-03,2023-04-25,107620.0,Department of the Treasury,United States Mint,BLUE BOXES FOR AE SILVER PROOF AND OUTER BOXES,CONT_AWD_2031JG22F00228_2044_TMHQ17C0005_2044
0001372612,"BOX, INC.",OUTSIDE BOX LLC,False,140P6023P0024,2023-08-08,2025-08-09,106616.38,Department of the Interior,National Park Service,"SERVICE, ADMINISTRATIVE HISTORY, WICR",CONT_AWD_140P6023P0024_1443_-NONE-_-NONE-
0001372612,"BOX, INC.",BOX GANG MANUFACTURING LLC,False,140P1424P0083,2024-08-01,2024-10-15,106102.0,Department of the Interior,National Park Service,YELL- THREE 30-YARD REFUSE COMPACTORS AND ONE POWER UNIT,CONT_AWD_140P1424P0083_1443_-NONE-_-NONE-
0001372612,"BOX, INC.","SEA BOX, INC.",False,SPE8ED24P1033,2024-09-16,2025-01-14,105510.0,Department of Defense,Defense Logistics Agency,"8510892127!CONTAINER,FREIGHT,U",CONT_AWD_SPE8ED24P1033_9700_-NONE-_-NONE-
0001372612,"BOX, INC.",OUTSIDE BOX LLC,False,140P6023P0015,2023-07-18,2025-09-30,104920.0,Department of the Interior,National Park Service,"SERVICE, ADMINISTRATIVE HISTORY, FOLS",CONT_AWD_140P6023P0015_1443_-NONE-_-NONE-
0001372612,"BOX, INC.","SEA BOX, INC.",False,SPRDL123F0064,2023-01-20,2023-07-19,104790.0,Department of Defense,Defense Logistics Agency,DELIVERY ORDER FOR THE PURCHASE OF 14 TRICON II NON-CARC CONTAINERS.,CONT_AWD_SPRDL123F0064_9700_SPRDL119D0088_9700
0001372612,"BOX, INC.","BLACK BOX SAFETY, INC",False,FA469024F0088,2025-01-08,2025-01-08,104765.21,Department of Defense,Department of the Air Force,"THIS REQUIREMENT IS FOR 530 (FOR SETS, INCLUSIVE OF BOTH FRONT AND BACK PLATES)SOFT PLATE BODY ARMOR BALLISTICS FOR MSG.",CONT_AWD_FA469024F0088_9700_47QSWA23D000Y_4732
0001372612,"BOX, INC.","SEA BOX, INC.",False,SPE8ED24P0895,2024-08-02,2024-12-02,104584.0,Department of Defense,Defense Logistics Agency,"8510796887!CONTAINER,FREIGHT,G",CONT_AWD_SPE8ED24P0895_9700_-NONE-_-NONE-
0001372612,"BOX, INC.",ODDBOX HOLDINGS INC.,False,FA930124P0035,2024-07-02,2024-10-02,104199.0,Department of Defense,Department of the Air Force,3D PRINTER AND SUPPLIES,CONT_AWD_FA930124P0035_9700_-NONE-_-NONE-
0001372612,"BOX, INC.",ROYAL PAPER BOX CO. OF CALIFORNIA,False,2031JG25F00228,2025-07-21,2026-07-16,103091.4,Department of the Treasury,United States Mint,2026 FIFA SLEEVES,CONT_AWD_2031JG25F00228_2044_2031JG21D00026_2044
0001372612,"BOX, INC.",ROYAL PAPER BOX CO. OF CALIFORNIA,False,2031JG25F00005,2024-10-22,2025-10-15,103082.1,Department of the Treasury,United States Mint,"2025 CARTONS ( AI, AWQ, SILVER PROOF)",CONT_AWD_2031JG25F00005_2044_2031JG21D00026_2044
0001372612,"BOX, INC.",ROYAL PAPER BOX CO. OF CALIFORNIA,False,2031JG25F00047,2025-01-17,2026-01-15,101660.0,Department of the Treasury,United States Mint,2025 UNC SET CARTON,CONT_AWD_2031JG25F00047_2044_2031JG21D00026_2044
0001372612,"BOX, INC.","TREEN BOX & PALLET, INC",False,SPE8EF22F0110,2022-06-29,2022-07-29,101593.8,Department of Defense,Defense Logistics Agency,"8509202974!PALLET,MATERIAL HAN",CONT_AWD_SPE8EF22F0110_9700_SPE8EF17D0003_9700
0001372612,"BOX, INC.",LARRY E. WILBUR,False,N0010422PSA61,2022-03-23,2022-06-06,101325.0,Department of Defense,Department of the Navy,CIRCUIT CARD ASSEMB,CONT_AWD_N0010422PSA61_9700_-NONE-_-NONE-
0001372612,"BOX, INC.",OUTSIDE BOX LLC,False,140P4221C0015,2021-09-01,2022-04-29,100737.0,Department of the Interior,National Park Service,RICH REPAIRS AND ROOF REPLACEMENT,CONT_AWD_140P4221C0015_1443_-NONE-_-NONE-
0001372612,"BOX, INC.",BLACK BOX SOUNDS,False,72039122P00014,2022-04-18,2023-09-01,100117.46,Agency for International Development,Agency for International Development,SOCIAL MEDIA CONTENT DEVELOPMENT MANAGEMENT,CONT_AWD_72039122P00014_7200_-NONE-_-NONE-
0001372612,"BOX, INC.","JELLIE B THE SEWING BOX, LLC",False,N6883624P0067,2024-04-30,2025-03-02,99250.0,Department of Defense,Department of the Navy,ROYAL BLUE FLIGHT SUITS,CONT_AWD_N6883624P0067_9700_-NONE-_-NONE-
0001372612,"BOX, INC.","GOBOX, LLC",False,FA302222P0004,2021-10-01,2026-09-30,98724.0,Department of Defense,Department of the Air Force,"O PORTA-JOHN RENTAL (8) O 1,000 GALLON HOLDING TANKS (4) O 150 GALLON HOLDING TANKS (2)  COLUMBUS AFB, MS",CONT_AWD_FA302222P0004_9700_-NONE-_-NONE-
0001372612,"BOX, INC.",OUTSIDE BOX LLC,False,140P5221P0136,2021-09-20,2026-05-29,98653.0,Department of the Interior,National Park Service,"X:NOGRN, COMMERCIAL SERVICE, ADMINISTRATIVE HISTORY FOR CARI",CONT_AWD_140P5221P0136_1443_-NONE-_-NONE-
0001372612,"BOX, INC.","SEA BOX, INC.",False,SPE8ED23P0365,2023-03-07,2023-08-19,98384.0,Department of Defense,Defense Logistics Agency,"8509651354!CONTAINER,FREIGHT,G",CONT_AWD_SPE8ED23P0365_9700_-NONE-_-NONE-
0001372612,"BOX, INC.","SEA BOX, INC.",False,N3220523P2190,2023-09-08,2024-07-01,98138.94,Department of Defense,Department of the Navy,"N1041A1/N751/N.BOWERS/USNS LARAMIE (2)20 X 8'6"" REFRIGERATED ISO CARGO CONTAINERS W/ROLLERS",CONT_AWD_N3220523P2190_9700_-NONE-_-NONE-
0001372612,"BOX, INC.",BOX GANG MANUFACTURING LLC,False,140P1522P0113,2022-09-13,2022-11-30,97560.0,Department of the Interior,National Park Service,GRCA-REPLACE RESIDENTIAL DUMPSTERS FY22,CONT_AWD_140P1522P0113_1443_-NONE-_-NONE-
0001372612,"BOX, INC.","TREEN BOX & PALLET, INC",False,SPMYM222F0322,2022-05-28,2022-09-30,97440.0,Department of Defense,Defense Logistics Agency,PALLET OPTION YEAR THREE,CONT_AWD_SPMYM222F0322_9700_SPMYM218D0008_9700
0001372612,"BOX, INC.","SHINY BOX, LLC",False,FA500425P0009,2025-02-09,2025-02-21,97309.84,Department of Defense,Department of the Air Force,"AUGMENTED REALITY TRAINING SERVICES, WITH GOGGLES AND COMPUTER RENTALS IAW PCS.",CONT_AWD_FA500425P0009_9700_-NONE-_-NONE-
0001372612,"BOX, INC.","AMERICAN DEBRIS BOX SERVICE, INC.",False,140F0S24C0009,2024-07-22,2029-07-31,96840.0,Department of the Interior,U.S. Fish and Wildlife Service,PORTABLE TOILETS AND HANDWASHING UNIT RENTALS AND SERVICING FOR DON EDWARD SAN FRANCISCO BAY NATIONAL WILDLIFE REFUGE COMPLEX FOR ONE-YEAR BASE AND FOUR OPTIONAL PERIODS,CONT_AWD_140F0S24C0009_1448_-NONE-_-NONE-
0001372612,"BOX, INC.","SEA BOX, INC.",False,SPE8ED24P0839,2024-07-17,2024-11-14,96768.0,Department of Defense,Defense Logistics Agency,8510755740!CONTAINERS IST - PHILADELPHIA,CONT_AWD_SPE8ED24P0839_9700_-NONE-_-NONE-
0001372612,"BOX, INC.","BLACK BOX SAFETY, INC",False,N0016425F5047,2025-09-25,2025-12-26,96127.0,Department of Defense,Department of the Navy,BODY ARMOR,CONT_AWD_N0016425F5047_9700_47QSWA23D000Y_4732
0001372612,"BOX, INC.",ROYAL PAPER BOX CO. OF CALIFORNIA,False,2031JG22F00327,2022-08-30,2023-08-09,96008.04,Department of the Treasury,United States Mint,2023 CARTON AMERICAN INNOVATION $1 PROOF AND CARTON SILVER PROOF SET,CONT_AWD_2031JG22F00327_2044_2031JG21D00026_2044
0001372612,"BOX, INC.","SEA BOX, INC.",False,SPE8ED22P0498,2022-03-01,2022-06-29,95192.0,Department of Defense,Defense Logistics Agency,"8508906581!CONTAINER,FREIGHT,G",CONT_AWD_SPE8ED22P0498_9700_-NONE-_-NONE-
0001372612,"BOX, INC.",BOX GANG MANUFACTURING LLC,False,36C26022P0263,2022-01-20,2022-08-04,94997.0,Department of Veterans Affairs,Department of Veterans Affairs,TRASH COMPACTOR,CONT_AWD_36C26022P0263_3600_-NONE-_-NONE-
0001372612,"BOX, INC.","SEA BOX, INC.",False,SPE8ED25P0911,2025-04-10,2025-08-08,94140.0,Department of Defense,Defense Logistics Agency,"8511309595!CONTAINER,FREIGHT,G",CONT_AWD_SPE8ED25P0911_9700_-NONE-_-NONE-
0001372612,"BOX, INC.","SEA BOX, INC.",False,SPE8ED24P0028,2023-12-07,2024-04-05,93904.0,Department of Defense,Defense Logistics Agency,"8509841089!TRICON,FREIGHT,SPEC",CONT_AWD_SPE8ED24P0028_9700_-NONE-_-NONE-
0001372612,"BOX, INC.","SEA BOX, INC.",False,SPE8ED25P1117,2025-05-19,2025-09-16,92950.0,Department of Defense,Defense Logistics Agency,"8511389208!BICON,FREIGHT,GENER",CONT_AWD_SPE8ED25P1117_9700_-NONE-_-NONE-
0001372612,"BOX, INC.",OUTSIDE BOX LLC,False,140P6023P0014,2023-07-17,2025-07-17,92708.0,Department of the Interior,National Park Service,"SERVICE, SPECIAL HISTORY STUDY, BRVB",CONT_AWD_140P6023P0014_1443_-NONE-_-NONE-
0001372612,"BOX, INC.","EZ BOX MACHINERY COMPANY, LLC",False,FA480925P0081,2025-07-31,2025-11-30,91871.3,Department of Defense,Department of the Air Force,"THIS AWARD IS FOR ONE BOX MAKER/SLITTER, AS WELL AS ITS SUBSEQUENT INSTALLATION AND ON-SITE TRAINING.",CONT_AWD_FA480925P0081_9700_-NONE-_-NONE-
0001372612,"BOX, INC.","SEA BOX, INC.",False,SPE8ED26P0866,2026-05-20,2026-09-17,91854.0,Department of Defense,Defense Logistics Agency,"8512127981!CONTAINER,FREIGHT,G",CONT_AWD_SPE8ED26P0866_9700_-NONE-_-NONE-
0001372612,"BOX, INC.",OUTSIDE BOX LLC,False,140P5419P0117,2019-09-08,2024-11-01,91322.0,Department of the Interior,National Park Service,RESEARCH AND WRITING OF ADMINISTRATIVE HISTORY AT BIG CYPRESS NATIONAL PRESERVE,CONT_AWD_140P5419P0117_1443_-NONE-_-NONE-
0001372612,"BOX, INC.","BOXX MODULAR, INC.",False,W912P523F0133,2023-08-18,2023-10-06,91134.0,Department of Defense,Department of the Army,12X60 MOBILE OFFICE TRAILER PURCHASE AND SETUP,CONT_AWD_W912P523F0133_9700_47QSWA20D000Q_4732
0001372612,"BOX, INC.",ROYAL PAPER BOX CO. OF CALIFORNIA,False,2031JG26F00221,2026-09-25,2027-09-23,90688.0,Department of the Treasury,United States Mint,2027 UNC SET CARTONS,CONT_AWD_2031JG26F00221_2044_2031JG26D00045_2044
0001372612,"BOX, INC.",OUTSIDE BOX LLC,False,140P6020P0024,2020-06-11,2023-07-13,90279.0,Department of the Interior,National Park Service,"SERVICES, ADMINISTRATIVE HISTORY, NICO",CONT_AWD_140P6020P0024_1443_-NONE-_-NONE-
0001372612,"BOX, INC.",ROYAL PAPER BOX CO. OF CALIFORNIA,False,2031JG24F00170,2024-01-30,2025-03-24,89922.8,Department of the Treasury,United States Mint,2024 UNC SET CARTON,CONT_AWD_2031JG24F00170_2044_2031JG21D00026_2044
0001372612,"BOX, INC.",ISOBOX INC,False,W912QM26PA018,2026-06-28,2026-08-17,89660.0,Department of Defense,Department of the Army,MOBILE OFFICES IN SUPPORT OF PANAMAX 2026,CONT_AWD_W912QM26PA018_9700_-NONE-_-NONE-
0001372612,"BOX, INC.",OUTSIDE BOX LLC,False,140P6021P0015,2021-06-09,2023-12-29,89552.0,Department of the Interior,National Park Service,"SERVICE, ADMINISTRATIVE HISTORY, FILA",CONT_AWD_140P6021P0015_1443_-NONE-_-NONE-
0001372612,"BOX, INC.",ISOBOX INC,False,19PM0722P0257,2022-03-10,2022-11-14,89547.0,Department of State,Department of State,MOBILE CONTAINER OFFICE SPACE,CONT_AWD_19PM0722P0257_1900_-NONE-_-NONE-
0001372612,"BOX, INC.",OUTSIDE BOX LLC,False,140P6019P0041,2019-09-03,2022-09-19,89396.0,Department of the Interior,National Park Service,"SERVICE, ADMINISTRATIVE HISTORY, BRVB",CONT_AWD_140P6019P0041_1443_-NONE-_-NONE-
0001372612,"BOX, INC.","SEA BOX, INC.",False,SPE8ED21P7109,2021-07-20,2022-03-07,88623.0,Department of Defense,Defense Logistics Agency,8508346968!SHIPPING AND STORAG,CONT_AWD_SPE8ED21P7109_9700_-NONE-_-NONE-
0001372612,"BOX, INC.","SEA BOX, INC.",False,SPE8ED24P0465,2024-09-24,2025-01-22,88400.0,Department of Defense,Defense Logistics Agency,"8510458916!TRICON,FREIGHT,SPEC",CONT_AWD_SPE8ED24P0465_9700_-NONE-_-NONE-
0001372612,"BOX, INC.","SEA BOX, INC.",False,SPE8ED25P0046,2024-10-01,2025-01-29,87165.0,Department of Defense,Defense Logistics Agency,"8510928770!TRICON,FREIGHT,SPEC",CONT_AWD_SPE8ED25P0046_9700_-NONE-_-NONE-
0001372612,"BOX, INC.","SEA BOX, INC.",False,47QSWC24F0051,2024-05-28,2025-04-27,85932.0,General Services Administration,Federal Acquisition Service,BEAR HYGIENE SPARE KITS,CONT_AWD_47QSWC24F0051_4732_GS07F253AA_4732
0001372612,"BOX, INC.","TREEN BOX & PALLET, INC",False,SPE8EF24F0024,2023-11-30,2024-01-10,85833.0,Department of Defense,Defense Logistics Agency,"8510298207!PALLET,MATERIAL HAN",CONT_AWD_SPE8EF24F0024_9700_SPE8EF23D0005_9700
0001372612,"BOX, INC.","SEA BOX, INC.",False,SPE8ED22P0723,2022-07-14,2022-12-12,85036.0,Department of Defense,Defense Logistics Agency,8509113670!CONTAINERS IST - PHILADELPHIA,CONT_AWD_SPE8ED22P0723_9700_-NONE-_-NONE-
0001372612,"BOX, INC.","LIGHTBOX PARENT, L.P.",False,12444824P0085,2024-10-01,2025-09-30,85000.0,Department of Agriculture,Forest Service,"FOREST INVENTORY & ANALYSIS (FIA) AND ASSOCIATED PROGRAMS IS SEEKING SPATIALLY EXPLICIT PARCEL OWNERSHIP DATA FOR THE US, TO INCLUDE SPATIAL BOUNDARIES, PROPERTY ADDRESS, OWNERSHIP NAME, MAILING ADDRESS AND ASSESSMENT INFORMATION (E.G. PARCEL SIZ",CONT_AWD_12444824P0085_12C2_-NONE-_-NONE-
0001372612,"BOX, INC.","SEA BOX, INC.",False,SPE8ED22P0583,2022-03-24,2022-07-22,84852.0,Department of Defense,Defense Logistics Agency,"8508972170!QUADCON,FREIGHT SPE",CONT_AWD_SPE8ED22P0583_9700_-NONE-_-NONE-
0001372612,"BOX, INC.","TREEN BOX & PALLET, INC",False,SPE8EF23F0044,2023-03-23,2023-04-06,84001.68,Department of Defense,Defense Logistics Agency,"8509782304!PALLET,MATERIAL HAN",CONT_AWD_SPE8EF23F0044_9700_SPE8EF23D0005_9700
0001372612,"BOX, INC.","SEA BOX, INC.",False,N6133124P0007,2023-10-17,2024-01-16,82904.0,Department of Defense,Department of the Navy,"QUADCON TYPE II ISO CONTAINER, 6 SHELVES",CONT_AWD_N6133124P0007_9700_-NONE-_-NONE-
0001372612,"BOX, INC.","BLACK BOX SAFETY, INC",False,70CMSW26P00000058,2026-09-04,2026-12-01,82217.31,Department of Homeland Security,U.S. Immigration and Customs Enforcement,THIS AWARD IS TO PURCHASE HOLMATRO COMBI TOOLS IN SUPPORT OF THE TACTICAL TEAM FOR THE OFFICE OF FIREARMS AND TRAINING PROGRAM.,CONT_AWD_70CMSW26P00000058_7012_-NONE-_-NONE-
0001372612,"BOX, INC.","SEA BOX, INC.",False,SPE8ED24P0034,2023-12-07,2024-04-05,82166.0,Department of Defense,Defense Logistics Agency,"8509911780!TRICON,FREIGHT,SPEC",CONT_AWD_SPE8ED24P0034_9700_-NONE-_-NONE-
0001372612,"BOX, INC.","SEA BOX, INC.",False,SPE8ED25P0687,2025-02-28,2025-05-29,82110.0,Department of Defense,Defense Logistics Agency,"8511218750!CONTAINER,FREIGHT,G",CONT_AWD_SPE8ED25P0687_9700_-NONE-_-NONE-
0001372612,"BOX, INC.","TREEN BOX & PALLET, INC",False,SPE8EF24F0023,2023-11-30,2024-01-10,82011.6,Department of Defense,Defense Logistics Agency,"8510298206!PALLET,MATERIAL HAN",CONT_AWD_SPE8EF24F0023_9700_SPE8EF23D0005_9700
0001372612,"BOX, INC.","SEA BOX, INC.",False,N4585425F0031,2025-09-30,2026-01-01,81761.7,Department of Defense,Department of the Navy,SEABOX CONTAINTER BOXES,CONT_AWD_N4585425F0031_9700_GS07F253AA_4732
0001372612,"BOX, INC.",ROYAL PAPER BOX CO. OF CALIFORNIA,False,2031JG24F00007,2023-10-17,2024-10-03,81706.0,Department of the Treasury,United States Mint,2024 HARRIET TUBMAN AND GREATEST GENERATION SLEEVES,CONT_AWD_2031JG24F00007_2044_2031JG21D00026_2044
0001372612,"BOX, INC.","JELLIE B THE SEWING BOX, LLC",False,N6883623P0016,2022-11-02,2023-12-08,81600.0,Department of Defense,Department of the Navy,CONSTRUCTION OF BLUE ANGELS SHOW SUITS AND ALTERNATIONS.,CONT_AWD_N6883623P0016_9700_-NONE-_-NONE-
0001372612,"BOX, INC.","SEA BOX, INC.",False,N4585424F0009,2024-09-26,2025-02-04,81371.7,Department of Defense,Department of the Navy,CONTAINER,CONT_AWD_N4585424F0009_9700_GS07F253AA_4732
0001372612,"BOX, INC.","SEA BOX, INC.",False,SPE8ED22P0919,2022-08-12,2023-03-03,80394.93,Department of Defense,Defense Logistics Agency,8509308188!CONTAINERS IST - PHILADELPHIA,CONT_AWD_SPE8ED22P0919_9700_-NONE-_-NONE-
0001372612,"BOX, INC.","SEA BOX, INC.",False,SPE8ED25P0257,2024-11-18,2025-01-17,80080.0,Department of Defense,Defense Logistics Agency,"8511020743!CONTAINER,FREIGHT,G",CONT_AWD_SPE8ED25P0257_9700_-NONE-_-NONE-
0001372612,"BOX, INC.","BLACK BOX SAFETY, INC",False,SPMYM225P2070,2025-07-24,2025-10-22,79944.0,Department of Defense,Defense Logistics Agency,"TAPE, PRESSURE SENSITIVE",CONT_AWD_SPMYM225P2070_9700_-NONE-_-NONE-
0001372612,"BOX, INC.","SEA BOX, INC.",False,SPE8ED25P0898,2025-04-09,2025-07-25,79910.0,Department of Defense,Defense Logistics Agency,"8511305044!CONTAINER,FREIGHT,G",CONT_AWD_SPE8ED25P0898_9700_-NONE-_-NONE-
0001372612,"BOX, INC.",ROYAL PAPER BOX CO. OF CALIFORNIA,False,2031JG25F00214,2025-07-01,2026-06-25,79664.0,Department of the Treasury,United States Mint,"2026 PRECIOUS METALS -GOLD, PLATINUM, AND PALLADIUM",CONT_AWD_2031JG25F00214_2044_2031JG21D00026_2044
0001372612,"BOX, INC.",ISOBOX INC,False,19PM0726P0563,2026-09-10,2026-10-30,79586.01,Department of State,Department of State,CONSTRUCTION & ELECTRICAL MATERIALS,CONT_AWD_19PM0726P0563_1900_-NONE-_-NONE-
0001372612,"BOX, INC.","SEA BOX, INC.",False,SPE8ED25P0440,2025-01-10,2025-04-24,79460.0,Department of Defense,Defense Logistics Agency,"8511115294!BICON,FREIGHT,GENER",CONT_AWD_SPE8ED25P0440_9700_-NONE-_-NONE-
0001372612,"BOX, INC.","SEA BOX, INC.",False,SPE8ED24P1062,2024-09-25,2025-01-23,79365.0,Department of Defense,Defense Logistics Agency,"8510911694!CONTAINER,FREIGHT,U",CONT_AWD_SPE8ED24P1062_9700_-NONE-_-NONE-
0001372612,"BOX, INC.",ISOBOX INC,False,H9228126PE004,2026-04-29,2026-06-12,78985.0,Department of Defense,U.S. Special Operations Command,PANAMA PACIFICO PLANNING BAY,CONT_AWD_H9228126PE004_9700_-NONE-_-NONE-
0001372612,"BOX, INC.","SEA BOX, INC.",False,SPE8ED25P0128,2024-10-24,2025-02-21,78816.0,Department of Defense,Defense Logistics Agency,"8510972946!QUADCON,FREIGHT SPE",CONT_AWD_SPE8ED25P0128_9700_-NONE-_-NONE-
0001372612,"BOX, INC.","SEA BOX, INC.",False,SPE8ED24P0555,2024-09-26,2025-02-04,78299.0,Department of Defense,Defense Logistics Agency,"8510535350!QUADCON,FREIGHT SPE",CONT_AWD_SPE8ED24P0555_9700_-NONE-_-NONE-
0001372612,"BOX, INC.","BLACK BOX SAFETY, INC",False,HQ003424F0281,2024-05-31,2024-09-30,78003.0,Department of Defense,Washington Headquarters Services,BALLISTIC VEST KIT,CONT_AWD_HQ003424F0281_9700_HQ003424A0010_9700
0001372612,"BOX, INC.","SEA BOX, INC.",False,SPE8ED23P0787,2023-05-24,2023-09-21,77628.0,Department of Defense,Defense Logistics Agency,"8509912790!CONTAINER,FREIGHT,G",CONT_AWD_SPE8ED23P0787_9700_-NONE-_-NONE-
0001372612,"BOX, INC.","SEA BOX, INC.",False,SPE8ED22P0382,2022-01-20,2022-05-20,77490.0,Department of Defense,Defense Logistics Agency,8508816698!CONTAINERS IST - PHILADELPHIA,CONT_AWD_SPE8ED22P0382_9700_-NONE-_-NONE-
0001372612,"BOX, INC.","BLACK BOX SAFETY, INC",False,36C24W26F0029,2026-07-08,2026-10-06,77221.5,Department of Veterans Affairs,Department of Veterans Affairs,PAPR KITS FOR 1ST RECEIVER DECONTAMINATION (CBRN),CONT_AWD_36C24W26F0029_3600_47QSWA23D000Y_4732
0001372612,"BOX, INC.","SEA BOX, INC.",False,SPE8ED24P0460,2024-08-14,2024-11-12,77172.0,Department of Defense,Defense Logistics Agency,"8510455785!QUADCON,FREIGHT SPE",CONT_AWD_SPE8ED24P0460_9700_-NONE-_-NONE-
0001372612,"BOX, INC.","SEA BOX, INC.",False,SPE8ED25P7061,2025-07-24,2026-02-20,75883.0,Department of Defense,Defense Logistics Agency,8511525809!SHIPPING AND STORAG,CONT_AWD_SPE8ED25P7061_9700_-NONE-_-NONE-
0001372612,"BOX, INC.",ISOBOX INC,False,19PM0724P0021,2023-11-09,2023-12-18,75640.0,Department of State,Department of State,PORTABLE MODULAR CLASSROOMS,CONT_AWD_19PM0724P0021_1900_-NONE-_-NONE-
0001372612,"BOX, INC.",ISOBOX INC,False,19PM0724P0674,2024-06-26,2024-07-13,75618.79,Department of State,Department of State,CONSTRUCTION MATERIAL,CONT_AWD_19PM0724P0674_1900_-NONE-_-NONE-
0001372612,"BOX, INC.","SEA BOX, INC.",False,SPE8ED25P1363,2025-07-16,2025-11-13,75180.0,Department of Defense,Defense Logistics Agency,"8511505021!QUADCON,FREIGHT SPE",CONT_AWD_SPE8ED25P1363_9700_-NONE-_-NONE-
0001372612,"BOX, INC.","SEA BOX, INC.",False,W912HZ25F0095,2025-02-28,2025-04-14,74988.0,Department of Defense,Department of the Army,BPA CALL FOR SIX BICON DRY FREIGHT CONTAINERS AND DELIVERY U438150,CONT_AWD_W912HZ25F0095_9700_W912HZ23A0061_9700
0001372612,"BOX, INC.","LIGHTBOX PARENT, L.P.",False,2043FY25P00326,2025-07-11,2027-07-10,74985.75,Department of the Treasury,Internal Revenue Service,LIGHTBOX VISION. COMMERCIAL REAL ESTATE EDITION. QUOTE DATED 07/11/2025 QUOTE NUMBER Q-45435 PER MARY KANE   TREASURY APPROVAL # TRACS0004761 REFERENCE SECTION C FOR THE STATEMENT OF WORK. PERIOD OF PERFORMANCE: BASE YEAR: 07/11/2025 - 07/10/2026 OPT,CONT_AWD_2043FY25P00326_2050_-NONE-_-NONE-
0001372612,"BOX, INC.","A.M. TOOLBOX, LLC",False,FA864924P0751,2024-05-17,2024-08-19,74935.0,Department of Defense,Department of the Air Force,TRANSFORMATIVE CARRIER-LESS BODY ARMOR USING ADDITIVE MANUFACTURING AND DICYCLOPENTADIENE RESIN,CONT_AWD_FA864924P0751_9700_-NONE-_-NONE-
0001372612,"BOX, INC.",REDGUARD LLC,False,FA558722P0075,2022-09-13,2022-09-13,74500.0,Department of Defense,Department of the Air Force,100 CES PORTABLE WATER HEATER,CONT_AWD_FA558722P0075_9700_-NONE-_-NONE-
0001372612,"BOX, INC.","TREEN BOX & PALLET, INC",False,SPE8EF23F0062,2023-06-15,2023-06-22,74131.2,Department of Defense,Defense Logistics Agency,"8509956054!PALLET,MATERIAL HAN",CONT_AWD_SPE8EF23F0062_9700_SPE8EF23D0005_9700
0001372612,"BOX, INC.","SEA BOX, INC.",False,SPE8ED26P0870,2026-05-21,2026-09-18,73968.0,Department of Defense,Defense Logistics Agency,"8512132345!CONTAINER,FREIGHT,G",CONT_AWD_SPE8ED26P0870_9700_-NONE-_-NONE-
0001372612,"BOX, INC.",OUTSIDE BOX LLC,False,140D0424C0047,2024-04-15,2024-10-02,73414.0,Department of the Interior,Departmental Offices,NPS REPAIR DRINKING FOUNTAIN AT WEBSTER MEMORIAL WAYSIDE,CONT_AWD_140D0424C0047_1406_-NONE-_-NONE-
0001372612,"BOX, INC.","SEA BOX, INC.",False,SPE8ED25P0424,2025-01-03,2025-05-03,73305.0,Department of Defense,Defense Logistics Agency,"8511104086!CONTAINER,FREIGHT,G",CONT_AWD_SPE8ED25P0424_9700_-NONE-_-NONE-
0001372612,"BOX, INC.",OUTSIDE BOX LLC,False,W9123623C5023,2023-09-29,2024-03-29,73140.0,Department of Defense,Department of the Army,GATEHOUSE WINDOW AND DOOR REPLACEMENT FOR FORT NORFOLK.,CONT_AWD_W9123623C5023_9700_-NONE-_-NONE-
0001372612,"BOX, INC.","JELLIE B THE SEWING BOX, LLC",False,N6883622P0037,2021-12-03,2022-12-09,72800.0,Department of Defense,Department of the Navy,"BLUE ANGELS 88 NOMAX SHOW SUITS FOR NAVY FLIGHT DEMONSTRATION SQUADRON (NFDS), PENSACOLA FLORIDA.",CONT_AWD_N6883622P0037_9700_-NONE-_-NONE-
0001372612,"BOX, INC.",OUTSIDE BOX LLC,False,W9124722C0108,2022-10-28,2023-04-03,72792.0,Department of Defense,Department of the Army,"FZ-30039-20, REPAIR TOWER LIGHTS",CONT_AWD_W9124722C0108_9700_-NONE-_-NONE-
0001372612,"BOX, INC.","SEA BOX, INC.",False,SPE8ED24P0838,2024-07-16,2024-10-15,72792.0,Department of Defense,Defense Logistics Agency,"8510753615!QUADCON,FREIGHT SPE",CONT_AWD_SPE8ED24P0838_9700_-NONE-_-NONE-
0001372612,"BOX, INC.","SENTRY BOX SERVICES, LLC",False,FA286020F0020,2020-04-14,2020-11-06,72318.23,Department of Defense,Department of the Air Force,TASK ORDER ON PAINT IDIQ.,CONT_AWD_FA286020F0020_9700_FA286015D0001_9700
0001372612,"BOX, INC.",ARTBOXDC LLC,False,33315523P00485343,2023-02-03,2024-01-15,72272.0,Smithsonian Institution,Smithsonian Institution,PROGRAM COORDINATOR: CENTER FOR ENVIRONMENTAL JUSTICE,CONT_AWD_33315523P00485343_3300_-NONE-_-NONE-
0001372612,"BOX, INC.","SEA BOX, INC.",False,SPE8ED25P0411,2025-01-03,2025-05-03,72120.0,Department of Defense,Defense Logistics Agency,"8511099578!TRICON,FREIGHT,SPEC",CONT_AWD_SPE8ED25P0411_9700_-NONE-_-NONE-
0001372612,"BOX, INC.",ISOBOX INC,False,19PM0724P0074,2023-11-20,2023-12-07,71353.96,Department of State,Department of State,CONSTRUCTION MATERIALS,CONT_AWD_19PM0724P0074_1900_-NONE-_-NONE-
0001372612,"BOX, INC.","SEA BOX, INC.",False,SPE8ED22P0495,2022-02-28,2022-06-28,70740.0,Department of Defense,Defense Logistics Agency,"8508905026!CONTAINER,FREIGHT,G",CONT_AWD_SPE8ED22P0495_9700_-NONE-_-NONE-
0001372612,"BOX, INC.",ROYAL PAPER BOX CO. OF CALIFORNIA,False,2031JG22F00065,2022-01-06,2022-11-14,70065.0,Department of the Treasury,United States Mint,2022 CARTON AMERICAN INNOVATION $1 PROOF SET,CONT_AWD_2031JG22F00065_2044_2031JG21D00026_2044
0001372612,"BOX, INC.","TREEN BOX & PALLET, INC",False,SPE8EF22F0149,2022-09-01,2022-10-08,69829.2,Department of Defense,Defense Logistics Agency,"8509358515!PALLET,MATERIAL HAN",CONT_AWD_SPE8EF22F0149_9700_SPE8EF17D0003_9700
0001372612,"BOX, INC.","BLACK BOX SAFETY, INC",False,SPE8E924P0903,2024-08-13,2025-02-09,69317.73,Department of Defense,Defense Logistics Agency,"8510819000!GOGGLES,INDUSTRIAL",CONT_AWD_SPE8E924P0903_9700_-NONE-_-NONE-
0001372612,"BOX, INC.","TREEN BOX & PALLET, INC",False,SPE8EF26F0084,2026-04-28,2027-08-31,68796.0,Department of Defense,Defense Logistics Agency,"8512073005!PALLET,MATERIAL HAN",CONT_AWD_SPE8EF26F0084_9700_SPE8EF25D0007_9700
0001372612,"BOX, INC.","TREEN BOX & PALLET, INC",False,SPE8EF26F0014,2025-11-12,2026-03-04,68364.0,Department of Defense,Defense Logistics Agency,"8511749248!PALLET,MATERIAL HAN",CONT_AWD_SPE8EF26F0014_9700_SPE8EF25D0007_9700
0001372612,"BOX, INC.","SEA BOX, INC.",False,W15QKN23PV012,2023-03-20,2023-04-20,67834.75,Department of Defense,Department of the Army,"CONTAINER, 20FT X 8FT 6IN TYPE 1 NEW 4   EACH   12,886.95 CONTAINER, 20FT X 8FT 6IN TYPE 1 NEW 1   EACH   13,736.95 DELIVERY - SALES 1-2 UNITS PER TRUCKLOAD 3 EACH    850.00",CONT_AWD_W15QKN23PV012_9700_-NONE-_-NONE-
0001372612,"BOX, INC.",ISOBOX INC,False,19PM0724P0841,2024-08-23,2024-09-16,67355.0,Department of State,Department of State,PORTABLE TEMPORARY CONTAINER LIVING UNITS,CONT_AWD_19PM0724P0841_1900_-NONE-_-NONE-
0001372612,"BOX, INC.","SEA BOX, INC.",False,SPE8ED25P0333,2024-12-04,2025-04-03,66972.0,Department of Defense,Defense Logistics Agency,"8511047851!QUADCON,FREIGHT SPE",CONT_AWD_SPE8ED25P0333_9700_-NONE-_-NONE-
0001372612,"BOX, INC.",SHADOWBOX CONSULTING ASSOCIATES LLC,False,FA449721F0002,2020-11-02,2021-11-01,66730.86,Department of Defense,Department of the Air Force,OUTPATIENT MEDICAL CODER,CONT_AWD_FA449721F0002_9700_HT001418D0025_9700
0001372612,"BOX, INC.",HACK THE BOX LTD,False,N0018923P0439,2023-06-29,2024-06-30,66690.0,Department of Defense,Department of the Navy,DEDICATED LAB ADVANCE,CONT_AWD_N0018923P0439_9700_-NONE-_-NONE-
0001372612,"BOX, INC.","AMERICAN DEBRIS BOX SERVICE, INC.",False,140P8626P0023,2026-09-01,2027-08-31,66597.0,Department of the Interior,National Park Service,PORTABLE AND VAULT TOILETS SOUTH,CONT_AWD_140P8626P0023_1443_-NONE-_-NONE-
0001372612,"BOX, INC.","SEA BOX, INC.",False,SPE8ED23P0275,2023-01-11,2023-05-11,66402.0,Department of Defense,Defense Logistics Agency,"8509582275!QUADCON,FREIGHT SPE",CONT_AWD_SPE8ED23P0275_9700_-NONE-_-NONE-
0001372612,"BOX, INC.","SEA BOX, INC.",False,SPE8ED25P0808,2025-04-08,2025-07-07,66130.0,Department of Defense,Defense Logistics Agency,"8511262167!CONTAINER,FREIGHT,G",CONT_AWD_SPE8ED25P0808_9700_-NONE-_-NONE-
0001372612,"BOX, INC.","SEA BOX, INC.",False,47QSEA24F04QP,2023-10-05,2024-02-17,65662.0,General Services Administration,Federal Acquisition Service,20' DIESEL ELETRIC REFRIGERATED STORAGE MFR PART NO.: SB541.6.DES9 MANUFACTURER: SEA BOX INC QUOTE IAW QUOTE ID: RFQ1660366-FCG,CONT_AWD_47QSEA24F04QP_4732_GS02F0024P_4730
0001372612,"BOX, INC.","SEA BOX, INC.",False,SPE8ED25P0783,2025-03-18,2025-06-16,65640.0,Department of Defense,Defense Logistics Agency,"8511252047!QUADCON,FREIGHT SPE",CONT_AWD_SPE8ED25P0783_9700_-NONE-_-NONE-
0001372612,"BOX, INC.","BLACK BOX SAFETY, INC",False,SPMYM226P5059,2025-11-28,2026-02-20,65313.36,Department of Defense,Defense Logistics Agency,"TAPE,PRESS SENS",CONT_AWD_SPMYM226P5059_9700_-NONE-_-NONE-
0001372612,"BOX, INC.","BLACKBOX BIOTECH, INC",False,75N98026P01280,2026-08-11,2026-11-06,65100.0,Department of Health and Human Services,National Institutes of Health,NIDCR: SUPPLY: BLACKBOX ONE BB1 1R-4 IN VIVO BEHAVIORAL ANALYSIS SYSTEM AND PALMREADER SOFTWARE: N/A,CONT_AWD_75N98026P01280_7529_-NONE-_-NONE-
0001372612,"BOX, INC.","TREEN BOX & PALLET, INC",False,SPE8EF26F0060,2026-03-17,2027-01-01,65043.0,Department of Defense,Defense Logistics Agency,"8511981357!PALLET,MATERIAL HAN",CONT_AWD_SPE8EF26F0060_9700_SPE8EF25D0007_9700
0001372612,"BOX, INC.","SEA BOX, INC.",False,SPE8ED26P0283,2025-12-11,2026-03-11,64820.0,Department of Defense,Defense Logistics Agency,"8511805290!TRICON,FREIGHT,SPEC",CONT_AWD_SPE8ED26P0283_9700_-NONE-_-NONE-
0001372612,"BOX, INC.",THE OFFICE BOX (CAMBRIDGE) LIMITED,False,FA557022P0022,2022-08-15,2022-09-04,64806.84,Department of Defense,Department of the Air Force,"THIS REQUIREMENT IS FOR THE DELIVERY, ASSEMBLY, AND INSTALLATION OF NEW OFFICE FURNITURE AS WELL AS REMOVAL OF EXISTING FURNITURE. FOR 423 CS.",CONT_AWD_FA557022P0022_9700_-NONE-_-NONE-
0001372612,"BOX, INC.",MEDINBOX INC,False,75N92022P00082,2022-02-07,2023-02-06,64700.0,Department of Health and Human Services,National Institutes of Health,NHLBI LIVE MEDICAL COLLABORATION PLATFORM,CONT_AWD_75N92022P00082_7529_-NONE-_-NONE-
0001372612,"BOX, INC.",ISOBOX INC,False,19PM0724P0626,2024-06-06,2024-06-28,64686.53,Department of State,Department of State,FENCING CONSTRUCTION MATERIALS,CONT_AWD_19PM0724P0626_1900_-NONE-_-NONE-
0001372612,"BOX, INC.",BOX GANG MANUFACTURING LLC,False,36C26025P1170,2025-09-01,2026-03-31,64650.0,Department of Veterans Affairs,Department of Veterans Affairs,MARANTHON TRASH COMPACTOR,CONT_AWD_36C26025P1170_3600_-NONE-_-NONE-
0001372612,"BOX, INC.","BLACK BOX SAFETY, INC",False,HQ003425F0065,2025-01-17,2025-03-17,64442.4,Department of Defense,Washington Headquarters Services,BALLISTIC VEST KIT,CONT_AWD_HQ003425F0065_9700_HQ003424A0010_9700
0001372612,"BOX, INC.",BOXER ADVISORS LLC,False,HQ042323C0004,2022-11-07,2023-09-30,64211.08,Department of Defense,Defense Finance and Accounting Service,RETIREMENT TRAINING,CONT_AWD_HQ042323C0004_9700_-NONE-_-NONE-
0001372612,"BOX, INC.","SEA BOX, INC.",False,SPE8ED25P0118,2024-10-23,2025-02-20,64207.0,Department of Defense,Defense Logistics Agency,"8510970027!QUADCON,FREIGHT SPE",CONT_AWD_SPE8ED25P0118_9700_-NONE-_-NONE-
0001372612,"BOX, INC.","SEA BOX, INC.",False,N5005424P0171,2024-08-09,2025-01-24,63420.0,Department of Defense,Department of the Navy,CHILLER CONTAINERS FOOD STORAGE,CONT_AWD_N5005424P0171_9700_-NONE-_-NONE-
0001372612,"BOX, INC.",ROYAL PAPER BOX CO. OF CALIFORNIA,False,2031JG24F00360,2024-07-29,2025-07-21,63066.0,Department of the Treasury,United States Mint,2025 CLAMSHELL SLEEVE UNITED STATES MINT-CONGRATULATIONS,CONT_AWD_2031JG24F00360_2044_2031JG21D00026_2044
0001372612,"BOX, INC.","SEA BOX, INC.",False,SPE8ED22P0361,2022-01-13,2022-02-14,63040.0,Department of Defense,Defense Logistics Agency,"8508797679!CONTAINER,FREIGHT,G",CONT_AWD_SPE8ED22P0361_9700_-NONE-_-NONE-
0001372612,"BOX, INC.",BOX GANG MANUFACTURING LLC,False,140P5424P0043,2024-08-05,2024-11-04,62788.0,Department of the Interior,National Park Service,"SUPPLY, REPLACE TRASH COMPACTOR & RECEIVERS-CUMBERLAND ISLAND NS",CONT_AWD_140P5424P0043_1443_-NONE-_-NONE-
0001372612,"BOX, INC.","TREEN BOX & PALLET, INC",False,SPE8EF26F0001,2025-10-09,2025-11-20,62330.4,Department of Defense,Defense Logistics Agency,"8511694274!PALLET,MATERIAL HAN",CONT_AWD_SPE8EF26F0001_9700_SPE8EF25D0007_9700
0001372612,"BOX, INC.","SEA BOX, INC.",False,SPE8ED25P1403,2025-07-24,2025-10-22,62176.0,Department of Defense,Defense Logistics Agency,8511525903!CONTAINERS IST - PHILADELPHIA,CONT_AWD_SPE8ED25P1403_9700_-NONE-_-NONE-
0001372612,"BOX, INC.","SEA BOX, INC.",False,SPE8ED24P0684,2024-05-08,2024-07-08,62000.0,Department of Defense,Defense Logistics Agency,"8510615747!CONTAINER,FREIGHT,G",CONT_AWD_SPE8ED24P0684_9700_-NONE-_-NONE-
0001372612,"BOX, INC.","SEA BOX, INC.",False,SPE8ED24P0003,2024-06-05,2024-08-05,61610.0,Department of Defense,Defense Logistics Agency,"8510163205!QUADCON,FREIGHT SPE",CONT_AWD_SPE8ED24P0003_9700_-NONE-_-NONE-
0001372612,"BOX, INC.",REDGUARD LLC,False,FA303023FG115,2023-07-31,2023-11-30,61492.46,Department of Defense,Department of the Air Force,CONNEX,CONT_AWD_FA303023FG115_9700_GS07F0761X_4732
0001372612,"BOX, INC.","SEA BOX, INC.",False,SPE8ED25P0734,2025-03-12,2025-06-10,61476.0,Department of Defense,Defense Logistics Agency,"8511238782!QUADCON,FREIGHT SPE",CONT_AWD_SPE8ED25P0734_9700_-NONE-_-NONE-
0001372612,"BOX, INC.",ROYAL PAPER BOX CO. OF CALIFORNIA,False,2031JG22F00268,2022-06-29,2023-06-28,61252.2,Department of the Treasury,United States Mint,2023 CARTON AWQ PROOF 5 COINS SET AND 2023 CARTON AMERICAN WOMEN QUARTER DOLLARS SILVER,CONT_AWD_2031JG22F00268_2044_2031JG21D00026_2044
0001372612,"BOX, INC.","SEA BOX, INC.",False,SPE8ED24P0725,2024-05-30,2024-10-14,60756.0,Department of Defense,Defense Logistics Agency,"8510646442!QUADCON,FREIGHT SPE",CONT_AWD_SPE8ED24P0725_9700_-NONE-_-NONE-
0001372612,"BOX, INC.","BLACK BOX SAFETY, INC",False,FA466125F0056,2025-09-12,2025-10-12,60595.0,Department of Defense,Department of the Air Force,"HALFTRACK RUCK SACK:  FRONT LOADING AND FEATURES TWO LEVELS OF VARYING-SIZED TUCK-POCKETS, WHICH LINE THE INTERIOR.   PACK HOLDS TWO THREE-LITER HYDRATION KITS,  LIFETIME WARRANTY",CONT_AWD_FA466125F0056_9700_47QSWA23D000Y_4732
0001372612,"BOX, INC.",BOXART INC.,False,33330226FF0010296,2026-07-13,2026-10-31,60575.0,Smithsonian Institution,Smithsonian Institution,FABRICATION OF CRATES AND PACKING SERVICES FOR EXHIBITION: MADE IN AMERICAN.,CONT_AWD_33330226FF0010296_3300_33330225DF0010174_3300
0001372612,"BOX, INC.","BLACK BOX SAFETY, INC",False,W911S224P0985,2024-08-06,2024-10-21,60535.2,Department of Defense,Department of the Army,BODY ARMOR UNISON BUY PACKAGE: 1177996,CONT_AWD_W911S224P0985_9700_-NONE-_-NONE-
0001372612,"BOX, INC.","BLACK BOX SAFETY, INC",False,36C26224P0322,2023-11-29,2024-09-30,60440.62,Department of Veterans Affairs,Department of Veterans Affairs,BODY ARMOR,CONT_AWD_36C26224P0322_3600_-NONE-_-NONE-
0001372612,"BOX, INC.","SEA BOX, INC.",False,SPE8ED26P0761,2026-04-17,2026-07-16,59920.0,Department of Defense,Defense Logistics Agency,"8512050368!TRICON,FREIGHT,SPEC",CONT_AWD_SPE8ED26P0761_9700_-NONE-_-NONE-
0001372612,"BOX, INC.","SEA BOX, INC.",False,SPE8ED26P0763,2026-04-22,2026-09-16,59850.0,Department of Defense,Defense Logistics Agency,"8512051428!CONTAINER,FREIGHT,G",CONT_AWD_SPE8ED26P0763_9700_-NONE-_-NONE-
0001372612,"BOX, INC.",ROYAL PAPER BOX CO. OF CALIFORNIA,False,2031JG26F00146,2026-07-07,2027-07-06,59787.0,Department of the Treasury,United States Mint,2027 SLEEVE UNITED STATES MINT CONGRATULATIONS SET {AE SILVER 1OZ PROOF},CONT_AWD_2031JG26F00146_2044_2031JG21D00026_2044
0001372612,"BOX, INC.","BLACKBOX BIOTECH, INC",False,75N94025P00523,2025-08-21,2025-10-31,59775.0,Department of Health and Human Services,National Institutes of Health,NIAAA: SUPPLIES: BLACKBOX ONE 1R-4 RODENT BEHAVIORAL OBSERVATION SYSTEM: SEVERABLE,CONT_AWD_75N94025P00523_7529_-NONE-_-NONE-
0001372612,"BOX, INC.","SEA BOX, INC.",False,SPE8ED22P0475,2022-03-02,2022-08-29,59225.0,Department of Defense,Defense Logistics Agency,8508883471!CONTAINERS IST - PHILADELPHIA,CONT_AWD_SPE8ED22P0475_9700_-NONE-_-NONE-
0001372612,"BOX, INC.","SEA BOX, INC.",False,SPE8ED25P1472,2025-08-12,2025-12-10,58828.0,Department of Defense,Defense Logistics Agency,"8511562998!CONTAINER,FREIGHT,G",CONT_AWD_SPE8ED25P1472_9700_-NONE-_-NONE-
0001372612,"BOX, INC.","SEA BOX, INC.",False,SPE8ED25P0125,2024-10-23,2025-02-20,58776.0,Department of Defense,Defense Logistics Agency,"8510971482!QUADCON,FREIGHT SPE",CONT_AWD_SPE8ED25P0125_9700_-NONE-_-NONE-
0001372612,"BOX, INC.",ROYAL PAPER BOX CO. OF CALIFORNIA,False,2031JG25F00163,2025-05-19,2026-05-15,58468.8,Department of the Treasury,United States Mint,2026 CLAMSHELL SLEEVE UNITED STATES MINT CONGRATULATIONS,CONT_AWD_2031JG25F00163_2044_2031JG21D00026_2044
0001372612,"BOX, INC.","TREEN BOX & PALLET, INC",False,SPE8EF22F0145,2022-08-29,2022-10-05,58010.4,Department of Defense,Defense Logistics Agency,"8509347983!PALLET,MATERIAL HAN",CONT_AWD_SPE8EF22F0145_9700_SPE8EF17D0003_9700
0001372612,"BOX, INC.","TREEN BOX & PALLET, INC",False,SPE8EF22F0135,2022-08-09,2022-09-07,58009.6,Department of Defense,Defense Logistics Agency,"8509297688!PALLET,MATERIAL HAN",CONT_AWD_SPE8EF22F0135_9700_SPE8EF17D0003_9700
0001372612,"BOX, INC.",ISOBOX INC,False,H9228122C0001,2022-04-05,2022-08-03,57800.0,Department of Defense,U.S. Special Operations Command,COROZAL EAST FACILITY REPAIRS,CONT_AWD_H9228122C0001_9700_-NONE-_-NONE-
0001372612,"BOX, INC.","SEA BOX, INC.",False,SPE8ED24P0023,2023-11-28,2024-08-30,57600.0,Department of Defense,Defense Logistics Agency,"8509815467!CONTAINER,FREIGHT,U",CONT_AWD_SPE8ED24P0023_9700_-NONE-_-NONE-
0001372612,"BOX, INC.","BLACKBOX BIOTECH, INC",False,W911QX24P0167,2024-07-18,2024-08-30,57400.0,Department of Defense,Department of the Army,"QUANTITY (QTY) ONE (1) BLACKBOX ONE 1R RODENT BEHAVIORAL OBSERVATION SYSTEM, WORKSTATION, AND WARRANTY.",CONT_AWD_W911QX24P0167_9700_-NONE-_-NONE-
0001372612,"BOX, INC.",ROYAL PAPER BOX CO. OF CALIFORNIA,False,2031JG23F00246,2023-06-26,2024-06-19,57367.4,Department of the Treasury,United States Mint,"2024 CARTON AWQ PROOF 5 COINS SET, 2024 CARTON AMERICAN WOMEN QUARTER SILVER PROOF",CONT_AWD_2031JG23F00246_2044_2031JG21D00026_2044
0001372612,"BOX, INC.","TREEN BOX & PALLET, INC",False,SPE8EF24F0001,2023-10-02,2023-11-30,57222.0,Department of Defense,Defense Logistics Agency,"8510185145!PALLET,MATERIAL HAN",CONT_AWD_SPE8EF24F0001_9700_SPE8EF23D0005_9700
0001372612,"BOX, INC.",ROYAL PAPER BOX CO. OF CALIFORNIA,False,2031JG26F00059,2025-11-21,2026-11-18,56870.0,Department of the Treasury,United States Mint,DC COMICS CARTON 3-MEDAL SET,CONT_AWD_2031JG26F00059_2044_2031JG21D00026_2044
0001372612,"BOX, INC.","SEA BOX, INC.",False,SPE8ED24P0471,2024-02-23,2024-06-24,56772.0,Department of Defense,Defense Logistics Agency,"8510462113!CONTAINER,FREIGHT,G",CONT_AWD_SPE8ED24P0471_9700_-NONE-_-NONE-
0001372612,"BOX, INC.","AMERICAN DEBRIS BOX SERVICE, INC.",False,SP330024P1082,2024-07-11,2027-07-11,56700.0,Department of Defense,Defense Logistics Agency,8510744895!RENTAL/CLEANING PORTABLE LATR,CONT_AWD_SP330024P1082_9700_-NONE-_-NONE-
0001372612,"BOX, INC.","MAPBOX, INC.",False,9531CB19P0009,2019-04-01,2021-03-31,56375.0,Consumer Financial Protection Bureau,Consumer Financial Protection Bureau,MAPBOX GEOCODING LICENSE PURCHASE OF ANNUAL SUBSCRIPTION AND ONE OPTIONAL ANNUAL SUBSCRIPTION OF GEOCODING API AND MAPS API.,CONT_AWD_9531CB19P0009_955F_-NONE-_-NONE-
0001372612,"BOX, INC.","BLACK BOX SAFETY, INC",False,W912LA24P0004,2024-04-01,2024-06-27,56348.2,Department of Defense,Department of the Army,PARACLETE 10260 - LEVEL III - 9.5X12.5,CONT_AWD_W912LA24P0004_9700_-NONE-_-NONE-
0001372612,"BOX, INC.","BLACKBOX BIOTECH, INC",False,36C24724P1079,2024-07-29,2024-11-30,55400.0,Department of Veterans Affairs,Department of Veterans Affairs,RODENT BEHAVIOR OBSERVATION SYSTEM,CONT_AWD_36C24724P1079_3600_-NONE-_-NONE-
0001372612,"BOX, INC.","SEA BOX, INC.",False,SPE8ED25P0366,2024-12-11,2025-04-10,55350.0,Department of Defense,Defense Logistics Agency,"8511066765!CONTAINER,FREIGHT,G",CONT_AWD_SPE8ED25P0366_9700_-NONE-_-NONE-
0001372612,"BOX, INC.","SEA BOX, INC.",False,SPE8ED25P0831,2025-03-28,2025-07-28,55192.0,Department of Defense,Defense Logistics Agency,"8511282672!CONTAINER,FREIGHT,G",CONT_AWD_SPE8ED25P0831_9700_-NONE-_-NONE-
0001372612,"BOX, INC.",ROYAL PAPER BOX CO. OF CALIFORNIA,False,2031JG24F00064,2023-10-26,2024-10-23,55162.5,Department of the Treasury,United States Mint,2024 SLEEVE GREATEST GENERATION,CONT_AWD_2031JG24F00064_2044_2031JG21D00026_2044
0001372612,"BOX, INC.","AMERICAN DEBRIS BOX SERVICE, INC.",False,W15QKN23P5084,2023-09-01,2026-08-31,55080.0,Department of Defense,Department of the Army,"THE PURPOSE OF THIS REQUIREMENT IS TO PROCURE 12 PORTABLE LATRINES AND SIX DUAL HAND WASH STATIONS WITH BIWEEKLY SERVICING IN SUPPORT OF NCOA BASIC LEADER COURSE, 80TH TRAINING COMMAND, LOCATED IN CAMP PARK, DUBLIN, CALIFORNIA.",CONT_AWD_W15QKN23P5084_9700_-NONE-_-NONE-
0001372612,"BOX, INC.",ROYAL PAPER BOX CO. OF CALIFORNIA,False,2031JG22F00238,2022-05-24,2023-05-16,55001.76,Department of the Treasury,United States Mint,2023 CARTON PROOF SET  AND 2023 CARTON SILVER PROOF SET,CONT_AWD_2031JG22F00238_2044_2031JG21D00026_2044
0001372612,"BOX, INC.","BLACKBOX BIOTECH, INC",False,36C26126P1162,2026-09-15,2026-11-30,54900.0,Department of Veterans Affairs,Department of Veterans Affairs,RODENT BEHAVIORAL OBSERVATION SYSTEM,CONT_AWD_36C26126P1162_3600_-NONE-_-NONE-
0001372612,"BOX, INC.","TREEN BOX & PALLET, INC",False,SPE8EF24F0083,2024-06-12,2024-06-28,54648.0,Department of Defense,Defense Logistics Agency,"8510686837!PALLET,MATERIAL HAN",CONT_AWD_SPE8EF24F0083_9700_SPE8EF23D0005_9700
0001372612,"BOX, INC.","SEA BOX, INC.",False,SPE8ED25P0012,2024-10-03,2025-01-31,54400.0,Department of Defense,Defense Logistics Agency,"8510425789!TRICON,FREIGHT,SPEC",CONT_AWD_SPE8ED25P0012_9700_-NONE-_-NONE-
0001372612,"BOX, INC.",SHADOWBOX CONSULTING ASSOCIATES LLC,False,HT942524F0291,2024-09-25,2025-04-04,54286.03,Department of Defense,Defense Health Agency,ADMINISTRATIVE ASSISTANT SERVICES,CONT_AWD_HT942524F0291_9700_HT001122D0044_9700
0001372612,"BOX, INC.",NORTHERN BAG AND BOX COMPANY,False,121NTB21C0116,2021-04-19,2021-05-10,53952.0,Department of Agriculture,Agricultural Marketing Service,"2000007713/4210005372/BAGS, WOVEN POLYPROPYLENE- 50 KG",CONT_AWD_121NTB21C0116_12K2_-NONE-_-NONE-
0001372612,"BOX, INC.","SEA BOX, INC.",False,SPE8ED23P0988,2023-08-14,2023-09-28,53740.0,Department of Defense,Defense Logistics Agency,8510074940!SHIPPING AND STORAG,CONT_AWD_SPE8ED23P0988_9700_-NONE-_-NONE-
0001372612,"BOX, INC.","SEA BOX, INC.",False,SPE8ED26P0603,2026-03-11,2026-06-09,53448.0,Department of Defense,Defense Logistics Agency,"8511968606!CONTAINER,FREIGHT,G",CONT_AWD_SPE8ED26P0603_9700_-NONE-_-NONE-
0001372612,"BOX, INC.","SEA BOX, INC.",False,W9124X24FA012,2024-09-20,2024-12-04,53203.25,Department of Defense,Department of the Army,STORAGE CONTAINER 40FT CLIMATE-CONTROLLED CONTAINER.,CONT_AWD_W9124X24FA012_9700_GS07F253AA_4732
0001372612,"BOX, INC.",ROYAL PAPER BOX CO. OF CALIFORNIA,False,2031JG25F00222,2025-07-09,2026-07-08,53164.8,Department of the Treasury,United States Mint,2026 SLEEVE FIFA,CONT_AWD_2031JG25F00222_2044_2031JG21D00026_2044
0001372612,"BOX, INC.","SEA BOX, INC.",False,SPE8ED24P0114,2023-10-24,2024-03-14,52902.0,Department of Defense,Defense Logistics Agency,"8510215738!CONTAINER,FREIGHT,G",CONT_AWD_SPE8ED24P0114_9700_-NONE-_-NONE-
0001372612,"BOX, INC.","TREEN BOX & PALLET, INC",False,SPMYM223F0336,2023-07-12,2023-08-16,52896.0,Department of Defense,Defense Logistics Agency,PALLET OPTION YEAR FOUR,CONT_AWD_SPMYM223F0336_9700_SPMYM218D0008_9700
0001372612,"BOX, INC.","SEA BOX, INC.",False,W90VN725FA061,2025-09-11,2025-12-21,52499.17,Department of Defense,Department of the Army,"REFRIGERATED CONTAINER WHICH REQUIRED TO MEET ISO 9001 STANDARDS REQUIRES INTERIOR LIGHTS, FULL LENGTH SHELVES ON BOTH SIDES, STAINLESS STEEL INTERIOR WALL LINING, DOUBLE SWING DOORS ON ONE END, ALUMINUM FLAT FLOORS, AND (2) FORK LIFT POCKETS.",CONT_AWD_W90VN725FA061_9700_GS07F253AA_4732
0001372612,"BOX, INC.",BLACKBOX BIOMETRICS INC,False,W911YP23P0022,2023-09-25,2023-12-24,52120.0,Department of Defense,Department of the Army,62 EA BLACKBOX BIOMETRICS BLAST GAUGE SYSTEMS,CONT_AWD_W911YP23P0022_9700_-NONE-_-NONE-
0001372612,"BOX, INC.","SEA BOX, INC.",False,47QSWC22F0125,2022-08-09,2023-01-20,52101.12,General Services Administration,Federal Acquisition Service,BEAR HYGIENE SPARES KITS,CONT_AWD_47QSWC22F0125_4732_GS02F0024P_4730
0001372612,"BOX, INC.","SEA BOX, INC.",False,SPE8ED24P0263,2023-12-05,2024-03-04,51944.0,Department of Defense,Defense Logistics Agency,8510298672!CONTAINERS IST - PHILADELPHIA,CONT_AWD_SPE8ED24P0263_9700_-NONE-_-NONE-
0001372612,"BOX, INC.","SEA BOX, INC.",False,SPE8ED24P0462,2024-02-22,2024-06-21,51650.0,Department of Defense,Defense Logistics Agency,"8510456078!QUADCON,FREIGHT SPE",CONT_AWD_SPE8ED24P0462_9700_-NONE-_-NONE-
0001372612,"BOX, INC.",OOTBOX INC,False,36C25722P0748,2022-08-23,2022-11-23,51400.0,Department of Veterans Affairs,Department of Veterans Affairs,"EMPI DRIVE  THROUGH BOX - LAB ,OOTBOX",CONT_AWD_36C25722P0748_3600_-NONE-_-NONE-
0001372612,"BOX, INC.",ROYAL PAPER BOX CO. OF CALIFORNIA,False,2031JG26F00183,2026-08-06,2027-07-21,51365.84,Department of the Treasury,United States Mint,2027 WORKING DOG SLEEVES,CONT_AWD_2031JG26F00183_2044_2031JG21D00026_2044
0001372612,"BOX, INC.","SEA BOX, INC.",False,SPE8ED26P0759,2026-04-17,2026-07-16,51330.0,Department of Defense,Defense Logistics Agency,"8512049417!CONTAINER,FREIGHT,G",CONT_AWD_SPE8ED26P0759_9700_-NONE-_-NONE-
0001372612,"BOX, INC.","SEA BOX, INC.",False,SPE8ED25P0009,2024-11-20,2025-04-04,51153.0,Department of Defense,Defense Logistics Agency,"8510398856!QUADCON,FREIGHT SPE",CONT_AWD_SPE8ED25P0009_9700_-NONE-_-NONE-
0001372612,"BOX, INC.","MAPBOX, INC.",False,140P2120P0005,2019-11-06,2022-03-11,51120.0,Department of the Interior,National Park Service,IR-MAPBOX HOSTING,CONT_AWD_140P2120P0005_1443_-NONE-_-NONE-
0001372612,"BOX, INC.","BLACK BOX SAFETY, INC",False,HQ003425FE170,2025-06-20,2025-08-20,50286.6,Department of Defense,Washington Headquarters Services,PROCUREMENT OF BALLISTIC VESTS AND ACCESSORIES FOR THE LAW ENFORCEMENT AGENT USE DURING OFFICIAL DUTIES AND ACTIVITIES IN SUPPORT OF THE DEPARTMENT OF DEFENSE OFFICE OF INSPECTOR GENERAL,CONT_AWD_HQ003425FE170_9700_HQ003424A0010_9700
0001372612,"BOX, INC.","SEA BOX, INC.",False,N0024423F0254,2023-05-22,2023-07-10,50176.83,Department of Defense,Department of the Navy,OUTDOOR METL STORAGE CONTAINERS,CONT_AWD_N0024423F0254_9700_GS02F0024P_4730
0001372612,"BOX, INC.",ROYAL PAPER BOX CO. OF CALIFORNIA,False,2031JG24F00352,2024-07-29,2025-07-10,50050.0,Department of the Treasury,United States Mint,2025 SLEEVE USMC $1 SILVER PRF AND UNC COIN,CONT_AWD_2031JG24F00352_2044_2031JG21D00026_2044
0001372612,"BOX, INC.","SEA BOX, INC.",False,SPE8ED26P0435,2026-01-29,2026-04-29,49720.0,Department of Defense,Defense Logistics Agency,"8511891040!TRICON,FREIGHT,SPEC",CONT_AWD_SPE8ED26P0435_9700_-NONE-_-NONE-
0001372612,"BOX, INC.",BLACKBOX RESEARCH PTE LTD,False,19SN1024P1005,2024-09-30,2025-09-29,49707.39,Department of State,Department of State,DESIGN AND IMPLEMENT POLLING SURVEY,CONT_AWD_19SN1024P1005_1900_-NONE-_-NONE-
0001372612,"BOX, INC.",ISOBOX INC,False,19PM0722P0185,2022-02-17,2022-03-04,49563.41,Department of State,Department of State,BUILDING MATERIALS AND TOOLS,CONT_AWD_19PM0722P0185_1900_-NONE-_-NONE-
0001372612,"BOX, INC.",TAYLOR BOX COMPANY,False,2031JG22F00354,2022-08-26,2023-08-23,49320.6,Department of the Treasury,United States Mint,FY23 BULK BOXES FOR 23XF004 & 23XL004,CONT_AWD_2031JG22F00354_2044_TMHQ17C0005_2044
0001372612,"BOX, INC.","NOODLEBOX DESIGN, LLC",False,N5523625F0551,2025-09-16,2025-09-26,49210.29,Department of Defense,Department of the Navy,C410A - PROCURE BUILDING EMERGENCY EVACUATION MAPPING FOR C1150,CONT_AWD_N5523625F0551_9700_GS07F432AA_4730
0001372612,"BOX, INC.","SEA BOX, INC.",False,SPE8ED22P0549,2022-03-10,2022-08-08,48839.0,Department of Defense,Defense Logistics Agency,"8508932107!QUADCON,FREIGHT SPE",CONT_AWD_SPE8ED22P0549_9700_-NONE-_-NONE-
0001372612,"BOX, INC.","TREEN BOX & PALLET, INC",False,SPMYM222F0421,2022-08-13,2022-09-28,48720.0,Department of Defense,Defense Logistics Agency,PALLET OPTION YEAR THREE,CONT_AWD_SPMYM222F0421_9700_SPMYM218D0008_9700
0001372612,"BOX, INC.","TREEN BOX & PALLET, INC",False,SPMYM222F0403,2022-08-02,2022-09-19,48720.0,Department of Defense,Defense Logistics Agency,PALLET OPTION YEAR THREE,CONT_AWD_SPMYM222F0403_9700_SPMYM218D0008_9700
0001372612,"BOX, INC.","TREEN BOX & PALLET, INC",False,SPMYM222F0302,2022-05-13,2022-07-10,48720.0,Department of Defense,Defense Logistics Agency,PALLET OPTION YEAR THREE,CONT_AWD_SPMYM222F0302_9700_SPMYM218D0008_9700
0001372612,"BOX, INC.","TREEN BOX & PALLET, INC",False,SPMYM222F0264,2022-04-19,2022-06-19,48720.0,Department of Defense,Defense Logistics Agency,PALLET OPTION YEAR THREE,CONT_AWD_SPMYM222F0264_9700_SPMYM218D0008_9700
0001372612,"BOX, INC.","TREEN BOX & PALLET, INC",False,SPMYM222F0228,2022-03-29,2022-06-06,48720.0,Department of Defense,Defense Logistics Agency,PALLET OPTION YEAR THREE,CONT_AWD_SPMYM222F0228_9700_SPMYM218D0008_9700
0001372612,"BOX, INC.","TREEN BOX & PALLET, INC",False,SPMYM222F0212,2022-03-16,2022-04-30,48720.0,Department of Defense,Defense Logistics Agency,PALLET OPTION YEAR THREE,CONT_AWD_SPMYM222F0212_9700_SPMYM218D0008_9700
0001372612,"BOX, INC.","TREEN BOX & PALLET, INC",False,SPMYM222F0166,2022-02-11,2022-02-22,48720.0,Department of Defense,Defense Logistics Agency,PALLET OPTION YEAR THREE,CONT_AWD_SPMYM222F0166_9700_SPMYM218D0008_9700
0001372612,"BOX, INC.",SPLASH BOX MARKETING LLC,False,49100423P0081,2023-09-18,2024-03-31,48460.5,National Science Foundation,National Science Foundation,508 REMEDIATION AND COMPLIANCE,CONT_AWD_49100423P0081_4900_-NONE-_-NONE-
0001372612,"BOX, INC.","IBOX GLOBAL, LLC",False,140P5221P0120,2021-09-09,2025-03-08,48311.13,Department of the Interior,National Park Service,"X:NOGRN COMMERCIAL SERVICE, SHORTEL PHONE SYSTEM SUPPORT NPS, MAMMOTH CAVE NATIONAL PARK",CONT_AWD_140P5221P0120_1443_-NONE-_-NONE-
0001372612,"BOX, INC.","SEA BOX, INC.",False,SPE8ED25P1247,2025-06-11,2025-09-09,48276.0,Department of Defense,Defense Logistics Agency,8511435810!CONTAINERS IST - PHILADELPHIA,CONT_AWD_SPE8ED25P1247_9700_-NONE-_-NONE-
0001372612,"BOX, INC.","SANDBOXX, INC.",False,H9225723P0036,2023-03-10,2025-03-31,48000.0,Department of Defense,U.S. Special Operations Command,ARTICLE SERIES,CONT_AWD_H9225723P0036_9700_-NONE-_-NONE-
0001372612,"BOX, INC.",OOTBOX INC,False,36C25022P1105,2022-04-29,2023-04-28,48000.0,Department of Veterans Affairs,Department of Veterans Affairs,OOTBOX LEASE,CONT_AWD_36C25022P1105_3600_-NONE-_-NONE-
0001372612,"BOX, INC.","BOXX TECHNOLOGIES, LLC",False,80NSSC26P1369,2026-08-20,2026-09-03,47889.0,National Aeronautics and Space Administration,National Aeronautics and Space Administration,BOXX APPEXX T4 PRO PURCHASE,CONT_AWD_80NSSC26P1369_8000_-NONE-_-NONE-
0001372612,"BOX, INC.","SEA BOX, INC.",False,SPE8ED24P0533,2024-06-28,2024-10-28,47700.0,Department of Defense,Defense Logistics Agency,"8510531605!CONTAINER,FREIGHT,G",CONT_AWD_SPE8ED24P0533_9700_-NONE-_-NONE-
0001372612,"BOX, INC.","BLACK BOX SAFETY, INC",False,36C25725P0498,2025-06-06,2025-09-27,47549.98,Department of Veterans Affairs,Department of Veterans Affairs,LION R.A.C.E. STATION FIRE EXTINGUISHER TRAINING SIMULATOR,CONT_AWD_36C25725P0498_3600_-NONE-_-NONE-
0001372612,"BOX, INC.","SEA BOX, INC.",False,SPRDL124F0037,2023-12-20,2024-05-20,47340.0,Department of Defense,Defense Logistics Agency,DELIVERY ORDER FOR THE PURCHASE OF ISO TYPE 3 NON-CARC CONTAINERS.  NSN:  8150-01-528-7571.  PART NUMBER:  SB861.6.S.TACOM,CONT_AWD_SPRDL124F0037_9700_SPRDL119D0100_9700
0001372612,"BOX, INC.",BRAINBOX LTD,False,75N98026P00615,2026-06-01,2026-12-31,47006.0,Department of Health and Human Services,National Institutes of Health,NINDS: SUPPLY: DUOMAG MP-DUAL TMS SYSTEM: N/A,CONT_AWD_75N98026P00615_7529_-NONE-_-NONE-
0001372612,"BOX, INC.","SEA BOX, INC.",False,SPE8ED25P1503,2025-08-19,2025-12-17,46640.0,Department of Defense,Defense Logistics Agency,"8511576553!CONTAINER,FREIGHT,G",CONT_AWD_SPE8ED25P1503_9700_-NONE-_-NONE-
0001372612,"BOX, INC.","TREEN BOX & PALLET, INC",False,SPMYM226F6218,2026-03-30,2026-05-18,46550.4,Department of Defense,Defense Logistics Agency,"PALLET, MATERIAL HANDLING",CONT_AWD_SPMYM226F6218_9700_SPMYM224D0003_9700
0001372612,"BOX, INC.","TREEN BOX & PALLET, INC",False,SPMYM225F0552,2025-09-15,2025-10-21,46550.4,Department of Defense,Defense Logistics Agency,PALLET OPTION YEAR ONE,CONT_AWD_SPMYM225F0552_9700_SPMYM224D0003_9700
0001372612,"BOX, INC.","TREEN BOX & PALLET, INC",False,SPMYM225F0525,2025-08-27,2025-10-06,46550.4,Department of Defense,Defense Logistics Agency,PALLET OPTION YEAR ONE,CONT_AWD_SPMYM225F0525_9700_SPMYM224D0003_9700
0001372612,"BOX, INC.",ROYAL PAPER BOX CO. OF CALIFORNIA,False,2031JG24F00348,2024-07-25,2025-07-09,45738.4,Department of the Treasury,United States Mint,24YH004 (SLEEVE - 2024 FLOWING HAIR SILVER MEDAL),CONT_AWD_2031JG24F00348_2044_2031JG21D00026_2044
0001372612,"BOX, INC.","TREEN BOX & PALLET, INC",False,SPE8EF26F0003,2025-10-14,2025-11-13,45576.0,Department of Defense,Defense Logistics Agency,"8511698518!PALLET,MATERIAL HAN",CONT_AWD_SPE8EF26F0003_9700_SPE8EF25D0007_9700
0001372612,"BOX, INC.",ISOBOX INC,False,19PM0724P0894,2024-09-04,2025-07-11,45540.0,Department of State,Department of State,OFFICE AND DORMITORY CONTAINERS,CONT_AWD_19PM0724P0894_1900_-NONE-_-NONE-
0001372612,"BOX, INC.","TREEN BOX & PALLET, INC",False,SPMYM225F0065,2024-10-30,2024-12-18,45246.6,Department of Defense,Defense Logistics Agency,PALLET BASE YEAR,CONT_AWD_SPMYM225F0065_9700_SPMYM224D0003_9700
0001372612,"BOX, INC.",SOFTBOX SYSTEMS INC,False,75A50325P00009,2025-09-24,2025-09-29,45240.0,Department of Health and Human Services,Office of Assistant Secretary for Preparedness and Response,PALLET SHIPPER SYSTEM AND GEL PACKS,CONT_AWD_75A50325P00009_7505_-NONE-_-NONE-
0001372612,"BOX, INC.","USA BOXING, N.C. ASSOCIATION, INC.",False,W9124722P0090,2022-09-02,2022-09-30,45000.0,Department of Defense,Department of the Army,LABOR AND PER DIEM X4 DAY,CONT_AWD_W9124722P0090_9700_-NONE-_-NONE-
0001372612,"BOX, INC.","SEA BOX, INC.",False,SPE8ED22P0687,2022-05-11,2022-09-08,44916.0,Department of Defense,Defense Logistics Agency,"8509076582!CONTAINER,FREIGHT,G",CONT_AWD_SPE8ED22P0687_9700_-NONE-_-NONE-
0001372612,"BOX, INC.","SEA BOX, INC.",False,SPE8ED26P0528,2026-02-20,2026-05-21,44793.0,Department of Defense,Defense Logistics Agency,"8511933451!TRICON FREIGHT,SPEC",CONT_AWD_SPE8ED26P0528_9700_-NONE-_-NONE-
0001372612,"BOX, INC.","SEA BOX, INC.",False,N6883624P0110,2024-06-07,2024-06-10,44593.0,Department of Defense,Department of the Navy,REFRIGERATED CONTAINER,CONT_AWD_N6883624P0110_9700_-NONE-_-NONE-
0001372612,"BOX, INC.","BLACK BOX SAFETY, INC",False,SPMYM226P5902,2026-04-14,2026-05-26,44524.8,Department of Defense,Defense Logistics Agency,PRESSURE SENSITIVE TAPE,CONT_AWD_SPMYM226P5902_9700_-NONE-_-NONE-
0001372612,"BOX, INC.","SEA BOX, INC.",False,SPE8ED24P0837,2024-07-16,2024-10-15,44490.0,Department of Defense,Defense Logistics Agency,"8510753102!CONTAINER,FREIGHT,G",CONT_AWD_SPE8ED24P0837_9700_-NONE-_-NONE-
0001372612,"BOX, INC.","TREEN BOX & PALLET, INC",False,SPMYM224F0396,2024-07-25,2024-08-26,44323.2,Department of Defense,Defense Logistics Agency,PALLET BASE YEAR,CONT_AWD_SPMYM224F0396_9700_SPMYM224D0003_9700
0001372612,"BOX, INC.","TREEN BOX & PALLET, INC",False,SPMYM224F0387,2024-07-18,2024-08-19,44323.2,Department of Defense,Defense Logistics Agency,PALLET BASE YEAR,CONT_AWD_SPMYM224F0387_9700_SPMYM224D0003_9700
0001372612,"BOX, INC.","TREEN BOX & PALLET, INC",False,SPE8EF22F0124,2022-08-02,2022-08-19,44291.52,Department of Defense,Defense Logistics Agency,"8509281679!PALLET,MATERIAL HAN",CONT_AWD_SPE8EF22F0124_9700_SPE8EF17D0003_9700
0001372612,"BOX, INC.",CLEANBOX TECHNOLOGY INC,False,36C24126P0799,2026-09-23,2026-12-30,44180.0,Department of Veterans Affairs,Department of Veterans Affairs,CLEAN BOX MEDICAL CART BUNDLES,CONT_AWD_36C24126P0799_3600_-NONE-_-NONE-
0001372612,"BOX, INC.","SEA BOX, INC.",False,SPE8ED25P0008,2024-10-16,2024-11-15,44166.0,Department of Defense,Defense Logistics Agency,"8510388215!CONTAINER,FREIGHT,G",CONT_AWD_SPE8ED25P0008_9700_-NONE-_-NONE-
0001372612,"BOX, INC.","BLACK BOX SAFETY, INC",False,W912EF25FA012,2025-08-26,2025-11-07,44158.03,Department of Defense,Department of the Army,W68SBV50785598,CONT_AWD_W912EF25FA012_9700_W912EF25A0003_9700
0001372612,"BOX, INC.","BLACK BOX SAFETY, INC",False,HQ003424F0264,2024-05-22,2024-06-21,43681.68,Department of Defense,Washington Headquarters Services,BALLISTIC VEST KIT,CONT_AWD_HQ003424F0264_9700_HQ003424A0010_9700
0001372612,"BOX, INC.","BLACK BOX SAFETY, INC",False,70US0924F2GSA2291,2024-05-09,2024-07-05,43576.56,Department of Homeland Security,U.S. Secret Service,THIS IS A FIRM FIXED PRICE ORDER FOR BALLISTIC SHIELDS,CONT_AWD_70US0924F2GSA2291_7009_47QSWA23D000Y_4732
0001372612,"BOX, INC.",JAYHAWK BOXES INC,False,1240LP26P0091,2026-08-24,2026-09-25,42960.0,Department of Agriculture,Forest Service,ORIGINAL SEEDLING BOXES CONTRACT 1240LP26P0010 EXPIRED AND THE CONTRACTOR FAILED TO PROVIDE SEEDLING BOXES FROM LINE ITEM 1.  THIS IS AN URGENT CONTRACT THAT HAS TO GO THROUGH AS SEEDLING BOXES ARE NEEDED BY THE END OF SEPTEMBER.,CONT_AWD_1240LP26P0091_12C2_-NONE-_-NONE-
0001372612,"BOX, INC.",OUTSIDE BOX LLC,False,140P6024P0035,2024-08-23,2025-03-04,42689.68,Department of the Interior,National Park Service,"SERVICE, ADMINISTRATIVE HISTORY, MORU",CONT_AWD_140P6024P0035_1443_-NONE-_-NONE-
0001372612,"BOX, INC.","SEA BOX, INC.",False,FA872623PB004,2023-06-29,2023-10-30,42339.0,Department of Defense,Department of the Air Force,"THREE 40' X 9'6"" X 8' CARGO CONTAINERS - HANSCOM AFB LANTERN PROGRAM",CONT_AWD_FA872623PB004_9700_-NONE-_-NONE-
0001372612,"BOX, INC.","SEA BOX, INC.",False,SPE8ED25P0240,2024-11-14,2025-03-18,42296.0,Department of Defense,Defense Logistics Agency,8511013616!CONTAINERS IST - PHILADELPHIA,CONT_AWD_SPE8ED25P0240_9700_-NONE-_-NONE-
0001372612,"BOX, INC.",WILLS BOX COMPANY LLC,False,12639523P0385,2023-09-08,2024-02-28,42117.32,Department of Agriculture,Animal and Plant Health Inspection Service,COTTON GRADE STANDARD BOX TRAYS.,CONT_AWD_12639523P0385_12K3_-NONE-_-NONE-
0001372612,"BOX, INC.","SEA BOX, INC.",False,SPE8ED25P1712,2025-09-24,2025-12-23,41976.0,Department of Defense,Defense Logistics Agency,"8511662255!TRICON,FREIGHT,SPEC",CONT_AWD_SPE8ED25P1712_9700_-NONE-_-NONE-
0001372612,"BOX, INC.","BLACK BOX SAFETY, INC",False,SPMYM226P7227,2026-06-25,2026-07-28,41576.64,Department of Defense,Defense Logistics Agency,"PRESSURE SENSITIVE TAPE MANUFACTURE: 3M, PART #: 361 (24 ROLLS PER BOX)",CONT_AWD_SPMYM226P7227_9700_-NONE-_-NONE-
0001372612,"BOX, INC.","SEA BOX, INC.",False,SPE8ED22P0208,2021-11-22,2022-01-21,41355.0,Department of Defense,Defense Logistics Agency,"8508698840!QUADCON,FREIGHT SPE",CONT_AWD_SPE8ED22P0208_9700_-NONE-_-NONE-
0001372612,"BOX, INC.",ROYAL PAPER BOX CO. OF CALIFORNIA,False,2031JG25F00105,2025-03-26,2026-03-19,41171.4,Department of the Treasury,United States Mint,PACKAGING SAMPLES,CONT_AWD_2031JG25F00105_2044_2031JG21D00026_2044
0001372612,"BOX, INC.","BOXX TECHNOLOGIES, LLC",False,FA830722P0120,2022-08-15,2022-10-31,41081.6,Department of Defense,Department of the Air Force,BOXX COMPUTERS,CONT_AWD_FA830722P0120_9700_-NONE-_-NONE-
0001372612,"BOX, INC.",JAYHAWK BOXES INC,False,1240LP23P0075,2023-06-15,2023-07-10,41002.64,Department of Agriculture,Forest Service,SOLICITATION FOR PURCHASE OF FIBERBOARD SEEDLING BOXES OF VARIOUS MINIMUM SPECIFICATIONS FOR THE NEBRASKA NF BESSEY NURSERY,CONT_AWD_1240LP23P0075_12C2_-NONE-_-NONE-
0001372612,"BOX, INC.",ROYAL PAPER BOX CO. OF CALIFORNIA,False,2031JG25F00131,2025-03-26,2026-03-24,40809.6,Department of the Treasury,United States Mint,2025 SLEEVE AMERICAN LIBERTY SILVER MEDAL,CONT_AWD_2031JG25F00131_2044_2031JG21D00026_2044
0001372612,"BOX, INC.","SEA BOX, INC.",False,SPE8ED26P0494,2026-02-12,2026-05-13,40752.0,Department of Defense,Defense Logistics Agency,"8511917424!TRICON,FREIGHT,SPEC",CONT_AWD_SPE8ED26P0494_9700_-NONE-_-NONE-
0001372612,"BOX, INC.","SEA BOX, INC.",False,SPE8ED25P0706,2025-03-04,2025-07-02,40705.0,Department of Defense,Defense Logistics Agency,"8511225293!CONTAINER,FREIGHT,G",CONT_AWD_SPE8ED25P0706_9700_-NONE-_-NONE-
0001372612,"BOX, INC.","SEA BOX, INC.",False,SPE8ED23P1058,2023-09-28,2024-01-26,40229.0,Department of Defense,Defense Logistics Agency,"8510125237!BICON,FREIGHT,GENER",CONT_AWD_SPE8ED23P1058_9700_-NONE-_-NONE-
0001372612,"BOX, INC.","BOXX MODULAR, INC.",False,693JJ420F000016,2020-07-02,2023-10-07,39744.21,Department of Transportation,Federal Motor Carrier Safety Administration,"TO PROCURE A TEMPORARY LEASE OF A MODULAR TRAILER TO HOUSE FMCSA'S LOS INDIOS, TX PORT OF ENTRY OFFICE SPACE.",CONT_AWD_693JJ420F000016_6953_47QSWA20D000Q_4732
0001372612,"BOX, INC.","SEA BOX, INC.",False,SPE8ED25P0938,2025-04-16,2025-06-16,39720.0,Department of Defense,Defense Logistics Agency,"8511319222!CONTAINER,FREIGHT,U",CONT_AWD_SPE8ED25P0938_9700_-NONE-_-NONE-
0001372612,"BOX, INC.","USA BOXING, N.C. ASSOCIATION, INC.",False,W9124725PA013,2025-05-15,2025-05-22,39600.0,Department of Defense,Department of the Army,"SERVICES TO BE ABLE TO SAFELY AND EFFECTIVELY EXECUTE THIS EVENT, BOXING TOURNAMENT, INCLUDING BOXING RINGS, BOXING GLOVES, SAFETY GEAR, PROTECTIVE EQUIPMENT, REFEREES, AND SUPPORT STAFF AT FORT BRAGG/POPE AIRFIELD, NORTH CAROLINA.",CONT_AWD_W9124725PA013_9700_-NONE-_-NONE-
0001372612,"BOX, INC.","BLACK BOX SAFETY, INC",False,W912EF25F8004,2025-05-23,2025-07-15,39523.03,Department of Defense,Department of the Army,HQ ELECTRICAL BPA CALL #2 - CAMPBELL SCIENTIFIC,CONT_AWD_W912EF25F8004_9700_W912EF25A0003_9700
0001372612,"BOX, INC.",HACK THE BOX LTD,False,N0018922P0321,2022-05-10,2023-06-30,39494.4,Department of Defense,Department of the Navy,ONLINE TRAINING AND TESTING PLATFORM,CONT_AWD_N0018922P0321_9700_-NONE-_-NONE-
0001372612,"BOX, INC.","SEA BOX, INC.",False,SPE8ED26P0871,2026-05-21,2026-08-19,39396.0,Department of Defense,Defense Logistics Agency,"8512132402!CONTAINER,FREIGHT,G",CONT_AWD_SPE8ED26P0871_9700_-NONE-_-NONE-
0001372612,"BOX, INC.","SEA BOX, INC.",False,SPE8ED26P0173,2025-11-07,2026-02-05,39384.0,Department of Defense,Defense Logistics Agency,"8511745144!CONTAINER,FREIGHT,G",CONT_AWD_SPE8ED26P0173_9700_-NONE-_-NONE-
0001372612,"BOX, INC.","SEA BOX, INC.",False,SPE8ED25P1269,2025-06-17,2025-09-15,39378.0,Department of Defense,Defense Logistics Agency,"8511447276!TRICON,FREIGHT,SPEC",CONT_AWD_SPE8ED25P1269_9700_-NONE-_-NONE-
0001372612,"BOX, INC.","SEA BOX, INC.",False,SPE8ED24P0893,2024-08-02,2024-10-31,39004.0,Department of Defense,Defense Logistics Agency,"8510796353!CONTAINER,FREIGHT,G",CONT_AWD_SPE8ED24P0893_9700_-NONE-_-NONE-
0001372612,"BOX, INC.","SEA BOX, INC.",False,SPE8ED25P0731,2025-03-12,2025-06-10,38864.0,Department of Defense,Defense Logistics Agency,"8511237057!QUADCON,FREIGHT SPE",CONT_AWD_SPE8ED25P0731_9700_-NONE-_-NONE-
0001372612,"BOX, INC.",ROYAL PAPER BOX CO. OF CALIFORNIA,False,2031JG22F00133,2022-02-03,2023-01-30,38660.0,Department of the Treasury,United States Mint,2022 CARTON AMERICAN INNOVATION $1 REVERSE PROOF   SET,CONT_AWD_2031JG22F00133_2044_2031JG21D00026_2044
0001372612,"BOX, INC.","SEA BOX, INC.",False,SPE8ED25P1514,2025-08-19,2025-12-17,38451.0,Department of Defense,Defense Logistics Agency,"8511579692!CONTAINER,FREIGHT,G",CONT_AWD_SPE8ED25P1514_9700_-NONE-_-NONE-
0001372612,"BOX, INC.",OOTBOX INC,False,36C25022P0339,2021-12-08,2022-07-13,38400.0,Department of Veterans Affairs,Department of Veterans Affairs,OUTDOOR SHELTER BOXES,CONT_AWD_36C25022P0339_3600_-NONE-_-NONE-
0001372612,"BOX, INC.","SEA BOX, INC.",False,SPE8ED22P0320,2021-12-28,2022-10-26,38272.0,Department of Defense,Defense Logistics Agency,8508769812!CONTAINERS IST - PHILADELPHIA,CONT_AWD_SPE8ED22P0320_9700_-NONE-_-NONE-
0001372612,"BOX, INC.","BAND BOX CLEANERS AND LAUNDRY, INC",False,W911SA25F3007,2025-02-01,2026-01-31,38185.35,Department of Defense,Department of the Army,MW WI LAUNDRY,CONT_AWD_W911SA25F3007_9700_W911SA24D3008_9700
0001372612,"BOX, INC.","WONDER STATE BOX COMPANY, INC.",False,15UBUT25P00000800,2025-09-10,2025-10-10,38115.0,Department of Justice,Federal Prison Industries / Unicor,BOXES FOR DLA CONTRACTS,CONT_AWD_15UBUT25P00000800_1542_-NONE-_-NONE-
0001372612,"BOX, INC.","SEA BOX, INC.",False,N6809619P0040,2019-04-04,2019-05-04,38111.85,Department of Defense,Department of the Navy,REFIRGERATED CONTAINER,CONT_AWD_N6809619P0040_9700_-NONE-_-NONE-
0001372612,"BOX, INC.","WONDER STATE BOX COMPANY, INC.",False,W52P1J22F3102,2022-09-28,2022-12-05,38110.0,Department of Defense,Department of the Army,CORRUGATED FIBERBOARD FILLER COMPONENTS IN SUPPORT OF VARIOUS END ITEMS FOR PBA AMMUNITION OPERATIONS,CONT_AWD_W52P1J22F3102_9700_W52P1J18D3005_9700
0001372612,"BOX, INC.","AMERICAN DEBRIS BOX SERVICE, INC.",False,FA442724P0031,2024-03-14,2024-03-18,38050.0,Department of Defense,Department of the Air Force,RENTAL FOR PORTABLE TOILETS/SINKS/TRAILER FOR 2024 AIR SHOW,CONT_AWD_FA442724P0031_9700_-NONE-_-NONE-
0001372612,"BOX, INC.","DRY BOX, INC.",False,12048923P0021,2023-10-01,2023-10-01,38050.0,Department of Agriculture,Forest Service,"NATIVE SEEDS USED FOR POST-FIRE RESTORATION HAVE TRADITIONALLY BEEN STORED IN THE MIDDLE FORK RD TREE COOLER, BUT THE SILVICULTURE PROGRAM NEEDS ALL ITS TREE COOLER SPACE AND IS REQUIRING THE BOTANY PROGRAM TO MOVE THE SEEDS OUT. THE BOTANY PROGRAM N",CONT_AWD_12048923P0021_12C2_-NONE-_-NONE-
0001372612,"BOX, INC.",THE PIQUA PAPER BOX COMPANY,False,12639525F0189,2024-12-06,2025-02-04,37919.64,Department of Agriculture,Animal and Plant Health Inspection Service,"REFERENCE IDIQ CONTRACT# 12639520D0025/ORDER FOR BOX INTERCELL WITH LIDS, INSERT, 40 TUBE PARTITIONS,  LABEL OUTER CASES AND CORRUGATED FIBERBOARD OUTER BOXES",CONT_AWD_12639525F0189_12K3_12639520D0025_12K3
0001372612,"BOX, INC.","SEA BOX, INC.",False,SPE8ED24P0823,2024-07-05,2024-09-03,37788.0,Department of Defense,Defense Logistics Agency,"8510736648!CONTAINER,FREIGHT,G",CONT_AWD_SPE8ED24P0823_9700_-NONE-_-NONE-
0001372612,"BOX, INC.","SEA BOX, INC.",False,SPE8ED24P0239,2024-02-07,2024-06-06,37728.0,Department of Defense,Defense Logistics Agency,"8510279488!CONTAINER,FREIGHT,G",CONT_AWD_SPE8ED24P0239_9700_-NONE-_-NONE-
0001372612,"BOX, INC.",COUNTY OF BOX ELDER,False,140L5722P0038,2022-09-08,2027-09-30,37500.0,Department of the Interior,Bureau of Land Management,NOXIOUS WEED CONTROL BOX ELDER COUNTY WEED DEPT,CONT_AWD_140L5722P0038_1422_-NONE-_-NONE-
0001372612,"BOX, INC.","SEA BOX, INC.",False,FA441923F0032,2023-03-01,2023-04-17,37487.1,Department of Defense,Department of the Air Force,97 CES ENVIRONMENTAL STORAGE CONTAINERS,CONT_AWD_FA441923F0032_9700_GS02F0024P_4730
0001372612,"BOX, INC.","SEA BOX, INC.",False,SPE8ED22P0943,2022-08-24,2022-12-22,37480.0,Department of Defense,Defense Logistics Agency,"8509337423!CONTAINER,FREIGHT,G",CONT_AWD_SPE8ED22P0943_9700_-NONE-_-NONE-
0001372612,"BOX, INC.","BLACK BOX SAFETY, INC",False,W911S225PB009,2025-09-18,2025-12-16,37411.5,Department of Defense,Department of the Army,S2P2: LAW ENFORCEMENT BALLISTIC VESTS SOLICITATION# W911S225U1431,CONT_AWD_W911S225PB009_9700_-NONE-_-NONE-
0001372612,"BOX, INC.",ROYAL PAPER BOX CO. OF CALIFORNIA,False,2031JG25F00144,2025-04-22,2026-04-08,37149.0,Department of the Treasury,United States Mint,2025 CARTON AMERICAN INNOVATION $1 REVERSE PROOF SET,CONT_AWD_2031JG25F00144_2044_2031JG21D00026_2044
0001372612,"BOX, INC.",DAVID A BOXLEY,False,3323AJ22P00473816,2022-05-10,2022-07-15,37000.0,Smithsonian Institution,Smithsonian Institution,LIVE CULTURAL PROGRAM PERFORMANCE,CONT_AWD_3323AJ22P00473816_3300_-NONE-_-NONE-
0001372612,"BOX, INC.","TENNESSEE MOUNTAIN PUMPING, LLC",False,12444021C0003,2021-05-01,2023-01-18,36275.0,Department of Agriculture,Forest Service,"VAULT AND SEPTIC TOILET PUMPING SERVICES TELLICO RANGER DISTRICT.  COR MARY JANE BURNETTE AT 423 397-8413, MARY.BURNETTE@USDA.GOV  PERIOD OF PERFORMANCE: BASE YEAR     05/01/2021 THRU 12/31/2021 OPTION YEAR 1 01/01/2022 THRU 12/31/2022 OPTION",CONT_AWD_12444021C0003_12C2_-NONE-_-NONE-
0001372612,"BOX, INC.","SEA BOX, INC.",False,SPE8ED24P0618,2024-07-05,2024-11-04,35898.0,Department of Defense,Defense Logistics Agency,"8510578882!TRICON,FREIGHT,SPEC",CONT_AWD_SPE8ED24P0618_9700_-NONE-_-NONE-
0001372612,"BOX, INC.","SEA BOX, INC.",False,SPE8ED25P0293,2024-11-26,2025-03-26,35718.0,Department of Defense,Defense Logistics Agency,"8511034280!TRICON,FREIGHT,SPEC",CONT_AWD_SPE8ED25P0293_9700_-NONE-_-NONE-
0001372612,"BOX, INC.","BLACK BOX SAFETY, INC",False,36C25726P0010,2025-09-10,2025-12-10,35616.92,Department of Veterans Affairs,Department of Veterans Affairs,COOPER LIGHTING FIXTURES,CONT_AWD_36C25726P0010_3600_-NONE-_-NONE-
0001372612,"BOX, INC.","BLACK BOX SAFETY, INC",False,36C26225P0612,2025-02-21,2025-05-30,35587.4,Department of Veterans Affairs,Department of Veterans Affairs,POLICE BODY ARMOR VEST,CONT_AWD_36C26225P0612_3600_-NONE-_-NONE-
0001372612,"BOX, INC.",ISOBOX INC,False,19PM0723P0526,2023-04-14,2023-05-19,35503.03,Department of State,Department of State,CONSTRUCTION MATERIAL (SITE 2),CONT_AWD_19PM0723P0526_1900_-NONE-_-NONE-
0001372612,"BOX, INC.","BLACK BOX SAFETY, INC",False,1240BD25P0033,2025-09-25,2025-12-30,35401.8,Department of Agriculture,Forest Service,OMEGA 10 X 12 SPECIAL THREAT SHOOTERS CUT - RIFLE PLATES FOR REGION 6 LAW ENFORCEMENT AND INVESTIGATIONS,CONT_AWD_1240BD25P0033_12C2_-NONE-_-NONE-
0001372612,"BOX, INC.","SEA BOX, INC.",False,N6883622P0142,2022-04-19,2022-04-21,35145.0,Department of Defense,Department of the Navy,20 FOOT REFRIGERATED CONTAINER,CONT_AWD_N6883622P0142_9700_-NONE-_-NONE-
0001372612,"BOX, INC.",ISOBOX INC,False,19PM0723P0524,2023-04-14,2023-05-19,35130.07,Department of State,Department of State,CONSTRUCTION MATERIAL (SITE 1),CONT_AWD_19PM0723P0524_1900_-NONE-_-NONE-
0001372612,"BOX, INC.",ROYAL PAPER BOX CO. OF CALIFORNIA,False,2031JG23F00122,2023-04-04,2024-07-08,34970.0,Department of the Treasury,United States Mint,2023 CARTON AMERICAN INNOVATION $1 REVERSE PROOF SET,CONT_AWD_2031JG23F00122_2044_2031JG21D00026_2044
0001372612,"BOX, INC.","TREEN BOX & PALLET, INC",False,SPE8EF22F0111,2022-06-29,2022-07-29,34914.6,Department of Defense,Defense Logistics Agency,"8509202975!PALLET,MATERIAL HAN",CONT_AWD_SPE8EF22F0111_9700_SPE8EF17D0003_9700
0001372612,"BOX, INC.","SEA BOX, INC.",False,SPE8ED24P0767,2024-06-07,2024-10-15,34524.0,Department of Defense,Defense Logistics Agency,"8510683670!BICON,FREIGHT,GENER",CONT_AWD_SPE8ED24P0767_9700_-NONE-_-NONE-
0001372612,"BOX, INC.","SEA BOX, INC.",False,SPE8ED24P0667,2024-05-02,2024-08-30,34517.0,Department of Defense,Defense Logistics Agency,"8510606841!CONTAINER,FREIGHT,G",CONT_AWD_SPE8ED24P0667_9700_-NONE-_-NONE-
0001372612,"BOX, INC.","BLACK BOX SAFETY, INC",False,SPMYM226P7372,2026-05-26,2026-06-22,34500.0,Department of Defense,Defense Logistics Agency,FLASHING TAPE,CONT_AWD_SPMYM226P7372_9700_-NONE-_-NONE-
0001372612,"BOX, INC.","LIGHTBOX PARENT, L.P.",False,2023H224P00212,2024-07-01,2025-06-30,34500.0,Department of the Treasury,Internal Revenue Service,LANDVISION COMMERCIAL REAL ESTATE EDITION IS USED FOR A DIGITAL MAPPING SERVICE.,CONT_AWD_2023H224P00212_2050_-NONE-_-NONE-
0001372612,"BOX, INC.","SEA BOX, INC.",False,W911PT25P0038,2025-01-21,2025-03-24,34248.0,Department of Defense,Department of the Army,40' AND 20' CONNEX CONTAINERS,CONT_AWD_W911PT25P0038_9700_-NONE-_-NONE-
0001372612,"BOX, INC.","SEA BOX, INC.",False,SPE8ED24P0726,2024-05-21,2024-09-25,34200.0,Department of Defense,Defense Logistics Agency,"8510647671!CONTAINER,FREIGHT,G",CONT_AWD_SPE8ED24P0726_9700_-NONE-_-NONE-
0001372612,"BOX, INC.",BLACKBOX BIOMETRICS INC,False,N6426725P4217,2025-09-19,2025-11-30,34132.0,Department of Defense,Department of the Navy,BLAST GAUGE SYSTEMS,CONT_AWD_N6426725P4217_9700_-NONE-_-NONE-
0001372612,"BOX, INC.","SEA BOX, INC.",False,SPE8ED25P1719,2025-09-25,2026-01-23,33756.0,Department of Defense,Defense Logistics Agency,8511666902!CONTAINERS IST - PHILADELPHIA,CONT_AWD_SPE8ED25P1719_9700_-NONE-_-NONE-
0001372612,"BOX, INC.","SEA BOX, INC.",False,SPE8ED23P0881,2023-07-06,2023-08-29,33594.0,Department of Defense,Defense Logistics Agency,"8509991656!CONTAINER,FREIGHT,G",CONT_AWD_SPE8ED23P0881_9700_-NONE-_-NONE-
0001372612,"BOX, INC.",OUTSIDE BOX LLC,False,W9123622C5020,2022-09-30,2023-03-30,33570.0,Department of Defense,Department of the Army,BUILDING #6 WINDOW AND DOOR REPLACEMENT FOR FORT NORFOLK,CONT_AWD_W9123622C5020_9700_-NONE-_-NONE-
0001372612,"BOX, INC.",THE PIQUA PAPER BOX COMPANY,False,12639524F0392,2024-02-26,2024-04-29,33520.0,Department of Agriculture,Animal and Plant Health Inspection Service,MATERIALS TO TRANSPORT BLOOD SAMPLES FOR PERIODS 4,CONT_AWD_12639524F0392_12K3_12639520D0025_12K3
0001372612,"BOX, INC.","BLACK BOX SAFETY, INC",False,15M10226PA4700164,2026-05-12,2027-05-11,33500.0,Department of Justice,U.S. Marshals Service,MISSION CRITICAL - APPREHENDING FUGITIVES FY26-IOD/FCRFTF: ACOUSTIC HANDHELD HAILING DEVICES CF: APC-FY26-000121,CONT_AWD_15M10226PA4700164_1544_-NONE-_-NONE-
0001372612,"BOX, INC.","SEA BOX, INC.",False,SPE8ED22P0531,2022-03-07,2022-07-05,33390.0,Department of Defense,Defense Logistics Agency,"8508921941!CONTAINER,FREIGHT,G",CONT_AWD_SPE8ED22P0531_9700_-NONE-_-NONE-
0001372612,"BOX, INC.","SEA BOX, INC.",False,SPE8ED25P0410,2024-12-31,2025-04-30,33340.0,Department of Defense,Defense Logistics Agency,"8511099019!TRICON,FREIGHT,SPEC",CONT_AWD_SPE8ED25P0410_9700_-NONE-_-NONE-
0001372612,"BOX, INC.",TAYLOR BOX COMPANY,False,2031JG22F00071,2021-12-03,2022-12-01,33250.0,Department of the Treasury,United States Mint,BLUE BOX TRAYS,CONT_AWD_2031JG22F00071_2044_TMHQ17C0005_2044
0001372612,"BOX, INC.","BLACK BOX SAFETY, INC",False,36C25225P0921,2025-07-01,2025-09-30,33159.6,Department of Veterans Affairs,Department of Veterans Affairs,POLICE OFFICER BODY ARMOR,CONT_AWD_36C25225P0921_3600_-NONE-_-NONE-
0001372612,"BOX, INC.",BLACKBOX RESEARCH PTE LTD,False,19SN1023P1164,2023-09-28,2025-02-24,33049.39,Department of State,Department of State,POLLING SURVEY,CONT_AWD_19SN1023P1164_1900_-NONE-_-NONE-
0001372612,"BOX, INC.","SEA BOX, INC.",False,SPE8ED25P0940,2025-04-16,2025-07-15,32840.0,Department of Defense,Defense Logistics Agency,"8511320255!QUADCON,FREIGHT SPE",CONT_AWD_SPE8ED25P0940_9700_-NONE-_-NONE-
0001372612,"BOX, INC.","SEA BOX, INC.",False,FA281623FG070,2022-10-01,2023-09-30,32672.8,Department of Defense,Department of the Air Force,SPECIALIZED SHIPPING AND STORAGE CONTAINERS,CONT_AWD_FA281623FG070_9700_GS02F0024P_4730
0001372612,"BOX, INC.",SHOEBOX LTD,False,36C24723P0377,2023-03-01,2025-12-02,32500.5,Department of Veterans Affairs,Department of Veterans Affairs,AUDIOMETRY AND SOFTWARE RENTAL,CONT_AWD_36C24723P0377_3600_-NONE-_-NONE-
0001372612,"BOX, INC.",BOXSTAR EQUIPMENT LLC,False,N0017423P0213,2023-09-14,2023-12-20,32500.0,Department of Defense,Department of the Navy,STANDARD STEEL STORAGE CONTAINER,CONT_AWD_N0017423P0213_9700_-NONE-_-NONE-
0001372612,"BOX, INC.","SEA BOX, INC.",False,SPE8ED26P0750,2026-04-17,2026-07-16,32334.0,Department of Defense,Defense Logistics Agency,"8512044746!CONTAINER,FREIGHT,G",CONT_AWD_SPE8ED26P0750_9700_-NONE-_-NONE-
0001372612,"BOX, INC.",IRON BOX LLC,False,28321323P00050128,2023-08-18,2023-09-17,32217.92,Social Security Administration,Social Security Administration,PURCHASE PDU WHIPS TO SUPPORT THE AWS INSTALL PROJECT AND MAIN FRAME INSTALL PROJECT AT THE SSC.,CONT_AWD_28321323P00050128_2800_-NONE-_-NONE-
0001372612,"BOX, INC.","SEA BOX, INC.",False,SPE8ED24P0796,2024-06-24,2024-10-22,32202.0,Department of Defense,Defense Logistics Agency,"8510707863!TRICON,FREIGHT,SPEC",CONT_AWD_SPE8ED24P0796_9700_-NONE-_-NONE-
0001372612,"BOX, INC.","SEA BOX, INC.",False,SPE8ED22P0891,2022-08-04,2023-01-03,31972.0,Department of Defense,Defense Logistics Agency,8509286103!CONTAINERS IST - PHILADELPHIA,CONT_AWD_SPE8ED22P0891_9700_-NONE-_-NONE-
0001372612,"BOX, INC.",CLEANBOX TECHNOLOGY INC,False,36C24125P0977,2025-09-30,2025-10-14,31668.0,Department of Veterans Affairs,Department of Veterans Affairs,CLEANBOX FOR REALITY GOGGLES,CONT_AWD_36C24125P0977_3600_-NONE-_-NONE-
0001372612,"BOX, INC.",ROYAL PAPER BOX CO. OF CALIFORNIA,False,2031JG22F00026,2021-10-29,2022-10-18,31613.31,Department of the Treasury,United States Mint,2022 AWQ CARTON (5-COIN SET),CONT_AWD_2031JG22F00026_2044_2031JG21D00026_2044
0001372612,"BOX, INC.",OOTBOX INC,False,36C25023P0972,2023-04-30,2023-05-30,31500.0,Department of Veterans Affairs,Department of Veterans Affairs,OOTBOX OUTDOOR SHELTER,CONT_AWD_36C25023P0972_3600_-NONE-_-NONE-
0001372612,"BOX, INC.","SEA BOX, INC.",False,SPE8ED23P0217,2022-12-02,2023-04-03,31486.0,Department of Defense,Defense Logistics Agency,8509551074!SHIPPING AND STORAG,CONT_AWD_SPE8ED23P0217_9700_-NONE-_-NONE-
0001372612,"BOX, INC.","BLACK BOX SAFETY, INC",False,SPE8E925P1107,2025-07-30,2025-10-20,31369.59,Department of Defense,Defense Logistics Agency,"8511535857!TAPE,REFLECTIVE",CONT_AWD_SPE8E925P1107_9700_-NONE-_-NONE-
0001372612,"BOX, INC.","SEA BOX, INC.",False,SPE8ED26P0461,2026-02-06,2026-05-07,31256.0,Department of Defense,Defense Logistics Agency,"8511905014!BICON,FREIGHT,GENER",CONT_AWD_SPE8ED26P0461_9700_-NONE-_-NONE-
0001372612,"BOX, INC.","SEA BOX, INC.",False,SPE8ED22P0436,2022-02-07,2022-06-07,31092.0,Department of Defense,Defense Logistics Agency,"8508851493!TRICON,FREIGHT,SPEC",CONT_AWD_SPE8ED22P0436_9700_-NONE-_-NONE-
0001372612,"BOX, INC.","BLACK BOX SAFETY, INC",False,W5J9CQ23F0032,2023-09-24,2023-11-27,31073.0,Department of Defense,Department of the Army,ARMY GEOSPATIAL CENTER (AGC) BODY ARMOR,CONT_AWD_W5J9CQ23F0032_9700_47QSWA23D000Y_4732
0001372612,"BOX, INC.",ROYAL PAPER BOX CO. OF CALIFORNIA,False,2031JG26F00222,2026-09-25,2027-09-23,31059.6,Department of the Treasury,United States Mint,"DC COMICS CARTON 3-MEDAL SET (SUPERGIRL, ROBIN & GREEN LANTERN)",CONT_AWD_2031JG26F00222_2044_2031JG26D00045_2044
0001372612,"BOX, INC.","SEA BOX, INC.",False,SPE8ED24P0120,2023-12-18,2024-03-18,30930.0,Department of Defense,Defense Logistics Agency,"8510222445!CONTAINER,FREIGHT,G",CONT_AWD_SPE8ED24P0120_9700_-NONE-_-NONE-
0001372612,"BOX, INC.","LIGHTBOX PARENT, L.P.",False,2023H223P00290,2023-07-01,2024-06-30,30600.0,Department of the Treasury,Internal Revenue Service,LAND VISION ONLINE SUBSCRIPTION,CONT_AWD_2023H223P00290_2050_-NONE-_-NONE-
0001372612,"BOX, INC.","SEA BOX, INC.",False,SPE8ED25P0338,2024-12-06,2025-04-05,30300.0,Department of Defense,Defense Logistics Agency,"8511050823!CONTAINER,FREIGHT,G",CONT_AWD_SPE8ED25P0338_9700_-NONE-_-NONE-
0001372612,"BOX, INC.",SHADOWBOX CONSULTING ASSOCIATES LLC,False,FA480023P0005,2023-01-01,2023-12-31,30215.5,Department of Defense,Department of the Air Force,COMPUTER SYSTEMS ANALYST.,CONT_AWD_FA480023P0005_9700_-NONE-_-NONE-
0001372612,"BOX, INC.","SEA BOX, INC.",False,70Z03726PLALB0072,2026-09-10,2026-10-31,29803.66,Department of Homeland Security,U.S. Coast Guard,MODIFIED HSK SHIPPING CONTAINERS FOR AIR OPERATIONS AT AIR STATION VENTURA,CONT_AWD_70Z03726PLALB0072_7008_-NONE-_-NONE-
0001372612,"BOX, INC.",ISOBOX INC,False,19PM0724P0080,2023-11-27,2023-12-20,29733.2,Department of State,Department of State,WINDOW FABRICATION AND INSTALLATION,CONT_AWD_19PM0724P0080_1900_-NONE-_-NONE-
0001372612,"BOX, INC.","BLACK BOX SAFETY, INC",False,W911S225PA053,2024-12-20,2025-04-04,29688.87,Department of Defense,Department of the Army,S2P2 UNISON BUY# 1187580 BODY ARMOR,CONT_AWD_W911S225PA053_9700_-NONE-_-NONE-
0001372612,"BOX, INC.","SEA BOX, INC.",False,SPE8ED25P0265,2024-11-20,2025-05-05,29680.0,Department of Defense,Defense Logistics Agency,"8511024311!TRICON,FREIGHT,SPEC",CONT_AWD_SPE8ED25P0265_9700_-NONE-_-NONE-
0001372612,"BOX, INC.","SEA BOX, INC.",False,SPE8ED24P0522,2024-07-02,2024-10-30,29670.0,Department of Defense,Defense Logistics Agency,"8510519723!CONTAINER,FREIGHT,G",CONT_AWD_SPE8ED24P0522_9700_-NONE-_-NONE-
0001372612,"BOX, INC.","SEA BOX, INC.",False,SPE8ED24P0373,2024-07-02,2024-10-30,29670.0,Department of Defense,Defense Logistics Agency,"8510390686!CONTAINER,FREIGHT,G",CONT_AWD_SPE8ED24P0373_9700_-NONE-_-NONE-
0001372612,"BOX, INC.","SEA BOX, INC.",False,SPE8ED25P0444,2025-01-15,2025-03-03,29396.0,Department of Defense,Defense Logistics Agency,"8511121947!CONTAINER,FREIGHT,G",CONT_AWD_SPE8ED25P0444_9700_-NONE-_-NONE-
0001372612,"BOX, INC.",ISOBOX INC,False,19PM0723P0539,2023-04-19,2023-05-05,29335.9,Department of State,Department of State,GENERAL CONSTRUCTION MATERIALS (2),CONT_AWD_19PM0723P0539_1900_-NONE-_-NONE-
0001372612,"BOX, INC.",SHOEBOX LTD,False,15F06721P0003896,2021-09-07,2022-09-27,29075.0,Department of Justice,Federal Bureau of Investigation,20210078  10 AUDIOGRAM LICENSES,CONT_AWD_15F06721P0003896_1549_-NONE-_-NONE-
0001372612,"BOX, INC.","SEA BOX, INC.",False,SPE8ED22P0798,2022-07-05,2022-11-02,29064.0,Department of Defense,Defense Logistics Agency,8509199749!CONTAINERS IST - PHILADELPHIA,CONT_AWD_SPE8ED22P0798_9700_-NONE-_-NONE-
0001372612,"BOX, INC.","LOCHBOX TECHNOLOGIES, INC.",False,W91RUS24P0008,2024-02-27,2024-02-27,28873.0,Department of Defense,Department of the Army,CALLEGRA VOICEMAIL SYSTEM MAINTENANCE RENEWAL,CONT_AWD_W91RUS24P0008_9700_-NONE-_-NONE-
0001372612,"BOX, INC.","SEA BOX, INC.",False,SPE8ED26P0326,2025-12-31,2026-03-31,28644.0,Department of Defense,Defense Logistics Agency,"8511832961!CONTAINER,FREIGHT,G",CONT_AWD_SPE8ED26P0326_9700_-NONE-_-NONE-
0001372612,"BOX, INC.",THE PIQUA PAPER BOX COMPANY,False,12639523F0409,2023-03-24,2025-03-31,28622.0,Department of Agriculture,Animal and Plant Health Inspection Service,DELIVERY ORDER FOR MATERIALS TO TRANSPORT BLOOD SAMPLES,CONT_AWD_12639523F0409_12K3_12639520D0025_12K3
0001372612,"BOX, INC.",BLACKBOX RESEARCH PTE LTD,False,19SN1022P1032,2022-09-15,2023-01-31,28335.72,Department of State,Department of State,POLLING SURVEY,CONT_AWD_19SN1022P1032_1900_-NONE-_-NONE-
0001372612,"BOX, INC.","TREEN BOX & PALLET, INC",False,SPE8EF22F0022,2021-11-24,2022-07-22,28221.6,Department of Defense,Defense Logistics Agency,"8508697535!PALLET,MATERIAL HAN",CONT_AWD_SPE8EF22F0022_9700_SPE8EF17D0003_9700
0001372612,"BOX, INC.","TREEN BOX & PALLET, INC",False,SPMYM223F0255,2023-05-15,2023-06-25,27892.8,Department of Defense,Defense Logistics Agency,PALLET OPTION YEAR FOUR,CONT_AWD_SPMYM223F0255_9700_SPMYM218D0008_9700
0001372612,"BOX, INC.","SEA BOX, INC.",False,SPE8ED23P0549,2023-03-10,2023-04-10,27825.0,Department of Defense,Defense Logistics Agency,"8509753135!TRICON,FREIGHT,SPEC",CONT_AWD_SPE8ED23P0549_9700_-NONE-_-NONE-
0001372612,"BOX, INC.","SEA BOX, INC.",False,SPE8ED25P0331,2024-11-29,2025-03-29,27772.0,Department of Defense,Defense Logistics Agency,"8511047648!CONTAINER,FREIGHT,G",CONT_AWD_SPE8ED25P0331_9700_-NONE-_-NONE-
0001372612,"BOX, INC.",HACK THE BOX LTD,False,W50S8223P0001,2022-11-30,2023-11-29,27700.0,Department of Defense,Department of the Army,"HACK THE BOX IS AN ONLINE PLATFORM WHICH ALLOWS ITS USERS TO TEST, TRAIN AND ENHANCE THEIR PENETRATION TESTING SKILLS AS WELL AS TO EXCHANGE IDEAS AND METHODOLOGIES WITH OTHER MEMBERS OF SIMILAR INTERESTS.",CONT_AWD_W50S8223P0001_9700_-NONE-_-NONE-
0001372612,"BOX, INC.","SEA BOX, INC.",False,SPE8ED23P0899,2023-09-29,2024-01-29,27350.0,Department of Defense,Defense Logistics Agency,8510005044!CONTAINERS IST - PHILADELPHIA,CONT_AWD_SPE8ED23P0899_9700_-NONE-_-NONE-
0001372612,"BOX, INC.","SEA BOX, INC.",False,SPE8ED25P7070,2025-08-13,2025-12-11,27333.0,Department of Defense,Defense Logistics Agency,"8511568937!SHELTER,MOBILEXSYST",CONT_AWD_SPE8ED25P7070_9700_-NONE-_-NONE-
0001372612,"BOX, INC.","TREEN BOX & PALLET, INC",False,SPE8EF24F0050,2024-02-28,2024-03-29,27244.2,Department of Defense,Defense Logistics Agency,"8510474266!PALLET,MATERIAL HAN",CONT_AWD_SPE8EF24F0050_9700_SPE8EF23D0005_9700
0001372612,"BOX, INC.",BOX GANG MANUFACTURING LLC,False,FA810120P0025,2020-05-12,2020-06-25,27192.0,Department of Defense,Department of the Air Force,ROLL-OFF COMPACTOR,CONT_AWD_FA810120P0025_9700_-NONE-_-NONE-
0001372612,"BOX, INC.","BLACK BOX SAFETY, INC",False,W50S6P23F0005,2023-08-29,2023-11-21,27155.7,Department of Defense,Department of the Army,HYPERSPIKE HS-14 ACOUSTIC HAILING DEVICE,CONT_AWD_W50S6P23F0005_9700_47QSWA23D000Y_4732
0001372612,"BOX, INC.","BLACK BOX SAFETY, INC",False,36C24525P0109,2024-11-15,2025-04-01,26770.26,Department of Veterans Affairs,Department of Veterans Affairs,INTERNAL AND EXTERNAL BALLISTIC CARRIER VESTS,CONT_AWD_36C24525P0109_3600_-NONE-_-NONE-
0001372612,"BOX, INC.","SEA BOX, INC.",False,SPE8ED22P0580,2022-03-24,2022-07-22,26748.0,Department of Defense,Defense Logistics Agency,"8508971287!TRICON,FREIGHT,SPEC",CONT_AWD_SPE8ED22P0580_9700_-NONE-_-NONE-
0001372612,"BOX, INC.","SEA BOX, INC.",False,SPE8ED22P0589,2022-04-15,2022-08-15,26680.0,Department of Defense,Defense Logistics Agency,"8508977511!TRICON,FREIGHT,SPEC",CONT_AWD_SPE8ED22P0589_9700_-NONE-_-NONE-
0001372612,"BOX, INC.","SEA BOX, INC.",False,SPE8ED25P0047,2024-10-01,2025-01-29,26645.0,Department of Defense,Defense Logistics Agency,"8510928999!CONTAINER,FREIGHT,G",CONT_AWD_SPE8ED25P0047_9700_-NONE-_-NONE-
0001372612,"BOX, INC.","TREEN BOX & PALLET, INC",False,SPMYM223F0354,2023-07-24,2023-08-25,26448.0,Department of Defense,Defense Logistics Agency,PALLET OPTION YEAR FOUR,CONT_AWD_SPMYM223F0354_9700_SPMYM218D0008_9700
0001372612,"BOX, INC.","TREEN BOX & PALLET, INC",False,SPMYM223F0299,2023-06-20,2023-07-14,26448.0,Department of Defense,Defense Logistics Agency,PALLET OPTION YEAR FOUR,CONT_AWD_SPMYM223F0299_9700_SPMYM218D0008_9700
0001372612,"BOX, INC.","TREEN BOX & PALLET, INC",False,SPMYM223F0283,2023-06-06,2023-07-05,26448.0,Department of Defense,Defense Logistics Agency,PALLET OPTION YEAR FOUR,CONT_AWD_SPMYM223F0283_9700_SPMYM218D0008_9700
0001372612,"BOX, INC.","TREEN BOX & PALLET, INC",False,SPMYM223F0276,2023-05-30,2023-06-21,26448.0,Department of Defense,Defense Logistics Agency,PALLET OPTION YEAR FOUR,CONT_AWD_SPMYM223F0276_9700_SPMYM218D0008_9700
0001372612,"BOX, INC.","TREEN BOX & PALLET, INC",False,SPMYM223F0222,2023-04-17,2023-05-12,26448.0,Department of Defense,Defense Logistics Agency,PALLET OPTION YEAR FOUR,CONT_AWD_SPMYM223F0222_9700_SPMYM218D0008_9700
0001372612,"BOX, INC.","TREEN BOX & PALLET, INC",False,SPMYM223F0202,2023-03-31,2023-05-01,26448.0,Department of Defense,Defense Logistics Agency,PALLET OPTION YEAR FOUR,CONT_AWD_SPMYM223F0202_9700_SPMYM218D0008_9700
0001372612,"BOX, INC.","TREEN BOX & PALLET, INC",False,SPMYM223F0088,2023-01-03,2023-01-20,26448.0,Department of Defense,Defense Logistics Agency,PALLET OPTION YEAR FOUR,CONT_AWD_SPMYM223F0088_9700_SPMYM218D0008_9700
0001372612,"BOX, INC.","TREEN BOX & PALLET, INC",False,SPMYM223F0074,2022-11-28,2023-01-12,26448.0,Department of Defense,Defense Logistics Agency,PALLET OPTION YEAR FOUR,CONT_AWD_SPMYM223F0074_9700_SPMYM218D0008_9700
0001372612,"BOX, INC.","TREEN BOX & PALLET, INC",False,SPE8EF23F0043,2023-03-23,2023-03-30,26400.0,Department of Defense,Defense Logistics Agency,"8509782249!PALLET,MATERIAL HAN",CONT_AWD_SPE8EF23F0043_9700_SPE8EF23D0005_9700
0001372612,"BOX, INC.",ZOMBIEBOX INTERNATIONAL INC,False,N6893625P5192,2025-08-11,2025-09-04,26239.0,Department of Defense,Department of the Navy,ZOMBIEBOX SOUND ENCLOSURES,CONT_AWD_N6893625P5192_9700_-NONE-_-NONE-
0001372612,"BOX, INC.","SEA BOX, INC.",False,SPE8ED25P0700,2025-03-04,2025-05-05,26208.0,Department of Defense,Defense Logistics Agency,"8511222914!QUADCON,FREIGHT SPE",CONT_AWD_SPE8ED25P0700_9700_-NONE-_-NONE-
0001372612,"BOX, INC.","BLACK BOX SAFETY, INC",False,SPE8E525V1956,2025-07-23,2025-09-22,26093.85,Department of Defense,Defense Logistics Agency,"8511523631!TAPE,LUMINOUS",CONT_AWD_SPE8E525V1956_9700_-NONE-_-NONE-
0001372612,"BOX, INC.","SEA BOX, INC.",False,SPE8ED25P0014,2024-10-18,2025-01-16,25998.0,Department of Defense,Defense Logistics Agency,"8510481563!BICON,FREIGHT,GENER",CONT_AWD_SPE8ED25P0014_9700_-NONE-_-NONE-
0001372612,"BOX, INC.","SEA BOX, INC.",False,SPE8ED26P0059,2025-10-10,2026-02-09,25986.0,Department of Defense,Defense Logistics Agency,8511696851!CONTAINERS IST - PHILADELPHIA,CONT_AWD_SPE8ED26P0059_9700_-NONE-_-NONE-
0001372612,"BOX, INC.","TREEN BOX & PALLET, INC",False,SPE8EF22F0112,2022-07-20,2022-08-03,25964.4,Department of Defense,Defense Logistics Agency,"8509212684!PALLET,MATERIAL HAN",CONT_AWD_SPE8EF22F0112_9700_SPE8EF17D0003_9700
0001372612,"BOX, INC.","SEA BOX, INC.",False,SPE8ED22P0184,2021-11-17,2022-02-07,25863.0,Department of Defense,Defense Logistics Agency,"8508684422!BICON,FREIGHT,GENER",CONT_AWD_SPE8ED22P0184_9700_-NONE-_-NONE-
0001372612,"BOX, INC.","SEA BOX, INC.",False,SPE7M022P0686,2021-11-29,2022-02-25,25742.0,Department of Defense,Defense Logistics Agency,"8508713302!CONTAINER,FREIGHT,G",CONT_AWD_SPE7M022P0686_9700_-NONE-_-NONE-
0001372612,"BOX, INC.",BOX STATE,False,SPE1C125P1168,2025-08-19,2025-12-17,25691.25,Department of Defense,Defense Logistics Agency,"8511584083!GLOVES,MEN'S AND WO",CONT_AWD_SPE1C125P1168_9700_-NONE-_-NONE-
0001372612,"BOX, INC.",BOX GANG MANUFACTURING LLC,False,36C24W25P0167,2025-11-10,2025-12-05,25537.5,Department of Veterans Affairs,Department of Veterans Affairs,CARDBOARD BALER,CONT_AWD_36C24W25P0167_3600_-NONE-_-NONE-
0001372612,"BOX, INC.","TREEN BOX & PALLET, INC",False,SPE8EF23F0099,2023-09-18,2023-09-25,25520.04,Department of Defense,Defense Logistics Agency,"8510151826!PALLET,MATERIAL HAN",CONT_AWD_SPE8EF23F0099_9700_SPE8EF23D0005_9700
0001372612,"BOX, INC.","SEA BOX, INC.",False,SPE8ED22P0724,2022-05-25,2022-09-22,25434.0,Department of Defense,Defense Logistics Agency,"8509113784!QUADCON,FREIGHT SPE",CONT_AWD_SPE8ED22P0724_9700_-NONE-_-NONE-
0001372612,"BOX, INC.",TOOLBOX FILMS LLC,False,1333MF26P0042,2026-06-17,2027-01-15,25400.0,Department of Commerce,National Oceanic and Atmospheric Administration,"THE ALASKA REGION SEEKS PROFESSIONAL SERVICES TO DEVELOP AN ENGAGING ANIMATED FILM THAT EXPLAINS THE PROCESS OF IDENTIFYING AQUACULTURE OPPORTUNITY AREAS (AOAS) IN ALASKA'S STATE WATERS, IN SUPPORT OF AMERICAN SEAFOOD COMPETITIVENESS AND THE ECO",CONT_AWD_1333MF26P0042_1330_-NONE-_-NONE-
0001372612,"BOX, INC.","TREEN BOX & PALLET, INC",False,SPE8EF26F0086,2026-05-05,2026-05-12,25344.0,Department of Defense,Defense Logistics Agency,"8512088647!PALLET,MATERIAL HAN",CONT_AWD_SPE8EF26F0086_9700_SPE8EF25D0007_9700
0001372612,"BOX, INC.",135 FOODS INC,False,W9124224F0015,2024-03-03,2024-03-30,24996.5,Department of Defense,Department of the Army,878TH AT MEALS MOORESVILLE,CONT_AWD_W9124224F0015_9700_W9124221A0004_9700
0001372612,"BOX, INC.","SEA BOX, INC.",False,SPE8ED25P0426,2025-01-08,2025-05-08,24972.0,Department of Defense,Defense Logistics Agency,"8511106088!TRICON,FREIGHT,SPEC",CONT_AWD_SPE8ED25P0426_9700_-NONE-_-NONE-
0001372612,"BOX, INC.",TECHNICAL TOOLBOXES POWERTOOLS INC,False,693JK325P000018,2025-08-30,2026-08-29,24950.0,Department of Transportation,Pipeline and Hazardous Materials Safety Administration,NEW AWARD: THE PURPOSE OF THIS PURCHASE REQUISITION IS TO REQUEST THE AWARD OF A NEW CONTRACT FOR THE ANNUAL SOFTWARE LICENSE RENEWAL FOR TECHNICAL TOOLBOX FOR REGIONAL SOFTWARE USED BY PIPELINE INSPECTORS.  THE ANTICIPATED DOLLAR VALUE OF THE AWARD,CONT_AWD_693JK325P000018_6957_-NONE-_-NONE-
0001372612,"BOX, INC.",TECHNICAL TOOLBOXES POWERTOOLS INC,False,693JK324P000055,2024-09-25,2025-09-24,24950.0,Department of Transportation,Pipeline and Hazardous Materials Safety Administration,"PROVIDE FUNDING IN THE AMOUNT OF $24,950.00 TO PROCURE ANNUAL SOFTWARE LICENSE RENEWAL",CONT_AWD_693JK324P000055_6957_-NONE-_-NONE-
0001372612,"BOX, INC.",TECHNICAL TOOLBOXES POWERTOOLS INC,False,693JK323P00028,2023-08-29,2024-08-31,24950.0,Department of Transportation,Pipeline and Hazardous Materials Safety Administration,NEW AWARD: THE PURPOSE OF THIS PURCHASE REQUISITION IS TO REQUEST THE AWARD OF A NEW CONTRACT FOR ANNUAL SOFTWARE LICENSE RENEWAL FOR TECHNICAL TOOLBOX FOR REGIONAL SOFTWARE USED BY PIPELINE INSPECTORS (APPROXIMATELY 10 LICENSES).  THE ANTICIPATED DO,CONT_AWD_693JK323P00028_6957_-NONE-_-NONE-
0001372612,"BOX, INC.",TECHNICAL TOOLBOXES POWERTOOLS INC,False,693JK322P00017,2022-09-06,2023-09-30,24950.0,Department of Transportation,Pipeline and Hazardous Materials Safety Administration,NEW AWARD: THE PURPOSE OF THIS PURCHASE REQUISITION IS TO REQUEST THE AWARD OF A CONTRACT FOR TOOLBOX SOFTWARE RENEWAL.,CONT_AWD_693JK322P00017_6957_-NONE-_-NONE-
0001372612,"BOX, INC.",TECHNICAL TOOLBOXES POWERTOOLS LTD.,False,693JK319P000006,2019-03-29,2020-01-31,24950.0,Department of Transportation,Pipeline and Hazardous Materials Safety Administration,TOOLBOX SOFTWARE YEARLY RENEWAL FOR PHP INSPECTORS.,CONT_AWD_693JK319P000006_6957_-NONE-_-NONE-
0001372612,"BOX, INC.","SEA BOX, INC.",False,SPE8ED24P0362,2024-08-21,2024-12-19,24876.0,Department of Defense,Defense Logistics Agency,"8510385708!CONTAINER,FREIGHT,U",CONT_AWD_SPE8ED24P0362_9700_-NONE-_-NONE-
0001372612,"BOX, INC.",ROYAL PAPER BOX CO. OF CALIFORNIA,False,2031JG24F00006,2023-10-17,2024-10-02,24784.0,Department of the Treasury,United States Mint,2024 SLEEVE HARRIETT TUBMAN AND GREATEST GENERATION,CONT_AWD_2031JG24F00006_2044_2031JG21D00026_2044
0001372612,"BOX, INC.","BLACK BOX SAFETY, INC",False,15DDHQ25F00000847,2025-09-09,2025-10-31,24531.1,Department of Justice,Drug Enforcement Administration,TITLE: TACTICAL UNIFORMS - XGO SHIRTS AND TACTICAL PANTS REQUESTOR: NICOLE  HAMILTON DELIVERY DATE: 10/31/2025,CONT_AWD_15DDHQ25F00000847_1524_47QSWA23D000Y_4732
0001372612,"BOX, INC.",BOXHUB INC.,False,15B11124P00000093,2024-09-05,2024-12-03,24510.0,Department of Justice,Federal Prison System / Bureau of Prisons,FREEZER CONEX BOXES REF BPQ 15B11124PR000291,CONT_AWD_15B11124P00000093_1540_-NONE-_-NONE-
0001372612,"BOX, INC.","BLACK BOX SAFETY, INC",False,15DDAT25P00000065,2025-09-22,2026-09-21,24505.91,Department of Justice,Drug Enforcement Administration,TITLE: BLACK BOX SAFETY APPAREL REQUEST REQUESTOR: MONICA  DUHART DELIVERY DATE: 09/30/2025,CONT_AWD_15DDAT25P00000065_1524_-NONE-_-NONE-
0001372612,"BOX, INC.","TREEN BOX & PALLET, INC",False,SPMYM222F0186,2022-03-03,2022-05-31,24360.0,Department of Defense,Defense Logistics Agency,PALLET OPTION YEAR THREE,CONT_AWD_SPMYM222F0186_9700_SPMYM218D0008_9700
0001372612,"BOX, INC.","TREEN BOX & PALLET, INC",False,SPMYM222F0149,2022-01-31,2022-03-17,24360.0,Department of Defense,Defense Logistics Agency,PALLET OPTION YEAR THREE,CONT_AWD_SPMYM222F0149_9700_SPMYM218D0008_9700
0001372612,"BOX, INC.","SEA BOX, INC.",False,SPE8ED24P0768,2024-06-07,2024-10-07,24356.0,Department of Defense,Defense Logistics Agency,"8510683671!CONTAINER,FREIGHT,G",CONT_AWD_SPE8ED24P0768_9700_-NONE-_-NONE-
0001372612,"BOX, INC.","SEA BOX, INC.",False,SPE8ED25P0939,2025-04-16,2025-08-14,24352.0,Department of Defense,Defense Logistics Agency,"8511319567!QUADCON,FREIGHT SPE",CONT_AWD_SPE8ED25P0939_9700_-NONE-_-NONE-
0001372612,"BOX, INC.",BRAINBOX LTD,False,75N95024P00529,2024-08-27,2024-11-30,24250.0,Department of Health and Human Services,National Institutes of Health,BRAINBOX LTD:1309208 [24-005209]NEUROFUS DEEP TRANSDUCER IN ORDER TO USE TO MODULATE NEURAL ACTIVITY IN DEEPER AREAS OF THE HUMAN BRAIN,CONT_AWD_75N95024P00529_7529_-NONE-_-NONE-
0001372612,"BOX, INC.","TREEN BOX & PALLET, INC",False,SPE8EF26F0020,2025-12-03,2025-12-10,24222.0,Department of Defense,Defense Logistics Agency,"8511789743!PALLET,MATERIAL HAN",CONT_AWD_SPE8EF26F0020_9700_SPE8EF25D0007_9700
0001372612,"BOX, INC.",BOXARR LIMITED,False,N6449824P5268,2024-09-17,2025-09-17,24117.0,Department of Defense,Department of the Navy,BOXARR SYSTEMS MANAGEMENT SOFTWARE,CONT_AWD_N6449824P5268_9700_-NONE-_-NONE-
0001372612,"BOX, INC.","SEA BOX, INC.",False,SPE8ED24P0920,2024-08-12,2024-12-10,24090.0,Department of Defense,Defense Logistics Agency,"8510817154!CONTAINER,FREIGHT,G",CONT_AWD_SPE8ED24P0920_9700_-NONE-_-NONE-
0001372612,"BOX, INC.","BLACK BOX SAFETY, INC",False,36C26224P1420,2024-05-29,2024-07-01,23983.87,Department of Veterans Affairs,Department of Veterans Affairs,EMERGENCY RESPONSE KITS,CONT_AWD_36C26224P1420_3600_-NONE-_-NONE-
0001372612,"BOX, INC.","TREEN BOX & PALLET, INC",False,SPE8EF26F0074,2026-04-14,2026-04-21,23844.0,Department of Defense,Defense Logistics Agency,"8512041039!PALLET,MATERIAL HAN",CONT_AWD_SPE8EF26F0074_9700_SPE8EF25D0007_9700
0001372612,"BOX, INC.","SEA BOX, INC.",False,SPE8ED22P0529,2022-03-07,2022-07-05,23696.0,Department of Defense,Defense Logistics Agency,"8508921732!CONTAINER,FREIGHT,G",CONT_AWD_SPE8ED22P0529_9700_-NONE-_-NONE-
0001372612,"BOX, INC.","BLACK BOX SAFETY, INC",False,W912EF26FA027,2026-06-30,2026-07-30,23650.0,Department of Defense,Department of the Army,DATALOGGERS.  IN ACCORDANCE WITH THE TECHNICAL SPECIFICATIONS.,CONT_AWD_W912EF26FA027_9700_W912EF25A0003_9700
0001372612,"BOX, INC.",BOXOUT LLC,False,W911S220P2278,2020-09-30,2020-10-15,23391.0,Department of Defense,Department of the Army,UNISON BUY PACKAGE 1043855 - INTELECT LEGEND XT 4CH,CONT_AWD_W911S220P2278_9700_-NONE-_-NONE-
0001372612,"BOX, INC.","SEA BOX, INC.",False,SPE8ED25P1702,2025-09-22,2025-12-22,23296.0,Department of Defense,Defense Logistics Agency,8511657979!CONTAINERS IST - PHILADELPHIA,CONT_AWD_SPE8ED25P1702_9700_-NONE-_-NONE-
0001372612,"BOX, INC.","TREEN BOX & PALLET, INC",False,SPMYM226F6336,2026-06-16,2026-07-20,23275.2,Department of Defense,Defense Logistics Agency,"PALLET, MATERIAL HANDLING",CONT_AWD_SPMYM226F6336_9700_SPMYM224D0003_9700
0001372612,"BOX, INC.","TREEN BOX & PALLET, INC",False,SPMYM226F6320,2026-06-05,2026-07-15,23275.2,Department of Defense,Defense Logistics Agency,PALLET,CONT_AWD_SPMYM226F6320_9700_SPMYM224D0003_9700
0001372612,"BOX, INC.","TREEN BOX & PALLET, INC",False,SPMYM226F6292,2026-05-18,2026-06-02,23275.2,Department of Defense,Defense Logistics Agency,PALLET,CONT_AWD_SPMYM226F6292_9700_SPMYM224D0003_9700
0001372612,"BOX, INC.","TREEN BOX & PALLET, INC",False,SPMYM226F6284,2026-05-15,2026-06-18,23275.2,Department of Defense,Defense Logistics Agency,"PALLET, MATERIAL HANDLING",CONT_AWD_SPMYM226F6284_9700_SPMYM224D0003_9700
0001372612,"BOX, INC.","TREEN BOX & PALLET, INC",False,SPMYM226F6251,2026-04-21,2026-05-26,23275.2,Department of Defense,Defense Logistics Agency,PALLET,CONT_AWD_SPMYM226F6251_9700_SPMYM224D0003_9700
0001372612,"BOX, INC.","TREEN BOX & PALLET, INC",False,SPMYM226F6241,2026-04-14,2026-05-14,23275.2,Department of Defense,Defense Logistics Agency,PALLET,CONT_AWD_SPMYM226F6241_9700_SPMYM224D0003_9700
0001372612,"BOX, INC.","TREEN BOX & PALLET, INC",False,SPMYM226F6231,2026-04-08,2026-05-01,23275.2,Department of Defense,Defense Logistics Agency,"PALLET, MATERIAL HANDLING",CONT_AWD_SPMYM226F6231_9700_SPMYM224D0003_9700
0001372612,"BOX, INC.","TREEN BOX & PALLET, INC",False,SPMYM226F6194,2026-03-16,2026-04-13,23275.2,Department of Defense,Defense Logistics Agency,"PALLET, MATERIAL HANDLING  40IN L X 48IN W, 3 STRINGER BOARDS, 4WAY ENTRY, TYPE-1WOOD, SEASONED HARDWOOD, SPECIES IAW ASTM D6199 GROUP-4 RN MIL-DTL-15011 TY-1 CL-1 STY-1  (IDIQ:TREEN SPMYM224D0003/CLIN 1001)MFR MILITARY SPECIFICATIONS FSCM 81349",CONT_AWD_SPMYM226F6194_9700_SPMYM224D0003_9700
0001372612,"BOX, INC.","TREEN BOX & PALLET, INC",False,SPMYM226F6189,2026-03-12,2026-04-22,23275.2,Department of Defense,Defense Logistics Agency,"PALLET, MATERIAL HANDLING  40 IN L X 48 IN W, 3 STRINGER BOARDS, 4WAY ENTRY, TYPE-1WOOD, SEASONED HARDWOOD, SPECIES IAW ASTM D6199 GROUP-4 RN MIL-DTL-15011 TY-1 CL-1 STY-1  IDIQ:TREEN SPMYM224D0003/CLIN 1001MFR MILITARY SPECIFICATIONS FSCM 81349",CONT_AWD_SPMYM226F6189_9700_SPMYM224D0003_9700
0001372612,"BOX, INC.","TREEN BOX & PALLET, INC",False,SPMYM225F0540,2025-09-05,2025-10-14,23275.2,Department of Defense,Defense Logistics Agency,PALLET OPTION YEAR ONE,CONT_AWD_SPMYM225F0540_9700_SPMYM224D0003_9700
0001372612,"BOX, INC.","TREEN BOX & PALLET, INC",False,SPMYM225F0513,2025-08-20,2025-09-02,23275.2,Department of Defense,Defense Logistics Agency,PALLET OPTION YEAR ONE,CONT_AWD_SPMYM225F0513_9700_SPMYM224D0003_9700
0001372612,"BOX, INC.","TREEN BOX & PALLET, INC",False,SPMYM225F0500,2025-08-15,2025-09-22,23275.2,Department of Defense,Defense Logistics Agency,PALLET OPTION YEAR ONE,CONT_AWD_SPMYM225F0500_9700_SPMYM224D0003_9700
0001372612,"BOX, INC.","TREEN BOX & PALLET, INC",False,SPMYM225F0489,2025-08-08,2025-09-17,23275.2,Department of Defense,Defense Logistics Agency,PALLET OPTION YEAR ONE,CONT_AWD_SPMYM225F0489_9700_SPMYM224D0003_9700
0001372612,"BOX, INC.","TREEN BOX & PALLET, INC",False,SPMYM225F0439,2025-07-15,2025-08-08,23275.2,Department of Defense,Defense Logistics Agency,PALLET BASE YEAR,CONT_AWD_SPMYM225F0439_9700_SPMYM224D0003_9700
0001372612,"BOX, INC.",INBOX BOOTHS LLC,False,80NSSC24PB822,2024-07-24,2024-10-02,23273.1,National Aeronautics and Space Administration,National Aeronautics and Space Administration,"SOUND BOOTH, TEAM INBOX BOOTH AND INSTALLATION",CONT_AWD_80NSSC24PB822_8000_-NONE-_-NONE-
0001372612,"BOX, INC.","TREEN BOX & PALLET, INC",False,SPE8EF24F0043,2024-02-13,2024-02-20,23205.0,Department of Defense,Defense Logistics Agency,"8510440806!PALLET,MATERIAL HAN",CONT_AWD_SPE8EF24F0043_9700_SPE8EF23D0005_9700
0001372612,"BOX, INC.",BOXARR LIMITED,False,N6449822P5262,2022-07-20,2023-08-30,23200.2,Department of Defense,Department of the Navy,BOXARR SCALE 50K,CONT_AWD_N6449822P5262_9700_-NONE-_-NONE-
0001372612,"BOX, INC.",BOX GANG MANUFACTURING LLC,False,W911S222P0898,2022-07-29,2022-08-29,23181.9,Department of Defense,Department of the Army,BROWN METAL TRASH CONTAINER UNISON BUY PACKAGE: 1106704_02,CONT_AWD_W911S222P0898_9700_-NONE-_-NONE-
0001372612,"BOX, INC.",WILLS BOX COMPANY LLC,False,12474022P0039,2022-09-29,2022-11-29,23129.1,Department of Agriculture,Agricultural Marketing Service,"PO TO PURCHASE COTTON STANDARD BOX TRAYS W/3-SIDED HINGED LID. BOX LENGTH 15 5/16 IN;BOX WIDTH 13 5/16 IN; BOX DEPTH: 3 1/2 IN; LID DEPTH: 1 1/4 IN; BOARD TYPE:.120 PASTED WHITE BASE AND LID WRAP ECO FIBER, EXCEL, BLACK 8127, EMB. KID 921.",CONT_AWD_12474022P0039_12K2_-NONE-_-NONE-
0001372612,"BOX, INC.","SEA BOX, INC.",False,N0017425P1074,2025-07-03,2025-09-29,23069.0,Department of Defense,Department of the Navy,"***URGENT*** MK 1 MOD 0 DOLLY FOR ORGANIZATION G1 FY: 2025, AMS: N00174-25-SIMACQ-G1-0053",CONT_AWD_N0017425P1074_9700_-NONE-_-NONE-
0001372612,"BOX, INC.","BOXX TECHNOLOGIES, LLC",False,75N91023P00260,2023-02-15,2023-07-03,23014.9,Department of Health and Human Services,National Institutes of Health,IT HARDWARE,CONT_AWD_75N91023P00260_7529_-NONE-_-NONE-
0001372612,"BOX, INC.","SEA BOX, INC.",False,47QSWC26F0016,2026-01-07,2026-04-07,23000.0,General Services Administration,Federal Acquisition Service,BEAR HYGIENE SPARE KITS,CONT_AWD_47QSWC26F0016_4732_GS07F253AA_4732
0001372612,"BOX, INC.","SEA BOX, INC.",False,SPE8ED25P0165,2024-11-08,2025-03-17,22948.0,Department of Defense,Defense Logistics Agency,"8510988237!QUADCON,FREIGHT SPE",CONT_AWD_SPE8ED25P0165_9700_-NONE-_-NONE-
0001372612,"BOX, INC.","SEA BOX, INC.",False,SPE8ED23P0595,2023-03-24,2023-06-22,22900.0,Department of Defense,Defense Logistics Agency,"8509785900!CONTAINER,FREIGHT,G",CONT_AWD_SPE8ED23P0595_9700_-NONE-_-NONE-
0001372612,"BOX, INC.","SEA BOX, INC.",False,W50S9722P0009,2022-09-23,2022-10-31,22882.0,Department of Defense,Department of the Army,"CONTAINER, 20FT X 8FT 6IN TAN",CONT_AWD_W50S9722P0009_9700_-NONE-_-NONE-
0001372612,"BOX, INC.","SEA BOX, INC.",False,SPE8ED24P0482,2024-08-21,2024-12-19,22780.0,Department of Defense,Defense Logistics Agency,"8510474209!TRICON,FREIGHT,SPEC",CONT_AWD_SPE8ED24P0482_9700_-NONE-_-NONE-
0001372612,"BOX, INC.","SEA BOX, INC.",False,FA448425FG033,2024-10-01,2025-09-30,22776.0,Department of Defense,Department of the Air Force,PREFABRICATED AND PORTABLE BUILDINGS,CONT_AWD_FA448425FG033_9700_GS07F253AA_4732
0001372612,"BOX, INC.",BOX GANG MANUFACTURING LLC,False,W911S222P0716,2022-07-01,2022-08-01,22726.95,Department of Defense,Department of the Army,UNISON BUY 1103665 VERTICAL COMPACTOR,CONT_AWD_W911S222P0716_9700_-NONE-_-NONE-
0001372612,"BOX, INC.","SEA BOX, INC.",False,N4446622F0039,2022-09-03,2022-10-28,22668.86,Department of Defense,Department of the Navy,"CONTAINER, 20FT X 8FT 6IN W/ 1 ROLL DOOR",CONT_AWD_N4446622F0039_9700_GS02F0024P_4730
0001372612,"BOX, INC.",135 FOODS INC,False,W9124226FA031,2026-03-07,2026-03-21,22650.0,Department of Defense,Department of the Army,"AT MEALS, MORGANTON NC 7-21 MARCH 2026, SEE PWS",CONT_AWD_W9124226FA031_9700_W9124221A0004_9700
0001372612,"BOX, INC.","LOCHBOX TECHNOLOGIES, INC.",False,N0018925P0614,2025-09-30,2025-11-28,22587.0,Department of Defense,Department of the Navy,CALLEGRA,CONT_AWD_N0018925P0614_9700_-NONE-_-NONE-
0001372612,"BOX, INC.","SEA BOX, INC.",False,SPE8ED24P0772,2024-06-13,2024-09-11,22550.0,Department of Defense,Defense Logistics Agency,8510685981!CONTAINERS IST - PHILADELPHIA,CONT_AWD_SPE8ED24P0772_9700_-NONE-_-NONE-
0001372612,"BOX, INC.","SEA BOX, INC.",False,SPE8ED25P0548,2025-02-07,2025-06-09,22504.0,Department of Defense,Defense Logistics Agency,"8511159277!CONTAINER,FREIGHT,G",CONT_AWD_SPE8ED25P0548_9700_-NONE-_-NONE-
0001372612,"BOX, INC.","BLACK BOX SAFETY, INC",False,SPMYM226P7578,2026-06-22,2026-06-22,22464.0,Department of Defense,Defense Logistics Agency,"TAPE, PRESSURE SENSITIVE",CONT_AWD_SPMYM226P7578_9700_-NONE-_-NONE-
0001372612,"BOX, INC.","BLACK BOX SAFETY, INC",False,FA448423F0220,2023-07-24,2023-08-25,22396.31,Department of Defense,Department of the Air Force,M4 REPLICAS AND STORAGE CASES.,CONT_AWD_FA448423F0220_9700_47QSWA23D000Y_4732
0001372612,"BOX, INC.",BLACK BOX CORPORATION OF PENNSYLVANIA,False,95170026P0120,2026-04-29,2027-04-28,22291.8,U.S. Agency for Global Media,U.S. Agency for Global Media,PRIMARY NODE REPLACEMENT,CONT_AWD_95170026P0120_9568_-NONE-_-NONE-
0001372612,"BOX, INC.",BLACK BOX CORPORATION OF PENNSYLVANIA,False,95170022P0062,2022-04-07,2023-04-06,22255.4,U.S. Agency for Global Media,U.S. Agency for Global Media,"THIS IS AN AGREEMENT FOR HARDWARE AND SOFTWARE  MAINTENANCE OF VOA'S EXISTING BLACK BOX AGILITY  EQUIPMENT ASSOCIATED WITH VOA""S CEF AND TTF  TECHNICAL FACILITY.",CONT_AWD_95170022P0062_9568_-NONE-_-NONE-
0001372612,"BOX, INC.","SEA BOX, INC.",False,SPE8ED25P1165,2025-05-28,2025-09-25,22205.0,Department of Defense,Defense Logistics Agency,"8511406056!CONTAINER,FREIGHT,G",CONT_AWD_SPE8ED25P1165_9700_-NONE-_-NONE-
0001372612,"BOX, INC.","DRY BOX, INC.",False,N0016723P0172,2023-08-08,2023-09-29,22200.0,Department of Defense,Department of the Navy,8 FT. X 20 FT. CONTAINER OFFICE,CONT_AWD_N0016723P0172_9700_-NONE-_-NONE-
0001372612,"BOX, INC.","TREEN BOX & PALLET, INC",False,SPMYM225F0401,2025-06-23,2025-07-31,22161.6,Department of Defense,Defense Logistics Agency,PALLET BASE YEAR,CONT_AWD_SPMYM225F0401_9700_SPMYM224D0003_9700
0001372612,"BOX, INC.","TREEN BOX & PALLET, INC",False,SPMYM225F0373,2025-06-09,2025-07-16,22161.6,Department of Defense,Defense Logistics Agency,PALLET BASE YEAR,CONT_AWD_SPMYM225F0373_9700_SPMYM224D0003_9700
0001372612,"BOX, INC.","TREEN BOX & PALLET, INC",False,SPMYM225F0367,2025-05-30,2025-07-09,22161.6,Department of Defense,Defense Logistics Agency,PALLET BASE YEAR,CONT_AWD_SPMYM225F0367_9700_SPMYM224D0003_9700
0001372612,"BOX, INC.","TREEN BOX & PALLET, INC",False,SPMYM225F0362,2025-05-27,2025-06-29,22161.6,Department of Defense,Defense Logistics Agency,PALLET BASE YEAR,CONT_AWD_SPMYM225F0362_9700_SPMYM224D0003_9700
0001372612,"BOX, INC.","TREEN BOX & PALLET, INC",False,SPMYM225F0330,2025-05-08,2025-06-16,22161.6,Department of Defense,Defense Logistics Agency,PALLET BASE YEAR,CONT_AWD_SPMYM225F0330_9700_SPMYM224D0003_9700
0001372612,"BOX, INC.","TREEN BOX & PALLET, INC",False,SPMYM225F0302,2025-04-29,2025-05-27,22161.6,Department of Defense,Defense Logistics Agency,PALLET BASE YEAR,CONT_AWD_SPMYM225F0302_9700_SPMYM224D0003_9700
0001372612,"BOX, INC.","TREEN BOX & PALLET, INC",False,SPMYM225F0285,2025-04-10,2025-05-30,22161.6,Department of Defense,Defense Logistics Agency,PALLET BASE YEAR,CONT_AWD_SPMYM225F0285_9700_SPMYM224D0003_9700
0001372612,"BOX, INC.","TREEN BOX & PALLET, INC",False,SPMYM225F0268,2025-03-31,2025-05-09,22161.6,Department of Defense,Defense Logistics Agency,PALLET BASE YEAR,CONT_AWD_SPMYM225F0268_9700_SPMYM224D0003_9700
0001372612,"BOX, INC.","TREEN BOX & PALLET, INC",False,SPMYM225F0258,2025-03-25,2025-05-05,22161.6,Department of Defense,Defense Logistics Agency,PALLET BASE YEAR,CONT_AWD_SPMYM225F0258_9700_SPMYM224D0003_9700
0001372612,"BOX, INC.","TREEN BOX & PALLET, INC",False,SPMYM225F0255,2025-03-24,2025-04-14,22161.6,Department of Defense,Defense Logistics Agency,PALLET BASE YEAR,CONT_AWD_SPMYM225F0255_9700_SPMYM224D0003_9700
0001372612,"BOX, INC.","TREEN BOX & PALLET, INC",False,SPMYM225F0241,2025-03-13,2025-04-21,22161.6,Department of Defense,Defense Logistics Agency,PALLET BASE YEAR,CONT_AWD_SPMYM225F0241_9700_SPMYM224D0003_9700
0001372612,"BOX, INC.","TREEN BOX & PALLET, INC",False,SPMYM225F0209,2025-02-13,2025-03-07,22161.6,Department of Defense,Defense Logistics Agency,PALLET BASE YEAR,CONT_AWD_SPMYM225F0209_9700_SPMYM224D0003_9700
0001372612,"BOX, INC.","TREEN BOX & PALLET, INC",False,SPMYM225F0201,2025-02-11,2025-03-26,22161.6,Department of Defense,Defense Logistics Agency,PALLET BASE YEAR,CONT_AWD_SPMYM225F0201_9700_SPMYM224D0003_9700
0001372612,"BOX, INC.","TREEN BOX & PALLET, INC",False,SPMYM225F0195,2025-02-10,2025-03-18,22161.6,Department of Defense,Defense Logistics Agency,PALLET BASE YEAR,CONT_AWD_SPMYM225F0195_9700_SPMYM224D0003_9700
0001372612,"BOX, INC.","TREEN BOX & PALLET, INC",False,SPMYM225F0171,2025-01-27,2025-03-07,22161.6,Department of Defense,Defense Logistics Agency,PALLET BASE YEAR,CONT_AWD_SPMYM225F0171_9700_SPMYM224D0003_9700
0001372612,"BOX, INC.","TREEN BOX & PALLET, INC",False,SPMYM225F0153,2025-01-15,2025-02-20,22161.6,Department of Defense,Defense Logistics Agency,PALLET BASE YEAR,CONT_AWD_SPMYM225F0153_9700_SPMYM224D0003_9700
0001372612,"BOX, INC.","TREEN BOX & PALLET, INC",False,SPMYM225F0141,2025-01-08,2025-02-06,22161.6,Department of Defense,Defense Logistics Agency,PALLET BASE YEAR,CONT_AWD_SPMYM225F0141_9700_SPMYM224D0003_9700
0001372612,"BOX, INC.","TREEN BOX & PALLET, INC",False,SPMYM225F0131,2024-12-17,2025-01-30,22161.6,Department of Defense,Defense Logistics Agency,PALLET BASE YEAR,CONT_AWD_SPMYM225F0131_9700_SPMYM224D0003_9700
0001372612,"BOX, INC.","TREEN BOX & PALLET, INC",False,SPMYM225F0128,2024-12-13,2025-01-12,22161.6,Department of Defense,Defense Logistics Agency,PALLET BASE YEAR,CONT_AWD_SPMYM225F0128_9700_SPMYM224D0003_9700
0001372612,"BOX, INC.","TREEN BOX & PALLET, INC",False,SPMYM225F0086,2024-11-14,2024-12-19,22161.6,Department of Defense,Defense Logistics Agency,PALLET BASE YEAR,CONT_AWD_SPMYM225F0086_9700_SPMYM224D0003_9700
0001372612,"BOX, INC.","TREEN BOX & PALLET, INC",False,SPMYM225F0080,2024-11-07,2024-12-24,22161.6,Department of Defense,Defense Logistics Agency,PALLET BASE YEAR,CONT_AWD_SPMYM225F0080_9700_SPMYM224D0003_9700
0001372612,"BOX, INC.","TREEN BOX & PALLET, INC",False,SPMYM225F0068,2024-10-30,2024-12-09,22161.6,Department of Defense,Defense Logistics Agency,PALLET BASE YEAR,CONT_AWD_SPMYM225F0068_9700_SPMYM224D0003_9700
0001372612,"BOX, INC.","TREEN BOX & PALLET, INC",False,SPMYM225F0052,2024-10-18,2024-12-21,22161.6,Department of Defense,Defense Logistics Agency,PALLET BASE YEAR,CONT_AWD_SPMYM225F0052_9700_SPMYM224D0003_9700
0001372612,"BOX, INC.","TREEN BOX & PALLET, INC",False,SPMYM225F0012,2024-10-04,2024-11-07,22161.6,Department of Defense,Defense Logistics Agency,PALLET BASE YEAR,CONT_AWD_SPMYM225F0012_9700_SPMYM224D0003_9700
0001372612,"BOX, INC.","TREEN BOX & PALLET, INC",False,SPMYM224F0458,2024-09-05,2024-10-11,22161.6,Department of Defense,Defense Logistics Agency,PALLET BASE YEAR,CONT_AWD_SPMYM224F0458_9700_SPMYM224D0003_9700
0001372612,"BOX, INC.","TREEN BOX & PALLET, INC",False,SPMYM224F0446,2024-08-27,2024-09-30,22161.6,Department of Defense,Defense Logistics Agency,PALLET BASE YEAR,CONT_AWD_SPMYM224F0446_9700_SPMYM224D0003_9700
0001372612,"BOX, INC.","TREEN BOX & PALLET, INC",False,SPMYM224F0432,2024-08-21,2024-10-31,22161.6,Department of Defense,Defense Logistics Agency,PALLET BASE YEAR,CONT_AWD_SPMYM224F0432_9700_SPMYM224D0003_9700
0001372612,"BOX, INC.","TREEN BOX & PALLET, INC",False,SPMYM224F0428,2024-08-21,2024-09-23,22161.6,Department of Defense,Defense Logistics Agency,PALLET BASE YEAR,CONT_AWD_SPMYM224F0428_9700_SPMYM224D0003_9700
0001372612,"BOX, INC.","TREEN BOX & PALLET, INC",False,SPMYM224F0371,2024-07-10,2024-08-12,22161.6,Department of Defense,Defense Logistics Agency,PALLET BASE YEAR,CONT_AWD_SPMYM224F0371_9700_SPMYM224D0003_9700
0001372612,"BOX, INC.","SEA BOX, INC.",False,FA449726FG030,2025-10-01,2026-09-30,22096.0,Department of Defense,Department of the Air Force,MEMORIALS CEMETERIAL AND MORTUARY EQUIPMENT AND SUPPLIES,CONT_AWD_FA449726FG030_9700_GS07F253AA_4732
0001372612,"BOX, INC.","SEA BOX, INC.",False,FA469023FG016,2022-10-01,2023-09-30,22057.72,Department of Defense,Department of the Air Force,PREFABRICATED AND PORTABLE BUILDINGS,CONT_AWD_FA469023FG016_9700_GS02F0024P_4730
0001372612,"BOX, INC.",ISOBOX INC,False,19PM0723P0275,2023-02-13,2023-03-02,22044.56,Department of State,Department of State,HELICOPTER LANDING PAD CONSTRUCTION MATERIALS,CONT_AWD_19PM0723P0275_1900_-NONE-_-NONE-
0001372612,"BOX, INC.","TREEN BOX & PALLET, INC",False,SPE8EF25F0033,2025-01-07,2025-01-20,22014.72,Department of Defense,Defense Logistics Agency,"8511110430!PALLET,MATERIAL HAN",CONT_AWD_SPE8EF25F0033_9700_SPE8EF23D0005_9700
0001372612,"BOX, INC.","TREEN BOX & PALLET, INC",False,SPE8EF25F0010,2024-10-16,2024-10-29,22014.72,Department of Defense,Defense Logistics Agency,"8510958097!PALLET,MATERIAL HAN",CONT_AWD_SPE8EF25F0010_9700_SPE8EF23D0005_9700
0001372612,"BOX, INC.","SEA BOX, INC.",False,SPE8ED26P0893,2026-05-29,2026-08-27,21635.0,Department of Defense,Defense Logistics Agency,"8512143168!CONTAINER,FREIGHT,G",CONT_AWD_SPE8ED26P0893_9700_-NONE-_-NONE-
0001372612,"BOX, INC.","TREEN BOX & PALLET, INC",False,SPE8EF21F0092,2021-04-01,2021-04-26,21632.52,Department of Defense,Defense Logistics Agency,"8508106834!PALLET,MATERIAL HAN",CONT_AWD_SPE8EF21F0092_9700_SPE8EF17D0003_9700
0001372612,"BOX, INC.",ROYAL PAPER BOX CO. OF CALIFORNIA,False,2031JG25F00079,2025-03-11,2026-02-24,21567.0,Department of the Treasury,United States Mint,2025 SLEEVE 25TH ANNIVERSARY SACAGAWEA 24KT 1/2OZ GOLD COIN,CONT_AWD_2031JG25F00079_2044_2031JG21D00026_2044
0001372612,"BOX, INC.",ROYAL PAPER BOX CO. OF CALIFORNIA,False,2031JG25F00226,2025-07-16,2026-07-15,21516.6,Department of the Treasury,United States Mint,DC COMICS FIRST ARTICLE SAMPLES,CONT_AWD_2031JG25F00226_2044_2031JG21D00026_2044
0001372612,"BOX, INC.","SEA BOX, INC.",False,SPE8ED25P1317,2025-07-01,2025-09-29,21510.0,Department of Defense,Defense Logistics Agency,"8511478481!CONTAINER,FREIGHT,G",CONT_AWD_SPE8ED25P1317_9700_-NONE-_-NONE-
0001372612,"BOX, INC.","BAND BOX CLEANERS AND LAUNDRY, INC",False,W911SA26FA125,2026-04-01,2027-01-31,21461.25,Department of Defense,Department of the Army,"PERFORM LAUNDRY SERVICES FOR THE LRC - FORT MCCOY, WI; IAW THE PERFORMANCE WORK STATEMENT AND TERMS AND CONDITIONS OF THE SOLICITATION AND RESULTANT CONTRACT.",CONT_AWD_W911SA26FA125_9700_W911SA24D3008_9700
0001372612,"BOX, INC.","TREEN BOX & PALLET, INC",False,SPE8EF25F0032,2025-01-07,2025-01-27,21318.0,Department of Defense,Defense Logistics Agency,"8511110359!PALLET,MATERIAL HAN",CONT_AWD_SPE8EF25F0032_9700_SPE8EF23D0005_9700
0001372612,"BOX, INC.","TREEN BOX & PALLET, INC",False,SPMYM222F0068,2021-11-12,2021-12-30,21315.0,Department of Defense,Defense Logistics Agency,PALLET OPTION YEAR TWO,CONT_AWD_SPMYM222F0068_9700_SPMYM218D0008_9700
0001372612,"BOX, INC.","SEA BOX, INC.",False,R5557523LG12R6HT,2023-06-12,2023-06-12,21304.72,Department of Defense,Department of the Navy,NEW STORAGE CONTAINER IS NEEDED FOR HAZMAT TO SUPPORT VQ-3 AND VQ4,CONT_AWD_R5557523LG12R6HT_9700_-NONE-_-NONE-
0001372612,"BOX, INC.",BOX GANG MANUFACTURING LLC,False,36C25924P0521,2024-03-19,2024-06-05,21275.0,Department of Veterans Affairs,Department of Veterans Affairs,V-6030 VERTICAL CARDBOARD BALER,CONT_AWD_36C25924P0521_3600_-NONE-_-NONE-
0001372612,"BOX, INC.","LOCHBOX TECHNOLOGIES, INC.",False,W91RUS25PA022,2025-06-11,2026-02-28,21243.0,Department of Defense,Department of the Army,CALLEGRA SOFTWARE,CONT_AWD_W91RUS25PA022_9700_-NONE-_-NONE-
0001372612,"BOX, INC.","BOSTON BOX LUNCH & CATERING, LLC",False,W912SV25FA044,2025-06-28,2025-07-12,21238.14,Department of Defense,Department of the Army,CATERED MEALS FROM APPLE SPICE FOR MAARNG TRAINING,CONT_AWD_W912SV25FA044_9700_W912SV24AA008_9700
0001372612,"BOX, INC.","BOSTON BOX LUNCH & CATERING, LLC",False,W912SV24F0075,2024-06-22,2024-07-06,21238.14,Department of Defense,Department of the Army,"ANNUAL TRAINING MEALS FOR MA ARNG (1,386 EA)",CONT_AWD_W912SV24F0075_9700_W912SV22A0004_9700
0001372612,"BOX, INC.","CIC POWERBOX, LLC",False,W91WRZ24P0017,2024-08-05,2024-08-12,21112.87,Department of Defense,Department of the Army,BEEF CIC POWERBOX (BATTERY),CONT_AWD_W91WRZ24P0017_9700_-NONE-_-NONE-
0001372612,"BOX, INC.","SEA BOX, INC.",False,SPE8ED26P0875,2026-05-21,2026-08-19,21045.0,Department of Defense,Defense Logistics Agency,"8512134264!QUADCON,FREIGHT SPE",CONT_AWD_SPE8ED26P0875_9700_-NONE-_-NONE-
0001372612,"BOX, INC.","BOXX TECHNOLOGIES, LLC",False,SPMYM125P1314,2025-08-12,2025-09-01,21036.0,Department of Defense,Defense Logistics Agency,N4215851368590 APEXX CORE PROCESSOR,CONT_AWD_SPMYM125P1314_9700_-NONE-_-NONE-
0001372612,"BOX, INC.","SEA BOX, INC.",False,SPE8ED26P0041,2025-10-03,2026-01-02,21024.0,Department of Defense,Defense Logistics Agency,"8511685023!CONTAINER,FREIGHT,U",CONT_AWD_SPE8ED26P0041_9700_-NONE-_-NONE-
0001372612,"BOX, INC.","SEA BOX, INC.",False,SPE8ED24P0815,2024-07-01,2024-08-30,20967.0,Department of Defense,Defense Logistics Agency,"8510726450!TRICON,FREIGHT,SPEC",CONT_AWD_SPE8ED24P0815_9700_-NONE-_-NONE-
0001372612,"BOX, INC.",BOX GANG MANUFACTURING LLC,False,36C25723P0512,2023-07-06,2023-12-29,20925.0,Department of Veterans Affairs,Department of Veterans Affairs,CARDBOARD BALER EQUIPMENT,CONT_AWD_36C25723P0512_3600_-NONE-_-NONE-
0001372612,"BOX, INC.","SEA BOX, INC.",False,W912HZ22PV172,2022-09-30,2022-09-30,20863.55,Department of Defense,Department of the Army,STORAGE CONTAINER FOR CERL.  U435CNE,CONT_AWD_W912HZ22PV172_9700_-NONE-_-NONE-
0001372612,"BOX, INC.","SEA BOX, INC.",False,1240BG22F0037,2022-07-13,2022-09-15,20851.4,Department of Agriculture,Forest Service,"40' X 8'6"" STORAGE CONTAINER",CONT_AWD_1240BG22F0037_12C2_GS02F0024P_4730
0001372612,"BOX, INC.","SEA BOX, INC.",False,SPE8ED25P1051,2025-05-05,2025-09-02,20814.0,Department of Defense,Defense Logistics Agency,"8511360958!CONTAINER,FREIGHT,G",CONT_AWD_SPE8ED25P1051_9700_-NONE-_-NONE-
0001372612,"BOX, INC.",ISOBOX INC,False,19PM0722P0270,2022-03-18,2022-04-28,20771.44,Department of State,Department of State,FENCE COVERAGE AND REINFORCEMENT,CONT_AWD_19PM0722P0270_1900_-NONE-_-NONE-
0001372612,"BOX, INC.","DRY BOX, INC.",False,1284LL24P0065,2024-08-20,2024-09-13,20700.0,Department of Agriculture,Forest Service,THREE SHIPPING CONTAINERS FOR THE NPCNF,CONT_AWD_1284LL24P0065_12C2_-NONE-_-NONE-
0001372612,"BOX, INC.",ISOBOX INC,False,19PM0724P0271,2024-02-27,2024-03-21,20695.44,Department of State,Department of State,CONSTRUCTION MATERIALS,CONT_AWD_19PM0724P0271_1900_-NONE-_-NONE-
0001372612,"BOX, INC.","SEA BOX, INC.",False,FA812522P0115,2022-09-28,2023-01-01,20630.0,Department of Defense,Department of the Air Force,D-ILS STANDS,CONT_AWD_FA812522P0115_9700_-NONE-_-NONE-
0001372612,"BOX, INC.","BLACK BOX SAFETY, INC",False,SPE8E926P0984,2026-06-02,2026-10-20,20552.49,Department of Defense,Defense Logistics Agency,"8512142202!TAPE,REFLECTIVE",CONT_AWD_SPE8E926P0984_9700_-NONE-_-NONE-
0001372612,"BOX, INC.","SEA BOX, INC.",False,SPE8ED26P0897,2026-05-29,2026-08-27,20524.0,Department of Defense,Defense Logistics Agency,"8512149128!CONTAINER,FREIGHT,G",CONT_AWD_SPE8ED26P0897_9700_-NONE-_-NONE-
0001372612,"BOX, INC.","BLACK BOX SAFETY, INC",False,36C25725P0330,2025-05-09,2025-07-31,20523.97,Department of Veterans Affairs,Department of Veterans Affairs,POLICE DUTY GEAR (VESTS),CONT_AWD_36C25725P0330_3600_-NONE-_-NONE-
0001372612,"BOX, INC.","BOXX MODULAR, INC.",False,W912HN19P5004,2019-02-22,2020-11-07,20517.0,Department of Defense,Department of the Army,"MODULAR FACILITY LEASE FOR ENGINEER DEPOT BLDG. 2 SAVANNAH, GA - USACE - SAVANNAH DISTRICT",CONT_AWD_W912HN19P5004_9700_-NONE-_-NONE-
0001372612,"BOX, INC.","SEA BOX, INC.",False,70Z03525FKETC0014,2025-09-18,2025-11-22,20404.82,Department of Homeland Security,U.S. Coast Guard,20' ISO CONTAINER FOR STORAGE FOR CGC FIR,CONT_AWD_70Z03525FKETC0014_7008_GS07F253AA_4732
0001372612,"BOX, INC.","BLACK BOX SAFETY, INC",False,W91SMC26FA001,2026-02-11,2026-04-09,20370.0,Department of Defense,Department of the Army,THE ILARNG IS IN NEED OF ID PANELS FOR VEST IN SUPPORT OF THE MILITARY POLICE.,CONT_AWD_W91SMC26FA001_9700_47QSWA23D000Y_4732
0001372612,"BOX, INC.","SEA BOX, INC.",False,N6874223P0000009,2023-07-31,2023-07-31,20334.82,Department of Defense,Department of the Navy,N/A,CONT_AWD_N6874223P0000009_9700_-NONE-_-NONE-
0001372612,"BOX, INC.","BAND BOX CLEANERS AND LAUNDRY, INC",False,W911SA22F3030,2022-04-01,2023-03-31,20290.0,Department of Defense,Department of the Army,LAUNDRY SERVICES,CONT_AWD_W911SA22F3030_9700_W911SA19D3000_9700
0001372612,"BOX, INC.","SEA BOX, INC.",False,SPE8ED24P1069,2024-09-24,2024-12-23,20252.0,Department of Defense,Defense Logistics Agency,"8510914424!CONTAINER,FREIGHT,G",CONT_AWD_SPE8ED24P1069_9700_-NONE-_-NONE-
0001372612,"BOX, INC.",ROYAL PAPER BOX CO. OF CALIFORNIA,False,2031JG24F00353,2024-07-29,2025-07-10,20200.0,Department of the Treasury,United States Mint,2025 SLEEVE USMC $.50 CLAD PRF COIN,CONT_AWD_2031JG24F00353_2044_2031JG21D00026_2044
0001372612,"BOX, INC.","SEA BOX, INC.",False,SPE8ED24P0674,2024-05-06,2024-09-03,20060.0,Department of Defense,Defense Logistics Agency,"8510610829!CONTAINER,FREIGHT,G",CONT_AWD_SPE8ED24P0674_9700_-NONE-_-NONE-
0001372612,"BOX, INC.","SEA BOX, INC.",False,SPE8ED26P0410,2026-01-22,2026-04-22,20026.0,Department of Defense,Defense Logistics Agency,"8511875979!CONTAINER,FREIGHT,G",CONT_AWD_SPE8ED26P0410_9700_-NONE-_-NONE-
0001372612,"BOX, INC.",TECHNICAL TOOLBOXES POWERTOOLS INC,False,693JK326P000013,2026-08-30,2027-08-29,20006.0,Department of Transportation,Pipeline and Hazardous Materials Safety Administration,TECHNICAL TOOLBOX ANNUAL MAINTENANCE RENEWAL.,CONT_AWD_693JK326P000013_6957_-NONE-_-NONE-
0001372612,"BOX, INC.",BRAINBOX LTD,False,75N98026P01819,2026-09-24,2027-09-23,19999.0,Department of Health and Human Services,National Institutes of Health,NIDA: SUPPLY: REPLACEMENT CTX-500-4CH TRANSCRANIAL FOCUSED ULTRASOUND STIMULATION (TUS) TRANSDUCER: N/A,CONT_AWD_75N98026P01819_7529_-NONE-_-NONE-
0001372612,"BOX, INC.","SEA BOX, INC.",False,140P8323P0048,2023-08-18,2023-09-29,19992.0,Department of the Interior,National Park Service,CRMO PURCHASE OF 4 CONEX STORAGE CONTAINERS,CONT_AWD_140P8323P0048_1443_-NONE-_-NONE-
0001372612,"BOX, INC.","SEA BOX, INC.",False,N0024422P0289,2020-09-08,2022-11-08,19982.72,Department of Defense,Department of the Navy,OUTDOOR METAL STORGE CONTAINERS,CONT_AWD_N0024422P0289_9700_-NONE-_-NONE-
0001372612,"BOX, INC.",BOX BROTHERS LOS FELIZ INC,False,N0024422P0328,2022-09-23,2022-12-23,19980.0,Department of Defense,Department of the Navy,LOGISTICS SUPPORT SERVICES,CONT_AWD_N0024422P0328_9700_-NONE-_-NONE-
0001372612,"BOX, INC.","SEA BOX, INC.",False,R5557523LG12R6HS,2023-09-25,2023-09-25,19951.0,Department of Defense,Department of the Navy,NEW STORAGE CONTAINER IS NEEDED FOR HAZMAT.,CONT_AWD_R5557523LG12R6HS_9700_-NONE-_-NONE-
0001372612,"BOX, INC.","SEA BOX, INC.",False,SPE8ED26P0292,2025-12-11,2026-03-11,19922.0,Department of Defense,Defense Logistics Agency,"8511808740!CONTAINER,FREIGHT,G",CONT_AWD_SPE8ED26P0292_9700_-NONE-_-NONE-
0001372612,"BOX, INC.","SEA BOX, INC.",False,SPE8ED23P0417,2023-03-24,2023-08-21,19864.0,Department of Defense,Defense Logistics Agency,"8509674984!CONTAINER,FREIGHT,G",CONT_AWD_SPE8ED23P0417_9700_-NONE-_-NONE-
0001372612,"BOX, INC.","SEA BOX, INC.",False,70Z04923FPETA0002,2023-07-05,2023-08-30,19807.72,Department of Homeland Security,U.S. Coast Guard,STORAGE CONTAINERS FOR TRAINING MISSION EQUIPMENT,CONT_AWD_70Z04923FPETA0002_7008_GS07F253AA_4732
0001372612,"BOX, INC.","BOXX TECHNOLOGIES, LLC",False,80NSSC24PA132,2023-11-09,2023-11-20,19583.1,National Aeronautics and Space Administration,National Aeronautics and Space Administration,BOXX AMD THREADRIPPER WORKSTATION,CONT_AWD_80NSSC24PA132_8000_-NONE-_-NONE-
0001372612,"BOX, INC.","SEA BOX, INC.",False,SPE8ED24P0183,2024-08-19,2024-12-17,19389.0,Department of Defense,Defense Logistics Agency,"8510247900!CONTAINER,FREIGHT,G",CONT_AWD_SPE8ED24P0183_9700_-NONE-_-NONE-
0001372612,"BOX, INC.","SEA BOX, INC.",False,1282A722F0053,2022-01-07,2022-02-14,19368.97,Department of Agriculture,Forest Service,"SHIPPING CONTAINER; TRAPPER CREEK JCC; DARBY, MT; NEW AWARD",CONT_AWD_1282A722F0053_12C2_GS02F0024P_4730
0001372612,"BOX, INC.","TREEN BOX & PALLET, INC",False,SPE8EF26V0128,2026-01-08,2026-08-22,19301.37,Department of Defense,Defense Logistics Agency,"8511850542!PALLET,MATERIAL HAN",CONT_AWD_SPE8EF26V0128_9700_-NONE-_-NONE-
0001372612,"BOX, INC.","SEA BOX, INC.",False,SPE8ED26P0464,2026-02-06,2026-05-07,19179.0,Department of Defense,Defense Logistics Agency,"8511906364!TRICON,FREIGHT,SPEC",CONT_AWD_SPE8ED26P0464_9700_-NONE-_-NONE-
0001372612,"BOX, INC.",BLACKBOX BIOMETRICS INC,False,HT940624P0141,2024-09-30,2024-09-30,19176.0,Department of Defense,Defense Health Agency,WIRELESS BLAST GAUGE SYSTEMS AND USB HUB KITS,CONT_AWD_HT940624P0141_9700_-NONE-_-NONE-
0001372612,"BOX, INC.",ISOBOX INC,False,19PM0723P0858,2023-08-11,2023-08-25,19002.65,Department of State,Department of State,CONSTRUCTION MATERIALS,CONT_AWD_19PM0723P0858_1900_-NONE-_-NONE-
0001372612,"BOX, INC.","SEA BOX, INC.",False,SPE8ED24P0493,2024-03-15,2024-07-15,18927.0,Department of Defense,Defense Logistics Agency,"8510486038!CONTAINER,FREIGHT,G",CONT_AWD_SPE8ED24P0493_9700_-NONE-_-NONE-
0001372612,"BOX, INC.","SEA BOX, INC.",False,SPE8ED24P0468,2024-02-22,2024-06-21,18876.0,Department of Defense,Defense Logistics Agency,"8510460139!CONTAINER,FREIGHT,G",CONT_AWD_SPE8ED24P0468_9700_-NONE-_-NONE-
0001372612,"BOX, INC.","SEA BOX, INC.",False,SPE8ED22P0527,2022-03-07,2022-07-05,18770.0,Department of Defense,Defense Logistics Agency,"8508920582!CONTAINER,FREIGHT,G",CONT_AWD_SPE8ED22P0527_9700_-NONE-_-NONE-
0001372612,"BOX, INC.",135 FOODS INC,False,W9124225PA055,2025-08-11,2025-08-24,18746.0,Department of Defense,Department of the Army,"CATERED MEALS, TAYLORSVILLE NC NC-11-24 AUG 2025",CONT_AWD_W9124225PA055_9700_-NONE-_-NONE-
0001372612,"BOX, INC.","SEA BOX, INC.",False,SPE8ED22P0458,2022-02-14,2022-06-14,18683.0,Department of Defense,Defense Logistics Agency,"8508868106!CONTAINER,FREIGHT,G",CONT_AWD_SPE8ED22P0458_9700_-NONE-_-NONE-
0001372612,"BOX, INC.",135 FOODS INC,False,W9124223F0026,2023-07-21,2023-07-21,18677.0,Department of Defense,Department of the Army,BREAKFAST AND DINNER MEALS 21 JULY-4 AUG,CONT_AWD_W9124223F0026_9700_W9124221A0004_9700
0001372612,"BOX, INC.","SEA BOX, INC.",False,SPE8ED25P1715,2025-09-24,2025-12-23,18225.0,Department of Defense,Defense Logistics Agency,"8511664721!CONTAINER,FREIGHT,G",CONT_AWD_SPE8ED25P1715_9700_-NONE-_-NONE-
0001372612,"BOX, INC.",CLEANBOX TECHNOLOGY INC,False,36C26225P0637,2025-02-10,2025-04-11,18061.14,Department of Veterans Affairs,Department of Veterans Affairs,VR UVC LED DISINFECTION SYSTEM STORAGE CART,CONT_AWD_36C26225P0637_3600_-NONE-_-NONE-
0001372612,"BOX, INC.","SMARTBOX ASSISTIVE TECHNOLOGY, INC",False,36C24126P0315,2026-03-24,2026-06-24,18014.85,Department of Veterans Affairs,Department of Veterans Affairs,GRID PAD 16 EVO,CONT_AWD_36C24126P0315_3600_-NONE-_-NONE-
0001372612,"BOX, INC.",ANNA NICOLE BOX,False,FA309925P0018,2025-09-01,2026-08-31,18000.0,Department of Defense,Department of the Air Force,CATHOLIC RELIGIOUS EDUCATION COORDINATOR LAUGHLIN AFB,CONT_AWD_FA309925P0018_9700_-NONE-_-NONE-
0001372612,"BOX, INC.","BAND BOX CLEANERS AND LAUNDRY, INC",False,W50S9H24F0010,2024-09-23,2024-11-15,18000.0,Department of Defense,Department of the Army,LAUNDRY SERVICES,CONT_AWD_W50S9H24F0010_9700_W50S9H23A0001_9700
0001372612,"BOX, INC.","BAND BOX CLEANERS AND LAUNDRY, INC",False,W50S9H24F0003,2024-01-23,2024-03-31,18000.0,Department of Defense,Department of the Army,LAUNDRY SERVICE,CONT_AWD_W50S9H24F0003_9700_W50S9H23A0001_9700
0001372612,"BOX, INC.","BAND BOX CLEANERS AND LAUNDRY, INC",False,W50S9H23F0020,2023-08-18,2023-09-30,18000.0,Department of Defense,Department of the Army,LAUNDRY SERVICES - VOLK FIELD,CONT_AWD_W50S9H23F0020_9700_W50S9H23A0001_9700
0001372612,"BOX, INC.","BAND BOX CLEANERS AND LAUNDRY, INC",False,W50S9H23F0002,2022-11-09,2023-03-31,18000.0,Department of Defense,Department of the Army,LAUNDRY SERVICE,CONT_AWD_W50S9H23F0002_9700_W912J218A7001_9700
0001372612,"BOX, INC.","BAND BOX CLEANERS AND LAUNDRY, INC",False,W50S9H22F0015,2022-08-30,2022-09-30,18000.0,Department of Defense,Department of the Army,LAUNDRY SERVICE,CONT_AWD_W50S9H22F0015_9700_W912J218A7001_9700
0001372612,"BOX, INC.","BAND BOX CLEANERS AND LAUNDRY, INC",False,W50S9H22F0004,2022-03-17,2022-03-31,18000.0,Department of Defense,Department of the Army,LAUNDRY SERVICE - MAR 2022,CONT_AWD_W50S9H22F0004_9700_W912J218A7001_9700
0001372612,"BOX, INC.","SEA BOX, INC.",False,SPE8ED22P0688,2022-05-17,2022-09-14,17704.0,Department of Defense,Defense Logistics Agency,"8509076922!QUADCON,FREIGHT SPE",CONT_AWD_SPE8ED22P0688_9700_-NONE-_-NONE-
0001372612,"BOX, INC.","SEA BOX, INC.",False,SPE8ED23P0534,2023-03-06,2023-03-30,17678.0,Department of Defense,Defense Logistics Agency,"8509742618!TRICON,FREIGHT,SPEC",CONT_AWD_SPE8ED23P0534_9700_-NONE-_-NONE-
0001372612,"BOX, INC.","BLACK BOX SAFETY, INC",False,FA820124FG010,2023-10-01,2024-09-30,17587.75,Department of Defense,Department of the Air Force,OUTERWEAR MENS,CONT_AWD_FA820124FG010_9700_47QSWA23D000Y_4732
0001372612,"BOX, INC.","BLACK BOX SAFETY, INC",False,15DDSE25F00000014,2025-09-11,2025-09-30,17568.3,Department of Justice,Drug Enforcement Administration,TITLE: TACTICAL UNIFORMS FOR DEA AGENTS AND TFOS REQUESTOR: DONNA  WEISKE REF AWARD/BPA: 47QSWA23D000Y DELIVERY DATE: 09/30/2025,CONT_AWD_15DDSE25F00000014_1524_47QSWA23D000Y_4732
0001372612,"BOX, INC.",135 FOODS INC,False,W9124224F0054,2024-05-06,2024-05-20,17514.0,Department of Defense,Department of the Army,"6-20 MAY AT MEALS, SALISBURY NC",CONT_AWD_W9124224F0054_9700_W9124221A0004_9700
0001372612,"BOX, INC.","TREEN BOX & PALLET, INC",False,SPE8EF22F0093,2022-05-11,2022-06-21,17457.3,Department of Defense,Defense Logistics Agency,"8509088803!PALLET,MATERIAL HAN",CONT_AWD_SPE8EF22F0093_9700_SPE8EF17D0003_9700
0001372612,"BOX, INC.","SEA BOX, INC.",False,SPE8ED25P0549,2025-02-04,2025-06-04,17444.0,Department of Defense,Defense Logistics Agency,"8511159366!CONTAINER,FREIGHT,G",CONT_AWD_SPE8ED25P0549_9700_-NONE-_-NONE-
0001372612,"BOX, INC.","DRY BOX, INC.",False,1240BD23P0022,2023-04-17,2023-05-31,17400.0,Department of Agriculture,Forest Service,"LARGE STORAGE CONTAINERS NEEDED TO STORE ITEMS BELONGING TO FUELS DEPT. 2 CONTAINERS WILL GO TO CHELAN AT 25 MILE FIRE CAMP AND 1 WILL GO TO ENTIAT AT STELIKO 80 STELIKO CANYON RD AREDENVIOR, WA",CONT_AWD_1240BD23P0022_12C2_-NONE-_-NONE-
0001372612,"BOX, INC.","SEA BOX, INC.",False,1240BG23F0022,2023-04-04,2023-06-06,17393.0,Department of Agriculture,Forest Service,"SHIPPING CONTAINER, 3 ROLL-UP DOORS, NO PARTITIONS.",CONT_AWD_1240BG23F0022_12C2_GS02F0024P_4730
0001372612,"BOX, INC.",135 FOODS INC,False,W9124225FA036,2025-03-03,2025-03-25,17376.0,Department of Defense,Department of the Army,AT MEALS MOORESVILLE NC 3-25 MARCH,CONT_AWD_W9124225FA036_9700_W9124221A0004_9700
0001372612,"BOX, INC.","SEA BOX, INC.",False,SPE8ED25P0750,2025-03-12,2025-07-10,17312.0,Department of Defense,Defense Logistics Agency,"8511242474!CONTAINER,FREIGHT,G",CONT_AWD_SPE8ED25P0750_9700_-NONE-_-NONE-
0001372612,"BOX, INC.","DRY BOX, INC.",False,1284LM22P0025,2022-02-09,2022-06-30,17100.0,Department of Agriculture,Forest Service,CONEX BOXES FOR DISTRICT STORAGE,CONT_AWD_1284LM22P0025_12C2_-NONE-_-NONE-
0001372612,"BOX, INC.",BOX ELDER INNOVATIONS LLC,False,80NSSC22PA826,2022-05-16,2022-06-20,17050.0,National Aeronautics and Space Administration,National Aeronautics and Space Administration,"PURCHASE ORDER FOR PEA TRAINING AND MAINTENANCE UPGRADES INCLUDING ADDING A 5V POWER SUPPLY, REPLACING PEA SENSOR, CLEANING PEA FIXTURE, INSPECTING CABLES AND CONNECTIONS WITH REPAIRS WHEN NEEDED.",CONT_AWD_80NSSC22PA826_8000_-NONE-_-NONE-
0001372612,"BOX, INC.","DRY BOX, INC.",False,70Z03326CSEAT0032,2026-04-28,2026-07-31,17000.0,Department of Homeland Security,U.S. Coast Guard,RELOCATION OF SHIPPING CONTAINERS FROM NORTH BEND OR TO NEWPORT OR,CONT_AWD_70Z03326CSEAT0032_7008_-NONE-_-NONE-
0001372612,"BOX, INC.","SEA BOX, INC.",False,N0018923FG027,2023-08-24,2023-10-20,16998.44,Department of Defense,Department of the Navy,"TRICON CONTAINERS, RELATED ACCESSORIES AND ONSITE DELIVERY",CONT_AWD_N0018923FG027_9700_GS02F0024P_4730
0001372612,"BOX, INC.","BAND BOX CLEANERS AND LAUNDRY, INC",False,W911SA24F3077,2024-09-01,2025-08-31,16983.4,Department of Defense,Department of the Army,FMWI LAUNDRY,CONT_AWD_W911SA24F3077_9700_W911SA24D3008_9700
0001372612,"BOX, INC.","SEA BOX, INC.",False,SP330025P0972,2025-07-25,2025-11-02,16952.0,Department of Defense,Defense Logistics Agency,"8511477860!GASKET, FOR TRICON CONTAINER",CONT_AWD_SP330025P0972_9700_-NONE-_-NONE-
0001372612,"BOX, INC.","SEA BOX, INC.",False,FA286023FG047,2022-10-01,2023-09-30,16920.0,Department of Defense,Department of the Air Force,INSTALLATION OF EQUIPMENT-ELECTRICAL AND ELECTRONIC EQUIPMENT COMPONENTS,CONT_AWD_FA286023FG047_9700_47QSWC21A0016_4732
0001372612,"BOX, INC.","SEA BOX, INC.",False,SPE8ED23P0702,2023-05-10,2023-07-10,16804.0,Department of Defense,Defense Logistics Agency,"8509853249!BICON,FREIGHT,GENER",CONT_AWD_SPE8ED23P0702_9700_-NONE-_-NONE-
0001372612,"BOX, INC.","SMARTBOX ASSISTIVE TECHNOLOGY, INC",False,36C24126P0323,2026-03-25,2026-04-29,16790.3,Department of Veterans Affairs,Department of Veterans Affairs,TALK PAD,CONT_AWD_36C24126P0323_3600_-NONE-_-NONE-
0001372612,"BOX, INC.","TREEN BOX & PALLET, INC",False,SPE8EF23F0037,2023-03-06,2023-03-13,16780.8,Department of Defense,Defense Logistics Agency,"8509743823!PALLET,MATERIAL HAN",CONT_AWD_SPE8EF23F0037_9700_SPE8EF23D0005_9700
0001372612,"BOX, INC.","BLACK BOX SAFETY, INC",False,15B50823P00000215,2023-08-31,2023-09-30,16718.99,Department of Justice,Federal Prison System / Bureau of Prisons,DCT GEAR AND APPAREL,CONT_AWD_15B50823P00000215_1540_-NONE-_-NONE-
0001372612,"BOX, INC.","SEA BOX, INC.",False,1282A725F0037,2024-10-22,2025-01-31,16708.86,Department of Agriculture,Forest Service,CONNEX BOX WEBBER BASIN JCC OGDEN UT NEW DELIVERY ORDER,CONT_AWD_1282A725F0037_12C2_GS07F253AA_4732
0001372612,"BOX, INC.","SEA BOX, INC.",False,N6600122F0710,2022-05-11,2022-12-15,16692.06,Department of Defense,Department of the Navy,QUADCON CONTAINER,CONT_AWD_N6600122F0710_9700_GS02F0024P_4730
0001372612,"BOX, INC.","BLACK BOX SAFETY, INC",False,W91RUS25PA042,2025-08-26,2026-08-25,16644.27,Department of Defense,Department of the Army,BALLISTIC RESISTANCE BODY ARMOR.,CONT_AWD_W91RUS25PA042_9700_-NONE-_-NONE-
0001372612,"BOX, INC.","BLACK BOX SAFETY, INC",False,36C26224P0353,2023-12-04,2024-03-31,16551.28,Department of Veterans Affairs,Department of Veterans Affairs,RESCUE EQUIPMENT,CONT_AWD_36C26224P0353_3600_-NONE-_-NONE-
0001372612,"BOX, INC.","TREEN BOX & PALLET, INC",False,SPMYM223F0018,2022-10-11,2022-11-28,16530.0,Department of Defense,Defense Logistics Agency,PALLET OPTION YEAR FOUR,CONT_AWD_SPMYM223F0018_9700_SPMYM218D0008_9700
0001372612,"BOX, INC.","BLACK BOX SAFETY, INC",False,36C26224P2175,2024-08-28,2024-08-28,16486.0,Department of Veterans Affairs,Department of Veterans Affairs,"SDVOSB SET-ASIDE AWARD TO BLACK BOX SAFETY, INC FOR THE PURCHASE OF QUAIL PRO11 HEADSETS AND ACCESSORIES.",CONT_AWD_36C26224P2175_3600_-NONE-_-NONE-
0001372612,"BOX, INC.",SHOEBOX LTD,False,75N98C23K00001,2022-10-17,2022-10-17,16452.6,Department of Health and Human Services,National Institutes of Health,SHOEBOX LTD [23-000058],CONT_AWD_75N98C23K00001_7529_-NONE-_-NONE-
0001372612,"BOX, INC.","SEA BOX, INC.",False,SPE8ED25P1052,2025-05-05,2025-09-02,16450.0,Department of Defense,Defense Logistics Agency,"8511361167!BICON,FREIGHT,GENER",CONT_AWD_SPE8ED25P1052_9700_-NONE-_-NONE-
0001372612,"BOX, INC.","SEA BOX, INC.",False,N0040625P0217,2025-01-29,2025-02-28,16412.0,Department of Defense,Department of the Navy,NSE CONEX BOXES - STORAGE SHIPPING CONTAINERS,CONT_AWD_N0040625P0217_9700_-NONE-_-NONE-
0001372612,"BOX, INC.","SEA BOX, INC.",False,SPRDL123F0068,2023-01-23,2023-07-24,16318.0,Department of Defense,Defense Logistics Agency,DELIVERY ORDER FOR THE PURCHASE OF ONE ISO TYPE II CARC CONTAINER.,CONT_AWD_SPRDL123F0068_9700_SPRDL119D0100_9700
0001372612,"BOX, INC.",135 FOODS INC,False,W9124226FA052,2026-06-05,2026-06-18,16310.0,Department of Defense,Department of the Army,"HOME STATION CATERED MEALS, 6/5-6/7--6/15-6/18, 2026 CHARLOTTE NC",CONT_AWD_W9124226FA052_9700_W9124226AA003_9700
0001372612,"BOX, INC.",135 FOODS INC,False,W9124223F0019,2023-05-27,2023-06-09,16240.0,Department of Defense,Department of the Army,HSC 130 MEB  HOME STATION AT23 MEALS,CONT_AWD_W9124223F0019_9700_W9124221A0004_9700
0001372612,"BOX, INC.",BLACKBOX BIOMETRICS INC,False,N6426725P4024,2025-02-06,2025-03-05,16122.0,Department of Defense,Department of the Navy,WIRELESS BLAST GAUGE SYSTEM,CONT_AWD_N6426725P4024_9700_-NONE-_-NONE-
0001372612,"BOX, INC.","BLACK BOX SAFETY, INC",False,W912EF25FA023,2025-09-26,2026-01-16,16090.14,Department of Defense,Department of the Army,LLA BPA ELECTRICAL CALL CHESTNUT LIGHTING W68SBV51829153,CONT_AWD_W912EF25FA023_9700_W912EF25A0003_9700
0001372612,"BOX, INC.","GLASS BOX SYSTEMS, INC.",False,36C26124P1497,2024-08-01,2025-02-01,16000.0,Department of Veterans Affairs,Department of Veterans Affairs,UPDATES TO LIBRARY TOOL SYSTEM,CONT_AWD_36C26124P1497_3600_-NONE-_-NONE-
0001372612,"BOX, INC.","SEA BOX, INC.",False,SPE8ED25P0891,2025-04-08,2025-07-07,15886.0,Department of Defense,Defense Logistics Agency,"8511303755!BICON,FREIGHT,GENER",CONT_AWD_SPE8ED25P0891_9700_-NONE-_-NONE-
0001372612,"BOX, INC.","SEA BOX, INC.",False,W912HZ23P0031,2023-02-13,2023-04-05,15834.76,Department of Defense,Department of the Army,TWO QUADCON 8' H FREIGHT ISO CONTAINERS U438260,CONT_AWD_W912HZ23P0031_9700_-NONE-_-NONE-
0001372612,"BOX, INC.","SEA BOX, INC.",False,SPE8ED24P0279,2023-12-14,2024-01-16,15822.0,Department of Defense,Defense Logistics Agency,"8510312940!BICON,FREIGHT,GENER",CONT_AWD_SPE8ED24P0279_9700_-NONE-_-NONE-
0001372612,"BOX, INC.","SEA BOX, INC.",False,SPE8ED23P0511,2023-02-28,2023-04-14,15793.0,Department of Defense,Defense Logistics Agency,8509724318!SHIPPING AND STORAG,CONT_AWD_SPE8ED23P0511_9700_-NONE-_-NONE-
0001372612,"BOX, INC.","BLACK BOX SAFETY, INC",False,W912HZ23PV153,2023-09-18,2023-09-18,15785.58,Department of Defense,Department of the Army,PELICAN CASES AND LOCKS FOR CRREL BY CERL.  U437N00,CONT_AWD_W912HZ23PV153_9700_-NONE-_-NONE-
0001372612,"BOX, INC.","SEA BOX, INC.",False,HT009023FG0810087,2023-08-23,2023-09-30,15726.76,Department of Defense,Defense Health Agency,CONTAINER SUPPLIES/MATERIALS.,CONT_AWD_HT009023FG0810087_9700_GS02F0024P_4730
0001372612,"BOX, INC.","SEA BOX, INC.",False,W912HZ25F0168,2025-05-15,2025-07-18,15710.0,Department of Defense,Department of the Army,20X8.6 SHIPPING CONTAINER U438260,CONT_AWD_W912HZ25F0168_9700_W912HZ23A0061_9700
0001372612,"BOX, INC.","TREEN BOX & PALLET, INC",False,SPE8EF23F0064,2023-06-20,2023-06-27,15705.6,Department of Defense,Defense Logistics Agency,"8509963579!PALLET,MATERIAL HAN",CONT_AWD_SPE8EF23F0064_9700_SPE8EF23D0005_9700
0001372612,"BOX, INC.","PRO BOX PORTABLE STORAGE, LLC",False,FA487723P0051,2023-05-01,2025-09-30,15609.7,Department of Defense,Department of the Air Force,PKB - STORAGE BOXES,CONT_AWD_FA487723P0051_9700_-NONE-_-NONE-
0001372612,"BOX, INC.","SEA BOX, INC.",False,SPE8ED25P0352,2024-12-17,2025-04-16,15606.0,Department of Defense,Defense Logistics Agency,"8511061355!TRICON,FREIGHT,SPEC",CONT_AWD_SPE8ED25P0352_9700_-NONE-_-NONE-
0001372612,"BOX, INC.",OOTBOX INC,False,36C25023P1945,2023-09-11,2023-10-09,15600.0,Department of Veterans Affairs,Department of Veterans Affairs,PURCHASE OF OOTBOX FOR THE CHALMERS P. WYLIE AMBULATORY CARE CENTER,CONT_AWD_36C25023P1945_3600_-NONE-_-NONE-
0001372612,"BOX, INC.","SEA BOX, INC.",False,SPE8ED24P0517,2024-03-15,2024-07-15,15584.0,Department of Defense,Defense Logistics Agency,"8510509432!TRICON,FREIGHT,SPEC",CONT_AWD_SPE8ED24P0517_9700_-NONE-_-NONE-
0001372612,"BOX, INC.","SEA BOX, INC.",False,SPE8ED24P0498,2024-03-13,2024-07-11,15496.0,Department of Defense,Defense Logistics Agency,8510489988!SHIPPING AND STORAG,CONT_AWD_SPE8ED24P0498_9700_-NONE-_-NONE-
0001372612,"BOX, INC.","SEA BOX, INC.",False,SPE8ED25P0081,2024-10-09,2025-02-06,15446.0,Department of Defense,Defense Logistics Agency,"8510944779!TRICON,FREIGHT,SPEC",CONT_AWD_SPE8ED25P0081_9700_-NONE-_-NONE-
0001372612,"BOX, INC.","SEA BOX, INC.",False,FA527023FG064,2022-10-01,2023-09-30,15403.09,Department of Defense,Department of the Air Force,SPECIALIZED SHIPPING AND STORAGE CONTAINERS,CONT_AWD_FA527023FG064_9700_GS07F253AA_4732
0001372612,"BOX, INC.","SEA BOX, INC.",False,SPE8ED24P0773,2024-06-21,2024-10-21,15390.0,Department of Defense,Defense Logistics Agency,"8510686165!BICON,FREIGHT,GENER",CONT_AWD_SPE8ED24P0773_9700_-NONE-_-NONE-
0001372612,"BOX, INC.","TREEN BOX & PALLET, INC",False,SPE8EF22F0063,2022-02-10,2022-03-03,15342.6,Department of Defense,Defense Logistics Agency,"8508866757!PALLET,MATERIAL HAN",CONT_AWD_SPE8EF22F0063_9700_SPE8EF17D0003_9700
0001372612,"BOX, INC.",ISOBOX INC,False,19PM0723P0193,2023-01-12,2023-01-27,15318.88,Department of State,Department of State,CONSTRUCTION TOOLS,CONT_AWD_19PM0723P0193_1900_-NONE-_-NONE-
0001372612,"BOX, INC.",135 FOODS INC,False,W9124223F0001,2022-10-11,2022-10-25,15270.0,Department of Defense,Department of the Army,"AT MEALS BREAKFAST, LUNCH, DINNER  1-131AV 11OCT -25OCT",CONT_AWD_W9124223F0001_9700_W9124221A0004_9700
0001372612,"BOX, INC.","SEA BOX, INC.",False,W912HZ22PV175,2022-09-13,2022-09-13,15262.62,Department of Defense,Department of the Army,QUADCON CONTAINERS FOR GSL.  U438260,CONT_AWD_W912HZ22PV175_9700_-NONE-_-NONE-
0001372612,"BOX, INC.",SHOEBOX LTD,False,75N98C23K00006,2023-07-19,2023-07-19,15232.45,Department of Health and Human Services,National Institutes of Health,UPDATED COSTS TO TRANSITION AUDIOMETER SOFTWARE TO NEW PROGRAMS ON CLINICAL TRIAL DEVICES,CONT_AWD_75N98C23K00006_7529_-NONE-_-NONE-
0001372612,"BOX, INC.","SEA BOX, INC.",False,SPE8ED22P0955,2022-09-22,2023-01-20,15050.0,Department of Defense,Defense Logistics Agency,"8509345087!CONTAINER,FREIGHT,G",CONT_AWD_SPE8ED22P0955_9700_-NONE-_-NONE-
0001372612,"BOX, INC.","TREEN BOX & PALLET, INC",False,SPE8EF24F0022,2023-11-27,2023-12-12,15001.6,Department of Defense,Defense Logistics Agency,"8510287850!PALLET,MATERIAL HAN",CONT_AWD_SPE8EF24F0022_9700_SPE8EF23D0005_9700
0001372612,"BOX, INC.",BOXLEY MATERIALS COMPANY,False,19KU2022F0900,2022-09-05,2024-03-31,14935.0,Department of State,Department of State,ESTIMATED HOURS FOR ATTORNEY SERVICES (NOTARY AND TRANSLATION SERVICES) FOR REAL ESTATE TRANSACTION - 19KU2022D0002,CONT_AWD_19KU2022F0900_1900_19KU2022D0002_1900
0001372612,"BOX, INC.","SEA BOX, INC.",False,SPE8ED24P0526,2024-09-13,2025-01-11,14886.0,Department of Defense,Defense Logistics Agency,"8510523168!CONTAINER,FREIGHT,G",CONT_AWD_SPE8ED24P0526_9700_-NONE-_-NONE-
0001372612,"BOX, INC.","SEA BOX, INC.",False,SPE8ED25P0241,2024-11-14,2025-02-12,14798.0,Department of Defense,Defense Logistics Agency,"8511013607!BICON,FREIGHT,GENER",CONT_AWD_SPE8ED25P0241_9700_-NONE-_-NONE-
0001372612,"BOX, INC.","TREEN BOX & PALLET, INC",False,SPE8EF22F0133,2022-08-08,2022-08-16,14796.0,Department of Defense,Defense Logistics Agency,"8509295269!PALLET,MATERIAL HAN",CONT_AWD_SPE8EF22F0133_9700_SPE8EF17D0003_9700
0001372612,"BOX, INC.","TREEN BOX & PALLET, INC",False,SPE8EF22F0094,2022-05-11,2022-06-10,14796.0,Department of Defense,Defense Logistics Agency,"8509088808!PALLET,MATERIAL HAN",CONT_AWD_SPE8EF22F0094_9700_SPE8EF17D0003_9700
0001372612,"BOX, INC.","TREEN BOX & PALLET, INC",False,SPE8EF22F0087,2022-04-13,2022-04-20,14796.0,Department of Defense,Defense Logistics Agency,"8509023169!PALLET,MATERIAL HAN",CONT_AWD_SPE8EF22F0087_9700_SPE8EF17D0003_9700
0001372612,"BOX, INC.","TREEN BOX & PALLET, INC",False,SPE8EF22F0079,2022-03-28,2022-04-19,14796.0,Department of Defense,Defense Logistics Agency,"8508982416!PALLET,MATERIAL HAN",CONT_AWD_SPE8EF22F0079_9700_SPE8EF17D0003_9700
0001372612,"BOX, INC.","TREEN BOX & PALLET, INC",False,SPE8EF22F0128,2022-08-03,2022-08-10,14771.34,Department of Defense,Defense Logistics Agency,"8509284378!PALLET,MATERIAL HAN",CONT_AWD_SPE8EF22F0128_9700_SPE8EF17D0003_9700
0001372612,"BOX, INC.",ISOBOX INC,False,19PM0724P0097,2023-12-14,2024-01-03,14763.44,Department of State,Department of State,CONSTRUCTION MATERIALS,CONT_AWD_19PM0724P0097_1900_-NONE-_-NONE-
0001372612,"BOX, INC.",ROYAL PAPER BOX CO. OF CALIFORNIA,False,2031JG24F00361,2024-07-29,2025-07-21,14754.4,Department of the Treasury,United States Mint,2024 SLEEVES FLOWING HAIR 24K GOLD COIN,CONT_AWD_2031JG24F00361_2044_2031JG21D00026_2044
0001372612,"BOX, INC.","SEA BOX, INC.",False,SPE8ED25P0661,2025-02-27,2025-04-28,14650.0,Department of Defense,Defense Logistics Agency,"8511213153!CONTAINER,FREIGHT,G",CONT_AWD_SPE8ED25P0661_9700_-NONE-_-NONE-
0001372612,"BOX, INC.","SEA BOX, INC.",False,SPE8ED25P0728,2025-03-11,2025-07-09,14644.0,Department of Defense,Defense Logistics Agency,"8511233909!CONTAINER,FREIGHT,G",CONT_AWD_SPE8ED25P0728_9700_-NONE-_-NONE-
0001372612,"BOX, INC.",135 FOODS INC,False,W9124226FA035,2026-03-13,2026-03-19,14600.0,Department of Defense,Department of the Army,"CONTRACTOR SHALL DELIVER CATERED MEALS TO MORGANTON, NC FROM 13-19 MARCH 2026 IAW THE ATTACHED PWS AND VENDOR QUOTE.",CONT_AWD_W9124226FA035_9700_W9124221A0004_9700
0001372612,"BOX, INC.","TREEN BOX & PALLET, INC",False,SPE8EF22F0096,2022-05-18,2022-05-25,14502.4,Department of Defense,Defense Logistics Agency,"8509108748!PALLET,MATERIAL HAN",CONT_AWD_SPE8EF22F0096_9700_SPE8EF17D0003_9700
0001372612,"BOX, INC.","TREEN BOX & PALLET, INC",False,SPE8EF22F0080,2022-03-28,2022-04-04,14502.4,Department of Defense,Defense Logistics Agency,"8508982419!PALLET,MATERIAL HAN",CONT_AWD_SPE8EF22F0080_9700_SPE8EF17D0003_9700
0001372612,"BOX, INC.","SEA BOX, INC.",False,SPE8ED22P0463,2022-02-14,2022-06-14,14444.0,Department of Defense,Defense Logistics Agency,"8508871050!CONTAINER,FREIGHT,G",CONT_AWD_SPE8ED22P0463_9700_-NONE-_-NONE-
0001372612,"BOX, INC.","TREEN BOX & PALLET, INC",False,SPE8EF22F0068,2022-03-01,2022-03-16,14382.0,Department of Defense,Defense Logistics Agency,"8508910577!PALLET,MATERIAL HAN",CONT_AWD_SPE8EF22F0068_9700_SPE8EF17D0003_9700
0001372612,"BOX, INC.","TREEN BOX & PALLET, INC",False,SPE8EF22F0061,2022-02-10,2022-02-24,14382.0,Department of Defense,Defense Logistics Agency,"8508866753!PALLET,MATERIAL HAN",CONT_AWD_SPE8EF22F0061_9700_SPE8EF17D0003_9700
0001372612,"BOX, INC.","TREEN BOX & PALLET, INC",False,SPE8EF22F0037,2021-12-09,2021-12-22,14382.0,Department of Defense,Defense Logistics Agency,"8508739861!PALLET,MATERIAL HAN",CONT_AWD_SPE8EF22F0037_9700_SPE8EF17D0003_9700
0001372612,"BOX, INC.","TREEN BOX & PALLET, INC",False,SPE8EF22F0020,2021-11-15,2021-12-15,14382.0,Department of Defense,Defense Logistics Agency,"8508680730!PALLET,MATERIAL HAN",CONT_AWD_SPE8EF22F0020_9700_SPE8EF17D0003_9700
0001372612,"BOX, INC.",135 FOODS INC,False,W9124222F0030,2022-08-12,2022-08-27,14368.0,Department of Defense,Department of the Army,AUG AT CONTRACT MEALS HICKORY,CONT_AWD_W9124222F0030_9700_W9124221A0004_9700
0001372612,"BOX, INC.","TREEN BOX & PALLET, INC",False,SPE8EF22F0062,2022-02-10,2022-03-03,14354.34,Department of Defense,Defense Logistics Agency,"8508866755!PALLET,MATERIAL HAN",CONT_AWD_SPE8EF22F0062_9700_SPE8EF17D0003_9700
0001372612,"BOX, INC.","TREEN BOX & PALLET, INC",False,SPE8EF23F0074,2023-07-05,2023-07-12,14305.2,Department of Defense,Defense Logistics Agency,"8509992454!PALLET,MATERIAL HAN",CONT_AWD_SPE8EF23F0074_9700_SPE8EF23D0005_9700
0001372612,"BOX, INC.","TREEN BOX & PALLET, INC",False,SPE8EF24F0044,2024-02-13,2024-02-20,14278.4,Department of Defense,Defense Logistics Agency,"8510440808!PALLET,MATERIAL HAN",CONT_AWD_SPE8EF24F0044_9700_SPE8EF23D0005_9700
0001372612,"BOX, INC.","SEA BOX, INC.",False,SPE8ED22P0946,2022-08-24,2023-03-22,14220.0,Department of Defense,Defense Logistics Agency,"8509337625!CONTAINER,FREIGHT,G",CONT_AWD_SPE8ED22P0946_9700_-NONE-_-NONE-
0001372612,"BOX, INC.","SEA BOX, INC.",False,W50S8324FA003,2024-09-26,2025-01-31,14183.09,Department of Defense,Department of the Army,CONEX BOX,CONT_AWD_W50S8324FA003_9700_GS07F253AA_4732
0001372612,"BOX, INC.","SEA BOX, INC.",False,SPE8ED22P0499,2022-02-28,2022-06-28,14130.0,Department of Defense,Defense Logistics Agency,"8508906582!CONTAINER,FREIGHT,G",CONT_AWD_SPE8ED22P0499_9700_-NONE-_-NONE-
0001372612,"BOX, INC.","BLACK BOX SAFETY, INC",False,FA487725FG054,2024-10-01,2025-09-30,14112.71,Department of Defense,Department of the Air Force,BAGS AND SACKS,CONT_AWD_FA487725FG054_9700_47QSWA23D000Y_4732
0001372612,"BOX, INC.","SEA BOX, INC.",False,SPE8ED26P0581,2026-03-05,2026-06-03,13995.0,Department of Defense,Defense Logistics Agency,"8511958824!CONTAINER,FREIGHT,G",CONT_AWD_SPE8ED26P0581_9700_-NONE-_-NONE-
0001372612,"BOX, INC.",ISOBOX INC,False,33330523P00488907,2023-05-05,2023-05-31,13933.0,Smithsonian Institution,Smithsonian Institution,TOWABLE SECURITY GATE - GAMBOA,CONT_AWD_33330523P00488907_3300_-NONE-_-NONE-
0001372612,"BOX, INC.","TREEN BOX & PALLET, INC",False,SPE8EF24F0097,2024-07-18,2024-07-25,13894.4,Department of Defense,Defense Logistics Agency,"8510764054!PALLET,MATERIAL HAN",CONT_AWD_SPE8EF24F0097_9700_SPE8EF23D0005_9700
0001372612,"BOX, INC.","TREEN BOX & PALLET, INC",False,SPE8EF22F0134,2022-08-08,2022-08-15,13870.92,Department of Defense,Defense Logistics Agency,"8509295296!PALLET,MATERIAL HAN",CONT_AWD_SPE8EF22F0134_9700_SPE8EF17D0003_9700
0001372612,"BOX, INC.",135 FOODS INC,False,W9124226FA032,2026-03-02,2026-03-16,13860.0,Department of Defense,Department of the Army,"CONTRACTOR SHALL DELIVER CATERED MEALS FROM 2-16 MAR 2026 TO LENOIR, NC IAW THE ATTACHED PWS.",CONT_AWD_W9124226FA032_9700_W9124221A0004_9700
0001372612,"BOX, INC.","SEA BOX, INC.",False,W912HZ22PV178,2022-09-13,2022-09-13,13856.4,Department of Defense,Department of the Army,BICON DRY FREIGHT CONTAINER WITH DOUBLE CARGO DOORS  FOR GSL.  U438220,CONT_AWD_W912HZ22PV178_9700_-NONE-_-NONE-
0001372612,"BOX, INC.",ISOBOX INC,False,19PM0724P0661,2024-06-24,2024-07-22,13830.48,Department of State,Department of State,CONSTRUCTION MATERIAL,CONT_AWD_19PM0724P0661_1900_-NONE-_-NONE-
0001372612,"BOX, INC.","BOSTON BOX LUNCH & CATERING, LLC",False,W912SV23F0054,2023-06-10,2023-06-24,13828.48,Department of Defense,Department of the Army,"JUNE IDT APPLE SPICE. 1088 MEALS. ARMY BAND, JFHQ, MEDCOM.",CONT_AWD_W912SV23F0054_9700_W912SV22A0004_9700
0001372612,"BOX, INC.","SEA BOX, INC.",False,47QSEA22F9MZX,2022-09-13,2023-01-26,13782.28,General Services Administration,Federal Acquisition Service,"SEA BOX PN: SB822.0.CT47D TRICON TYPE 2 WITH 4 CABINETS/7 DRAWERS CONTAINER, TRICON STEEL DRY FREIGHT (TAN) WITH 4 CABINETS AND 7 DRAWERS",CONT_AWD_47QSEA22F9MZX_4732_GS02F0024P_4730
0001372612,"BOX, INC.",135 FOODS INC,False,W9124224F0057,2024-06-03,2024-06-16,13720.0,Department of Defense,Department of the Army,1454TH HS AT CATERING MEALS 3-16 JUNE,CONT_AWD_W9124224F0057_9700_W9124221A0004_9700
0001372612,"BOX, INC.","DRY BOX, INC.",False,70Z03326PSEAT0002,2025-11-24,2025-12-15,13650.0,Department of Homeland Security,U.S. Coast Guard,CONNEX BOXES TRANSFER AIRFAC NEWPORT,CONT_AWD_70Z03326PSEAT0002_7008_-NONE-_-NONE-
0001372612,"BOX, INC.","TREEN BOX & PALLET, INC",False,SPE8EF25F0051,2025-01-13,2025-01-31,13548.8,Department of Defense,Defense Logistics Agency,"8511118513!PALLET,MATERIAL HAN",CONT_AWD_SPE8EF25F0051_9700_SPE8EF23D0005_9700
0001372612,"BOX, INC.","TREEN BOX & PALLET, INC",False,SPE8EF25F0008,2024-10-15,2024-10-22,13548.8,Department of Defense,Defense Logistics Agency,"8510955354!PALLET,MATERIAL HAN",CONT_AWD_SPE8EF25F0008_9700_SPE8EF23D0005_9700
0001372612,"BOX, INC.","TREEN BOX & PALLET, INC",False,SPE8EF26F0006,2025-10-15,2025-10-29,13497.6,Department of Defense,Defense Logistics Agency,"8511701374!PALLET,MATERIAL HAN",CONT_AWD_SPE8EF26F0006_9700_SPE8EF25D0007_9700
0001372612,"BOX, INC.","SEA BOX, INC.",False,SPE8ED22P0590,2022-04-14,2022-08-12,13489.0,Department of Defense,Defense Logistics Agency,"8508977638!CONTAINER,FREIGHT,G",CONT_AWD_SPE8ED22P0590_9700_-NONE-_-NONE-
0001372612,"BOX, INC.","TREEN BOX & PALLET, INC",False,SPE8EF26F0042,2026-02-24,2026-06-02,13484.8,Department of Defense,Defense Logistics Agency,"8511940378!PALLET,MATERIAL HAN",CONT_AWD_SPE8EF26F0042_9700_SPE8EF25D0007_9700
0001372612,"BOX, INC.","TREEN BOX & PALLET, INC",False,SPE8EF26F0041,2026-02-24,2026-03-12,13484.8,Department of Defense,Defense Logistics Agency,"8511940375!PALLET,MATERIAL HAN",CONT_AWD_SPE8EF26F0041_9700_SPE8EF25D0007_9700
0001372612,"BOX, INC.","SEA BOX, INC.",False,SPMYM223P0286,2022-11-23,2023-01-09,13475.0,Department of Defense,Defense Logistics Agency,STORAGE CONTAINER,CONT_AWD_SPMYM223P0286_9700_-NONE-_-NONE-
0001372612,"BOX, INC.","SEA BOX, INC.",False,N5005425P0236,2025-01-23,2025-03-01,13455.0,Department of Defense,Department of the Navy,USS IWO JIMA (LHD-7) 20X86 REFRIGERATED CONTAINER RENTAL,CONT_AWD_N5005425P0236_9700_-NONE-_-NONE-
0001372612,"BOX, INC.","SEA BOX, INC.",False,SPE8ED24P0689,2024-07-05,2024-11-04,13434.0,Department of Defense,Defense Logistics Agency,"8510616345!CONTAINER,FREIGHT,G",CONT_AWD_SPE8ED24P0689_9700_-NONE-_-NONE-
0001372612,"BOX, INC.","AMERICAN DEBRIS BOX SERVICE, INC.",False,140P8625P0026,2025-05-08,2025-10-31,13396.5,Department of the Interior,National Park Service,SUMMER PORTABLES FOR GOLDEN GATE NATIONAL RECREATION AREA,CONT_AWD_140P8625P0026_1443_-NONE-_-NONE-
0001372612,"BOX, INC.",OUT OF THE BOX MANUFACTURING LLC,False,HQ072726FE039,2026-03-05,2026-04-30,13331.2,Department of Defense,Defense Microelectronics Activity,"PCB FABRICATION AND ASSEMBLY OF MICROELECTRONIC COMPONENTS TO PROVIDE FLEXIBLE, FULL-SPECTRUM MICROELECTRONICS SOLUTIONS TO MEET DEPARTMENT OF DEFENSE NEEDS.",CONT_AWD_HQ072726FE039_9700_HQ072726AE005_9700
0001372612,"BOX, INC.","BLACK BOX SAFETY, INC",False,W901UZ23F0043,2023-06-30,2023-08-04,13322.0,Department of Defense,Department of the Army,"WILDLAND FIRE DUTY UNIFORM, PROPPER SHIRTS AND PANTS",CONT_AWD_W901UZ23F0043_9700_47QSWA23D000Y_4732
0001372612,"BOX, INC.","BOSTON BOX LUNCH & CATERING, LLC",False,6913G624P800025,2024-04-04,2024-04-10,13313.76,Department of Transportation,Immediate Office of the Secretary of Transportation,CATERING SERVICES FOR THE VOLPE CENTER'S 53RD ANNUAL AWARD CEREMONY RECEPTION,CONT_AWD_6913G624P800025_6901_-NONE-_-NONE-
0001372612,"BOX, INC.",ISOBOX INC,False,19PM0723P0847,2023-07-31,2023-08-02,13218.93,Department of State,Department of State,ROOF AND FENCE MATERIAL (SITE 2),CONT_AWD_19PM0723P0847_1900_-NONE-_-NONE-
0001372612,"BOX, INC.","CIC POWERBOX, LLC",False,FA251723P0061,2023-08-14,2023-09-29,13197.99,Department of Defense,Department of the Air Force,THE LOGISTICS READINESS SQUADRON (LRS) HAS A REQUIREMENT FOR A 12V AND 24V VEHICLE MAINTENANCE JUMP PACK UNIT WITH NORTH ATLANTIC TREATY ORGANIZATION (NATO) CAPABILITIES AND BUILT IN AIR COMPRESSOR.,CONT_AWD_FA251723P0061_9700_-NONE-_-NONE-
0001372612,"BOX, INC.",ROYAL PAPER BOX CO. OF CALIFORNIA,False,2031JG24F00368,2024-08-02,2025-07-28,13000.0,Department of the Treasury,United States Mint,2025 SLEEVE USMC-DEN,CONT_AWD_2031JG24F00368_2044_2031JG21D00026_2044
0001372612,"BOX, INC.",ISOBOX INC,False,19PM0724P0283,2024-02-29,2024-03-22,12998.86,Department of State,Department of State,CONSTRUCTION MATERIALS MISC,CONT_AWD_19PM0724P0283_1900_-NONE-_-NONE-
0001372612,"BOX, INC.","TREEN BOX & PALLET, INC",False,SPE8EF25V0657,2025-08-18,2025-10-06,12974.13,Department of Defense,Defense Logistics Agency,"8511580927!PALLET,MATERIAL HAN",CONT_AWD_SPE8EF25V0657_9700_-NONE-_-NONE-
0001372612,"BOX, INC.","SEA BOX, INC.",False,SPE8ED24P0554,2024-03-28,2024-05-28,12964.0,Department of Defense,Defense Logistics Agency,"8510535031!CONTAINER,FREIGHT,G",CONT_AWD_SPE8ED24P0554_9700_-NONE-_-NONE-
0001372612,"BOX, INC.","COLD BOX EXPRESS, INC.",False,70CMSD26P00000022,2026-03-01,2026-03-31,12935.0,Department of Homeland Security,U.S. Immigration and Customs Enforcement,THIS AWARD PROVIDES ICE HOMELAND SECURITY INVESTIGATIONS OFFICE OF INTELLIGENCE WITH THE LEASE OF CLIMATE CONTROLLED CONTAINERS IN SUPPORT OF ONGOING LAW ENFORCEMENT OPERATIONS.,CONT_AWD_70CMSD26P00000022_7012_-NONE-_-NONE-
0001372612,"BOX, INC.","T-BOX TACTICAL, LLC",False,2031JG23P00045,2023-04-26,2027-03-31,12897.0,Department of the Treasury,United States Mint,USBD FORT KNOX MAINTENANCE UNIFORMS,CONT_AWD_2031JG23P00045_2044_-NONE-_-NONE-
0001372612,"BOX, INC.","SEA BOX, INC.",False,47QSWA25F06Z3,2024-11-05,2024-12-05,12886.95,General Services Administration,Federal Acquisition Service,"PN: SB861.6 Q 20' X 8'6"" ISO CONTAINER, TYPE 1",CONT_AWD_47QSWA25F06Z3_4732_GS07F253AA_4732
0001372612,"BOX, INC.",BOXOUT LLC,False,75H71021F80795,2021-07-07,2021-09-30,12810.27,Department of Health and Human Services,Indian Health Service,PHYSICAL THERAPY SUPPLIES,CONT_AWD_75H71021F80795_7527_V797D50449_3600
0001372612,"BOX, INC.","SEA BOX, INC.",False,SPE8ED26P0544,2026-02-25,2026-05-26,12773.0,Department of Defense,Defense Logistics Agency,"8511942366!BICON,FREIGHT,GENER",CONT_AWD_SPE8ED26P0544_9700_-NONE-_-NONE-
0001372612,"BOX, INC.",ISOBOX INC,False,19PM0723P0769,2023-07-05,2023-07-29,12733.36,Department of State,Department of State,ROOF AND FENCE MATERIAL (SITE 1),CONT_AWD_19PM0723P0769_1900_-NONE-_-NONE-
0001372612,"BOX, INC.","BLACK BOX SAFETY, INC",False,15DDSF25F00000075,2025-09-05,2025-12-31,12712.56,Department of Justice,Drug Enforcement Administration,TITLE: BBS INC/ OD GREEN SHIRT/ SFFD REQUESTOR: JAMES P NUTTALL REF AWARD/BPA: 47QSWA23D000Y DELIVERY DATE: 12/31/2025,CONT_AWD_15DDSF25F00000075_1524_47QSWA23D000Y_4732
0001372612,"BOX, INC.","TREEN BOX & PALLET, INC",False,SPE8EF24F0098,2024-07-18,2024-07-29,12650.82,Department of Defense,Defense Logistics Agency,"8510764055!PALLET,MATERIAL HAN",CONT_AWD_SPE8EF24F0098_9700_SPE8EF23D0005_9700
0001372612,"BOX, INC.","SEA BOX, INC.",False,SPE8ED25P0112,2024-10-18,2024-11-18,12642.0,Department of Defense,Defense Logistics Agency,"8510963525!CONTAINER,FREIGHT,G",CONT_AWD_SPE8ED25P0112_9700_-NONE-_-NONE-
0001372612,"BOX, INC.",CLEANBOX TECHNOLOGY INC,False,36C24622P1640,2022-08-30,2022-11-30,12600.0,Department of Veterans Affairs,Department of Veterans Affairs,CLEANBOX,CONT_AWD_36C24622P1640_3600_-NONE-_-NONE-
0001372612,"BOX, INC.","SEA BOX, INC.",False,SPE8ED25P1003,2025-04-28,2025-07-28,12540.0,Department of Defense,Defense Logistics Agency,"8511345724!CONTAINER,FREIGHT,G",CONT_AWD_SPE8ED25P1003_9700_-NONE-_-NONE-
0001372612,"BOX, INC.","BLACK BOX SAFETY, INC",False,15M10226PA4700428,2026-09-30,2027-09-29,12500.0,Department of Justice,U.S. Marshals Service,EO 14398 MISSION CRITICAL: APPREHENDING FUGITIVES FY26 IOD-CARFTF KBT BREACHING TOOL - 000473,CONT_AWD_15M10226PA4700428_1544_-NONE-_-NONE-
0001372612,"BOX, INC.","TREEN BOX & PALLET, INC",False,SPE8EF23F0048,2023-04-24,2023-05-01,12424.44,Department of Defense,Defense Logistics Agency,"8509850189!PALLET,MATERIAL HAN",CONT_AWD_SPE8EF23F0048_9700_SPE8EF23D0005_9700
0001372612,"BOX, INC.","SEA BOX, INC.",False,SPE8ED22P0528,2022-03-07,2022-07-05,12339.0,Department of Defense,Defense Logistics Agency,"8508920715!CONTAINER,FREIGHT,G",CONT_AWD_SPE8ED22P0528_9700_-NONE-_-NONE-
0001372612,"BOX, INC.","SEA BOX, INC.",False,15B40724P00000113,2024-08-13,2024-08-13,12318.87,Department of Justice,Federal Prison System / Bureau of Prisons,FY24 J2 EXTERNAL STORAGE SHIP CONTAIN AZ 45467,CONT_AWD_15B40724P00000113_1540_-NONE-_-NONE-
0001372612,"BOX, INC.","SEA BOX, INC.",False,N4446623F0009,2023-03-20,2023-04-24,12313.0,Department of Defense,Department of the Navy,STEEL DRY CONTAINER,CONT_AWD_N4446623F0009_9700_GS02F0024P_4730
0001372612,"BOX, INC.","SEA BOX, INC.",False,SPE8ED25P0334,2024-12-04,2025-04-03,12304.0,Department of Defense,Defense Logistics Agency,"8511047962!QUADCON,FREIGHT SPE",CONT_AWD_SPE8ED25P0334_9700_-NONE-_-NONE-
0001372612,"BOX, INC.","BAND BOX CLEANERS AND LAUNDRY, INC",False,W911SA23F3025,2023-04-01,2024-03-31,12287.5,Department of Defense,Department of the Army,LAUNDRY SERVICES,CONT_AWD_W911SA23F3025_9700_W911SA19D3000_9700
0001372612,"BOX, INC.","SEA BOX, INC.",False,SPE8ED25P0785,2025-04-07,2025-07-06,12273.0,Department of Defense,Defense Logistics Agency,"8511252567!CONTAINER,FREIGHT,G",CONT_AWD_SPE8ED25P0785_9700_-NONE-_-NONE-
0001372612,"BOX, INC.","SEA BOX, INC.",False,W912HZ24F0060,2024-01-03,2024-01-31,12227.0,Department of Defense,Department of the Army,SEABOX - QUADCON CONTAINER U438250,CONT_AWD_W912HZ24F0060_9700_W912HZ23A0061_9700
0001372612,"BOX, INC.","TREEN BOX & PALLET, INC",False,SPE8EF26V0114,2025-12-22,2026-01-12,12195.3,Department of Defense,Defense Logistics Agency,"8511831422!PALLET,MATERIAL HAN",CONT_AWD_SPE8EF26V0114_9700_-NONE-_-NONE-
0001372612,"BOX, INC.",ROYAL PAPER BOX CO. OF CALIFORNIA,False,2031JG22F00365,2022-09-15,2023-09-13,12150.0,Department of the Treasury,United States Mint,2023 CARTON PROOF SET,CONT_AWD_2031JG22F00365_2044_2031JG21D00026_2044
0001372612,"BOX, INC.","SIGNBOX, LLC",False,140P5225P0060,2025-07-17,2025-12-01,12045.83,Department of the Interior,National Park Service,"G:CPGRE, SIGNAGE RECYCLED-CONTENT LEVELS FOR ALUMINUM 25% VISITOR INFORMATION SIGN HEADQUARTERS, GULF ISLANDS NATIONAL SEASHORE GULF BREEZE, FL",CONT_AWD_140P5225P0060_1443_-NONE-_-NONE-
0001372612,"BOX, INC.","WONDER STATE BOX COMPANY, INC.",False,15UTHA25P00000096,2024-11-13,2024-12-13,11953.12,Department of Justice,Federal Prison Industries / Unicor,BOXES FOR DLA CONTRACTS,CONT_AWD_15UTHA25P00000096_1542_-NONE-_-NONE-
0001372612,"BOX, INC.","BAND BOX CLEANERS AND LAUNDRY, INC",False,W912J222F0002,2021-11-10,2022-11-09,11672.0,Department of Defense,Department of the Army,CIF TURN IN ITEMS LAUNDRY SERVICE,CONT_AWD_W912J222F0002_9700_W912J220D0002_9700
0001372612,"BOX, INC.","SMARTBOX ASSISTIVE TECHNOLOGY, INC",False,36C26025P0729,2024-12-17,2025-12-16,11575.0,Department of Veterans Affairs,Department of Veterans Affairs,EYEGAZE UNIT,CONT_AWD_36C26025P0729_3600_-NONE-_-NONE-
0001372612,"BOX, INC.","SEA BOX, INC.",False,SPE8ED25P0975,2025-04-23,2025-07-22,11506.0,Department of Defense,Defense Logistics Agency,"8511335349!CONTAINER,FREIGHT,U",CONT_AWD_SPE8ED25P0975_9700_-NONE-_-NONE-
0001372612,"BOX, INC.",135 FOODS INC,False,W9124225PA047,2025-07-18,2025-08-01,11486.56,Department of Defense,Department of the Army,"CATERED MEALS, LEXINGTON NC, ARMORY - 18 JULY-1 AUG 2025",CONT_AWD_W9124225PA047_9700_-NONE-_-NONE-
0001372612,"BOX, INC.","TREEN BOX & PALLET, INC",False,SPE8EF26F0055,2026-03-16,2026-04-16,11382.0,Department of Defense,Defense Logistics Agency,"8511979488!PALLET,MATERIAL HAN",CONT_AWD_SPE8EF26F0055_9700_SPE8EF25D0007_9700
0001372612,"BOX, INC.","SEA BOX, INC.",False,SPE8ED25P0752,2025-03-12,2025-06-10,11352.0,Department of Defense,Defense Logistics Agency,"8511243342!CONTAINER,FREIGHT,G",CONT_AWD_SPE8ED25P0752_9700_-NONE-_-NONE-
0001372612,"BOX, INC.","SEA BOX, INC.",False,SPE8ED25P1660,2025-09-12,2025-11-12,11286.0,Department of Defense,Defense Logistics Agency,8511638486!CONTAINERS IST - PHILADELPHIA,CONT_AWD_SPE8ED25P1660_9700_-NONE-_-NONE-
0001372612,"BOX, INC.","SEA BOX, INC.",False,W912HZ22PV146,2022-09-30,2022-09-30,11228.86,Department of Defense,Department of the Army,"CONTAINER, 20FT X 8FT-6IN W/2 ROLL DOORS FOR CRREL.  U437H00",CONT_AWD_W912HZ22PV146_9700_-NONE-_-NONE-
0001372612,"BOX, INC.",135 FOODS INC,False,W9124225FA035,2025-03-03,2025-03-30,11063.5,Department of Defense,Department of the Army,AT MEALS 878 3-30 MARCH,CONT_AWD_W9124225FA035_9700_W9124221A0004_9700
0001372612,"BOX, INC.",135 FOODS INC,False,W9124226FA075,2026-07-06,2026-07-20,11044.95,Department of Defense,Department of the Army,CATERED MEALS 6-20 JULY NEW BERN NC,CONT_AWD_W9124226FA075_9700_W9124226AA003_9700
0001372612,"BOX, INC.","BAND BOX CLEANERS AND LAUNDRY, INC",False,W50S9H25FA035,2025-09-26,2025-11-14,11000.0,Department of Defense,Department of the Army,VOLK FIELD LAUNDRY SERVICES,CONT_AWD_W50S9H25FA035_9700_W50S9H23A0001_9700
0001372612,"BOX, INC.","WONDER STATE BOX COMPANY, INC.",False,15UP0L22P00000913,2022-09-22,2022-11-01,10940.6,Department of Justice,Federal Prison Industries / Unicor,RAW MATERIALS - PACKAGING,CONT_AWD_15UP0L22P00000913_1542_-NONE-_-NONE-
0001372612,"BOX, INC.","SEA BOX, INC.",False,SPE8ED22P0685,2022-05-11,2022-09-08,10886.0,Department of Defense,Defense Logistics Agency,"8509076385!BICON,FREIGHT,GENER",CONT_AWD_SPE8ED22P0685_9700_-NONE-_-NONE-
0001372612,"BOX, INC.","SEA BOX, INC.",False,SPE8ED25P1142,2025-05-22,2025-09-19,10883.0,Department of Defense,Defense Logistics Agency,"8511398506!CONTAINER,FREIGHT,G",CONT_AWD_SPE8ED25P1142_9700_-NONE-_-NONE-
0001372612,"BOX, INC.","SEA BOX, INC.",False,SPE8ED24P0397,2024-01-26,2024-05-28,10870.0,Department of Defense,Defense Logistics Agency,"8510401671!CONTAINER,FREIGHT,G",CONT_AWD_SPE8ED24P0397_9700_-NONE-_-NONE-
0001372612,"BOX, INC.",BOXOUT LLC,False,36C24920P0502,2020-05-06,2020-07-04,10854.03,Department of Veterans Affairs,Department of Veterans Affairs,EMERGENCY ORDER FOR PHYSICAL THERAPY EQUIPMENT,CONT_AWD_36C24920P0502_3600_-NONE-_-NONE-
0001372612,"BOX, INC.",135 FOODS INC,False,W9124223F0002,2022-10-13,2022-10-16,10848.0,Department of Defense,Department of the Army,T10 MOB CATERED MEALS FOR 1451ST TC.,CONT_AWD_W9124223F0002_9700_W9124221A0004_9700
0001372612,"BOX, INC.","SEA BOX, INC.",False,SPE8ED25P0407,2024-12-31,2025-04-30,10754.0,Department of Defense,Defense Logistics Agency,"8511097116!CONTAINER,FREIGHT,U",CONT_AWD_SPE8ED25P0407_9700_-NONE-_-NONE-
0001372612,"BOX, INC.",SQBOX SOLUTIONS LTD.,False,W911SD23P0002,2022-10-20,2025-10-31,10731.0,Department of Defense,Department of the Army,INTRANET CONNECTION ANNUAL MAINTENANCE LICENSES,CONT_AWD_W911SD23P0002_9700_-NONE-_-NONE-
0001372612,"BOX, INC.","BOXX TECHNOLOGIES, LLC",False,15DDST22P00000067,2022-06-08,2022-07-15,10575.2,Department of Justice,Drug Enforcement Administration,COMPUTER EQUIPMENT,CONT_AWD_15DDST22P00000067_1524_-NONE-_-NONE-
0001372612,"BOX, INC.","TREEN BOX & PALLET, INC",False,SPE8EF24F0042,2024-02-13,2024-02-20,10572.24,Department of Defense,Defense Logistics Agency,"8510440801!PALLET,MATERIAL HAN",CONT_AWD_SPE8EF24F0042_9700_SPE8EF23D0005_9700
0001372612,"BOX, INC.","J BOX, LLC",False,1333MK23PNMAN0070,2022-12-22,2023-03-09,10550.15,Department of Commerce,National Oceanic and Atmospheric Administration,ONE NAVIGATION LIGHT CONTROL PANEL FOR NOAA SHIP OKEANOS EXPLORER.,CONT_AWD_1333MK23PNMAN0070_1330_-NONE-_-NONE-
0001372612,"BOX, INC.","SEA BOX, INC.",False,SPE8ED25P0578,2025-02-12,2025-05-13,10480.0,Department of Defense,Defense Logistics Agency,"8511180732!CONTAINER,FREIGHT,G",CONT_AWD_SPE8ED25P0578_9700_-NONE-_-NONE-
0001372612,"BOX, INC.","SEA BOX, INC.",False,SPE8ED25P1720,2025-09-25,2025-12-24,10479.0,Department of Defense,Defense Logistics Agency,"8511666893!CONTAINER,FREIGHT,G",CONT_AWD_SPE8ED25P1720_9700_-NONE-_-NONE-
0001372612,"BOX, INC.",BRAINBOX LTD,False,75N95024P00541,2024-08-31,2024-09-30,10455.0,Department of Health and Human Services,National Institutes of Health,DRS. ROSS AND KAHNT REQUIRES K-PLAN SOFTWARE IN ORDER TO USE WITH TRANSDUCER IN ORDER MODULATE NEURAL ACTIVITY IN DEEPER AREAS OF THE HUMAN BRAIN.,CONT_AWD_75N95024P00541_7529_-NONE-_-NONE-
0001372612,"BOX, INC.","SEA BOX, INC.",False,SPE8ED22P0665,2022-05-03,2022-08-31,10430.0,Department of Defense,Defense Logistics Agency,"8509055699!CONTAINER,FREIGHT,G",CONT_AWD_SPE8ED22P0665_9700_-NONE-_-NONE-
0001372612,"BOX, INC.",ROYAL PAPER BOX CO. OF CALIFORNIA,False,2031JG23F00097,2022-11-15,2023-09-14,10289.14,Department of the Treasury,United States Mint,2023 TEST CARTONS,CONT_AWD_2031JG23F00097_2044_2031JG21D00026_2044
0001372612,"BOX, INC.","SEA BOX, INC.",False,SPE8ED25P1340,2025-07-08,2025-09-08,10271.0,Department of Defense,Defense Logistics Agency,"8511489004!CONTAINER,FREIGHT,G",CONT_AWD_SPE8ED25P1340_9700_-NONE-_-NONE-
0001372612,"BOX, INC.","WONDER STATE BOX COMPANY, INC.",False,15UTHA23P00000232,2023-02-27,2023-02-27,10266.84,Department of Justice,Federal Prison Industries / Unicor,BOXES FOR MILITARY SHIRTS,CONT_AWD_15UTHA23P00000232_1542_-NONE-_-NONE-
0001372612,"BOX, INC.","SEA BOX, INC.",False,SPE8ED23P0174,2022-11-14,2023-03-14,10145.0,Department of Defense,Defense Logistics Agency,"8509522918!CONTAINER,FREIGHT,G",CONT_AWD_SPE8ED23P0174_9700_-NONE-_-NONE-
0001372612,"BOX, INC.","SEA BOX, INC.",False,SPE8ED25P1470,2025-08-11,2025-11-10,10040.0,Department of Defense,Defense Logistics Agency,"8511562639!CONTAINER,FREIGHT,G",CONT_AWD_SPE8ED25P1470_9700_-NONE-_-NONE-
0001372612,"BOX, INC.",ROYAL PAPER BOX CO. OF CALIFORNIA,False,2031JG25F00185,2025-05-20,2026-05-13,10034.4,Department of the Treasury,United States Mint,TEST SLEEVES- AMERICAN EAGLE AND MORGAN,CONT_AWD_2031JG25F00185_2044_2031JG21D00026_2044
0001372612,"BOX, INC.","BAND BOX CLEANERS AND LAUNDRY, INC",False,W912J226FA002,2025-12-11,2026-12-10,10000.0,Department of Defense,Department of the Army,"THE CONTRACTOR SHALL PROVIDE ALL PLANT FACILITIES, LABOR, EQUIPMENT, TOOLS, MATERIALS, SUPERVISION AND ANY OTHER ITEMS AND SERVICES NECESSARY TO PERFORM LAUNDRY SERVICES FOR WIARNG CIF AND WMA.",CONT_AWD_W912J226FA002_9700_W912J225DA001_9700
0001372612,"BOX, INC.","BAND BOX CLEANERS AND LAUNDRY, INC",False,W912J224F0002,2023-11-18,2024-11-17,10000.0,Department of Defense,Department of the Army,CIF TURN IN ITEMS LAUNDRY SERVICE FOR 12 MONTHS,CONT_AWD_W912J224F0002_9700_W912J223D0001_9700
0001372612,"BOX, INC.","BAND BOX CLEANERS AND LAUNDRY, INC",False,W912J223F0002,2022-11-18,2023-11-17,10000.0,Department of Defense,Department of the Army,CIF TURN IN ITEMS LAUNDRY SERVICE,CONT_AWD_W912J223F0002_9700_W912J223D0001_9700
0001372612,"BOX, INC.","BAND BOX CLEANERS AND LAUNDRY, INC",False,W912J225FA002,2024-12-13,2025-12-12,9999.96,Department of Defense,Department of the Army,"THE CONTRACTOR SHALL PROVIDE ALL PLANT FACILITIES, LABOR, EQUIPMENT, TOOLS, MATERIALS, SUPERVISION AND ANY OTHER ITEMS AND SERVICES NECESSARY TO PERFORM LAUNDRY SERVICES FOR WIARNG CIF AND WMA.",CONT_AWD_W912J225FA002_9700_W912J225DA001_9700
0001372612,"BOX, INC.","SEA BOX, INC.",False,SPE8ED22P0462,2022-02-14,2022-06-14,9969.0,Department of Defense,Defense Logistics Agency,"8508868718!BICON,FREIGHT,GENER",CONT_AWD_SPE8ED22P0462_9700_-NONE-_-NONE-
0001372612,"BOX, INC.","SOFTWARE TOOLBOX, LLC",False,N6449826P2024,2026-01-14,2026-09-11,9890.0,Department of Defense,Department of the Navy,CTF CONTROLS TEAM REQUIRES TOP SERVER OPC BACNET SOFTWARE PACKAGE LICENSE FOR THE OPTIFLEX BACNET BUILDING CONTROLLER. ALL INSTALLED CTF CONTROL SYSTEM PLCS CURRENTLY USE TOP SERVER OPC SOFTWARE.,CONT_AWD_N6449826P2024_9700_-NONE-_-NONE-
0001372612,"BOX, INC.","SEA BOX, INC.",False,SPE8ED24P0519,2024-08-20,2024-12-18,9888.0,Department of Defense,Defense Logistics Agency,"8510512497!CONTAINER,FREIGHT,G",CONT_AWD_SPE8ED24P0519_9700_-NONE-_-NONE-
0001372612,"BOX, INC.","SEA BOX, INC.",False,SPE8ED25P0742,2025-03-11,2025-06-09,9845.0,Department of Defense,Defense Logistics Agency,"8511240430!CONTAINER,FREIGHT,G",CONT_AWD_SPE8ED25P0742_9700_-NONE-_-NONE-
0001372612,"BOX, INC.","TREEN BOX & PALLET, INC",False,SPE8EF25V0581,2025-06-23,2025-07-11,9787.5,Department of Defense,Defense Logistics Agency,"8511459710!PALLET,MATERIAL HAN",CONT_AWD_SPE8EF25V0581_9700_-NONE-_-NONE-
0001372612,"BOX, INC.","SEA BOX, INC.",False,SPE8ED24P0185,2023-11-08,2024-02-06,9711.0,Department of Defense,Defense Logistics Agency,"8510248927!TRICON,FREIGHT,SPEC",CONT_AWD_SPE8ED24P0185_9700_-NONE-_-NONE-
0001372612,"BOX, INC.",BOXER ADVISORS LLC,False,15BNAS22P00000135,2022-08-05,2022-09-30,9700.0,Department of Justice,Federal Prison System / Bureau of Prisons,EXECUTIVE WRITING AND COMMUNICATION TRAINING,CONT_AWD_15BNAS22P00000135_1540_-NONE-_-NONE-
0001372612,"BOX, INC.","SEA BOX, INC.",False,SPE8ED22P0532,2022-03-07,2022-07-05,9693.0,Department of Defense,Defense Logistics Agency,"8508921948!CONTAINER,FREIGHT,G",CONT_AWD_SPE8ED22P0532_9700_-NONE-_-NONE-
0001372612,"BOX, INC.","SEA BOX, INC.",False,SPE8ED25P0115,2024-10-21,2025-02-18,9675.0,Department of Defense,Defense Logistics Agency,"8510965583!CONTAINER,FREIGHT,G",CONT_AWD_SPE8ED25P0115_9700_-NONE-_-NONE-
0001372612,"BOX, INC.",ROYAL PAPER BOX CO. OF CALIFORNIA,False,2031JG24F00032,2023-10-23,2024-10-02,9607.5,Department of the Treasury,United States Mint,2024 SLEEVE HARRIETT TUBMAN,CONT_AWD_2031JG24F00032_2044_2031JG21D00026_2044
0001372612,"BOX, INC.","SEA BOX, INC.",False,47QSWC24F0010,2023-11-22,2024-07-17,9550.0,General Services Administration,Federal Acquisition Service,BEAR HYGIENE SPARES KITS,CONT_AWD_47QSWC24F0010_4732_GS07F253AA_4732
0001372612,"BOX, INC.","SEA BOX, INC.",False,47QSWC23F0080,2023-06-16,2023-12-13,9550.0,General Services Administration,Federal Acquisition Service,BEAR HYGIENE SPARES KITS,CONT_AWD_47QSWC23F0080_4732_GS07F253AA_4732
0001372612,"BOX, INC.","IBOX GLOBAL, LLC",False,140P5122P0018,2022-03-09,2022-03-31,9528.0,Department of the Interior,National Park Service,"SUPPLIES, GSM UPGRADE KIT FOR NPS, MARTIN LUTHER KING JR. NATIONAL HISTORIC SITE",CONT_AWD_140P5122P0018_1443_-NONE-_-NONE-
0001372612,"BOX, INC.","SEA BOX, INC.",False,47QSWA23F5W9H,2023-08-31,2023-09-30,9503.86,General Services Administration,Federal Acquisition Service,"20 X 8'6"" STEEL DRY FREIGHT STORAGE CONTAINER, TYPE 1 WITH TWO ROLL DOORS AND PARTITION WALL AWARD MADE IAW GSA ADVANTAGE INCORPORATED AND MADE A PART OF THIS AWARD (08/28/2023) EMAIL DIANA GENTRY IF YOU HAVE ANY QUESTIONS DIANA.GENTRY@GSA.GOV PLEASE",CONT_AWD_47QSWA23F5W9H_4732_GS07F253AA_4732
0001372612,"BOX, INC.","J BOX, LLC",False,70Z08524PIBCT0128,2024-06-01,2024-06-01,9490.22,Department of Homeland Security,U.S. Coast Guard,70Z08524PIBCT0128,CONT_AWD_70Z08524PIBCT0128_7008_-NONE-_-NONE-
0001372612,"BOX, INC.","SEA BOX, INC.",False,SPE8ED24P0254,2023-11-27,2023-12-27,9454.0,Department of Defense,Defense Logistics Agency,"8510288766!CONTAINER,FREIGHT,G",CONT_AWD_SPE8ED24P0254_9700_-NONE-_-NONE-
0001372612,"BOX, INC.","DRY BOX, INC.",False,1202SC22P2703,2022-03-07,2022-03-25,9400.0,Department of Agriculture,Forest Service,"30' CARGO/STORAGE CONTAINER WITH ADDITION OF MAN DOOR WITH WINDOW, ROLL-UP DOOR, TAN PAINT JOB, AND DELIVERY TO DESCHUTES NATIONAL FOREST, NW INCIDENT SUPPORT CACHE, REDMOND AIR CENTER.",CONT_AWD_1202SC22P2703_12C2_-NONE-_-NONE-
0001372612,"BOX, INC.","BLACK BOX SAFETY, INC",False,15DD0A25P00000050,2025-09-30,2025-09-30,9311.04,Department of Justice,Drug Enforcement Administration,TITLE: OD GREEN SHIRTS AND PANTS REQUESTOR: BRAD J SULLIVAN DELIVERY DATE: 09/30/2025,CONT_AWD_15DD0A25P00000050_1524_-NONE-_-NONE-
0001372612,"BOX, INC.","SEA BOX, INC.",False,SPE8ED22P0459,2022-02-14,2022-06-14,9199.0,Department of Defense,Defense Logistics Agency,"8508868219!CONTAINER,FREIGHT,G",CONT_AWD_SPE8ED22P0459_9700_-NONE-_-NONE-
0001372612,"BOX, INC.",PITTSBURGH FILE & BOX CO.,False,15DDPH22P00000009,2022-03-01,2022-03-29,9198.0,Department of Justice,Drug Enforcement Administration,BOXES FOR NTBI# 22.,CONT_AWD_15DDPH22P00000009_1524_-NONE-_-NONE-
0001372612,"BOX, INC.",OUTSIDE BOX LLC,False,140P3019F0279,2019-09-17,2020-04-30,9007.53,Department of the Interior,National Park Service,WOLF TRAP PARK REPLACE SINKS AND FAUCETS IN FILENE CENTER,CONT_AWD_140P3019F0279_1443_140P3018C0005_1443
0001372612,"BOX, INC.","BAND BOX CLEANERS AND LAUNDRY, INC",False,W50S9H26FA014,2026-02-02,2026-04-30,9000.0,Department of Defense,Department of the Army,FY26 BANDBOX,CONT_AWD_W50S9H26FA014_9700_W50S9H23A0001_9700
0001372612,"BOX, INC.","BAND BOX CLEANERS AND LAUNDRY, INC",False,W50S9H25F0001,2024-12-04,2025-03-31,9000.0,Department of Defense,Department of the Army,LAUNDRY SERVICES NOV 2024 - MARCH 2025,CONT_AWD_W50S9H25F0001_9700_W50S9H23A0001_9700
0001372612,"BOX, INC.","BLACK BOX SAFETY, INC",False,15DDPX25F00000032,2025-09-15,2025-12-31,8854.82,Department of Justice,Drug Enforcement Administration,RAID SHIRTS AND PANTS,CONT_AWD_15DDPX25F00000032_1524_47QSWA23D000Y_4732
0001372612,"BOX, INC.","SEA BOX, INC.",False,SPE8ED24P0516,2024-03-15,2024-07-15,8835.0,Department of Defense,Defense Logistics Agency,"8510508851!BICON,FREIGHT,GENER",CONT_AWD_SPE8ED24P0516_9700_-NONE-_-NONE-
0001372612,"BOX, INC.","SEA BOX, INC.",False,SPE8ED25P0699,2025-03-03,2025-05-02,8768.0,Department of Defense,Defense Logistics Agency,"8511222791!BICON,FREIGHT,GENER",CONT_AWD_SPE8ED25P0699_9700_-NONE-_-NONE-
0001372612,"BOX, INC.","SEA BOX, INC.",False,SPE8ED25P1498,2025-08-18,2025-10-17,8742.0,Department of Defense,Defense Logistics Agency,"8511573497!CONTAINER,FREIGHT,G",CONT_AWD_SPE8ED25P1498_9700_-NONE-_-NONE-
0001372612,"BOX, INC.","SEA BOX, INC.",False,SPE8ED24P0954,2024-08-28,2024-12-26,8675.0,Department of Defense,Defense Logistics Agency,"8510846488!BICON,FREIGHT,GENER",CONT_AWD_SPE8ED24P0954_9700_-NONE-_-NONE-
0001372612,"BOX, INC.","SEA BOX, INC.",False,SPE8ED24P1075,2024-09-25,2025-01-23,8647.0,Department of Defense,Defense Logistics Agency,"8510917377!CONTAINER,FREIGHT,U",CONT_AWD_SPE8ED24P1075_9700_-NONE-_-NONE-
0001372612,"BOX, INC.","BOSTON BOX LUNCH & CATERING, LLC",False,W912SV26FA008,2025-12-06,2025-12-14,8644.11,Department of Defense,Department of the Army,IDT MEALS: APPLE SPICE- DEC,CONT_AWD_W912SV26FA008_9700_W912SV24AA008_9700
0001372612,"BOX, INC.","SEA BOX, INC.",False,SPE8ED22P0455,2022-02-14,2022-06-14,8498.0,Department of Defense,Defense Logistics Agency,"8508867407!CONTAINER,FREIGHT,G",CONT_AWD_SPE8ED22P0455_9700_-NONE-_-NONE-
0001372612,"BOX, INC.","SEA BOX, INC.",False,SPE8ED22P0600,2022-04-05,2022-08-03,8436.0,Department of Defense,Defense Logistics Agency,"8508989078!QUADCON,FREIGHT SPE",CONT_AWD_SPE8ED22P0600_9700_-NONE-_-NONE-
0001372612,"BOX, INC.","SEA BOX, INC.",False,SPE8ED22P0493,2022-02-28,2022-06-28,8427.0,Department of Defense,Defense Logistics Agency,"8508904569!CONTAINER,FREIGHT,G",CONT_AWD_SPE8ED22P0493_9700_-NONE-_-NONE-
0001372612,"BOX, INC.",ROYAL PAPER BOX CO. OF CALIFORNIA,False,2031JG25F00076,2025-03-11,2026-02-24,8412.5,Department of the Treasury,United States Mint,2025 SLEEVES AMERICAN LIBERTY - HIGH RELIEF GOLD COIN,CONT_AWD_2031JG25F00076_2044_2031JG21D00026_2044
0001372612,"BOX, INC.","SEA BOX, INC.",False,SPE8ED22P0978,2022-09-01,2022-12-30,8257.0,Department of Defense,Defense Logistics Agency,"8509358119!CONTAINER,FREIGHT,G",CONT_AWD_SPE8ED22P0978_9700_-NONE-_-NONE-
0001372612,"BOX, INC.",ROYAL PAPER BOX CO. OF CALIFORNIA,False,2031JG26F00186,2026-08-06,2027-07-29,7908.89,Department of the Treasury,United States Mint,2027 WORKING DOG SLEEVES,CONT_AWD_2031JG26F00186_2044_2031JG21D00026_2044
0001372612,"BOX, INC.","SEA BOX, INC.",False,SPE8ED24P0434,2024-02-02,2024-04-02,7734.0,Department of Defense,Defense Logistics Agency,"8510420397!QUADCON,FREIGHT SPE",CONT_AWD_SPE8ED24P0434_9700_-NONE-_-NONE-
0001372612,"BOX, INC.","SEA BOX, INC.",False,SPE8ED26P0901,2026-05-29,2026-08-27,7720.0,Department of Defense,Defense Logistics Agency,"8512150283!CONTAINER,FREIGHT,G",CONT_AWD_SPE8ED26P0901_9700_-NONE-_-NONE-
0001372612,"BOX, INC.","SEA BOX, INC.",False,SPE8ED23P0911,2023-07-17,2023-08-16,7706.0,Department of Defense,Defense Logistics Agency,"8510016361!CONTAINER,FREIGHT,G",CONT_AWD_SPE8ED23P0911_9700_-NONE-_-NONE-
0001372612,"BOX, INC.","SEA BOX, INC.",False,SPE8ED25P0695,2025-03-03,2025-07-01,7532.0,Department of Defense,Defense Logistics Agency,"8511221862!CONTAINER,FREIGHT,G",CONT_AWD_SPE8ED25P0695_9700_-NONE-_-NONE-
0001372612,"BOX, INC.","BLACK BOX SAFETY, INC",False,15DDDA25P00000012,2025-09-09,2025-09-30,7525.98,Department of Justice,Drug Enforcement Administration,TITLE: XGO LONG SLEEVE CREW (PH1) SHIRT / ADMINISTRATOR INITIATIVE,CONT_AWD_15DDDA25P00000012_1524_-NONE-_-NONE-
0001372612,"BOX, INC.","SEA BOX, INC.",False,SPE8ED25P1298,2025-06-25,2025-08-25,7398.0,Department of Defense,Defense Logistics Agency,8511463966!CONTAINERS IST - PHILADELPHIA,CONT_AWD_SPE8ED25P1298_9700_-NONE-_-NONE-
0001372612,"BOX, INC.",ROYAL PAPER BOX CO. OF CALIFORNIA,False,2031JG24F00382,2024-08-09,2025-08-08,7194.41,Department of the Treasury,United States Mint,2024 SLEEVES FLOWING HAIR 24K GOLD COIN - WEST POINT REPLACEMENT OF 2031JG24F00374,CONT_AWD_2031JG24F00382_2044_2031JG21D00026_2044
0001372612,"BOX, INC.",ROYAL PAPER BOX CO. OF CALIFORNIA,False,2031JG24F00381,2024-08-09,2025-08-08,7194.41,Department of the Treasury,United States Mint,2024 SLEEVE FLOWING HAIR SILVER MEDAL - PHILADELPHIA - REPLACEMENT OF 2031JG24F00373,CONT_AWD_2031JG24F00381_2044_2031JG21D00026_2044
0001372612,"BOX, INC.","BAND BOX CLEANERS AND LAUNDRY, INC",False,W911SA24F3017,2024-04-01,2024-08-31,7147.7,Department of Defense,Department of the Army,CLIN 5009 PATROL BAGS-CIF,CONT_AWD_W911SA24F3017_9700_W911SA19D3000_9700
0001372612,"BOX, INC.","THE GLOVE BOX, INC",False,88310325F00235,2025-08-11,2026-08-30,7000.18,National Archives and Records Administration,National Archives and Records Administration,GLOVE BOX - ORDER FOR NITRILE GLOVES,CONT_AWD_88310325F00235_8800_88310323D00003_8800
0001372612,"BOX, INC.","MAPBOX, INC.",False,W519TC24C0041,2024-09-27,2025-09-26,7000.0,Department of Defense,Department of the Army,THE PURPOSE OF THIS REQUIREMENT IS FOR THE PURCHASE OF MAPBOX MOBILE SDKS AND MAPBOX GL JS MAP LOADS FOR MAPA.,CONT_AWD_W519TC24C0041_9700_-NONE-_-NONE-
0001372612,"BOX, INC.","SEA BOX, INC.",False,SPE8ED25P1409,2025-07-24,2025-11-21,6984.0,Department of Defense,Defense Logistics Agency,8511526297!CONTAINERS IST - PHILADELPHIA,CONT_AWD_SPE8ED25P1409_9700_-NONE-_-NONE-
0001372612,"BOX, INC.",ISOBOX INC,False,W912CL24P0014,2024-08-01,2024-08-05,6961.31,Department of Defense,Department of the Army,RATIFICATION FOR SUPPLIES/MATERIALS,CONT_AWD_W912CL24P0014_9700_-NONE-_-NONE-
0001372612,"BOX, INC.","SEA BOX, INC.",False,SPE8ED23P1003,2023-08-22,2023-12-20,6947.0,Department of Defense,Defense Logistics Agency,"8510095123!TRICON,FREIGHT,SPEC",CONT_AWD_SPE8ED23P1003_9700_-NONE-_-NONE-
0001372612,"BOX, INC.",ROYAL PAPER BOX CO. OF CALIFORNIA,False,2031JG24F00362,2024-07-29,2025-07-21,6562.5,Department of the Treasury,United States Mint,2025 SLEEVE USMC,CONT_AWD_2031JG24F00362_2044_2031JG21D00026_2044
0001372612,"BOX, INC.","BLACK BOX SAFETY, INC",False,70B03C25P00000689,2025-09-30,2026-04-29,6521.93,Department of Homeland Security,U.S. Customs and Border Protection,FLASHLIGHTS AND HEADLAMPS,CONT_AWD_70B03C25P00000689_7014_-NONE-_-NONE-
0001372612,"BOX, INC.","SEA BOX, INC.",False,47QSWC22F0053,2022-04-26,2022-05-31,6503.5,General Services Administration,Federal Acquisition Service,CALL ORDER OOCSS AGAINST SA BPA  003,CONT_AWD_47QSWC22F0053_4732_47QSWC21A0016_4732
0001372612,"BOX, INC.",ROYAL PAPER BOX CO. OF CALIFORNIA,False,2031JG24F00375,2024-08-09,2025-08-08,6500.03,Department of the Treasury,United States Mint,2025 CLAMSHELL SLEEVE CONGRATULATIONS - WEST POINT,CONT_AWD_2031JG24F00375_2044_2031JG21D00026_2044
0001372612,"BOX, INC.",ROYAL PAPER BOX CO. OF CALIFORNIA,False,2031JG24F00033,2023-10-23,2024-10-02,6468.0,Department of the Treasury,United States Mint,2024 SLEEVE GREATEST GENERATION,CONT_AWD_2031JG24F00033_2044_2031JG21D00026_2044
0001372612,"BOX, INC.",INFINNYBOX LLC,False,SPE7M025P4291,2025-06-05,2026-11-17,6220.14,Department of Defense,Defense Logistics Agency,"8511425092!CONNECTOR,PLUG,ELEC",CONT_AWD_SPE7M025P4291_9700_-NONE-_-NONE-
0001372612,"BOX, INC.","IBOX GLOBAL, LLC",False,140P5122P0013,2022-01-26,2022-02-25,6106.25,Department of the Interior,National Park Service,RE-ROUTE WIRELESS CONNECTION ON CCTV SYS FOR MALU,CONT_AWD_140P5122P0013_1443_-NONE-_-NONE-
0001372612,"BOX, INC.","BOSTON BOX LUNCH & CATERING, LLC",False,W912SV22F0063,2022-07-18,2022-07-29,6039.74,Department of Defense,Department of the Army,"406 MEALS (BREAKFAST, LUNCH, AND DINNER) FOR THE MA ARNG JULY AT.",CONT_AWD_W912SV22F0063_9700_W912SV22A0004_9700
0001372612,"BOX, INC.","SEA BOX, INC.",False,SPE8ED25P0905,2025-04-09,2025-07-08,5972.0,Department of Defense,Defense Logistics Agency,"8511307494!CONTAINER,FREIGHT,G",CONT_AWD_SPE8ED25P0905_9700_-NONE-_-NONE-
0001372612,"BOX, INC.",SQBOX SOLUTIONS LTD.,False,W51AA125P0048,2025-06-18,2025-08-07,5950.0,Department of Defense,Department of the Army,INTRANET LICENSE,CONT_AWD_W51AA125P0048_9700_-NONE-_-NONE-
0001372612,"BOX, INC.","BAND BOX CLEANERS AND LAUNDRY, INC",False,W911SA26FA045,2026-02-01,2027-01-31,5928.0,Department of Defense,Department of the Army,"PERFORM LAUNDRY SERVICES FOR THE LRC - FORT MCCOY, WI; IAW THE PERFORMANCE WORK STATEMENT AND TERMS AND CONDITIONS OF THE SOLICITATION AND RESULTANT CONTRACT.",CONT_AWD_W911SA26FA045_9700_W911SA24D3008_9700
0001372612,"BOX, INC.","SEA BOX, INC.",False,SPE8ED25P1662,2025-09-12,2025-11-12,5876.0,Department of Defense,Defense Logistics Agency,8511638663!CONTAINERS IST - PHILADELPHIA,CONT_AWD_SPE8ED25P1662_9700_-NONE-_-NONE-
0001372612,"BOX, INC.",ROYAL PAPER BOX CO. OF CALIFORNIA,False,2031JG24F00420,2024-09-17,2025-08-28,5850.0,Department of the Treasury,United States Mint,EXPEDITED SHIPPING FOR 2024 FLOWING HAIR SLEEVES- WPT,CONT_AWD_2031JG24F00420_2044_2031JG21D00026_2044
0001372612,"BOX, INC.","BAND BOX CLEANERS AND LAUNDRY, INC",False,W911SA23P3035,2023-03-01,2024-08-31,5800.5,Department of Defense,Department of the Army,RSO LAUNDRY SERVICES,CONT_AWD_W911SA23P3035_9700_-NONE-_-NONE-
0001372612,"BOX, INC.","SEA BOX, INC.",False,SPE8ED25P1188,2025-05-30,2025-07-29,5762.0,Department of Defense,Defense Logistics Agency,"8511413349!CONTAINER,FREIGHT,G",CONT_AWD_SPE8ED25P1188_9700_-NONE-_-NONE-
0001372612,"BOX, INC.","BOSTON BOX LUNCH & CATERING, LLC",False,W912SV26FA088,2025-07-04,2025-07-18,5686.84,Department of Defense,Department of the Army,APPLE SPICE IDT MEALS JULY 26,CONT_AWD_W912SV26FA088_9700_W912SV24AA008_9700
0001372612,"BOX, INC.",ROYAL PAPER BOX CO. OF CALIFORNIA,False,2031JG24F00421,2024-09-17,2025-08-28,5600.0,Department of the Treasury,United States Mint,EXPEDITED SHIPPING FOR 2024 FLOWING HAIR SLEEVES- PHI,CONT_AWD_2031JG24F00421_2044_2031JG21D00026_2044
0001372612,"BOX, INC.","SOFTWARE TOOLBOX, LLC",False,N6449825P2001,2025-04-03,2025-04-17,5556.0,Department of Defense,Department of the Navy,BACNET OPC SERVER (TOP SERVER BACNET ETHERNET DRIVER) + 1 YEAR SUPPORT AND MAINTENANCE AGREEMENT P/N 41233181-N,CONT_AWD_N6449825P2001_9700_-NONE-_-NONE-
0001372612,"BOX, INC.",CLEANBOX TECHNOLOGY INC,False,SPMYM122P1332,2022-05-13,2022-05-20,5536.36,Department of Defense,Defense Logistics Agency,N4215820671751,CONT_AWD_SPMYM122P1332_9700_-NONE-_-NONE-
0001372612,"BOX, INC.","BOSTON BOX LUNCH & CATERING, LLC",False,FA930425P5017,2025-08-04,2025-08-08,5397.0,Department of Defense,Department of the Air Force,MIT MEAL SUPPORT,CONT_AWD_FA930425P5017_9700_-NONE-_-NONE-
0001372612,"BOX, INC.",ROYAL PAPER BOX CO. OF CALIFORNIA,False,2031JG24F00447,2024-09-27,2025-09-22,5394.06,Department of the Treasury,United States Mint,2025 MARINE CORP SLEEVES- FIRST ARTICLE SAMPLES-WPT,CONT_AWD_2031JG24F00447_2044_2031JG21D00026_2044
0001372612,"BOX, INC.",BLACK BOX SOLUTIONS LLC,False,15A00020FAQ000588,2020-08-28,2023-04-01,5379.06,Department of Justice,"Bureau of Alcohol, Tobacco, Firearms and Explosives Acquisition and Property Management Division",BACKGROUND FIELD INVESTIGATOR OBLIGATION AMENDED FOR ADDITIONAL BPA CALLS P.O.P:  05/18/2020 - 03/30/2021,CONT_AWD_15A00020FAQ000588_1560_15A00020GAQA00501_1560
0001372612,"BOX, INC.","SEA BOX, INC.",False,SPE8ED26P0304,2025-12-17,2026-02-17,5248.0,Department of Defense,Defense Logistics Agency,"8511819182!CONTAINER,FREIGHT,G",CONT_AWD_SPE8ED26P0304_9700_-NONE-_-NONE-
0001372612,"BOX, INC.","SEA BOX, INC.",False,SPE8ED24P0429,2024-02-01,2024-05-31,4985.0,Department of Defense,Defense Logistics Agency,"8510418360!CONTAINER,FREIGHT,G",CONT_AWD_SPE8ED24P0429_9700_-NONE-_-NONE-
0001372612,"BOX, INC.","AWOPAHO LITTERBOX RENTALS, INC.",False,70Z02920P8MX00400,2019-12-01,2020-09-30,4950.0,Department of Homeland Security,U.S. Coast Guard,FY20 RSC FOR TRASH REMOVAL,CONT_AWD_70Z02920P8MX00400_7008_-NONE-_-NONE-
0001372612,"BOX, INC.","BLACK BOX SAFETY, INC",False,70LART24FPFB00010,2023-12-12,2024-01-18,4739.35,Department of Homeland Security,Federal Law Enforcement Training Center,DUMMY ROUNDS NEEDED FOR STUDENT FIREARMS TRAINING FY24,CONT_AWD_70LART24FPFB00010_7015_47QSWA23D000Y_4732
0001372612,"BOX, INC.","SEA BOX, INC.",False,47QSEA22F6VE1,2022-06-21,2022-11-03,4671.0,General Services Administration,Federal Acquisition Service,"BEAM, CARGO CONTAINER: ITEM NAME BEAM, CARGO CONTAINER I.A.W. SEA BOX P/N SB6200 OR COMMERCIAL EQUAL DECKING WORKING LOAD LIMIT 2,200 POUNDS SHORING WORKING LOAD LIMIT 2,200 POUNDS MINIMUM WEIGHT 16.00 POUNDS UNIT DESIGN SHORING AND DECKING BEAM",CONT_AWD_47QSEA22F6VE1_4732_GS02F0024P_4730
0001372612,"BOX, INC.","BOSTON BOX LUNCH & CATERING, LLC",False,W912SV23F0087,2023-09-08,2023-09-24,4620.76,Department of Defense,Department of the Army,BOXED LUNCHES FOR SEPTEMBER IDT,CONT_AWD_W912SV23F0087_9700_W912SV22A0004_9700
0001372612,"BOX, INC.",SQBOX SOLUTIONS LTD.,False,W25G1V23P0010,2022-11-01,2022-12-01,4500.0,Department of Defense,Department of the Army,INTRANET SUPPORT SERVICES,CONT_AWD_W25G1V23P0010_9700_-NONE-_-NONE-
0001372612,"BOX, INC.","BOSTON BOX LUNCH & CATERING, LLC",False,W912SV25F0014,2024-12-07,2024-12-08,4455.93,Department of Defense,Department of the Army,LUNCH MEALS FOR MA ARNG DECEMBER IDT (207 EA),CONT_AWD_W912SV25F0014_9700_W912SV24AA008_9700
0001372612,"BOX, INC.","SEA BOX, INC.",False,SPE8ED26P0608,2026-03-11,2026-06-09,4438.0,Department of Defense,Defense Logistics Agency,"8511970729!CONTAINER,FREIGHT,G",CONT_AWD_SPE8ED26P0608_9700_-NONE-_-NONE-
0001372612,"BOX, INC.","SEA BOX, INC.",False,SPE8ED25P1166,2025-05-28,2025-08-26,4275.0,Department of Defense,Defense Logistics Agency,"8511406083!CONTAINER,FREIGHT,G",CONT_AWD_SPE8ED25P1166_9700_-NONE-_-NONE-
0001372612,"BOX, INC.",SQBOX SOLUTIONS LTD.,False,W911SD26PA001,2025-12-18,2026-12-17,4100.0,Department of Defense,Department of the Army,SQ BOX INTRANET CONNECTIONS ANNUAL SOFTWARE RENEWAL,CONT_AWD_W911SD26PA001_9700_-NONE-_-NONE-
0001372612,"BOX, INC.","BOSTON BOX LUNCH & CATERING, LLC",False,W912SV23F0020,2023-02-04,2023-02-05,4086.47,Department of Defense,Department of the Army,FEBRUARY MEALS (269 EA)FOR MAARNG IDT,CONT_AWD_W912SV23F0020_9700_W912SV22A0004_9700
0001372612,"BOX, INC.","BOSTON BOX LUNCH & CATERING, LLC",False,W912SV23F0042,2023-05-05,2023-05-07,3776.4,Department of Defense,Department of the Army,MAARNG MEALS FROM APPLE SPICE MAY 2023,CONT_AWD_W912SV23F0042_9700_W912SV22A0004_9700
0001372612,"BOX, INC.","BAND BOX CLEANERS AND LAUNDRY, INC",False,W911SA22F3018,2022-02-07,2022-03-31,3726.0,Department of Defense,Department of the Army,LAUNDRY SERVICES,CONT_AWD_W911SA22F3018_9700_W911SA19D3000_9700
0001372612,"BOX, INC.","SOFTWARE TOOLBOX, LLC",False,N6449824P5387,2024-09-23,2024-10-01,3692.0,Department of Defense,Department of the Navy,TOP SERVER OPC SOFTWARE PACKAGE,CONT_AWD_N6449824P5387_9700_-NONE-_-NONE-
0001372612,"BOX, INC.","BOSTON BOX LUNCH & CATERING, LLC",False,W912SV23F0076,2023-08-05,2023-08-26,3608.88,Department of Defense,Department of the Army,IDT MEALS- AUGUST,CONT_AWD_W912SV23F0076_9700_W912SV22A0004_9700
0001372612,"BOX, INC.",ROYAL PAPER BOX CO. OF CALIFORNIA,False,2031JG24F00443,2024-09-18,2025-09-16,3596.04,Department of the Treasury,United States Mint,2025 MARINE CORP SLEEVES- FIRST ARTICLE SAMPLES-PHI,CONT_AWD_2031JG24F00443_2044_2031JG21D00026_2044
0001372612,"BOX, INC.","THE GLOVE BOX, INC",False,15B30223P00000144,2023-04-01,2023-06-30,3268.12,Department of Justice,Federal Prison System / Bureau of Prisons,KOSHER MENU 3RD QTR FY23,CONT_AWD_15B30223P00000144_1540_-NONE-_-NONE-
0001372612,"BOX, INC.","BOSTON BOX LUNCH & CATERING, LLC",False,W912SV24F0018,2023-12-02,2023-12-02,2913.75,Department of Defense,Department of the Army,HOLIDAY LUNCH FOR  HHC 101 ENG,CONT_AWD_W912SV24F0018_9700_W912SV22A0004_9700
0001372612,"BOX, INC.","BOSTON BOX LUNCH & CATERING, LLC",False,W912SV24F0025,2024-01-05,2024-01-07,2664.28,Department of Defense,Department of the Army,RATIONS FROM APPLE SPICE FOR MAARNG TRAINING IN JAN 2024,CONT_AWD_W912SV24F0025_9700_W912SV22A0004_9700
0001372612,"BOX, INC.","THE GLOVE BOX, INC",False,88310326F00126,2026-06-17,2026-08-30,2515.2,National Archives and Records Administration,National Archives and Records Administration,GLOVE BOX - ORDER FOR NITRILE GLOVES,CONT_AWD_88310326F00126_8800_88310323D00003_8800
0001372612,"BOX, INC.","BAND BOX CLEANERS AND LAUNDRY, INC",False,W911SA26FA127,2026-04-01,2027-01-31,2500.0,Department of Defense,Department of the Army,"PERFORM LAUNDRY SERVICES FOR THE NCOA - FORT MCCOY, WI; IAW THE PERFORMANCE WORK STATEMENT AND TERMS AND CONDITIONS OF THE SOLICITATION AND RESULTANT CONTRACT.",CONT_AWD_W911SA26FA127_9700_W911SA24D3008_9700
0001372612,"BOX, INC.",OUTSIDE BOX LLC,False,W912HN25F4008,2024-11-25,2029-11-20,2500.0,Department of Defense,Department of the Army,GUARANTEED MINIMUM,CONT_AWD_W912HN25F4008_9700_W912HN25D4008_9700
0001372612,"BOX, INC.",SHADOWBOX CONSULTING ASSOCIATES LLC,False,HT001122F0132,2023-06-19,2023-06-19,2500.0,Department of Defense,Defense Health Agency,MILITARY MEDICAL RESEARCH AND DEVELOPMENT SERVICES,CONT_AWD_HT001122F0132_9700_HT001122D0044_9700
0001372612,"BOX, INC.","SEA BOX, INC.",False,SPE8ED25P1412,2025-07-25,2025-10-23,2484.0,Department of Defense,Defense Logistics Agency,8511528522!CONTAINERS IST - PHILADELPHIA,CONT_AWD_SPE8ED25P1412_9700_-NONE-_-NONE-
0001372612,"BOX, INC.","SEA BOX, INC.",False,SPE8ED25P1413,2025-07-25,2025-10-23,2250.0,Department of Defense,Defense Logistics Agency,8511528651!CONTAINERS IST - PHILADELPHIA,CONT_AWD_SPE8ED25P1413_9700_-NONE-_-NONE-
0001372612,"BOX, INC.","DRY BOX, INC.",False,1333MF25P0007,2024-12-09,2025-04-01,2050.0,Department of Commerce,National Oceanic and Atmospheric Administration,RENTAL OF A PORTABLE WALK-IN FREEZER TO TEMPORARILY STORE SCIENTIFIC CONTENTS DURING GOVERNMENT FREEZER MAINTENANCE,CONT_AWD_1333MF25P0007_1330_-NONE-_-NONE-
0001372612,"BOX, INC.","THE GLOVE BOX, INC",False,88310324F00188,2024-07-24,2025-08-30,2028.44,National Archives and Records Administration,National Archives and Records Administration,GLOVE BOX - BASE YEAR ORDER FOR NITRILE GLOVES,CONT_AWD_88310324F00188_8800_88310323D00003_8800
0001372612,"BOX, INC.",OUTSIDE BOX LLC,False,W50S9525FA005,2025-07-15,2025-08-15,2000.0,Department of Defense,Department of the Army,MATOC DRAFT SAFETY PLAN,CONT_AWD_W50S9525FA005_9700_W50S9525DA009_9700
0001372612,"BOX, INC.",OUTSIDE BOX LLC,False,FA441823F0055,2023-05-11,2023-05-25,2000.0,Department of Defense,Department of the Air Force,JOINT BASE CHARLESTON MULTIPLE AWARD CONSTRUCTION CONTRACT PRE-PERFORMANCE CONFERENCE.,CONT_AWD_FA441823F0055_9700_FA441823D0005_9700
0001372612,"BOX, INC.",SCSI TOOLBOX LLC,False,N0016422PG080,2022-08-29,2023-08-28,1990.0,Department of Defense,Department of the Navy,STB/MNT1,CONT_AWD_N0016422PG080_9700_-NONE-_-NONE-
0001372612,"BOX, INC.","SEA BOX, INC.",False,47QSMA22F12JX,2022-05-23,2022-10-05,1933.98,General Services Administration,Federal Acquisition Service,"SHELF,STORAGE AND D",CONT_AWD_47QSMA22F12JX_4732_GS02F0024P_4730
0001372612,"BOX, INC.","SEA BOX, INC.",False,47QSSC26F4JQU,2026-02-25,2026-04-11,1924.0,General Services Administration,Federal Acquisition Service,"BEAM, CARGO CONTAINER: ITEM NAME BEAM, CARGO CONTAINER OVERALL WIDTH 96.125 INCHES OVERALL LENGTH 85.125 INCHES BASIS WEIGHT 16.00 POUNDS SHORING WORKLOAD LIMIT 2,200 LBS / 998 KG OVERALL COLOR SILVER OVERALL MATERIAL SOLID STEEL WITH AN ALUMINUM COA",CONT_AWD_47QSSC26F4JQU_4732_GS07F253AA_4732
0001372612,"BOX, INC.","LABELBOX, INC.",False,FA861222FB018,2022-07-01,2022-07-06,1800.0,Department of Defense,Department of the Air Force,ADVANCED BATTLE MANAGEMENT SYSTEM,CONT_AWD_FA861222FB018_9700_FA861222DB019_9700
0001372612,"BOX, INC.","BOSTON BOX LUNCH & CATERING, LLC",False,W912SV26FA070,2026-06-21,2026-06-26,1798.8,Department of Defense,Department of the Army,PURCHASE OF CATERED MEALS FOR DRILL WEEKENDS,CONT_AWD_W912SV26FA070_9700_W912SV24AA008_9700
0001372612,"BOX, INC.",ROYAL PAPER BOX CO. OF CALIFORNIA,False,2031JG24F00442,2024-09-18,2025-09-16,1798.02,Department of the Treasury,United States Mint,2025 MARINE CORP SLEEVES- FIRST ARTICLE SAMPLES-DENVER,CONT_AWD_2031JG24F00442_2044_2031JG21D00026_2044
0001372612,"BOX, INC.",ROYAL PAPER BOX CO. OF CALIFORNIA,False,2031JG24F00440,2024-09-18,2025-09-16,1798.02,Department of the Treasury,United States Mint,2025 MARINE CORP SLEEVES- FIRST ARTICLE SAMPLES-SAN,CONT_AWD_2031JG24F00440_2044_2031JG21D00026_2044
0001372612,"BOX, INC.","BLACK BOX SAFETY, INC",False,47QSWA24F087Y,2023-11-03,2023-11-17,1748.56,General Services Administration,Federal Acquisition Service,PN: 103JFYX  ENVISAGE 100 SERIES,CONT_AWD_47QSWA24F087Y_4732_47QSWA23D000Y_4732
0001372612,"BOX, INC.","BAND BOX CLEANERS AND LAUNDRY, INC",False,W911SA24F3003,2023-04-01,2024-03-31,1682.5,Department of Defense,Department of the Army,TASK ORDER FOR LAUNDRY SERVICES -CHALLENGE ACADEMY,CONT_AWD_W911SA24F3003_9700_W911SA19D3000_9700
0001372612,"BOX, INC.","BOSTON BOX LUNCH & CATERING, LLC",False,W912SV23F0056,2023-06-04,2023-06-04,1650.0,Department of Defense,Department of the Army,JUNE 2023- YELLOW RIBBON MEALS 185 TOTAL,CONT_AWD_W912SV23F0056_9700_W912SV22A0004_9700
0001372612,"BOX, INC.","PRO BOX PORTABLE STORAGE, LLC",False,140L0123P0004,2023-01-18,2023-09-17,1537.82,Department of the Interior,Bureau of Land Management,PROBOX PORTABLE STORAGE UNITS,CONT_AWD_140L0123P0004_1422_-NONE-_-NONE-
0001372612,"BOX, INC.","THE GLOVE BOX, INC",False,88310326F00188,2026-08-24,2027-08-30,1459.56,National Archives and Records Administration,National Archives and Records Administration,GLOVE BOX - ORDER FOR RS,CONT_AWD_88310326F00188_8800_88310323D00003_8800
0001372612,"BOX, INC.","THE GLOVE BOX, INC",False,88310325F00067,2025-02-06,2025-08-30,1333.58,National Archives and Records Administration,National Archives and Records Administration,GLOVE BOX - ORDER FOR NITRILE GLOVES - OY I,CONT_AWD_88310325F00067_8800_88310323D00003_8800
0001372612,"BOX, INC.","SEA BOX, INC.",False,47QSMA23F0ZZL,2023-03-21,2023-08-03,1289.32,General Services Administration,Federal Acquisition Service,"SHELF,STORAGE AND D",CONT_AWD_47QSMA23F0ZZL_4732_GS02F0024P_4730
0001372612,"BOX, INC.","BOSTON BOX LUNCH & CATERING, LLC",False,W912SV23F0027,2023-03-03,2023-03-05,1285.83,Department of Defense,Department of the Army,MAARNG MARCH IDT MEALS,CONT_AWD_W912SV23F0027_9700_W912SV22A0004_9700
0001372612,"BOX, INC.","BLACK BOX SAFETY, INC",False,47QSWA24F0880,2023-11-03,2023-11-17,1271.68,General Services Administration,Federal Acquisition Service,PN: 103JFYL  ENVISAGE 100 SERIES,CONT_AWD_47QSWA24F0880_4732_47QSWA23D000Y_4732
0001372612,"BOX, INC.","BOSTON BOX LUNCH & CATERING, LLC",False,W912SV25FA007,2025-02-08,2025-02-09,1199.2,Department of Defense,Department of the Army,FEBRUARY 2025 APPLE SPICE IDT MEALS,CONT_AWD_W912SV25FA007_9700_W912SV24AA008_9700
0001372612,"BOX, INC.","SEA BOX, INC.",False,47QSMA22F10L4,2022-05-03,2022-09-15,1193.8,General Services Administration,Federal Acquisition Service,"SHELF,STORAGE AND D",CONT_AWD_47QSMA22F10L4_4732_GS02F0024P_4730
0001372612,"BOX, INC.","BLACK BOX SAFETY, INC",False,47QSWA24F087X,2023-11-03,2023-11-17,1179.36,General Services Administration,Federal Acquisition Service,PN: 103JFY2  ENVISAGE 100 SERIES,CONT_AWD_47QSWA24F087X_4732_47QSWA23D000Y_4732
0001372612,"BOX, INC.","SEA BOX, INC.",False,47QSEA22F63ZP,2022-05-23,2022-10-05,1121.04,General Services Administration,Federal Acquisition Service,"BEAM, CARGO CONTAINER: - SEE ATTACHED DOCUMENT FOR DETAIL.",CONT_AWD_47QSEA22F63ZP_4732_GS02F0024P_4730
0001372612,"BOX, INC.","BOSTON BOX LUNCH & CATERING, LLC",False,W912SV24F0008,2023-11-03,2023-11-05,1052.83,Department of Defense,Department of the Army,NOVEMBER MEALS (67) FOR MAARNG IDT,CONT_AWD_W912SV24F0008_9700_W912SV22A0004_9700
0001372612,"BOX, INC.","THE GLOVE BOX, INC",False,88310323F00272,2023-09-11,2023-10-31,1015.92,National Archives and Records Administration,National Archives and Records Administration,THE GLOVE BOX - ORDER FOR BIODEGRADABLE NITRILE GLOVES - IDIQ,CONT_AWD_88310323F00272_8800_88310323D00003_8800
0001372612,"BOX, INC.",INFINNYBOX LLC,False,SPE4A625V194T,2025-04-28,2026-06-29,975.0,Department of Defense,Defense Logistics Agency,"8511347201!INDICATOR,ELECTRICA",CONT_AWD_SPE4A625V194T_9700_-NONE-_-NONE-
0001372612,"BOX, INC.","SEA BOX, INC.",False,47QSSC25F10ZA,2024-10-31,2024-11-30,962.2,General Services Administration,Federal Acquisition Service,"BEAM, CARGO CONTAINER: ITEM NAME BEAM, CARGO CONTAINER I.A.W. SEA BOX P/N SB6200 OR COMMERCIAL EQUAL DECKING WORKING LOAD LIMIT 2,200 POUNDS SHORING WORKING LOAD LIMIT 2,200 POUNDS MINIMUM WEIGHT 16.00 POUNDS UNIT DESIGN SHORING AND DECKING BEAM FITS",CONT_AWD_47QSSC25F10ZA_4732_GS07F253AA_4732
0001372612,"BOX, INC.","BOSTON BOX LUNCH & CATERING, LLC",False,W912SV25F0007,2024-11-01,2024-11-01,911.43,Department of Defense,Department of the Army,NOVEMBER CLASS I SUBSISTENCE FOR MA ARNG,CONT_AWD_W912SV25F0007_9700_W912SV24AA008_9700
0001372612,"BOX, INC.","THE GLOVE BOX, INC",False,88310324F00068,2024-03-18,2024-08-30,880.26,National Archives and Records Administration,National Archives and Records Administration,THE GLOVE BOX - ORDER FOR BIODEGRADABLE NITRILE GLOVES,CONT_AWD_88310324F00068_8800_88310323D00003_8800
0001372612,"BOX, INC.","PRO BOX PORTABLE STORAGE, LLC",False,140L0124P0005,2023-12-04,2024-09-30,820.6,Department of the Interior,Bureau of Land Management,PROBOX PORTABLE STORAGE BLM NTC,CONT_AWD_140L0124P0005_1422_-NONE-_-NONE-
0001372612,"BOX, INC.","BOSTON BOX LUNCH & CATERING, LLC",False,W912SV22F0029,2022-02-06,2022-02-06,811.2,Department of Defense,Department of the Army,65 MEALS (LUNCH) FOR THE MA ARMY NATIONAL GUARD FEBRUARY INACTIVE DUTY TRAINING (6 FEBRUARY 2022),CONT_AWD_W912SV22F0029_9700_W912SV21A0001_9700
0001372612,"BOX, INC.","BOSTON BOX LUNCH & CATERING, LLC",False,W912SV24F0003,2023-10-13,2023-10-13,797.43,Department of Defense,Department of the Army,BOX LUNCHES FOR MEDCOM,CONT_AWD_W912SV24F0003_9700_W912SV22A0004_9700
0001372612,"BOX, INC.","BOSTON BOX LUNCH & CATERING, LLC",False,W912SV23F0063,2023-07-14,2023-07-14,769.3,Department of Defense,Department of the Army,C CO-181 IN_LUNCH,CONT_AWD_W912SV23F0063_9700_W912SV22A0004_9700
0001372612,"BOX, INC.","SEA BOX, INC.",False,47QSEA23F481W,2023-03-29,2023-08-11,747.36,General Services Administration,Federal Acquisition Service,"BEAM, CARGO CONTAINER: - SEE ATTACHED DOCUMENT FOR DETAIL.",CONT_AWD_47QSEA23F481W_4732_GS02F0024P_4730
0001372612,"BOX, INC.","SEA BOX, INC.",False,47QSSC25F923F,2025-05-27,2025-06-26,644.66,General Services Administration,Federal Acquisition Service,"SHELF,STORAGE   PN: SB3428",CONT_AWD_47QSSC25F923F_4732_GS07F253AA_4732
0001372612,"BOX, INC.","SEA BOX, INC.",False,47QSMA23F11JJ,2023-04-04,2023-08-17,644.66,General Services Administration,Federal Acquisition Service,"SHELF,STORAGE AND D",CONT_AWD_47QSMA23F11JJ_4732_GS02F0024P_4730
0001372612,"BOX, INC.","SEA BOX, INC.",False,47QSMA23F0ZZM,2023-03-21,2023-08-03,644.66,General Services Administration,Federal Acquisition Service,"SHELF,STORAGE AND D",CONT_AWD_47QSMA23F0ZZM_4732_GS02F0024P_4730
0001372612,"BOX, INC.","SEA BOX, INC.",False,47QSMA23F0L6Y,2022-11-07,2023-03-22,644.66,General Services Administration,Federal Acquisition Service,"SHELF,STORAGE AND D",CONT_AWD_47QSMA23F0L6Y_4732_GS02F0024P_4730
0001372612,"BOX, INC.","SEA BOX, INC.",False,47QSMA22F1C2V,2022-08-09,2022-12-22,644.66,General Services Administration,Federal Acquisition Service,"SHELF,STORAGE AND D",CONT_AWD_47QSMA22F1C2V_4732_GS02F0024P_4730
0001372612,"BOX, INC.","SEA BOX, INC.",False,47QSMA22F13X6,2022-06-07,2022-10-20,644.66,General Services Administration,Federal Acquisition Service,"SHELF,STORAGE AND D",CONT_AWD_47QSMA22F13X6_4732_GS02F0024P_4730
0001372612,"BOX, INC.","SEA BOX, INC.",False,47QSMA22F13X5,2022-06-07,2022-10-20,644.66,General Services Administration,Federal Acquisition Service,"SHELF,STORAGE AND D",CONT_AWD_47QSMA22F13X5_4732_GS02F0024P_4730
0001372612,"BOX, INC.","SEA BOX, INC.",False,SPE8ED25P1414,2025-07-25,2025-10-23,633.6,Department of Defense,Defense Logistics Agency,8511528766!CONTAINERS IST - PHILADELPHIA,CONT_AWD_SPE8ED25P1414_9700_-NONE-_-NONE-
0001372612,"BOX, INC.","SEA BOX, INC.",False,47QSMA22F10L3,2022-05-03,2022-09-15,596.9,General Services Administration,Federal Acquisition Service,"SHELF,STORAGE AND D",CONT_AWD_47QSMA22F10L3_4732_GS02F0024P_4730
0001372612,"BOX, INC.","SEA BOX, INC.",False,47QSMA22F0Z4E,2022-04-19,2022-09-01,596.9,General Services Administration,Federal Acquisition Service,"SHELF,STORAGE AND D",CONT_AWD_47QSMA22F0Z4E_4732_GS02F0024P_4730
0001372612,"BOX, INC.","SEA BOX, INC.",False,47QSMA22F0TND,2022-02-14,2022-06-29,596.9,General Services Administration,Federal Acquisition Service,"SHELF,STORAGE AND D",CONT_AWD_47QSMA22F0TND_4732_GS02F0024P_4730
0001372612,"BOX, INC.","SEA BOX, INC.",False,47QSMA22F0TNA,2022-02-14,2022-06-29,596.9,General Services Administration,Federal Acquisition Service,"SHELF,STORAGE AND D",CONT_AWD_47QSMA22F0TNA_4732_GS02F0024P_4730
0001372612,"BOX, INC.",BOX STATE,False,SPE1C125P0735,2025-04-22,2025-07-31,585.0,Department of Defense,Defense Logistics Agency,"8511334089!GLOVES,CHEMICAL PRO",CONT_AWD_SPE1C125P0735_9700_-NONE-_-NONE-
0001372612,"BOX, INC.","SEA BOX, INC.",False,47QSEA23F481X,2023-03-29,2023-08-11,560.52,General Services Administration,Federal Acquisition Service,"BEAM, CARGO CONTAINER: - SEE ATTACHED DOCUMENT FOR DETAIL.",CONT_AWD_47QSEA23F481X_4732_GS02F0024P_4730
0001372612,"BOX, INC.",BOX STATE,False,SPE1C125P1042,2025-07-10,2025-09-20,556.5,Department of Defense,Defense Logistics Agency,"8511494115!GLOVES,CHEMICAL PRO",CONT_AWD_SPE1C125P1042_9700_-NONE-_-NONE-
0001372612,"BOX, INC.","BOSTON BOX LUNCH & CATERING, LLC",False,W912SV22F0041,2022-04-02,2022-04-02,532.0,Department of Defense,Department of the Army,38 MEALS FOR MEDCOM LUNCH IDT FOR 2-3 APRIL 2022,CONT_AWD_W912SV22F0041_9700_W912SV22A0004_9700
0001372612,"BOX, INC.","SEA BOX, INC.",False,SPE7L123P5441,2023-03-25,2023-04-24,479.62,Department of Defense,Defense Logistics Agency,"8509788209!HANDLE,DOOR",CONT_AWD_SPE7L123P5441_9700_-NONE-_-NONE-
0001372612,"BOX, INC.","MAPBOX, INC.",False,15JPPS26P00000022,2026-03-01,2026-09-30,474.29,Department of Justice,"Offices, Boards and Divisions",SW MAPBOX SUBSCRIPTION 4/1-9/30/26 VENDOR - MAPBOX COR - NESHERA ANDERSON/CO - RAYCELA SIMMS,CONT_AWD_15JPPS26P00000022_1501_-NONE-_-NONE-
0001372612,"BOX, INC.","SEA BOX, INC.",False,47QSWA26F15CW,2026-05-08,2026-06-07,471.8,General Services Administration,Federal Acquisition Service,"BEAM, CARGO CONTAINER: - SEE ATTACHED DOCUMENT FOR DETAIL.  SB6300/49857-10",CONT_AWD_47QSWA26F15CW_4732_GS07F253AA_4732
0001372612,"BOX, INC.","SEA BOX, INC.",False,47QSEA23F60UW,2023-06-08,2023-10-21,384.8,General Services Administration,Federal Acquisition Service,"BEAM, CARGO CONTAINER: ITEM NAME BEAM, CARGO CONTAINER OVERALL WIDTH 96.125 INCHES OVERALL LENGTH 85.125 INCHES BASIS WEIGHT 16.00 POUNDS SHORING WORKLOAD LIMIT 2,200 LBS / 998 KG OVERALL COLOR SILVER OVERALL MATERIAL SOLID STEEL WITH AN ALUMINUM COA",CONT_AWD_47QSEA23F60UW_4732_GS02F0024P_4730
0001372612,"BOX, INC.","SEA BOX, INC.",False,47QSEA22F5JF5,2022-05-02,2022-09-14,384.8,General Services Administration,Federal Acquisition Service,"BEAM, CARGO CONTAINER: ITEM NAME BEAM, CARGO CONTAINER OVERALL WIDTH 96.125 INCHES OVERALL LENGTH 85.125 INCHES BASIS WEIGHT 16.00 POUNDS SHORING WORKLOAD LIMIT 2,200 LBS / 998 KG OVERALL COLOR SILVER OVERALL MATERIAL SOLID STEEL WITH AN ALUMINU",CONT_AWD_47QSEA22F5JF5_4732_GS02F0024P_4730
0001372612,"BOX, INC.","SEA BOX, INC.",False,47QSEA22F1YFP,2022-01-13,2022-05-28,384.8,General Services Administration,Federal Acquisition Service,"BEAM, CARGO CONTAINER: ITEM NAME BEAM, CARGO CONTAINER OVERALL WIDTH 96.125 INCHES OVERALL LENGTH 85.125 INCHES BASIS WEIGHT 16.00 POUNDS SHORING WORKLOAD LIMIT 2,200 LBS / 998 KG OVERALL COLOR SILVER OVERALL MATERIAL SOLID STEEL WITH AN ALUMINU",CONT_AWD_47QSEA22F1YFP_4732_GS02F0024P_4730
0001372612,"BOX, INC.","SEA BOX, INC.",False,47QSEA23F4F3K,2023-04-06,2023-08-19,373.68,General Services Administration,Federal Acquisition Service,"BEAM, CARGO CONTAINER: - SEE ATTACHED DOCUMENT FOR DETAIL.",CONT_AWD_47QSEA23F4F3K_4732_GS02F0024P_4730
0001372612,"BOX, INC.","SEA BOX, INC.",False,47QSEA23F4F3J,2023-04-06,2023-08-19,373.68,General Services Administration,Federal Acquisition Service,"BEAM, CARGO CONTAINER: - SEE ATTACHED DOCUMENT FOR DETAIL.",CONT_AWD_47QSEA23F4F3J_4732_GS02F0024P_4730
0001372612,"BOX, INC.","SEA BOX, INC.",False,47QSEA23F0TPN,2022-11-09,2023-03-24,373.68,General Services Administration,Federal Acquisition Service,"BEAM, CARGO CONTAINER: - SEE ATTACHED DOCUMENT FOR DETAIL.",CONT_AWD_47QSEA23F0TPN_4732_GS02F0024P_4730
0001372612,"BOX, INC.","SEA BOX, INC.",False,47QSEA22F8G5J,2022-08-10,2022-12-23,373.68,General Services Administration,Federal Acquisition Service,"BEAM, CARGO CONTAINER: - SEE ATTACHED DOCUMENT FOR DETAIL.",CONT_AWD_47QSEA22F8G5J_4732_GS02F0024P_4730
0001372612,"BOX, INC.","SEA BOX, INC.",False,47QSEA22F6VDU,2022-06-21,2022-11-03,373.68,General Services Administration,Federal Acquisition Service,"BEAM, CARGO CONTAINER: - SEE ATTACHED DOCUMENT FOR DETAIL.",CONT_AWD_47QSEA22F6VDU_4732_GS02F0024P_4730
0001372612,"BOX, INC.","SEA BOX, INC.",False,47QSEA22F63ZQ,2022-05-23,2022-10-05,373.68,General Services Administration,Federal Acquisition Service,"BEAM, CARGO CONTAINER: - SEE ATTACHED DOCUMENT FOR DETAIL.",CONT_AWD_47QSEA22F63ZQ_4732_GS02F0024P_4730
0001372612,"BOX, INC.","BLACK BOX SAFETY, INC",False,47QSHA23F49CR,2023-08-22,2023-09-05,363.24,General Services Administration,Federal Acquisition Service,"JACKET - CLOTHING. YELLOW WAIST LENGTH JACKET, ATTACHED HOOD, SNAP FRONT WITH STORM FLY. SIZE: 3X CASE",CONT_AWD_47QSHA23F49CR_4732_47QSWA23D000Y_4732
0001372612,"BOX, INC.","BLACK BOX SAFETY, INC",False,47QSWA24F087W,2023-11-03,2023-11-17,356.04,General Services Administration,Federal Acquisition Service,PN: 103JFY3  ENVISAGE 100 SERIES,CONT_AWD_47QSWA24F087W_4732_47QSWA23D000Y_4732
0001372612,"BOX, INC.","SEA BOX, INC.",False,47QSSC24FB0CP,2024-07-06,2024-08-05,322.33,General Services Administration,Federal Acquisition Service,"SHELF,STORAGE  16.0L X 86.0W (IN)  MANUFACTURER: SEA BOX, INC. P/N SB3428",CONT_AWD_47QSSC24FB0CP_4732_GS07F253AA_4732
0001372612,"BOX, INC.",ROYAL PAPER BOX CO. OF CALIFORNIA,False,2031JG24F00422,2024-09-11,2025-09-08,243.96,Department of the Treasury,United States Mint,FEDEX OVERNIGHT FEE- 2024 FLOWING HAIR SLEEVES -PHI,CONT_AWD_2031JG24F00422_2044_2031JG21D00026_2044
0001372612,"BOX, INC.",BOX STATE,False,SPE1C125P0890,2025-06-02,2025-07-17,211.0,Department of Defense,Defense Logistics Agency,"8511415899!GLOVES,CHEMICAL PRO",CONT_AWD_SPE1C125P0890_9700_-NONE-_-NONE-
0001372612,"BOX, INC.","SEA BOX, INC.",False,47QSSC24F2NRS,2024-01-17,2024-02-16,192.44,General Services Administration,Federal Acquisition Service,"BEAM, CARGO CONTAINER: ITEM NAME BEAM, CARGO CONTAINER I.A.W. SEA BOX P/N SB6200 OR COMMERCIAL EQUAL DECKING WORKING LOAD LIMIT 2,200 POUNDS SHORING WORKING LOAD LIMIT 2,200 POUNDS MINIMUM WEIGHT 16.00 POUNDS UNIT DESIGN SHORING AND DECKING BEAM FITS",CONT_AWD_47QSSC24F2NRS_4732_GS07F253AA_4732
0001372612,"BOX, INC.","SEA BOX, INC.",False,47QSEA22F6VDV,2022-06-21,2022-11-03,192.4,General Services Administration,Federal Acquisition Service,"BEAM, CARGO CONTAINER: ITEM NAME BEAM, CARGO CONTAINER OVERALL WIDTH 96.125 INCHES OVERALL LENGTH 85.125 INCHES BASIS WEIGHT 16.00 POUNDS SHORING WORKLOAD LIMIT 2,200 LBS / 998 KG OVERALL COLOR SILVER OVERALL MATERIAL SOLID STEEL WITH AN ALUMINU",CONT_AWD_47QSEA22F6VDV_4732_GS02F0024P_4730
0001372612,"BOX, INC.","BLACK BOX SAFETY, INC",False,15B30224P00000239,2024-02-28,2024-06-30,162.36,Department of Justice,Federal Prison System / Bureau of Prisons,PAPER SPECS 3RD QTR FY24,CONT_AWD_15B30224P00000239_1540_-NONE-_-NONE-
0001372612,"BOX, INC.","SEA BOX, INC.",False,47QSWA26F0P3C,2026-02-26,2026-03-28,96.2,General Services Administration,Federal Acquisition Service,"BEAM, CARGO CONTAINER: ITEM NAME BEAM, CARGO CONTAINER OVERALL WIDTH 96.125 INCHES OVERALL LENGTH 85.125 INCHES BASIS WEIGHT 16.00 POUNDS SHORING WORKLOAD LIMIT 2,200 LBS / 998 KG OVERALL COLOR SILVER OVERALL MATERIAL SOLID STEEL WITH AN ALUMINUM COA",CONT_AWD_47QSWA26F0P3C_4732_GS07F253AA_4732
0001372612,"BOX, INC.","SEA BOX, INC.",False,47QSWA26F16XQ,2026-05-15,2026-06-14,94.36,General Services Administration,Federal Acquisition Service,"BEAM, CARGO CONTAINER: - SEE ATTACHED DOCUMENT FOR DETAIL.  SB6300/49857-10",CONT_AWD_47QSWA26F16XQ_4732_GS07F253AA_4732
0001372612,"BOX, INC.","SEA BOX, INC.",False,47QSWA26F15CV,2026-05-08,2026-06-07,94.36,General Services Administration,Federal Acquisition Service,"BEAM, CARGO CONTAINER: - SEE ATTACHED DOCUMENT FOR DETAIL.  P/N SB6300/49857-10",CONT_AWD_47QSWA26F15CV_4732_GS07F253AA_4732
0001372612,"BOX, INC.",BOX STATE,False,SPE1C125P1274,2025-09-25,2025-10-15,24.66,Department of Defense,Defense Logistics Agency,"8511666935!GLOVES,CHEMICAL PRO",CONT_AWD_SPE1C125P1274_9700_-NONE-_-NONE-
0001372612,"BOX, INC.",BOX STATE,False,SPE2DS26V5205,2026-05-01,2026-05-21,17.13,Department of Defense,Defense Logistics Agency,"8512086018!GLOVES,CHEMICAL AND",CONT_AWD_SPE2DS26V5205_9700_-NONE-_-NONE-
0001372612,"BOX, INC.",BOX STATE,False,SPE2DS25V158Y,2025-08-11,2025-08-18,15.75,Department of Defense,Defense Logistics Agency,"8511563589!GLOVES,CHEMICAL AND",CONT_AWD_SPE2DS25V158Y_9700_-NONE-_-NONE-
0001372612,"BOX, INC.",BOX STATE,False,SPE2DS25V264X,2025-09-26,2025-10-16,11.26,Department of Defense,Defense Logistics Agency,"8511671601!GLOVES,CHEMICAL AND",CONT_AWD_SPE2DS25V264X_9700_-NONE-_-NONE-
0001372612,"BOX, INC.",BOX STATE,False,SPE2DS25V176W,2025-08-18,2025-09-08,5.65,Department of Defense,Defense Logistics Agency,"8511581529!GLOVES,CHEMICAL AND",CONT_AWD_SPE2DS25V176W_9700_-NONE-_-NONE-
0001372612,"BOX, INC.",BOX STATE,False,SPE2DS25V3513,2025-01-06,2025-01-11,3.49,Department of Defense,Defense Logistics Agency,"8511108846!GLOVES,CHEMICAL AND",CONT_AWD_SPE2DS25V3513_9700_-NONE-_-NONE-
0001372612,"BOX, INC.","SEA BOX, INC.",False,70Z03726PLALB0046,2026-07-21,2026-07-16,0,Department of Homeland Security,U.S. Coast Guard,SHIPPING CONTAINERS,CONT_AWD_70Z03726PLALB0046_7008_-NONE-_-NONE-
0001372612,"BOX, INC.",OUTSIDE BOX LLC,False,W9124723F24B4,2023-09-01,2023-10-31,0,Department of Defense,Department of the Army,MA IDIQ VERTICAL MINIMUM GUARANTEE,CONT_AWD_W9124723F24B4_9700_W9124723D9013_9700
0001372612,"BOX, INC.","BLACK BOX SAFETY, INC",False,W911S224P1154,2024-08-22,2024-10-21,0,Department of Defense,Department of the Army,UNISON BUY #1178332_01 001/POINT BLANK OPERATOR GEN II,CONT_AWD_W911S224P1154_9700_-NONE-_-NONE-
0001372612,"BOX, INC.","SEA BOX, INC.",False,SPE8ED25P1125,2025-05-21,2025-09-18,0,Department of Defense,Defense Logistics Agency,"8511390297!CONTAINER,FREIGHT,G",CONT_AWD_SPE8ED25P1125_9700_-NONE-_-NONE-
0001372612,"BOX, INC.","SEA BOX, INC.",False,SPE8ED23P0267,2023-01-06,2023-04-30,0,Department of Defense,Defense Logistics Agency,"8509578821!CONTAINER,FREIGHT,U",CONT_AWD_SPE8ED23P0267_9700_-NONE-_-NONE-
0001372612,"BOX, INC.",INFINNYBOX LLC,False,SPE7M325V1587,2025-02-21,2025-06-23,0,Department of Defense,Defense Logistics Agency,8511204200!RELAY ASSEMBLY,CONT_AWD_SPE7M325V1587_9700_-NONE-_-NONE-
0001372612,"BOX, INC.",INFINNYBOX LLC,False,SPE7M025V3700,2025-02-12,2025-09-12,0,Department of Defense,Defense Logistics Agency,"8511184200!COUPLING HALF,QUICK",CONT_AWD_SPE7M025V3700_9700_-NONE-_-NONE-
0001372612,"BOX, INC.",INFINNYBOX LLC,False,SPE4A625PC560,2025-01-21,2025-07-21,0,Department of Defense,Defense Logistics Agency,"8511134252!SCREW,CAP,HEXAGON H",CONT_AWD_SPE4A625PC560_9700_-NONE-_-NONE-
0001372612,"BOX, INC.",BLACK BOX CORPORATION OF PENNSYLVANIA,False,SPE4A618P4954,2017-12-12,2018-01-11,0,Department of Defense,Defense Logistics Agency,"8505019956!CABLE ASSEMBLY,SPEC",CONT_AWD_SPE4A618P4954_9700_-NONE-_-NONE-
0001372612,"BOX, INC.","SEA BOX, INC.",False,N0024225F0013,2025-07-22,2025-08-22,0,Department of Defense,Department of the Navy,"CNRSW PORT OPS REQUEST CONEX BOXES AS NEEDED FOR STORAGE OF PIER EQUIPMENT IN A SAFE, SECURE, AND WATERTIGHT CONTAINERS. THIS WILL PROLONG EQUIPMENT CONDITIONS AND SUPPORT PIER OPERATION.",CONT_AWD_N0024225F0013_9700_GS07F253AA_4732
0001372612,"BOX, INC.","BLACK BOX SAFETY, INC",False,HQ003424F0233,2024-05-02,2025-05-01,0,Department of Defense,Washington Headquarters Services,BALLISTIC VEST AND ACCESSORIES SUPPORTING DEPARTMENT OF DEFENSE OFFICE OF INSPECTOR GENERAL (DOD OIG) DIVISION OF CRIMINAL INVESTIGATION (DCIS) AGENTS,CONT_AWD_HQ003424F0233_9700_47QSWA23D000Y_4732
0001372612,"BOX, INC.","SEA BOX, INC.",False,FA853424F0015,2024-02-05,2024-09-27,0,Department of Defense,Department of the Air Force,BASIC EXPEDITIONARY AIRFIELD RESOURCES (BEAR) HYGIENE SYSTEM,CONT_AWD_FA853424F0015_9700_GS07F253AA_4732
0001372612,"BOX, INC.","EZ BOX MACHINERY COMPANY, LLC",False,FA500022P0174,2022-09-29,2024-03-28,0,Department of Defense,Department of the Air Force,BOX MAKER,CONT_AWD_FA500022P0174_9700_-NONE-_-NONE-
0001372612,"BOX, INC.",BLACK BOX CORPORATION OF PENNSYLVANIA,False,DJBP0800S0610039,2017-07-21,2024-08-13,0,Department of Justice,Federal Prison System / Bureau of Prisons,IGF::OT::IGF MEDIA EQUIPMENT,CONT_AWD_DJBP0800S0610039_1540_GS35F0158J_4730
0001372612,"BOX, INC.","SEA BOX, INC.",False,47QSEA22F4GX6,2022-04-05,2022-09-23,0,General Services Administration,Federal Acquisition Service,"BEAM, CARGO CONTAINER: - SEE ATTACHED DOCUMENT FOR DETAIL.",CONT_AWD_47QSEA22F4GX6_4732_GS02F0024P_4730
0001372612,"BOX, INC.",ROYAL PAPER BOX CO. OF CALIFORNIA,False,2031JG24F00374,2024-08-09,2025-08-08,0,Department of the Treasury,United States Mint,2024 SLEEVE FLOWING HAIR 24K GOLD COIN - WEST POINT,CONT_AWD_2031JG24F00374_2044_2031JG21D00026_2044
0001372612,"BOX, INC.",ROYAL PAPER BOX CO. OF CALIFORNIA,False,2031JG24F00373,2024-08-09,2025-08-08,0,Department of the Treasury,United States Mint,2024 SLEEVE FLOWING HAIR SILVER MEDAL - PHILADELPHIA,CONT_AWD_2031JG24F00373_2044_2031JG21D00026_2044
0001372612,"BOX, INC.",SHOEBOX LTD,False,19AQMM23P0784,2023-09-22,2024-09-21,0,Department of State,Department of State,AUDIOMETRY SUBSCRIPTION,CONT_AWD_19AQMM23P0784_1900_-NONE-_-NONE-
0001372612,"BOX, INC.","BALLY REFRIGERATED BOXES, INC.",False,15B11122P00000133,2022-09-19,2023-12-14,0,Department of Justice,Federal Prison System / Bureau of Prisons,REQUEST FOR FREEZER DOOR (BALLY),CONT_AWD_15B11122P00000133_1540_-NONE-_-NONE-
0001372612,"BOX, INC.",OUTSIDE BOX LLC,False,140P3021F0246,2021-09-24,2022-07-30,0,Department of the Interior,National Park Service,GWMP: PAVEMENT REPAIRS ON MT VERNON TRAIL,CONT_AWD_140P3021F0246_1443_140P3018C0005_1443
0001372612,"BOX, INC.",COLUMBIA CORRUGATED BOX CO INC,False,1202SC21K8001,2020-10-19,2020-10-30,0,Department of Agriculture,Forest Service,RAC CACHE -FIRE EMERGENCY- NFES BOXES,CONT_AWD_1202SC21K8001_12C2_-NONE-_-NONE-
