layer,company_a,company_b,weight
news_comention,ACIW,ADSK,0.25
news_comention,ACIW,ASAN,0.25
news_comention,ACIW,AVPT,0.25
news_comention,ACIW,BAND,1.0
news_comention,ACIW,CERT,0.5
news_comention,ACIW,DUOL,0.333333
news_comention,ACIW,ORCL,1.0
news_comention,ACIW,PARA,1.25
news_comention,ACIW,QLYS,0.5
news_comention,ACIW,QTWO,1.0
news_comention,ACIW,SOUN,0.25
news_comention,ACIW,SPT,0.25
news_comention,ACIW,TEAM,0.25
news_comention,ACIW,TWLO,0.333333
news_comention,ACIW,VEEV,0.25
news_comention,ACIW,VERX,0.333333
news_comention,ACIW,XYZ,1.0
news_comention,ADBE,ADSK,27.912302
news_comention,ADBE,AI,5.917857
news_comention,ADBE,AISP,0.45
news_comention,ADBE,AMPL,5.25
news_comention,ADBE,APPF,0.5
news_comention,ADBE,APPN,1.0
news_comention,ADBE,ASAN,5.616667
news_comention,ADBE,AUID,1.0
news_comention,ADBE,AVPT,0.5
news_comention,ADBE,BAND,0.2
news_comention,ADBE,BB,3.708333
news_comention,ADBE,BILL,1.811111
news_comention,ADBE,BL,10.111111
news_comention,ADBE,BLKB,2.0
news_comention,ADBE,BOX,2.158333
news_comention,ADBE,BRZE,4.866667
news_comention,ADBE,BSY,2.0
news_comention,ADBE,CCLD,1.0
news_comention,ADBE,CDNS,18.45
news_comention,ADBE,COUR,0.583333
news_comention,ADBE,CRM,148.015873
news_comention,ADBE,CRNC,0.333333
news_comention,ADBE,CRWD,31.406746
news_comention,ADBE,CRWV,2.333333
news_comention,ADBE,CVLT,0.5
news_comention,ADBE,CXM,0.5
news_comention,ADBE,DBX,10.977778
news_comention,ADBE,DDD,0.833333
news_comention,ADBE,DDOG,6.497222
news_comention,ADBE,DOCU,42.705159
news_comention,ADBE,DT,0.25
news_comention,ADBE,DUOL,1.533333
news_comention,ADBE,DUOT,0.111111
news_comention,ADBE,EGAN,1.0
news_comention,ADBE,ESTC,0.111111
news_comention,ADBE,EVCM,1.333333
news_comention,ADBE,FIG,32.833333
news_comention,ADBE,FNGR,1.0
news_comention,ADBE,FRSH,1.5
news_comention,ADBE,FSLY,2.0
news_comention,ADBE,GDYN,4.0
news_comention,ADBE,GEN,0.5
news_comention,ADBE,GTLB,3.5
news_comention,ADBE,GWRE,1.703968
news_comention,ADBE,HUBS,6.427778
news_comention,ADBE,INTU,24.895238
news_comention,ADBE,KLTR,2.4
news_comention,ADBE,KVYO,0.783333
news_comention,ADBE,LAW,0.333333
news_comention,ADBE,MANH,2.5
news_comention,ADBE,MBLY,0.236111
news_comention,ADBE,MDB,5.034524
news_comention,ADBE,MQ,0.2
news_comention,ADBE,MSFT,258.243651
news_comention,ADBE,NET,5.541667
news_comention,ADBE,NOW,35.131349
news_comention,ADBE,NTNX,1.875
news_comention,ADBE,OKTA,14.302778
news_comention,ADBE,ORCL,129.952381
news_comention,ADBE,PARA,2.666667
news_comention,ADBE,PATH,16.811111
news_comention,ADBE,PAYC,3.25
news_comention,ADBE,PCOR,0.7
news_comention,ADBE,PD,5.833333
news_comention,ADBE,PLTR,22.073413
news_comention,ADBE,PRCH,1.0
news_comention,ADBE,PRGS,2.0
news_comention,ADBE,PTC,2.2
news_comention,ADBE,QLYS,0.75
news_comention,ADBE,QTWO,0.333333
news_comention,ADBE,QUBT,1.0
news_comention,ADBE,RBLX,4.533333
news_comention,ADBE,RBRK,0.916667
news_comention,ADBE,S,6.747222
news_comention,ADBE,SHOP,37.961111
news_comention,ADBE,SKIL,0.333333
news_comention,ADBE,SNOW,21.563492
news_comention,ADBE,SNPS,21.241667
news_comention,ADBE,SOUN,2.208333
news_comention,ADBE,SPT,0.583333
news_comention,ADBE,TDC,5.45
news_comention,ADBE,TEAM,7.644444
news_comention,ADBE,TENB,0.5
news_comention,ADBE,TTAN,0.333333
news_comention,ADBE,TTWO,4.666667
news_comention,ADBE,TWLO,7.413889
news_comention,ADBE,TYL,1.267857
news_comention,ADBE,U,21.15
news_comention,ADBE,UPLD,0.2
news_comention,ADBE,VEEV,3.795635
news_comention,ADBE,XYZ,0.5
news_comention,ADBE,YOU,1.0
news_comention,ADSK,AEYE,1.0
news_comention,ADSK,AI,1.160714
news_comention,ADSK,AMST,0.25
news_comention,ADSK,APPF,1.0
news_comention,ADSK,ASAN,0.5
news_comention,ADSK,AVPT,0.75
news_comention,ADSK,BBAI,3.642857
news_comention,ADSK,BILL,1.25
news_comention,ADSK,BL,1.0
news_comention,ADSK,BLKB,0.5
news_comention,ADSK,BOX,0.708333
news_comention,ADSK,BSY,5.5
news_comention,ADSK,CDNS,6.033333
news_comention,ADSK,CRM,22.555159
news_comention,ADSK,CRWD,10.436111
news_comention,ADSK,CRWV,0.375
news_comention,ADSK,CXAI,1.0
news_comention,ADSK,CXM,0.142857
news_comention,ADSK,DBX,1.333333
news_comention,ADSK,DDD,1.833333
news_comention,ADSK,DDOG,1.583333
news_comention,ADSK,DOCU,1.392857
news_comention,ADSK,ESTC,0.5
news_comention,ADSK,FSLY,0.5
news_comention,ADSK,GTLB,0.25
news_comention,ADSK,GWRE,1.811111
news_comention,ADSK,HUBS,0.75
news_comention,ADSK,INTU,14.934524
news_comention,ADSK,KLTR,0.5
news_comention,ADSK,MANH,0.5
news_comention,ADSK,MBLY,1.25
news_comention,ADSK,MDB,1.916667
news_comention,ADSK,MKTW,1.0
news_comention,ADSK,MSFT,17.681349
news_comention,ADSK,MSGM,2.0
news_comention,ADSK,NET,1.267857
news_comention,ADSK,NOW,3.846825
news_comention,ADSK,NTNX,0.767857
news_comention,ADSK,OKTA,1.875
news_comention,ADSK,ORCL,7.239683
news_comention,ADSK,PARA,0.333333
news_comention,ADSK,PATH,1.125
news_comention,ADSK,PAYC,0.9
news_comention,ADSK,PCOR,3.333333
news_comention,ADSK,PLTR,3.777778
news_comention,ADSK,PRCH,2.0
news_comention,ADSK,PRGS,1.0
news_comention,ADSK,PTC,9.566667
news_comention,ADSK,QTWO,0.5
news_comention,ADSK,RBLX,2.416667
news_comention,ADSK,RBRK,0.333333
news_comention,ADSK,S,2.125
news_comention,ADSK,SHOP,2.25
news_comention,ADSK,SNOW,11.017857
news_comention,ADSK,SNPS,5.166667
news_comention,ADSK,SOUN,0.85119
news_comention,ADSK,TEAM,3.25
news_comention,ADSK,TTWO,1.25
news_comention,ADSK,TWLO,5.791667
news_comention,ADSK,TYL,0.325
news_comention,ADSK,U,9.666667
news_comention,ADSK,VEEV,0.819444
news_comention,ADSK,VRNS,0.5
news_comention,AEYE,AISP,2.0
news_comention,AEYE,AWRE,0.333333
news_comention,AEYE,BB,1.0
news_comention,AEYE,BBAI,2.0
news_comention,AEYE,BL,1.0
news_comention,AEYE,CDNS,1.0
news_comention,AEYE,CRWD,0.5
news_comention,AEYE,DDD,1.0
news_comention,AEYE,EVCM,1.0
news_comention,AEYE,FSLY,1.0
news_comention,AEYE,MANH,1.0
news_comention,AEYE,NTNX,1.0
news_comention,AEYE,NTWK,0.333333
news_comention,AEYE,OKTA,1.0
news_comention,AEYE,PD,1.0
news_comention,AEYE,RDVT,1.0
news_comention,AEYE,S,0.5
news_comention,AEYE,SMSI,0.333333
news_comention,AEYE,U,1.0
news_comention,AEYE,VEEV,2.0
news_comention,AEYE,VERX,1.0
news_comention,AI,AISP,0.5
news_comention,AI,AMST,0.5
news_comention,AI,APPN,1.333333
news_comention,AI,ASAN,1.666667
news_comention,AI,BB,2.083333
news_comention,AI,BBAI,41.509524
news_comention,AI,BILL,2.5
news_comention,AI,BL,1.166667
news_comention,AI,BLZE,1.0
news_comention,AI,BOX,4.825
news_comention,AI,BRZE,0.5
news_comention,AI,CDNS,0.25
news_comention,AI,CRM,30.136905
news_comention,AI,CRNC,0.392857
news_comention,AI,CRWD,12.191667
news_comention,AI,CRWV,1.0
news_comention,AI,CXAI,2.666667
news_comention,AI,CXM,3.259524
news_comention,AI,DBX,0.333333
news_comention,AI,DDD,0.25
news_comention,AI,DDOG,5.184524
news_comention,AI,DOCU,8.416667
news_comention,AI,DT,0.166667
news_comention,AI,DUOL,3.65
news_comention,AI,DUOT,0.833333
news_comention,AI,ESTC,1.0
news_comention,AI,EXFY,0.5
news_comention,AI,FRSH,1.5
news_comention,AI,FSLY,2.0
news_comention,AI,GDYN,1.0
news_comention,AI,GTLB,1.783333
news_comention,AI,HUBS,1.45
news_comention,AI,IDAI,0.833333
news_comention,AI,INTA,0.25
news_comention,AI,INTU,0.642857
news_comention,AI,IVDA,0.25
news_comention,AI,MBLY,1.125
news_comention,AI,MDB,5.542857
news_comention,AI,MSFT,128.097619
news_comention,AI,MSGM,1.666667
news_comention,AI,NCNO,0.533333
news_comention,AI,NET,4.55119
news_comention,AI,NOW,3.560714
news_comention,AI,NTNX,5.92619
news_comention,AI,OKTA,8.2
news_comention,AI,ORCL,13.888095
news_comention,AI,PARA,0.142857
news_comention,AI,PATH,21.25
news_comention,AI,PAYC,0.166667
news_comention,AI,PLTR,98.760714
news_comention,AI,PRCH,0.25
news_comention,AI,QUBT,1.25
news_comention,AI,RBLX,2.0
news_comention,AI,RBRK,0.392857
news_comention,AI,RCAT,0.333333
news_comention,AI,RPD,0.333333
news_comention,AI,S,8.733333
news_comention,AI,SHOP,5.4
news_comention,AI,SNOW,14.971429
news_comention,AI,SNPS,1.95
news_comention,AI,SOUN,29.92619
news_comention,AI,SPSC,0.333333
news_comention,AI,SPT,0.583333
news_comention,AI,SSTI,0.333333
news_comention,AI,TEAM,1.533333
news_comention,AI,TENB,1.5
news_comention,AI,TTWO,1.333333
news_comention,AI,TWLO,4.625
news_comention,AI,U,3.241667
news_comention,AI,VEEV,3.8
news_comention,AI,VERX,0.65
news_comention,AI,YOU,0.166667
news_comention,AI,ZETA,0.342857
news_comention,AISP,BLIN,1.0
news_comention,AISP,BRZE,0.45
news_comention,AISP,CRM,0.2
news_comention,AISP,CRWD,2.0
news_comention,AISP,DDD,0.25
news_comention,AISP,GTLB,0.25
news_comention,AISP,HUBS,0.25
news_comention,AISP,INTU,0.25
news_comention,AISP,KVYO,0.2
news_comention,AISP,MDB,0.25
news_comention,AISP,SOUN,0.5
news_comention,AISP,SPT,0.25
news_comention,AISP,UPLD,0.2
news_comention,ALKT,APPF,0.333333
news_comention,ALKT,BILL,0.333333
news_comention,ALKT,DBX,0.5
news_comention,ALKT,DDOG,1.0
news_comention,ALKT,EVCM,1.0
news_comention,ALKT,FSLY,1.0
news_comention,ALKT,GWRE,0.5
news_comention,ALKT,HUBS,1.0
news_comention,ALKT,NCNO,0.333333
news_comention,ALKT,OKTA,0.333333
news_comention,ALKT,ORCL,1.0
news_comention,ALKT,PCTY,0.5
news_comention,ALKT,QTWO,2.333333
news_comention,ALKT,RBLX,1.0
news_comention,ALKT,SHOP,1.0
news_comention,ALKT,TEAM,1.333333
news_comention,ALKT,U,0.5
news_comention,ALRM,AVPT,1.0
news_comention,ALRM,HUBS,0.333333
news_comention,ALRM,LAW,2.0
news_comention,ALRM,MSFT,0.5
news_comention,ALRM,PLTR,1.0
news_comention,ALRM,RBLX,0.5
news_comention,ALRM,SOUN,0.333333
news_comention,ALRM,TTWO,1.0
news_comention,ALRM,TWLO,0.5
news_comention,ALRM,U,0.833333
news_comention,ALRM,YOU,2.0
news_comention,AMPL,BSY,0.25
news_comention,AMPL,COUR,0.25
news_comention,AMPL,CRM,1.083333
news_comention,AMPL,CRWD,0.5
news_comention,AMPL,DBX,0.5
news_comention,AMPL,DUOL,1.0
news_comention,AMPL,ESTC,1.0
news_comention,AMPL,EXFY,0.25
news_comention,AMPL,FROG,0.392857
news_comention,AMPL,FRSH,0.392857
news_comention,AMPL,FSLY,2.25
news_comention,AMPL,GTLB,1.0
news_comention,AMPL,HUBS,0.25
news_comention,AMPL,INSE,3.5
news_comention,AMPL,LAW,0.142857
news_comention,AMPL,MQ,0.5
news_comention,AMPL,MSFT,0.47619
news_comention,AMPL,NOW,0.833333
news_comention,AMPL,OKTA,0.142857
news_comention,AMPL,PATH,1.0
news_comention,AMPL,PLTR,2.0
news_comention,AMPL,PRCH,0.25
news_comention,AMPL,QTWO,0.25
news_comention,AMPL,RPD,0.142857
news_comention,AMPL,S,1.0
news_comention,AMPL,SHOP,0.25
news_comention,AMPL,SNOW,3.75
news_comention,AMPL,SOUN,1.0
news_comention,AMPL,SPSC,0.5
news_comention,AMPL,SPT,0.5
news_comention,AMPL,SSNC,0.25
news_comention,AMPL,TWLO,4.25
news_comention,AMPL,VEEV,0.142857
news_comention,AMPL,VRNS,0.25
news_comention,AMPL,WK,0.5
news_comention,AMST,BBAI,1.833333
news_comention,AMST,BOX,0.25
news_comention,AMST,CRM,0.75
news_comention,AMST,CXAI,0.333333
news_comention,AMST,FNGR,0.5
news_comention,AMST,FSLY,1.0
news_comention,AMST,IDAI,1.333333
news_comention,AMST,INTU,1.0
news_comention,AMST,IVDA,1.5
news_comention,AMST,MSFT,0.5
news_comention,AMST,MSGM,0.5
news_comention,AMST,MYPS,2.0
news_comention,AMST,ORCL,3.0
news_comention,AMST,PATH,0.5
news_comention,AMST,PLTR,1.0
news_comention,AMST,PRCH,1.0
news_comention,AMST,PXLW,1.0
news_comention,AMST,RBLX,2.0
news_comention,AMST,S,1.0
news_comention,AMST,SNOW,0.25
news_comention,APPF,APPN,1.0
news_comention,APPF,ASAN,0.333333
news_comention,APPF,BILL,0.333333
news_comention,APPF,BKYI,1.0
news_comention,APPF,BL,1.0
news_comention,APPF,COUR,1.0
news_comention,APPF,CRNC,1.0
news_comention,APPF,CRWD,0.75
news_comention,APPF,CVLT,0.5
news_comention,APPF,DDOG,1.5
news_comention,APPF,DOCU,1.0
news_comention,APPF,EGAN,0.333333
news_comention,APPF,GDYN,1.0
news_comention,APPF,GWRE,1.0
news_comention,APPF,IIIV,0.333333
news_comention,APPF,INTU,1.0
news_comention,APPF,MANH,1.0
news_comention,APPF,MSFT,2.25
news_comention,APPF,NCNO,1.0
news_comention,APPF,NET,3.5
news_comention,APPF,OKTA,0.333333
news_comention,APPF,ORCL,1.0
news_comention,APPF,PCOR,1.0
news_comention,APPF,PCTY,1.0
news_comention,APPF,PD,1.5
news_comention,APPF,PLTR,0.25
news_comention,APPF,PRCH,1.0
news_comention,APPF,S,0.5
news_comention,APPF,SHOP,1.0
news_comention,APPF,SNPS,1.0
news_comention,APPF,TEAM,2.5
news_comention,APPF,TWLO,1.5
news_comention,APPF,TYL,1.0
news_comention,APPF,U,1.25
news_comention,APPF,WK,0.5
news_comention,APPN,ASAN,0.25
news_comention,APPN,BAND,0.111111
news_comention,APPN,BB,0.503968
news_comention,APPN,BL,0.142857
news_comention,APPN,BOX,1.0
news_comention,APPN,COUR,0.25
news_comention,APPN,CRM,3.733333
news_comention,APPN,CRWD,1.25
news_comention,APPN,DBX,1.0
news_comention,APPN,DDD,0.25
news_comention,APPN,DDOG,2.25
news_comention,APPN,DH,0.452381
news_comention,APPN,DOCU,1.833333
news_comention,APPN,DT,0.75
news_comention,APPN,DUOL,0.5
news_comention,APPN,ESTC,0.142857
news_comention,APPN,FNGR,0.111111
news_comention,APPN,FROG,1.75
news_comention,APPN,FRSH,0.333333
news_comention,APPN,FSLY,2.25
news_comention,APPN,GWRE,1.5
news_comention,APPN,HUBS,0.25
news_comention,APPN,INTA,1.0
news_comention,APPN,INTU,0.25
news_comention,APPN,IVDA,0.142857
news_comention,APPN,MDB,1.5
news_comention,APPN,MQ,0.25
news_comention,APPN,MSFT,6.677778
news_comention,APPN,NCNO,0.142857
news_comention,APPN,NET,0.956349
news_comention,APPN,NOW,1.15
news_comention,APPN,OKTA,1.809524
news_comention,APPN,ORCL,0.4
news_comention,APPN,PATH,3.237302
news_comention,APPN,PD,0.25
news_comention,APPN,PLTR,1.083333
news_comention,APPN,RBLX,0.587302
news_comention,APPN,RPD,0.333333
news_comention,APPN,S,0.142857
news_comention,APPN,SHOP,2.75
news_comention,APPN,SNOW,1.892857
news_comention,APPN,SOUN,1.003968
news_comention,APPN,SPT,0.253968
news_comention,APPN,TDC,0.25
news_comention,APPN,TEAM,1.952381
news_comention,APPN,TWLO,2.035714
news_comention,APPN,U,1.0
news_comention,APPN,YOU,1.0
news_comention,ASAN,AVPT,0.366667
news_comention,ASAN,BAND,1.0
news_comention,ASAN,BILL,0.285714
news_comention,ASAN,BL,0.166667
news_comention,ASAN,BOX,4.333333
news_comention,ASAN,BRZE,0.833333
news_comention,ASAN,COUR,0.142857
news_comention,ASAN,CRM,7.87619
news_comention,ASAN,CRNC,0.333333
news_comention,ASAN,CRWD,6.366667
news_comention,ASAN,CXAI,1.0
news_comention,ASAN,CXM,1.0
news_comention,ASAN,DDOG,1.833333
news_comention,ASAN,DOCU,7.15
news_comention,ASAN,DT,0.142857
news_comention,ASAN,DUOL,0.5
news_comention,ASAN,EGAN,0.333333
news_comention,ASAN,ESTC,0.809524
news_comention,ASAN,EVCM,0.366667
news_comention,ASAN,EXFY,0.366667
news_comention,ASAN,FROG,0.533333
news_comention,ASAN,FRSH,0.142857
news_comention,ASAN,FSLY,2.0
news_comention,ASAN,GDYN,1.083333
news_comention,ASAN,GTLB,3.366667
news_comention,ASAN,GWRE,0.333333
news_comention,ASAN,HUBS,2.759524
news_comention,ASAN,IDAI,1.25
news_comention,ASAN,IDN,0.5
news_comention,ASAN,IIIV,0.333333
news_comention,ASAN,INLX,0.5
news_comention,ASAN,INTA,1.583333
news_comention,ASAN,INTU,0.583333
news_comention,ASAN,IVDA,0.833333
news_comention,ASAN,LAW,1.0
news_comention,ASAN,MDB,9.17619
news_comention,ASAN,MSFT,4.542857
news_comention,ASAN,MSGM,0.75
news_comention,ASAN,MYPS,0.25
news_comention,ASAN,NCNO,1.0
news_comention,ASAN,NET,0.892857
news_comention,ASAN,NOW,0.833333
news_comention,ASAN,NTNX,1.142857
news_comention,ASAN,OKTA,0.666667
news_comention,ASAN,ORCL,10.166667
news_comention,ASAN,PARA,0.25
news_comention,ASAN,PATH,2.95
news_comention,ASAN,PAYC,1.0
news_comention,ASAN,PCOR,0.25
news_comention,ASAN,PD,1.666667
news_comention,ASAN,PDFS,1.366667
news_comention,ASAN,PLTR,2.733333
news_comention,ASAN,PRCH,1.0
news_comention,ASAN,PTC,0.142857
news_comention,ASAN,QLYS,0.5
news_comention,ASAN,QTWO,0.25
news_comention,ASAN,RBLX,2.2
news_comention,ASAN,S,5.642857
news_comention,ASAN,SAIL,1.0
news_comention,ASAN,SHOP,3.261905
news_comention,ASAN,SKIL,1.083333
news_comention,ASAN,SNAL,0.866667
news_comention,ASAN,SNOW,11.42619
news_comention,ASAN,SNPS,1.833333
news_comention,ASAN,SOUN,4.5
news_comention,ASAN,SPT,1.083333
news_comention,ASAN,TEAM,8.316667
news_comention,ASAN,TENB,0.166667
news_comention,ASAN,TWLO,1.142857
news_comention,ASAN,U,2.842857
news_comention,ASAN,VEEV,4.5
news_comention,ASAN,VERX,0.833333
news_comention,ASAN,WK,1.142857
news_comention,AUID,HUBS,0.333333
news_comention,AUID,MSFT,1.0
news_comention,AUID,MSGM,1.0
news_comention,AUID,QLYS,0.333333
news_comention,AUID,RPD,0.333333
news_comention,AUID,SKIL,1.0
news_comention,AVPT,BB,0.5
news_comention,AVPT,CRM,0.5
news_comention,AVPT,CRWD,0.416667
news_comention,AVPT,DUOL,0.666667
news_comention,AVPT,EVCM,0.366667
news_comention,AVPT,EXFY,0.366667
news_comention,AVPT,HUBS,1.0
news_comention,AVPT,MSFT,1.5
news_comention,AVPT,NET,0.416667
news_comention,AVPT,OKTA,0.416667
news_comention,AVPT,PDFS,0.366667
news_comention,AVPT,S,0.416667
news_comention,AVPT,SNAL,0.366667
news_comention,AVPT,SOUN,0.25
news_comention,AVPT,SPT,0.166667
news_comention,AVPT,SSTI,1.0
news_comention,AVPT,TEAM,0.5
news_comention,AVPT,TTWO,0.166667
news_comention,AVPT,TWLO,0.5
news_comention,AVPT,VEEV,0.25
news_comention,AWRE,NTWK,0.333333
news_comention,AWRE,PRCH,1.0
news_comention,AWRE,SMSI,0.333333
news_comention,BAND,BB,1.111111
news_comention,BAND,BLKB,1.0
news_comention,BAND,BOX,0.2
news_comention,BAND,BRZE,1.0
news_comention,BAND,CCSI,0.5
news_comention,BAND,CDNS,2.2
news_comention,BAND,CERT,1.0
news_comention,BAND,CRM,0.333333
news_comention,BAND,DBX,0.2
news_comention,BAND,DDD,2.0
news_comention,BAND,DUOL,0.333333
news_comention,BAND,EXFY,0.2
news_comention,BAND,FNGR,0.111111
news_comention,BAND,FSLY,1.0
news_comention,BAND,HUBS,1.0
news_comention,BAND,INTU,4.0
news_comention,BAND,KLTR,0.2
news_comention,BAND,MSFT,3.311111
news_comention,BAND,NET,0.311111
news_comention,BAND,NTNX,7.5
news_comention,BAND,OKTA,0.333333
news_comention,BAND,PARA,1.0
news_comention,BAND,PATH,0.111111
news_comention,BAND,RBLX,0.111111
news_comention,BAND,SNPS,1.0
news_comention,BAND,SOUN,0.111111
news_comention,BAND,SPT,0.111111
news_comention,BAND,TEAM,0.5
news_comention,BAND,TWLO,10.2
news_comention,BAND,TYL,2.0
news_comention,BAND,U,2.5
news_comention,BAND,UPLD,0.2
news_comention,BB,BBAI,1.0
news_comention,BB,BLKB,18.833333
news_comention,BB,BRZE,1.2
news_comention,BB,CDNS,5.333333
news_comention,BB,COUR,0.25
news_comention,BB,CRM,4.125
news_comention,BB,CRWD,11.625
news_comention,BB,CXAI,1.0
news_comention,BB,DBX,0.5
news_comention,BB,DDD,0.25
news_comention,BB,DOCU,0.333333
news_comention,BB,DT,0.2
news_comention,BB,DUOL,0.5
news_comention,BB,FNGR,0.111111
news_comention,BB,FSLY,1.5
news_comention,BB,GEN,1.0
news_comention,BB,GWRE,1.0
news_comention,BB,HUBS,0.583333
news_comention,BB,INTA,0.25
news_comention,BB,IVDA,0.142857
news_comention,BB,MANH,1.0
news_comention,BB,MBLY,3.125
news_comention,BB,MDB,1.25
news_comention,BB,MQ,1.0
news_comention,BB,MSFT,11.652778
news_comention,BB,MYPS,0.2
news_comention,BB,NET,0.378968
news_comention,BB,NOW,1.0
news_comention,BB,NTNX,1.2
news_comention,BB,ORCL,2.0
news_comention,BB,PARA,0.333333
news_comention,BB,PATH,2.837302
news_comention,BB,PLTR,7.5
news_comention,BB,PRGS,2.0
news_comention,BB,PTC,1.333333
news_comention,BB,RBLX,1.087302
news_comention,BB,S,1.125
news_comention,BB,SAIL,1.5
news_comention,BB,SHOP,0.5
news_comention,BB,SMSI,1.333333
news_comention,BB,SNOW,0.625
news_comention,BB,SNPS,13.5
news_comention,BB,SOUN,0.253968
news_comention,BB,SPT,0.253968
news_comention,BB,TWLO,0.5
news_comention,BB,U,1.333333
news_comention,BB,VRNS,0.2
news_comention,BB,ZETA,0.333333
news_comention,BBAI,BILL,0.125
news_comention,BBAI,BOX,1.333333
news_comention,BBAI,CERT,0.325
news_comention,BBAI,CRM,2.0
news_comention,BBAI,CRNC,0.333333
news_comention,BBAI,CXAI,1.0
news_comention,BBAI,CXM,0.392857
news_comention,BBAI,DDOG,0.333333
news_comention,BBAI,DH,0.366667
news_comention,BBAI,DOCU,1.333333
news_comention,BBAI,FRSH,0.833333
news_comention,BBAI,FSLY,0.5
news_comention,BBAI,GDYN,2.0
news_comention,BBAI,GTLB,2.0
news_comention,BBAI,GWRE,0.5
news_comention,BBAI,HUBS,0.325
news_comention,BBAI,IDAI,0.666667
news_comention,BBAI,IVDA,0.25
news_comention,BBAI,MDB,3.333333
news_comention,BBAI,MSFT,9.759524
news_comention,BBAI,MSGM,0.5
news_comention,BBAI,MYSZ,0.333333
news_comention,BBAI,NCNO,0.333333
news_comention,BBAI,NET,2.009524
news_comention,BBAI,NOW,1.5
news_comention,BBAI,OKTA,0.333333
news_comention,BBAI,ORCL,2.342857
news_comention,BBAI,PATH,1.333333
news_comention,BBAI,PCTY,0.366667
news_comention,BBAI,PDYN,0.5
news_comention,BBAI,PLTR,82.7
news_comention,BBAI,PRCH,1.325
news_comention,BBAI,QUBT,1.25
news_comention,BBAI,RBLX,1.7
news_comention,BBAI,RCAT,1.0
news_comention,BBAI,S,0.625
news_comention,BBAI,SHOP,0.625
news_comention,BBAI,SNOW,0.5
news_comention,BBAI,SOUN,29.17619
news_comention,BBAI,SSTI,0.5
news_comention,BBAI,TDC,0.666667
news_comention,BBAI,TEAM,0.7
news_comention,BBAI,TTAN,0.5
news_comention,BBAI,TTWO,0.333333
news_comention,BBAI,TWLO,0.366667
news_comention,BBAI,U,1.958333
news_comention,BBAI,VRNS,2.0
news_comention,BBAI,VWAV,0.5
news_comention,BBAI,WK,0.325
news_comention,BILL,BL,4.166667
news_comention,BILL,BLZE,1.0
news_comention,BILL,BOX,1.0
news_comention,BILL,BRZE,0.333333
news_comention,BILL,BSY,14.333333
news_comention,BILL,CDNS,5.833333
news_comention,BILL,CERT,0.125
news_comention,BILL,COUR,0.642857
news_comention,BILL,CRM,0.861111
news_comention,BILL,CRWD,7.5
news_comention,BILL,CRWV,0.5
news_comention,BILL,CVLT,0.2
news_comention,BILL,DBX,0.5
news_comention,BILL,DDOG,3.352381
news_comention,BILL,DH,0.833333
news_comention,BILL,DOCU,1.753968
news_comention,BILL,DT,0.47619
news_comention,BILL,DUOL,2.0
news_comention,BILL,EGAN,0.333333
news_comention,BILL,ESTC,0.142857
news_comention,BILL,EVCM,1.0
news_comention,BILL,EXFY,0.47619
news_comention,BILL,FROG,1.0
news_comention,BILL,FSLY,15.166667
news_comention,BILL,GDYN,0.47619
news_comention,BILL,GEN,0.5
news_comention,BILL,GTLB,1.666667
news_comention,BILL,GWRE,0.142857
news_comention,BILL,HUBS,3.164683
news_comention,BILL,IDAI,1.0
news_comention,BILL,INSE,1.0
news_comention,BILL,INTA,1.0
news_comention,BILL,INTU,9.453968
news_comention,BILL,MDB,0.819048
news_comention,BILL,MQ,4.892857
news_comention,BILL,MSFT,4.944444
news_comention,BILL,NCNO,0.142857
news_comention,BILL,NET,3.928571
news_comention,BILL,NOW,1.2
news_comention,BILL,OKTA,2.166667
news_comention,BILL,ORCL,3.583333
news_comention,BILL,PARA,1.833333
news_comention,BILL,PATH,0.47619
news_comention,BILL,PAYC,1.0
news_comention,BILL,PCTY,1.5
news_comention,BILL,PLTR,0.7
news_comention,BILL,PRCH,1.125
news_comention,BILL,PTC,0.25
news_comention,BILL,RBLX,1.166667
news_comention,BILL,S,2.378968
news_comention,BILL,SAIL,0.25
news_comention,BILL,SHOP,10.390873
news_comention,BILL,SNOW,2.785714
news_comention,BILL,SNPS,2.0
news_comention,BILL,SPT,0.416667
news_comention,BILL,TDC,2.533333
news_comention,BILL,TEAM,4.142857
news_comention,BILL,TTWO,1.2
news_comention,BILL,TWLO,21.277778
news_comention,BILL,U,2.553571
news_comention,BILL,VEEV,3.333333
news_comention,BILL,VRNS,0.333333
news_comention,BILL,WEAV,0.833333
news_comention,BILL,WK,2.267857
news_comention,BILL,XYZ,1.0
news_comention,BKYI,DDD,0.5
news_comention,BKYI,EGAN,1.0
news_comention,BKYI,MSFT,0.5
news_comention,BKYI,MYSZ,2.0
news_comention,BL,BLKB,8.0
news_comention,BL,BSY,0.666667
news_comention,BL,CRM,3.277778
news_comention,BL,CRWD,6.111111
news_comention,BL,DBX,4.833333
news_comention,BL,DDOG,2.0
news_comention,BL,DH,0.142857
news_comention,BL,DUOT,0.111111
news_comention,BL,EVCM,0.333333
news_comention,BL,EXFY,2.0
news_comention,BL,FRSH,1.333333
news_comention,BL,GEN,0.5
news_comention,BL,GTLB,1.166667
news_comention,BL,GWRE,0.25
news_comention,BL,IIIV,0.25
news_comention,BL,KVYO,0.2
news_comention,BL,MBLY,0.111111
news_comention,BL,MDB,0.5
news_comention,BL,MSFT,11.5
news_comention,BL,NCNO,0.2
news_comention,BL,NET,3.142857
news_comention,BL,NOW,2.416667
news_comention,BL,OKTA,0.309524
news_comention,BL,ORCL,0.361111
news_comention,BL,PAYC,3.25
news_comention,BL,PCTY,1.0
news_comention,BL,PLTR,0.111111
news_comention,BL,QLYS,1.25
news_comention,BL,RBLX,0.333333
news_comention,BL,RPD,0.25
news_comention,BL,S,1.277778
news_comention,BL,SHOP,8.444444
news_comention,BL,SNOW,1.67619
news_comention,BL,SNPS,1.0
news_comention,BL,SPT,0.25
news_comention,BL,SSTI,0.333333
news_comention,BL,TDC,0.333333
news_comention,BL,TEAM,0.642857
news_comention,BL,TENB,2.166667
news_comention,BL,TTWO,0.333333
news_comention,BL,TWLO,10.809524
news_comention,BL,TYL,1.5
news_comention,BL,U,0.866667
news_comention,BL,VEEV,0.5
news_comention,BL,VERX,0.5
news_comention,BL,WEAV,0.2
news_comention,BL,WK,1.5
news_comention,BLIN,CRM,1.0
news_comention,BLIN,GEG,1.0
news_comention,BLIN,GWRE,1.0
news_comention,BLIN,PATH,1.0
news_comention,BLIN,SOUN,1.0
news_comention,BLIN,SPT,1.0
news_comention,BLKB,CDNS,26.333333
news_comention,BLKB,CRM,10.333333
news_comention,BLKB,CRWD,1.5
news_comention,BLKB,CVLT,0.5
news_comention,BLKB,DBX,52.0
news_comention,BLKB,FROG,0.333333
news_comention,BLKB,GEN,0.5
news_comention,BLKB,GTLB,0.333333
news_comention,BLKB,GWRE,4.5
news_comention,BLKB,INTU,1.0
news_comention,BLKB,MANH,16.0
news_comention,BLKB,MDB,0.333333
news_comention,BLKB,MSFT,12.833333
news_comention,BLKB,MSGM,1.0
news_comention,BLKB,NET,1.0
news_comention,BLKB,NOW,1.0
news_comention,BLKB,ORCL,6.333333
news_comention,BLKB,PAYC,0.5
news_comention,BLKB,PCOR,0.5
news_comention,BLKB,PCTY,0.5
news_comention,BLKB,PLTR,1.0
news_comention,BLKB,PRGS,1.5
news_comention,BLKB,PTC,4.5
news_comention,BLKB,QLYS,0.5
news_comention,BLKB,SHOP,0.5
news_comention,BLKB,SMSI,0.333333
news_comention,BLKB,SNPS,18.0
news_comention,BLKB,SSNC,2.0
news_comention,BLKB,TDC,0.5
news_comention,BLKB,TEAM,0.5
news_comention,BLKB,TWLO,1.0
news_comention,BLKB,TYL,3.5
news_comention,BLKB,WEAV,0.5
news_comention,BLZE,CRWV,1.0
news_comention,BLZE,DBX,1.0
news_comention,BLZE,DDD,1.0
news_comention,BLZE,GXAI,0.5
news_comention,BLZE,MQ,0.5
news_comention,BLZE,MSFT,1.5
news_comention,BLZE,NCNO,1.0
news_comention,BLZE,PTC,0.5
news_comention,BLZE,TEAM,1.5
news_comention,BLZE,TENB,0.5
news_comention,BLZE,TTWO,1.0
news_comention,BOX,BSY,1.0
news_comention,BOX,CCSI,0.2
news_comention,BOX,CRM,15.825
news_comention,BOX,CRWD,11.333333
news_comention,BOX,DBX,2.45
news_comention,BOX,DDOG,1.0
news_comention,BOX,DOCU,5.25
news_comention,BOX,DT,1.0
news_comention,BOX,DUOT,0.533333
news_comention,BOX,FROG,1.0
news_comention,BOX,FSLY,0.166667
news_comention,BOX,GTLB,1.5
news_comention,BOX,GWRE,0.5
news_comention,BOX,HUBS,0.5
news_comention,BOX,INTU,3.0
news_comention,BOX,IVDA,1.0
news_comention,BOX,KLTR,0.2
news_comention,BOX,MBLY,0.333333
news_comention,BOX,MDB,3.666667
news_comention,BOX,MSFT,18.041667
news_comention,BOX,MSGM,0.2
news_comention,BOX,NABL,0.166667
news_comention,BOX,NCNO,2.166667
news_comention,BOX,NET,0.2
news_comention,BOX,NOW,1.375
news_comention,BOX,NTNX,1.666667
news_comention,BOX,OKTA,1.95
news_comention,BOX,ORCL,1.333333
news_comention,BOX,PATH,0.166667
news_comention,BOX,PLTR,1.666667
news_comention,BOX,QLYS,0.166667
news_comention,BOX,RBLX,0.5
news_comention,BOX,S,2.333333
news_comention,BOX,SNOW,4.291667
news_comention,BOX,SOUN,0.333333
news_comention,BOX,TDC,1.166667
news_comention,BOX,TENB,1.0
news_comention,BOX,TTWO,0.5
news_comention,BOX,TWLO,1.325
news_comention,BOX,U,1.0
news_comention,BOX,VEEV,4.783333
news_comention,BOX,WEAV,0.2
news_comention,BOX,WK,2.0
news_comention,BOX,ZETA,0.2
news_comention,BRZE,CRM,1.95
news_comention,BRZE,CXM,1.333333
news_comention,BRZE,DDOG,1.5
news_comention,BRZE,DOCU,3.666667
news_comention,BRZE,DT,0.2
news_comention,BRZE,ESTC,1.0
news_comention,BRZE,FIG,1.0
news_comention,BRZE,GWRE,0.25
news_comention,BRZE,HUBS,1.0
news_comention,BRZE,INTA,0.166667
news_comention,BRZE,INTU,0.416667
news_comention,BRZE,KVYO,1.783333
news_comention,BRZE,MDB,0.5
news_comention,BRZE,MSFT,1.916667
news_comention,BRZE,MSGM,0.5
news_comention,BRZE,MYPS,0.2
news_comention,BRZE,NCNO,0.333333
news_comention,BRZE,NET,1.0
news_comention,BRZE,NTNX,0.2
news_comention,BRZE,NTSK,1.0
news_comention,BRZE,OKTA,2.333333
news_comention,BRZE,ORCL,4.666667
news_comention,BRZE,PATH,2.0
news_comention,BRZE,PRGS,0.333333
news_comention,BRZE,RBRK,0.25
news_comention,BRZE,RCAT,0.5
news_comention,BRZE,S,0.5
news_comention,BRZE,SHOP,1.75
news_comention,BRZE,SKIL,1.0
news_comention,BRZE,SNOW,0.5
news_comention,BRZE,SOUN,0.333333
news_comention,BRZE,TWLO,1.0
news_comention,BRZE,U,1.0
news_comention,BRZE,UPLD,0.2
news_comention,BRZE,VEEV,0.333333
news_comention,BRZE,VRNS,0.2
news_comention,BRZE,YOU,0.5
news_comention,BRZE,ZDGE,0.5
news_comention,BSY,CCSI,1.0
news_comention,BSY,CDNS,2.833333
news_comention,BSY,CRM,1.5
news_comention,BSY,CRWD,1.866667
news_comention,BSY,DDD,0.5
news_comention,BSY,DDOG,1.333333
news_comention,BSY,EXFY,0.583333
news_comention,BSY,FROG,0.25
news_comention,BSY,GTLB,0.25
news_comention,BSY,IIIV,1.0
news_comention,BSY,INTU,0.5
news_comention,BSY,MDB,0.5
news_comention,BSY,MQ,0.533333
news_comention,BSY,MSFT,0.5
news_comention,BSY,NOW,0.2
news_comention,BSY,OKTA,0.5
news_comention,BSY,ORCL,0.5
news_comention,BSY,PATH,0.5
news_comention,BSY,PLTR,1.0
news_comention,BSY,PTC,2.7
news_comention,BSY,RBLX,0.833333
news_comention,BSY,RPD,1.0
news_comention,BSY,S,0.533333
news_comention,BSY,SNPS,1.0
news_comention,BSY,TTWO,0.333333
news_comention,BSY,TWLO,4.5
news_comention,BSY,TYL,0.333333
news_comention,BSY,U,2.666667
news_comention,BSY,WEAV,0.5
news_comention,CCC,MSFT,1.0
news_comention,CCLD,SHOP,1.0
news_comention,CCSI,DUOT,0.2
news_comention,CCSI,GTLB,1.0
news_comention,CCSI,MSGM,0.2
news_comention,CCSI,SNOW,1.0
news_comention,CCSI,SOUN,1.0
news_comention,CCSI,TEAM,1.0
news_comention,CCSI,U,1.5
news_comention,CCSI,VEEV,0.2
news_comention,CCSI,WEAV,0.2
news_comention,CDNS,CERT,0.2
news_comention,CDNS,CRM,22.083333
news_comention,CDNS,CRNC,0.5
news_comention,CDNS,CRWD,7.95
news_comention,CDNS,CVLT,1.0
news_comention,CDNS,CXM,0.5
news_comention,CDNS,DBX,2.0
news_comention,CDNS,DDOG,1.0
news_comention,CDNS,EXFY,0.2
news_comention,CDNS,FSLY,1.0
news_comention,CDNS,GTLB,1.0
news_comention,CDNS,GWRE,7.0
news_comention,CDNS,HUBS,1.0
news_comention,CDNS,INTU,22.0
news_comention,CDNS,MANH,12.166667
news_comention,CDNS,MDB,0.5
news_comention,CDNS,MQ,1.2
news_comention,CDNS,MSFT,32.183333
news_comention,CDNS,NET,0.4
news_comention,CDNS,NOW,3.116667
news_comention,CDNS,ORCL,4.283333
news_comention,CDNS,PAYC,1.283333
news_comention,CDNS,PCOR,1.5
news_comention,CDNS,PCTY,2.0
news_comention,CDNS,PLTR,3.083333
news_comention,CDNS,PRGS,17.0
news_comention,CDNS,PTC,9.533333
news_comention,CDNS,QLYS,0.25
news_comention,CDNS,RBLX,3.0
news_comention,CDNS,S,0.333333
news_comention,CDNS,SHOP,9.5
news_comention,CDNS,SMSI,1.333333
news_comention,CDNS,SNOW,0.25
news_comention,CDNS,SNPS,124.816667
news_comention,CDNS,SSNC,3.5
news_comention,CDNS,SVCO,1.5
news_comention,CDNS,TDC,3.0
news_comention,CDNS,TEAM,2.0
news_comention,CDNS,TENB,1.0
news_comention,CDNS,TTWO,0.5
news_comention,CDNS,TWLO,2.0
news_comention,CDNS,TYL,13.866667
news_comention,CDNS,U,1.0
news_comention,CDNS,UPLD,0.2
news_comention,CDNS,VEEV,1.0
news_comention,CDNS,WEAV,1.0
news_comention,CERT,CRM,0.5
news_comention,CERT,CRWD,0.2
news_comention,CERT,DDOG,0.333333
news_comention,CERT,EVCM,0.666667
news_comention,CERT,EXFY,1.166667
news_comention,CERT,HUBS,0.325
news_comention,CERT,LAW,1.166667
news_comention,CERT,MDB,0.333333
news_comention,CERT,MQ,0.2
news_comention,CERT,NCNO,0.833333
news_comention,CERT,NET,0.2
news_comention,CERT,NOW,0.5
news_comention,CERT,OKTA,0.5
news_comention,CERT,ORCL,0.5
news_comention,CERT,PATH,0.666667
news_comention,CERT,PAYC,1.0
news_comention,CERT,PD,0.666667
news_comention,CERT,PRCH,0.325
news_comention,CERT,QLYS,0.5
news_comention,CERT,RBLX,2.2
news_comention,CERT,S,0.125
news_comention,CERT,SHOP,1.458333
news_comention,CERT,SMSI,0.666667
news_comention,CERT,SNPS,0.2
news_comention,CERT,SPSC,0.333333
news_comention,CERT,TEAM,1.0
news_comention,CERT,TTWO,0.333333
news_comention,CERT,U,0.125
news_comention,CERT,VEEV,2.5
news_comention,CERT,WK,0.325
news_comention,COUR,CRM,0.75
news_comention,COUR,CRWD,0.25
news_comention,COUR,CXAI,0.5
news_comention,COUR,CXM,1.0
news_comention,COUR,DOCU,0.25
news_comention,COUR,DT,0.142857
news_comention,COUR,DUOL,3.0
news_comention,COUR,ESTC,0.142857
news_comention,COUR,FSLY,0.25
news_comention,COUR,GTLB,1.25
news_comention,COUR,GWRE,0.5
news_comention,COUR,LAW,1.0
news_comention,COUR,MDB,0.142857
news_comention,COUR,MSFT,0.833333
news_comention,COUR,NABL,1.0
news_comention,COUR,NET,0.5
news_comention,COUR,ORCL,0.5
news_comention,COUR,PARA,0.5
news_comention,COUR,PLTR,2.0
news_comention,COUR,RBLX,1.0
news_comention,COUR,SHOP,1.392857
news_comention,COUR,SKIL,0.333333
news_comention,COUR,SNOW,0.392857
news_comention,COUR,SPSC,0.5
news_comention,COUR,TWLO,0.25
news_comention,COUR,TYL,0.5
news_comention,COUR,XPER,1.0
news_comention,CRM,CRNC,0.583333
news_comention,CRM,CRWD,69.839286
news_comention,CRM,CRWV,1.458333
news_comention,CRM,CVLT,1.0
news_comention,CRM,CXM,0.25
news_comention,CRM,DBX,6.378968
news_comention,CRM,DDD,2.944444
news_comention,CRM,DDOG,14.888095
news_comention,CRM,DOCU,23.855159
news_comention,CRM,DT,1.25
news_comention,CRM,DUOL,0.666667
news_comention,CRM,DUOT,0.444444
news_comention,CRM,EGAN,5.0
news_comention,CRM,ESTC,2.861111
news_comention,CRM,EXFY,0.5
news_comention,CRM,FIG,2.5
news_comention,CRM,FROG,2.833333
news_comention,CRM,FRSH,5.059524
news_comention,CRM,FSLY,1.142857
news_comention,CRM,GDYN,4.5
news_comention,CRM,GEN,1.5
news_comention,CRM,GTLB,3.166667
news_comention,CRM,GTM,0.333333
news_comention,CRM,GWRE,4.878968
news_comention,CRM,HUBS,32.270635
news_comention,CRM,IDAI,0.666667
news_comention,CRM,IIIV,0.5
news_comention,CRM,INTA,0.166667
news_comention,CRM,INTU,36.286905
news_comention,CRM,KLTR,0.342857
news_comention,CRM,KVYO,1.783333
news_comention,CRM,MANH,9.333333
news_comention,CRM,MBLY,1.236111
news_comention,CRM,MDB,12.372619
news_comention,CRM,MSFT,424.550397
news_comention,CRM,NCNO,2.533333
news_comention,CRM,NET,8.602778
news_comention,CRM,NOW,92.913889
news_comention,CRM,NTNX,5.161905
news_comention,CRM,OKTA,42.731349
news_comention,CRM,ORCL,105.633333
news_comention,CRM,PARA,3.666667
news_comention,CRM,PATH,19.855556
news_comention,CRM,PAYC,10.061111
news_comention,CRM,PCOR,0.25
news_comention,CRM,PCTY,2.166667
news_comention,CRM,PD,2.953968
news_comention,CRM,PDFS,1.0
news_comention,CRM,PLTR,59.30873
news_comention,CRM,PRCH,0.25
news_comention,CRM,PRGS,5.125
news_comention,CRM,PTC,3.959524
news_comention,CRM,QLYS,0.583333
news_comention,CRM,QTWO,0.333333
news_comention,CRM,RBLX,4.444444
news_comention,CRM,RBRK,1.083333
news_comention,CRM,RPD,1.0
news_comention,CRM,S,4.931746
news_comention,CRM,SHOP,25.294048
news_comention,CRM,SMSI,1.0
news_comention,CRM,SNOW,76.554365
news_comention,CRM,SNPS,16.725
news_comention,CRM,SOUN,3.916667
news_comention,CRM,SPT,2.0
news_comention,CRM,TDC,1.283333
news_comention,CRM,TEAM,14.512302
news_comention,CRM,TENB,1.033333
news_comention,CRM,TTAN,0.833333
news_comention,CRM,TTWO,6.892857
news_comention,CRM,TWLO,32.720238
news_comention,CRM,TYL,4.684524
news_comention,CRM,U,5.712302
news_comention,CRM,UPLD,0.7
news_comention,CRM,VEEV,33.203968
news_comention,CRM,VERX,0.2
news_comention,CRM,VRNS,3.0
news_comention,CRM,WK,2.75
news_comention,CRM,XYZ,1.5
news_comention,CRM,ZETA,0.2
news_comention,CRNC,CRWD,1.333333
news_comention,CRNC,DBX,1.0
news_comention,CRNC,DOCU,0.333333
news_comention,CRNC,DUOL,0.5
news_comention,CRNC,GTLB,0.5
news_comention,CRNC,INTU,0.142857
news_comention,CRNC,MSFT,9.97619
news_comention,CRNC,NET,0.25
news_comention,CRNC,NOW,1.0
news_comention,CRNC,NTNX,2.0
news_comention,CRNC,OKTA,1.666667
news_comention,CRNC,PARA,0.142857
news_comention,CRNC,PRCH,1.25
news_comention,CRNC,RBLX,1.333333
news_comention,CRNC,RBRK,0.142857
news_comention,CRNC,RPD,1.333333
news_comention,CRNC,S,1.333333
news_comention,CRNC,SHOP,1.333333
news_comention,CRNC,SNOW,0.809524
news_comention,CRNC,SNPS,1.166667
news_comention,CRNC,SOUN,6.5
news_comention,CRNC,TTWO,0.333333
news_comention,CRNC,TWLO,1.0
news_comention,CRNC,U,2.333333
news_comention,CRNC,VEEV,0.333333
news_comention,CRNC,VERX,0.333333
news_comention,CRNC,ZETA,0.142857
news_comention,CRWD,CRWV,0.736111
news_comention,CRWD,CVLT,1.0
news_comention,CRWD,CXM,0.125
news_comention,CRWD,DBX,2.236111
news_comention,CRWD,DDD,1.0
news_comention,CRWD,DDOG,43.968651
news_comention,CRWD,DOCU,9.217857
news_comention,CRWD,DT,1.60119
news_comention,CRWD,DUOL,7.0
news_comention,CRWD,DUOT,0.111111
news_comention,CRWD,EGAN,1.0
news_comention,CRWD,ESTC,5.896825
news_comention,CRWD,FIG,2.333333
news_comention,CRWD,FROG,0.833333
news_comention,CRWD,FRSH,0.791667
news_comention,CRWD,FSLY,7.47619
news_comention,CRWD,GEN,1.5
news_comention,CRWD,GTLB,10.366667
news_comention,CRWD,GWRE,3.844444
news_comention,CRWD,HUBS,5.134524
news_comention,CRWD,IDAI,0.166667
news_comention,CRWD,IDN,0.5
news_comention,CRWD,IIIV,1.0
news_comention,CRWD,INTU,22.915079
news_comention,CRWD,KLTR,1.0
news_comention,CRWD,KVYO,1.0
news_comention,CRWD,LAW,1.0
news_comention,CRWD,MANH,13.0
news_comention,CRWD,MBLY,2.277778
news_comention,CRWD,MDB,26.139286
news_comention,CRWD,MQ,1.4
news_comention,CRWD,MSFT,221.279365
news_comention,CRWD,MYSZ,0.5
news_comention,CRWD,NCNO,0.666667
news_comention,CRWD,NET,82.520635
news_comention,CRWD,NOW,14.575794
news_comention,CRWD,NTNX,5.842857
news_comention,CRWD,NTSK,0.25
news_comention,CRWD,OKTA,67.545238
news_comention,CRWD,ORCL,16.219048
news_comention,CRWD,PARA,3.333333
news_comention,CRWD,PATH,23.931746
news_comention,CRWD,PAYC,8.777778
news_comention,CRWD,PCOR,3.5
news_comention,CRWD,PD,3.142857
news_comention,CRWD,PLTR,83.603968
news_comention,CRWD,PRGS,0.125
news_comention,CRWD,PTC,0.733333
news_comention,CRWD,QLYS,8.408333
news_comention,CRWD,QTWO,0.333333
news_comention,CRWD,RBLX,4.67619
news_comention,CRWD,RBRK,4.694444
news_comention,CRWD,RPD,2.908333
news_comention,CRWD,S,147.69246
news_comention,CRWD,SAIL,1.666667
news_comention,CRWD,SHOP,39.603968
news_comention,CRWD,SNOW,62.867063
news_comention,CRWD,SNPS,17.308333
news_comention,CRWD,SOUN,4.75
news_comention,CRWD,SPT,1.5
news_comention,CRWD,SSNC,0.333333
news_comention,CRWD,TDC,0.833333
news_comention,CRWD,TEAM,12.395635
news_comention,CRWD,TENB,24.225
news_comention,CRWD,TTWO,1.642857
news_comention,CRWD,TWLO,23.30119
news_comention,CRWD,TYL,3.833333
news_comention,CRWD,U,8.485714
news_comention,CRWD,UPLD,1.333333
news_comention,CRWD,VEEV,6.969444
news_comention,CRWD,VERX,1.0
news_comention,CRWD,VRNS,1.958333
news_comention,CRWD,WK,2.5
news_comention,CRWD,XPER,0.333333
news_comention,CRWD,YOU,1.0
news_comention,CRWV,DBX,0.2
news_comention,CRWV,DDOG,2.75
news_comention,CRWV,DUOL,1.0
news_comention,CRWV,FIG,7.0
news_comention,CRWV,FROG,0.2
news_comention,CRWV,FSLY,1.0
news_comention,CRWV,GWRE,0.5
news_comention,CRWV,HUBS,0.2
news_comention,CRWV,INTU,0.333333
news_comention,CRWV,MBLY,0.583333
news_comention,CRWV,MDB,2.125
news_comention,CRWV,MSFT,119.611111
news_comention,CRWV,NET,5.2
news_comention,CRWV,NOW,1.111111
news_comention,CRWV,OKTA,0.125
news_comention,CRWV,ORCL,27.277778
news_comention,CRWV,PATH,0.236111
news_comention,CRWV,PLTR,23.944444
news_comention,CRWV,PRGS,1.0
news_comention,CRWV,RBRK,1.611111
news_comention,CRWV,S,0.236111
news_comention,CRWV,SAIL,0.5
news_comention,CRWV,SHOP,1.5
news_comention,CRWV,SNOW,1.333333
news_comention,CRWV,SNPS,3.125
news_comention,CRWV,SOUN,4.2
news_comention,CRWV,TEAM,0.861111
news_comention,CRWV,TTAN,1.0
news_comention,CRWV,U,0.5
news_comention,CRWV,VRNS,3.0
news_comention,CRWV,ZETA,0.333333
news_comention,CVLT,DDOG,0.2
news_comention,CVLT,DUOL,0.5
news_comention,CVLT,INTU,1.0
news_comention,CVLT,MANH,1.0
news_comention,CVLT,MDB,0.7
news_comention,CVLT,MSFT,1.0
news_comention,CVLT,ORCL,0.5
news_comention,CVLT,PDFS,1.0
news_comention,CVLT,PRGS,2.0
news_comention,CVLT,PTC,1.0
news_comention,CVLT,PXLW,1.0
news_comention,CVLT,SHOP,0.5
news_comention,CVLT,SNOW,0.5
news_comention,CVLT,SNPS,4.0
news_comention,CVLT,SPT,0.5
news_comention,CVLT,SSNC,1.0
news_comention,CVLT,TDC,0.2
news_comention,CVLT,TEAM,1.5
news_comention,CVLT,TTWO,0.2
news_comention,CXAI,DDOG,0.2
news_comention,CXAI,ESTC,0.25
news_comention,CXAI,FSLY,1.0
news_comention,CXAI,IDAI,2.666667
news_comention,CXAI,LAW,0.5
news_comention,CXAI,MANH,0.2
news_comention,CXAI,MBLY,1.0
news_comention,CXAI,MDB,0.2
news_comention,CXAI,MSFT,0.533333
news_comention,CXAI,MYSZ,0.333333
news_comention,CXAI,NET,0.5
news_comention,CXAI,NTNX,0.25
news_comention,CXAI,ORCL,1.5
news_comention,CXAI,PARA,0.25
news_comention,CXAI,PATH,2.0
news_comention,CXAI,PD,0.25
news_comention,CXAI,PLTR,0.333333
news_comention,CXAI,RBLX,1.0
news_comention,CXAI,S,1.0
news_comention,CXAI,SNOW,0.2
news_comention,CXAI,SOUN,2.333333
news_comention,CXAI,SPT,0.333333
news_comention,CXAI,SSTI,0.333333
news_comention,CXAI,TENB,2.0
news_comention,CXAI,U,0.333333
news_comention,CXAI,VIA,1.0
news_comention,CXM,DDOG,0.333333
news_comention,CXM,DOCU,8.0
news_comention,CXM,DT,1.0
news_comention,CXM,DUOL,1.45
news_comention,CXM,FRSH,0.125
news_comention,CXM,GTLB,2.5
news_comention,CXM,INSE,1.0
news_comention,CXM,MBLY,0.5
news_comention,CXM,MSFT,1.892857
news_comention,CXM,MSGM,0.5
news_comention,CXM,MYSZ,1.5
news_comention,CXM,NCNO,0.333333
news_comention,CXM,NET,0.142857
news_comention,CXM,NOW,1.25
news_comention,CXM,OKTA,1.575
news_comention,CXM,ORCL,1.642857
news_comention,CXM,PRGS,0.333333
news_comention,CXM,QLYS,0.125
news_comention,CXM,RCAT,0.833333
news_comention,CXM,RPD,0.125
news_comention,CXM,S,0.125
news_comention,CXM,SKIL,1.0
news_comention,CXM,SNOW,0.2
news_comention,CXM,SNPS,0.5
news_comention,CXM,SOUN,0.642857
news_comention,CXM,SPT,0.25
news_comention,CXM,TEAM,0.25
news_comention,CXM,TENB,0.125
news_comention,CXM,TTWO,0.333333
news_comention,CXM,U,0.5
news_comention,CXM,VEEV,0.833333
news_comention,CXM,VERX,0.45
news_comention,CXM,VRNS,0.125
news_comention,DBX,DDD,2.0
news_comention,DBX,DDOG,3.694444
news_comention,DBX,DOCU,5.777778
news_comention,DBX,DUOL,0.5
news_comention,DBX,EGAN,1.0
news_comention,DBX,ESTC,0.111111
news_comention,DBX,FIG,0.5
news_comention,DBX,FROG,0.2
news_comention,DBX,FRSH,1.333333
news_comention,DBX,FSLY,0.5
news_comention,DBX,GDYN,0.5
news_comention,DBX,GWRE,1.5
news_comention,DBX,GXAI,0.5
news_comention,DBX,HUBS,2.033333
news_comention,DBX,INTU,1.0
news_comention,DBX,KLTR,0.342857
news_comention,DBX,MDB,2.0
news_comention,DBX,MSFT,20.35119
news_comention,DBX,NABL,0.166667
news_comention,DBX,NET,0.2
news_comention,DBX,NOW,6.833333
news_comention,DBX,NTNX,2.666667
news_comention,DBX,OKTA,1.267857
news_comention,DBX,ORCL,2.809524
news_comention,DBX,PARA,1.666667
news_comention,DBX,PATH,0.569444
news_comention,DBX,PAYC,1.0
news_comention,DBX,PCOR,1.5
news_comention,DBX,PCTY,0.5
news_comention,DBX,PLTR,3.392857
news_comention,DBX,PTC,0.5
news_comention,DBX,QLYS,0.5
news_comention,DBX,RBLX,1.25
news_comention,DBX,RPD,1.0
news_comention,DBX,S,0.125
news_comention,DBX,SHOP,3.083333
news_comention,DBX,SNOW,0.444444
news_comention,DBX,SNPS,1.5
news_comention,DBX,SOUN,0.2
news_comention,DBX,SPSC,0.5
news_comention,DBX,SSNC,2.0
news_comention,DBX,TDC,0.5
news_comention,DBX,TEAM,3.333333
news_comention,DBX,TWLO,2.078968
news_comention,DBX,TYL,1.0
news_comention,DBX,U,1.125
news_comention,DBX,WK,0.5
news_comention,DDD,DOCU,0.25
news_comention,DDD,DUOL,1.5
news_comention,DDD,GTLB,0.25
news_comention,DDD,GWRE,0.2
news_comention,DDD,INTA,0.75
news_comention,DDD,IVDA,1.0
news_comention,DDD,MDB,1.45
news_comention,DDD,MQ,0.5
news_comention,DDD,MSFT,2.777778
news_comention,DDD,NOW,1.0
news_comention,DDD,NTNX,0.5
news_comention,DDD,OKTA,1.0
news_comention,DDD,ORCL,1.0
news_comention,DDD,PATH,0.361111
news_comention,DDD,PCTY,0.5
news_comention,DDD,PD,1.311111
news_comention,DDD,PLTR,2.111111
news_comention,DDD,PTC,0.333333
news_comention,DDD,QLYS,1.0
news_comention,DDD,RBLX,0.111111
news_comention,DDD,ROC,0.2
news_comention,DDD,S,1.2
news_comention,DDD,SHOP,1.361111
news_comention,DDD,SNPS,1.5
news_comention,DDD,SPT,0.25
news_comention,DDD,TEAM,1.0
news_comention,DDD,TWLO,1.361111
news_comention,DDD,U,0.111111
news_comention,DDD,VEEV,0.5
news_comention,DDOG,DOCU,6.503968
news_comention,DDOG,DT,15.494048
news_comention,DDOG,DUOL,4.0
news_comention,DDOG,ESTC,4.563492
news_comention,DDOG,EVCM,0.333333
news_comention,DDOG,EXFY,0.333333
news_comention,DDOG,FROG,3.2
news_comention,DDOG,FRSH,0.25
news_comention,DDOG,FSLY,1.5
news_comention,DDOG,GEN,0.166667
news_comention,DDOG,GTLB,6.166667
news_comention,DDOG,GWRE,0.5
news_comention,DDOG,HUBS,11.870238
news_comention,DDOG,INTU,1.95
news_comention,DDOG,KVYO,0.333333
news_comention,DDOG,MANH,1.2
news_comention,DDOG,MBLY,0.375
news_comention,DDOG,MDB,33.904762
news_comention,DDOG,MQ,0.833333
news_comention,DDOG,MSFT,61.361508
news_comention,DDOG,MYSZ,0.5
news_comention,DDOG,NCNO,0.666667
news_comention,DDOG,NET,34.288492
news_comention,DDOG,NOW,13.21746
news_comention,DDOG,NTNX,2.416667
news_comention,DDOG,OKTA,20.503968
news_comention,DDOG,ORCL,6.789683
news_comention,DDOG,PARA,0.7
news_comention,DDOG,PATH,0.813492
news_comention,DDOG,PAYC,5.861111
news_comention,DDOG,PCOR,1.0
news_comention,DDOG,PCTY,0.833333
news_comention,DDOG,PD,1.5
news_comention,DDOG,PLTR,18.713492
news_comention,DDOG,QLYS,0.72619
news_comention,DDOG,QTWO,0.333333
news_comention,DDOG,RBLX,5.035714
news_comention,DDOG,RPD,0.142857
news_comention,DDOG,S,6.202381
news_comention,DDOG,SHOP,16.338492
news_comention,DDOG,SNOW,54.758333
news_comention,DDOG,SOUN,0.5
news_comention,DDOG,SPSC,0.333333
news_comention,DDOG,SSTI,0.5
news_comention,DDOG,TDC,1.7
news_comention,DDOG,TEAM,12.846825
news_comention,DDOG,TENB,4.366667
news_comention,DDOG,TTWO,1.17619
news_comention,DDOG,TWLO,13.963889
news_comention,DDOG,TYL,6.0
news_comention,DDOG,U,6.220238
news_comention,DDOG,VEEV,2.0
news_comention,DDOG,VERX,1.0
news_comention,DDOG,WEAV,0.333333
news_comention,DDOG,WK,1.0
news_comention,DDOG,XPER,0.142857
news_comention,DDOG,XYZ,4.0
news_comention,DH,ESTC,0.142857
news_comention,DH,MBLY,0.5
news_comention,DH,MYPS,0.5
news_comention,DH,NCNO,0.392857
news_comention,DH,NET,1.152381
news_comention,DH,OKTA,0.309524
news_comention,DH,ORCL,1.0
news_comention,DH,PARA,1.333333
news_comention,DH,PCTY,0.866667
news_comention,DH,PRGS,1.0
news_comention,DH,QTWO,0.25
news_comention,DH,S,0.142857
news_comention,DH,SHOP,0.25
news_comention,DH,SMSI,0.5
news_comention,DH,SNOW,0.642857
news_comention,DH,SOUN,0.5
news_comention,DH,SPT,1.333333
news_comention,DH,TDC,0.666667
news_comention,DH,TEAM,0.819048
news_comention,DH,TTWO,0.333333
news_comention,DH,TWLO,1.569048
news_comention,DOCU,DT,0.25
news_comention,DOCU,DUOL,5.0
news_comention,DOCU,EGAN,1.0
news_comention,DOCU,ESTC,3.111111
news_comention,DOCU,FIG,0.166667
news_comention,DOCU,FSLY,1.666667
news_comention,DOCU,GTLB,3.5
news_comention,DOCU,GWRE,1.416667
news_comention,DOCU,HUBS,5.670635
news_comention,DOCU,IIIV,0.5
news_comention,DOCU,INLX,1.0
news_comention,DOCU,INSE,3.0
news_comention,DOCU,INTA,0.166667
news_comention,DOCU,INTU,2.810714
news_comention,DOCU,MBLY,1.0
news_comention,DOCU,MDB,11.22619
news_comention,DOCU,MKTW,0.833333
news_comention,DOCU,MQ,0.333333
news_comention,DOCU,MSFT,43.527381
news_comention,DOCU,MSGM,0.25
news_comention,DOCU,MYPS,0.25
news_comention,DOCU,MYSZ,1.0
news_comention,DOCU,NET,0.47619
news_comention,DOCU,NOW,2.46627
news_comention,DOCU,NTNX,0.166667
news_comention,DOCU,OKTA,13.666667
news_comention,DOCU,ORCL,14.97619
news_comention,DOCU,PARA,0.5
news_comention,DOCU,PATH,7.477778
news_comention,DOCU,PAYC,0.5
news_comention,DOCU,PCTY,2.0
news_comention,DOCU,PD,0.5
news_comention,DOCU,PDFS,1.0
news_comention,DOCU,PLTR,17.866667
news_comention,DOCU,QTWO,2.25
news_comention,DOCU,RBLX,8.366667
news_comention,DOCU,S,1.111111
news_comention,DOCU,SHOP,11.041667
news_comention,DOCU,SKIL,2.0
news_comention,DOCU,SNOW,7.444048
news_comention,DOCU,SOUN,1.75
news_comention,DOCU,SPT,0.583333
news_comention,DOCU,TDC,0.833333
news_comention,DOCU,TEAM,2.366667
news_comention,DOCU,TWLO,12.277778
news_comention,DOCU,U,5.17619
news_comention,DOCU,VEEV,1.333333
news_comention,DOCU,VERX,0.333333
news_comention,DOCU,XYZ,0.5
news_comention,DOCU,YOU,0.333333
news_comention,DT,ESTC,2.428571
news_comention,DT,FRSH,0.166667
news_comention,DT,FSLY,0.666667
news_comention,DT,GEN,0.166667
news_comention,DT,GTLB,0.5
news_comention,DT,HUBS,0.125
news_comention,DT,IDAI,0.166667
news_comention,DT,INTU,0.5
news_comention,DT,MDB,0.285714
news_comention,DT,MSFT,6.875
news_comention,DT,MSGM,0.166667
news_comention,DT,MYPS,0.2
news_comention,DT,NCNO,1.0
news_comention,DT,NET,1.041667
news_comention,DT,NOW,1.25
news_comention,DT,NTNX,0.366667
news_comention,DT,OKTA,1.184524
news_comention,DT,PATH,1.166667
news_comention,DT,PAYC,0.166667
news_comention,DT,PD,0.5
news_comention,DT,QLYS,0.392857
news_comention,DT,RBLX,0.142857
news_comention,DT,RPD,1.142857
news_comention,DT,S,0.142857
news_comention,DT,SHOP,1.47619
news_comention,DT,SNOW,2.303571
news_comention,DT,TEAM,0.25
news_comention,DT,TENB,0.25
news_comention,DT,TWLO,0.708333
news_comention,DT,VRNS,0.2
news_comention,DT,WEAV,0.333333
news_comention,DT,XPER,0.142857
news_comention,DT,YOU,0.666667
news_comention,DUOL,ESTC,1.0
news_comention,DUOL,EVCM,0.666667
news_comention,DUOL,EXFY,0.666667
news_comention,DUOL,FIG,1.0
news_comention,DUOL,FNGR,1.25
news_comention,DUOL,FROG,0.333333
news_comention,DUOL,FSLY,4.0
news_comention,DUOL,GTLB,2.25
news_comention,DUOL,IVDA,0.333333
news_comention,DUOL,MANH,1.0
news_comention,DUOL,MBLY,1.0
news_comention,DUOL,MDB,2.5
news_comention,DUOL,MQ,1.166667
news_comention,DUOL,MSFT,11.066667
news_comention,DUOL,MYPS,0.5
news_comention,DUOL,NET,1.2
news_comention,DUOL,NTNX,0.25
news_comention,DUOL,OKTA,1.316667
news_comention,DUOL,PARA,1.0
news_comention,DUOL,PATH,3.0
news_comention,DUOL,PCOR,0.2
news_comention,DUOL,PD,1.0
news_comention,DUOL,PDFS,0.166667
news_comention,DUOL,PLTR,12.833333
news_comention,DUOL,QLYS,2.0
news_comention,DUOL,RBLX,3.233333
news_comention,DUOL,RBRK,0.333333
news_comention,DUOL,RPD,0.333333
news_comention,DUOL,S,1.333333
news_comention,DUOL,SHOP,9.7
news_comention,DUOL,SKIL,1.0
news_comention,DUOL,SNAL,0.166667
news_comention,DUOL,SNOW,1.733333
news_comention,DUOL,SOUN,1.583333
news_comention,DUOL,SPT,0.2
news_comention,DUOL,TDC,0.333333
news_comention,DUOL,TEAM,1.5
news_comention,DUOL,TENB,1.0
news_comention,DUOL,TTWO,0.2
news_comention,DUOL,TWLO,0.666667
news_comention,DUOL,TYL,0.5
news_comention,DUOL,U,0.733333
news_comention,DUOL,VEEV,1.0
news_comention,DUOL,VERX,1.116667
news_comention,DUOL,YOU,1.5
news_comention,DUOT,MBLY,0.111111
news_comention,DUOT,MSFT,0.333333
news_comention,DUOT,MSGM,0.7
news_comention,DUOT,ORCL,0.111111
news_comention,DUOT,PATH,0.333333
news_comention,DUOT,PLTR,0.111111
news_comention,DUOT,S,0.111111
news_comention,DUOT,SHOP,0.111111
news_comention,DUOT,SOUN,0.333333
news_comention,DUOT,VEEV,0.2
news_comention,DUOT,WEAV,0.2
news_comention,EGAN,FSLY,2.333333
news_comention,EGAN,IIIV,0.333333
news_comention,EGAN,INTU,0.5
news_comention,EGAN,KLTR,1.0
news_comention,EGAN,MDB,2.0
news_comention,EGAN,NCNO,1.0
news_comention,EGAN,NET,0.333333
news_comention,EGAN,NOW,1.0
news_comention,EGAN,OKTA,0.333333
news_comention,EGAN,QLYS,0.333333
news_comention,EGAN,SAIL,1.0
news_comention,EGAN,SHOP,1.5
news_comention,EGAN,SNOW,1.0
news_comention,EGAN,TTWO,0.333333
news_comention,EGAN,ZDGE,1.0
news_comention,ESTC,EXFY,0.833333
news_comention,ESTC,GEN,0.166667
news_comention,ESTC,GTLB,1.5
news_comention,ESTC,INTU,0.5
news_comention,ESTC,MDB,7.595238
news_comention,ESTC,MKTW,1.0
news_comention,ESTC,MQ,0.5
news_comention,ESTC,MSFT,3.97619
news_comention,ESTC,NABL,2.0
news_comention,ESTC,NCNO,0.142857
news_comention,ESTC,NET,2.285714
news_comention,ESTC,NOW,0.142857
news_comention,ESTC,NTNX,4.583333
news_comention,ESTC,OKTA,2.142857
news_comention,ESTC,ORCL,0.809524
news_comention,ESTC,PARA,0.25
news_comention,ESTC,PATH,3.277778
news_comention,ESTC,PD,0.916667
news_comention,ESTC,PLTR,0.833333
news_comention,ESTC,QLYS,0.392857
news_comention,ESTC,RBLX,0.142857
news_comention,ESTC,RBRK,0.5
news_comention,ESTC,RPD,0.97619
news_comention,ESTC,S,8.285714
news_comention,ESTC,SAIL,1.0
news_comention,ESTC,SHOP,0.142857
news_comention,ESTC,SKIL,1.0
news_comention,ESTC,SNOW,3.099206
news_comention,ESTC,SOUN,3.0
news_comention,ESTC,TDC,1.166667
news_comention,ESTC,TEAM,0.142857
news_comention,ESTC,TENB,0.25
news_comention,ESTC,TTWO,1.0
news_comention,ESTC,TWLO,0.253968
news_comention,ESTC,TYL,0.333333
news_comention,ESTC,U,1.0
news_comention,ESTC,VEEV,1.5
news_comention,ESTC,XPER,0.142857
news_comention,EVCM,EXFY,0.866667
news_comention,EVCM,HUBS,2.333333
news_comention,EVCM,LAW,0.333333
news_comention,EVCM,MDB,0.333333
news_comention,EVCM,PATH,0.666667
news_comention,EVCM,PAYC,1.0
news_comention,EVCM,PD,1.0
news_comention,EVCM,PDFS,0.366667
news_comention,EVCM,SNAL,0.366667
news_comention,EVCM,SNOW,0.333333
news_comention,EVCM,SPT,0.333333
news_comention,EVCM,SSTI,0.333333
news_comention,EVCM,TEAM,1.0
news_comention,EVCM,TTWO,0.333333
news_comention,EVCM,VEEV,0.333333
news_comention,EXFY,FROG,0.25
news_comention,EXFY,GDYN,0.142857
news_comention,EXFY,GTLB,0.25
news_comention,EXFY,GWRE,0.142857
news_comention,EXFY,IDAI,0.45
news_comention,EXFY,INTU,0.142857
news_comention,EXFY,LAW,3.166667
news_comention,EXFY,MQ,2.92619
news_comention,EXFY,MSFT,0.2
news_comention,EXFY,MSGM,0.75
news_comention,EXFY,NCNO,0.142857
news_comention,EXFY,NET,0.2
news_comention,EXFY,ORCL,0.333333
news_comention,EXFY,PATH,1.5
news_comention,EXFY,PDFS,0.366667
news_comention,EXFY,PRCH,0.25
news_comention,EXFY,QUBT,0.25
news_comention,EXFY,RBLX,0.45
news_comention,EXFY,RPD,0.2
news_comention,EXFY,S,0.833333
news_comention,EXFY,SHOP,1.142857
news_comention,EXFY,SMSI,0.666667
news_comention,EXFY,SNAL,0.366667
news_comention,EXFY,SNOW,0.333333
news_comention,EXFY,SOUN,0.7
news_comention,EXFY,TWLO,0.5
news_comention,EXFY,TYL,0.333333
news_comention,EXFY,UPLD,0.2
news_comention,EXFY,VRNS,0.25
news_comention,EXFY,YOU,0.25
news_comention,FIG,GTLB,0.5
news_comention,FIG,GWRE,0.166667
news_comention,FIG,HUBS,0.166667
news_comention,FIG,INTU,0.166667
news_comention,FIG,MSFT,6.5
news_comention,FIG,NAVN,1.0
news_comention,FIG,NOW,2.666667
news_comention,FIG,NTNX,0.166667
news_comention,FIG,ORCL,0.833333
news_comention,FIG,PATH,0.833333
news_comention,FIG,PLTR,5.333333
news_comention,FIG,QUBT,1.0
news_comention,FIG,SAIL,0.5
news_comention,FIG,SHOP,0.833333
news_comention,FIG,SNOW,2.333333
news_comention,FIG,SOUN,1.5
news_comention,FIG,TEAM,1.166667
news_comention,FNGR,GTLB,0.25
news_comention,FNGR,IVDA,2.0
news_comention,FNGR,LAW,1.0
news_comention,FNGR,MSFT,0.111111
news_comention,FNGR,MSGM,1.0
news_comention,FNGR,NET,0.111111
news_comention,FNGR,NTNX,1.25
news_comention,FNGR,OKTA,1.0
news_comention,FNGR,PATH,0.111111
news_comention,FNGR,RBLX,1.111111
news_comention,FNGR,SKIL,1.0
news_comention,FNGR,SOUN,0.361111
news_comention,FNGR,SPT,0.111111
news_comention,FNGR,SSTI,1.0
news_comention,FNGR,U,1.0
news_comention,FNGR,VERX,2.0
news_comention,FNGR,WK,0.5
news_comention,FROG,FRSH,0.142857
news_comention,FROG,FSLY,0.583333
news_comention,FROG,GTLB,0.783333
news_comention,FROG,HUBS,0.65
news_comention,FROG,INTA,0.333333
news_comention,FROG,LAW,0.142857
news_comention,FROG,MDB,2.033333
news_comention,FROG,MSFT,3.67619
news_comention,FROG,NET,0.2
news_comention,FROG,NOW,1.166667
news_comention,FROG,OKTA,0.47619
news_comention,FROG,PARA,0.2
news_comention,FROG,PATH,0.7
news_comention,FROG,PLTR,1.5
news_comention,FROG,QTWO,0.333333
news_comention,FROG,RBLX,0.5
news_comention,FROG,RPD,1.142857
news_comention,FROG,SHOP,0.45
news_comention,FROG,SNOW,2.25
news_comention,FROG,SOUN,1.283333
news_comention,FROG,TDC,0.333333
news_comention,FROG,TEAM,0.533333
news_comention,FROG,TWLO,1.833333
news_comention,FROG,U,0.333333
news_comention,FROG,UPLD,2.0
news_comention,FROG,VEEV,1.47619
news_comention,FROG,WK,0.833333
news_comention,FRSH,FSLY,1.5
news_comention,FRSH,GTLB,0.25
news_comention,FRSH,HUBS,0.833333
news_comention,FRSH,IDAI,0.166667
news_comention,FRSH,INTA,1.0
news_comention,FRSH,INTU,1.5
news_comention,FRSH,LAW,0.142857
news_comention,FRSH,MSFT,3.452381
news_comention,FRSH,MSGM,0.166667
news_comention,FRSH,NET,0.75
news_comention,FRSH,NOW,0.5
news_comention,FRSH,NTNX,0.142857
news_comention,FRSH,OKTA,0.767857
news_comention,FRSH,ORCL,0.333333
news_comention,FRSH,PAYC,1.916667
news_comention,FRSH,PLTR,0.333333
news_comention,FRSH,PTC,0.142857
news_comention,FRSH,QLYS,1.125
news_comention,FRSH,RBLX,0.333333
news_comention,FRSH,RPD,0.267857
news_comention,FRSH,S,1.125
news_comention,FRSH,SHOP,0.142857
news_comention,FRSH,SNOW,1.0
news_comention,FRSH,SOUN,0.333333
news_comention,FRSH,SPT,0.333333
news_comention,FRSH,TEAM,1.25
news_comention,FRSH,TENB,0.125
news_comention,FRSH,TWLO,1.392857
news_comention,FRSH,U,0.333333
news_comention,FRSH,VEEV,0.142857
news_comention,FRSH,VRNS,0.125
news_comention,FRSH,YOU,1.166667
news_comention,FSLY,HUBS,2.0
news_comention,FSLY,INTU,0.5
news_comention,FSLY,MDB,0.892857
news_comention,FSLY,MSFT,7.97619
news_comention,FSLY,MSGM,1.333333
news_comention,FSLY,MYPS,0.5
news_comention,FSLY,NABL,0.166667
news_comention,FSLY,NET,28.166667
news_comention,FSLY,NOW,3.0
news_comention,FSLY,NTNX,0.166667
news_comention,FSLY,OKTA,1.809524
news_comention,FSLY,PARA,2.833333
news_comention,FSLY,PATH,0.333333
news_comention,FSLY,PAYC,1.5
news_comention,FSLY,PD,1.5
news_comention,FSLY,PLTR,4.666667
news_comention,FSLY,QLYS,0.5
news_comention,FSLY,RBLX,0.833333
news_comention,FSLY,RPD,0.25
news_comention,FSLY,S,0.333333
news_comention,FSLY,SAIL,0.5
news_comention,FSLY,SHOP,8.75
news_comention,FSLY,SNAL,0.5
news_comention,FSLY,SNOW,1.0
news_comention,FSLY,SOUN,0.583333
news_comention,FSLY,TDC,1.666667
news_comention,FSLY,TEAM,1.416667
news_comention,FSLY,TWLO,7.809524
news_comention,FSLY,U,0.72619
news_comention,FSLY,VEEV,1.0
news_comention,FSLY,VERX,1.0
news_comention,FSLY,VIA,1.333333
news_comention,FSLY,ZDGE,0.5
news_comention,GDYN,GWRE,0.392857
news_comention,GDYN,IDAI,0.25
news_comention,GDYN,INTA,0.583333
news_comention,GDYN,INTU,0.142857
news_comention,GDYN,MQ,0.142857
news_comention,GDYN,MSFT,2.0
news_comention,GDYN,NCNO,0.142857
news_comention,GDYN,NOW,1.0
news_comention,GDYN,NTNX,1.0
news_comention,GDYN,QTWO,1.0
news_comention,GDYN,SHOP,0.392857
news_comention,GDYN,SKIL,3.083333
news_comention,GDYN,SOUN,1.0
news_comention,GDYN,SSNC,0.25
news_comention,GDYN,TDC,0.333333
news_comention,GDYN,TEAM,0.833333
news_comention,GDYN,U,0.5
news_comention,GDYN,VEEV,0.25
news_comention,GEG,IVDA,1.0
news_comention,GEN,MANH,1.0
news_comention,GEN,MSFT,0.5
news_comention,GEN,MYSZ,0.5
news_comention,GEN,NOW,1.0
news_comention,GEN,NTNX,0.166667
news_comention,GEN,OKTA,0.166667
news_comention,GEN,PATH,0.166667
news_comention,GEN,PAYC,0.5
news_comention,GEN,PRCH,1.0
news_comention,GEN,PTC,0.333333
news_comention,GEN,RBRK,1.0
news_comention,GEN,SHOP,0.5
news_comention,GEN,SNOW,0.5
news_comention,GEN,SNPS,0.5
news_comention,GEN,TDC,1.0
news_comention,GEN,TEAM,1.0
news_comention,GEN,TYL,0.333333
news_comention,GEN,VRNS,0.333333
news_comention,GEN,ZETA,1.0
news_comention,GTLB,GTM,1.0
news_comention,GTLB,GWRE,1.7
news_comention,GTLB,HUBS,0.866667
news_comention,GTLB,MBLY,0.833333
news_comention,GTLB,MDB,5.116667
news_comention,GTLB,MQ,0.166667
news_comention,GTLB,MSFT,17.616667
news_comention,GTLB,MSGM,0.166667
news_comention,GTLB,NABL,0.166667
news_comention,GTLB,NET,0.333333
news_comention,GTLB,NOW,0.166667
news_comention,GTLB,NTNX,0.583333
news_comention,GTLB,NTSK,0.25
news_comention,GTLB,OKTA,2.033333
news_comention,GTLB,ORCL,1.333333
news_comention,GTLB,PATH,8.2
news_comention,GTLB,PCTY,2.0
news_comention,GTLB,PD,5.25
news_comention,GTLB,PLTR,6.333333
news_comention,GTLB,PTC,0.2
news_comention,GTLB,QLYS,2.166667
news_comention,GTLB,QTWO,1.0
news_comention,GTLB,RBLX,0.5
news_comention,GTLB,RBRK,0.25
news_comention,GTLB,S,4.2
news_comention,GTLB,SHOP,1.366667
news_comention,GTLB,SNOW,5.833333
news_comention,GTLB,SOUN,3.75
news_comention,GTLB,SPT,0.416667
news_comention,GTLB,TEAM,3.283333
news_comention,GTLB,TENB,0.166667
news_comention,GTLB,TTWO,1.5
news_comention,GTLB,TWLO,0.5
news_comention,GTLB,U,2.166667
news_comention,GTLB,VEEV,1.533333
news_comention,GTM,HUBS,0.333333
news_comention,GTM,INTU,0.333333
news_comention,GTM,MSFT,1.0
news_comention,GTM,NAVN,1.0
news_comention,GWRE,HUBS,1.0
news_comention,GWRE,INTU,2.077381
news_comention,GWRE,MANH,0.333333
news_comention,GWRE,MBLY,0.333333
news_comention,GWRE,MDB,4.491667
news_comention,GWRE,MQ,0.142857
news_comention,GWRE,MSFT,2.037302
news_comention,GWRE,NCNO,0.142857
news_comention,GWRE,NET,0.125
news_comention,GWRE,NOW,1.378968
news_comention,GWRE,NTNX,0.791667
news_comention,GWRE,NTSK,0.25
news_comention,GWRE,OKTA,2.583333
news_comention,GWRE,ORCL,3.061111
news_comention,GWRE,PARA,1.5
news_comention,GWRE,PATH,1.5
news_comention,GWRE,PAYC,0.5
news_comention,GWRE,PD,0.533333
news_comention,GWRE,PLTR,0.694444
news_comention,GWRE,PRGS,5.0
news_comention,GWRE,PTC,1.533333
news_comention,GWRE,QTWO,4.0
news_comention,GWRE,RBLX,0.5
news_comention,GWRE,RBRK,0.5
news_comention,GWRE,ROC,0.2
news_comention,GWRE,S,4.9
news_comention,GWRE,SHOP,1.17619
news_comention,GWRE,SNOW,1.5
news_comention,GWRE,SNPS,7.958333
news_comention,GWRE,SOUN,0.125
news_comention,GWRE,SPT,0.25
news_comention,GWRE,SSNC,0.25
news_comention,GWRE,TEAM,0.166667
news_comention,GWRE,TYL,13.267857
news_comention,GWRE,U,0.5
news_comention,GWRE,VEEV,2.462302
news_comention,GWRE,VERX,0.25
news_comention,GWRE,WK,0.25
news_comention,GXAI,U,1.0
news_comention,HUBS,INTA,0.166667
news_comention,HUBS,INTU,3.227778
news_comention,HUBS,KVYO,1.0
news_comention,HUBS,LAW,1.0
news_comention,HUBS,MDB,13.385714
news_comention,HUBS,MQ,1.0
news_comention,HUBS,MSFT,18.428968
news_comention,HUBS,MSGM,0.333333
news_comention,HUBS,MYSZ,1.0
news_comention,HUBS,NET,10.420238
news_comention,HUBS,NOW,5.333333
news_comention,HUBS,NTNX,1.166667
news_comention,HUBS,OKTA,5.325
news_comention,HUBS,ORCL,4.533333
news_comention,HUBS,PARA,0.866667
news_comention,HUBS,PATH,0.642857
news_comention,HUBS,PAYC,2.5
news_comention,HUBS,PLTR,4.533333
news_comention,HUBS,PRCH,0.325
news_comention,HUBS,PTC,0.333333
news_comention,HUBS,QLYS,1.083333
news_comention,HUBS,QTWO,0.333333
news_comention,HUBS,RBLX,1.033333
news_comention,HUBS,RBRK,0.25
news_comention,HUBS,RPD,1.583333
news_comention,HUBS,S,0.378968
news_comention,HUBS,SHOP,8.564683
news_comention,HUBS,SNOW,11.394048
news_comention,HUBS,SOUN,1.866667
news_comention,HUBS,SPT,0.583333
news_comention,HUBS,TDC,0.25
news_comention,HUBS,TEAM,4.392857
news_comention,HUBS,TENB,0.25
news_comention,HUBS,TTWO,1.166667
news_comention,HUBS,TWLO,7.269444
news_comention,HUBS,U,1.386905
news_comention,HUBS,VEEV,0.866667
news_comention,HUBS,VIA,0.333333
news_comention,HUBS,WEAV,0.5
news_comention,HUBS,WK,0.467857
news_comention,HUBS,XYZ,1.0
news_comention,HUBS,ZETA,0.333333
news_comention,IDAI,INLX,0.5
news_comention,IDAI,INTA,0.25
news_comention,IDAI,MQ,0.2
news_comention,IDAI,MSFT,0.5
news_comention,IDAI,MSGM,2.416667
news_comention,IDAI,MYSZ,2.333333
news_comention,IDAI,NCNO,0.166667
news_comention,IDAI,OKTA,1.166667
news_comention,IDAI,ORCL,0.5
news_comention,IDAI,PAYC,0.166667
news_comention,IDAI,QUBT,0.25
news_comention,IDAI,RBLX,0.2
news_comention,IDAI,RPD,0.2
news_comention,IDAI,SKIL,0.25
news_comention,IDAI,SNAL,0.5
news_comention,IDAI,SOUN,1.2
news_comention,IDAI,VEEV,0.166667
news_comention,IDAI,VRNS,0.25
news_comention,IDAI,YOU,0.166667
news_comention,IDAI,ZETA,1.0
news_comention,IDN,KLTR,0.333333
news_comention,IDN,NET,0.333333
news_comention,IDN,NOW,0.333333
news_comention,IIIV,MDB,1.0
news_comention,IIIV,MQ,1.0
news_comention,IIIV,NOW,0.25
news_comention,IIIV,OKTA,0.5
news_comention,IIIV,ORCL,0.25
news_comention,IIIV,PAYC,0.25
news_comention,IIIV,PCOR,1.0
news_comention,IIIV,RBLX,0.5
news_comention,IIIV,TTWO,1.0
news_comention,IIIV,TWLO,1.0
news_comention,IIIV,VEEV,1.0
news_comention,INLX,MKTW,1.0
news_comention,INLX,SOUN,0.5
news_comention,INLX,TTWO,0.5
news_comention,INSE,SNPS,1.0
news_comention,INSE,SPSC,3.5
news_comention,INSE,TWLO,1.0
news_comention,INTA,INTU,0.166667
news_comention,INTA,MQ,0.25
news_comention,INTA,MYSZ,0.5
news_comention,INTA,NOW,0.333333
news_comention,INTA,PATH,0.25
news_comention,INTA,PD,1.0
news_comention,INTA,PLTR,2.5
news_comention,INTA,RBLX,0.25
news_comention,INTA,SKIL,0.583333
news_comention,INTA,TTWO,0.25
news_comention,INTA,U,0.166667
news_comention,INTA,VRNS,0.5
news_comention,INTA,WK,0.333333
news_comention,INTA,YOU,0.25
news_comention,INTU,MANH,1.5
news_comention,INTU,MDB,2.158333
news_comention,INTU,MQ,0.142857
news_comention,INTU,MSFT,51.163095
news_comention,INTU,NCNO,0.642857
news_comention,INTU,NET,4.0
news_comention,INTU,NOW,19.784127
news_comention,INTU,NTNX,0.166667
news_comention,INTU,OKTA,6.075
news_comention,INTU,ORCL,16.567857
news_comention,INTU,PARA,2.142857
news_comention,INTU,PATH,0.7
news_comention,INTU,PAYC,2.083333
news_comention,INTU,PCOR,0.333333
news_comention,INTU,PCTY,1.5
news_comention,INTU,PLTR,4.55
news_comention,INTU,PRGS,2.5
news_comention,INTU,PTC,1.0
news_comention,INTU,QLYS,0.25
news_comention,INTU,QTWO,1.0
news_comention,INTU,RBLX,2.0
news_comention,INTU,RBRK,0.142857
news_comention,INTU,RPD,0.25
news_comention,INTU,S,1.436111
news_comention,INTU,SHOP,16.684524
news_comention,INTU,SMSI,1.0
news_comention,INTU,SNOW,11.06627
news_comention,INTU,SNPS,7.033333
news_comention,INTU,SPT,0.25
news_comention,INTU,SSNC,2.0
news_comention,INTU,TDC,1.0
news_comention,INTU,TEAM,6.166667
news_comention,INTU,TENB,1.0
news_comention,INTU,TTWO,2.083333
news_comention,INTU,TWLO,3.033333
news_comention,INTU,TYL,0.684524
news_comention,INTU,U,1.5
news_comention,INTU,VEEV,1.142857
news_comention,INTU,VERX,1.0
news_comention,INTU,VRNS,0.5
news_comention,INTU,XYZ,1.5
news_comention,INTU,ZETA,0.142857
news_comention,IVDA,MQ,2.0
news_comention,IVDA,MSGM,2.5
news_comention,IVDA,NET,0.142857
news_comention,IVDA,PARA,0.5
news_comention,IVDA,PATH,0.142857
news_comention,IVDA,PLTR,0.833333
news_comention,IVDA,PXLW,1.0
news_comention,IVDA,QLYS,1.0
news_comention,IVDA,QUBT,0.25
news_comention,IVDA,RBLX,0.142857
news_comention,IVDA,RPD,0.5
news_comention,IVDA,SOUN,0.392857
news_comention,IVDA,SPT,0.142857
news_comention,IVDA,TWLO,0.5
news_comention,IVDA,WK,0.5
news_comention,KLTR,MSFT,1.342857
news_comention,KLTR,NET,0.333333
news_comention,KLTR,NOW,0.333333
news_comention,KLTR,OKTA,0.842857
news_comention,KLTR,ORCL,0.142857
news_comention,KLTR,PLTR,0.142857
news_comention,KLTR,PRCH,1.0
news_comention,KLTR,RPD,1.0
news_comention,KLTR,SHOP,0.2
news_comention,KLTR,SNOW,1.0
news_comention,KLTR,SOUN,1.0
news_comention,KLTR,TWLO,0.342857
news_comention,KVYO,MQ,0.5
news_comention,KVYO,MSFT,2.833333
news_comention,KVYO,NCNO,0.2
news_comention,KVYO,NOW,1.166667
news_comention,KVYO,PARA,0.5
news_comention,KVYO,SHOP,5.916667
news_comention,KVYO,SNOW,1.2
news_comention,KVYO,TTWO,1.0
news_comention,KVYO,U,0.2
news_comention,KVYO,UPLD,0.2
news_comention,KVYO,VRNS,1.0
news_comention,KVYO,WEAV,0.2
news_comention,LAW,MDB,1.0
news_comention,LAW,MSFT,0.642857
news_comention,LAW,OKTA,0.142857
news_comention,LAW,ORCL,3.0
news_comention,LAW,PD,0.333333
news_comention,LAW,PRCH,0.5
news_comention,LAW,RPD,1.142857
news_comention,LAW,SMSI,0.666667
news_comention,LAW,UPLD,0.5
news_comention,LAW,VEEV,0.142857
news_comention,LAW,YOU,0.5
news_comention,LAW,ZETA,0.5
news_comention,MANH,MDB,0.2
news_comention,MANH,MSFT,28.7
news_comention,MANH,NOW,1.0
news_comention,MANH,ORCL,7.0
news_comention,MANH,PARA,1.0
news_comention,MANH,PCTY,5.0
news_comention,MANH,PRGS,3.0
news_comention,MANH,QLYS,0.666667
news_comention,MANH,SHOP,2.333333
news_comention,MANH,SNOW,0.2
news_comention,MANH,SNPS,3.166667
news_comention,MANH,SSNC,1.0
news_comention,MANH,TENB,1.166667
news_comention,MANH,TWLO,1.5
news_comention,MANH,TYL,1.0
news_comention,MANH,U,0.333333
news_comention,MBLY,MSFT,13.333333
news_comention,MBLY,MYPS,0.5
news_comention,MBLY,NET,0.75
news_comention,MBLY,NOW,2.75
news_comention,MBLY,OKTA,2.0
news_comention,MBLY,ORCL,1.111111
news_comention,MBLY,PAYC,0.25
news_comention,MBLY,PLTR,2.902778
news_comention,MBLY,RBLX,0.25
news_comention,MBLY,S,1.069444
news_comention,MBLY,SHOP,0.611111
news_comention,MBLY,SNOW,1.25
news_comention,MBLY,SNPS,0.25
news_comention,MBLY,SOUN,1.0
news_comention,MBLY,TEAM,1.0
news_comention,MBLY,TWLO,0.25
news_comention,MBLY,TYL,1.0
news_comention,MBLY,U,0.458333
news_comention,MBLY,ZETA,0.333333
news_comention,MCHX,MSFT,1.0
news_comention,MCHX,SHOP,2.0
news_comention,MDB,MQ,0.25
news_comention,MDB,MSFT,42.164286
news_comention,MDB,NCNO,1.0
news_comention,MDB,NET,12.152381
news_comention,MDB,NOW,9.110714
news_comention,MDB,NTNX,5.467857
news_comention,MDB,OKTA,15.736905
news_comention,MDB,ORCL,22.886905
news_comention,MDB,PARA,1.7
news_comention,MDB,PATH,3.375
news_comention,MDB,PAYC,1.25
news_comention,MDB,PCOR,0.333333
news_comention,MDB,PD,6.92619
news_comention,MDB,PLTR,12.911905
news_comention,MDB,PRCH,1.0
news_comention,MDB,QLYS,1.0
news_comention,MDB,RBRK,2.166667
news_comention,MDB,ROC,0.2
news_comention,MDB,RPD,0.25
news_comention,MDB,S,10.052381
news_comention,MDB,SHOP,8.069048
news_comention,MDB,SKIL,3.0
news_comention,MDB,SNOW,37.491667
news_comention,MDB,SNPS,2.75
news_comention,MDB,SOUN,0.125
news_comention,MDB,SPSC,0.5
news_comention,MDB,SPT,2.25
news_comention,MDB,SSNC,0.333333
news_comention,MDB,SVCO,0.5
news_comention,MDB,TDC,0.866667
news_comention,MDB,TEAM,4.791667
news_comention,MDB,TENB,0.45
news_comention,MDB,TTWO,0.533333
news_comention,MDB,TWLO,7.85119
news_comention,MDB,U,1.285714
news_comention,MDB,VEEV,6.525
news_comention,MDB,VERX,1.333333
news_comention,MDB,WEAV,1.0
news_comention,MDB,YOU,1.0
news_comention,MKTW,NABL,1.0
news_comention,MKTW,ORCL,0.833333
news_comention,MKTW,RBLX,0.333333
news_comention,MQ,MSFT,3.4
news_comention,MQ,MSGM,0.366667
news_comention,MQ,NABL,0.366667
news_comention,MQ,NCNO,0.142857
news_comention,MQ,NET,1.566667
news_comention,MQ,NOW,0.2
news_comention,MQ,OKTA,0.45
news_comention,MQ,ORCL,0.666667
news_comention,MQ,PCOR,0.2
news_comention,MQ,PD,0.25
news_comention,MQ,PLTR,4.5
news_comention,MQ,PRCH,3.25
news_comention,MQ,PTC,0.2
news_comention,MQ,PXLW,1.0
news_comention,MQ,RBLX,1.866667
news_comention,MQ,RPD,0.533333
news_comention,MQ,S,1.2
news_comention,MQ,SAIL,0.75
news_comention,MQ,SHOP,6.892857
news_comention,MQ,SNOW,0.7
news_comention,MQ,SNPS,0.2
news_comention,MQ,SOUN,0.7
news_comention,MQ,SPT,0.25
news_comention,MQ,SSTI,0.5
news_comention,MQ,TENB,0.5
news_comention,MQ,TTWO,0.75
news_comention,MQ,TWLO,4.833333
news_comention,MQ,TYL,1.0
news_comention,MQ,U,0.866667
news_comention,MQ,VERX,0.333333
news_comention,MQ,WK,1.0
news_comention,MQ,XPER,0.333333
news_comention,MQ,XYZ,1.0
news_comention,MQ,YOU,0.5
news_comention,MSFT,MSGM,1.866667
news_comention,MSFT,NABL,0.366667
news_comention,MSFT,NCNO,0.5
news_comention,MSFT,NET,64.174603
news_comention,MSFT,NOW,109.62619
news_comention,MSFT,NTNX,13.077381
news_comention,MSFT,NTSK,1.0
news_comention,MSFT,OKTA,41.881349
news_comention,MSFT,ORCL,730.002381
news_comention,MSFT,PARA,41.309524
news_comention,MSFT,PATH,47.384524
news_comention,MSFT,PAYC,9.344444
news_comention,MSFT,PCOR,2.95
news_comention,MSFT,PCTY,3.833333
news_comention,MSFT,PD,3.111111
news_comention,MSFT,PLTR,350.565873
news_comention,MSFT,PRCH,1.0
news_comention,MSFT,PRGS,3.125
news_comention,MSFT,PTC,9.492857
news_comention,MSFT,QLYS,2.65
news_comention,MSFT,QTWO,1.166667
news_comention,MSFT,QUBT,18.5
news_comention,MSFT,RBLX,73.148413
news_comention,MSFT,RBRK,5.670635
news_comention,MSFT,RCAT,0.5
news_comention,MSFT,RPD,2.709524
news_comention,MSFT,S,30.723413
news_comention,MSFT,SAIL,1.233333
news_comention,MSFT,SHOP,116.59127
news_comention,MSFT,SKIL,3.333333
news_comention,MSFT,SNOW,155.771825
news_comention,MSFT,SNPS,36.775
news_comention,MSFT,SOUN,45.495635
news_comention,MSFT,SPSC,1.0
news_comention,MSFT,SPT,1.227778
news_comention,MSFT,SSNC,1.0
news_comention,MSFT,TDC,7.283333
news_comention,MSFT,TEAM,24.015079
news_comention,MSFT,TENB,11.266667
news_comention,MSFT,TTAN,0.333333
news_comention,MSFT,TTWO,107.809524
news_comention,MSFT,TWLO,28.809127
news_comention,MSFT,TYL,7.80119
news_comention,MSFT,U,52.296825
news_comention,MSFT,UPLD,0.2
news_comention,MSFT,VEEV,8.813492
news_comention,MSFT,VRNS,3.9
news_comention,MSFT,WEAV,1.0
news_comention,MSFT,WK,5.25
news_comention,MSFT,XPER,1.0
news_comention,MSFT,XYZ,1.0
news_comention,MSFT,YOU,1.5
news_comention,MSFT,ZETA,1.97619
news_comention,MSGM,MYPS,0.25
news_comention,MSGM,MYSZ,0.5
news_comention,MSGM,NABL,0.366667
news_comention,MSGM,NET,0.366667
news_comention,MSGM,PARA,1.0
news_comention,MSGM,PATH,0.5
news_comention,MSGM,PAYC,0.166667
news_comention,MSGM,PRCH,1.0
news_comention,MSGM,QTWO,0.25
news_comention,MSGM,QUBT,0.25
news_comention,MSGM,RPD,1.5
news_comention,MSGM,SNOW,1.0
news_comention,MSGM,SOUN,1.0
news_comention,MSGM,U,0.866667
news_comention,MSGM,VEEV,0.2
news_comention,MSGM,VIA,0.333333
news_comention,MSGM,VRNS,0.25
news_comention,MSGM,WEAV,0.2
news_comention,MSGM,YOU,0.166667
news_comention,MYPS,NTNX,0.2
news_comention,MYPS,OKTA,1.0
news_comention,MYPS,PRCH,0.5
news_comention,MYPS,QTWO,0.25
news_comention,MYPS,RBLX,1.5
news_comention,MYPS,S,1.0
news_comention,MYPS,U,1.0
news_comention,MYPS,VRNS,0.2
news_comention,MYSZ,TEAM,0.5
news_comention,MYSZ,VRNS,0.5
news_comention,NABL,NET,0.366667
news_comention,NABL,NTNX,0.166667
news_comention,NABL,PCOR,1.0
news_comention,NABL,PRGS,0.5
news_comention,NABL,QLYS,0.166667
news_comention,NABL,TDC,0.666667
news_comention,NABL,U,0.366667
news_comention,NAVN,SNOW,4.0
news_comention,NCNO,NET,0.142857
news_comention,NCNO,NOW,0.5
news_comention,NCNO,NTNX,1.166667
news_comention,NCNO,OKTA,3.333333
news_comention,NCNO,PATH,0.166667
news_comention,NCNO,PLTR,4.0
news_comention,NCNO,PRGS,3.833333
news_comention,NCNO,QTWO,0.583333
news_comention,NCNO,S,0.342857
news_comention,NCNO,SHOP,0.392857
news_comention,NCNO,SNOW,0.2
news_comention,NCNO,SNPS,0.2
news_comention,NCNO,SPSC,0.333333
news_comention,NCNO,TEAM,0.809524
news_comention,NCNO,TENB,1.0
news_comention,NCNO,TWLO,1.392857
news_comention,NCNO,U,1.2
news_comention,NCNO,VEEV,0.366667
news_comention,NCNO,WEAV,0.2
news_comention,NET,NOW,10.237302
news_comention,NET,NTNX,0.125
news_comention,NET,OKTA,11.209524
news_comention,NET,ORCL,2.994048
news_comention,NET,PARA,0.5
news_comention,NET,PATH,2.430159
news_comention,NET,PAYC,1.111111
news_comention,NET,PCOR,1.333333
news_comention,NET,PCTY,1.366667
news_comention,NET,PD,0.25
news_comention,NET,PLTR,20.127778
news_comention,NET,PRCH,0.25
news_comention,NET,PRGS,0.125
news_comention,NET,QLYS,0.2
news_comention,NET,QTWO,1.0
news_comention,NET,QUBT,1.0
news_comention,NET,RBLX,2.903968
news_comention,NET,RBRK,0.833333
news_comention,NET,RPD,0.533333
news_comention,NET,S,10.360714
news_comention,NET,SHOP,20.921825
news_comention,NET,SNOW,18.923016
news_comention,NET,SNPS,0.325
news_comention,NET,SOUN,1.471825
news_comention,NET,SPSC,0.333333
news_comention,NET,SPT,1.620635
news_comention,NET,TDC,1.166667
news_comention,NET,TEAM,10.870238
news_comention,NET,TENB,2.4
news_comention,NET,TTWO,2.5
news_comention,NET,TWLO,22.185714
news_comention,NET,TYL,0.333333
news_comention,NET,U,6.786905
news_comention,NET,UPLD,0.2
news_comention,NET,VEEV,1.2
news_comention,NET,WK,0.642857
news_comention,NET,XYZ,1.0
news_comention,NET,ZETA,1.2
news_comention,NOW,NTNX,10.142857
news_comention,NOW,OKTA,4.411111
news_comention,NOW,ORCL,18.632143
news_comention,NOW,PARA,0.833333
news_comention,NOW,PATH,9.761111
news_comention,NOW,PAYC,5.061111
news_comention,NOW,PCTY,3.0
news_comention,NOW,PD,2.25
news_comention,NOW,PLTR,18.835714
news_comention,NOW,PRGS,1.125
news_comention,NOW,PTC,0.4
news_comention,NOW,QLYS,0.2
news_comention,NOW,RBLX,1.0
news_comention,NOW,RBRK,0.111111
news_comention,NOW,S,11.461111
news_comention,NOW,SAIL,0.5
news_comention,NOW,SHOP,12.708333
news_comention,NOW,SNOW,18.30873
news_comention,NOW,SNPS,10.616667
news_comention,NOW,SOUN,1.0
news_comention,NOW,TEAM,10.940079
news_comention,NOW,TENB,1.2
news_comention,NOW,TTWO,3.47619
news_comention,NOW,TWLO,9.75
news_comention,NOW,TYL,2.684524
news_comention,NOW,U,1.166667
news_comention,NOW,VEEV,3.078968
news_comention,NOW,WK,1.083333
news_comention,NTNX,NTSK,1.0
news_comention,NTNX,OKTA,5.32619
news_comention,NTNX,ORCL,2.97619
news_comention,NTNX,PARA,0.25
news_comention,NTNX,PATH,2.95
news_comention,NTNX,PAYC,0.5
news_comention,NTNX,PCOR,0.333333
news_comention,NTNX,PCTY,10.5
news_comention,NTNX,PD,1.259524
news_comention,NTNX,PLTR,4.642857
news_comention,NTNX,PTC,0.142857
news_comention,NTNX,QLYS,0.166667
news_comention,NTNX,RBRK,0.833333
news_comention,NTNX,RPD,0.333333
news_comention,NTNX,S,1.509524
news_comention,NTNX,SHOP,1.142857
news_comention,NTNX,SNOW,10.292857
news_comention,NTNX,SNPS,4.158333
news_comention,NTNX,SOUN,1.375
news_comention,NTNX,TDC,0.166667
news_comention,NTNX,TEAM,0.666667
news_comention,NTNX,TTWO,0.5
news_comention,NTNX,TWLO,1.642857
news_comention,NTNX,TYL,2.5
news_comention,NTNX,VEEV,1.2
news_comention,NTNX,VRNS,0.2
news_comention,NTNX,YOU,1.0
news_comention,NTSK,RBRK,1.25
news_comention,NTWK,SMSI,0.333333
news_comention,OKTA,ORCL,5.537302
news_comention,OKTA,PARA,0.666667
news_comention,OKTA,PATH,1.9
news_comention,OKTA,PAYC,2.333333
news_comention,OKTA,PCOR,1.4
news_comention,OKTA,PCTY,0.333333
news_comention,OKTA,PD,3.342857
news_comention,OKTA,PLTR,4.777381
news_comention,OKTA,PRGS,0.125
news_comention,OKTA,PTC,0.333333
news_comention,OKTA,QLYS,0.991667
news_comention,OKTA,RBLX,1.95
news_comention,OKTA,RBRK,2.333333
news_comention,OKTA,RPD,0.60119
news_comention,OKTA,S,12.269048
news_comention,OKTA,SAIL,1.333333
news_comention,OKTA,SHOP,9.025
news_comention,OKTA,SNOW,24.230159
news_comention,OKTA,SNPS,1.325
news_comention,OKTA,SPT,0.166667
news_comention,OKTA,TDC,0.5
news_comention,OKTA,TEAM,10.745635
news_comention,OKTA,TENB,0.325
news_comention,OKTA,TTWO,1.033333
news_comention,OKTA,TWLO,3.748016
news_comention,OKTA,U,3.134524
news_comention,OKTA,UPLD,0.333333
news_comention,OKTA,VEEV,6.784524
news_comention,OKTA,VERX,0.65
news_comention,OKTA,VRNS,2.625
news_comention,OKTA,WEAV,0.5
news_comention,OKTA,XPER,0.333333
news_comention,OKTA,XYZ,1.0
news_comention,OKTA,ZETA,0.2
news_comention,ORCL,PARA,9.5
news_comention,ORCL,PATH,4.011111
news_comention,ORCL,PAYC,0.75
news_comention,ORCL,PCOR,0.833333
news_comention,ORCL,PCTY,1.0
news_comention,ORCL,PD,0.5
news_comention,ORCL,PLTR,66.004762
news_comention,ORCL,PRGS,3.125
news_comention,ORCL,PTC,4.283333
news_comention,ORCL,QLYS,0.833333
news_comention,ORCL,QTWO,0.5
news_comention,ORCL,QUBT,0.5
news_comention,ORCL,RBLX,2.583333
news_comention,ORCL,RBRK,1.277778
news_comention,ORCL,S,3.213889
news_comention,ORCL,SHOP,8.811111
news_comention,ORCL,SNOW,15.73373
news_comention,ORCL,SNPS,3.283333
news_comention,ORCL,SOUN,13.259524
news_comention,ORCL,TDC,4.033333
news_comention,ORCL,TEAM,2.948413
news_comention,ORCL,TENB,1.333333
news_comention,ORCL,TTWO,1.142857
news_comention,ORCL,TWLO,3.453968
news_comention,ORCL,TYL,4.0
news_comention,ORCL,U,2.5
news_comention,ORCL,VEEV,11.902778
news_comention,ORCL,VERX,1.0
news_comention,ORCL,VIA,2.0
news_comention,ORCL,XPER,0.333333
news_comention,ORCL,ZDGE,0.5
news_comention,ORCL,ZETA,1.0
news_comention,PARA,PATH,0.166667
news_comention,PARA,PAYC,1.0
news_comention,PARA,PD,0.25
news_comention,PARA,PLTR,9.5
news_comention,PARA,PRGS,1.0
news_comention,PARA,PXLW,1.0
news_comention,PARA,RBLX,6.166667
news_comention,PARA,RBRK,0.142857
news_comention,PARA,SHOP,4.2
news_comention,PARA,SNOW,10.642857
news_comention,PARA,SNPS,1.0
news_comention,PARA,SOUN,0.333333
news_comention,PARA,SPT,0.583333
news_comention,PARA,TEAM,2.916667
news_comention,PARA,TENB,1.0
news_comention,PARA,TTWO,9.333333
news_comention,PARA,TWLO,2.5
news_comention,PARA,U,1.333333
news_comention,PARA,VEEV,1.0
news_comention,PARA,YOU,1.0
news_comention,PARA,ZETA,0.47619
news_comention,PATH,PCOR,4.5
news_comention,PATH,PD,6.044444
news_comention,PATH,PLTR,28.572222
news_comention,PATH,PTC,1.5
news_comention,PATH,QLYS,0.5
news_comention,PATH,RBLX,13.19127
news_comention,PATH,RBRK,1.444444
news_comention,PATH,RPD,0.5
news_comention,PATH,S,11.420635
news_comention,PATH,SHOP,8.187302
news_comention,PATH,SKIL,1.0
news_comention,PATH,SNOW,24.770635
news_comention,PATH,SNPS,0.958333
news_comention,PATH,SOUN,15.337302
news_comention,PATH,SPSC,0.333333
news_comention,PATH,SPT,0.253968
news_comention,PATH,SVCO,0.5
news_comention,PATH,TDC,1.5
news_comention,PATH,TEAM,0.620635
news_comention,PATH,TWLO,32.280556
news_comention,PATH,U,10.205159
news_comention,PATH,VEEV,1.666667
news_comention,PATH,VRNS,1.333333
news_comention,PATH,WEAV,1.0
news_comention,PATH,ZETA,1.0
news_comention,PAYC,PCOR,1.0
news_comention,PAYC,PCTY,8.0
news_comention,PAYC,PLTR,5.944444
news_comention,PAYC,PTC,0.566667
news_comention,PAYC,QLYS,0.25
news_comention,PAYC,RBLX,2.25
news_comention,PAYC,SHOP,1.111111
news_comention,PAYC,SNOW,0.277778
news_comention,PAYC,SNPS,2.166667
news_comention,PAYC,SPT,0.5
news_comention,PAYC,SSTI,0.5
news_comention,PAYC,TDC,0.25
news_comention,PAYC,TEAM,2.5
news_comention,PAYC,TTWO,1.0
news_comention,PAYC,TWLO,3.25
news_comention,PAYC,TYL,0.366667
news_comention,PAYC,U,0.5
news_comention,PAYC,VEEV,4.5
news_comention,PAYC,VRNS,0.5
news_comention,PAYC,WK,0.5
news_comention,PAYC,YOU,0.166667
news_comention,PCOR,PTC,0.5
news_comention,PCOR,RBLX,0.2
news_comention,PCOR,RBRK,0.333333
news_comention,PCOR,SHOP,0.333333
news_comention,PCOR,SNOW,0.2
news_comention,PCOR,SPT,1.0
news_comention,PCOR,TEAM,1.0
news_comention,PCOR,TTWO,0.2
news_comention,PCOR,TWLO,0.333333
news_comention,PCOR,U,0.45
news_comention,PCOR,WEAV,0.5
news_comention,PCTY,PLTR,0.333333
news_comention,PCTY,PRGS,2.0
news_comention,PCTY,SHOP,1.0
news_comention,PCTY,SNOW,1.0
news_comention,PCTY,SNPS,1.0
news_comention,PCTY,SPSC,1.0
news_comention,PCTY,TDC,0.166667
news_comention,PCTY,TEAM,1.866667
news_comention,PCTY,TWLO,4.366667
news_comention,PCTY,TYL,3.5
news_comention,PCTY,U,1.0
news_comention,PCTY,WK,0.5
news_comention,PD,PLTR,2.920635
news_comention,PD,RBLX,2.677778
news_comention,PD,ROC,0.2
news_comention,PD,S,7.17619
news_comention,PD,SHOP,1.677778
news_comention,PD,SNOW,2.033333
news_comention,PD,SNPS,1.333333
news_comention,PD,SSTI,1.0
news_comention,PD,TEAM,0.5
news_comention,PD,TWLO,3.677778
news_comention,PD,U,2.677778
news_comention,PD,VEEV,0.333333
news_comention,PDFS,PTC,1.0
news_comention,PDFS,SNAL,0.366667
news_comention,PDYN,PLTR,1.0
news_comention,PDYN,VWAV,0.5
news_comention,PLTR,PRGS,2.0
news_comention,PLTR,QLYS,0.583333
news_comention,PLTR,QUBT,1.0
news_comention,PLTR,RBLX,19.511111
news_comention,PLTR,RBRK,0.694444
news_comention,PLTR,RCAT,8.0
news_comention,PLTR,RPD,0.333333
news_comention,PLTR,S,9.031746
news_comention,PLTR,SHOP,46.641667
news_comention,PLTR,SNOW,81.756349
news_comention,PLTR,SNPS,2.166667
news_comention,PLTR,SOUN,61.366667
news_comention,PLTR,SWMR,1.0
news_comention,PLTR,TDC,0.166667
news_comention,PLTR,TEAM,3.094444
news_comention,PLTR,TENB,0.833333
news_comention,PLTR,TTWO,4.25
news_comention,PLTR,TWLO,23.420635
news_comention,PLTR,TYL,4.333333
news_comention,PLTR,U,6.386111
news_comention,PLTR,VEEV,0.977778
news_comention,PLTR,VWAV,3.0
news_comention,PLTR,XYZ,0.5
news_comention,PLTR,ZETA,4.5
news_comention,PRCH,QTWO,0.25
news_comention,PRCH,RBLX,1.95
news_comention,PRCH,S,0.125
news_comention,PRCH,SHOP,0.125
news_comention,PRCH,SSNC,0.25
news_comention,PRCH,U,0.125
news_comention,PRCH,VEEV,1.0
news_comention,PRCH,VERX,1.0
news_comention,PRCH,VRNS,0.25
news_comention,PRCH,WK,0.325
news_comention,PRCH,YOU,0.75
news_comention,PRGS,PTC,0.5
news_comention,PRGS,SNOW,0.125
news_comention,PRGS,SNPS,1.0
news_comention,PRGS,SSNC,3.0
news_comention,PRGS,TDC,0.5
news_comention,PRGS,YOU,1.0
news_comention,PTC,QLYS,1.0
news_comention,PTC,S,0.4
news_comention,PTC,SHOP,1.342857
news_comention,PTC,SNPS,6.333333
news_comention,PTC,SSNC,1.0
news_comention,PTC,TDC,0.45
news_comention,PTC,TEAM,0.5
news_comention,PTC,TENB,1.0
news_comention,PTC,TTWO,0.166667
news_comention,PTC,TWLO,0.142857
news_comention,PTC,TYL,1.533333
news_comention,PTC,U,0.25
news_comention,PTC,VEEV,0.833333
news_comention,PTC,VRNS,0.333333
news_comention,PXLW,SOUN,1.0
news_comention,QLYS,QTWO,1.0
news_comention,QLYS,RBLX,0.142857
news_comention,QLYS,RPD,3.584524
news_comention,QLYS,S,0.291667
news_comention,QLYS,SAIL,0.4
news_comention,QLYS,SNOW,0.72619
news_comention,QLYS,SNPS,1.25
news_comention,QLYS,SPT,0.25
news_comention,QLYS,TDC,0.166667
news_comention,QLYS,TENB,4.975
news_comention,QLYS,TWLO,1.0
news_comention,QLYS,VERX,1.25
news_comention,QLYS,VRNS,13.025
news_comention,QLYS,WK,0.25
news_comention,QLYS,XPER,0.142857
news_comention,QTWO,RBLX,0.5
news_comention,QTWO,S,1.0
news_comention,QTWO,SHOP,0.75
news_comention,QTWO,SNPS,2.0
news_comention,QTWO,SSNC,0.25
news_comention,QTWO,TEAM,0.666667
news_comention,QTWO,TTWO,0.5
news_comention,QTWO,TWLO,1.25
news_comention,QTWO,TYL,4.0
news_comention,QTWO,VRNS,0.25
news_comention,QUBT,RCAT,1.0
news_comention,QUBT,SOUN,0.25
news_comention,QUBT,TTWO,1.0
news_comention,QUBT,VRNS,0.25
news_comention,QUBT,YOU,1.0
news_comention,RBLX,RPD,0.342857
news_comention,RBLX,S,1.142857
news_comention,RBLX,SHOP,28.661111
news_comention,RBLX,SNOW,4.185714
news_comention,RBLX,SNPS,0.833333
news_comention,RBLX,SOUN,1.453968
news_comention,RBLX,SPT,0.453968
news_comention,RBLX,TEAM,2.416667
news_comention,RBLX,TTWO,35.283333
news_comention,RBLX,TWLO,13.877778
news_comention,RBLX,TYL,1.166667
news_comention,RBLX,U,49.953968
news_comention,RBLX,VEEV,1.166667
news_comention,RBLX,VERX,1.0
news_comention,RBLX,VRNS,1.0
news_comention,RBLX,WK,0.2
news_comention,RBLX,XPER,0.47619
news_comention,RBLX,YOU,0.5
news_comention,RBLX,ZETA,0.5
news_comention,RBRK,S,0.777778
news_comention,RBRK,SNOW,0.47619
news_comention,RBRK,SNPS,1.0
news_comention,RBRK,TEAM,0.111111
news_comention,RBRK,XYZ,1.0
news_comention,RBRK,ZETA,0.142857
news_comention,RCAT,VEEV,0.333333
news_comention,RCAT,VWAV,2.5
news_comention,ROC,S,0.2
news_comention,RPD,S,1.491667
news_comention,RPD,SAIL,0.733333
news_comention,RPD,SNOW,0.142857
news_comention,RPD,SNPS,1.5
news_comention,RPD,SOUN,0.2
news_comention,RPD,SPT,0.25
news_comention,RPD,TEAM,0.5
news_comention,RPD,TENB,3.891667
news_comention,RPD,VEEV,0.342857
news_comention,RPD,VERX,0.916667
news_comention,RPD,VRNS,1.525
news_comention,RPD,WK,1.25
news_comention,RPD,XPER,0.142857
news_comention,S,SAIL,0.833333
news_comention,S,SHOP,1.690079
news_comention,S,SNOW,8.227381
news_comention,S,SNPS,1.325
news_comention,S,SOUN,6.0
news_comention,S,SPT,0.166667
news_comention,S,TEAM,0.587302
news_comention,S,TENB,4.658333
news_comention,S,TTWO,1.666667
news_comention,S,TWLO,1.378968
news_comention,S,U,3.702381
news_comention,S,VEEV,1.725
news_comention,S,VERX,0.833333
news_comention,S,VRNS,0.958333
news_comention,S,WK,0.267857
news_comention,S,YOU,0.5
news_comention,SAIL,SHOP,1.75
news_comention,SAIL,SPT,0.25
news_comention,SAIL,TENB,1.566667
news_comention,SAIL,VRNS,1.733333
news_comention,SHOP,SNOW,21.902381
news_comention,SHOP,SNPS,1.333333
news_comention,SHOP,SOUN,0.25
news_comention,SHOP,SPT,1.75
news_comention,SHOP,SSNC,0.583333
news_comention,SHOP,TDC,1.333333
news_comention,SHOP,TEAM,5.292857
news_comention,SHOP,TENB,1.0
news_comention,SHOP,TTWO,1.583333
news_comention,SHOP,TWLO,37.887302
news_comention,SHOP,TYL,0.833333
news_comention,SHOP,U,20.188492
news_comention,SHOP,UPLD,0.5
news_comention,SHOP,VEEV,5.333333
news_comention,SHOP,VERX,1.2
news_comention,SHOP,VRNS,1.0
news_comention,SHOP,WK,2.267857
news_comention,SHOP,XYZ,5.5
news_comention,SHOP,ZDGE,1.0
news_comention,SHOP,ZETA,0.5
news_comention,SMSI,SNOW,1.0
news_comention,SMSI,SNPS,2.0
news_comention,SMSI,SOUN,0.5
news_comention,SMSI,SSNC,1.0
news_comention,SMSI,UPLD,3.0
news_comention,SNAL,U,1.0
news_comention,SNAL,ZDGE,0.5
news_comention,SNOW,SNPS,34.983333
news_comention,SNOW,SOUN,7.166667
news_comention,SNOW,SPT,0.2
news_comention,SNOW,TDC,1.5
news_comention,SNOW,TEAM,6.978968
news_comention,SNOW,TTWO,0.833333
news_comention,SNOW,TWLO,16.328968
news_comention,SNOW,TYL,1.333333
news_comention,SNOW,U,2.977381
news_comention,SNOW,VEEV,7.916667
news_comention,SNOW,VERX,0.2
news_comention,SNOW,WEAV,0.2
news_comention,SNOW,XPER,1.142857
news_comention,SNOW,ZETA,1.142857
news_comention,SNPS,SOUN,0.625
news_comention,SNPS,SSNC,1.5
news_comention,SNPS,SVCO,0.5
news_comention,SNPS,TEAM,1.0
news_comention,SNPS,TTWO,1.0
news_comention,SNPS,TWLO,1.5
news_comention,SNPS,TYL,3.166667
news_comention,SNPS,U,0.333333
news_comention,SNPS,VEEV,10.116667
news_comention,SNPS,VRNS,1.0
news_comention,SOUN,SPT,0.503968
news_comention,SOUN,SSTI,0.5
news_comention,SOUN,TEAM,0.5
news_comention,SOUN,TTWO,1.5
news_comention,SOUN,TWLO,2.583333
news_comention,SOUN,U,4.916667
news_comention,SOUN,VEEV,0.25
news_comention,SOUN,VERX,1.0
news_comention,SOUN,VWAV,0.5
news_comention,SOUN,XYZ,1.0
news_comention,SPSC,TYL,0.5
news_comention,SPT,SSTI,0.333333
news_comention,SPT,TEAM,1.25
news_comention,SPT,TENB,4.75
news_comention,SPT,TTWO,1.0
news_comention,SPT,TWLO,0.583333
news_comention,SPT,U,2.333333
news_comention,SPT,VERX,0.25
news_comention,SPT,VRNS,0.5
news_comention,SPT,WK,1.25
news_comention,SSNC,VEEV,0.25
news_comention,SSNC,VRNS,0.25
news_comention,SSTI,VEEV,0.833333
news_comention,TDC,TEAM,0.5
news_comention,TDC,TTWO,0.2
news_comention,TDC,TWLO,1.25
news_comention,TDC,U,0.333333
news_comention,TEAM,TENB,1.0
news_comention,TEAM,TTWO,1.142857
news_comention,TEAM,TWLO,16.671825
news_comention,TEAM,U,1.72619
news_comention,TEAM,VEEV,0.666667
news_comention,TEAM,VERX,0.2
news_comention,TEAM,WK,0.25
news_comention,TENB,U,1.0
news_comention,TENB,VEEV,0.2
news_comention,TENB,VRNS,1.858333
news_comention,TENB,WK,4.0
news_comention,TTWO,TWLO,4.083333
news_comention,TTWO,TYL,0.333333
news_comention,TTWO,U,12.366667
news_comention,TTWO,XPER,0.333333
news_comention,TTWO,YOU,0.25
news_comention,TWLO,TYL,3.0
news_comention,TWLO,U,18.312302
news_comention,TWLO,VEEV,2.666667
news_comention,TWLO,VERX,0.333333
news_comention,TWLO,VRNS,0.5
news_comention,TYL,VEEV,0.517857
news_comention,TYL,VRNS,0.333333
news_comention,TYL,YOU,0.5
news_comention,U,VEEV,1.833333
news_comention,U,VERX,1.0
news_comention,U,WEAV,0.2
news_comention,U,WK,0.267857
news_comention,U,YOU,0.333333
news_comention,U,ZETA,1.0
news_comention,UPLD,VEEV,0.333333
news_comention,UPLD,WK,1.0
news_comention,UPLD,ZETA,0.5
news_comention,VEEV,VRNS,1.0
news_comention,VEEV,WEAV,0.2
news_comention,VEEV,YOU,0.333333
news_comention,VERX,WK,0.5
news_comention,WEAV,ZETA,1.0
tenk_mention,ACIW,INTA,4.0
tenk_mention,ACIW,MSFT,10.0
tenk_mention,ACIW,QTWO,6.0
tenk_mention,ADBE,ADSK,1.0
tenk_mention,ADBE,FIG,14.0
tenk_mention,ADBE,MSFT,3.0
tenk_mention,ADBE,PATH,3.0
tenk_mention,ADBE,PXLW,6.0
tenk_mention,ADBE,SHOP,2.0
tenk_mention,ADBE,TEAM,1.0
tenk_mention,ADSK,ASAN,1.0
tenk_mention,ADSK,CDNS,1.0
tenk_mention,ADSK,CRM,1.0
tenk_mention,ADSK,DDD,5.0
tenk_mention,ADSK,DOCU,2.0
tenk_mention,ADSK,GEN,1.0
tenk_mention,ADSK,GWRE,1.0
tenk_mention,ADSK,HUBS,1.0
tenk_mention,ADSK,INTU,2.0
tenk_mention,ADSK,MSFT,5.0
tenk_mention,ADSK,NOW,1.0
tenk_mention,ADSK,ORCL,6.0
tenk_mention,ADSK,PCOR,5.0
tenk_mention,ADSK,SHOP,2.0
tenk_mention,ADSK,XYZ,1.0
tenk_mention,AI,MSFT,6.0
tenk_mention,AI,ORCL,1.0
tenk_mention,ALKT,PRGS,1.0
tenk_mention,ALKT,QTWO,6.0
tenk_mention,ALRM,COUR,1.0
tenk_mention,AMST,GTLB,1.0
tenk_mention,AMST,MQ,1.0
tenk_mention,APPN,COUR,1.0
tenk_mention,APPN,PATH,2.0
tenk_mention,APPN,PRGS,1.0
tenk_mention,AUID,IDN,2.0
tenk_mention,AWRE,YOU,1.0
tenk_mention,BBAI,PLTR,1.0
tenk_mention,BL,COUR,1.0
tenk_mention,BL,GDYN,4.0
tenk_mention,BL,MSFT,2.0
tenk_mention,BL,ORCL,2.0
tenk_mention,BLKB,CRWD,2.0
tenk_mention,BLKB,DDD,1.0
tenk_mention,BLKB,PRGS,1.0
tenk_mention,BLKB,TDC,5.0
tenk_mention,BLZE,MSFT,9.0
tenk_mention,BOX,CCSI,6.0
tenk_mention,BOX,COUR,1.0
tenk_mention,BOX,PATH,4.0
tenk_mention,BOX,VEEV,5.0
tenk_mention,BRZE,DDOG,10.0
tenk_mention,BRZE,ZDGE,1.0
tenk_mention,BSY,ORCL,5.0
tenk_mention,CCSI,CERT,1.0
tenk_mention,CCSI,DH,1.0
tenk_mention,CCSI,EVCM,1.0
tenk_mention,CDNS,SNPS,10.0
tenk_mention,CDNS,SVCO,6.0
tenk_mention,COUR,ESTC,1.0
tenk_mention,COUR,FSLY,1.0
tenk_mention,COUR,MSFT,1.0
tenk_mention,COUR,NET,1.0
tenk_mention,COUR,PD,2.0
tenk_mention,COUR,QLYS,1.0
tenk_mention,COUR,SKIL,6.0
tenk_mention,CRM,EGAN,1.0
tenk_mention,CRM,NET,3.0
tenk_mention,CRM,ORCL,12.0
tenk_mention,CRM,PDFS,2.0
tenk_mention,CRM,SHOP,1.0
tenk_mention,CRM,VEEV,97.0
tenk_mention,CRWD,MSFT,4.0
tenk_mention,CRWD,S,5.0
tenk_mention,CRWV,MSFT,1.0
tenk_mention,CVLT,MSFT,5.0
tenk_mention,DDOG,ESTC,10.0
tenk_mention,DDOG,MSFT,10.0
tenk_mention,EGAN,GDYN,4.0
tenk_mention,EGAN,MSFT,4.0
tenk_mention,EGAN,NOW,4.0
tenk_mention,EGAN,ORCL,4.0
tenk_mention,EGAN,SMSI,1.0
tenk_mention,EGAN,UPLD,2.0
tenk_mention,ESTC,NET,2.0
tenk_mention,EVCM,IIIV,2.0
tenk_mention,EVCM,INTU,1.0
tenk_mention,EVCM,ORCL,1.0
tenk_mention,EXFY,MQ,7.0
tenk_mention,EXFY,ORCL,1.0
tenk_mention,FROG,GDYN,4.0
tenk_mention,FROG,GTLB,2.0
tenk_mention,FROG,MSFT,2.0
tenk_mention,FSLY,GDYN,3.0
tenk_mention,FSLY,NET,4.0
tenk_mention,GDYN,NABL,3.0
tenk_mention,GDYN,ORCL,5.0
tenk_mention,GDYN,PD,4.0
tenk_mention,GDYN,QLYS,4.0
tenk_mention,GDYN,RPD,4.0
tenk_mention,GDYN,UPLD,3.0
tenk_mention,GDYN,VRNS,3.0
tenk_mention,GDYN,WK,2.0
tenk_mention,GTLB,MSFT,5.0
tenk_mention,GWRE,RBLX,8.0
tenk_mention,IIIV,TYL,4.0
tenk_mention,INTA,MSFT,1.0
tenk_mention,INTU,SHOP,2.0
tenk_mention,INTU,TEAM,5.0
tenk_mention,INTU,TWLO,2.0
tenk_mention,KVYO,SHOP,24.0
tenk_mention,MQ,QTWO,6.0
tenk_mention,MQ,XYZ,10.0
tenk_mention,MSFT,MSGM,14.0
tenk_mention,MSFT,MYPS,5.0
tenk_mention,MSFT,NET,4.0
tenk_mention,MSFT,NTNX,3.0
tenk_mention,MSFT,ORCL,5.0
tenk_mention,MSFT,PATH,11.0
tenk_mention,MSFT,PDYN,1.0
tenk_mention,MSFT,PRGS,1.0
tenk_mention,MSFT,S,5.0
tenk_mention,MSFT,SOUN,1.0
tenk_mention,MSFT,TTWO,24.0
tenk_mention,MSFT,VEEV,10.0
tenk_mention,NCNO,QTWO,6.0
tenk_mention,NET,ORCL,4.0
tenk_mention,NET,TEAM,1.0
tenk_mention,NOW,PATH,4.0
tenk_mention,NOW,PAYC,10.0
tenk_mention,ORCL,PATH,4.0
tenk_mention,ORCL,PAYC,10.0
tenk_mention,ORCL,PRGS,5.0
tenk_mention,ORCL,QTWO,4.0
tenk_mention,ORCL,SOUN,1.0
tenk_mention,ORCL,TDC,9.0
tenk_mention,ORCL,TYL,5.0
tenk_mention,ORCL,VEEV,10.0
tenk_mention,PATH,SNOW,3.0
tenk_mention,PAYC,PCTY,20.0
tenk_mention,PDYN,RCAT,1.0
tenk_mention,PLTR,RCAT,1.0
tenk_mention,PLTR,SHOP,1.0
tenk_mention,PRGS,RPD,1.0
tenk_mention,PRGS,SPSC,1.0
tenk_mention,SHOP,SNOW,2.0
tenk_mention,SHOP,TEAM,2.0
tenk_mention,SHOP,TWLO,2.0
tenk_mention,SHOP,VEEV,3.0
tenk_mention,SKIL,XYZ,2.0
tenk_mention,TTAN,VEEV,1.0
tenk_mention,TWLO,XYZ,1.0
return_corr,ACIW,CMRC,0.530471
return_corr,ACIW,QTWO,0.546746
return_corr,ACIW,SSNC,0.522221
return_corr,ADBE,ADSK,0.625762
return_corr,ADBE,BRZE,0.508813
return_corr,ADBE,BSY,0.509296
return_corr,ADBE,CRM,0.647105
return_corr,ADBE,DBX,0.522041
return_corr,ADBE,DOCU,0.54582
return_corr,ADBE,GTM,0.518051
return_corr,ADBE,HUBS,0.561011
return_corr,ADBE,INTU,0.618752
return_corr,ADBE,MANH,0.500987
return_corr,ADBE,MSFT,0.539742
return_corr,ADBE,NOW,0.651041
return_corr,ADBE,PCTY,0.514512
return_corr,ADBE,PD,0.523993
return_corr,ADBE,PTC,0.517204
return_corr,ADBE,TEAM,0.526953
return_corr,ADBE,TYL,0.523661
return_corr,ADSK,ALRM,0.531447
return_corr,ADSK,APPN,0.546982
return_corr,ADSK,ASAN,0.575614
return_corr,ADSK,AVPT,0.510851
return_corr,ADSK,BILL,0.52414
return_corr,ADSK,BL,0.57122
return_corr,ADSK,BRZE,0.569675
return_corr,ADSK,BSY,0.655221
return_corr,ADSK,CDNS,0.555824
return_corr,ADSK,CRM,0.633122
return_corr,ADSK,CRWD,0.519273
return_corr,ADSK,CXM,0.513022
return_corr,ADSK,DBX,0.519739
return_corr,ADSK,DDOG,0.539177
return_corr,ADSK,DOCU,0.592131
return_corr,ADSK,DT,0.579038
return_corr,ADSK,ESTC,0.528554
return_corr,ADSK,FRSH,0.577661
return_corr,ADSK,GTLB,0.52937
return_corr,ADSK,GWRE,0.574864
return_corr,ADSK,HUBS,0.622393
return_corr,ADSK,INTU,0.655051
return_corr,ADSK,MANH,0.572311
return_corr,ADSK,MDB,0.521431
return_corr,ADSK,MSFT,0.544557
return_corr,ADSK,NCNO,0.507614
return_corr,ADSK,NET,0.55174
return_corr,ADSK,NOW,0.652791
return_corr,ADSK,PATH,0.568763
return_corr,ADSK,PAYC,0.518308
return_corr,ADSK,PCOR,0.647257
return_corr,ADSK,PCTY,0.594919
return_corr,ADSK,PD,0.55215
return_corr,ADSK,PTC,0.654425
return_corr,ADSK,QTWO,0.571453
return_corr,ADSK,S,0.54999
return_corr,ADSK,SHOP,0.544755
return_corr,ADSK,SNOW,0.540602
return_corr,ADSK,SPSC,0.539225
return_corr,ADSK,SPT,0.53215
return_corr,ADSK,SSNC,0.550916
return_corr,ADSK,TEAM,0.58219
return_corr,ADSK,TTAN,0.503862
return_corr,ADSK,TWLO,0.514914
return_corr,ADSK,TYL,0.63226
return_corr,ADSK,U,0.500721
return_corr,ADSK,VEEV,0.538815
return_corr,ADSK,WK,0.553774
return_corr,AI,ASAN,0.513612
return_corr,AI,PLTR,0.510266
return_corr,ALKT,NCNO,0.513918
return_corr,ALKT,PCOR,0.526892
return_corr,ALKT,QTWO,0.65003
return_corr,ALKT,SPSC,0.52466
return_corr,ALRM,ASAN,0.504706
return_corr,ALRM,BL,0.513154
return_corr,ALRM,PCOR,0.517685
return_corr,ALRM,PD,0.51389
return_corr,ALRM,QTWO,0.521738
return_corr,AMPL,BRZE,0.535457
return_corr,AMPL,FRSH,0.565083
return_corr,AMPL,PCOR,0.506677
return_corr,APPF,BSY,0.51316
return_corr,APPN,ASAN,0.573094
return_corr,APPN,BRZE,0.513218
return_corr,APPN,CRM,0.542366
return_corr,APPN,DDOG,0.527072
return_corr,APPN,DOCU,0.536042
return_corr,APPN,ESTC,0.515367
return_corr,APPN,FRSH,0.583218
return_corr,APPN,GTLB,0.544671
return_corr,APPN,HUBS,0.549173
return_corr,APPN,INTU,0.515265
return_corr,APPN,MDB,0.501808
return_corr,APPN,NCNO,0.509098
return_corr,APPN,NET,0.520587
return_corr,APPN,NOW,0.558408
return_corr,APPN,PATH,0.557726
return_corr,APPN,PCOR,0.549024
return_corr,APPN,PCTY,0.550642
return_corr,APPN,PD,0.575578
return_corr,APPN,QTWO,0.512254
return_corr,APPN,S,0.503887
return_corr,APPN,SPT,0.53724
return_corr,APPN,TEAM,0.560683
return_corr,APPN,TWLO,0.535549
return_corr,APPN,TYL,0.505534
return_corr,APPN,WK,0.559714
return_corr,ASAN,BILL,0.528552
return_corr,ASAN,BL,0.534195
return_corr,ASAN,BRZE,0.591204
return_corr,ASAN,BSY,0.53418
return_corr,ASAN,CRM,0.550714
return_corr,ASAN,CXM,0.514681
return_corr,ASAN,DDOG,0.55362
return_corr,ASAN,DOCU,0.636163
return_corr,ASAN,DT,0.53888
return_corr,ASAN,ESTC,0.549714
return_corr,ASAN,FRSH,0.626217
return_corr,ASAN,GTLB,0.565501
return_corr,ASAN,GTM,0.50201
return_corr,ASAN,HUBS,0.633657
return_corr,ASAN,INTU,0.540172
return_corr,ASAN,MDB,0.536859
return_corr,ASAN,NCNO,0.542473
return_corr,ASAN,NET,0.581255
return_corr,ASAN,NOW,0.568045
return_corr,ASAN,OKTA,0.523913
return_corr,ASAN,PATH,0.605813
return_corr,ASAN,PCOR,0.610853
return_corr,ASAN,PCTY,0.549703
return_corr,ASAN,PD,0.622096
return_corr,ASAN,PLTR,0.505486
return_corr,ASAN,QTWO,0.520325
return_corr,ASAN,RBRK,0.500218
return_corr,ASAN,S,0.535736
return_corr,ASAN,SHOP,0.545605
return_corr,ASAN,SNOW,0.565112
return_corr,ASAN,SPSC,0.500099
return_corr,ASAN,SPT,0.57448
return_corr,ASAN,TEAM,0.595218
return_corr,ASAN,TWLO,0.539513
return_corr,ASAN,TYL,0.516747
return_corr,ASAN,U,0.544625
return_corr,ASAN,VEEV,0.506365
return_corr,ASAN,WK,0.561132
return_corr,AVPT,PCOR,0.509845
return_corr,AVPT,RBRK,0.503749
return_corr,BILL,BRZE,0.519276
return_corr,BILL,BSY,0.504866
return_corr,BILL,CRM,0.512531
return_corr,BILL,DDOG,0.547526
return_corr,BILL,DOCU,0.575436
return_corr,BILL,DT,0.517047
return_corr,BILL,ESTC,0.536359
return_corr,BILL,FRSH,0.556406
return_corr,BILL,GTLB,0.575809
return_corr,BILL,HUBS,0.565478
return_corr,BILL,INTU,0.534182
return_corr,BILL,MDB,0.525593
return_corr,BILL,NCNO,0.512492
return_corr,BILL,NOW,0.522048
return_corr,BILL,PATH,0.509086
return_corr,BILL,PCOR,0.556148
return_corr,BILL,PCTY,0.559313
return_corr,BILL,PD,0.516641
return_corr,BILL,QTWO,0.504314
return_corr,BILL,S,0.51552
return_corr,BILL,SHOP,0.513787
return_corr,BILL,SNOW,0.543565
return_corr,BILL,SPT,0.541673
return_corr,BILL,TEAM,0.541289
return_corr,BILL,TWLO,0.522486
return_corr,BILL,U,0.509136
return_corr,BILL,WK,0.503224
return_corr,BL,BRZE,0.524005
return_corr,BL,BSY,0.556976
return_corr,BL,CRM,0.541357
return_corr,BL,DOCU,0.551543
return_corr,BL,DT,0.560889
return_corr,BL,FRSH,0.556977
return_corr,BL,GTM,0.522496
return_corr,BL,GWRE,0.505803
return_corr,BL,HUBS,0.550769
return_corr,BL,INTU,0.555376
return_corr,BL,NCNO,0.517186
return_corr,BL,NOW,0.554093
return_corr,BL,PATH,0.533567
return_corr,BL,PCOR,0.554572
return_corr,BL,PCTY,0.529363
return_corr,BL,PD,0.561462
return_corr,BL,QTWO,0.574296
return_corr,BL,SPSC,0.520985
return_corr,BL,SPT,0.515613
return_corr,BL,SSNC,0.515755
return_corr,BL,TYL,0.53187
return_corr,BL,VEEV,0.500526
return_corr,BL,WK,0.59611
return_corr,BLKB,GTM,0.537466
return_corr,BOX,DBX,0.542639
return_corr,BOX,INTU,0.500003
return_corr,BOX,NOW,0.518444
return_corr,BRZE,BSY,0.536572
return_corr,BRZE,CRM,0.591596
return_corr,BRZE,CRWD,0.514443
return_corr,BRZE,CXM,0.539317
return_corr,BRZE,DDOG,0.543362
return_corr,BRZE,DOCU,0.582216
return_corr,BRZE,DT,0.507041
return_corr,BRZE,ESTC,0.566043
return_corr,BRZE,FRSH,0.592631
return_corr,BRZE,GTLB,0.591259
return_corr,BRZE,GTM,0.512265
return_corr,BRZE,GWRE,0.519073
return_corr,BRZE,HUBS,0.645418
return_corr,BRZE,INTU,0.539549
return_corr,BRZE,KVYO,0.597382
return_corr,BRZE,MDB,0.528599
return_corr,BRZE,NCNO,0.535594
return_corr,BRZE,NET,0.529804
return_corr,BRZE,NOW,0.58769
return_corr,BRZE,OKTA,0.517536
return_corr,BRZE,PATH,0.57175
return_corr,BRZE,PCOR,0.603479
return_corr,BRZE,PD,0.573243
return_corr,BRZE,QTWO,0.521591
return_corr,BRZE,S,0.544205
return_corr,BRZE,SHOP,0.522847
return_corr,BRZE,SNOW,0.522667
return_corr,BRZE,SPT,0.582894
return_corr,BRZE,TEAM,0.572772
return_corr,BRZE,TTAN,0.603259
return_corr,BRZE,TWLO,0.536507
return_corr,BRZE,TYL,0.513774
return_corr,BRZE,U,0.514815
return_corr,BRZE,WK,0.530561
return_corr,BSY,CDNS,0.52111
return_corr,BSY,CRM,0.566822
return_corr,BSY,DDOG,0.513858
return_corr,BSY,DOCU,0.523592
return_corr,BSY,DT,0.591212
return_corr,BSY,ESTC,0.533163
return_corr,BSY,FRSH,0.521897
return_corr,BSY,GTLB,0.507808
return_corr,BSY,GWRE,0.539087
return_corr,BSY,HUBS,0.61337
return_corr,BSY,INTU,0.580709
return_corr,BSY,MANH,0.554725
return_corr,BSY,MDB,0.500169
return_corr,BSY,NCNO,0.526443
return_corr,BSY,NOW,0.588118
return_corr,BSY,PATH,0.532068
return_corr,BSY,PCOR,0.611673
return_corr,BSY,PCTY,0.539901
return_corr,BSY,PD,0.53326
return_corr,BSY,PTC,0.571882
return_corr,BSY,QTWO,0.521323
return_corr,BSY,S,0.503153
return_corr,BSY,SHOP,0.501604
return_corr,BSY,SNOW,0.506178
return_corr,BSY,SPSC,0.505097
return_corr,BSY,SPT,0.517209
return_corr,BSY,TEAM,0.529685
return_corr,BSY,TTAN,0.516883
return_corr,BSY,TYL,0.581706
return_corr,BSY,VEEV,0.502701
return_corr,BSY,WK,0.539632
return_corr,CDNS,CRWD,0.517398
return_corr,CDNS,INTU,0.504127
return_corr,CDNS,MSFT,0.553391
return_corr,CDNS,NET,0.504482
return_corr,CDNS,NOW,0.537533
return_corr,CDNS,PDFS,0.509717
return_corr,CDNS,SNPS,0.789764
return_corr,CMRC,HUBS,0.520943
return_corr,CRM,CRWD,0.542718
return_corr,CRM,CXM,0.508072
return_corr,CRM,DBX,0.507372
return_corr,CRM,DDOG,0.519022
return_corr,CRM,DOCU,0.588356
return_corr,CRM,DT,0.585575
return_corr,CRM,ESTC,0.596594
return_corr,CRM,FRSH,0.567973
return_corr,CRM,GTLB,0.538387
return_corr,CRM,GTM,0.549712
return_corr,CRM,GWRE,0.567627
return_corr,CRM,HUBS,0.69741
return_corr,CRM,INTU,0.630605
return_corr,CRM,KVYO,0.511586
return_corr,CRM,MANH,0.55685
return_corr,CRM,MSFT,0.540714
return_corr,CRM,NET,0.521095
return_corr,CRM,NOW,0.743916
return_corr,CRM,OKTA,0.547516
return_corr,CRM,PATH,0.617224
return_corr,CRM,PCOR,0.580973
return_corr,CRM,PCTY,0.561284
return_corr,CRM,PD,0.595592
return_corr,CRM,PTC,0.561218
return_corr,CRM,QTWO,0.516862
return_corr,CRM,S,0.512467
return_corr,CRM,SAIL,0.505873
return_corr,CRM,SHOP,0.509007
return_corr,CRM,SPT,0.512317
return_corr,CRM,TEAM,0.611614
return_corr,CRM,TTAN,0.53483
return_corr,CRM,TWLO,0.519844
return_corr,CRM,TYL,0.559822
return_corr,CRM,VEEV,0.510229
return_corr,CRM,WK,0.525978
return_corr,CRWD,DDOG,0.615712
return_corr,CRWD,DOCU,0.50109
return_corr,CRWD,DT,0.553054
return_corr,CRWD,ESTC,0.565886
return_corr,CRWD,GTLB,0.533297
return_corr,CRWD,HUBS,0.533584
return_corr,CRWD,MDB,0.563547
return_corr,CRWD,NET,0.644177
return_corr,CRWD,NOW,0.595196
return_corr,CRWD,NTSK,0.594047
return_corr,CRWD,OKTA,0.599527
return_corr,CRWD,PATH,0.511223
return_corr,CRWD,PD,0.538639
return_corr,CRWD,PLTR,0.524843
return_corr,CRWD,QLYS,0.532106
return_corr,CRWD,RBRK,0.591511
return_corr,CRWD,RPD,0.507942
return_corr,CRWD,S,0.653482
return_corr,CRWD,SAIL,0.511866
return_corr,CRWD,SHOP,0.501849
return_corr,CRWD,SNOW,0.567157
return_corr,CRWD,TEAM,0.512525
return_corr,CRWD,TENB,0.592026
return_corr,CRWD,TWLO,0.519479
return_corr,CXM,FRSH,0.521561
return_corr,CXM,GTM,0.507223
return_corr,CXM,HUBS,0.544364
return_corr,CXM,NOW,0.52184
return_corr,CXM,PATH,0.506954
return_corr,CXM,PCOR,0.537355
return_corr,CXM,SPT,0.516893
return_corr,DBX,DOCU,0.511942
return_corr,DBX,DT,0.508931
return_corr,DBX,NOW,0.53069
return_corr,DDOG,DOCU,0.541777
return_corr,DDOG,DT,0.624982
return_corr,DDOG,ESTC,0.615615
return_corr,DDOG,FRSH,0.532658
return_corr,DDOG,GTLB,0.565504
return_corr,DDOG,HUBS,0.601254
return_corr,DDOG,MDB,0.675777
return_corr,DDOG,MSFT,0.512197
return_corr,DDOG,NET,0.643038
return_corr,DDOG,NOW,0.590566
return_corr,DDOG,OKTA,0.555501
return_corr,DDOG,PATH,0.512565
return_corr,DDOG,PCOR,0.599199
return_corr,DDOG,PCTY,0.509109
return_corr,DDOG,PD,0.564951
return_corr,DDOG,QTWO,0.514606
return_corr,DDOG,S,0.565834
return_corr,DDOG,SHOP,0.524211
return_corr,DDOG,SNOW,0.67697
return_corr,DDOG,SPT,0.526935
return_corr,DDOG,TEAM,0.571955
return_corr,DDOG,TENB,0.509534
return_corr,DDOG,TWLO,0.537485
return_corr,DOCU,DT,0.554391
return_corr,DOCU,ESTC,0.574094
return_corr,DOCU,FRSH,0.585669
return_corr,DOCU,GTLB,0.552183
return_corr,DOCU,GTM,0.529977
return_corr,DOCU,HUBS,0.63182
return_corr,DOCU,INTU,0.544108
return_corr,DOCU,MDB,0.51302
return_corr,DOCU,NCNO,0.562949
return_corr,DOCU,NET,0.55105
return_corr,DOCU,NOW,0.580887
return_corr,DOCU,OKTA,0.533899
return_corr,DOCU,PATH,0.574562
return_corr,DOCU,PCOR,0.58785
return_corr,DOCU,PCTY,0.557237
return_corr,DOCU,PD,0.597112
return_corr,DOCU,QTWO,0.53944
return_corr,DOCU,S,0.561772
return_corr,DOCU,SHOP,0.53929
return_corr,DOCU,SNOW,0.521841
return_corr,DOCU,SPT,0.551444
return_corr,DOCU,TEAM,0.596055
return_corr,DOCU,TWLO,0.579144
return_corr,DOCU,TYL,0.538908
return_corr,DOCU,U,0.504096
return_corr,DOCU,VEEV,0.535127
return_corr,DOCU,WK,0.554672
return_corr,DT,ESTC,0.617712
return_corr,DT,FRSH,0.534891
return_corr,DT,GTLB,0.551779
return_corr,DT,GWRE,0.513202
return_corr,DT,HUBS,0.618557
return_corr,DT,INTU,0.545411
return_corr,DT,MANH,0.54268
return_corr,DT,MDB,0.578337
return_corr,DT,NCNO,0.524438
return_corr,DT,NET,0.581264
return_corr,DT,NOW,0.640058
return_corr,DT,OKTA,0.538279
return_corr,DT,PATH,0.544662
return_corr,DT,PCOR,0.582857
return_corr,DT,PCTY,0.568064
return_corr,DT,PD,0.564925
return_corr,DT,RBRK,0.515034
return_corr,DT,RPD,0.523304
return_corr,DT,S,0.549545
return_corr,DT,SHOP,0.575023
return_corr,DT,SNOW,0.593399
return_corr,DT,SPT,0.541762
return_corr,DT,TEAM,0.593669
return_corr,DT,TENB,0.558549
return_corr,DT,TWLO,0.535767
return_corr,DT,TYL,0.531547
return_corr,DT,WK,0.524687
return_corr,ESTC,FRSH,0.559423
return_corr,ESTC,GTLB,0.584269
return_corr,ESTC,GWRE,0.502205
return_corr,ESTC,HUBS,0.598898
return_corr,ESTC,INTU,0.511635
return_corr,ESTC,MDB,0.578929
return_corr,ESTC,NCNO,0.529528
return_corr,ESTC,NET,0.587559
return_corr,ESTC,NOW,0.610179
return_corr,ESTC,OKTA,0.542237
return_corr,ESTC,PATH,0.573771
return_corr,ESTC,PCOR,0.580408
return_corr,ESTC,PCTY,0.534266
return_corr,ESTC,PD,0.58979
return_corr,ESTC,QTWO,0.510053
return_corr,ESTC,S,0.548435
return_corr,ESTC,SHOP,0.517384
return_corr,ESTC,SNOW,0.599106
return_corr,ESTC,SPT,0.536674
return_corr,ESTC,TEAM,0.602572
return_corr,ESTC,TENB,0.509978
return_corr,ESTC,TWLO,0.534899
return_corr,ESTC,U,0.505721
return_corr,ESTC,WK,0.532
return_corr,FROG,GTLB,0.5026
return_corr,FRSH,GTLB,0.554023
return_corr,FRSH,GTM,0.520004
return_corr,FRSH,HUBS,0.644329
return_corr,FRSH,INTU,0.546805
return_corr,FRSH,MDB,0.532122
return_corr,FRSH,NCNO,0.525981
return_corr,FRSH,NET,0.555725
return_corr,FRSH,NOW,0.591214
return_corr,FRSH,PATH,0.579611
return_corr,FRSH,PCOR,0.599696
return_corr,FRSH,PCTY,0.545517
return_corr,FRSH,PD,0.584419
return_corr,FRSH,QTWO,0.535191
return_corr,FRSH,RPD,0.509536
return_corr,FRSH,S,0.544909
return_corr,FRSH,SHOP,0.523879
return_corr,FRSH,SNOW,0.535735
return_corr,FRSH,SPT,0.608846
return_corr,FRSH,TEAM,0.586275
return_corr,FRSH,TTAN,0.523538
return_corr,FRSH,TWLO,0.539814
return_corr,FRSH,TYL,0.523416
return_corr,FRSH,U,0.538419
return_corr,FRSH,WEAV,0.50007
return_corr,FRSH,WK,0.575034
return_corr,GTLB,GTM,0.537049
return_corr,GTLB,HUBS,0.577685
return_corr,GTLB,INTU,0.522256
return_corr,GTLB,MDB,0.588224
return_corr,GTLB,NCNO,0.525988
return_corr,GTLB,NET,0.581638
return_corr,GTLB,NOW,0.574389
return_corr,GTLB,NTSK,0.500839
return_corr,GTLB,OKTA,0.566849
return_corr,GTLB,PATH,0.557721
return_corr,GTLB,PCOR,0.577556
return_corr,GTLB,PCTY,0.524298
return_corr,GTLB,PD,0.613177
return_corr,GTLB,S,0.583162
return_corr,GTLB,SNOW,0.565548
return_corr,GTLB,SPT,0.556272
return_corr,GTLB,TEAM,0.609959
return_corr,GTLB,TWLO,0.567804
return_corr,GTLB,WK,0.504414
return_corr,GTM,HUBS,0.536524
return_corr,GTM,NOW,0.500393
return_corr,GTM,PAYC,0.52093
return_corr,GTM,PCOR,0.523653
return_corr,GTM,PCTY,0.517912
return_corr,GWRE,HUBS,0.56929
return_corr,GWRE,INTU,0.563617
return_corr,GWRE,MANH,0.510192
return_corr,GWRE,NOW,0.607854
return_corr,GWRE,PATH,0.517627
return_corr,GWRE,PCOR,0.533525
return_corr,GWRE,PD,0.544578
return_corr,GWRE,QTWO,0.514258
return_corr,GWRE,S,0.508368
return_corr,GWRE,TEAM,0.526725
return_corr,GWRE,TTAN,0.559022
return_corr,GWRE,TYL,0.571748
return_corr,HUBS,INTA,0.520177
return_corr,HUBS,INTU,0.637946
return_corr,HUBS,KVYO,0.569089
return_corr,HUBS,MANH,0.566198
return_corr,HUBS,MDB,0.5773
return_corr,HUBS,MSFT,0.501584
return_corr,HUBS,NCNO,0.556833
return_corr,HUBS,NET,0.602703
return_corr,HUBS,NOW,0.704795
return_corr,HUBS,OKTA,0.538021
return_corr,HUBS,PATH,0.602117
return_corr,HUBS,PCOR,0.661186
return_corr,HUBS,PCTY,0.601792
return_corr,HUBS,PD,0.631597
return_corr,HUBS,PTC,0.514358
return_corr,HUBS,QTWO,0.533724
return_corr,HUBS,RPD,0.516425
return_corr,HUBS,S,0.556109
return_corr,HUBS,SHOP,0.57271
return_corr,HUBS,SNOW,0.56358
return_corr,HUBS,SPSC,0.516654
return_corr,HUBS,SPT,0.569615
return_corr,HUBS,TEAM,0.692267
return_corr,HUBS,TENB,0.503229
return_corr,HUBS,TTAN,0.522914
return_corr,HUBS,TWLO,0.546088
return_corr,HUBS,TYL,0.56665
return_corr,HUBS,VEEV,0.545294
return_corr,HUBS,WK,0.566637
return_corr,INTU,MANH,0.550056
return_corr,INTU,MSFT,0.550787
return_corr,INTU,NOW,0.676925
return_corr,INTU,PATH,0.513567
return_corr,INTU,PAYC,0.515357
return_corr,INTU,PCOR,0.582555
return_corr,INTU,PCTY,0.606917
return_corr,INTU,PD,0.553327
return_corr,INTU,PTC,0.538461
return_corr,INTU,QTWO,0.550002
return_corr,INTU,SHOP,0.509687
return_corr,INTU,SNOW,0.511448
return_corr,INTU,SPT,0.507355
return_corr,INTU,SSNC,0.541215
return_corr,INTU,TEAM,0.575744
return_corr,INTU,TYL,0.592269
return_corr,INTU,VEEV,0.516743
return_corr,INTU,WK,0.543177
return_corr,KVYO,NOW,0.523428
return_corr,MANH,NOW,0.583568
return_corr,MANH,PCOR,0.550462
return_corr,MANH,PCTY,0.521889
return_corr,MANH,PD,0.52824
return_corr,MANH,PTC,0.512834
return_corr,MANH,QTWO,0.504192
return_corr,MANH,SPSC,0.536616
return_corr,MANH,TEAM,0.506925
return_corr,MANH,TYL,0.554954
return_corr,MANH,WK,0.514873
return_corr,MDB,NCNO,0.502162
return_corr,MDB,NET,0.630143
return_corr,MDB,NOW,0.57154
return_corr,MDB,OKTA,0.558306
return_corr,MDB,PATH,0.522899
return_corr,MDB,PCOR,0.559122
return_corr,MDB,PD,0.506117
return_corr,MDB,S,0.504597
return_corr,MDB,SHOP,0.508069
return_corr,MDB,SNOW,0.679323
return_corr,MDB,TEAM,0.566092
return_corr,MDB,TWLO,0.516456
return_corr,MSFT,NOW,0.611425
return_corr,MSFT,PCOR,0.500416
return_corr,MSFT,PTC,0.508201
return_corr,MSFT,SNOW,0.505062
return_corr,NCNO,NET,0.504654
return_corr,NCNO,PATH,0.520974
return_corr,NCNO,PCOR,0.55607
return_corr,NCNO,PCTY,0.522432
return_corr,NCNO,PD,0.561611
return_corr,NCNO,QTWO,0.623692
return_corr,NCNO,S,0.544521
return_corr,NCNO,SPT,0.533877
return_corr,NCNO,TEAM,0.524333
return_corr,NCNO,TWLO,0.503617
return_corr,NCNO,TYL,0.535875
return_corr,NCNO,WK,0.523083
return_corr,NET,NOW,0.577443
return_corr,NET,OKTA,0.558041
return_corr,NET,PATH,0.55523
return_corr,NET,PCOR,0.562358
return_corr,NET,PD,0.589888
return_corr,NET,PLTR,0.54564
return_corr,NET,S,0.610839
return_corr,NET,SHOP,0.54999
return_corr,NET,SNOW,0.653211
return_corr,NET,SPT,0.569706
return_corr,NET,TEAM,0.589076
return_corr,NET,TENB,0.541983
return_corr,NET,TWLO,0.590525
return_corr,NET,U,0.525117
return_corr,NOW,NTNX,0.520825
return_corr,NOW,OKTA,0.537731
return_corr,NOW,PATH,0.587632
return_corr,NOW,PCOR,0.612994
return_corr,NOW,PCTY,0.589581
return_corr,NOW,PD,0.632571
return_corr,NOW,PTC,0.543296
return_corr,NOW,QTWO,0.54375
return_corr,NOW,RBRK,0.501367
return_corr,NOW,RPD,0.512473
return_corr,NOW,S,0.53342
return_corr,NOW,SAIL,0.516828
return_corr,NOW,SHOP,0.520823
return_corr,NOW,SNOW,0.588435
return_corr,NOW,SPSC,0.548045
return_corr,NOW,SPT,0.548697
return_corr,NOW,TEAM,0.677028
return_corr,NOW,TENB,0.535917
return_corr,NOW,TTAN,0.534993
return_corr,NOW,TWLO,0.526766
return_corr,NOW,TYL,0.57967
return_corr,NOW,VEEV,0.534787
return_corr,NOW,WK,0.545728
return_corr,NTSK,OKTA,0.527921
return_corr,NTSK,RBRK,0.59678
return_corr,NTSK,S,0.516222
return_corr,NTSK,SAIL,0.53108
return_corr,NTSK,TENB,0.553722
return_corr,OKTA,PATH,0.500397
return_corr,OKTA,PCOR,0.520582
return_corr,OKTA,PD,0.548117
return_corr,OKTA,RBRK,0.550605
return_corr,OKTA,RPD,0.5101
return_corr,OKTA,S,0.552108
return_corr,OKTA,SAIL,0.51591
return_corr,OKTA,SNOW,0.500887
return_corr,OKTA,TEAM,0.533021
return_corr,OKTA,TENB,0.550901
return_corr,OKTA,TWLO,0.52436
return_corr,PATH,PCOR,0.571492
return_corr,PATH,PCTY,0.51914
return_corr,PATH,PD,0.593371
return_corr,PATH,QTWO,0.513023
return_corr,PATH,S,0.528632
return_corr,PATH,SHOP,0.521987
return_corr,PATH,SNOW,0.543648
return_corr,PATH,SPT,0.51913
return_corr,PATH,TEAM,0.551937
return_corr,PATH,TWLO,0.516691
return_corr,PATH,U,0.564896
return_corr,PATH,WK,0.508836
return_corr,PAYC,PCTY,0.706693
return_corr,PAYC,PTC,0.508533
return_corr,PCOR,PCTY,0.567267
return_corr,PCOR,PD,0.592137
return_corr,PCOR,PTC,0.539474
return_corr,PCOR,QTWO,0.568125
return_corr,PCOR,S,0.553418
return_corr,PCOR,SHOP,0.553169
return_corr,PCOR,SNOW,0.584174
return_corr,PCOR,SPSC,0.520839
return_corr,PCOR,SPT,0.594147
return_corr,PCOR,TEAM,0.60502
return_corr,PCOR,TENB,0.545692
return_corr,PCOR,TWLO,0.507329
return_corr,PCOR,TYL,0.537596
return_corr,PCOR,U,0.527293
return_corr,PCOR,VEEV,0.519659
return_corr,PCOR,WK,0.551047
return_corr,PCTY,PD,0.545156
return_corr,PCTY,PTC,0.520416
return_corr,PCTY,QTWO,0.532164
return_corr,PCTY,SHOP,0.506193
return_corr,PCTY,SNOW,0.503007
return_corr,PCTY,SSNC,0.514536
return_corr,PCTY,TEAM,0.606438
return_corr,PCTY,TYL,0.580327
return_corr,PCTY,WK,0.536936
return_corr,PD,QTWO,0.530966
return_corr,PD,RPD,0.539784
return_corr,PD,S,0.588412
return_corr,PD,SHOP,0.534073
return_corr,PD,SNOW,0.554719
return_corr,PD,SPSC,0.51536
return_corr,PD,SPT,0.587352
return_corr,PD,TEAM,0.613725
return_corr,PD,TENB,0.530651
return_corr,PD,TWLO,0.549877
return_corr,PD,TYL,0.529295
return_corr,PD,U,0.503909
return_corr,PD,VEEV,0.510844
return_corr,PD,WK,0.565919
return_corr,PLTR,SHOP,0.524022
return_corr,PLTR,SNOW,0.500488
return_corr,PTC,TYL,0.573425
return_corr,QLYS,RPD,0.564127
return_corr,QLYS,TENB,0.672098
return_corr,QTWO,S,0.509594
return_corr,QTWO,SPSC,0.515001
return_corr,QTWO,SPT,0.50875
return_corr,QTWO,SSNC,0.532279
return_corr,QTWO,TEAM,0.512066
return_corr,QTWO,TYL,0.526877
return_corr,QTWO,WK,0.54464
return_corr,RBLX,SHOP,0.523748
return_corr,RBRK,SAIL,0.554096
return_corr,RBRK,TENB,0.514208
return_corr,RBRK,TTAN,0.502042
return_corr,RPD,S,0.516058
return_corr,RPD,SAIL,0.51463
return_corr,RPD,TENB,0.629389
return_corr,S,SHOP,0.508297
return_corr,S,SNOW,0.546355
return_corr,S,SPT,0.524211
return_corr,S,TEAM,0.524193
return_corr,S,TENB,0.564741
return_corr,S,TWLO,0.548886
return_corr,SAIL,TENB,0.512071
return_corr,SHOP,SNOW,0.553787
return_corr,SHOP,SPT,0.502038
return_corr,SHOP,TWLO,0.540985
return_corr,SHOP,U,0.564069
return_corr,SHOP,WK,0.501909
return_corr,SHOP,XYZ,0.532485
return_corr,SNOW,SPT,0.502239
return_corr,SNOW,TEAM,0.569183
return_corr,SNOW,TWLO,0.548452
return_corr,SNOW,U,0.538602
return_corr,SPSC,WK,0.517048
return_corr,SPT,TEAM,0.57286
return_corr,SPT,TWLO,0.507625
return_corr,SPT,U,0.507047
return_corr,SPT,WK,0.554243
return_corr,SSNC,TYL,0.539978
return_corr,TEAM,TWLO,0.604763
return_corr,TEAM,TYL,0.520089
return_corr,TEAM,VEEV,0.504087
return_corr,TEAM,WK,0.547322
return_corr,TENB,VRNS,0.545597
return_corr,TYL,WK,0.529402
shared_auditor,ACIW,AI,0.038462
shared_auditor,ACIW,AVPT,0.038462
shared_auditor,ACIW,BLZE,0.038462
shared_auditor,ACIW,CCC,0.038462
shared_auditor,ACIW,CCSI,0.038462
shared_auditor,ACIW,COUR,0.038462
shared_auditor,ACIW,CRWV,0.038462
shared_auditor,ACIW,DDD,0.038462
shared_auditor,ACIW,DDOG,0.038462
shared_auditor,ACIW,DH,0.038462
shared_auditor,ACIW,DUOL,0.038462
shared_auditor,ACIW,FRSH,0.038462
shared_auditor,ACIW,FSLY,0.038462
shared_auditor,ACIW,GEG,0.038462
shared_auditor,ACIW,IIIV,0.038462
shared_auditor,ACIW,INTA,0.038462
shared_auditor,ACIW,KVYO,0.038462
shared_auditor,ACIW,MSFT,0.038462
shared_auditor,ACIW,MYPS,0.038462
shared_auditor,ACIW,NTNX,0.038462
shared_auditor,ACIW,PRGS,0.038462
shared_auditor,ACIW,RBLX,0.038462
shared_auditor,ACIW,S,0.038462
shared_auditor,ACIW,VIA,0.038462
shared_auditor,ACIW,XPER,0.038462
shared_auditor,ACIW,ZETA,0.038462
shared_auditor,ADBE,AMPL,0.047619
shared_auditor,ADBE,BSY,0.047619
shared_auditor,ADBE,CXM,0.047619
shared_auditor,ADBE,EXFY,0.047619
shared_auditor,ADBE,GEN,0.047619
shared_auditor,ADBE,GTLB,0.047619
shared_auditor,ADBE,GTM,0.047619
shared_auditor,ADBE,GWRE,0.047619
shared_auditor,ADBE,MQ,0.047619
shared_auditor,ADBE,NET,0.047619
shared_auditor,ADBE,NTSK,0.047619
shared_auditor,ADBE,PATH,0.047619
shared_auditor,ADBE,PCTY,0.047619
shared_auditor,ADBE,PDYN,0.047619
shared_auditor,ADBE,RBRK,0.047619
shared_auditor,ADBE,RCAT,0.047619
shared_auditor,ADBE,RPD,0.047619
shared_auditor,ADBE,SNPS,0.047619
shared_auditor,ADBE,SPSC,0.047619
shared_auditor,ADBE,TWLO,0.047619
shared_auditor,ADBE,VEEV,0.047619
shared_auditor,ADSK,ALKT,0.034483
shared_auditor,ADSK,BAND,0.034483
shared_auditor,ADSK,BLKB,0.034483
shared_auditor,ADSK,BOX,0.034483
shared_auditor,ADSK,BRZE,0.034483
shared_auditor,ADSK,CRM,0.034483
shared_auditor,ADSK,CVLT,0.034483
shared_auditor,ADSK,DBX,0.034483
shared_auditor,ADSK,DT,0.034483
shared_auditor,ADSK,EVCM,0.034483
shared_auditor,ADSK,FIG,0.034483
shared_auditor,ADSK,INTU,0.034483
shared_auditor,ADSK,LAW,0.034483
shared_auditor,ADSK,MANH,0.034483
shared_auditor,ADSK,NCNO,0.034483
shared_auditor,ADSK,OKTA,0.034483
shared_auditor,ADSK,ORCL,0.034483
shared_auditor,ADSK,PLTR,0.034483
shared_auditor,ADSK,QTWO,0.034483
shared_auditor,ADSK,SKIL,0.034483
shared_auditor,ADSK,TEAM,0.034483
shared_auditor,ADSK,TENB,0.034483
shared_auditor,ADSK,TTWO,0.034483
shared_auditor,ADSK,TYL,0.034483
shared_auditor,ADSK,U,0.034483
shared_auditor,ADSK,UPLD,0.034483
shared_auditor,ADSK,WK,0.034483
shared_auditor,ADSK,XYZ,0.034483
shared_auditor,ADSK,YOU,0.034483
shared_auditor,AI,AVPT,0.038462
shared_auditor,AI,BLZE,0.038462
shared_auditor,AI,CCC,0.038462
shared_auditor,AI,CCSI,0.038462
shared_auditor,AI,COUR,0.038462
shared_auditor,AI,CRWV,0.038462
shared_auditor,AI,DDD,0.038462
shared_auditor,AI,DDOG,0.038462
shared_auditor,AI,DH,0.038462
shared_auditor,AI,DUOL,0.038462
shared_auditor,AI,FRSH,0.038462
shared_auditor,AI,FSLY,0.038462
shared_auditor,AI,GEG,0.038462
shared_auditor,AI,IIIV,0.038462
shared_auditor,AI,INTA,0.038462
shared_auditor,AI,KVYO,0.038462
shared_auditor,AI,MSFT,0.038462
shared_auditor,AI,MYPS,0.038462
shared_auditor,AI,NTNX,0.038462
shared_auditor,AI,PRGS,0.038462
shared_auditor,AI,RBLX,0.038462
shared_auditor,AI,S,0.038462
shared_auditor,AI,VIA,0.038462
shared_auditor,AI,XPER,0.038462
shared_auditor,AI,ZETA,0.038462
shared_auditor,AISP,EGAN,0.333333
shared_auditor,AISP,PDFS,0.333333
shared_auditor,AISP,QUBT,0.333333
shared_auditor,ALKT,BAND,0.034483
shared_auditor,ALKT,BLKB,0.034483
shared_auditor,ALKT,BOX,0.034483
shared_auditor,ALKT,BRZE,0.034483
shared_auditor,ALKT,CRM,0.034483
shared_auditor,ALKT,CVLT,0.034483
shared_auditor,ALKT,DBX,0.034483
shared_auditor,ALKT,DT,0.034483
shared_auditor,ALKT,EVCM,0.034483
shared_auditor,ALKT,FIG,0.034483
shared_auditor,ALKT,INTU,0.034483
shared_auditor,ALKT,LAW,0.034483
shared_auditor,ALKT,MANH,0.034483
shared_auditor,ALKT,NCNO,0.034483
shared_auditor,ALKT,OKTA,0.034483
shared_auditor,ALKT,ORCL,0.034483
shared_auditor,ALKT,PLTR,0.034483
shared_auditor,ALKT,QTWO,0.034483
shared_auditor,ALKT,SKIL,0.034483
shared_auditor,ALKT,TEAM,0.034483
shared_auditor,ALKT,TENB,0.034483
shared_auditor,ALKT,TTWO,0.034483
shared_auditor,ALKT,TYL,0.034483
shared_auditor,ALKT,U,0.034483
shared_auditor,ALKT,UPLD,0.034483
shared_auditor,ALKT,WK,0.034483
shared_auditor,ALKT,XYZ,0.034483
shared_auditor,ALKT,YOU,0.034483
shared_auditor,ALRM,APPF,0.038462
shared_auditor,ALRM,ASAN,0.038462
shared_auditor,ALRM,BB,0.038462
shared_auditor,ALRM,BILL,0.038462
shared_auditor,ALRM,BL,0.038462
shared_auditor,ALRM,CDNS,0.038462
shared_auditor,ALRM,CRWD,0.038462
shared_auditor,ALRM,DOCU,0.038462
shared_auditor,ALRM,ESTC,0.038462
shared_auditor,ALRM,HUBS,0.038462
shared_auditor,ALRM,MDB,0.038462
shared_auditor,ALRM,NABL,0.038462
shared_auditor,ALRM,NAVN,0.038462
shared_auditor,ALRM,NOW,0.038462
shared_auditor,ALRM,PARA,0.038462
shared_auditor,ALRM,PCOR,0.038462
shared_auditor,ALRM,PD,0.038462
shared_auditor,ALRM,PTC,0.038462
shared_auditor,ALRM,SHOP,0.038462
shared_auditor,ALRM,SNOW,0.038462
shared_auditor,ALRM,SOUN,0.038462
shared_auditor,ALRM,SPT,0.038462
shared_auditor,ALRM,SSNC,0.038462
shared_auditor,ALRM,TDC,0.038462
shared_auditor,ALRM,TTAN,0.038462
shared_auditor,ALRM,WEAV,0.038462
shared_auditor,AMPL,BSY,0.047619
shared_auditor,AMPL,CXM,0.047619
shared_auditor,AMPL,EXFY,0.047619
shared_auditor,AMPL,GEN,0.047619
shared_auditor,AMPL,GTLB,0.047619
shared_auditor,AMPL,GTM,0.047619
shared_auditor,AMPL,GWRE,0.047619
shared_auditor,AMPL,MQ,0.047619
shared_auditor,AMPL,NET,0.047619
shared_auditor,AMPL,NTSK,0.047619
shared_auditor,AMPL,PATH,0.047619
shared_auditor,AMPL,PCTY,0.047619
shared_auditor,AMPL,PDYN,0.047619
shared_auditor,AMPL,RBRK,0.047619
shared_auditor,AMPL,RCAT,0.047619
shared_auditor,AMPL,RPD,0.047619
shared_auditor,AMPL,SNPS,0.047619
shared_auditor,AMPL,SPSC,0.047619
shared_auditor,AMPL,TWLO,0.047619
shared_auditor,AMPL,VEEV,0.047619
shared_auditor,APPF,ASAN,0.038462
shared_auditor,APPF,BB,0.038462
shared_auditor,APPF,BILL,0.038462
shared_auditor,APPF,BL,0.038462
shared_auditor,APPF,CDNS,0.038462
shared_auditor,APPF,CRWD,0.038462
shared_auditor,APPF,DOCU,0.038462
shared_auditor,APPF,ESTC,0.038462
shared_auditor,APPF,HUBS,0.038462
shared_auditor,APPF,MDB,0.038462
shared_auditor,APPF,NABL,0.038462
shared_auditor,APPF,NAVN,0.038462
shared_auditor,APPF,NOW,0.038462
shared_auditor,APPF,PARA,0.038462
shared_auditor,APPF,PCOR,0.038462
shared_auditor,APPF,PD,0.038462
shared_auditor,APPF,PTC,0.038462
shared_auditor,APPF,SHOP,0.038462
shared_auditor,APPF,SNOW,0.038462
shared_auditor,APPF,SOUN,0.038462
shared_auditor,APPF,SPT,0.038462
shared_auditor,APPF,SSNC,0.038462
shared_auditor,APPF,TDC,0.038462
shared_auditor,APPF,TTAN,0.038462
shared_auditor,APPF,WEAV,0.038462
shared_auditor,APPN,CRNC,0.5
shared_auditor,APPN,SNAL,0.5
shared_auditor,ASAN,BB,0.038462
shared_auditor,ASAN,BILL,0.038462
shared_auditor,ASAN,BL,0.038462
shared_auditor,ASAN,CDNS,0.038462
shared_auditor,ASAN,CRWD,0.038462
shared_auditor,ASAN,DOCU,0.038462
shared_auditor,ASAN,ESTC,0.038462
shared_auditor,ASAN,HUBS,0.038462
shared_auditor,ASAN,MDB,0.038462
shared_auditor,ASAN,NABL,0.038462
shared_auditor,ASAN,NAVN,0.038462
shared_auditor,ASAN,NOW,0.038462
shared_auditor,ASAN,PARA,0.038462
shared_auditor,ASAN,PCOR,0.038462
shared_auditor,ASAN,PD,0.038462
shared_auditor,ASAN,PTC,0.038462
shared_auditor,ASAN,SHOP,0.038462
shared_auditor,ASAN,SNOW,0.038462
shared_auditor,ASAN,SOUN,0.038462
shared_auditor,ASAN,SPT,0.038462
shared_auditor,ASAN,SSNC,0.038462
shared_auditor,ASAN,TDC,0.038462
shared_auditor,ASAN,TTAN,0.038462
shared_auditor,ASAN,WEAV,0.038462
shared_auditor,AVPT,BLZE,0.038462
shared_auditor,AVPT,CCC,0.038462
shared_auditor,AVPT,CCSI,0.038462
shared_auditor,AVPT,COUR,0.038462
shared_auditor,AVPT,CRWV,0.038462
shared_auditor,AVPT,DDD,0.038462
shared_auditor,AVPT,DDOG,0.038462
shared_auditor,AVPT,DH,0.038462
shared_auditor,AVPT,DUOL,0.038462
shared_auditor,AVPT,FRSH,0.038462
shared_auditor,AVPT,FSLY,0.038462
shared_auditor,AVPT,GEG,0.038462
shared_auditor,AVPT,IIIV,0.038462
shared_auditor,AVPT,INTA,0.038462
shared_auditor,AVPT,KVYO,0.038462
shared_auditor,AVPT,MSFT,0.038462
shared_auditor,AVPT,MYPS,0.038462
shared_auditor,AVPT,NTNX,0.038462
shared_auditor,AVPT,PRGS,0.038462
shared_auditor,AVPT,RBLX,0.038462
shared_auditor,AVPT,S,0.038462
shared_auditor,AVPT,VIA,0.038462
shared_auditor,AVPT,XPER,0.038462
shared_auditor,AVPT,ZETA,0.038462
shared_auditor,AWRE,CERT,0.5
shared_auditor,AWRE,MCHX,0.5
shared_auditor,BAND,BLKB,0.034483
shared_auditor,BAND,BOX,0.034483
shared_auditor,BAND,BRZE,0.034483
shared_auditor,BAND,CRM,0.034483
shared_auditor,BAND,CVLT,0.034483
shared_auditor,BAND,DBX,0.034483
shared_auditor,BAND,DT,0.034483
shared_auditor,BAND,EVCM,0.034483
shared_auditor,BAND,FIG,0.034483
shared_auditor,BAND,INTU,0.034483
shared_auditor,BAND,LAW,0.034483
shared_auditor,BAND,MANH,0.034483
shared_auditor,BAND,NCNO,0.034483
shared_auditor,BAND,OKTA,0.034483
shared_auditor,BAND,ORCL,0.034483
shared_auditor,BAND,PLTR,0.034483
shared_auditor,BAND,QTWO,0.034483
shared_auditor,BAND,SKIL,0.034483
shared_auditor,BAND,TEAM,0.034483
shared_auditor,BAND,TENB,0.034483
shared_auditor,BAND,TTWO,0.034483
shared_auditor,BAND,TYL,0.034483
shared_auditor,BAND,U,0.034483
shared_auditor,BAND,UPLD,0.034483
shared_auditor,BAND,WK,0.034483
shared_auditor,BAND,XYZ,0.034483
shared_auditor,BAND,YOU,0.034483
shared_auditor,BB,BILL,0.038462
shared_auditor,BB,BL,0.038462
shared_auditor,BB,CDNS,0.038462
shared_auditor,BB,CRWD,0.038462
shared_auditor,BB,DOCU,0.038462
shared_auditor,BB,ESTC,0.038462
shared_auditor,BB,HUBS,0.038462
shared_auditor,BB,MDB,0.038462
shared_auditor,BB,NABL,0.038462
shared_auditor,BB,NAVN,0.038462
shared_auditor,BB,NOW,0.038462
shared_auditor,BB,PARA,0.038462
shared_auditor,BB,PCOR,0.038462
shared_auditor,BB,PD,0.038462
shared_auditor,BB,PTC,0.038462
shared_auditor,BB,SHOP,0.038462
shared_auditor,BB,SNOW,0.038462
shared_auditor,BB,SOUN,0.038462
shared_auditor,BB,SPT,0.038462
shared_auditor,BB,SSNC,0.038462
shared_auditor,BB,TDC,0.038462
shared_auditor,BB,TTAN,0.038462
shared_auditor,BB,WEAV,0.038462
shared_auditor,BBAI,GDYN,0.125
shared_auditor,BBAI,MKTW,0.125
shared_auditor,BBAI,PAYC,0.125
shared_auditor,BBAI,PRCH,0.125
shared_auditor,BBAI,PXLW,0.125
shared_auditor,BBAI,QLYS,0.125
shared_auditor,BBAI,RDVT,0.125
shared_auditor,BBAI,SAIL,0.125
shared_auditor,BILL,BL,0.038462
shared_auditor,BILL,CDNS,0.038462
shared_auditor,BILL,CRWD,0.038462
shared_auditor,BILL,DOCU,0.038462
shared_auditor,BILL,ESTC,0.038462
shared_auditor,BILL,HUBS,0.038462
shared_auditor,BILL,MDB,0.038462
shared_auditor,BILL,NABL,0.038462
shared_auditor,BILL,NAVN,0.038462
shared_auditor,BILL,NOW,0.038462
shared_auditor,BILL,PARA,0.038462
shared_auditor,BILL,PCOR,0.038462
shared_auditor,BILL,PD,0.038462
shared_auditor,BILL,PTC,0.038462
shared_auditor,BILL,SHOP,0.038462
shared_auditor,BILL,SNOW,0.038462
shared_auditor,BILL,SOUN,0.038462
shared_auditor,BILL,SPT,0.038462
shared_auditor,BILL,SSNC,0.038462
shared_auditor,BILL,TDC,0.038462
shared_auditor,BILL,TTAN,0.038462
shared_auditor,BILL,WEAV,0.038462
shared_auditor,BL,CDNS,0.038462
shared_auditor,BL,CRWD,0.038462
shared_auditor,BL,DOCU,0.038462
shared_auditor,BL,ESTC,0.038462
shared_auditor,BL,HUBS,0.038462
shared_auditor,BL,MDB,0.038462
shared_auditor,BL,NABL,0.038462
shared_auditor,BL,NAVN,0.038462
shared_auditor,BL,NOW,0.038462
shared_auditor,BL,PARA,0.038462
shared_auditor,BL,PCOR,0.038462
shared_auditor,BL,PD,0.038462
shared_auditor,BL,PTC,0.038462
shared_auditor,BL,SHOP,0.038462
shared_auditor,BL,SNOW,0.038462
shared_auditor,BL,SOUN,0.038462
shared_auditor,BL,SPT,0.038462
shared_auditor,BL,SSNC,0.038462
shared_auditor,BL,TDC,0.038462
shared_auditor,BL,TTAN,0.038462
shared_auditor,BL,WEAV,0.038462
shared_auditor,BLKB,BOX,0.034483
shared_auditor,BLKB,BRZE,0.034483
shared_auditor,BLKB,CRM,0.034483
shared_auditor,BLKB,CVLT,0.034483
shared_auditor,BLKB,DBX,0.034483
shared_auditor,BLKB,DT,0.034483
shared_auditor,BLKB,EVCM,0.034483
shared_auditor,BLKB,FIG,0.034483
shared_auditor,BLKB,INTU,0.034483
shared_auditor,BLKB,LAW,0.034483
shared_auditor,BLKB,MANH,0.034483
shared_auditor,BLKB,NCNO,0.034483
shared_auditor,BLKB,OKTA,0.034483
shared_auditor,BLKB,ORCL,0.034483
shared_auditor,BLKB,PLTR,0.034483
shared_auditor,BLKB,QTWO,0.034483
shared_auditor,BLKB,SKIL,0.034483
shared_auditor,BLKB,TEAM,0.034483
shared_auditor,BLKB,TENB,0.034483
shared_auditor,BLKB,TTWO,0.034483
shared_auditor,BLKB,TYL,0.034483
shared_auditor,BLKB,U,0.034483
shared_auditor,BLKB,UPLD,0.034483
shared_auditor,BLKB,WK,0.034483
shared_auditor,BLKB,XYZ,0.034483
shared_auditor,BLKB,YOU,0.034483
shared_auditor,BLZE,CCC,0.038462
shared_auditor,BLZE,CCSI,0.038462
shared_auditor,BLZE,COUR,0.038462
shared_auditor,BLZE,CRWV,0.038462
shared_auditor,BLZE,DDD,0.038462
shared_auditor,BLZE,DDOG,0.038462
shared_auditor,BLZE,DH,0.038462
shared_auditor,BLZE,DUOL,0.038462
shared_auditor,BLZE,FRSH,0.038462
shared_auditor,BLZE,FSLY,0.038462
shared_auditor,BLZE,GEG,0.038462
shared_auditor,BLZE,IIIV,0.038462
shared_auditor,BLZE,INTA,0.038462
shared_auditor,BLZE,KVYO,0.038462
shared_auditor,BLZE,MSFT,0.038462
shared_auditor,BLZE,MYPS,0.038462
shared_auditor,BLZE,NTNX,0.038462
shared_auditor,BLZE,PRGS,0.038462
shared_auditor,BLZE,RBLX,0.038462
shared_auditor,BLZE,S,0.038462
shared_auditor,BLZE,VIA,0.038462
shared_auditor,BLZE,XPER,0.038462
shared_auditor,BLZE,ZETA,0.038462
shared_auditor,BOX,BRZE,0.034483
shared_auditor,BOX,CRM,0.034483
shared_auditor,BOX,CVLT,0.034483
shared_auditor,BOX,DBX,0.034483
shared_auditor,BOX,DT,0.034483
shared_auditor,BOX,EVCM,0.034483
shared_auditor,BOX,FIG,0.034483
shared_auditor,BOX,INTU,0.034483
shared_auditor,BOX,LAW,0.034483
shared_auditor,BOX,MANH,0.034483
shared_auditor,BOX,NCNO,0.034483
shared_auditor,BOX,OKTA,0.034483
shared_auditor,BOX,ORCL,0.034483
shared_auditor,BOX,PLTR,0.034483
shared_auditor,BOX,QTWO,0.034483
shared_auditor,BOX,SKIL,0.034483
shared_auditor,BOX,TEAM,0.034483
shared_auditor,BOX,TENB,0.034483
shared_auditor,BOX,TTWO,0.034483
shared_auditor,BOX,TYL,0.034483
shared_auditor,BOX,U,0.034483
shared_auditor,BOX,UPLD,0.034483
shared_auditor,BOX,WK,0.034483
shared_auditor,BOX,XYZ,0.034483
shared_auditor,BOX,YOU,0.034483
shared_auditor,BRZE,CRM,0.034483
shared_auditor,BRZE,CVLT,0.034483
shared_auditor,BRZE,DBX,0.034483
shared_auditor,BRZE,DT,0.034483
shared_auditor,BRZE,EVCM,0.034483
shared_auditor,BRZE,FIG,0.034483
shared_auditor,BRZE,INTU,0.034483
shared_auditor,BRZE,LAW,0.034483
shared_auditor,BRZE,MANH,0.034483
shared_auditor,BRZE,NCNO,0.034483
shared_auditor,BRZE,OKTA,0.034483
shared_auditor,BRZE,ORCL,0.034483
shared_auditor,BRZE,PLTR,0.034483
shared_auditor,BRZE,QTWO,0.034483
shared_auditor,BRZE,SKIL,0.034483
shared_auditor,BRZE,TEAM,0.034483
shared_auditor,BRZE,TENB,0.034483
shared_auditor,BRZE,TTWO,0.034483
shared_auditor,BRZE,TYL,0.034483
shared_auditor,BRZE,U,0.034483
shared_auditor,BRZE,UPLD,0.034483
shared_auditor,BRZE,WK,0.034483
shared_auditor,BRZE,XYZ,0.034483
shared_auditor,BRZE,YOU,0.034483
shared_auditor,BSY,CXM,0.047619
shared_auditor,BSY,EXFY,0.047619
shared_auditor,BSY,GEN,0.047619
shared_auditor,BSY,GTLB,0.047619
shared_auditor,BSY,GTM,0.047619
shared_auditor,BSY,GWRE,0.047619
shared_auditor,BSY,MQ,0.047619
shared_auditor,BSY,NET,0.047619
shared_auditor,BSY,NTSK,0.047619
shared_auditor,BSY,PATH,0.047619
shared_auditor,BSY,PCTY,0.047619
shared_auditor,BSY,PDYN,0.047619
shared_auditor,BSY,RBRK,0.047619
shared_auditor,BSY,RCAT,0.047619
shared_auditor,BSY,RPD,0.047619
shared_auditor,BSY,SNPS,0.047619
shared_auditor,BSY,SPSC,0.047619
shared_auditor,BSY,TWLO,0.047619
shared_auditor,BSY,VEEV,0.047619
shared_auditor,CCC,CCSI,0.038462
shared_auditor,CCC,COUR,0.038462
shared_auditor,CCC,CRWV,0.038462
shared_auditor,CCC,DDD,0.038462
shared_auditor,CCC,DDOG,0.038462
shared_auditor,CCC,DH,0.038462
shared_auditor,CCC,DUOL,0.038462
shared_auditor,CCC,FRSH,0.038462
shared_auditor,CCC,FSLY,0.038462
shared_auditor,CCC,GEG,0.038462
shared_auditor,CCC,IIIV,0.038462
shared_auditor,CCC,INTA,0.038462
shared_auditor,CCC,KVYO,0.038462
shared_auditor,CCC,MSFT,0.038462
shared_auditor,CCC,MYPS,0.038462
shared_auditor,CCC,NTNX,0.038462
shared_auditor,CCC,PRGS,0.038462
shared_auditor,CCC,RBLX,0.038462
shared_auditor,CCC,S,0.038462
shared_auditor,CCC,VIA,0.038462
shared_auditor,CCC,XPER,0.038462
shared_auditor,CCC,ZETA,0.038462
shared_auditor,CCSI,COUR,0.038462
shared_auditor,CCSI,CRWV,0.038462
shared_auditor,CCSI,DDD,0.038462
shared_auditor,CCSI,DDOG,0.038462
shared_auditor,CCSI,DH,0.038462
shared_auditor,CCSI,DUOL,0.038462
shared_auditor,CCSI,FRSH,0.038462
shared_auditor,CCSI,FSLY,0.038462
shared_auditor,CCSI,GEG,0.038462
shared_auditor,CCSI,IIIV,0.038462
shared_auditor,CCSI,INTA,0.038462
shared_auditor,CCSI,KVYO,0.038462
shared_auditor,CCSI,MSFT,0.038462
shared_auditor,CCSI,MYPS,0.038462
shared_auditor,CCSI,NTNX,0.038462
shared_auditor,CCSI,PRGS,0.038462
shared_auditor,CCSI,RBLX,0.038462
shared_auditor,CCSI,S,0.038462
shared_auditor,CCSI,VIA,0.038462
shared_auditor,CCSI,XPER,0.038462
shared_auditor,CCSI,ZETA,0.038462
shared_auditor,CDNS,CRWD,0.038462
shared_auditor,CDNS,DOCU,0.038462
shared_auditor,CDNS,ESTC,0.038462
shared_auditor,CDNS,HUBS,0.038462
shared_auditor,CDNS,MDB,0.038462
shared_auditor,CDNS,NABL,0.038462
shared_auditor,CDNS,NAVN,0.038462
shared_auditor,CDNS,NOW,0.038462
shared_auditor,CDNS,PARA,0.038462
shared_auditor,CDNS,PCOR,0.038462
shared_auditor,CDNS,PD,0.038462
shared_auditor,CDNS,PTC,0.038462
shared_auditor,CDNS,SHOP,0.038462
shared_auditor,CDNS,SNOW,0.038462
shared_auditor,CDNS,SOUN,0.038462
shared_auditor,CDNS,SPT,0.038462
shared_auditor,CDNS,SSNC,0.038462
shared_auditor,CDNS,TDC,0.038462
shared_auditor,CDNS,TTAN,0.038462
shared_auditor,CDNS,WEAV,0.038462
shared_auditor,CERT,MCHX,0.5
shared_auditor,COUR,CRWV,0.038462
shared_auditor,COUR,DDD,0.038462
shared_auditor,COUR,DDOG,0.038462
shared_auditor,COUR,DH,0.038462
shared_auditor,COUR,DUOL,0.038462
shared_auditor,COUR,FRSH,0.038462
shared_auditor,COUR,FSLY,0.038462
shared_auditor,COUR,GEG,0.038462
shared_auditor,COUR,IIIV,0.038462
shared_auditor,COUR,INTA,0.038462
shared_auditor,COUR,KVYO,0.038462
shared_auditor,COUR,MSFT,0.038462
shared_auditor,COUR,MYPS,0.038462
shared_auditor,COUR,NTNX,0.038462
shared_auditor,COUR,PRGS,0.038462
shared_auditor,COUR,RBLX,0.038462
shared_auditor,COUR,S,0.038462
shared_auditor,COUR,VIA,0.038462
shared_auditor,COUR,XPER,0.038462
shared_auditor,COUR,ZETA,0.038462
shared_auditor,CRM,CVLT,0.034483
shared_auditor,CRM,DBX,0.034483
shared_auditor,CRM,DT,0.034483
shared_auditor,CRM,EVCM,0.034483
shared_auditor,CRM,FIG,0.034483
shared_auditor,CRM,INTU,0.034483
shared_auditor,CRM,LAW,0.034483
shared_auditor,CRM,MANH,0.034483
shared_auditor,CRM,NCNO,0.034483
shared_auditor,CRM,OKTA,0.034483
shared_auditor,CRM,ORCL,0.034483
shared_auditor,CRM,PLTR,0.034483
shared_auditor,CRM,QTWO,0.034483
shared_auditor,CRM,SKIL,0.034483
shared_auditor,CRM,TEAM,0.034483
shared_auditor,CRM,TENB,0.034483
shared_auditor,CRM,TTWO,0.034483
shared_auditor,CRM,TYL,0.034483
shared_auditor,CRM,U,0.034483
shared_auditor,CRM,UPLD,0.034483
shared_auditor,CRM,WK,0.034483
shared_auditor,CRM,XYZ,0.034483
shared_auditor,CRM,YOU,0.034483
shared_auditor,CRNC,SNAL,0.5
shared_auditor,CRWD,DOCU,0.038462
shared_auditor,CRWD,ESTC,0.038462
shared_auditor,CRWD,HUBS,0.038462
shared_auditor,CRWD,MDB,0.038462
shared_auditor,CRWD,NABL,0.038462
shared_auditor,CRWD,NAVN,0.038462
shared_auditor,CRWD,NOW,0.038462
shared_auditor,CRWD,PARA,0.038462
shared_auditor,CRWD,PCOR,0.038462
shared_auditor,CRWD,PD,0.038462
shared_auditor,CRWD,PTC,0.038462
shared_auditor,CRWD,SHOP,0.038462
shared_auditor,CRWD,SNOW,0.038462
shared_auditor,CRWD,SOUN,0.038462
shared_auditor,CRWD,SPT,0.038462
shared_auditor,CRWD,SSNC,0.038462
shared_auditor,CRWD,TDC,0.038462
shared_auditor,CRWD,TTAN,0.038462
shared_auditor,CRWD,WEAV,0.038462
shared_auditor,CRWV,DDD,0.038462
shared_auditor,CRWV,DDOG,0.038462
shared_auditor,CRWV,DH,0.038462
shared_auditor,CRWV,DUOL,0.038462
shared_auditor,CRWV,FRSH,0.038462
shared_auditor,CRWV,FSLY,0.038462
shared_auditor,CRWV,GEG,0.038462
shared_auditor,CRWV,IIIV,0.038462
shared_auditor,CRWV,INTA,0.038462
shared_auditor,CRWV,KVYO,0.038462
shared_auditor,CRWV,MSFT,0.038462
shared_auditor,CRWV,MYPS,0.038462
shared_auditor,CRWV,NTNX,0.038462
shared_auditor,CRWV,PRGS,0.038462
shared_auditor,CRWV,RBLX,0.038462
shared_auditor,CRWV,S,0.038462
shared_auditor,CRWV,VIA,0.038462
shared_auditor,CRWV,XPER,0.038462
shared_auditor,CRWV,ZETA,0.038462
shared_auditor,CVLT,DBX,0.034483
shared_auditor,CVLT,DT,0.034483
shared_auditor,CVLT,EVCM,0.034483
shared_auditor,CVLT,FIG,0.034483
shared_auditor,CVLT,INTU,0.034483
shared_auditor,CVLT,LAW,0.034483
shared_auditor,CVLT,MANH,0.034483
shared_auditor,CVLT,NCNO,0.034483
shared_auditor,CVLT,OKTA,0.034483
shared_auditor,CVLT,ORCL,0.034483
shared_auditor,CVLT,PLTR,0.034483
shared_auditor,CVLT,QTWO,0.034483
shared_auditor,CVLT,SKIL,0.034483
shared_auditor,CVLT,TEAM,0.034483
shared_auditor,CVLT,TENB,0.034483
shared_auditor,CVLT,TTWO,0.034483
shared_auditor,CVLT,TYL,0.034483
shared_auditor,CVLT,U,0.034483
shared_auditor,CVLT,UPLD,0.034483
shared_auditor,CVLT,WK,0.034483
shared_auditor,CVLT,XYZ,0.034483
shared_auditor,CVLT,YOU,0.034483
shared_auditor,CXM,EXFY,0.047619
shared_auditor,CXM,GEN,0.047619
shared_auditor,CXM,GTLB,0.047619
shared_auditor,CXM,GTM,0.047619
shared_auditor,CXM,GWRE,0.047619
shared_auditor,CXM,MQ,0.047619
shared_auditor,CXM,NET,0.047619
shared_auditor,CXM,NTSK,0.047619
shared_auditor,CXM,PATH,0.047619
shared_auditor,CXM,PCTY,0.047619
shared_auditor,CXM,PDYN,0.047619
shared_auditor,CXM,RBRK,0.047619
shared_auditor,CXM,RCAT,0.047619
shared_auditor,CXM,RPD,0.047619
shared_auditor,CXM,SNPS,0.047619
shared_auditor,CXM,SPSC,0.047619
shared_auditor,CXM,TWLO,0.047619
shared_auditor,CXM,VEEV,0.047619
shared_auditor,CYAB,IDAI,0.5
shared_auditor,CYAB,INSE,0.5
shared_auditor,DBX,DT,0.034483
shared_auditor,DBX,EVCM,0.034483
shared_auditor,DBX,FIG,0.034483
shared_auditor,DBX,INTU,0.034483
shared_auditor,DBX,LAW,0.034483
shared_auditor,DBX,MANH,0.034483
shared_auditor,DBX,NCNO,0.034483
shared_auditor,DBX,OKTA,0.034483
shared_auditor,DBX,ORCL,0.034483
shared_auditor,DBX,PLTR,0.034483
shared_auditor,DBX,QTWO,0.034483
shared_auditor,DBX,SKIL,0.034483
shared_auditor,DBX,TEAM,0.034483
shared_auditor,DBX,TENB,0.034483
shared_auditor,DBX,TTWO,0.034483
shared_auditor,DBX,TYL,0.034483
shared_auditor,DBX,U,0.034483
shared_auditor,DBX,UPLD,0.034483
shared_auditor,DBX,WK,0.034483
shared_auditor,DBX,XYZ,0.034483
shared_auditor,DBX,YOU,0.034483
shared_auditor,DDD,DDOG,0.038462
shared_auditor,DDD,DH,0.038462
shared_auditor,DDD,DUOL,0.038462
shared_auditor,DDD,FRSH,0.038462
shared_auditor,DDD,FSLY,0.038462
shared_auditor,DDD,GEG,0.038462
shared_auditor,DDD,IIIV,0.038462
shared_auditor,DDD,INTA,0.038462
shared_auditor,DDD,KVYO,0.038462
shared_auditor,DDD,MSFT,0.038462
shared_auditor,DDD,MYPS,0.038462
shared_auditor,DDD,NTNX,0.038462
shared_auditor,DDD,PRGS,0.038462
shared_auditor,DDD,RBLX,0.038462
shared_auditor,DDD,S,0.038462
shared_auditor,DDD,VIA,0.038462
shared_auditor,DDD,XPER,0.038462
shared_auditor,DDD,ZETA,0.038462
shared_auditor,DDOG,DH,0.038462
shared_auditor,DDOG,DUOL,0.038462
shared_auditor,DDOG,FRSH,0.038462
shared_auditor,DDOG,FSLY,0.038462
shared_auditor,DDOG,GEG,0.038462
shared_auditor,DDOG,IIIV,0.038462
shared_auditor,DDOG,INTA,0.038462
shared_auditor,DDOG,KVYO,0.038462
shared_auditor,DDOG,MSFT,0.038462
shared_auditor,DDOG,MYPS,0.038462
shared_auditor,DDOG,NTNX,0.038462
shared_auditor,DDOG,PRGS,0.038462
shared_auditor,DDOG,RBLX,0.038462
shared_auditor,DDOG,S,0.038462
shared_auditor,DDOG,VIA,0.038462
shared_auditor,DDOG,XPER,0.038462
shared_auditor,DDOG,ZETA,0.038462
shared_auditor,DH,DUOL,0.038462
shared_auditor,DH,FRSH,0.038462
shared_auditor,DH,FSLY,0.038462
shared_auditor,DH,GEG,0.038462
shared_auditor,DH,IIIV,0.038462
shared_auditor,DH,INTA,0.038462
shared_auditor,DH,KVYO,0.038462
shared_auditor,DH,MSFT,0.038462
shared_auditor,DH,MYPS,0.038462
shared_auditor,DH,NTNX,0.038462
shared_auditor,DH,PRGS,0.038462
shared_auditor,DH,RBLX,0.038462
shared_auditor,DH,S,0.038462
shared_auditor,DH,VIA,0.038462
shared_auditor,DH,XPER,0.038462
shared_auditor,DH,ZETA,0.038462
shared_auditor,DOCU,ESTC,0.038462
shared_auditor,DOCU,HUBS,0.038462
shared_auditor,DOCU,MDB,0.038462
shared_auditor,DOCU,NABL,0.038462
shared_auditor,DOCU,NAVN,0.038462
shared_auditor,DOCU,NOW,0.038462
shared_auditor,DOCU,PARA,0.038462
shared_auditor,DOCU,PCOR,0.038462
shared_auditor,DOCU,PD,0.038462
shared_auditor,DOCU,PTC,0.038462
shared_auditor,DOCU,SHOP,0.038462
shared_auditor,DOCU,SNOW,0.038462
shared_auditor,DOCU,SOUN,0.038462
shared_auditor,DOCU,SPT,0.038462
shared_auditor,DOCU,SSNC,0.038462
shared_auditor,DOCU,TDC,0.038462
shared_auditor,DOCU,TTAN,0.038462
shared_auditor,DOCU,WEAV,0.038462
shared_auditor,DT,EVCM,0.034483
shared_auditor,DT,FIG,0.034483
shared_auditor,DT,INTU,0.034483
shared_auditor,DT,LAW,0.034483
shared_auditor,DT,MANH,0.034483
shared_auditor,DT,NCNO,0.034483
shared_auditor,DT,OKTA,0.034483
shared_auditor,DT,ORCL,0.034483
shared_auditor,DT,PLTR,0.034483
shared_auditor,DT,QTWO,0.034483
shared_auditor,DT,SKIL,0.034483
shared_auditor,DT,TEAM,0.034483
shared_auditor,DT,TENB,0.034483
shared_auditor,DT,TTWO,0.034483
shared_auditor,DT,TYL,0.034483
shared_auditor,DT,U,0.034483
shared_auditor,DT,UPLD,0.034483
shared_auditor,DT,WK,0.034483
shared_auditor,DT,XYZ,0.034483
shared_auditor,DT,YOU,0.034483
shared_auditor,DUOL,FRSH,0.038462
shared_auditor,DUOL,FSLY,0.038462
shared_auditor,DUOL,GEG,0.038462
shared_auditor,DUOL,IIIV,0.038462
shared_auditor,DUOL,INTA,0.038462
shared_auditor,DUOL,KVYO,0.038462
shared_auditor,DUOL,MSFT,0.038462
shared_auditor,DUOL,MYPS,0.038462
shared_auditor,DUOL,NTNX,0.038462
shared_auditor,DUOL,PRGS,0.038462
shared_auditor,DUOL,RBLX,0.038462
shared_auditor,DUOL,S,0.038462
shared_auditor,DUOL,VIA,0.038462
shared_auditor,DUOL,XPER,0.038462
shared_auditor,DUOL,ZETA,0.038462
shared_auditor,DUOT,GXAI,1.0
shared_auditor,EGAN,PDFS,0.333333
shared_auditor,EGAN,QUBT,0.333333
shared_auditor,ESTC,HUBS,0.038462
shared_auditor,ESTC,MDB,0.038462
shared_auditor,ESTC,NABL,0.038462
shared_auditor,ESTC,NAVN,0.038462
shared_auditor,ESTC,NOW,0.038462
shared_auditor,ESTC,PARA,0.038462
shared_auditor,ESTC,PCOR,0.038462
shared_auditor,ESTC,PD,0.038462
shared_auditor,ESTC,PTC,0.038462
shared_auditor,ESTC,SHOP,0.038462
shared_auditor,ESTC,SNOW,0.038462
shared_auditor,ESTC,SOUN,0.038462
shared_auditor,ESTC,SPT,0.038462
shared_auditor,ESTC,SSNC,0.038462
shared_auditor,ESTC,TDC,0.038462
shared_auditor,ESTC,TTAN,0.038462
shared_auditor,ESTC,WEAV,0.038462
shared_auditor,EVCM,FIG,0.034483
shared_auditor,EVCM,INTU,0.034483
shared_auditor,EVCM,LAW,0.034483
shared_auditor,EVCM,MANH,0.034483
shared_auditor,EVCM,NCNO,0.034483
shared_auditor,EVCM,OKTA,0.034483
shared_auditor,EVCM,ORCL,0.034483
shared_auditor,EVCM,PLTR,0.034483
shared_auditor,EVCM,QTWO,0.034483
shared_auditor,EVCM,SKIL,0.034483
shared_auditor,EVCM,TEAM,0.034483
shared_auditor,EVCM,TENB,0.034483
shared_auditor,EVCM,TTWO,0.034483
shared_auditor,EVCM,TYL,0.034483
shared_auditor,EVCM,U,0.034483
shared_auditor,EVCM,UPLD,0.034483
shared_auditor,EVCM,WK,0.034483
shared_auditor,EVCM,XYZ,0.034483
shared_auditor,EVCM,YOU,0.034483
shared_auditor,EXFY,GEN,0.047619
shared_auditor,EXFY,GTLB,0.047619
shared_auditor,EXFY,GTM,0.047619
shared_auditor,EXFY,GWRE,0.047619
shared_auditor,EXFY,MQ,0.047619
shared_auditor,EXFY,NET,0.047619
shared_auditor,EXFY,NTSK,0.047619
shared_auditor,EXFY,PATH,0.047619
shared_auditor,EXFY,PCTY,0.047619
shared_auditor,EXFY,PDYN,0.047619
shared_auditor,EXFY,RBRK,0.047619
shared_auditor,EXFY,RCAT,0.047619
shared_auditor,EXFY,RPD,0.047619
shared_auditor,EXFY,SNPS,0.047619
shared_auditor,EXFY,SPSC,0.047619
shared_auditor,EXFY,TWLO,0.047619
shared_auditor,EXFY,VEEV,0.047619
shared_auditor,FIG,INTU,0.034483
shared_auditor,FIG,LAW,0.034483
shared_auditor,FIG,MANH,0.034483
shared_auditor,FIG,NCNO,0.034483
shared_auditor,FIG,OKTA,0.034483
shared_auditor,FIG,ORCL,0.034483
shared_auditor,FIG,PLTR,0.034483
shared_auditor,FIG,QTWO,0.034483
shared_auditor,FIG,SKIL,0.034483
shared_auditor,FIG,TEAM,0.034483
shared_auditor,FIG,TENB,0.034483
shared_auditor,FIG,TTWO,0.034483
shared_auditor,FIG,TYL,0.034483
shared_auditor,FIG,U,0.034483
shared_auditor,FIG,UPLD,0.034483
shared_auditor,FIG,WK,0.034483
shared_auditor,FIG,XYZ,0.034483
shared_auditor,FIG,YOU,0.034483
shared_auditor,FROG,KLTR,0.5
shared_auditor,FROG,VRNS,0.5
shared_auditor,FRSH,FSLY,0.038462
shared_auditor,FRSH,GEG,0.038462
shared_auditor,FRSH,IIIV,0.038462
shared_auditor,FRSH,INTA,0.038462
shared_auditor,FRSH,KVYO,0.038462
shared_auditor,FRSH,MSFT,0.038462
shared_auditor,FRSH,MYPS,0.038462
shared_auditor,FRSH,NTNX,0.038462
shared_auditor,FRSH,PRGS,0.038462
shared_auditor,FRSH,RBLX,0.038462
shared_auditor,FRSH,S,0.038462
shared_auditor,FRSH,VIA,0.038462
shared_auditor,FRSH,XPER,0.038462
shared_auditor,FRSH,ZETA,0.038462
shared_auditor,FSLY,GEG,0.038462
shared_auditor,FSLY,IIIV,0.038462
shared_auditor,FSLY,INTA,0.038462
shared_auditor,FSLY,KVYO,0.038462
shared_auditor,FSLY,MSFT,0.038462
shared_auditor,FSLY,MYPS,0.038462
shared_auditor,FSLY,NTNX,0.038462
shared_auditor,FSLY,PRGS,0.038462
shared_auditor,FSLY,RBLX,0.038462
shared_auditor,FSLY,S,0.038462
shared_auditor,FSLY,VIA,0.038462
shared_auditor,FSLY,XPER,0.038462
shared_auditor,FSLY,ZETA,0.038462
shared_auditor,GDYN,MKTW,0.125
shared_auditor,GDYN,PAYC,0.125
shared_auditor,GDYN,PRCH,0.125
shared_auditor,GDYN,PXLW,0.125
shared_auditor,GDYN,QLYS,0.125
shared_auditor,GDYN,RDVT,0.125
shared_auditor,GDYN,SAIL,0.125
shared_auditor,GEG,IIIV,0.038462
shared_auditor,GEG,INTA,0.038462
shared_auditor,GEG,KVYO,0.038462
shared_auditor,GEG,MSFT,0.038462
shared_auditor,GEG,MYPS,0.038462
shared_auditor,GEG,NTNX,0.038462
shared_auditor,GEG,PRGS,0.038462
shared_auditor,GEG,RBLX,0.038462
shared_auditor,GEG,S,0.038462
shared_auditor,GEG,VIA,0.038462
shared_auditor,GEG,XPER,0.038462
shared_auditor,GEG,ZETA,0.038462
shared_auditor,GEN,GTLB,0.047619
shared_auditor,GEN,GTM,0.047619
shared_auditor,GEN,GWRE,0.047619
shared_auditor,GEN,MQ,0.047619
shared_auditor,GEN,NET,0.047619
shared_auditor,GEN,NTSK,0.047619
shared_auditor,GEN,PATH,0.047619
shared_auditor,GEN,PCTY,0.047619
shared_auditor,GEN,PDYN,0.047619
shared_auditor,GEN,RBRK,0.047619
shared_auditor,GEN,RCAT,0.047619
shared_auditor,GEN,RPD,0.047619
shared_auditor,GEN,SNPS,0.047619
shared_auditor,GEN,SPSC,0.047619
shared_auditor,GEN,TWLO,0.047619
shared_auditor,GEN,VEEV,0.047619
shared_auditor,GTLB,GTM,0.047619
shared_auditor,GTLB,GWRE,0.047619
shared_auditor,GTLB,MQ,0.047619
shared_auditor,GTLB,NET,0.047619
shared_auditor,GTLB,NTSK,0.047619
shared_auditor,GTLB,PATH,0.047619
shared_auditor,GTLB,PCTY,0.047619
shared_auditor,GTLB,PDYN,0.047619
shared_auditor,GTLB,RBRK,0.047619
shared_auditor,GTLB,RCAT,0.047619
shared_auditor,GTLB,RPD,0.047619
shared_auditor,GTLB,SNPS,0.047619
shared_auditor,GTLB,SPSC,0.047619
shared_auditor,GTLB,TWLO,0.047619
shared_auditor,GTLB,VEEV,0.047619
shared_auditor,GTM,GWRE,0.047619
shared_auditor,GTM,MQ,0.047619
shared_auditor,GTM,NET,0.047619
shared_auditor,GTM,NTSK,0.047619
shared_auditor,GTM,PATH,0.047619
shared_auditor,GTM,PCTY,0.047619
shared_auditor,GTM,PDYN,0.047619
shared_auditor,GTM,RBRK,0.047619
shared_auditor,GTM,RCAT,0.047619
shared_auditor,GTM,RPD,0.047619
shared_auditor,GTM,SNPS,0.047619
shared_auditor,GTM,SPSC,0.047619
shared_auditor,GTM,TWLO,0.047619
shared_auditor,GTM,VEEV,0.047619
shared_auditor,GWRE,MQ,0.047619
shared_auditor,GWRE,NET,0.047619
shared_auditor,GWRE,NTSK,0.047619
shared_auditor,GWRE,PATH,0.047619
shared_auditor,GWRE,PCTY,0.047619
shared_auditor,GWRE,PDYN,0.047619
shared_auditor,GWRE,RBRK,0.047619
shared_auditor,GWRE,RCAT,0.047619
shared_auditor,GWRE,RPD,0.047619
shared_auditor,GWRE,SNPS,0.047619
shared_auditor,GWRE,SPSC,0.047619
shared_auditor,GWRE,TWLO,0.047619
shared_auditor,GWRE,VEEV,0.047619
shared_auditor,HUBS,MDB,0.038462
shared_auditor,HUBS,NABL,0.038462
shared_auditor,HUBS,NAVN,0.038462
shared_auditor,HUBS,NOW,0.038462
shared_auditor,HUBS,PARA,0.038462
shared_auditor,HUBS,PCOR,0.038462
shared_auditor,HUBS,PD,0.038462
shared_auditor,HUBS,PTC,0.038462
shared_auditor,HUBS,SHOP,0.038462
shared_auditor,HUBS,SNOW,0.038462
shared_auditor,HUBS,SOUN,0.038462
shared_auditor,HUBS,SPT,0.038462
shared_auditor,HUBS,SSNC,0.038462
shared_auditor,HUBS,TDC,0.038462
shared_auditor,HUBS,TTAN,0.038462
shared_auditor,HUBS,WEAV,0.038462
shared_auditor,IDAI,INSE,0.5
shared_auditor,IDN,XZO,1.0
shared_auditor,IIIV,INTA,0.038462
shared_auditor,IIIV,KVYO,0.038462
shared_auditor,IIIV,MSFT,0.038462
shared_auditor,IIIV,MYPS,0.038462
shared_auditor,IIIV,NTNX,0.038462
shared_auditor,IIIV,PRGS,0.038462
shared_auditor,IIIV,RBLX,0.038462
shared_auditor,IIIV,S,0.038462
shared_auditor,IIIV,VIA,0.038462
shared_auditor,IIIV,XPER,0.038462
shared_auditor,IIIV,ZETA,0.038462
shared_auditor,INTA,KVYO,0.038462
shared_auditor,INTA,MSFT,0.038462
shared_auditor,INTA,MYPS,0.038462
shared_auditor,INTA,NTNX,0.038462
shared_auditor,INTA,PRGS,0.038462
shared_auditor,INTA,RBLX,0.038462
shared_auditor,INTA,S,0.038462
shared_auditor,INTA,VIA,0.038462
shared_auditor,INTA,XPER,0.038462
shared_auditor,INTA,ZETA,0.038462
shared_auditor,INTU,LAW,0.034483
shared_auditor,INTU,MANH,0.034483
shared_auditor,INTU,NCNO,0.034483
shared_auditor,INTU,OKTA,0.034483
shared_auditor,INTU,ORCL,0.034483
shared_auditor,INTU,PLTR,0.034483
shared_auditor,INTU,QTWO,0.034483
shared_auditor,INTU,SKIL,0.034483
shared_auditor,INTU,TEAM,0.034483
shared_auditor,INTU,TENB,0.034483
shared_auditor,INTU,TTWO,0.034483
shared_auditor,INTU,TYL,0.034483
shared_auditor,INTU,U,0.034483
shared_auditor,INTU,UPLD,0.034483
shared_auditor,INTU,WK,0.034483
shared_auditor,INTU,XYZ,0.034483
shared_auditor,INTU,YOU,0.034483
shared_auditor,KLTR,VRNS,0.5
shared_auditor,KVYO,MSFT,0.038462
shared_auditor,KVYO,MYPS,0.038462
shared_auditor,KVYO,NTNX,0.038462
shared_auditor,KVYO,PRGS,0.038462
shared_auditor,KVYO,RBLX,0.038462
shared_auditor,KVYO,S,0.038462
shared_auditor,KVYO,VIA,0.038462
shared_auditor,KVYO,XPER,0.038462
shared_auditor,KVYO,ZETA,0.038462
shared_auditor,LAW,MANH,0.034483
shared_auditor,LAW,NCNO,0.034483
shared_auditor,LAW,OKTA,0.034483
shared_auditor,LAW,ORCL,0.034483
shared_auditor,LAW,PLTR,0.034483
shared_auditor,LAW,QTWO,0.034483
shared_auditor,LAW,SKIL,0.034483
shared_auditor,LAW,TEAM,0.034483
shared_auditor,LAW,TENB,0.034483
shared_auditor,LAW,TTWO,0.034483
shared_auditor,LAW,TYL,0.034483
shared_auditor,LAW,U,0.034483
shared_auditor,LAW,UPLD,0.034483
shared_auditor,LAW,WK,0.034483
shared_auditor,LAW,XYZ,0.034483
shared_auditor,LAW,YOU,0.034483
shared_auditor,MANH,NCNO,0.034483
shared_auditor,MANH,OKTA,0.034483
shared_auditor,MANH,ORCL,0.034483
shared_auditor,MANH,PLTR,0.034483
shared_auditor,MANH,QTWO,0.034483
shared_auditor,MANH,SKIL,0.034483
shared_auditor,MANH,TEAM,0.034483
shared_auditor,MANH,TENB,0.034483
shared_auditor,MANH,TTWO,0.034483
shared_auditor,MANH,TYL,0.034483
shared_auditor,MANH,U,0.034483
shared_auditor,MANH,UPLD,0.034483
shared_auditor,MANH,WK,0.034483
shared_auditor,MANH,XYZ,0.034483
shared_auditor,MANH,YOU,0.034483
shared_auditor,MDB,NABL,0.038462
shared_auditor,MDB,NAVN,0.038462
shared_auditor,MDB,NOW,0.038462
shared_auditor,MDB,PARA,0.038462
shared_auditor,MDB,PCOR,0.038462
shared_auditor,MDB,PD,0.038462
shared_auditor,MDB,PTC,0.038462
shared_auditor,MDB,SHOP,0.038462
shared_auditor,MDB,SNOW,0.038462
shared_auditor,MDB,SOUN,0.038462
shared_auditor,MDB,SPT,0.038462
shared_auditor,MDB,SSNC,0.038462
shared_auditor,MDB,TDC,0.038462
shared_auditor,MDB,TTAN,0.038462
shared_auditor,MDB,WEAV,0.038462
shared_auditor,MKTW,PAYC,0.125
shared_auditor,MKTW,PRCH,0.125
shared_auditor,MKTW,PXLW,0.125
shared_auditor,MKTW,QLYS,0.125
shared_auditor,MKTW,RDVT,0.125
shared_auditor,MKTW,SAIL,0.125
shared_auditor,MQ,NET,0.047619
shared_auditor,MQ,NTSK,0.047619
shared_auditor,MQ,PATH,0.047619
shared_auditor,MQ,PCTY,0.047619
shared_auditor,MQ,PDYN,0.047619
shared_auditor,MQ,RBRK,0.047619
shared_auditor,MQ,RCAT,0.047619
shared_auditor,MQ,RPD,0.047619
shared_auditor,MQ,SNPS,0.047619
shared_auditor,MQ,SPSC,0.047619
shared_auditor,MQ,TWLO,0.047619
shared_auditor,MQ,VEEV,0.047619
shared_auditor,MSFT,MYPS,0.038462
shared_auditor,MSFT,NTNX,0.038462
shared_auditor,MSFT,PRGS,0.038462
shared_auditor,MSFT,RBLX,0.038462
shared_auditor,MSFT,S,0.038462
shared_auditor,MSFT,VIA,0.038462
shared_auditor,MSFT,XPER,0.038462
shared_auditor,MSFT,ZETA,0.038462
shared_auditor,MYPS,NTNX,0.038462
shared_auditor,MYPS,PRGS,0.038462
shared_auditor,MYPS,RBLX,0.038462
shared_auditor,MYPS,S,0.038462
shared_auditor,MYPS,VIA,0.038462
shared_auditor,MYPS,XPER,0.038462
shared_auditor,MYPS,ZETA,0.038462
shared_auditor,NABL,NAVN,0.038462
shared_auditor,NABL,NOW,0.038462
shared_auditor,NABL,PARA,0.038462
shared_auditor,NABL,PCOR,0.038462
shared_auditor,NABL,PD,0.038462
shared_auditor,NABL,PTC,0.038462
shared_auditor,NABL,SHOP,0.038462
shared_auditor,NABL,SNOW,0.038462
shared_auditor,NABL,SOUN,0.038462
shared_auditor,NABL,SPT,0.038462
shared_auditor,NABL,SSNC,0.038462
shared_auditor,NABL,TDC,0.038462
shared_auditor,NABL,TTAN,0.038462
shared_auditor,NABL,WEAV,0.038462
shared_auditor,NAVN,NOW,0.038462
shared_auditor,NAVN,PARA,0.038462
shared_auditor,NAVN,PCOR,0.038462
shared_auditor,NAVN,PD,0.038462
shared_auditor,NAVN,PTC,0.038462
shared_auditor,NAVN,SHOP,0.038462
shared_auditor,NAVN,SNOW,0.038462
shared_auditor,NAVN,SOUN,0.038462
shared_auditor,NAVN,SPT,0.038462
shared_auditor,NAVN,SSNC,0.038462
shared_auditor,NAVN,TDC,0.038462
shared_auditor,NAVN,TTAN,0.038462
shared_auditor,NAVN,WEAV,0.038462
shared_auditor,NCNO,OKTA,0.034483
shared_auditor,NCNO,ORCL,0.034483
shared_auditor,NCNO,PLTR,0.034483
shared_auditor,NCNO,QTWO,0.034483
shared_auditor,NCNO,SKIL,0.034483
shared_auditor,NCNO,TEAM,0.034483
shared_auditor,NCNO,TENB,0.034483
shared_auditor,NCNO,TTWO,0.034483
shared_auditor,NCNO,TYL,0.034483
shared_auditor,NCNO,U,0.034483
shared_auditor,NCNO,UPLD,0.034483
shared_auditor,NCNO,WK,0.034483
shared_auditor,NCNO,XYZ,0.034483
shared_auditor,NCNO,YOU,0.034483
shared_auditor,NET,NTSK,0.047619
shared_auditor,NET,PATH,0.047619
shared_auditor,NET,PCTY,0.047619
shared_auditor,NET,PDYN,0.047619
shared_auditor,NET,RBRK,0.047619
shared_auditor,NET,RCAT,0.047619
shared_auditor,NET,RPD,0.047619
shared_auditor,NET,SNPS,0.047619
shared_auditor,NET,SPSC,0.047619
shared_auditor,NET,TWLO,0.047619
shared_auditor,NET,VEEV,0.047619
shared_auditor,NOW,PARA,0.038462
shared_auditor,NOW,PCOR,0.038462
shared_auditor,NOW,PD,0.038462
shared_auditor,NOW,PTC,0.038462
shared_auditor,NOW,SHOP,0.038462
shared_auditor,NOW,SNOW,0.038462
shared_auditor,NOW,SOUN,0.038462
shared_auditor,NOW,SPT,0.038462
shared_auditor,NOW,SSNC,0.038462
shared_auditor,NOW,TDC,0.038462
shared_auditor,NOW,TTAN,0.038462
shared_auditor,NOW,WEAV,0.038462
shared_auditor,NTNX,PRGS,0.038462
shared_auditor,NTNX,RBLX,0.038462
shared_auditor,NTNX,S,0.038462
shared_auditor,NTNX,VIA,0.038462
shared_auditor,NTNX,XPER,0.038462
shared_auditor,NTNX,ZETA,0.038462
shared_auditor,NTSK,PATH,0.047619
shared_auditor,NTSK,PCTY,0.047619
shared_auditor,NTSK,PDYN,0.047619
shared_auditor,NTSK,RBRK,0.047619
shared_auditor,NTSK,RCAT,0.047619
shared_auditor,NTSK,RPD,0.047619
shared_auditor,NTSK,SNPS,0.047619
shared_auditor,NTSK,SPSC,0.047619
shared_auditor,NTSK,TWLO,0.047619
shared_auditor,NTSK,VEEV,0.047619
shared_auditor,OKTA,ORCL,0.034483
shared_auditor,OKTA,PLTR,0.034483
shared_auditor,OKTA,QTWO,0.034483
shared_auditor,OKTA,SKIL,0.034483
shared_auditor,OKTA,TEAM,0.034483
shared_auditor,OKTA,TENB,0.034483
shared_auditor,OKTA,TTWO,0.034483
shared_auditor,OKTA,TYL,0.034483
shared_auditor,OKTA,U,0.034483
shared_auditor,OKTA,UPLD,0.034483
shared_auditor,OKTA,WK,0.034483
shared_auditor,OKTA,XYZ,0.034483
shared_auditor,OKTA,YOU,0.034483
shared_auditor,ORCL,PLTR,0.034483
shared_auditor,ORCL,QTWO,0.034483
shared_auditor,ORCL,SKIL,0.034483
shared_auditor,ORCL,TEAM,0.034483
shared_auditor,ORCL,TENB,0.034483
shared_auditor,ORCL,TTWO,0.034483
shared_auditor,ORCL,TYL,0.034483
shared_auditor,ORCL,U,0.034483
shared_auditor,ORCL,UPLD,0.034483
shared_auditor,ORCL,WK,0.034483
shared_auditor,ORCL,XYZ,0.034483
shared_auditor,ORCL,YOU,0.034483
shared_auditor,PARA,PCOR,0.038462
shared_auditor,PARA,PD,0.038462
shared_auditor,PARA,PTC,0.038462
shared_auditor,PARA,SHOP,0.038462
shared_auditor,PARA,SNOW,0.038462
shared_auditor,PARA,SOUN,0.038462
shared_auditor,PARA,SPT,0.038462
shared_auditor,PARA,SSNC,0.038462
shared_auditor,PARA,TDC,0.038462
shared_auditor,PARA,TTAN,0.038462
shared_auditor,PARA,WEAV,0.038462
shared_auditor,PATH,PCTY,0.047619
shared_auditor,PATH,PDYN,0.047619
shared_auditor,PATH,RBRK,0.047619
shared_auditor,PATH,RCAT,0.047619
shared_auditor,PATH,RPD,0.047619
shared_auditor,PATH,SNPS,0.047619
shared_auditor,PATH,SPSC,0.047619
shared_auditor,PATH,TWLO,0.047619
shared_auditor,PATH,VEEV,0.047619
shared_auditor,PAYC,PRCH,0.125
shared_auditor,PAYC,PXLW,0.125
shared_auditor,PAYC,QLYS,0.125
shared_auditor,PAYC,RDVT,0.125
shared_auditor,PAYC,SAIL,0.125
shared_auditor,PCOR,PD,0.038462
shared_auditor,PCOR,PTC,0.038462
shared_auditor,PCOR,SHOP,0.038462
shared_auditor,PCOR,SNOW,0.038462
shared_auditor,PCOR,SOUN,0.038462
shared_auditor,PCOR,SPT,0.038462
shared_auditor,PCOR,SSNC,0.038462
shared_auditor,PCOR,TDC,0.038462
shared_auditor,PCOR,TTAN,0.038462
shared_auditor,PCOR,WEAV,0.038462
shared_auditor,PCTY,PDYN,0.047619
shared_auditor,PCTY,RBRK,0.047619
shared_auditor,PCTY,RCAT,0.047619
shared_auditor,PCTY,RPD,0.047619
shared_auditor,PCTY,SNPS,0.047619
shared_auditor,PCTY,SPSC,0.047619
shared_auditor,PCTY,TWLO,0.047619
shared_auditor,PCTY,VEEV,0.047619
shared_auditor,PD,PTC,0.038462
shared_auditor,PD,SHOP,0.038462
shared_auditor,PD,SNOW,0.038462
shared_auditor,PD,SOUN,0.038462
shared_auditor,PD,SPT,0.038462
shared_auditor,PD,SSNC,0.038462
shared_auditor,PD,TDC,0.038462
shared_auditor,PD,TTAN,0.038462
shared_auditor,PD,WEAV,0.038462
shared_auditor,PDFS,QUBT,0.333333
shared_auditor,PDYN,RBRK,0.047619
shared_auditor,PDYN,RCAT,0.047619
shared_auditor,PDYN,RPD,0.047619
shared_auditor,PDYN,SNPS,0.047619
shared_auditor,PDYN,SPSC,0.047619
shared_auditor,PDYN,TWLO,0.047619
shared_auditor,PDYN,VEEV,0.047619
shared_auditor,PLTR,QTWO,0.034483
shared_auditor,PLTR,SKIL,0.034483
shared_auditor,PLTR,TEAM,0.034483
shared_auditor,PLTR,TENB,0.034483
shared_auditor,PLTR,TTWO,0.034483
shared_auditor,PLTR,TYL,0.034483
shared_auditor,PLTR,U,0.034483
shared_auditor,PLTR,UPLD,0.034483
shared_auditor,PLTR,WK,0.034483
shared_auditor,PLTR,XYZ,0.034483
shared_auditor,PLTR,YOU,0.034483
shared_auditor,PRCH,PXLW,0.125
shared_auditor,PRCH,QLYS,0.125
shared_auditor,PRCH,RDVT,0.125
shared_auditor,PRCH,SAIL,0.125
shared_auditor,PRGS,RBLX,0.038462
shared_auditor,PRGS,S,0.038462
shared_auditor,PRGS,VIA,0.038462
shared_auditor,PRGS,XPER,0.038462
shared_auditor,PRGS,ZETA,0.038462
shared_auditor,PTC,SHOP,0.038462
shared_auditor,PTC,SNOW,0.038462
shared_auditor,PTC,SOUN,0.038462
shared_auditor,PTC,SPT,0.038462
shared_auditor,PTC,SSNC,0.038462
shared_auditor,PTC,TDC,0.038462
shared_auditor,PTC,TTAN,0.038462
shared_auditor,PTC,WEAV,0.038462
shared_auditor,PXLW,QLYS,0.125
shared_auditor,PXLW,RDVT,0.125
shared_auditor,PXLW,SAIL,0.125
shared_auditor,QLYS,RDVT,0.125
shared_auditor,QLYS,SAIL,0.125
shared_auditor,QTWO,SKIL,0.034483
shared_auditor,QTWO,TEAM,0.034483
shared_auditor,QTWO,TENB,0.034483
shared_auditor,QTWO,TTWO,0.034483
shared_auditor,QTWO,TYL,0.034483
shared_auditor,QTWO,U,0.034483
shared_auditor,QTWO,UPLD,0.034483
shared_auditor,QTWO,WK,0.034483
shared_auditor,QTWO,XYZ,0.034483
shared_auditor,QTWO,YOU,0.034483
shared_auditor,RBLX,S,0.038462
shared_auditor,RBLX,VIA,0.038462
shared_auditor,RBLX,XPER,0.038462
shared_auditor,RBLX,ZETA,0.038462
shared_auditor,RBRK,RCAT,0.047619
shared_auditor,RBRK,RPD,0.047619
shared_auditor,RBRK,SNPS,0.047619
shared_auditor,RBRK,SPSC,0.047619
shared_auditor,RBRK,TWLO,0.047619
shared_auditor,RBRK,VEEV,0.047619
shared_auditor,RCAT,RPD,0.047619
shared_auditor,RCAT,SNPS,0.047619
shared_auditor,RCAT,SPSC,0.047619
shared_auditor,RCAT,TWLO,0.047619
shared_auditor,RCAT,VEEV,0.047619
shared_auditor,RDVT,SAIL,0.125
shared_auditor,RPD,SNPS,0.047619
shared_auditor,RPD,SPSC,0.047619
shared_auditor,RPD,TWLO,0.047619
shared_auditor,RPD,VEEV,0.047619
shared_auditor,S,VIA,0.038462
shared_auditor,S,XPER,0.038462
shared_auditor,S,ZETA,0.038462
shared_auditor,SHOP,SNOW,0.038462
shared_auditor,SHOP,SOUN,0.038462
shared_auditor,SHOP,SPT,0.038462
shared_auditor,SHOP,SSNC,0.038462
shared_auditor,SHOP,TDC,0.038462
shared_auditor,SHOP,TTAN,0.038462
shared_auditor,SHOP,WEAV,0.038462
shared_auditor,SKIL,TEAM,0.034483
shared_auditor,SKIL,TENB,0.034483
shared_auditor,SKIL,TTWO,0.034483
shared_auditor,SKIL,TYL,0.034483
shared_auditor,SKIL,U,0.034483
shared_auditor,SKIL,UPLD,0.034483
shared_auditor,SKIL,WK,0.034483
shared_auditor,SKIL,XYZ,0.034483
shared_auditor,SKIL,YOU,0.034483
shared_auditor,SNOW,SOUN,0.038462
shared_auditor,SNOW,SPT,0.038462
shared_auditor,SNOW,SSNC,0.038462
shared_auditor,SNOW,TDC,0.038462
shared_auditor,SNOW,TTAN,0.038462
shared_auditor,SNOW,WEAV,0.038462
shared_auditor,SNPS,SPSC,0.047619
shared_auditor,SNPS,TWLO,0.047619
shared_auditor,SNPS,VEEV,0.047619
shared_auditor,SOUN,SPT,0.038462
shared_auditor,SOUN,SSNC,0.038462
shared_auditor,SOUN,TDC,0.038462
shared_auditor,SOUN,TTAN,0.038462
shared_auditor,SOUN,WEAV,0.038462
shared_auditor,SPSC,TWLO,0.047619
shared_auditor,SPSC,VEEV,0.047619
shared_auditor,SPT,SSNC,0.038462
shared_auditor,SPT,TDC,0.038462
shared_auditor,SPT,TTAN,0.038462
shared_auditor,SPT,WEAV,0.038462
shared_auditor,SSNC,TDC,0.038462
shared_auditor,SSNC,TTAN,0.038462
shared_auditor,SSNC,WEAV,0.038462
shared_auditor,SSTI,SVCO,1.0
shared_auditor,TDC,TTAN,0.038462
shared_auditor,TDC,WEAV,0.038462
shared_auditor,TEAM,TENB,0.034483
shared_auditor,TEAM,TTWO,0.034483
shared_auditor,TEAM,TYL,0.034483
shared_auditor,TEAM,U,0.034483
shared_auditor,TEAM,UPLD,0.034483
shared_auditor,TEAM,WK,0.034483
shared_auditor,TEAM,XYZ,0.034483
shared_auditor,TEAM,YOU,0.034483
shared_auditor,TENB,TTWO,0.034483
shared_auditor,TENB,TYL,0.034483
shared_auditor,TENB,U,0.034483
shared_auditor,TENB,UPLD,0.034483
shared_auditor,TENB,WK,0.034483
shared_auditor,TENB,XYZ,0.034483
shared_auditor,TENB,YOU,0.034483
shared_auditor,TTAN,WEAV,0.038462
shared_auditor,TTWO,TYL,0.034483
shared_auditor,TTWO,U,0.034483
shared_auditor,TTWO,UPLD,0.034483
shared_auditor,TTWO,WK,0.034483
shared_auditor,TTWO,XYZ,0.034483
shared_auditor,TTWO,YOU,0.034483
shared_auditor,TWLO,VEEV,0.047619
shared_auditor,TYL,U,0.034483
shared_auditor,TYL,UPLD,0.034483
shared_auditor,TYL,WK,0.034483
shared_auditor,TYL,XYZ,0.034483
shared_auditor,TYL,YOU,0.034483
shared_auditor,U,UPLD,0.034483
shared_auditor,U,WK,0.034483
shared_auditor,U,XYZ,0.034483
shared_auditor,U,YOU,0.034483
shared_auditor,UPLD,WK,0.034483
shared_auditor,UPLD,XYZ,0.034483
shared_auditor,UPLD,YOU,0.034483
shared_auditor,VIA,XPER,0.038462
shared_auditor,VIA,ZETA,0.038462
shared_auditor,WK,XYZ,0.034483
shared_auditor,WK,YOU,0.034483
shared_auditor,XPER,ZETA,0.038462
shared_auditor,XYZ,YOU,0.034483
shared_agency,COUR,CRM,1.0
shared_agency,COUR,CXM,0.5
shared_agency,COUR,DT,1.0
shared_agency,COUR,FIG,1.0
shared_agency,COUR,UPLD,0.5
shared_agency,CXM,UPLD,0.5
shared_agency,FIG,PD,1.0
common_ownership_13f,ACIW,AVPT,0.0071
common_ownership_13f,ACIW,BILL,0.035
common_ownership_13f,ACIW,BLKB,0.0061
common_ownership_13f,ACIW,CDNS,0.0431
common_ownership_13f,ACIW,DOCU,0.0112
common_ownership_13f,ACIW,DT,0.035
common_ownership_13f,ACIW,FROG,0.0253
common_ownership_13f,ACIW,FRSH,0.0181
common_ownership_13f,ACIW,INSE,0.0137
common_ownership_13f,ACIW,INTU,0.0163
common_ownership_13f,ACIW,LAW,0.0076
common_ownership_13f,ACIW,MANH,0.0309
common_ownership_13f,ACIW,MDB,0.032
common_ownership_13f,ACIW,PRGS,0.0557
common_ownership_13f,ACIW,QTWO,0.0112
common_ownership_13f,ACIW,RBRK,0.0088
common_ownership_13f,ACIW,SNOW,0.0062
common_ownership_13f,ACIW,SNPS,0.013
common_ownership_13f,ACIW,TDC,0.0473
common_ownership_13f,ACIW,TTWO,0.0103
common_ownership_13f,ACIW,TYL,0.0484
common_ownership_13f,ACIW,UPLD,0.012
common_ownership_13f,ACIW,VEEV,0.0664
common_ownership_13f,ACIW,VRNS,0.0596
common_ownership_13f,ACIW,XYZ,0.058
common_ownership_13f,ADSK,BILL,0.0106
common_ownership_13f,ADSK,BOX,0.0152
common_ownership_13f,ADSK,BSY,0.0561
common_ownership_13f,ADSK,CDNS,0.0837
common_ownership_13f,ADSK,COUR,0.0202
common_ownership_13f,ADSK,DT,0.0417
common_ownership_13f,ADSK,GEN,0.0159
common_ownership_13f,ADSK,INTU,0.0734
common_ownership_13f,ADSK,NTNX,0.0142
common_ownership_13f,ADSK,PRGS,0.0063
common_ownership_13f,ADSK,RPD,0.0511
common_ownership_13f,ADSK,TTWO,0.0257
common_ownership_13f,ADSK,TYL,0.0155
common_ownership_13f,ADSK,VEEV,0.0234
common_ownership_13f,ADSK,VRNS,0.0425
common_ownership_13f,ADSK,YOU,0.0405
common_ownership_13f,AEYE,ASAN,0.0088
common_ownership_13f,AEYE,BLZE,0.0267
common_ownership_13f,AEYE,CCLD,0.1643
common_ownership_13f,AEYE,EXFY,0.0129
common_ownership_13f,AEYE,FROG,0.0558
common_ownership_13f,AEYE,GDYN,0.1041
common_ownership_13f,AEYE,INSE,0.1666
common_ownership_13f,AEYE,MKTW,0.0762
common_ownership_13f,AEYE,NCNO,0.0427
common_ownership_13f,AEYE,PDFS,0.2159
common_ownership_13f,AEYE,PRCH,0.0845
common_ownership_13f,AEYE,RBLX,0.0123
common_ownership_13f,AEYE,SSTI,0.0462
common_ownership_13f,AEYE,WEAV,0.0734
common_ownership_13f,AEYE,ZETA,0.1575
common_ownership_13f,AI,APPN,0.1116
common_ownership_13f,AI,ASAN,0.1541
common_ownership_13f,AI,BBAI,0.0068
common_ownership_13f,AI,BILL,0.0512
common_ownership_13f,AI,BLZE,0.0073
common_ownership_13f,AI,CDNS,0.0083
common_ownership_13f,AI,DDD,0.0889
common_ownership_13f,AI,DOCU,0.0371
common_ownership_13f,AI,DT,0.0952
common_ownership_13f,AI,ESTC,0.0089
common_ownership_13f,AI,FNGR,0.0499
common_ownership_13f,AI,FSLY,0.0499
common_ownership_13f,AI,HUBS,0.0925
common_ownership_13f,AI,INTU,0.0194
common_ownership_13f,AI,MANH,0.1026
common_ownership_13f,AI,MBLY,0.007
common_ownership_13f,AI,MDB,0.0485
common_ownership_13f,AI,NTNX,0.1341
common_ownership_13f,AI,OKTA,0.1078
common_ownership_13f,AI,PARA,0.0307
common_ownership_13f,AI,PDYN,0.0152
common_ownership_13f,AI,PRGS,0.156
common_ownership_13f,AI,QUBT,0.0123
common_ownership_13f,AI,RBLX,0.0516
common_ownership_13f,AI,RCAT,0.0681
common_ownership_13f,AI,SHOP,0.0129
common_ownership_13f,AI,SNOW,0.0493
common_ownership_13f,AI,SOUN,0.1541
common_ownership_13f,AI,TDC,0.151
common_ownership_13f,AI,TTWO,0.0086
common_ownership_13f,AI,VEEV,0.1185
common_ownership_13f,AI,VRNS,0.101
common_ownership_13f,AI,WK,0.0673
common_ownership_13f,AI,XYZ,0.1425
common_ownership_13f,AI,YOU,0.0425
common_ownership_13f,AISP,AWRE,0.0091
common_ownership_13f,AISP,BLZE,0.0085
common_ownership_13f,AISP,CCLD,0.0179
common_ownership_13f,AISP,CRNC,0.0993
common_ownership_13f,AISP,CXAI,0.0566
common_ownership_13f,AISP,IVDA,0.0774
common_ownership_13f,AISP,MDB,0.0088
common_ownership_13f,AISP,NTWK,0.0086
common_ownership_13f,AISP,PARA,0.0313
common_ownership_13f,AISP,PDYN,0.0229
common_ownership_13f,AISP,RPD,0.0354
common_ownership_13f,AISP,UPLD,0.0342
common_ownership_13f,AISP,VWAV,0.0618
common_ownership_13f,AISP,XPER,0.0093
common_ownership_13f,AISP,XYZ,0.007
common_ownership_13f,AISP,ZDGE,0.0059
common_ownership_13f,ALKT,CDNS,0.0145
common_ownership_13f,ALKT,DUOL,0.0315
common_ownership_13f,ALKT,TTWO,0.0204
common_ownership_13f,ALKT,YOU,0.1252
common_ownership_13f,ALRM,APPF,0.2209
common_ownership_13f,ALRM,BAND,0.0288
common_ownership_13f,ALRM,BBAI,0.01
common_ownership_13f,ALRM,BILL,0.0062
common_ownership_13f,ALRM,BL,0.0126
common_ownership_13f,ALRM,CERT,0.0248
common_ownership_13f,ALRM,CRNC,0.031
common_ownership_13f,ALRM,CXAI,0.0186
common_ownership_13f,ALRM,DDD,0.0173
common_ownership_13f,ALRM,DT,0.0152
common_ownership_13f,ALRM,EGAN,0.0641
common_ownership_13f,ALRM,FROG,0.0073
common_ownership_13f,ALRM,FSLY,0.0463
common_ownership_13f,ALRM,GDYN,0.0328
common_ownership_13f,ALRM,IIIV,0.0412
common_ownership_13f,ALRM,INTU,0.0214
common_ownership_13f,ALRM,MANH,0.1352
common_ownership_13f,ALRM,MQ,0.0068
common_ownership_13f,ALRM,NCNO,0.011
common_ownership_13f,ALRM,PDFS,0.0271
common_ownership_13f,ALRM,PRCH,0.0105
common_ownership_13f,ALRM,PRGS,0.0527
common_ownership_13f,ALRM,QTWO,0.0677
common_ownership_13f,ALRM,RPD,0.0437
common_ownership_13f,ALRM,SNPS,0.011
common_ownership_13f,ALRM,SSTI,0.0438
common_ownership_13f,ALRM,TTWO,0.0077
common_ownership_13f,ALRM,TYL,0.1327
common_ownership_13f,ALRM,UPLD,0.0075
common_ownership_13f,ALRM,VEEV,0.0813
common_ownership_13f,ALRM,VRNS,0.0675
common_ownership_13f,ALRM,XYZ,0.0093
common_ownership_13f,ALRM,YOU,0.0065
common_ownership_13f,AMPL,APPN,0.0134
common_ownership_13f,AMPL,ASAN,0.0148
common_ownership_13f,AMPL,BRZE,0.1283
common_ownership_13f,AMPL,CXM,0.1712
common_ownership_13f,AMPL,ESTC,0.0226
common_ownership_13f,AMPL,FROG,0.0099
common_ownership_13f,AMPL,FRSH,0.0101
common_ownership_13f,AMPL,MDB,0.0187
common_ownership_13f,AMPL,MQ,0.0452
common_ownership_13f,AMPL,RBRK,0.0155
common_ownership_13f,AMPL,SNOW,0.054
common_ownership_13f,AMPL,SPT,0.0186
common_ownership_13f,AMPL,VEEV,0.0167
common_ownership_13f,AMPL,VIA,0.0112
common_ownership_13f,AMPL,XPER,0.0219
common_ownership_13f,AMST,CXAI,0.0885
common_ownership_13f,AMST,MYSZ,0.021
common_ownership_13f,AMST,PARA,0.0114
common_ownership_13f,AMST,PDYN,0.0062
common_ownership_13f,APPF,MANH,0.0704
common_ownership_13f,APPF,MYPS,0.0179
common_ownership_13f,APPF,QTWO,0.0623
common_ownership_13f,APPF,SSTI,0.007
common_ownership_13f,APPF,TYL,0.0548
common_ownership_13f,APPF,VEEV,0.0253
common_ownership_13f,APPN,ASAN,0.1576
common_ownership_13f,APPN,BILL,0.0502
common_ownership_13f,APPN,BLZE,0.0084
common_ownership_13f,APPN,COUR,0.0118
common_ownership_13f,APPN,DDD,0.0766
common_ownership_13f,APPN,DT,0.0585
common_ownership_13f,APPN,EGAN,0.007
common_ownership_13f,APPN,ESTC,0.013
common_ownership_13f,APPN,EXFY,0.0066
common_ownership_13f,APPN,FROG,0.0171
common_ownership_13f,APPN,FSLY,0.0425
common_ownership_13f,APPN,HUBS,0.081
common_ownership_13f,APPN,MANH,0.0475
common_ownership_13f,APPN,MBLY,0.0104
common_ownership_13f,APPN,MDB,0.009
common_ownership_13f,APPN,MQ,0.0165
common_ownership_13f,APPN,NCNO,0.0112
common_ownership_13f,APPN,NTNX,0.0876
common_ownership_13f,APPN,PRGS,0.0976
common_ownership_13f,APPN,RBLX,0.0203
common_ownership_13f,APPN,SHOP,0.0117
common_ownership_13f,APPN,SOUN,0.0099
common_ownership_13f,APPN,TDC,0.0961
common_ownership_13f,APPN,TTWO,0.0074
common_ownership_13f,APPN,VEEV,0.083
common_ownership_13f,APPN,VRNS,0.0682
common_ownership_13f,APPN,WK,0.0613
common_ownership_13f,APPN,XYZ,0.0654
common_ownership_13f,APPN,ZDGE,0.0082
common_ownership_13f,ASAN,BAND,0.0469
common_ownership_13f,ASAN,BB,0.0649
common_ownership_13f,ASAN,BILL,0.0325
common_ownership_13f,ASAN,BLZE,0.0283
common_ownership_13f,ASAN,BOX,0.0592
common_ownership_13f,ASAN,BRZE,0.0144
common_ownership_13f,ASAN,BSY,0.037
common_ownership_13f,ASAN,CDNS,0.0528
common_ownership_13f,ASAN,COUR,0.0128
common_ownership_13f,ASAN,DBX,0.0107
common_ownership_13f,ASAN,DDD,0.1374
common_ownership_13f,ASAN,DOCU,0.0622
common_ownership_13f,ASAN,DT,0.128
common_ownership_13f,ASAN,DUOL,0.0071
common_ownership_13f,ASAN,EGAN,0.016
common_ownership_13f,ASAN,ESTC,0.0163
common_ownership_13f,ASAN,EXFY,0.0064
common_ownership_13f,ASAN,FROG,0.0241
common_ownership_13f,ASAN,FRSH,0.056
common_ownership_13f,ASAN,FSLY,0.1332
common_ownership_13f,ASAN,HUBS,0.1164
common_ownership_13f,ASAN,KLTR,0.0092
common_ownership_13f,ASAN,MANH,0.0794
common_ownership_13f,ASAN,MBLY,0.0087
common_ownership_13f,ASAN,MDB,0.0387
common_ownership_13f,ASAN,MQ,0.0861
common_ownership_13f,ASAN,MYPS,0.009
common_ownership_13f,ASAN,NTNX,0.1846
common_ownership_13f,ASAN,OKTA,0.086
common_ownership_13f,ASAN,PRGS,0.1166
common_ownership_13f,ASAN,RBLX,0.0227
common_ownership_13f,ASAN,RBRK,0.0394
common_ownership_13f,ASAN,RCAT,0.0064
common_ownership_13f,ASAN,RPD,0.0999
common_ownership_13f,ASAN,S,0.0061
common_ownership_13f,ASAN,SAIL,0.0973
common_ownership_13f,ASAN,SNOW,0.0169
common_ownership_13f,ASAN,SOUN,0.0372
common_ownership_13f,ASAN,SPT,0.0142
common_ownership_13f,ASAN,SSTI,0.0147
common_ownership_13f,ASAN,TDC,0.1634
common_ownership_13f,ASAN,TENB,0.0333
common_ownership_13f,ASAN,TTWO,0.0221
common_ownership_13f,ASAN,VEEV,0.1694
common_ownership_13f,ASAN,VRNS,0.1596
common_ownership_13f,ASAN,WEAV,0.0109
common_ownership_13f,ASAN,WK,0.1239
common_ownership_13f,ASAN,XPER,0.0119
common_ownership_13f,ASAN,XYZ,0.114
common_ownership_13f,ASAN,YOU,0.0148
common_ownership_13f,ASAN,ZDGE,0.0195
common_ownership_13f,AVPT,BAND,0.055
common_ownership_13f,AVPT,BILL,0.0099
common_ownership_13f,AVPT,CXM,0.0215
common_ownership_13f,AVPT,INSE,0.0576
common_ownership_13f,AVPT,MDB,0.0191
common_ownership_13f,AVPT,SPT,0.0124
common_ownership_13f,AVPT,SSTI,0.0102
common_ownership_13f,AVPT,TYL,0.0081
common_ownership_13f,AVPT,VEEV,0.0196
common_ownership_13f,AVPT,VRNS,0.0122
common_ownership_13f,AVPT,XPER,0.014
common_ownership_13f,AVPT,XYZ,0.0089
common_ownership_13f,AVPT,YOU,0.0137
common_ownership_13f,AWRE,CCLD,0.0062
common_ownership_13f,AWRE,INSE,0.0226
common_ownership_13f,AWRE,NTWK,0.0181
common_ownership_13f,BAND,BILL,0.0116
common_ownership_13f,BAND,BOX,0.022
common_ownership_13f,BAND,CCLD,0.064
common_ownership_13f,BAND,CRNC,0.1202
common_ownership_13f,BAND,DBX,0.0196
common_ownership_13f,BAND,DDD,0.1399
common_ownership_13f,BAND,DT,0.0116
common_ownership_13f,BAND,EXFY,0.0224
common_ownership_13f,BAND,FRSH,0.0121
common_ownership_13f,BAND,FSLY,0.0847
common_ownership_13f,BAND,IIIV,0.0085
common_ownership_13f,BAND,MDB,0.0122
common_ownership_13f,BAND,MQ,0.0237
common_ownership_13f,BAND,MYPS,0.0414
common_ownership_13f,BAND,NTNX,0.0236
common_ownership_13f,BAND,PRCH,0.0897
common_ownership_13f,BAND,PRGS,0.0243
common_ownership_13f,BAND,PXLW,0.0701
common_ownership_13f,BAND,QTWO,0.0139
common_ownership_13f,BAND,RPD,0.0599
common_ownership_13f,BAND,S,0.0937
common_ownership_13f,BAND,SAIL,0.0166
common_ownership_13f,BAND,TTWO,0.0166
common_ownership_13f,BAND,VEEV,0.0192
common_ownership_13f,BAND,VRNS,0.0427
common_ownership_13f,BAND,XPER,0.0132
common_ownership_13f,BAND,XYZ,0.0167
common_ownership_13f,BAND,YOU,0.0072
common_ownership_13f,BB,DDD,0.0681
common_ownership_13f,BB,DT,0.0371
common_ownership_13f,BB,INTU,0.0142
common_ownership_13f,BB,NTNX,0.0567
common_ownership_13f,BB,TDC,0.0647
common_ownership_13f,BB,TTWO,0.0136
common_ownership_13f,BB,VEEV,0.0607
common_ownership_13f,BB,VRNS,0.0301
common_ownership_13f,BB,WK,0.0315
common_ownership_13f,BB,ZDGE,0.0435
common_ownership_13f,BBAI,CXAI,0.0342
common_ownership_13f,BBAI,IVDA,0.0133
common_ownership_13f,BBAI,MKTW,0.019
common_ownership_13f,BBAI,SOUN,0.0144
common_ownership_13f,BILL,BL,0.0149
common_ownership_13f,BILL,BSY,0.1106
common_ownership_13f,BILL,CCLD,0.0156
common_ownership_13f,BILL,CDNS,0.0198
common_ownership_13f,BILL,COUR,0.0107
common_ownership_13f,BILL,CRNC,0.0208
common_ownership_13f,BILL,DBX,0.0271
common_ownership_13f,BILL,DDD,0.0483
common_ownership_13f,BILL,DOCU,0.0378
common_ownership_13f,BILL,DT,0.0324
common_ownership_13f,BILL,FROG,0.0106
common_ownership_13f,BILL,FRSH,0.0487
common_ownership_13f,BILL,FSLY,0.039
common_ownership_13f,BILL,GEN,0.0461
common_ownership_13f,BILL,HUBS,0.0741
common_ownership_13f,BILL,INTA,0.1375
common_ownership_13f,BILL,INTU,0.0317
common_ownership_13f,BILL,LAW,0.0288
common_ownership_13f,BILL,MANH,0.0442
common_ownership_13f,BILL,MDB,0.0238
common_ownership_13f,BILL,MQ,0.0113
common_ownership_13f,BILL,NTNX,0.0316
common_ownership_13f,BILL,OKTA,0.0516
common_ownership_13f,BILL,PRGS,0.0491
common_ownership_13f,BILL,QTWO,0.0135
common_ownership_13f,BILL,RBLX,0.1299
common_ownership_13f,BILL,RCAT,0.0193
common_ownership_13f,BILL,RPD,0.0257
common_ownership_13f,BILL,SAIL,0.0235
common_ownership_13f,BILL,SNOW,0.0272
common_ownership_13f,BILL,SNPS,0.0621
common_ownership_13f,BILL,TTWO,0.1472
common_ownership_13f,BILL,TYL,0.1158
common_ownership_13f,BILL,VEEV,0.1644
common_ownership_13f,BILL,VRNS,0.0301
common_ownership_13f,BILL,WEAV,0.0135
common_ownership_13f,BILL,XYZ,0.0816
common_ownership_13f,BILL,YOU,0.0145
common_ownership_13f,BKYI,GXAI,0.0999
common_ownership_13f,BKYI,IDAI,0.1592
common_ownership_13f,BKYI,IVDA,0.0588
common_ownership_13f,BKYI,MYSZ,0.1111
common_ownership_13f,BL,BSY,0.0112
common_ownership_13f,BL,CXM,0.0089
common_ownership_13f,BL,PCOR,0.0167
common_ownership_13f,BL,QTWO,0.022
common_ownership_13f,BL,TYL,0.0386
common_ownership_13f,BLIN,INLX,0.2767
common_ownership_13f,BLIN,WFCF,0.1639
common_ownership_13f,BLKB,TYL,0.0071
common_ownership_13f,BLZE,DUOL,0.0072
common_ownership_13f,BLZE,EXFY,0.0265
common_ownership_13f,BLZE,PDFS,0.0126
common_ownership_13f,BLZE,QUBT,0.0129
common_ownership_13f,BLZE,RCAT,0.096
common_ownership_13f,BLZE,SSTI,0.0364
common_ownership_13f,BLZE,SVCO,0.0382
common_ownership_13f,BLZE,UPLD,0.0336
common_ownership_13f,BLZE,WEAV,0.0185
common_ownership_13f,BOX,CDNS,0.0478
common_ownership_13f,BOX,DDD,0.0526
common_ownership_13f,BOX,FSLY,0.0507
common_ownership_13f,BOX,INTU,0.0432
common_ownership_13f,BOX,NTNX,0.0609
common_ownership_13f,BOX,RPD,0.0578
common_ownership_13f,BOX,SAIL,0.057
common_ownership_13f,BOX,TDC,0.0456
common_ownership_13f,BOX,TTWO,0.0225
common_ownership_13f,BOX,VEEV,0.05
common_ownership_13f,BOX,VRNS,0.0656
common_ownership_13f,BRZE,CXM,0.2637
common_ownership_13f,BRZE,ESTC,0.0204
common_ownership_13f,BRZE,FROG,0.0393
common_ownership_13f,BRZE,FRSH,0.0086
common_ownership_13f,BRZE,GTLB,0.018
common_ownership_13f,BRZE,KLTR,0.1105
common_ownership_13f,BRZE,MDB,0.0187
common_ownership_13f,BRZE,PCOR,0.044
common_ownership_13f,BRZE,RBRK,0.0091
common_ownership_13f,BRZE,SNOW,0.0092
common_ownership_13f,BRZE,SPT,0.0378
common_ownership_13f,BRZE,TENB,0.016
common_ownership_13f,BRZE,TTAN,0.0243
common_ownership_13f,BRZE,VEEV,0.0231
common_ownership_13f,BRZE,VRNS,0.0362
common_ownership_13f,BSY,CDNS,0.2461
common_ownership_13f,BSY,CERT,0.007
common_ownership_13f,BSY,DBX,0.0207
common_ownership_13f,BSY,DDD,0.0196
common_ownership_13f,BSY,DOCU,0.0988
common_ownership_13f,BSY,DT,0.1566
common_ownership_13f,BSY,DUOL,0.0126
common_ownership_13f,BSY,ESTC,0.0166
common_ownership_13f,BSY,FSLY,0.0338
common_ownership_13f,BSY,HUBS,0.0917
common_ownership_13f,BSY,INTU,0.1124
common_ownership_13f,BSY,MANH,0.2299
common_ownership_13f,BSY,MDB,0.0234
common_ownership_13f,BSY,MYPS,0.0104
common_ownership_13f,BSY,NCNO,0.0797
common_ownership_13f,BSY,OKTA,0.105
common_ownership_13f,BSY,PRGS,0.0442
common_ownership_13f,BSY,RBLX,0.0426
common_ownership_13f,BSY,RPD,0.2108
common_ownership_13f,BSY,SAIL,0.0927
common_ownership_13f,BSY,SNOW,0.0191
common_ownership_13f,BSY,SNPS,0.045
common_ownership_13f,BSY,TTWO,0.0593
common_ownership_13f,BSY,TYL,0.081
common_ownership_13f,BSY,VEEV,0.1565
common_ownership_13f,BSY,VRNS,0.1721
common_ownership_13f,BSY,WK,0.1171
common_ownership_13f,BSY,XYZ,0.025
common_ownership_13f,BSY,YOU,0.0337
common_ownership_13f,CCC,DH,0.3229
common_ownership_13f,CCLD,EXFY,0.0142
common_ownership_13f,CCLD,FRSH,0.0071
common_ownership_13f,CCLD,GDYN,0.1029
common_ownership_13f,CCLD,INSE,0.1047
common_ownership_13f,CCLD,LAW,0.0127
common_ownership_13f,CCLD,MYPS,0.0245
common_ownership_13f,CCLD,NTWK,0.2265
common_ownership_13f,CCLD,PDFS,0.1607
common_ownership_13f,CCLD,PDYN,0.0305
common_ownership_13f,CCLD,PRCH,0.0836
common_ownership_13f,CCLD,PXLW,0.0592
common_ownership_13f,CCLD,RBLX,0.0125
common_ownership_13f,CCLD,SNAL,0.0198
common_ownership_13f,CCLD,TYL,0.01
common_ownership_13f,CCLD,UPLD,0.0103
common_ownership_13f,CCLD,VEEV,0.0115
common_ownership_13f,CCLD,ZDGE,0.124
common_ownership_13f,CCLD,ZETA,0.1557
common_ownership_13f,CDNS,CERT,0.0146
common_ownership_13f,CDNS,DDD,0.0121
common_ownership_13f,CDNS,DOCU,0.1444
common_ownership_13f,CDNS,DT,0.2166
common_ownership_13f,CDNS,ESTC,0.0248
common_ownership_13f,CDNS,FSLY,0.0103
common_ownership_13f,CDNS,GDYN,0.0142
common_ownership_13f,CDNS,GEN,0.0242
common_ownership_13f,CDNS,HUBS,0.094
common_ownership_13f,CDNS,INSE,0.0099
common_ownership_13f,CDNS,INTA,0.021
common_ownership_13f,CDNS,INTU,0.182
common_ownership_13f,CDNS,LAW,0.0112
common_ownership_13f,CDNS,MANH,0.092
common_ownership_13f,CDNS,MBLY,0.0182
common_ownership_13f,CDNS,MDB,0.0458
common_ownership_13f,CDNS,MQ,0.0097
common_ownership_13f,CDNS,NTNX,0.0286
common_ownership_13f,CDNS,OKTA,0.1176
common_ownership_13f,CDNS,PRGS,0.0381
common_ownership_13f,CDNS,RBLX,0.0093
common_ownership_13f,CDNS,RBRK,0.0082
common_ownership_13f,CDNS,RPD,0.2382
common_ownership_13f,CDNS,S,0.0202
common_ownership_13f,CDNS,SAIL,0.1263
common_ownership_13f,CDNS,SNOW,0.1138
common_ownership_13f,CDNS,SNPS,0.0847
common_ownership_13f,CDNS,SPT,0.0444
common_ownership_13f,CDNS,TDC,0.0252
common_ownership_13f,CDNS,TENB,0.0163
common_ownership_13f,CDNS,TTWO,0.1134
common_ownership_13f,CDNS,TYL,0.1409
common_ownership_13f,CDNS,VEEV,0.1917
common_ownership_13f,CDNS,VRNS,0.2053
common_ownership_13f,CDNS,WK,0.1375
common_ownership_13f,CDNS,XYZ,0.0596
common_ownership_13f,CDNS,YOU,0.0794
common_ownership_13f,CERT,DT,0.0099
common_ownership_13f,CERT,DUOL,0.0246
common_ownership_13f,CERT,FROG,0.0161
common_ownership_13f,CERT,IIIV,0.0202
common_ownership_13f,CERT,INTU,0.0075
common_ownership_13f,CERT,NCNO,0.0114
common_ownership_13f,CERT,PDFS,0.0261
common_ownership_13f,CERT,SNPS,0.0065
common_ownership_13f,CERT,VEEV,0.0137
common_ownership_13f,CERT,VRNS,0.0185
common_ownership_13f,CERT,WEAV,0.014
common_ownership_13f,CERT,YOU,0.0094
common_ownership_13f,CMRC,SVCO,0.0251
common_ownership_13f,COUR,DUOL,0.1122
common_ownership_13f,COUR,ESTC,0.0555
common_ownership_13f,COUR,FROG,0.0295
common_ownership_13f,COUR,LAW,0.0246
common_ownership_13f,COUR,MBLY,0.1236
common_ownership_13f,COUR,RBLX,0.0959
common_ownership_13f,COUR,SNOW,0.0376
common_ownership_13f,COUR,SPT,0.0311
common_ownership_13f,COUR,TTWO,0.0176
common_ownership_13f,COUR,VEEV,0.0131
common_ownership_13f,COUR,XYZ,0.0528
common_ownership_13f,CRNC,CXAI,0.0146
common_ownership_13f,CRNC,DBX,0.0338
common_ownership_13f,CRNC,DDD,0.0786
common_ownership_13f,CRNC,FSLY,0.0518
common_ownership_13f,CRNC,MANH,0.0233
common_ownership_13f,CRNC,PARA,0.0228
common_ownership_13f,CRNC,PRCH,0.0343
common_ownership_13f,CRNC,PRGS,0.0445
common_ownership_13f,CRNC,RPD,0.1414
common_ownership_13f,CRNC,SAIL,0.0136
common_ownership_13f,CRNC,VRNS,0.0568
common_ownership_13f,CRNC,XYZ,0.0092
common_ownership_13f,CXAI,DDD,0.0119
common_ownership_13f,CXAI,FSLY,0.0533
common_ownership_13f,CXAI,IVDA,0.02
common_ownership_13f,CXAI,MYSZ,0.035
common_ownership_13f,CXAI,PARA,0.0581
common_ownership_13f,CXAI,PDYN,0.0535
common_ownership_13f,CXAI,PRGS,0.0117
common_ownership_13f,CXAI,RPD,0.0112
common_ownership_13f,CXAI,UPLD,0.0184
common_ownership_13f,CXAI,VWAV,0.022
common_ownership_13f,CXM,FROG,0.0202
common_ownership_13f,CXM,PCOR,0.0611
common_ownership_13f,CXM,PRGS,0.0109
common_ownership_13f,CXM,TTAN,0.014
common_ownership_13f,CXM,VRNS,0.0447
common_ownership_13f,DBX,DDD,0.0092
common_ownership_13f,DBX,INTU,0.0107
common_ownership_13f,DBX,TTWO,0.0297
common_ownership_13f,DBX,VEEV,0.0336
common_ownership_13f,DBX,VRNS,0.0165
common_ownership_13f,DDD,DOCU,0.0289
common_ownership_13f,DDD,DT,0.0795
common_ownership_13f,DDD,FSLY,0.1358
common_ownership_13f,DDD,HUBS,0.0758
common_ownership_13f,DDD,INTU,0.0234
common_ownership_13f,DDD,MANH,0.0572
common_ownership_13f,DDD,NTNX,0.1325
common_ownership_13f,DDD,OKTA,0.0602
common_ownership_13f,DDD,PRCH,0.1189
common_ownership_13f,DDD,PRGS,0.0997
common_ownership_13f,DDD,RBLX,0.0328
common_ownership_13f,DDD,RPD,0.0656
common_ownership_13f,DDD,SAIL,0.0554
common_ownership_13f,DDD,TDC,0.1366
common_ownership_13f,DDD,TTWO,0.0404
common_ownership_13f,DDD,VEEV,0.1335
common_ownership_13f,DDD,VRNS,0.097
common_ownership_13f,DDD,WK,0.0788
common_ownership_13f,DDD,XYZ,0.1144
common_ownership_13f,DH,DT,0.0116
common_ownership_13f,DOCU,DT,0.1181
common_ownership_13f,DOCU,ESTC,0.0064
common_ownership_13f,DOCU,FRSH,0.011
common_ownership_13f,DOCU,FSLY,0.0223
common_ownership_13f,DOCU,GTLB,0.0076
common_ownership_13f,DOCU,HUBS,0.0719
common_ownership_13f,DOCU,INTA,0.0114
common_ownership_13f,DOCU,INTU,0.0693
common_ownership_13f,DOCU,MANH,0.0328
common_ownership_13f,DOCU,MQ,0.0174
common_ownership_13f,DOCU,MYPS,0.0098
common_ownership_13f,DOCU,NCNO,0.0066
common_ownership_13f,DOCU,NTNX,0.0453
common_ownership_13f,DOCU,OKTA,0.103
common_ownership_13f,DOCU,PRGS,0.0168
common_ownership_13f,DOCU,RBRK,0.013
common_ownership_13f,DOCU,RPD,0.106
common_ownership_13f,DOCU,SAIL,0.0974
common_ownership_13f,DOCU,SNOW,0.0276
common_ownership_13f,DOCU,SNPS,0.0678
common_ownership_13f,DOCU,SPT,0.0165
common_ownership_13f,DOCU,TDC,0.0467
common_ownership_13f,DOCU,TENB,0.0097
common_ownership_13f,DOCU,TTWO,0.0602
common_ownership_13f,DOCU,TYL,0.0137
common_ownership_13f,DOCU,VEEV,0.0651
common_ownership_13f,DOCU,VRNS,0.1379
common_ownership_13f,DOCU,WK,0.0927
common_ownership_13f,DOCU,XYZ,0.0761
common_ownership_13f,DOCU,YOU,0.0319
common_ownership_13f,DT,ESTC,0.0137
common_ownership_13f,DT,FROG,0.0195
common_ownership_13f,DT,FSLY,0.0486
common_ownership_13f,DT,HUBS,0.1208
common_ownership_13f,DT,INTA,0.0065
common_ownership_13f,DT,INTU,0.1413
common_ownership_13f,DT,MANH,0.0973
common_ownership_13f,DT,MDB,0.0218
common_ownership_13f,DT,MQ,0.0074
common_ownership_13f,DT,NTNX,0.1097
common_ownership_13f,DT,OKTA,0.134
common_ownership_13f,DT,PDFS,0.0147
common_ownership_13f,DT,PRGS,0.1092
common_ownership_13f,DT,RBLX,0.0283
common_ownership_13f,DT,RBRK,0.0106
common_ownership_13f,DT,RPD,0.2016
common_ownership_13f,DT,S,0.0155
common_ownership_13f,DT,SAIL,0.1229
common_ownership_13f,DT,SNOW,0.0165
common_ownership_13f,DT,SNPS,0.0194
common_ownership_13f,DT,SPT,0.0089
common_ownership_13f,DT,TDC,0.1266
common_ownership_13f,DT,TENB,0.0352
common_ownership_13f,DT,TTWO,0.0232
common_ownership_13f,DT,TYL,0.0282
common_ownership_13f,DT,VEEV,0.1468
common_ownership_13f,DT,VRNS,0.2229
common_ownership_13f,DT,WK,0.1458
common_ownership_13f,DT,XYZ,0.1275
common_ownership_13f,DT,YOU,0.1018
common_ownership_13f,DUOL,EXFY,0.0513
common_ownership_13f,DUOL,FROG,0.0823
common_ownership_13f,DUOL,INTU,0.0317
common_ownership_13f,DUOL,MBLY,0.0984
common_ownership_13f,DUOL,RBLX,0.0638
common_ownership_13f,DUOL,RBRK,0.0115
common_ownership_13f,DUOL,SNOW,0.0399
common_ownership_13f,DUOL,SSTI,0.0148
common_ownership_13f,DUOL,VEEV,0.0339
common_ownership_13f,DUOL,XYZ,0.0289
common_ownership_13f,DUOL,YOU,0.1631
common_ownership_13f,DUOT,GEG,0.0335
common_ownership_13f,DUOT,IDAI,0.0124
common_ownership_13f,DUOT,IDN,0.2135
common_ownership_13f,DUOT,INLX,0.063
common_ownership_13f,DUOT,PXLW,0.0649
common_ownership_13f,DUOT,RCAT,0.0337
common_ownership_13f,DUOT,WFCF,0.0502
common_ownership_13f,EGAN,INSE,0.2029
common_ownership_13f,EGAN,PRGS,0.0281
common_ownership_13f,EGAN,SSTI,0.0225
common_ownership_13f,EGAN,WEAV,0.0114
common_ownership_13f,ESTC,EXFY,0.0292
common_ownership_13f,ESTC,FSLY,0.0223
common_ownership_13f,ESTC,GTLB,0.0108
common_ownership_13f,ESTC,INTA,0.0249
common_ownership_13f,ESTC,KVYO,0.0078
common_ownership_13f,ESTC,MANH,0.0088
common_ownership_13f,ESTC,MBLY,0.0536
common_ownership_13f,ESTC,MDB,0.0559
common_ownership_13f,ESTC,MQ,0.0062
common_ownership_13f,ESTC,MYPS,0.0215
common_ownership_13f,ESTC,NTNX,0.0244
common_ownership_13f,ESTC,RBLX,0.0529
common_ownership_13f,ESTC,SHOP,0.0148
common_ownership_13f,ESTC,SNOW,0.0302
common_ownership_13f,ESTC,SNPS,0.0066
common_ownership_13f,ESTC,SPT,0.0603
common_ownership_13f,ESTC,SVCO,0.0381
common_ownership_13f,ESTC,TENB,0.0335
common_ownership_13f,ESTC,TTWO,0.0413
common_ownership_13f,ESTC,TYL,0.0177
common_ownership_13f,ESTC,VEEV,0.0857
common_ownership_13f,ESTC,VRNS,0.0932
common_ownership_13f,ESTC,XYZ,0.0377
common_ownership_13f,EVCM,NABL,0.1932
common_ownership_13f,EXFY,LAW,0.0125
common_ownership_13f,EXFY,MBLY,0.0431
common_ownership_13f,EXFY,MYPS,0.0185
common_ownership_13f,EXFY,NTWK,0.0443
common_ownership_13f,EXFY,RBLX,0.0267
common_ownership_13f,EXFY,SNOW,0.012
common_ownership_13f,EXFY,UPLD,0.0845
common_ownership_13f,EXFY,YOU,0.01
common_ownership_13f,FNGR,INSE,0.0145
common_ownership_13f,FNGR,PDYN,0.0104
common_ownership_13f,FNGR,PRGS,0.0092
common_ownership_13f,FNGR,RCAT,0.0409
common_ownership_13f,FNGR,SNOW,0.0076
common_ownership_13f,FNGR,UPLD,0.0068
common_ownership_13f,FNGR,ZDGE,0.0251
common_ownership_13f,FROG,GDYN,0.1
common_ownership_13f,FROG,IIIV,0.007
common_ownership_13f,FROG,KLTR,0.0949
common_ownership_13f,FROG,MANH,0.0105
common_ownership_13f,FROG,MDB,0.0168
common_ownership_13f,FROG,NTNX,0.0174
common_ownership_13f,FROG,PDFS,0.101
common_ownership_13f,FROG,RBLX,0.019
common_ownership_13f,FROG,RDVT,0.01
common_ownership_13f,FROG,RPD,0.0092
common_ownership_13f,FROG,S,0.0689
common_ownership_13f,FROG,SNOW,0.0111
common_ownership_13f,FROG,TYL,0.0125
common_ownership_13f,FROG,VEEV,0.0333
common_ownership_13f,FROG,VRNS,0.0206
common_ownership_13f,FROG,WEAV,0.0208
common_ownership_13f,FROG,XYZ,0.0265
common_ownership_13f,FRSH,GEN,0.0311
common_ownership_13f,FRSH,GTLB,0.0335
common_ownership_13f,FRSH,INTU,0.0119
common_ownership_13f,FRSH,LAW,0.0419
common_ownership_13f,FRSH,MDB,0.0094
common_ownership_13f,FRSH,MQ,0.0232
common_ownership_13f,FRSH,MYPS,0.0178
common_ownership_13f,FRSH,NTNX,0.0157
common_ownership_13f,FRSH,NTWK,0.0234
common_ownership_13f,FRSH,OKTA,0.0075
common_ownership_13f,FRSH,PRGS,0.0087
common_ownership_13f,FRSH,QTWO,0.0158
common_ownership_13f,FRSH,RBLX,0.0512
common_ownership_13f,FRSH,SNOW,0.0235
common_ownership_13f,FRSH,TYL,0.0377
common_ownership_13f,FRSH,VEEV,0.0841
common_ownership_13f,FRSH,VRNS,0.0192
common_ownership_13f,FRSH,WEAV,0.0114
common_ownership_13f,FRSH,XPER,0.0066
common_ownership_13f,FRSH,XYZ,0.0112
common_ownership_13f,FSLY,MDB,0.0216
common_ownership_13f,FSLY,NTNX,0.0896
common_ownership_13f,FSLY,PRCH,0.0136
common_ownership_13f,FSLY,PRGS,0.0629
common_ownership_13f,FSLY,RBRK,0.0207
common_ownership_13f,FSLY,RPD,0.1376
common_ownership_13f,FSLY,SAIL,0.0486
common_ownership_13f,FSLY,SNOW,0.0085
common_ownership_13f,FSLY,SOUN,0.0142
common_ownership_13f,FSLY,SVCO,0.0122
common_ownership_13f,FSLY,TDC,0.0759
common_ownership_13f,FSLY,TENB,0.0162
common_ownership_13f,FSLY,TTWO,0.018
common_ownership_13f,FSLY,VEEV,0.0667
common_ownership_13f,FSLY,VRNS,0.1233
common_ownership_13f,FSLY,WK,0.0509
common_ownership_13f,FSLY,XYZ,0.1004
common_ownership_13f,GDYN,IIIV,0.036
common_ownership_13f,GDYN,LAW,0.0176
common_ownership_13f,GDYN,MSGM,0.0437
common_ownership_13f,GDYN,PDFS,0.1591
common_ownership_13f,GDYN,PRCH,0.1101
common_ownership_13f,GDYN,QTWO,0.0331
common_ownership_13f,GDYN,RBLX,0.0078
common_ownership_13f,GDYN,RDVT,0.0235
common_ownership_13f,GDYN,RPD,0.0195
common_ownership_13f,GDYN,SSTI,0.0097
common_ownership_13f,GDYN,VEEV,0.0114
common_ownership_13f,GDYN,VRNS,0.0086
common_ownership_13f,GDYN,WEAV,0.0233
common_ownership_13f,GDYN,ZETA,0.1202
common_ownership_13f,GEG,MKTW,0.0304
common_ownership_13f,GEN,INTU,0.0301
common_ownership_13f,GEN,LAW,0.0079
common_ownership_13f,GEN,MANH,0.0296
common_ownership_13f,GEN,SNPS,0.0128
common_ownership_13f,GEN,TTWO,0.0497
common_ownership_13f,GEN,TYL,0.0317
common_ownership_13f,GEN,VEEV,0.051
common_ownership_13f,GEN,VRNS,0.0194
common_ownership_13f,GTLB,INTU,0.008
common_ownership_13f,GTLB,NCNO,0.0367
common_ownership_13f,GTLB,NTNX,0.0182
common_ownership_13f,GTLB,RBRK,0.0084
common_ownership_13f,GTLB,TENB,0.0071
common_ownership_13f,GTLB,VEEV,0.0153
common_ownership_13f,GTLB,VRNS,0.0118
common_ownership_13f,GTLB,XYZ,0.0129
common_ownership_13f,GTM,VEEV,0.0088
common_ownership_13f,GXAI,IVDA,0.0614
common_ownership_13f,GXAI,MYSZ,0.1457
common_ownership_13f,GXAI,SMSI,0.013
common_ownership_13f,HUBS,NTNX,0.0777
common_ownership_13f,HUBS,OKTA,0.1301
common_ownership_13f,HUBS,PRGS,0.0922
common_ownership_13f,HUBS,RBLX,0.0534
common_ownership_13f,HUBS,RPD,0.0782
common_ownership_13f,HUBS,SAIL,0.084
common_ownership_13f,HUBS,TDC,0.0914
common_ownership_13f,HUBS,TTWO,0.0168
common_ownership_13f,HUBS,TYL,0.05
common_ownership_13f,HUBS,VEEV,0.0976
common_ownership_13f,HUBS,VRNS,0.1015
common_ownership_13f,HUBS,WK,0.1208
common_ownership_13f,HUBS,XYZ,0.0608
common_ownership_13f,IDAI,INSE,0.0126
common_ownership_13f,IDAI,IVDA,0.1478
common_ownership_13f,IDAI,MYSZ,0.1445
common_ownership_13f,IDAI,PXLW,0.0536
common_ownership_13f,IDAI,XPER,0.0089
common_ownership_13f,IDN,LAW,0.0136
common_ownership_13f,IDN,NTWK,0.0692
common_ownership_13f,IDN,PXLW,0.0555
common_ownership_13f,IDN,SPT,0.0116
common_ownership_13f,IIIV,MSGM,0.021
common_ownership_13f,IIIV,PDFS,0.0523
common_ownership_13f,IIIV,QTWO,0.0258
common_ownership_13f,IIIV,TDC,0.0103
common_ownership_13f,IIIV,UPLD,0.0188
common_ownership_13f,IIIV,VEEV,0.0105
common_ownership_13f,IIIV,VRNS,0.0264
common_ownership_13f,IIIV,WEAV,0.1759
common_ownership_13f,INLX,WFCF,0.2281
common_ownership_13f,INSE,INTU,0.0204
common_ownership_13f,INSE,MKTW,0.0168
common_ownership_13f,INSE,PDFS,0.2205
common_ownership_13f,INSE,PRGS,0.0503
common_ownership_13f,INSE,PXLW,0.0626
common_ownership_13f,INSE,RBLX,0.0089
common_ownership_13f,INSE,RBRK,0.0094
common_ownership_13f,INSE,RPD,0.0433
common_ownership_13f,INSE,TTWO,0.0062
common_ownership_13f,INSE,TYL,0.0246
common_ownership_13f,INSE,VEEV,0.0545
common_ownership_13f,INSE,VRNS,0.1067
common_ownership_13f,INSE,ZETA,0.0978
common_ownership_13f,INTA,MDB,0.0081
common_ownership_13f,INTA,MQ,0.0137
common_ownership_13f,INTA,RBLX,0.0724
common_ownership_13f,INTA,SHOP,0.0113
common_ownership_13f,INTA,SNOW,0.0098
common_ownership_13f,INTA,SNPS,0.0121
common_ownership_13f,INTA,SPT,0.0069
common_ownership_13f,INTA,VEEV,0.0158
common_ownership_13f,INTA,VRNS,0.0131
common_ownership_13f,INTA,XYZ,0.0088
common_ownership_13f,INTU,MANH,0.0441
common_ownership_13f,INTU,MBLY,0.0126
common_ownership_13f,INTU,MDB,0.0321
common_ownership_13f,INTU,MYPS,0.0166
common_ownership_13f,INTU,NET,0.0369
common_ownership_13f,INTU,NTNX,0.0308
common_ownership_13f,INTU,OKTA,0.0508
common_ownership_13f,INTU,PRGS,0.0415
common_ownership_13f,INTU,RBLX,0.0175
common_ownership_13f,INTU,RBRK,0.0117
common_ownership_13f,INTU,RPD,0.104
common_ownership_13f,INTU,SNOW,0.0271
common_ownership_13f,INTU,SNPS,0.1054
common_ownership_13f,INTU,SPT,0.0188
common_ownership_13f,INTU,TTWO,0.0585
common_ownership_13f,INTU,TYL,0.038
common_ownership_13f,INTU,VEEV,0.1286
common_ownership_13f,INTU,VRNS,0.1145
common_ownership_13f,INTU,XPER,0.0287
common_ownership_13f,INTU,XYZ,0.0714
common_ownership_13f,INTU,YOU,0.1089
common_ownership_13f,IVDA,MYSZ,0.1257
common_ownership_13f,IVDA,SMSI,0.0239
common_ownership_13f,IVDA,VWAV,0.0538
common_ownership_13f,KVYO,MDB,0.0103
common_ownership_13f,KVYO,MYPS,0.0133
common_ownership_13f,KVYO,NAVN,0.0069
common_ownership_13f,KVYO,SVCO,0.0166
common_ownership_13f,LAW,MDB,0.01
common_ownership_13f,LAW,NTWK,0.0632
common_ownership_13f,LAW,PCOR,0.0198
common_ownership_13f,LAW,QTWO,0.0091
common_ownership_13f,LAW,SPT,0.016
common_ownership_13f,LAW,TTAN,0.0659
common_ownership_13f,LAW,TYL,0.0145
common_ownership_13f,LAW,VEEV,0.0127
common_ownership_13f,LAW,WEAV,0.2067
common_ownership_13f,MANH,MBLY,0.0093
common_ownership_13f,MANH,MDB,0.0349
common_ownership_13f,MANH,MQ,0.0202
common_ownership_13f,MANH,NCNO,0.0511
common_ownership_13f,MANH,NTNX,0.0939
common_ownership_13f,MANH,OKTA,0.1238
common_ownership_13f,MANH,PDFS,0.0174
common_ownership_13f,MANH,PRGS,0.1232
common_ownership_13f,MANH,QLYS,0.102
common_ownership_13f,MANH,QTWO,0.0285
common_ownership_13f,MANH,RBLX,0.0471
common_ownership_13f,MANH,RPD,0.0418
common_ownership_13f,MANH,SNOW,0.0119
common_ownership_13f,MANH,SNPS,0.0226
common_ownership_13f,MANH,SOUN,0.0136
common_ownership_13f,MANH,TDC,0.1275
common_ownership_13f,MANH,TENB,0.0279
common_ownership_13f,MANH,TTWO,0.0325
common_ownership_13f,MANH,TYL,0.1644
common_ownership_13f,MANH,VEEV,0.1782
common_ownership_13f,MANH,VRNS,0.1343
common_ownership_13f,MANH,XPER,0.0522
common_ownership_13f,MANH,XYZ,0.0816
common_ownership_13f,MANH,YOU,0.0535
common_ownership_13f,MBLY,MDB,0.0234
common_ownership_13f,MBLY,NTNX,0.0076
common_ownership_13f,MBLY,RBLX,0.0757
common_ownership_13f,MBLY,RPD,0.0076
common_ownership_13f,MBLY,SNOW,0.0501
common_ownership_13f,MBLY,SPT,0.0264
common_ownership_13f,MBLY,XYZ,0.0706
common_ownership_13f,MBLY,YOU,0.0217
common_ownership_13f,MDB,MQ,0.0143
common_ownership_13f,MDB,MYPS,0.0226
common_ownership_13f,MDB,NCNO,0.0088
common_ownership_13f,MDB,NTNX,0.0199
common_ownership_13f,MDB,PRGS,0.0257
common_ownership_13f,MDB,RBLX,0.0133
common_ownership_13f,MDB,RBRK,0.0261
common_ownership_13f,MDB,RPD,0.0209
common_ownership_13f,MDB,SNOW,0.0426
common_ownership_13f,MDB,SNPS,0.0226
common_ownership_13f,MDB,SOUN,0.035
common_ownership_13f,MDB,SVCO,0.0175
common_ownership_13f,MDB,TDC,0.0064
common_ownership_13f,MDB,TENB,0.0192
common_ownership_13f,MDB,TTWO,0.0317
common_ownership_13f,MDB,TYL,0.0359
common_ownership_13f,MDB,VEEV,0.0896
common_ownership_13f,MDB,VRNS,0.0521
common_ownership_13f,MDB,XPER,0.0147
common_ownership_13f,MDB,XYZ,0.0489
common_ownership_13f,MKTW,PDFS,0.013
common_ownership_13f,MKTW,TDC,0.0076
common_ownership_13f,MKTW,UPLD,0.0106
common_ownership_13f,MQ,MYPS,0.0172
common_ownership_13f,MQ,NCNO,0.0134
common_ownership_13f,MQ,NTNX,0.0164
common_ownership_13f,MQ,PRGS,0.0143
common_ownership_13f,MQ,RBRK,0.0172
common_ownership_13f,MQ,RPD,0.0061
common_ownership_13f,MQ,SHOP,0.0134
common_ownership_13f,MQ,SSTI,0.0145
common_ownership_13f,MQ,TDC,0.0092
common_ownership_13f,MQ,TTWO,0.0171
common_ownership_13f,MQ,TYL,0.0152
common_ownership_13f,MQ,VEEV,0.0431
common_ownership_13f,MQ,VIA,0.0165
common_ownership_13f,MQ,VRNS,0.0095
common_ownership_13f,MQ,XPER,0.036
common_ownership_13f,MQ,XYZ,0.0131
common_ownership_13f,MQ,YOU,0.0255
common_ownership_13f,MRDN,NTWK,0.0193
common_ownership_13f,MSGM,PDYN,0.0274
common_ownership_13f,MSGM,QTWO,0.0271
common_ownership_13f,MSGM,UPLD,0.0164
common_ownership_13f,MYPS,S,0.0257
common_ownership_13f,MYPS,SNOW,0.0412
common_ownership_13f,MYPS,SVCO,0.1043
common_ownership_13f,MYPS,TENB,0.0248
common_ownership_13f,MYPS,TTWO,0.0097
common_ownership_13f,MYPS,UPLD,0.0222
common_ownership_13f,MYPS,VRNS,0.0358
common_ownership_13f,MYPS,XPER,0.0882
common_ownership_13f,MYPS,ZETA,0.0064
common_ownership_13f,MYSZ,PARA,0.076
common_ownership_13f,NCNO,PDFS,0.0196
common_ownership_13f,NCNO,PRGS,0.0076
common_ownership_13f,NCNO,RBRK,0.0199
common_ownership_13f,NCNO,S,0.0849
common_ownership_13f,NCNO,SHOP,0.0148
common_ownership_13f,NCNO,TTAN,0.0216
common_ownership_13f,NCNO,TTWO,0.0122
common_ownership_13f,NCNO,TYL,0.0072
common_ownership_13f,NCNO,VEEV,0.0181
common_ownership_13f,NCNO,VRNS,0.041
common_ownership_13f,NCNO,WEAV,0.02
common_ownership_13f,NCNO,XYZ,0.0062
common_ownership_13f,NET,RBLX,0.0213
common_ownership_13f,NET,TTWO,0.033
common_ownership_13f,NTNX,OKTA,0.0941
common_ownership_13f,NTNX,PRGS,0.1366
common_ownership_13f,NTNX,RBLX,0.023
common_ownership_13f,NTNX,RBRK,0.0088
common_ownership_13f,NTNX,RPD,0.0626
common_ownership_13f,NTNX,SAIL,0.0697
common_ownership_13f,NTNX,SPT,0.011
common_ownership_13f,NTNX,TDC,0.177
common_ownership_13f,NTNX,TENB,0.0126
common_ownership_13f,NTNX,TTAN,0.0068
common_ownership_13f,NTNX,TTWO,0.0282
common_ownership_13f,NTNX,TYL,0.0138
common_ownership_13f,NTNX,VEEV,0.1566
common_ownership_13f,NTNX,VRNS,0.1311
common_ownership_13f,NTNX,WEAV,0.007
common_ownership_13f,NTNX,WK,0.0886
common_ownership_13f,NTNX,XYZ,0.1541
common_ownership_13f,NTNX,YOU,0.0383
common_ownership_13f,NTSK,TTAN,0.0872
common_ownership_13f,NTWK,PDYN,0.0117
common_ownership_13f,NTWK,PXLW,0.0207
common_ownership_13f,NTWK,SPT,0.0366
common_ownership_13f,NTWK,SVCO,0.0128
common_ownership_13f,NTWK,WFCF,0.0126
common_ownership_13f,NTWK,ZDGE,0.1007
common_ownership_13f,OKTA,PRGS,0.1079
common_ownership_13f,OKTA,QLYS,0.0581
common_ownership_13f,OKTA,RBLX,0.0722
common_ownership_13f,OKTA,RPD,0.119
common_ownership_13f,OKTA,SAIL,0.0725
common_ownership_13f,OKTA,SNPS,0.0107
common_ownership_13f,OKTA,TDC,0.1011
common_ownership_13f,OKTA,TTWO,0.0619
common_ownership_13f,OKTA,TYL,0.0566
common_ownership_13f,OKTA,VEEV,0.1217
common_ownership_13f,OKTA,VRNS,0.1423
common_ownership_13f,OKTA,WK,0.0917
common_ownership_13f,OKTA,XYZ,0.0841
common_ownership_13f,PARA,PRGS,0.0096
common_ownership_13f,PARA,SOUN,0.0153
common_ownership_13f,PARA,VWAV,0.0101
common_ownership_13f,PATH,S,0.0502
common_ownership_13f,PCOR,WEAV,0.0152
common_ownership_13f,PDFS,PRCH,0.0831
common_ownership_13f,PDFS,PRGS,0.0067
common_ownership_13f,PDFS,PXLW,0.0568
common_ownership_13f,PDFS,RBLX,0.012
common_ownership_13f,PDFS,RDVT,0.016
common_ownership_13f,PDFS,RPD,0.0225
common_ownership_13f,PDFS,SPT,0.0229
common_ownership_13f,PDFS,SSTI,0.017
common_ownership_13f,PDFS,TENB,0.018
common_ownership_13f,PDFS,TYL,0.0095
common_ownership_13f,PDFS,UPLD,0.0089
common_ownership_13f,PDFS,VEEV,0.0175
common_ownership_13f,PDFS,VRNS,0.0624
common_ownership_13f,PDFS,WEAV,0.0649
common_ownership_13f,PDFS,ZETA,0.1539
common_ownership_13f,PDYN,RCAT,0.0117
common_ownership_13f,PDYN,SOUN,0.0197
common_ownership_13f,PDYN,YOU,0.062
common_ownership_13f,PRCH,RBLX,0.006
common_ownership_13f,PRCH,SPT,0.0078
common_ownership_13f,PRCH,SSTI,0.0316
common_ownership_13f,PRCH,ZETA,0.134
common_ownership_13f,PRGS,RBLX,0.0339
common_ownership_13f,PRGS,RPD,0.1278
common_ownership_13f,PRGS,SNOW,0.0095
common_ownership_13f,PRGS,SNPS,0.0061
common_ownership_13f,PRGS,TDC,0.1878
common_ownership_13f,PRGS,TTWO,0.0114
common_ownership_13f,PRGS,TYL,0.0322
common_ownership_13f,PRGS,VEEV,0.1491
common_ownership_13f,PRGS,VRNS,0.1689
common_ownership_13f,PRGS,WK,0.0672
common_ownership_13f,PRGS,XYZ,0.1252
common_ownership_13f,PRGS,YOU,0.056
common_ownership_13f,PXLW,ZDGE,0.0116
common_ownership_13f,QLYS,TYL,0.0095
common_ownership_13f,QTWO,TYL,0.0208
common_ownership_13f,QTWO,VEEV,0.0153
common_ownership_13f,RBLX,RBRK,0.0296
common_ownership_13f,RBLX,SNOW,0.0467
common_ownership_13f,RBLX,SNPS,0.0628
common_ownership_13f,RBLX,SPT,0.0277
common_ownership_13f,RBLX,TDC,0.0273
common_ownership_13f,RBLX,TTWO,0.0744
common_ownership_13f,RBLX,TYL,0.0843
common_ownership_13f,RBLX,VEEV,0.1235
common_ownership_13f,RBLX,VRNS,0.0204
common_ownership_13f,RBLX,XYZ,0.1048
common_ownership_13f,RBLX,YOU,0.0136
common_ownership_13f,RBLX,ZETA,0.0116
common_ownership_13f,RBRK,RPD,0.0171
common_ownership_13f,RBRK,SNOW,0.0341
common_ownership_13f,RBRK,SOUN,0.0061
common_ownership_13f,RBRK,SPT,0.0191
common_ownership_13f,RBRK,TENB,0.02
common_ownership_13f,RBRK,TTWO,0.0177
common_ownership_13f,RBRK,TYL,0.0093
common_ownership_13f,RBRK,VEEV,0.029
common_ownership_13f,RBRK,VRNS,0.0482
common_ownership_13f,RBRK,XYZ,0.0158
common_ownership_13f,RBRK,YOU,0.0152
common_ownership_13f,RCAT,SOUN,0.0318
common_ownership_13f,RCAT,WEAV,0.1462
common_ownership_13f,RPD,S,0.0211
common_ownership_13f,RPD,SAIL,0.1261
common_ownership_13f,RPD,SNOW,0.0176
common_ownership_13f,RPD,SNPS,0.0118
common_ownership_13f,RPD,TDC,0.0606
common_ownership_13f,RPD,TENB,0.0067
common_ownership_13f,RPD,TTWO,0.024
common_ownership_13f,RPD,TYL,0.0201
common_ownership_13f,RPD,VEEV,0.0708
common_ownership_13f,RPD,VRNS,0.2426
common_ownership_13f,RPD,WK,0.137
common_ownership_13f,RPD,XYZ,0.0906
common_ownership_13f,RPD,YOU,0.0531
common_ownership_13f,S,SAIL,0.0453
common_ownership_13f,S,SKIL,0.0935
common_ownership_13f,S,SNOW,0.0067
common_ownership_13f,S,SOUN,0.0268
common_ownership_13f,S,VRNS,0.0225
common_ownership_13f,SAIL,TDC,0.0623
common_ownership_13f,SAIL,TTWO,0.011
common_ownership_13f,SAIL,VEEV,0.0652
common_ownership_13f,SAIL,VRNS,0.1289
common_ownership_13f,SAIL,WK,0.1229
common_ownership_13f,SAIL,XYZ,0.0726
common_ownership_13f,SHOP,TTWO,0.0182
common_ownership_13f,SHOP,VEEV,0.0197
common_ownership_13f,SHOP,VIA,0.0083
common_ownership_13f,SHOP,VRNS,0.0093
common_ownership_13f,SNAL,ZDGE,0.0113
common_ownership_13f,SNOW,SNPS,0.0113
common_ownership_13f,SNOW,SOUN,0.0238
common_ownership_13f,SNOW,SPT,0.0392
common_ownership_13f,SNOW,TENB,0.0064
common_ownership_13f,SNOW,TYL,0.0249
common_ownership_13f,SNOW,VEEV,0.0379
common_ownership_13f,SNOW,VRNS,0.0431
common_ownership_13f,SNOW,XYZ,0.0605
common_ownership_13f,SNOW,YOU,0.0111
common_ownership_13f,SNPS,SPT,0.0071
common_ownership_13f,SNPS,TTWO,0.1459
common_ownership_13f,SNPS,TYL,0.0536
common_ownership_13f,SNPS,VEEV,0.1084
common_ownership_13f,SNPS,VRNS,0.0191
common_ownership_13f,SNPS,XPER,0.0087
common_ownership_13f,SNPS,XYZ,0.0466
common_ownership_13f,SNPS,YOU,0.02
common_ownership_13f,SOUN,VEEV,0.0127
common_ownership_13f,SOUN,VRNS,0.0214
common_ownership_13f,SOUN,XYZ,0.0249
common_ownership_13f,SPT,VEEV,0.0223
common_ownership_13f,SPT,VRNS,0.054
common_ownership_13f,SPT,WEAV,0.0239
common_ownership_13f,SPT,XYZ,0.0204
common_ownership_13f,SPT,YOU,0.0358
common_ownership_13f,SSTI,UPLD,0.0308
common_ownership_13f,SSTI,VEEV,0.0128
common_ownership_13f,SSTI,WEAV,0.0192
common_ownership_13f,SSTI,XYZ,0.0077
common_ownership_13f,SSTI,YOU,0.01
common_ownership_13f,SSTI,ZETA,0.0197
common_ownership_13f,SVCO,TDC,0.0193
common_ownership_13f,SVCO,VRNS,0.0094
common_ownership_13f,SVCO,XYZ,0.0076
common_ownership_13f,TDC,TTWO,0.0322
common_ownership_13f,TDC,VEEV,0.1378
common_ownership_13f,TDC,VRNS,0.1209
common_ownership_13f,TDC,WK,0.0918
common_ownership_13f,TDC,XYZ,0.1487
common_ownership_13f,TDC,YOU,0.0416
common_ownership_13f,TENB,TYL,0.0129
common_ownership_13f,TENB,VEEV,0.0337
common_ownership_13f,TENB,VRNS,0.0724
common_ownership_13f,TTWO,TYL,0.0595
common_ownership_13f,TTWO,VEEV,0.2575
common_ownership_13f,TTWO,VRNS,0.0411
common_ownership_13f,TTWO,WK,0.0114
common_ownership_13f,TTWO,XPER,0.014
common_ownership_13f,TTWO,XYZ,0.0706
common_ownership_13f,TTWO,YOU,0.0163
common_ownership_13f,TYL,VEEV,0.2954
common_ownership_13f,TYL,VRNS,0.0637
common_ownership_13f,TYL,XYZ,0.0456
common_ownership_13f,TYL,YOU,0.014
common_ownership_13f,UPLD,YOU,0.0111
common_ownership_13f,UPLD,ZDGE,0.0109
common_ownership_13f,VEEV,VIA,0.0073
common_ownership_13f,VEEV,VRNS,0.1998
common_ownership_13f,VEEV,WK,0.0741
common_ownership_13f,VEEV,XPER,0.0212
common_ownership_13f,VEEV,XYZ,0.1639
common_ownership_13f,VEEV,YOU,0.0714
common_ownership_13f,VRNS,WK,0.134
common_ownership_13f,VRNS,XPER,0.0296
common_ownership_13f,VRNS,XYZ,0.1451
common_ownership_13f,VRNS,YOU,0.0871
common_ownership_13f,VRNS,ZETA,0.0087
common_ownership_13f,WK,XYZ,0.0789
common_ownership_13f,XPER,YOU,0.0121
common_ownership_13f,XYZ,YOU,0.0665
