accession_number,cik,filing_date,tickers,pdufa_dates,snippet,status
0001628280-26-055940,1576885,2026-08-12,['ABOS'],,,ok
0001628280-26-033868,1576885,2026-05-12,['ABOS'],,,ok
0001628280-26-021189,1576885,2026-03-26,['ABOS'],,,ok
0001628280-26-001774,1576885,2026-01-12,['ABOS'],,,ok
0001576885-25-000102,1576885,2025-11-12,['ABOS'],,,ok
0001576885-25-000091,1576885,2025-08-12,['ABOS'],,,ok
0001576885-25-000087,1576885,2025-07-15,['ABOS'],,,ok
0001576885-25-000062,1576885,2025-05-13,['ABOS'],,,ok
0001576885-24-000096,1576885,2024-11-12,['ABOS'],,,ok
0001576885-24-000090,1576885,2024-08-13,['ABOS'],,,ok
0001576885-24-000061,1576885,2024-05-14,['ABOS'],,,ok
0001576885-24-000039,1576885,2024-03-19,['ABOS'],,,ok
0001576885-24-000018,1576885,2024-01-12,['ABOS'],,,ok
0001576885-24-000015,1576885,2024-01-08,['ABOS'],,,ok
0001576885-23-000068,1576885,2023-12-04,['ABOS'],,,ok
0001576885-23-000065,1576885,2023-11-13,['ABOS'],,,ok
0001576885-23-000047,1576885,2023-08-08,['ABOS'],,,ok
0001193125-23-187579,1576885,2023-07-17,['ABOS'],,,ok
0001193125-23-188158,1576885,2023-07-17,['ABOS'],,,ok
0001576885-23-000023,1576885,2023-05-09,['ABOS'],,,ok
0001576885-23-000013,1576885,2023-03-27,['ABOS'],,,ok
0001193125-23-021525,1576885,2023-02-01,['ABOS'],,,ok
0001193125-22-284564,1576885,2022-11-14,['ABOS'],,,ok
0001193125-22-267185,1576885,2022-10-24,['ABOS'],,,ok
0001193125-22-242461,1576885,2022-09-12,['ABOS'],,,ok
0001193125-22-151761,1576885,2022-05-16,['ABOS'],,,ok
0001193125-21-325299,1576885,2021-11-10,['ABOS'],,,ok
0001193125-21-262161,1576885,2021-08-31,['ABOS'],,,ok
0001213900-26-070903,1655923,2026-06-23,['ACOG'],,,ok
0001213900-25-056752,1655923,2025-06-23,['ACOG'],,,ok
0001140361-26-023705,1368514,2026-06-02,['ADMA'],,,ok
0001140361-26-018667,1368514,2026-05-04,['ADMA'],,,ok
0001140361-26-000906,1368514,2026-01-12,['ADMA'],,,ok
0001140361-25-021440,1368514,2025-06-04,['ADMA'],,,ok
0001140361-25-015881,1368514,2025-04-28,['ADMA'],,,ok
0001140361-25-000870,1368514,2025-01-13,['ADMA'],,,ok
0001140361-25-000871,1368514,2025-01-13,['ADMA'],,,ok
0001140361-24-028800,1368514,2024-06-04,['ADMA'],,,ok
0001140361-24-026601,1368514,2024-05-17,['ADMA'],,,ok
0001140361-24-025173,1368514,2024-05-09,['ADMA'],,,ok
0001140361-24-012605,1368514,2024-03-11,['ADMA'],,,ok
0001140361-24-011399,1368514,2024-03-05,['ADMA'],,,ok
0001140361-24-001198,1368514,2024-01-08,['ADMA'],,,ok
0001140361-24-001194,1368514,2024-01-08,['ADMA'],,,ok
0001140361-23-057341,1368514,2023-12-12,['ADMA'],,,ok
0001140361-23-053665,1368514,2023-11-16,['ADMA'],,,ok
0001140361-23-035123,1368514,2023-07-19,['ADMA'],,,ok
0001140361-23-028551,1368514,2023-06-06,['ADMA'],,,ok
0001140361-23-005120,1368514,2023-02-08,['ADMA'],,,ok
0001140361-23-001727,1368514,2023-01-17,['ADMA'],,,ok
0001140361-22-044592,1368514,2022-12-06,['ADMA'],,,ok
0001140361-22-039119,1368514,2022-10-31,['ADMA'],,,ok
0001140361-22-024139,1368514,2022-06-27,['ADMA'],,,ok
0001140361-22-023666,1368514,2022-06-21,['ADMA'],,,ok
0001140361-22-011213,1368514,2022-03-25,['ADMA'],,,ok
0001140361-22-008174,1368514,2022-03-07,['ADMA'],,,ok
0001140361-22-001914,1368514,2022-01-19,['ADMA'],,,ok
0001140361-22-001782,1368514,2022-01-18,['ADMA'],,,ok
0001140361-21-040002,1368514,2021-12-01,['ADMA'],,,ok
0001140361-21-034997,1368514,2021-10-20,['ADMA'],,,ok
0001140361-21-028496,1368514,2021-08-16,['ADMA'],,,ok
0001140361-21-024961,1368514,2021-07-20,['ADMA'],,,ok
0001193805-21-000749,1368514,2021-05-28,['ADMA'],,,ok
0001193805-21-000549,1368514,2021-04-28,['ADMA'],,,ok
0001193805-21-000126,1368514,2021-02-03,['ADMA'],,,ok
0001193805-21-000106,1368514,2021-02-01,['ADMA'],,,ok
0001193805-21-000065,1368514,2021-01-26,['ADMA'],,,ok
0001193805-21-000045,1368514,2021-01-19,['ADMA'],,,ok
0001193805-21-000004,1368514,2021-01-04,['ADMA'],,,ok
0001193805-20-001390,1368514,2020-11-05,['ADMA'],,,ok
0001193805-20-000957,1368514,2020-08-05,['ADMA'],,,ok
0001193125-26-009840,1478320,2026-01-12,['ADPT'],,,ok
0000950170-24-042291,1478320,2024-04-05,['ADPT'],,,ok
0001193125-23-138915,1478320,2023-05-09,['ADPT'],,,ok
0001564590-22-000785,1478320,2022-01-10,['ADPT'],,,ok
0001564590-21-010050,1478320,2021-03-02,['ADPT'],,,ok
0001564590-20-052973,1478320,2020-11-10,['ADPT'],,,ok
0001564590-20-038931,1478320,2020-08-10,['ADPT'],,,ok
0001564590-20-032507,1478320,2020-07-16,['ADPT'],,,ok
0001193125-26-301414,1098972,2026-07-13,['AGEN'],,,ok
0001193125-26-278647,1098972,2026-06-23,['AGEN'],,,ok
0000950170-25-088502,1098972,2025-06-20,['AGEN'],,,ok
0000950170-24-073614,1098972,2024-06-14,['AGEN'],,,ok
0001193125-24-088492,1098972,2024-04-05,['AGEN'],,,ok
0001193125-22-213607,1098972,2022-08-05,['AGEN'],,,ok
0001193125-22-173826,1098972,2022-06-14,['AGEN'],,,ok
0001193125-21-304738,1098972,2021-10-22,['AGEN'],"December 16, 2021","submission for balstilimab received Fast Track and Priority Review designation from the FDA, with a target action date of December 16, 2021. As part of the BLA review process, Agenus successfully completed 3 FDA inspections with no cited i",ok
0001171843-20-007349,1098972,2020-10-29,['AGEN'],,,ok
0001193125-20-214434,1098972,2020-08-10,['AGEN'],,,ok
0001493152-26-033514,946644,2026-07-16,['AIM'],,,ok
0001493152-26-027210,946644,2026-06-04,['AIM'],,,ok
0001493152-26-005208,946644,2026-02-05,['AIM'],,,ok
0001493152-26-001898,946644,2026-01-12,['AIM'],,,ok
0001493152-25-028156,946644,2025-12-17,['AIM'],,,ok
0001493152-25-018583,946644,2025-10-20,['AIM'],,,ok
0001493152-25-011441,946644,2025-07-28,['AIM'],,,ok
0001641172-25-007954,946644,2025-05-01,['AIM'],,,ok
0001493152-24-051088,946644,2024-12-20,['AIM'],,,ok
0001493152-24-005649,946644,2024-02-09,['AIM'],,,ok
0001493152-24-001918,946644,2024-01-10,['AIM'],,,ok
0001493152-23-041393,946644,2023-11-15,['AIM'],,,ok
0001493152-23-033396,946644,2023-09-22,['AIM'],,,ok
0001493152-23-028823,946644,2023-08-15,['AIM'],,,ok
0001493152-23-024125,946644,2023-07-10,['AIM'],,,ok
0001493152-23-003624,946644,2023-02-06,['AIM'],,,ok
0001493152-22-031043,946644,2022-11-09,['AIM'],,,ok
0001493152-22-025491,946644,2022-09-09,['AIM'],,,ok
0001493152-22-009656,946644,2022-04-12,['AIM'],,,ok
0001493152-22-007813,946644,2022-03-28,['AIM'],,,ok
0001493152-22-006933,946644,2022-03-16,['AIM'],,,ok
0001493152-22-002382,946644,2022-01-27,['AIM'],,,ok
0001493152-22-002248,946644,2022-01-26,['AIM'],,,ok
0001493152-22-002053,946644,2022-01-24,['AIM'],,,ok
0001493152-21-030891,946644,2021-12-09,['AIM'],,,ok
0001493152-21-024968,946644,2021-10-07,['AIM'],,,ok
0001493152-21-024737,946644,2021-10-06,['AIM'],,,ok
0001493152-21-022966,946644,2021-09-17,['AIM'],,,ok
0001493152-21-016808,946644,2021-07-14,['AIM'],,,ok
0001493152-21-012057,946644,2021-05-18,['AIM'],,,ok
0001493152-21-006597,946644,2021-03-23,['AIM'],,,ok
0001493152-21-005761,946644,2021-03-10,['AIM'],,,ok
0001493152-21-005524,946644,2021-03-08,['AIM'],,,ok
0001493152-21-004685,946644,2021-02-24,['AIM'],,,ok
0001493152-21-002721,946644,2021-02-05,['AIM'],,,ok
0001493152-20-019098,946644,2020-10-07,['AIM'],,,ok
0001493152-20-016968,946644,2020-08-31,['AIM'],,,ok
0001493152-20-012885,946644,2020-07-09,['AIM'],,,ok
0001193125-26-298526,1653087,2026-07-08,['ALEC'],,,ok
0001193125-26-274130,1653087,2026-06-17,['ALEC'],,,ok
0001193125-25-140731,1653087,2025-06-13,['ALEC'],,,ok
0000950170-25-003811,1653087,2025-01-10,['ALEC'],,,ok
0000950170-24-130564,1653087,2024-11-25,['ALEC'],,,ok
0000950170-24-072512,1653087,2024-06-12,['ALEC'],,,ok
0001193125-24-008551,1653087,2024-01-16,['ALEC'],,,ok
0001193125-23-167891,1653087,2023-06-15,['ALEC'],,,ok
0001193125-22-177617,1653087,2022-06-21,['ALEC'],,,ok
0000950170-21-000371,1653087,2021-06-21,['ALEC'],,,ok
0001564590-20-039316,1653087,2020-08-11,['ALEC'],,,ok
0001193125-26-285426,1799448,2026-06-26,['ALGS'],,,ok
0001193125-26-154927,1799448,2026-04-14,['ALGS'],,,ok
0001193125-25-148905,1799448,2025-06-26,['ALGS'],,,ok
0001193125-24-172218,1799448,2024-06-28,['ALGS'],,,ok
0001193125-23-193424,1799448,2023-07-25,['ALGS'],,,ok
0001193125-22-182802,1799448,2022-06-27,['ALGS'],,,ok
0001193125-22-081126,1799448,2022-03-22,['ALGS'],,,ok
0001193125-22-003165,1799448,2022-01-06,['ALGS'],,,ok
0001193125-21-198812,1799448,2021-06-24,['ALGS'],,,ok
0001628280-26-056198,1737287,2026-08-12,['ALLO'],,,ok
0001193125-26-151999,1737287,2026-04-13,['ALLO'],,,ok
0001628280-26-017230,1737287,2026-03-12,['ALLO'],,,ok
0001628280-25-050227,1737287,2025-11-06,['ALLO'],,,ok
0001737287-25-000087,1737287,2025-08-13,['ALLO'],,,ok
0001193125-25-171091,1737287,2025-08-01,['ALLO'],,,ok
0001737287-25-000070,1737287,2025-06-23,['ALLO'],,,ok
0001737287-25-000063,1737287,2025-05-13,['ALLO'],,,ok
0001737287-25-000035,1737287,2025-03-13,['ALLO'],,,ok
0001737287-24-000072,1737287,2024-11-07,['ALLO'],,,ok
0001737287-24-000055,1737287,2024-08-07,['ALLO'],,,ok
0001737287-24-000050,1737287,2024-06-10,['ALLO'],,,ok
0001737287-24-000040,1737287,2024-05-13,['ALLO'],,,ok
0001737287-24-000019,1737287,2024-03-14,['ALLO'],,,ok
0001193125-24-038107,1737287,2024-02-16,['ALLO'],,,ok
0001737287-23-000096,1737287,2023-12-19,['ALLO'],,,ok
0001737287-23-000089,1737287,2023-11-02,['ALLO'],,,ok
0001737287-23-000074,1737287,2023-08-02,['ALLO'],,,ok
0001737287-23-000067,1737287,2023-06-21,['ALLO'],,,ok
0001737287-23-000063,1737287,2023-06-15,['ALLO'],,,ok
0001737287-23-000056,1737287,2023-06-07,['ALLO'],,,ok
0001737287-23-000051,1737287,2023-05-03,['ALLO'],,,ok
0001737287-23-000017,1737287,2023-02-28,['ALLO'],,,ok
0001737287-22-000089,1737287,2022-11-29,['ALLO'],,,ok
0001737287-22-000081,1737287,2022-11-02,['ALLO'],,,ok
0001737287-22-000074,1737287,2022-10-06,['ALLO'],,,ok
0001737287-22-000065,1737287,2022-08-09,['ALLO'],,,ok
0001737287-22-000033,1737287,2022-05-04,['ALLO'],,,ok
0001737287-22-000012,1737287,2022-02-23,['ALLO'],,,ok
0001737287-21-000054,1737287,2021-12-15,['ALLO'],,,ok
0001737287-21-000049,1737287,2021-11-04,['ALLO'],,,ok
0001737287-21-000042,1737287,2021-10-07,['ALLO'],,,ok
0001737287-21-000039,1737287,2021-08-04,['ALLO'],,,ok
0001737287-21-000030,1737287,2021-06-15,['ALLO'],,,ok
0001737287-21-000025,1737287,2021-05-19,['ALLO'],,,ok
0001737287-21-000021,1737287,2021-05-05,['ALLO'],,,ok
0001737287-21-000007,1737287,2021-02-25,['ALLO'],,,ok
0001737287-20-000061,1737287,2020-12-07,['ALLO'],,,ok
0001737287-20-000055,1737287,2020-11-04,['ALLO'],,,ok
0001737287-20-000045,1737287,2020-08-05,['ALLO'],,,ok
0001193125-26-232786,318154,2026-05-20,['AMGN'],,,ok
0000950170-25-077233,318154,2025-05-27,['AMGN'],,,ok
0001193125-24-153221,318154,2024-06-03,['AMGN'],,,ok
0001193125-23-160316,318154,2023-06-05,['AMGN'],,,ok
0001193125-23-150659,318154,2023-05-22,['AMGN'],,,ok
0001193125-23-147662,318154,2023-05-18,['AMGN'],,,ok
0001193125-23-146219,318154,2023-05-16,['AMGN'],,,ok
0000318154-22-000053,318154,2022-11-03,['AMGN'],,,ok
0000318154-22-000039,318154,2022-08-04,['AMGN'],,,ok
0001193125-22-154061,318154,2022-05-18,['AMGN'],,,ok
0000318154-22-000005,318154,2022-02-07,['AMGN'],,,ok
0000318154-21-000042,318154,2021-11-02,['AMGN'],"December 19, 2021","la for the treatment of adults with mild-to-moderate plaque psoriasis continues to progress, with a PDUFA target action date of December 19, 2021. • In August, China’s National Medical Products Administration approved Otezla for the treatment of",ok
0000318154-21-000031,318154,2021-08-03,['AMGN'],,,ok
0001193125-21-166678,318154,2021-05-19,['AMGN'],,,ok
0000318154-21-000017,318154,2021-04-27,['AMGN'],,,ok
0000318154-21-000005,318154,2021-02-02,['AMGN'],,,ok
0000318154-20-000058,318154,2020-10-28,['AMGN'],"December 19, 2020|January 28, 2021","atment of Hematopoietic Syndrome of Acute Radiation Syndrome, with a Prescription Drug User Fee Act target action date of January 28, 2021. Research was conducted in collaboration with and support from both the National Institute of Aller",ok
0000318154-20-000046,318154,2020-07-28,['AMGN'],,,ok
0001104659-26-107253,921114,2026-09-14,['ARMP'],,,ok
0001104659-26-082850,921114,2026-07-13,['ARMP'],,,ok
0001104659-26-074618,921114,2026-06-16,['ARMP'],,,ok
0001104659-26-056658,921114,2026-05-07,['ARMP'],,,ok
0001104659-26-018333,921114,2026-02-23,['ARMP'],,,ok
0001104659-26-003076,921114,2026-01-13,['ARMP'],,,ok
0001104659-25-101447,921114,2025-10-22,['ARMP'],,,ok
0001104659-25-089150,921114,2025-09-11,['ARMP'],,,ok
0001104659-25-059346,921114,2025-06-13,['ARMP'],,,ok
0001104659-25-050219,921114,2025-05-19,['ARMP'],,,ok
0001104659-24-129981,921114,2024-12-19,['ARMP'],,,ok
0001104659-24-092626,921114,2024-08-26,['ARMP'],,,ok
0001104659-24-071752,921114,2024-06-14,['ARMP'],,,ok
0001104659-23-102132,921114,2023-09-20,['ARMP'],,,ok
0001104659-23-028700,921114,2023-03-06,['ARMP'],,,ok
0001104659-22-120162,921114,2022-11-18,['ARMP'],,,ok
0001104659-22-041005,921114,2022-03-31,['ARMP'],,,ok
0001104659-22-001458,921114,2022-01-05,['ARMP'],,,ok
0001104659-21-080368,921114,2021-06-14,['ARMP'],,,ok
0001104659-21-037767,921114,2021-03-17,['ARMP'],,,ok
0001104659-21-001484,921114,2021-01-06,['ARMP'],,,ok
0001104659-20-133433,921114,2020-12-09,['ARMP'],,,ok
0001193125-26-389308,1817241,2026-09-11,['ARTV'],,,ok
0001193125-26-213239,1817241,2026-05-08,['ARTV'],,,ok
0001193125-25-275902,1817241,2025-11-12,['ARTV'],,,ok
0000950170-25-089942,1817241,2025-06-25,['ARTV'],,,ok
0001193125-26-346857,1604464,2026-08-12,['ATRA'],,,ok
0001193125-26-210413,1604464,2026-05-07,['ATRA'],,,ok
0001193125-26-103127,1604464,2026-03-12,['ATRA'],,,ok
0001193125-26-086793,1604464,2026-03-03,['ATRA'],,,ok
0001193125-26-062534,1604464,2026-02-23,['ATRA'],,,ok
0001193125-26-010342,1604464,2026-01-12,['ATRA'],,,ok
0001193125-25-158719,1604464,2025-07-14,['ATRA'],,,ok
0001193125-25-139150,1604464,2025-06-11,['ATRA'],,,ok
0001193125-25-113811,1604464,2025-05-06,['ATRA'],,,ok
0000950170-25-006992,1604464,2025-01-21,['ATRA'],,,ok
0000950170-25-006191,1604464,2025-01-16,['ATRA'],,,ok
0001193125-24-180371,1604464,2024-07-17,['ATRA'],"January 15, 2025","ed to target and eliminate EBV-infected cells. The application has a Prescription Drug User Fee Act target action date of January 15, 2025. A copy of the Company’s press release, titled “Atara Biotherapeutics Announces U.S. FDA Acceptance",ok
0001193125-24-003945,1604464,2024-01-08,['ATRA'],,,ok
0001193125-23-273808,1604464,2023-11-09,['ATRA'],,,ok
0001193125-23-237762,1604464,2023-09-20,['ATRA'],,,ok
0001193125-22-307898,1604464,2022-12-19,['ATRA'],,,ok
0001193125-22-018422,1604464,2022-01-26,['ATRA'],,,ok
0001193125-22-005158,1604464,2022-01-10,['ATRA'],,,ok
0001564590-21-054254,1604464,2021-11-04,['ATRA'],,,ok
0001564590-21-042614,1604464,2021-08-09,['ATRA'],,,ok
0001564590-21-023329,1604464,2021-05-04,['ATRA'],,,ok
0001564590-21-009845,1604464,2021-03-01,['ATRA'],,,ok
0001193125-21-005785,1604464,2021-01-11,['ATRA'],,,ok
0001564590-20-052486,1604464,2020-11-09,['ATRA'],,,ok
0001564590-20-036783,1604464,2020-08-05,['ATRA'],,,ok
0001339970-26-000065,1339970,2026-09-24,['ATYR'],,,ok
0001339970-26-000036,1339970,2026-06-01,['ATYR'],,,ok
0001339970-26-000027,1339970,2026-05-11,['ATYR'],,,ok
0001193125-25-202865,1339970,2025-09-15,"['ATYR', 'LIFE']",,,ok
0001193125-26-343408,1501796,2026-08-11,['AURA'],,,ok
0001193125-26-267676,1501796,2026-06-11,['AURA'],,,ok
0001193125-26-216743,1501796,2026-05-11,['AURA'],,,ok
0001193125-26-204049,1501796,2026-05-04,['AURA'],,,ok
0001193125-26-130383,1501796,2026-03-30,['AURA'],,,ok
0001193125-25-278810,1501796,2025-11-13,['AURA'],,,ok
0001193125-25-179418,1501796,2025-08-13,['AURA'],,,ok
0000950170-25-087885,1501796,2025-06-18,['AURA'],,,ok
0001193125-25-121677,1501796,2025-05-16,['AURA'],,,ok
0000950170-25-043809,1501796,2025-03-24,['AURA'],,,ok
0000950170-24-125390,1501796,2024-11-12,['AURA'],,,ok
0001193125-24-238959,1501796,2024-10-17,['AURA'],,,ok
0001193125-24-217619,1501796,2024-09-12,['AURA'],,,ok
0000950170-24-093298,1501796,2024-08-08,['AURA'],,,ok
0001193125-24-154364,1501796,2024-06-04,['AURA'],,,ok
0001193125-24-003887,1501796,2024-01-08,['AURA'],,,ok
0001193125-23-271351,1501796,2023-11-06,['AURA'],,,ok
0000950170-23-040136,1501796,2023-08-09,['AURA'],,,ok
0000950170-23-021284,1501796,2023-05-11,['AURA'],,,ok
0001193125-23-040742,1501796,2023-02-16,['AURA'],,,ok
0001193125-23-003670,1501796,2023-01-06,['AURA'],,,ok
0001193125-22-295368,1501796,2022-11-30,['AURA'],,,ok
0001193125-22-256110,1501796,2022-10-03,['AURA'],,,ok
0001193125-22-185580,1501796,2022-06-30,['AURA'],,,ok
0001193125-22-178857,1501796,2022-06-22,['AURA'],,,ok
0001193125-22-174863,1501796,2022-06-15,['AURA'],,,ok
0001730463-26-000119,1730463,2026-08-11,['AUTL'],,,ok
0001730463-26-000112,1730463,2026-08-03,['AUTL'],,,ok
0001730463-26-000072,1730463,2026-06-29,['AUTL'],,,ok
0001730463-26-000058,1730463,2026-05-14,['AUTL'],,,ok
0001193125-26-192362,1730463,2026-04-29,['AUTL'],,,ok
0001730463-26-000043,1730463,2026-04-08,['AUTL'],,,ok
0001730463-26-000032,1730463,2026-03-27,['AUTL'],,,ok
0001730463-26-000012,1730463,2026-01-12,['AUTL'],,,ok
0001730463-25-000081,1730463,2025-11-12,['AUTL'],,,ok
0001730463-25-000064,1730463,2025-08-12,['AUTL'],,,ok
0001730463-25-000046,1730463,2025-06-27,['AUTL'],,,ok
0001730463-25-000032,1730463,2025-05-08,['AUTL'],,,ok
0001730463-25-000010,1730463,2025-03-20,['AUTL'],,,ok
0001730463-25-000004,1730463,2025-01-13,['AUTL'],,,ok
0001730463-24-000129,1730463,2024-11-12,['AUTL'],,,ok
0001730463-24-000132,1730463,2024-11-12,['AUTL'],,,ok
0001730463-24-000110,1730463,2024-09-26,['AUTL'],"November 16, 2024"," ORR, encouraging EFS and favorable tolerability with low levels of high- grade CRS and ICANS • FDA PDUFA target action date November 16, 2024 • MAAs under review with EMA and MHRA Developing Next Generation Programmed T Cell Therapies 3 Buil",ok
0001730463-24-000088,1730463,2024-08-08,['AUTL'],"November 16, 2024","iness Updates August 8, 2024 at 7:00 AM EDT On track for potential US commercial launch of obe-cel; PDUFA date November 16, 2024 Longer follow up and subset analyses from pivotal FELIX Phase 2 data presented at ASCO and EHA; maj",ok
0001730463-24-000076,1730463,2024-06-28,['AUTL'],,,ok
0001730463-24-000070,1730463,2024-06-03,['AUTL'],"November 16, 2024"," with r/r ALL.” The results of the FELIX trial have been submitted to the FDA as part of a BLA. The PDUFA target action date is November 16, 2024. ASCO Oral Presentation, abstract #6504: Title: Obecabtagene autoleucel (obe-cel, AUTO1) in adults ",ok
0001730463-24-000059,1730463,2024-05-17,['AUTL'],"November 16, 2024","regulatory review process for obecabtagene autoleucel (obe-cel) in adult ALL as we head towards the PDUFA target action date of November 16, 2024, and are driving commercial readiness activities across the Company,"" said Dr. Christian Itin, Chie",ok
0001193125-24-136696,1730463,2024-05-13,['AUTL'],,,ok
0001730463-24-000045,1730463,2024-03-21,['AUTL'],,,ok
0001730463-24-000021,1730463,2024-03-14,['AUTL'],"November 16, 2024","blastic Leukemia (ALL), to the US Food & Drug Administration (FDA); Prescription Drug User Fee Act (PDUFA) target action date November 16, 2024 Successfully completed first facility inspection and obtained a Manufacturer’s Importation Authoriz",ok
0001193125-24-033690,1730463,2024-02-13,['AUTL'],,,ok
0001730463-24-000007,1730463,2024-01-26,['AUTL'],"November 16, 2024","ry (r/r) Adult B-Cell Acute Lymphoblastic Leukemia (ALL). Under the Prescription Drug User Fee Act (PDUFA), the FDA has set a target action date of November 16, 2024, a standard review timeline consistent with recently approved CAR T therapies. The information cont",ok
0001730463-23-000119,1730463,2023-12-11,['AUTL'],,,ok
0001731122-26-001294,1314052,2026-09-28,['AVXL'],,,ok
0001731122-26-000988,1314052,2026-07-30,['AVXL'],,,ok
0001731122-25-001536,1314052,2025-11-14,['AVXL'],,,ok
0001731122-24-001003,1314052,2024-06-21,['AVXL'],,,ok
0001731122-23-001007,1314052,2023-05-24,['AVXL'],,,ok
0001731122-22-002078,1314052,2022-12-02,['AVXL'],,,ok
0001731122-22-001011,1314052,2022-05-27,['AVXL'],,,ok
0001731122-22-000148,1314052,2022-02-02,['AVXL'],,,ok
0001731122-21-001498,1314052,2021-09-13,['AVXL'],,,ok
0001731122-21-000974,1314052,2021-05-28,['AVXL'],,,ok
0001731122-20-001291,1314052,2020-12-15,['AVXL'],,,ok
0001731122-20-001114,1314052,2020-11-06,['AVXL'],,,ok
0001731122-20-001047,1314052,2020-10-15,['AVXL'],,,ok
0001437749-26-021041,925741,2026-06-18,['BCDA'],,,ok
0001437749-26-019653,925741,2026-06-05,['BCDA'],,,ok
0001437749-26-018670,925741,2026-05-28,['BCDA'],,,ok
0001437749-26-017994,925741,2026-05-21,['BCDA'],,,ok
0001437749-26-015753,925741,2026-05-08,['BCDA'],,,ok
0001437749-26-012764,925741,2026-04-20,['BCDA'],,,ok
0001437749-26-008499,925741,2026-03-17,['BCDA'],,,ok
0001437749-26-006481,925741,2026-03-03,['BCDA'],,,ok
0001437749-26-003582,925741,2026-02-10,['BCDA'],,,ok
0001437749-25-037910,925741,2025-12-16,['BCDA'],,,ok
0001437749-25-036711,925741,2025-12-03,['BCDA'],,,ok
0001437749-25-029547,925741,2025-09-22,['BCDA'],,,ok
0001437749-25-029347,925741,2025-09-18,['BCDA'],,,ok
0001437749-25-011992,925741,2025-04-15,['BCDA'],,,ok
0001437749-25-009978,925741,2025-03-31,['BCDA'],,,ok
0001437749-24-036648,925741,2024-12-04,['BCDA'],,,ok
0001437749-24-027952,925741,2024-08-28,['BCDA'],,,ok
0001437749-24-027428,925741,2024-08-21,['BCDA'],,,ok
0001437749-24-022267,925741,2024-07-08,"['BCDA', 'BCDAW']",,,ok
0001437749-24-014059,925741,2024-05-01,"['BCDA', 'BCDAW']",,,ok
0001437749-24-007371,925741,2024-03-12,"['BCDA', 'BCDAW']",,,ok
0001437749-24-006362,925741,2024-03-04,"['BCDA', 'BCDAW']",,,ok
0001437749-24-000289,925741,2024-01-03,"['BCDA', 'BCDAW']",,,ok
0001437749-23-031752,925741,2023-11-14,"['BCDA', 'BCDAW']",,,ok
0001437749-23-028517,925741,2023-10-18,"['BCDA', 'BCDAW']",,,ok
0001437749-23-025103,925741,2023-09-05,"['BCDA', 'BCDAW']",,,ok
0001437749-23-017872,925741,2023-06-20,"['BCDA', 'BCDAW']",,,ok
0001437749-23-011492,925741,2023-04-28,"['BCDA', 'BCDAW']",,,ok
0001437749-22-029567,925741,2022-12-22,"['BCDA', 'BCDAW']",,,ok
0001437749-22-028496,925741,2022-12-06,"['BCDA', 'BCDAW']",,,ok
0001437749-22-023442,925741,2022-10-03,"['BCDA', 'BCDAW']",,,ok
0001437749-22-021534,925741,2022-08-31,"['BCDA', 'BCDAW']",,,ok
0001437749-22-008711,925741,2022-04-12,"['BCDA', 'BCDAW']",,,ok
0001437749-22-006877,925741,2022-03-22,"['BCDA', 'BCDAW']",,,ok
0001437749-22-004767,925741,2022-03-01,"['BCDA', 'BCDAW']",,,ok
0001437749-22-003181,925741,2022-02-14,"['BCDA', 'BCDAW']",,,ok
0001437749-22-002292,925741,2022-02-03,"['BCDA', 'BCDAW']",,,ok
0001437749-21-015420,925741,2021-06-23,"['BCDA', 'BCDAW']",,,ok
0001437749-20-025972,925741,2020-12-28,"['BCDA', 'BCDAW']",,,ok
0001437749-20-025512,925741,2020-12-17,"['BCDA', 'BCDAW']",,,ok
0001437749-20-024608,925741,2020-12-01,"['BCDA', 'BCDAW']",,,ok
0001437749-20-020951,925741,2020-10-09,"['BCDA', 'BCDAW']",,,ok
0001437749-20-017720,925741,2020-08-13,"['BCDA', 'BCDAW']",,,ok
0001171843-26-003052,882796,2026-05-06,['BCRX'],,,ok
0001171843-26-001119,882796,2026-02-26,['BCRX'],,,ok
0001171843-26-000213,882796,2026-01-12,['BCRX'],,,ok
0001171843-25-007909,882796,2025-12-12,['BCRX'],,,ok
0001171843-25-006881,882796,2025-11-03,['BCRX'],"December 12, 2025"," the Americas region, leading the commercialization of ORLADEYO. The Prescription Drug User Fee Act goal date for the company’s new drug application for ORLADEYO granules in children with HAE aged 2 to <12 is December 12, 2025. ORLADEYO would be the first targeted oral prophylactic therapy for children with HAE. In October, ",ok
0001140361-25-038031,882796,2025-10-14,['BCRX'],,,ok
0001171843-25-004977,882796,2025-08-04,['BCRX'],"December 12, 2025",", highly differentiated products to patients with rare diseases. The Prescription Drug User Fee Act goal date for the company’s new drug application for ORLADEYO granules in children with HAE aged 2 to 11 is December 12, 2025. ORLADEYO would be the first targeted oral prophylactic therapy for children with HAE. BCX17725, an",ok
0001171843-25-004091,882796,2025-06-25,['BCRX'],"December 12, 2025","tituted a major amendment to the NDA, resulting in a standard three-month extension to the original goal date to provide time for a full review of the submission. The new PDUFA target action date is December 12, 2025. Forward-Looking Statements This Current Report on Form 8-K contains forward-looking statements, in",ok
0001171843-25-003910,882796,2025-06-16,['BCRX'],,,ok
0001171843-25-003152,882796,2025-05-14,['BCRX'],"September 12, 2025","s. The FDA also granted priority review of the application, with a Prescription Drug User Fee Act (“PDUFA”) target action date of September 12, 2025. The Company also announced that it has filed its line extension application for the use of ORLADEY",ok
0001171843-25-002739,882796,2025-05-05,['BCRX'],,,ok
0001171843-25-001020,882796,2025-02-24,['BCRX'],,,ok
0001171843-25-000190,882796,2025-01-13,['BCRX'],,,ok
0001171843-25-000155,882796,2025-01-10,['BCRX'],,,ok
0001171843-24-005975,882796,2024-11-04,['BCRX'],,,ok
0001171843-24-004422,882796,2024-08-05,['BCRX'],,,ok
0001171843-24-003430,882796,2024-06-13,['BCRX'],,,ok
0001171843-24-002550,882796,2024-05-06,['BCRX'],,,ok
0001171843-24-000112,882796,2024-01-08,['BCRX'],,,ok
0001171843-23-006717,882796,2023-11-03,['BCRX'],,,ok
0001171843-23-006627,882796,2023-11-02,['BCRX'],,,ok
0001171843-23-004942,882796,2023-08-03,['BCRX'],,,ok
0001171843-23-003914,882796,2023-06-14,['BCRX'],,,ok
0001171843-23-002790,882796,2023-05-03,['BCRX'],,,ok
0001171843-23-000154,882796,2023-01-09,['BCRX'],,,ok
0001171843-22-004206,882796,2022-06-07,['BCRX'],,,ok
0001171843-22-000172,882796,2022-01-10,['BCRX'],,,ok
0001171843-21-003416,882796,2021-05-12,['BCRX'],,,ok
0001171843-21-002966,882796,2021-04-30,['BCRX'],,,ok
0001171843-21-002100,882796,2021-03-26,['BCRX'],,,ok
0001171843-21-001951,882796,2021-03-22,['BCRX'],,,ok
0001171843-21-001901,882796,2021-03-18,['BCRX'],,,ok
0001171843-21-001346,882796,2021-02-25,['BCRX'],,,ok
0001171843-21-000698,882796,2021-02-03,['BCRX'],,,ok
0001171843-21-000392,882796,2021-01-22,['BCRX'],,,ok
0001171843-20-008722,882796,2020-12-22,['BCRX'],,,ok
0001171843-20-008658,882796,2020-12-21,['BCRX'],,,ok
0001171843-20-008353,882796,2020-12-04,['BCRX'],,,ok
0001171843-20-007628,882796,2020-11-05,['BCRX'],"December 3, 2020|March 30, 2020","eports Third Quarter 2020 Financial Results and Upcoming Key Milestones — ORLADEYO ™ (berotralstat) PDUFA date December 3, 2020— — Approval decision s expected in Japan in December 2020, EU in early 2021 — RESEARCH TRIANGLE PAR",ok
0001171843-20-006729,882796,2020-09-30,['BCRX'],,,ok
0001171843-20-006161,882796,2020-08-31,['BCRX'],,,ok
0001171843-20-005596,882796,2020-08-06,['BCRX'],"March 30, 2020"," ORLADEYO and has set an action date of December 3, 2020, under the Prescription Drug User Fee Act (PDUFA). In Japan, ORLADEYO is being reviewed under Sakigake designation. The Pharmaceutical and Medical Devices Agency (PMDA) has confirmed their regulatory review schedule and the company expects an approval decision in December 2020. On March 30, 2020, the company announced that the European Medicines Agency (EMA) had validated its marketing authori",ok
0001171843-20-005453,882796,2020-08-03,['BCRX'],,,ok
0001104659-26-078847,1701541,2026-06-29,['BDTX'],,,ok
0001104659-26-065254,1701541,2026-05-21,['BDTX'],,,ok
0001104659-25-117975,1701541,2025-12-03,['BDTX'],,,ok
0001104659-25-058893,1701541,2025-06-12,['BDTX'],,,ok
0001104659-24-101874,1701541,2024-09-23,['BDTX'],,,ok
0001104659-24-001155,1701541,2024-01-04,['BDTX'],,,ok
0001104659-23-125566,1701541,2023-12-13,['BDTX'],,,ok
0001104659-23-074995,1701541,2023-06-27,['BDTX'],,,ok
0001104659-23-061486,1701541,2023-05-16,['BDTX'],,,ok
0001104659-22-069026,1701541,2022-06-07,['BDTX'],,,ok
0001104659-22-002587,1701541,2022-01-10,['BDTX'],,,ok
0001104659-22-002475,1701541,2022-01-10,['BDTX'],,,ok
0001104659-21-084116,1701541,2021-06-22,['BDTX'],,,ok
0001104659-21-069398,1701541,2021-05-19,['BDTX'],,,ok
0001193125-21-080409,1701541,2021-03-15,['BDTX'],,,ok
0001701541-20-000031,1701541,2020-11-10,['BDTX'],,,ok
0001701541-20-000023,1701541,2020-08-11,['BDTX'],,,ok
0001193125-26-261693,1745999,2026-06-08,['BEAM'],,,ok
0001193125-26-009722,1745999,2026-01-12,['BEAM'],,,ok
0001193125-25-050334,1745999,2025-03-10,['BEAM'],,,ok
0000950170-25-004558,1745999,2025-01-13,['BEAM'],,,ok
0001193125-24-272860,1745999,2024-12-09,['BEAM'],,,ok
0000950170-24-121088,1745999,2024-11-05,['BEAM'],,,ok
0000950170-24-002673,1745999,2024-01-08,['BEAM'],,,ok
0000950170-23-027026,1745999,2023-06-08,['BEAM'],,,ok
0001193125-23-004131,1745999,2023-01-09,['BEAM'],,,ok
0000950170-22-017868,1745999,2022-08-30,['BEAM'],,,ok
0000950170-22-013559,1745999,2022-08-01,['BEAM'],,,ok
0000950170-22-000163,1745999,2022-01-10,['BEAM'],,,ok
0001564590-21-032654,1745999,2021-06-11,['BEAM'],,,ok
0001564590-21-000920,1745999,2021-01-12,['BEAM'],,,ok
0001564590-20-052718,1745999,2020-11-10,['BEAM'],,,ok
0001564590-20-039482,1745999,2020-08-12,['BEAM'],,,ok
0000950157-26-000700,875045,2026-06-10,['BIIB'],,,ok
0000875045-26-000039,875045,2026-04-06,['BIIB'],,,ok
0001193125-26-134889,875045,2026-03-31,['BIIB'],,,ok
0000875045-25-000040,875045,2025-10-14,['BIIB'],,,ok
0000875045-25-000023,875045,2025-06-23,['BIIB'],,,ok
0001193125-24-167938,875045,2024-06-25,['BIIB'],,,ok
0001193125-23-196808,875045,2023-07-28,['BIIB'],,,ok
0000875045-23-000024,875045,2023-06-29,['BIIB'],,,ok
0001193125-23-133476,875045,2023-05-03,['BIIB'],,,ok
0001193125-22-177791,875045,2022-06-21,['BIIB'],,,ok
0001193125-21-334519,875045,2021-11-19,['BIIB'],,,ok
0000875045-21-000032,875045,2021-06-08,['BIIB'],,,ok
0000875045-20-000032,875045,2020-10-21,['BIIB'],"March 7, 2021","for aducanumab. The application was granted Priority Review, with a Prescription Drug User Fee Act (PDUFA) action date on March 7, 2021, and the FDA has stated that, if possible, it plans to act early on this application under an exped",ok
0000875045-20-000018,875045,2020-07-22,['BIIB'],,,ok
0001829126-25-005054,2000775,2025-07-14,"['BKHA', 'BKHAR', 'BKHAU']",,,ok
0001759138-26-000033,1759138,2026-06-11,['CABA'],,,ok
0001759138-26-000030,1759138,2026-06-03,['CABA'],,,ok
0001759138-26-000024,1759138,2026-05-14,['CABA'],,,ok
0001193125-26-202446,1759138,2026-05-04,['CABA'],,,ok
0001193125-26-202389,1759138,2026-05-04,['CABA'],,,ok
0001759138-26-000016,1759138,2026-04-20,['CABA'],,,ok
0001759138-26-000010,1759138,2026-03-23,['CABA'],,,ok
0001193125-26-009819,1759138,2026-01-12,['CABA'],,,ok
0001193125-25-254610,1759138,2025-10-29,['CABA'],,,ok
0001193125-25-250676,1759138,2025-10-27,['CABA'],,,ok
0001193125-25-235533,1759138,2025-10-09,['CABA'],,,ok
0001759138-25-000007,1759138,2025-09-03,['CABA'],,,ok
0001193125-25-138737,1759138,2025-06-11,['CABA'],,,ok
0001193125-25-137954,1759138,2025-06-10,['CABA'],,,ok
0000950170-25-071966,1759138,2025-05-15,['CABA'],,,ok
0001193125-25-028143,1759138,2025-02-18,['CABA'],,,ok
0001193125-25-005016,1759138,2025-01-13,['CABA'],,,ok
0001193125-24-260425,1759138,2024-11-18,['CABA'],,,ok
0001193125-24-233294,1759138,2024-10-07,['CABA'],,,ok
0001193125-24-196467,1759138,2024-08-08,['CABA'],,,ok
0001193125-24-154309,1759138,2024-06-04,['CABA'],,,ok
0001193125-24-138874,1759138,2024-05-15,['CABA'],,,ok
0001193125-24-072048,1759138,2024-03-20,['CABA'],,,ok
0001193125-24-021894,1759138,2024-02-01,['CABA'],,,ok
0001193125-24-003872,1759138,2024-01-08,['CABA'],,,ok
0001193125-23-274053,1759138,2023-11-09,['CABA'],,,ok
0001193125-23-270840,1759138,2023-11-06,['CABA'],,,ok
0001193125-23-248186,1759138,2023-10-02,['CABA'],,,ok
0001193125-23-228144,1759138,2023-09-05,['CABA'],,,ok
0001193125-23-191895,1759138,2023-07-24,['CABA'],,,ok
0001193125-23-158936,1759138,2023-06-01,['CABA'],,,ok
0001193125-23-146067,1759138,2023-05-16,['CABA'],,,ok
0001193125-23-145622,1759138,2023-05-16,['CABA'],,,ok
0001193125-23-132565,1759138,2023-05-02,['CABA'],,,ok
0001193125-23-128724,1759138,2023-05-01,['CABA'],,,ok
0001193125-23-086713,1759138,2023-03-31,['CABA'],,,ok
0001193125-23-071942,1759138,2023-03-16,['CABA'],,,ok
0001193125-23-060668,1759138,2023-03-06,['CABA'],,,ok
0001193125-23-004113,1759138,2023-01-09,['CABA'],,,ok
0001193125-22-301060,1759138,2022-12-08,['CABA'],,,ok
0001193125-22-281920,1759138,2022-11-10,['CABA'],,,ok
0001193125-22-260195,1759138,2022-10-11,['CABA'],,,ok
0001193125-22-242340,1759138,2022-09-12,['CABA'],,,ok
0001193125-22-217960,1759138,2022-08-11,['CABA'],,,ok
0001193125-22-165785,1759138,2022-06-02,['CABA'],,,ok
0001193125-22-153543,1759138,2022-05-18,['CABA'],,,ok
0001193125-22-077793,1759138,2022-03-17,['CABA'],,,ok
0001193125-22-063683,1759138,2022-03-03,['CABA'],,,ok
0001193125-22-059886,1759138,2022-03-01,['CABA'],,,ok
0001193125-22-005100,1759138,2022-01-10,['CABA'],,,ok
0001193125-21-356168,1759138,2021-12-14,['CABA'],,,ok
0001193125-21-314433,1759138,2021-11-01,['CABA'],,,ok
0001193125-21-249668,1759138,2021-08-18,['CABA'],,,ok
0001193125-21-237002,1759138,2021-08-05,['CABA'],,,ok
0001193125-21-180577,1759138,2021-06-03,['CABA'],,,ok
0001193125-21-146616,1759138,2021-05-03,['CABA'],,,ok
0001193125-21-106915,1759138,2021-04-06,['CABA'],,,ok
0001193125-20-289674,1759138,2020-11-10,['CABA'],,,ok
0001193125-20-211336,1759138,2020-08-06,['CABA'],,,ok
0001193125-26-386561,1841387,2026-09-09,['CADL'],,,ok
0001841387-26-000009,1841387,2026-06-24,['CADL'],,,ok
0001193125-26-226751,1841387,2026-05-15,['CADL'],,,ok
0001193125-26-059334,1841387,2026-02-19,['CADL'],,,ok
0001193125-25-308719,1841387,2025-12-05,['CADL'],,,ok
0001193125-25-238254,1841387,2025-10-14,['CADL'],,,ok
0000950170-25-087696,1841387,2025-06-18,['CADL'],,,ok
0000950170-25-078079,1841387,2025-05-28,['CADL'],,,ok
0000950170-25-076458,1841387,2025-05-22,['CADL'],,,ok
0001193125-25-064374,1841387,2025-03-27,['CADL'],,,ok
0000950170-25-026100,1841387,2025-02-25,['CADL'],,,ok
0000950170-25-004581,1841387,2025-01-13,['CADL'],,,ok
0001193125-24-274870,1841387,2024-12-11,['CADL'],,,ok
0000950170-24-117578,1841387,2024-10-28,['CADL'],,,ok
0000950170-24-078795,1841387,2024-06-28,['CADL'],,,ok
0000950170-24-064022,1841387,2024-05-23,['CADL'],,,ok
0000950170-24-047941,1841387,2024-04-25,['CADL'],,,ok
0000950170-24-043532,1841387,2024-04-11,['CADL'],,,ok
0000950170-24-041619,1841387,2024-04-04,['CADL'],,,ok
0000950170-24-014191,1841387,2024-02-13,['CADL'],,,ok
0000950170-23-069533,1841387,2023-12-12,['CADL'],,,ok
0000950170-23-059024,1841387,2023-11-06,['CADL'],,,ok
0000950170-23-053894,1841387,2023-10-18,['CADL'],,,ok
0000950170-23-049798,1841387,2023-09-26,['CADL'],,,ok
0000950170-23-030542,1841387,2023-06-29,['CADL'],,,ok
0000950170-23-023163,1841387,2023-05-19,['CADL'],,,ok
0000950170-23-012985,1841387,2023-04-17,['CADL'],,,ok
0001193125-23-044239,1841387,2023-02-22,['CADL'],,,ok
0001193125-22-298918,1841387,2022-12-06,['CADL'],,,ok
0000950170-22-026104,1841387,2022-12-06,['CADL'],,,ok
0000950170-22-025764,1841387,2022-11-29,['CADL'],,,ok
0000950170-22-025413,1841387,2022-11-18,['CADL'],,,ok
0000950170-22-024772,1841387,2022-11-14,['CADL'],,,ok
0001193125-22-263021,1841387,2022-10-14,['CADL'],,,ok
0001193125-22-167954,1841387,2022-06-06,['CADL'],,,ok
0000950170-22-010798,1841387,2022-05-27,['CADL'],,,ok
0001628280-26-063497,1662579,2026-09-25,['CCCC'],,,ok
0001628280-26-042365,1662579,2026-06-11,['CCCC'],,,ok
0001628280-26-033861,1662579,2026-05-12,['CCCC'],,,ok
0001628280-26-024336,1662579,2026-04-09,['CCCC'],,,ok
0001628280-25-045157,1662579,2025-10-16,['CCCC'],,,ok
0001628280-25-042245,1662579,2025-09-22,['CCCC'],,,ok
0001628280-25-038576,1662579,2025-08-07,['CCCC'],,,ok
0001628280-25-032155,1662579,2025-06-18,['CCCC'],,,ok
0001628280-25-022864,1662579,2025-05-07,['CCCC'],,,ok
0001628280-25-001433,1662579,2025-01-14,['CCCC'],,,ok
0001628280-24-050349,1662579,2024-12-09,['CCCC'],,,ok
0001628280-24-029301,1662579,2024-06-21,['CCCC'],,,ok
0001628280-24-001085,1662579,2024-01-11,['CCCC'],,,ok
0001628280-24-000947,1662579,2024-01-09,['CCCC'],,,ok
0001628280-23-041317,1662579,2023-12-12,['CCCC'],,,ok
0001628280-23-022597,1662579,2023-06-20,['CCCC'],,,ok
0001628280-23-000725,1662579,2023-01-09,['CCCC'],,,ok
0001564590-22-013950,1662579,2022-04-08,['CCCC'],,,ok
0001564590-22-000773,1662579,2022-01-10,['CCCC'],,,ok
0001564590-21-043428,1662579,2021-08-11,['CCCC'],,,ok
0001564590-21-033633,1662579,2021-06-21,['CCCC'],,,ok
0001564590-21-031858,1662579,2021-06-07,['CCCC'],,,ok
0001564590-21-030041,1662579,2021-05-26,['CCCC'],,,ok
0001564590-21-001015,1662579,2021-01-12,['CCCC'],,,ok
0001564590-20-054669,1662579,2020-11-19,['CCCC'],,,ok
0001193125-20-291672,1662579,2020-11-12,['CCCC'],,,ok
0001477932-26-005329,1187953,2026-08-31,['CELZ'],,,ok
0001477932-24-008314,1187953,2024-12-26,['CELZ'],,,ok
0001193125-26-411011,1789972,2026-10-02,['CGEM'],"February 27, 2027","inib monotherapy in this indication remains under FDA review, with a Prescription Drug User Fee Act target action date of February 27, 2027. The Company is eligible to receive (i) a $30.0 million payment from Taiho upon U.S. regulatory app",ok
0001193125-26-389844,1789972,2026-09-14,['CGEM'],,,ok
0001193125-26-347400,1789972,2026-08-13,['CGEM'],,,ok
0001193125-26-264916,1789972,2026-06-10,['CGEM'],,,ok
0001193125-26-260640,1789972,2026-06-08,['CGEM'],,,ok
0001193125-26-229173,1789972,2026-05-18,['CGEM'],,,ok
0001193125-26-006998,1789972,2026-01-08,['CGEM'],,,ok
0001193125-25-310764,1789972,2025-12-08,['CGEM'],,,ok
0001193125-25-261799,1789972,2025-11-03,['CGEM'],,,ok
0000950170-25-112949,1789972,2025-09-04,['CGEM'],,,ok
0000950170-25-081601,1789972,2025-06-04,['CGEM'],,,ok
0000950170-25-010199,1789972,2025-01-29,['CGEM'],,,ok
0000950170-24-114841,1789972,2024-10-16,['CGEM'],,,ok
0000950170-24-107011,1789972,2024-09-17,['CGEM'],,,ok
0000950170-24-078554,1789972,2024-06-27,['CGEM'],,,ok
0000950170-24-067662,1789972,2024-06-03,['CGEM'],,,ok
0000950170-24-064025,1789972,2024-05-23,['CGEM'],,,ok
0000950170-24-044593,1789972,2024-04-16,['CGEM'],,,ok
0000950170-24-002745,1789972,2024-01-08,['CGEM'],,,ok
0001193125-23-154347,1789972,2023-05-25,['CGEM'],,,ok
0001193125-23-036285,1789972,2023-02-14,['CGEM'],,,ok
0001193125-22-181528,1789972,2022-06-24,['CGEM'],,,ok
0001193125-22-147984,1789972,2022-05-12,['CGEM'],,,ok
0001193125-21-358521,1789972,2021-12-16,['CGEM'],,,ok
0001193125-21-205693,1789972,2021-07-01,['CGEM'],,,ok
0001193125-21-182269,1789972,2021-06-04,['CGEM'],,,ok
0001193125-26-008329,1991792,2026-01-09,['CGON'],,,ok
0001991792-25-000007,1991792,2025-09-09,['CGON'],,,ok
0001991792-25-000004,1991792,2025-09-05,['CGON'],,,ok
0000950170-25-083088,1991792,2025-06-06,['CGON'],,,ok
0000950170-25-058956,1991792,2025-04-28,['CGON'],,,ok
0000950170-25-043497,1991792,2025-03-24,['CGON'],,,ok
0001193125-24-271116,1991792,2024-12-05,['CGON'],,,ok
0000950170-24-064309,1991792,2024-05-24,['CGON'],,,ok
0001193125-24-130800,1991792,2024-05-03,['CGON'],,,ok
0001104659-26-077060,1455365,2026-06-24,['CGTX'],,,ok
0001104659-26-070345,1455365,2026-06-04,['CGTX'],,,ok
0001104659-26-034876,1455365,2026-03-26,['CGTX'],,,ok
0001104659-26-006813,1455365,2026-01-27,['CGTX'],,,ok
0001104659-25-089737,1455365,2025-09-15,['CGTX'],,,ok
0001104659-25-061142,1455365,2025-06-20,['CGTX'],,,ok
0001104659-25-055089,1455365,2025-06-02,['CGTX'],,,ok
0001104659-25-045886,1455365,2025-05-08,['CGTX'],,,ok
0001104659-25-017178,1455365,2025-02-26,['CGTX'],,,ok
0001104659-25-006732,1455365,2025-01-28,['CGTX'],,,ok
0001104659-25-002939,1455365,2025-01-13,['CGTX'],,,ok
0001104659-24-104541,1455365,2024-10-01,['CGTX'],,,ok
0001104659-24-093660,1455365,2024-08-28,['CGTX'],,,ok
0001104659-24-083280,1455365,2024-07-29,['CGTX'],,,ok
0001104659-24-069635,1455365,2024-06-07,['CGTX'],,,ok
0001104659-24-032979,1455365,2024-03-11,['CGTX'],,,ok
0001104659-24-001369,1455365,2024-01-04,['CGTX'],,,ok
0001104659-23-099856,1455365,2023-09-12,['CGTX'],,,ok
0001104659-23-094705,1455365,2023-08-24,['CGTX'],,,ok
0001104659-23-075552,1455365,2023-06-28,['CGTX'],,,ok
0001104659-23-046980,1455365,2023-04-19,['CGTX'],,,ok
0001104659-23-037397,1455365,2023-03-28,['CGTX'],,,ok
0001104659-23-032522,1455365,2023-03-15,['CGTX'],,,ok
0001104659-23-030852,1455365,2023-03-10,['CGTX'],,,ok
0001104659-23-024079,1455365,2023-02-22,['CGTX'],,,ok
0001104659-23-019050,1455365,2023-02-13,['CGTX'],,,ok
0001104659-22-119599,1455365,2022-11-16,['CGTX'],,,ok
0001104659-22-095338,1455365,2022-08-29,['CGTX'],,,ok
0001104659-22-071645,1455365,2022-06-16,['CGTX'],,,ok
0001104659-22-033722,1455365,2022-03-15,['CGTX'],,,ok
0001104659-22-002474,1455365,2022-01-10,['CGTX'],,,ok
0001104659-26-068615,1512762,2026-06-01,['CHRS'],,,ok
0001104659-26-003117,1512762,2026-01-13,['CHRS'],,,ok
0001558370-25-002842,1512762,2025-03-13,['CHRS'],,,ok
0001558370-25-000167,1512762,2025-01-13,['CHRS'],,,ok
0001558370-24-012783,1512762,2024-09-13,['CHRS'],,,ok
0001558370-24-000166,1512762,2024-01-10,['CHRS'],,,ok
0001104659-23-129338,1512762,2023-12-27,['CHRS'],,,ok
0001558370-23-019328,1512762,2023-11-27,['CHRS'],,,ok
0001558370-23-016949,1512762,2023-10-27,['CHRS'],,,ok
0001558370-23-010652,1512762,2023-05-31,['CHRS'],,,ok
0001558370-20-012841,1512762,2020-11-05,['CHRS'],,,ok
0001558370-20-009645,1512762,2020-08-06,['CHRS'],,,ok
0001493152-26-029374,1855485,2026-06-18,['CLDI'],,,ok
0001493152-26-005840,1855485,2026-02-10,['CLDI'],,,ok
0001493152-26-004089,1855485,2026-01-29,['CLDI'],,,ok
0001493152-25-019353,1855485,2025-10-24,['CLDI'],,,ok
0001641172-25-026066,1855485,2025-08-29,['CLDI'],,,ok
0001641172-25-018808,1855485,2025-07-11,['CLDI'],,,ok
0001493152-25-001567,1855485,2025-01-10,['CLDI'],,,ok
0001493152-24-041633,1855485,2024-10-18,"['CLDI', 'CLDI.WS']",,,ok
0001493152-24-038718,1855485,2024-09-30,"['CLDI', 'CLDI.WS']",,,ok
0001493152-24-037858,1855485,2024-09-24,"['CLDI', 'CLDI.WS']",,,ok
0001493152-24-035939,1855485,2024-09-12,"['CLDI', 'CLDI.WS']",,,ok
0001493152-24-033579,1855485,2024-08-22,"['CLDI', 'CLDI.WS']",,,ok
0001493152-24-023520,1855485,2024-06-12,"['CLDI', 'CLDI.WS']",,,ok
0001493152-24-015397,1855485,2024-04-19,"['CLDI', 'CLDI.WS']",,,ok
0001493152-24-008203,1855485,2024-02-28,"['CLDI', 'CLDI.WS']",,,ok
0001493152-24-005220,1855485,2024-02-07,"['CLDI', 'CLDI.WS']",,,ok
0001493152-24-001163,1855485,2024-01-05,"['CLDI', 'CLDI.WS']",,,ok
0001493152-23-045437,1855485,2023-12-19,"['CLDI', 'CLDI.WS']",,,ok
0001171843-26-004428,1738021,2026-07-01,['CMPX'],,,ok
0001171843-26-002720,1738021,2026-04-27,['CMPX'],,,ok
0001171843-26-000083,1738021,2026-01-06,['CMPX'],,,ok
0001171843-25-005260,1738021,2025-08-11,['CMPX'],,,ok
0001171843-25-001900,1738021,2025-04-01,['CMPX'],,,ok
0001171843-25-000116,1738021,2025-01-08,['CMPX'],,,ok
0001171843-24-002220,1738021,2024-04-25,['CMPX'],,,ok
0001171843-24-000082,1738021,2024-01-05,['CMPX'],,,ok
0001171843-23-000338,1738021,2023-01-19,['CMPX'],,,ok
0001171843-22-003159,1738021,2022-05-04,['CMPX'],,,ok
0001171843-22-000369,1738021,2022-01-20,['CMPX'],,,ok
0000950170-21-002562,1738021,2021-11-01,['CMPX'],,,ok
0000950170-21-000411,1738021,2021-06-30,['CMPX'],,,ok
0001193125-21-182106,1738021,2021-06-04,['CMPX'],,,ok
0001619856-26-000043,1619856,2026-06-11,['CRBU'],,,ok
0001619856-26-000012,1619856,2026-03-31,['CRBU'],,,ok
0001619856-25-000065,1619856,2025-11-03,['CRBU'],,,ok
0001619856-25-000060,1619856,2025-08-12,['CRBU'],,,ok
0001619856-25-000040,1619856,2025-05-08,['CRBU'],,,ok
0001619856-25-000023,1619856,2025-04-24,['CRBU'],,,ok
0001619856-24-000054,1619856,2024-07-16,['CRBU'],,,ok
0001619856-24-000046,1619856,2024-06-03,['CRBU'],,,ok
0001619856-24-000018,1619856,2024-04-04,['CRBU'],,,ok
0001619856-23-000134,1619856,2023-12-12,['CRBU'],,,ok
0001619856-23-000116,1619856,2023-10-18,['CRBU'],,,ok
0001619856-23-000087,1619856,2023-07-13,['CRBU'],,,ok
0001619856-23-000084,1619856,2023-07-13,['CRBU'],,,ok
0001619856-23-000055,1619856,2023-04-04,['CRBU'],,,ok
0001619856-23-000049,1619856,2023-03-29,['CRBU'],,,ok
0001619856-22-000036,1619856,2022-12-12,['CRBU'],,,ok
0001619856-22-000029,1619856,2022-11-29,['CRBU'],,,ok
0001619856-22-000025,1619856,2022-11-21,['CRBU'],,,ok
0000950170-22-016031,1619856,2022-08-09,['CRBU'],,,ok
0000950170-22-011433,1619856,2022-06-10,['CRBU'],,,ok
0000950170-22-011024,1619856,2022-06-01,['CRBU'],,,ok
0000950170-22-009499,1619856,2022-05-12,['CRBU'],,,ok
0001193125-26-267563,1213037,2026-06-11,['CRDF'],,,ok
0001193125-26-254658,1213037,2026-06-03,['CRDF'],,,ok
0001193125-26-068668,1213037,2026-02-25,['CRDF'],,,ok
0001193125-26-067476,1213037,2026-02-24,['CRDF'],,,ok
0001641172-25-016659,1213037,2025-06-26,['CRDF'],,,ok
0000950170-24-134749,1213037,2024-12-10,['CRDF'],,,ok
0001628280-24-029108,1213037,2024-06-20,['CRDF'],,,ok
0001628280-24-007972,1213037,2024-02-29,['CRDF'],,,ok
0001628280-24-000780,1213037,2024-01-08,['CRDF'],,,ok
0001628280-23-033014,1213037,2023-09-26,['CRDF'],,,ok
0001104659-23-088391,1213037,2023-08-07,['CRDF'],,,ok
0001628280-23-022271,1213037,2023-06-15,['CRDF'],,,ok
0001628280-22-025855,1213037,2022-10-03,['CRDF'],,,ok
0001628280-22-024744,1213037,2022-09-12,['CRDF'],,,ok
0001628280-22-016711,1213037,2022-06-09,['CRDF'],,,ok
0001628280-22-008804,1213037,2022-04-08,['CRDF'],,,ok
0001628280-22-001039,1213037,2022-01-18,['CRDF'],,,ok
0001628280-21-018216,1213037,2021-09-08,['CRDF'],,,ok
0001628280-21-012005,1213037,2021-06-10,['CRDF'],,,ok
0001628280-21-011401,1213037,2021-06-01,['CRDF'],,,ok
0001628280-21-006756,1213037,2021-04-12,['CRDF'],,,ok
0001628280-21-000813,1213037,2021-01-26,['CRDF'],,,ok
0001628280-21-000474,1213037,2021-01-15,['CRDF'],,,ok
0001628280-20-017151,1213037,2020-12-07,['CRDF'],,,ok
0001628280-20-016701,1213037,2020-11-23,['CRDF'],,,ok
0001628280-20-015736,1213037,2020-11-05,['CRDF'],,,ok
0001628280-20-014591,1213037,2020-10-20,['CRDF'],,,ok
0001628280-20-013800,1213037,2020-09-22,['CRDF'],,,ok
0001628280-20-013690,1213037,2020-09-17,['CRDF'],,,ok
0001628280-20-012429,1213037,2020-08-11,['CRDF'],,,ok
0001108205-26-000071,1108205,2026-06-25,['CRIS'],,,ok
0001108205-26-000065,1108205,2026-05-22,['CRIS'],,,ok
0001108205-26-000016,1108205,2026-03-17,['CRIS'],,,ok
0001108205-25-000072,1108205,2025-07-02,['CRIS'],,,ok
0001108205-25-000053,1108205,2025-05-22,['CRIS'],,,ok
0001108205-25-000022,1108205,2025-03-28,['CRIS'],,,ok
0001108205-24-000047,1108205,2024-05-23,['CRIS'],,,ok
0001108205-24-000035,1108205,2024-05-14,['CRIS'],,,ok
0001108205-24-000003,1108205,2024-01-11,['CRIS'],,,ok
0001108205-23-000066,1108205,2023-09-28,['CRIS'],,,ok
0001108205-23-000054,1108205,2023-07-06,['CRIS'],,,ok
0001193125-22-233468,1108205,2022-08-30,['CRIS'],,,ok
0001193125-22-223699,1108205,2022-08-18,['CRIS'],,,ok
0001193125-22-166212,1108205,2022-06-02,['CRIS'],,,ok
0001193125-22-101017,1108205,2022-04-11,['CRIS'],,,ok
0001193125-22-094363,1108205,2022-04-04,['CRIS'],,,ok
0001193125-22-003127,1108205,2022-01-06,['CRIS'],,,ok
0001564590-21-032550,1108205,2021-06-11,['CRIS'],,,ok
0001193125-21-179839,1108205,2021-06-02,['CRIS'],,,ok
0001193125-20-312239,1108205,2020-12-08,['CRIS'],,,ok
0001564590-20-052943,1108205,2020-11-10,['CRIS'],,,ok
0001564590-20-036108,1108205,2020-08-04,['CRIS'],,,ok
0001193125-26-009880,1674416,2026-01-12,['CRSP'],,,ok
0000950170-25-090170,1674416,2025-06-26,['CRSP'],,,ok
0000950170-25-083799,1674416,2025-06-09,['CRSP'],,,ok
0000950170-25-074428,1674416,2025-05-19,['CRSP'],,,ok
0001193125-24-032825,1674416,2024-02-13,['CRSP'],,,ok
0000950170-24-004616,1674416,2024-01-16,['CRSP'],,,ok
0000950170-23-070582,1674416,2023-12-15,['CRSP'],,,ok
0000950170-23-068974,1674416,2023-12-08,['CRSP'],,,ok
0000950170-23-067774,1674416,2023-12-04,['CRSP'],,,ok
0000950170-23-064341,1674416,2023-11-16,['CRSP'],,,ok
0000950170-23-027129,1674416,2023-06-09,['CRSP'],"December 8, 2023","ted Priority Review for SCD and Standard Review for TDT and assigned Prescription Drug User Fee Act target action dates of December 8, 2023 and March 30, 2024, respectively. On June 9, 2023, the Company and Vertex announced that both pivot",ok
0000950170-23-027277,1674416,2023-06-09,['CRSP'],,,ok
0000950170-23-011476,1674416,2023-04-03,['CRSP'],,,ok
0000950170-22-018864,1674416,2022-09-27,['CRSP'],,,ok
0000950170-22-011912,1674416,2022-06-21,['CRSP'],,,ok
0000950170-22-011518,1674416,2022-06-13,['CRSP'],,,ok
0000950170-22-011570,1674416,2022-06-13,['CRSP'],,,ok
0000950170-22-009648,1674416,2022-05-12,['CRSP'],,,ok
0001193125-21-336045,1674416,2021-11-22,['CRSP'],,,ok
0001193125-21-296954,1674416,2021-10-12,['CRSP'],,,ok
0001564590-21-032800,1674416,2021-06-14,['CRSP'],,,ok
0001564590-21-032552,1674416,2021-06-11,['CRSP'],,,ok
0001564590-20-056242,1674416,2020-12-07,['CRSP'],,,ok
0001564590-20-050215,1674416,2020-11-04,['CRSP'],,,ok
0001564590-20-048167,1674416,2020-10-28,['CRSP'],,,ok
0001564590-20-047025,1674416,2020-10-21,['CRSP'],,,ok
0001564590-20-033596,1674416,2020-07-27,['CRSP'],,,ok
0001628280-26-061383,771856,2026-09-10,['CSBR'],,,ok
0001628280-25-045241,771856,2025-10-16,['CSBR'],,,ok
0001628280-24-042780,771856,2024-10-15,['CSBR'],,,ok
0001628280-23-034703,771856,2023-10-19,['CSBR'],,,ok
0001628280-22-026738,771856,2022-10-20,['CSBR'],,,ok
0001628280-21-020321,771856,2021-10-21,['CSBR'],,,ok
0001628280-20-017470,771856,2020-12-14,['CSBR'],,,ok
0001628280-20-014644,771856,2020-10-21,['CSBR'],,,ok
0001628280-20-014503,771856,2020-10-15,['CSBR'],,,ok
0001628280-20-013549,771856,2020-09-14,['CSBR'],,,ok
0001628280-20-010661,771856,2020-07-27,['CSBR'],,,ok
0001628280-20-000084,771856,2020-01-03,['CSBR'],,,ok
0001654954-26-007691,725363,2026-08-17,['CVM'],,,ok
0001654954-25-005876,725363,2025-05-19,['CVM'],,,ok
0001654954-24-011975,725363,2024-09-17,['CVM'],,,ok
0001654954-24-009490,725363,2024-07-26,['CVM'],,,ok
0001654954-24-004820,725363,2024-04-19,['CVM'],,,ok
0001654954-23-009042,725363,2023-07-12,['CVM'],,,ok
0001654954-23-007119,725363,2023-05-23,['CVM'],,,ok
0001654954-22-008281,725363,2022-06-13,['CVM'],,,ok
0001654954-21-007693,725363,2021-07-07,['CVM'],,,ok
0001654954-21-007536,725363,2021-07-02,['CVM'],,,ok
0001654954-20-013974,725363,2020-12-29,['CVM'],,,ok
0001193125-26-084251,1613780,2026-03-02,['DBVT'],,,ok
0001193125-25-320901,1613780,2025-12-16,['DBVT'],,,ok
0001193125-25-060850,1613780,2025-03-24,['DBVT'],,,ok
0001193125-25-003574,1613780,2025-01-08,['DBVT'],,,ok
0001193125-24-275646,1613780,2024-12-11,['DBVT'],,,ok
0001193125-24-241114,1613780,2024-10-22,['DBVT'],,,ok
0001193125-23-274580,1613780,2023-11-09,['DBVT'],,,ok
0001193125-23-141488,1613780,2023-05-11,['DBVT'],,,ok
0001193125-23-106920,1613780,2023-04-20,['DBVT'],,,ok
0001193125-22-311617,1613780,2022-12-23,['DBVT'],,,ok
0001193125-22-248536,1613780,2022-09-22,['DBVT'],,,ok
0001193125-22-169395,1613780,2022-06-07,['DBVT'],,,ok
0001193125-21-009145,1613780,2021-01-14,['DBVT'],,,ok
0001628280-26-051041,1830214,2026-07-30,['DNA'],,,ok
0001628280-26-042932,1830214,2026-06-12,['DNA'],,,ok
0001628280-24-037384,1830214,2024-08-15,"['DNA', 'DNA.WS']",,,ok
0001628280-24-001000,1830214,2024-01-10,"['DNA', 'DNA.WS']",,,ok
0000950170-23-028975,1830214,2023-06-20,"['DNA', 'DNA.WS']",,,ok
0000950170-23-000640,1830214,2023-01-11,"['DNA', 'DNA.WS']",,,ok
0000950170-22-011589,1830214,2022-06-14,"['DNA', 'DNA.WS']",,,ok
0000950170-22-000245,1830214,2022-01-12,"['DNA', 'DNA.WS']",,,ok
0001714899-26-000070,1714899,2026-05-22,['DNLI'],,,ok
0001714899-26-000036,1714899,2026-03-31,['DNLI'],,,ok
0001714899-26-000030,1714899,2026-03-25,['DNLI'],,,ok
0001714899-26-000004,1714899,2026-01-06,['DNLI'],"April 5, 2026","d and Drug Administration (FDA) accelerated approval pathway with a Prescription Drug User Fee Act (PDUFA) target action date of April 5, 2026. Results from the open-label Phase 1/2 clinical trial of tividenofusp alfa were published in the Ja",ok
0001714899-25-000209,1714899,2025-12-04,['DNLI'],"April 5, 2026"," review with the U.S. Food and Drug Administration (“FDA”), with a Prescription Drug User Fee Act (“PDUFA”) target action date of April 5, 2026. A Late Cycle Meeting with the FDA has been completed and labeling discussions are underway. Commer",ok
0001714899-25-000180,1714899,2025-10-14,['DNLI'],"January 5, 2026","g that the U.S. Food and Drug Administration (FDA) has extended the Prescription Drug User Fee Act (PDUFA) date for the Company’s Biologics License Application (BLA) seeking accelerated approval of tividenofusp alfa for the treatment of mucopolysaccharidosis type II (MPS II), also known as Hunter syndrome. The FDA extended the PDUFA action date from January 5, 2026 to April 5, 2026 to allow for the review of updated clinical pharmacological information which was ",ok
0001714899-25-000146,1714899,2025-07-07,['DNLI'],"January 5, 2026","iologics License Application (BLA) for Tividenofusp Alfa for Hunter Syndrome (MPS II) • FDA assigns PDUFA target action date of January 5, 2026, for decision on accelerated approval • Tividenofusp alfa is designed to deliver missing enzyme to ",ok
0001714899-25-000072,1714899,2025-03-05,['DNLI'],,,ok
0001714899-25-000054,1714899,2025-01-13,['DNLI'],,,ok
0001714899-25-000007,1714899,2025-01-07,['DNLI'],,,ok
0001714899-24-000205,1714899,2024-10-10,['DNLI'],,,ok
0001714899-24-000065,1714899,2024-02-16,['DNLI'],,,ok
0001714899-24-000031,1714899,2024-01-08,['DNLI'],,,ok
0001714899-23-000103,1714899,2023-06-20,['DNLI'],,,ok
0001714899-23-000008,1714899,2023-01-09,['DNLI'],,,ok
0001714899-22-000105,1714899,2022-07-05,['DNLI'],,,ok
0001193125-22-039150,1714899,2022-02-14,['DNLI'],,,ok
0001714899-22-000014,1714899,2022-01-10,['DNLI'],,,ok
0001714899-21-000066,1714899,2021-07-26,['DNLI'],,,ok
0001714899-21-000018,1714899,2021-02-12,['DNLI'],,,ok
0001714899-20-000122,1714899,2020-11-10,['DNLI'],,,ok
0001714899-20-000116,1714899,2020-11-05,['DNLI'],,,ok
0001714899-20-000091,1714899,2020-08-07,['DNLI'],,,ok
0001714899-20-000075,1714899,2020-08-06,['DNLI'],,,ok
0001714899-20-000034,1714899,2020-04-02,['DNLI'],,,ok
0001628280-26-046340,1357874,2026-07-01,['DTIL'],,,ok
0001628280-26-038307,1357874,2026-05-27,['DTIL'],,,ok
0001628280-26-038220,1357874,2026-05-26,['DTIL'],,,ok
0001628280-26-007114,1357874,2026-02-11,['DTIL'],,,ok
0001628280-26-001955,1357874,2026-01-13,['DTIL'],,,ok
0001628280-25-051168,1357874,2025-11-10,['DTIL'],,,ok
0001628280-25-038094,1357874,2025-08-06,['DTIL'],,,ok
0000950170-25-080564,1357874,2025-06-03,['DTIL'],,,ok
0000950170-25-072016,1357874,2025-05-15,['DTIL'],,,ok
0000950170-25-003290,1357874,2025-01-08,['DTIL'],,,ok
0000950170-24-116864,1357874,2024-10-24,['DTIL'],,,ok
0000950170-24-071082,1357874,2024-06-10,['DTIL'],,,ok
0000950170-24-044831,1357874,2024-04-16,['DTIL'],,,ok
0000950170-24-005581,1357874,2024-01-19,['DTIL'],,,ok
0000950170-24-003761,1357874,2024-01-11,['DTIL'],,,ok
0000950170-23-047585,1357874,2023-09-12,['DTIL'],,,ok
0000950170-23-025091,1357874,2023-05-31,['DTIL'],,,ok
0000950170-23-013169,1357874,2023-04-18,['DTIL'],,,ok
0000950170-23-000453,1357874,2023-01-09,['DTIL'],,,ok
0000950170-22-022894,1357874,2022-11-08,['DTIL'],,,ok
0001564590-22-028298,1357874,2022-08-08,['DTIL'],,,ok
0001564590-22-025887,1357874,2022-07-18,['DTIL'],,,ok
0001564590-22-022723,1357874,2022-06-08,['DTIL'],,,ok
0001564590-22-018699,1357874,2022-05-09,['DTIL'],,,ok
0001564590-22-014047,1357874,2022-04-11,['DTIL'],,,ok
0001564590-22-000780,1357874,2022-01-10,['DTIL'],,,ok
0001564590-21-060064,1357874,2021-12-13,['DTIL'],,,ok
0001564590-21-051356,1357874,2021-10-21,['DTIL'],,,ok
0001564590-21-047407,1357874,2021-09-09,['DTIL'],,,ok
0001564590-21-035991,1357874,2021-07-07,['DTIL'],,,ok
0001564590-21-031676,1357874,2021-06-04,['DTIL'],,,ok
0001564590-21-026979,1357874,2021-05-12,['DTIL'],,,ok
0001564590-21-019003,1357874,2021-04-15,['DTIL'],,,ok
0001564590-21-001996,1357874,2021-01-25,['DTIL'],,,ok
0001564590-21-000765,1357874,2021-01-11,['DTIL'],,,ok
0001564590-20-056121,1357874,2020-12-04,['DTIL'],,,ok
0001564590-20-052729,1357874,2020-11-10,['DTIL'],,,ok
0001564590-20-039796,1357874,2020-08-13,['DTIL'],,,ok
0001564590-20-031756,1357874,2020-07-06,['DTIL'],,,ok
0001564590-20-015378,1357874,2020-04-06,['DTIL'],,,ok
0001493152-26-028700,1213809,2026-06-15,"['DIL', 'DYAI']",,,ok
0001641172-25-020731,1213809,2025-07-23,"['DIL', 'DYAI']",,,ok
0001437749-25-021169,1213809,2025-06-24,"['DIL', 'DYAI']",,,ok
0001437749-24-019968,1213809,2024-06-11,"['DIL', 'DYAI']",,,ok
0001437749-23-017151,1213809,2023-06-13,"['DIL', 'DYAI']",,,ok
0001437749-23-000222,1213809,2023-01-04,"['DIL', 'DYAI']",,,ok
0001437749-22-024885,1213809,2022-10-27,"['DIL', 'DYAI']",,,ok
0001437749-22-022256,1213809,2022-09-13,"['DIL', 'DYAI']",,,ok
0001437749-22-014872,1213809,2022-06-13,"['DIL', 'DYAI']",,,ok
0001437749-21-027648,1213809,2021-12-02,"['DIL', 'DYAI']",,,ok
0001437749-21-014714,1213809,2021-06-14,"['DIL', 'DYAI']",,,ok
0001437749-21-003191,1213809,2021-02-18,"['DIL', 'DYAI']",,,ok
0001213809-20-000035,1213809,2020-11-12,"['DIL', 'DYAI']",,,ok
0001213809-20-000034,1213809,2020-10-13,"['DIL', 'DYAI']",,,ok
0001213809-20-000030,1213809,2020-08-13,"['DIL', 'DYAI']",,,ok
0001213809-20-000027,1213809,2020-07-01,"['DIL', 'DYAI']",,,ok
0001213809-20-000010,1213809,2020-01-06,"['DIL', 'DYAI']",,,ok
0001104659-26-065908,1650664,2026-05-26,['EDIT'],,,ok
0001650664-25-000134,1650664,2025-09-02,['EDIT'],,,ok
0001650664-25-000106,1650664,2025-06-12,['EDIT'],,,ok
0001650664-25-000081,1650664,2025-05-14,['EDIT'],,,ok
0001650664-25-000077,1650664,2025-05-13,['EDIT'],,,ok
0001650664-25-000003,1650664,2025-01-13,['EDIT'],,,ok
0001650664-24-000138,1650664,2024-12-10,['EDIT'],,,ok
0001650664-24-000114,1650664,2024-10-22,['EDIT'],,,ok
0001650664-24-000078,1650664,2024-06-14,['EDIT'],,,ok
0001650664-24-000050,1650664,2024-05-31,['EDIT'],,,ok
0001650664-23-000034,1650664,2023-12-11,['EDIT'],,,ok
0001558370-23-010931,1650664,2023-06-09,['EDIT'],,,ok
0001558370-23-010811,1650664,2023-06-05,['EDIT'],,,ok
0001558370-22-018383,1650664,2022-12-06,['EDIT'],,,ok
0001558370-22-018016,1650664,2022-11-17,['EDIT'],,,ok
0001558370-22-009970,1650664,2022-06-13,['EDIT'],,,ok
0001558370-21-012862,1650664,2021-09-29,['EDIT'],,,ok
0001558370-21-008121,1650664,2021-06-08,['EDIT'],,,ok
0001104659-21-005360,1650664,2021-01-19,['EDIT'],,,ok
0001558370-20-012865,1650664,2020-11-05,['EDIT'],,,ok
0001558370-20-009648,1650664,2020-08-06,['EDIT'],,,ok
0001193125-26-349936,1861123,2026-08-14,['EIKN'],,,ok
0001193125-26-249725,1861123,2026-06-01,['EIKN'],,,ok
0001193125-26-216744,1861123,2026-05-11,['EIKN'],,,ok
0001104659-23-101394,1035354,2023-09-18,['ELOX'],,,ok
0001104659-23-098843,1035354,2023-09-07,['ELOX'],,,ok
0001104659-23-093964,1035354,2023-08-21,['ELOX'],,,ok
0001104659-23-080576,1035354,2023-07-13,['ELOX'],,,ok
0001104659-23-073875,1035354,2023-06-23,['ELOX'],,,ok
0001104659-23-071430,1035354,2023-06-15,['ELOX'],,,ok
0001104659-23-063884,1035354,2023-05-24,['ELOX'],,,ok
0001104659-22-100245,1035354,2022-09-15,['ELOX'],,,ok
0001104659-22-071891,1035354,2022-06-16,['ELOX'],,,ok
0001104659-21-140321,1035354,2021-11-17,['ELOX'],,,ok
0001104659-21-115077,1035354,2021-09-13,['ELOX'],,,ok
0001104659-21-052602,1035354,2021-04-20,['ELOX'],,,ok
0001104659-21-045226,1035354,2021-04-01,['ELOX'],,,ok
0001104659-20-121826,1035354,2020-11-05,['ELOX'],,,ok
0001104659-20-091159,1035354,2020-08-06,['ELOX'],,,ok
0001104659-20-089953,1035354,2020-08-04,['ELOX'],,,ok
0001104659-26-074660,1708527,2026-06-16,"['AZYO', 'ELUT']",,,ok
0001104659-26-002742,1708527,2026-01-12,"['AZYO', 'ELUT']",,,ok
0001558370-25-008401,1708527,2025-06-04,"['AZYO', 'ELUT']",,,ok
0001104659-25-008297,1708527,2025-02-03,"['AZYO', 'ELUT']",,,ok
0001104659-24-072044,1708527,2024-06-17,"['AZYO', 'ELUT']",,,ok
0001558370-24-009020,1708527,2024-06-07,"['AZYO', 'ELUT']",,,ok
0001193125-26-384380,1980845,2026-09-08,"['ENGN', 'ENGNW']",,,ok
0001193125-26-307795,1980845,2026-07-17,"['ENGN', 'ENGNW']",,,ok
0001193125-26-210316,1980845,2026-05-07,"['ENGN', 'ENGNW']",,,ok
0001193125-25-275722,1980845,2025-11-12,"['ENGN', 'ENGNW']",,,ok
0000950170-25-112674,1980845,2025-09-03,"['ENGN', 'ENGNW']",,,ok
0000950170-24-109463,1980845,2024-09-26,"['ENGN', 'ENGNW']",,,ok
0000950170-24-103727,1980845,2024-09-05,"['ENGN', 'ENGNW']",,,ok
0000950170-24-073326,1980845,2024-06-14,"['ENGN', 'ENGNW']",,,ok
0001193125-24-035074,1980845,2024-02-14,"['ENGN', 'ENGNW']",,,ok
0001178913-26-003510,1638097,2026-07-16,['ENTX'],,,ok
0001178913-25-002484,1638097,2025-07-28,['ENTX'],,,ok
0001178913-25-002406,1638097,2025-07-18,['ENTX'],,,ok
0001178913-24-002393,1638097,2024-08-02,['ENTX'],,,ok
0001178913-23-003142,1638097,2023-09-13,['ENTX'],,,ok
0001178913-22-003589,1638097,2022-10-06,"['ENTX', 'ENTXW']",,,ok
0001178913-22-003369,1638097,2022-09-09,"['ENTX', 'ENTXW']",,,ok
0001178913-22-002842,1638097,2022-08-01,"['ENTX', 'ENTXW']",,,ok
0001213900-26-073847,1844417,2026-06-30,"['ESLA', 'ESLAW']",,,ok
0001213900-24-031716,1844417,2024-04-10,"['ESLA', 'ESLAW']",,,ok
0000939767-26-000108,939767,2026-09-11,['EXEL'],,,ok
0000939767-26-000074,939767,2026-05-29,['EXEL'],,,ok
0000939767-26-000003,939767,2026-01-12,['EXEL'],,,ok
0000939767-25-000097,939767,2025-06-02,['EXEL'],,,ok
0000939767-25-000004,939767,2025-01-13,['EXEL'],"April 3, 2025","al New Drug Application (sNDA) for this proposed indication, with a Prescription Drug User Fee Act (PDUFA) target action date of April 3, 2025. Fiscal Year 2024 Fiscal Year 2025 Guidance Total revenues ~ $2.165 billion $2.15 billion - $2.25 b",ok
0000939767-24-000081,939767,2024-06-03,['EXEL'],,,ok
0000939767-24-000002,939767,2024-01-08,['EXEL'],,,ok
0000939767-23-000069,939767,2023-06-05,['EXEL'],,,ok
0000939767-23-000003,939767,2023-01-09,['EXEL'],,,ok
0000939767-22-000070,939767,2022-05-27,['EXEL'],,,ok
0000939767-22-000010,939767,2022-01-10,['EXEL'],,,ok
0000939767-21-000057,939767,2021-05-27,['EXEL'],,,ok
0000939767-21-000005,939767,2021-01-11,['EXEL'],"February 20, 2021","t for patients with advanced renal cell carcinoma (RCC), which has a Prescription Drug Use Fee Act (PDUFA) target action date of February 20, 2021. Preliminary Fourth Quarter and Full Year 2020 Financial Results & 2021 Financial Guidance Exelixis",ok
0000939767-20-000149,939767,2020-11-05,['EXEL'],"February 20, 2021"," (sBLA), granted Priority Review to both applications and assigned a Prescription Drug User Fee Act goal date, or target action date, of February 20, 2021. Completion of Patient Enrollment for the COSMIC-312 Phase 3 Pivotal Trial in Previously Untreated ",ok
0000939767-20-000116,939767,2020-08-06,['EXEL'],,,ok
0001493152-26-021589,2010788,2026-05-07,"['EXOZ', 'IZTC']",,,ok
0001493152-26-013733,2010788,2026-03-31,"['EXOZ', 'IZTC']",,,ok
0001493152-25-022295,2010788,2025-11-13,"['EXOZ', 'IZTC']",,,ok
0001493152-25-016831,2010788,2025-10-03,"['EXOZ', 'IZTC']",,,ok
0001641172-25-021084,2010788,2025-07-28,"['EXOZ', 'IZTC']",,,ok
0001641172-25-018053,2010788,2025-07-08,"['EXOZ', 'IZTC']",,,ok
0001193125-26-271055,1434316,2026-06-15,['FATE'],,,ok
0001193125-26-257558,1434316,2026-06-04,['FATE'],,,ok
0001193125-25-132301,1434316,2025-05-30,['FATE'],,,ok
0001193125-24-157554,1434316,2024-06-07,['FATE'],,,ok
0001193125-24-134840,1434316,2024-05-09,['FATE'],,,ok
0000950170-23-027262,1434316,2023-06-09,['FATE'],,,ok
0000950170-23-026747,1434316,2023-06-07,['FATE'],,,ok
0000950170-22-011554,1434316,2022-06-13,['FATE'],,,ok
0001193125-21-356947,1434316,2021-12-14,['FATE'],,,ok
0001193125-21-184402,1434316,2021-06-07,['FATE'],,,ok
0001564590-20-051284,1434316,2020-11-05,['FATE'],,,ok
0001564590-20-036776,1434316,2020-08-05,['FATE'],,,ok
0001193125-26-403424,1650648,2026-09-28,['FDMT'],,,ok
0001193125-26-349160,1650648,2026-08-13,['FDMT'],,,ok
0001193125-26-308409,1650648,2026-07-20,['FDMT'],,,ok
0001193125-26-211904,1650648,2026-05-07,['FDMT'],,,ok
0001193125-26-113949,1650648,2026-03-18,['FDMT'],,,ok
0001193125-26-005470,1650648,2026-01-07,['FDMT'],,,ok
0001193125-25-314167,1650648,2025-12-10,['FDMT'],,,ok
0001193125-25-267934,1650648,2025-11-06,['FDMT'],,,ok
0000950170-25-106243,1650648,2025-08-11,['FDMT'],,,ok
0000950170-25-092964,1650648,2025-07-02,['FDMT'],,,ok
0000950170-25-067013,1650648,2025-05-08,['FDMT'],,,ok
0000950170-25-030020,1650648,2025-02-28,['FDMT'],,,ok
0000950170-25-016708,1650648,2025-02-10,['FDMT'],,,ok
0000950170-25-003832,1650648,2025-01-10,['FDMT'],,,ok
0001193125-24-221375,1650648,2024-09-18,['FDMT'],,,ok
0000950170-24-093992,1650648,2024-08-08,['FDMT'],,,ok
0001193125-24-179950,1650648,2024-07-17,['FDMT'],,,ok
0001193125-24-147093,1650648,2024-05-24,['FDMT'],,,ok
0000950170-24-057035,1650648,2024-05-09,['FDMT'],,,ok
0000950170-23-062109,1650648,2023-11-09,['FDMT'],,,ok
0001193125-23-154338,1650648,2023-05-25,['FDMT'],,,ok
0001193125-23-023004,1650648,2023-02-03,['FDMT'],,,ok
0001193125-23-016298,1650648,2023-01-26,['FDMT'],,,ok
0000950170-22-023839,1650648,2022-11-09,['FDMT'],,,ok
0001193125-22-162490,1650648,2022-05-27,['FDMT'],,,ok
0000950170-22-004792,1650648,2022-03-28,['FDMT'],,,ok
0001193125-22-006255,1650648,2022-01-11,['FDMT'],,,ok
0000950170-21-004099,1650648,2021-11-10,['FDMT'],,,ok
0001193125-21-307156,1650648,2021-10-26,['FDMT'],,,ok
0001193125-21-297865,1650648,2021-10-13,['FDMT'],,,ok
0001564590-21-043986,1650648,2021-08-12,['FDMT'],,,ok
0001564590-21-029069,1650648,2021-05-20,['FDMT'],,,ok
0001564590-21-027559,1650648,2021-05-13,['FDMT'],,,ok
0001193125-21-094446,1650648,2021-03-25,['FDMT'],,,ok
0001104659-26-108565,1211583,2026-09-17,['FENC'],,,ok
0001104659-26-072425,1211583,2026-06-10,['FENC'],,,ok
0001104659-26-018128,1211583,2026-02-20,['FENC'],,,ok
0001104659-25-119654,1211583,2025-12-09,['FENC'],,,ok
0001104659-25-117697,1211583,2025-12-02,['FENC'],,,ok
0001104659-25-055992,1211583,2025-06-03,['FENC'],,,ok
0001104659-24-130855,1211583,2024-12-20,['FENC'],,,ok
0001104659-24-074748,1211583,2024-06-25,['FENC'],,,ok
0001104659-24-029355,1211583,2024-02-29,['FENC'],,,ok
0001104659-23-070486,1211583,2023-06-13,['FENC'],,,ok
0001104659-23-068593,1211583,2023-06-07,['FENC'],,,ok
0001104659-23-041338,1211583,2023-04-04,['FENC'],,,ok
0001104659-23-008450,1211583,2023-01-31,['FENC'],,,ok
0001104659-22-101910,1211583,2022-09-21,['FENC'],,,ok
0001104659-22-071469,1211583,2022-06-15,['FENC'],,,ok
0001104659-21-144897,1211583,2021-11-30,['FENC'],"November 27, 2021","ponse Letter (CRL) on November 29, 2021 from the U.S. Food and Drug Administration (FDA), after the PDUFA target action date of November 27, 2021, regarding its New Drug Application (NDA) for PEDMARK TM (a unique formulation of sodium thiosulfat",ok
0001104659-21-087646,1211583,2021-06-30,['FENC'],,,ok
0001104659-21-083941,1211583,2021-06-22,['FENC'],"November 27, 2021","tion for PEDMARK™ (a unique formulation of sodium thiosulfate). The Prescription Drug User Fee Act (PDUFA) target action date has been set for November 27, 2021. PEDMARK is an investigational drug for the prevention of ototoxicity induced by cisplatin chemothe",ok
0001104659-20-093089,1211583,2020-08-11,['FENC'],,,ok
0000882095-26-000028,882095,2026-08-04,['GILD'],"February 2, 2027","y oral formulation for HIV pre-exposure prophylaxis (“PrEP”), with a Prescription Drug User Fee Act target action date of February 2, 2027. • Announced positive Phase 3 results from the ISLEND-1 and ISLEND-2 trials, in partnership with Me",ok
0001104659-26-018314,882095,2026-02-23,['GILD'],"December 23, 2026","cepted by the U.S. Food and Drug Administration with an anticipated Prescription Drug User Fee Act (PDUFA) action date of December 23, 2026. “This agreement reflects our conviction in the potential of anito-cel and our intention to move wi",ok
0000882095-25-000015,882095,2025-05-08,['GILD'],,,ok
0001104659-23-092665,882095,2023-08-16,['GILD'],,,ok
0001104659-22-030888,882095,2022-03-07,['GILD'],,,ok
0001104659-21-066766,882095,2021-05-14,['GILD'],,,ok
0000882095-21-000002,882095,2021-01-11,['GILD'],,,ok
0000882095-20-000023,882095,2020-10-28,['GILD'],,,ok
0000882095-20-000016,882095,2020-07-30,['GILD'],,,ok
0001193125-26-409833,1826457,2026-10-01,['GLUE'],,,ok
0001193125-26-267465,1826457,2026-06-11,['GLUE'],,,ok
0001193125-26-005420,1826457,2026-01-07,['GLUE'],,,ok
0001193125-25-319981,1826457,2025-12-16,['GLUE'],,,ok
0001193125-25-268042,1826457,2025-11-06,['GLUE'],,,ok
0000950170-25-086129,1826457,2025-06-13,['GLUE'],,,ok
0000950170-25-066370,1826457,2025-05-08,['GLUE'],,,ok
0000950170-25-042319,1826457,2025-03-20,['GLUE'],,,ok
0000950170-25-003776,1826457,2025-01-10,['GLUE'],,,ok
0000950170-24-133525,1826457,2024-12-05,['GLUE'],,,ok
0000950170-24-072407,1826457,2024-06-12,['GLUE'],,,ok
0000950170-24-056253,1826457,2024-05-09,['GLUE'],,,ok
0000950170-24-031138,1826457,2024-03-14,['GLUE'],,,ok
0000950170-24-002696,1826457,2024-01-08,['GLUE'],,,ok
0000950170-23-053653,1826457,2023-10-17,['GLUE'],,,ok
0000950170-23-008304,1826457,2023-03-16,['GLUE'],,,ok
0000950170-23-000436,1826457,2023-01-09,['GLUE'],,,ok
0000950170-22-011697,1826457,2022-06-15,['GLUE'],,,ok
0001193125-22-005070,1826457,2022-01-10,['GLUE'],,,ok
0001213900-26-097770,1907223,2026-09-04,"['GRML', 'GRMLW']",,,ok
0001213900-26-070475,1907223,2026-06-22,"['GRML', 'GRMLW']",,,ok
0001213900-26-056356,1907223,2026-05-14,"['GRML', 'GRMLW']",,,ok
0001159036-26-000011,1159036,2026-01-28,"['HALO', 'HTI']",,,ok
0001159036-25-000039,1159036,2025-10-14,"['HALO', 'HTI']",,,ok
0001159036-25-000003,1159036,2025-01-08,"['HALO', 'HTI']",,,ok
0001159036-24-000003,1159036,2024-01-17,"['HALO', 'HTI']",,,ok
0001159036-23-000020,1159036,2023-03-16,"['HALO', 'HTI']",,,ok
0001159036-23-000004,1159036,2023-01-10,"['HALO', 'HTI']","March 20, 2023","ignificant ex-US sales1 SC IV SC status WW Total Opportunity Projection 20281 gMyasthenia Gravis US PDUFA date: March 20, 2023 Submitted EMA $2.1B CIDP Phase 3 SC data: Q2 2023 $1.2B ITP Positive IV data Phase 3 SC data: 2H 20",ok
0001193125-22-104452,1159036,2022-04-13,"['HALO', 'HTI']",,,ok
0001159036-22-000002,1159036,2022-01-10,"['HALO', 'HTI']",,,ok
0001159036-21-000006,1159036,2021-01-13,"['HALO', 'HTI']",,,ok
0001159036-20-000043,1159036,2020-11-02,"['HALO', 'HTI']",,,ok
0001159036-20-000036,1159036,2020-08-10,"['HALO', 'HTI']",,,ok
0001104659-26-072382,1818382,2026-06-10,"['HUMA', 'HUMAW']",,,ok
0001104659-26-071862,1818382,2026-06-09,"['HUMA', 'HUMAW']",,,ok
0001104659-26-031780,1818382,2026-03-19,"['HUMA', 'HUMAW']",,,ok
0001818382-25-000080,1818382,2025-06-11,"['HUMA', 'HUMAW']",,,ok
0001104659-25-027762,1818382,2025-03-25,"['HUMA', 'HUMAW']",,,ok
0001818382-24-000227,1818382,2024-12-20,"['HUMA', 'HUMAW']",,,ok
0001818382-24-000192,1818382,2024-10-28,"['HUMA', 'HUMAW']",,,ok
0001818382-24-000146,1818382,2024-07-31,"['HUMA', 'HUMAW']","August 10, 2024","cular trauma indication is currently under review by the FDA and was granted Priority Review with a PDUFA date of August 10, 2024. Preclinical development is also underway in coronary artery bypass grafts, pediatric heart surgery",ok
0001818382-24-000102,1818382,2024-06-13,"['HUMA', 'HUMAW']",,,ok
0001818382-24-000019,1818382,2024-02-29,"['HUMA', 'HUMAW']","August 10, 2024"," Launch • BLA submitted to FDA in December 2023 • Priority Review granted by FDA in February 2024 • PDUFA date of August 10, 2024 • Factors supporting Priority Review: • In May 2023 the FDA granted Regenerative Medicine Advanced ",ok
0001818382-24-000005,1818382,2024-02-09,"['HUMA', 'HUMAW']","August 10, 2024","y, and lower rates of amputation and infection, compared to historic synthetic graft benchmarks – – PDUFA date set for August 10, 2024 – DURHAM, N.C., February 9, 2024 – Humacyte, Inc. (Nasdaq: HUMA), a clinical-stage biotechnology pl",ok
0001818382-23-000125,1818382,2023-09-12,"['HUMA', 'HUMAW']",,,ok
0001818382-23-000037,1818382,2023-06-08,"['HUMA', 'HUMAW']",,,ok
0001818382-22-000071,1818382,2022-06-13,"['HUMA', 'HUMAW']",,,ok
0001104659-22-002717,1818382,2022-01-10,"['HUMA', 'HUMAW']",,,ok
0001104659-21-139316,1818382,2021-11-15,"['HUMA', 'HUMAW']",,,ok
0001104659-21-110678,1818382,2021-08-30,"['HUMA', 'HUMAW']",,,ok
0001326110-26-000077,1326110,2026-08-04,['IBRX'],"January 6, 2027"," plus BCG in patients with BCG-unresponsive NMIBC with papillary disease without CIS and assigned a PDUFA target action date of January 6, 2027 • Continued advancement across the clinical pipeline, with multiple anticipated regulatory, clinica",ok
0001326110-26-000071,1326110,2026-07-30,['IBRX'],,,ok
0001326110-26-000064,1326110,2026-06-10,['IBRX'],,,ok
0001326110-26-000036,1326110,2026-04-09,['IBRX'],,,ok
0001193125-26-142932,1326110,2026-04-06,['IBRX'],,,ok
0001326110-26-000018,1326110,2026-02-18,['IBRX'],,,ok
0001326110-26-000008,1326110,2026-01-15,['IBRX'],,,ok
0001326110-26-000004,1326110,2026-01-14,['IBRX'],,,ok
0001193125-25-164789,1326110,2025-07-25,['IBRX'],,,ok
0001193125-25-112057,1326110,2025-05-05,['IBRX'],,,ok
0001326110-25-000044,1326110,2025-04-15,['IBRX'],,,ok
0001326110-24-000069,1326110,2024-06-12,['IBRX'],,,ok
0001326110-24-000040,1326110,2024-04-23,['IBRX'],,,ok
0001193125-23-190491,1326110,2023-07-20,['IBRX'],,,ok
0001326110-23-000076,1326110,2023-06-14,['IBRX'],,,ok
0001326110-23-000063,1326110,2023-05-11,['IBRX'],,,ok
0001326110-23-000023,1326110,2023-03-20,['IBRX'],"May 23, 2023","nced that the FDA had accepted our BLA for review and set a target Prescription Drug User Fee Act (“PDUFA”) action date of May 23, 2023. The Company continues to engage in ongoing discussions and dialogue with the FDA, including the pr",ok
0001193125-23-039399,1326110,2023-02-14,['IBRX'],,,ok
0001193125-22-285314,1326110,2022-11-15,['IBRX'],"May 23, 2023","the FDA had accepted the Company’s BLA for review and set a target Prescription Drug User Fee Act (“PDUFA”) action date of May 23, 2023. It is unclear when the FDA will approve the Company’s BLA, if at all. In anticipation of the PDUFA",ok
0001326110-22-000038,1326110,2022-06-14,['IBRX'],,,ok
0001193125-21-270970,1326110,2021-09-13,['IBRX'],,,ok
0001193125-21-190551,1326110,2021-06-15,['IBRX'],,,ok
0001193125-21-189023,1326110,2021-06-11,['IBRX'],,,ok
0001193125-21-182190,1326110,2021-06-04,['IBRX'],,,ok
0001193125-21-146472,1326110,2021-05-03,['IBRX'],,,ok
0001193125-21-084244,1326110,2021-03-17,['IBRX'],,,ok
0001193125-26-385293,1750149,2026-09-08,['IKT'],,,ok
0001193125-26-313400,1750149,2026-07-23,['IKT'],,,ok
0001193125-26-286747,1750149,2026-06-29,['IKT'],,,ok
0001193125-25-289768,1750149,2025-11-20,['IKT'],,,ok
0001193125-25-180889,1750149,2025-08-14,['IKT'],,,ok
0001193125-25-152767,1750149,2025-06-30,['IKT'],,,ok
0001193125-25-015648,1750149,2025-01-29,['IKT'],,,ok
0001193125-24-234814,1750149,2024-10-09,['IKT'],,,ok
0001193125-24-194177,1750149,2024-08-06,['IKT'],,,ok
0001193125-24-158318,1750149,2024-06-10,['IKT'],,,ok
0001193125-24-123758,1750149,2024-04-30,['IKT'],,,ok
0001193125-23-176725,1750149,2023-06-28,['IKT'],,,ok
0001193125-23-076674,1750149,2023-03-22,['IKT'],,,ok
0001193125-23-014850,1750149,2023-01-25,['IKT'],,,ok
0001193125-22-279041,1750149,2022-11-07,['IKT'],,,ok
0001193125-22-246370,1750149,2022-09-16,['IKT'],,,ok
0001193125-22-221288,1750149,2022-08-15,['IKT'],,,ok
0000950170-22-012322,1750149,2022-06-29,['IKT'],,,ok
0001193125-22-113033,1750149,2022-04-21,['IKT'],,,ok
0001104659-22-005932,1750149,2022-01-20,['IKT'],,,ok
0001104659-21-127621,1750149,2021-10-19,['IKT'],,,ok
0001193125-21-249270,1750149,2021-08-17,['IKT'],,,ok
0001193125-21-202362,1750149,2021-06-29,['IKT'],,,ok
0001193125-21-177819,1750149,2021-06-01,['IKT'],,,ok
0001104659-21-013283,1750149,2021-02-08,['IKT'],,,ok
0001193125-25-286984,1835579,2025-11-19,['IMA'],,,ok
0001140361-26-022984,1671927,2026-05-27,['IMCR'],,,ok
0001140361-26-000780,1671927,2026-01-09,['IMCR'],,,ok
0001140361-25-019282,1671927,2025-05-15,['IMCR'],,,ok
0001140361-25-007867,1671927,2025-03-10,['IMCR'],,,ok
0001140361-25-000837,1671927,2025-01-10,['IMCR'],,,ok
0001140361-24-041100,1671927,2024-09-16,['IMCR'],,,ok
0001140361-24-028366,1671927,2024-05-31,['IMCR'],,,ok
0001140361-24-027312,1671927,2024-05-23,['IMCR'],,,ok
0001140361-24-010098,1671927,2024-02-28,['IMCR'],,,ok
0001140361-24-004321,1671927,2024-01-29,['IMCR'],,,ok
0001140361-24-000832,1671927,2024-01-05,['IMCR'],,,ok
0001764013-25-000136,1764013,2025-09-03,['IMVT'],,,ok
0001764013-25-000132,1764013,2025-08-28,['IMVT'],,,ok
0001764013-25-000037,1764013,2025-03-19,['IMVT'],,,ok
0001764013-25-000009,1764013,2025-01-14,['IMVT'],,,ok
0001764013-24-000183,1764013,2024-11-07,['IMVT'],,,ok
0001764013-24-000162,1764013,2024-09-09,['IMVT'],,,ok
0001764013-24-000150,1764013,2024-08-13,['IMVT'],,,ok
0001764013-24-000003,1764013,2024-01-09,['IMVT'],,,ok
0001764013-23-000159,1764013,2023-12-20,['IMVT'],,,ok
0001764013-23-000150,1764013,2023-11-28,['IMVT'],,,ok
0001764013-23-000114,1764013,2023-09-26,['IMVT'],,,ok
0001764013-23-000063,1764013,2023-05-22,['IMVT'],,,ok
0001764013-23-000026,1764013,2023-03-27,['IMVT'],,,ok
0001764013-23-000003,1764013,2023-01-09,['IMVT'],,,ok
0001764013-22-000143,1764013,2022-12-08,['IMVT'],,,ok
0001764013-22-000118,1764013,2022-09-28,['IMVT'],,,ok
0001764013-22-000114,1764013,2022-09-07,['IMVT'],,,ok
0001764013-22-000057,1764013,2022-06-08,['IMVT'],,,ok
0001764013-22-000033,1764013,2022-03-30,['IMVT'],,,ok
0001764013-22-000002,1764013,2022-01-05,['IMVT'],,,ok
0001764013-21-000129,1764013,2021-12-30,['IMVT'],,,ok
0001764013-21-000123,1764013,2021-11-17,['IMVT'],,,ok
0001764013-21-000102,1764013,2021-09-27,['IMVT'],,,ok
0001764013-21-000098,1764013,2021-09-15,['IMVT'],,,ok
0001764013-21-000051,1764013,2021-06-01,['IMVT'],,,ok
0001764013-20-000062,1764013,2020-11-12,['IMVT'],,,ok
0001193125-20-229289,1764013,2020-08-25,['IMVT'],,,ok
0001193125-20-226285,1764013,2020-08-21,['IMVT'],,,ok
0001764013-20-000017,1764013,2020-08-12,['IMVT'],,,ok
0001193125-25-292057,1740279,2025-11-24,['INAB'],,,ok
0001193125-25-132783,1740279,2025-06-02,['INAB'],,,ok
0001193125-25-116901,1740279,2025-05-09,['INAB'],,,ok
0001193125-24-273953,1740279,2024-12-10,['INAB'],,,ok
0001193125-24-198411,1740279,2024-08-12,['INAB'],,,ok
0001193125-24-160703,1740279,2024-06-13,['INAB'],,,ok
0001193125-24-152493,1740279,2024-06-03,['INAB'],,,ok
0001193125-23-292121,1740279,2023-12-11,['INAB'],,,ok
0001193125-23-280283,1740279,2023-11-20,['INAB'],,,ok
0001193125-23-111832,1740279,2023-04-24,['INAB'],,,ok
0001193125-22-302287,1740279,2022-12-12,['INAB'],,,ok
0001193125-22-300491,1740279,2022-12-08,['INAB'],,,ok
0001193125-22-261867,1740279,2022-10-13,['INAB'],,,ok
0001193125-22-214134,1740279,2022-08-08,['INAB'],,,ok
0001193125-22-169857,1740279,2022-06-08,['INAB'],,,ok
0001193125-22-166235,1740279,2022-06-02,['INAB'],,,ok
0001193125-22-085974,1740279,2022-03-28,['INAB'],,,ok
0001193125-22-005189,1740279,2022-01-10,['INAB'],,,ok
0002007919-26-000050,2007919,2026-09-28,['INBX'],,,ok
0002007919-26-000047,2007919,2026-09-08,['INBX'],,,ok
0002007919-26-000033,2007919,2026-06-15,['INBX'],"April 14, 2027","identified any filing review issues at this time and has assigned a Prescription Drug User Fee Act (PDUFA) goal date of April 14, 2027. A copy of the press release is furnished as Exhibit 99.1 to this Current Report on Form 8-K. The i",ok
0002007919-26-000020,2007919,2026-05-11,['INBX'],,,ok
0002007919-26-000010,2007919,2026-04-21,['INBX'],,,ok
0002007919-26-000002,2007919,2026-02-23,['INBX'],,,ok
0002007919-25-000097,2007919,2025-12-16,['INBX'],,,ok
0002007919-25-000089,2007919,2025-10-23,['INBX'],,,ok
0002007919-25-000007,2007919,2025-01-21,['INBX'],,,ok
0002007919-24-000031,2007919,2024-08-13,['INBX'],,,ok
0002007919-24-000016,2007919,2024-06-17,['INBX'],,,ok
0001739614-23-000071,1739614,2023-11-02,['INBX'],,,ok
0001739614-23-000060,1739614,2023-08-07,['INBX'],,,ok
0001739614-23-000048,1739614,2023-05-30,['INBX'],,,ok
0001739614-23-000046,1739614,2023-05-25,['INBX'],,,ok
0001739614-23-000039,1739614,2023-04-26,['INBX'],,,ok
0001739614-23-000021,1739614,2023-03-06,['INBX'],,,ok
0001739614-22-000122,1739614,2022-11-16,['INBX'],,,ok
0001739614-22-000103,1739614,2022-10-04,['INBX'],,,ok
0001739614-22-000088,1739614,2022-08-10,['INBX'],,,ok
0001739614-22-000071,1739614,2022-06-30,['INBX'],,,ok
0001739614-22-000057,1739614,2022-05-16,['INBX'],,,ok
0001739614-22-000035,1739614,2022-04-04,['INBX'],,,ok
0001739614-22-000033,1739614,2022-03-03,['INBX'],,,ok
0001739614-22-000002,1739614,2022-01-04,['INBX'],,,ok
0001739614-21-000115,1739614,2021-12-01,['INBX'],,,ok
0001739614-21-000096,1739614,2021-10-12,['INBX'],,,ok
0001739614-21-000078,1739614,2021-06-21,['INBX'],,,ok
0001739614-21-000049,1739614,2021-03-12,['INBX'],,,ok
0001739614-21-000004,1739614,2021-01-13,['INBX'],,,ok
0001739614-21-000002,1739614,2021-01-05,['INBX'],,,ok
0001739614-20-000016,1739614,2020-11-13,['INBX'],,,ok
0001739614-20-000006,1739614,2020-11-12,['INBX'],,,ok
0001739614-20-000003,1739614,2020-09-11,['INBX'],,,ok
0001193125-26-278642,1840229,2026-06-23,['INKT'],,,ok
0000950170-25-095460,1840229,2025-07-14,['INKT'],,,ok
0001193125-25-009595,1840229,2025-01-21,['INKT'],,,ok
0000950170-24-074233,1840229,2024-06-17,['INKT'],,,ok
0000950170-23-028900,1840229,2023-06-20,['INKT'],,,ok
0001193125-22-173902,1840229,2022-06-14,['INKT'],,,ok
0001213900-26-071082,1711754,2026-06-23,['INMB'],,,ok
0001213900-26-064144,1711754,2026-06-02,['INMB'],,,ok
0001213900-26-056599,1711754,2026-05-14,['INMB'],,,ok
0001213900-26-021120,1711754,2026-02-27,['INMB'],,,ok
0001213900-26-008204,1711754,2026-01-27,['INMB'],,,ok
0001213900-25-118699,1711754,2025-12-05,['INMB'],,,ok
0001213900-25-112136,1711754,2025-11-18,['INMB'],,,ok
0001213900-25-108315,1711754,2025-11-10,['INMB'],,,ok
0001213900-25-093930,1711754,2025-09-30,['INMB'],,,ok
0001213900-25-073089,1711754,2025-08-07,['INMB'],,,ok
0001213900-25-068745,1711754,2025-07-29,['INMB'],,,ok
0001213900-25-059252,1711754,2025-06-30,['INMB'],,,ok
0001213900-25-020064,1711754,2025-03-04,['INMB'],,,ok
0001213900-25-012870,1711754,2025-02-12,['INMB'],,,ok
0001213900-25-011517,1711754,2025-02-10,['INMB'],,,ok
0001213900-24-097090,1711754,2024-11-13,['INMB'],,,ok
0001213900-24-091170,1711754,2024-10-28,['INMB'],,,ok
0001213900-24-079445,1711754,2024-09-17,['INMB'],,,ok
0001213900-24-027960,1711754,2024-03-29,['INMB'],,,ok
0001213900-24-007582,1711754,2024-01-30,['INMB'],,,ok
0001213900-23-096507,1711754,2023-12-18,['INMB'],,,ok
0001213900-23-090209,1711754,2023-11-27,['INMB'],,,ok
0001213900-23-087556,1711754,2023-11-15,['INMB'],,,ok
0001213900-23-082184,1711754,2023-11-01,['INMB'],,,ok
0001213900-23-073860,1711754,2023-09-05,['INMB'],,,ok
0001213900-23-044983,1711754,2023-06-01,['INMB'],,,ok
0001213900-23-038732,1711754,2023-05-12,['INMB'],,,ok
0001213900-23-037092,1711754,2023-05-08,['INMB'],,,ok
0001213900-23-020297,1711754,2023-03-15,['INMB'],,,ok
0001213900-22-064818,1711754,2022-10-19,['INMB'],,,ok
0001213900-22-030657,1711754,2022-06-01,['INMB'],,,ok
0001213900-22-028906,1711754,2022-05-23,['INMB'],,,ok
0001213900-22-019188,1711754,2022-04-11,['INMB'],,,ok
0001213900-22-015960,1711754,2022-03-30,['INMB'],,,ok
0001213900-21-057008,1711754,2021-11-05,['INMB'],,,ok
0001213900-21-056602,1711754,2021-11-04,['INMB'],,,ok
0001213900-21-055111,1711754,2021-10-28,['INMB'],,,ok
0001213900-21-046881,1711754,2021-09-07,['INMB'],,,ok
0001213900-21-046524,1711754,2021-09-03,['INMB'],,,ok
0001213900-21-045061,1711754,2021-08-26,['INMB'],,,ok
0001213900-21-040300,1711754,2021-08-04,['INMB'],,,ok
0001213900-21-038898,1711754,2021-07-27,['INMB'],,,ok
0001213900-21-030752,1711754,2021-06-03,['INMB'],,,ok
0001213900-21-018348,1711754,2021-03-29,['INMB'],,,ok
0001213900-21-003327,1711754,2021-01-21,['INMB'],,,ok
0001213900-20-045454,1711754,2020-12-30,['INMB'],,,ok
0001213900-20-036253,1711754,2020-11-12,['INMB'],,,ok
0001213900-20-035894,1711754,2020-11-09,['INMB'],,,ok
0001213900-20-035449,1711754,2020-11-06,['INMB'],,,ok
0001213900-20-033364,1711754,2020-10-27,['INMB'],,,ok
0001213900-20-029548,1711754,2020-10-01,['INMB'],,,ok
0001213900-20-028780,1711754,2020-09-29,['INMB'],,,ok
0001213900-20-025123,1711754,2020-09-03,['INMB'],,,ok
0001213900-20-020897,1711754,2020-08-07,['INMB'],,,ok
0001213900-20-020662,1711754,2020-08-06,['INMB'],,,ok
0001213900-20-019177,1711754,2020-07-30,['INMB'],,,ok
0001213900-20-017343,1711754,2020-07-13,['INMB'],,,ok
0001213900-20-000044,1711754,2020-01-02,['INMB'],,,ok
0001567264-26-000049,1567264,2026-06-16,['INTS'],,,ok
0001567264-26-000011,1567264,2026-03-05,['INTS'],,,ok
0001567264-25-000096,1567264,2025-10-23,['INTS'],,,ok
0001567264-25-000093,1567264,2025-09-10,['INTS'],,,ok
0001567264-25-000069,1567264,2025-07-18,['INTS'],,,ok
0001628280-25-018908,1567264,2025-04-23,['INTS'],,,ok
0001567264-24-000035,1567264,2024-07-17,['INTS'],,,ok
0001213900-23-073586,1567264,2023-09-05,['INTS'],,,ok
0001104659-26-111583,1425205,2026-09-29,['IOVA'],,,ok
0001104659-26-092145,1425205,2026-08-06,['IOVA'],,,ok
0001104659-26-080409,1425205,2026-07-02,['IOVA'],,,ok
0001104659-26-072408,1425205,2026-06-10,['IOVA'],,,ok
0001104659-26-018837,1425205,2026-02-24,['IOVA'],,,ok
0001104659-26-002323,1425205,2026-01-09,['IOVA'],,,ok
0001104659-25-085650,1425205,2025-08-29,['IOVA'],,,ok
0001104659-25-080304,1425205,2025-08-19,['IOVA'],,,ok
0001104659-25-058199,1425205,2025-06-10,['IOVA'],,,ok
0001104659-24-115444,1425205,2024-11-08,['IOVA'],,,ok
0001104659-24-087876,1425205,2024-08-09,['IOVA'],,,ok
0001104659-24-070470,1425205,2024-06-11,['IOVA'],,,ok
0001104659-24-067485,1425205,2024-06-03,['IOVA'],,,ok
0001104659-24-064825,1425205,2024-05-24,['IOVA'],,,ok
0001104659-24-029057,1425205,2024-02-29,['IOVA'],,,ok
0001104659-24-025082,1425205,2024-02-20,['IOVA'],"February 24, 2024","Iovance Biotherapeutics, Inc. REGULATORY □ Obtain FDA approval for lifileucel in advanced melanoma (PDUFA date: February 24, 2024) □ Submit EMA regulatory dossier (1H24) □ Submit additional ex - US dossiers (2H24) □ Meet with FDA",ok
0001104659-24-006804,1425205,2024-01-26,['IOVA'],"February 24, 2024","Iovance Biotherapeutics, Inc. REGULATORY □ Obtain FDA approval for lifileucel in advanced melanoma (PDUFA date: February 24, 2024) □ Submit EMA regulatory submission in 1 st half of 2024 □ Submit additional ex - US submissions in",ok
0001104659-24-002290,1425205,2024-01-08,['IOVA'],"February 24, 2024","Iovance Biotherapeutics, Inc. REGULATORY □ Obtain FDA approval for lifileucel in advanced melanoma (PDUFA date: February 24, 2024) □ Submit EMA regulatory submission in 1 st half of 2024 □ Submit additional ex - US submissions in",ok
0001104659-23-093553,1425205,2023-08-18,['IOVA'],,,ok
0001104659-23-079684,1425205,2023-07-10,['IOVA'],,,ok
0001104659-23-068579,1425205,2023-06-06,['IOVA'],,,ok
0001104659-23-065591,1425205,2023-05-30,['IOVA'],"November 25, 2023","for the Treatment of Advanced Melanoma Priority Review Granted with Prescription Drug User Fee Act (PDUFA) Action Date of November 25, 2023 First Potential Approval of an Individualized, One-Time Cell Therapy for Patients with Advanced Mel",ok
0001104659-23-002865,1425205,2023-01-11,['IOVA'],,,ok
0001104659-22-095679,1425205,2022-08-29,['IOVA'],,,ok
0001104659-22-070604,1425205,2022-06-13,['IOVA'],,,ok
0001104659-22-065357,1425205,2022-05-26,['IOVA'],,,ok
0001104659-22-060471,1425205,2022-05-13,['IOVA'],,,ok
0001104659-21-086825,1425205,2021-06-29,['IOVA'],,,ok
0001104659-21-080846,1425205,2021-06-14,['IOVA'],,,ok
0001104659-21-049327,1425205,2021-04-12,['IOVA'],,,ok
0001104659-21-001809,1425205,2021-01-07,['IOVA'],,,ok
0001104659-20-121784,1425205,2020-11-05,['IOVA'],,,ok
0001104659-20-114964,1425205,2020-10-14,['IOVA'],,,ok
0001104659-20-112277,1425205,2020-10-05,['IOVA'],,,ok
0001104659-20-091419,1425205,2020-08-06,['IOVA'],,,ok
0001104659-26-113055,1850119,2026-10-02,['IPSC'],,,ok
0001104659-26-094533,1850119,2026-08-12,['IPSC'],,,ok
0001104659-26-071383,1850119,2026-06-08,['IPSC'],,,ok
0001104659-26-026761,1850119,2026-03-12,['IPSC'],,,ok
0001104659-26-002748,1850119,2026-01-12,['IPSC'],,,ok
0001104659-26-001952,1850119,2026-01-08,['IPSC'],,,ok
0001104659-25-120654,1850119,2025-12-12,['IPSC'],,,ok
0001104659-25-110862,1850119,2025-11-13,['IPSC'],,,ok
0001104659-25-078617,1850119,2025-08-14,['IPSC'],,,ok
0001104659-25-059950,1850119,2025-06-16,['IPSC'],,,ok
0001104659-25-049454,1850119,2025-05-15,['IPSC'],,,ok
0001104659-25-025559,1850119,2025-03-19,['IPSC'],,,ok
0001104659-25-002841,1850119,2025-01-13,['IPSC'],,,ok
0001104659-24-114136,1850119,2024-11-05,['IPSC'],,,ok
0001104659-24-087013,1850119,2024-08-08,['IPSC'],,,ok
0001104659-24-078322,1850119,2024-07-08,['IPSC'],,,ok
0001104659-24-067446,1850119,2024-06-03,['IPSC'],,,ok
0001104659-24-046247,1850119,2024-04-11,['IPSC'],,,ok
0001104659-24-034239,1850119,2024-03-14,['IPSC'],,,ok
0001104659-23-124911,1850119,2023-12-11,['IPSC'],,,ok
0001104659-23-123816,1850119,2023-12-06,['IPSC'],,,ok
0001104659-23-116008,1850119,2023-11-09,['IPSC'],,,ok
0001104659-23-106149,1850119,2023-10-03,['IPSC'],,,ok
0001104659-23-089091,1850119,2023-08-09,['IPSC'],,,ok
0001104659-23-034217,1850119,2023-03-20,['IPSC'],,,ok
0001104659-23-002039,1850119,2023-01-09,['IPSC'],,,ok
0001104659-22-123015,1850119,2022-11-30,['IPSC'],,,ok
0001104659-22-117265,1850119,2022-11-10,['IPSC'],,,ok
0001104659-22-098391,1850119,2022-09-08,['IPSC'],,,ok
0001104659-22-094231,1850119,2022-08-25,['IPSC'],,,ok
0001104659-22-070540,1850119,2022-06-13,['IPSC'],,,ok
0001104659-22-058001,1850119,2022-05-10,['IPSC'],,,ok
0001104659-22-045299,1850119,2022-04-13,['IPSC'],,,ok
0001104659-22-003063,1850119,2022-01-11,['IPSC'],,,ok
0001104659-21-150260,1850119,2021-12-16,['IPSC'],,,ok
0001104659-21-140909,1850119,2021-11-18,['IPSC'],,,ok
0001104659-21-125673,1850119,2021-10-13,['IPSC'],,,ok
0001104659-21-103779,1850119,2021-08-12,['IPSC'],,,ok
0001193125-26-406007,1832038,2026-09-29,['IVVD'],,,ok
0001193125-26-295539,1832038,2026-07-06,['IVVD'],,,ok
0001193125-26-230731,1832038,2026-05-19,['IVVD'],,,ok
0001193125-26-222762,1832038,2026-05-14,['IVVD'],,,ok
0001193125-26-148865,1832038,2026-04-09,['IVVD'],,,ok
0001193125-26-092528,1832038,2026-03-05,['IVVD'],,,ok
0001193125-26-006997,1832038,2026-01-08,['IVVD'],,,ok
0001193125-25-329488,1832038,2025-12-23,['IVVD'],,,ok
0001193125-25-268057,1832038,2025-11-06,['IVVD'],,,ok
0001193125-25-258526,1832038,2025-10-30,['IVVD'],,,ok
0001193125-25-230898,1832038,2025-10-06,['IVVD'],,,ok
0001193125-25-180890,1832038,2025-08-14,['IVVD'],,,ok
0000950170-25-090172,1832038,2025-06-26,['IVVD'],,,ok
0000950170-25-075199,1832038,2025-05-20,['IVVD'],,,ok
0001193125-25-120261,1832038,2025-05-15,['IVVD'],,,ok
0000950170-25-033068,1832038,2025-03-05,['IVVD'],,,ok
0000950170-25-025227,1832038,2025-02-24,['IVVD'],,,ok
0000950170-25-012018,1832038,2025-02-03,['IVVD'],,,ok
0000950170-25-008995,1832038,2025-01-27,['IVVD'],,,ok
0001193125-24-257993,1832038,2024-11-14,['IVVD'],,,ok
0000950170-24-117934,1832038,2024-10-29,['IVVD'],,,ok
0001193125-24-214779,1832038,2024-09-06,['IVVD'],,,ok
0000950170-24-102552,1832038,2024-09-03,['IVVD'],,,ok
0001193125-24-207466,1832038,2024-08-27,['IVVD'],,,ok
0001193125-24-200256,1832038,2024-08-14,['IVVD'],,,ok
0001193125-24-151007,1832038,2024-05-31,['IVVD'],,,ok
0000950170-24-063279,1832038,2024-05-22,['IVVD'],,,ok
0001193125-24-135260,1832038,2024-05-09,['IVVD'],,,ok
0001193125-24-132585,1832038,2024-05-07,['IVVD'],,,ok
0001193125-24-087408,1832038,2024-04-04,['IVVD'],,,ok
0001193125-24-075582,1832038,2024-03-25,['IVVD'],,,ok
0001193125-24-003875,1832038,2024-01-08,['IVVD'],,,ok
0001193125-23-297099,1832038,2023-12-18,['IVVD'],,,ok
0001193125-23-274506,1832038,2023-11-09,['IVVD'],,,ok
0001193125-23-231961,1832038,2023-09-11,['IVVD'],,,ok
0001193125-23-177996,1832038,2023-06-29,['IVVD'],,,ok
0001193125-23-154233,1832038,2023-05-25,['IVVD'],,,ok
0001193125-23-131287,1832038,2023-05-02,['IVVD'],,,ok
0001193125-23-004133,1832038,2023-01-09,['IVVD'],,,ok
0001213900-26-078887,1788028,2026-07-17,"['JSPR', 'JSPRW']",,,ok
0001213900-26-002329,1788028,2026-01-08,"['JSPR', 'JSPRW']",,,ok
0001213900-25-116943,1788028,2025-12-02,"['JSPR', 'JSPRW']",,,ok
0001213900-25-061632,1788028,2025-07-07,"['JSPR', 'JSPRW']",,,ok
0001213900-25-061471,1788028,2025-07-03,"['JSPR', 'JSPRW']",,,ok
0001213900-25-054465,1788028,2025-06-16,"['JSPR', 'JSPRW']",,,ok
0001213900-25-001810,1788028,2025-01-08,"['JSPR', 'JSPRW']",,,ok
0001213900-24-087394,1788028,2024-10-15,"['JSPR', 'JSPRW']",,,ok
0001213900-23-081265,1788028,2023-10-10,"['JSPR', 'JSPRW']",,,ok
0001213900-23-081286,1788028,2023-10-10,"['JSPR', 'JSPRW']",,,ok
0001213900-23-078145,1788028,2023-09-21,"['JSPR', 'JSPRW']",,,ok
0001213900-23-045834,1788028,2023-06-02,"['JSPR', 'JSPRW']",,,ok
0001213900-23-038997,1788028,2023-05-12,"['JSPR', 'JSPRW']",,,ok
0001213900-23-012596,1788028,2023-02-17,"['JSPR', 'JSPRW']",,,ok
0001213900-23-004843,1788028,2023-01-24,"['JSPR', 'JSPRW']",,,ok
0001213900-23-001835,1788028,2023-01-10,"['JSPR', 'JSPRW']",,,ok
0001213900-22-021894,1788028,2022-04-27,"['JSPR', 'JSPRW']",,,ok
0001213900-22-012682,1788028,2022-03-16,"['JSPR', 'JSPRW']",,,ok
0001193125-26-306737,1754068,2026-07-17,['KLRS'],,,ok
0001193125-26-257388,1754068,2026-06-04,['KLRS'],,,ok
0001193125-26-097548,1754068,2026-03-09,['KLRS'],,,ok
0001193125-25-322950,1754068,2025-12-17,['KLRS'],,,ok
0001193125-25-179466,1754068,2025-08-13,['KLRS'],,,ok
0001193125-26-403481,1468748,2026-09-28,['KOD'],,,ok
0001193125-26-127041,1468748,2026-03-27,['KOD'],,,ok
0000950170-23-058996,1468748,2023-11-06,['KOD'],,,ok
0000950170-23-033933,1468748,2023-07-24,['KOD'],,,ok
0000950170-22-015232,1468748,2022-08-08,['KOD'],,,ok
0000950170-22-001684,1468748,2022-02-23,['KOD'],,,ok
0001564590-20-052142,1468748,2020-11-09,['KOD'],,,ok
0001564590-20-038547,1468748,2020-08-10,['KOD'],,,ok
0001711279-26-000008,1711279,2026-01-12,['KRYS'],,,ok
0001711279-26-000005,1711279,2026-01-08,['KRYS'],,,ok
0001711279-25-000071,1711279,2025-07-25,['KRYS'],,,ok
0001711279-25-000069,1711279,2025-07-24,['KRYS'],,,ok
0001711279-25-000065,1711279,2025-07-09,['KRYS'],,,ok
0001711279-25-000055,1711279,2025-06-02,['KRYS'],,,ok
0001711279-25-000051,1711279,2025-05-19,['KRYS'],,,ok
0001711279-25-000029,1711279,2025-04-28,['KRYS'],,,ok
0001711279-25-000013,1711279,2025-02-28,['KRYS'],,,ok
0001711279-24-000065,1711279,2024-12-18,['KRYS'],,,ok
0001711279-24-000062,1711279,2024-12-12,['KRYS'],,,ok
0001711279-24-000045,1711279,2024-08-28,['KRYS'],,,ok
0001711279-23-000061,1711279,2023-07-26,['KRYS'],,,ok
0001711279-23-000037,1711279,2023-05-19,['KRYS'],,,ok
0001711279-23-000003,1711279,2023-01-09,['KRYS'],"January 9, 2023|MAY 19, 2023|May 19, 2023","eperpavec for the treatment of Dystrophic Epidermolysis Bullosa. The Prescription Drug User Fee Act goal date has been extended by three months to May 19, 2023. A copy of the press release is filed herewith as Exhibit 99.1 to this Current Report on Form 8-K a",ok
0001711279-22-000064,1711279,2022-11-17,['KRYS'],,,ok
0001711279-22-000055,1711279,2022-11-03,['KRYS'],,,ok
0001711279-22-000052,1711279,2022-08-18,['KRYS'],"February 17, 2023","icense Application for Dystrophic Epidermolysis Bullosa • FDA granted Priority Review designation • PDUFA target action date is February 17, 2023 • FDA stated that it is not currently planning to hold an advisory committee meeting August 18, 202",ok
0001711279-22-000020,1711279,2022-05-20,['KRYS'],,,ok
0001193125-22-086630,1711279,2022-03-28,['KRYS'],,,ok
0001711279-22-000010,1711279,2022-03-22,['KRYS'],,,ok
0001193125-21-342256,1711279,2021-11-29,['KRYS'],,,ok
0001193125-21-240419,1711279,2021-08-09,['KRYS'],,,ok
0001193125-21-206566,1711279,2021-07-01,['KRYS'],,,ok
0001193125-21-170838,1711279,2021-05-24,['KRYS'],,,ok
0001193125-21-025839,1711279,2021-02-02,['KRYS'],,,ok
0001193125-21-003754,1711279,2021-01-07,['KRYS'],,,ok
0001193125-20-288574,1711279,2020-11-09,['KRYS'],,,ok
0001193125-20-261297,1711279,2020-10-01,['KRYS'],,,ok
0001193125-20-214151,1711279,2020-08-10,['KRYS'],,,ok
0001193125-26-281817,1815442,2026-06-25,['KYMR'],,,ok
0001193125-26-281051,1815442,2026-06-24,['KYMR'],,,ok
0001193125-26-011104,1815442,2026-01-13,['KYMR'],,,ok
0001193125-25-310572,1815442,2025-12-08,['KYMR'],,,ok
0001193125-25-310670,1815442,2025-12-08,['KYMR'],,,ok
0001193125-25-151345,1815442,2025-06-27,['KYMR'],,,ok
0001193125-25-132760,1815442,2025-06-02,['KYMR'],,,ok
0001193125-25-132838,1815442,2025-06-02,['KYMR'],,,ok
0001193125-25-006124,1815442,2025-01-14,['KYMR'],,,ok
0001193125-24-176312,1815442,2024-07-08,['KYMR'],,,ok
0001193125-24-164550,1815442,2024-06-20,['KYMR'],,,ok
0001193125-24-003373,1815442,2024-01-05,['KYMR'],,,ok
0001193125-24-001884,1815442,2024-01-04,['KYMR'],,,ok
0001193125-24-002424,1815442,2024-01-04,['KYMR'],,,ok
0001193125-23-268944,1815442,2023-11-02,['KYMR'],,,ok
0001193125-23-168977,1815442,2023-06-16,['KYMR'],,,ok
0001193125-23-005171,1815442,2023-01-10,['KYMR'],,,ok
0001193125-22-304456,1815442,2022-12-14,['KYMR'],,,ok
0001193125-22-304330,1815442,2022-12-14,['KYMR'],,,ok
0001193125-22-224656,1815442,2022-08-19,['KYMR'],,,ok
0001193125-21-358542,1815442,2021-12-16,['KYMR'],,,ok
0001193125-21-308787,1815442,2021-10-27,['KYMR'],,,ok
0001193125-21-201090,1815442,2021-06-28,['KYMR'],,,ok
0001193125-21-193252,1815442,2021-06-17,['KYMR'],,,ok
0001193125-21-006774,1815442,2021-01-12,['KYMR'],,,ok
0001564590-20-050862,1815442,2020-11-05,['KYMR'],,,ok
0001193125-26-400062,1994702,2026-09-24,['KYTX'],,,ok
0001193125-26-253604,1994702,2026-06-02,['KYTX'],,,ok
0001193125-26-167512,1994702,2026-04-22,['KYTX'],,,ok
0001193125-26-168287,1994702,2026-04-22,['KYTX'],,,ok
0001193125-26-162755,1994702,2026-04-20,['KYTX'],,,ok
0001193125-26-009810,1994702,2026-01-12,['KYTX'],,,ok
0001193125-25-318469,1994702,2025-12-15,['KYTX'],,,ok
0001193125-25-318377,1994702,2025-12-15,['KYTX'],,,ok
0001193125-25-254698,1994702,2025-10-29,['KYTX'],,,ok
0001193125-25-254571,1994702,2025-10-29,['KYTX'],,,ok
0000950170-25-080896,1994702,2025-06-03,['KYTX'],,,ok
0001213900-25-002831,1994702,2025-01-13,['KYTX'],,,ok
0000950170-24-083570,1994702,2024-07-15,['KYTX'],,,ok
0000950170-24-073312,1994702,2024-06-14,['KYTX'],,,ok
0001193125-26-269557,876343,2026-06-12,['LCTX'],,,ok
0000950170-25-093007,876343,2025-07-02,['LCTX'],,,ok
0000950170-25-088738,876343,2025-06-23,['LCTX'],,,ok
0000950170-25-009227,876343,2025-01-27,['LCTX'],,,ok
0000950170-24-073072,876343,2024-06-13,['LCTX'],,,ok
0000950170-24-035365,876343,2024-03-22,['LCTX'],"April 26, 2024"," patients. Per the correspondence, the FDA advised that due to significant workload and conflicting PDUFA priorities at the agency, its review of the IND and the DOSED study protocol is still ongoing and requested that the Company not initiate the proposed clinical study until it has received FDA feedback, which the FDA anticipates providing by April 26, 2024. The FDA also provided in that communication an initial clinical information request, for which the",ok
0001493152-23-031993,876343,2023-09-07,['LCTX'],,,ok
0001493152-23-002127,876343,2023-01-23,['LCTX'],,,ok
0001493152-22-017162,876343,2022-06-17,['LCTX'],,,ok
0001493152-22-012893,876343,2022-05-12,['LCTX'],,,ok
0001493152-21-031281,876343,2021-12-13,['LCTX'],,,ok
0001493152-21-024236,876343,2021-09-30,['LCTX'],,,ok
0001493152-21-022765,876343,2021-09-15,['LCTX'],,,ok
0001493152-21-013294,876343,2021-06-01,['LCTX'],,,ok
0001493152-21-010348,876343,2021-05-03,['LCTX'],,,ok
0001493152-21-006641,876343,2021-03-23,['LCTX'],,,ok
0001493152-21-000268,876343,2021-01-06,['LCTX'],,,ok
0001493152-20-021436,876343,2020-11-16,['LCTX'],,,ok
0001641172-20-000028,876343,2020-11-04,['LCTX'],,,ok
0001493152-20-018240,876343,2020-09-23,['LCTX'],,,ok
0001493152-20-014854,876343,2020-08-06,['LCTX'],,,ok
0001815776-26-000041,1815776,2026-06-12,['LENZ'],,,ok
0001815776-26-000003,1815776,2026-01-07,['LENZ'],,,ok
0001815776-25-000062,1815776,2025-09-30,['LENZ'],,,ok
0001815776-25-000059,1815776,2025-07-31,['LENZ'],,,ok
0001815776-25-000025,1815776,2025-04-15,['LENZ'],,,ok
0001815776-24-000064,1815776,2024-10-28,['LENZ'],"August 8, 2025"," States. The U.S. Food and Drug Administration (FDA) has assigned a Prescription Drug User Fee Act (PDUFA) target action date of August 8, 2025 for LNZ100. LENZ is committed to commercializing an ideal pharmaceutical presbyopia solution that e",ok
0001815776-24-000035,1815776,2024-04-03,['LENZ'],,,ok
0001104659-25-061875,1971387,2025-06-24,"['LIMN', 'LIMNW']",,,ok
0001193125-26-126579,1620463,2026-03-26,['LONA'],,,ok
0001193125-26-397221,1907108,2026-09-22,['LXEO'],,,ok
0001193125-26-345722,1907108,2026-08-12,['LXEO'],,,ok
0001193125-26-288703,1907108,2026-06-29,['LXEO'],,,ok
0001193125-26-270275,1907108,2026-06-15,['LXEO'],,,ok
0001193125-26-215674,1907108,2026-05-11,['LXEO'],,,ok
0001193125-26-131792,1907108,2026-03-30,['LXEO'],,,ok
0001193125-26-010091,1907108,2026-01-12,['LXEO'],,,ok
0001193125-25-242652,1907108,2025-10-17,['LXEO'],,,ok
0001193125-25-232514,1907108,2025-10-07,['LXEO'],,,ok
0000950170-25-091671,1907108,2025-06-30,['LXEO'],,,ok
0000950170-25-051345,1907108,2025-04-07,['LXEO'],,,ok
0000950170-25-004566,1907108,2025-01-13,['LXEO'],,,ok
0000950170-24-118569,1907108,2024-10-30,['LXEO'],,,ok
0000950170-24-113764,1907108,2024-10-09,['LXEO'],,,ok
0000950170-24-083386,1907108,2024-07-15,['LXEO'],,,ok
0000950170-24-078774,1907108,2024-06-28,['LXEO'],,,ok
0000950170-24-044598,1907108,2024-04-16,['LXEO'],,,ok
0000950170-23-070935,1907108,2023-12-18,['LXEO'],,,ok
0001193125-26-122774,1842295,2026-03-25,['MAZE'],,,ok
0001104659-26-074085,1735438,2026-06-15,['MGTX'],,,ok
0001104659-26-044025,1735438,2026-04-16,['MGTX'],,,ok
0001104659-26-044028,1735438,2026-04-16,['MGTX'],,,ok
0001558370-25-008676,1735438,2025-06-17,['MGTX'],,,ok
0001558370-25-007074,1735438,2025-05-09,['MGTX'],,,ok
0001558370-24-016089,1735438,2024-12-09,['MGTX'],,,ok
0001558370-24-013273,1735438,2024-10-15,['MGTX'],,,ok
0001558370-24-009041,1735438,2024-06-10,['MGTX'],,,ok
0001558370-23-010991,1735438,2023-06-12,['MGTX'],,,ok
0001558370-22-009884,1735438,2022-06-09,['MGTX'],,,ok
0001558370-21-016575,1735438,2021-12-07,['MGTX'],,,ok
0001558370-21-008238,1735438,2021-06-11,['MGTX'],,,ok
0001558370-20-014430,1735438,2020-12-17,['MGTX'],,,ok
0001558370-20-013854,1735438,2020-11-16,['MGTX'],,,ok
0001558370-20-012730,1735438,2020-11-05,['MGTX'],,,ok
0001558370-20-011388,1735438,2020-10-06,['MGTX'],,,ok
0001558370-20-009514,1735438,2020-08-06,['MGTX'],,,ok
0001104659-20-084302,1735438,2020-07-17,['MGTX'],,,ok
0001193125-26-397037,1785279,2026-09-22,['MGX'],,,ok
0001193125-26-216763,1785279,2026-05-11,['MGX'],,,ok
0001193125-26-009928,1785279,2026-01-12,['MGX'],,,ok
0001193125-25-276135,1785279,2025-11-12,['MGX'],,,ok
0000950170-25-107304,1785279,2025-08-12,['MGX'],,,ok
0000950170-25-084529,1785279,2025-06-11,['MGX'],,,ok
0000950170-25-070448,1785279,2025-05-13,['MGX'],,,ok
0000950170-25-040238,1785279,2025-03-17,['MGX'],,,ok
0000950170-25-006028,1785279,2025-01-16,['MGX'],,,ok
0000950170-24-059532,1785279,2024-05-14,['MGX'],,,ok
0000950170-24-051238,1785279,2024-05-01,['MGX'],,,ok
0001682852-26-000101,1682852,2026-05-11,['MRNA'],,,ok
0001682852-26-000012,1682852,2026-02-11,['MRNA'],,,ok
0001682852-26-000007,1682852,2026-01-12,['MRNA'],,,ok
0001628280-25-053318,1682852,2025-11-20,['MRNA'],,,ok
0001628280-25-052055,1682852,2025-11-13,['MRNA'],,,ok
0001682852-25-000036,1682852,2025-05-05,['MRNA'],,,ok
0001682852-25-000002,1682852,2025-01-13,['MRNA'],"May 31, 2025","iologics License Application (BLA) for mRNA-1283 and has assigned a Prescription Drug User Fee Act (PDUFA) goal date of May 31, 2025. • Respiratory syncytial virus (RSV) vaccine : Moderna received regulatory approval of its RSV vacc",ok
0001682852-24-000031,1682852,2024-05-09,['MRNA'],,,ok
0001682852-24-000004,1682852,2024-01-08,['MRNA'],,,ok
0001682852-23-000033,1682852,2023-10-16,['MRNA'],,,ok
0001193125-23-137079,1682852,2023-05-05,['MRNA'],,,ok
0001682852-23-000004,1682852,2023-01-09,['MRNA'],,,ok
0001682852-22-000055,1682852,2022-12-13,['MRNA'],,,ok
0001682852-22-000016,1682852,2022-05-03,['MRNA'],,,ok
0001682852-22-000007,1682852,2022-01-10,['MRNA'],,,ok
0001682852-22-000004,1682852,2022-01-04,['MRNA'],,,ok
0001193125-21-140463,1682852,2021-04-29,['MRNA'],,,ok
0001193125-21-114845,1682852,2021-04-13,['MRNA'],,,ok
0001193125-21-000332,1682852,2021-01-04,['MRNA'],,,ok
0001193125-20-325251,1682852,2020-12-23,['MRNA'],,,ok
0001193125-20-322279,1682852,2020-12-21,['MRNA'],,,ok
0001193125-20-304907,1682852,2020-11-30,['MRNA'],,,ok
0001193125-20-293735,1682852,2020-11-16,['MRNA'],,,ok
0001193125-20-280422,1682852,2020-10-29,['MRNA'],,,ok
0001682852-20-000019,1682852,2020-09-18,['MRNA'],,,ok
0001193125-20-209861,1682852,2020-08-05,['MRNA'],,,ok
0001193125-20-192966,1682852,2020-07-15,['MRNA'],,,ok
0001193125-20-186935,1682852,2020-07-02,['MRNA'],,,ok
0001193125-26-142904,914475,2026-04-06,['NBIX'],,,ok
0000914475-24-000229,914475,2024-12-20,['NBIX'],,,ok
0000914475-24-000199,914475,2024-08-28,['NBIX'],,,ok
0000914475-23-000065,914475,2023-10-05,['NBIX'],,,ok
0001193125-23-149520,914475,2023-05-19,['NBIX'],,,ok
0000914475-22-000028,914475,2022-05-23,['NBIX'],,,ok
0000914475-22-000004,914475,2022-01-06,['NBIX'],,,ok
0000914475-21-000040,914475,2021-05-21,['NBIX'],,,ok
0000914475-21-000004,914475,2021-01-08,['NBIX'],,,ok
0000914475-20-000035,914475,2020-11-09,['NBIX'],,,ok
0000914475-20-000029,914475,2020-09-10,['NBIX'],,,ok
0000914475-20-000017,914475,2020-08-03,['NBIX'],,,ok
0001193125-20-191864,914475,2020-07-13,['NBIX'],,,ok
0001193125-26-270328,1885522,2026-06-15,['NMRA'],,,ok
0001193125-26-045526,1885522,2026-02-11,['NMRA'],,,ok
0001193125-26-009727,1885522,2026-01-12,['NMRA'],,,ok
0001193125-26-001472,1885522,2026-01-05,['NMRA'],,,ok
0001193125-25-250656,1885522,2025-10-27,['NMRA'],,,ok
0001193125-25-132307,1885522,2025-05-30,['NMRA'],,,ok
0001193125-25-004999,1885522,2025-01-13,['NMRA'],,,ok
0001193125-25-000084,1885522,2025-01-02,['NMRA'],,,ok
0001193125-24-161572,1885522,2024-06-14,['NMRA'],,,ok
0001193125-24-095472,1885522,2024-04-15,['NMRA'],,,ok
0001193125-23-284303,1885522,2023-11-28,['NMRA'],,,ok
0001104659-26-076648,1000694,2026-06-23,['NVAX'],,,ok
0001104659-26-002725,1000694,2026-01-12,['NVAX'],,,ok
0001104659-25-105818,1000694,2025-11-04,['NVAX'],,,ok
0001104659-25-084049,1000694,2025-08-27,['NVAX'],,,ok
0001104659-25-061874,1000694,2025-06-24,['NVAX'],,,ok
0001104659-25-058379,1000694,2025-06-11,['NVAX'],,,ok
0001104659-25-050226,1000694,2025-05-19,['NVAX'],,,ok
0001104659-25-037728,1000694,2025-04-23,['NVAX'],,,ok
0001104659-25-031099,1000694,2025-04-02,['NVAX'],,,ok
0001104659-25-020023,1000694,2025-03-04,['NVAX'],,,ok
0001104659-25-002863,1000694,2025-01-13,['NVAX'],,,ok
0001104659-24-120698,1000694,2024-11-20,['NVAX'],,,ok
0001104659-24-116593,1000694,2024-11-12,['NVAX'],,,ok
0001104659-24-108950,1000694,2024-10-16,['NVAX'],,,ok
0001104659-24-068875,1000694,2024-06-06,['NVAX'],,,ok
0001104659-24-002100,1000694,2024-01-08,['NVAX'],,,ok
0001104659-23-106441,1000694,2023-10-03,['NVAX'],,,ok
0001104659-23-080024,1000694,2023-07-11,['NVAX'],,,ok
0001000694-23-000039,1000694,2023-05-09,['NVAX'],,,ok
0001104659-22-127036,1000694,2022-12-14,['NVAX'],,,ok
0001104659-22-047695,1000694,2022-04-20,['NVAX'],,,ok
0001104659-22-019409,1000694,2022-02-10,['NVAX'],,,ok
0001104659-22-002538,1000694,2022-01-10,['NVAX'],,,ok
0001104659-21-151672,1000694,2021-12-20,['NVAX'],,,ok
0001104659-21-114064,1000694,2021-09-09,['NVAX'],,,ok
0001104659-21-085176,1000694,2021-06-24,['NVAX'],,,ok
0001104659-21-080835,1000694,2021-06-14,['NVAX'],,,ok
0001104659-21-002735,1000694,2021-01-11,['NVAX'],,,ok
0001104659-20-123680,1000694,2020-11-10,['NVAX'],,,ok
0001104659-20-103741,1000694,2020-09-10,['NVAX'],,,ok
0001104659-20-093287,1000694,2020-08-11,['NVAX'],,,ok
0001628280-26-063084,1372299,2026-09-23,['OCGN'],,,ok
0001104659-26-105968,1372299,2026-09-08,['OCGN'],,,ok
0001104659-26-091691,1372299,2026-08-06,['OCGN'],,,ok
0001104659-26-073015,1372299,2026-06-11,['OCGN'],,,ok
0001104659-26-054866,1372299,2026-05-04,['OCGN'],,,ok
0001628280-26-021541,1372299,2026-03-27,['OCGN'],,,ok
0001104659-26-033724,1372299,2026-03-24,['OCGN'],,,ok
0001104659-26-023288,1372299,2026-03-04,['OCGN'],,,ok
0001104659-26-003900,1372299,2026-01-15,['OCGN'],,,ok
0001104659-25-106664,1372299,2025-11-05,['OCGN'],,,ok
0001104659-25-072992,1372299,2025-08-01,['OCGN'],,,ok
0001372299-25-000004,1372299,2025-06-17,['OCGN'],,,ok
0001104659-25-056875,1372299,2025-06-05,['OCGN'],,,ok
0001628280-25-024095,1372299,2025-05-09,['OCGN'],,,ok
0001628280-25-021359,1372299,2025-05-01,['OCGN'],,,ok
0001628280-25-016700,1372299,2025-04-04,['OCGN'],,,ok
0001628280-25-010245,1372299,2025-03-05,['OCGN'],,,ok
0001628280-25-009243,1372299,2025-03-03,['OCGN'],,,ok
0001628280-25-005030,1372299,2025-02-12,['OCGN'],,,ok
0001628280-25-002925,1372299,2025-01-29,['OCGN'],,,ok
0001628280-24-049669,1372299,2024-12-03,['OCGN'],,,ok
0001628280-24-046920,1372299,2024-11-12,['OCGN'],,,ok
0001628280-24-046583,1372299,2024-11-08,['OCGN'],,,ok
0001628280-24-035974,1372299,2024-08-08,['OCGN'],,,ok
0001104659-24-085603,1372299,2024-08-05,['OCGN'],,,ok
0001104659-24-076278,1372299,2024-06-28,['OCGN'],,,ok
0001104659-24-069112,1372299,2024-06-06,['OCGN'],,,ok
0001628280-24-023179,1372299,2024-05-14,['OCGN'],,,ok
0001628280-24-015171,1372299,2024-04-08,['OCGN'],,,ok
0001104659-24-041943,1372299,2024-04-01,['OCGN'],,,ok
0001628280-24-005829,1372299,2024-02-21,['OCGN'],,,ok
0001628280-23-042606,1372299,2023-12-22,['OCGN'],,,ok
0001628280-23-038051,1372299,2023-11-09,['OCGN'],,,ok
0001628280-23-030175,1372299,2023-08-22,['OCGN'],,,ok
0001104659-23-074970,1372299,2023-06-27,['OCGN'],,,ok
0001628280-23-020739,1372299,2023-06-05,['OCGN'],,,ok
0001628280-23-015997,1372299,2023-05-05,['OCGN'],,,ok
0001104659-23-045447,1372299,2023-04-14,['OCGN'],,,ok
0001628280-23-007623,1372299,2023-03-13,['OCGN'],,,ok
0001628280-23-002325,1372299,2023-02-06,['OCGN'],,,ok
0001628280-23-000714,1372299,2023-01-09,['OCGN'],,,ok
0001628280-23-000717,1372299,2023-01-09,['OCGN'],,,ok
0001104659-22-127541,1372299,2022-12-16,['OCGN'],,,ok
0001628280-22-028778,1372299,2022-11-08,['OCGN'],,,ok
0001628280-22-028759,1372299,2022-11-08,['OCGN'],,,ok
0001628280-22-027475,1372299,2022-11-01,['OCGN'],,,ok
0001628280-22-023790,1372299,2022-08-26,['OCGN'],,,ok
0001628280-22-023156,1372299,2022-08-17,['OCGN'],,,ok
0001628280-22-023019,1372299,2022-08-16,['OCGN'],,,ok
0001628280-22-021234,1372299,2022-08-05,['OCGN'],,,ok
0001104659-22-064104,1372299,2022-05-24,['OCGN'],,,ok
0001104659-22-063664,1372299,2022-05-23,['OCGN'],,,ok
0001628280-22-012824,1372299,2022-05-06,['OCGN'],,,ok
0001628280-22-008256,1372299,2022-04-04,['OCGN'],,,ok
0001628280-22-005917,1372299,2022-03-11,['OCGN'],,,ok
0001104659-22-030623,1372299,2022-03-04,['OCGN'],,,ok
0001628280-22-003919,1372299,2022-02-25,['OCGN'],,,ok
0001628280-22-003244,1372299,2022-02-22,['OCGN'],,,ok
0001628280-22-002547,1372299,2022-02-14,['OCGN'],,,ok
0001628280-22-001681,1372299,2022-02-02,['OCGN'],,,ok
0001628280-22-000803,1372299,2022-01-12,['OCGN'],,,ok
0001104659-22-002720,1372299,2022-01-10,['OCGN'],,,ok
0001104659-21-154719,1372299,2021-12-30,['OCGN'],,,ok
0001628280-21-025090,1372299,2021-12-15,['OCGN'],,,ok
0001628280-21-024734,1372299,2021-12-09,['OCGN'],,,ok
0001628280-21-023359,1372299,2021-11-15,['OCGN'],,,ok
0001628280-21-022402,1372299,2021-11-09,['OCGN'],,,ok
0001628280-21-021212,1372299,2021-11-02,['OCGN'],,,ok
0001628280-21-018717,1372299,2021-09-15,['OCGN'],,,ok
0001628280-21-018192,1372299,2021-09-08,['OCGN'],,,ok
0001628280-21-015981,1372299,2021-08-06,['OCGN'],,,ok
0001628280-21-014060,1372299,2021-07-20,['OCGN'],,,ok
0001628280-21-013872,1372299,2021-07-15,['OCGN'],,,ok
0001628280-21-013691,1372299,2021-07-09,['OCGN'],,,ok
0001104659-21-089093,1372299,2021-07-06,['OCGN'],,,ok
0001104659-21-088830,1372299,2021-07-02,['OCGN'],,,ok
0001628280-21-010699,1372299,2021-05-19,['OCGN'],,,ok
0001628280-21-009454,1372299,2021-05-07,['OCGN'],,,ok
0001104659-21-053355,1372299,2021-04-22,['OCGN'],,,ok
0001104659-21-050159,1372299,2021-04-14,['OCGN'],,,ok
0001628280-21-006189,1372299,2021-03-31,['OCGN'],,,ok
0001628280-21-005044,1372299,2021-03-18,['OCGN'],,,ok
0001628280-21-004062,1372299,2021-03-05,['OCGN'],,,ok
0001104659-21-031198,1372299,2021-03-03,['OCGN'],,,ok
0001628280-21-002739,1372299,2021-02-23,['OCGN'],,,ok
0001628280-21-001563,1372299,2021-02-05,['OCGN'],,,ok
0001628280-21-000088,1372299,2021-01-05,['OCGN'],,,ok
0001104659-20-139852,1372299,2020-12-28,['OCGN'],,,ok
0001628280-20-015859,1372299,2020-11-06,['OCGN'],,,ok
0001628280-20-015863,1372299,2020-11-06,['OCGN'],,,ok
0001628280-20-014585,1372299,2020-10-20,['OCGN'],,,ok
0001628280-20-012742,1372299,2020-08-17,['OCGN'],,,ok
0001628280-20-012663,1372299,2020-08-14,['OCGN'],,,ok
0001628280-20-012246,1372299,2020-08-10,['OCGN'],,,ok
0001628280-20-011542,1372299,2020-08-04,['OCGN'],,,ok
0001628280-20-010717,1372299,2020-07-28,['OCGN'],,,ok
0001628280-20-010362,1372299,2020-07-16,['OCGN'],,,ok
0001193125-26-385477,1882782,2026-09-09,['ODTX'],,,ok
0001193125-26-278581,1882782,2026-06-23,['ODTX'],,,ok
0001104659-26-094848,1649989,2026-08-12,['OTLK'],,,ok
0001104659-26-086685,1649989,2026-07-24,['OTLK'],,,ok
0001104659-26-074346,1649989,2026-06-16,['OTLK'],"July 29, 2026","a 60-day review period from the date of resubmission. The FDA set a Prescription Drug User Fee Act (PDUFA) goal date of July 29, 2026. Item 9.01. Financial Statements and Exhibits. (d) Exhibits Exhibit No. Description 99.1 Press Rele",ok
0001104659-26-065992,1649989,2026-05-26,['OTLK'],,,ok
0001104659-26-060305,1649989,2026-05-13,['OTLK'],,,ok
0001104659-26-046014,1649989,2026-04-21,['OTLK'],,,ok
0001104659-26-040387,1649989,2026-04-07,['OTLK'],,,ok
0001104659-26-025893,1649989,2026-03-10,['OTLK'],,,ok
0001104659-26-024189,1649989,2026-03-05,['OTLK'],,,ok
0001104659-26-013470,1649989,2026-02-11,['OTLK'],,,ok
0001104659-26-000066,1649989,2026-01-02,['OTLK'],,,ok
0001104659-25-111316,1649989,2025-11-13,['OTLK'],"December 31, 2025","wo-month review period from the date of resubmission. The FDA set a Prescription Drug User Fee Act (PDUFA) goal date of December 31, 2025. SIGNATURES Pursuant to the requirements of the Securities Exchange Act of 1934, the registrant has",ok
0001104659-25-094558,1649989,2025-09-29,['OTLK'],,,ok
0001104659-25-086428,1649989,2025-09-02,['OTLK'],,,ok
0001558370-25-004606,1649989,2025-04-08,['OTLK'],"August 27, 2025","ix-month review period from the date of resubmission. The FDA set a Prescription Drug User Fee Act (PDUFA) goal date of August 27, 2025. ​ ​ SIGNATURES Pursuant to the requirements of the Securities Exchange Act of 1934, the registrant",ok
0001104659-25-004159,1649989,2025-01-16,['OTLK'],,,ok
0001104659-24-078207,1649989,2024-07-08,['OTLK'],,,ok
0001104659-24-065609,1649989,2024-05-28,['OTLK'],,,ok
0001104659-23-096669,1649989,2023-08-30,['OTLK'],"August 29, 2023","The FDA accepted Outlook Therapeutics’ BLA submission for ONS-5010 to treat wet AMD with an initial PDUFA goal date of August 29, 2023; FDA did not approve the BLA during this review cycle and the Company is working with the FDA to ad",ok
0001104659-22-129610,1649989,2022-12-22,['OTLK'],"August 29, 2023"," in early 2024 · Submission follows the U.S. FDA acceptance of the ONS-5010 BLA for wet AMD, with a PDUFA date of August 29, 2023 ISELIN, N.J., December 22, 2022 — Outlook Therapeutics, Inc. (Nasdaq: OTLK), a biopharmaceutical co",ok
0001104659-22-038182,1649989,2022-03-25,['OTLK'],,,ok
0001104659-21-099269,1649989,2021-08-03,"['OTLK', 'OTLKW']",,,ok
0001104659-21-042442,1649989,2021-03-26,"['OTLK', 'OTLKW']",,,ok
0001104659-20-139866,1649989,2020-12-28,"['OTLK', 'OTLKW']",,,ok
0001104659-20-098520,1649989,2020-08-26,"['OTLK', 'OTLKW']",,,ok
0001104659-20-095054,1649989,2020-08-14,"['OTLK', 'OTLKW']",,,ok
0001493152-25-026195,1357459,2025-12-04,['PALI'],,,ok
0001493152-25-018684,1357459,2025-10-20,['PALI'],,,ok
0001493152-24-026504,1357459,2024-07-08,['PALI'],,,ok
0001493152-24-014253,1357459,2024-04-10,['PALI'],,,ok
0001493152-23-039651,1357459,2023-11-07,['PALI'],,,ok
0001493152-23-020669,1357459,2023-06-09,['PALI'],,,ok
0000950170-22-006965,1357459,2022-05-03,['PALI'],,,ok
0000950170-22-003857,1357459,2022-03-16,['PALI'],,,ok
0000950170-22-001894,1357459,2022-02-24,['PALI'],,,ok
0000950170-22-000225,1357459,2022-01-11,['PALI'],,,ok
0001193125-21-310493,1357459,2021-10-28,['PALI'],,,ok
0001171843-21-006440,1357459,2021-09-13,['PALI'],,,ok
0001171843-21-003941,1357459,2021-06-01,['PALI'],,,ok
0001171843-21-002837,1357459,2021-04-28,"['PALI', 'SNCA']",,,ok
0001104659-26-077306,1787297,2026-06-24,['PASG'],,,ok
0001104659-26-065991,1787297,2026-05-26,['PASG'],,,ok
0001104659-26-045219,1787297,2026-04-20,['PASG'],,,ok
0001104659-26-022539,1787297,2026-03-03,['PASG'],,,ok
0001104659-26-002696,1787297,2026-01-12,['PASG'],,,ok
0001104659-25-109158,1787297,2025-11-10,['PASG'],,,ok
0001558370-25-011143,1787297,2025-08-12,['PASG'],,,ok
0001104659-25-061371,1787297,2025-06-23,['PASG'],,,ok
0001104659-25-054907,1787297,2025-05-30,['PASG'],,,ok
0001558370-25-007487,1787297,2025-05-13,['PASG'],,,ok
0001558370-25-002093,1787297,2025-03-04,['PASG'],,,ok
0001104659-25-002278,1787297,2025-01-10,['PASG'],,,ok
0001558370-24-015429,1787297,2024-11-13,['PASG'],,,ok
0001558370-24-012793,1787297,2024-09-16,['PASG'],,,ok
0001558370-24-011459,1787297,2024-08-08,['PASG'],,,ok
0001104659-24-084615,1787297,2024-08-01,['PASG'],,,ok
0001558370-24-009826,1787297,2024-07-16,['PASG'],,,ok
0001104659-24-064243,1787297,2024-05-22,['PASG'],,,ok
0001558370-24-008054,1787297,2024-05-14,['PASG'],,,ok
0001558370-24-002309,1787297,2024-03-04,['PASG'],,,ok
0001558370-24-000107,1787297,2024-01-05,['PASG'],,,ok
0001104659-23-127507,1787297,2023-12-20,['PASG'],,,ok
0001558370-23-018679,1787297,2023-11-13,['PASG'],,,ok
0001104659-23-065493,1787297,2023-05-26,['PASG'],,,ok
0001558370-23-009253,1787297,2023-05-11,['PASG'],,,ok
0001558370-23-002831,1787297,2023-03-06,['PASG'],,,ok
0001558370-23-000123,1787297,2023-01-09,['PASG'],,,ok
0001558370-22-017280,1787297,2022-11-10,['PASG'],,,ok
0001558370-22-012048,1787297,2022-08-04,['PASG'],,,ok
0001104659-22-069166,1787297,2022-06-08,['PASG'],,,ok
0001104659-22-066896,1787297,2022-06-01,['PASG'],,,ok
0001558370-22-009142,1787297,2022-05-18,['PASG'],,,ok
0001558370-22-008854,1787297,2022-05-16,['PASG'],,,ok
0001558370-22-001039,1787297,2022-02-11,['PASG'],,,ok
0001558370-22-000157,1787297,2022-01-10,['PASG'],,,ok
0001558370-21-016900,1787297,2021-12-17,['PASG'],,,ok
0001558370-21-014458,1787297,2021-11-04,['PASG'],,,ok
0001558370-21-012944,1787297,2021-10-04,['PASG'],,,ok
0001558370-21-007852,1787297,2021-05-28,['PASG'],,,ok
0001558370-21-005788,1787297,2021-05-05,['PASG'],,,ok
0001558370-21-002283,1787297,2021-03-03,['PASG'],,,ok
0001104659-21-002688,1787297,2021-01-11,['PASG'],,,ok
0001558370-20-013468,1787297,2020-11-10,['PASG'],,,ok
0001104659-20-103244,1787297,2020-09-09,['PASG'],,,ok
0001104659-20-094318,1787297,2020-08-13,['PASG'],,,ok
0001649094-26-000045,1649094,2026-09-03,['PCVX'],,,ok
0001649094-26-000021,1649094,2026-06-16,['PCVX'],,,ok
0001649094-25-000084,1649094,2025-06-17,['PCVX'],,,ok
0001193125-25-067901,1649094,2025-03-31,['PCVX'],,,ok
0001193125-24-211572,1649094,2024-09-03,['PCVX'],,,ok
0001193125-24-158355,1649094,2024-06-10,['PCVX'],,,ok
0001193125-23-167882,1649094,2023-06-15,['PCVX'],,,ok
0001193125-23-102874,1649094,2023-04-17,['PCVX'],,,ok
0001193125-22-267147,1649094,2022-10-24,['PCVX'],,,ok
0001193125-22-169367,1649094,2022-06-07,['PCVX'],,,ok
0001193125-21-181295,1649094,2021-06-03,['PCVX'],,,ok
0001564590-20-053599,1649094,2020-11-12,['PCVX'],,,ok
0001564590-20-039704,1649094,2020-08-12,['PCVX'],,,ok
0001213900-25-061364,1158780,2025-07-03,['PLUR'],,,ok
0001213900-24-055900,1158780,2024-06-26,['PLUR'],,,ok
0001213900-23-033258,1158780,2023-04-27,['PLUR'],,,ok
0001104659-26-077790,1006281,2026-06-25,['PLX'],,,ok
0001104659-26-064850,1006281,2026-05-21,['PLX'],,,ok
0001104659-26-024975,1006281,2026-03-09,['PLX'],,,ok
0001104659-26-013498,1006281,2026-02-11,['PLX'],,,ok
0001104659-26-008410,1006281,2026-01-30,['PLX'],,,ok
0001104659-25-100264,1006281,2025-10-17,['PLX'],,,ok
0001558370-25-008922,1006281,2025-06-26,['PLX'],,,ok
0001558370-24-009567,1006281,2024-06-28,['PLX'],,,ok
0001558370-23-011868,1006281,2023-07-13,['PLX'],,,ok
0001558370-23-011550,1006281,2023-06-29,['PLX'],,,ok
0001558370-23-010154,1006281,2023-05-18,['PLX'],,,ok
0001558370-23-008953,1006281,2023-05-10,['PLX'],,,ok
0001558370-23-008188,1006281,2023-05-05,['PLX'],,,ok
0001558370-23-002100,1006281,2023-02-27,['PLX'],"November 9, 2022",", class 2 response and set an action date of May 9, 2023, under the Prescription Drug User Fee Act (PDUFA). The BLA was resubmitted on November 9, 2022 and included a comprehensive set of clinical and manufacturing data compiled from all three of the ",ok
0001558370-22-010491,1006281,2022-06-30,['PLX'],,,ok
0001558370-22-005043,1006281,2022-04-04,['PLX'],,,ok
0001558370-21-016327,1006281,2021-11-24,['PLX'],,,ok
0001558370-21-013109,1006281,2021-10-12,['PLX'],,,ok
0001558370-21-008801,1006281,2021-07-07,['PLX'],,,ok
0001558370-21-008725,1006281,2021-06-30,['PLX'],,,ok
0001558370-21-004976,1006281,2021-04-28,['PLX'],,,ok
0001558370-21-001407,1006281,2021-02-23,['PLX'],,,ok
0001104659-21-022556,1006281,2021-02-16,['PLX'],"April 27, 2021|December 30, 2020","ing to discuss the application. The FDA initially set an action date of January 27, 2021, under the PDUFA. However, as the Company previously announced, in November 2020, the FDA extended the PDUFA action date to April 27, 2021. As the Company publicly disclosed last year, the FDA advised the Company that it will have to insp",ok
0001558370-20-014567,1006281,2020-12-30,['PLX'],"April 27, 2021","d Priority Review designation to PRX-102. The action date under the Prescription Drug User Fee Act (PDUFA) for the BLA has been updated to April 27, 2021. Fabry disease represents a tremendous opportunity in a multi-billion dollar market ready for a pot",ok
0001558370-20-011970,1006281,2020-10-29,['PLX'],,,ok
0001104659-20-092996,1006281,2020-08-11,['PLX'],,,ok
0001104659-20-092367,1006281,2020-08-10,['PLX'],,,ok
0001683168-26-002613,1157075,2026-04-02,['PMCB'],,,ok
0001683168-25-007871,1157075,2025-10-31,['PMCB'],,,ok
0001683168-25-002790,1157075,2025-04-24,['PMCB'],,,ok
0001683168-24-002881,1157075,2024-05-01,['PMCB'],,,ok
0001683168-23-006331,1157075,2023-09-07,['PMCB'],,,ok
0001683168-22-005036,1157075,2022-07-19,['PMCB'],,,ok
0001683168-22-004874,1157075,2022-07-11,['PMCB'],,,ok
0001683168-22-001550,1157075,2022-03-09,['PMCB'],,,ok
0001683168-21-004199,1157075,2021-09-10,['PMCB'],,,ok
0001628280-26-041543,1894562,2026-06-08,['PRME'],,,ok
0001628280-26-013565,1894562,2026-03-03,['PRME'],,,ok
0001628280-26-001773,1894562,2026-01-12,['PRME'],,,ok
0001894562-25-000056,1894562,2025-09-08,['PRME'],,,ok
0001628280-25-037840,1894562,2025-08-05,['PRME'],,,ok
0001628280-25-036705,1894562,2025-07-30,['PRME'],,,ok
0001628280-25-029646,1894562,2025-06-05,['PRME'],,,ok
0001193125-25-122156,1894562,2025-05-19,['PRME'],,,ok
0001193125-25-056122,1894562,2025-03-18,['PRME'],,,ok
0001628280-25-001244,1894562,2025-01-13,['PRME'],,,ok
0001628280-24-043500,1894562,2024-10-24,['PRME'],,,ok
0001628280-24-041541,1894562,2024-09-30,['PRME'],,,ok
0001628280-24-027816,1894562,2024-06-12,['PRME'],,,ok
0001628280-24-004785,1894562,2024-02-14,['PRME'],,,ok
0001193125-24-003924,1894562,2024-01-08,['PRME'],,,ok
0001628280-23-027756,1894562,2023-08-07,['PRME'],,,ok
0001628280-23-022447,1894562,2023-06-16,['PRME'],,,ok
0001193125-23-004734,1894562,2023-01-09,['PRME'],,,ok
0001193125-26-248210,1850270,2026-05-29,['PROK'],,,ok
0001193125-26-225848,1850270,2026-05-15,['PROK'],,,ok
0001193125-26-033594,1850270,2026-02-02,['PROK'],,,ok
0001193125-26-009807,1850270,2026-01-12,['PROK'],,,ok
0001193125-25-159041,1850270,2025-07-15,['PROK'],,,ok
0000950170-25-094445,1850270,2025-07-08,['PROK'],,,ok
0000950170-24-102554,1850270,2024-09-03,['PROK'],,,ok
0001193125-24-157913,1850270,2024-06-10,['PROK'],,,ok
0000950170-24-067341,1850270,2024-05-31,['PROK'],,,ok
0001140361-24-027808,1850270,2024-05-29,['PROK'],,,ok
0001193125-24-015722,1850270,2024-01-26,['PROK'],,,ok
0000950103-23-016461,1850270,2023-11-20,['PROK'],,,ok
0001193125-23-276225,1850270,2023-11-13,['PROK'],,,ok
0000950170-23-047359,1850270,2023-09-11,['PROK'],,,ok
0000950170-23-031101,1850270,2023-06-30,['PROK'],,,ok
0000950170-23-006251,1850270,2023-03-06,['PROK'],,,ok
0000950170-23-000618,1850270,2023-01-10,['PROK'],,,ok
0000950170-23-000572,1850270,2023-01-10,['PROK'],,,ok
0000950170-22-018206,1850270,2022-09-08,['PROK'],,,ok
0001213900-26-068774,1359931,2026-06-15,"['PRTO', 'TARA']",,,ok
0001213900-26-035971,1359931,2026-03-30,"['PRTO', 'TARA']",,,ok
0001213900-26-019617,1359931,2026-02-24,"['PRTO', 'TARA']",,,ok
0001213900-25-117577,1359931,2025-12-03,"['PRTO', 'TARA']",,,ok
0001213900-25-112383,1359931,2025-11-19,"['PRTO', 'TARA']",,,ok
0001213900-25-053844,1359931,2025-06-12,"['PRTO', 'TARA']",,,ok
0001213900-25-035785,1359931,2025-04-28,"['PRTO', 'TARA']",,,ok
0001213900-25-020366,1359931,2025-03-05,"['PRTO', 'TARA']",,,ok
0001213900-25-003026,1359931,2025-01-13,"['PRTO', 'TARA']",,,ok
0001213900-24-105782,1359931,2024-12-05,"['PRTO', 'TARA']",,,ok
0001213900-24-051210,1359931,2024-06-10,"['PRTO', 'TARA']",,,ok
0001213900-24-030623,1359931,2024-04-05,"['PRTO', 'TARA']",,,ok
0001213900-23-047460,1359931,2023-06-08,"['PRTO', 'TARA']",,,ok
0001213900-23-035154,1359931,2023-05-02,"['PRTO', 'TARA']",,,ok
0001213900-23-033507,1359931,2023-04-28,"['PRTO', 'TARA']",,,ok
0001213900-23-001140,1359931,2023-01-05,"['PRTO', 'TARA']",,,ok
0001213900-22-031985,1359931,2022-06-09,"['PRTO', 'TARA']",,,ok
0001213900-21-052250,1359931,2021-10-12,"['PRTO', 'TARA']",,,ok
0001213900-21-031798,1359931,2021-06-10,"['PRTO', 'TARA']",,,ok
0001213900-21-022652,1359931,2021-04-23,"['PRTO', 'TARA']",,,ok
0001213900-21-013062,1359931,2021-03-03,"['PRTO', 'TARA']",,,ok
0001213900-21-008283,1359931,2021-02-11,"['PRTO', 'TARA']",,,ok
0001213900-20-037553,1359931,2020-11-17,"['PRTO', 'TARA']",,,ok
0001213900-20-025513,1359931,2020-09-08,"['PRTO', 'TARA']",,,ok
0001919246-26-000125,1919246,2026-10-01,['PTHS'],,,ok
0001919246-26-000110,1919246,2026-08-13,['PTHS'],,,ok
0001919246-26-000112,1919246,2026-08-13,['PTHS'],,,ok
0001919246-26-000085,1919246,2026-05-28,['PTHS'],,,ok
0001919246-26-000071,1919246,2026-05-14,['PTHS'],,,ok
0001919246-26-000060,1919246,2026-04-14,['PTHS'],,,ok
0001919246-26-000014,1919246,2026-03-19,['PTHS'],,,ok
0001753926-26-000094,1919246,2026-01-12,['PTHS'],,,ok
0001753926-25-001606,1919246,2025-10-14,['PTHS'],,,ok
0001753926-25-001425,1919246,2025-09-03,['PTHS'],,,ok
0001193125-26-267862,1662774,2026-06-11,['QNCX'],,,ok
0001193125-26-228133,1662774,2026-05-18,['QNCX'],,,ok
0001193125-26-047544,1662774,2026-02-12,['QNCX'],,,ok
0001193125-26-029524,1662774,2026-01-29,['QNCX'],,,ok
0001193125-25-242514,1662774,2025-10-17,['QNCX'],,,ok
0001193125-23-191839,1662774,2023-07-24,['QNCX'],,,ok
0001193125-23-019103,1662774,2023-01-30,['QNCX'],,,ok
0001193125-22-207867,1662774,2022-08-01,"['CRTX', 'QNCX']",,,ok
0001104659-26-108243,1737953,2026-09-16,['REPL'],,,ok
0001104659-26-092246,1737953,2026-08-07,['REPL'],"July 22, 2025","bone + GM - CSF + GALV - GP R - + anti - CTLA - 4 IGNYTE * + nivolumab Melanoma (anti - PD1 failed) PDUFA date July 22, 2025 RPx expansion into additional solid tumors planned RP1 RP2 Randomized Controlled Trial Randomized C",ok
0001104659-26-088857,1737953,2026-07-31,['REPL'],"August 2, 2026","ing to work with the FDA as it completes its review of the BLA ahead of the action date."" The FDA's target action date under the Class 1 resubmission is August 2, 2026. About RP1 RP1 (vusolimogene oderparepvec) is Replimune’s lead product candidate and is based on a ",ok
0001104659-26-078009,1737953,2026-06-26,['REPL'],"August 2, 2026"," for the treatment of advanced melanoma. The FDA considers this a complete, class 1 response with a goal date of August 2, 2026, and has notified the company to expect an advisory committee meeting in late July. “We are pleased",ok
0001104659-26-042141,1737953,2026-04-13,['REPL'],,,ok
0001104659-26-002721,1737953,2026-01-12,['REPL'],"April 10, 2026"," to edit Master text styles 4 RPx Oncolytic Immunotherapy Overcoming Historical Hurdles Near - term PDUFA date of April 10, 2026 for melanoma with commercial team “launch ready” Go - to market model optimized to enable oncologis",ok
0001104659-25-100605,1737953,2025-10-20,['REPL'],"April 10, 2026"," License Application for RP1 in combination with nivolumab for patients with advanced melanoma. The PDUFA date set by the FDA is April 10, 2026 based on a Class II resubmission timeline. A copy of the news release is filed as Exhibit 99.1 to t",ok
0001104659-25-087464,1737953,2025-09-04,['REPL'],,,ok
0001104659-25-069489,1737953,2025-07-22,['REPL'],,,ok
0001104659-25-062122,1737953,2025-06-24,['REPL'],,,ok
0001104659-25-005291,1737953,2025-01-22,['REPL'],"July 22, 2025","tion Acceptance and Priority Review for RP1 for the Treatment of Advanced Melanoma January 21, 2025 PDUFA action date of July 22, 2025, with priority review WOBURN, Mass., Jan. 21, 2025 (GLOBE NEWSWIRE) -- Replimune Group, Inc. (NASDA",ok
0001104659-24-068948,1737953,2024-06-06,['REPL'],,,ok
0001104659-24-002072,1737953,2024-01-08,['REPL'],,,ok
0001104659-23-098814,1737953,2023-09-07,['REPL'],,,ok
0001104659-23-025680,1737953,2023-02-27,['REPL'],,,ok
0001104659-22-125054,1737953,2022-12-07,['REPL'],,,ok
0001104659-22-098536,1737953,2022-09-08,['REPL'],,,ok
0001104659-21-114198,1737953,2021-09-09,['REPL'],,,ok
0001104659-21-002712,1737953,2021-01-11,['REPL'],,,ok
0001104659-20-121601,1737953,2020-11-05,['REPL'],,,ok
0001104659-20-116455,1737953,2020-10-20,['REPL'],,,ok
0001104659-20-103933,1737953,2020-09-10,['REPL'],,,ok
0001104659-20-091998,1737953,2020-08-07,['REPL'],,,ok
0001193125-26-311402,730272,2026-07-22,['RGEN'],,,ok
0001193125-26-225380,730272,2026-05-15,['RGEN'],,,ok
0001193125-24-221406,730272,2024-09-18,['RGEN'],,,ok
0001193125-23-241886,730272,2023-09-26,['RGEN'],,,ok
0001193125-23-098461,730272,2023-04-12,['RGEN'],,,ok
0001193125-22-165344,730272,2022-06-01,['RGEN'],,,ok
0001193125-21-358541,730272,2021-12-16,['RGEN'],,,ok
0001193125-21-274670,730272,2021-09-16,['RGEN'],,,ok
0001193125-21-166003,730272,2021-05-19,['RGEN'],,,ok
0001193125-20-286257,730272,2020-11-05,['RGEN'],,,ok
0001193125-20-278422,730272,2020-10-27,['RGEN'],,,ok
0001193125-20-203402,730272,2020-07-30,['RGEN'],,,ok
0001193125-26-363786,1590877,2026-08-24,['RGNX'],,,ok
0001193125-26-286825,1590877,2026-06-29,['RGNX'],,,ok
0001193125-26-254590,1590877,2026-06-03,['RGNX'],,,ok
0001193125-26-043342,1590877,2026-02-10,['RGNX'],,,ok
0001193125-26-026139,1590877,2026-01-28,['RGNX'],,,ok
0000950170-25-109829,1590877,2025-08-18,['RGNX'],"November 9, 2025","treatment of Mucopolysaccharidosis II (MPS II), also known as Hunter syndrome. The FDA extended the PDUFA action date from November 9, 2025 to February 8, 2026 to allow for the review of additional data. A copy of the press release is file",ok
0000950170-25-080986,1590877,2025-06-03,['RGNX'],,,ok
0000950170-24-068050,1590877,2024-06-03,['RGNX'],,,ok
0000950170-23-026437,1590877,2023-06-05,['RGNX'],,,ok
0001193125-22-168821,1590877,2022-06-07,['RGNX'],,,ok
0001193125-22-039357,1590877,2022-02-14,['RGNX'],,,ok
0001193125-22-032205,1590877,2022-02-09,['RGNX'],,,ok
0001193125-21-328180,1590877,2021-11-12,['RGNX'],,,ok
0001193125-21-296140,1590877,2021-10-12,['RGNX'],,,ok
0001193125-21-289652,1590877,2021-10-01,['RGNX'],,,ok
0001564590-21-031957,1590877,2021-06-07,['RGNX'],,,ok
0001193125-21-001959,1590877,2021-01-05,['RGNX'],,,ok
0001564590-20-050477,1590877,2020-11-04,['RGNX'],,,ok
0001193125-20-277495,1590877,2020-10-27,['RGNX'],,,ok
0001564590-20-037734,1590877,2020-08-06,['RGNX'],,,ok
0001193125-26-263873,1812364,2026-06-09,['RLAY'],,,ok
0001193125-26-229770,1812364,2026-05-19,['RLAY'],,,ok
0001193125-26-179404,1812364,2026-04-27,['RLAY'],,,ok
0001193125-26-107312,1812364,2026-03-16,['RLAY'],,,ok
0001193125-26-034422,1812364,2026-02-03,['RLAY'],,,ok
0000950170-25-004586,1812364,2025-01-13,['RLAY'],,,ok
0000950170-24-135207,1812364,2024-12-11,['RLAY'],,,ok
0000950170-24-104557,1812364,2024-09-09,['RLAY'],,,ok
0000950170-24-002682,1812364,2024-01-08,['RLAY'],,,ok
0000950170-23-053109,1812364,2023-10-12,['RLAY'],,,ok
0000950170-23-039822,1812364,2023-08-08,['RLAY'],,,ok
0000950170-23-024290,1812364,2023-05-25,['RLAY'],,,ok
0000950170-23-013199,1812364,2023-04-18,['RLAY'],,,ok
0000950170-23-000426,1812364,2023-01-09,['RLAY'],,,ok
0000950170-22-018311,1812364,2022-09-12,['RLAY'],,,ok
0000950170-22-018205,1812364,2022-09-08,['RLAY'],,,ok
0000950170-22-012133,1812364,2022-06-27,['RLAY'],,,ok
0000950170-22-000193,1812364,2022-01-10,['RLAY'],,,ok
0001193125-21-294713,1812364,2021-10-08,['RLAY'],,,ok
0001193125-20-291662,1812364,2020-11-12,['RLAY'],,,ok
0001193125-20-231961,1812364,2020-08-27,['RLAY'],,,ok
0001193125-26-366931,1628171,2026-08-26,"['RVMD', 'RVMDW']",,,ok
0001193125-26-276718,1628171,2026-06-22,"['RVMD', 'RVMDW']",,,ok
0001193125-26-152039,1628171,2026-04-13,"['RVMD', 'RVMDW']",,,ok
0001193125-25-241736,1628171,2025-10-17,"['RVMD', 'RVMDW']",,,ok
0001193125-25-200078,1628171,2025-09-10,"['RVMD', 'RVMDW']",,,ok
0001193125-25-145242,1628171,2025-06-24,"['RVMD', 'RVMDW']",,,ok
0001193125-24-268404,1628171,2024-12-02,"['RVMD', 'RVMDW']",,,ok
0001193125-24-243431,1628171,2024-10-25,"['RVMD', 'RVMDW']",,,ok
0001193125-24-241397,1628171,2024-10-23,"['RVMD', 'RVMDW']",,,ok
0001193125-24-178836,1628171,2024-07-15,"['RVMD', 'RVMDW']",,,ok
0001193125-24-005061,1628171,2024-01-09,"['RVMD', 'RVMDW']",,,ok
0001193125-23-260299,1628171,2023-10-23,['RVMD'],,,ok
0001193125-23-255878,1628171,2023-10-13,['RVMD'],,,ok
0001193125-23-199907,1628171,2023-08-01,['RVMD'],,,ok
0000950170-23-000597,1628171,2023-01-10,['RVMD'],,,ok
0001193125-22-006620,1628171,2022-01-11,['RVMD'],,,ok
0001193125-21-197312,1628171,2021-06-23,['RVMD'],,,ok
0001193125-21-142193,1628171,2021-04-30,['RVMD'],,,ok
0001193125-21-024534,1628171,2021-02-01,['RVMD'],,,ok
0001193125-20-291053,1628171,2020-11-12,['RVMD'],,,ok
0001193125-20-214103,1628171,2020-08-10,['RVMD'],,,ok
0001601830-26-000097,1601830,2026-08-05,['RXRX'],,,ok
0001601830-26-000080,1601830,2026-06-18,['RXRX'],,,ok
0001601830-26-000077,1601830,2026-05-06,['RXRX'],,,ok
0001601830-26-000038,1601830,2026-02-25,['RXRX'],,,ok
0001601830-26-000002,1601830,2026-01-12,['RXRX'],,,ok
0001601830-25-000174,1601830,2025-12-08,['RXRX'],,,ok
0001601830-25-000164,1601830,2025-11-05,['RXRX'],,,ok
0001601830-25-000126,1601830,2025-08-05,['RXRX'],,,ok
0001601830-25-000088,1601830,2025-06-18,['RXRX'],,,ok
0001193125-25-138138,1601830,2025-06-10,['RXRX'],,,ok
0001601830-25-000074,1601830,2025-05-05,['RXRX'],,,ok
0001601830-25-000034,1601830,2025-02-28,['RXRX'],,,ok
0001601830-25-000008,1601830,2025-01-13,['RXRX'],,,ok
0001601830-24-000217,1601830,2024-11-20,['RXRX'],,,ok
0001601830-24-000199,1601830,2024-11-13,['RXRX'],,,ok
0001601830-24-000201,1601830,2024-11-13,['RXRX'],,,ok
0001601830-24-000195,1601830,2024-11-06,['RXRX'],,,ok
0001601830-24-000165,1601830,2024-10-02,['RXRX'],,,ok
0001193125-24-196505,1601830,2024-08-08,['RXRX'],,,ok
0001601830-24-000085,1601830,2024-06-24,['RXRX'],,,ok
0001601830-24-000076,1601830,2024-06-07,['RXRX'],,,ok
0001601830-24-000051,1601830,2024-05-09,['RXRX'],,,ok
0001601830-24-000018,1601830,2024-02-27,['RXRX'],,,ok
0001601830-24-000005,1601830,2024-01-08,['RXRX'],,,ok
0001601830-23-000078,1601830,2023-12-20,['RXRX'],,,ok
0001601830-23-000068,1601830,2023-11-09,['RXRX'],,,ok
0001601830-23-000065,1601830,2023-10-02,['RXRX'],,,ok
0001601830-23-000063,1601830,2023-09-05,['RXRX'],,,ok
0001601830-23-000056,1601830,2023-08-08,['RXRX'],,,ok
0001601830-23-000048,1601830,2023-06-20,['RXRX'],,,ok
0001601830-23-000046,1601830,2023-06-13,['RXRX'],,,ok
0001601830-23-000022,1601830,2023-05-08,['RXRX'],,,ok
0001601830-23-000009,1601830,2023-02-27,['RXRX'],,,ok
0001601830-23-000004,1601830,2023-01-25,['RXRX'],,,ok
0001193125-23-005192,1601830,2023-01-10,['RXRX'],,,ok
0001601830-22-000034,1601830,2022-11-08,['RXRX'],,,ok
0001193125-22-268003,1601830,2022-10-25,['RXRX'],,,ok
0001601830-22-000029,1601830,2022-08-09,['RXRX'],,,ok
0001193125-22-175540,1601830,2022-06-16,['RXRX'],,,ok
0001601830-22-000023,1601830,2022-05-10,['RXRX'],,,ok
0001193125-22-100999,1601830,2022-04-11,['RXRX'],,,ok
0001601830-22-000011,1601830,2022-03-23,['RXRX'],,,ok
0001193125-22-004996,1601830,2022-01-10,['RXRX'],,,ok
0001601830-21-000022,1601830,2021-11-10,['RXRX'],,,ok
0001193125-21-293736,1601830,2021-10-07,['RXRX'],,,ok
0001193125-21-268397,1601830,2021-09-09,['RXRX'],,,ok
0001193125-26-275976,1833214,2026-06-18,"['SABS', 'SABSW']",,,ok
0001193125-26-168569,1833214,2026-04-22,"['SABS', 'SABSW']",,,ok
0001193125-26-099376,1833214,2026-03-10,"['SABS', 'SABSW']",,,ok
0001193125-26-010515,1833214,2026-01-12,"['SABS', 'SABSW']",,,ok
0001193125-25-220721,1833214,2025-09-26,"['SABS', 'SABSW']",,,ok
0000950170-25-096645,1833214,2025-07-17,"['SABS', 'SABSW']",,,ok
0000950170-25-009474,1833214,2025-01-28,"['SABS', 'SABSW']",,,ok
0000950170-24-078622,1833214,2024-06-27,"['SABS', 'SABSW']",,,ok
0000950170-24-062656,1833214,2024-05-21,"['SABS', 'SABSW']",,,ok
0000950170-24-044497,1833214,2024-04-15,"['SABS', 'SABSW']",,,ok
0000950170-24-005793,1833214,2024-01-19,"['SABS', 'SABSW']",,,ok
0000950170-24-000543,1833214,2024-01-03,"['SABS', 'SABSW']",,,ok
0000950170-23-066553,1833214,2023-11-29,"['SABS', 'SABSW']",,,ok
0001437749-23-021186,1833214,2023-07-31,"['SABS', 'SABSW']",,,ok
0001437749-23-019198,1833214,2023-07-03,"['SABS', 'SABSW']",,,ok
0001437749-23-017924,1833214,2023-06-21,"['SABS', 'SABSW']",,,ok
0001437749-23-017353,1833214,2023-06-14,"['SABS', 'SABSW']",,,ok
0001437749-23-014272,1833214,2023-05-12,"['SABS', 'SABSW']",,,ok
0001437749-23-011514,1833214,2023-04-28,"['SABS', 'SABSW']",,,ok
0001437749-23-010655,1833214,2023-04-19,"['SABS', 'SABSW']",,,ok
0001437749-23-010220,1833214,2023-04-14,"['SABS', 'SABSW']",,,ok
0001437749-23-008871,1833214,2023-03-31,"['SABS', 'SABSW']",,,ok
0001437749-23-002624,1833214,2023-02-07,"['SABS', 'SABSW']",,,ok
0000950170-23-000472,1833214,2023-01-09,"['SABS', 'SABSW']",,,ok
0000950170-22-025544,1833214,2022-11-21,"['SABS', 'SABSW']",,,ok
0000950170-22-022367,1833214,2022-11-07,"['SABS', 'SABSW']",,,ok
0000950170-22-018944,1833214,2022-09-28,"['SABS', 'SABSW']",,,ok
0000950170-22-018805,1833214,2022-09-23,"['SABS', 'SABSW']",,,ok
0000950170-22-012572,1833214,2022-07-11,"['SABS', 'SABSW']",,,ok
0000950170-22-012460,1833214,2022-07-05,"['SABS', 'SABSW']",,,ok
0001493152-21-029460,1833214,2021-11-22,"['SABS', 'SABSW']",,,ok
0001193125-26-384405,1770121,2026-09-08,['SANA'],,,ok
0001193125-26-012664,1770121,2026-01-14,['SANA'],,,ok
0001193125-25-174506,1770121,2025-08-06,['SANA'],,,ok
0000950170-25-088752,1770121,2025-06-23,['SANA'],,,ok
0001193125-25-005047,1770121,2025-01-13,['SANA'],,,ok
0001193125-24-004910,1770121,2024-01-09,['SANA'],,,ok
0001193125-23-292542,1770121,2023-12-11,['SANA'],,,ok
0001193125-23-253493,1770121,2023-10-10,['SANA'],,,ok
0000950170-23-047822,1770121,2023-09-13,['SANA'],,,ok
0000950170-23-026732,1770121,2023-06-07,['SANA'],,,ok
0001193125-23-016245,1770121,2023-01-26,['SANA'],,,ok
0001564590-23-000832,1770121,2023-01-26,['SANA'],,,ok
0001564590-23-000306,1770121,2023-01-10,['SANA'],,,ok
0001564590-22-023139,1770121,2022-06-14,['SANA'],,,ok
0001564590-22-000913,1770121,2022-01-11,['SANA'],,,ok
0001193125-21-271045,1770121,2021-09-13,['SANA'],,,ok
0001193125-25-316239,1820190,2025-12-11,"['SCLX', 'SCLXW']",,,ok
0000950170-25-088971,1820190,2025-06-23,"['SCLX', 'SCLXW']",,,ok
0000950170-24-113581,1820190,2024-10-08,"['SCLX', 'SCLXW']",,,ok
0000950170-24-088984,1820190,2024-08-01,"['SCLX', 'SCLXW']",,,ok
0000950170-24-079287,1820190,2024-07-01,"['SCLX', 'SCLXW']",,,ok
0001193125-24-097730,1820190,2024-04-16,"['SCLX', 'SCLXW']",,,ok
0001193125-24-000300,1820190,2024-01-02,"['SCLX', 'SCLXW']",,,ok
0001193125-23-286850,1820190,2023-12-01,"['SCLX', 'SCLXW']",,,ok
0001193125-23-268931,1820190,2023-11-02,"['SCLX', 'SCLXW']",,,ok
0001193125-23-267815,1820190,2023-11-01,"['SCLX', 'SCLXW']",,,ok
0001193125-23-247997,1820190,2023-10-02,"['SCLX', 'SCLXW']",,,ok
0001193125-23-232054,1820190,2023-09-11,"['SCLX', 'SCLXW']",,,ok
0001193125-23-181688,1820190,2023-07-05,"['SCLX', 'SCLXW']",,,ok
0001193125-23-171344,1820190,2023-06-22,"['SCLX', 'SCLXW']",,,ok
0001193125-23-158495,1820190,2023-06-01,"['SCLX', 'SCLXW']",,,ok
0001193125-23-137199,1820190,2023-05-05,"['SCLX', 'SCLXW']",,,ok
0001193125-23-133984,1820190,2023-05-03,"['SCLX', 'SCLXW']",,,ok
0001193125-23-089024,1820190,2023-04-03,"['SCLX', 'SCLXW']",,,ok
0001193125-23-055030,1820190,2023-03-01,"['SCLX', 'SCLXW']",,,ok
0001193125-23-022210,1820190,2023-02-02,"['SCLX', 'SCLXW']",,,ok
0001193125-23-000315,1820190,2023-01-03,"['SCLX', 'SCLXW']",,,ok
0001193125-26-265804,1707502,2026-06-10,['SLDB'],,,ok
0001193125-26-102489,1707502,2026-03-12,['SLDB'],,,ok
0001193125-26-096709,1707502,2026-03-06,['SLDB'],,,ok
0001193125-25-262795,1707502,2025-11-03,['SLDB'],,,ok
0000950170-25-086215,1707502,2025-06-13,['SLDB'],,,ok
0001193125-25-028123,1707502,2025-02-18,['SLDB'],,,ok
0001193125-24-159143,1707502,2024-06-11,['SLDB'],,,ok
0001193125-24-003882,1707502,2024-01-08,['SLDB'],,,ok
0001193125-23-277552,1707502,2023-11-15,['SLDB'],,,ok
0001193125-23-164486,1707502,2023-06-09,['SLDB'],,,ok
0001193125-23-074426,1707502,2023-03-20,['SLDB'],,,ok
0001193125-23-004189,1707502,2023-01-09,['SLDB'],,,ok
0001193125-22-255495,1707502,2022-09-30,['SLDB'],,,ok
0001193125-22-254807,1707502,2022-09-30,['SLDB'],,,ok
0001193125-22-171086,1707502,2022-06-09,['SLDB'],,,ok
0001193125-22-005120,1707502,2022-01-10,['SLDB'],,,ok
0001193125-21-286070,1707502,2021-09-29,['SLDB'],,,ok
0001193125-21-279962,1707502,2021-09-23,['SLDB'],,,ok
0001193125-21-192663,1707502,2021-06-17,['SLDB'],,,ok
0001193125-21-005800,1707502,2021-01-11,['SLDB'],,,ok
0001193125-20-286209,1707502,2020-11-05,['SLDB'],,,ok
0001193125-20-274925,1707502,2020-10-23,['SLDB'],,,ok
0001193125-20-260507,1707502,2020-10-01,['SLDB'],,,ok
0001193125-20-198729,1707502,2020-07-27,['SLDB'],,,ok
0001178913-26-004604,2022416,2026-09-25,"['SLXN', 'SLXNW']",,,ok
0001178913-26-003966,2022416,2026-08-10,"['SLXN', 'SLXNW']",,,ok
0001178913-26-003551,2022416,2026-07-21,"['SLXN', 'SLXNW']",,,ok
0001178913-26-002705,2022416,2026-05-14,"['SLXN', 'SLXNW']",,,ok
0001178913-26-002393,2022416,2026-05-05,"['SLXN', 'SLXNW']",,,ok
0001178913-26-001615,2022416,2026-03-24,"['SLXN', 'SLXNW']",,,ok
0001178913-26-000289,2022416,2026-02-03,"['SLXN', 'SLXNW']",,,ok
0001178913-26-000067,2022416,2026-01-06,"['SLXN', 'SLXNW']",,,ok
0001178913-25-003444,2022416,2025-09-30,"['SLXN', 'SLXNW']",,,ok
0001178913-25-003205,2022416,2025-09-02,"['SLXN', 'SLXNW']",,,ok
0001178913-25-003005,2022416,2025-08-20,"['SLXN', 'SLXNW']",,,ok
0001178913-25-002985,2022416,2025-08-19,"['SLXN', 'SLXNW']",,,ok
0001178913-25-002378,2022416,2025-07-14,"['SLXN', 'SLXNW']",,,ok
0001178913-25-001103,2022416,2025-03-28,"['SLXN', 'SLXNW']",,,ok
0001178913-25-000700,2022416,2025-03-05,"['SLXN', 'SLXNW']",,,ok
0001178913-25-000116,2022416,2025-01-15,"['SLXN', 'SLXNW']",,,ok
0001178913-24-003845,2022416,2024-11-27,"['SLXN', 'SLXNW']",,,ok
0001178913-24-003766,2022416,2024-11-19,"['SLXN', 'SLXNW']",,,ok
0001178913-24-003126,2022416,2024-09-24,"['SLXN', 'SLXNW']",,,ok
0001213900-24-076715,2022416,2024-09-09,"['SLXN', 'SLXNW']",,,ok
0001628280-26-048248,1854270,2026-07-15,['SNTI'],,,ok
0001628280-25-055953,1854270,2025-12-09,['SNTI'],,,ok
0001854270-25-000073,1854270,2025-06-30,['SNTI'],,,ok
0001854270-25-000069,1854270,2025-06-18,['SNTI'],,,ok
0001854270-25-000046,1854270,2025-04-28,['SNTI'],,,ok
0001140361-24-048114,1854270,2024-12-02,['SNTI'],,,ok
0001854270-23-000134,1854270,2023-12-22,['SNTI'],,,ok
0001854270-23-000079,1854270,2023-06-23,['SNTI'],,,ok
0001854270-23-000003,1854270,2023-01-09,['SNTI'],,,ok
0001854270-22-000053,1854270,2022-12-12,['SNTI'],,,ok
0001854270-22-000041,1854270,2022-11-10,['SNTI'],,,ok
0001854270-22-000033,1854270,2022-10-03,['SNTI'],,,ok
0001104659-26-107721,1727196,2026-09-15,['SRRK'],,,ok
0001104659-26-107273,1727196,2026-09-14,['SRRK'],,,ok
0001104659-26-056655,1727196,2026-05-07,['SRRK'],"March 31, 2026","ically significant, clinically meaningful benefit in SMA ON TRACK BLA resubmission accepted by FDA; PDUFA action date of September 30th CHMP opinion anticipated near mid-2026 ~35,000 have received an SMN-targeted therapy1-3 $2B+ opportunity to serve patients with SMA alone $480M in cash and cash equivalents as of March 31, 2026 7 Scholar Rock is poised for a transformative year SMA, Spinal Muscular Atrophy; PDUFA, Prescriptio",ok
0001104659-26-002757,1727196,2026-01-12,['SRRK'],,,ok
0001104659-25-117522,1727196,2025-12-02,['SRRK'],,,ok
0001104659-25-092317,1727196,2025-09-23,['SRRK'],,,ok
0001558370-25-008711,1727196,2025-06-18,['SRRK'],,,ok
0001558370-25-007650,1727196,2025-05-14,['SRRK'],"September 22, 2025","gromab BLA accepted under priority review for patients with Spinal Muscular Atrophy (SMA) and FDA’s PDUFA date set for September 22, 2025; commercial readiness progresses • European Medicines Agency validated Marketing Authorisation Appl",ok
0001558370-25-001681,1727196,2025-02-27,['SRRK'],,,ok
0001558370-25-000184,1727196,2025-01-14,['SRRK'],,,ok
0001558370-25-000156,1727196,2025-01-13,['SRRK'],,,ok
0001558370-24-015149,1727196,2024-11-12,['SRRK'],,,ok
0001104659-24-106461,1727196,2024-10-07,['SRRK'],,,ok
0001558370-24-011465,1727196,2024-08-08,['SRRK'],,,ok
0001558370-24-009582,1727196,2024-06-28,['SRRK'],,,ok
0001558370-24-008865,1727196,2024-06-03,['SRRK'],,,ok
0001558370-24-008556,1727196,2024-05-22,['SRRK'],,,ok
0001157523-24-000027,1727196,2024-01-08,['SRRK'],,,ok
0001157523-23-001660,1727196,2023-11-07,['SRRK'],,,ok
0001157523-23-001060,1727196,2023-06-30,['SRRK'],,,ok
0001104659-23-073782,1727196,2023-06-22,['SRRK'],,,ok
0001157523-23-000029,1727196,2023-01-09,['SRRK'],,,ok
0001104659-22-072136,1727196,2022-06-17,['SRRK'],,,ok
0001104659-22-065942,1727196,2022-05-27,['SRRK'],,,ok
0001157523-22-000039,1727196,2022-01-10,['SRRK'],,,ok
0001157523-21-001456,1727196,2021-11-30,['SRRK'],,,ok
0001157523-21-000791,1727196,2021-06-15,['SRRK'],,,ok
0001104659-21-075400,1727196,2021-06-02,['SRRK'],,,ok
0001157523-21-000719,1727196,2021-05-26,['SRRK'],,,ok
0001157523-21-000429,1727196,2021-04-06,['SRRK'],,,ok
0001157523-20-001470,1727196,2020-11-09,['SRRK'],,,ok
0001157523-20-001347,1727196,2020-10-27,['SRRK'],,,ok
0001157523-20-001161,1727196,2020-08-07,['SRRK'],,,ok
0001193125-26-411298,1824893,2026-10-02,['SRZN'],,,ok
0000950170-25-072696,1824893,2025-05-15,"['SRZN', 'SRZNW']",,,ok
0001193125-25-061361,1824893,2025-03-24,"['SRZN', 'SRZNW']",,,ok
0000950170-24-038902,1824893,2024-04-01,"['SRZN', 'SRZNW']",,,ok
0000950170-24-005198,1824893,2024-01-18,"['SRZN', 'SRZNW']",,,ok
0000950170-23-069405,1824893,2023-12-11,"['SRZN', 'SRZNW']",,,ok
0000950170-23-023389,1824893,2023-05-22,"['SRZN', 'SRZNW']",,,ok
0000950170-23-009326,1824893,2023-03-23,"['SRZN', 'SRZNW']",,,ok
0001193125-21-244260,1824893,2021-08-12,"['CHFW', 'CHFW.U', 'CHFW.WS', 'SRZN', 'SRZNW']",,,ok
0001193125-26-345733,1382101,2026-08-12,['STRO'],,,ok
0001193125-26-261658,1382101,2026-06-08,['STRO'],,,ok
0001193125-26-044934,1382101,2026-02-10,['STRO'],,,ok
0001193125-25-138481,1382101,2025-06-10,['STRO'],,,ok
0000950170-24-134765,1382101,2024-12-10,['STRO'],,,ok
0000950170-24-071335,1382101,2024-06-10,['STRO'],,,ok
0000950170-24-002690,1382101,2024-01-08,['STRO'],,,ok
0000950170-23-027975,1382101,2023-06-14,['STRO'],,,ok
0000950170-23-000528,1382101,2023-01-09,['STRO'],,,ok
0000950170-22-012215,1382101,2022-06-28,['STRO'],,,ok
0000950170-22-011712,1382101,2022-06-16,['STRO'],,,ok
0000950170-22-011282,1382101,2022-06-07,['STRO'],,,ok
0000950170-22-000168,1382101,2022-01-10,['STRO'],,,ok
0000950170-22-000081,1382101,2022-01-05,['STRO'],,,ok
0001564590-21-055917,1382101,2021-11-10,['STRO'],,,ok
0001564590-21-031670,1382101,2021-06-04,['STRO'],,,ok
0001564590-21-028892,1382101,2021-05-19,['STRO'],,,ok
0001564590-20-056289,1382101,2020-12-07,['STRO'],,,ok
0001564590-20-056109,1382101,2020-12-04,['STRO'],,,ok
0001564590-20-050851,1382101,2020-11-05,['STRO'],,,ok
0001564590-20-043014,1382101,2020-09-09,['STRO'],,,ok
0001564590-20-037231,1382101,2020-08-06,['STRO'],,,ok
0001819790-26-000002,1819790,2026-01-12,['TARS'],,,ok
0001193125-25-005030,1819790,2025-01-13,['TARS'],,,ok
0001819790-24-000087,1819790,2024-06-18,['TARS'],,,ok
0001819790-24-000004,1819790,2024-01-08,['TARS'],,,ok
0001819790-23-000088,1819790,2023-12-11,['TARS'],,,ok
0001193125-23-192827,1819790,2023-07-25,['TARS'],,,ok
0001819790-23-000034,1819790,2023-06-15,['TARS'],"August 25, 2023","ilaner Patent protection through 2038 Defined path to FDA approval and potential launch Anticipated PDUFA: August 25, 2023 Product availability for Fall 2023 launch Unique ability to resolve disease enables opportunity to ",ok
0001193125-22-137573,1819790,2022-05-03,['TARS'],,,ok
0001193125-22-135403,1819790,2022-05-02,['TARS'],,,ok
0001193125-22-135307,1819790,2022-05-02,['TARS'],,,ok
0001193125-21-194371,1819790,2021-06-21,['TARS'],,,ok
0001193125-21-110829,1819790,2021-04-09,['TARS'],,,ok
0001193125-20-295527,1819790,2020-11-17,['TARS'],,,ok
0001193125-26-379343,1783328,2026-09-02,['TCRX'],,,ok
0001193125-26-276693,1783328,2026-06-22,['TCRX'],,,ok
0001193125-26-009771,1783328,2026-01-12,['TCRX'],,,ok
0001193125-25-261612,1783328,2025-11-03,['TCRX'],,,ok
0001193125-25-198768,1783328,2025-09-09,['TCRX'],,,ok
0001193125-25-154336,1783328,2025-07-02,['TCRX'],,,ok
0001193125-24-273985,1783328,2024-12-10,['TCRX'],,,ok
0001193125-24-161151,1783328,2024-06-14,['TCRX'],,,ok
0001193125-24-098509,1783328,2024-04-17,['TCRX'],,,ok
0001193125-24-097764,1783328,2024-04-16,['TCRX'],,,ok
0001193125-23-292080,1783328,2023-12-11,['TCRX'],,,ok
0001193125-23-168118,1783328,2023-06-16,['TCRX'],,,ok
0001193125-23-012556,1783328,2023-01-23,['TCRX'],,,ok
0001193125-22-167299,1783328,2022-06-03,['TCRX'],,,ok
0001193125-22-163006,1783328,2022-05-31,['TCRX'],,,ok
0001193125-22-015468,1783328,2022-01-24,['TCRX'],,,ok
0001140361-26-037450,842023,2026-09-23,['TECH'],,,ok
0001104659-26-094391,842023,2026-08-12,['TECH'],,,ok
0001104659-26-055887,842023,2026-05-06,['TECH'],,,ok
0001104659-26-009994,842023,2026-02-04,['TECH'],,,ok
0001104659-25-106631,842023,2025-11-05,['TECH'],,,ok
0001558370-25-010393,842023,2025-08-06,['TECH'],,,ok
0001558370-25-006594,842023,2025-05-07,['TECH'],,,ok
0001558370-25-000639,842023,2025-02-05,['TECH'],,,ok
0001558370-24-013879,842023,2024-10-30,['TECH'],,,ok
0001558370-24-011193,842023,2024-08-07,['TECH'],,,ok
0001558370-24-006319,842023,2024-05-01,['TECH'],,,ok
0001558370-24-000683,842023,2024-02-01,['TECH'],,,ok
0001558370-23-017051,842023,2023-10-31,['TECH'],,,ok
0001558370-23-013727,842023,2023-08-08,['TECH'],,,ok
0001558370-23-007739,842023,2023-05-03,['TECH'],,,ok
0001558370-23-000758,842023,2023-02-02,['TECH'],,,ok
0001558370-22-015710,842023,2022-11-01,['TECH'],,,ok
0001558370-22-012028,842023,2022-08-04,['TECH'],,,ok
0001558370-22-006932,842023,2022-05-04,['TECH'],,,ok
0001437749-22-002038,842023,2022-02-01,['TECH'],,,ok
0001437749-21-024807,842023,2021-11-02,['TECH'],,,ok
0001437749-21-024664,842023,2021-10-29,['TECH'],,,ok
0001437749-21-018609,842023,2021-08-05,['TECH'],,,ok
0001437749-21-010994,842023,2021-05-06,['TECH'],,,ok
0001437749-21-001705,842023,2021-02-02,['TECH'],,,ok
0001437749-20-022390,842023,2020-11-03,['TECH'],,,ok
0001193125-26-407823,1681087,2026-09-29,['TECX'],,,ok
0001193125-26-266040,1681087,2026-06-10,['TECX'],,,ok
0001193125-25-256958,1681087,2025-10-30,['TECX'],,,ok
0001193125-25-175567,1681087,2025-08-07,['TECX'],,,ok
0001193125-25-122511,1681087,2025-05-19,['TECX'],,,ok
0001193125-25-016224,1681087,2025-01-30,['TECX'],,,ok
0001193125-25-005304,1681087,2025-01-13,['TECX'],,,ok
0001193125-24-222189,1681087,2024-09-19,['TECX'],,,ok
0001193125-24-188881,1681087,2024-07-30,['TECX'],,,ok
0001193125-24-168273,1681087,2024-06-26,['TECX'],,,ok
0001789769-26-000055,1789769,2026-08-13,['TIL'],,,ok
0001789769-26-000048,1789769,2026-06-11,['TIL'],,,ok
0001789769-25-000092,1789769,2025-11-13,['TIL'],,,ok
0001789769-25-000079,1789769,2025-08-13,['TIL'],,,ok
0001789769-25-000074,1789769,2025-07-31,['TIL'],,,ok
0001789769-25-000062,1789769,2025-05-28,['TIL'],,,ok
0001789769-25-000059,1789769,2025-05-27,['TIL'],,,ok
0001789769-25-000054,1789769,2025-05-22,['TIL'],,,ok
0001789769-25-000012,1789769,2025-03-04,['TIL'],,,ok
0001789769-24-000100,1789769,2024-11-13,['TIL'],,,ok
0001628280-24-040396,1789769,2024-09-16,['TIL'],,,ok
0001789769-24-000090,1789769,2024-08-15,['TIL'],,,ok
0001789769-24-000082,1789769,2024-08-13,['TIL'],,,ok
0001789769-24-000070,1789769,2024-06-17,['TIL'],,,ok
0001789769-24-000034,1789769,2024-03-21,['TIL'],,,ok
0001789769-23-000073,1789769,2023-06-14,['TIL'],,,ok
0001789769-23-000033,1789769,2023-03-31,['TIL'],,,ok
0001193125-22-273131,1789769,2022-10-31,['TIL'],,,ok
0001789769-22-000058,1789769,2022-05-27,['TIL'],,,ok
0001789769-22-000043,1789769,2022-05-20,['TIL'],,,ok
0001789769-22-000006,1789769,2022-03-07,['TIL'],,,ok
0001789769-21-000061,1789769,2021-09-16,['TIL'],,,ok
0001789769-21-000055,1789769,2021-09-13,['TIL'],,,ok
0001789769-21-000018,1789769,2021-04-27,['TIL'],,,ok
0001789769-21-000009,1789769,2021-04-13,['TIL'],,,ok
0001193125-25-315951,1858848,2025-12-11,['TNYA'],,,ok
0001193125-25-272423,1858848,2025-11-07,['TNYA'],,,ok
0000950170-25-079773,1858848,2025-05-30,['TNYA'],,,ok
0001193125-24-280112,1858848,2024-12-17,['TNYA'],,,ok
0001193125-26-276738,1806310,2026-06-22,['TSHA'],,,ok
0001193125-25-235212,1806310,2025-10-09,['TSHA'],,,ok
0001193125-25-227505,1806310,2025-10-02,['TSHA'],,,ok
0001193125-25-133745,1806310,2025-06-03,['TSHA'],,,ok
0001193125-25-129494,1806310,2025-05-28,['TSHA'],,,ok
0001193125-24-163050,1806310,2024-06-18,['TSHA'],,,ok
0001193125-23-277914,1806310,2023-11-15,['TSHA'],,,ok
0001193125-23-219580,1806310,2023-08-24,['TSHA'],,,ok
0001193125-23-198580,1806310,2023-07-31,['TSHA'],,,ok
0001193125-23-176864,1806310,2023-06-28,['TSHA'],,,ok
0001193125-22-268414,1806310,2022-10-25,['TSHA'],,,ok
0001193125-22-022338,1806310,2022-01-31,['TSHA'],,,ok
0001193125-22-019000,1806310,2022-01-27,['TSHA'],,,ok
0001193125-21-202639,1806310,2021-06-29,['TSHA'],,,ok
0001193125-21-201075,1806310,2021-06-28,['TSHA'],,,ok
0001193125-21-116308,1806310,2021-04-14,['TSHA'],,,ok
0001193125-21-023671,1806310,2021-02-01,['TSHA'],,,ok
0001193125-21-010793,1806310,2021-01-19,['TSHA'],,,ok
0001193125-20-322291,1806310,2020-12-21,['TSHA'],,,ok
0001193125-20-291719,1806310,2020-11-12,['TSHA'],,,ok
0001193125-20-277634,1806310,2020-10-27,['TSHA'],,,ok
0001193125-20-269048,1806310,2020-10-14,['TSHA'],,,ok
0001493152-26-008065,1860871,2026-02-25,"['TVGN', 'TVGNW']",,,ok
0001581280-26-000012,1581280,2026-01-12,['TWST'],,,ok
0001193125-20-300415,1581280,2020-11-23,['TWST'],,,ok
0001193125-20-211893,1581280,2020-08-06,['TWST'],,,ok
0001628280-26-050815,887359,2026-07-30,['VCEL'],,,ok
0001628280-26-031713,887359,2026-05-07,['VCEL'],,,ok
0001140361-26-001060,887359,2026-01-13,['VCEL'],,,ok
0001628280-25-023481,887359,2025-05-08,['VCEL'],,,ok
0001140361-25-017110,887359,2025-05-02,['VCEL'],,,ok
0001140361-25-013625,887359,2025-04-14,['VCEL'],,,ok
0001140361-25-001060,887359,2025-01-14,['VCEL'],,,ok
0001140361-24-038472,887359,2024-08-26,['VCEL'],,,ok
0001140361-24-037511,887359,2024-08-15,['VCEL'],,,ok
0001628280-24-021382,887359,2024-05-08,['VCEL'],,,ok
0001140361-24-024327,887359,2024-05-03,['VCEL'],,,ok
0001628280-24-007807,887359,2024-02-29,['VCEL'],,,ok
0001140361-24-001518,887359,2024-01-09,['VCEL'],,,ok
0001628280-23-037567,887359,2023-11-08,['VCEL'],,,ok
0001628280-23-026579,887359,2023-08-02,['VCEL'],,,ok
0001628280-23-017028,887359,2023-05-10,['VCEL'],,,ok
0001140361-23-023201,887359,2023-05-05,['VCEL'],,,ok
0001628280-23-004701,887359,2023-02-23,['VCEL'],,,ok
0001104659-22-130934,887359,2022-12-29,['VCEL'],,,ok
0001104659-22-053666,887359,2022-04-29,['VCEL'],,,ok
0001628280-22-003659,887359,2022-02-24,['VCEL'],,,ok
0001104659-22-003394,887359,2022-01-12,['VCEL'],,,ok
0001628280-21-015447,887359,2021-08-04,['VCEL'],,,ok
0001628280-21-008966,887359,2021-05-05,['VCEL'],,,ok
0001104659-21-057713,887359,2021-04-29,['VCEL'],,,ok
0001628280-21-002956,887359,2021-02-24,['VCEL'],,,ok
0001104659-21-002701,887359,2021-01-11,['VCEL'],,,ok
0001628280-20-015603,887359,2020-11-05,['VCEL'],"June 29, 2021","ew the Biologics License Application for NexoBrid for the treatment of severe thermal burns, with a PDUFA goal date of June 29, 2021. 1 “Our company executed exceedingly well during the third quarter as we generated stronger than ex",ok
0001104659-20-114711,887359,2020-10-14,['VCEL'],,,ok
0001104659-20-105660,887359,2020-09-16,['VCEL'],"June 29, 2021",") in adults with deep partial-thickness and/or full-thickness thermal burns. The FDA has assigned a PDUFA (Prescription Drug User Fee Act) date of June 29, 2021 for its review of the BLA. In addition, the FDA communicated that it is not currently planning to h",ok
0001628280-20-011708,887359,2020-08-05,['VCEL'],,,ok
0001104659-20-082371,887359,2020-07-09,['VCEL'],,,ok
0001628280-26-038630,1706431,2026-05-28,['VIR'],,,ok
0001628280-26-001768,1706431,2026-01-12,['VIR'],,,ok
0001628280-25-057394,1706431,2025-12-16,['VIR'],,,ok
0001628280-25-024067,1706431,2025-05-09,['VIR'],,,ok
0001193125-25-003214,1706431,2025-01-08,['VIR'],,,ok
0001193125-24-168554,1706431,2024-06-26,['VIR'],,,ok
0001193125-24-154636,1706431,2024-06-05,['VIR'],,,ok
0001193125-24-149139,1706431,2024-05-29,['VIR'],,,ok
0001193125-23-190147,1706431,2023-07-20,['VIR'],,,ok
0001193125-23-044204,1706431,2023-02-22,['VIR'],,,ok
0001193125-22-096318,1706431,2022-04-05,['VIR'],,,ok
0001193125-22-085150,1706431,2022-03-25,['VIR'],,,ok
0001193125-22-052116,1706431,2022-02-24,['VIR'],,,ok
0001193125-21-200994,1706431,2021-06-28,['VIR'],,,ok
0001193125-21-175479,1706431,2021-05-27,['VIR'],,,ok
0001193125-21-171020,1706431,2021-05-24,['VIR'],,,ok
0001193125-21-114677,1706431,2021-04-13,['VIR'],,,ok
0001193125-21-098947,1706431,2021-03-30,['VIR'],,,ok
0001193125-21-020756,1706431,2021-01-28,['VIR'],,,ok
0001564590-20-052954,1706431,2020-11-10,['VIR'],,,ok
0001193125-20-247168,1706431,2020-09-16,['VIR'],,,ok
0001564590-20-039291,1706431,2020-08-11,['VIR'],,,ok
0001193125-26-336844,1497253,2026-08-06,"['ONVO', 'VIVS']",,,ok
0001193125-25-324794,1497253,2025-12-18,"['ONVO', 'VIVS']",,,ok
0001193125-26-261661,1817229,2026-06-08,['VOR'],,,ok
0001193125-26-009961,1817229,2026-01-12,['VOR'],,,ok
0001193125-25-253636,1817229,2025-10-28,['VOR'],,,ok
0001193125-25-193600,1817229,2025-09-02,['VOR'],,,ok
0001193125-24-272891,1817229,2024-12-09,['VOR'],,,ok
0001193125-24-214186,1817229,2024-09-05,['VOR'],,,ok
0001193125-24-003459,1817229,2024-01-05,['VOR'],,,ok
0001193125-23-268939,1817229,2023-11-02,['VOR'],,,ok
0001193125-23-163990,1817229,2023-06-09,['VOR'],,,ok
0001193125-23-040919,1817229,2023-02-16,['VOR'],,,ok
0001193125-22-299797,1817229,2022-12-07,['VOR'],,,ok
0001104659-26-082906,1640266,2026-07-13,['VYGR'],,,ok
0001104659-26-072324,1640266,2026-06-10,['VYGR'],,,ok
0001104659-26-068591,1640266,2026-06-01,['VYGR'],,,ok
0001104659-26-001955,1640266,2026-01-08,['VYGR'],,,ok
0001104659-25-085977,1640266,2025-09-02,['VYGR'],,,ok
0001104659-25-056835,1640266,2025-06-05,['VYGR'],,,ok
0001104659-25-011155,1640266,2025-02-11,['VYGR'],,,ok
0001104659-24-069063,1640266,2024-06-06,['VYGR'],,,ok
0001104659-24-000084,1640266,2024-01-02,['VYGR'],,,ok
0001104659-23-068910,1640266,2023-06-07,['VYGR'],,,ok
0001104659-23-002047,1640266,2023-01-09,['VYGR'],,,ok
0001104659-22-068958,1640266,2022-06-07,['VYGR'],,,ok
0001104659-21-078219,1640266,2021-06-08,['VYGR'],,,ok
0001104659-21-010992,1640266,2021-02-02,['VYGR'],,,ok
0001558370-20-013374,1640266,2020-11-09,['VYGR'],,,ok
0001558370-20-010039,1640266,2020-08-10,['VYGR'],,,ok
0001501697-26-000076,1501697,2026-09-09,['XFOR'],,,ok
0001501697-26-000072,1501697,2026-09-08,['XFOR'],,,ok
0001501697-26-000047,1501697,2026-05-12,['XFOR'],,,ok
0001628280-25-021304,1501697,2025-05-01,['XFOR'],,,ok
0001628280-24-047433,1501697,2024-11-13,['XFOR'],,,ok
0001628280-24-036495,1501697,2024-08-09,['XFOR'],,,ok
0001628280-24-032266,1501697,2024-07-19,['XFOR'],,,ok
0001628280-24-030243,1501697,2024-06-27,['XFOR'],,,ok
0001628280-24-024633,1501697,2024-05-22,['XFOR'],,,ok
0001628280-24-018773,1501697,2024-04-29,['XFOR'],,,ok
0001628280-24-018793,1501697,2024-04-29,['XFOR'],,,ok
0001628280-24-013896,1501697,2024-04-01,['XFOR'],,,ok
0001628280-24-000843,1501697,2024-01-08,['XFOR'],,,ok
0001628280-23-040050,1501697,2023-11-27,['XFOR'],,,ok
0001628280-23-035729,1501697,2023-10-31,['XFOR'],"April 30, 2024"," FDA granted Priority Review of the mavorixafor NDA and assigned a Prescription Drug User Fee Act (“PDUFA”) target date of April 30, 2024. A copy of the press release is filed as Exhibit 99.1 to this Current Report on Form 8-K and is inc",ok
0001628280-23-020502,1501697,2023-06-01,['XFOR'],,,ok
0001628280-23-018424,1501697,2023-05-16,['XFOR'],,,ok
0001628280-23-015714,1501697,2023-05-04,['XFOR'],,,ok
0001628280-23-008761,1501697,2023-03-21,['XFOR'],,,ok
0001628280-23-000455,1501697,2023-01-05,['XFOR'],,,ok
0001628280-22-030943,1501697,2022-11-29,['XFOR'],,,ok
0001628280-22-025971,1501697,2022-10-04,['XFOR'],,,ok
0001628280-22-025519,1501697,2022-09-27,['XFOR'],,,ok
0001628280-22-021240,1501697,2022-08-05,['XFOR'],,,ok
0001628280-22-016443,1501697,2022-06-07,['XFOR'],,,ok
0001628280-22-015040,1501697,2022-05-20,['XFOR'],,,ok
0001628280-22-013956,1501697,2022-05-12,['XFOR'],,,ok
0001628280-22-006482,1501697,2022-03-17,['XFOR'],,,ok
0001628280-22-001252,1501697,2022-01-25,['XFOR'],,,ok
0001628280-21-024958,1501697,2021-12-13,['XFOR'],,,ok
0001628280-21-023371,1501697,2021-11-15,['XFOR'],,,ok
0001628280-21-016075,1501697,2021-08-06,['XFOR'],,,ok
0001628280-21-013045,1501697,2021-06-28,['XFOR'],,,ok
0001628280-21-012055,1501697,2021-06-11,['XFOR'],,,ok
0001628280-21-011738,1501697,2021-06-07,['XFOR'],,,ok
0001628280-21-006737,1501697,2021-04-09,['XFOR'],,,ok
0001628280-21-000307,1501697,2021-01-08,['XFOR'],,,ok
0001628280-20-015597,1501697,2020-11-05,['XFOR'],,,ok
0001628280-20-010927,1501697,2020-07-30,['XFOR'],,,ok
0001104659-26-097526,1855644,2026-08-17,['ZURA'],,,ok
0001855644-26-000007,1855644,2026-08-11,['ZURA'],,,ok
0001104659-26-079538,1855644,2026-07-01,['ZURA'],,,ok
0001104659-26-075826,1855644,2026-06-18,['ZURA'],,,ok
0001628280-26-031701,1855644,2026-05-07,['ZURA'],,,ok
0001104659-26-032077,1855644,2026-03-19,"['JATT', 'ZURA']",,,ok
0001104659-26-025520,1855644,2026-03-10,"['JATT', 'ZURA']",,,ok
0001104659-26-019827,1855644,2026-02-26,"['JATT', 'ZURA']",,,ok
0001104659-26-012935,1855644,2026-02-11,"['JATT', 'ZURA']",,,ok
0001104659-26-002688,1855644,2026-01-12,"['JATT', 'ZURA']",,,ok
0001104659-25-087286,1855644,2025-09-04,"['JATT', 'ZURA']",,,ok
0001104659-25-056205,1855644,2025-06-04,"['JATT', 'ZURA']",,,ok
0001104659-25-027815,1855644,2025-03-25,"['JATT', 'ZURA']",,,ok
0001104659-25-002833,1855644,2025-01-13,"['JATT', 'ZURA']",,,ok
0001104659-24-098158,1855644,2024-09-09,"['JATT', 'ZURA']",,,ok
0001104659-24-089167,1855644,2024-08-14,"['JATT', 'ZURA', 'ZURAW']",,,ok
0001104659-24-050169,1855644,2024-04-23,"['JATT', 'ZURA', 'ZURAW']",,,ok
0001104659-24-032636,1855644,2024-03-11,"['JATT', 'ZURA', 'ZURAW']",,,ok
0001104659-24-003374,1855644,2024-01-11,"['JATT', 'ZURA', 'ZURAW']",,,ok
0001104659-23-111447,1855644,2023-10-25,"['JATT', 'ZURA', 'ZURAW']",,,ok
0001104659-23-084834,1855644,2023-07-27,"['JATT', 'ZURA', 'ZURAW']",,,ok
0001104659-23-071336,1855644,2023-06-15,"['JATT', 'ZURA', 'ZURAW']",,,ok
0001104659-23-050799,1855644,2023-04-27,"['JATT', 'ZURA', 'ZURAW']",,,ok
